comparison,kind,spec,seed,n,prec_y_in_x,prec_x_in_y,cov_x_by_y,cov_y_by_x
mrs-nsga2-apportion|aurus,cross,arbiter-aurus,0,22,0.7273,0.9545,0.3182,0.5455
mrs-nsga2-apportion|aurus,cross,arbiter-aurus,1,22,0.4545,0.7727,0.0909,0.2273
mrs-nsga2-apportion|aurus,ctrl_x,arbiter-aurus,0,22,0.9091,0.5909,0.6818,0.5455
mrs-nsga2-apportion|aurus,ctrl_y,arbiter-aurus,0,22,0.4545,0.9091,0.7727,0.7273
mrs-nsga2-apportion|aurus,cross,arbiter-aurus,2,32,0.875,0.625,0.5938,0.2188
mrs-nsga2-apportion|aurus,cross,arbiter-aurus,3,32,0.75,0.5,0.375,0.4062
mrs-nsga2-apportion|aurus,ctrl_x,arbiter-aurus,2,32,0.4688,0.5938,0.6562,0.375
mrs-nsga2-apportion|aurus,ctrl_y,arbiter-aurus,2,32,0.8125,0.8125,0.8438,0.6562
mrs-nsga2-apportion|aurus,cross,arbiter-aurus,4,31,0.5806,0.2903,0.2258,0.3548
mrs-nsga2-apportion|aurus,cross,arbiter-aurus,5,31,0.871,0.4839,0.5484,0.3226
mrs-nsga2-apportion|aurus,ctrl_x,arbiter-aurus,4,31,0.7097,0.8387,0.6452,0.8065
mrs-nsga2-apportion|aurus,ctrl_y,arbiter-aurus,4,31,0.5161,0.7097,0.6129,0.6452
mrs-nsga2-apportion|aurus,cross,arbiter-aurus,6,30,1.0,0.5667,0.6,0.3
mrs-nsga2-apportion|aurus,cross,arbiter-aurus,7,30,0.6333,0.8,0.4,0.5667
mrs-nsga2-apportion|aurus,ctrl_x,arbiter-aurus,6,30,0.9667,0.6,0.5333,0.1333
mrs-nsga2-apportion|aurus,ctrl_y,arbiter-aurus,6,30,0.9667,0.3333,0.5333,0.2333
mrs-nsga2-apportion|aurus,cross,arbiter-aurus,8,25,0.96,0.36,0.56,0.44
mrs-nsga2-apportion|aurus,cross,arbiter-aurus,9,25,0.52,0.6,0.56,0.36
mrs-nsga2-apportion|aurus,ctrl_x,arbiter-aurus,8,25,1.0,0.92,0.96,0.88
mrs-nsga2-apportion|aurus,ctrl_y,arbiter-aurus,8,25,0.52,0.92,0.48,0.8
mrs-nsga2-apportion|aurus,cross,arbiter-aurus,10,30,0.7667,0.8,0.3667,0.3
mrs-nsga2-apportion|aurus,cross,arbiter-aurus,11,30,0.8333,0.7667,0.4,0.3333
mrs-nsga2-apportion|aurus,ctrl_x,arbiter-aurus,10,30,0.6333,0.8667,0.6333,0.7
mrs-nsga2-apportion|aurus,ctrl_y,arbiter-aurus,10,30,0.8333,0.7,0.9,0.6
mrs-nsga2-apportion|aurus,cross,arbiter-aurus,12,33,0.697,0.7576,0.4545,0.2727
mrs-nsga2-apportion|aurus,cross,arbiter-aurus,13,33,0.7273,0.1515,0.3636,0.0303
mrs-nsga2-apportion|aurus,ctrl_x,arbiter-aurus,12,33,0.5455,0.697,0.5152,0.5758
mrs-nsga2-apportion|aurus,ctrl_y,arbiter-aurus,12,33,0.8182,0.5152,0.8182,0.4848
mrs-nsga2-apportion|aurus,cross,arbiter-aurus,14,25,0.84,0.56,0.52,0.56
mrs-nsga2-apportion|aurus,cross,arbiter-aurus,15,25,0.88,0.8,0.68,0.4
mrs-nsga2-apportion|aurus,ctrl_x,arbiter-aurus,14,25,0.64,0.72,0.48,0.4
mrs-nsga2-apportion|aurus,ctrl_y,arbiter-aurus,14,25,0.8,0.64,0.84,0.72
mrs-nsga2-apportion|aurus,cross,arbiter-aurus,16,33,0.697,0.3333,0.5152,0.303
mrs-nsga2-apportion|aurus,cross,arbiter-aurus,17,33,0.697,0.5152,0.4848,0.303
mrs-nsga2-apportion|aurus,ctrl_x,arbiter-aurus,16,33,0.5455,0.7576,0.4848,0.5455
mrs-nsga2-apportion|aurus,ctrl_y,arbiter-aurus,16,33,0.5758,0.697,0.5455,0.5152
mrs-nsga2-apportion|aurus,cross,arbiter-aurus,18,39,0.7179,0.8974,0.5128,0.4359
mrs-nsga2-apportion|aurus,cross,arbiter-aurus,19,39,0.7692,0.7179,0.5897,0.359
mrs-nsga2-apportion|aurus,ctrl_x,arbiter-aurus,18,39,0.5897,0.7949,0.5385,0.5128
mrs-nsga2-apportion|aurus,ctrl_y,arbiter-aurus,18,39,0.6923,0.8974,0.5385,0.7949
mrs-nsga2-apportion|aurus,cross,arbiter-aurus,20,27,0.7037,0.3704,0.7037,0.3333
mrs-nsga2-apportion|aurus,cross,arbiter-aurus,21,27,0.6667,0.8519,0.4815,0.5185
mrs-nsga2-apportion|aurus,ctrl_x,arbiter-aurus,20,27,0.7778,0.4074,0.7037,0.4444
mrs-nsga2-apportion|aurus,ctrl_y,arbiter-aurus,20,27,0.8889,0.8148,0.8519,0.7407
mrs-nsga2-apportion|aurus,cross,arbiter-aurus,22,21,0.5714,0.9048,0.2857,0.381
mrs-nsga2-apportion|aurus,cross,arbiter-aurus,23,21,0.7619,0.8571,0.3333,0.4286
mrs-nsga2-apportion|aurus,ctrl_x,arbiter-aurus,22,21,0.6667,0.9048,0.8095,0.9524
mrs-nsga2-apportion|aurus,ctrl_y,arbiter-aurus,22,21,0.9524,0.4286,0.6667,0.8095
mrs-nsga2-apportion|aurus,cross,arbiter-aurus,24,15,0.8667,0.8,0.5333,0.2667
mrs-nsga2-apportion|aurus,cross,arbiter-aurus,25,15,1.0,0.8667,0.3333,0.6
mrs-nsga2-apportion|aurus,ctrl_x,arbiter-aurus,24,15,0.6667,1.0,0.8,0.9333
mrs-nsga2-apportion|aurus,ctrl_y,arbiter-aurus,24,15,1.0,0.8,0.7333,0.5333
mrs-nsga2-apportion|aurus,cross,arbiter-aurus,26,41,0.5366,0.3171,0.3415,0.2439
mrs-nsga2-apportion|aurus,cross,arbiter-aurus,27,41,0.8537,0.7073,0.5122,0.3902
mrs-nsga2-apportion|aurus,ctrl_x,arbiter-aurus,26,41,0.6585,0.8537,0.6341,0.5122
mrs-nsga2-apportion|aurus,ctrl_y,arbiter-aurus,26,41,0.7317,0.6098,0.561,0.5854
mrs-nsga2-apportion|aurus,cross,arbiter-aurus,28,27,0.7037,0.6296,0.7778,0.4074
mrs-nsga2-apportion|aurus,cross,arbiter-aurus,29,27,0.7037,0.9259,0.3333,0.5926
mrs-nsga2-apportion|aurus,ctrl_x,arbiter-aurus,28,27,0.8519,0.7778,0.8889,0.7407
mrs-nsga2-apportion|aurus,ctrl_y,arbiter-aurus,28,27,0.7778,0.5926,1.0,0.4815
mrs-nsga2-apportion|aurus-nsga2-apportion,cross,arbiter-aurus,0,22,1.0,0.8636,0.6818,0.6818
mrs-nsga2-apportion|aurus-nsga2-apportion,cross,arbiter-aurus,1,22,0.3182,0.8636,0.3636,0.7273
mrs-nsga2-apportion|aurus-nsga2-apportion,ctrl_x,arbiter-aurus,0,22,0.9091,0.5909,0.6818,0.5455
mrs-nsga2-apportion|aurus-nsga2-apportion,ctrl_y,arbiter-aurus,0,22,0.9091,0.5909,0.9545,0.7273
mrs-nsga2-apportion|aurus-nsga2-apportion,cross,arbiter-aurus,2,37,0.5676,0.5676,0.4324,0.5676
mrs-nsga2-apportion|aurus-nsga2-apportion,cross,arbiter-aurus,3,37,0.6486,0.6486,0.6486,0.4865
mrs-nsga2-apportion|aurus-nsga2-apportion,ctrl_x,arbiter-aurus,2,37,0.5946,0.6216,0.6757,0.6216
mrs-nsga2-apportion|aurus-nsga2-apportion,ctrl_y,arbiter-aurus,2,37,0.5946,0.4865,0.3784,0.4324
mrs-nsga2-apportion|aurus-nsga2-apportion,cross,arbiter-aurus,4,28,0.5357,0.9643,0.7143,0.7143
mrs-nsga2-apportion|aurus-nsga2-apportion,cross,arbiter-aurus,5,28,0.7143,0.6429,0.8571,0.4643
mrs-nsga2-apportion|aurus-nsga2-apportion,ctrl_x,arbiter-aurus,4,28,0.75,0.75,0.6429,0.4643
mrs-nsga2-apportion|aurus-nsga2-apportion,ctrl_y,arbiter-aurus,4,28,0.9286,0.9286,0.5,0.8929
mrs-nsga2-apportion|aurus-nsga2-apportion,cross,arbiter-aurus,6,28,0.9643,0.8571,0.75,0.5714
mrs-nsga2-apportion|aurus-nsga2-apportion,cross,arbiter-aurus,7,28,0.75,0.8214,0.75,0.3929
mrs-nsga2-apportion|aurus-nsga2-apportion,ctrl_x,arbiter-aurus,6,28,1.0,0.1071,0.4643,0.2143
mrs-nsga2-apportion|aurus-nsga2-apportion,ctrl_y,arbiter-aurus,6,28,0.8214,0.8929,0.8214,0.7143
mrs-nsga2-apportion|aurus-nsga2-apportion,cross,arbiter-aurus,8,25,0.96,0.64,0.68,0.72
mrs-nsga2-apportion|aurus-nsga2-apportion,cross,arbiter-aurus,9,25,0.84,0.88,0.96,0.92
mrs-nsga2-apportion|aurus-nsga2-apportion,ctrl_x,arbiter-aurus,8,25,1.0,0.92,0.96,0.88
mrs-nsga2-apportion|aurus-nsga2-apportion,ctrl_y,arbiter-aurus,8,25,0.92,0.84,0.6,0.6
mrs-nsga2-apportion|aurus-nsga2-apportion,cross,arbiter-aurus,10,28,0.9286,0.6071,0.9286,0.75
mrs-nsga2-apportion|aurus-nsga2-apportion,cross,arbiter-aurus,11,28,0.7857,0.8571,0.75,0.7143
mrs-nsga2-apportion|aurus-nsga2-apportion,ctrl_x,arbiter-aurus,10,28,0.8214,0.7143,0.9286,0.6429
mrs-nsga2-apportion|aurus-nsga2-apportion,ctrl_y,arbiter-aurus,10,28,0.8571,0.7857,0.8929,0.8214
mrs-nsga2-apportion|aurus-nsga2-apportion,cross,arbiter-aurus,12,33,0.5455,0.8788,0.7576,0.6061
mrs-nsga2-apportion|aurus-nsga2-apportion,cross,arbiter-aurus,13,33,0.8485,0.5758,0.697,0.5152
mrs-nsga2-apportion|aurus-nsga2-apportion,ctrl_x,arbiter-aurus,12,33,0.5758,0.697,0.5152,0.5758
mrs-nsga2-apportion|aurus-nsga2-apportion,ctrl_y,arbiter-aurus,12,33,0.9697,0.8788,0.9091,0.697
mrs-nsga2-apportion|aurus-nsga2-apportion,cross,arbiter-aurus,14,25,0.36,0.88,0.52,0.6
mrs-nsga2-apportion|aurus-nsga2-apportion,cross,arbiter-aurus,15,25,0.84,0.72,0.52,0.2
mrs-nsga2-apportion|aurus-nsga2-apportion,ctrl_x,arbiter-aurus,14,25,0.64,0.72,0.48,0.4
mrs-nsga2-apportion|aurus-nsga2-apportion,ctrl_y,arbiter-aurus,14,25,0.88,0.92,0.36,0.6
mrs-nsga2-apportion|aurus-nsga2-apportion,cross,arbiter-aurus,16,21,0.9048,0.8095,0.9524,0.5238
mrs-nsga2-apportion|aurus-nsga2-apportion,cross,arbiter-aurus,17,21,0.5714,0.7143,0.5714,0.4762
mrs-nsga2-apportion|aurus-nsga2-apportion,ctrl_x,arbiter-aurus,16,21,0.8571,0.5714,0.5238,0.8571
mrs-nsga2-apportion|aurus-nsga2-apportion,ctrl_y,arbiter-aurus,16,21,0.9524,0.6667,0.7143,0.7619
mrs-nsga2-apportion|aurus-nsga2-apportion,cross,arbiter-aurus,18,24,0.9167,0.875,0.75,0.5
mrs-nsga2-apportion|aurus-nsga2-apportion,cross,arbiter-aurus,19,24,0.9167,0.9167,0.7083,0.7917
mrs-nsga2-apportion|aurus-nsga2-apportion,ctrl_x,arbiter-aurus,18,24,0.9583,0.875,0.5833,0.625
mrs-nsga2-apportion|aurus-nsga2-apportion,ctrl_y,arbiter-aurus,18,24,0.9583,0.8333,0.625,0.5833
mrs-nsga2-apportion|aurus-nsga2-apportion,cross,arbiter-aurus,20,14,1.0,0.7857,0.7857,0.5
mrs-nsga2-apportion|aurus-nsga2-apportion,cross,arbiter-aurus,21,14,0.7143,1.0,0.5714,0.9286
mrs-nsga2-apportion|aurus-nsga2-apportion,ctrl_x,arbiter-aurus,20,14,0.9286,0.7143,0.9286,0.5714
mrs-nsga2-apportion|aurus-nsga2-apportion,ctrl_y,arbiter-aurus,20,14,1.0,0.7857,0.7143,0.4286
mrs-nsga2-apportion|aurus-nsga2-apportion,cross,arbiter-aurus,22,16,0.5625,0.875,0.9375,0.9375
mrs-nsga2-apportion|aurus-nsga2-apportion,cross,arbiter-aurus,23,16,0.8125,0.9375,0.5625,0.9375
mrs-nsga2-apportion|aurus-nsga2-apportion,ctrl_x,arbiter-aurus,22,16,0.4375,0.9375,0.75,1.0
mrs-nsga2-apportion|aurus-nsga2-apportion,ctrl_y,arbiter-aurus,22,16,0.875,0.8125,0.8125,0.625
mrs-nsga2-apportion|aurus-nsga2-apportion,cross,arbiter-aurus,24,15,0.6,0.7333,0.5333,0.7333
mrs-nsga2-apportion|aurus-nsga2-apportion,cross,arbiter-aurus,25,15,0.8667,1.0,0.3333,0.5333
mrs-nsga2-apportion|aurus-nsga2-apportion,ctrl_x,arbiter-aurus,24,15,0.6667,1.0,0.8,0.9333
mrs-nsga2-apportion|aurus-nsga2-apportion,ctrl_y,arbiter-aurus,24,15,0.8667,0.8667,0.9333,0.9333
mrs-nsga2-apportion|aurus-nsga2-apportion,cross,arbiter-aurus,26,14,0.7857,0.8571,1.0,0.9286
mrs-nsga2-apportion|aurus-nsga2-apportion,cross,arbiter-aurus,27,14,0.7857,0.8571,0.8571,0.7857
mrs-nsga2-apportion|aurus-nsga2-apportion,ctrl_x,arbiter-aurus,26,14,0.6429,0.8571,1.0,1.0
mrs-nsga2-apportion|aurus-nsga2-apportion,ctrl_y,arbiter-aurus,26,14,1.0,0.7857,1.0,0.7857
mrs-nsga2-apportion|aurus-nsga2-apportion,cross,arbiter-aurus,28,33,0.9091,0.697,0.697,0.4242
mrs-nsga2-apportion|aurus-nsga2-apportion,cross,arbiter-aurus,29,33,0.5152,0.8485,0.6061,0.697
mrs-nsga2-apportion|aurus-nsga2-apportion,ctrl_x,arbiter-aurus,28,33,0.7879,0.6364,0.8182,0.6364
mrs-nsga2-apportion|aurus-nsga2-apportion,ctrl_y,arbiter-aurus,28,33,0.8788,0.6364,0.6061,0.4242
mrs-nsga2-apportion|mrs-weighted,cross,arbiter-aurus,0,22,0.8182,0.9545,0.5909,0.4091
mrs-nsga2-apportion|mrs-weighted,cross,arbiter-aurus,1,22,0.6818,0.9545,0.5455,0.7727
mrs-nsga2-apportion|mrs-weighted,ctrl_x,arbiter-aurus,0,22,0.9091,0.5909,0.6818,0.5455
mrs-nsga2-apportion|mrs-weighted,ctrl_y,arbiter-aurus,0,22,0.9545,0.6818,1.0,0.5455
mrs-nsga2-apportion|mrs-weighted,cross,arbiter-aurus,2,38,0.6053,0.8947,0.4474,0.7368
mrs-nsga2-apportion|mrs-weighted,cross,arbiter-aurus,3,38,0.8684,0.8947,0.5,0.5
mrs-nsga2-apportion|mrs-weighted,ctrl_x,arbiter-aurus,2,38,0.5789,0.6579,0.6053,0.4474
mrs-nsga2-apportion|mrs-weighted,ctrl_y,arbiter-aurus,2,38,0.7368,0.9737,0.2895,0.6316
mrs-nsga2-apportion|mrs-weighted,cross,arbiter-aurus,4,39,0.6923,0.8974,0.359,0.2821
mrs-nsga2-apportion|mrs-weighted,cross,arbiter-aurus,5,39,0.7692,0.7692,0.6154,0.7436
mrs-nsga2-apportion|mrs-weighted,ctrl_x,arbiter-aurus,4,39,0.7692,0.8205,0.5897,0.641
mrs-nsga2-apportion|mrs-weighted,ctrl_y,arbiter-aurus,4,39,0.8205,0.7179,0.6667,0.6154
mrs-nsga2-apportion|mrs-weighted,cross,arbiter-aurus,6,30,0.9333,0.8667,0.6,0.4
mrs-nsga2-apportion|mrs-weighted,cross,arbiter-aurus,7,30,0.9,0.4667,0.5333,0.5333
mrs-nsga2-apportion|mrs-weighted,ctrl_x,arbiter-aurus,6,30,0.9667,0.6,0.5333,0.1333
mrs-nsga2-apportion|mrs-weighted,ctrl_y,arbiter-aurus,6,30,0.6667,0.3,0.3,0.5
mrs-nsga2-apportion|mrs-weighted,cross,arbiter-aurus,8,25,0.76,0.72,0.48,0.12
mrs-nsga2-apportion|mrs-weighted,cross,arbiter-aurus,9,25,0.8,0.92,0.76,0.6
mrs-nsga2-apportion|mrs-weighted,ctrl_x,arbiter-aurus,8,25,1.0,0.92,0.96,0.88
mrs-nsga2-apportion|mrs-weighted,ctrl_y,arbiter-aurus,8,25,0.8,0.92,0.48,0.56
mrs-nsga2-apportion|mrs-weighted,cross,arbiter-aurus,10,32,0.6562,0.5312,0.7188,0.5
mrs-nsga2-apportion|mrs-weighted,cross,arbiter-aurus,11,32,0.8125,0.9062,0.5312,0.75
mrs-nsga2-apportion|mrs-weighted,ctrl_x,arbiter-aurus,10,32,0.75,0.8125,0.75,0.7188
mrs-nsga2-apportion|mrs-weighted,ctrl_y,arbiter-aurus,10,32,0.8438,0.8125,0.6875,0.7188
mrs-nsga2-apportion|mrs-weighted,cross,arbiter-aurus,12,33,0.7576,0.9394,0.4848,0.8485
mrs-nsga2-apportion|mrs-weighted,cross,arbiter-aurus,13,33,0.6667,0.4545,0.5455,0.2121
mrs-nsga2-apportion|mrs-weighted,ctrl_x,arbiter-aurus,12,33,0.5455,0.697,0.5152,0.5758
mrs-nsga2-apportion|mrs-weighted,ctrl_y,arbiter-aurus,12,33,0.6364,0.8788,0.3636,0.7273
mrs-nsga2-apportion|mrs-weighted,cross,arbiter-aurus,14,39,0.6923,0.8718,0.3846,0.6667
mrs-nsga2-apportion|mrs-weighted,cross,arbiter-aurus,15,39,0.8462,0.8462,0.5641,0.7179
mrs-nsga2-apportion|mrs-weighted,ctrl_x,arbiter-aurus,14,39,0.6667,0.7436,0.3333,0.4103
mrs-nsga2-apportion|mrs-weighted,ctrl_y,arbiter-aurus,14,39,0.6667,0.7436,0.4359,0.7179
mrs-nsga2-apportion|mrs-weighted,cross,arbiter-aurus,16,33,0.8182,0.8182,0.5758,0.6667
mrs-nsga2-apportion|mrs-weighted,cross,arbiter-aurus,17,33,0.4848,0.7273,0.4848,0.4242
mrs-nsga2-apportion|mrs-weighted,ctrl_x,arbiter-aurus,16,33,0.5455,0.7576,0.4848,0.5455
mrs-nsga2-apportion|mrs-weighted,ctrl_y,arbiter-aurus,16,33,0.9697,0.8182,0.697,0.4242
mrs-nsga2-apportion|mrs-weighted,cross,arbiter-aurus,18,39,0.6923,0.9744,0.5128,0.9231
mrs-nsga2-apportion|mrs-weighted,cross,arbiter-aurus,19,39,0.7179,0.8205,0.4103,0.4103
mrs-nsga2-apportion|mrs-weighted,ctrl_x,arbiter-aurus,18,39,0.5641,0.6154,0.5385,0.4872
mrs-nsga2-apportion|mrs-weighted,ctrl_y,arbiter-aurus,18,39,0.8205,0.9487,0.4872,0.5128
mrs-nsga2-apportion|mrs-weighted,cross,arbiter-aurus,20,40,0.65,0.6,0.675,0.55
mrs-nsga2-apportion|mrs-weighted,cross,arbiter-aurus,21,40,0.475,0.975,0.35,0.725
mrs-nsga2-apportion|mrs-weighted,ctrl_x,arbiter-aurus,20,40,0.875,0.525,0.9,0.525
mrs-nsga2-apportion|mrs-weighted,ctrl_y,arbiter-aurus,20,40,0.675,0.9,0.7,0.6
mrs-nsga2-apportion|mrs-weighted,cross,arbiter-aurus,22,21,0.8095,0.7619,0.6667,0.9048
mrs-nsga2-apportion|mrs-weighted,cross,arbiter-aurus,23,21,0.7619,0.4286,0.4286,0.4286
mrs-nsga2-apportion|mrs-weighted,ctrl_x,arbiter-aurus,22,21,0.6667,0.9048,0.8095,0.9524
mrs-nsga2-apportion|mrs-weighted,ctrl_y,arbiter-aurus,22,21,0.619,0.7619,0.7143,1.0
mrs-nsga2-apportion|mrs-weighted,cross,arbiter-aurus,24,15,0.7333,0.9333,0.8667,0.7333
mrs-nsga2-apportion|mrs-weighted,cross,arbiter-aurus,25,15,1.0,0.8667,0.4,0.4667
mrs-nsga2-apportion|mrs-weighted,ctrl_x,arbiter-aurus,24,15,0.6667,1.0,0.8,0.9333
mrs-nsga2-apportion|mrs-weighted,ctrl_y,arbiter-aurus,24,15,0.9333,0.5333,0.8667,0.6667
mrs-nsga2-apportion|mrs-weighted,cross,arbiter-aurus,26,42,0.5,0.3095,0.1905,0.4286
mrs-nsga2-apportion|mrs-weighted,cross,arbiter-aurus,27,42,0.5476,0.7143,0.4762,0.5714
mrs-nsga2-apportion|mrs-weighted,ctrl_x,arbiter-aurus,26,42,0.8095,0.8571,0.7143,0.5714
mrs-nsga2-apportion|mrs-weighted,ctrl_y,arbiter-aurus,26,42,0.4286,0.8333,0.5476,0.5952
mrs-nsga2-apportion|mrs-weighted,cross,arbiter-aurus,28,37,0.8919,0.6216,0.7568,0.7297
mrs-nsga2-apportion|mrs-weighted,cross,arbiter-aurus,29,37,0.1622,0.8378,0.3514,0.7297
mrs-nsga2-apportion|mrs-weighted,ctrl_x,arbiter-aurus,28,37,0.7568,0.6486,0.8378,0.6216
mrs-nsga2-apportion|mrs-weighted,ctrl_y,arbiter-aurus,28,37,0.9189,0.5135,0.7568,0.8649
aurus-nsga2-apportion|aurus,cross,arbiter-aurus,0,26,0.7692,0.8077,0.8462,0.8846
aurus-nsga2-apportion|aurus,cross,arbiter-aurus,1,26,0.8846,0.2308,0.4231,0.1923
aurus-nsga2-apportion|aurus,ctrl_x,arbiter-aurus,0,26,0.9615,0.6538,0.8846,0.6538
aurus-nsga2-apportion|aurus,ctrl_y,arbiter-aurus,0,26,0.5,0.8077,0.5,0.6923
aurus-nsga2-apportion|aurus,cross,arbiter-aurus,2,32,0.8438,0.6562,0.8125,0.25
aurus-nsga2-apportion|aurus,cross,arbiter-aurus,3,32,0.4375,0.7188,0.375,0.375
aurus-nsga2-apportion|aurus,ctrl_x,arbiter-aurus,2,32,0.875,0.6562,0.5625,0.5312
aurus-nsga2-apportion|aurus,ctrl_y,arbiter-aurus,2,32,0.8125,0.8125,0.8438,0.6562
aurus-nsga2-apportion|aurus,cross,arbiter-aurus,4,28,0.9643,0.75,0.3929,0.25
aurus-nsga2-apportion|aurus,cross,arbiter-aurus,5,28,0.8214,0.5357,0.4286,0.2857
aurus-nsga2-apportion|aurus,ctrl_x,arbiter-aurus,4,28,0.9286,0.8929,0.4643,0.8571
aurus-nsga2-apportion|aurus,ctrl_y,arbiter-aurus,4,28,0.4286,0.6429,0.4643,0.6429
aurus-nsga2-apportion|aurus,cross,arbiter-aurus,6,28,0.8214,0.75,0.4286,0.3929
aurus-nsga2-apportion|aurus,cross,arbiter-aurus,7,28,0.25,0.5357,0.2857,0.6429
aurus-nsga2-apportion|aurus,ctrl_x,arbiter-aurus,6,28,0.8571,0.8929,0.8214,0.6786
aurus-nsga2-apportion|aurus,ctrl_y,arbiter-aurus,6,28,0.7857,0.3929,0.5,0.2143
aurus-nsga2-apportion|aurus,cross,arbiter-aurus,8,28,0.6429,0.5,0.4286,0.3571
aurus-nsga2-apportion|aurus,cross,arbiter-aurus,9,28,0.9286,0.2143,0.4286,0.1429
aurus-nsga2-apportion|aurus,ctrl_x,arbiter-aurus,8,28,0.7143,0.5357,0.6071,0.5357
aurus-nsga2-apportion|aurus,ctrl_y,arbiter-aurus,8,28,0.5714,0.9286,0.3929,0.6071
aurus-nsga2-apportion|aurus,cross,arbiter-aurus,10,28,0.7857,0.6429,0.5714,0.3929
aurus-nsga2-apportion|aurus,cross,arbiter-aurus,11,28,0.8929,0.9286,0.4643,0.75
aurus-nsga2-apportion|aurus,ctrl_x,arbiter-aurus,10,28,0.8929,0.7143,0.8214,0.8214
aurus-nsga2-apportion|aurus,ctrl_y,arbiter-aurus,10,28,0.75,0.5714,0.7143,0.4643
aurus-nsga2-apportion|aurus,cross,arbiter-aurus,12,33,0.8788,0.5152,0.5758,0.2424
aurus-nsga2-apportion|aurus,cross,arbiter-aurus,13,33,0.5152,0.3636,0.3333,0.1818
aurus-nsga2-apportion|aurus,ctrl_x,arbiter-aurus,12,33,0.9697,0.9091,0.8788,0.697
aurus-nsga2-apportion|aurus,ctrl_y,arbiter-aurus,12,33,0.8182,0.5152,0.8182,0.4848
aurus-nsga2-apportion|aurus,cross,arbiter-aurus,14,25,0.8,0.52,0.28,0.44
aurus-nsga2-apportion|aurus,cross,arbiter-aurus,15,25,0.8,0.48,0.52,0.36
aurus-nsga2-apportion|aurus,ctrl_x,arbiter-aurus,14,25,0.84,0.92,0.44,0.6
aurus-nsga2-apportion|aurus,ctrl_y,arbiter-aurus,14,25,0.88,0.44,0.88,0.64
aurus-nsga2-apportion|aurus,cross,arbiter-aurus,16,21,0.6667,0.5714,0.619,0.619
aurus-nsga2-apportion|aurus,cross,arbiter-aurus,17,21,0.8571,0.619,0.4286,0.4286
aurus-nsga2-apportion|aurus,ctrl_x,arbiter-aurus,16,21,0.9524,0.6667,0.7143,0.7619
aurus-nsga2-apportion|aurus,ctrl_y,arbiter-aurus,16,21,0.7143,0.5714,0.9048,0.6667
aurus-nsga2-apportion|aurus,cross,arbiter-aurus,18,24,0.7917,0.7083,0.625,0.3333
aurus-nsga2-apportion|aurus,cross,arbiter-aurus,19,24,0.75,0.7917,0.25,0.2083
aurus-nsga2-apportion|aurus,ctrl_x,arbiter-aurus,18,24,0.9167,0.7917,0.625,0.5833
aurus-nsga2-apportion|aurus,ctrl_y,arbiter-aurus,18,24,0.75,0.8333,0.7083,0.75
aurus-nsga2-apportion|aurus,cross,arbiter-aurus,20,14,1.0,0.3571,0.5714,0.2857
aurus-nsga2-apportion|aurus,cross,arbiter-aurus,21,14,0.8571,1.0,0.1429,0.6429
aurus-nsga2-apportion|aurus,ctrl_x,arbiter-aurus,20,14,0.9286,0.7143,0.9286,0.4286
aurus-nsga2-apportion|aurus,ctrl_y,arbiter-aurus,20,14,0.6429,0.9286,1.0,1.0
aurus-nsga2-apportion|aurus,cross,arbiter-aurus,22,16,0.3125,0.9375,0.375,0.8125
aurus-nsga2-apportion|aurus,cross,arbiter-aurus,23,16,0.625,0.75,0.625,0.5
aurus-nsga2-apportion|aurus,ctrl_x,arbiter-aurus,22,16,0.8125,0.8125,0.8125,0.625
aurus-nsga2-apportion|aurus,ctrl_y,arbiter-aurus,22,16,0.9375,0.875,0.625,0.4375
aurus-nsga2-apportion|aurus,cross,arbiter-aurus,24,24,0.875,0.3333,0.5417,0.2083
aurus-nsga2-apportion|aurus,cross,arbiter-aurus,25,24,0.9583,0.6667,0.7917,0.375
aurus-nsga2-apportion|aurus,ctrl_x,arbiter-aurus,24,24,0.6667,0.875,0.9167,0.9167
aurus-nsga2-apportion|aurus,ctrl_y,arbiter-aurus,24,24,0.8333,0.75,0.8333,0.9167
aurus-nsga2-apportion|aurus,cross,arbiter-aurus,26,14,0.9286,0.5714,0.7143,0.4286
aurus-nsga2-apportion|aurus,cross,arbiter-aurus,27,14,0.9286,0.7143,0.9286,0.6429
aurus-nsga2-apportion|aurus,ctrl_x,arbiter-aurus,26,14,1.0,0.5714,1.0,0.7857
aurus-nsga2-apportion|aurus,ctrl_y,arbiter-aurus,26,14,0.9286,0.5,0.5714,0.5714
aurus-nsga2-apportion|aurus,cross,arbiter-aurus,28,27,0.9259,0.7778,0.5185,0.4815
aurus-nsga2-apportion|aurus,cross,arbiter-aurus,29,27,0.7778,0.7778,0.1852,0.1481
aurus-nsga2-apportion|aurus,ctrl_x,arbiter-aurus,28,27,0.8519,0.7037,0.7778,0.4815
aurus-nsga2-apportion|aurus,ctrl_y,arbiter-aurus,28,27,0.7778,0.5926,1.0,0.4815
mrs-nsga2-apportion|aurus,cross,detector-aurus,0,10,1.0,0.8,0.8,0.8
mrs-nsga2-apportion|aurus,cross,detector-aurus,1,10,0.9,0.6,0.9,0.7
mrs-nsga2-apportion|aurus,ctrl_x,detector-aurus,0,10,1.0,1.0,1.0,1.0
mrs-nsga2-apportion|aurus,ctrl_y,detector-aurus,0,10,0.9,1.0,0.4,1.0
mrs-nsga2-apportion|aurus,cross,detector-aurus,2,17,1.0,0.8235,0.5294,0.8824
mrs-nsga2-apportion|aurus,cross,detector-aurus,3,17,1.0,0.8235,0.4706,0.4118
mrs-nsga2-apportion|aurus,ctrl_x,detector-aurus,2,17,0.5294,0.8824,0.6471,0.6471
mrs-nsga2-apportion|aurus,ctrl_y,detector-aurus,2,17,0.9412,0.8824,0.6471,0.9412
mrs-nsga2-apportion|aurus,cross,detector-aurus,4,16,0.875,0.6875,1.0,0.9375
mrs-nsga2-apportion|aurus,cross,detector-aurus,5,16,0.5,0.875,0.6875,1.0
mrs-nsga2-apportion|aurus,ctrl_x,detector-aurus,4,16,0.875,0.6875,0.9375,1.0
mrs-nsga2-apportion|aurus,ctrl_y,detector-aurus,4,16,1.0,0.6875,1.0,0.75
mrs-nsga2-apportion|aurus,cross,detector-aurus,6,20,0.8,0.7,1.0,0.8
mrs-nsga2-apportion|aurus,cross,detector-aurus,7,20,0.9,0.75,0.8,0.65
mrs-nsga2-apportion|aurus,ctrl_x,detector-aurus,6,20,0.8,0.9,1.0,0.95
mrs-nsga2-apportion|aurus,ctrl_y,detector-aurus,6,20,0.8,0.9,1.0,0.7
mrs-nsga2-apportion|aurus,cross,detector-aurus,8,12,0.8333,0.9167,1.0,0.8333
mrs-nsga2-apportion|aurus,cross,detector-aurus,9,12,0.9167,0.9167,0.9167,1.0
mrs-nsga2-apportion|aurus,ctrl_x,detector-aurus,8,12,1.0,0.75,1.0,0.6667
mrs-nsga2-apportion|aurus,ctrl_y,detector-aurus,8,12,0.8333,1.0,0.6667,0.8333
mrs-nsga2-apportion|aurus,cross,detector-aurus,10,9,1.0,0.8889,1.0,1.0
mrs-nsga2-apportion|aurus,cross,detector-aurus,11,9,1.0,0.1111,0.3333,0.1111
mrs-nsga2-apportion|aurus,ctrl_x,detector-aurus,10,9,0.8889,1.0,1.0,1.0
mrs-nsga2-apportion|aurus,ctrl_y,detector-aurus,10,9,1.0,1.0,1.0,1.0
mrs-nsga2-apportion|aurus,cross,detector-aurus,12,8,0.875,0.75,0.125,0.125
mrs-nsga2-apportion|aurus,cross,detector-aurus,13,8,1.0,0.75,0.875,0.5
mrs-nsga2-apportion|aurus,ctrl_x,detector-aurus,12,8,0.75,1.0,0.875,1.0
mrs-nsga2-apportion|aurus,ctrl_y,detector-aurus,12,8,1.0,0.875,0.875,1.0
mrs-nsga2-apportion|aurus,cross,detector-aurus,14,11,1.0,0.7273,0.9091,0.1818
mrs-nsga2-apportion|aurus,cross,detector-aurus,15,11,0.5455,0.8182,0.5455,0.5455
mrs-nsga2-apportion|aurus,ctrl_x,detector-aurus,14,11,1.0,0.6364,1.0,0.9091
mrs-nsga2-apportion|aurus,ctrl_y,detector-aurus,14,11,1.0,1.0,0.8182,1.0
mrs-nsga2-apportion|aurus,cross,detector-aurus,16,8,1.0,1.0,1.0,1.0
mrs-nsga2-apportion|aurus,cross,detector-aurus,17,8,1.0,0.625,1.0,1.0
mrs-nsga2-apportion|aurus,ctrl_x,detector-aurus,16,8,0.875,1.0,1.0,0.75
mrs-nsga2-apportion|aurus,ctrl_y,detector-aurus,16,8,0.875,0.875,1.0,0.875
mrs-nsga2-apportion|aurus,cross,detector-aurus,18,11,0.9091,0.8182,1.0,0.9091
mrs-nsga2-apportion|aurus,cross,detector-aurus,19,11,0.9091,0.8182,0.5455,0.8182
mrs-nsga2-apportion|aurus,ctrl_x,detector-aurus,18,11,0.7273,0.7273,0.9091,0.9091
mrs-nsga2-apportion|aurus,ctrl_y,detector-aurus,18,11,1.0,1.0,0.9091,0.9091
mrs-nsga2-apportion|aurus,cross,detector-aurus,20,11,0.6364,0.6364,0.8182,0.5455
mrs-nsga2-apportion|aurus,cross,detector-aurus,21,11,0.6364,0.8182,0.6364,0.7273
mrs-nsga2-apportion|aurus,ctrl_x,detector-aurus,20,11,1.0,0.7273,0.9091,0.8182
mrs-nsga2-apportion|aurus,ctrl_y,detector-aurus,20,11,1.0,0.9091,1.0,1.0
mrs-nsga2-apportion|aurus,cross,detector-aurus,22,12,1.0,0.75,0.8333,0.75
mrs-nsga2-apportion|aurus,cross,detector-aurus,23,12,0.5,0.9167,0.6667,0.8333
mrs-nsga2-apportion|aurus,ctrl_x,detector-aurus,22,12,1.0,1.0,0.9167,1.0
mrs-nsga2-apportion|aurus,ctrl_y,detector-aurus,22,12,0.75,1.0,0.4167,0.75
mrs-nsga2-apportion|aurus,cross,detector-aurus,24,22,0.7727,0.6364,0.7273,0.8636
mrs-nsga2-apportion|aurus,cross,detector-aurus,25,22,0.9091,0.3636,0.7273,0.4545
mrs-nsga2-apportion|aurus,ctrl_x,detector-aurus,24,22,0.6818,0.9545,0.5909,0.7727
mrs-nsga2-apportion|aurus,ctrl_y,detector-aurus,24,22,0.7727,0.8636,0.8636,0.9545
mrs-nsga2-apportion|aurus,cross,detector-aurus,26,12,1.0,0.5833,0.75,1.0
mrs-nsga2-apportion|aurus,cross,detector-aurus,27,12,0.9167,1.0,1.0,0.4167
mrs-nsga2-apportion|aurus,ctrl_x,detector-aurus,26,12,1.0,1.0,1.0,1.0
mrs-nsga2-apportion|aurus,ctrl_y,detector-aurus,26,12,0.9167,0.75,0.8333,0.9167
mrs-nsga2-apportion|aurus,cross,detector-aurus,28,15,0.9333,0.7333,1.0,1.0
mrs-nsga2-apportion|aurus,cross,detector-aurus,29,15,0.9333,0.7333,1.0,0.6
mrs-nsga2-apportion|aurus,ctrl_x,detector-aurus,28,15,0.8667,1.0,0.9333,1.0
mrs-nsga2-apportion|aurus,ctrl_y,detector-aurus,28,15,0.8,0.6,0.9333,0.9333
mrs-nsga2-apportion|aurus-nsga2-apportion,cross,detector-aurus,0,6,1.0,1.0,1.0,1.0
mrs-nsga2-apportion|aurus-nsga2-apportion,cross,detector-aurus,1,6,1.0,1.0,1.0,1.0
mrs-nsga2-apportion|aurus-nsga2-apportion,ctrl_x,detector-aurus,0,6,1.0,1.0,1.0,1.0
mrs-nsga2-apportion|aurus-nsga2-apportion,ctrl_y,detector-aurus,0,6,1.0,1.0,1.0,1.0
mrs-nsga2-apportion|aurus-nsga2-apportion,cross,detector-aurus,2,7,0.8571,1.0,0.8571,1.0
mrs-nsga2-apportion|aurus-nsga2-apportion,cross,detector-aurus,3,7,1.0,1.0,1.0,1.0
mrs-nsga2-apportion|aurus-nsga2-apportion,ctrl_x,detector-aurus,2,7,0.2857,1.0,0.7143,0.5714
mrs-nsga2-apportion|aurus-nsga2-apportion,ctrl_y,detector-aurus,2,7,0.8571,1.0,1.0,1.0
mrs-nsga2-apportion|aurus-nsga2-apportion,cross,detector-aurus,4,20,0.95,0.85,0.95,1.0
mrs-nsga2-apportion|aurus-nsga2-apportion,cross,detector-aurus,5,20,0.85,0.6,0.9,0.9
mrs-nsga2-apportion|aurus-nsga2-apportion,ctrl_x,detector-aurus,4,20,0.85,0.75,0.85,0.9
mrs-nsga2-apportion|aurus-nsga2-apportion,ctrl_y,detector-aurus,4,20,0.9,0.8,0.8,0.8
mrs-nsga2-apportion|aurus-nsga2-apportion,cross,detector-aurus,6,14,0.8571,0.9286,1.0,0.9286
mrs-nsga2-apportion|aurus-nsga2-apportion,cross,detector-aurus,7,14,0.8571,0.9286,0.8571,0.9286
mrs-nsga2-apportion|aurus-nsga2-apportion,ctrl_x,detector-aurus,6,14,0.7143,0.7143,0.7857,1.0
mrs-nsga2-apportion|aurus-nsga2-apportion,ctrl_y,detector-aurus,6,14,1.0,0.6429,0.6429,0.7857
mrs-nsga2-apportion|aurus-nsga2-apportion,cross,detector-aurus,8,11,0.9091,0.9091,0.4545,0.6364
mrs-nsga2-apportion|aurus-nsga2-apportion,cross,detector-aurus,9,11,0.7273,1.0,0.4545,1.0
mrs-nsga2-apportion|aurus-nsga2-apportion,ctrl_x,detector-aurus,8,11,1.0,0.5455,1.0,1.0
mrs-nsga2-apportion|aurus-nsga2-apportion,ctrl_y,detector-aurus,8,11,1.0,0.9091,0.4545,0.8182
mrs-nsga2-apportion|aurus-nsga2-apportion,cross,detector-aurus,10,9,0.6667,1.0,0.6667,1.0
mrs-nsga2-apportion|aurus-nsga2-apportion,cross,detector-aurus,11,9,1.0,0.7778,0.8889,1.0
mrs-nsga2-apportion|aurus-nsga2-apportion,ctrl_x,detector-aurus,10,9,0.8889,1.0,1.0,1.0
mrs-nsga2-apportion|aurus-nsga2-apportion,ctrl_y,detector-aurus,10,9,0.6667,1.0,0.5556,0.8889
mrs-nsga2-apportion|aurus-nsga2-apportion,cross,detector-aurus,12,12,1.0,0.8333,1.0,0.75
mrs-nsga2-apportion|aurus-nsga2-apportion,cross,detector-aurus,13,12,0.8333,1.0,0.8333,0.9167
mrs-nsga2-apportion|aurus-nsga2-apportion,ctrl_x,detector-aurus,12,12,1.0,0.8333,0.9167,0.9167
mrs-nsga2-apportion|aurus-nsga2-apportion,ctrl_y,detector-aurus,12,12,1.0,1.0,1.0,0.9167
mrs-nsga2-apportion|aurus-nsga2-apportion,cross,detector-aurus,14,32,0.9375,0.9375,0.8438,0.9375
mrs-nsga2-apportion|aurus-nsga2-apportion,cross,detector-aurus,15,32,0.8125,0.9062,0.8125,0.9688
mrs-nsga2-apportion|aurus-nsga2-apportion,ctrl_x,detector-aurus,14,32,0.875,0.875,0.8438,0.75
mrs-nsga2-apportion|aurus-nsga2-apportion,ctrl_y,detector-aurus,14,32,0.9375,0.9062,0.7188,0.7812
mrs-nsga2-apportion|aurus-nsga2-apportion,cross,detector-aurus,16,8,1.0,1.0,1.0,1.0
mrs-nsga2-apportion|aurus-nsga2-apportion,cross,detector-aurus,17,8,1.0,0.875,1.0,1.0
mrs-nsga2-apportion|aurus-nsga2-apportion,ctrl_x,detector-aurus,16,8,0.875,1.0,1.0,0.75
mrs-nsga2-apportion|aurus-nsga2-apportion,ctrl_y,detector-aurus,16,8,0.875,1.0,1.0,1.0
mrs-nsga2-apportion|aurus-nsga2-apportion,cross,detector-aurus,18,11,1.0,0.8182,1.0,0.4545
mrs-nsga2-apportion|aurus-nsga2-apportion,cross,detector-aurus,19,11,0.7273,0.9091,0.5455,1.0
mrs-nsga2-apportion|aurus-nsga2-apportion,ctrl_x,detector-aurus,18,11,0.7273,0.7273,0.9091,0.9091
mrs-nsga2-apportion|aurus-nsga2-apportion,ctrl_y,detector-aurus,18,11,0.9091,0.6364,1.0,0.5455
mrs-nsga2-apportion|aurus-nsga2-apportion,cross,detector-aurus,20,14,0.5,0.7857,0.7857,0.7857
mrs-nsga2-apportion|aurus-nsga2-apportion,cross,detector-aurus,21,14,0.7857,1.0,0.8571,1.0
mrs-nsga2-apportion|aurus-nsga2-apportion,ctrl_x,detector-aurus,20,14,0.7143,1.0,0.8571,0.7857
mrs-nsga2-apportion|aurus-nsga2-apportion,ctrl_y,detector-aurus,20,14,1.0,0.9286,0.8571,0.9286
mrs-nsga2-apportion|aurus-nsga2-apportion,cross,detector-aurus,22,21,0.9524,0.8571,0.8095,0.7619
mrs-nsga2-apportion|aurus-nsga2-apportion,cross,detector-aurus,23,21,0.8571,0.9048,0.7143,1.0
mrs-nsga2-apportion|aurus-nsga2-apportion,ctrl_x,detector-aurus,22,21,1.0,0.9048,1.0,0.9524
mrs-nsga2-apportion|aurus-nsga2-apportion,ctrl_y,detector-aurus,22,21,0.9048,0.9524,0.9048,0.9524
mrs-nsga2-apportion|aurus-nsga2-apportion,cross,detector-aurus,24,17,0.7059,0.8235,0.8235,1.0
mrs-nsga2-apportion|aurus-nsga2-apportion,cross,detector-aurus,25,17,0.9412,0.8824,0.5294,0.6471
mrs-nsga2-apportion|aurus-nsga2-apportion,ctrl_x,detector-aurus,24,17,0.7647,1.0,0.8824,0.8824
mrs-nsga2-apportion|aurus-nsga2-apportion,ctrl_y,detector-aurus,24,17,1.0,0.6471,0.8824,0.5882
mrs-nsga2-apportion|aurus-nsga2-apportion,cross,detector-aurus,26,12,1.0,1.0,1.0,1.0
mrs-nsga2-apportion|aurus-nsga2-apportion,cross,detector-aurus,27,12,0.9167,0.8333,0.5833,0.25
mrs-nsga2-apportion|aurus-nsga2-apportion,ctrl_x,detector-aurus,26,12,1.0,1.0,1.0,1.0
mrs-nsga2-apportion|aurus-nsga2-apportion,ctrl_y,detector-aurus,26,12,0.9167,1.0,0.5,0.9167
mrs-nsga2-apportion|aurus-nsga2-apportion,cross,detector-aurus,28,10,1.0,0.9,0.9,1.0
mrs-nsga2-apportion|aurus-nsga2-apportion,cross,detector-aurus,29,10,1.0,0.9,1.0,1.0
mrs-nsga2-apportion|aurus-nsga2-apportion,ctrl_x,detector-aurus,28,10,1.0,1.0,0.9,1.0
mrs-nsga2-apportion|aurus-nsga2-apportion,ctrl_y,detector-aurus,28,10,1.0,1.0,0.9,0.7
mrs-nsga2-apportion|mrs-weighted,cross,detector-aurus,0,10,0.9,1.0,1.0,1.0
mrs-nsga2-apportion|mrs-weighted,cross,detector-aurus,1,10,1.0,1.0,0.9,1.0
mrs-nsga2-apportion|mrs-weighted,ctrl_x,detector-aurus,0,10,1.0,1.0,1.0,1.0
mrs-nsga2-apportion|mrs-weighted,ctrl_y,detector-aurus,0,10,1.0,1.0,1.0,1.0
mrs-nsga2-apportion|mrs-weighted,cross,detector-aurus,2,17,0.7647,0.8824,0.5294,0.8235
mrs-nsga2-apportion|mrs-weighted,cross,detector-aurus,3,17,1.0,0.8824,0.5882,0.6471
mrs-nsga2-apportion|mrs-weighted,ctrl_x,detector-aurus,2,17,0.5294,0.8824,0.6471,0.6471
mrs-nsga2-apportion|mrs-weighted,ctrl_y,detector-aurus,2,17,1.0,0.8824,0.7647,0.7647
mrs-nsga2-apportion|mrs-weighted,cross,detector-aurus,4,20,0.65,0.95,0.45,0.6
mrs-nsga2-apportion|mrs-weighted,cross,detector-aurus,5,20,0.75,0.8,0.8,0.95
mrs-nsga2-apportion|mrs-weighted,ctrl_x,detector-aurus,4,20,0.85,0.75,0.85,0.9
mrs-nsga2-apportion|mrs-weighted,ctrl_y,detector-aurus,4,20,0.65,0.85,0.6,0.75
mrs-nsga2-apportion|mrs-weighted,cross,detector-aurus,6,20,0.85,0.8,1.0,0.9
mrs-nsga2-apportion|mrs-weighted,cross,detector-aurus,7,20,0.85,0.9,0.85,0.6
mrs-nsga2-apportion|mrs-weighted,ctrl_x,detector-aurus,6,20,0.8,0.9,1.0,0.95
mrs-nsga2-apportion|mrs-weighted,ctrl_y,detector-aurus,6,20,0.75,0.75,0.55,0.7
mrs-nsga2-apportion|mrs-weighted,cross,detector-aurus,8,20,0.8,1.0,0.55,0.8
mrs-nsga2-apportion|mrs-weighted,cross,detector-aurus,9,20,0.45,0.95,0.4,0.7
mrs-nsga2-apportion|mrs-weighted,ctrl_x,detector-aurus,8,20,1.0,0.5,0.7,1.0
mrs-nsga2-apportion|mrs-weighted,ctrl_y,detector-aurus,8,20,1.0,0.8,0.8,1.0
mrs-nsga2-apportion|mrs-weighted,cross,detector-aurus,10,14,0.5714,0.9286,0.7143,1.0
mrs-nsga2-apportion|mrs-weighted,cross,detector-aurus,11,14,0.7857,1.0,0.5,0.5714
mrs-nsga2-apportion|mrs-weighted,ctrl_x,detector-aurus,10,14,0.8571,1.0,0.8571,1.0
mrs-nsga2-apportion|mrs-weighted,ctrl_y,detector-aurus,10,14,0.8571,0.9286,0.8571,0.7143
mrs-nsga2-apportion|mrs-weighted,cross,detector-aurus,12,12,1.0,0.6667,0.9167,0.75
mrs-nsga2-apportion|mrs-weighted,cross,detector-aurus,13,12,0.75,0.9167,0.8333,0.8333
mrs-nsga2-apportion|mrs-weighted,ctrl_x,detector-aurus,12,12,1.0,0.8333,0.9167,0.9167
mrs-nsga2-apportion|mrs-weighted,ctrl_y,detector-aurus,12,12,1.0,0.3333,0.6667,0.25
mrs-nsga2-apportion|mrs-weighted,cross,detector-aurus,14,34,0.9706,0.8824,0.6176,0.4706
mrs-nsga2-apportion|mrs-weighted,cross,detector-aurus,15,34,0.8824,0.8824,0.6176,0.9412
mrs-nsga2-apportion|mrs-weighted,ctrl_x,detector-aurus,14,34,0.9118,0.8529,0.8529,0.8235
mrs-nsga2-apportion|mrs-weighted,ctrl_y,detector-aurus,14,34,0.8824,0.9412,0.7941,0.5882
mrs-nsga2-apportion|mrs-weighted,cross,detector-aurus,16,8,0.875,1.0,0.5,1.0
mrs-nsga2-apportion|mrs-weighted,cross,detector-aurus,17,8,1.0,0.75,1.0,1.0
mrs-nsga2-apportion|mrs-weighted,ctrl_x,detector-aurus,16,8,0.875,1.0,1.0,0.75
mrs-nsga2-apportion|mrs-weighted,ctrl_y,detector-aurus,16,8,1.0,0.875,1.0,1.0
mrs-nsga2-apportion|mrs-weighted,cross,detector-aurus,18,11,0.9091,1.0,1.0,0.8182
mrs-nsga2-apportion|mrs-weighted,cross,detector-aurus,19,11,0.9091,0.7273,1.0,1.0
mrs-nsga2-apportion|mrs-weighted,ctrl_x,detector-aurus,18,11,0.7273,0.7273,0.9091,0.9091
mrs-nsga2-apportion|mrs-weighted,ctrl_y,detector-aurus,18,11,0.7273,0.9091,0.9091,1.0
mrs-nsga2-apportion|mrs-weighted,cross,detector-aurus,20,23,0.5652,0.913,0.3043,0.3913
mrs-nsga2-apportion|mrs-weighted,cross,detector-aurus,21,23,0.7391,0.7826,0.5217,0.8261
mrs-nsga2-apportion|mrs-weighted,ctrl_x,detector-aurus,20,23,0.9565,0.8261,0.7826,0.7826
mrs-nsga2-apportion|mrs-weighted,ctrl_y,detector-aurus,20,23,0.5217,0.8261,0.6522,0.6957
mrs-nsga2-apportion|mrs-weighted,cross,detector-aurus,22,23,0.5652,0.8696,0.6087,0.6522
mrs-nsga2-apportion|mrs-weighted,cross,detector-aurus,23,23,0.6522,0.8261,0.2609,0.7826
mrs-nsga2-apportion|mrs-weighted,ctrl_x,detector-aurus,22,23,0.9565,0.8696,1.0,0.7391
mrs-nsga2-apportion|mrs-weighted,ctrl_y,detector-aurus,22,23,0.8696,0.8696,0.913,0.7391
mrs-nsga2-apportion|mrs-weighted,cross,detector-aurus,24,22,0.5455,0.8182,0.3182,0.7727
mrs-nsga2-apportion|mrs-weighted,cross,detector-aurus,25,22,0.9091,0.8182,0.7273,0.7727
mrs-nsga2-apportion|mrs-weighted,ctrl_x,detector-aurus,24,22,0.6818,0.9545,0.5909,0.7727
mrs-nsga2-apportion|mrs-weighted,ctrl_y,detector-aurus,24,22,0.9545,0.5909,0.7727,0.6818
mrs-nsga2-apportion|mrs-weighted,cross,detector-aurus,26,12,1.0,0.9167,0.6667,1.0
mrs-nsga2-apportion|mrs-weighted,cross,detector-aurus,27,12,1.0,0.9167,0.8333,0.75
mrs-nsga2-apportion|mrs-weighted,ctrl_x,detector-aurus,26,12,1.0,1.0,1.0,1.0
mrs-nsga2-apportion|mrs-weighted,ctrl_y,detector-aurus,26,12,0.6667,0.5833,0.1667,1.0
mrs-nsga2-apportion|mrs-weighted,cross,detector-aurus,28,15,0.7333,1.0,0.7333,0.5333
mrs-nsga2-apportion|mrs-weighted,cross,detector-aurus,29,15,0.9333,1.0,0.9333,0.7333
mrs-nsga2-apportion|mrs-weighted,ctrl_x,detector-aurus,28,15,0.8667,1.0,0.9333,1.0
mrs-nsga2-apportion|mrs-weighted,ctrl_y,detector-aurus,28,15,0.8,1.0,0.6,0.9333
aurus-nsga2-apportion|aurus,cross,detector-aurus,0,6,1.0,1.0,1.0,1.0
aurus-nsga2-apportion|aurus,cross,detector-aurus,1,6,1.0,1.0,1.0,1.0
aurus-nsga2-apportion|aurus,ctrl_x,detector-aurus,0,6,0.8333,1.0,1.0,1.0
aurus-nsga2-apportion|aurus,ctrl_y,detector-aurus,0,6,1.0,1.0,1.0,1.0
aurus-nsga2-apportion|aurus,cross,detector-aurus,2,7,1.0,1.0,1.0,1.0
aurus-nsga2-apportion|aurus,cross,detector-aurus,3,7,1.0,0.4286,0.8571,0.8571
aurus-nsga2-apportion|aurus,ctrl_x,detector-aurus,2,7,0.8571,1.0,1.0,1.0
aurus-nsga2-apportion|aurus,ctrl_y,detector-aurus,2,7,1.0,0.7143,0.8571,1.0
aurus-nsga2-apportion|aurus,cross,detector-aurus,4,16,0.75,0.75,0.5625,1.0
aurus-nsga2-apportion|aurus,cross,detector-aurus,5,16,0.9375,0.9375,0.5,1.0
aurus-nsga2-apportion|aurus,ctrl_x,detector-aurus,4,16,0.75,0.75,0.9375,0.625
aurus-nsga2-apportion|aurus,ctrl_y,detector-aurus,4,16,1.0,0.6875,1.0,0.75
aurus-nsga2-apportion|aurus,cross,detector-aurus,6,14,0.9286,0.6429,0.8571,0.7143
aurus-nsga2-apportion|aurus,cross,detector-aurus,7,14,1.0,0.9286,1.0,1.0
aurus-nsga2-apportion|aurus,ctrl_x,detector-aurus,6,14,1.0,0.4286,0.7857,0.5
aurus-nsga2-apportion|aurus,ctrl_y,detector-aurus,6,14,0.8571,0.9286,1.0,0.7857
aurus-nsga2-apportion|aurus,cross,detector-aurus,8,11,1.0,0.9091,1.0,0.4545
aurus-nsga2-apportion|aurus,cross,detector-aurus,9,11,1.0,0.7273,1.0,1.0
aurus-nsga2-apportion|aurus,ctrl_x,detector-aurus,8,11,1.0,0.3636,0.3636,0.8182
aurus-nsga2-apportion|aurus,ctrl_y,detector-aurus,8,11,0.8182,1.0,0.7273,0.7273
aurus-nsga2-apportion|aurus,cross,detector-aurus,10,9,0.8889,0.6667,1.0,0.8889
aurus-nsga2-apportion|aurus,cross,detector-aurus,11,9,1.0,0.5556,1.0,0.6667
aurus-nsga2-apportion|aurus,ctrl_x,detector-aurus,10,9,0.6667,1.0,0.6667,1.0
aurus-nsga2-apportion|aurus,ctrl_y,detector-aurus,10,9,1.0,1.0,0.8889,1.0
aurus-nsga2-apportion|aurus,cross,detector-aurus,12,8,1.0,0.625,1.0,0.625
aurus-nsga2-apportion|aurus,cross,detector-aurus,13,8,1.0,1.0,0.875,1.0
aurus-nsga2-apportion|aurus,ctrl_x,detector-aurus,12,8,1.0,1.0,1.0,1.0
aurus-nsga2-apportion|aurus,ctrl_y,detector-aurus,12,8,1.0,0.875,0.875,1.0
aurus-nsga2-apportion|aurus,cross,detector-aurus,14,11,1.0,0.7273,0.9091,1.0
aurus-nsga2-apportion|aurus,cross,detector-aurus,15,11,1.0,0.6364,0.9091,0.1818
aurus-nsga2-apportion|aurus,ctrl_x,detector-aurus,14,11,1.0,1.0,0.6364,1.0
aurus-nsga2-apportion|aurus,ctrl_y,detector-aurus,14,11,1.0,1.0,0.8182,1.0
aurus-nsga2-apportion|aurus,cross,detector-aurus,16,11,0.6364,1.0,0.4545,0.9091
aurus-nsga2-apportion|aurus,cross,detector-aurus,17,11,0.6364,0.9091,0.6364,0.8182
aurus-nsga2-apportion|aurus,ctrl_x,detector-aurus,16,11,1.0,1.0,0.8182,0.4545
aurus-nsga2-apportion|aurus,ctrl_y,detector-aurus,16,11,1.0,0.8182,1.0,0.8182
aurus-nsga2-apportion|aurus,cross,detector-aurus,18,15,0.9333,1.0,0.6,0.8667
aurus-nsga2-apportion|aurus,cross,detector-aurus,19,15,1.0,0.3333,0.6,0.8
aurus-nsga2-apportion|aurus,ctrl_x,detector-aurus,18,15,0.8667,0.8,0.9333,0.8667
aurus-nsga2-apportion|aurus,ctrl_y,detector-aurus,18,15,0.7333,1.0,0.9333,1.0
aurus-nsga2-apportion|aurus,cross,detector-aurus,20,11,1.0,0.7273,0.9091,0.8182
aurus-nsga2-apportion|aurus,cross,detector-aurus,21,11,0.8182,1.0,1.0,1.0
aurus-nsga2-apportion|aurus,ctrl_x,detector-aurus,20,11,1.0,1.0,1.0,0.9091
aurus-nsga2-apportion|aurus,ctrl_y,detector-aurus,20,11,1.0,0.9091,1.0,1.0
aurus-nsga2-apportion|aurus,cross,detector-aurus,22,12,1.0,0.9167,0.5,0.8333
aurus-nsga2-apportion|aurus,cross,detector-aurus,23,12,0.9167,0.3333,0.9167,0.25
aurus-nsga2-apportion|aurus,ctrl_x,detector-aurus,22,12,1.0,0.9167,0.9167,1.0
aurus-nsga2-apportion|aurus,ctrl_y,detector-aurus,22,12,0.75,1.0,0.4167,0.75
aurus-nsga2-apportion|aurus,cross,detector-aurus,24,17,0.9412,0.8235,0.7647,0.8824
aurus-nsga2-apportion|aurus,cross,detector-aurus,25,17,0.8235,0.5882,0.7647,0.7059
aurus-nsga2-apportion|aurus,ctrl_x,detector-aurus,24,17,1.0,0.8824,0.9412,0.5882
aurus-nsga2-apportion|aurus,ctrl_y,detector-aurus,24,17,0.7059,0.8824,0.7647,0.9412
aurus-nsga2-apportion|aurus,cross,detector-aurus,26,14,0.9286,0.8571,0.6429,0.9286
aurus-nsga2-apportion|aurus,cross,detector-aurus,27,14,1.0,0.7143,0.8571,0.3571
aurus-nsga2-apportion|aurus,ctrl_x,detector-aurus,26,14,0.9286,1.0,0.6429,0.9286
aurus-nsga2-apportion|aurus,ctrl_y,detector-aurus,26,14,0.8571,0.7143,0.8571,1.0
aurus-nsga2-apportion|aurus,cross,detector-aurus,28,10,1.0,0.6,1.0,0.9
aurus-nsga2-apportion|aurus,cross,detector-aurus,29,10,1.0,0.8,0.9,0.5
aurus-nsga2-apportion|aurus,ctrl_x,detector-aurus,28,10,1.0,1.0,1.0,0.9
aurus-nsga2-apportion|aurus,ctrl_y,detector-aurus,28,10,0.9,0.8,0.9,1.0
mrs-nsga2-apportion|aurus-nsga2-apportion,cross,full-arbiter-aurus,4,13,0.3077,0.3846,0.6154,0.3846
mrs-nsga2-apportion|aurus-nsga2-apportion,cross,full-arbiter-aurus,5,13,0.7692,1.0,0.3846,0.4615
mrs-nsga2-apportion|aurus-nsga2-apportion,ctrl_x,full-arbiter-aurus,4,13,0.2308,1.0,0.1538,0.6154
mrs-nsga2-apportion|aurus-nsga2-apportion,ctrl_y,full-arbiter-aurus,4,13,1.0,0.3077,0.3077,0.4615
mrs-nsga2-apportion|aurus-nsga2-apportion,cross,full-arbiter-aurus,14,7,1.0,1.0,1.0,1.0
mrs-nsga2-apportion|aurus-nsga2-apportion,cross,full-arbiter-aurus,15,7,0.4286,1.0,0.4286,0.5714
mrs-nsga2-apportion|aurus-nsga2-apportion,ctrl_x,full-arbiter-aurus,14,7,1.0,0.8571,1.0,0.8571
mrs-nsga2-apportion|aurus-nsga2-apportion,ctrl_y,full-arbiter-aurus,14,7,0.4286,1.0,0.2857,1.0
mrs-nsga2-apportion|aurus-nsga2-apportion,cross,full-arbiter-aurus,26,4,0.0,1.0,0.0,0.75
mrs-nsga2-apportion|aurus-nsga2-apportion,cross,full-arbiter-aurus,27,4,1.0,0.5,1.0,1.0
mrs-nsga2-apportion|aurus-nsga2-apportion,ctrl_x,full-arbiter-aurus,26,4,0.25,1.0,0.25,0.75
mrs-nsga2-apportion|aurus-nsga2-apportion,ctrl_y,full-arbiter-aurus,26,4,0.25,1.0,0.25,0.75
mrs-nsga2-apportion|aurus-nsga2-apportion,cross,full-arbiter-aurus,28,4,1.0,0.25,1.0,1.0
mrs-nsga2-apportion|aurus-nsga2-apportion,cross,full-arbiter-aurus,29,4,0.75,1.0,1.0,1.0
mrs-nsga2-apportion|aurus-nsga2-apportion,ctrl_x,full-arbiter-aurus,28,4,1.0,0.75,1.0,0.75
mrs-nsga2-apportion|aurus-nsga2-apportion,ctrl_y,full-arbiter-aurus,28,4,1.0,0.25,1.0,1.0
mrs-nsga2-apportion|mrs-weighted,cross,full-arbiter-aurus,0,7,0.7143,1.0,1.0,1.0
mrs-nsga2-apportion|mrs-weighted,cross,full-arbiter-aurus,1,7,0.8571,0.5714,0.2857,0.1429
mrs-nsga2-apportion|mrs-weighted,ctrl_x,full-arbiter-aurus,0,7,0.4286,1.0,0.5714,0.5714
mrs-nsga2-apportion|mrs-weighted,ctrl_y,full-arbiter-aurus,0,7,0.2857,1.0,0.2857,0.2857
mrs-nsga2-apportion|mrs-weighted,cross,full-arbiter-aurus,2,22,0.5,0.9545,0.7273,0.6364
mrs-nsga2-apportion|mrs-weighted,cross,full-arbiter-aurus,3,22,0.9091,0.6818,0.5909,0.2273
mrs-nsga2-apportion|mrs-weighted,ctrl_x,full-arbiter-aurus,2,22,0.7273,0.9545,0.6818,0.8636
mrs-nsga2-apportion|mrs-weighted,ctrl_y,full-arbiter-aurus,2,22,0.9545,0.9545,0.5455,0.6818
mrs-nsga2-apportion|mrs-weighted,cross,full-arbiter-aurus,4,5,0.8,1.0,0.2,1.0
mrs-nsga2-apportion|mrs-weighted,cross,full-arbiter-aurus,5,5,1.0,0.2,0.4,0.4
mrs-nsga2-apportion|mrs-weighted,ctrl_x,full-arbiter-aurus,4,5,0.8,0.0,0.2,0.0
mrs-nsga2-apportion|mrs-weighted,ctrl_y,full-arbiter-aurus,4,5,0.6,1.0,1.0,1.0
mrs-nsga2-apportion|mrs-weighted,cross,full-arbiter-aurus,8,5,0.2,1.0,0.4,0.2
mrs-nsga2-apportion|mrs-weighted,cross,full-arbiter-aurus,9,5,1.0,0.6,1.0,1.0
mrs-nsga2-apportion|mrs-weighted,ctrl_x,full-arbiter-aurus,8,5,1.0,1.0,0.8,1.0
mrs-nsga2-apportion|mrs-weighted,ctrl_y,full-arbiter-aurus,8,5,1.0,1.0,1.0,1.0
mrs-nsga2-apportion|mrs-weighted,cross,full-arbiter-aurus,10,16,1.0,0.9375,1.0,1.0
mrs-nsga2-apportion|mrs-weighted,cross,full-arbiter-aurus,11,16,1.0,0.9375,0.5,0.25
mrs-nsga2-apportion|mrs-weighted,ctrl_x,full-arbiter-aurus,10,16,1.0,0.9375,0.5,0.6875
mrs-nsga2-apportion|mrs-weighted,ctrl_y,full-arbiter-aurus,10,16,1.0,1.0,0.25,0.625
mrs-nsga2-apportion|mrs-weighted,cross,full-arbiter-aurus,12,10,0.8,1.0,0.6,0.9
mrs-nsga2-apportion|mrs-weighted,cross,full-arbiter-aurus,13,10,1.0,0.2,0.7,0.1
mrs-nsga2-apportion|mrs-weighted,ctrl_x,full-arbiter-aurus,12,10,0.2,1.0,0.4,0.3
mrs-nsga2-apportion|mrs-weighted,ctrl_y,full-arbiter-aurus,12,10,0.0,1.0,0.0,0.2
mrs-nsga2-apportion|mrs-weighted,cross,full-arbiter-aurus,14,4,1.0,1.0,1.0,1.0
mrs-nsga2-apportion|mrs-weighted,cross,full-arbiter-aurus,15,4,1.0,1.0,1.0,1.0
mrs-nsga2-apportion|mrs-weighted,ctrl_x,full-arbiter-aurus,14,4,1.0,1.0,1.0,1.0
mrs-nsga2-apportion|mrs-weighted,ctrl_y,full-arbiter-aurus,14,4,1.0,1.0,1.0,1.0
mrs-nsga2-apportion|mrs-weighted,cross,full-arbiter-aurus,16,9,1.0,0.3333,0.4444,0.3333
mrs-nsga2-apportion|mrs-weighted,cross,full-arbiter-aurus,17,9,1.0,0.1111,0.1111,0.3333
mrs-nsga2-apportion|mrs-weighted,ctrl_x,full-arbiter-aurus,16,9,1.0,0.8889,1.0,1.0
mrs-nsga2-apportion|mrs-weighted,ctrl_y,full-arbiter-aurus,16,9,0.6667,1.0,0.1111,0.2222
mrs-nsga2-apportion|mrs-weighted,cross,full-arbiter-aurus,24,4,1.0,0.25,0.75,0.25
mrs-nsga2-apportion|mrs-weighted,cross,full-arbiter-aurus,25,4,1.0,0.75,1.0,1.0
mrs-nsga2-apportion|mrs-weighted,ctrl_x,full-arbiter-aurus,24,4,0.0,0.0,0.0,0.0
mrs-nsga2-apportion|mrs-weighted,ctrl_y,full-arbiter-aurus,24,4,1.0,1.0,1.0,1.0
mrs-nsga2-apportion|mrs-weighted,cross,full-arbiter-aurus,26,5,0.0,1.0,0.0,1.0
mrs-nsga2-apportion|mrs-weighted,cross,full-arbiter-aurus,27,5,1.0,1.0,1.0,1.0
mrs-nsga2-apportion|mrs-weighted,ctrl_x,full-arbiter-aurus,26,5,0.2,1.0,0.2,1.0
mrs-nsga2-apportion|mrs-weighted,ctrl_y,full-arbiter-aurus,26,5,1.0,1.0,1.0,1.0
mrs-nsga2-apportion|mrs-weighted,cross,full-arbiter-aurus,28,6,0.6667,1.0,0.1667,0.8333
mrs-nsga2-apportion|mrs-weighted,cross,full-arbiter-aurus,29,6,1.0,1.0,0.3333,0.8333
mrs-nsga2-apportion|mrs-weighted,ctrl_x,full-arbiter-aurus,28,6,0.0,0.5,0.0,0.1667
mrs-nsga2-apportion|mrs-weighted,ctrl_y,full-arbiter-aurus,28,6,0.6667,1.0,0.8333,1.0
mrs-nsga2-apportion|aurus,cross,gyro-var1,0,23,1.0,0.6087,0.6957,0.2609
mrs-nsga2-apportion|aurus,cross,gyro-var1,1,23,0.7826,0.6957,0.5652,0.7391
mrs-nsga2-apportion|aurus,ctrl_x,gyro-var1,0,23,0.6957,0.6522,0.7826,0.9565
mrs-nsga2-apportion|aurus,ctrl_y,gyro-var1,0,23,0.9565,1.0,1.0,1.0
mrs-nsga2-apportion|aurus,cross,gyro-var1,2,18,0.8889,0.7222,0.9444,0.1667
mrs-nsga2-apportion|aurus,cross,gyro-var1,3,18,1.0,0.7222,0.5,0.5
mrs-nsga2-apportion|aurus,ctrl_x,gyro-var1,2,18,0.7222,0.6667,1.0,0.5
mrs-nsga2-apportion|aurus,ctrl_y,gyro-var1,2,18,0.9444,0.9444,0.8333,0.8333
mrs-nsga2-apportion|aurus,cross,gyro-var1,4,24,0.9583,0.7083,0.2917,0.25
mrs-nsga2-apportion|aurus,cross,gyro-var1,5,24,0.875,0.75,0.875,0.3333
mrs-nsga2-apportion|aurus,ctrl_x,gyro-var1,4,24,0.75,0.7083,0.9167,0.75
mrs-nsga2-apportion|aurus,ctrl_y,gyro-var1,4,24,0.5,0.75,0.8333,0.4583
mrs-nsga2-apportion|aurus,cross,gyro-var1,6,23,0.9565,0.5217,0.5217,0.7391
mrs-nsga2-apportion|aurus,cross,gyro-var1,7,23,0.913,0.7391,0.8696,0.4348
mrs-nsga2-apportion|aurus,ctrl_x,gyro-var1,6,23,0.7826,0.6957,1.0,0.6522
mrs-nsga2-apportion|aurus,ctrl_y,gyro-var1,6,23,0.8261,0.913,1.0,0.8261
mrs-nsga2-apportion|aurus,cross,gyro-var1,8,18,0.8333,0.8889,0.6667,0.6111
mrs-nsga2-apportion|aurus,cross,gyro-var1,9,18,0.0556,0.6111,0.1667,0.0556
mrs-nsga2-apportion|aurus,ctrl_x,gyro-var1,8,18,0.7778,0.5556,0.7778,1.0
mrs-nsga2-apportion|aurus,ctrl_y,gyro-var1,8,18,0.8333,0.8889,0.9444,1.0
mrs-nsga2-apportion|aurus,cross,gyro-var1,10,20,0.95,0.5,0.5,0.25
mrs-nsga2-apportion|aurus,cross,gyro-var1,11,20,0.85,0.8,0.45,0.4
mrs-nsga2-apportion|aurus,ctrl_x,gyro-var1,10,20,0.7,0.4,0.75,0.95
mrs-nsga2-apportion|aurus,ctrl_y,gyro-var1,10,20,0.95,0.6,0.8,1.0
mrs-nsga2-apportion|aurus,cross,gyro-var1,12,20,0.95,0.8,0.15,0.45
mrs-nsga2-apportion|aurus,cross,gyro-var1,13,20,0.9,0.8,0.45,0.3
mrs-nsga2-apportion|aurus,ctrl_x,gyro-var1,12,20,0.7,0.7,0.85,0.75
mrs-nsga2-apportion|aurus,ctrl_y,gyro-var1,12,20,0.95,0.95,0.85,0.55
mrs-nsga2-apportion|aurus,cross,gyro-var1,14,17,1.0,0.3529,0.4706,0.1176
mrs-nsga2-apportion|aurus,cross,gyro-var1,15,17,0.9412,0.7647,0.9412,0.4118
mrs-nsga2-apportion|aurus,ctrl_x,gyro-var1,14,17,0.7647,0.6471,0.7647,0.9412
mrs-nsga2-apportion|aurus,ctrl_y,gyro-var1,14,17,0.4706,0.8824,0.7647,0.8824
mrs-nsga2-apportion|aurus,cross,gyro-var1,16,21,0.8095,0.7619,0.9048,0.5714
mrs-nsga2-apportion|aurus,cross,gyro-var1,17,21,0.8571,0.6667,0.5238,0.5238
mrs-nsga2-apportion|aurus,ctrl_x,gyro-var1,16,21,0.619,0.7619,0.5238,0.9524
mrs-nsga2-apportion|aurus,ctrl_y,gyro-var1,16,21,0.9524,0.7619,1.0,1.0
mrs-nsga2-apportion|aurus,cross,gyro-var1,18,21,1.0,0.8571,0.7619,0.4286
mrs-nsga2-apportion|aurus,cross,gyro-var1,19,21,1.0,0.7143,0.619,0.2857
mrs-nsga2-apportion|aurus,ctrl_x,gyro-var1,18,21,0.7143,0.9048,1.0,1.0
mrs-nsga2-apportion|aurus,ctrl_y,gyro-var1,18,21,0.9048,0.8095,1.0,1.0
mrs-nsga2-apportion|aurus,cross,gyro-var1,20,22,0.9545,0.8182,0.3182,0.5909
mrs-nsga2-apportion|aurus,cross,gyro-var1,21,22,0.3636,0.6364,0.2273,0.0909
mrs-nsga2-apportion|aurus,ctrl_x,gyro-var1,20,22,0.8182,0.5,1.0,0.7727
mrs-nsga2-apportion|aurus,ctrl_y,gyro-var1,20,22,0.7727,1.0,0.9545,0.9545
mrs-nsga2-apportion|aurus,cross,gyro-var1,24,19,1.0,0.7895,0.3684,0.4737
mrs-nsga2-apportion|aurus,cross,gyro-var1,25,19,0.5263,0.4211,0.6316,0.7895
mrs-nsga2-apportion|aurus,ctrl_x,gyro-var1,24,19,0.7368,0.6316,1.0,0.9474
mrs-nsga2-apportion|aurus,ctrl_y,gyro-var1,24,19,0.6842,1.0,0.9474,0.9474
mrs-nsga2-apportion|aurus,cross,gyro-var1,26,19,0.9474,0.7368,0.4737,0.9474
mrs-nsga2-apportion|aurus,cross,gyro-var1,27,19,0.9474,0.5789,0.4211,0.4211
mrs-nsga2-apportion|aurus,ctrl_x,gyro-var1,26,19,0.8947,0.8947,1.0,1.0
mrs-nsga2-apportion|aurus,ctrl_y,gyro-var1,26,19,1.0,1.0,1.0,1.0
mrs-nsga2-apportion|aurus,cross,gyro-var1,28,15,1.0,0.8667,0.5333,0.2
mrs-nsga2-apportion|aurus,cross,gyro-var1,29,15,0.8667,0.8667,0.9333,0.5333
mrs-nsga2-apportion|aurus,ctrl_x,gyro-var1,28,15,0.6,0.9333,1.0,0.9333
mrs-nsga2-apportion|aurus,ctrl_y,gyro-var1,28,15,0.8667,0.8667,1.0,0.4
mrs-nsga2-apportion|aurus-nsga2-apportion,cross,gyro-var1,0,14,0.4286,0.7143,0.8571,0.8571
mrs-nsga2-apportion|aurus-nsga2-apportion,cross,gyro-var1,1,14,0.9286,0.7143,1.0,1.0
mrs-nsga2-apportion|aurus-nsga2-apportion,ctrl_x,gyro-var1,0,14,0.5,0.7857,0.9286,1.0
mrs-nsga2-apportion|aurus-nsga2-apportion,ctrl_y,gyro-var1,0,14,0.6429,1.0,1.0,1.0
mrs-nsga2-apportion|aurus-nsga2-apportion,cross,gyro-var1,2,10,0.9,0.6,1.0,1.0
mrs-nsga2-apportion|aurus-nsga2-apportion,cross,gyro-var1,3,10,0.4,1.0,1.0,1.0
mrs-nsga2-apportion|aurus-nsga2-apportion,ctrl_x,gyro-var1,2,10,0.9,0.4,1.0,0.9
mrs-nsga2-apportion|aurus-nsga2-apportion,ctrl_y,gyro-var1,2,10,1.0,0.5,1.0,1.0
mrs-nsga2-apportion|aurus-nsga2-apportion,cross,gyro-var1,4,8,0.25,1.0,0.5,1.0
mrs-nsga2-apportion|aurus-nsga2-apportion,cross,gyro-var1,5,8,0.5,0.875,1.0,0.875
mrs-nsga2-apportion|aurus-nsga2-apportion,ctrl_x,gyro-var1,4,8,0.875,0.625,1.0,1.0
mrs-nsga2-apportion|aurus-nsga2-apportion,ctrl_y,gyro-var1,4,8,0.75,0.625,0.875,1.0
mrs-nsga2-apportion|aurus-nsga2-apportion,cross,gyro-var1,6,15,0.8,0.7333,1.0,0.8
mrs-nsga2-apportion|aurus-nsga2-apportion,cross,gyro-var1,7,15,0.8667,0.7333,1.0,1.0
mrs-nsga2-apportion|aurus-nsga2-apportion,ctrl_x,gyro-var1,6,15,0.8667,0.7333,1.0,0.7333
mrs-nsga2-apportion|aurus-nsga2-apportion,ctrl_y,gyro-var1,6,15,0.9333,0.6,0.8,1.0
mrs-nsga2-apportion|aurus-nsga2-apportion,cross,gyro-var1,8,11,0.8182,0.7273,1.0,0.2727
mrs-nsga2-apportion|aurus-nsga2-apportion,cross,gyro-var1,9,11,0.4545,1.0,1.0,0.9091
mrs-nsga2-apportion|aurus-nsga2-apportion,ctrl_x,gyro-var1,8,11,0.8182,0.6364,1.0,1.0
mrs-nsga2-apportion|aurus-nsga2-apportion,ctrl_y,gyro-var1,8,11,0.9091,0.3636,1.0,1.0
mrs-nsga2-apportion|aurus-nsga2-apportion,cross,gyro-var1,10,7,1.0,0.5714,1.0,1.0
mrs-nsga2-apportion|aurus-nsga2-apportion,cross,gyro-var1,11,7,0.4286,1.0,1.0,1.0
mrs-nsga2-apportion|aurus-nsga2-apportion,ctrl_x,gyro-var1,10,7,1.0,0.5714,1.0,1.0
mrs-nsga2-apportion|aurus-nsga2-apportion,ctrl_y,gyro-var1,10,7,1.0,0.4286,1.0,0.8571
mrs-nsga2-apportion|aurus-nsga2-apportion,cross,gyro-var1,12,13,0.9231,0.4615,1.0,1.0
mrs-nsga2-apportion|aurus-nsga2-apportion,cross,gyro-var1,13,13,0.7692,0.8462,1.0,0.9231
mrs-nsga2-apportion|aurus-nsga2-apportion,ctrl_x,gyro-var1,12,13,0.4615,0.7692,1.0,0.7692
mrs-nsga2-apportion|aurus-nsga2-apportion,ctrl_y,gyro-var1,12,13,1.0,0.8462,0.8462,1.0
mrs-nsga2-apportion|aurus-nsga2-apportion,cross,gyro-var1,14,12,0.6667,0.75,1.0,0.6667
mrs-nsga2-apportion|aurus-nsga2-apportion,cross,gyro-var1,15,12,0.9167,0.6667,1.0,0.5833
mrs-nsga2-apportion|aurus-nsga2-apportion,ctrl_x,gyro-var1,14,12,0.8333,0.4167,1.0,1.0
mrs-nsga2-apportion|aurus-nsga2-apportion,ctrl_y,gyro-var1,14,12,1.0,0.9167,1.0,1.0
mrs-nsga2-apportion|aurus-nsga2-apportion,cross,gyro-var1,16,11,0.7273,0.7273,1.0,1.0
mrs-nsga2-apportion|aurus-nsga2-apportion,cross,gyro-var1,17,11,0.5455,0.6364,1.0,0.7273
mrs-nsga2-apportion|aurus-nsga2-apportion,ctrl_x,gyro-var1,16,11,0.4545,0.2727,0.4545,0.3636
mrs-nsga2-apportion|aurus-nsga2-apportion,ctrl_y,gyro-var1,16,11,0.8182,0.9091,1.0,1.0
mrs-nsga2-apportion|aurus-nsga2-apportion,cross,gyro-var1,18,17,0.9412,0.8235,0.8235,0.7647
mrs-nsga2-apportion|aurus-nsga2-apportion,cross,gyro-var1,19,17,0.8824,0.7647,1.0,1.0
mrs-nsga2-apportion|aurus-nsga2-apportion,ctrl_x,gyro-var1,18,17,0.8824,0.8824,0.7647,1.0
mrs-nsga2-apportion|aurus-nsga2-apportion,ctrl_y,gyro-var1,18,17,0.7647,0.8824,1.0,1.0
mrs-nsga2-apportion|aurus-nsga2-apportion,cross,gyro-var1,20,16,0.4375,0.4375,1.0,0.625
mrs-nsga2-apportion|aurus-nsga2-apportion,cross,gyro-var1,21,16,0.75,0.5625,0.9375,0.6875
mrs-nsga2-apportion|aurus-nsga2-apportion,ctrl_x,gyro-var1,20,16,0.75,0.8125,1.0,0.75
mrs-nsga2-apportion|aurus-nsga2-apportion,ctrl_y,gyro-var1,20,16,1.0,0.5625,0.8125,0.9375
mrs-nsga2-apportion|aurus-nsga2-apportion,cross,gyro-var1,22,6,1.0,0.5,1.0,1.0
mrs-nsga2-apportion|aurus-nsga2-apportion,cross,gyro-var1,23,6,1.0,0.3333,1.0,1.0
mrs-nsga2-apportion|aurus-nsga2-apportion,ctrl_x,gyro-var1,22,6,0.6667,0.8333,1.0,1.0
mrs-nsga2-apportion|aurus-nsga2-apportion,ctrl_y,gyro-var1,22,6,1.0,0.8333,1.0,1.0
mrs-nsga2-apportion|aurus-nsga2-apportion,cross,gyro-var1,24,8,1.0,0.75,1.0,1.0
mrs-nsga2-apportion|aurus-nsga2-apportion,cross,gyro-var1,25,8,0.875,0.75,1.0,1.0
mrs-nsga2-apportion|aurus-nsga2-apportion,ctrl_x,gyro-var1,24,8,0.75,0.875,0.375,1.0
mrs-nsga2-apportion|aurus-nsga2-apportion,ctrl_y,gyro-var1,24,8,0.75,0.875,1.0,0.75
mrs-nsga2-apportion|aurus-nsga2-apportion,cross,gyro-var1,26,21,0.8571,0.619,0.9524,0.8571
mrs-nsga2-apportion|aurus-nsga2-apportion,cross,gyro-var1,27,21,0.9048,0.8095,1.0,0.8571
mrs-nsga2-apportion|aurus-nsga2-apportion,ctrl_x,gyro-var1,26,21,0.8571,0.9048,1.0,1.0
mrs-nsga2-apportion|aurus-nsga2-apportion,ctrl_y,gyro-var1,26,21,0.7143,0.9524,0.9048,1.0
mrs-nsga2-apportion|aurus-nsga2-apportion,cross,gyro-var1,28,15,0.7333,0.6667,0.8,0.8667
mrs-nsga2-apportion|aurus-nsga2-apportion,cross,gyro-var1,29,15,0.8,0.8,0.9333,1.0
mrs-nsga2-apportion|aurus-nsga2-apportion,ctrl_x,gyro-var1,28,15,0.6,0.9333,1.0,0.9333
mrs-nsga2-apportion|aurus-nsga2-apportion,ctrl_y,gyro-var1,28,15,0.8,0.8667,0.9333,0.8667
mrs-nsga2-apportion|mrs-weighted,cross,gyro-var1,0,23,0.4348,0.913,0.6522,0.8261
mrs-nsga2-apportion|mrs-weighted,cross,gyro-var1,1,23,0.4783,0.8696,0.9565,0.8261
mrs-nsga2-apportion|mrs-weighted,ctrl_x,gyro-var1,0,23,0.6087,0.6957,0.7826,0.9565
mrs-nsga2-apportion|mrs-weighted,ctrl_y,gyro-var1,0,23,0.5652,0.913,0.913,0.913
mrs-nsga2-apportion|mrs-weighted,cross,gyro-var1,2,18,0.6667,0.9444,1.0,1.0
mrs-nsga2-apportion|mrs-weighted,cross,gyro-var1,3,18,0.4444,0.8889,1.0,1.0
mrs-nsga2-apportion|mrs-weighted,ctrl_x,gyro-var1,2,18,0.7222,0.6667,1.0,0.5
mrs-nsga2-apportion|mrs-weighted,ctrl_y,gyro-var1,2,18,0.7778,0.6111,0.6667,0.5556
mrs-nsga2-apportion|mrs-weighted,cross,gyro-var1,4,24,0.6667,0.8333,0.5833,0.75
mrs-nsga2-apportion|mrs-weighted,cross,gyro-var1,5,24,0.5417,0.8333,1.0,1.0
mrs-nsga2-apportion|mrs-weighted,ctrl_x,gyro-var1,4,24,0.75,0.7083,0.9167,0.75
mrs-nsga2-apportion|mrs-weighted,ctrl_y,gyro-var1,4,24,0.9167,0.9167,1.0,1.0
mrs-nsga2-apportion|mrs-weighted,cross,gyro-var1,6,23,0.6087,0.7826,0.9565,0.4348
mrs-nsga2-apportion|mrs-weighted,cross,gyro-var1,7,23,0.5652,0.8696,0.913,0.8261
mrs-nsga2-apportion|mrs-weighted,ctrl_x,gyro-var1,6,23,0.7826,0.6957,1.0,0.6522
mrs-nsga2-apportion|mrs-weighted,ctrl_y,gyro-var1,6,23,0.6087,0.5652,0.9565,0.5217
mrs-nsga2-apportion|mrs-weighted,cross,gyro-var1,8,18,0.3889,1.0,0.6667,1.0
mrs-nsga2-apportion|mrs-weighted,cross,gyro-var1,9,18,0.6667,0.8889,1.0,0.9444
mrs-nsga2-apportion|mrs-weighted,ctrl_x,gyro-var1,8,18,0.7778,0.5556,0.7778,1.0
mrs-nsga2-apportion|mrs-weighted,ctrl_y,gyro-var1,8,18,0.9444,0.8333,1.0,1.0
mrs-nsga2-apportion|mrs-weighted,cross,gyro-var1,10,20,0.9,0.8,0.8,1.0
mrs-nsga2-apportion|mrs-weighted,cross,gyro-var1,11,20,0.45,0.85,0.6,0.65
mrs-nsga2-apportion|mrs-weighted,ctrl_x,gyro-var1,10,20,0.7,0.4,0.75,0.95
mrs-nsga2-apportion|mrs-weighted,ctrl_y,gyro-var1,10,20,0.7,0.6,0.85,0.9
mrs-nsga2-apportion|mrs-weighted,cross,gyro-var1,12,20,0.65,0.45,0.85,0.8
mrs-nsga2-apportion|mrs-weighted,cross,gyro-var1,13,20,0.8,0.95,0.9,0.9
mrs-nsga2-apportion|mrs-weighted,ctrl_x,gyro-var1,12,20,0.7,0.7,0.85,0.75
mrs-nsga2-apportion|mrs-weighted,ctrl_y,gyro-var1,12,20,0.8,0.8,0.9,0.55
mrs-nsga2-apportion|mrs-weighted,cross,gyro-var1,14,17,0.4706,0.6471,0.8824,0.8235
mrs-nsga2-apportion|mrs-weighted,cross,gyro-var1,15,17,0.5882,0.9412,0.7647,0.9412
mrs-nsga2-apportion|mrs-weighted,ctrl_x,gyro-var1,14,17,0.7647,0.6471,0.7647,0.9412
mrs-nsga2-apportion|mrs-weighted,ctrl_y,gyro-var1,14,17,0.7059,0.7647,0.4118,0.9412
mrs-nsga2-apportion|mrs-weighted,cross,gyro-var1,16,21,0.4762,1.0,0.9048,0.9524
mrs-nsga2-apportion|mrs-weighted,cross,gyro-var1,17,21,0.381,0.8571,0.9524,0.8571
mrs-nsga2-apportion|mrs-weighted,ctrl_x,gyro-var1,16,21,0.619,0.7619,0.5238,0.9524
mrs-nsga2-apportion|mrs-weighted,ctrl_y,gyro-var1,16,21,0.7143,0.619,0.8095,1.0
mrs-nsga2-apportion|mrs-weighted,cross,gyro-var1,18,21,0.5238,1.0,0.7619,0.9048
mrs-nsga2-apportion|mrs-weighted,cross,gyro-var1,19,21,0.7619,0.619,0.8571,0.8095
mrs-nsga2-apportion|mrs-weighted,ctrl_x,gyro-var1,18,21,0.7143,0.9048,1.0,1.0
mrs-nsga2-apportion|mrs-weighted,ctrl_y,gyro-var1,18,21,0.5714,1.0,0.3333,0.9524
mrs-nsga2-apportion|mrs-weighted,cross,gyro-var1,20,22,0.5455,1.0,1.0,0.8636
mrs-nsga2-apportion|mrs-weighted,cross,gyro-var1,21,22,0.6364,0.9545,0.8636,0.8636
mrs-nsga2-apportion|mrs-weighted,ctrl_x,gyro-var1,20,22,0.8182,0.5,1.0,0.7727
mrs-nsga2-apportion|mrs-weighted,ctrl_y,gyro-var1,20,22,0.9091,0.9091,0.9545,0.8182
mrs-nsga2-apportion|mrs-weighted,cross,gyro-var1,22,19,0.5789,1.0,0.2632,0.8421
mrs-nsga2-apportion|mrs-weighted,cross,gyro-var1,23,19,0.8421,0.9474,1.0,0.9474
mrs-nsga2-apportion|mrs-weighted,ctrl_x,gyro-var1,22,19,0.6316,0.8421,0.8947,0.8947
mrs-nsga2-apportion|mrs-weighted,ctrl_y,gyro-var1,22,19,0.8947,0.7368,0.8421,0.8947
mrs-nsga2-apportion|mrs-weighted,cross,gyro-var1,24,19,0.5789,0.8421,1.0,0.6842
mrs-nsga2-apportion|mrs-weighted,cross,gyro-var1,25,19,0.4211,0.6842,0.7368,0.7368
mrs-nsga2-apportion|mrs-weighted,ctrl_x,gyro-var1,24,19,0.7368,0.6316,1.0,0.9474
mrs-nsga2-apportion|mrs-weighted,ctrl_y,gyro-var1,24,19,0.6316,1.0,0.9474,0.8421
mrs-nsga2-apportion|mrs-weighted,cross,gyro-var1,26,21,0.7619,0.7619,0.6667,0.7619
mrs-nsga2-apportion|mrs-weighted,cross,gyro-var1,27,21,0.7619,1.0,1.0,0.7619
mrs-nsga2-apportion|mrs-weighted,ctrl_x,gyro-var1,26,21,0.8571,0.9048,1.0,1.0
mrs-nsga2-apportion|mrs-weighted,ctrl_y,gyro-var1,26,21,0.9048,0.2857,0.4286,0.9524
mrs-nsga2-apportion|mrs-weighted,cross,gyro-var1,28,15,0.4,0.7333,0.9333,0.8
mrs-nsga2-apportion|mrs-weighted,cross,gyro-var1,29,15,0.6,0.8,0.8667,0.6667
mrs-nsga2-apportion|mrs-weighted,ctrl_x,gyro-var1,28,15,0.6,0.9333,1.0,0.9333
mrs-nsga2-apportion|mrs-weighted,ctrl_y,gyro-var1,28,15,0.7333,0.8,0.6,0.6667
aurus-nsga2-apportion|aurus,cross,gyro-var1,0,14,1.0,0.9286,0.1429,0.0714
aurus-nsga2-apportion|aurus,cross,gyro-var1,1,14,1.0,0.7143,0.8571,0.5
aurus-nsga2-apportion|aurus,ctrl_x,gyro-var1,0,14,0.5714,1.0,1.0,1.0
aurus-nsga2-apportion|aurus,ctrl_y,gyro-var1,0,14,1.0,1.0,0.5714,0.7143
aurus-nsga2-apportion|aurus,cross,gyro-var1,2,10,0.9,0.5,0.6,0.1
aurus-nsga2-apportion|aurus,cross,gyro-var1,3,10,0.7,0.8,0.6,0.3
aurus-nsga2-apportion|aurus,ctrl_x,gyro-var1,2,10,0.9,0.5,1.0,1.0
aurus-nsga2-apportion|aurus,ctrl_y,gyro-var1,2,10,0.7,0.8,0.8,0.9
aurus-nsga2-apportion|aurus,cross,gyro-var1,4,8,1.0,0.625,0.75,0.75
aurus-nsga2-apportion|aurus,cross,gyro-var1,5,8,1.0,0.625,1.0,1.0
aurus-nsga2-apportion|aurus,ctrl_x,gyro-var1,4,8,0.75,0.5,0.875,1.0
aurus-nsga2-apportion|aurus,ctrl_y,gyro-var1,4,8,0.875,0.875,1.0,1.0
aurus-nsga2-apportion|aurus,cross,gyro-var1,6,15,0.9333,0.6,0.7333,0.4
aurus-nsga2-apportion|aurus,cross,gyro-var1,7,15,1.0,1.0,0.5333,0.2667
aurus-nsga2-apportion|aurus,ctrl_x,gyro-var1,6,15,0.9333,0.6,0.8,0.9333
aurus-nsga2-apportion|aurus,ctrl_y,gyro-var1,6,15,0.8667,0.5333,1.0,0.6667
aurus-nsga2-apportion|aurus,cross,gyro-var1,8,11,1.0,0.5455,0.9091,0.3636
aurus-nsga2-apportion|aurus,cross,gyro-var1,9,11,1.0,0.0909,0.2727,0.5455
aurus-nsga2-apportion|aurus,ctrl_x,gyro-var1,8,11,0.9091,0.6364,1.0,1.0
aurus-nsga2-apportion|aurus,ctrl_y,gyro-var1,8,11,0.5455,0.9091,1.0,0.9091
aurus-nsga2-apportion|aurus,cross,gyro-var1,10,7,1.0,0.4286,1.0,0.2857
aurus-nsga2-apportion|aurus,cross,gyro-var1,11,7,1.0,0.8571,0.2857,0.7143
aurus-nsga2-apportion|aurus,ctrl_x,gyro-var1,10,7,1.0,0.4286,1.0,1.0
aurus-nsga2-apportion|aurus,ctrl_y,gyro-var1,10,7,1.0,1.0,1.0,1.0
aurus-nsga2-apportion|aurus,cross,gyro-var1,12,13,1.0,0.9231,0.3846,0.2308
aurus-nsga2-apportion|aurus,cross,gyro-var1,13,13,0.6923,0.7692,0.4615,0.3077
aurus-nsga2-apportion|aurus,ctrl_x,gyro-var1,12,13,1.0,0.8462,0.8462,1.0
aurus-nsga2-apportion|aurus,ctrl_y,gyro-var1,12,13,0.8462,1.0,0.9231,0.6923
aurus-nsga2-apportion|aurus,cross,gyro-var1,14,12,1.0,0.9167,0.5833,0.4167
aurus-nsga2-apportion|aurus,cross,gyro-var1,15,12,0.9167,0.9167,0.4167,0.3333
aurus-nsga2-apportion|aurus,ctrl_x,gyro-var1,14,12,1.0,0.9167,1.0,1.0
aurus-nsga2-apportion|aurus,ctrl_y,gyro-var1,14,12,1.0,1.0,1.0,1.0
aurus-nsga2-apportion|aurus,cross,gyro-var1,16,11,1.0,0.6364,1.0,0.6364
aurus-nsga2-apportion|aurus,cross,gyro-var1,17,11,1.0,0.6364,0.9091,0.8182
aurus-nsga2-apportion|aurus,ctrl_x,gyro-var1,16,11,0.8182,0.9091,1.0,1.0
aurus-nsga2-apportion|aurus,ctrl_y,gyro-var1,16,11,1.0,0.8182,1.0,1.0
aurus-nsga2-apportion|aurus,cross,gyro-var1,18,17,0.0588,0.7647,0.7059,0.1176
aurus-nsga2-apportion|aurus,cross,gyro-var1,19,17,0.1765,0.6471,0.1765,0.1765
aurus-nsga2-apportion|aurus,ctrl_x,gyro-var1,18,17,0.7647,0.9412,1.0,1.0
aurus-nsga2-apportion|aurus,ctrl_y,gyro-var1,18,17,1.0,0.7647,0.9412,1.0
aurus-nsga2-apportion|aurus,cross,gyro-var1,20,16,0.875,0.8125,0.25,0.0625
aurus-nsga2-apportion|aurus,cross,gyro-var1,21,16,1.0,0.9375,0.4375,0.75
aurus-nsga2-apportion|aurus,ctrl_x,gyro-var1,20,16,1.0,0.5625,0.8125,0.9375
aurus-nsga2-apportion|aurus,ctrl_y,gyro-var1,20,16,0.9375,0.875,0.875,0.8125
aurus-nsga2-apportion|aurus,cross,gyro-var1,24,8,1.0,0.375,0.25,0.125
aurus-nsga2-apportion|aurus,cross,gyro-var1,25,8,1.0,1.0,1.0,0.75
aurus-nsga2-apportion|aurus,ctrl_x,gyro-var1,24,8,1.0,0.625,1.0,0.75
aurus-nsga2-apportion|aurus,ctrl_y,gyro-var1,24,8,1.0,0.875,1.0,1.0
aurus-nsga2-apportion|aurus,cross,gyro-var1,26,19,1.0,0.7368,0.7368,0.9474
aurus-nsga2-apportion|aurus,cross,gyro-var1,27,19,0.7895,0.5789,0.2105,0.4211
aurus-nsga2-apportion|aurus,ctrl_x,gyro-var1,26,19,0.7368,0.7368,0.8947,1.0
aurus-nsga2-apportion|aurus,ctrl_y,gyro-var1,26,19,1.0,1.0,1.0,1.0
aurus-nsga2-apportion|aurus,cross,gyro-var1,28,17,1.0,0.4706,0.6471,0.2941
aurus-nsga2-apportion|aurus,cross,gyro-var1,29,17,0.9412,0.6471,0.4706,0.3529
aurus-nsga2-apportion|aurus,ctrl_x,gyro-var1,28,17,0.7647,0.8235,0.8824,0.8824
aurus-nsga2-apportion|aurus,ctrl_y,gyro-var1,28,17,0.6471,0.7059,0.5882,0.4706
mrs-nsga2-apportion|aurus,cross,gyro-var2,0,26,0.7308,0.5,0.8462,0.8846
mrs-nsga2-apportion|aurus,cross,gyro-var2,1,26,0.9231,0.8077,1.0,1.0
mrs-nsga2-apportion|aurus,ctrl_x,gyro-var2,0,26,0.7308,0.6923,1.0,0.9231
mrs-nsga2-apportion|aurus,ctrl_y,gyro-var2,0,26,0.9231,0.8462,0.8462,0.6923
mrs-nsga2-apportion|aurus,cross,gyro-var2,2,19,0.8947,0.6316,0.7895,0.6842
mrs-nsga2-apportion|aurus,cross,gyro-var2,3,19,0.4737,0.6316,1.0,0.6316
mrs-nsga2-apportion|aurus,ctrl_x,gyro-var2,2,19,0.7368,0.9474,1.0,1.0
mrs-nsga2-apportion|aurus,ctrl_y,gyro-var2,2,19,1.0,1.0,1.0,1.0
mrs-nsga2-apportion|aurus,cross,gyro-var2,6,20,0.45,0.8,0.7,0.75
mrs-nsga2-apportion|aurus,cross,gyro-var2,7,20,0.8,0.55,0.9,0.7
mrs-nsga2-apportion|aurus,ctrl_x,gyro-var2,6,20,0.8,0.7,0.8,0.95
mrs-nsga2-apportion|aurus,ctrl_y,gyro-var2,6,20,0.6,0.85,1.0,0.9
mrs-nsga2-apportion|aurus,cross,gyro-var2,8,18,1.0,0.6111,0.8333,0.8333
mrs-nsga2-apportion|aurus,cross,gyro-var2,9,18,0.8889,0.6111,1.0,0.6667
mrs-nsga2-apportion|aurus,ctrl_x,gyro-var2,8,18,1.0,0.6667,0.8889,1.0
mrs-nsga2-apportion|aurus,ctrl_y,gyro-var2,8,18,0.7222,1.0,1.0,1.0
mrs-nsga2-apportion|aurus,cross,gyro-var2,10,27,0.8148,0.7407,1.0,0.8148
mrs-nsga2-apportion|aurus,cross,gyro-var2,11,27,0.8889,0.6667,0.8148,0.8148
mrs-nsga2-apportion|aurus,ctrl_x,gyro-var2,10,27,0.963,0.9259,1.0,0.8519
mrs-nsga2-apportion|aurus,ctrl_y,gyro-var2,10,27,0.7037,0.9259,1.0,1.0
mrs-nsga2-apportion|aurus,cross,gyro-var2,12,25,0.84,0.32,0.72,0.84
mrs-nsga2-apportion|aurus,cross,gyro-var2,13,25,0.92,0.56,0.96,0.8
mrs-nsga2-apportion|aurus,ctrl_x,gyro-var2,12,25,0.84,0.76,0.6,0.96
mrs-nsga2-apportion|aurus,ctrl_y,gyro-var2,12,25,0.8,0.72,1.0,0.92
mrs-nsga2-apportion|aurus,cross,gyro-var2,14,20,0.9,0.7,0.85,0.55
mrs-nsga2-apportion|aurus,cross,gyro-var2,15,20,0.9,0.8,1.0,0.95
mrs-nsga2-apportion|aurus,ctrl_x,gyro-var2,14,20,0.85,0.75,0.85,1.0
mrs-nsga2-apportion|aurus,ctrl_y,gyro-var2,14,20,1.0,0.95,0.85,1.0
mrs-nsga2-apportion|aurus,cross,gyro-var2,16,21,0.8095,0.8095,0.7619,0.7619
mrs-nsga2-apportion|aurus,cross,gyro-var2,17,21,0.619,0.4762,0.9048,0.619
mrs-nsga2-apportion|aurus,ctrl_x,gyro-var2,16,21,0.9524,1.0,0.9524,0.9524
mrs-nsga2-apportion|aurus,ctrl_y,gyro-var2,16,21,0.9524,0.6667,0.7143,1.0
mrs-nsga2-apportion|aurus,cross,gyro-var2,18,19,0.7895,0.5263,1.0,0.7368
mrs-nsga2-apportion|aurus,cross,gyro-var2,19,19,0.5789,0.8947,1.0,0.6316
mrs-nsga2-apportion|aurus,ctrl_x,gyro-var2,18,19,0.9474,0.6842,0.8947,1.0
mrs-nsga2-apportion|aurus,ctrl_y,gyro-var2,18,19,0.7895,0.6842,0.8947,1.0
mrs-nsga2-apportion|aurus,cross,gyro-var2,20,15,0.9333,0.6667,1.0,1.0
mrs-nsga2-apportion|aurus,cross,gyro-var2,21,15,0.4667,0.9333,1.0,1.0
mrs-nsga2-apportion|aurus,ctrl_x,gyro-var2,20,15,0.8667,0.3333,0.8667,1.0
mrs-nsga2-apportion|aurus,ctrl_y,gyro-var2,20,15,1.0,1.0,1.0,1.0
mrs-nsga2-apportion|aurus,cross,gyro-var2,22,16,0.875,0.6875,0.75,1.0
mrs-nsga2-apportion|aurus,cross,gyro-var2,23,16,0.875,0.625,0.8125,1.0
mrs-nsga2-apportion|aurus,ctrl_x,gyro-var2,22,16,0.625,0.9375,0.9375,1.0
mrs-nsga2-apportion|aurus,ctrl_y,gyro-var2,22,16,1.0,0.9375,1.0,1.0
mrs-nsga2-apportion|aurus,cross,gyro-var2,24,26,0.9615,0.6538,0.9231,0.8462
mrs-nsga2-apportion|aurus,cross,gyro-var2,25,26,0.9231,0.5,0.9615,1.0
mrs-nsga2-apportion|aurus,ctrl_x,gyro-var2,24,26,0.9231,0.8462,0.9615,0.8077
mrs-nsga2-apportion|aurus,ctrl_y,gyro-var2,24,26,0.6538,1.0,1.0,1.0
mrs-nsga2-apportion|aurus,cross,gyro-var2,26,12,0.6667,0.9167,0.5833,1.0
mrs-nsga2-apportion|aurus,cross,gyro-var2,27,12,0.9167,0.6667,1.0,0.6667
mrs-nsga2-apportion|aurus,ctrl_x,gyro-var2,26,12,0.5,0.8333,0.4167,1.0
mrs-nsga2-apportion|aurus,ctrl_y,gyro-var2,26,12,0.8333,0.9167,1.0,1.0
mrs-nsga2-apportion|aurus,cross,gyro-var2,28,22,1.0,0.9091,1.0,0.5
mrs-nsga2-apportion|aurus,cross,gyro-var2,29,22,0.9545,0.7727,0.9545,0.7727
mrs-nsga2-apportion|aurus,ctrl_x,gyro-var2,28,22,0.8636,0.8182,0.8182,0.9545
mrs-nsga2-apportion|aurus,ctrl_y,gyro-var2,28,22,0.8182,0.8182,1.0,0.8182
mrs-nsga2-apportion|aurus-nsga2-apportion,cross,gyro-var2,0,18,0.6111,0.7222,0.9444,1.0
mrs-nsga2-apportion|aurus-nsga2-apportion,cross,gyro-var2,1,18,0.7778,0.6667,0.9444,1.0
mrs-nsga2-apportion|aurus-nsga2-apportion,ctrl_x,gyro-var2,0,18,0.7778,0.8333,1.0,1.0
mrs-nsga2-apportion|aurus-nsga2-apportion,ctrl_y,gyro-var2,0,18,0.7222,0.7222,1.0,1.0
mrs-nsga2-apportion|aurus-nsga2-apportion,cross,gyro-var2,2,13,0.8462,0.5385,0.9231,1.0
mrs-nsga2-apportion|aurus-nsga2-apportion,cross,gyro-var2,3,13,1.0,0.6923,1.0,1.0
mrs-nsga2-apportion|aurus-nsga2-apportion,ctrl_x,gyro-var2,2,13,0.5385,0.7692,0.8462,1.0
mrs-nsga2-apportion|aurus-nsga2-apportion,ctrl_y,gyro-var2,2,13,0.9231,0.8462,1.0,1.0
mrs-nsga2-apportion|aurus-nsga2-apportion,cross,gyro-var2,4,13,0.7692,0.9231,1.0,0.8462
mrs-nsga2-apportion|aurus-nsga2-apportion,cross,gyro-var2,5,13,0.6154,0.8462,1.0,0.9231
mrs-nsga2-apportion|aurus-nsga2-apportion,ctrl_x,gyro-var2,4,13,0.9231,0.7692,1.0,1.0
mrs-nsga2-apportion|aurus-nsga2-apportion,ctrl_y,gyro-var2,4,13,0.7692,0.9231,1.0,1.0
mrs-nsga2-apportion|aurus-nsga2-apportion,cross,gyro-var2,6,13,1.0,1.0,1.0,1.0
mrs-nsga2-apportion|aurus-nsga2-apportion,cross,gyro-var2,7,13,0.9231,0.2308,0.9231,1.0
mrs-nsga2-apportion|aurus-nsga2-apportion,ctrl_x,gyro-var2,6,13,0.6154,0.8462,1.0,1.0
mrs-nsga2-apportion|aurus-nsga2-apportion,ctrl_y,gyro-var2,6,13,0.6923,0.8462,1.0,1.0
mrs-nsga2-apportion|aurus-nsga2-apportion,cross,gyro-var2,8,15,1.0,0.6,1.0,1.0
mrs-nsga2-apportion|aurus-nsga2-apportion,cross,gyro-var2,9,15,0.8667,0.8667,1.0,1.0
mrs-nsga2-apportion|aurus-nsga2-apportion,ctrl_x,gyro-var2,8,15,0.9333,0.6,0.8667,1.0
mrs-nsga2-apportion|aurus-nsga2-apportion,ctrl_y,gyro-var2,8,15,0.5333,0.6667,1.0,0.7333
mrs-nsga2-apportion|aurus-nsga2-apportion,cross,gyro-var2,10,14,0.9286,0.7857,0.9286,1.0
mrs-nsga2-apportion|aurus-nsga2-apportion,cross,gyro-var2,11,14,0.8571,0.7143,1.0,1.0
mrs-nsga2-apportion|aurus-nsga2-apportion,ctrl_x,gyro-var2,10,14,0.9286,0.7857,0.9286,1.0
mrs-nsga2-apportion|aurus-nsga2-apportion,ctrl_y,gyro-var2,10,14,0.9286,0.8571,1.0,1.0
mrs-nsga2-apportion|aurus-nsga2-apportion,cross,gyro-var2,12,12,0.9167,0.5,1.0,0.3333
mrs-nsga2-apportion|aurus-nsga2-apportion,cross,gyro-var2,13,12,0.8333,0.8333,1.0,0.8333
mrs-nsga2-apportion|aurus-nsga2-apportion,ctrl_x,gyro-var2,12,12,0.75,0.6667,0.8333,0.9167
mrs-nsga2-apportion|aurus-nsga2-apportion,ctrl_y,gyro-var2,12,12,1.0,0.6667,1.0,1.0
mrs-nsga2-apportion|aurus-nsga2-apportion,cross,gyro-var2,14,16,0.9375,0.6875,0.9375,0.75
mrs-nsga2-apportion|aurus-nsga2-apportion,cross,gyro-var2,15,16,0.875,0.8125,1.0,1.0
mrs-nsga2-apportion|aurus-nsga2-apportion,ctrl_x,gyro-var2,14,16,0.6875,0.75,0.8125,1.0
mrs-nsga2-apportion|aurus-nsga2-apportion,ctrl_y,gyro-var2,14,16,1.0,0.8125,0.9375,1.0
mrs-nsga2-apportion|aurus-nsga2-apportion,cross,gyro-var2,16,19,0.8421,0.8421,0.7895,0.8947
mrs-nsga2-apportion|aurus-nsga2-apportion,cross,gyro-var2,17,19,0.8421,0.7368,1.0,0.7368
mrs-nsga2-apportion|aurus-nsga2-apportion,ctrl_x,gyro-var2,16,19,0.5789,0.8947,0.7368,0.8421
mrs-nsga2-apportion|aurus-nsga2-apportion,ctrl_y,gyro-var2,16,19,0.8947,0.8947,0.6842,1.0
mrs-nsga2-apportion|aurus-nsga2-apportion,cross,gyro-var2,18,17,0.8824,1.0,1.0,1.0
mrs-nsga2-apportion|aurus-nsga2-apportion,cross,gyro-var2,19,17,0.7647,0.9412,1.0,0.8824
mrs-nsga2-apportion|aurus-nsga2-apportion,ctrl_x,gyro-var2,18,17,0.9412,0.7059,1.0,1.0
mrs-nsga2-apportion|aurus-nsga2-apportion,ctrl_y,gyro-var2,18,17,0.8235,1.0,1.0,1.0
mrs-nsga2-apportion|aurus-nsga2-apportion,cross,gyro-var2,20,15,0.7333,0.8667,0.8667,1.0
mrs-nsga2-apportion|aurus-nsga2-apportion,cross,gyro-var2,21,15,0.6667,0.8667,1.0,1.0
mrs-nsga2-apportion|aurus-nsga2-apportion,ctrl_x,gyro-var2,20,15,0.8667,0.3333,0.8667,1.0
mrs-nsga2-apportion|aurus-nsga2-apportion,ctrl_y,gyro-var2,20,15,0.5333,0.9333,0.9333,1.0
mrs-nsga2-apportion|aurus-nsga2-apportion,cross,gyro-var2,22,12,0.75,0.8333,1.0,1.0
mrs-nsga2-apportion|aurus-nsga2-apportion,cross,gyro-var2,23,12,1.0,0.75,1.0,1.0
mrs-nsga2-apportion|aurus-nsga2-apportion,ctrl_x,gyro-var2,22,12,0.5833,0.8333,1.0,1.0
mrs-nsga2-apportion|aurus-nsga2-apportion,ctrl_y,gyro-var2,22,12,0.6667,0.9167,1.0,1.0
mrs-nsga2-apportion|aurus-nsga2-apportion,cross,gyro-var2,24,8,0.875,0.75,1.0,1.0
mrs-nsga2-apportion|aurus-nsga2-apportion,cross,gyro-var2,25,8,0.875,0.75,1.0,1.0
mrs-nsga2-apportion|aurus-nsga2-apportion,ctrl_x,gyro-var2,24,8,0.875,0.5,1.0,1.0
mrs-nsga2-apportion|aurus-nsga2-apportion,ctrl_y,gyro-var2,24,8,0.75,0.25,1.0,1.0
mrs-nsga2-apportion|aurus-nsga2-apportion,cross,gyro-var2,26,12,0.9167,0.6667,0.4167,1.0
mrs-nsga2-apportion|aurus-nsga2-apportion,cross,gyro-var2,27,12,0.9167,0.75,1.0,0.25
mrs-nsga2-apportion|aurus-nsga2-apportion,ctrl_x,gyro-var2,26,12,0.5,0.8333,0.4167,1.0
mrs-nsga2-apportion|aurus-nsga2-apportion,ctrl_y,gyro-var2,26,12,0.9167,0.4167,0.1667,1.0
mrs-nsga2-apportion|aurus-nsga2-apportion,cross,gyro-var2,28,13,1.0,0.7692,1.0,1.0
mrs-nsga2-apportion|aurus-nsga2-apportion,cross,gyro-var2,29,13,0.9231,0.7692,1.0,1.0
mrs-nsga2-apportion|aurus-nsga2-apportion,ctrl_x,gyro-var2,28,13,0.6923,1.0,0.6923,0.9231
mrs-nsga2-apportion|aurus-nsga2-apportion,ctrl_y,gyro-var2,28,13,1.0,0.8462,1.0,1.0
mrs-nsga2-apportion|mrs-weighted,cross,gyro-var2,0,26,0.3846,0.9231,0.9615,0.6154
mrs-nsga2-apportion|mrs-weighted,cross,gyro-var2,1,26,0.5,1.0,0.9231,0.8846
mrs-nsga2-apportion|mrs-weighted,ctrl_x,gyro-var2,0,26,0.7308,0.6923,1.0,0.9231
mrs-nsga2-apportion|mrs-weighted,ctrl_y,gyro-var2,0,26,0.9231,0.8077,1.0,0.6923
mrs-nsga2-apportion|mrs-weighted,cross,gyro-var2,2,19,0.9474,0.6842,0.7368,1.0
mrs-nsga2-apportion|mrs-weighted,cross,gyro-var2,3,19,0.7368,0.8421,1.0,0.9474
mrs-nsga2-apportion|mrs-weighted,ctrl_x,gyro-var2,2,19,0.7368,0.9474,1.0,1.0
mrs-nsga2-apportion|mrs-weighted,ctrl_y,gyro-var2,2,19,0.8947,0.9474,1.0,1.0
mrs-nsga2-apportion|mrs-weighted,cross,gyro-var2,4,23,0.7391,0.8261,1.0,0.913
mrs-nsga2-apportion|mrs-weighted,cross,gyro-var2,5,23,0.5652,1.0,0.8261,0.8261
mrs-nsga2-apportion|mrs-weighted,ctrl_x,gyro-var2,4,23,1.0,0.9565,1.0,1.0
mrs-nsga2-apportion|mrs-weighted,ctrl_y,gyro-var2,4,23,0.913,0.7826,0.8696,0.9565
mrs-nsga2-apportion|mrs-weighted,cross,gyro-var2,6,20,0.6,0.4,0.65,0.95
mrs-nsga2-apportion|mrs-weighted,cross,gyro-var2,7,20,0.65,1.0,0.85,0.95
mrs-nsga2-apportion|mrs-weighted,ctrl_x,gyro-var2,6,20,0.8,0.7,0.8,0.95
mrs-nsga2-apportion|mrs-weighted,ctrl_y,gyro-var2,6,20,0.75,0.9,0.95,0.95
mrs-nsga2-apportion|mrs-weighted,cross,gyro-var2,8,18,0.6111,0.7778,0.8889,1.0
mrs-nsga2-apportion|mrs-weighted,cross,gyro-var2,9,18,0.4444,0.9444,0.9444,0.2222
mrs-nsga2-apportion|mrs-weighted,ctrl_x,gyro-var2,8,18,1.0,0.6667,0.8889,1.0
mrs-nsga2-apportion|mrs-weighted,ctrl_y,gyro-var2,8,18,0.8333,0.9444,0.3333,0.6111
mrs-nsga2-apportion|mrs-weighted,cross,gyro-var2,10,27,0.5185,0.963,0.8148,0.7778
mrs-nsga2-apportion|mrs-weighted,cross,gyro-var2,11,27,0.8889,0.9259,0.8519,0.8519
mrs-nsga2-apportion|mrs-weighted,ctrl_x,gyro-var2,10,27,0.963,0.9259,1.0,0.8519
mrs-nsga2-apportion|mrs-weighted,ctrl_y,gyro-var2,10,27,0.7778,0.8519,0.9259,0.963
mrs-nsga2-apportion|mrs-weighted,cross,gyro-var2,12,25,0.76,0.84,0.6,0.64
mrs-nsga2-apportion|mrs-weighted,cross,gyro-var2,13,25,0.76,0.92,0.96,0.76
mrs-nsga2-apportion|mrs-weighted,ctrl_x,gyro-var2,12,25,0.84,0.76,0.6,0.96
mrs-nsga2-apportion|mrs-weighted,ctrl_y,gyro-var2,12,25,0.92,0.92,0.84,1.0
mrs-nsga2-apportion|mrs-weighted,cross,gyro-var2,14,20,0.85,0.65,0.85,0.9
mrs-nsga2-apportion|mrs-weighted,cross,gyro-var2,15,20,0.55,0.95,1.0,0.8
mrs-nsga2-apportion|mrs-weighted,ctrl_x,gyro-var2,14,20,0.85,0.75,0.85,1.0
mrs-nsga2-apportion|mrs-weighted,ctrl_y,gyro-var2,14,20,0.9,0.85,1.0,0.95
mrs-nsga2-apportion|mrs-weighted,cross,gyro-var2,16,21,0.5714,0.9524,0.7619,0.7619
mrs-nsga2-apportion|mrs-weighted,cross,gyro-var2,17,21,0.7143,0.9048,1.0,0.8571
mrs-nsga2-apportion|mrs-weighted,ctrl_x,gyro-var2,16,21,0.9524,1.0,0.9524,0.9524
mrs-nsga2-apportion|mrs-weighted,ctrl_y,gyro-var2,16,21,0.6667,0.4762,0.381,0.5238
mrs-nsga2-apportion|mrs-weighted,cross,gyro-var2,18,19,0.6842,1.0,1.0,0.5789
mrs-nsga2-apportion|mrs-weighted,cross,gyro-var2,19,19,0.5263,1.0,1.0,1.0
mrs-nsga2-apportion|mrs-weighted,ctrl_x,gyro-var2,18,19,0.9474,0.6842,0.8947,1.0
mrs-nsga2-apportion|mrs-weighted,ctrl_y,gyro-var2,18,19,0.9474,0.5789,1.0,0.5789
mrs-nsga2-apportion|mrs-weighted,cross,gyro-var2,20,15,0.5333,1.0,0.9333,0.9333
mrs-nsga2-apportion|mrs-weighted,cross,gyro-var2,21,15,0.4,0.9333,1.0,0.7333
mrs-nsga2-apportion|mrs-weighted,ctrl_x,gyro-var2,20,15,0.8667,0.3333,0.8667,1.0
mrs-nsga2-apportion|mrs-weighted,ctrl_y,gyro-var2,20,15,0.8,0.6,1.0,1.0
mrs-nsga2-apportion|mrs-weighted,cross,gyro-var2,22,16,0.5,0.6875,0.75,0.875
mrs-nsga2-apportion|mrs-weighted,cross,gyro-var2,23,16,1.0,0.6875,1.0,0.875
mrs-nsga2-apportion|mrs-weighted,ctrl_x,gyro-var2,22,16,0.625,0.9375,0.9375,1.0
mrs-nsga2-apportion|mrs-weighted,ctrl_y,gyro-var2,22,16,0.8125,0.875,0.375,1.0
mrs-nsga2-apportion|mrs-weighted,cross,gyro-var2,24,26,0.6923,0.8462,1.0,0.8846
mrs-nsga2-apportion|mrs-weighted,cross,gyro-var2,25,26,0.6154,1.0,1.0,0.6923
mrs-nsga2-apportion|mrs-weighted,ctrl_x,gyro-var2,24,26,0.9231,0.8462,0.9615,0.8077
mrs-nsga2-apportion|mrs-weighted,ctrl_y,gyro-var2,24,26,0.8462,0.9615,1.0,1.0
mrs-nsga2-apportion|mrs-weighted,cross,gyro-var2,26,12,0.4167,1.0,0.4167,0.9167
mrs-nsga2-apportion|mrs-weighted,cross,gyro-var2,27,12,0.9167,0.9167,0.3333,0.3333
mrs-nsga2-apportion|mrs-weighted,ctrl_x,gyro-var2,26,12,0.5,0.8333,0.4167,1.0
mrs-nsga2-apportion|mrs-weighted,ctrl_y,gyro-var2,26,12,0.6667,1.0,0.4167,0.3333
mrs-nsga2-apportion|mrs-weighted,cross,gyro-var2,28,22,0.6364,0.9091,1.0,0.9545
mrs-nsga2-apportion|mrs-weighted,cross,gyro-var2,29,22,0.5909,0.7727,0.8182,0.7727
mrs-nsga2-apportion|mrs-weighted,ctrl_x,gyro-var2,28,22,0.8636,0.8182,0.8182,0.9545
mrs-nsga2-apportion|mrs-weighted,ctrl_y,gyro-var2,28,22,0.7727,0.8182,0.8636,0.8636
aurus-nsga2-apportion|aurus,cross,gyro-var2,0,18,0.8333,0.6111,1.0,1.0
aurus-nsga2-apportion|aurus,cross,gyro-var2,1,18,0.7778,0.7778,1.0,0.8333
aurus-nsga2-apportion|aurus,ctrl_x,gyro-var2,0,18,0.7222,0.7222,1.0,1.0
aurus-nsga2-apportion|aurus,ctrl_y,gyro-var2,0,18,1.0,0.8889,1.0,0.6667
aurus-nsga2-apportion|aurus,cross,gyro-var2,2,13,1.0,0.6923,1.0,0.9231
aurus-nsga2-apportion|aurus,cross,gyro-var2,3,13,0.5385,0.8462,1.0,0.8462
aurus-nsga2-apportion|aurus,ctrl_x,gyro-var2,2,13,0.9231,0.9231,1.0,1.0
aurus-nsga2-apportion|aurus,ctrl_y,gyro-var2,2,13,1.0,0.6923,0.9231,0.9231
aurus-nsga2-apportion|aurus,cross,gyro-var2,6,13,0.4615,0.9231,1.0,0.6923
aurus-nsga2-apportion|aurus,cross,gyro-var2,7,13,1.0,0.8462,1.0,0.7692
aurus-nsga2-apportion|aurus,ctrl_x,gyro-var2,6,13,0.7692,0.6154,0.6154,1.0
aurus-nsga2-apportion|aurus,ctrl_y,gyro-var2,6,13,1.0,0.9231,1.0,0.6923
aurus-nsga2-apportion|aurus,cross,gyro-var2,8,15,0.8667,0.8,1.0,1.0
aurus-nsga2-apportion|aurus,cross,gyro-var2,9,15,0.7333,0.7333,1.0,0.6667
aurus-nsga2-apportion|aurus,ctrl_x,gyro-var2,8,15,0.5333,0.8,1.0,0.8
aurus-nsga2-apportion|aurus,ctrl_y,gyro-var2,8,15,0.8,0.8667,1.0,0.9333
aurus-nsga2-apportion|aurus,cross,gyro-var2,10,14,0.7143,0.7857,1.0,1.0
aurus-nsga2-apportion|aurus,cross,gyro-var2,11,14,0.7143,0.8571,1.0,1.0
aurus-nsga2-apportion|aurus,ctrl_x,gyro-var2,10,14,0.9286,1.0,1.0,1.0
aurus-nsga2-apportion|aurus,ctrl_y,gyro-var2,10,14,1.0,0.8571,1.0,1.0
aurus-nsga2-apportion|aurus,cross,gyro-var2,12,12,0.9167,0.75,1.0,0.9167
aurus-nsga2-apportion|aurus,cross,gyro-var2,13,12,0.9167,0.5,1.0,0.5833
aurus-nsga2-apportion|aurus,ctrl_x,gyro-var2,12,12,0.9167,0.6667,0.9167,1.0
aurus-nsga2-apportion|aurus,ctrl_y,gyro-var2,12,12,0.9167,0.5833,1.0,1.0
aurus-nsga2-apportion|aurus,cross,gyro-var2,14,16,0.9375,0.875,1.0,0.875
aurus-nsga2-apportion|aurus,cross,gyro-var2,15,16,0.6875,0.625,0.75,0.8125
aurus-nsga2-apportion|aurus,ctrl_x,gyro-var2,14,16,1.0,0.8125,0.9375,1.0
aurus-nsga2-apportion|aurus,ctrl_y,gyro-var2,14,16,0.9375,1.0,1.0,1.0
aurus-nsga2-apportion|aurus,cross,gyro-var2,16,19,0.6842,0.7368,0.6842,0.7368
aurus-nsga2-apportion|aurus,cross,gyro-var2,17,19,0.6842,0.7895,1.0,0.7368
aurus-nsga2-apportion|aurus,ctrl_x,gyro-var2,16,19,0.9474,0.8947,0.6842,0.8947
aurus-nsga2-apportion|aurus,ctrl_y,gyro-var2,16,19,1.0,0.7895,0.6842,1.0
aurus-nsga2-apportion|aurus,cross,gyro-var2,18,17,0.8235,0.7059,0.8824,0.8235
aurus-nsga2-apportion|aurus,cross,gyro-var2,19,17,0.9412,0.7647,1.0,0.5882
aurus-nsga2-apportion|aurus,ctrl_x,gyro-var2,18,17,0.8235,1.0,0.8824,1.0
aurus-nsga2-apportion|aurus,ctrl_y,gyro-var2,18,17,0.6471,0.9412,0.7059,0.9412
aurus-nsga2-apportion|aurus,cross,gyro-var2,20,17,0.7059,0.7647,1.0,1.0
aurus-nsga2-apportion|aurus,cross,gyro-var2,21,17,0.9412,0.6471,1.0,1.0
aurus-nsga2-apportion|aurus,ctrl_x,gyro-var2,20,17,0.5294,0.9412,0.8235,1.0
aurus-nsga2-apportion|aurus,ctrl_y,gyro-var2,20,17,0.9412,1.0,1.0,1.0
aurus-nsga2-apportion|aurus,cross,gyro-var2,22,12,0.4167,0.6667,1.0,0.9167
aurus-nsga2-apportion|aurus,cross,gyro-var2,23,12,1.0,0.5833,1.0,0.9167
aurus-nsga2-apportion|aurus,ctrl_x,gyro-var2,22,12,0.6667,0.9167,1.0,1.0
aurus-nsga2-apportion|aurus,ctrl_y,gyro-var2,22,12,1.0,0.6667,1.0,0.6667
aurus-nsga2-apportion|aurus,cross,gyro-var2,24,8,0.5,0.875,1.0,0.875
aurus-nsga2-apportion|aurus,cross,gyro-var2,25,8,0.875,0.875,1.0,0.875
aurus-nsga2-apportion|aurus,ctrl_x,gyro-var2,24,8,0.75,0.5,1.0,1.0
aurus-nsga2-apportion|aurus,ctrl_y,gyro-var2,24,8,0.875,0.875,1.0,1.0
aurus-nsga2-apportion|aurus,cross,gyro-var2,26,15,1.0,0.2,0.2667,1.0
aurus-nsga2-apportion|aurus,cross,gyro-var2,27,15,0.7333,1.0,1.0,1.0
aurus-nsga2-apportion|aurus,ctrl_x,gyro-var2,26,15,0.9333,0.9333,0.6,1.0
aurus-nsga2-apportion|aurus,ctrl_y,gyro-var2,26,15,0.9333,0.8667,0.9333,1.0
aurus-nsga2-apportion|aurus,cross,gyro-var2,28,13,1.0,0.8462,1.0,0.7692
aurus-nsga2-apportion|aurus,cross,gyro-var2,29,13,0.7692,0.8462,1.0,1.0
aurus-nsga2-apportion|aurus,ctrl_x,gyro-var2,28,13,1.0,0.8462,1.0,1.0
aurus-nsga2-apportion|aurus,ctrl_y,gyro-var2,28,13,0.6923,0.9231,0.4615,0.6923
mrs-nsga2-apportion|aurus,cross,humanoid-458,0,17,0.8824,0.5294,0.8824,0.8235
mrs-nsga2-apportion|aurus,cross,humanoid-458,1,17,0.8235,0.2353,0.5294,0.5294
mrs-nsga2-apportion|aurus,ctrl_x,humanoid-458,0,17,0.7647,0.6471,0.8824,1.0
mrs-nsga2-apportion|aurus,ctrl_y,humanoid-458,0,17,0.6471,0.7647,1.0,1.0
mrs-nsga2-apportion|aurus,cross,humanoid-458,2,15,1.0,0.8667,0.8667,0.5333
mrs-nsga2-apportion|aurus,cross,humanoid-458,3,15,0.7333,0.3333,0.8,0.4667
mrs-nsga2-apportion|aurus,ctrl_x,humanoid-458,2,15,0.9333,0.4667,0.9333,0.7333
mrs-nsga2-apportion|aurus,ctrl_y,humanoid-458,2,15,0.7333,0.8667,1.0,0.6667
mrs-nsga2-apportion|aurus,cross,humanoid-458,4,13,0.6154,0.8462,0.6923,0.2308
mrs-nsga2-apportion|aurus,cross,humanoid-458,5,13,0.8462,0.4615,1.0,0.6154
mrs-nsga2-apportion|aurus,ctrl_x,humanoid-458,4,13,0.6154,0.7692,1.0,1.0
mrs-nsga2-apportion|aurus,ctrl_y,humanoid-458,4,13,1.0,0.5385,1.0,1.0
mrs-nsga2-apportion|aurus,cross,humanoid-458,6,14,0.5714,0.5,0.9286,0.9286
mrs-nsga2-apportion|aurus,cross,humanoid-458,7,14,1.0,0.8571,0.9286,0.2143
mrs-nsga2-apportion|aurus,ctrl_x,humanoid-458,6,14,0.5,0.6429,0.7857,0.7857
mrs-nsga2-apportion|aurus,ctrl_y,humanoid-458,6,14,1.0,1.0,0.4286,0.9286
mrs-nsga2-apportion|aurus,cross,humanoid-458,8,10,0.6,0.9,0.9,0.9
mrs-nsga2-apportion|aurus,cross,humanoid-458,9,10,0.5,0.8,1.0,0.8
mrs-nsga2-apportion|aurus,ctrl_x,humanoid-458,8,10,1.0,0.0,0.4,0.0
mrs-nsga2-apportion|aurus,ctrl_y,humanoid-458,8,10,1.0,0.9,1.0,0.8
mrs-nsga2-apportion|aurus,cross,humanoid-458,10,12,1.0,0.3333,0.75,0.3333
mrs-nsga2-apportion|aurus,cross,humanoid-458,11,12,1.0,0.6667,0.6667,1.0
mrs-nsga2-apportion|aurus,ctrl_x,humanoid-458,10,12,0.8333,0.8333,1.0,0.3333
mrs-nsga2-apportion|aurus,ctrl_y,humanoid-458,10,12,0.9167,0.75,1.0,1.0
mrs-nsga2-apportion|aurus,cross,humanoid-458,12,14,0.8571,0.8571,1.0,0.5
mrs-nsga2-apportion|aurus,cross,humanoid-458,13,14,1.0,0.1429,0.7143,0.6429
mrs-nsga2-apportion|aurus,ctrl_x,humanoid-458,12,14,0.7857,0.9286,1.0,1.0
mrs-nsga2-apportion|aurus,ctrl_y,humanoid-458,12,14,0.8571,0.8571,1.0,0.9286
mrs-nsga2-apportion|aurus,cross,humanoid-458,14,24,0.7917,0.125,0.625,0.5
mrs-nsga2-apportion|aurus,cross,humanoid-458,15,24,0.9583,0.7917,0.9167,0.75
mrs-nsga2-apportion|aurus,ctrl_x,humanoid-458,14,24,0.6667,0.9167,0.6667,0.9583
mrs-nsga2-apportion|aurus,ctrl_y,humanoid-458,14,24,0.875,0.4583,0.75,0.5833
mrs-nsga2-apportion|aurus,cross,humanoid-458,16,10,0.3,1.0,1.0,0.3
mrs-nsga2-apportion|aurus,cross,humanoid-458,17,10,1.0,0.5,1.0,0.5
mrs-nsga2-apportion|aurus,ctrl_x,humanoid-458,16,10,0.5,0.9,1.0,1.0
mrs-nsga2-apportion|aurus,ctrl_y,humanoid-458,16,10,0.8,0.9,1.0,1.0
mrs-nsga2-apportion|aurus,cross,humanoid-458,18,13,1.0,0.3077,1.0,0.5385
mrs-nsga2-apportion|aurus,cross,humanoid-458,19,13,1.0,0.3846,1.0,0.8462
mrs-nsga2-apportion|aurus,ctrl_x,humanoid-458,18,13,0.7692,0.9231,0.8462,1.0
mrs-nsga2-apportion|aurus,ctrl_y,humanoid-458,18,13,0.9231,0.5385,1.0,1.0
mrs-nsga2-apportion|aurus,cross,humanoid-458,20,15,0.9333,1.0,0.8667,0.1333
mrs-nsga2-apportion|aurus,cross,humanoid-458,21,15,0.8,0.9333,0.8667,0.3333
mrs-nsga2-apportion|aurus,ctrl_x,humanoid-458,20,15,0.8667,0.8,0.4667,1.0
mrs-nsga2-apportion|aurus,ctrl_y,humanoid-458,20,15,0.6667,0.9333,0.7333,0.8
mrs-nsga2-apportion|aurus,cross,humanoid-458,22,17,0.5294,0.3529,0.8824,0.2353
mrs-nsga2-apportion|aurus,cross,humanoid-458,23,17,0.8824,0.2353,0.8235,0.5882
mrs-nsga2-apportion|aurus,ctrl_x,humanoid-458,22,17,0.6471,0.2353,0.5294,0.6471
mrs-nsga2-apportion|aurus,ctrl_y,humanoid-458,22,17,0.7059,0.8235,1.0,1.0
mrs-nsga2-apportion|aurus,cross,humanoid-458,24,10,0.9,0.6,0.6,0.6
mrs-nsga2-apportion|aurus,cross,humanoid-458,25,10,0.8,0.8,1.0,1.0
mrs-nsga2-apportion|aurus,ctrl_x,humanoid-458,24,10,0.6,0.8,0.8,0.7
mrs-nsga2-apportion|aurus,ctrl_y,humanoid-458,24,10,0.8,1.0,1.0,1.0
mrs-nsga2-apportion|aurus,cross,humanoid-458,26,12,0.9167,0.4167,1.0,0.4167
mrs-nsga2-apportion|aurus,cross,humanoid-458,27,12,1.0,0.5,0.9167,0.9167
mrs-nsga2-apportion|aurus,ctrl_x,humanoid-458,26,12,0.5833,1.0,1.0,0.8333
mrs-nsga2-apportion|aurus,ctrl_y,humanoid-458,26,12,0.5833,0.75,1.0,0.5833
mrs-nsga2-apportion|aurus,cross,humanoid-458,28,10,0.6,0.9,0.7,0.9
mrs-nsga2-apportion|aurus,cross,humanoid-458,29,10,1.0,1.0,0.7,0.6
mrs-nsga2-apportion|aurus,ctrl_x,humanoid-458,28,10,0.2,0.8,0.8,0.7
mrs-nsga2-apportion|aurus,ctrl_y,humanoid-458,28,10,0.7,1.0,0.2,1.0
mrs-nsga2-apportion|aurus-nsga2-apportion,cross,humanoid-458,0,18,0.7222,0.8889,1.0,0.7778
mrs-nsga2-apportion|aurus-nsga2-apportion,cross,humanoid-458,1,18,0.5,0.3333,0.5,0.6111
mrs-nsga2-apportion|aurus-nsga2-apportion,ctrl_x,humanoid-458,0,18,0.8889,0.7778,1.0,0.9444
mrs-nsga2-apportion|aurus-nsga2-apportion,ctrl_y,humanoid-458,0,18,0.5556,0.6111,0.6667,0.3889
mrs-nsga2-apportion|aurus-nsga2-apportion,cross,humanoid-458,2,9,0.8889,0.8889,1.0,1.0
mrs-nsga2-apportion|aurus-nsga2-apportion,cross,humanoid-458,3,9,0.5556,0.3333,0.7778,0.8889
mrs-nsga2-apportion|aurus-nsga2-apportion,ctrl_x,humanoid-458,2,9,1.0,0.5556,1.0,0.3333
mrs-nsga2-apportion|aurus-nsga2-apportion,ctrl_y,humanoid-458,2,9,0.6667,0.4444,0.8889,0.8889
mrs-nsga2-apportion|aurus-nsga2-apportion,cross,humanoid-458,4,18,0.6111,0.6111,0.6111,0.8889
mrs-nsga2-apportion|aurus-nsga2-apportion,cross,humanoid-458,5,18,0.9444,0.6667,1.0,1.0
mrs-nsga2-apportion|aurus-nsga2-apportion,ctrl_x,humanoid-458,4,18,0.6667,0.8889,0.7778,1.0
mrs-nsga2-apportion|aurus-nsga2-apportion,ctrl_y,humanoid-458,4,18,0.7778,0.6667,0.9444,0.8333
mrs-nsga2-apportion|aurus-nsga2-apportion,cross,humanoid-458,6,7,1.0,0.4286,1.0,1.0
mrs-nsga2-apportion|aurus-nsga2-apportion,cross,humanoid-458,7,7,1.0,1.0,1.0,1.0
mrs-nsga2-apportion|aurus-nsga2-apportion,ctrl_x,humanoid-458,6,7,0.4286,1.0,1.0,1.0
mrs-nsga2-apportion|aurus-nsga2-apportion,ctrl_y,humanoid-458,6,7,0.8571,0.4286,1.0,1.0
mrs-nsga2-apportion|aurus-nsga2-apportion,cross,humanoid-458,8,15,0.6667,0.9333,0.5333,0.8667
mrs-nsga2-apportion|aurus-nsga2-apportion,cross,humanoid-458,9,15,0.5333,0.2667,0.8,0.8
mrs-nsga2-apportion|aurus-nsga2-apportion,ctrl_x,humanoid-458,8,15,0.8,0.4,0.4,0.8
mrs-nsga2-apportion|aurus-nsga2-apportion,ctrl_y,humanoid-458,8,15,0.4667,0.8,0.8667,0.9333
mrs-nsga2-apportion|aurus-nsga2-apportion,cross,humanoid-458,10,12,1.0,0.1667,0.4167,0.1667
mrs-nsga2-apportion|aurus-nsga2-apportion,cross,humanoid-458,11,12,0.75,0.8333,1.0,1.0
mrs-nsga2-apportion|aurus-nsga2-apportion,ctrl_x,humanoid-458,10,12,0.8333,0.8333,1.0,0.3333
mrs-nsga2-apportion|aurus-nsga2-apportion,ctrl_y,humanoid-458,10,12,0.8333,0.5,0.8333,1.0
mrs-nsga2-apportion|aurus-nsga2-apportion,cross,humanoid-458,12,4,1.0,1.0,1.0,1.0
mrs-nsga2-apportion|aurus-nsga2-apportion,cross,humanoid-458,13,4,1.0,0.5,1.0,1.0
mrs-nsga2-apportion|aurus-nsga2-apportion,ctrl_x,humanoid-458,12,4,1.0,1.0,1.0,1.0
mrs-nsga2-apportion|aurus-nsga2-apportion,ctrl_y,humanoid-458,12,4,0.75,1.0,1.0,1.0
mrs-nsga2-apportion|aurus-nsga2-apportion,cross,humanoid-458,16,19,0.3684,0.5263,0.7368,0.4737
mrs-nsga2-apportion|aurus-nsga2-apportion,cross,humanoid-458,17,19,0.7368,0.7895,0.7895,1.0
mrs-nsga2-apportion|aurus-nsga2-apportion,ctrl_x,humanoid-458,16,19,0.7368,0.7895,0.7895,0.7368
mrs-nsga2-apportion|aurus-nsga2-apportion,ctrl_y,humanoid-458,16,19,0.9474,0.5263,1.0,0.3684
mrs-nsga2-apportion|aurus-nsga2-apportion,cross,humanoid-458,18,11,1.0,0.6364,1.0,0.8182
mrs-nsga2-apportion|aurus-nsga2-apportion,cross,humanoid-458,19,11,0.6364,0.6364,1.0,0.7273
mrs-nsga2-apportion|aurus-nsga2-apportion,ctrl_x,humanoid-458,18,11,1.0,0.9091,0.5455,0.9091
mrs-nsga2-apportion|aurus-nsga2-apportion,ctrl_y,humanoid-458,18,11,0.7273,0.6364,1.0,1.0
mrs-nsga2-apportion|aurus-nsga2-apportion,cross,humanoid-458,20,14,1.0,0.3571,0.8571,0.3571
mrs-nsga2-apportion|aurus-nsga2-apportion,cross,humanoid-458,21,14,0.6429,0.9286,0.9286,0.5
mrs-nsga2-apportion|aurus-nsga2-apportion,ctrl_x,humanoid-458,20,14,0.9286,0.5,0.7857,0.7143
mrs-nsga2-apportion|aurus-nsga2-apportion,ctrl_y,humanoid-458,20,14,0.8571,0.6429,0.9286,0.7143
mrs-nsga2-apportion|aurus-nsga2-apportion,cross,humanoid-458,22,13,0.6923,0.3846,0.6154,0.9231
mrs-nsga2-apportion|aurus-nsga2-apportion,cross,humanoid-458,23,13,0.4615,0.9231,0.9231,0.6154
mrs-nsga2-apportion|aurus-nsga2-apportion,ctrl_x,humanoid-458,22,13,0.6923,0.6154,0.6923,0.8462
mrs-nsga2-apportion|aurus-nsga2-apportion,ctrl_y,humanoid-458,22,13,0.8462,0.7692,0.3846,0.8462
mrs-nsga2-apportion|aurus-nsga2-apportion,cross,humanoid-458,24,10,0.7,0.8,0.6,1.0
mrs-nsga2-apportion|aurus-nsga2-apportion,cross,humanoid-458,25,10,0.6,0.3,1.0,1.0
mrs-nsga2-apportion|aurus-nsga2-apportion,ctrl_x,humanoid-458,24,10,0.6,0.8,0.8,0.7
mrs-nsga2-apportion|aurus-nsga2-apportion,ctrl_y,humanoid-458,24,10,0.4,1.0,1.0,1.0
mrs-nsga2-apportion|aurus-nsga2-apportion,cross,humanoid-458,26,8,1.0,0.625,0.875,0.625
mrs-nsga2-apportion|aurus-nsga2-apportion,cross,humanoid-458,27,8,1.0,0.125,1.0,1.0
mrs-nsga2-apportion|aurus-nsga2-apportion,ctrl_x,humanoid-458,26,8,0.625,0.625,0.5,1.0
mrs-nsga2-apportion|aurus-nsga2-apportion,ctrl_y,humanoid-458,26,8,0.0,1.0,0.0,0.5
mrs-nsga2-apportion|aurus-nsga2-apportion,cross,humanoid-458,28,6,0.5,1.0,0.5,1.0
mrs-nsga2-apportion|aurus-nsga2-apportion,cross,humanoid-458,29,6,0.8333,0.0,0.5,0.0
mrs-nsga2-apportion|aurus-nsga2-apportion,ctrl_x,humanoid-458,28,6,0.3333,1.0,1.0,1.0
mrs-nsga2-apportion|aurus-nsga2-apportion,ctrl_y,humanoid-458,28,6,0.8333,1.0,1.0,1.0
mrs-nsga2-apportion|mrs-weighted,cross,humanoid-458,0,26,0.1538,0.7308,0.1154,0.3462
mrs-nsga2-apportion|mrs-weighted,cross,humanoid-458,1,26,0.3077,0.8077,0.3077,0.4231
mrs-nsga2-apportion|mrs-weighted,ctrl_x,humanoid-458,0,26,0.8077,0.5385,0.9615,0.8462
mrs-nsga2-apportion|mrs-weighted,ctrl_y,humanoid-458,0,26,0.5,0.6538,0.3077,0.3462
mrs-nsga2-apportion|mrs-weighted,cross,humanoid-458,2,22,0.6364,0.7727,0.9545,0.8182
mrs-nsga2-apportion|mrs-weighted,cross,humanoid-458,3,22,0.4545,0.8636,0.7273,1.0
mrs-nsga2-apportion|mrs-weighted,ctrl_x,humanoid-458,2,22,0.5,0.5909,0.9091,0.5455
mrs-nsga2-apportion|mrs-weighted,ctrl_y,humanoid-458,2,22,0.9091,0.6364,1.0,1.0
mrs-nsga2-apportion|mrs-weighted,cross,humanoid-458,4,22,0.4091,0.8636,0.6818,1.0
mrs-nsga2-apportion|mrs-weighted,cross,humanoid-458,5,22,0.7273,0.9091,0.6818,0.8182
mrs-nsga2-apportion|mrs-weighted,ctrl_x,humanoid-458,4,22,0.6364,0.8636,0.8636,0.8636
mrs-nsga2-apportion|mrs-weighted,ctrl_y,humanoid-458,4,22,0.8182,0.4091,0.9091,0.4545
mrs-nsga2-apportion|mrs-weighted,cross,humanoid-458,6,16,0.625,0.6875,0.9375,0.75
mrs-nsga2-apportion|mrs-weighted,cross,humanoid-458,7,16,0.9375,0.625,0.9375,0.4375
mrs-nsga2-apportion|mrs-weighted,ctrl_x,humanoid-458,6,16,0.5625,0.75,0.9375,0.875
mrs-nsga2-apportion|mrs-weighted,ctrl_y,humanoid-458,6,16,0.8125,0.5625,1.0,0.5625
mrs-nsga2-apportion|mrs-weighted,cross,humanoid-458,8,15,0.4667,0.8667,0.3333,0.8
mrs-nsga2-apportion|mrs-weighted,cross,humanoid-458,9,15,0.3333,0.8667,0.8,0.4667
mrs-nsga2-apportion|mrs-weighted,ctrl_x,humanoid-458,8,15,0.8,0.4,0.4,0.8
mrs-nsga2-apportion|mrs-weighted,ctrl_y,humanoid-458,8,15,0.8667,0.8667,1.0,1.0
mrs-nsga2-apportion|mrs-weighted,cross,humanoid-458,10,21,0.7619,0.7619,0.5714,0.381
mrs-nsga2-apportion|mrs-weighted,cross,humanoid-458,11,21,0.7619,0.6667,0.3333,0.2857
mrs-nsga2-apportion|mrs-weighted,ctrl_x,humanoid-458,10,21,0.8095,0.7619,0.9048,0.381
mrs-nsga2-apportion|mrs-weighted,ctrl_y,humanoid-458,10,21,0.7143,1.0,0.381,0.2381
mrs-nsga2-apportion|mrs-weighted,cross,humanoid-458,12,20,0.65,0.85,1.0,0.95
mrs-nsga2-apportion|mrs-weighted,cross,humanoid-458,13,20,0.8,0.95,0.7,0.8
mrs-nsga2-apportion|mrs-weighted,ctrl_x,humanoid-458,12,20,0.7,0.75,1.0,1.0
mrs-nsga2-apportion|mrs-weighted,ctrl_y,humanoid-458,12,20,0.7,0.35,0.55,0.35
mrs-nsga2-apportion|mrs-weighted,cross,humanoid-458,14,25,0.64,0.92,0.4,0.8
mrs-nsga2-apportion|mrs-weighted,cross,humanoid-458,15,25,0.84,0.76,0.92,1.0
mrs-nsga2-apportion|mrs-weighted,ctrl_x,humanoid-458,14,25,0.6,0.92,0.68,0.88
mrs-nsga2-apportion|mrs-weighted,ctrl_y,humanoid-458,14,25,0.64,0.92,0.88,0.88
mrs-nsga2-apportion|mrs-weighted,cross,humanoid-458,16,22,0.5,0.9545,0.4545,0.5455
mrs-nsga2-apportion|mrs-weighted,cross,humanoid-458,17,22,0.7273,0.8182,0.6818,0.9545
mrs-nsga2-apportion|mrs-weighted,ctrl_x,humanoid-458,16,22,0.6364,0.7273,0.8182,0.7727
mrs-nsga2-apportion|mrs-weighted,ctrl_y,humanoid-458,16,22,0.4091,0.7273,1.0,0.5909
mrs-nsga2-apportion|mrs-weighted,cross,humanoid-458,18,20,0.5,1.0,1.0,0.85
mrs-nsga2-apportion|mrs-weighted,cross,humanoid-458,19,20,0.9,0.85,0.35,0.35
mrs-nsga2-apportion|mrs-weighted,ctrl_x,humanoid-458,18,20,0.7,0.8,1.0,0.8
mrs-nsga2-apportion|mrs-weighted,ctrl_y,humanoid-458,18,20,1.0,0.85,0.25,0.15
mrs-nsga2-apportion|mrs-weighted,cross,humanoid-458,20,21,0.3333,0.8571,0.4286,0.5714
mrs-nsga2-apportion|mrs-weighted,cross,humanoid-458,21,21,0.4286,0.8571,0.2857,0.381
mrs-nsga2-apportion|mrs-weighted,ctrl_x,humanoid-458,20,21,0.8571,0.5714,0.4762,0.2857
mrs-nsga2-apportion|mrs-weighted,ctrl_y,humanoid-458,20,21,0.9524,0.8095,0.4286,0.7143
mrs-nsga2-apportion|mrs-weighted,cross,humanoid-458,22,24,0.375,0.8333,0.5,0.3333
mrs-nsga2-apportion|mrs-weighted,cross,humanoid-458,23,24,0.75,0.6667,0.7917,0.8333
mrs-nsga2-apportion|mrs-weighted,ctrl_x,humanoid-458,22,24,0.7083,0.7083,0.5833,0.7083
mrs-nsga2-apportion|mrs-weighted,ctrl_y,humanoid-458,22,24,0.9583,0.5833,0.7917,0.5
mrs-nsga2-apportion|mrs-weighted,cross,humanoid-458,24,10,0.8,0.8,0.6,0.9
mrs-nsga2-apportion|mrs-weighted,cross,humanoid-458,25,10,0.7,1.0,1.0,1.0
mrs-nsga2-apportion|mrs-weighted,ctrl_x,humanoid-458,24,10,0.6,0.8,0.8,0.7
mrs-nsga2-apportion|mrs-weighted,ctrl_y,humanoid-458,24,10,0.6,0.8,1.0,0.9
mrs-nsga2-apportion|mrs-weighted,cross,humanoid-458,26,20,0.35,1.0,0.35,0.65
mrs-nsga2-apportion|mrs-weighted,cross,humanoid-458,27,20,0.85,0.7,0.5,0.6
mrs-nsga2-apportion|mrs-weighted,ctrl_x,humanoid-458,26,20,0.45,0.9,0.7,0.5
mrs-nsga2-apportion|mrs-weighted,ctrl_y,humanoid-458,26,20,0.4,0.9,0.5,0.55
mrs-nsga2-apportion|mrs-weighted,cross,humanoid-458,28,16,0.5625,1.0,0.625,0.875
mrs-nsga2-apportion|mrs-weighted,cross,humanoid-458,29,16,0.875,0.875,0.375,0.375
mrs-nsga2-apportion|mrs-weighted,ctrl_x,humanoid-458,28,16,0.375,0.6875,0.9375,0.4375
mrs-nsga2-apportion|mrs-weighted,ctrl_y,humanoid-458,28,16,0.75,0.6875,1.0,0.9375
aurus-nsga2-apportion|aurus,cross,humanoid-458,0,17,0.7059,0.2941,0.7059,0.5294
aurus-nsga2-apportion|aurus,cross,humanoid-458,1,17,1.0,0.1765,0.5294,0.1176
aurus-nsga2-apportion|aurus,ctrl_x,humanoid-458,0,17,0.4706,0.7647,0.5882,0.7059
aurus-nsga2-apportion|aurus,ctrl_y,humanoid-458,0,17,0.6471,0.7647,1.0,1.0
aurus-nsga2-apportion|aurus,cross,humanoid-458,2,9,0.3333,1.0,1.0,0.3333
aurus-nsga2-apportion|aurus,cross,humanoid-458,3,9,0.7778,0.7778,1.0,0.7778
aurus-nsga2-apportion|aurus,ctrl_x,humanoid-458,2,9,0.6667,0.4444,0.8889,0.8889
aurus-nsga2-apportion|aurus,ctrl_y,humanoid-458,2,9,0.7778,0.8889,1.0,0.3333
aurus-nsga2-apportion|aurus,cross,humanoid-458,4,13,1.0,0.6923,1.0,0.5385
aurus-nsga2-apportion|aurus,cross,humanoid-458,5,13,0.3846,0.8462,0.9231,0.9231
aurus-nsga2-apportion|aurus,ctrl_x,humanoid-458,4,13,0.7692,0.6154,1.0,1.0
aurus-nsga2-apportion|aurus,ctrl_y,humanoid-458,4,13,1.0,0.5385,1.0,1.0
aurus-nsga2-apportion|aurus,cross,humanoid-458,6,7,0.8571,0.4286,1.0,0.1429
aurus-nsga2-apportion|aurus,cross,humanoid-458,7,7,0.1429,1.0,1.0,0.1429
aurus-nsga2-apportion|aurus,ctrl_x,humanoid-458,6,7,0.8571,0.1429,0.8571,0.1429
aurus-nsga2-apportion|aurus,ctrl_y,humanoid-458,6,7,0.2857,1.0,0.8571,0.2857
aurus-nsga2-apportion|aurus,cross,humanoid-458,8,10,0.2,1.0,1.0,0.3
aurus-nsga2-apportion|aurus,cross,humanoid-458,9,10,0.9,0.8,1.0,0.7
aurus-nsga2-apportion|aurus,ctrl_x,humanoid-458,8,10,0.1,0.9,1.0,0.7
aurus-nsga2-apportion|aurus,ctrl_y,humanoid-458,8,10,1.0,0.9,1.0,0.8
aurus-nsga2-apportion|aurus,cross,humanoid-458,10,12,1.0,0.5833,1.0,1.0
aurus-nsga2-apportion|aurus,cross,humanoid-458,11,12,0.25,0.75,1.0,0.5
aurus-nsga2-apportion|aurus,ctrl_x,humanoid-458,10,12,0.9167,0.5,0.8333,0.9167
aurus-nsga2-apportion|aurus,ctrl_y,humanoid-458,10,12,0.9167,0.5833,1.0,0.6667
aurus-nsga2-apportion|aurus,cross,humanoid-458,12,4,0.5,1.0,1.0,1.0
aurus-nsga2-apportion|aurus,cross,humanoid-458,13,4,1.0,1.0,1.0,1.0
aurus-nsga2-apportion|aurus,ctrl_x,humanoid-458,12,4,0.75,1.0,1.0,1.0
aurus-nsga2-apportion|aurus,ctrl_y,humanoid-458,12,4,1.0,1.0,1.0,1.0
aurus-nsga2-apportion|aurus,cross,humanoid-458,16,10,0.8,1.0,1.0,0.4
aurus-nsga2-apportion|aurus,cross,humanoid-458,17,10,1.0,0.4,0.8,0.6
aurus-nsga2-apportion|aurus,ctrl_x,humanoid-458,16,10,1.0,1.0,0.6,0.4
aurus-nsga2-apportion|aurus,ctrl_y,humanoid-458,16,10,0.8,0.9,1.0,1.0
aurus-nsga2-apportion|aurus,cross,humanoid-458,18,11,0.5455,0.1818,0.9091,0.6364
aurus-nsga2-apportion|aurus,cross,humanoid-458,19,11,0.9091,0.3636,0.5455,0.3636
aurus-nsga2-apportion|aurus,ctrl_x,humanoid-458,18,11,0.8182,0.9091,1.0,1.0
aurus-nsga2-apportion|aurus,ctrl_y,humanoid-458,18,11,0.9091,0.5455,0.9091,1.0
aurus-nsga2-apportion|aurus,cross,humanoid-458,20,14,1.0,1.0,0.4286,0.2143
aurus-nsga2-apportion|aurus,cross,humanoid-458,21,14,0.8571,1.0,0.2857,0.3571
aurus-nsga2-apportion|aurus,ctrl_x,humanoid-458,20,14,0.7857,0.6429,0.9286,0.8571
aurus-nsga2-apportion|aurus,ctrl_y,humanoid-458,20,14,0.6429,0.9286,0.7143,0.7857
aurus-nsga2-apportion|aurus,cross,humanoid-458,22,13,0.9231,0.1538,0.3077,0.6923
aurus-nsga2-apportion|aurus,cross,humanoid-458,23,13,0.3846,0.3077,1.0,0.6154
aurus-nsga2-apportion|aurus,ctrl_x,humanoid-458,22,13,0.8462,0.5385,0.3077,0.8462
aurus-nsga2-apportion|aurus,ctrl_y,humanoid-458,22,13,0.4615,0.6923,0.5385,0.7692
aurus-nsga2-apportion|aurus,cross,humanoid-458,24,11,0.1818,0.9091,0.6364,1.0
aurus-nsga2-apportion|aurus,cross,humanoid-458,25,11,1.0,0.7273,1.0,1.0
aurus-nsga2-apportion|aurus,ctrl_x,humanoid-458,24,11,0.1818,1.0,0.5455,1.0
aurus-nsga2-apportion|aurus,ctrl_y,humanoid-458,24,11,0.9091,0.8182,0.8182,1.0
aurus-nsga2-apportion|aurus,cross,humanoid-458,26,8,0.375,1.0,1.0,0.5
aurus-nsga2-apportion|aurus,cross,humanoid-458,27,8,0.625,0.625,0.875,1.0
aurus-nsga2-apportion|aurus,ctrl_x,humanoid-458,26,8,0.125,1.0,0.125,1.0
aurus-nsga2-apportion|aurus,ctrl_y,humanoid-458,26,8,1.0,1.0,1.0,1.0
aurus-nsga2-apportion|aurus,cross,humanoid-458,28,6,0.8333,0.8333,1.0,1.0
aurus-nsga2-apportion|aurus,cross,humanoid-458,29,6,1.0,1.0,0.8333,1.0
aurus-nsga2-apportion|aurus,ctrl_x,humanoid-458,28,6,0.8333,1.0,1.0,1.0
aurus-nsga2-apportion|aurus,ctrl_y,humanoid-458,28,6,1.0,1.0,0.1667,1.0
mrs-nsga2-apportion|aurus-nsga2-apportion,cross,humanoid-503,26,6,1.0,0.3333,0.8333,0.8333
mrs-nsga2-apportion|aurus-nsga2-apportion,cross,humanoid-503,27,6,1.0,1.0,1.0,1.0
mrs-nsga2-apportion|aurus-nsga2-apportion,ctrl_x,humanoid-503,26,6,1.0,1.0,1.0,1.0
mrs-nsga2-apportion|aurus-nsga2-apportion,ctrl_y,humanoid-503,26,6,0.5,0.8333,0.6667,0.8333
mrs-nsga2-apportion|mrs-weighted,cross,humanoid-503,0,25,0.96,0.04,0.16,0.04
mrs-nsga2-apportion|mrs-weighted,cross,humanoid-503,1,25,0.4,0.8,0.2,0.52
mrs-nsga2-apportion|mrs-weighted,ctrl_x,humanoid-503,0,25,0.88,0.64,0.52,0.28
mrs-nsga2-apportion|mrs-weighted,ctrl_y,humanoid-503,0,25,0.92,0.4,0.28,0.08
mrs-nsga2-apportion|mrs-weighted,cross,humanoid-503,2,18,0.0556,0.4444,0.2778,0.2222
mrs-nsga2-apportion|mrs-weighted,cross,humanoid-503,3,18,0.8889,0.0,0.0556,0.0
mrs-nsga2-apportion|mrs-weighted,ctrl_x,humanoid-503,2,18,0.2222,0.7222,0.1667,0.4444
mrs-nsga2-apportion|mrs-weighted,ctrl_y,humanoid-503,2,18,0.0,0.5556,0.0,0.1111
mrs-nsga2-apportion|mrs-weighted,cross,humanoid-503,4,19,0.9474,0.8947,0.5789,0.3684
mrs-nsga2-apportion|mrs-weighted,cross,humanoid-503,5,19,0.0526,1.0,0.0526,0.4737
mrs-nsga2-apportion|mrs-weighted,ctrl_x,humanoid-503,4,19,0.8421,0.8421,0.3684,0.7895
mrs-nsga2-apportion|mrs-weighted,ctrl_y,humanoid-503,4,19,0.8421,0.7895,0.3684,0.2105
mrs-nsga2-apportion|mrs-weighted,cross,humanoid-503,6,14,1.0,0.7857,0.5,0.2857
mrs-nsga2-apportion|mrs-weighted,cross,humanoid-503,7,14,1.0,0.4286,0.8571,0.3571
mrs-nsga2-apportion|mrs-weighted,ctrl_x,humanoid-503,6,14,1.0,0.7857,0.5,0.1429
mrs-nsga2-apportion|mrs-weighted,ctrl_y,humanoid-503,6,14,0.7143,1.0,0.2143,0.5
mrs-nsga2-apportion|mrs-weighted,cross,humanoid-503,8,16,0.375,1.0,0.3125,0.375
mrs-nsga2-apportion|mrs-weighted,cross,humanoid-503,9,16,1.0,0.875,1.0,0.0625
mrs-nsga2-apportion|mrs-weighted,ctrl_x,humanoid-503,8,16,1.0,0.0625,0.3125,0.0625
mrs-nsga2-apportion|mrs-weighted,ctrl_y,humanoid-503,8,16,0.0625,1.0,0.125,0.1875
mrs-nsga2-apportion|mrs-weighted,cross,humanoid-503,10,17,0.7647,0.4118,0.2941,0.4118
mrs-nsga2-apportion|mrs-weighted,cross,humanoid-503,11,17,0.2941,0.7059,0.4118,0.4118
mrs-nsga2-apportion|mrs-weighted,ctrl_x,humanoid-503,10,17,1.0,0.1176,0.1176,0.1765
mrs-nsga2-apportion|mrs-weighted,ctrl_y,humanoid-503,10,17,0.4706,0.2353,0.2353,0.5882
mrs-nsga2-apportion|mrs-weighted,cross,humanoid-503,14,17,0.8824,0.5882,0.1176,0.2353
mrs-nsga2-apportion|mrs-weighted,cross,humanoid-503,15,17,0.0588,1.0,0.3529,0.0588
mrs-nsga2-apportion|mrs-weighted,ctrl_x,humanoid-503,14,17,0.8235,0.4118,0.4118,0.1176
mrs-nsga2-apportion|mrs-weighted,ctrl_y,humanoid-503,14,17,1.0,0.1176,0.1765,0.1765
mrs-nsga2-apportion|mrs-weighted,cross,humanoid-503,16,33,0.3939,0.7273,0.3636,0.2121
mrs-nsga2-apportion|mrs-weighted,cross,humanoid-503,17,33,0.3636,0.4242,0.1818,0.3333
mrs-nsga2-apportion|mrs-weighted,ctrl_x,humanoid-503,16,33,0.9394,0.5758,0.3636,0.1515
mrs-nsga2-apportion|mrs-weighted,ctrl_y,humanoid-503,16,33,0.7879,0.3939,0.3333,0.0909
mrs-nsga2-apportion|mrs-weighted,cross,humanoid-503,18,22,0.6818,0.8636,0.4091,0.4545
mrs-nsga2-apportion|mrs-weighted,cross,humanoid-503,19,22,0.6364,0.0455,0.2273,0.0455
mrs-nsga2-apportion|mrs-weighted,ctrl_x,humanoid-503,18,22,1.0,0.1364,0.1364,0.0909
mrs-nsga2-apportion|mrs-weighted,ctrl_y,humanoid-503,18,22,0.8182,0.9545,0.4091,0.0455
mrs-nsga2-apportion|mrs-weighted,cross,humanoid-503,20,10,1.0,0.0,0.4,0.0
mrs-nsga2-apportion|mrs-weighted,cross,humanoid-503,21,10,0.5,0.6,0.3,0.1
mrs-nsga2-apportion|mrs-weighted,ctrl_x,humanoid-503,20,10,0.9,1.0,0.5,0.4
mrs-nsga2-apportion|mrs-weighted,ctrl_y,humanoid-503,20,10,0.1,1.0,0.2,0.2
mrs-nsga2-apportion|mrs-weighted,cross,humanoid-503,22,25,0.8,0.84,0.36,1.0
mrs-nsga2-apportion|mrs-weighted,cross,humanoid-503,23,25,0.44,0.24,0.08,0.32
mrs-nsga2-apportion|mrs-weighted,ctrl_x,humanoid-503,22,25,0.68,0.72,0.36,0.28
mrs-nsga2-apportion|mrs-weighted,ctrl_y,humanoid-503,22,25,0.8,0.92,0.32,0.28
mrs-nsga2-apportion|mrs-weighted,cross,humanoid-503,24,29,0.8621,0.3793,0.1724,0.3103
mrs-nsga2-apportion|mrs-weighted,cross,humanoid-503,25,29,1.0,0.069,0.1379,0.069
mrs-nsga2-apportion|mrs-weighted,ctrl_x,humanoid-503,24,29,0.5172,0.6552,0.2414,0.3448
mrs-nsga2-apportion|mrs-weighted,ctrl_y,humanoid-503,24,29,0.0345,1.0,0.1034,0.1724
mrs-nsga2-apportion|mrs-weighted,cross,humanoid-503,26,28,1.0,0.0,0.0714,0.0
mrs-nsga2-apportion|mrs-weighted,cross,humanoid-503,27,28,0.25,0.7857,0.1429,0.4286
mrs-nsga2-apportion|mrs-weighted,ctrl_x,humanoid-503,26,28,0.5714,0.7143,0.3214,0.2857
mrs-nsga2-apportion|mrs-weighted,ctrl_y,humanoid-503,26,28,1.0,0.0,0.1786,0.0
mrs-nsga2-apportion|mrs-weighted,cross,humanoid-503,28,10,0.0,0.0,0.0,0.0
mrs-nsga2-apportion|mrs-weighted,cross,humanoid-503,29,10,0.8,0.9,0.8,0.7
mrs-nsga2-apportion|mrs-weighted,ctrl_x,humanoid-503,28,10,0.1,1.0,0.4,0.8
mrs-nsga2-apportion|mrs-weighted,ctrl_y,humanoid-503,28,10,1.0,0.8,0.7,0.1
mrs-nsga2-apportion|aurus-nsga2-apportion,cross,humanoid-531,0,40,0.5,0.9,0.75,0.825
mrs-nsga2-apportion|aurus-nsga2-apportion,cross,humanoid-531,1,40,0.9,0.675,0.825,0.975
mrs-nsga2-apportion|aurus-nsga2-apportion,ctrl_x,humanoid-531,0,40,0.65,0.875,0.85,0.8
mrs-nsga2-apportion|aurus-nsga2-apportion,ctrl_y,humanoid-531,0,40,0.525,0.875,0.875,0.825
mrs-nsga2-apportion|aurus-nsga2-apportion,cross,humanoid-531,2,46,0.8913,0.8696,0.8043,0.913
mrs-nsga2-apportion|aurus-nsga2-apportion,cross,humanoid-531,3,46,0.9565,0.7609,0.8261,0.6957
mrs-nsga2-apportion|aurus-nsga2-apportion,ctrl_x,humanoid-531,2,46,0.8913,0.913,0.8696,0.913
mrs-nsga2-apportion|aurus-nsga2-apportion,ctrl_y,humanoid-531,2,46,0.7174,0.9565,0.7391,0.913
mrs-nsga2-apportion|aurus-nsga2-apportion,cross,humanoid-531,4,33,0.8788,0.9091,1.0,1.0
mrs-nsga2-apportion|aurus-nsga2-apportion,cross,humanoid-531,5,33,0.7273,0.7273,0.9697,0.9394
mrs-nsga2-apportion|aurus-nsga2-apportion,ctrl_x,humanoid-531,4,33,0.9697,0.9394,0.9697,1.0
mrs-nsga2-apportion|aurus-nsga2-apportion,ctrl_y,humanoid-531,4,33,0.9091,0.8485,0.9394,0.9697
mrs-nsga2-apportion|aurus-nsga2-apportion,cross,humanoid-531,6,30,0.6667,0.8667,0.9667,0.8667
mrs-nsga2-apportion|aurus-nsga2-apportion,cross,humanoid-531,7,30,0.9,0.5333,0.8,0.9333
mrs-nsga2-apportion|aurus-nsga2-apportion,ctrl_x,humanoid-531,6,30,0.6333,0.8,0.8667,0.8
mrs-nsga2-apportion|aurus-nsga2-apportion,ctrl_y,humanoid-531,6,30,0.7333,0.8333,1.0,0.9333
mrs-nsga2-apportion|aurus-nsga2-apportion,cross,humanoid-531,8,28,0.9286,0.8214,1.0,0.8929
mrs-nsga2-apportion|aurus-nsga2-apportion,cross,humanoid-531,9,28,0.75,0.8929,0.9643,1.0
mrs-nsga2-apportion|aurus-nsga2-apportion,ctrl_x,humanoid-531,8,28,0.9286,0.8571,1.0,0.9286
mrs-nsga2-apportion|aurus-nsga2-apportion,ctrl_y,humanoid-531,8,28,0.9286,0.8214,0.9643,1.0
mrs-nsga2-apportion|aurus-nsga2-apportion,cross,humanoid-531,10,33,0.9091,0.8485,0.9394,1.0
mrs-nsga2-apportion|aurus-nsga2-apportion,cross,humanoid-531,11,33,0.8485,0.8485,0.9697,0.7576
mrs-nsga2-apportion|aurus-nsga2-apportion,ctrl_x,humanoid-531,10,33,0.9091,0.697,0.9697,1.0
mrs-nsga2-apportion|aurus-nsga2-apportion,ctrl_y,humanoid-531,10,33,0.6364,0.9697,0.7879,0.8788
mrs-nsga2-apportion|aurus-nsga2-apportion,cross,humanoid-531,12,49,0.8367,0.6327,0.9592,0.9184
mrs-nsga2-apportion|aurus-nsga2-apportion,cross,humanoid-531,13,49,0.8163,0.5714,0.6122,0.7347
mrs-nsga2-apportion|aurus-nsga2-apportion,ctrl_x,humanoid-531,12,49,0.6939,0.7959,0.7551,0.8367
mrs-nsga2-apportion|aurus-nsga2-apportion,ctrl_y,humanoid-531,12,49,0.7755,0.6327,0.8571,0.7143
mrs-nsga2-apportion|aurus-nsga2-apportion,cross,humanoid-531,14,48,0.8333,0.8333,0.9375,0.9792
mrs-nsga2-apportion|aurus-nsga2-apportion,cross,humanoid-531,15,48,0.8333,0.8542,0.9583,0.9583
mrs-nsga2-apportion|aurus-nsga2-apportion,ctrl_x,humanoid-531,14,48,0.9167,0.75,0.9375,1.0
mrs-nsga2-apportion|aurus-nsga2-apportion,ctrl_y,humanoid-531,14,48,0.9583,0.8125,0.9375,0.9583
mrs-nsga2-apportion|aurus-nsga2-apportion,cross,humanoid-531,16,33,0.697,0.8485,1.0,1.0
mrs-nsga2-apportion|aurus-nsga2-apportion,cross,humanoid-531,17,33,0.9697,0.7273,0.9091,0.7879
mrs-nsga2-apportion|aurus-nsga2-apportion,ctrl_x,humanoid-531,16,33,0.9091,0.8485,0.8788,0.9697
mrs-nsga2-apportion|aurus-nsga2-apportion,ctrl_y,humanoid-531,16,33,0.8485,0.8485,0.8788,0.9394
mrs-nsga2-apportion|aurus-nsga2-apportion,cross,humanoid-531,18,42,0.619,0.8333,0.6905,0.9048
mrs-nsga2-apportion|aurus-nsga2-apportion,cross,humanoid-531,19,42,0.8571,0.8571,0.9286,0.619
mrs-nsga2-apportion|aurus-nsga2-apportion,ctrl_x,humanoid-531,18,42,0.8333,0.8333,0.7857,1.0
mrs-nsga2-apportion|aurus-nsga2-apportion,ctrl_y,humanoid-531,18,42,0.7381,0.8571,0.6905,0.9286
mrs-nsga2-apportion|aurus-nsga2-apportion,cross,humanoid-531,20,30,0.6333,0.9,0.8667,1.0
mrs-nsga2-apportion|aurus-nsga2-apportion,cross,humanoid-531,21,30,0.9333,0.9,1.0,1.0
mrs-nsga2-apportion|aurus-nsga2-apportion,ctrl_x,humanoid-531,20,30,0.7,0.5667,0.8,1.0
mrs-nsga2-apportion|aurus-nsga2-apportion,ctrl_y,humanoid-531,20,30,0.8,0.9667,0.6333,1.0
mrs-nsga2-apportion|aurus-nsga2-apportion,cross,humanoid-531,22,31,0.6774,0.7419,0.8387,0.9032
mrs-nsga2-apportion|aurus-nsga2-apportion,cross,humanoid-531,23,31,0.8387,0.6774,1.0,1.0
mrs-nsga2-apportion|aurus-nsga2-apportion,ctrl_x,humanoid-531,22,31,0.5806,0.8065,1.0,0.871
mrs-nsga2-apportion|aurus-nsga2-apportion,ctrl_y,humanoid-531,22,31,0.9032,0.9032,1.0,0.9677
mrs-nsga2-apportion|aurus-nsga2-apportion,cross,humanoid-531,24,31,0.8065,0.9355,0.9677,0.9355
mrs-nsga2-apportion|aurus-nsga2-apportion,cross,humanoid-531,25,31,0.7742,0.9677,0.7742,1.0
mrs-nsga2-apportion|aurus-nsga2-apportion,ctrl_x,humanoid-531,24,31,0.7419,0.9677,1.0,0.8387
mrs-nsga2-apportion|aurus-nsga2-apportion,ctrl_y,humanoid-531,24,31,0.9032,0.9355,1.0,0.9677
mrs-nsga2-apportion|aurus-nsga2-apportion,cross,humanoid-531,26,31,0.7419,0.4839,0.7742,1.0
mrs-nsga2-apportion|aurus-nsga2-apportion,cross,humanoid-531,27,31,0.8387,0.871,0.871,0.6774
mrs-nsga2-apportion|aurus-nsga2-apportion,ctrl_x,humanoid-531,26,31,0.6129,0.7742,0.8387,1.0
mrs-nsga2-apportion|aurus-nsga2-apportion,ctrl_y,humanoid-531,26,31,0.9032,0.4194,0.6774,1.0
mrs-nsga2-apportion|aurus-nsga2-apportion,cross,humanoid-531,28,44,0.7955,0.9091,0.8409,0.9545
mrs-nsga2-apportion|aurus-nsga2-apportion,cross,humanoid-531,29,44,0.75,0.9091,0.9545,0.8864
mrs-nsga2-apportion|aurus-nsga2-apportion,ctrl_x,humanoid-531,28,44,0.8182,0.7727,0.7955,0.9318
mrs-nsga2-apportion|aurus-nsga2-apportion,ctrl_y,humanoid-531,28,44,0.8864,0.9318,1.0,0.9318
mrs-nsga2-apportion|mrs-weighted,cross,humanoid-531,0,41,0.4634,0.878,0.9268,0.5854
mrs-nsga2-apportion|mrs-weighted,cross,humanoid-531,1,41,0.9512,0.7317,0.8049,0.8049
mrs-nsga2-apportion|mrs-weighted,ctrl_x,humanoid-531,0,41,0.6829,0.9024,0.9756,0.8049
mrs-nsga2-apportion|mrs-weighted,ctrl_y,humanoid-531,0,41,0.5122,0.7805,0.9756,0.9756
mrs-nsga2-apportion|mrs-weighted,cross,humanoid-531,2,50,0.8,0.84,0.86,0.96
mrs-nsga2-apportion|mrs-weighted,cross,humanoid-531,3,50,0.96,0.78,0.88,0.62
mrs-nsga2-apportion|mrs-weighted,ctrl_x,humanoid-531,2,50,0.88,0.9,0.88,0.9
mrs-nsga2-apportion|mrs-weighted,ctrl_y,humanoid-531,2,50,0.58,0.72,0.84,0.9
mrs-nsga2-apportion|mrs-weighted,cross,humanoid-531,4,44,0.7273,1.0,0.7955,0.9318
mrs-nsga2-apportion|mrs-weighted,cross,humanoid-531,5,44,0.8409,0.8182,1.0,0.7955
mrs-nsga2-apportion|mrs-weighted,ctrl_x,humanoid-531,4,44,0.8864,0.8864,0.8864,0.9773
mrs-nsga2-apportion|mrs-weighted,ctrl_y,humanoid-531,4,44,0.7045,0.6364,0.8864,0.9091
mrs-nsga2-apportion|mrs-weighted,cross,humanoid-531,6,40,0.525,0.775,0.875,0.65
mrs-nsga2-apportion|mrs-weighted,cross,humanoid-531,7,40,0.925,0.825,0.9,0.575
mrs-nsga2-apportion|mrs-weighted,ctrl_x,humanoid-531,6,40,0.625,0.825,0.9,0.8
mrs-nsga2-apportion|mrs-weighted,ctrl_y,humanoid-531,6,40,0.675,0.9,0.7,0.675
mrs-nsga2-apportion|mrs-weighted,cross,humanoid-531,8,42,0.6429,0.6429,0.9524,0.8333
mrs-nsga2-apportion|mrs-weighted,cross,humanoid-531,9,42,0.7619,0.9048,0.8571,1.0
mrs-nsga2-apportion|mrs-weighted,ctrl_x,humanoid-531,8,42,0.8095,0.7381,0.9524,0.9762
mrs-nsga2-apportion|mrs-weighted,ctrl_y,humanoid-531,8,42,0.8095,0.7143,0.9762,1.0
mrs-nsga2-apportion|mrs-weighted,cross,humanoid-531,10,36,0.8889,0.9444,0.4444,0.9722
mrs-nsga2-apportion|mrs-weighted,cross,humanoid-531,11,36,0.5556,0.9722,0.9722,0.6944
mrs-nsga2-apportion|mrs-weighted,ctrl_x,humanoid-531,10,36,0.9167,0.75,0.8889,0.9722
mrs-nsga2-apportion|mrs-weighted,ctrl_y,humanoid-531,10,36,0.8611,0.8056,1.0,0.9722
mrs-nsga2-apportion|mrs-weighted,cross,humanoid-531,12,68,0.5882,0.75,0.7647,0.8088
mrs-nsga2-apportion|mrs-weighted,cross,humanoid-531,13,68,0.7647,0.6471,0.5882,0.7647
mrs-nsga2-apportion|mrs-weighted,ctrl_x,humanoid-531,12,68,0.7206,0.7353,0.7647,0.6912
mrs-nsga2-apportion|mrs-weighted,ctrl_y,humanoid-531,12,68,0.75,0.7941,0.7794,0.6912
mrs-nsga2-apportion|mrs-weighted,cross,humanoid-531,14,59,0.7458,0.8475,0.9492,0.8475
mrs-nsga2-apportion|mrs-weighted,cross,humanoid-531,15,59,0.5593,0.8814,0.7966,0.7458
mrs-nsga2-apportion|mrs-weighted,ctrl_x,humanoid-531,14,59,0.8475,0.7797,0.8644,0.9153
mrs-nsga2-apportion|mrs-weighted,ctrl_y,humanoid-531,14,59,0.6102,0.7797,0.8983,0.9492
mrs-nsga2-apportion|mrs-weighted,cross,humanoid-531,16,43,0.7442,0.7442,0.8605,0.6977
mrs-nsga2-apportion|mrs-weighted,cross,humanoid-531,17,43,0.7442,0.9302,0.8837,0.907
mrs-nsga2-apportion|mrs-weighted,ctrl_x,humanoid-531,16,43,0.814,0.8837,0.8372,0.9767
mrs-nsga2-apportion|mrs-weighted,ctrl_y,humanoid-531,16,43,0.7674,0.6977,0.9302,0.8605
mrs-nsga2-apportion|mrs-weighted,cross,humanoid-531,18,46,0.7609,1.0,0.7826,0.913
mrs-nsga2-apportion|mrs-weighted,cross,humanoid-531,19,46,0.6739,0.913,0.8913,0.6739
mrs-nsga2-apportion|mrs-weighted,ctrl_x,humanoid-531,18,46,0.8478,0.9348,0.6957,0.9348
mrs-nsga2-apportion|mrs-weighted,ctrl_y,humanoid-531,18,46,0.8043,0.8696,0.8043,0.9348
mrs-nsga2-apportion|mrs-weighted,cross,humanoid-531,20,37,0.5135,0.973,0.7838,0.7838
mrs-nsga2-apportion|mrs-weighted,cross,humanoid-531,21,37,0.4595,0.8649,0.973,0.4865
mrs-nsga2-apportion|mrs-weighted,ctrl_x,humanoid-531,20,37,0.7027,0.7027,0.8108,0.973
mrs-nsga2-apportion|mrs-weighted,ctrl_y,humanoid-531,20,37,0.6216,0.8919,0.7568,0.973
mrs-nsga2-apportion|mrs-weighted,cross,humanoid-531,22,43,0.5116,0.8837,1.0,0.6744
mrs-nsga2-apportion|mrs-weighted,cross,humanoid-531,23,43,0.7209,0.8837,0.8605,0.7674
mrs-nsga2-apportion|mrs-weighted,ctrl_x,humanoid-531,22,43,0.7907,0.8605,1.0,0.8372
mrs-nsga2-apportion|mrs-weighted,ctrl_y,humanoid-531,22,43,0.6047,0.6047,0.7674,0.7442
mrs-nsga2-apportion|mrs-weighted,cross,humanoid-531,24,40,0.725,0.875,1.0,0.55
mrs-nsga2-apportion|mrs-weighted,cross,humanoid-531,25,40,0.6,0.95,1.0,0.95
mrs-nsga2-apportion|mrs-weighted,ctrl_x,humanoid-531,24,40,0.8,0.8,0.975,0.825
mrs-nsga2-apportion|mrs-weighted,ctrl_y,humanoid-531,24,40,0.8,0.825,1.0,0.975
mrs-nsga2-apportion|mrs-weighted,cross,humanoid-531,26,46,0.6522,0.913,0.8261,0.8478
mrs-nsga2-apportion|mrs-weighted,cross,humanoid-531,27,46,0.8261,0.9783,1.0,0.6304
mrs-nsga2-apportion|mrs-weighted,ctrl_x,humanoid-531,26,46,0.7391,0.8043,0.8043,0.9348
mrs-nsga2-apportion|mrs-weighted,ctrl_y,humanoid-531,26,46,0.7609,0.8261,0.6957,0.9565
mrs-nsga2-apportion|mrs-weighted,cross,humanoid-531,28,47,0.5106,0.9787,0.7872,0.7447
mrs-nsga2-apportion|mrs-weighted,cross,humanoid-531,29,47,0.8511,0.7872,0.9574,0.5532
mrs-nsga2-apportion|mrs-weighted,ctrl_x,humanoid-531,28,47,0.8298,0.7872,0.8085,0.9787
mrs-nsga2-apportion|mrs-weighted,ctrl_y,humanoid-531,28,47,0.7234,0.7447,0.9362,0.7234
mrs-nsga2-apportion|aurus,cross,humanoid-742,0,19,0.7895,0.3158,0.3158,0.6316
mrs-nsga2-apportion|aurus,cross,humanoid-742,1,19,0.8947,0.1579,0.5789,0.2105
mrs-nsga2-apportion|aurus,ctrl_x,humanoid-742,0,19,0.4211,0.7895,0.5789,0.8947
mrs-nsga2-apportion|aurus,ctrl_y,humanoid-742,0,19,0.7895,1.0,0.6842,0.8947
mrs-nsga2-apportion|aurus,cross,humanoid-742,2,19,0.8421,0.4737,0.3158,0.7368
mrs-nsga2-apportion|aurus,cross,humanoid-742,3,19,0.8421,0.1579,0.5789,0.5263
mrs-nsga2-apportion|aurus,ctrl_x,humanoid-742,2,19,1.0,0.4737,0.6316,0.9474
mrs-nsga2-apportion|aurus,ctrl_y,humanoid-742,2,19,0.8421,1.0,0.8947,0.7895
mrs-nsga2-apportion|aurus,cross,humanoid-742,4,33,0.7879,0.2727,0.2727,0.4242
mrs-nsga2-apportion|aurus,cross,humanoid-742,5,33,0.4242,0.303,0.3939,0.5152
mrs-nsga2-apportion|aurus,ctrl_x,humanoid-742,4,33,0.697,0.6061,0.7576,0.8182
mrs-nsga2-apportion|aurus,ctrl_y,humanoid-742,4,33,0.9697,0.9091,0.9697,0.8485
mrs-nsga2-apportion|aurus,cross,humanoid-742,6,25,1.0,0.16,0.4,0.64
mrs-nsga2-apportion|aurus,cross,humanoid-742,7,25,1.0,0.12,0.4,0.2
mrs-nsga2-apportion|aurus,ctrl_x,humanoid-742,6,25,0.4,0.72,0.76,0.56
mrs-nsga2-apportion|aurus,ctrl_y,humanoid-742,6,25,0.96,0.64,0.8,0.84
mrs-nsga2-apportion|aurus,cross,humanoid-742,8,19,0.6316,0.2105,0.2105,0.4211
mrs-nsga2-apportion|aurus,cross,humanoid-742,9,19,0.8947,0.2632,0.2632,0.1579
mrs-nsga2-apportion|aurus,ctrl_x,humanoid-742,8,19,0.4211,0.9474,0.5789,1.0
mrs-nsga2-apportion|aurus,ctrl_y,humanoid-742,8,19,1.0,1.0,0.8421,0.7895
mrs-nsga2-apportion|aurus,cross,humanoid-742,10,16,0.9375,0.25,0.5,0.5
mrs-nsga2-apportion|aurus,cross,humanoid-742,11,16,0.6875,0.4375,0.6875,0.5625
mrs-nsga2-apportion|aurus,ctrl_x,humanoid-742,10,16,0.8125,0.3125,0.9375,0.5625
mrs-nsga2-apportion|aurus,ctrl_y,humanoid-742,10,16,0.875,0.8125,0.875,1.0
mrs-nsga2-apportion|aurus,cross,humanoid-742,12,23,0.6957,0.1739,0.3913,0.3043
mrs-nsga2-apportion|aurus,cross,humanoid-742,13,23,0.913,0.1304,0.3043,0.3913
mrs-nsga2-apportion|aurus,ctrl_x,humanoid-742,12,23,0.7391,0.5652,0.8261,0.6522
mrs-nsga2-apportion|aurus,ctrl_y,humanoid-742,12,23,0.8261,0.9565,0.8261,0.8261
mrs-nsga2-apportion|aurus,cross,humanoid-742,14,32,0.6875,0.125,0.1875,0.2812
mrs-nsga2-apportion|aurus,cross,humanoid-742,15,32,0.6562,0.1875,0.2812,0.2188
mrs-nsga2-apportion|aurus,ctrl_x,humanoid-742,14,32,0.6875,0.5,0.3125,0.5938
mrs-nsga2-apportion|aurus,ctrl_y,humanoid-742,14,32,0.9375,0.9688,1.0,0.9375
mrs-nsga2-apportion|aurus,cross,humanoid-742,16,22,0.8182,0.3182,0.4091,0.2727
mrs-nsga2-apportion|aurus,cross,humanoid-742,17,22,0.0455,0.1818,0.1364,0.1818
mrs-nsga2-apportion|aurus,ctrl_x,humanoid-742,16,22,0.4545,0.9545,0.4091,0.4091
mrs-nsga2-apportion|aurus,ctrl_y,humanoid-742,16,22,0.8182,1.0,0.6818,0.9091
mrs-nsga2-apportion|aurus,cross,humanoid-742,18,28,1.0,0.1786,0.25,0.2857
mrs-nsga2-apportion|aurus,cross,humanoid-742,19,28,0.9643,0.1429,0.25,0.2857
mrs-nsga2-apportion|aurus,ctrl_x,humanoid-742,18,28,1.0,0.6071,0.7857,0.5357
mrs-nsga2-apportion|aurus,ctrl_y,humanoid-742,18,28,1.0,0.8929,0.75,0.9286
mrs-nsga2-apportion|aurus,cross,humanoid-742,20,23,0.5217,0.5217,0.6087,0.7391
mrs-nsga2-apportion|aurus,cross,humanoid-742,21,23,0.5652,0.3043,0.3913,0.4783
mrs-nsga2-apportion|aurus,ctrl_x,humanoid-742,20,23,0.3913,0.8261,0.6087,0.7826
mrs-nsga2-apportion|aurus,ctrl_y,humanoid-742,20,23,0.913,0.8261,0.8696,0.6957
mrs-nsga2-apportion|aurus,cross,humanoid-742,22,25,1.0,0.08,0.12,0.04
mrs-nsga2-apportion|aurus,cross,humanoid-742,23,25,0.88,0.4,0.52,0.64
mrs-nsga2-apportion|aurus,ctrl_x,humanoid-742,22,25,0.64,1.0,0.32,0.72
mrs-nsga2-apportion|aurus,ctrl_y,humanoid-742,22,25,0.96,0.92,0.92,1.0
mrs-nsga2-apportion|aurus,cross,humanoid-742,24,25,0.8,0.24,0.48,0.64
mrs-nsga2-apportion|aurus,cross,humanoid-742,25,25,0.88,0.16,0.44,0.6
mrs-nsga2-apportion|aurus,ctrl_x,humanoid-742,24,25,0.76,0.56,0.72,0.64
mrs-nsga2-apportion|aurus,ctrl_y,humanoid-742,24,25,0.92,1.0,0.84,0.92
mrs-nsga2-apportion|aurus,cross,humanoid-742,26,21,1.0,0.2381,0.4286,0.3333
mrs-nsga2-apportion|aurus,cross,humanoid-742,27,21,0.8095,0.2381,0.2857,0.381
mrs-nsga2-apportion|aurus,ctrl_x,humanoid-742,26,21,1.0,0.2381,0.7619,0.2381
mrs-nsga2-apportion|aurus,ctrl_y,humanoid-742,26,21,0.9524,0.8095,0.7619,0.8095
mrs-nsga2-apportion|aurus,cross,humanoid-742,28,20,0.8,0.25,0.4,0.55
mrs-nsga2-apportion|aurus,cross,humanoid-742,29,20,1.0,0.15,0.4,0.5
mrs-nsga2-apportion|aurus,ctrl_x,humanoid-742,28,20,0.6,1.0,0.7,0.7
mrs-nsga2-apportion|aurus,ctrl_y,humanoid-742,28,20,0.95,0.95,0.8,0.85
mrs-nsga2-apportion|aurus-nsga2-apportion,cross,humanoid-742,0,35,0.3429,0.6571,0.4857,0.9143
mrs-nsga2-apportion|aurus-nsga2-apportion,cross,humanoid-742,1,35,0.8286,0.5714,0.8857,0.5143
mrs-nsga2-apportion|aurus-nsga2-apportion,ctrl_x,humanoid-742,0,35,0.4286,0.6857,0.5143,0.9429
mrs-nsga2-apportion|aurus-nsga2-apportion,ctrl_y,humanoid-742,0,35,0.8,0.8286,0.6857,0.9143
mrs-nsga2-apportion|aurus-nsga2-apportion,cross,humanoid-742,2,29,0.5517,0.6552,0.7241,0.6552
mrs-nsga2-apportion|aurus-nsga2-apportion,cross,humanoid-742,3,29,0.8966,1.0,0.8621,0.3448
mrs-nsga2-apportion|aurus-nsga2-apportion,ctrl_x,humanoid-742,2,29,1.0,0.7586,0.6552,0.8276
mrs-nsga2-apportion|aurus-nsga2-apportion,ctrl_y,humanoid-742,2,29,1.0,0.8621,0.5862,0.6897
mrs-nsga2-apportion|aurus-nsga2-apportion,cross,humanoid-742,4,30,0.7,0.6333,0.7333,0.7667
mrs-nsga2-apportion|aurus-nsga2-apportion,cross,humanoid-742,5,30,0.8667,0.6667,0.8333,0.6667
mrs-nsga2-apportion|aurus-nsga2-apportion,ctrl_x,humanoid-742,4,30,0.7333,0.7667,0.7667,0.8667
mrs-nsga2-apportion|aurus-nsga2-apportion,ctrl_y,humanoid-742,4,30,0.6333,0.8,0.8333,0.8333
mrs-nsga2-apportion|aurus-nsga2-apportion,cross,humanoid-742,6,30,0.6,0.4333,0.8,0.4667
mrs-nsga2-apportion|aurus-nsga2-apportion,cross,humanoid-742,7,30,0.7,0.6667,0.5667,0.4667
mrs-nsga2-apportion|aurus-nsga2-apportion,ctrl_x,humanoid-742,6,30,0.4667,0.8,0.5,0.5333
mrs-nsga2-apportion|aurus-nsga2-apportion,ctrl_y,humanoid-742,6,30,0.6333,0.7,0.6667,0.5667
mrs-nsga2-apportion|aurus-nsga2-apportion,cross,humanoid-742,8,35,0.5143,0.4857,0.6,0.8286
mrs-nsga2-apportion|aurus-nsga2-apportion,cross,humanoid-742,9,35,0.8857,0.6857,0.8286,0.4857
mrs-nsga2-apportion|aurus-nsga2-apportion,ctrl_x,humanoid-742,8,35,0.4,0.8,0.6,0.8857
mrs-nsga2-apportion|aurus-nsga2-apportion,ctrl_y,humanoid-742,8,35,0.7714,0.7143,0.4286,0.9143
mrs-nsga2-apportion|aurus-nsga2-apportion,cross,humanoid-742,10,42,0.7857,0.619,0.6905,0.8571
mrs-nsga2-apportion|aurus-nsga2-apportion,cross,humanoid-742,11,42,0.3571,0.6429,0.7143,0.7619
mrs-nsga2-apportion|aurus-nsga2-apportion,ctrl_x,humanoid-742,10,42,0.6905,0.3333,0.8571,0.6429
mrs-nsga2-apportion|aurus-nsga2-apportion,ctrl_y,humanoid-742,10,42,0.7143,0.4524,0.9048,0.7619
mrs-nsga2-apportion|aurus-nsga2-apportion,cross,humanoid-742,12,25,0.6,0.44,0.8,0.68
mrs-nsga2-apportion|aurus-nsga2-apportion,cross,humanoid-742,13,25,0.8,0.64,0.96,0.96
mrs-nsga2-apportion|aurus-nsga2-apportion,ctrl_x,humanoid-742,12,25,0.56,0.72,0.68,0.68
mrs-nsga2-apportion|aurus-nsga2-apportion,ctrl_y,humanoid-742,12,25,0.8,0.84,0.84,1.0
mrs-nsga2-apportion|aurus-nsga2-apportion,cross,humanoid-742,14,34,0.7353,0.4706,0.3529,0.5882
mrs-nsga2-apportion|aurus-nsga2-apportion,cross,humanoid-742,15,34,0.5294,0.5,0.7353,0.2353
mrs-nsga2-apportion|aurus-nsga2-apportion,ctrl_x,humanoid-742,14,34,0.3824,0.5,0.3235,0.6471
mrs-nsga2-apportion|aurus-nsga2-apportion,ctrl_y,humanoid-742,14,34,0.6471,0.5588,0.3824,0.8235
mrs-nsga2-apportion|aurus-nsga2-apportion,cross,humanoid-742,16,42,0.619,0.5,0.4524,0.4762
mrs-nsga2-apportion|aurus-nsga2-apportion,cross,humanoid-742,17,42,0.3095,0.5,0.119,0.5952
mrs-nsga2-apportion|aurus-nsga2-apportion,ctrl_x,humanoid-742,16,42,0.5714,0.2857,0.4524,0.4524
mrs-nsga2-apportion|aurus-nsga2-apportion,ctrl_y,humanoid-742,16,42,0.6667,0.4762,0.619,0.4048
mrs-nsga2-apportion|aurus-nsga2-apportion,cross,humanoid-742,18,41,0.6585,0.7561,0.561,0.6098
mrs-nsga2-apportion|aurus-nsga2-apportion,cross,humanoid-742,19,41,0.9024,0.5854,0.8537,0.6098
mrs-nsga2-apportion|aurus-nsga2-apportion,ctrl_x,humanoid-742,18,41,0.7073,0.8049,0.7317,0.5854
mrs-nsga2-apportion|aurus-nsga2-apportion,ctrl_y,humanoid-742,18,41,0.561,0.9268,0.439,0.7805
mrs-nsga2-apportion|aurus-nsga2-apportion,cross,humanoid-742,20,43,0.5116,0.7209,0.3488,0.7442
mrs-nsga2-apportion|aurus-nsga2-apportion,cross,humanoid-742,21,43,0.6279,0.4186,0.7209,0.5116
mrs-nsga2-apportion|aurus-nsga2-apportion,ctrl_x,humanoid-742,20,43,0.6977,0.8372,0.4186,0.8605
mrs-nsga2-apportion|aurus-nsga2-apportion,ctrl_y,humanoid-742,20,43,0.3953,0.5116,0.4419,0.7209
mrs-nsga2-apportion|aurus-nsga2-apportion,cross,humanoid-742,22,32,0.6562,0.7812,0.2188,0.5625
mrs-nsga2-apportion|aurus-nsga2-apportion,cross,humanoid-742,23,32,0.6562,0.4688,0.5938,0.5312
mrs-nsga2-apportion|aurus-nsga2-apportion,ctrl_x,humanoid-742,22,32,0.75,1.0,0.4062,0.5625
mrs-nsga2-apportion|aurus-nsga2-apportion,ctrl_y,humanoid-742,22,32,0.5312,0.4375,0.5312,0.4375
mrs-nsga2-apportion|aurus-nsga2-apportion,cross,humanoid-742,24,43,0.5116,0.4884,0.6744,0.3721
mrs-nsga2-apportion|aurus-nsga2-apportion,cross,humanoid-742,25,43,0.7209,0.5349,0.6744,0.5581
mrs-nsga2-apportion|aurus-nsga2-apportion,ctrl_x,humanoid-742,24,43,0.5116,0.4884,0.5814,0.6279
mrs-nsga2-apportion|aurus-nsga2-apportion,ctrl_y,humanoid-742,24,43,0.4419,0.5581,0.5349,0.3721
mrs-nsga2-apportion|aurus-nsga2-apportion,cross,humanoid-742,26,35,0.8286,0.2857,0.6286,0.5429
mrs-nsga2-apportion|aurus-nsga2-apportion,cross,humanoid-742,27,35,1.0,0.8286,0.4571,0.6286
mrs-nsga2-apportion|aurus-nsga2-apportion,ctrl_x,humanoid-742,26,35,0.9143,0.2571,0.6857,0.3714
mrs-nsga2-apportion|aurus-nsga2-apportion,ctrl_y,humanoid-742,26,35,0.8571,0.4571,0.7714,0.3714
mrs-nsga2-apportion|aurus-nsga2-apportion,cross,humanoid-742,28,34,0.6176,0.4412,0.8529,0.6765
mrs-nsga2-apportion|aurus-nsga2-apportion,cross,humanoid-742,29,34,0.8235,0.4412,0.9118,0.4412
mrs-nsga2-apportion|aurus-nsga2-apportion,ctrl_x,humanoid-742,28,34,0.6176,0.7353,0.7647,0.7059
mrs-nsga2-apportion|aurus-nsga2-apportion,ctrl_y,humanoid-742,28,34,0.6176,0.4412,0.9118,0.6176
mrs-nsga2-apportion|mrs-weighted,cross,humanoid-742,0,48,0.3125,1.0,0.2917,0.375
mrs-nsga2-apportion|mrs-weighted,cross,humanoid-742,1,48,0.7292,0.4583,0.5833,0.2708
mrs-nsga2-apportion|mrs-weighted,ctrl_x,humanoid-742,0,48,0.25,0.8125,0.375,0.7708
mrs-nsga2-apportion|mrs-weighted,ctrl_y,humanoid-742,0,48,0.5208,1.0,0.4583,0.4375
mrs-nsga2-apportion|mrs-weighted,cross,humanoid-742,2,66,1.0,1.0,0.4394,0.5303
mrs-nsga2-apportion|mrs-weighted,cross,humanoid-742,3,66,1.0,0.5758,0.7121,0.4394
mrs-nsga2-apportion|mrs-weighted,ctrl_x,humanoid-742,2,66,1.0,1.0,0.5,0.6818
mrs-nsga2-apportion|mrs-weighted,ctrl_y,humanoid-742,2,66,0.7879,0.6212,0.6667,0.5606
mrs-nsga2-apportion|mrs-weighted,cross,humanoid-742,4,63,0.6349,0.6508,0.5714,0.5714
mrs-nsga2-apportion|mrs-weighted,cross,humanoid-742,5,63,0.5714,1.0,0.5238,0.254
mrs-nsga2-apportion|mrs-weighted,ctrl_x,humanoid-742,4,63,0.6032,0.6825,0.619,0.7302
mrs-nsga2-apportion|mrs-weighted,ctrl_y,humanoid-742,4,63,1.0,1.0,0.2857,0.3492
mrs-nsga2-apportion|mrs-weighted,cross,humanoid-742,6,68,0.1324,1.0,0.2647,0.3529
mrs-nsga2-apportion|mrs-weighted,cross,humanoid-742,7,68,0.5441,0.6471,0.5294,0.3824
mrs-nsga2-apportion|mrs-weighted,ctrl_x,humanoid-742,6,68,0.5441,0.7647,0.3676,0.6618
mrs-nsga2-apportion|mrs-weighted,ctrl_y,humanoid-742,6,68,0.1618,1.0,0.25,0.4265
mrs-nsga2-apportion|mrs-weighted,cross,humanoid-742,8,74,0.3919,1.0,0.3649,0.4189
mrs-nsga2-apportion|mrs-weighted,cross,humanoid-742,9,74,0.8243,1.0,0.6892,0.8378
mrs-nsga2-apportion|mrs-weighted,ctrl_x,humanoid-742,8,74,0.3108,0.6351,0.4189,0.5541
mrs-nsga2-apportion|mrs-weighted,ctrl_y,humanoid-742,8,74,1.0,0.7973,0.5946,0.7432
mrs-nsga2-apportion|mrs-weighted,cross,humanoid-742,10,70,0.4714,1.0,0.4429,0.6286
mrs-nsga2-apportion|mrs-weighted,cross,humanoid-742,11,70,0.2714,1.0,0.4571,0.6714
mrs-nsga2-apportion|mrs-weighted,ctrl_x,humanoid-742,10,70,0.6714,0.3857,0.4,0.4
mrs-nsga2-apportion|mrs-weighted,ctrl_y,humanoid-742,10,70,1.0,0.7143,0.7857,0.5286
mrs-nsga2-apportion|mrs-weighted,cross,humanoid-742,12,63,0.619,1.0,0.4603,0.6667
mrs-nsga2-apportion|mrs-weighted,cross,humanoid-742,13,63,0.5079,0.619,0.5397,0.6349
mrs-nsga2-apportion|mrs-weighted,ctrl_x,humanoid-742,12,63,0.6667,0.746,0.619,0.6508
mrs-nsga2-apportion|mrs-weighted,ctrl_y,humanoid-742,12,63,0.6667,1.0,0.6032,0.6984
mrs-nsga2-apportion|mrs-weighted,cross,humanoid-742,14,79,0.3418,1.0,0.1899,0.3797
mrs-nsga2-apportion|mrs-weighted,cross,humanoid-742,15,79,0.6456,0.5696,0.4557,0.4304
mrs-nsga2-apportion|mrs-weighted,ctrl_x,humanoid-742,14,79,0.519,0.3291,0.2785,0.5443
mrs-nsga2-apportion|mrs-weighted,ctrl_y,humanoid-742,14,79,1.0,1.0,0.2658,0.2658
mrs-nsga2-apportion|mrs-weighted,cross,humanoid-742,16,65,0.3077,0.7846,0.1846,0.2769
mrs-nsga2-apportion|mrs-weighted,cross,humanoid-742,17,65,0.3692,0.6,0.3846,0.5385
mrs-nsga2-apportion|mrs-weighted,ctrl_x,humanoid-742,16,65,0.5385,0.2154,0.3846,0.3692
mrs-nsga2-apportion|mrs-weighted,ctrl_y,humanoid-742,16,65,1.0,0.7846,0.2154,0.2769
mrs-nsga2-apportion|mrs-weighted,cross,humanoid-742,18,76,1.0,0.3816,0.3947,0.5
mrs-nsga2-apportion|mrs-weighted,cross,humanoid-742,19,76,0.3026,0.6447,0.4474,0.3947
mrs-nsga2-apportion|mrs-weighted,ctrl_x,humanoid-742,18,76,1.0,0.6184,0.5,0.6053
mrs-nsga2-apportion|mrs-weighted,ctrl_y,humanoid-742,18,76,0.6447,1.0,0.2632,0.2105
mrs-nsga2-apportion|mrs-weighted,cross,humanoid-742,20,79,0.5823,0.9494,0.1139,0.2785
mrs-nsga2-apportion|mrs-weighted,cross,humanoid-742,21,79,0.6456,0.7468,0.6582,0.481
mrs-nsga2-apportion|mrs-weighted,ctrl_x,humanoid-742,20,79,0.7342,0.7848,0.4557,0.6962
mrs-nsga2-apportion|mrs-weighted,ctrl_y,humanoid-742,20,79,0.6329,0.7722,0.3418,0.2658
mrs-nsga2-apportion|mrs-weighted,cross,humanoid-742,22,75,0.6667,0.7467,0.4,0.52
mrs-nsga2-apportion|mrs-weighted,cross,humanoid-742,23,75,1.0,0.4533,0.4,0.56
mrs-nsga2-apportion|mrs-weighted,ctrl_x,humanoid-742,22,75,0.7333,1.0,0.2667,0.3333
mrs-nsga2-apportion|mrs-weighted,ctrl_y,humanoid-742,22,75,1.0,1.0,0.5333,0.4533
mrs-nsga2-apportion|mrs-weighted,cross,humanoid-742,24,69,0.2029,1.0,0.2029,0.3043
mrs-nsga2-apportion|mrs-weighted,cross,humanoid-742,25,69,0.3913,0.7391,0.3478,0.3913
mrs-nsga2-apportion|mrs-weighted,ctrl_x,humanoid-742,24,69,0.4058,0.5217,0.4783,0.5797
mrs-nsga2-apportion|mrs-weighted,ctrl_y,humanoid-742,24,69,1.0,0.7101,0.3768,0.1739
mrs-nsga2-apportion|mrs-weighted,cross,humanoid-742,26,61,0.7213,0.4918,0.4262,0.2623
mrs-nsga2-apportion|mrs-weighted,cross,humanoid-742,27,61,1.0,0.5902,0.3607,0.4918
mrs-nsga2-apportion|mrs-weighted,ctrl_x,humanoid-742,26,61,0.9344,1.0,0.3607,0.377
mrs-nsga2-apportion|mrs-weighted,ctrl_y,humanoid-742,26,61,0.7869,1.0,0.5738,0.3279
mrs-nsga2-apportion|mrs-weighted,cross,humanoid-742,28,71,0.5352,0.7465,0.5493,0.6479
mrs-nsga2-apportion|mrs-weighted,cross,humanoid-742,29,71,0.7183,1.0,0.6479,0.3662
mrs-nsga2-apportion|mrs-weighted,ctrl_x,humanoid-742,28,71,0.4507,0.7042,0.5775,0.6338
mrs-nsga2-apportion|mrs-weighted,ctrl_y,humanoid-742,28,71,1.0,0.6761,0.4225,0.5915
aurus-nsga2-apportion|aurus,cross,humanoid-742,0,19,1.0,0.2632,0.4211,0.4211
aurus-nsga2-apportion|aurus,cross,humanoid-742,1,19,1.0,0.1579,0.3684,0.5263
aurus-nsga2-apportion|aurus,ctrl_x,humanoid-742,0,19,0.7895,0.7368,0.7368,0.8947
aurus-nsga2-apportion|aurus,ctrl_y,humanoid-742,0,19,0.7895,1.0,0.6842,0.8947
aurus-nsga2-apportion|aurus,cross,humanoid-742,2,19,0.5263,0.4211,0.1579,0.5263
aurus-nsga2-apportion|aurus,cross,humanoid-742,3,19,0.9474,0.2105,0.3684,0.5263
aurus-nsga2-apportion|aurus,ctrl_x,humanoid-742,2,19,1.0,0.6842,0.7368,0.4737
aurus-nsga2-apportion|aurus,ctrl_y,humanoid-742,2,19,0.8421,1.0,0.8947,0.7895
aurus-nsga2-apportion|aurus,cross,humanoid-742,4,30,0.7,0.2333,0.1333,0.2667
aurus-nsga2-apportion|aurus,cross,humanoid-742,5,30,0.6,0.4333,0.4333,0.5667
aurus-nsga2-apportion|aurus,ctrl_x,humanoid-742,4,30,0.7333,0.7667,0.6667,0.6333
aurus-nsga2-apportion|aurus,ctrl_y,humanoid-742,4,30,0.9667,0.9,1.0,0.8667
aurus-nsga2-apportion|aurus,cross,humanoid-742,6,25,1.0,0.28,0.4,0.6
aurus-nsga2-apportion|aurus,cross,humanoid-742,7,25,1.0,0.12,0.28,0.36
aurus-nsga2-apportion|aurus,ctrl_x,humanoid-742,6,25,0.6,0.76,0.64,0.64
aurus-nsga2-apportion|aurus,ctrl_y,humanoid-742,6,25,0.96,0.64,0.8,0.84
aurus-nsga2-apportion|aurus,cross,humanoid-742,8,19,0.5263,0.2105,0.3158,0.3684
aurus-nsga2-apportion|aurus,cross,humanoid-742,9,19,0.2632,0.3684,0.1579,0.3158
aurus-nsga2-apportion|aurus,ctrl_x,humanoid-742,8,19,0.9474,0.7368,0.6842,1.0
aurus-nsga2-apportion|aurus,ctrl_y,humanoid-742,8,19,1.0,1.0,0.8421,0.7895
aurus-nsga2-apportion|aurus,cross,humanoid-742,10,16,1.0,0.0,0.1875,0.0
aurus-nsga2-apportion|aurus,cross,humanoid-742,11,16,1.0,0.1875,0.375,0.125
aurus-nsga2-apportion|aurus,ctrl_x,humanoid-742,10,16,1.0,0.25,1.0,0.625
aurus-nsga2-apportion|aurus,ctrl_y,humanoid-742,10,16,0.875,0.8125,0.875,1.0
aurus-nsga2-apportion|aurus,cross,humanoid-742,12,23,0.2174,0.4348,0.2174,0.087
aurus-nsga2-apportion|aurus,cross,humanoid-742,13,23,1.0,0.3043,0.4348,0.6522
aurus-nsga2-apportion|aurus,ctrl_x,humanoid-742,12,23,0.8261,0.7391,0.8261,0.913
aurus-nsga2-apportion|aurus,ctrl_y,humanoid-742,12,23,0.8261,0.9565,0.8261,0.8261
aurus-nsga2-apportion|aurus,cross,humanoid-742,14,32,0.2812,0.2188,0.2188,0.3125
aurus-nsga2-apportion|aurus,cross,humanoid-742,15,32,0.7812,0.1875,0.2188,0.2812
aurus-nsga2-apportion|aurus,ctrl_x,humanoid-742,14,32,0.625,0.6562,0.4062,0.9062
aurus-nsga2-apportion|aurus,ctrl_y,humanoid-742,14,32,0.9375,0.9688,1.0,0.9375
aurus-nsga2-apportion|aurus,cross,humanoid-742,16,22,0.8182,0.2273,0.3636,0.5
aurus-nsga2-apportion|aurus,cross,humanoid-742,17,22,0.5,0.2273,0.2273,0.5455
aurus-nsga2-apportion|aurus,ctrl_x,humanoid-742,16,22,0.7727,0.5455,0.8636,0.6818
aurus-nsga2-apportion|aurus,ctrl_y,humanoid-742,16,22,0.8182,1.0,0.6818,0.9091
aurus-nsga2-apportion|aurus,cross,humanoid-742,18,28,0.75,0.2143,0.3214,0.3214
aurus-nsga2-apportion|aurus,cross,humanoid-742,19,28,0.8571,0.2143,0.3929,0.3571
aurus-nsga2-apportion|aurus,ctrl_x,humanoid-742,18,28,0.6429,0.8571,0.6071,0.6786
aurus-nsga2-apportion|aurus,ctrl_y,humanoid-742,18,28,1.0,0.8929,0.75,0.9286
aurus-nsga2-apportion|aurus,cross,humanoid-742,20,23,0.7391,0.3043,0.3913,0.3913
aurus-nsga2-apportion|aurus,cross,humanoid-742,21,23,0.913,0.1739,0.4783,0.3043
aurus-nsga2-apportion|aurus,ctrl_x,humanoid-742,20,23,0.5217,0.7826,0.3913,0.8696
aurus-nsga2-apportion|aurus,ctrl_y,humanoid-742,20,23,0.913,0.8261,0.8696,0.6957
aurus-nsga2-apportion|aurus,cross,humanoid-742,22,25,0.08,0.16,0.36,0.16
aurus-nsga2-apportion|aurus,cross,humanoid-742,23,25,0.96,0.36,0.72,0.76
aurus-nsga2-apportion|aurus,ctrl_x,humanoid-742,22,25,0.6,0.56,0.48,0.36
aurus-nsga2-apportion|aurus,ctrl_y,humanoid-742,22,25,0.96,0.92,0.92,1.0
aurus-nsga2-apportion|aurus,cross,humanoid-742,24,25,0.88,0.52,0.6,0.76
aurus-nsga2-apportion|aurus,cross,humanoid-742,25,25,0.32,0.16,0.28,0.32
aurus-nsga2-apportion|aurus,ctrl_x,humanoid-742,24,25,0.48,0.68,0.52,0.32
aurus-nsga2-apportion|aurus,ctrl_y,humanoid-742,24,25,0.92,1.0,0.84,0.92
aurus-nsga2-apportion|aurus,cross,humanoid-742,26,21,1.0,0.0952,0.2381,0.1905
aurus-nsga2-apportion|aurus,cross,humanoid-742,27,21,1.0,0.1905,0.2857,0.2857
aurus-nsga2-apportion|aurus,ctrl_x,humanoid-742,26,21,0.8571,0.4286,0.5238,0.4286
aurus-nsga2-apportion|aurus,ctrl_y,humanoid-742,26,21,0.9524,0.8095,0.7619,0.8095
aurus-nsga2-apportion|aurus,cross,humanoid-742,28,20,0.5,0.35,0.55,0.3
aurus-nsga2-apportion|aurus,cross,humanoid-742,29,20,0.95,0.35,0.15,0.45
aurus-nsga2-apportion|aurus,ctrl_x,humanoid-742,28,20,0.65,0.65,0.95,0.85
aurus-nsga2-apportion|aurus,ctrl_y,humanoid-742,28,20,0.95,0.95,0.8,0.85
mrs-nsga2-apportion|aurus,cross,lift,0,7,1.0,0.2857,1.0,1.0
mrs-nsga2-apportion|aurus,cross,lift,1,7,1.0,0.5714,0.5714,0.7143
mrs-nsga2-apportion|aurus,ctrl_x,lift,0,7,0.8571,0.5714,1.0,1.0
mrs-nsga2-apportion|aurus,ctrl_y,lift,0,7,1.0,1.0,1.0,1.0
mrs-nsga2-apportion|aurus,cross,lift,2,8,1.0,0.125,1.0,0.125
mrs-nsga2-apportion|aurus,cross,lift,3,8,1.0,0.125,0.75,0.375
mrs-nsga2-apportion|aurus,ctrl_x,lift,2,8,0.875,1.0,0.875,0.875
mrs-nsga2-apportion|aurus,ctrl_y,lift,2,8,1.0,1.0,1.0,1.0
mrs-nsga2-apportion|aurus,cross,lift,4,9,1.0,0.1111,0.4444,0.3333
mrs-nsga2-apportion|aurus,cross,lift,5,9,1.0,0.2222,0.8889,0.3333
mrs-nsga2-apportion|aurus,ctrl_x,lift,4,9,0.8889,0.7778,1.0,1.0
mrs-nsga2-apportion|aurus,ctrl_y,lift,4,9,1.0,1.0,1.0,1.0
mrs-nsga2-apportion|aurus,cross,lift,10,8,1.0,0.375,1.0,1.0
mrs-nsga2-apportion|aurus,cross,lift,11,8,1.0,0.25,0.875,0.625
mrs-nsga2-apportion|aurus,ctrl_x,lift,10,8,1.0,0.25,1.0,0.625
mrs-nsga2-apportion|aurus,ctrl_y,lift,10,8,0.875,1.0,0.625,0.875
mrs-nsga2-apportion|aurus,cross,lift,12,4,1.0,0.25,1.0,0.5
mrs-nsga2-apportion|aurus,cross,lift,13,4,1.0,0.75,1.0,1.0
mrs-nsga2-apportion|aurus,ctrl_x,lift,12,4,1.0,1.0,1.0,1.0
mrs-nsga2-apportion|aurus,ctrl_y,lift,12,4,1.0,1.0,1.0,1.0
mrs-nsga2-apportion|aurus,cross,lift,14,4,1.0,0.0,1.0,0.0
mrs-nsga2-apportion|aurus,cross,lift,15,4,1.0,0.25,1.0,1.0
mrs-nsga2-apportion|aurus,ctrl_x,lift,14,4,1.0,0.75,1.0,1.0
mrs-nsga2-apportion|aurus,ctrl_y,lift,14,4,1.0,1.0,1.0,1.0
mrs-nsga2-apportion|aurus,cross,lift,16,6,1.0,0.3333,1.0,1.0
mrs-nsga2-apportion|aurus,cross,lift,17,6,1.0,0.3333,0.8333,1.0
mrs-nsga2-apportion|aurus,ctrl_x,lift,16,6,1.0,0.5,1.0,0.3333
mrs-nsga2-apportion|aurus,ctrl_y,lift,16,6,1.0,1.0,1.0,1.0
mrs-nsga2-apportion|aurus,cross,lift,18,10,1.0,0.3,1.0,0.3
mrs-nsga2-apportion|aurus,cross,lift,19,10,1.0,0.1,0.7,0.2
mrs-nsga2-apportion|aurus,ctrl_x,lift,18,10,0.9,0.8,1.0,0.9
mrs-nsga2-apportion|aurus,ctrl_y,lift,18,10,0.9,1.0,0.6,0.9
mrs-nsga2-apportion|aurus,cross,lift,20,7,1.0,0.2857,0.8571,0.7143
mrs-nsga2-apportion|aurus,cross,lift,21,7,1.0,0.0,0.8571,0.0
mrs-nsga2-apportion|aurus,ctrl_x,lift,20,7,0.8571,0.7143,1.0,0.8571
mrs-nsga2-apportion|aurus,ctrl_y,lift,20,7,1.0,1.0,1.0,1.0
mrs-nsga2-apportion|aurus,cross,lift,22,5,1.0,0.2,1.0,1.0
mrs-nsga2-apportion|aurus,cross,lift,23,5,1.0,0.2,1.0,0.2
mrs-nsga2-apportion|aurus,ctrl_x,lift,22,5,0.8,0.8,1.0,1.0
mrs-nsga2-apportion|aurus,ctrl_y,lift,22,5,1.0,1.0,1.0,1.0
mrs-nsga2-apportion|aurus,cross,lift,24,4,1.0,0.25,1.0,0.75
mrs-nsga2-apportion|aurus,cross,lift,25,4,1.0,0.0,1.0,0.0
mrs-nsga2-apportion|aurus,ctrl_x,lift,24,4,0.5,1.0,1.0,1.0
mrs-nsga2-apportion|aurus,ctrl_y,lift,24,4,1.0,1.0,1.0,1.0
mrs-nsga2-apportion|aurus,cross,lift,26,8,1.0,0.0,0.875,0.0
mrs-nsga2-apportion|aurus,cross,lift,27,8,1.0,0.375,1.0,0.5
mrs-nsga2-apportion|aurus,ctrl_x,lift,26,8,0.75,1.0,1.0,1.0
mrs-nsga2-apportion|aurus,ctrl_y,lift,26,8,1.0,1.0,1.0,1.0
mrs-nsga2-apportion|aurus,cross,lift,28,6,1.0,0.1667,1.0,0.5
mrs-nsga2-apportion|aurus,cross,lift,29,6,1.0,0.1667,1.0,0.1667
mrs-nsga2-apportion|aurus,ctrl_x,lift,28,6,1.0,0.3333,0.8333,1.0
mrs-nsga2-apportion|aurus,ctrl_y,lift,28,6,0.8333,1.0,1.0,1.0
mrs-nsga2-apportion|aurus-nsga2-apportion,cross,lift,0,14,0.7143,0.5,0.5,1.0
mrs-nsga2-apportion|aurus-nsga2-apportion,cross,lift,1,14,0.7857,0.7143,1.0,0.9286
mrs-nsga2-apportion|aurus-nsga2-apportion,ctrl_x,lift,0,14,0.7143,0.9286,1.0,1.0
mrs-nsga2-apportion|aurus-nsga2-apportion,ctrl_y,lift,0,14,0.5714,0.5,0.4286,0.9286
mrs-nsga2-apportion|aurus-nsga2-apportion,cross,lift,2,7,0.2857,1.0,0.5714,1.0
mrs-nsga2-apportion|aurus-nsga2-apportion,cross,lift,3,7,1.0,0.5714,1.0,1.0
mrs-nsga2-apportion|aurus-nsga2-apportion,ctrl_x,lift,2,7,1.0,0.7143,1.0,1.0
mrs-nsga2-apportion|aurus-nsga2-apportion,ctrl_y,lift,2,7,0.1429,1.0,0.2857,0.8571
mrs-nsga2-apportion|aurus-nsga2-apportion,cross,lift,4,15,0.9333,0.7333,1.0,0.9333
mrs-nsga2-apportion|aurus-nsga2-apportion,cross,lift,5,15,0.5333,0.4667,0.6,0.5333
mrs-nsga2-apportion|aurus-nsga2-apportion,ctrl_x,lift,4,15,0.7333,1.0,0.9333,1.0
mrs-nsga2-apportion|aurus-nsga2-apportion,ctrl_y,lift,4,15,0.8,0.6667,0.7333,0.2
mrs-nsga2-apportion|aurus-nsga2-apportion,cross,lift,6,7,0.5714,0.8571,1.0,1.0
mrs-nsga2-apportion|aurus-nsga2-apportion,cross,lift,7,7,1.0,0.4286,1.0,1.0
mrs-nsga2-apportion|aurus-nsga2-apportion,ctrl_x,lift,6,7,0.2857,0.8571,0.2857,0.8571
mrs-nsga2-apportion|aurus-nsga2-apportion,ctrl_y,lift,6,7,0.5714,1.0,1.0,1.0
mrs-nsga2-apportion|aurus-nsga2-apportion,cross,lift,8,11,0.5455,1.0,0.7273,1.0
mrs-nsga2-apportion|aurus-nsga2-apportion,cross,lift,9,11,0.5455,0.8182,0.9091,0.5455
mrs-nsga2-apportion|aurus-nsga2-apportion,ctrl_x,lift,8,11,0.8182,0.7273,1.0,0.9091
mrs-nsga2-apportion|aurus-nsga2-apportion,ctrl_y,lift,8,11,0.4545,0.7273,0.5455,0.6364
mrs-nsga2-apportion|aurus-nsga2-apportion,cross,lift,10,15,0.6667,0.8667,0.8,0.9333
mrs-nsga2-apportion|aurus-nsga2-apportion,cross,lift,11,15,0.2667,1.0,0.7333,0.7333
mrs-nsga2-apportion|aurus-nsga2-apportion,ctrl_x,lift,10,15,0.9333,0.5333,1.0,0.8
mrs-nsga2-apportion|aurus-nsga2-apportion,ctrl_y,lift,10,15,0.8,0.6,0.4,1.0
mrs-nsga2-apportion|aurus-nsga2-apportion,cross,lift,12,10,0.8,0.7,1.0,1.0
mrs-nsga2-apportion|aurus-nsga2-apportion,cross,lift,13,10,0.8,0.9,1.0,1.0
mrs-nsga2-apportion|aurus-nsga2-apportion,ctrl_x,lift,12,10,0.6,0.9,0.9,1.0
mrs-nsga2-apportion|aurus-nsga2-apportion,ctrl_y,lift,12,10,1.0,0.6,0.9,1.0
mrs-nsga2-apportion|aurus-nsga2-apportion,cross,lift,14,11,0.6364,1.0,0.8182,1.0
mrs-nsga2-apportion|aurus-nsga2-apportion,cross,lift,15,11,0.8182,0.8182,0.4545,1.0
mrs-nsga2-apportion|aurus-nsga2-apportion,ctrl_x,lift,14,11,0.4545,0.6364,0.9091,0.8182
mrs-nsga2-apportion|aurus-nsga2-apportion,ctrl_y,lift,14,11,0.6364,0.7273,0.8182,0.5455
mrs-nsga2-apportion|aurus-nsga2-apportion,cross,lift,16,8,0.75,1.0,0.75,1.0
mrs-nsga2-apportion|aurus-nsga2-apportion,cross,lift,17,8,0.625,1.0,0.375,1.0
mrs-nsga2-apportion|aurus-nsga2-apportion,ctrl_x,lift,16,8,1.0,0.375,1.0,1.0
mrs-nsga2-apportion|aurus-nsga2-apportion,ctrl_y,lift,16,8,0.625,1.0,1.0,0.875
mrs-nsga2-apportion|aurus-nsga2-apportion,cross,lift,18,10,0.9,0.7,0.9,0.9
mrs-nsga2-apportion|aurus-nsga2-apportion,cross,lift,19,10,0.7,1.0,1.0,1.0
mrs-nsga2-apportion|aurus-nsga2-apportion,ctrl_x,lift,18,10,0.9,0.8,1.0,0.9
mrs-nsga2-apportion|aurus-nsga2-apportion,ctrl_y,lift,18,10,0.7,0.8,0.9,0.9
mrs-nsga2-apportion|aurus-nsga2-apportion,cross,lift,20,9,0.8889,0.5556,1.0,0.3333
mrs-nsga2-apportion|aurus-nsga2-apportion,cross,lift,21,9,0.7778,0.6667,1.0,0.8889
mrs-nsga2-apportion|aurus-nsga2-apportion,ctrl_x,lift,20,9,0.7778,0.4444,1.0,0.7778
mrs-nsga2-apportion|aurus-nsga2-apportion,ctrl_y,lift,20,9,1.0,0.4444,0.8889,1.0
mrs-nsga2-apportion|aurus-nsga2-apportion,cross,lift,22,8,0.75,0.75,0.125,0.125
mrs-nsga2-apportion|aurus-nsga2-apportion,cross,lift,23,8,0.875,0.375,1.0,1.0
mrs-nsga2-apportion|aurus-nsga2-apportion,ctrl_x,lift,22,8,0.75,0.75,1.0,1.0
mrs-nsga2-apportion|aurus-nsga2-apportion,ctrl_y,lift,22,8,0.875,0.75,0.875,0.75
mrs-nsga2-apportion|aurus-nsga2-apportion,cross,lift,24,10,0.9,0.7,0.9,0.3
mrs-nsga2-apportion|aurus-nsga2-apportion,cross,lift,25,10,1.0,0.6,1.0,0.4
mrs-nsga2-apportion|aurus-nsga2-apportion,ctrl_x,lift,24,10,0.9,0.2,0.9,0.3
mrs-nsga2-apportion|aurus-nsga2-apportion,ctrl_y,lift,24,10,0.8,0.9,0.3,0.3
mrs-nsga2-apportion|aurus-nsga2-apportion,cross,lift,26,13,1.0,0.5385,1.0,0.4615
mrs-nsga2-apportion|aurus-nsga2-apportion,cross,lift,27,13,0.9231,0.5385,1.0,0.8462
mrs-nsga2-apportion|aurus-nsga2-apportion,ctrl_x,lift,26,13,0.9231,0.8462,0.9231,1.0
mrs-nsga2-apportion|aurus-nsga2-apportion,ctrl_y,lift,26,13,0.6923,0.7692,0.6154,1.0
mrs-nsga2-apportion|aurus-nsga2-apportion,cross,lift,28,14,0.9286,0.8571,0.7857,1.0
mrs-nsga2-apportion|aurus-nsga2-apportion,cross,lift,29,14,0.8571,0.9286,1.0,1.0
mrs-nsga2-apportion|aurus-nsga2-apportion,ctrl_x,lift,28,14,0.9286,0.7143,0.9286,0.9286
mrs-nsga2-apportion|aurus-nsga2-apportion,ctrl_y,lift,28,14,0.5,0.8571,0.9286,1.0
mrs-nsga2-apportion|mrs-weighted,cross,lift,0,16,0.625,1.0,0.5625,0.9375
mrs-nsga2-apportion|mrs-weighted,cross,lift,1,16,0.625,0.9375,0.875,0.875
mrs-nsga2-apportion|mrs-weighted,ctrl_x,lift,0,16,0.6875,0.875,0.9375,1.0
mrs-nsga2-apportion|mrs-weighted,ctrl_y,lift,0,16,1.0,0.5,1.0,0.625
mrs-nsga2-apportion|mrs-weighted,cross,lift,2,18,0.5556,0.7222,0.8333,0.5
mrs-nsga2-apportion|mrs-weighted,cross,lift,3,18,0.9444,0.6667,0.5,0.5
mrs-nsga2-apportion|mrs-weighted,ctrl_x,lift,2,18,0.6667,0.8889,1.0,0.8333
mrs-nsga2-apportion|mrs-weighted,ctrl_y,lift,2,18,0.9444,0.7222,0.6111,0.6667
mrs-nsga2-apportion|mrs-weighted,cross,lift,4,15,0.7333,1.0,0.4667,0.8667
mrs-nsga2-apportion|mrs-weighted,cross,lift,5,15,0.9333,0.8667,0.6,0.8
mrs-nsga2-apportion|mrs-weighted,ctrl_x,lift,4,15,0.7333,1.0,0.9333,1.0
mrs-nsga2-apportion|mrs-weighted,ctrl_y,lift,4,15,1.0,0.8667,0.8,0.8667
mrs-nsga2-apportion|mrs-weighted,cross,lift,6,11,0.5455,0.7273,0.3636,0.3636
mrs-nsga2-apportion|mrs-weighted,cross,lift,7,11,0.7273,0.5455,0.3636,0.8182
mrs-nsga2-apportion|mrs-weighted,ctrl_x,lift,6,11,0.5455,0.7273,0.9091,1.0
mrs-nsga2-apportion|mrs-weighted,ctrl_y,lift,6,11,1.0,0.4545,0.7273,0.4545
mrs-nsga2-apportion|mrs-weighted,cross,lift,8,11,0.8182,1.0,0.8182,0.7273
mrs-nsga2-apportion|mrs-weighted,cross,lift,9,11,0.7273,0.9091,0.8182,0.7273
mrs-nsga2-apportion|mrs-weighted,ctrl_x,lift,8,11,0.8182,0.7273,1.0,0.9091
mrs-nsga2-apportion|mrs-weighted,ctrl_y,lift,8,11,0.6364,1.0,0.4545,1.0
mrs-nsga2-apportion|mrs-weighted,cross,lift,10,15,0.8,0.6667,0.4,0.5333
mrs-nsga2-apportion|mrs-weighted,cross,lift,11,15,0.6667,1.0,0.6667,0.9333
mrs-nsga2-apportion|mrs-weighted,ctrl_x,lift,10,15,0.9333,0.5333,1.0,0.8
mrs-nsga2-apportion|mrs-weighted,ctrl_y,lift,10,15,0.7333,0.8667,0.9333,0.5333
mrs-nsga2-apportion|mrs-weighted,cross,lift,12,14,0.9286,1.0,0.8571,1.0
mrs-nsga2-apportion|mrs-weighted,cross,lift,13,14,0.7857,0.7143,0.7143,0.6429
mrs-nsga2-apportion|mrs-weighted,ctrl_x,lift,12,14,0.7857,0.9286,1.0,1.0
mrs-nsga2-apportion|mrs-weighted,ctrl_y,lift,12,14,0.9286,0.8571,0.5,0.9286
mrs-nsga2-apportion|mrs-weighted,cross,lift,14,11,0.6364,0.4545,0.1818,0.4545
mrs-nsga2-apportion|mrs-weighted,cross,lift,15,11,0.5455,0.7273,0.7273,1.0
mrs-nsga2-apportion|mrs-weighted,ctrl_x,lift,14,11,0.4545,0.6364,0.9091,0.8182
mrs-nsga2-apportion|mrs-weighted,ctrl_y,lift,14,11,0.9091,0.8182,0.1818,0.7273
mrs-nsga2-apportion|mrs-weighted,cross,lift,16,12,0.6667,1.0,1.0,1.0
mrs-nsga2-apportion|mrs-weighted,cross,lift,17,12,0.6667,1.0,1.0,1.0
mrs-nsga2-apportion|mrs-weighted,ctrl_x,lift,16,12,1.0,0.75,1.0,1.0
mrs-nsga2-apportion|mrs-weighted,ctrl_y,lift,16,12,0.9167,1.0,1.0,0.9167
mrs-nsga2-apportion|mrs-weighted,cross,lift,18,10,0.7,1.0,0.9,0.9
mrs-nsga2-apportion|mrs-weighted,cross,lift,19,10,0.8,0.9,1.0,1.0
mrs-nsga2-apportion|mrs-weighted,ctrl_x,lift,18,10,0.9,0.8,1.0,0.9
mrs-nsga2-apportion|mrs-weighted,ctrl_y,lift,18,10,0.2,0.8,0.3,0.5
mrs-nsga2-apportion|mrs-weighted,cross,lift,20,17,0.8235,0.8235,0.5882,0.5882
mrs-nsga2-apportion|mrs-weighted,cross,lift,21,17,0.7647,0.8824,0.4118,0.7059
mrs-nsga2-apportion|mrs-weighted,ctrl_x,lift,20,17,0.7059,0.8235,1.0,0.6471
mrs-nsga2-apportion|mrs-weighted,ctrl_y,lift,20,17,0.7059,0.5882,0.5294,1.0
mrs-nsga2-apportion|mrs-weighted,cross,lift,22,8,0.625,0.875,0.125,0.375
mrs-nsga2-apportion|mrs-weighted,cross,lift,23,8,0.625,0.25,0.875,0.625
mrs-nsga2-apportion|mrs-weighted,ctrl_x,lift,22,8,0.75,0.75,1.0,1.0
mrs-nsga2-apportion|mrs-weighted,ctrl_y,lift,22,8,0.125,1.0,0.125,0.5
mrs-nsga2-apportion|mrs-weighted,cross,lift,24,19,0.7368,0.9474,0.4211,1.0
mrs-nsga2-apportion|mrs-weighted,cross,lift,25,19,0.5789,0.7368,0.4211,1.0
mrs-nsga2-apportion|mrs-weighted,ctrl_x,lift,24,19,0.7368,0.5263,0.6316,0.5263
mrs-nsga2-apportion|mrs-weighted,ctrl_y,lift,24,19,1.0,0.4737,0.7368,0.1053
mrs-nsga2-apportion|mrs-weighted,cross,lift,26,13,0.6923,0.7692,1.0,0.9231
mrs-nsga2-apportion|mrs-weighted,cross,lift,27,13,0.7692,0.6923,1.0,0.5385
mrs-nsga2-apportion|mrs-weighted,ctrl_x,lift,26,13,0.9231,0.8462,0.9231,0.9231
mrs-nsga2-apportion|mrs-weighted,ctrl_y,lift,26,13,0.4615,0.8462,1.0,0.5385
mrs-nsga2-apportion|mrs-weighted,cross,lift,28,15,0.8667,0.7333,0.7333,0.9333
mrs-nsga2-apportion|mrs-weighted,cross,lift,29,15,0.9333,1.0,0.6667,1.0
mrs-nsga2-apportion|mrs-weighted,ctrl_x,lift,28,15,1.0,0.8,0.9333,1.0
mrs-nsga2-apportion|mrs-weighted,ctrl_y,lift,28,15,0.6,0.9333,0.4667,0.5333
aurus-nsga2-apportion|aurus,cross,lift,0,7,1.0,0.2857,0.7143,1.0
aurus-nsga2-apportion|aurus,cross,lift,1,7,1.0,0.0,1.0,0.0
aurus-nsga2-apportion|aurus,ctrl_x,lift,0,7,0.7143,0.7143,1.0,1.0
aurus-nsga2-apportion|aurus,ctrl_y,lift,0,7,1.0,1.0,1.0,1.0
aurus-nsga2-apportion|aurus,cross,lift,2,7,1.0,0.4286,1.0,0.7143
aurus-nsga2-apportion|aurus,cross,lift,3,7,1.0,0.0,0.8571,0.0
aurus-nsga2-apportion|aurus,ctrl_x,lift,2,7,0.5714,1.0,0.4286,1.0
aurus-nsga2-apportion|aurus,ctrl_y,lift,2,7,1.0,1.0,1.0,1.0
aurus-nsga2-apportion|aurus,cross,lift,4,9,1.0,0.0,0.3333,0.0
aurus-nsga2-apportion|aurus,cross,lift,5,9,1.0,0.1111,0.8889,0.3333
aurus-nsga2-apportion|aurus,ctrl_x,lift,4,9,0.7778,0.0,0.2222,0.0
aurus-nsga2-apportion|aurus,ctrl_y,lift,4,9,1.0,1.0,1.0,1.0
aurus-nsga2-apportion|aurus,cross,lift,10,8,1.0,0.5,1.0,0.75
aurus-nsga2-apportion|aurus,cross,lift,11,8,1.0,0.25,0.875,0.25
aurus-nsga2-apportion|aurus,ctrl_x,lift,10,8,0.25,0.875,0.25,1.0
aurus-nsga2-apportion|aurus,ctrl_y,lift,10,8,0.875,1.0,0.625,0.875
aurus-nsga2-apportion|aurus,cross,lift,12,4,1.0,0.5,1.0,1.0
aurus-nsga2-apportion|aurus,cross,lift,13,4,1.0,0.5,1.0,1.0
aurus-nsga2-apportion|aurus,ctrl_x,lift,12,4,1.0,0.75,1.0,1.0
aurus-nsga2-apportion|aurus,ctrl_y,lift,12,4,1.0,1.0,1.0,1.0
aurus-nsga2-apportion|aurus,cross,lift,14,4,1.0,0.0,1.0,0.0
aurus-nsga2-apportion|aurus,cross,lift,15,4,1.0,0.75,1.0,1.0
aurus-nsga2-apportion|aurus,ctrl_x,lift,14,4,0.75,1.0,1.0,1.0
aurus-nsga2-apportion|aurus,ctrl_y,lift,14,4,1.0,1.0,1.0,1.0
aurus-nsga2-apportion|aurus,cross,lift,16,6,1.0,0.0,1.0,0.0
aurus-nsga2-apportion|aurus,cross,lift,17,6,1.0,0.5,1.0,1.0
aurus-nsga2-apportion|aurus,ctrl_x,lift,16,6,0.8333,0.5,1.0,0.6667
aurus-nsga2-apportion|aurus,ctrl_y,lift,16,6,1.0,1.0,1.0,1.0
aurus-nsga2-apportion|aurus,cross,lift,18,10,1.0,0.1,0.9,0.2
aurus-nsga2-apportion|aurus,cross,lift,19,10,1.0,0.2,0.7,0.2
aurus-nsga2-apportion|aurus,ctrl_x,lift,18,10,0.7,0.8,0.5,1.0
aurus-nsga2-apportion|aurus,ctrl_y,lift,18,10,0.9,1.0,0.7,0.9
aurus-nsga2-apportion|aurus,cross,lift,20,7,1.0,0.2857,1.0,1.0
aurus-nsga2-apportion|aurus,cross,lift,21,7,1.0,0.1429,1.0,1.0
aurus-nsga2-apportion|aurus,ctrl_x,lift,20,7,0.8571,1.0,0.8571,1.0
aurus-nsga2-apportion|aurus,ctrl_y,lift,20,7,1.0,1.0,1.0,1.0
aurus-nsga2-apportion|aurus,cross,lift,22,5,1.0,0.2,1.0,1.0
aurus-nsga2-apportion|aurus,cross,lift,23,5,1.0,0.0,0.8,0.0
aurus-nsga2-apportion|aurus,ctrl_x,lift,22,5,1.0,0.6,1.0,1.0
aurus-nsga2-apportion|aurus,ctrl_y,lift,22,5,1.0,1.0,1.0,1.0
aurus-nsga2-apportion|aurus,cross,lift,24,4,1.0,0.75,1.0,1.0
aurus-nsga2-apportion|aurus,cross,lift,25,4,0.0,0.0,0.0,0.0
aurus-nsga2-apportion|aurus,ctrl_x,lift,24,4,0.75,1.0,0.25,1.0
aurus-nsga2-apportion|aurus,ctrl_y,lift,24,4,1.0,1.0,1.0,1.0
aurus-nsga2-apportion|aurus,cross,lift,26,8,1.0,0.75,0.75,0.5
aurus-nsga2-apportion|aurus,cross,lift,27,8,1.0,0.375,1.0,0.5
aurus-nsga2-apportion|aurus,ctrl_x,lift,26,8,0.625,0.625,0.875,1.0
aurus-nsga2-apportion|aurus,ctrl_y,lift,26,8,1.0,1.0,1.0,1.0
aurus-nsga2-apportion|aurus,cross,lift,28,6,1.0,0.3333,1.0,0.5
aurus-nsga2-apportion|aurus,cross,lift,29,6,1.0,0.0,1.0,0.0
aurus-nsga2-apportion|aurus,ctrl_x,lift,28,6,0.8333,0.8333,1.0,1.0
aurus-nsga2-apportion|aurus,ctrl_y,lift,28,6,0.8333,1.0,1.0,1.0
mrs-nsga2-apportion|aurus,cross,lily02,0,13,0.3846,0.9231,0.2308,0.4615
mrs-nsga2-apportion|aurus,cross,lily02,1,13,1.0,0.4615,0.4615,0.3077
mrs-nsga2-apportion|aurus,ctrl_x,lily02,0,13,0.8462,1.0,0.1538,0.6923
mrs-nsga2-apportion|aurus,ctrl_y,lily02,0,13,1.0,0.3077,0.6923,0.9231
mrs-nsga2-apportion|aurus,cross,lily02,2,7,0.5714,1.0,1.0,1.0
mrs-nsga2-apportion|aurus,cross,lily02,3,7,1.0,1.0,1.0,0.8571
mrs-nsga2-apportion|aurus,ctrl_x,lily02,2,7,0.7143,1.0,1.0,1.0
mrs-nsga2-apportion|aurus,ctrl_y,lily02,2,7,0.2857,0.8571,0.8571,0.2857
mrs-nsga2-apportion|aurus,cross,lily02,4,5,1.0,0.8,1.0,0.2
mrs-nsga2-apportion|aurus,cross,lily02,5,5,1.0,1.0,1.0,0.8
mrs-nsga2-apportion|aurus,ctrl_x,lily02,4,5,1.0,1.0,1.0,1.0
mrs-nsga2-apportion|aurus,ctrl_y,lily02,4,5,1.0,1.0,0.8,0.2
mrs-nsga2-apportion|aurus,cross,lily02,6,14,0.5714,0.8571,0.5714,0.4286
mrs-nsga2-apportion|aurus,cross,lily02,7,14,0.9286,0.8571,0.2857,0.1429
mrs-nsga2-apportion|aurus,ctrl_x,lily02,6,14,0.8571,0.9286,0.6429,1.0
mrs-nsga2-apportion|aurus,ctrl_y,lily02,6,14,0.7143,0.7857,0.2857,0.7857
mrs-nsga2-apportion|aurus,cross,lily02,8,11,1.0,0.6364,0.8182,0.2727
mrs-nsga2-apportion|aurus,cross,lily02,9,11,0.7273,1.0,0.1818,0.9091
mrs-nsga2-apportion|aurus,ctrl_x,lily02,8,11,1.0,0.7273,1.0,1.0
mrs-nsga2-apportion|aurus,ctrl_y,lily02,8,11,0.9091,0.5455,1.0,0.6364
mrs-nsga2-apportion|aurus,cross,lily02,10,10,0.9,0.9,0.7,0.1
mrs-nsga2-apportion|aurus,cross,lily02,11,10,0.9,0.8,0.3,0.7
mrs-nsga2-apportion|aurus,ctrl_x,lily02,10,10,1.0,0.5,0.9,0.8
mrs-nsga2-apportion|aurus,ctrl_y,lily02,10,10,0.9,0.9,0.7,0.7
mrs-nsga2-apportion|aurus,cross,lily02,12,14,1.0,0.0,0.4286,0.0
mrs-nsga2-apportion|aurus,cross,lily02,13,14,0.7857,0.5,0.3571,0.4286
mrs-nsga2-apportion|aurus,ctrl_x,lily02,12,14,1.0,0.8571,0.4286,0.7857
mrs-nsga2-apportion|aurus,ctrl_y,lily02,12,14,0.9286,0.7143,0.8571,0.6429
mrs-nsga2-apportion|aurus,cross,lily02,14,14,0.9286,1.0,0.5714,0.8571
mrs-nsga2-apportion|aurus,cross,lily02,15,14,0.2143,0.7857,0.2857,0.1429
mrs-nsga2-apportion|aurus,ctrl_x,lily02,14,14,0.9286,0.7857,0.2857,0.6429
mrs-nsga2-apportion|aurus,ctrl_y,lily02,14,14,0.0714,1.0,0.1429,0.2857
mrs-nsga2-apportion|aurus,cross,lily02,16,10,1.0,0.8,0.6,0.3
mrs-nsga2-apportion|aurus,cross,lily02,17,10,1.0,1.0,0.4,0.4
mrs-nsga2-apportion|aurus,ctrl_x,lily02,16,10,0.5,1.0,0.8,0.7
mrs-nsga2-apportion|aurus,ctrl_y,lily02,16,10,0.9,0.6,1.0,0.8
mrs-nsga2-apportion|aurus,cross,lily02,20,18,0.6667,0.7778,0.3889,0.3889
mrs-nsga2-apportion|aurus,cross,lily02,21,18,1.0,0.7778,0.3333,0.3333
mrs-nsga2-apportion|aurus,ctrl_x,lily02,20,18,0.7778,0.8889,0.3333,0.6667
mrs-nsga2-apportion|aurus,ctrl_y,lily02,20,18,0.7222,0.6667,0.5556,0.5556
mrs-nsga2-apportion|aurus,cross,lily02,22,21,0.9048,0.8095,0.3333,0.2381
mrs-nsga2-apportion|aurus,cross,lily02,23,21,1.0,0.381,0.619,0.8571
mrs-nsga2-apportion|aurus,ctrl_x,lily02,22,21,1.0,0.9524,0.7143,0.619
mrs-nsga2-apportion|aurus,ctrl_y,lily02,22,21,0.5238,0.7143,0.9048,0.7619
mrs-nsga2-apportion|aurus,cross,lily02,24,12,1.0,0.75,1.0,0.5
mrs-nsga2-apportion|aurus,cross,lily02,25,12,0.9167,0.4167,0.6667,0.3333
mrs-nsga2-apportion|aurus,ctrl_x,lily02,24,12,1.0,1.0,0.5833,0.5833
mrs-nsga2-apportion|aurus,ctrl_y,lily02,24,12,0.9167,0.9167,0.9167,0.9167
mrs-nsga2-apportion|aurus,cross,lily02,26,14,0.8571,1.0,0.2143,0.2857
mrs-nsga2-apportion|aurus,cross,lily02,27,14,1.0,0.9286,0.4286,0.2143
mrs-nsga2-apportion|aurus,ctrl_x,lily02,26,14,1.0,0.9286,0.6429,0.5
mrs-nsga2-apportion|aurus,ctrl_y,lily02,26,14,1.0,1.0,0.8571,0.7143
mrs-nsga2-apportion|aurus,cross,lily02,28,13,1.0,0.6923,0.2308,0.3077
mrs-nsga2-apportion|aurus,cross,lily02,29,13,1.0,0.8462,0.3077,0.5385
mrs-nsga2-apportion|aurus,ctrl_x,lily02,28,13,0.9231,0.6154,0.9231,0.6923
mrs-nsga2-apportion|aurus,ctrl_y,lily02,28,13,0.7692,1.0,0.3077,0.9231
mrs-nsga2-apportion|aurus-nsga2-apportion,cross,lily02,0,14,0.4286,0.7143,0.7143,0.9286
mrs-nsga2-apportion|aurus-nsga2-apportion,cross,lily02,1,14,0.7143,0.8571,0.7857,1.0
mrs-nsga2-apportion|aurus-nsga2-apportion,ctrl_x,lily02,0,14,0.7857,0.9286,0.3571,0.6429
mrs-nsga2-apportion|aurus-nsga2-apportion,ctrl_y,lily02,0,14,0.9286,0.7143,1.0,0.5714
mrs-nsga2-apportion|aurus-nsga2-apportion,cross,lily02,2,16,1.0,0.875,0.9375,0.5
mrs-nsga2-apportion|aurus-nsga2-apportion,cross,lily02,3,16,0.9375,1.0,0.5,0.75
mrs-nsga2-apportion|aurus-nsga2-apportion,ctrl_x,lily02,2,16,0.9375,0.875,1.0,0.375
mrs-nsga2-apportion|aurus-nsga2-apportion,ctrl_y,lily02,2,16,0.6875,0.9375,0.6875,0.5
mrs-nsga2-apportion|aurus-nsga2-apportion,cross,lily02,4,14,1.0,1.0,1.0,0.8571
mrs-nsga2-apportion|aurus-nsga2-apportion,cross,lily02,5,14,1.0,1.0,1.0,0.8571
mrs-nsga2-apportion|aurus-nsga2-apportion,ctrl_x,lily02,4,14,1.0,0.7143,1.0,0.6429
mrs-nsga2-apportion|aurus-nsga2-apportion,ctrl_y,lily02,4,14,1.0,0.9286,1.0,0.8571
mrs-nsga2-apportion|aurus-nsga2-apportion,cross,lily02,6,19,0.7895,1.0,0.5789,0.5263
mrs-nsga2-apportion|aurus-nsga2-apportion,cross,lily02,7,19,0.9474,1.0,0.8421,0.9474
mrs-nsga2-apportion|aurus-nsga2-apportion,ctrl_x,lily02,6,19,0.6316,0.7895,0.4211,0.7895
mrs-nsga2-apportion|aurus-nsga2-apportion,ctrl_y,lily02,6,19,1.0,0.7895,0.7895,0.3158
mrs-nsga2-apportion|aurus-nsga2-apportion,cross,lily02,8,14,0.7857,0.1429,0.5714,0.5714
mrs-nsga2-apportion|aurus-nsga2-apportion,cross,lily02,9,14,0.7143,1.0,0.9286,0.9286
mrs-nsga2-apportion|aurus-nsga2-apportion,ctrl_x,lily02,8,14,1.0,0.9286,0.7143,1.0
mrs-nsga2-apportion|aurus-nsga2-apportion,ctrl_y,lily02,8,14,1.0,0.8571,0.9286,0.5
mrs-nsga2-apportion|aurus-nsga2-apportion,cross,lily02,10,20,0.65,0.85,0.6,0.95
mrs-nsga2-apportion|aurus-nsga2-apportion,cross,lily02,11,20,0.8,0.75,0.35,0.2
mrs-nsga2-apportion|aurus-nsga2-apportion,ctrl_x,lily02,10,20,0.85,0.8,0.8,0.7
mrs-nsga2-apportion|aurus-nsga2-apportion,ctrl_y,lily02,10,20,0.8,1.0,0.6,1.0
mrs-nsga2-apportion|aurus-nsga2-apportion,cross,lily02,12,15,0.6667,0.9333,0.3333,0.6
mrs-nsga2-apportion|aurus-nsga2-apportion,cross,lily02,13,15,0.4,0.8667,0.4667,0.4
mrs-nsga2-apportion|aurus-nsga2-apportion,ctrl_x,lily02,12,15,0.6,0.6,0.5333,0.6667
mrs-nsga2-apportion|aurus-nsga2-apportion,ctrl_y,lily02,12,15,0.8,0.8667,0.6667,1.0
mrs-nsga2-apportion|aurus-nsga2-apportion,cross,lily02,14,14,0.8571,0.9286,0.7143,0.8571
mrs-nsga2-apportion|aurus-nsga2-apportion,cross,lily02,15,14,0.7143,0.7143,0.9286,0.7857
mrs-nsga2-apportion|aurus-nsga2-apportion,ctrl_x,lily02,14,14,0.9286,0.7857,0.2857,0.6429
mrs-nsga2-apportion|aurus-nsga2-apportion,ctrl_y,lily02,14,14,0.8571,0.8571,0.9286,0.9286
mrs-nsga2-apportion|aurus-nsga2-apportion,cross,lily02,16,27,0.8519,0.7407,0.963,0.8148
mrs-nsga2-apportion|aurus-nsga2-apportion,cross,lily02,17,27,0.6296,0.8519,0.7407,0.8519
mrs-nsga2-apportion|aurus-nsga2-apportion,ctrl_x,lily02,16,27,0.9259,0.7037,0.8519,1.0
mrs-nsga2-apportion|aurus-nsga2-apportion,ctrl_y,lily02,16,27,0.8889,0.5556,0.9259,0.5926
mrs-nsga2-apportion|aurus-nsga2-apportion,cross,lily02,18,10,1.0,0.9,0.9,0.5
mrs-nsga2-apportion|aurus-nsga2-apportion,cross,lily02,19,10,0.9,0.9,1.0,1.0
mrs-nsga2-apportion|aurus-nsga2-apportion,ctrl_x,lily02,18,10,1.0,1.0,0.9,1.0
mrs-nsga2-apportion|aurus-nsga2-apportion,ctrl_y,lily02,18,10,0.9,0.9,1.0,1.0
mrs-nsga2-apportion|aurus-nsga2-apportion,cross,lily02,20,18,0.7778,0.9444,0.6111,0.6667
mrs-nsga2-apportion|aurus-nsga2-apportion,cross,lily02,21,18,0.8889,0.8333,0.6667,0.6667
mrs-nsga2-apportion|aurus-nsga2-apportion,ctrl_x,lily02,20,18,0.7778,0.8889,0.3333,0.6667
mrs-nsga2-apportion|aurus-nsga2-apportion,ctrl_y,lily02,20,18,0.7222,0.8333,0.7222,0.9444
mrs-nsga2-apportion|aurus-nsga2-apportion,cross,lily02,22,15,1.0,0.9333,1.0,0.5333
mrs-nsga2-apportion|aurus-nsga2-apportion,cross,lily02,23,15,0.6667,1.0,0.7333,0.7333
mrs-nsga2-apportion|aurus-nsga2-apportion,ctrl_x,lily02,22,15,1.0,1.0,1.0,0.6667
mrs-nsga2-apportion|aurus-nsga2-apportion,ctrl_y,lily02,22,15,1.0,0.4667,0.8667,0.6
mrs-nsga2-apportion|aurus-nsga2-apportion,cross,lily02,24,18,0.7778,0.3889,0.6111,0.5
mrs-nsga2-apportion|aurus-nsga2-apportion,cross,lily02,25,18,0.7778,0.8333,0.7778,0.8889
mrs-nsga2-apportion|aurus-nsga2-apportion,ctrl_x,lily02,24,18,1.0,0.9444,0.7222,0.3889
mrs-nsga2-apportion|aurus-nsga2-apportion,ctrl_y,lily02,24,18,0.8889,0.8889,0.8889,0.8333
mrs-nsga2-apportion|aurus-nsga2-apportion,cross,lily02,26,21,0.7143,1.0,0.4286,0.4762
mrs-nsga2-apportion|aurus-nsga2-apportion,cross,lily02,27,21,0.9524,0.9048,0.381,0.4286
mrs-nsga2-apportion|aurus-nsga2-apportion,ctrl_x,lily02,26,21,1.0,0.9524,0.619,0.619
mrs-nsga2-apportion|aurus-nsga2-apportion,ctrl_y,lily02,26,21,0.9524,0.8095,0.6667,0.619
mrs-nsga2-apportion|aurus-nsga2-apportion,cross,lily02,28,13,1.0,0.6923,0.8462,0.9231
mrs-nsga2-apportion|aurus-nsga2-apportion,cross,lily02,29,13,0.8462,0.8462,0.6154,0.5385
mrs-nsga2-apportion|aurus-nsga2-apportion,ctrl_x,lily02,28,13,0.6923,0.8462,0.3077,0.6923
mrs-nsga2-apportion|aurus-nsga2-apportion,ctrl_y,lily02,28,13,0.6154,0.9231,0.9231,0.6923
mrs-nsga2-apportion|mrs-weighted,cross,lily02,0,22,0.6364,1.0,0.6818,0.7727
mrs-nsga2-apportion|mrs-weighted,cross,lily02,1,22,0.7727,0.8636,0.4545,0.8182
mrs-nsga2-apportion|mrs-weighted,ctrl_x,lily02,0,22,0.9091,0.6818,0.4545,0.6818
mrs-nsga2-apportion|mrs-weighted,ctrl_y,lily02,0,22,0.9545,0.9545,0.7727,0.4545
mrs-nsga2-apportion|mrs-weighted,cross,lily02,2,23,1.0,1.0,0.5217,0.1739
mrs-nsga2-apportion|mrs-weighted,cross,lily02,3,23,0.6522,1.0,0.3478,0.9565
mrs-nsga2-apportion|mrs-weighted,ctrl_x,lily02,2,23,0.913,0.8696,0.8261,0.4348
mrs-nsga2-apportion|mrs-weighted,ctrl_y,lily02,2,23,1.0,0.6957,0.913,0.2174
mrs-nsga2-apportion|mrs-weighted,cross,lily02,4,14,0.8571,0.5714,1.0,0.7857
mrs-nsga2-apportion|mrs-weighted,cross,lily02,5,14,1.0,0.8571,0.8571,1.0
mrs-nsga2-apportion|mrs-weighted,ctrl_x,lily02,4,14,1.0,0.7143,1.0,0.6429
mrs-nsga2-apportion|mrs-weighted,ctrl_y,lily02,4,14,0.8571,0.7143,0.7143,0.9286
mrs-nsga2-apportion|mrs-weighted,cross,lily02,6,19,0.6316,1.0,0.4211,0.9474
mrs-nsga2-apportion|mrs-weighted,cross,lily02,7,19,0.6842,0.6842,0.5263,0.8421
mrs-nsga2-apportion|mrs-weighted,ctrl_x,lily02,6,19,0.7368,0.9474,0.4737,0.7895
mrs-nsga2-apportion|mrs-weighted,ctrl_y,lily02,6,19,0.8421,0.7368,0.7895,0.7368
mrs-nsga2-apportion|mrs-weighted,cross,lily02,8,25,0.48,0.88,0.36,0.6
mrs-nsga2-apportion|mrs-weighted,cross,lily02,9,25,0.68,1.0,0.36,0.56
mrs-nsga2-apportion|mrs-weighted,ctrl_x,lily02,8,25,0.56,0.88,0.64,0.76
mrs-nsga2-apportion|mrs-weighted,ctrl_y,lily02,8,25,0.84,0.96,0.68,0.32
mrs-nsga2-apportion|mrs-weighted,cross,lily02,10,20,0.9,0.9,0.65,0.65
mrs-nsga2-apportion|mrs-weighted,cross,lily02,11,20,0.9,1.0,0.55,0.8
mrs-nsga2-apportion|mrs-weighted,ctrl_x,lily02,10,20,0.9,0.9,0.75,0.85
mrs-nsga2-apportion|mrs-weighted,ctrl_y,lily02,10,20,0.9,0.9,0.95,0.8
mrs-nsga2-apportion|mrs-weighted,cross,lily02,12,15,0.6,0.9333,0.4667,0.4
mrs-nsga2-apportion|mrs-weighted,cross,lily02,13,15,0.6,1.0,1.0,1.0
mrs-nsga2-apportion|mrs-weighted,ctrl_x,lily02,12,15,0.6,0.6,0.5333,0.6667
mrs-nsga2-apportion|mrs-weighted,ctrl_y,lily02,12,15,0.7333,1.0,0.9333,0.6667
mrs-nsga2-apportion|mrs-weighted,cross,lily02,14,25,0.88,1.0,0.48,0.36
mrs-nsga2-apportion|mrs-weighted,cross,lily02,15,25,0.88,1.0,0.64,1.0
mrs-nsga2-apportion|mrs-weighted,ctrl_x,lily02,14,25,0.88,0.68,0.48,0.56
mrs-nsga2-apportion|mrs-weighted,ctrl_y,lily02,14,25,0.96,0.96,0.32,0.84
mrs-nsga2-apportion|mrs-weighted,cross,lily02,16,27,0.5556,0.9259,0.7037,0.8148
mrs-nsga2-apportion|mrs-weighted,cross,lily02,17,27,0.8889,0.8519,0.6667,0.7778
mrs-nsga2-apportion|mrs-weighted,ctrl_x,lily02,16,27,0.9259,0.7037,0.8519,1.0
mrs-nsga2-apportion|mrs-weighted,ctrl_y,lily02,16,27,0.5556,0.8889,1.0,0.5556
mrs-nsga2-apportion|mrs-weighted,cross,lily02,18,11,0.9091,0.9091,1.0,0.5455
mrs-nsga2-apportion|mrs-weighted,cross,lily02,19,11,1.0,1.0,0.7273,1.0
mrs-nsga2-apportion|mrs-weighted,ctrl_x,lily02,18,11,0.9091,0.8182,0.8182,1.0
mrs-nsga2-apportion|mrs-weighted,ctrl_y,lily02,18,11,0.7273,1.0,0.6364,0.8182
mrs-nsga2-apportion|mrs-weighted,cross,lily02,20,18,0.7778,0.9444,0.7222,0.6111
mrs-nsga2-apportion|mrs-weighted,cross,lily02,21,18,0.8333,0.8889,0.6111,0.7778
mrs-nsga2-apportion|mrs-weighted,ctrl_x,lily02,20,18,0.7778,0.8889,0.3333,0.6667
mrs-nsga2-apportion|mrs-weighted,ctrl_y,lily02,20,18,0.8333,1.0,0.9444,0.9444
mrs-nsga2-apportion|mrs-weighted,cross,lily02,22,21,0.9048,0.9524,0.4286,0.381
mrs-nsga2-apportion|mrs-weighted,cross,lily02,23,21,0.9524,1.0,0.5238,0.5714
mrs-nsga2-apportion|mrs-weighted,ctrl_x,lily02,22,21,1.0,0.9524,0.7143,0.619
mrs-nsga2-apportion|mrs-weighted,ctrl_y,lily02,22,21,0.9048,0.9048,0.4286,0.3333
mrs-nsga2-apportion|mrs-weighted,cross,lily02,24,28,0.75,0.8929,0.6429,0.8929
mrs-nsga2-apportion|mrs-weighted,cross,lily02,25,28,0.8929,0.9286,0.3929,0.7143
mrs-nsga2-apportion|mrs-weighted,ctrl_x,lily02,24,28,0.9643,1.0,0.6429,0.4286
mrs-nsga2-apportion|mrs-weighted,ctrl_y,lily02,24,28,0.3929,0.9643,0.6429,0.4643
mrs-nsga2-apportion|mrs-weighted,cross,lily02,26,38,0.6316,0.8684,0.3947,0.6316
mrs-nsga2-apportion|mrs-weighted,cross,lily02,27,38,0.8947,0.9737,0.3421,0.6316
mrs-nsga2-apportion|mrs-weighted,ctrl_x,lily02,26,38,0.6316,0.8947,0.5263,0.6053
mrs-nsga2-apportion|mrs-weighted,ctrl_y,lily02,26,38,0.8421,0.4474,0.4737,0.2632
mrs-nsga2-apportion|mrs-weighted,cross,lily02,28,23,0.7826,0.6522,0.5652,0.4783
mrs-nsga2-apportion|mrs-weighted,cross,lily02,29,23,0.5652,1.0,0.6522,0.8696
mrs-nsga2-apportion|mrs-weighted,ctrl_x,lily02,28,23,1.0,0.6522,0.5217,0.6957
mrs-nsga2-apportion|mrs-weighted,ctrl_y,lily02,28,23,0.913,0.7826,0.7391,0.913
aurus-nsga2-apportion|aurus,cross,lily02,0,13,1.0,0.5385,0.6154,0.4615
aurus-nsga2-apportion|aurus,cross,lily02,1,13,1.0,0.7692,0.3077,0.6923
aurus-nsga2-apportion|aurus,ctrl_x,lily02,0,13,0.9231,0.9231,1.0,1.0
aurus-nsga2-apportion|aurus,ctrl_y,lily02,0,13,1.0,0.3077,0.6923,0.9231
aurus-nsga2-apportion|aurus,cross,lily02,2,7,0.5714,0.8571,0.2857,0.8571
aurus-nsga2-apportion|aurus,cross,lily02,3,7,1.0,1.0,1.0,0.8571
aurus-nsga2-apportion|aurus,ctrl_x,lily02,2,7,0.5714,1.0,0.1429,1.0
aurus-nsga2-apportion|aurus,ctrl_y,lily02,2,7,0.2857,0.8571,0.8571,0.2857
aurus-nsga2-apportion|aurus,cross,lily02,4,5,1.0,1.0,1.0,1.0
aurus-nsga2-apportion|aurus,cross,lily02,5,5,0.8,0.8,1.0,0.2
aurus-nsga2-apportion|aurus,ctrl_x,lily02,4,5,1.0,1.0,1.0,1.0
aurus-nsga2-apportion|aurus,ctrl_y,lily02,4,5,1.0,1.0,0.8,0.2
aurus-nsga2-apportion|aurus,cross,lily02,6,14,1.0,0.5,0.9286,0.3571
aurus-nsga2-apportion|aurus,cross,lily02,7,14,1.0,0.9286,0.2143,0.2143
aurus-nsga2-apportion|aurus,ctrl_x,lily02,6,14,1.0,0.9286,0.8571,0.5714
aurus-nsga2-apportion|aurus,ctrl_y,lily02,6,14,0.7143,0.7857,0.2857,0.7857
aurus-nsga2-apportion|aurus,cross,lily02,8,11,1.0,0.6364,1.0,0.6364
aurus-nsga2-apportion|aurus,cross,lily02,9,11,0.8182,1.0,0.1818,0.7273
aurus-nsga2-apportion|aurus,ctrl_x,lily02,8,11,0.9091,0.9091,1.0,0.2727
aurus-nsga2-apportion|aurus,ctrl_y,lily02,8,11,0.9091,0.5455,1.0,0.6364
aurus-nsga2-apportion|aurus,cross,lily02,10,10,0.3,0.6,0.6,0.1
aurus-nsga2-apportion|aurus,cross,lily02,11,10,0.2,1.0,0.4,0.2
aurus-nsga2-apportion|aurus,ctrl_x,lily02,10,10,0.5,1.0,0.9,1.0
aurus-nsga2-apportion|aurus,ctrl_y,lily02,10,10,0.9,0.9,0.7,0.7
aurus-nsga2-apportion|aurus,cross,lily02,12,14,1.0,0.2857,0.3571,0.1429
aurus-nsga2-apportion|aurus,cross,lily02,13,14,1.0,0.8571,0.9286,1.0
aurus-nsga2-apportion|aurus,ctrl_x,lily02,12,14,1.0,0.8571,0.7143,0.8571
aurus-nsga2-apportion|aurus,ctrl_y,lily02,12,14,0.9286,0.7143,0.8571,0.6429
aurus-nsga2-apportion|aurus,cross,lily02,14,14,1.0,0.7857,0.5714,0.7857
aurus-nsga2-apportion|aurus,cross,lily02,15,14,1.0,0.2143,0.2857,0.2857
aurus-nsga2-apportion|aurus,ctrl_x,lily02,14,14,0.8571,0.9286,1.0,0.9286
aurus-nsga2-apportion|aurus,ctrl_y,lily02,14,14,0.9286,1.0,0.2143,0.3571
aurus-nsga2-apportion|aurus,cross,lily02,16,10,0.4,1.0,0.5,0.3
aurus-nsga2-apportion|aurus,cross,lily02,17,10,0.9,0.9,0.5,0.4
aurus-nsga2-apportion|aurus,ctrl_x,lily02,16,10,0.9,1.0,1.0,0.7
aurus-nsga2-apportion|aurus,ctrl_y,lily02,16,10,0.9,0.6,1.0,0.8
aurus-nsga2-apportion|aurus,cross,lily02,20,23,0.8696,0.6522,0.4348,0.4348
aurus-nsga2-apportion|aurus,cross,lily02,21,23,0.9565,0.7391,0.4348,0.1739
aurus-nsga2-apportion|aurus,ctrl_x,lily02,20,23,0.6957,0.9565,0.5652,0.7391
aurus-nsga2-apportion|aurus,ctrl_y,lily02,20,23,0.8696,0.7391,0.6087,0.6522
aurus-nsga2-apportion|aurus,cross,lily02,22,15,1.0,0.8,0.6,0.5333
aurus-nsga2-apportion|aurus,cross,lily02,23,15,1.0,0.8,0.3333,0.2667
aurus-nsga2-apportion|aurus,ctrl_x,lily02,22,15,1.0,0.4667,0.8667,0.6
aurus-nsga2-apportion|aurus,ctrl_y,lily02,22,15,0.8667,0.7333,0.8667,0.8667
aurus-nsga2-apportion|aurus,cross,lily02,24,12,1.0,0.75,0.5,0.75
aurus-nsga2-apportion|aurus,cross,lily02,25,12,1.0,0.5833,0.5833,0.25
aurus-nsga2-apportion|aurus,ctrl_x,lily02,24,12,0.9167,0.75,0.8333,0.5833
aurus-nsga2-apportion|aurus,ctrl_y,lily02,24,12,0.9167,0.9167,0.9167,0.9167
aurus-nsga2-apportion|aurus,cross,lily02,26,14,0.9286,0.7857,0.2857,0.4286
aurus-nsga2-apportion|aurus,cross,lily02,27,14,1.0,0.7143,0.5714,0.2857
aurus-nsga2-apportion|aurus,ctrl_x,lily02,26,14,0.7143,1.0,0.8571,0.6429
aurus-nsga2-apportion|aurus,ctrl_y,lily02,26,14,1.0,1.0,0.8571,0.7143
aurus-nsga2-apportion|aurus,cross,lily02,28,13,0.9231,0.8462,0.2308,0.3077
aurus-nsga2-apportion|aurus,cross,lily02,29,13,0.6923,0.9231,0.2308,0.0769
aurus-nsga2-apportion|aurus,ctrl_x,lily02,28,13,0.8462,1.0,1.0,0.8462
aurus-nsga2-apportion|aurus,ctrl_y,lily02,28,13,0.7692,1.0,0.3077,0.9231
mrs-nsga2-apportion|aurus,cross,lily11,0,28,0.7143,0.5357,0.9286,0.8571
mrs-nsga2-apportion|aurus,cross,lily11,1,28,0.6786,0.5714,0.7143,0.5357
mrs-nsga2-apportion|aurus,ctrl_x,lily11,0,28,0.6429,0.7857,0.8214,0.8571
mrs-nsga2-apportion|aurus,ctrl_y,lily11,0,28,0.5,0.8214,0.6786,0.9643
mrs-nsga2-apportion|aurus,cross,lily11,2,35,0.7714,0.6286,0.6857,0.8
mrs-nsga2-apportion|aurus,cross,lily11,3,35,0.9429,0.3143,0.7714,0.6
mrs-nsga2-apportion|aurus,ctrl_x,lily11,2,35,0.6571,0.8857,0.8,0.8857
mrs-nsga2-apportion|aurus,ctrl_y,lily11,2,35,0.5429,0.8,0.8286,0.7714
mrs-nsga2-apportion|aurus,cross,lily11,4,29,0.5517,0.7241,0.931,0.8276
mrs-nsga2-apportion|aurus,cross,lily11,5,29,0.931,0.4828,0.8966,0.6207
mrs-nsga2-apportion|aurus,ctrl_x,lily11,4,29,0.2759,0.8621,0.4138,0.8621
mrs-nsga2-apportion|aurus,ctrl_y,lily11,4,29,0.5172,0.8276,0.7241,0.8276
mrs-nsga2-apportion|aurus,cross,lily11,6,16,1.0,0.75,1.0,0.625
mrs-nsga2-apportion|aurus,cross,lily11,7,16,0.875,0.5625,0.875,0.9375
mrs-nsga2-apportion|aurus,ctrl_x,lily11,6,16,0.9375,0.875,0.625,0.6875
mrs-nsga2-apportion|aurus,ctrl_y,lily11,6,16,1.0,0.8125,0.9375,0.625
mrs-nsga2-apportion|aurus,cross,lily11,8,22,0.7727,0.9091,0.9545,0.8182
mrs-nsga2-apportion|aurus,cross,lily11,9,22,0.7273,0.6818,0.5909,1.0
mrs-nsga2-apportion|aurus,ctrl_x,lily11,8,22,0.7273,0.7727,1.0,0.8636
mrs-nsga2-apportion|aurus,ctrl_y,lily11,8,22,0.8636,0.7727,1.0,0.7273
mrs-nsga2-apportion|aurus,cross,lily11,10,21,0.7143,0.7143,0.619,0.7619
mrs-nsga2-apportion|aurus,cross,lily11,11,21,0.5714,0.5238,0.8571,0.9048
mrs-nsga2-apportion|aurus,ctrl_x,lily11,10,21,0.5238,0.7143,0.8571,0.8571
mrs-nsga2-apportion|aurus,ctrl_y,lily11,10,21,0.5714,0.9048,0.7143,0.9524
mrs-nsga2-apportion|aurus,cross,lily11,12,18,0.7778,0.7222,0.7778,0.6667
mrs-nsga2-apportion|aurus,cross,lily11,13,18,0.8333,0.6111,0.5556,0.9444
mrs-nsga2-apportion|aurus,ctrl_x,lily11,12,18,0.7222,0.7222,0.9444,0.8889
mrs-nsga2-apportion|aurus,ctrl_y,lily11,12,18,0.7778,1.0,1.0,0.9444
mrs-nsga2-apportion|aurus,cross,lily11,14,21,0.5714,0.5714,0.7619,0.9524
mrs-nsga2-apportion|aurus,cross,lily11,15,21,0.8095,0.5238,0.8095,0.5238
mrs-nsga2-apportion|aurus,ctrl_x,lily11,14,21,0.9048,0.8095,1.0,0.9048
mrs-nsga2-apportion|aurus,ctrl_y,lily11,14,21,0.9524,0.6667,1.0,0.9048
mrs-nsga2-apportion|aurus,cross,lily11,16,18,0.7778,0.7222,0.3333,0.3889
mrs-nsga2-apportion|aurus,cross,lily11,17,18,0.8889,0.5556,0.8889,0.6667
mrs-nsga2-apportion|aurus,ctrl_x,lily11,16,18,0.6111,0.6667,0.7222,0.9444
mrs-nsga2-apportion|aurus,ctrl_y,lily11,16,18,0.8333,0.6667,0.2778,0.7778
mrs-nsga2-apportion|aurus,cross,lily11,18,29,0.8966,0.5862,0.8966,0.7931
mrs-nsga2-apportion|aurus,cross,lily11,19,29,0.931,0.6552,0.8276,0.931
mrs-nsga2-apportion|aurus,ctrl_x,lily11,18,29,0.7931,0.8276,0.6897,0.9655
mrs-nsga2-apportion|aurus,ctrl_y,lily11,18,29,0.8966,0.931,0.931,0.931
mrs-nsga2-apportion|aurus,cross,lily11,20,21,0.7143,0.7143,0.4762,0.6667
mrs-nsga2-apportion|aurus,cross,lily11,21,21,0.9524,0.619,0.9524,0.4762
mrs-nsga2-apportion|aurus,ctrl_x,lily11,20,21,0.9524,0.7143,1.0,0.9048
mrs-nsga2-apportion|aurus,ctrl_y,lily11,20,21,0.619,1.0,0.4286,0.8571
mrs-nsga2-apportion|aurus,cross,lily11,22,26,0.9231,0.8077,0.7692,0.8462
mrs-nsga2-apportion|aurus,cross,lily11,23,26,0.8462,0.6923,0.8846,0.7692
mrs-nsga2-apportion|aurus,ctrl_x,lily11,22,26,0.8846,0.8462,0.8846,0.7692
mrs-nsga2-apportion|aurus,ctrl_y,lily11,22,26,0.7692,0.9231,0.8077,0.9615
mrs-nsga2-apportion|aurus,cross,lily11,24,22,0.8636,0.4091,0.5909,0.5455
mrs-nsga2-apportion|aurus,cross,lily11,25,22,0.9545,0.5,0.8182,0.6818
mrs-nsga2-apportion|aurus,ctrl_x,lily11,24,22,0.5909,0.6364,0.7727,0.8182
mrs-nsga2-apportion|aurus,ctrl_y,lily11,24,22,0.8636,0.6818,0.9091,1.0
mrs-nsga2-apportion|aurus,cross,lily11,26,29,0.931,0.5517,0.8621,0.5862
mrs-nsga2-apportion|aurus,cross,lily11,27,29,0.7241,0.5172,0.7586,0.8276
mrs-nsga2-apportion|aurus,ctrl_x,lily11,26,29,0.7931,0.6897,0.8966,1.0
mrs-nsga2-apportion|aurus,ctrl_y,lily11,26,29,0.8276,0.8966,0.8276,0.8276
mrs-nsga2-apportion|aurus,cross,lily11,28,24,0.9167,0.7083,0.9583,0.75
mrs-nsga2-apportion|aurus,cross,lily11,29,24,1.0,0.6667,0.9583,0.75
mrs-nsga2-apportion|aurus,ctrl_x,lily11,28,24,0.8333,1.0,0.625,0.9583
mrs-nsga2-apportion|aurus,ctrl_y,lily11,28,24,0.8333,0.875,0.9583,0.9167
mrs-nsga2-apportion|aurus-nsga2-apportion,cross,lily11,0,39,0.8718,0.6667,0.8462,0.9231
mrs-nsga2-apportion|aurus-nsga2-apportion,cross,lily11,1,39,0.7179,0.7179,0.8718,0.8718
mrs-nsga2-apportion|aurus-nsga2-apportion,ctrl_x,lily11,0,39,0.7179,0.7949,0.8718,0.9231
mrs-nsga2-apportion|aurus-nsga2-apportion,ctrl_y,lily11,0,39,0.8205,0.5641,0.8205,0.8974
mrs-nsga2-apportion|aurus-nsga2-apportion,cross,lily11,2,33,0.7273,0.7576,0.9697,0.9091
mrs-nsga2-apportion|aurus-nsga2-apportion,cross,lily11,3,33,0.8788,0.6364,0.9394,0.4848
mrs-nsga2-apportion|aurus-nsga2-apportion,ctrl_x,lily11,2,33,0.6364,0.9091,0.8182,0.9697
mrs-nsga2-apportion|aurus-nsga2-apportion,ctrl_y,lily11,2,33,0.697,0.7879,0.8485,0.9091
mrs-nsga2-apportion|aurus-nsga2-apportion,cross,lily11,4,35,0.5714,0.6286,0.5429,0.8857
mrs-nsga2-apportion|aurus-nsga2-apportion,cross,lily11,5,35,0.6286,0.6571,0.8286,0.8571
mrs-nsga2-apportion|aurus-nsga2-apportion,ctrl_x,lily11,4,35,0.3429,0.8857,0.3714,0.9143
mrs-nsga2-apportion|aurus-nsga2-apportion,ctrl_y,lily11,4,35,0.6286,0.4857,0.5143,0.6857
mrs-nsga2-apportion|aurus-nsga2-apportion,cross,lily11,6,31,0.9677,0.7097,0.8387,0.9677
mrs-nsga2-apportion|aurus-nsga2-apportion,cross,lily11,7,31,0.8387,0.871,0.9032,1.0
mrs-nsga2-apportion|aurus-nsga2-apportion,ctrl_x,lily11,6,31,0.8065,0.871,0.871,0.7419
mrs-nsga2-apportion|aurus-nsga2-apportion,ctrl_y,lily11,6,31,0.8065,0.7419,0.7097,1.0
mrs-nsga2-apportion|aurus-nsga2-apportion,cross,lily11,8,27,0.6296,0.8889,0.6667,1.0
mrs-nsga2-apportion|aurus-nsga2-apportion,cross,lily11,9,27,0.7407,0.7778,0.8148,0.9259
mrs-nsga2-apportion|aurus-nsga2-apportion,ctrl_x,lily11,8,27,0.5926,0.8519,0.963,0.8889
mrs-nsga2-apportion|aurus-nsga2-apportion,ctrl_y,lily11,8,27,0.7778,0.7778,0.8519,1.0
mrs-nsga2-apportion|aurus-nsga2-apportion,cross,lily11,10,26,0.8077,0.5,0.9615,0.9615
mrs-nsga2-apportion|aurus-nsga2-apportion,cross,lily11,11,26,0.7692,0.9615,0.9231,0.9231
mrs-nsga2-apportion|aurus-nsga2-apportion,ctrl_x,lily11,10,26,0.6923,0.6154,0.8077,1.0
mrs-nsga2-apportion|aurus-nsga2-apportion,ctrl_y,lily11,10,26,0.8462,0.6154,0.9615,0.9231
mrs-nsga2-apportion|aurus-nsga2-apportion,cross,lily11,12,18,0.7778,0.7222,0.8333,0.8889
mrs-nsga2-apportion|aurus-nsga2-apportion,cross,lily11,13,18,0.6667,0.7222,0.5,1.0
mrs-nsga2-apportion|aurus-nsga2-apportion,ctrl_x,lily11,12,18,0.7222,0.7222,0.9444,0.8889
mrs-nsga2-apportion|aurus-nsga2-apportion,ctrl_y,lily11,12,18,0.9444,0.8889,0.7778,0.5556
mrs-nsga2-apportion|aurus-nsga2-apportion,cross,lily11,14,34,0.7353,0.6471,0.9412,0.8824
mrs-nsga2-apportion|aurus-nsga2-apportion,cross,lily11,15,34,0.7059,0.8824,0.5882,0.7353
mrs-nsga2-apportion|aurus-nsga2-apportion,ctrl_x,lily11,14,34,0.6765,0.8235,0.9118,0.9118
mrs-nsga2-apportion|aurus-nsga2-apportion,ctrl_y,lily11,14,34,0.6471,0.5,0.5,0.6471
mrs-nsga2-apportion|aurus-nsga2-apportion,cross,lily11,16,31,0.7097,0.7097,0.9355,0.7097
mrs-nsga2-apportion|aurus-nsga2-apportion,cross,lily11,17,31,0.7419,0.8065,0.9355,0.871
mrs-nsga2-apportion|aurus-nsga2-apportion,ctrl_x,lily11,16,31,0.8387,0.5806,0.8387,0.871
mrs-nsga2-apportion|aurus-nsga2-apportion,ctrl_y,lily11,16,31,0.8387,0.7419,1.0,0.6774
mrs-nsga2-apportion|aurus-nsga2-apportion,cross,lily11,18,35,0.8571,0.7429,0.9714,0.7143
mrs-nsga2-apportion|aurus-nsga2-apportion,cross,lily11,19,35,0.8,0.7714,0.9143,0.7143
mrs-nsga2-apportion|aurus-nsga2-apportion,ctrl_x,lily11,18,35,0.7714,0.8571,0.7429,0.9143
mrs-nsga2-apportion|aurus-nsga2-apportion,ctrl_y,lily11,18,35,0.8286,0.7714,0.9429,0.8286
mrs-nsga2-apportion|aurus-nsga2-apportion,cross,lily11,20,39,0.6923,0.7436,0.8718,0.8718
mrs-nsga2-apportion|aurus-nsga2-apportion,cross,lily11,21,39,0.7436,0.7692,0.8205,0.8462
mrs-nsga2-apportion|aurus-nsga2-apportion,ctrl_x,lily11,20,39,0.7692,0.6923,0.8974,0.8462
mrs-nsga2-apportion|aurus-nsga2-apportion,ctrl_y,lily11,20,39,0.7949,0.8718,0.6923,0.7692
mrs-nsga2-apportion|aurus-nsga2-apportion,cross,lily11,22,26,0.9615,0.8846,0.9615,0.9231
mrs-nsga2-apportion|aurus-nsga2-apportion,cross,lily11,23,26,0.8846,0.6154,1.0,0.9231
mrs-nsga2-apportion|aurus-nsga2-apportion,ctrl_x,lily11,22,26,0.8846,0.8462,0.8846,0.7692
mrs-nsga2-apportion|aurus-nsga2-apportion,ctrl_y,lily11,22,26,0.6154,0.8077,0.8846,1.0
mrs-nsga2-apportion|aurus-nsga2-apportion,cross,lily11,24,34,0.7059,0.7353,0.7647,0.8235
mrs-nsga2-apportion|aurus-nsga2-apportion,cross,lily11,25,34,0.7353,0.6471,0.9118,0.7647
mrs-nsga2-apportion|aurus-nsga2-apportion,ctrl_x,lily11,24,34,0.7353,0.7353,0.9412,0.7941
mrs-nsga2-apportion|aurus-nsga2-apportion,ctrl_y,lily11,24,34,0.7647,0.8529,0.8235,0.7941
mrs-nsga2-apportion|aurus-nsga2-apportion,cross,lily11,26,39,0.8205,0.6923,0.8974,0.6667
mrs-nsga2-apportion|aurus-nsga2-apportion,cross,lily11,27,39,0.7179,0.7436,0.8462,0.7692
mrs-nsga2-apportion|aurus-nsga2-apportion,ctrl_x,lily11,26,39,0.8462,0.6667,0.8205,0.8974
mrs-nsga2-apportion|aurus-nsga2-apportion,ctrl_y,lily11,26,39,0.6923,0.7436,0.6923,0.8462
mrs-nsga2-apportion|aurus-nsga2-apportion,cross,lily11,28,28,0.7857,0.8214,0.7857,0.5
mrs-nsga2-apportion|aurus-nsga2-apportion,cross,lily11,29,28,0.9286,0.6429,0.9643,0.8214
mrs-nsga2-apportion|aurus-nsga2-apportion,ctrl_x,lily11,28,28,0.7857,0.8929,0.7143,0.75
mrs-nsga2-apportion|aurus-nsga2-apportion,ctrl_y,lily11,28,28,0.8214,0.8571,0.9643,0.9643
mrs-nsga2-apportion|mrs-weighted,cross,lily11,0,41,0.6829,0.878,0.8293,0.9268
mrs-nsga2-apportion|mrs-weighted,cross,lily11,1,41,0.6341,0.9024,0.9024,0.9268
mrs-nsga2-apportion|mrs-weighted,ctrl_x,lily11,0,41,0.8049,0.7805,0.878,0.8537
mrs-nsga2-apportion|mrs-weighted,ctrl_y,lily11,0,41,0.8293,0.6829,0.9268,0.6341
mrs-nsga2-apportion|mrs-weighted,cross,lily11,2,35,0.6571,0.8286,0.2286,0.9714
mrs-nsga2-apportion|mrs-weighted,cross,lily11,3,35,0.7143,0.9714,0.6857,0.9429
mrs-nsga2-apportion|mrs-weighted,ctrl_x,lily11,2,35,0.6571,0.8857,0.8,0.8857
mrs-nsga2-apportion|mrs-weighted,ctrl_y,lily11,2,35,1.0,0.8571,0.9714,0.9429
mrs-nsga2-apportion|mrs-weighted,cross,lily11,4,38,0.4474,0.8421,0.3158,0.9737
mrs-nsga2-apportion|mrs-weighted,cross,lily11,5,38,0.6579,0.8947,0.4474,0.9474
mrs-nsga2-apportion|mrs-weighted,ctrl_x,lily11,4,38,0.4474,0.8158,0.5263,0.8684
mrs-nsga2-apportion|mrs-weighted,ctrl_y,lily11,4,38,0.9211,0.7105,0.9737,0.8158
mrs-nsga2-apportion|mrs-weighted,cross,lily11,6,36,0.4167,0.8889,0.3333,0.9444
mrs-nsga2-apportion|mrs-weighted,cross,lily11,7,36,0.5556,0.7222,0.6667,0.8611
mrs-nsga2-apportion|mrs-weighted,ctrl_x,lily11,6,36,0.9167,0.8333,0.8611,0.7222
mrs-nsga2-apportion|mrs-weighted,ctrl_y,lily11,6,36,0.6667,0.8333,0.5833,1.0
mrs-nsga2-apportion|mrs-weighted,cross,lily11,8,40,0.375,0.9,0.375,0.8
mrs-nsga2-apportion|mrs-weighted,cross,lily11,9,40,0.525,0.95,0.625,1.0
mrs-nsga2-apportion|mrs-weighted,ctrl_x,lily11,8,40,0.625,0.75,0.975,0.975
mrs-nsga2-apportion|mrs-weighted,ctrl_y,lily11,8,40,0.75,0.8,0.875,0.9
mrs-nsga2-apportion|mrs-weighted,cross,lily11,10,33,0.4242,0.9091,0.6667,0.8485
mrs-nsga2-apportion|mrs-weighted,cross,lily11,11,33,0.3636,0.9697,0.4848,0.8788
mrs-nsga2-apportion|mrs-weighted,ctrl_x,lily11,10,33,0.6667,0.7273,0.8788,0.9697
mrs-nsga2-apportion|mrs-weighted,ctrl_y,lily11,10,33,0.8485,0.9091,1.0,0.9697
mrs-nsga2-apportion|mrs-weighted,cross,lily11,12,18,0.6667,0.7778,0.7778,0.7778
mrs-nsga2-apportion|mrs-weighted,cross,lily11,13,18,0.6667,0.8333,0.5556,0.9444
mrs-nsga2-apportion|mrs-weighted,ctrl_x,lily11,12,18,0.7222,0.7222,0.9444,0.8889
mrs-nsga2-apportion|mrs-weighted,ctrl_y,lily11,12,18,0.8333,0.6667,0.8889,0.6667
mrs-nsga2-apportion|mrs-weighted,cross,lily11,14,34,0.3824,0.9706,0.6471,0.9706
mrs-nsga2-apportion|mrs-weighted,cross,lily11,15,34,0.6176,0.8529,0.8824,0.9706
mrs-nsga2-apportion|mrs-weighted,ctrl_x,lily11,14,34,0.6765,0.8235,0.9118,0.9118
mrs-nsga2-apportion|mrs-weighted,ctrl_y,lily11,14,34,0.7059,0.8529,0.7941,1.0
mrs-nsga2-apportion|mrs-weighted,cross,lily11,16,31,0.6129,0.9355,0.2258,0.8387
mrs-nsga2-apportion|mrs-weighted,cross,lily11,17,31,0.3871,0.9677,0.4516,0.8065
mrs-nsga2-apportion|mrs-weighted,ctrl_x,lily11,16,31,0.8387,0.5806,0.8387,0.871
mrs-nsga2-apportion|mrs-weighted,ctrl_y,lily11,16,31,0.9355,0.6452,0.9032,0.6774
mrs-nsga2-apportion|mrs-weighted,cross,lily11,18,35,0.5429,0.8,0.3714,0.9143
mrs-nsga2-apportion|mrs-weighted,cross,lily11,19,35,0.4857,0.9143,0.6,0.8571
mrs-nsga2-apportion|mrs-weighted,ctrl_x,lily11,18,35,0.7714,0.8571,0.7429,0.9143
mrs-nsga2-apportion|mrs-weighted,ctrl_y,lily11,18,35,0.8286,0.7143,0.6857,0.8571
mrs-nsga2-apportion|mrs-weighted,cross,lily11,20,39,0.7949,0.9231,0.6154,0.8462
mrs-nsga2-apportion|mrs-weighted,cross,lily11,21,39,0.6667,0.7949,0.6154,0.8974
mrs-nsga2-apportion|mrs-weighted,ctrl_x,lily11,20,39,0.7692,0.6923,0.8974,0.8462
mrs-nsga2-apportion|mrs-weighted,ctrl_y,lily11,20,39,0.7436,0.6667,0.8974,0.8718
mrs-nsga2-apportion|mrs-weighted,cross,lily11,22,26,0.7692,1.0,0.7692,0.9615
mrs-nsga2-apportion|mrs-weighted,cross,lily11,23,26,0.5769,0.7692,0.8462,0.9615
mrs-nsga2-apportion|mrs-weighted,ctrl_x,lily11,22,26,0.8846,0.8462,0.8846,0.7692
mrs-nsga2-apportion|mrs-weighted,ctrl_y,lily11,22,26,0.7308,0.8846,0.9231,0.9231
mrs-nsga2-apportion|mrs-weighted,cross,lily11,24,40,0.625,0.8,0.575,0.95
mrs-nsga2-apportion|mrs-weighted,cross,lily11,25,40,0.55,0.95,0.7,0.925
mrs-nsga2-apportion|mrs-weighted,ctrl_x,lily11,24,40,0.55,0.775,0.775,0.85
mrs-nsga2-apportion|mrs-weighted,ctrl_y,lily11,24,40,0.85,0.65,0.9,0.675
mrs-nsga2-apportion|mrs-weighted,cross,lily11,26,40,0.625,0.9,0.625,0.9
mrs-nsga2-apportion|mrs-weighted,cross,lily11,27,40,0.375,0.95,0.5,0.875
mrs-nsga2-apportion|mrs-weighted,ctrl_x,lily11,26,40,0.8,0.675,0.9,0.85
mrs-nsga2-apportion|mrs-weighted,ctrl_y,lily11,26,40,0.8,0.75,0.8,0.725
mrs-nsga2-apportion|mrs-weighted,cross,lily11,28,31,0.3871,0.9355,0.5484,0.8387
mrs-nsga2-apportion|mrs-weighted,cross,lily11,29,31,0.871,0.9677,0.5806,0.7742
mrs-nsga2-apportion|mrs-weighted,ctrl_x,lily11,28,31,0.9677,0.9677,0.6774,0.9032
mrs-nsga2-apportion|mrs-weighted,ctrl_y,lily11,28,31,0.7742,0.9032,0.7742,0.871
aurus-nsga2-apportion|aurus,cross,lily11,0,28,0.7857,0.6071,0.8929,0.8214
aurus-nsga2-apportion|aurus,cross,lily11,1,28,0.6071,0.6071,0.8571,0.8571
aurus-nsga2-apportion|aurus,ctrl_x,lily11,0,28,0.5714,0.5,0.8929,0.7857
aurus-nsga2-apportion|aurus,ctrl_y,lily11,0,28,0.5,0.8214,0.6786,0.9643
aurus-nsga2-apportion|aurus,cross,lily11,2,33,0.697,0.6061,0.5758,0.697
aurus-nsga2-apportion|aurus,cross,lily11,3,33,0.8182,0.5152,0.8788,0.8182
aurus-nsga2-apportion|aurus,ctrl_x,lily11,2,33,0.7273,0.8182,0.8485,0.9091
aurus-nsga2-apportion|aurus,ctrl_y,lily11,2,33,0.6364,0.7879,0.7576,0.8485
aurus-nsga2-apportion|aurus,cross,lily11,4,29,0.6897,0.6207,0.7586,0.5862
aurus-nsga2-apportion|aurus,cross,lily11,5,29,0.6897,0.5517,0.8621,0.5862
aurus-nsga2-apportion|aurus,ctrl_x,lily11,4,29,0.6552,0.7241,0.7586,0.8621
aurus-nsga2-apportion|aurus,ctrl_y,lily11,4,29,0.5172,0.8276,0.7241,0.8276
aurus-nsga2-apportion|aurus,cross,lily11,6,16,0.875,0.875,0.9375,0.8125
aurus-nsga2-apportion|aurus,cross,lily11,7,16,0.9375,0.4375,1.0,0.5
aurus-nsga2-apportion|aurus,ctrl_x,lily11,6,16,0.75,0.875,1.0,1.0
aurus-nsga2-apportion|aurus,ctrl_y,lily11,6,16,1.0,0.8125,0.9375,0.625
aurus-nsga2-apportion|aurus,cross,lily11,8,22,0.9091,0.8636,0.9545,0.8636
aurus-nsga2-apportion|aurus,cross,lily11,9,22,0.9545,0.5909,0.8636,0.9091
aurus-nsga2-apportion|aurus,ctrl_x,lily11,8,22,0.7727,0.8636,0.5455,1.0
aurus-nsga2-apportion|aurus,ctrl_y,lily11,8,22,0.8636,0.7727,1.0,0.7273
aurus-nsga2-apportion|aurus,cross,lily11,10,21,0.9048,0.8095,0.5238,0.5714
aurus-nsga2-apportion|aurus,cross,lily11,11,21,0.7619,0.4762,0.8095,0.7619
aurus-nsga2-apportion|aurus,ctrl_x,lily11,10,21,0.9524,0.8095,1.0,0.6667
aurus-nsga2-apportion|aurus,ctrl_y,lily11,10,21,0.5714,0.9048,0.7143,0.9524
aurus-nsga2-apportion|aurus,cross,lily11,12,23,0.7391,0.4348,0.7391,0.7391
aurus-nsga2-apportion|aurus,cross,lily11,13,23,0.6957,0.7826,0.5217,0.6957
aurus-nsga2-apportion|aurus,ctrl_x,lily11,12,23,0.8696,0.8261,0.8696,0.6957
aurus-nsga2-apportion|aurus,ctrl_y,lily11,12,23,0.8261,0.7391,0.8261,0.9565
aurus-nsga2-apportion|aurus,cross,lily11,14,21,0.8095,0.5238,0.7619,0.5238
aurus-nsga2-apportion|aurus,cross,lily11,15,21,0.7619,0.5714,0.7143,0.8095
aurus-nsga2-apportion|aurus,ctrl_x,lily11,14,21,0.7619,0.6667,0.9048,0.619
aurus-nsga2-apportion|aurus,ctrl_y,lily11,14,21,0.9524,0.6667,1.0,0.9048
aurus-nsga2-apportion|aurus,cross,lily11,16,18,0.9444,0.6667,0.3333,0.8333
aurus-nsga2-apportion|aurus,cross,lily11,17,18,0.8889,0.3889,0.9444,0.7778
aurus-nsga2-apportion|aurus,ctrl_x,lily11,16,18,0.6667,0.6111,1.0,0.5
aurus-nsga2-apportion|aurus,ctrl_y,lily11,16,18,0.8333,0.6667,0.2778,0.7778
aurus-nsga2-apportion|aurus,cross,lily11,18,29,0.7931,0.5862,0.8966,0.7931
aurus-nsga2-apportion|aurus,cross,lily11,19,29,0.7241,0.6552,0.6552,0.8621
aurus-nsga2-apportion|aurus,ctrl_x,lily11,18,29,0.8276,0.8276,0.9655,0.931
aurus-nsga2-apportion|aurus,ctrl_y,lily11,18,29,0.8966,0.931,0.931,0.931
aurus-nsga2-apportion|aurus,cross,lily11,20,21,0.9048,0.7143,0.4762,0.6667
aurus-nsga2-apportion|aurus,cross,lily11,21,21,0.7619,0.6667,1.0,0.4286
aurus-nsga2-apportion|aurus,ctrl_x,lily11,20,21,0.8095,0.8095,0.9524,0.8095
aurus-nsga2-apportion|aurus,ctrl_y,lily11,20,21,0.619,1.0,0.4286,0.8571
aurus-nsga2-apportion|aurus,cross,lily11,22,31,0.6774,0.7742,0.9677,0.9355
aurus-nsga2-apportion|aurus,cross,lily11,23,31,0.7419,0.5806,0.7742,0.6129
aurus-nsga2-apportion|aurus,ctrl_x,lily11,22,31,0.6129,0.871,0.9355,0.6774
aurus-nsga2-apportion|aurus,ctrl_y,lily11,22,31,0.8387,0.871,0.8387,0.9355
aurus-nsga2-apportion|aurus,cross,lily11,24,22,0.9091,0.3636,0.7727,0.8636
aurus-nsga2-apportion|aurus,cross,lily11,25,22,0.5455,0.4545,0.6818,0.5909
aurus-nsga2-apportion|aurus,ctrl_x,lily11,24,22,0.7727,0.6818,0.8182,0.8182
aurus-nsga2-apportion|aurus,ctrl_y,lily11,24,22,0.8636,0.6818,0.9091,1.0
aurus-nsga2-apportion|aurus,cross,lily11,26,29,0.7931,0.6552,0.5862,0.6207
aurus-nsga2-apportion|aurus,cross,lily11,27,29,0.6552,0.4828,0.7931,0.6552
aurus-nsga2-apportion|aurus,ctrl_x,lily11,26,29,0.7931,0.8621,0.8966,0.931
aurus-nsga2-apportion|aurus,ctrl_y,lily11,26,29,0.8276,0.8966,0.8276,0.8276
aurus-nsga2-apportion|aurus,cross,lily11,28,24,0.9167,0.4583,0.8333,0.8333
aurus-nsga2-apportion|aurus,cross,lily11,29,24,0.875,0.7083,0.625,0.9167
aurus-nsga2-apportion|aurus,ctrl_x,lily11,28,24,0.875,0.7917,1.0,0.5833
aurus-nsga2-apportion|aurus,ctrl_y,lily11,28,24,0.8333,0.875,0.9583,0.9167
mrs-nsga2-apportion|aurus,cross,lily15,0,19,0.9474,0.0526,0.3684,0.2632
mrs-nsga2-apportion|aurus,cross,lily15,1,19,0.3684,0.6316,0.4737,0.3684
mrs-nsga2-apportion|aurus,ctrl_x,lily15,0,19,0.8947,0.3684,0.2632,0.3158
mrs-nsga2-apportion|aurus,ctrl_y,lily15,0,19,0.7895,0.8947,0.7895,0.8421
mrs-nsga2-apportion|aurus,cross,lily15,2,11,0.3636,0.9091,0.3636,0.2727
mrs-nsga2-apportion|aurus,cross,lily15,3,11,1.0,0.2727,0.9091,0.2727
mrs-nsga2-apportion|aurus,ctrl_x,lily15,2,11,1.0,1.0,1.0,1.0
mrs-nsga2-apportion|aurus,ctrl_y,lily15,2,11,1.0,0.9091,0.9091,0.7273
mrs-nsga2-apportion|aurus,cross,lily15,6,10,0.9,0.8,1.0,0.4
mrs-nsga2-apportion|aurus,cross,lily15,7,10,1.0,0.1,0.7,0.1
mrs-nsga2-apportion|aurus,ctrl_x,lily15,6,10,1.0,0.9,1.0,1.0
mrs-nsga2-apportion|aurus,ctrl_y,lily15,6,10,0.2,1.0,0.2,0.3
mrs-nsga2-apportion|aurus,cross,lily15,8,18,0.5,0.8333,0.7222,0.6667
mrs-nsga2-apportion|aurus,cross,lily15,9,18,1.0,0.5556,0.8333,0.3889
mrs-nsga2-apportion|aurus,ctrl_x,lily15,8,18,0.7222,1.0,0.3889,0.8889
mrs-nsga2-apportion|aurus,ctrl_y,lily15,8,18,0.8333,0.9444,0.4444,0.6667
mrs-nsga2-apportion|aurus,cross,lily15,10,15,0.9333,0.8667,0.6,0.8
mrs-nsga2-apportion|aurus,cross,lily15,11,15,0.4,0.6667,0.7333,0.3333
mrs-nsga2-apportion|aurus,ctrl_x,lily15,10,15,0.8667,0.7333,0.4667,0.6667
mrs-nsga2-apportion|aurus,ctrl_y,lily15,10,15,0.8667,0.6,0.7333,1.0
mrs-nsga2-apportion|aurus,cross,lily15,12,11,1.0,0.9091,1.0,0.9091
mrs-nsga2-apportion|aurus,cross,lily15,13,11,1.0,0.5455,0.9091,0.9091
mrs-nsga2-apportion|aurus,ctrl_x,lily15,12,11,1.0,1.0,1.0,1.0
mrs-nsga2-apportion|aurus,ctrl_y,lily15,12,11,0.8182,1.0,0.7273,0.9091
mrs-nsga2-apportion|aurus,cross,lily15,14,6,1.0,0.6667,1.0,0.3333
mrs-nsga2-apportion|aurus,cross,lily15,15,6,1.0,0.3333,1.0,0.6667
mrs-nsga2-apportion|aurus,ctrl_x,lily15,14,6,0.8333,1.0,1.0,1.0
mrs-nsga2-apportion|aurus,ctrl_y,lily15,14,6,1.0,1.0,1.0,1.0
mrs-nsga2-apportion|aurus,cross,lily15,16,13,1.0,0.3077,0.5385,0.3077
mrs-nsga2-apportion|aurus,cross,lily15,17,13,0.9231,0.8462,0.7692,0.4615
mrs-nsga2-apportion|aurus,ctrl_x,lily15,16,13,1.0,1.0,0.6154,1.0
mrs-nsga2-apportion|aurus,ctrl_y,lily15,16,13,0.9231,1.0,1.0,1.0
mrs-nsga2-apportion|aurus,cross,lily15,18,18,1.0,0.7778,0.6667,0.5
mrs-nsga2-apportion|aurus,cross,lily15,19,18,0.9444,0.6667,0.5556,0.6667
mrs-nsga2-apportion|aurus,ctrl_x,lily15,18,18,1.0,0.8889,0.8889,0.8333
mrs-nsga2-apportion|aurus,ctrl_y,lily15,18,18,0.9444,0.8889,0.7222,0.5556
mrs-nsga2-apportion|aurus,cross,lily15,20,11,0.9091,0.9091,0.7273,0.5455
mrs-nsga2-apportion|aurus,cross,lily15,21,11,1.0,0.5455,0.6364,0.6364
mrs-nsga2-apportion|aurus,ctrl_x,lily15,20,11,0.9091,1.0,0.9091,0.8182
mrs-nsga2-apportion|aurus,ctrl_y,lily15,20,11,0.7273,0.9091,0.7273,0.9091
mrs-nsga2-apportion|aurus,cross,lily15,22,14,1.0,0.8571,1.0,0.9286
mrs-nsga2-apportion|aurus,cross,lily15,23,14,1.0,0.6429,0.6429,0.8571
mrs-nsga2-apportion|aurus,ctrl_x,lily15,22,14,0.9286,0.9286,0.7857,0.7143
mrs-nsga2-apportion|aurus,ctrl_y,lily15,22,14,0.9286,0.9286,1.0,0.9286
mrs-nsga2-apportion|aurus,cross,lily15,24,11,1.0,0.4545,0.9091,0.5455
mrs-nsga2-apportion|aurus,cross,lily15,25,11,1.0,0.0909,0.3636,0.0909
mrs-nsga2-apportion|aurus,ctrl_x,lily15,24,11,1.0,0.9091,0.8182,0.7273
mrs-nsga2-apportion|aurus,ctrl_y,lily15,24,11,0.6364,1.0,0.7273,1.0
mrs-nsga2-apportion|aurus,cross,lily15,26,6,1.0,0.5,0.6667,0.1667
mrs-nsga2-apportion|aurus,cross,lily15,27,6,1.0,0.8333,0.5,1.0
mrs-nsga2-apportion|aurus,ctrl_x,lily15,26,6,0.8333,1.0,1.0,0.8333
mrs-nsga2-apportion|aurus,ctrl_y,lily15,26,6,1.0,0.8333,1.0,0.1667
mrs-nsga2-apportion|aurus,cross,lily15,28,15,0.9333,0.6,0.6667,0.3333
mrs-nsga2-apportion|aurus,cross,lily15,29,15,1.0,0.8667,0.2,0.7333
mrs-nsga2-apportion|aurus,ctrl_x,lily15,28,15,1.0,0.8667,0.9333,0.7333
mrs-nsga2-apportion|aurus,ctrl_y,lily15,28,15,0.7333,0.9333,0.4667,0.7333
mrs-nsga2-apportion|aurus-nsga2-apportion,cross,lily15,0,14,0.7857,1.0,0.5,0.9286
mrs-nsga2-apportion|aurus-nsga2-apportion,cross,lily15,1,14,0.7143,0.7857,0.5,0.5714
mrs-nsga2-apportion|aurus-nsga2-apportion,ctrl_x,lily15,0,14,1.0,0.4286,0.3571,0.4286
mrs-nsga2-apportion|aurus-nsga2-apportion,ctrl_y,lily15,0,14,0.7143,1.0,0.7143,0.6429
mrs-nsga2-apportion|aurus-nsga2-apportion,cross,lily15,2,9,0.4444,1.0,0.4444,0.8889
mrs-nsga2-apportion|aurus-nsga2-apportion,cross,lily15,3,9,1.0,1.0,1.0,0.8889
mrs-nsga2-apportion|aurus-nsga2-apportion,ctrl_x,lily15,2,9,1.0,1.0,1.0,1.0
mrs-nsga2-apportion|aurus-nsga2-apportion,ctrl_y,lily15,2,9,0.7778,1.0,1.0,1.0
mrs-nsga2-apportion|aurus-nsga2-apportion,cross,lily15,4,10,1.0,1.0,0.9,0.5
mrs-nsga2-apportion|aurus-nsga2-apportion,cross,lily15,5,10,1.0,1.0,1.0,1.0
mrs-nsga2-apportion|aurus-nsga2-apportion,ctrl_x,lily15,4,10,1.0,1.0,1.0,0.9
mrs-nsga2-apportion|aurus-nsga2-apportion,ctrl_y,lily15,4,10,0.9,1.0,0.9,0.9
mrs-nsga2-apportion|aurus-nsga2-apportion,cross,lily15,6,14,0.9286,0.7143,0.7143,0.7143
mrs-nsga2-apportion|aurus-nsga2-apportion,cross,lily15,7,14,1.0,1.0,0.7143,0.8571
mrs-nsga2-apportion|aurus-nsga2-apportion,ctrl_x,lily15,6,14,0.9286,1.0,1.0,0.7143
mrs-nsga2-apportion|aurus-nsga2-apportion,ctrl_y,lily15,6,14,1.0,1.0,0.9286,1.0
mrs-nsga2-apportion|aurus-nsga2-apportion,cross,lily15,8,9,1.0,1.0,1.0,1.0
mrs-nsga2-apportion|aurus-nsga2-apportion,cross,lily15,9,9,0.6667,0.8889,0.8889,0.8889
mrs-nsga2-apportion|aurus-nsga2-apportion,ctrl_x,lily15,8,9,1.0,1.0,0.8889,1.0
mrs-nsga2-apportion|aurus-nsga2-apportion,ctrl_y,lily15,8,9,0.6667,1.0,0.7778,0.5556
mrs-nsga2-apportion|aurus-nsga2-apportion,cross,lily15,10,15,0.8667,0.7333,0.4667,0.7333
mrs-nsga2-apportion|aurus-nsga2-apportion,cross,lily15,11,15,1.0,1.0,0.5333,0.8667
mrs-nsga2-apportion|aurus-nsga2-apportion,ctrl_x,lily15,10,15,0.8667,0.7333,0.4667,0.6667
mrs-nsga2-apportion|aurus-nsga2-apportion,ctrl_y,lily15,10,15,0.9333,0.9333,0.8,0.5333
mrs-nsga2-apportion|aurus-nsga2-apportion,cross,lily15,12,10,1.0,1.0,1.0,0.6
mrs-nsga2-apportion|aurus-nsga2-apportion,cross,lily15,13,10,1.0,1.0,0.8,0.6
mrs-nsga2-apportion|aurus-nsga2-apportion,ctrl_x,lily15,12,10,1.0,1.0,1.0,0.9
mrs-nsga2-apportion|aurus-nsga2-apportion,ctrl_y,lily15,12,10,1.0,1.0,0.9,1.0
mrs-nsga2-apportion|aurus-nsga2-apportion,cross,lily15,14,16,0.6875,1.0,0.5,1.0
mrs-nsga2-apportion|aurus-nsga2-apportion,cross,lily15,15,16,1.0,0.9375,0.75,1.0
mrs-nsga2-apportion|aurus-nsga2-apportion,ctrl_x,lily15,14,16,0.6875,1.0,0.625,1.0
mrs-nsga2-apportion|aurus-nsga2-apportion,ctrl_y,lily15,14,16,0.8125,0.75,0.625,0.9375
mrs-nsga2-apportion|aurus-nsga2-apportion,cross,lily15,16,13,1.0,1.0,0.7692,1.0
mrs-nsga2-apportion|aurus-nsga2-apportion,cross,lily15,17,13,1.0,0.9231,1.0,1.0
mrs-nsga2-apportion|aurus-nsga2-apportion,ctrl_x,lily15,16,13,1.0,1.0,0.6154,1.0
mrs-nsga2-apportion|aurus-nsga2-apportion,ctrl_y,lily15,16,13,0.7692,1.0,0.8462,1.0
mrs-nsga2-apportion|aurus-nsga2-apportion,cross,lily15,18,11,1.0,1.0,0.8182,1.0
mrs-nsga2-apportion|aurus-nsga2-apportion,cross,lily15,19,11,1.0,1.0,0.7273,1.0
mrs-nsga2-apportion|aurus-nsga2-apportion,ctrl_x,lily15,18,11,0.9091,1.0,0.8182,1.0
mrs-nsga2-apportion|aurus-nsga2-apportion,ctrl_y,lily15,18,11,1.0,1.0,0.7273,1.0
mrs-nsga2-apportion|aurus-nsga2-apportion,cross,lily15,20,15,0.8,1.0,0.3333,0.6667
mrs-nsga2-apportion|aurus-nsga2-apportion,cross,lily15,21,15,0.7333,0.8,0.8,0.7333
mrs-nsga2-apportion|aurus-nsga2-apportion,ctrl_x,lily15,20,15,1.0,0.8,0.9333,1.0
mrs-nsga2-apportion|aurus-nsga2-apportion,ctrl_y,lily15,20,15,0.8,1.0,0.8667,0.8667
mrs-nsga2-apportion|aurus-nsga2-apportion,cross,lily15,22,10,1.0,1.0,1.0,1.0
mrs-nsga2-apportion|aurus-nsga2-apportion,cross,lily15,23,10,0.9,1.0,0.6,0.9
mrs-nsga2-apportion|aurus-nsga2-apportion,ctrl_x,lily15,22,10,0.8,0.9,0.5,0.9
mrs-nsga2-apportion|aurus-nsga2-apportion,ctrl_y,lily15,22,10,1.0,0.8,0.7,0.7
mrs-nsga2-apportion|aurus-nsga2-apportion,cross,lily15,24,11,1.0,0.9091,0.9091,1.0
mrs-nsga2-apportion|aurus-nsga2-apportion,cross,lily15,25,11,0.7273,1.0,1.0,1.0
mrs-nsga2-apportion|aurus-nsga2-apportion,ctrl_x,lily15,24,11,1.0,0.9091,0.8182,0.7273
mrs-nsga2-apportion|aurus-nsga2-apportion,ctrl_y,lily15,24,11,1.0,1.0,0.9091,1.0
mrs-nsga2-apportion|aurus-nsga2-apportion,cross,lily15,26,12,1.0,1.0,0.6667,0.75
mrs-nsga2-apportion|aurus-nsga2-apportion,cross,lily15,27,12,0.8333,0.9167,1.0,0.8333
mrs-nsga2-apportion|aurus-nsga2-apportion,ctrl_x,lily15,26,12,1.0,0.9167,0.6667,1.0
mrs-nsga2-apportion|aurus-nsga2-apportion,ctrl_y,lily15,26,12,1.0,1.0,1.0,0.8333
mrs-nsga2-apportion|aurus-nsga2-apportion,cross,lily15,28,12,1.0,1.0,0.75,0.5833
mrs-nsga2-apportion|aurus-nsga2-apportion,cross,lily15,29,12,1.0,0.8333,0.5,0.8333
mrs-nsga2-apportion|aurus-nsga2-apportion,ctrl_x,lily15,28,12,1.0,0.8333,0.9167,0.4167
mrs-nsga2-apportion|aurus-nsga2-apportion,ctrl_y,lily15,28,12,0.9167,1.0,0.75,0.5833
mrs-nsga2-apportion|mrs-weighted,cross,lily15,0,19,0.6842,1.0,0.5263,0.9474
mrs-nsga2-apportion|mrs-weighted,cross,lily15,1,19,0.6842,1.0,0.4211,0.5789
mrs-nsga2-apportion|mrs-weighted,ctrl_x,lily15,0,19,0.9474,0.4211,0.2632,0.2632
mrs-nsga2-apportion|mrs-weighted,ctrl_y,lily15,0,19,0.7895,1.0,0.4211,0.5789
mrs-nsga2-apportion|mrs-weighted,cross,lily15,2,11,0.5455,1.0,0.4545,0.9091
mrs-nsga2-apportion|mrs-weighted,cross,lily15,3,11,1.0,1.0,1.0,0.8182
mrs-nsga2-apportion|mrs-weighted,ctrl_x,lily15,2,11,1.0,1.0,1.0,1.0
mrs-nsga2-apportion|mrs-weighted,ctrl_y,lily15,2,11,0.9091,1.0,0.9091,0.9091
mrs-nsga2-apportion|mrs-weighted,cross,lily15,4,17,0.8235,0.9412,0.5294,0.6471
mrs-nsga2-apportion|mrs-weighted,cross,lily15,5,17,0.8235,1.0,0.7059,0.7647
mrs-nsga2-apportion|mrs-weighted,ctrl_x,lily15,4,17,0.9412,0.8824,0.7647,0.8824
mrs-nsga2-apportion|mrs-weighted,ctrl_y,lily15,4,17,0.8824,0.6471,0.8235,0.4706
mrs-nsga2-apportion|mrs-weighted,cross,lily15,6,14,0.8571,0.9286,0.9286,0.9286
mrs-nsga2-apportion|mrs-weighted,cross,lily15,7,14,0.9286,1.0,0.5714,0.7857
mrs-nsga2-apportion|mrs-weighted,ctrl_x,lily15,6,14,0.9286,1.0,1.0,0.7143
mrs-nsga2-apportion|mrs-weighted,ctrl_y,lily15,6,14,0.9286,0.7857,0.7143,0.6429
mrs-nsga2-apportion|mrs-weighted,cross,lily15,8,18,0.3333,0.9444,0.0556,0.5556
mrs-nsga2-apportion|mrs-weighted,cross,lily15,9,18,0.8889,1.0,0.6667,0.7222
mrs-nsga2-apportion|mrs-weighted,ctrl_x,lily15,8,18,0.7222,1.0,0.3889,0.8889
mrs-nsga2-apportion|mrs-weighted,ctrl_y,lily15,8,18,0.9444,0.6111,0.9444,0.5556
mrs-nsga2-apportion|mrs-weighted,cross,lily15,10,15,0.8667,1.0,0.4,0.7333
mrs-nsga2-apportion|mrs-weighted,cross,lily15,11,15,0.6667,1.0,0.5333,0.8667
mrs-nsga2-apportion|mrs-weighted,ctrl_x,lily15,10,15,0.8667,0.7333,0.4667,0.6667
mrs-nsga2-apportion|mrs-weighted,ctrl_y,lily15,10,15,0.9333,0.9333,0.8,0.9333
mrs-nsga2-apportion|mrs-weighted,cross,lily15,12,11,1.0,1.0,0.8182,0.8182
mrs-nsga2-apportion|mrs-weighted,cross,lily15,13,11,0.7273,1.0,0.8182,1.0
mrs-nsga2-apportion|mrs-weighted,ctrl_x,lily15,12,11,1.0,1.0,1.0,1.0
mrs-nsga2-apportion|mrs-weighted,ctrl_y,lily15,12,11,1.0,1.0,0.2727,0.2727
mrs-nsga2-apportion|mrs-weighted,cross,lily15,14,16,0.875,1.0,0.375,0.5
mrs-nsga2-apportion|mrs-weighted,cross,lily15,15,16,0.9375,0.5625,0.375,0.5
mrs-nsga2-apportion|mrs-weighted,ctrl_x,lily15,14,16,0.6875,1.0,0.625,1.0
mrs-nsga2-apportion|mrs-weighted,ctrl_y,lily15,14,16,0.9375,0.9375,0.875,0.6875
mrs-nsga2-apportion|mrs-weighted,cross,lily15,16,13,1.0,1.0,0.6154,1.0
mrs-nsga2-apportion|mrs-weighted,cross,lily15,17,13,1.0,1.0,0.6923,0.9231
mrs-nsga2-apportion|mrs-weighted,ctrl_x,lily15,16,13,1.0,1.0,0.6154,1.0
mrs-nsga2-apportion|mrs-weighted,ctrl_y,lily15,16,13,0.0,1.0,0.0,0.2308
mrs-nsga2-apportion|mrs-weighted,cross,lily15,18,18,0.8333,1.0,0.7222,1.0
mrs-nsga2-apportion|mrs-weighted,cross,lily15,19,18,0.9444,1.0,0.6111,0.4444
mrs-nsga2-apportion|mrs-weighted,ctrl_x,lily15,18,18,1.0,0.8889,0.8889,0.8333
mrs-nsga2-apportion|mrs-weighted,ctrl_y,lily15,18,18,0.8889,0.9444,0.8333,0.7222
mrs-nsga2-apportion|mrs-weighted,cross,lily15,20,22,0.6818,0.9545,0.3182,0.4091
mrs-nsga2-apportion|mrs-weighted,cross,lily15,21,22,0.7727,0.9545,0.5,0.5
mrs-nsga2-apportion|mrs-weighted,ctrl_x,lily15,20,22,0.9091,1.0,0.9545,0.8182
mrs-nsga2-apportion|mrs-weighted,ctrl_y,lily15,20,22,0.8182,0.7273,0.6364,0.5909
mrs-nsga2-apportion|mrs-weighted,cross,lily15,22,14,0.8571,0.9286,0.7143,0.7143
mrs-nsga2-apportion|mrs-weighted,cross,lily15,23,14,0.7143,0.9286,0.2143,0.5714
mrs-nsga2-apportion|mrs-weighted,ctrl_x,lily15,22,14,0.9286,0.9286,0.7857,0.7143
mrs-nsga2-apportion|mrs-weighted,ctrl_y,lily15,22,14,1.0,0.8571,0.5714,0.7143
mrs-nsga2-apportion|mrs-weighted,cross,lily15,24,11,1.0,0.8182,0.4545,1.0
mrs-nsga2-apportion|mrs-weighted,cross,lily15,25,11,0.9091,1.0,0.4545,0.8182
mrs-nsga2-apportion|mrs-weighted,ctrl_x,lily15,24,11,1.0,0.9091,0.8182,0.7273
mrs-nsga2-apportion|mrs-weighted,ctrl_y,lily15,24,11,1.0,0.1818,0.3636,0.2727
mrs-nsga2-apportion|mrs-weighted,cross,lily15,26,15,1.0,1.0,0.6667,0.8667
mrs-nsga2-apportion|mrs-weighted,cross,lily15,27,15,0.8667,1.0,0.4667,0.7333
mrs-nsga2-apportion|mrs-weighted,ctrl_x,lily15,26,15,1.0,0.8667,0.7333,0.6667
mrs-nsga2-apportion|mrs-weighted,ctrl_y,lily15,26,15,1.0,0.6,0.8,0.6
mrs-nsga2-apportion|mrs-weighted,cross,lily15,28,21,0.9524,1.0,0.2857,0.9048
mrs-nsga2-apportion|mrs-weighted,cross,lily15,29,21,0.9524,1.0,0.3333,0.4762
mrs-nsga2-apportion|mrs-weighted,ctrl_x,lily15,28,21,0.9048,0.9524,0.9048,0.5238
mrs-nsga2-apportion|mrs-weighted,ctrl_y,lily15,28,21,0.8095,0.6667,0.3333,0.5714
aurus-nsga2-apportion|aurus,cross,lily15,0,14,0.3571,0.2143,0.2143,0.2857
aurus-nsga2-apportion|aurus,cross,lily15,1,14,1.0,0.6429,0.9286,0.5714
aurus-nsga2-apportion|aurus,ctrl_x,lily15,0,14,1.0,1.0,0.6429,0.6429
aurus-nsga2-apportion|aurus,ctrl_y,lily15,0,14,0.7857,1.0,1.0,1.0
aurus-nsga2-apportion|aurus,cross,lily15,2,9,1.0,0.6667,0.7778,0.2222
aurus-nsga2-apportion|aurus,cross,lily15,3,9,1.0,0.5556,1.0,1.0
aurus-nsga2-apportion|aurus,ctrl_x,lily15,2,9,0.7778,1.0,0.7778,1.0
aurus-nsga2-apportion|aurus,ctrl_y,lily15,2,9,0.8889,1.0,1.0,0.8889
aurus-nsga2-apportion|aurus,cross,lily15,6,10,1.0,0.7,0.9,0.4
aurus-nsga2-apportion|aurus,cross,lily15,7,10,1.0,0.1,1.0,0.1
aurus-nsga2-apportion|aurus,ctrl_x,lily15,6,10,1.0,1.0,1.0,1.0
aurus-nsga2-apportion|aurus,ctrl_y,lily15,6,10,0.2,1.0,0.2,0.3
aurus-nsga2-apportion|aurus,cross,lily15,8,9,1.0,0.7778,0.8889,0.7778
aurus-nsga2-apportion|aurus,cross,lily15,9,9,1.0,0.6667,0.8889,0.5556
aurus-nsga2-apportion|aurus,ctrl_x,lily15,8,9,1.0,1.0,1.0,0.7778
aurus-nsga2-apportion|aurus,ctrl_y,lily15,8,9,0.8889,0.8889,0.5556,1.0
aurus-nsga2-apportion|aurus,cross,lily15,10,16,0.625,0.625,0.5,0.5
aurus-nsga2-apportion|aurus,cross,lily15,11,16,1.0,0.8125,0.5625,0.375
aurus-nsga2-apportion|aurus,ctrl_x,lily15,10,16,0.875,0.9375,0.8125,0.5625
aurus-nsga2-apportion|aurus,ctrl_y,lily15,10,16,0.8125,0.8125,0.625,1.0
aurus-nsga2-apportion|aurus,cross,lily15,12,10,1.0,0.8,0.5,1.0
aurus-nsga2-apportion|aurus,cross,lily15,13,10,1.0,0.6,0.6,0.5
aurus-nsga2-apportion|aurus,ctrl_x,lily15,12,10,1.0,0.7,0.8,0.5
aurus-nsga2-apportion|aurus,ctrl_y,lily15,12,10,1.0,1.0,1.0,1.0
aurus-nsga2-apportion|aurus,cross,lily15,14,6,1.0,0.8333,0.5,1.0
aurus-nsga2-apportion|aurus,cross,lily15,15,6,1.0,0.3333,0.8333,0.6667
aurus-nsga2-apportion|aurus,ctrl_x,lily15,14,6,0.6667,1.0,1.0,1.0
aurus-nsga2-apportion|aurus,ctrl_y,lily15,14,6,1.0,1.0,1.0,1.0
aurus-nsga2-apportion|aurus,cross,lily15,16,14,1.0,0.2143,0.5,0.3571
aurus-nsga2-apportion|aurus,cross,lily15,17,14,1.0,0.5,0.7143,0.5
aurus-nsga2-apportion|aurus,ctrl_x,lily15,16,14,0.7143,1.0,0.7857,0.9286
aurus-nsga2-apportion|aurus,ctrl_y,lily15,16,14,0.9286,0.8571,1.0,0.8571
aurus-nsga2-apportion|aurus,cross,lily15,18,11,1.0,0.5455,0.6364,0.3636
aurus-nsga2-apportion|aurus,cross,lily15,19,11,1.0,0.2727,0.9091,0.1818
aurus-nsga2-apportion|aurus,ctrl_x,lily15,18,11,0.9091,1.0,0.6364,1.0
aurus-nsga2-apportion|aurus,ctrl_y,lily15,18,11,1.0,0.9091,1.0,0.7273
aurus-nsga2-apportion|aurus,cross,lily15,20,11,1.0,0.4545,0.6364,0.9091
aurus-nsga2-apportion|aurus,cross,lily15,21,11,1.0,0.8182,0.8182,0.7273
aurus-nsga2-apportion|aurus,ctrl_x,lily15,20,11,0.8182,0.5455,0.6364,0.8182
aurus-nsga2-apportion|aurus,ctrl_y,lily15,20,11,0.7273,0.9091,0.7273,0.9091
aurus-nsga2-apportion|aurus,cross,lily15,22,10,1.0,0.4,0.9,0.3
aurus-nsga2-apportion|aurus,cross,lily15,23,10,0.9,0.8,0.7,0.9
aurus-nsga2-apportion|aurus,ctrl_x,lily15,22,10,1.0,0.8,0.7,0.7
aurus-nsga2-apportion|aurus,ctrl_y,lily15,22,10,1.0,0.9,1.0,0.9
aurus-nsga2-apportion|aurus,cross,lily15,24,13,1.0,0.0769,0.3846,0.0769
aurus-nsga2-apportion|aurus,cross,lily15,25,13,1.0,0.5385,0.6154,0.6154
aurus-nsga2-apportion|aurus,ctrl_x,lily15,24,13,1.0,1.0,0.9231,1.0
aurus-nsga2-apportion|aurus,ctrl_y,lily15,24,13,0.6154,1.0,0.8462,0.9231
aurus-nsga2-apportion|aurus,cross,lily15,26,6,1.0,0.6667,0.8333,0.1667
aurus-nsga2-apportion|aurus,cross,lily15,27,6,0.6667,1.0,0.6667,1.0
aurus-nsga2-apportion|aurus,ctrl_x,lily15,26,6,0.8333,0.6667,0.6667,1.0
aurus-nsga2-apportion|aurus,ctrl_y,lily15,26,6,1.0,0.8333,1.0,0.1667
aurus-nsga2-apportion|aurus,cross,lily15,28,12,1.0,0.5,0.75,0.3333
aurus-nsga2-apportion|aurus,cross,lily15,29,12,1.0,0.75,0.3333,0.3333
aurus-nsga2-apportion|aurus,ctrl_x,lily15,28,12,0.9167,1.0,0.6667,0.9167
aurus-nsga2-apportion|aurus,ctrl_y,lily15,28,12,0.9167,0.9167,0.5833,1.0
mrs-nsga2-apportion|mrs-weighted,cross,lily16,0,9,0.4444,1.0,0.3333,0.4444
mrs-nsga2-apportion|mrs-weighted,cross,lily16,1,9,0.3333,0.7778,0.4444,0.5556
mrs-nsga2-apportion|mrs-weighted,ctrl_x,lily16,0,9,0.7778,1.0,0.6667,0.6667
mrs-nsga2-apportion|mrs-weighted,ctrl_y,lily16,0,9,0.6667,1.0,0.5556,0.3333
mrs-nsga2-apportion|mrs-weighted,cross,lily16,2,6,1.0,0.6667,1.0,0.5
mrs-nsga2-apportion|mrs-weighted,cross,lily16,3,6,1.0,0.1667,0.8333,0.3333
mrs-nsga2-apportion|mrs-weighted,ctrl_x,lily16,2,6,0.5,1.0,0.8333,0.8333
mrs-nsga2-apportion|mrs-weighted,ctrl_y,lily16,2,6,0.1667,1.0,0.5,0.1667
mrs-nsga2-apportion|mrs-weighted,cross,lily16,4,11,0.9091,1.0,0.2727,0.2727
mrs-nsga2-apportion|mrs-weighted,cross,lily16,5,11,0.3636,1.0,0.1818,0.8182
mrs-nsga2-apportion|mrs-weighted,ctrl_x,lily16,4,11,0.9091,0.0909,0.6364,0.0909
mrs-nsga2-apportion|mrs-weighted,ctrl_y,lily16,4,11,1.0,0.5455,0.6364,0.2727
mrs-nsga2-apportion|mrs-weighted,cross,lily16,6,11,0.9091,1.0,0.4545,0.6364
mrs-nsga2-apportion|mrs-weighted,cross,lily16,7,11,0.6364,0.4545,0.6364,0.5455
mrs-nsga2-apportion|mrs-weighted,ctrl_x,lily16,6,11,1.0,0.5455,0.9091,0.6364
mrs-nsga2-apportion|mrs-weighted,ctrl_y,lily16,6,11,0.5455,1.0,0.7273,0.6364
mrs-nsga2-apportion|mrs-weighted,cross,lily16,8,17,0.7059,0.9412,0.5882,0.5294
mrs-nsga2-apportion|mrs-weighted,cross,lily16,9,17,0.8824,1.0,0.4706,0.5882
mrs-nsga2-apportion|mrs-weighted,ctrl_x,lily16,8,17,1.0,0.8235,0.3529,0.5294
mrs-nsga2-apportion|mrs-weighted,ctrl_y,lily16,8,17,0.8235,0.7647,0.6471,0.2353
mrs-nsga2-apportion|mrs-weighted,cross,lily16,10,18,1.0,0.4444,0.3889,0.5
mrs-nsga2-apportion|mrs-weighted,cross,lily16,11,18,0.8333,0.8889,0.4444,0.6111
mrs-nsga2-apportion|mrs-weighted,ctrl_x,lily16,10,18,1.0,0.8889,0.3333,0.3889
mrs-nsga2-apportion|mrs-weighted,ctrl_y,lily16,10,18,0.8889,0.7778,0.7222,0.7222
mrs-nsga2-apportion|mrs-weighted,cross,lily16,12,9,0.2222,0.6667,0.1111,0.4444
mrs-nsga2-apportion|mrs-weighted,cross,lily16,13,9,0.6667,0.7778,0.4444,0.7778
mrs-nsga2-apportion|mrs-weighted,ctrl_x,lily16,12,9,1.0,0.7778,0.6667,0.4444
mrs-nsga2-apportion|mrs-weighted,ctrl_y,lily16,12,9,0.5556,1.0,0.2222,0.2222
mrs-nsga2-apportion|mrs-weighted,cross,lily16,14,11,1.0,0.3636,0.9091,0.9091
mrs-nsga2-apportion|mrs-weighted,cross,lily16,15,11,0.7273,0.7273,0.6364,0.8182
mrs-nsga2-apportion|mrs-weighted,ctrl_x,lily16,14,11,1.0,0.9091,0.9091,0.9091
mrs-nsga2-apportion|mrs-weighted,ctrl_y,lily16,14,11,1.0,0.9091,1.0,0.7273
mrs-nsga2-apportion|mrs-weighted,cross,lily16,16,14,1.0,0.8571,0.3571,0.6429
mrs-nsga2-apportion|mrs-weighted,cross,lily16,17,14,0.5,0.5,0.5,0.5
mrs-nsga2-apportion|mrs-weighted,ctrl_x,lily16,16,14,1.0,0.7857,0.1429,0.5714
mrs-nsga2-apportion|mrs-weighted,ctrl_y,lily16,16,14,0.7857,0.6429,0.3571,0.3571
mrs-nsga2-apportion|mrs-weighted,cross,lily16,18,14,1.0,0.6429,0.2857,0.5
mrs-nsga2-apportion|mrs-weighted,cross,lily16,19,14,1.0,1.0,0.7857,0.4286
mrs-nsga2-apportion|mrs-weighted,ctrl_x,lily16,18,14,1.0,0.9286,0.4286,0.6429
mrs-nsga2-apportion|mrs-weighted,ctrl_y,lily16,18,14,1.0,0.5714,0.2857,0.2857
mrs-nsga2-apportion|mrs-weighted,cross,lily16,20,6,0.1667,1.0,0.1667,1.0
mrs-nsga2-apportion|mrs-weighted,cross,lily16,21,6,1.0,1.0,1.0,0.8333
mrs-nsga2-apportion|mrs-weighted,ctrl_x,lily16,20,6,0.8333,1.0,0.8333,1.0
mrs-nsga2-apportion|mrs-weighted,ctrl_y,lily16,20,6,1.0,1.0,0.6667,1.0
mrs-nsga2-apportion|mrs-weighted,cross,lily16,24,12,1.0,0.4167,0.4167,0.3333
mrs-nsga2-apportion|mrs-weighted,cross,lily16,25,12,0.5,1.0,0.4167,0.5
mrs-nsga2-apportion|mrs-weighted,ctrl_x,lily16,24,12,0.5833,0.75,0.5,0.75
mrs-nsga2-apportion|mrs-weighted,ctrl_y,lily16,24,12,1.0,1.0,0.4167,0.4167
mrs-nsga2-apportion|mrs-weighted,cross,lily16,26,10,0.7,0.8,0.2,0.1
mrs-nsga2-apportion|mrs-weighted,cross,lily16,27,10,0.4,0.5,0.4,0.5
mrs-nsga2-apportion|mrs-weighted,ctrl_x,lily16,26,10,0.9,0.9,0.2,0.5
mrs-nsga2-apportion|mrs-weighted,ctrl_y,lily16,26,10,0.7,1.0,0.2,0.3
mrs-nsga2-apportion|mrs-weighted,cross,lily16,28,12,0.25,1.0,0.4167,0.3333
mrs-nsga2-apportion|mrs-weighted,cross,lily16,29,12,0.9167,0.4167,0.5,0.25
mrs-nsga2-apportion|mrs-weighted,ctrl_x,lily16,28,12,0.9167,0.8333,0.5833,0.75
mrs-nsga2-apportion|mrs-weighted,ctrl_y,lily16,28,12,0.8333,0.75,0.6667,0.6667
mrs-nsga2-apportion|aurus,cross,load-balancer-aurus,2,7,1.0,0.8571,1.0,1.0
mrs-nsga2-apportion|aurus,cross,load-balancer-aurus,3,7,1.0,0.8571,1.0,1.0
mrs-nsga2-apportion|aurus,ctrl_x,load-balancer-aurus,2,7,1.0,0.5714,1.0,0.4286
mrs-nsga2-apportion|aurus,ctrl_y,load-balancer-aurus,2,7,0.8571,1.0,1.0,1.0
mrs-nsga2-apportion|aurus,cross,load-balancer-aurus,4,5,1.0,1.0,0.8,0.8
mrs-nsga2-apportion|aurus,cross,load-balancer-aurus,5,5,0.0,0.0,0.0,0.0
mrs-nsga2-apportion|aurus,ctrl_x,load-balancer-aurus,4,5,1.0,0.0,0.4,0.0
mrs-nsga2-apportion|aurus,ctrl_y,load-balancer-aurus,4,5,0.0,1.0,0.0,0.4
mrs-nsga2-apportion|aurus,cross,load-balancer-aurus,6,6,0.3333,1.0,1.0,0.5
mrs-nsga2-apportion|aurus,cross,load-balancer-aurus,7,6,0.8333,1.0,1.0,1.0
mrs-nsga2-apportion|aurus,ctrl_x,load-balancer-aurus,6,6,0.6667,0.5,0.8333,0.8333
mrs-nsga2-apportion|aurus,ctrl_y,load-balancer-aurus,6,6,0.8333,1.0,1.0,1.0
mrs-nsga2-apportion|aurus,cross,load-balancer-aurus,8,6,1.0,1.0,1.0,1.0
mrs-nsga2-apportion|aurus,cross,load-balancer-aurus,9,6,1.0,1.0,0.6667,1.0
mrs-nsga2-apportion|aurus,ctrl_x,load-balancer-aurus,8,6,1.0,1.0,1.0,0.3333
mrs-nsga2-apportion|aurus,ctrl_y,load-balancer-aurus,8,6,0.5,1.0,0.8333,1.0
mrs-nsga2-apportion|aurus,cross,load-balancer-aurus,10,6,0.8333,0.8333,1.0,1.0
mrs-nsga2-apportion|aurus,cross,load-balancer-aurus,11,6,0.6667,1.0,0.8333,1.0
mrs-nsga2-apportion|aurus,ctrl_x,load-balancer-aurus,10,6,1.0,1.0,1.0,1.0
mrs-nsga2-apportion|aurus,ctrl_y,load-balancer-aurus,10,6,0.8333,0.6667,1.0,1.0
mrs-nsga2-apportion|aurus,cross,load-balancer-aurus,12,4,1.0,1.0,1.0,1.0
mrs-nsga2-apportion|aurus,cross,load-balancer-aurus,13,4,0.75,1.0,1.0,1.0
mrs-nsga2-apportion|aurus,ctrl_x,load-balancer-aurus,12,4,1.0,0.75,1.0,1.0
mrs-nsga2-apportion|aurus,ctrl_y,load-balancer-aurus,12,4,1.0,0.75,1.0,1.0
mrs-nsga2-apportion|aurus,cross,load-balancer-aurus,14,8,0.875,1.0,0.875,0.75
mrs-nsga2-apportion|aurus,cross,load-balancer-aurus,15,8,0.75,1.0,0.875,1.0
mrs-nsga2-apportion|aurus,ctrl_x,load-balancer-aurus,14,8,0.625,1.0,1.0,1.0
mrs-nsga2-apportion|aurus,ctrl_y,load-balancer-aurus,14,8,1.0,0.875,1.0,1.0
mrs-nsga2-apportion|aurus,cross,load-balancer-aurus,16,7,1.0,0.8571,1.0,0.8571
mrs-nsga2-apportion|aurus,cross,load-balancer-aurus,17,7,0.4286,1.0,0.4286,0.5714
mrs-nsga2-apportion|aurus,ctrl_x,load-balancer-aurus,16,7,1.0,0.2857,0.7143,0.8571
mrs-nsga2-apportion|aurus,ctrl_y,load-balancer-aurus,16,7,1.0,0.8571,1.0,1.0
mrs-nsga2-apportion|aurus,cross,load-balancer-aurus,18,9,0.8889,1.0,1.0,1.0
mrs-nsga2-apportion|aurus,cross,load-balancer-aurus,19,9,0.2222,1.0,0.8889,0.3333
mrs-nsga2-apportion|aurus,ctrl_x,load-balancer-aurus,18,9,0.7778,1.0,0.6667,1.0
mrs-nsga2-apportion|aurus,ctrl_y,load-balancer-aurus,18,9,1.0,1.0,0.4444,1.0
mrs-nsga2-apportion|aurus,cross,load-balancer-aurus,20,6,0.8333,1.0,1.0,1.0
mrs-nsga2-apportion|aurus,cross,load-balancer-aurus,21,6,1.0,0.8333,1.0,1.0
mrs-nsga2-apportion|aurus,ctrl_x,load-balancer-aurus,20,6,0.6667,1.0,1.0,1.0
mrs-nsga2-apportion|aurus,ctrl_y,load-balancer-aurus,20,6,1.0,1.0,1.0,1.0
mrs-nsga2-apportion|aurus,cross,load-balancer-aurus,22,4,1.0,1.0,1.0,1.0
mrs-nsga2-apportion|aurus,cross,load-balancer-aurus,23,4,0.5,1.0,1.0,1.0
mrs-nsga2-apportion|aurus,ctrl_x,load-balancer-aurus,22,4,1.0,0.0,1.0,0.0
mrs-nsga2-apportion|aurus,ctrl_y,load-balancer-aurus,22,4,1.0,1.0,1.0,0.75
mrs-nsga2-apportion|aurus,cross,load-balancer-aurus,24,7,0.8571,1.0,0.5714,0.8571
mrs-nsga2-apportion|aurus,cross,load-balancer-aurus,25,7,0.8571,1.0,0.8571,1.0
mrs-nsga2-apportion|aurus,ctrl_x,load-balancer-aurus,24,7,0.8571,1.0,0.4286,1.0
mrs-nsga2-apportion|aurus,ctrl_y,load-balancer-aurus,24,7,0.8571,1.0,0.7143,1.0
mrs-nsga2-apportion|aurus,cross,load-balancer-aurus,26,8,1.0,1.0,1.0,0.75
mrs-nsga2-apportion|aurus,cross,load-balancer-aurus,27,8,0.5,0.875,0.25,0.375
mrs-nsga2-apportion|aurus,ctrl_x,load-balancer-aurus,26,8,0.75,0.625,0.875,0.625
mrs-nsga2-apportion|aurus,ctrl_y,load-balancer-aurus,26,8,0.375,0.875,0.375,0.25
mrs-nsga2-apportion|aurus,cross,load-balancer-aurus,28,6,0.3333,1.0,0.6667,1.0
mrs-nsga2-apportion|aurus,cross,load-balancer-aurus,29,6,0.0,0.0,0.0,0.0
mrs-nsga2-apportion|aurus,ctrl_x,load-balancer-aurus,28,6,0.8333,1.0,0.8333,1.0
mrs-nsga2-apportion|aurus,ctrl_y,load-balancer-aurus,28,6,0.0,0.8333,0.0,0.8333
mrs-nsga2-apportion|aurus-nsga2-apportion,cross,load-balancer-aurus,0,10,0.8,0.8,1.0,1.0
mrs-nsga2-apportion|aurus-nsga2-apportion,cross,load-balancer-aurus,1,10,1.0,0.8,1.0,0.9
mrs-nsga2-apportion|aurus-nsga2-apportion,ctrl_x,load-balancer-aurus,0,10,1.0,0.6,1.0,0.8
mrs-nsga2-apportion|aurus-nsga2-apportion,ctrl_y,load-balancer-aurus,0,10,0.8,1.0,1.0,1.0
mrs-nsga2-apportion|aurus-nsga2-apportion,cross,load-balancer-aurus,2,4,1.0,0.0,1.0,0.0
mrs-nsga2-apportion|aurus-nsga2-apportion,cross,load-balancer-aurus,3,4,0.75,1.0,0.75,0.75
mrs-nsga2-apportion|aurus-nsga2-apportion,ctrl_x,load-balancer-aurus,2,4,1.0,0.75,0.75,1.0
mrs-nsga2-apportion|aurus-nsga2-apportion,ctrl_y,load-balancer-aurus,2,4,1.0,0.75,1.0,1.0
mrs-nsga2-apportion|aurus-nsga2-apportion,cross,load-balancer-aurus,4,11,0.9091,0.9091,0.9091,1.0
mrs-nsga2-apportion|aurus-nsga2-apportion,cross,load-balancer-aurus,5,11,0.7273,0.6364,1.0,0.8182
mrs-nsga2-apportion|aurus-nsga2-apportion,ctrl_x,load-balancer-aurus,4,11,0.9091,0.4545,0.6364,1.0
mrs-nsga2-apportion|aurus-nsga2-apportion,ctrl_y,load-balancer-aurus,4,11,0.4545,0.9091,1.0,1.0
mrs-nsga2-apportion|aurus-nsga2-apportion,cross,load-balancer-aurus,6,9,0.3333,0.7778,0.5556,0.3333
mrs-nsga2-apportion|aurus-nsga2-apportion,cross,load-balancer-aurus,7,9,0.6667,0.3333,0.6667,0.5556
mrs-nsga2-apportion|aurus-nsga2-apportion,ctrl_x,load-balancer-aurus,6,9,0.3333,0.7778,0.2222,0.6667
mrs-nsga2-apportion|aurus-nsga2-apportion,ctrl_y,load-balancer-aurus,6,9,0.8889,0.4444,0.8889,0.3333
mrs-nsga2-apportion|aurus-nsga2-apportion,cross,load-balancer-aurus,10,7,1.0,0.8571,1.0,0.2857
mrs-nsga2-apportion|aurus-nsga2-apportion,cross,load-balancer-aurus,11,7,0.8571,0.7143,1.0,0.4286
mrs-nsga2-apportion|aurus-nsga2-apportion,ctrl_x,load-balancer-aurus,10,7,1.0,1.0,1.0,1.0
mrs-nsga2-apportion|aurus-nsga2-apportion,ctrl_y,load-balancer-aurus,10,7,1.0,1.0,0.8571,0.4286
mrs-nsga2-apportion|aurus-nsga2-apportion,cross,load-balancer-aurus,12,4,1.0,0.5,1.0,1.0
mrs-nsga2-apportion|aurus-nsga2-apportion,cross,load-balancer-aurus,13,4,1.0,1.0,1.0,1.0
mrs-nsga2-apportion|aurus-nsga2-apportion,ctrl_x,load-balancer-aurus,12,4,1.0,0.5,1.0,0.75
mrs-nsga2-apportion|aurus-nsga2-apportion,ctrl_y,load-balancer-aurus,12,4,1.0,0.75,1.0,1.0
mrs-nsga2-apportion|aurus-nsga2-apportion,cross,load-balancer-aurus,16,6,1.0,0.8333,1.0,0.8333
mrs-nsga2-apportion|aurus-nsga2-apportion,cross,load-balancer-aurus,17,6,1.0,0.6667,1.0,0.6667
mrs-nsga2-apportion|aurus-nsga2-apportion,ctrl_x,load-balancer-aurus,16,6,0.8333,0.6667,0.5,1.0
mrs-nsga2-apportion|aurus-nsga2-apportion,ctrl_y,load-balancer-aurus,16,6,0.8333,1.0,1.0,0.8333
mrs-nsga2-apportion|aurus-nsga2-apportion,cross,load-balancer-aurus,18,5,0.8,1.0,1.0,0.8
mrs-nsga2-apportion|aurus-nsga2-apportion,cross,load-balancer-aurus,19,5,0.6,0.8,1.0,1.0
mrs-nsga2-apportion|aurus-nsga2-apportion,ctrl_x,load-balancer-aurus,18,5,1.0,1.0,1.0,1.0
mrs-nsga2-apportion|aurus-nsga2-apportion,ctrl_y,load-balancer-aurus,18,5,0.8,1.0,1.0,1.0
mrs-nsga2-apportion|aurus-nsga2-apportion,cross,load-balancer-aurus,20,7,1.0,0.8571,1.0,1.0
mrs-nsga2-apportion|aurus-nsga2-apportion,cross,load-balancer-aurus,21,7,1.0,0.8571,1.0,0.7143
mrs-nsga2-apportion|aurus-nsga2-apportion,ctrl_x,load-balancer-aurus,20,7,0.8571,0.8571,0.2857,0.5714
mrs-nsga2-apportion|aurus-nsga2-apportion,ctrl_y,load-balancer-aurus,20,7,0.7143,1.0,0.5714,0.8571
mrs-nsga2-apportion|aurus-nsga2-apportion,cross,load-balancer-aurus,22,4,1.0,0.5,1.0,0.75
mrs-nsga2-apportion|aurus-nsga2-apportion,cross,load-balancer-aurus,23,4,1.0,0.25,1.0,1.0
mrs-nsga2-apportion|aurus-nsga2-apportion,ctrl_x,load-balancer-aurus,22,4,1.0,0.0,1.0,0.0
mrs-nsga2-apportion|aurus-nsga2-apportion,ctrl_y,load-balancer-aurus,22,4,0.75,1.0,1.0,1.0
mrs-nsga2-apportion|aurus-nsga2-apportion,cross,load-balancer-aurus,24,10,1.0,0.8,1.0,0.5
mrs-nsga2-apportion|aurus-nsga2-apportion,cross,load-balancer-aurus,25,10,1.0,0.8,0.9,0.7
mrs-nsga2-apportion|aurus-nsga2-apportion,ctrl_x,load-balancer-aurus,24,10,1.0,1.0,0.4,0.4
mrs-nsga2-apportion|aurus-nsga2-apportion,ctrl_y,load-balancer-aurus,24,10,0.9,0.7,0.7,0.4
mrs-nsga2-apportion|mrs-weighted,cross,load-balancer-aurus,0,37,0.7297,0.6486,0.8378,0.6486
mrs-nsga2-apportion|mrs-weighted,cross,load-balancer-aurus,1,37,0.5946,0.7297,0.4054,0.7297
mrs-nsga2-apportion|mrs-weighted,ctrl_x,load-balancer-aurus,0,37,0.8649,0.5405,0.7027,0.5676
mrs-nsga2-apportion|mrs-weighted,ctrl_y,load-balancer-aurus,0,37,0.8378,0.6757,0.9189,0.6216
mrs-nsga2-apportion|mrs-weighted,cross,load-balancer-aurus,2,26,0.5769,0.4615,0.4615,0.6538
mrs-nsga2-apportion|mrs-weighted,cross,load-balancer-aurus,3,26,0.5385,1.0,0.1923,0.8462
mrs-nsga2-apportion|mrs-weighted,ctrl_x,load-balancer-aurus,2,26,0.7692,0.5,0.5769,0.3462
mrs-nsga2-apportion|mrs-weighted,ctrl_y,load-balancer-aurus,2,26,0.6154,0.6538,0.5,0.7308
mrs-nsga2-apportion|mrs-weighted,cross,load-balancer-aurus,4,21,0.8095,0.7619,0.8571,0.8095
mrs-nsga2-apportion|mrs-weighted,cross,load-balancer-aurus,5,21,0.5714,1.0,0.2381,0.619
mrs-nsga2-apportion|mrs-weighted,ctrl_x,load-balancer-aurus,4,21,0.8095,0.381,0.4286,0.5714
mrs-nsga2-apportion|mrs-weighted,ctrl_y,load-balancer-aurus,4,21,0.9048,0.7619,0.619,0.8571
mrs-nsga2-apportion|mrs-weighted,cross,load-balancer-aurus,6,26,0.2692,0.8077,0.0385,0.0769
mrs-nsga2-apportion|mrs-weighted,cross,load-balancer-aurus,7,26,0.9615,0.3077,0.1538,0.1923
mrs-nsga2-apportion|mrs-weighted,ctrl_x,load-balancer-aurus,6,26,0.4231,0.8077,0.2692,0.3077
mrs-nsga2-apportion|mrs-weighted,ctrl_y,load-balancer-aurus,6,26,0.9615,0.4615,0.1923,0.0769
mrs-nsga2-apportion|mrs-weighted,cross,load-balancer-aurus,8,33,0.5455,0.7576,0.3636,0.3939
mrs-nsga2-apportion|mrs-weighted,cross,load-balancer-aurus,9,33,0.3636,0.7273,0.303,0.1515
mrs-nsga2-apportion|mrs-weighted,ctrl_x,load-balancer-aurus,8,33,0.7879,0.6061,0.5152,0.3333
mrs-nsga2-apportion|mrs-weighted,ctrl_y,load-balancer-aurus,8,33,0.4545,0.8788,0.303,0.4242
mrs-nsga2-apportion|mrs-weighted,cross,load-balancer-aurus,10,28,0.7143,0.9286,0.4286,0.3571
mrs-nsga2-apportion|mrs-weighted,cross,load-balancer-aurus,11,28,0.5,0.8929,0.3929,0.5
mrs-nsga2-apportion|mrs-weighted,ctrl_x,load-balancer-aurus,10,28,0.8929,0.7143,0.6429,0.6429
mrs-nsga2-apportion|mrs-weighted,ctrl_y,load-balancer-aurus,10,28,0.5357,0.75,0.4643,0.3929
mrs-nsga2-apportion|mrs-weighted,cross,load-balancer-aurus,12,26,0.5385,0.8462,0.8077,0.8077
mrs-nsga2-apportion|mrs-weighted,cross,load-balancer-aurus,13,26,0.8462,0.9231,0.4231,0.4231
mrs-nsga2-apportion|mrs-weighted,ctrl_x,load-balancer-aurus,12,26,0.7308,0.8077,0.8846,0.8846
mrs-nsga2-apportion|mrs-weighted,ctrl_y,load-balancer-aurus,12,26,0.8462,0.8462,0.3077,0.8462
mrs-nsga2-apportion|mrs-weighted,cross,load-balancer-aurus,14,21,0.6667,0.8571,0.4286,0.9048
mrs-nsga2-apportion|mrs-weighted,cross,load-balancer-aurus,15,21,0.5714,0.9524,0.6667,0.9524
mrs-nsga2-apportion|mrs-weighted,ctrl_x,load-balancer-aurus,14,21,0.619,0.8095,0.7619,0.7143
mrs-nsga2-apportion|mrs-weighted,ctrl_y,load-balancer-aurus,14,21,0.9524,0.9524,0.8095,1.0
mrs-nsga2-apportion|mrs-weighted,cross,load-balancer-aurus,16,30,0.5667,0.6333,0.5667,0.6
mrs-nsga2-apportion|mrs-weighted,cross,load-balancer-aurus,17,30,0.4667,0.7667,0.5667,0.8333
mrs-nsga2-apportion|mrs-weighted,ctrl_x,load-balancer-aurus,16,30,0.8667,0.3667,0.6333,0.6
mrs-nsga2-apportion|mrs-weighted,ctrl_y,load-balancer-aurus,16,30,0.6667,0.6333,0.9333,0.3333
mrs-nsga2-apportion|mrs-weighted,cross,load-balancer-aurus,18,31,0.2903,0.8387,0.6774,0.8065
mrs-nsga2-apportion|mrs-weighted,cross,load-balancer-aurus,19,31,0.5161,0.9032,0.5484,0.5806
mrs-nsga2-apportion|mrs-weighted,ctrl_x,load-balancer-aurus,18,31,0.6129,0.7419,0.6452,0.7097
mrs-nsga2-apportion|mrs-weighted,ctrl_y,load-balancer-aurus,18,31,0.7097,0.7419,0.4194,0.9032
mrs-nsga2-apportion|mrs-weighted,cross,load-balancer-aurus,20,16,0.75,0.6875,0.625,1.0
mrs-nsga2-apportion|mrs-weighted,cross,load-balancer-aurus,21,16,1.0,0.1875,0.625,0.8125
mrs-nsga2-apportion|mrs-weighted,ctrl_x,load-balancer-aurus,20,16,0.875,0.9375,0.6875,0.5
mrs-nsga2-apportion|mrs-weighted,ctrl_y,load-balancer-aurus,20,16,0.4375,0.9375,0.375,0.75
mrs-nsga2-apportion|mrs-weighted,cross,load-balancer-aurus,22,28,0.1071,1.0,0.5357,0.2857
mrs-nsga2-apportion|mrs-weighted,cross,load-balancer-aurus,23,28,0.6429,0.6786,0.5714,0.6786
mrs-nsga2-apportion|mrs-weighted,ctrl_x,load-balancer-aurus,22,28,0.6786,0.8929,0.75,0.7857
mrs-nsga2-apportion|mrs-weighted,ctrl_y,load-balancer-aurus,22,28,0.8214,0.8571,0.3214,0.1429
mrs-nsga2-apportion|mrs-weighted,cross,load-balancer-aurus,24,25,0.92,0.68,0.28,0.12
mrs-nsga2-apportion|mrs-weighted,cross,load-balancer-aurus,25,25,0.56,0.84,0.24,0.28
mrs-nsga2-apportion|mrs-weighted,ctrl_x,load-balancer-aurus,24,25,0.96,0.44,0.56,0.6
mrs-nsga2-apportion|mrs-weighted,ctrl_y,load-balancer-aurus,24,25,0.92,0.44,0.28,0.24
mrs-nsga2-apportion|mrs-weighted,cross,load-balancer-aurus,26,28,0.4643,0.8214,0.5357,0.8214
mrs-nsga2-apportion|mrs-weighted,cross,load-balancer-aurus,27,28,0.3929,0.8214,0.1786,0.1786
mrs-nsga2-apportion|mrs-weighted,ctrl_x,load-balancer-aurus,26,28,0.3571,0.6429,0.5357,0.6786
mrs-nsga2-apportion|mrs-weighted,ctrl_y,load-balancer-aurus,26,28,0.8214,0.7143,0.6429,0.3929
mrs-nsga2-apportion|mrs-weighted,cross,load-balancer-aurus,28,26,0.7308,0.5769,0.6538,0.3462
mrs-nsga2-apportion|mrs-weighted,cross,load-balancer-aurus,29,26,0.6154,0.5769,0.3846,0.3462
mrs-nsga2-apportion|mrs-weighted,ctrl_x,load-balancer-aurus,28,26,0.4615,0.4615,0.6538,0.5769
mrs-nsga2-apportion|mrs-weighted,ctrl_y,load-balancer-aurus,28,26,0.8077,0.8846,0.3462,0.3846
aurus-nsga2-apportion|aurus,cross,load-balancer-aurus,2,4,0.75,1.0,1.0,1.0
aurus-nsga2-apportion|aurus,cross,load-balancer-aurus,3,4,0.75,1.0,1.0,1.0
aurus-nsga2-apportion|aurus,ctrl_x,load-balancer-aurus,2,4,1.0,0.75,1.0,1.0
aurus-nsga2-apportion|aurus,ctrl_y,load-balancer-aurus,2,4,1.0,1.0,1.0,1.0
aurus-nsga2-apportion|aurus,cross,load-balancer-aurus,4,5,0.6,1.0,1.0,1.0
aurus-nsga2-apportion|aurus,cross,load-balancer-aurus,5,5,1.0,0.0,0.4,0.0
aurus-nsga2-apportion|aurus,ctrl_x,load-balancer-aurus,4,5,0.6,1.0,1.0,1.0
aurus-nsga2-apportion|aurus,ctrl_y,load-balancer-aurus,4,5,0.0,1.0,0.0,0.4
aurus-nsga2-apportion|aurus,cross,load-balancer-aurus,6,6,0.5,1.0,1.0,0.8333
aurus-nsga2-apportion|aurus,cross,load-balancer-aurus,7,6,0.3333,1.0,0.1667,1.0
aurus-nsga2-apportion|aurus,ctrl_x,load-balancer-aurus,6,6,1.0,0.5,1.0,0.3333
aurus-nsga2-apportion|aurus,ctrl_y,load-balancer-aurus,6,6,0.8333,1.0,1.0,1.0
aurus-nsga2-apportion|aurus,cross,load-balancer-aurus,10,6,0.8333,1.0,1.0,1.0
aurus-nsga2-apportion|aurus,cross,load-balancer-aurus,11,6,0.6667,1.0,1.0,1.0
aurus-nsga2-apportion|aurus,ctrl_x,load-balancer-aurus,10,6,1.0,1.0,0.8333,0.8333
aurus-nsga2-apportion|aurus,ctrl_y,load-balancer-aurus,10,6,0.8333,0.6667,1.0,1.0
aurus-nsga2-apportion|aurus,cross,load-balancer-aurus,12,4,1.0,1.0,1.0,1.0
aurus-nsga2-apportion|aurus,cross,load-balancer-aurus,13,4,0.5,1.0,1.0,1.0
aurus-nsga2-apportion|aurus,ctrl_x,load-balancer-aurus,12,4,1.0,0.75,1.0,1.0
aurus-nsga2-apportion|aurus,ctrl_y,load-balancer-aurus,12,4,1.0,1.0,1.0,1.0
aurus-nsga2-apportion|aurus,cross,load-balancer-aurus,16,6,0.8333,1.0,1.0,1.0
aurus-nsga2-apportion|aurus,cross,load-balancer-aurus,17,6,0.8333,1.0,0.5,0.8333
aurus-nsga2-apportion|aurus,ctrl_x,load-balancer-aurus,16,6,1.0,0.6667,1.0,1.0
aurus-nsga2-apportion|aurus,ctrl_y,load-balancer-aurus,16,6,1.0,1.0,1.0,1.0
aurus-nsga2-apportion|aurus,cross,load-balancer-aurus,18,5,0.4,1.0,0.6,1.0
aurus-nsga2-apportion|aurus,cross,load-balancer-aurus,19,5,1.0,0.4,0.8,0.2
aurus-nsga2-apportion|aurus,ctrl_x,load-balancer-aurus,18,5,0.8,1.0,1.0,1.0
aurus-nsga2-apportion|aurus,ctrl_y,load-balancer-aurus,18,5,0.2,1.0,0.4,0.8
aurus-nsga2-apportion|aurus,cross,load-balancer-aurus,20,6,0.1667,1.0,1.0,1.0
aurus-nsga2-apportion|aurus,cross,load-balancer-aurus,21,6,0.8333,1.0,0.8333,1.0
aurus-nsga2-apportion|aurus,ctrl_x,load-balancer-aurus,20,6,0.8333,1.0,1.0,1.0
aurus-nsga2-apportion|aurus,ctrl_y,load-balancer-aurus,20,6,1.0,1.0,1.0,1.0
aurus-nsga2-apportion|aurus,cross,load-balancer-aurus,22,4,0.5,1.0,0.75,1.0
aurus-nsga2-apportion|aurus,cross,load-balancer-aurus,23,4,0.5,1.0,0.75,1.0
aurus-nsga2-apportion|aurus,ctrl_x,load-balancer-aurus,22,4,0.5,1.0,1.0,0.75
aurus-nsga2-apportion|aurus,ctrl_y,load-balancer-aurus,22,4,1.0,1.0,1.0,0.75
aurus-nsga2-apportion|aurus,cross,load-balancer-aurus,24,7,0.8571,1.0,0.4286,0.8571
aurus-nsga2-apportion|aurus,cross,load-balancer-aurus,25,7,0.8571,1.0,1.0,1.0
aurus-nsga2-apportion|aurus,ctrl_x,load-balancer-aurus,24,7,0.8571,0.5714,1.0,0.4286
aurus-nsga2-apportion|aurus,ctrl_y,load-balancer-aurus,24,7,0.8571,1.0,0.7143,1.0
mrs-nsga2-apportion|aurus,cross,ltl2dba-r-2,0,21,0.9524,0.9048,1.0,0.8095
mrs-nsga2-apportion|aurus,cross,ltl2dba-r-2,1,21,0.9524,0.6667,0.7619,0.9524
mrs-nsga2-apportion|aurus,ctrl_x,ltl2dba-r-2,0,21,0.9524,0.7619,1.0,0.7143
mrs-nsga2-apportion|aurus,ctrl_y,ltl2dba-r-2,0,21,0.8095,0.9524,0.7619,0.9524
mrs-nsga2-apportion|aurus,cross,ltl2dba-r-2,2,19,0.8421,0.9474,0.7895,0.8421
mrs-nsga2-apportion|aurus,cross,ltl2dba-r-2,3,19,0.8947,0.7895,0.8421,0.8421
mrs-nsga2-apportion|aurus,ctrl_x,ltl2dba-r-2,2,19,0.8421,0.6842,1.0,0.5263
mrs-nsga2-apportion|aurus,ctrl_y,ltl2dba-r-2,2,19,0.8421,1.0,0.9474,0.9474
mrs-nsga2-apportion|aurus,cross,ltl2dba-r-2,4,17,0.8824,0.5882,0.9412,0.8235
mrs-nsga2-apportion|aurus,cross,ltl2dba-r-2,5,17,1.0,0.5882,0.9412,0.7647
mrs-nsga2-apportion|aurus,ctrl_x,ltl2dba-r-2,4,17,0.8235,0.8824,0.9412,1.0
mrs-nsga2-apportion|aurus,ctrl_y,ltl2dba-r-2,4,17,0.8235,0.8824,0.8824,0.7647
mrs-nsga2-apportion|aurus,cross,ltl2dba-r-2,6,19,0.9474,0.4211,0.8421,0.8947
mrs-nsga2-apportion|aurus,cross,ltl2dba-r-2,7,19,1.0,0.3158,0.9474,0.6842
mrs-nsga2-apportion|aurus,ctrl_x,ltl2dba-r-2,6,19,0.6316,0.9474,0.8947,0.9474
mrs-nsga2-apportion|aurus,ctrl_y,ltl2dba-r-2,6,19,1.0,0.7895,0.8421,0.7895
mrs-nsga2-apportion|aurus,cross,ltl2dba-r-2,8,23,0.8696,0.6957,0.8261,0.913
mrs-nsga2-apportion|aurus,cross,ltl2dba-r-2,9,23,0.6087,0.4783,0.9565,0.5652
mrs-nsga2-apportion|aurus,ctrl_x,ltl2dba-r-2,8,23,0.6957,0.8696,0.8696,0.913
mrs-nsga2-apportion|aurus,ctrl_y,ltl2dba-r-2,8,23,0.913,0.7826,0.8261,0.7826
mrs-nsga2-apportion|aurus,cross,ltl2dba-r-2,10,20,1.0,0.65,0.95,0.85
mrs-nsga2-apportion|aurus,cross,ltl2dba-r-2,11,20,0.9,0.75,0.95,0.8
mrs-nsga2-apportion|aurus,ctrl_x,ltl2dba-r-2,10,20,0.85,0.75,0.9,0.95
mrs-nsga2-apportion|aurus,ctrl_y,ltl2dba-r-2,10,20,0.9,0.95,0.75,0.95
mrs-nsga2-apportion|aurus,cross,ltl2dba-r-2,12,16,0.9375,0.5625,1.0,0.8125
mrs-nsga2-apportion|aurus,cross,ltl2dba-r-2,13,16,0.9375,0.375,0.875,1.0
mrs-nsga2-apportion|aurus,ctrl_x,ltl2dba-r-2,12,16,0.625,0.875,1.0,0.9375
mrs-nsga2-apportion|aurus,ctrl_y,ltl2dba-r-2,12,16,1.0,0.75,0.75,0.9375
mrs-nsga2-apportion|aurus,cross,ltl2dba-r-2,14,25,0.88,0.64,0.76,0.64
mrs-nsga2-apportion|aurus,cross,ltl2dba-r-2,15,25,0.96,0.68,0.96,0.68
mrs-nsga2-apportion|aurus,ctrl_x,ltl2dba-r-2,14,25,0.76,1.0,0.68,0.96
mrs-nsga2-apportion|aurus,ctrl_y,ltl2dba-r-2,14,25,0.92,0.76,0.68,0.88
mrs-nsga2-apportion|aurus,cross,ltl2dba-r-2,16,20,0.95,0.75,0.95,0.95
mrs-nsga2-apportion|aurus,cross,ltl2dba-r-2,17,20,0.9,0.5,0.65,0.65
mrs-nsga2-apportion|aurus,ctrl_x,ltl2dba-r-2,16,20,0.85,0.95,1.0,1.0
mrs-nsga2-apportion|aurus,ctrl_y,ltl2dba-r-2,16,20,0.9,0.95,0.65,0.95
mrs-nsga2-apportion|aurus,cross,ltl2dba-r-2,18,18,0.9444,0.8333,0.9444,0.8889
mrs-nsga2-apportion|aurus,cross,ltl2dba-r-2,19,18,0.7778,0.7222,0.7222,0.8889
mrs-nsga2-apportion|aurus,ctrl_x,ltl2dba-r-2,18,18,0.7778,0.6667,1.0,0.8889
mrs-nsga2-apportion|aurus,ctrl_y,ltl2dba-r-2,18,18,0.7778,0.8333,1.0,0.6667
mrs-nsga2-apportion|aurus,cross,ltl2dba-r-2,20,20,1.0,0.5,1.0,0.7
mrs-nsga2-apportion|aurus,cross,ltl2dba-r-2,21,20,1.0,0.65,0.95,0.55
mrs-nsga2-apportion|aurus,ctrl_x,ltl2dba-r-2,20,20,0.85,0.95,0.9,0.95
mrs-nsga2-apportion|aurus,ctrl_y,ltl2dba-r-2,20,20,1.0,0.75,0.65,0.9
mrs-nsga2-apportion|aurus,cross,ltl2dba-r-2,22,17,0.5882,0.6471,0.9412,0.6471
mrs-nsga2-apportion|aurus,cross,ltl2dba-r-2,23,17,0.8235,0.5294,0.9412,0.4706
mrs-nsga2-apportion|aurus,ctrl_x,ltl2dba-r-2,22,17,0.7059,1.0,0.9412,1.0
mrs-nsga2-apportion|aurus,ctrl_y,ltl2dba-r-2,22,17,0.8235,0.9412,0.7647,1.0
mrs-nsga2-apportion|aurus,cross,ltl2dba-r-2,24,21,0.9524,0.2857,1.0,0.381
mrs-nsga2-apportion|aurus,cross,ltl2dba-r-2,25,21,1.0,0.619,0.8571,0.7143
mrs-nsga2-apportion|aurus,ctrl_x,ltl2dba-r-2,24,21,1.0,0.7143,1.0,0.6667
mrs-nsga2-apportion|aurus,ctrl_y,ltl2dba-r-2,24,21,0.7143,0.8095,0.8095,0.6667
mrs-nsga2-apportion|aurus,cross,ltl2dba-r-2,26,15,1.0,0.4667,0.9333,0.5333
mrs-nsga2-apportion|aurus,cross,ltl2dba-r-2,27,15,0.9333,0.6,1.0,0.4667
mrs-nsga2-apportion|aurus,ctrl_x,ltl2dba-r-2,26,15,0.8,0.9333,1.0,1.0
mrs-nsga2-apportion|aurus,ctrl_y,ltl2dba-r-2,26,15,0.9333,0.6667,0.9333,0.8667
mrs-nsga2-apportion|aurus,cross,ltl2dba-r-2,28,24,0.9583,0.5417,0.8333,0.7083
mrs-nsga2-apportion|aurus,cross,ltl2dba-r-2,29,24,0.5417,0.75,0.7083,0.7083
mrs-nsga2-apportion|aurus,ctrl_x,ltl2dba-r-2,28,24,0.8333,0.875,0.875,0.5
mrs-nsga2-apportion|aurus,ctrl_y,ltl2dba-r-2,28,24,0.875,0.7917,0.9167,0.875
mrs-nsga2-apportion|aurus-nsga2-apportion,cross,ltl2dba-r-2,0,21,0.8571,0.7143,1.0,0.7143
mrs-nsga2-apportion|aurus-nsga2-apportion,cross,ltl2dba-r-2,1,21,0.7143,0.8095,0.8095,0.9524
mrs-nsga2-apportion|aurus-nsga2-apportion,ctrl_x,ltl2dba-r-2,0,21,0.9524,0.7619,1.0,0.7143
mrs-nsga2-apportion|aurus-nsga2-apportion,ctrl_y,ltl2dba-r-2,0,21,0.8095,0.9048,0.9048,0.9524
mrs-nsga2-apportion|aurus-nsga2-apportion,cross,ltl2dba-r-2,2,21,0.9524,0.7143,0.9524,0.381
mrs-nsga2-apportion|aurus-nsga2-apportion,cross,ltl2dba-r-2,3,21,0.9048,0.9524,0.9048,1.0
mrs-nsga2-apportion|aurus-nsga2-apportion,ctrl_x,ltl2dba-r-2,2,21,0.8095,0.9048,1.0,0.4286
mrs-nsga2-apportion|aurus-nsga2-apportion,ctrl_y,ltl2dba-r-2,2,21,0.9524,0.7143,0.9048,0.7143
mrs-nsga2-apportion|aurus-nsga2-apportion,cross,ltl2dba-r-2,4,17,0.8235,0.7059,0.8824,0.8824
mrs-nsga2-apportion|aurus-nsga2-apportion,cross,ltl2dba-r-2,5,17,0.9412,0.6471,1.0,0.8824
mrs-nsga2-apportion|aurus-nsga2-apportion,ctrl_x,ltl2dba-r-2,4,17,0.8235,0.8824,0.9412,1.0
mrs-nsga2-apportion|aurus-nsga2-apportion,ctrl_y,ltl2dba-r-2,4,17,0.7647,0.8235,1.0,1.0
mrs-nsga2-apportion|aurus-nsga2-apportion,cross,ltl2dba-r-2,6,19,0.8947,0.8421,0.8947,0.8421
mrs-nsga2-apportion|aurus-nsga2-apportion,cross,ltl2dba-r-2,7,19,1.0,0.6842,0.8947,0.8421
mrs-nsga2-apportion|aurus-nsga2-apportion,ctrl_x,ltl2dba-r-2,6,19,0.6316,0.9474,0.8947,0.9474
mrs-nsga2-apportion|aurus-nsga2-apportion,ctrl_y,ltl2dba-r-2,6,19,0.6316,0.8947,1.0,1.0
mrs-nsga2-apportion|aurus-nsga2-apportion,cross,ltl2dba-r-2,8,20,0.8,0.9,0.8,1.0
mrs-nsga2-apportion|aurus-nsga2-apportion,cross,ltl2dba-r-2,9,20,0.8,0.9,0.7,1.0
mrs-nsga2-apportion|aurus-nsga2-apportion,ctrl_x,ltl2dba-r-2,8,20,0.8,0.8,1.0,1.0
mrs-nsga2-apportion|aurus-nsga2-apportion,ctrl_y,ltl2dba-r-2,8,20,1.0,0.75,0.95,0.6
mrs-nsga2-apportion|aurus-nsga2-apportion,cross,ltl2dba-r-2,10,20,0.9,0.7,0.95,0.8
mrs-nsga2-apportion|aurus-nsga2-apportion,cross,ltl2dba-r-2,11,20,0.9,0.8,0.75,0.75
mrs-nsga2-apportion|aurus-nsga2-apportion,ctrl_x,ltl2dba-r-2,10,20,0.85,0.75,0.9,0.95
mrs-nsga2-apportion|aurus-nsga2-apportion,ctrl_y,ltl2dba-r-2,10,20,0.9,0.75,0.85,0.8
mrs-nsga2-apportion|aurus-nsga2-apportion,cross,ltl2dba-r-2,12,16,0.75,0.875,1.0,1.0
mrs-nsga2-apportion|aurus-nsga2-apportion,cross,ltl2dba-r-2,13,16,0.875,0.8125,0.9375,1.0
mrs-nsga2-apportion|aurus-nsga2-apportion,ctrl_x,ltl2dba-r-2,12,16,0.625,0.875,1.0,0.9375
mrs-nsga2-apportion|aurus-nsga2-apportion,ctrl_y,ltl2dba-r-2,12,16,1.0,0.5625,1.0,1.0
mrs-nsga2-apportion|aurus-nsga2-apportion,cross,ltl2dba-r-2,14,24,0.875,0.9167,1.0,1.0
mrs-nsga2-apportion|aurus-nsga2-apportion,cross,ltl2dba-r-2,15,24,0.9583,0.9167,1.0,0.875
mrs-nsga2-apportion|aurus-nsga2-apportion,ctrl_x,ltl2dba-r-2,14,24,0.8333,0.9167,0.5833,1.0
mrs-nsga2-apportion|aurus-nsga2-apportion,ctrl_y,ltl2dba-r-2,14,24,0.9167,0.9167,1.0,0.9167
mrs-nsga2-apportion|aurus-nsga2-apportion,cross,ltl2dba-r-2,16,20,0.7,0.9,0.65,0.9
mrs-nsga2-apportion|aurus-nsga2-apportion,cross,ltl2dba-r-2,17,20,0.95,0.75,1.0,0.9
mrs-nsga2-apportion|aurus-nsga2-apportion,ctrl_x,ltl2dba-r-2,16,20,0.85,0.95,1.0,1.0
mrs-nsga2-apportion|aurus-nsga2-apportion,ctrl_y,ltl2dba-r-2,16,20,0.7,0.9,0.65,0.95
mrs-nsga2-apportion|aurus-nsga2-apportion,cross,ltl2dba-r-2,18,21,0.9524,0.7143,0.9524,0.8571
mrs-nsga2-apportion|aurus-nsga2-apportion,cross,ltl2dba-r-2,19,21,0.8571,0.8571,1.0,1.0
mrs-nsga2-apportion|aurus-nsga2-apportion,ctrl_x,ltl2dba-r-2,18,21,0.9048,0.7143,0.8571,0.9048
mrs-nsga2-apportion|aurus-nsga2-apportion,ctrl_y,ltl2dba-r-2,18,21,0.9524,0.9048,0.7619,0.8095
mrs-nsga2-apportion|aurus-nsga2-apportion,cross,ltl2dba-r-2,20,21,0.8095,0.9524,0.8095,0.9524
mrs-nsga2-apportion|aurus-nsga2-apportion,cross,ltl2dba-r-2,21,21,1.0,0.7619,0.9524,0.8095
mrs-nsga2-apportion|aurus-nsga2-apportion,ctrl_x,ltl2dba-r-2,20,21,0.8571,1.0,0.9048,0.9524
mrs-nsga2-apportion|aurus-nsga2-apportion,ctrl_y,ltl2dba-r-2,20,21,0.7619,1.0,0.8571,1.0
mrs-nsga2-apportion|aurus-nsga2-apportion,cross,ltl2dba-r-2,22,17,0.5294,1.0,0.5294,1.0
mrs-nsga2-apportion|aurus-nsga2-apportion,cross,ltl2dba-r-2,23,17,0.7647,0.5882,0.8824,0.8824
mrs-nsga2-apportion|aurus-nsga2-apportion,ctrl_x,ltl2dba-r-2,22,17,0.7059,1.0,0.9412,1.0
mrs-nsga2-apportion|aurus-nsga2-apportion,ctrl_y,ltl2dba-r-2,22,17,0.4706,0.9412,0.4706,1.0
mrs-nsga2-apportion|aurus-nsga2-apportion,cross,ltl2dba-r-2,24,21,1.0,0.619,1.0,0.5238
mrs-nsga2-apportion|aurus-nsga2-apportion,cross,ltl2dba-r-2,25,21,0.7619,0.9048,0.9524,1.0
mrs-nsga2-apportion|aurus-nsga2-apportion,ctrl_x,ltl2dba-r-2,24,21,1.0,0.7143,1.0,0.6667
mrs-nsga2-apportion|aurus-nsga2-apportion,ctrl_y,ltl2dba-r-2,24,21,0.9048,0.7143,0.9524,0.9048
mrs-nsga2-apportion|aurus-nsga2-apportion,cross,ltl2dba-r-2,26,17,0.9412,0.8824,0.8824,0.7647
mrs-nsga2-apportion|aurus-nsga2-apportion,cross,ltl2dba-r-2,27,17,0.7647,1.0,0.8235,1.0
mrs-nsga2-apportion|aurus-nsga2-apportion,ctrl_x,ltl2dba-r-2,26,17,1.0,0.8235,1.0,0.8824
mrs-nsga2-apportion|aurus-nsga2-apportion,ctrl_y,ltl2dba-r-2,26,17,1.0,0.7647,0.9412,0.9412
mrs-nsga2-apportion|aurus-nsga2-apportion,cross,ltl2dba-r-2,28,25,0.92,0.84,0.8,0.64
mrs-nsga2-apportion|aurus-nsga2-apportion,cross,ltl2dba-r-2,29,25,0.8,0.88,0.64,0.84
mrs-nsga2-apportion|aurus-nsga2-apportion,ctrl_x,ltl2dba-r-2,28,25,0.84,0.68,0.88,0.48
mrs-nsga2-apportion|aurus-nsga2-apportion,ctrl_y,ltl2dba-r-2,28,25,0.84,0.8,1.0,0.56
mrs-nsga2-apportion|mrs-weighted,cross,ltl2dba-r-2,0,21,0.8095,0.9524,0.7619,1.0
mrs-nsga2-apportion|mrs-weighted,cross,ltl2dba-r-2,1,21,0.5238,1.0,0.5238,0.9524
mrs-nsga2-apportion|mrs-weighted,ctrl_x,ltl2dba-r-2,0,21,0.9524,0.7619,1.0,0.7143
mrs-nsga2-apportion|mrs-weighted,ctrl_y,ltl2dba-r-2,0,21,0.5238,0.8571,0.5238,1.0
mrs-nsga2-apportion|mrs-weighted,cross,ltl2dba-r-2,2,21,0.9524,0.9048,0.9048,0.7619
mrs-nsga2-apportion|mrs-weighted,cross,ltl2dba-r-2,3,21,0.8095,0.8571,0.381,0.9048
mrs-nsga2-apportion|mrs-weighted,ctrl_x,ltl2dba-r-2,2,21,0.8095,0.9048,1.0,0.4286
mrs-nsga2-apportion|mrs-weighted,ctrl_y,ltl2dba-r-2,2,21,0.9524,0.9048,1.0,0.9524
mrs-nsga2-apportion|mrs-weighted,cross,ltl2dba-r-2,4,17,0.8824,0.8235,0.8824,0.8824
mrs-nsga2-apportion|mrs-weighted,cross,ltl2dba-r-2,5,17,0.8824,0.8824,1.0,0.8235
mrs-nsga2-apportion|mrs-weighted,ctrl_x,ltl2dba-r-2,4,17,0.8235,0.8824,0.9412,1.0
mrs-nsga2-apportion|mrs-weighted,ctrl_y,ltl2dba-r-2,4,17,0.6471,0.8824,0.4118,0.9412
mrs-nsga2-apportion|mrs-weighted,cross,ltl2dba-r-2,6,19,0.7895,0.9474,0.6842,1.0
mrs-nsga2-apportion|mrs-weighted,cross,ltl2dba-r-2,7,19,1.0,0.8947,0.9474,0.8421
mrs-nsga2-apportion|mrs-weighted,ctrl_x,ltl2dba-r-2,6,19,0.6316,0.9474,0.8947,0.9474
mrs-nsga2-apportion|mrs-weighted,ctrl_y,ltl2dba-r-2,6,19,0.9474,0.7895,0.7895,0.7895
mrs-nsga2-apportion|mrs-weighted,cross,ltl2dba-r-2,8,27,0.7778,0.8519,0.7778,0.8889
mrs-nsga2-apportion|mrs-weighted,cross,ltl2dba-r-2,9,27,0.5926,0.8519,0.8889,1.0
mrs-nsga2-apportion|mrs-weighted,ctrl_x,ltl2dba-r-2,8,27,0.7037,0.8519,0.963,0.8889
mrs-nsga2-apportion|mrs-weighted,ctrl_y,ltl2dba-r-2,8,27,0.8148,0.8889,0.9259,0.8889
mrs-nsga2-apportion|mrs-weighted,cross,ltl2dba-r-2,10,20,0.75,0.75,0.85,0.75
mrs-nsga2-apportion|mrs-weighted,cross,ltl2dba-r-2,11,20,0.7,0.95,0.9,0.75
mrs-nsga2-apportion|mrs-weighted,ctrl_x,ltl2dba-r-2,10,20,0.9,0.65,0.9,0.75
mrs-nsga2-apportion|mrs-weighted,ctrl_y,ltl2dba-r-2,10,20,0.8,0.85,1.0,0.9
mrs-nsga2-apportion|mrs-weighted,cross,ltl2dba-r-2,12,16,0.875,0.75,0.875,0.8125
mrs-nsga2-apportion|mrs-weighted,cross,ltl2dba-r-2,13,16,0.875,0.625,0.875,0.9375
mrs-nsga2-apportion|mrs-weighted,ctrl_x,ltl2dba-r-2,12,16,0.625,0.875,1.0,0.9375
mrs-nsga2-apportion|mrs-weighted,ctrl_y,ltl2dba-r-2,12,16,0.75,0.75,0.875,0.8125
mrs-nsga2-apportion|mrs-weighted,cross,ltl2dba-r-2,14,28,0.6786,0.6786,0.6429,1.0
mrs-nsga2-apportion|mrs-weighted,cross,ltl2dba-r-2,15,28,0.7857,0.8214,0.8214,0.9286
mrs-nsga2-apportion|mrs-weighted,ctrl_x,ltl2dba-r-2,14,28,0.8214,0.9286,0.6429,1.0
mrs-nsga2-apportion|mrs-weighted,ctrl_y,ltl2dba-r-2,14,28,0.8571,0.8571,0.9643,0.8571
mrs-nsga2-apportion|mrs-weighted,cross,ltl2dba-r-2,16,20,0.65,0.8,0.75,1.0
mrs-nsga2-apportion|mrs-weighted,cross,ltl2dba-r-2,17,20,0.9,0.8,1.0,0.95
mrs-nsga2-apportion|mrs-weighted,ctrl_x,ltl2dba-r-2,16,20,0.85,0.95,1.0,1.0
mrs-nsga2-apportion|mrs-weighted,ctrl_y,ltl2dba-r-2,16,20,0.9,0.95,1.0,0.85
mrs-nsga2-apportion|mrs-weighted,cross,ltl2dba-r-2,18,21,1.0,0.8571,1.0,0.8571
mrs-nsga2-apportion|mrs-weighted,cross,ltl2dba-r-2,19,21,0.7619,0.7143,0.8095,0.9524
mrs-nsga2-apportion|mrs-weighted,ctrl_x,ltl2dba-r-2,18,21,0.9048,0.7143,0.8571,0.9048
mrs-nsga2-apportion|mrs-weighted,ctrl_y,ltl2dba-r-2,18,21,0.8571,0.8571,0.6667,0.9048
mrs-nsga2-apportion|mrs-weighted,cross,ltl2dba-r-2,20,21,0.9048,0.8095,0.9524,1.0
mrs-nsga2-apportion|mrs-weighted,cross,ltl2dba-r-2,21,21,0.9048,0.8095,0.9524,1.0
mrs-nsga2-apportion|mrs-weighted,ctrl_x,ltl2dba-r-2,20,21,0.8571,1.0,0.9048,0.9524
mrs-nsga2-apportion|mrs-weighted,ctrl_y,ltl2dba-r-2,20,21,0.8095,0.9524,0.8095,1.0
mrs-nsga2-apportion|mrs-weighted,cross,ltl2dba-r-2,22,17,0.4706,1.0,0.2353,0.9412
mrs-nsga2-apportion|mrs-weighted,cross,ltl2dba-r-2,23,17,0.8824,0.6471,0.5882,0.8235
mrs-nsga2-apportion|mrs-weighted,ctrl_x,ltl2dba-r-2,22,17,0.7059,1.0,0.9412,1.0
mrs-nsga2-apportion|mrs-weighted,ctrl_y,ltl2dba-r-2,22,17,0.8824,0.4118,0.8235,0.8235
mrs-nsga2-apportion|mrs-weighted,cross,ltl2dba-r-2,24,21,0.8095,0.8095,0.9048,0.9524
mrs-nsga2-apportion|mrs-weighted,cross,ltl2dba-r-2,25,21,0.8571,0.9524,0.8571,1.0
mrs-nsga2-apportion|mrs-weighted,ctrl_x,ltl2dba-r-2,24,21,1.0,0.7143,1.0,0.6667
mrs-nsga2-apportion|mrs-weighted,ctrl_y,ltl2dba-r-2,24,21,0.9524,0.8571,0.9524,0.8571
mrs-nsga2-apportion|mrs-weighted,cross,ltl2dba-r-2,26,18,0.9444,0.8889,0.5,0.8889
mrs-nsga2-apportion|mrs-weighted,cross,ltl2dba-r-2,27,18,0.8889,0.8889,0.8889,0.9444
mrs-nsga2-apportion|mrs-weighted,ctrl_x,ltl2dba-r-2,26,18,1.0,0.8889,0.8333,0.9444
mrs-nsga2-apportion|mrs-weighted,ctrl_y,ltl2dba-r-2,26,18,0.8333,0.8889,0.8889,0.8889
mrs-nsga2-apportion|mrs-weighted,cross,ltl2dba-r-2,28,26,0.7692,0.8846,0.8462,0.6923
mrs-nsga2-apportion|mrs-weighted,cross,ltl2dba-r-2,29,26,0.8462,0.9231,0.5769,0.9231
mrs-nsga2-apportion|mrs-weighted,ctrl_x,ltl2dba-r-2,28,26,0.8462,0.8462,0.8846,0.4615
mrs-nsga2-apportion|mrs-weighted,ctrl_y,ltl2dba-r-2,28,26,0.9615,0.8846,1.0,0.6538
aurus-nsga2-apportion|aurus,cross,ltl2dba-r-2,0,23,0.8696,0.8261,0.7391,0.913
aurus-nsga2-apportion|aurus,cross,ltl2dba-r-2,1,23,1.0,0.6522,0.913,0.9565
aurus-nsga2-apportion|aurus,ctrl_x,ltl2dba-r-2,0,23,0.9565,0.913,0.9565,1.0
aurus-nsga2-apportion|aurus,ctrl_y,ltl2dba-r-2,0,23,0.8261,1.0,0.8261,0.913
aurus-nsga2-apportion|aurus,cross,ltl2dba-r-2,2,19,0.8421,0.8947,0.7368,0.7895
aurus-nsga2-apportion|aurus,cross,ltl2dba-r-2,3,19,0.8421,0.4737,1.0,0.6842
aurus-nsga2-apportion|aurus,ctrl_x,ltl2dba-r-2,2,19,0.8947,0.7368,0.9474,0.6842
aurus-nsga2-apportion|aurus,ctrl_y,ltl2dba-r-2,2,19,0.8421,1.0,0.9474,0.9474
aurus-nsga2-apportion|aurus,cross,ltl2dba-r-2,4,22,0.8636,0.6818,0.7727,0.6818
aurus-nsga2-apportion|aurus,cross,ltl2dba-r-2,5,22,0.9091,0.6364,1.0,0.8182
aurus-nsga2-apportion|aurus,ctrl_x,ltl2dba-r-2,4,22,0.9091,0.9091,1.0,0.9545
aurus-nsga2-apportion|aurus,ctrl_y,ltl2dba-r-2,4,22,0.7727,0.8636,0.9545,1.0
aurus-nsga2-apportion|aurus,cross,ltl2dba-r-2,6,20,0.95,0.6,1.0,0.95
aurus-nsga2-apportion|aurus,cross,ltl2dba-r-2,7,20,1.0,0.4,0.95,0.6
aurus-nsga2-apportion|aurus,ctrl_x,ltl2dba-r-2,6,20,0.8,1.0,0.9,0.95
aurus-nsga2-apportion|aurus,ctrl_y,ltl2dba-r-2,6,20,0.9,0.85,0.85,0.95
aurus-nsga2-apportion|aurus,cross,ltl2dba-r-2,8,20,0.9,0.5,0.95,0.55
aurus-nsga2-apportion|aurus,cross,ltl2dba-r-2,9,20,0.8,0.5,1.0,0.6
aurus-nsga2-apportion|aurus,ctrl_x,ltl2dba-r-2,8,20,0.95,0.9,1.0,0.65
aurus-nsga2-apportion|aurus,ctrl_y,ltl2dba-r-2,8,20,0.85,0.9,0.9,1.0
aurus-nsga2-apportion|aurus,cross,ltl2dba-r-2,10,20,0.9,0.7,0.8,0.8
aurus-nsga2-apportion|aurus,cross,ltl2dba-r-2,11,20,0.7,0.7,0.75,0.7
aurus-nsga2-apportion|aurus,ctrl_x,ltl2dba-r-2,10,20,0.95,0.6,1.0,0.9
aurus-nsga2-apportion|aurus,ctrl_y,ltl2dba-r-2,10,20,0.9,0.95,0.75,0.95
aurus-nsga2-apportion|aurus,cross,ltl2dba-r-2,12,19,1.0,0.4737,0.9474,0.9474
aurus-nsga2-apportion|aurus,cross,ltl2dba-r-2,13,19,0.9474,0.5789,0.9474,0.5789
aurus-nsga2-apportion|aurus,ctrl_x,ltl2dba-r-2,12,19,0.9474,0.7368,1.0,1.0
aurus-nsga2-apportion|aurus,ctrl_y,ltl2dba-r-2,12,19,0.9474,0.8947,1.0,0.8421
aurus-nsga2-apportion|aurus,cross,ltl2dba-r-2,14,24,0.9583,0.4583,0.875,0.5833
aurus-nsga2-apportion|aurus,cross,ltl2dba-r-2,15,24,0.8333,0.8333,0.9167,0.7917
aurus-nsga2-apportion|aurus,ctrl_x,ltl2dba-r-2,14,24,0.9167,1.0,1.0,0.9167
aurus-nsga2-apportion|aurus,ctrl_y,ltl2dba-r-2,14,24,0.9167,0.8333,0.875,0.7917
aurus-nsga2-apportion|aurus,cross,ltl2dba-r-2,16,21,0.9524,0.8095,1.0,0.5714
aurus-nsga2-apportion|aurus,cross,ltl2dba-r-2,17,21,0.8571,0.5714,0.5714,0.7143
aurus-nsga2-apportion|aurus,ctrl_x,ltl2dba-r-2,16,21,0.7619,1.0,0.8571,0.9048
aurus-nsga2-apportion|aurus,ctrl_y,ltl2dba-r-2,16,21,0.7619,0.9524,0.619,1.0
aurus-nsga2-apportion|aurus,cross,ltl2dba-r-2,18,18,0.8889,0.8333,0.9444,0.7222
aurus-nsga2-apportion|aurus,cross,ltl2dba-r-2,19,18,0.6667,0.8333,0.8889,0.8889
aurus-nsga2-apportion|aurus,ctrl_x,ltl2dba-r-2,18,18,0.8889,0.9444,0.8333,0.9444
aurus-nsga2-apportion|aurus,ctrl_y,ltl2dba-r-2,18,18,0.7778,0.8333,1.0,0.6667
aurus-nsga2-apportion|aurus,cross,ltl2dba-r-2,20,20,0.85,0.55,0.9,0.75
aurus-nsga2-apportion|aurus,cross,ltl2dba-r-2,21,20,0.8,0.7,1.0,0.55
aurus-nsga2-apportion|aurus,ctrl_x,ltl2dba-r-2,20,20,0.75,1.0,0.8,0.95
aurus-nsga2-apportion|aurus,ctrl_y,ltl2dba-r-2,20,20,1.0,0.75,0.65,0.9
aurus-nsga2-apportion|aurus,cross,ltl2dba-r-2,22,27,0.7778,0.6296,0.7407,0.9259
aurus-nsga2-apportion|aurus,cross,ltl2dba-r-2,23,27,1.0,0.5185,0.9259,0.7037
aurus-nsga2-apportion|aurus,ctrl_x,ltl2dba-r-2,22,27,0.5556,0.9259,0.8889,1.0
aurus-nsga2-apportion|aurus,ctrl_y,ltl2dba-r-2,22,27,0.7778,0.9259,0.8519,0.963
aurus-nsga2-apportion|aurus,cross,ltl2dba-r-2,24,22,0.9545,0.5909,0.9545,0.8182
aurus-nsga2-apportion|aurus,cross,ltl2dba-r-2,25,22,0.9545,0.8182,0.9545,0.8182
aurus-nsga2-apportion|aurus,ctrl_x,ltl2dba-r-2,24,22,1.0,0.7727,1.0,0.8636
aurus-nsga2-apportion|aurus,ctrl_y,ltl2dba-r-2,24,22,0.8182,0.5909,0.8182,0.5909
aurus-nsga2-apportion|aurus,cross,ltl2dba-r-2,26,15,1.0,0.3333,1.0,0.3333
aurus-nsga2-apportion|aurus,cross,ltl2dba-r-2,27,15,0.9333,0.2667,0.8,0.3333
aurus-nsga2-apportion|aurus,ctrl_x,ltl2dba-r-2,26,15,1.0,0.6,1.0,0.8
aurus-nsga2-apportion|aurus,ctrl_y,ltl2dba-r-2,26,15,0.9333,0.6667,0.9333,0.8667
aurus-nsga2-apportion|aurus,cross,ltl2dba-r-2,28,24,0.9583,0.7083,0.6667,0.6667
aurus-nsga2-apportion|aurus,cross,ltl2dba-r-2,29,24,0.8333,0.9167,0.8333,0.875
aurus-nsga2-apportion|aurus,ctrl_x,ltl2dba-r-2,28,24,0.8333,0.875,0.9167,0.875
aurus-nsga2-apportion|aurus,ctrl_y,ltl2dba-r-2,28,24,0.875,0.7917,0.9167,0.875
mrs-nsga2-apportion|aurus,cross,ltl2dba-theta-2,0,13,1.0,0.6154,0.9231,0.8462
mrs-nsga2-apportion|aurus,cross,ltl2dba-theta-2,1,13,0.8462,0.1538,0.7692,0.6923
mrs-nsga2-apportion|aurus,ctrl_x,ltl2dba-theta-2,0,13,1.0,0.9231,0.7692,1.0
mrs-nsga2-apportion|aurus,ctrl_y,ltl2dba-theta-2,0,13,0.9231,0.9231,1.0,0.8462
mrs-nsga2-apportion|aurus,cross,ltl2dba-theta-2,2,13,0.3077,0.6154,0.4615,0.5385
mrs-nsga2-apportion|aurus,cross,ltl2dba-theta-2,3,13,0.9231,0.9231,0.0769,0.4615
mrs-nsga2-apportion|aurus,ctrl_x,ltl2dba-theta-2,2,13,0.5385,0.7692,0.6923,0.8462
mrs-nsga2-apportion|aurus,ctrl_y,ltl2dba-theta-2,2,13,0.8462,0.8462,0.7692,0.3077
mrs-nsga2-apportion|aurus,cross,ltl2dba-theta-2,4,13,1.0,0.4615,0.9231,0.0769
mrs-nsga2-apportion|aurus,cross,ltl2dba-theta-2,5,13,0.9231,0.6923,0.7692,0.4615
mrs-nsga2-apportion|aurus,ctrl_x,ltl2dba-theta-2,4,13,0.9231,1.0,1.0,1.0
mrs-nsga2-apportion|aurus,ctrl_y,ltl2dba-theta-2,4,13,1.0,0.9231,0.9231,0.6154
mrs-nsga2-apportion|aurus,cross,ltl2dba-theta-2,8,11,0.7273,0.5455,0.6364,0.8182
mrs-nsga2-apportion|aurus,cross,ltl2dba-theta-2,9,11,0.8182,0.8182,0.6364,0.7273
mrs-nsga2-apportion|aurus,ctrl_x,ltl2dba-theta-2,8,11,0.9091,1.0,0.6364,0.9091
mrs-nsga2-apportion|aurus,ctrl_y,ltl2dba-theta-2,8,11,1.0,1.0,1.0,0.9091
mrs-nsga2-apportion|aurus,cross,ltl2dba-theta-2,10,21,0.7619,0.2381,0.8571,0.381
mrs-nsga2-apportion|aurus,cross,ltl2dba-theta-2,11,21,0.5238,0.4286,0.7143,0.1429
mrs-nsga2-apportion|aurus,ctrl_x,ltl2dba-theta-2,10,21,0.9524,0.8095,0.8571,0.9524
mrs-nsga2-apportion|aurus,ctrl_y,ltl2dba-theta-2,10,21,0.5714,0.5714,0.1905,0.2381
mrs-nsga2-apportion|aurus,cross,ltl2dba-theta-2,12,10,0.3,0.9,0.9,0.9
mrs-nsga2-apportion|aurus,cross,ltl2dba-theta-2,13,10,1.0,1.0,1.0,1.0
mrs-nsga2-apportion|aurus,ctrl_x,ltl2dba-theta-2,12,10,1.0,0.9,1.0,1.0
mrs-nsga2-apportion|aurus,ctrl_y,ltl2dba-theta-2,12,10,0.8,0.9,1.0,0.9
mrs-nsga2-apportion|aurus,cross,ltl2dba-theta-2,14,11,1.0,1.0,0.9091,0.9091
mrs-nsga2-apportion|aurus,cross,ltl2dba-theta-2,15,11,1.0,0.6364,1.0,0.6364
mrs-nsga2-apportion|aurus,ctrl_x,ltl2dba-theta-2,14,11,0.9091,1.0,1.0,0.9091
mrs-nsga2-apportion|aurus,ctrl_y,ltl2dba-theta-2,14,11,1.0,0.6364,0.5455,1.0
mrs-nsga2-apportion|aurus,cross,ltl2dba-theta-2,16,16,0.375,0.875,0.1875,0.6875
mrs-nsga2-apportion|aurus,cross,ltl2dba-theta-2,17,16,0.3125,0.9375,0.25,0.5
mrs-nsga2-apportion|aurus,ctrl_x,ltl2dba-theta-2,16,16,0.9375,0.75,1.0,0.8125
mrs-nsga2-apportion|aurus,ctrl_y,ltl2dba-theta-2,16,16,0.9375,0.9375,0.875,0.9375
mrs-nsga2-apportion|aurus,cross,ltl2dba-theta-2,18,12,0.0833,0.0,0.0833,0.0
mrs-nsga2-apportion|aurus,cross,ltl2dba-theta-2,19,12,0.75,0.6667,0.3333,0.6667
mrs-nsga2-apportion|aurus,ctrl_x,ltl2dba-theta-2,18,12,0.9167,0.6667,0.8333,0.5833
mrs-nsga2-apportion|aurus,ctrl_y,ltl2dba-theta-2,18,12,1.0,0.75,0.5,0.0833
mrs-nsga2-apportion|aurus,cross,ltl2dba-theta-2,20,8,1.0,0.625,0.875,0.375
mrs-nsga2-apportion|aurus,cross,ltl2dba-theta-2,21,8,1.0,0.875,1.0,0.375
mrs-nsga2-apportion|aurus,ctrl_x,ltl2dba-theta-2,20,8,0.875,1.0,0.25,1.0
mrs-nsga2-apportion|aurus,ctrl_y,ltl2dba-theta-2,20,8,1.0,1.0,0.75,1.0
mrs-nsga2-apportion|aurus,cross,ltl2dba-theta-2,22,12,0.5833,0.3333,1.0,0.3333
mrs-nsga2-apportion|aurus,cross,ltl2dba-theta-2,23,12,1.0,0.25,0.6667,0.8333
mrs-nsga2-apportion|aurus,ctrl_x,ltl2dba-theta-2,22,12,1.0,1.0,1.0,1.0
mrs-nsga2-apportion|aurus,ctrl_y,ltl2dba-theta-2,22,12,0.8333,0.9167,1.0,0.5833
mrs-nsga2-apportion|aurus,cross,ltl2dba-theta-2,24,18,0.3889,0.9444,0.7222,0.3333
mrs-nsga2-apportion|aurus,cross,ltl2dba-theta-2,25,18,0.7778,0.2222,0.8889,0.5
mrs-nsga2-apportion|aurus,ctrl_x,ltl2dba-theta-2,24,18,0.7778,0.8333,0.9444,0.9444
mrs-nsga2-apportion|aurus,ctrl_y,ltl2dba-theta-2,24,18,0.1111,1.0,0.2222,0.2778
mrs-nsga2-apportion|aurus,cross,ltl2dba-theta-2,26,26,0.6923,0.3462,0.8077,0.4231
mrs-nsga2-apportion|aurus,cross,ltl2dba-theta-2,27,26,0.6923,0.3846,0.6538,0.3846
mrs-nsga2-apportion|aurus,ctrl_x,ltl2dba-theta-2,26,26,0.6154,0.6538,0.4615,0.6923
mrs-nsga2-apportion|aurus,ctrl_y,ltl2dba-theta-2,26,26,0.7692,0.8077,0.6923,0.6923
mrs-nsga2-apportion|aurus,cross,ltl2dba-theta-2,28,13,0.8462,0.4615,0.7692,0.8462
mrs-nsga2-apportion|aurus,cross,ltl2dba-theta-2,29,13,1.0,0.8462,1.0,0.7692
mrs-nsga2-apportion|aurus,ctrl_x,ltl2dba-theta-2,28,13,0.9231,0.8462,0.8462,0.9231
mrs-nsga2-apportion|aurus,ctrl_y,ltl2dba-theta-2,28,13,0.9231,0.9231,0.6154,0.7692
mrs-nsga2-apportion|aurus-nsga2-apportion,cross,ltl2dba-theta-2,0,12,1.0,0.9167,1.0,1.0
mrs-nsga2-apportion|aurus-nsga2-apportion,cross,ltl2dba-theta-2,1,12,0.9167,0.6667,0.75,0.9167
mrs-nsga2-apportion|aurus-nsga2-apportion,ctrl_x,ltl2dba-theta-2,0,12,1.0,0.9167,1.0,1.0
mrs-nsga2-apportion|aurus-nsga2-apportion,ctrl_y,ltl2dba-theta-2,0,12,0.6667,0.9167,1.0,0.9167
mrs-nsga2-apportion|aurus-nsga2-apportion,cross,ltl2dba-theta-2,2,11,0.2727,1.0,0.7273,0.9091
mrs-nsga2-apportion|aurus-nsga2-apportion,cross,ltl2dba-theta-2,3,11,0.5455,0.9091,0.9091,1.0
mrs-nsga2-apportion|aurus-nsga2-apportion,ctrl_x,ltl2dba-theta-2,2,11,0.7273,0.1818,1.0,0.4545
mrs-nsga2-apportion|aurus-nsga2-apportion,ctrl_y,ltl2dba-theta-2,2,11,0.8182,1.0,0.9091,1.0
mrs-nsga2-apportion|aurus-nsga2-apportion,cross,ltl2dba-theta-2,4,13,0.9231,0.9231,1.0,0.8462
mrs-nsga2-apportion|aurus-nsga2-apportion,cross,ltl2dba-theta-2,5,13,1.0,1.0,1.0,1.0
mrs-nsga2-apportion|aurus-nsga2-apportion,ctrl_x,ltl2dba-theta-2,4,13,0.9231,1.0,1.0,1.0
mrs-nsga2-apportion|aurus-nsga2-apportion,ctrl_y,ltl2dba-theta-2,4,13,1.0,0.7692,0.8462,1.0
mrs-nsga2-apportion|aurus-nsga2-apportion,cross,ltl2dba-theta-2,6,18,0.8333,0.6111,1.0,0.8333
mrs-nsga2-apportion|aurus-nsga2-apportion,cross,ltl2dba-theta-2,7,18,0.7778,0.6111,0.9444,1.0
mrs-nsga2-apportion|aurus-nsga2-apportion,ctrl_x,ltl2dba-theta-2,6,18,0.8889,0.8333,1.0,0.9444
mrs-nsga2-apportion|aurus-nsga2-apportion,ctrl_y,ltl2dba-theta-2,6,18,0.7778,0.7778,0.8889,0.8889
mrs-nsga2-apportion|aurus-nsga2-apportion,cross,ltl2dba-theta-2,8,14,0.2857,0.9286,0.6429,1.0
mrs-nsga2-apportion|aurus-nsga2-apportion,cross,ltl2dba-theta-2,9,14,0.6429,1.0,0.9286,0.7143
mrs-nsga2-apportion|aurus-nsga2-apportion,ctrl_x,ltl2dba-theta-2,8,14,0.8571,0.8571,0.8571,0.9286
mrs-nsga2-apportion|aurus-nsga2-apportion,ctrl_y,ltl2dba-theta-2,8,14,0.7143,1.0,0.7143,1.0
mrs-nsga2-apportion|aurus-nsga2-apportion,cross,ltl2dba-theta-2,10,16,0.8125,1.0,1.0,0.875
mrs-nsga2-apportion|aurus-nsga2-apportion,cross,ltl2dba-theta-2,11,16,0.875,1.0,1.0,0.9375
mrs-nsga2-apportion|aurus-nsga2-apportion,ctrl_x,ltl2dba-theta-2,10,16,1.0,1.0,1.0,1.0
mrs-nsga2-apportion|aurus-nsga2-apportion,ctrl_y,ltl2dba-theta-2,10,16,0.75,1.0,1.0,1.0
mrs-nsga2-apportion|aurus-nsga2-apportion,cross,ltl2dba-theta-2,12,10,0.6,0.7,1.0,1.0
mrs-nsga2-apportion|aurus-nsga2-apportion,cross,ltl2dba-theta-2,13,10,1.0,1.0,1.0,1.0
mrs-nsga2-apportion|aurus-nsga2-apportion,ctrl_x,ltl2dba-theta-2,12,10,1.0,0.9,1.0,1.0
mrs-nsga2-apportion|aurus-nsga2-apportion,ctrl_y,ltl2dba-theta-2,12,10,1.0,0.9,1.0,0.4
mrs-nsga2-apportion|aurus-nsga2-apportion,cross,ltl2dba-theta-2,14,14,1.0,0.7143,1.0,0.5
mrs-nsga2-apportion|aurus-nsga2-apportion,cross,ltl2dba-theta-2,15,14,0.8571,0.9286,0.8571,0.5714
mrs-nsga2-apportion|aurus-nsga2-apportion,ctrl_x,ltl2dba-theta-2,14,14,1.0,0.7857,1.0,0.9286
mrs-nsga2-apportion|aurus-nsga2-apportion,ctrl_y,ltl2dba-theta-2,14,14,1.0,0.5714,0.8571,0.7143
mrs-nsga2-apportion|aurus-nsga2-apportion,cross,ltl2dba-theta-2,16,10,1.0,1.0,1.0,0.8
mrs-nsga2-apportion|aurus-nsga2-apportion,cross,ltl2dba-theta-2,17,10,0.5,1.0,1.0,0.8
mrs-nsga2-apportion|aurus-nsga2-apportion,ctrl_x,ltl2dba-theta-2,16,10,1.0,1.0,1.0,0.8
mrs-nsga2-apportion|aurus-nsga2-apportion,ctrl_y,ltl2dba-theta-2,16,10,1.0,1.0,0.9,1.0
mrs-nsga2-apportion|aurus-nsga2-apportion,cross,ltl2dba-theta-2,18,10,0.8,1.0,1.0,1.0
mrs-nsga2-apportion|aurus-nsga2-apportion,cross,ltl2dba-theta-2,19,10,0.8,0.9,1.0,1.0
mrs-nsga2-apportion|aurus-nsga2-apportion,ctrl_x,ltl2dba-theta-2,18,10,0.9,0.9,1.0,0.7
mrs-nsga2-apportion|aurus-nsga2-apportion,ctrl_y,ltl2dba-theta-2,18,10,1.0,0.7,1.0,1.0
mrs-nsga2-apportion|aurus-nsga2-apportion,cross,ltl2dba-theta-2,20,8,1.0,0.875,1.0,1.0
mrs-nsga2-apportion|aurus-nsga2-apportion,cross,ltl2dba-theta-2,21,8,1.0,1.0,1.0,1.0
mrs-nsga2-apportion|aurus-nsga2-apportion,ctrl_x,ltl2dba-theta-2,20,8,0.875,1.0,0.25,1.0
mrs-nsga2-apportion|aurus-nsga2-apportion,ctrl_y,ltl2dba-theta-2,20,8,1.0,1.0,1.0,1.0
mrs-nsga2-apportion|aurus-nsga2-apportion,cross,ltl2dba-theta-2,22,8,0.625,0.5,0.875,1.0
mrs-nsga2-apportion|aurus-nsga2-apportion,cross,ltl2dba-theta-2,23,8,0.75,1.0,1.0,1.0
mrs-nsga2-apportion|aurus-nsga2-apportion,ctrl_x,ltl2dba-theta-2,22,8,1.0,0.875,1.0,0.375
mrs-nsga2-apportion|aurus-nsga2-apportion,ctrl_y,ltl2dba-theta-2,22,8,0.875,0.75,1.0,1.0
mrs-nsga2-apportion|aurus-nsga2-apportion,cross,ltl2dba-theta-2,24,13,0.8462,0.8462,0.4615,1.0
mrs-nsga2-apportion|aurus-nsga2-apportion,cross,ltl2dba-theta-2,25,13,0.7692,1.0,0.9231,1.0
mrs-nsga2-apportion|aurus-nsga2-apportion,ctrl_x,ltl2dba-theta-2,24,13,0.8462,0.9231,1.0,1.0
mrs-nsga2-apportion|aurus-nsga2-apportion,ctrl_y,ltl2dba-theta-2,24,13,1.0,0.6923,1.0,0.9231
mrs-nsga2-apportion|aurus-nsga2-apportion,cross,ltl2dba-theta-2,26,24,0.7083,0.5833,0.9167,0.8333
mrs-nsga2-apportion|aurus-nsga2-apportion,cross,ltl2dba-theta-2,27,24,0.75,0.8333,0.875,0.875
mrs-nsga2-apportion|aurus-nsga2-apportion,ctrl_x,ltl2dba-theta-2,26,24,0.5833,0.75,0.4583,0.7917
mrs-nsga2-apportion|aurus-nsga2-apportion,ctrl_y,ltl2dba-theta-2,26,24,0.9583,0.5833,0.9583,0.75
mrs-nsga2-apportion|aurus-nsga2-apportion,cross,ltl2dba-theta-2,28,12,0.75,0.75,0.8333,1.0
mrs-nsga2-apportion|aurus-nsga2-apportion,cross,ltl2dba-theta-2,29,12,0.75,1.0,1.0,1.0
mrs-nsga2-apportion|aurus-nsga2-apportion,ctrl_x,ltl2dba-theta-2,28,12,1.0,0.9167,0.9167,0.9167
mrs-nsga2-apportion|aurus-nsga2-apportion,ctrl_y,ltl2dba-theta-2,28,12,1.0,0.75,1.0,1.0
mrs-nsga2-apportion|mrs-weighted,cross,ltl2dba-theta-2,0,13,0.9231,1.0,0.8462,0.9231
mrs-nsga2-apportion|mrs-weighted,cross,ltl2dba-theta-2,1,13,0.8462,0.3077,0.5385,0.2308
mrs-nsga2-apportion|mrs-weighted,ctrl_x,ltl2dba-theta-2,0,13,1.0,0.9231,0.7692,1.0
mrs-nsga2-apportion|mrs-weighted,ctrl_y,ltl2dba-theta-2,0,13,0.7692,0.9231,0.7692,0.9231
mrs-nsga2-apportion|mrs-weighted,cross,ltl2dba-theta-2,2,16,0.75,0.8125,0.6875,1.0
mrs-nsga2-apportion|mrs-weighted,cross,ltl2dba-theta-2,3,16,0.75,0.5,0.8125,0.9375
mrs-nsga2-apportion|mrs-weighted,ctrl_x,ltl2dba-theta-2,2,16,0.5,0.8125,0.6875,0.875
mrs-nsga2-apportion|mrs-weighted,ctrl_y,ltl2dba-theta-2,2,16,0.875,1.0,0.875,0.9375
mrs-nsga2-apportion|mrs-weighted,cross,ltl2dba-theta-2,4,13,0.6923,0.9231,1.0,0.8462
mrs-nsga2-apportion|mrs-weighted,cross,ltl2dba-theta-2,5,13,0.7692,0.6923,0.8462,1.0
mrs-nsga2-apportion|mrs-weighted,ctrl_x,ltl2dba-theta-2,4,13,0.9231,1.0,1.0,1.0
mrs-nsga2-apportion|mrs-weighted,ctrl_y,ltl2dba-theta-2,4,13,0.5385,0.6923,1.0,0.8462
mrs-nsga2-apportion|mrs-weighted,cross,ltl2dba-theta-2,6,18,0.7778,0.4444,1.0,1.0
mrs-nsga2-apportion|mrs-weighted,cross,ltl2dba-theta-2,7,18,0.7222,0.6111,0.8889,0.9444
mrs-nsga2-apportion|mrs-weighted,ctrl_x,ltl2dba-theta-2,6,18,0.8889,0.8333,1.0,0.9444
mrs-nsga2-apportion|mrs-weighted,ctrl_y,ltl2dba-theta-2,6,18,0.9444,0.6667,0.9444,0.4444
mrs-nsga2-apportion|mrs-weighted,cross,ltl2dba-theta-2,8,14,0.2143,1.0,0.5,0.7857
mrs-nsga2-apportion|mrs-weighted,cross,ltl2dba-theta-2,9,14,0.5,0.8571,0.3571,0.7143
mrs-nsga2-apportion|mrs-weighted,ctrl_x,ltl2dba-theta-2,8,14,0.8571,0.8571,0.8571,0.9286
mrs-nsga2-apportion|mrs-weighted,ctrl_y,ltl2dba-theta-2,8,14,0.8571,0.7143,0.9286,0.9286
mrs-nsga2-apportion|mrs-weighted,cross,ltl2dba-theta-2,10,21,0.619,0.8571,0.8095,0.9048
mrs-nsga2-apportion|mrs-weighted,cross,ltl2dba-theta-2,11,21,0.6667,0.7143,0.4762,0.9048
mrs-nsga2-apportion|mrs-weighted,ctrl_x,ltl2dba-theta-2,10,21,0.9524,0.8095,0.8571,0.9524
mrs-nsga2-apportion|mrs-weighted,ctrl_y,ltl2dba-theta-2,10,21,0.4762,0.9048,0.5238,0.9524
mrs-nsga2-apportion|mrs-weighted,cross,ltl2dba-theta-2,12,10,0.5,0.5,1.0,0.9
mrs-nsga2-apportion|mrs-weighted,cross,ltl2dba-theta-2,13,10,0.8,0.7,0.7,0.8
mrs-nsga2-apportion|mrs-weighted,ctrl_x,ltl2dba-theta-2,12,10,1.0,0.9,1.0,1.0
mrs-nsga2-apportion|mrs-weighted,ctrl_y,ltl2dba-theta-2,12,10,0.2,0.7,1.0,0.8
mrs-nsga2-apportion|mrs-weighted,cross,ltl2dba-theta-2,14,19,0.7895,0.8947,0.3684,0.8421
mrs-nsga2-apportion|mrs-weighted,cross,ltl2dba-theta-2,15,19,0.5263,0.8421,0.5263,1.0
mrs-nsga2-apportion|mrs-weighted,ctrl_x,ltl2dba-theta-2,14,19,0.8421,0.6842,1.0,0.8947
mrs-nsga2-apportion|mrs-weighted,ctrl_y,ltl2dba-theta-2,14,19,0.5789,1.0,0.8421,1.0
mrs-nsga2-apportion|mrs-weighted,cross,ltl2dba-theta-2,16,18,0.7778,0.7222,0.8333,0.7778
mrs-nsga2-apportion|mrs-weighted,cross,ltl2dba-theta-2,17,18,0.8333,0.8889,0.3889,0.8333
mrs-nsga2-apportion|mrs-weighted,ctrl_x,ltl2dba-theta-2,16,18,0.6111,0.7222,0.9444,0.5556
mrs-nsga2-apportion|mrs-weighted,ctrl_y,ltl2dba-theta-2,16,18,0.8889,0.8333,0.8889,0.7222
mrs-nsga2-apportion|mrs-weighted,cross,ltl2dba-theta-2,18,12,0.75,1.0,0.75,1.0
mrs-nsga2-apportion|mrs-weighted,cross,ltl2dba-theta-2,19,12,0.5833,0.9167,0.25,0.9167
mrs-nsga2-apportion|mrs-weighted,ctrl_x,ltl2dba-theta-2,18,12,0.9167,0.6667,0.8333,0.5833
mrs-nsga2-apportion|mrs-weighted,ctrl_y,ltl2dba-theta-2,18,12,1.0,0.9167,1.0,1.0
mrs-nsga2-apportion|mrs-weighted,cross,ltl2dba-theta-2,20,8,0.875,0.875,1.0,1.0
mrs-nsga2-apportion|mrs-weighted,cross,ltl2dba-theta-2,21,8,1.0,0.875,1.0,0.5
mrs-nsga2-apportion|mrs-weighted,ctrl_x,ltl2dba-theta-2,20,8,0.875,1.0,0.25,1.0
mrs-nsga2-apportion|mrs-weighted,ctrl_y,ltl2dba-theta-2,20,8,0.875,0.875,1.0,1.0
mrs-nsga2-apportion|mrs-weighted,cross,ltl2dba-theta-2,22,20,0.85,0.75,0.9,0.55
mrs-nsga2-apportion|mrs-weighted,cross,ltl2dba-theta-2,23,20,0.75,0.7,0.75,0.95
mrs-nsga2-apportion|mrs-weighted,ctrl_x,ltl2dba-theta-2,22,20,0.75,0.8,0.95,0.95
mrs-nsga2-apportion|mrs-weighted,ctrl_y,ltl2dba-theta-2,22,20,0.8,0.4,0.8,0.25
mrs-nsga2-apportion|mrs-weighted,cross,ltl2dba-theta-2,24,18,0.8889,0.8333,0.9444,1.0
mrs-nsga2-apportion|mrs-weighted,cross,ltl2dba-theta-2,25,18,0.6667,0.8333,0.9444,0.9444
mrs-nsga2-apportion|mrs-weighted,ctrl_x,ltl2dba-theta-2,24,18,0.7778,0.8333,0.9444,0.9444
mrs-nsga2-apportion|mrs-weighted,ctrl_y,ltl2dba-theta-2,24,18,0.5,0.6667,0.7222,0.8333
mrs-nsga2-apportion|mrs-weighted,cross,ltl2dba-theta-2,26,26,0.2692,0.9615,0.3077,0.7308
mrs-nsga2-apportion|mrs-weighted,cross,ltl2dba-theta-2,27,26,0.6923,0.9231,0.7308,0.6154
mrs-nsga2-apportion|mrs-weighted,ctrl_x,ltl2dba-theta-2,26,26,0.6154,0.6538,0.4615,0.6923
mrs-nsga2-apportion|mrs-weighted,ctrl_y,ltl2dba-theta-2,26,26,0.4615,0.8846,0.3462,0.6923
mrs-nsga2-apportion|mrs-weighted,cross,ltl2dba-theta-2,28,13,0.7692,0.6154,1.0,1.0
mrs-nsga2-apportion|mrs-weighted,cross,ltl2dba-theta-2,29,13,0.8462,0.6923,0.7692,1.0
mrs-nsga2-apportion|mrs-weighted,ctrl_x,ltl2dba-theta-2,28,13,0.9231,0.8462,0.8462,0.9231
mrs-nsga2-apportion|mrs-weighted,ctrl_y,ltl2dba-theta-2,28,13,0.6154,0.6923,0.9231,0.5385
aurus-nsga2-apportion|aurus,cross,ltl2dba-theta-2,0,12,0.8333,0.5,0.9167,0.6667
aurus-nsga2-apportion|aurus,cross,ltl2dba-theta-2,1,12,1.0,0.3333,0.8333,0.75
aurus-nsga2-apportion|aurus,ctrl_x,ltl2dba-theta-2,0,12,0.75,0.9167,1.0,0.9167
aurus-nsga2-apportion|aurus,ctrl_y,ltl2dba-theta-2,0,12,0.6667,1.0,0.6667,0.6667
aurus-nsga2-apportion|aurus,cross,ltl2dba-theta-2,2,11,0.8182,0.9091,0.9091,0.7273
aurus-nsga2-apportion|aurus,cross,ltl2dba-theta-2,3,11,1.0,0.7273,0.9091,0.5455
aurus-nsga2-apportion|aurus,ctrl_x,ltl2dba-theta-2,2,11,1.0,0.9091,0.9091,1.0
aurus-nsga2-apportion|aurus,ctrl_y,ltl2dba-theta-2,2,11,1.0,1.0,0.6364,0.1818
aurus-nsga2-apportion|aurus,cross,ltl2dba-theta-2,4,14,0.9286,0.7143,0.6429,0.2143
aurus-nsga2-apportion|aurus,cross,ltl2dba-theta-2,5,14,0.7857,0.3571,0.7143,0.4286
aurus-nsga2-apportion|aurus,ctrl_x,ltl2dba-theta-2,4,14,1.0,0.7857,0.8571,0.8571
aurus-nsga2-apportion|aurus,ctrl_y,ltl2dba-theta-2,4,14,0.7857,0.7857,0.6429,0.8571
aurus-nsga2-apportion|aurus,cross,ltl2dba-theta-2,8,11,0.7273,0.7273,0.8182,0.9091
aurus-nsga2-apportion|aurus,cross,ltl2dba-theta-2,9,11,1.0,0.4545,1.0,0.7273
aurus-nsga2-apportion|aurus,ctrl_x,ltl2dba-theta-2,8,11,0.9091,1.0,0.6364,1.0
aurus-nsga2-apportion|aurus,ctrl_y,ltl2dba-theta-2,8,11,1.0,1.0,1.0,0.9091
aurus-nsga2-apportion|aurus,cross,ltl2dba-theta-2,10,16,1.0,0.5625,0.625,0.625
aurus-nsga2-apportion|aurus,cross,ltl2dba-theta-2,11,16,1.0,0.75,0.9375,0.5625
aurus-nsga2-apportion|aurus,ctrl_x,ltl2dba-theta-2,10,16,0.75,0.9375,1.0,1.0
aurus-nsga2-apportion|aurus,ctrl_y,ltl2dba-theta-2,10,16,0.875,0.5625,0.6875,0.375
aurus-nsga2-apportion|aurus,cross,ltl2dba-theta-2,12,11,1.0,0.4545,0.9091,0.9091
aurus-nsga2-apportion|aurus,cross,ltl2dba-theta-2,13,11,0.5455,1.0,0.3636,1.0
aurus-nsga2-apportion|aurus,ctrl_x,ltl2dba-theta-2,12,11,1.0,0.9091,1.0,1.0
aurus-nsga2-apportion|aurus,ctrl_y,ltl2dba-theta-2,12,11,0.7273,0.8182,0.9091,1.0
aurus-nsga2-apportion|aurus,cross,ltl2dba-theta-2,14,11,0.8182,0.8182,0.8182,1.0
aurus-nsga2-apportion|aurus,cross,ltl2dba-theta-2,15,11,0.2727,0.5455,0.6364,0.2727
aurus-nsga2-apportion|aurus,ctrl_x,ltl2dba-theta-2,14,11,0.7273,0.4545,0.8182,0.5455
aurus-nsga2-apportion|aurus,ctrl_y,ltl2dba-theta-2,14,11,1.0,0.6364,0.5455,1.0
aurus-nsga2-apportion|aurus,cross,ltl2dba-theta-2,16,10,0.8,0.9,0.5,1.0
aurus-nsga2-apportion|aurus,cross,ltl2dba-theta-2,17,10,0.7,0.7,1.0,0.4
aurus-nsga2-apportion|aurus,ctrl_x,ltl2dba-theta-2,16,10,1.0,0.9,1.0,1.0
aurus-nsga2-apportion|aurus,ctrl_y,ltl2dba-theta-2,16,10,0.8,0.9,0.6,0.7
aurus-nsga2-apportion|aurus,cross,ltl2dba-theta-2,18,10,1.0,0.9,0.7,0.2
aurus-nsga2-apportion|aurus,cross,ltl2dba-theta-2,19,10,0.8,0.5,0.9,0.5
aurus-nsga2-apportion|aurus,ctrl_x,ltl2dba-theta-2,18,10,1.0,0.8,1.0,1.0
aurus-nsga2-apportion|aurus,ctrl_y,ltl2dba-theta-2,18,10,1.0,0.9,0.3,0.2
aurus-nsga2-apportion|aurus,cross,ltl2dba-theta-2,20,10,1.0,0.4,1.0,0.6
aurus-nsga2-apportion|aurus,cross,ltl2dba-theta-2,21,10,1.0,0.9,0.6,1.0
aurus-nsga2-apportion|aurus,ctrl_x,ltl2dba-theta-2,20,10,1.0,1.0,1.0,1.0
aurus-nsga2-apportion|aurus,ctrl_y,ltl2dba-theta-2,20,10,1.0,0.7,0.9,1.0
aurus-nsga2-apportion|aurus,cross,ltl2dba-theta-2,22,8,1.0,0.625,1.0,1.0
aurus-nsga2-apportion|aurus,cross,ltl2dba-theta-2,23,8,0.875,0.875,0.75,0.625
aurus-nsga2-apportion|aurus,ctrl_x,ltl2dba-theta-2,22,8,1.0,0.625,1.0,1.0
aurus-nsga2-apportion|aurus,ctrl_y,ltl2dba-theta-2,22,8,1.0,0.875,1.0,0.375
aurus-nsga2-apportion|aurus,cross,ltl2dba-theta-2,24,13,1.0,0.9231,0.9231,0.2308
aurus-nsga2-apportion|aurus,cross,ltl2dba-theta-2,25,13,1.0,0.4615,0.8462,0.7692
aurus-nsga2-apportion|aurus,ctrl_x,ltl2dba-theta-2,24,13,1.0,0.8462,0.8462,1.0
aurus-nsga2-apportion|aurus,ctrl_y,ltl2dba-theta-2,24,13,0.6923,1.0,0.5385,0.3846
aurus-nsga2-apportion|aurus,cross,ltl2dba-theta-2,26,24,0.75,0.625,0.875,0.4583
aurus-nsga2-apportion|aurus,cross,ltl2dba-theta-2,27,24,0.5417,0.5,0.4583,0.7083
aurus-nsga2-apportion|aurus,ctrl_x,ltl2dba-theta-2,26,24,0.9583,0.5417,1.0,0.9167
aurus-nsga2-apportion|aurus,ctrl_y,ltl2dba-theta-2,26,24,0.5417,0.7083,0.9167,0.9583
aurus-nsga2-apportion|aurus,cross,ltl2dba-theta-2,28,12,1.0,0.25,1.0,1.0
aurus-nsga2-apportion|aurus,cross,ltl2dba-theta-2,29,12,0.5833,0.3333,1.0,0.4167
aurus-nsga2-apportion|aurus,ctrl_x,ltl2dba-theta-2,28,12,1.0,0.75,0.8333,0.9167
aurus-nsga2-apportion|aurus,ctrl_y,ltl2dba-theta-2,28,12,0.8333,0.75,0.9167,0.4167
mrs-nsga2-apportion|aurus,cross,ltl2dba27,0,15,0.9333,0.7333,0.8667,1.0
mrs-nsga2-apportion|aurus,cross,ltl2dba27,1,15,0.9333,0.8,1.0,0.8667
mrs-nsga2-apportion|aurus,ctrl_x,ltl2dba27,0,15,0.9333,0.8667,0.8667,0.9333
mrs-nsga2-apportion|aurus,ctrl_y,ltl2dba27,0,15,1.0,0.8667,0.8667,0.8
mrs-nsga2-apportion|aurus,cross,ltl2dba27,2,13,1.0,0.9231,1.0,0.9231
mrs-nsga2-apportion|aurus,cross,ltl2dba27,3,13,0.6923,0.5385,0.8462,0.9231
mrs-nsga2-apportion|aurus,ctrl_x,ltl2dba27,2,13,0.8462,0.8462,1.0,0.9231
mrs-nsga2-apportion|aurus,ctrl_y,ltl2dba27,2,13,0.6923,0.9231,0.7692,1.0
mrs-nsga2-apportion|aurus,cross,ltl2dba27,4,6,1.0,1.0,1.0,1.0
mrs-nsga2-apportion|aurus,cross,ltl2dba27,5,6,1.0,1.0,1.0,1.0
mrs-nsga2-apportion|aurus,ctrl_x,ltl2dba27,4,6,1.0,1.0,1.0,1.0
mrs-nsga2-apportion|aurus,ctrl_y,ltl2dba27,4,6,1.0,0.5,1.0,1.0
mrs-nsga2-apportion|aurus,cross,ltl2dba27,6,12,0.9167,0.3333,0.8333,0.6667
mrs-nsga2-apportion|aurus,cross,ltl2dba27,7,12,0.9167,0.8333,1.0,0.8333
mrs-nsga2-apportion|aurus,ctrl_x,ltl2dba27,6,12,1.0,0.6667,0.8333,0.8333
mrs-nsga2-apportion|aurus,ctrl_y,ltl2dba27,6,12,0.75,0.5,0.8333,0.9167
mrs-nsga2-apportion|aurus,cross,ltl2dba27,8,7,0.8571,0.8571,0.7143,1.0
mrs-nsga2-apportion|aurus,cross,ltl2dba27,9,7,1.0,0.8571,1.0,0.2857
mrs-nsga2-apportion|aurus,ctrl_x,ltl2dba27,8,7,0.5714,1.0,1.0,1.0
mrs-nsga2-apportion|aurus,ctrl_y,ltl2dba27,8,7,1.0,1.0,0.7143,1.0
mrs-nsga2-apportion|aurus,cross,ltl2dba27,10,13,1.0,0.6923,0.7692,0.9231
mrs-nsga2-apportion|aurus,cross,ltl2dba27,11,13,1.0,1.0,1.0,1.0
mrs-nsga2-apportion|aurus,ctrl_x,ltl2dba27,10,13,0.9231,1.0,0.7692,1.0
mrs-nsga2-apportion|aurus,ctrl_y,ltl2dba27,10,13,0.9231,0.7692,1.0,1.0
mrs-nsga2-apportion|aurus,cross,ltl2dba27,12,12,0.5,0.8333,0.8333,0.75
mrs-nsga2-apportion|aurus,cross,ltl2dba27,13,12,1.0,1.0,0.9167,0.5833
mrs-nsga2-apportion|aurus,ctrl_x,ltl2dba27,12,12,0.5833,0.9167,0.9167,1.0
mrs-nsga2-apportion|aurus,ctrl_y,ltl2dba27,12,12,1.0,1.0,0.9167,0.3333
mrs-nsga2-apportion|aurus,cross,ltl2dba27,14,9,0.7778,1.0,0.4444,0.4444
mrs-nsga2-apportion|aurus,cross,ltl2dba27,15,9,1.0,0.8889,0.8889,0.7778
mrs-nsga2-apportion|aurus,ctrl_x,ltl2dba27,14,9,1.0,1.0,1.0,0.8889
mrs-nsga2-apportion|aurus,ctrl_y,ltl2dba27,14,9,0.8889,1.0,0.5556,1.0
mrs-nsga2-apportion|aurus,cross,ltl2dba27,16,14,1.0,0.7857,0.8571,1.0
mrs-nsga2-apportion|aurus,cross,ltl2dba27,17,14,0.6429,1.0,0.5,1.0
mrs-nsga2-apportion|aurus,ctrl_x,ltl2dba27,16,14,1.0,0.7143,1.0,0.7143
mrs-nsga2-apportion|aurus,ctrl_y,ltl2dba27,16,14,1.0,1.0,1.0,1.0
mrs-nsga2-apportion|aurus,cross,ltl2dba27,20,12,1.0,0.8333,1.0,0.5
mrs-nsga2-apportion|aurus,cross,ltl2dba27,21,12,0.75,0.8333,1.0,0.8333
mrs-nsga2-apportion|aurus,ctrl_x,ltl2dba27,20,12,1.0,0.5,0.9167,0.9167
mrs-nsga2-apportion|aurus,ctrl_y,ltl2dba27,20,12,0.9167,0.75,0.9167,0.8333
mrs-nsga2-apportion|aurus,cross,ltl2dba27,22,12,0.9167,0.75,0.8333,0.8333
mrs-nsga2-apportion|aurus,cross,ltl2dba27,23,12,1.0,0.9167,1.0,0.9167
mrs-nsga2-apportion|aurus,ctrl_x,ltl2dba27,22,12,0.9167,1.0,0.8333,1.0
mrs-nsga2-apportion|aurus,ctrl_y,ltl2dba27,22,12,0.8333,0.6667,0.75,0.5833
mrs-nsga2-apportion|aurus,cross,ltl2dba27,24,11,1.0,1.0,1.0,0.4545
mrs-nsga2-apportion|aurus,cross,ltl2dba27,25,11,0.9091,1.0,0.9091,1.0
mrs-nsga2-apportion|aurus,ctrl_x,ltl2dba27,24,11,1.0,0.9091,1.0,0.7273
mrs-nsga2-apportion|aurus,ctrl_y,ltl2dba27,24,11,0.9091,0.8182,1.0,0.8182
mrs-nsga2-apportion|aurus,cross,ltl2dba27,26,13,1.0,0.7692,0.9231,1.0
mrs-nsga2-apportion|aurus,cross,ltl2dba27,27,13,0.9231,0.9231,1.0,1.0
mrs-nsga2-apportion|aurus,ctrl_x,ltl2dba27,26,13,1.0,0.8462,1.0,1.0
mrs-nsga2-apportion|aurus,ctrl_y,ltl2dba27,26,13,1.0,0.9231,1.0,1.0
mrs-nsga2-apportion|aurus-nsga2-apportion,cross,ltl2dba27,0,15,0.8667,0.9333,0.8,0.6667
mrs-nsga2-apportion|aurus-nsga2-apportion,cross,ltl2dba27,1,15,1.0,0.8667,1.0,0.8667
mrs-nsga2-apportion|aurus-nsga2-apportion,ctrl_x,ltl2dba27,0,15,0.9333,0.8667,0.8667,0.9333
mrs-nsga2-apportion|aurus-nsga2-apportion,ctrl_y,ltl2dba27,0,15,0.9333,1.0,1.0,0.7333
mrs-nsga2-apportion|aurus-nsga2-apportion,cross,ltl2dba27,2,13,0.7692,1.0,0.8462,0.9231
mrs-nsga2-apportion|aurus-nsga2-apportion,cross,ltl2dba27,3,13,0.7692,0.9231,1.0,0.9231
mrs-nsga2-apportion|aurus-nsga2-apportion,ctrl_x,ltl2dba27,2,13,0.8462,0.8462,1.0,0.9231
mrs-nsga2-apportion|aurus-nsga2-apportion,ctrl_y,ltl2dba27,2,13,0.6923,0.7692,0.9231,0.9231
mrs-nsga2-apportion|aurus-nsga2-apportion,cross,ltl2dba27,4,6,1.0,1.0,1.0,1.0
mrs-nsga2-apportion|aurus-nsga2-apportion,cross,ltl2dba27,5,6,1.0,0.8333,0.6667,1.0
mrs-nsga2-apportion|aurus-nsga2-apportion,ctrl_x,ltl2dba27,4,6,1.0,1.0,1.0,1.0
mrs-nsga2-apportion|aurus-nsga2-apportion,ctrl_y,ltl2dba27,4,6,1.0,1.0,1.0,1.0
mrs-nsga2-apportion|aurus-nsga2-apportion,cross,ltl2dba27,6,12,1.0,0.8333,0.9167,0.9167
mrs-nsga2-apportion|aurus-nsga2-apportion,cross,ltl2dba27,7,12,0.9167,1.0,1.0,1.0
mrs-nsga2-apportion|aurus-nsga2-apportion,ctrl_x,ltl2dba27,6,12,1.0,0.6667,0.8333,0.8333
mrs-nsga2-apportion|aurus-nsga2-apportion,ctrl_y,ltl2dba27,6,12,0.8333,0.9167,1.0,1.0
mrs-nsga2-apportion|aurus-nsga2-apportion,cross,ltl2dba27,8,12,0.9167,0.5,1.0,0.5
mrs-nsga2-apportion|aurus-nsga2-apportion,cross,ltl2dba27,9,12,0.8333,0.8333,1.0,1.0
mrs-nsga2-apportion|aurus-nsga2-apportion,ctrl_x,ltl2dba27,8,12,0.6667,0.9167,0.8333,1.0
mrs-nsga2-apportion|aurus-nsga2-apportion,ctrl_y,ltl2dba27,8,12,0.9167,0.4167,0.8333,0.75
mrs-nsga2-apportion|aurus-nsga2-apportion,cross,ltl2dba27,10,13,1.0,1.0,0.6923,0.7692
mrs-nsga2-apportion|aurus-nsga2-apportion,cross,ltl2dba27,11,13,0.9231,1.0,0.9231,1.0
mrs-nsga2-apportion|aurus-nsga2-apportion,ctrl_x,ltl2dba27,10,13,0.9231,1.0,0.7692,1.0
mrs-nsga2-apportion|aurus-nsga2-apportion,ctrl_y,ltl2dba27,10,13,1.0,0.9231,0.8462,0.6923
mrs-nsga2-apportion|aurus-nsga2-apportion,cross,ltl2dba27,12,12,0.6667,0.9167,0.9167,1.0
mrs-nsga2-apportion|aurus-nsga2-apportion,cross,ltl2dba27,13,12,1.0,0.9167,0.8333,1.0
mrs-nsga2-apportion|aurus-nsga2-apportion,ctrl_x,ltl2dba27,12,12,0.5833,0.9167,0.9167,1.0
mrs-nsga2-apportion|aurus-nsga2-apportion,ctrl_y,ltl2dba27,12,12,1.0,1.0,1.0,0.9167
mrs-nsga2-apportion|aurus-nsga2-apportion,cross,ltl2dba27,14,10,0.9,1.0,0.9,1.0
mrs-nsga2-apportion|aurus-nsga2-apportion,cross,ltl2dba27,15,10,1.0,0.9,1.0,1.0
mrs-nsga2-apportion|aurus-nsga2-apportion,ctrl_x,ltl2dba27,14,10,1.0,1.0,1.0,1.0
mrs-nsga2-apportion|aurus-nsga2-apportion,ctrl_y,ltl2dba27,14,10,1.0,1.0,1.0,1.0
mrs-nsga2-apportion|aurus-nsga2-apportion,cross,ltl2dba27,16,10,1.0,0.9,1.0,1.0
mrs-nsga2-apportion|aurus-nsga2-apportion,cross,ltl2dba27,17,10,0.8,1.0,0.4,1.0
mrs-nsga2-apportion|aurus-nsga2-apportion,ctrl_x,ltl2dba27,16,10,1.0,1.0,1.0,0.9
mrs-nsga2-apportion|aurus-nsga2-apportion,ctrl_y,ltl2dba27,16,10,1.0,1.0,1.0,1.0
mrs-nsga2-apportion|aurus-nsga2-apportion,cross,ltl2dba27,18,13,0.7692,1.0,1.0,0.7692
mrs-nsga2-apportion|aurus-nsga2-apportion,cross,ltl2dba27,19,13,0.8462,1.0,0.9231,0.6154
mrs-nsga2-apportion|aurus-nsga2-apportion,ctrl_x,ltl2dba27,18,13,1.0,1.0,1.0,0.6923
mrs-nsga2-apportion|aurus-nsga2-apportion,ctrl_y,ltl2dba27,18,13,0.9231,1.0,0.5385,0.8462
mrs-nsga2-apportion|aurus-nsga2-apportion,cross,ltl2dba27,20,12,0.9167,1.0,1.0,0.9167
mrs-nsga2-apportion|aurus-nsga2-apportion,cross,ltl2dba27,21,12,0.75,1.0,0.8333,1.0
mrs-nsga2-apportion|aurus-nsga2-apportion,ctrl_x,ltl2dba27,20,12,1.0,0.5,0.9167,0.9167
mrs-nsga2-apportion|aurus-nsga2-apportion,ctrl_y,ltl2dba27,20,12,1.0,1.0,0.9167,0.9167
mrs-nsga2-apportion|aurus-nsga2-apportion,cross,ltl2dba27,22,12,0.8333,1.0,0.8333,1.0
mrs-nsga2-apportion|aurus-nsga2-apportion,cross,ltl2dba27,23,12,0.9167,1.0,1.0,1.0
mrs-nsga2-apportion|aurus-nsga2-apportion,ctrl_x,ltl2dba27,22,12,0.9167,1.0,0.8333,1.0
mrs-nsga2-apportion|aurus-nsga2-apportion,ctrl_y,ltl2dba27,22,12,0.9167,1.0,0.9167,1.0
mrs-nsga2-apportion|aurus-nsga2-apportion,cross,ltl2dba27,24,11,1.0,0.9091,1.0,0.7273
mrs-nsga2-apportion|aurus-nsga2-apportion,cross,ltl2dba27,25,11,0.7273,1.0,0.7273,0.6364
mrs-nsga2-apportion|aurus-nsga2-apportion,ctrl_x,ltl2dba27,24,11,1.0,0.7273,1.0,0.4545
mrs-nsga2-apportion|aurus-nsga2-apportion,ctrl_y,ltl2dba27,24,11,0.8182,0.7273,0.5455,0.9091
mrs-nsga2-apportion|aurus-nsga2-apportion,cross,ltl2dba27,26,13,1.0,0.8462,0.7692,0.6923
mrs-nsga2-apportion|aurus-nsga2-apportion,cross,ltl2dba27,27,13,1.0,0.8462,1.0,1.0
mrs-nsga2-apportion|aurus-nsga2-apportion,ctrl_x,ltl2dba27,26,13,1.0,0.8462,1.0,1.0
mrs-nsga2-apportion|aurus-nsga2-apportion,ctrl_y,ltl2dba27,26,13,1.0,1.0,1.0,1.0
mrs-nsga2-apportion|aurus-nsga2-apportion,cross,ltl2dba27,28,11,0.5455,1.0,0.4545,1.0
mrs-nsga2-apportion|aurus-nsga2-apportion,cross,ltl2dba27,29,11,1.0,0.8182,1.0,1.0
mrs-nsga2-apportion|aurus-nsga2-apportion,ctrl_x,ltl2dba27,28,11,0.8182,1.0,0.7273,1.0
mrs-nsga2-apportion|aurus-nsga2-apportion,ctrl_y,ltl2dba27,28,11,0.9091,1.0,0.6364,1.0
mrs-nsga2-apportion|mrs-weighted,cross,ltl2dba27,0,11,0.7273,0.8182,0.7273,1.0
mrs-nsga2-apportion|mrs-weighted,cross,ltl2dba27,1,11,0.6364,0.9091,1.0,0.6364
mrs-nsga2-apportion|mrs-weighted,ctrl_x,ltl2dba27,0,11,1.0,0.8182,0.8182,0.6364
mrs-nsga2-apportion|mrs-weighted,ctrl_y,ltl2dba27,0,11,0.9091,1.0,0.9091,1.0
mrs-nsga2-apportion|mrs-weighted,cross,ltl2dba27,2,13,0.9231,0.9231,0.9231,1.0
mrs-nsga2-apportion|mrs-weighted,cross,ltl2dba27,3,13,0.9231,1.0,1.0,1.0
mrs-nsga2-apportion|mrs-weighted,ctrl_x,ltl2dba27,2,13,0.8462,0.8462,1.0,0.9231
mrs-nsga2-apportion|mrs-weighted,ctrl_y,ltl2dba27,2,13,1.0,0.9231,1.0,1.0
mrs-nsga2-apportion|mrs-weighted,cross,ltl2dba27,4,6,1.0,1.0,1.0,1.0
mrs-nsga2-apportion|mrs-weighted,cross,ltl2dba27,5,6,1.0,1.0,0.8333,1.0
mrs-nsga2-apportion|mrs-weighted,ctrl_x,ltl2dba27,4,6,1.0,1.0,1.0,1.0
mrs-nsga2-apportion|mrs-weighted,ctrl_y,ltl2dba27,4,6,0.8333,1.0,1.0,1.0
mrs-nsga2-apportion|mrs-weighted,cross,ltl2dba27,6,12,0.9167,0.9167,0.75,0.6667
mrs-nsga2-apportion|mrs-weighted,cross,ltl2dba27,7,12,0.75,0.9167,0.75,1.0
mrs-nsga2-apportion|mrs-weighted,ctrl_x,ltl2dba27,6,12,1.0,0.6667,0.8333,0.8333
mrs-nsga2-apportion|mrs-weighted,ctrl_y,ltl2dba27,6,12,1.0,0.9167,1.0,0.5833
mrs-nsga2-apportion|mrs-weighted,cross,ltl2dba27,8,10,0.4,1.0,0.8,1.0
mrs-nsga2-apportion|mrs-weighted,cross,ltl2dba27,9,10,0.8,0.9,0.8,1.0
mrs-nsga2-apportion|mrs-weighted,ctrl_x,ltl2dba27,8,10,0.7,0.9,1.0,1.0
mrs-nsga2-apportion|mrs-weighted,ctrl_y,ltl2dba27,8,10,1.0,0.9,0.9,1.0
mrs-nsga2-apportion|mrs-weighted,cross,ltl2dba27,10,13,0.8462,1.0,0.6923,1.0
mrs-nsga2-apportion|mrs-weighted,cross,ltl2dba27,11,13,1.0,1.0,0.8462,0.9231
mrs-nsga2-apportion|mrs-weighted,ctrl_x,ltl2dba27,10,13,0.9231,1.0,0.7692,1.0
mrs-nsga2-apportion|mrs-weighted,ctrl_y,ltl2dba27,10,13,0.9231,1.0,0.9231,1.0
mrs-nsga2-apportion|mrs-weighted,cross,ltl2dba27,12,10,0.4,1.0,0.5,1.0
mrs-nsga2-apportion|mrs-weighted,cross,ltl2dba27,13,10,0.9,1.0,0.8,0.9
mrs-nsga2-apportion|mrs-weighted,ctrl_x,ltl2dba27,12,10,0.8,1.0,1.0,1.0
mrs-nsga2-apportion|mrs-weighted,ctrl_y,ltl2dba27,12,10,0.9,1.0,0.9,0.8
mrs-nsga2-apportion|mrs-weighted,cross,ltl2dba27,14,10,0.7,1.0,0.7,1.0
mrs-nsga2-apportion|mrs-weighted,cross,ltl2dba27,15,10,0.8,1.0,1.0,1.0
mrs-nsga2-apportion|mrs-weighted,ctrl_x,ltl2dba27,14,10,1.0,1.0,1.0,1.0
mrs-nsga2-apportion|mrs-weighted,ctrl_y,ltl2dba27,14,10,0.8,1.0,1.0,1.0
mrs-nsga2-apportion|mrs-weighted,cross,ltl2dba27,16,14,1.0,0.8571,0.9286,0.9286
mrs-nsga2-apportion|mrs-weighted,cross,ltl2dba27,17,14,0.7857,1.0,0.8571,0.9286
mrs-nsga2-apportion|mrs-weighted,ctrl_x,ltl2dba27,16,14,1.0,0.7143,1.0,0.7143
mrs-nsga2-apportion|mrs-weighted,ctrl_y,ltl2dba27,16,14,0.9286,0.9286,0.8571,1.0
mrs-nsga2-apportion|mrs-weighted,cross,ltl2dba27,18,12,0.8333,0.9167,1.0,0.9167
mrs-nsga2-apportion|mrs-weighted,cross,ltl2dba27,19,12,0.25,1.0,0.9167,0.8333
mrs-nsga2-apportion|mrs-weighted,ctrl_x,ltl2dba27,18,12,1.0,0.75,0.5833,0.8333
mrs-nsga2-apportion|mrs-weighted,ctrl_y,ltl2dba27,18,12,0.75,1.0,0.75,0.9167
mrs-nsga2-apportion|mrs-weighted,cross,ltl2dba27,20,17,1.0,1.0,0.8824,0.8235
mrs-nsga2-apportion|mrs-weighted,cross,ltl2dba27,21,17,0.4706,0.8235,0.7059,0.7647
mrs-nsga2-apportion|mrs-weighted,ctrl_x,ltl2dba27,20,17,0.9412,0.9412,1.0,0.7059
mrs-nsga2-apportion|mrs-weighted,ctrl_y,ltl2dba27,20,17,0.7059,0.8235,0.7059,0.7647
mrs-nsga2-apportion|mrs-weighted,cross,ltl2dba27,22,12,0.5833,1.0,0.5833,0.9167
mrs-nsga2-apportion|mrs-weighted,cross,ltl2dba27,23,12,0.8333,0.9167,0.5,1.0
mrs-nsga2-apportion|mrs-weighted,ctrl_x,ltl2dba27,22,12,0.9167,1.0,0.8333,1.0
mrs-nsga2-apportion|mrs-weighted,ctrl_y,ltl2dba27,22,12,0.9167,0.9167,0.6667,0.5
mrs-nsga2-apportion|mrs-weighted,cross,ltl2dba27,24,9,1.0,1.0,1.0,1.0
mrs-nsga2-apportion|mrs-weighted,cross,ltl2dba27,25,9,0.6667,1.0,1.0,0.7778
mrs-nsga2-apportion|mrs-weighted,ctrl_x,ltl2dba27,24,9,1.0,0.6667,1.0,0.4444
mrs-nsga2-apportion|mrs-weighted,ctrl_y,ltl2dba27,24,9,1.0,1.0,1.0,1.0
mrs-nsga2-apportion|mrs-weighted,cross,ltl2dba27,26,12,0.8333,1.0,1.0,1.0
mrs-nsga2-apportion|mrs-weighted,cross,ltl2dba27,27,12,0.9167,1.0,0.9167,1.0
mrs-nsga2-apportion|mrs-weighted,ctrl_x,ltl2dba27,26,12,0.9167,0.9167,1.0,1.0
mrs-nsga2-apportion|mrs-weighted,ctrl_y,ltl2dba27,26,12,1.0,1.0,1.0,1.0
mrs-nsga2-apportion|mrs-weighted,cross,ltl2dba27,28,18,0.8333,0.9444,0.9444,0.9444
mrs-nsga2-apportion|mrs-weighted,cross,ltl2dba27,29,18,0.6667,1.0,0.8333,1.0
mrs-nsga2-apportion|mrs-weighted,ctrl_x,ltl2dba27,28,18,0.9444,1.0,0.9444,1.0
mrs-nsga2-apportion|mrs-weighted,ctrl_y,ltl2dba27,28,18,0.9444,0.7778,1.0,0.7778
aurus-nsga2-apportion|aurus,cross,ltl2dba27,0,16,1.0,0.875,0.875,0.75
aurus-nsga2-apportion|aurus,cross,ltl2dba27,1,16,1.0,1.0,1.0,1.0
aurus-nsga2-apportion|aurus,ctrl_x,ltl2dba27,0,16,0.9375,0.9375,1.0,0.875
aurus-nsga2-apportion|aurus,ctrl_y,ltl2dba27,0,16,0.9375,0.875,0.75,0.875
aurus-nsga2-apportion|aurus,cross,ltl2dba27,2,18,0.8889,0.8333,1.0,0.9444
aurus-nsga2-apportion|aurus,cross,ltl2dba27,3,18,1.0,0.6111,0.9444,1.0
aurus-nsga2-apportion|aurus,ctrl_x,ltl2dba27,2,18,0.8889,1.0,0.9444,0.7778
aurus-nsga2-apportion|aurus,ctrl_y,ltl2dba27,2,18,0.7778,0.8889,0.8333,1.0
aurus-nsga2-apportion|aurus,cross,ltl2dba27,4,13,1.0,0.8462,0.9231,0.9231
aurus-nsga2-apportion|aurus,cross,ltl2dba27,5,13,0.9231,0.7692,1.0,1.0
aurus-nsga2-apportion|aurus,ctrl_x,ltl2dba27,4,13,0.8462,1.0,0.9231,1.0
aurus-nsga2-apportion|aurus,ctrl_y,ltl2dba27,4,13,0.9231,0.9231,1.0,0.9231
aurus-nsga2-apportion|aurus,cross,ltl2dba27,6,13,0.7692,0.5385,0.9231,0.8462
aurus-nsga2-apportion|aurus,cross,ltl2dba27,7,13,0.9231,1.0,1.0,1.0
aurus-nsga2-apportion|aurus,ctrl_x,ltl2dba27,6,13,0.8462,0.8462,0.9231,1.0
aurus-nsga2-apportion|aurus,ctrl_y,ltl2dba27,6,13,0.7692,0.4615,0.8462,0.8462
aurus-nsga2-apportion|aurus,cross,ltl2dba27,8,7,0.8571,0.7143,0.8571,1.0
aurus-nsga2-apportion|aurus,cross,ltl2dba27,9,7,0.2857,1.0,1.0,1.0
aurus-nsga2-apportion|aurus,ctrl_x,ltl2dba27,8,7,1.0,0.8571,1.0,1.0
aurus-nsga2-apportion|aurus,ctrl_y,ltl2dba27,8,7,1.0,1.0,0.7143,1.0
aurus-nsga2-apportion|aurus,cross,ltl2dba27,10,17,1.0,0.6471,1.0,1.0
aurus-nsga2-apportion|aurus,cross,ltl2dba27,11,17,0.8235,0.8235,0.4118,0.3529
aurus-nsga2-apportion|aurus,ctrl_x,ltl2dba27,10,17,0.7647,1.0,0.7059,0.8235
aurus-nsga2-apportion|aurus,ctrl_y,ltl2dba27,10,17,0.8235,0.8235,1.0,0.9412
aurus-nsga2-apportion|aurus,cross,ltl2dba27,12,15,0.9333,0.4667,0.6,0.3333
aurus-nsga2-apportion|aurus,cross,ltl2dba27,13,15,0.9333,0.6667,0.6,0.5333
aurus-nsga2-apportion|aurus,ctrl_x,ltl2dba27,12,15,1.0,0.9333,0.9333,0.7333
aurus-nsga2-apportion|aurus,ctrl_y,ltl2dba27,12,15,1.0,1.0,0.8,0.5333
aurus-nsga2-apportion|aurus,cross,ltl2dba27,14,9,0.8889,1.0,1.0,1.0
aurus-nsga2-apportion|aurus,cross,ltl2dba27,15,9,0.6667,1.0,0.7778,1.0
aurus-nsga2-apportion|aurus,ctrl_x,ltl2dba27,14,9,1.0,0.7778,1.0,1.0
aurus-nsga2-apportion|aurus,ctrl_y,ltl2dba27,14,9,0.8889,1.0,0.5556,1.0
aurus-nsga2-apportion|aurus,cross,ltl2dba27,16,10,1.0,0.9,0.9,1.0
aurus-nsga2-apportion|aurus,cross,ltl2dba27,17,10,1.0,0.6,1.0,0.9
aurus-nsga2-apportion|aurus,ctrl_x,ltl2dba27,16,10,1.0,1.0,1.0,1.0
aurus-nsga2-apportion|aurus,ctrl_y,ltl2dba27,16,10,0.9,1.0,1.0,0.9
aurus-nsga2-apportion|aurus,cross,ltl2dba27,20,12,1.0,0.4167,1.0,0.4167
aurus-nsga2-apportion|aurus,cross,ltl2dba27,21,12,1.0,0.9167,0.8333,0.75
aurus-nsga2-apportion|aurus,ctrl_x,ltl2dba27,20,12,1.0,1.0,1.0,1.0
aurus-nsga2-apportion|aurus,ctrl_y,ltl2dba27,20,12,0.9167,1.0,0.9167,0.9167
aurus-nsga2-apportion|aurus,cross,ltl2dba27,22,14,0.9286,0.8571,1.0,1.0
aurus-nsga2-apportion|aurus,cross,ltl2dba27,23,14,0.9286,0.9286,1.0,0.9286
aurus-nsga2-apportion|aurus,ctrl_x,ltl2dba27,22,14,1.0,1.0,0.9286,1.0
aurus-nsga2-apportion|aurus,ctrl_y,ltl2dba27,22,14,0.8571,0.8571,0.7857,1.0
aurus-nsga2-apportion|aurus,cross,ltl2dba27,24,11,1.0,1.0,0.6364,1.0
aurus-nsga2-apportion|aurus,cross,ltl2dba27,25,11,0.7273,0.9091,0.6364,1.0
aurus-nsga2-apportion|aurus,ctrl_x,ltl2dba27,24,11,1.0,0.8182,0.9091,1.0
aurus-nsga2-apportion|aurus,ctrl_y,ltl2dba27,24,11,0.9091,0.9091,0.7273,0.9091
aurus-nsga2-apportion|aurus,cross,ltl2dba27,26,17,0.8235,0.8824,0.8824,0.8235
aurus-nsga2-apportion|aurus,cross,ltl2dba27,27,17,1.0,0.8235,0.9412,0.9412
aurus-nsga2-apportion|aurus,ctrl_x,ltl2dba27,26,17,0.9412,0.8824,1.0,0.8824
aurus-nsga2-apportion|aurus,ctrl_y,ltl2dba27,26,17,1.0,0.8235,1.0,1.0
mrs-nsga2-apportion|aurus,cross,minepump,0,25,1.0,0.8,0.72,0.48
mrs-nsga2-apportion|aurus,cross,minepump,1,25,0.72,0.96,0.72,0.92
mrs-nsga2-apportion|aurus,ctrl_x,minepump,0,25,0.88,0.84,0.8,0.56
mrs-nsga2-apportion|aurus,ctrl_y,minepump,0,25,1.0,0.68,0.96,0.84
mrs-nsga2-apportion|aurus,cross,minepump,2,21,0.9048,0.9524,0.9524,0.5714
mrs-nsga2-apportion|aurus,cross,minepump,3,21,1.0,0.8571,0.8095,0.3333
mrs-nsga2-apportion|aurus,ctrl_x,minepump,2,21,1.0,0.8571,1.0,0.7619
mrs-nsga2-apportion|aurus,ctrl_y,minepump,2,21,0.9048,1.0,0.7619,1.0
mrs-nsga2-apportion|aurus,cross,minepump,4,22,0.6364,0.6818,0.7727,0.7727
mrs-nsga2-apportion|aurus,cross,minepump,5,22,0.9091,0.7727,0.5909,0.7727
mrs-nsga2-apportion|aurus,ctrl_x,minepump,4,22,0.6364,0.7727,0.7727,0.5455
mrs-nsga2-apportion|aurus,ctrl_y,minepump,4,22,0.8636,0.7273,0.8636,1.0
mrs-nsga2-apportion|aurus,cross,minepump,6,10,1.0,0.9,0.9,0.9
mrs-nsga2-apportion|aurus,cross,minepump,7,10,1.0,1.0,0.8,0.4
mrs-nsga2-apportion|aurus,ctrl_x,minepump,6,10,1.0,0.8,1.0,1.0
mrs-nsga2-apportion|aurus,ctrl_y,minepump,6,10,0.9,1.0,0.9,1.0
mrs-nsga2-apportion|aurus,cross,minepump,8,13,1.0,0.6923,1.0,1.0
mrs-nsga2-apportion|aurus,cross,minepump,9,13,0.6154,1.0,0.8462,0.7692
mrs-nsga2-apportion|aurus,ctrl_x,minepump,8,13,0.9231,0.7692,1.0,0.9231
mrs-nsga2-apportion|aurus,ctrl_y,minepump,8,13,1.0,0.9231,0.9231,0.8462
mrs-nsga2-apportion|aurus,cross,minepump,10,18,0.8333,0.8333,0.3889,0.5
mrs-nsga2-apportion|aurus,cross,minepump,11,18,1.0,0.8333,1.0,0.6667
mrs-nsga2-apportion|aurus,ctrl_x,minepump,10,18,0.9444,0.8333,0.7222,0.8889
mrs-nsga2-apportion|aurus,ctrl_y,minepump,10,18,0.9444,0.6111,0.5556,0.8889
mrs-nsga2-apportion|aurus,cross,minepump,12,27,0.5556,0.6667,0.5926,0.7037
mrs-nsga2-apportion|aurus,cross,minepump,13,27,0.8519,0.8148,0.8148,0.8889
mrs-nsga2-apportion|aurus,ctrl_x,minepump,12,27,0.8889,0.7407,0.8148,0.9259
mrs-nsga2-apportion|aurus,ctrl_y,minepump,12,27,0.7407,0.963,0.8889,1.0
mrs-nsga2-apportion|aurus,cross,minepump,14,26,0.8462,0.6923,0.8462,0.4231
mrs-nsga2-apportion|aurus,cross,minepump,15,26,0.8077,0.8846,0.4231,0.5769
mrs-nsga2-apportion|aurus,ctrl_x,minepump,14,26,0.8846,0.9231,0.6923,0.7308
mrs-nsga2-apportion|aurus,ctrl_y,minepump,14,26,0.8846,0.7692,0.7308,0.9615
mrs-nsga2-apportion|aurus,cross,minepump,16,25,0.96,0.88,0.4,0.48
mrs-nsga2-apportion|aurus,cross,minepump,17,25,0.8,0.52,0.84,0.32
mrs-nsga2-apportion|aurus,ctrl_x,minepump,16,25,0.92,0.88,0.92,0.92
mrs-nsga2-apportion|aurus,ctrl_y,minepump,16,25,0.84,0.88,0.92,0.92
mrs-nsga2-apportion|aurus,cross,minepump,18,18,0.9444,0.8889,0.6667,0.5
mrs-nsga2-apportion|aurus,cross,minepump,19,18,0.8889,0.6667,0.8889,0.7222
mrs-nsga2-apportion|aurus,ctrl_x,minepump,18,18,0.9444,0.8889,0.9444,0.8889
mrs-nsga2-apportion|aurus,ctrl_y,minepump,18,18,0.9444,0.8889,0.9444,0.9444
mrs-nsga2-apportion|aurus,cross,minepump,20,23,0.9565,0.7826,0.7826,0.7391
mrs-nsga2-apportion|aurus,cross,minepump,21,23,0.7826,0.6522,0.6522,0.3478
mrs-nsga2-apportion|aurus,ctrl_x,minepump,20,23,0.7826,0.9565,0.913,0.913
mrs-nsga2-apportion|aurus,ctrl_y,minepump,20,23,0.5217,1.0,0.6522,0.7826
mrs-nsga2-apportion|aurus,cross,minepump,22,18,0.6111,0.8333,0.5,0.5556
mrs-nsga2-apportion|aurus,cross,minepump,23,18,1.0,0.6667,0.8333,0.3889
mrs-nsga2-apportion|aurus,ctrl_x,minepump,22,18,0.3889,0.9444,0.7778,0.7778
mrs-nsga2-apportion|aurus,ctrl_y,minepump,22,18,0.8889,1.0,0.7778,0.6111
mrs-nsga2-apportion|aurus,cross,minepump,24,20,0.8,0.85,0.9,0.8
mrs-nsga2-apportion|aurus,cross,minepump,25,20,0.85,0.9,0.65,0.85
mrs-nsga2-apportion|aurus,ctrl_x,minepump,24,20,0.75,0.8,0.8,0.85
mrs-nsga2-apportion|aurus,ctrl_y,minepump,24,20,0.9,0.9,1.0,0.85
mrs-nsga2-apportion|aurus,cross,minepump,26,17,0.8235,1.0,1.0,0.8824
mrs-nsga2-apportion|aurus,cross,minepump,27,17,1.0,0.5882,0.4706,0.5294
mrs-nsga2-apportion|aurus,ctrl_x,minepump,26,17,0.7647,0.9412,0.9412,1.0
mrs-nsga2-apportion|aurus,ctrl_y,minepump,26,17,1.0,0.8824,0.9412,0.8235
mrs-nsga2-apportion|aurus,cross,minepump,28,26,0.8846,0.8077,0.9615,0.5769
mrs-nsga2-apportion|aurus,cross,minepump,29,26,0.8846,0.6538,0.6538,0.5385
mrs-nsga2-apportion|aurus,ctrl_x,minepump,28,26,0.7308,0.8077,0.9615,1.0
mrs-nsga2-apportion|aurus,ctrl_y,minepump,28,26,0.8846,0.6154,0.9615,1.0
mrs-nsga2-apportion|aurus-nsga2-apportion,cross,minepump,0,15,0.9333,0.9333,0.7333,0.6
mrs-nsga2-apportion|aurus-nsga2-apportion,cross,minepump,1,15,0.8,0.8,1.0,0.9333
mrs-nsga2-apportion|aurus-nsga2-apportion,ctrl_x,minepump,0,15,1.0,1.0,0.6667,0.4
mrs-nsga2-apportion|aurus-nsga2-apportion,ctrl_y,minepump,0,15,0.8667,0.9333,1.0,0.9333
mrs-nsga2-apportion|aurus-nsga2-apportion,cross,minepump,2,33,0.9697,0.7273,0.8485,0.6061
mrs-nsga2-apportion|aurus-nsga2-apportion,cross,minepump,3,33,0.6667,0.9091,0.6667,0.9697
mrs-nsga2-apportion|aurus-nsga2-apportion,ctrl_x,minepump,2,33,0.9697,0.7879,0.8788,0.4545
mrs-nsga2-apportion|aurus-nsga2-apportion,ctrl_y,minepump,2,33,0.8182,0.6061,0.9697,0.6061
mrs-nsga2-apportion|aurus-nsga2-apportion,cross,minepump,4,23,0.6522,0.8261,0.8696,0.8261
mrs-nsga2-apportion|aurus-nsga2-apportion,cross,minepump,5,23,0.6522,0.913,0.6087,0.9565
mrs-nsga2-apportion|aurus-nsga2-apportion,ctrl_x,minepump,4,23,0.4348,0.6957,0.6957,0.7826
mrs-nsga2-apportion|aurus-nsga2-apportion,ctrl_y,minepump,4,23,0.8696,0.8696,0.7391,0.7391
mrs-nsga2-apportion|aurus-nsga2-apportion,cross,minepump,6,28,0.75,0.8214,0.9286,0.8214
mrs-nsga2-apportion|aurus-nsga2-apportion,cross,minepump,7,28,0.9286,0.75,0.7857,0.9286
mrs-nsga2-apportion|aurus-nsga2-apportion,ctrl_x,minepump,6,28,0.3214,0.8929,0.6429,0.7143
mrs-nsga2-apportion|aurus-nsga2-apportion,ctrl_y,minepump,6,28,0.8571,0.75,0.7143,0.9286
mrs-nsga2-apportion|aurus-nsga2-apportion,cross,minepump,8,18,1.0,0.5,0.9444,0.7222
mrs-nsga2-apportion|aurus-nsga2-apportion,cross,minepump,9,18,0.8889,1.0,1.0,0.9444
mrs-nsga2-apportion|aurus-nsga2-apportion,ctrl_x,minepump,8,18,0.9444,0.7222,1.0,0.8889
mrs-nsga2-apportion|aurus-nsga2-apportion,ctrl_y,minepump,8,18,1.0,0.9444,0.9444,1.0
mrs-nsga2-apportion|aurus-nsga2-apportion,cross,minepump,10,26,0.8846,0.9231,0.6538,1.0
mrs-nsga2-apportion|aurus-nsga2-apportion,cross,minepump,11,26,0.6923,0.8077,0.9231,0.8462
mrs-nsga2-apportion|aurus-nsga2-apportion,ctrl_x,minepump,10,26,0.8462,0.8077,0.8077,0.6923
mrs-nsga2-apportion|aurus-nsga2-apportion,ctrl_y,minepump,10,26,0.9615,0.9615,0.8077,0.8462
mrs-nsga2-apportion|aurus-nsga2-apportion,cross,minepump,12,21,0.9048,0.9524,0.8571,0.7619
mrs-nsga2-apportion|aurus-nsga2-apportion,cross,minepump,13,21,0.7619,0.8095,0.9524,1.0
mrs-nsga2-apportion|aurus-nsga2-apportion,ctrl_x,minepump,12,21,0.7619,0.619,0.5238,0.8571
mrs-nsga2-apportion|aurus-nsga2-apportion,ctrl_y,minepump,12,21,1.0,0.8095,0.9048,0.7143
mrs-nsga2-apportion|aurus-nsga2-apportion,cross,minepump,14,37,0.8649,0.7568,0.7838,0.5946
mrs-nsga2-apportion|aurus-nsga2-apportion,cross,minepump,15,37,0.7838,0.8919,0.973,0.7838
mrs-nsga2-apportion|aurus-nsga2-apportion,ctrl_x,minepump,14,37,0.8649,0.7568,0.8378,0.7568
mrs-nsga2-apportion|aurus-nsga2-apportion,ctrl_y,minepump,14,37,0.8649,0.9459,0.8919,0.9189
mrs-nsga2-apportion|aurus-nsga2-apportion,cross,minepump,16,32,0.7188,0.9062,0.9062,0.9688
mrs-nsga2-apportion|aurus-nsga2-apportion,cross,minepump,17,32,0.9062,0.7812,0.8438,0.9062
mrs-nsga2-apportion|aurus-nsga2-apportion,ctrl_x,minepump,16,32,0.875,0.8438,1.0,0.8438
mrs-nsga2-apportion|aurus-nsga2-apportion,ctrl_y,minepump,16,32,0.75,0.9062,0.8438,0.9062
mrs-nsga2-apportion|aurus-nsga2-apportion,cross,minepump,18,27,0.7778,0.6667,0.963,0.963
mrs-nsga2-apportion|aurus-nsga2-apportion,cross,minepump,19,27,0.8519,0.9259,0.6667,1.0
mrs-nsga2-apportion|aurus-nsga2-apportion,ctrl_x,minepump,18,27,0.963,0.8148,0.8889,0.9259
mrs-nsga2-apportion|aurus-nsga2-apportion,ctrl_y,minepump,18,27,0.8519,0.7037,0.8889,0.8889
mrs-nsga2-apportion|aurus-nsga2-apportion,cross,minepump,20,25,0.92,0.76,1.0,0.88
mrs-nsga2-apportion|aurus-nsga2-apportion,cross,minepump,21,25,0.96,0.76,0.88,0.88
mrs-nsga2-apportion|aurus-nsga2-apportion,ctrl_x,minepump,20,25,0.64,1.0,0.92,0.8
mrs-nsga2-apportion|aurus-nsga2-apportion,ctrl_y,minepump,20,25,0.76,0.92,1.0,0.68
mrs-nsga2-apportion|aurus-nsga2-apportion,cross,minepump,22,18,0.8333,0.7222,0.6667,0.6111
mrs-nsga2-apportion|aurus-nsga2-apportion,cross,minepump,23,18,0.9444,0.8889,1.0,0.7222
mrs-nsga2-apportion|aurus-nsga2-apportion,ctrl_x,minepump,22,18,0.3889,0.9444,0.7778,0.7778
mrs-nsga2-apportion|aurus-nsga2-apportion,ctrl_y,minepump,22,18,0.8333,0.7778,0.8333,0.7778
mrs-nsga2-apportion|aurus-nsga2-apportion,cross,minepump,24,22,0.9091,0.7727,0.8182,0.9545
mrs-nsga2-apportion|aurus-nsga2-apportion,cross,minepump,25,22,0.6818,0.9545,0.9091,0.8182
mrs-nsga2-apportion|aurus-nsga2-apportion,ctrl_x,minepump,24,22,0.9545,0.8182,0.6818,0.6818
mrs-nsga2-apportion|aurus-nsga2-apportion,ctrl_y,minepump,24,22,0.9545,0.5,0.8636,0.7273
mrs-nsga2-apportion|aurus-nsga2-apportion,cross,minepump,26,17,0.8824,0.7647,0.9412,0.8824
mrs-nsga2-apportion|aurus-nsga2-apportion,cross,minepump,27,17,0.8824,0.8235,0.8235,0.8235
mrs-nsga2-apportion|aurus-nsga2-apportion,ctrl_x,minepump,26,17,0.8235,0.9412,0.9412,1.0
mrs-nsga2-apportion|aurus-nsga2-apportion,ctrl_y,minepump,26,17,0.8824,0.8235,0.9412,0.9412
mrs-nsga2-apportion|aurus-nsga2-apportion,cross,minepump,28,26,0.8462,0.6154,1.0,0.9615
mrs-nsga2-apportion|aurus-nsga2-apportion,cross,minepump,29,26,0.8846,0.8462,1.0,0.9231
mrs-nsga2-apportion|aurus-nsga2-apportion,ctrl_x,minepump,28,26,0.7308,0.8077,0.9615,1.0
mrs-nsga2-apportion|aurus-nsga2-apportion,ctrl_y,minepump,28,26,0.6923,0.8846,0.8462,0.8846
mrs-nsga2-apportion|mrs-weighted,cross,minepump,0,25,0.88,0.72,0.64,0.56
mrs-nsga2-apportion|mrs-weighted,cross,minepump,1,25,0.72,0.96,0.72,1.0
mrs-nsga2-apportion|mrs-weighted,ctrl_x,minepump,0,25,0.88,0.84,0.8,0.56
mrs-nsga2-apportion|mrs-weighted,ctrl_y,minepump,0,25,0.72,0.84,0.68,0.96
mrs-nsga2-apportion|mrs-weighted,cross,minepump,2,33,0.697,0.6364,0.697,0.5455
mrs-nsga2-apportion|mrs-weighted,cross,minepump,3,33,0.3939,0.9697,0.5455,0.7576
mrs-nsga2-apportion|mrs-weighted,ctrl_x,minepump,2,33,0.9697,0.7879,0.8788,0.4545
mrs-nsga2-apportion|mrs-weighted,ctrl_y,minepump,2,33,0.8182,0.7879,0.697,0.9394
mrs-nsga2-apportion|mrs-weighted,cross,minepump,4,30,0.4,0.9,0.6333,0.6667
mrs-nsga2-apportion|mrs-weighted,cross,minepump,5,30,0.5333,1.0,0.5333,0.8333
mrs-nsga2-apportion|mrs-weighted,ctrl_x,minepump,4,30,0.5667,0.8,0.6667,0.7
mrs-nsga2-apportion|mrs-weighted,ctrl_y,minepump,4,30,0.8333,0.6333,0.8667,0.8333
mrs-nsga2-apportion|mrs-weighted,cross,minepump,6,28,0.6429,0.8929,0.7143,0.6071
mrs-nsga2-apportion|mrs-weighted,cross,minepump,7,28,0.7143,0.75,0.6786,0.4643
mrs-nsga2-apportion|mrs-weighted,ctrl_x,minepump,6,28,0.3214,0.8929,0.6429,0.7143
mrs-nsga2-apportion|mrs-weighted,ctrl_y,minepump,6,28,0.7857,0.7857,0.6786,0.8571
mrs-nsga2-apportion|mrs-weighted,cross,minepump,8,33,0.7576,0.8182,0.7273,0.6364
mrs-nsga2-apportion|mrs-weighted,cross,minepump,9,33,0.6667,0.7576,0.4242,0.7576
mrs-nsga2-apportion|mrs-weighted,ctrl_x,minepump,8,33,0.9091,0.7273,0.8485,0.8182
mrs-nsga2-apportion|mrs-weighted,ctrl_y,minepump,8,33,0.8788,0.6667,0.8485,0.6667
mrs-nsga2-apportion|mrs-weighted,cross,minepump,10,26,0.7308,0.8077,0.6923,0.5
mrs-nsga2-apportion|mrs-weighted,cross,minepump,11,26,0.7308,0.6154,0.8077,0.8462
mrs-nsga2-apportion|mrs-weighted,ctrl_x,minepump,10,26,0.8462,0.8077,0.8077,0.6923
mrs-nsga2-apportion|mrs-weighted,ctrl_y,minepump,10,26,0.8846,0.8462,0.7692,0.8846
mrs-nsga2-apportion|mrs-weighted,cross,minepump,12,27,0.5926,0.8148,0.6667,0.8148
mrs-nsga2-apportion|mrs-weighted,cross,minepump,13,27,0.5926,0.7778,0.6296,0.7037
mrs-nsga2-apportion|mrs-weighted,ctrl_x,minepump,12,27,0.8889,0.7407,0.8148,0.9259
mrs-nsga2-apportion|mrs-weighted,ctrl_y,minepump,12,27,0.8519,0.3704,0.7778,0.8148
mrs-nsga2-apportion|mrs-weighted,cross,minepump,14,39,0.9487,0.7692,0.5897,0.1795
mrs-nsga2-apportion|mrs-weighted,cross,minepump,15,39,0.7692,0.8462,0.4103,0.4359
mrs-nsga2-apportion|mrs-weighted,ctrl_x,minepump,14,39,0.9744,0.7949,0.8462,0.7949
mrs-nsga2-apportion|mrs-weighted,ctrl_y,minepump,14,39,0.4103,0.7436,0.6923,0.7179
mrs-nsga2-apportion|mrs-weighted,cross,minepump,16,40,0.45,0.95,0.4,0.425
mrs-nsga2-apportion|mrs-weighted,cross,minepump,17,40,0.675,0.675,0.625,0.575
mrs-nsga2-apportion|mrs-weighted,ctrl_x,minepump,16,40,0.775,0.825,1.0,0.85
mrs-nsga2-apportion|mrs-weighted,ctrl_y,minepump,16,40,0.525,0.925,0.65,0.5
mrs-nsga2-apportion|mrs-weighted,cross,minepump,18,27,0.7407,0.8889,0.6667,0.963
mrs-nsga2-apportion|mrs-weighted,cross,minepump,19,27,0.6667,0.963,0.5556,0.7407
mrs-nsga2-apportion|mrs-weighted,ctrl_x,minepump,18,27,0.963,0.8148,0.8889,0.9259
mrs-nsga2-apportion|mrs-weighted,ctrl_y,minepump,18,27,0.9259,0.7778,0.7407,0.7407
mrs-nsga2-apportion|mrs-weighted,cross,minepump,20,25,0.68,1.0,0.68,0.68
mrs-nsga2-apportion|mrs-weighted,cross,minepump,21,25,0.72,0.96,0.52,0.48
mrs-nsga2-apportion|mrs-weighted,ctrl_x,minepump,20,25,0.64,1.0,0.92,0.8
mrs-nsga2-apportion|mrs-weighted,ctrl_y,minepump,20,25,0.52,0.8,0.52,0.68
mrs-nsga2-apportion|mrs-weighted,cross,minepump,22,18,1.0,0.9444,0.4444,0.6667
mrs-nsga2-apportion|mrs-weighted,cross,minepump,23,18,0.9444,0.7778,0.7778,0.9444
mrs-nsga2-apportion|mrs-weighted,ctrl_x,minepump,22,18,0.3889,0.9444,0.7778,0.7778
mrs-nsga2-apportion|mrs-weighted,ctrl_y,minepump,22,18,0.6111,0.8333,0.6667,0.9444
mrs-nsga2-apportion|mrs-weighted,cross,minepump,24,22,0.7273,0.6818,0.7727,0.5909
mrs-nsga2-apportion|mrs-weighted,cross,minepump,25,22,0.7273,0.9091,0.8636,0.8636
mrs-nsga2-apportion|mrs-weighted,ctrl_x,minepump,24,22,0.9545,0.8182,0.6818,0.6818
mrs-nsga2-apportion|mrs-weighted,ctrl_y,minepump,24,22,0.8636,0.6818,0.9545,0.9545
mrs-nsga2-apportion|mrs-weighted,cross,minepump,26,17,0.9412,0.9412,0.5882,1.0
mrs-nsga2-apportion|mrs-weighted,cross,minepump,27,17,0.7647,0.4706,0.8824,0.4706
mrs-nsga2-apportion|mrs-weighted,ctrl_x,minepump,26,17,0.7647,0.9412,0.9412,1.0
mrs-nsga2-apportion|mrs-weighted,ctrl_y,minepump,26,17,0.8235,0.6471,0.7647,1.0
mrs-nsga2-apportion|mrs-weighted,cross,minepump,28,26,0.7308,0.6923,0.7308,0.8077
mrs-nsga2-apportion|mrs-weighted,cross,minepump,29,26,0.7308,0.8462,0.6538,0.6923
mrs-nsga2-apportion|mrs-weighted,ctrl_x,minepump,28,26,0.7308,0.8077,0.9615,1.0
mrs-nsga2-apportion|mrs-weighted,ctrl_y,minepump,28,26,0.5769,0.7692,0.5,0.8846
aurus-nsga2-apportion|aurus,cross,minepump,0,15,0.8,0.8,0.4667,0.4667
aurus-nsga2-apportion|aurus,cross,minepump,1,15,0.9333,0.4667,0.6667,0.2667
aurus-nsga2-apportion|aurus,ctrl_x,minepump,0,15,0.9333,0.9333,1.0,1.0
aurus-nsga2-apportion|aurus,ctrl_y,minepump,0,15,0.8667,0.6667,1.0,0.9333
aurus-nsga2-apportion|aurus,cross,minepump,2,21,1.0,0.9048,0.7619,0.4762
aurus-nsga2-apportion|aurus,cross,minepump,3,21,0.9048,0.9524,0.7619,0.381
aurus-nsga2-apportion|aurus,ctrl_x,minepump,2,21,0.8571,0.8095,1.0,0.7619
aurus-nsga2-apportion|aurus,ctrl_y,minepump,2,21,0.9048,1.0,0.7619,1.0
aurus-nsga2-apportion|aurus,cross,minepump,4,22,1.0,0.7273,0.7727,0.4545
aurus-nsga2-apportion|aurus,cross,minepump,5,22,0.8636,0.8182,0.6364,0.6364
aurus-nsga2-apportion|aurus,ctrl_x,minepump,4,22,0.8636,0.8636,0.8182,0.7273
aurus-nsga2-apportion|aurus,ctrl_y,minepump,4,22,0.8636,0.7273,0.8636,1.0
aurus-nsga2-apportion|aurus,cross,minepump,6,10,0.7,1.0,0.7,0.8
aurus-nsga2-apportion|aurus,cross,minepump,7,10,0.8,1.0,0.5,0.4
aurus-nsga2-apportion|aurus,ctrl_x,minepump,6,10,0.7,0.9,1.0,1.0
aurus-nsga2-apportion|aurus,ctrl_y,minepump,6,10,0.9,1.0,0.9,1.0
aurus-nsga2-apportion|aurus,cross,minepump,8,13,1.0,0.5385,0.9231,0.9231
aurus-nsga2-apportion|aurus,cross,minepump,9,13,0.9231,1.0,1.0,1.0
aurus-nsga2-apportion|aurus,ctrl_x,minepump,8,13,1.0,0.7692,1.0,1.0
aurus-nsga2-apportion|aurus,ctrl_y,minepump,8,13,1.0,0.9231,0.9231,0.8462
aurus-nsga2-apportion|aurus,cross,minepump,10,18,0.7778,0.7778,0.8333,0.6111
aurus-nsga2-apportion|aurus,cross,minepump,11,18,1.0,0.8333,0.7778,0.6667
aurus-nsga2-apportion|aurus,ctrl_x,minepump,10,18,0.7222,0.8333,0.7778,0.7778
aurus-nsga2-apportion|aurus,ctrl_y,minepump,10,18,0.9444,0.6111,0.5556,0.8889
aurus-nsga2-apportion|aurus,cross,minepump,12,21,0.6667,0.7619,0.5238,0.7619
aurus-nsga2-apportion|aurus,cross,minepump,13,21,0.8095,0.7143,0.9524,0.9048
aurus-nsga2-apportion|aurus,ctrl_x,minepump,12,21,0.7143,0.8571,1.0,1.0
aurus-nsga2-apportion|aurus,ctrl_y,minepump,12,21,0.8571,0.9524,0.9524,0.9524
aurus-nsga2-apportion|aurus,cross,minepump,14,26,0.6923,0.7692,0.7692,0.7308
aurus-nsga2-apportion|aurus,cross,minepump,15,26,0.9615,0.4615,0.6154,0.6154
aurus-nsga2-apportion|aurus,ctrl_x,minepump,14,26,0.8846,1.0,0.9231,0.9615
aurus-nsga2-apportion|aurus,ctrl_y,minepump,14,26,0.8846,0.7692,0.7308,0.9615
aurus-nsga2-apportion|aurus,cross,minepump,16,25,0.92,0.8,0.48,0.6
aurus-nsga2-apportion|aurus,cross,minepump,17,25,0.96,0.68,0.76,0.52
aurus-nsga2-apportion|aurus,ctrl_x,minepump,16,25,0.88,0.92,0.88,0.72
aurus-nsga2-apportion|aurus,ctrl_y,minepump,16,25,0.84,0.88,0.92,0.92
aurus-nsga2-apportion|aurus,cross,minepump,18,18,0.9444,0.8333,0.5556,0.5
aurus-nsga2-apportion|aurus,cross,minepump,19,18,0.6667,0.8889,0.8333,0.6111
aurus-nsga2-apportion|aurus,ctrl_x,minepump,18,18,0.9444,0.7778,1.0,1.0
aurus-nsga2-apportion|aurus,ctrl_y,minepump,18,18,0.9444,0.8889,0.9444,0.9444
aurus-nsga2-apportion|aurus,cross,minepump,20,23,0.8696,0.8696,0.7826,0.8261
aurus-nsga2-apportion|aurus,cross,minepump,21,23,0.4783,0.8261,0.5652,0.3478
aurus-nsga2-apportion|aurus,ctrl_x,minepump,20,23,0.8696,0.913,0.9565,0.6957
aurus-nsga2-apportion|aurus,ctrl_y,minepump,20,23,0.5217,1.0,0.6522,0.7826
aurus-nsga2-apportion|aurus,cross,minepump,22,22,0.9091,0.8182,0.6818,0.6364
aurus-nsga2-apportion|aurus,cross,minepump,23,22,0.9091,0.7273,0.5909,0.7273
aurus-nsga2-apportion|aurus,ctrl_x,minepump,22,22,1.0,0.9545,0.7273,0.9091
aurus-nsga2-apportion|aurus,ctrl_y,minepump,22,22,0.7273,0.9091,0.8182,0.8182
aurus-nsga2-apportion|aurus,cross,minepump,24,20,0.9,0.8,0.5,0.55
aurus-nsga2-apportion|aurus,cross,minepump,25,20,0.85,0.85,0.65,0.4
aurus-nsga2-apportion|aurus,ctrl_x,minepump,24,20,1.0,0.45,0.8,0.8
aurus-nsga2-apportion|aurus,ctrl_y,minepump,24,20,0.9,0.9,1.0,0.85
aurus-nsga2-apportion|aurus,cross,minepump,26,17,0.9412,0.8824,1.0,0.8235
aurus-nsga2-apportion|aurus,cross,minepump,27,17,1.0,0.8824,0.4706,0.7647
aurus-nsga2-apportion|aurus,ctrl_x,minepump,26,17,0.8824,0.8235,0.9412,0.9412
aurus-nsga2-apportion|aurus,ctrl_y,minepump,26,17,1.0,0.8824,0.9412,0.8235
aurus-nsga2-apportion|aurus,cross,minepump,28,27,0.9259,0.6667,0.8519,0.6667
aurus-nsga2-apportion|aurus,cross,minepump,29,27,0.8519,0.6667,0.7407,0.4815
aurus-nsga2-apportion|aurus,ctrl_x,minepump,28,27,0.7037,0.8519,0.7037,0.8519
aurus-nsga2-apportion|aurus,ctrl_y,minepump,28,27,0.8148,0.9259,0.8519,0.8519
mrs-nsga2-apportion|aurus,cross,pcar-v2-888,6,6,1.0,0.0,1.0,0.0
mrs-nsga2-apportion|aurus,cross,pcar-v2-888,7,6,1.0,0.0,1.0,0.0
mrs-nsga2-apportion|aurus,ctrl_x,pcar-v2-888,6,6,1.0,0.8333,1.0,0.8333
mrs-nsga2-apportion|aurus,ctrl_y,pcar-v2-888,6,6,1.0,1.0,1.0,1.0
mrs-nsga2-apportion|aurus-nsga2-apportion,cross,pcar-v2-888,2,5,0.2,0.8,0.8,1.0
mrs-nsga2-apportion|aurus-nsga2-apportion,cross,pcar-v2-888,3,5,0.2,1.0,0.2,1.0
mrs-nsga2-apportion|aurus-nsga2-apportion,ctrl_x,pcar-v2-888,2,5,0.8,1.0,1.0,1.0
mrs-nsga2-apportion|aurus-nsga2-apportion,ctrl_y,pcar-v2-888,2,5,0.6,1.0,0.8,0.4
mrs-nsga2-apportion|aurus-nsga2-apportion,cross,pcar-v2-888,4,4,1.0,0.75,1.0,1.0
mrs-nsga2-apportion|aurus-nsga2-apportion,cross,pcar-v2-888,5,4,1.0,0.0,1.0,0.0
mrs-nsga2-apportion|aurus-nsga2-apportion,ctrl_x,pcar-v2-888,4,4,0.25,1.0,1.0,0.25
mrs-nsga2-apportion|aurus-nsga2-apportion,ctrl_y,pcar-v2-888,4,4,1.0,0.75,0.75,0.75
mrs-nsga2-apportion|aurus-nsga2-apportion,cross,pcar-v2-888,6,12,0.9167,0.8333,0.1667,0.25
mrs-nsga2-apportion|aurus-nsga2-apportion,cross,pcar-v2-888,7,12,0.6667,0.9167,0.4167,0.5833
mrs-nsga2-apportion|aurus-nsga2-apportion,ctrl_x,pcar-v2-888,6,12,0.25,0.75,0.0833,0.3333
mrs-nsga2-apportion|aurus-nsga2-apportion,ctrl_y,pcar-v2-888,6,12,1.0,0.5833,0.5,0.0833
mrs-nsga2-apportion|aurus-nsga2-apportion,cross,pcar-v2-888,8,6,0.3333,1.0,1.0,0.8333
mrs-nsga2-apportion|aurus-nsga2-apportion,cross,pcar-v2-888,9,6,1.0,0.0,0.3333,0.0
mrs-nsga2-apportion|aurus-nsga2-apportion,ctrl_x,pcar-v2-888,8,6,1.0,0.0,0.8333,0.0
mrs-nsga2-apportion|aurus-nsga2-apportion,ctrl_y,pcar-v2-888,8,6,1.0,0.8333,0.1667,0.1667
mrs-nsga2-apportion|aurus-nsga2-apportion,cross,pcar-v2-888,10,7,1.0,0.0,0.2857,0.0
mrs-nsga2-apportion|aurus-nsga2-apportion,cross,pcar-v2-888,11,7,0.7143,0.8571,0.4286,0.7143
mrs-nsga2-apportion|aurus-nsga2-apportion,ctrl_x,pcar-v2-888,10,7,1.0,0.7143,0.8571,0.8571
mrs-nsga2-apportion|aurus-nsga2-apportion,ctrl_y,pcar-v2-888,10,7,1.0,0.0,0.1429,0.0
mrs-nsga2-apportion|aurus-nsga2-apportion,cross,pcar-v2-888,12,8,1.0,0.125,1.0,0.125
mrs-nsga2-apportion|aurus-nsga2-apportion,cross,pcar-v2-888,13,8,0.75,0.125,0.375,0.5
mrs-nsga2-apportion|aurus-nsga2-apportion,ctrl_x,pcar-v2-888,12,8,1.0,0.375,1.0,0.625
mrs-nsga2-apportion|aurus-nsga2-apportion,ctrl_y,pcar-v2-888,12,8,0.75,0.125,0.875,0.25
mrs-nsga2-apportion|aurus-nsga2-apportion,cross,pcar-v2-888,14,7,0.8571,0.7143,1.0,1.0
mrs-nsga2-apportion|aurus-nsga2-apportion,cross,pcar-v2-888,15,7,1.0,0.8571,0.8571,0.8571
mrs-nsga2-apportion|aurus-nsga2-apportion,ctrl_x,pcar-v2-888,14,7,0.4286,0.8571,0.1429,0.7143
mrs-nsga2-apportion|aurus-nsga2-apportion,ctrl_y,pcar-v2-888,14,7,1.0,1.0,1.0,1.0
mrs-nsga2-apportion|aurus-nsga2-apportion,cross,pcar-v2-888,16,5,0.4,0.8,1.0,1.0
mrs-nsga2-apportion|aurus-nsga2-apportion,cross,pcar-v2-888,17,5,1.0,0.8,1.0,1.0
mrs-nsga2-apportion|aurus-nsga2-apportion,ctrl_x,pcar-v2-888,16,5,0.2,1.0,0.8,1.0
mrs-nsga2-apportion|aurus-nsga2-apportion,ctrl_y,pcar-v2-888,16,5,0.4,1.0,0.2,1.0
mrs-nsga2-apportion|aurus-nsga2-apportion,cross,pcar-v2-888,18,8,1.0,0.25,1.0,0.5
mrs-nsga2-apportion|aurus-nsga2-apportion,cross,pcar-v2-888,19,8,1.0,0.0,0.5,0.0
mrs-nsga2-apportion|aurus-nsga2-apportion,ctrl_x,pcar-v2-888,18,8,0.875,1.0,1.0,1.0
mrs-nsga2-apportion|aurus-nsga2-apportion,ctrl_y,pcar-v2-888,18,8,0.0,0.0,0.0,0.0
mrs-nsga2-apportion|aurus-nsga2-apportion,cross,pcar-v2-888,20,5,0.6,0.8,0.4,1.0
mrs-nsga2-apportion|aurus-nsga2-apportion,cross,pcar-v2-888,21,5,1.0,0.4,0.4,0.6
mrs-nsga2-apportion|aurus-nsga2-apportion,ctrl_x,pcar-v2-888,20,5,1.0,0.8,0.6,0.8
mrs-nsga2-apportion|aurus-nsga2-apportion,ctrl_y,pcar-v2-888,20,5,0.2,1.0,0.2,1.0
mrs-nsga2-apportion|aurus-nsga2-apportion,cross,pcar-v2-888,22,9,0.8889,0.6667,0.7778,0.7778
mrs-nsga2-apportion|aurus-nsga2-apportion,cross,pcar-v2-888,23,9,0.3333,0.6667,0.4444,0.4444
mrs-nsga2-apportion|aurus-nsga2-apportion,ctrl_x,pcar-v2-888,22,9,1.0,0.7778,0.4444,0.4444
mrs-nsga2-apportion|aurus-nsga2-apportion,ctrl_y,pcar-v2-888,22,9,0.8889,0.6667,0.5556,0.4444
mrs-nsga2-apportion|aurus-nsga2-apportion,cross,pcar-v2-888,24,5,0.8,0.8,1.0,1.0
mrs-nsga2-apportion|aurus-nsga2-apportion,cross,pcar-v2-888,25,5,1.0,0.0,0.6,0.0
mrs-nsga2-apportion|aurus-nsga2-apportion,ctrl_x,pcar-v2-888,24,5,1.0,0.8,1.0,0.4
mrs-nsga2-apportion|aurus-nsga2-apportion,ctrl_y,pcar-v2-888,24,5,0.8,0.8,0.8,0.6
mrs-nsga2-apportion|aurus-nsga2-apportion,cross,pcar-v2-888,28,9,0.1111,0.7778,0.1111,0.4444
mrs-nsga2-apportion|aurus-nsga2-apportion,cross,pcar-v2-888,29,9,0.8889,0.5556,1.0,0.8889
mrs-nsga2-apportion|aurus-nsga2-apportion,ctrl_x,pcar-v2-888,28,9,0.0,0.8889,0.0,0.7778
mrs-nsga2-apportion|aurus-nsga2-apportion,ctrl_y,pcar-v2-888,28,9,0.1111,0.8889,0.3333,0.4444
mrs-nsga2-apportion|mrs-weighted,cross,pcar-v2-888,0,24,0.4167,0.875,0.2917,0.2083
mrs-nsga2-apportion|mrs-weighted,cross,pcar-v2-888,1,24,0.5833,0.8333,0.4583,0.5
mrs-nsga2-apportion|mrs-weighted,ctrl_x,pcar-v2-888,0,24,0.5,0.7083,0.2083,0.25
mrs-nsga2-apportion|mrs-weighted,ctrl_y,pcar-v2-888,0,24,0.9167,0.8333,1.0,1.0
mrs-nsga2-apportion|mrs-weighted,cross,pcar-v2-888,2,18,0.2778,0.8889,0.2222,0.5556
mrs-nsga2-apportion|mrs-weighted,cross,pcar-v2-888,3,18,0.2778,0.8333,0.3333,0.3333
mrs-nsga2-apportion|mrs-weighted,ctrl_x,pcar-v2-888,2,18,0.6667,0.6111,0.1111,0.3333
mrs-nsga2-apportion|mrs-weighted,ctrl_y,pcar-v2-888,2,18,0.9444,0.8889,0.4444,0.6111
mrs-nsga2-apportion|mrs-weighted,cross,pcar-v2-888,4,14,0.9286,1.0,0.2857,0.2143
mrs-nsga2-apportion|mrs-weighted,cross,pcar-v2-888,5,14,0.0714,1.0,0.1429,0.4286
mrs-nsga2-apportion|mrs-weighted,ctrl_x,pcar-v2-888,4,14,0.4286,0.7857,0.3571,0.4286
mrs-nsga2-apportion|mrs-weighted,ctrl_y,pcar-v2-888,4,14,0.9286,1.0,0.6429,0.5714
mrs-nsga2-apportion|mrs-weighted,cross,pcar-v2-888,6,13,0.4615,0.3846,0.2308,0.5385
mrs-nsga2-apportion|mrs-weighted,cross,pcar-v2-888,7,13,0.3077,1.0,0.0769,0.3077
mrs-nsga2-apportion|mrs-weighted,ctrl_x,pcar-v2-888,6,13,0.3077,0.7692,0.0769,0.4615
mrs-nsga2-apportion|mrs-weighted,ctrl_y,pcar-v2-888,6,13,0.9231,0.9231,0.6154,0.4615
mrs-nsga2-apportion|mrs-weighted,cross,pcar-v2-888,8,25,0.36,1.0,0.2,0.36
mrs-nsga2-apportion|mrs-weighted,cross,pcar-v2-888,9,25,0.4,1.0,0.96,0.36
mrs-nsga2-apportion|mrs-weighted,ctrl_x,pcar-v2-888,8,25,0.76,0.96,0.84,0.96
mrs-nsga2-apportion|mrs-weighted,ctrl_y,pcar-v2-888,8,25,0.68,0.96,0.48,0.48
mrs-nsga2-apportion|mrs-weighted,cross,pcar-v2-888,10,19,0.9474,0.7368,0.4737,0.2105
mrs-nsga2-apportion|mrs-weighted,cross,pcar-v2-888,11,19,0.9474,0.7368,0.4211,0.2105
mrs-nsga2-apportion|mrs-weighted,ctrl_x,pcar-v2-888,10,19,0.7368,0.8947,0.5789,0.6316
mrs-nsga2-apportion|mrs-weighted,ctrl_y,pcar-v2-888,10,19,0.1579,1.0,0.1579,0.0526
mrs-nsga2-apportion|mrs-weighted,cross,pcar-v2-888,12,18,0.7778,0.6667,0.4444,0.5
mrs-nsga2-apportion|mrs-weighted,cross,pcar-v2-888,13,18,0.5,1.0,0.2222,0.5556
mrs-nsga2-apportion|mrs-weighted,ctrl_x,pcar-v2-888,12,18,0.9444,0.4444,0.3333,0.3333
mrs-nsga2-apportion|mrs-weighted,ctrl_y,pcar-v2-888,12,18,0.8889,0.8333,0.6111,0.6111
mrs-nsga2-apportion|mrs-weighted,cross,pcar-v2-888,14,25,0.64,0.44,0.32,0.24
mrs-nsga2-apportion|mrs-weighted,cross,pcar-v2-888,15,25,0.0,0.92,0.0,0.16
mrs-nsga2-apportion|mrs-weighted,ctrl_x,pcar-v2-888,14,25,0.96,0.4,0.28,0.04
mrs-nsga2-apportion|mrs-weighted,ctrl_y,pcar-v2-888,14,25,0.76,0.92,0.28,0.16
mrs-nsga2-apportion|mrs-weighted,cross,pcar-v2-888,16,11,0.4545,1.0,0.5455,0.9091
mrs-nsga2-apportion|mrs-weighted,cross,pcar-v2-888,17,11,0.9091,0.4545,0.5455,0.2727
mrs-nsga2-apportion|mrs-weighted,ctrl_x,pcar-v2-888,16,11,0.2727,0.9091,0.5455,0.4545
mrs-nsga2-apportion|mrs-weighted,ctrl_y,pcar-v2-888,16,11,0.7273,0.3636,0.5455,0.5455
mrs-nsga2-apportion|mrs-weighted,cross,pcar-v2-888,18,16,0.6875,1.0,0.6875,0.5625
mrs-nsga2-apportion|mrs-weighted,cross,pcar-v2-888,19,16,0.8125,0.5,0.5,0.875
mrs-nsga2-apportion|mrs-weighted,ctrl_x,pcar-v2-888,18,16,0.875,0.6875,0.4375,0.5
mrs-nsga2-apportion|mrs-weighted,ctrl_y,pcar-v2-888,18,16,0.6875,1.0,1.0,0.5
mrs-nsga2-apportion|mrs-weighted,cross,pcar-v2-888,20,9,0.4444,0.8889,0.3333,0.6667
mrs-nsga2-apportion|mrs-weighted,cross,pcar-v2-888,21,9,0.7778,1.0,0.6667,0.4444
mrs-nsga2-apportion|mrs-weighted,ctrl_x,pcar-v2-888,20,9,0.8889,0.6667,0.4444,0.7778
mrs-nsga2-apportion|mrs-weighted,ctrl_y,pcar-v2-888,20,9,1.0,1.0,0.4444,1.0
mrs-nsga2-apportion|mrs-weighted,cross,pcar-v2-888,22,16,1.0,1.0,0.3125,0.4375
mrs-nsga2-apportion|mrs-weighted,cross,pcar-v2-888,23,16,0.875,1.0,0.375,0.4375
mrs-nsga2-apportion|mrs-weighted,ctrl_x,pcar-v2-888,22,16,0.25,0.875,0.4375,0.5
mrs-nsga2-apportion|mrs-weighted,ctrl_y,pcar-v2-888,22,16,0.9375,0.875,0.375,0.5625
mrs-nsga2-apportion|mrs-weighted,cross,pcar-v2-888,24,13,1.0,0.6154,0.6154,0.1538
mrs-nsga2-apportion|mrs-weighted,cross,pcar-v2-888,25,13,0.5385,1.0,0.4615,0.9231
mrs-nsga2-apportion|mrs-weighted,ctrl_x,pcar-v2-888,24,13,0.9231,0.7692,0.6154,0.4615
mrs-nsga2-apportion|mrs-weighted,ctrl_y,pcar-v2-888,24,13,0.6923,0.6923,0.5385,0.3077
mrs-nsga2-apportion|mrs-weighted,cross,pcar-v2-888,26,8,0.625,1.0,1.0,0.75
mrs-nsga2-apportion|mrs-weighted,cross,pcar-v2-888,27,8,0.0,1.0,0.0,0.375
mrs-nsga2-apportion|mrs-weighted,ctrl_x,pcar-v2-888,26,8,0.75,0.5,0.75,0.125
mrs-nsga2-apportion|mrs-weighted,ctrl_y,pcar-v2-888,26,8,0.25,1.0,0.5,1.0
mrs-nsga2-apportion|mrs-weighted,cross,pcar-v2-888,28,25,0.8,0.96,0.12,0.28
mrs-nsga2-apportion|mrs-weighted,cross,pcar-v2-888,29,25,0.92,0.88,0.6,0.24
mrs-nsga2-apportion|mrs-weighted,ctrl_x,pcar-v2-888,28,25,0.8,0.96,0.4,0.64
mrs-nsga2-apportion|mrs-weighted,ctrl_y,pcar-v2-888,28,25,0.36,0.8,0.12,0.52
aurus-nsga2-apportion|aurus,cross,pcar-v2-888,6,6,1.0,0.0,1.0,0.0
aurus-nsga2-apportion|aurus,cross,pcar-v2-888,7,6,1.0,0.1667,1.0,0.3333
aurus-nsga2-apportion|aurus,ctrl_x,pcar-v2-888,6,6,1.0,0.1667,1.0,0.3333
aurus-nsga2-apportion|aurus,ctrl_y,pcar-v2-888,6,6,1.0,1.0,1.0,1.0
mrs-nsga2-apportion|aurus-nsga2-apportion,cross,prioritized-arbiter-aurus,2,4,1.0,0.5,1.0,0.5
mrs-nsga2-apportion|aurus-nsga2-apportion,cross,prioritized-arbiter-aurus,3,4,1.0,0.5,1.0,1.0
mrs-nsga2-apportion|aurus-nsga2-apportion,ctrl_x,prioritized-arbiter-aurus,2,4,0.75,1.0,0.75,1.0
mrs-nsga2-apportion|aurus-nsga2-apportion,ctrl_y,prioritized-arbiter-aurus,2,4,0.25,1.0,1.0,1.0
mrs-nsga2-apportion|mrs-weighted,cross,prioritized-arbiter-aurus,0,20,0.75,0.65,0.35,0.2
mrs-nsga2-apportion|mrs-weighted,cross,prioritized-arbiter-aurus,1,20,0.6,0.9,0.5,1.0
mrs-nsga2-apportion|mrs-weighted,ctrl_x,prioritized-arbiter-aurus,0,20,1.0,0.8,0.65,0.85
mrs-nsga2-apportion|mrs-weighted,ctrl_y,prioritized-arbiter-aurus,0,20,0.3,0.75,0.75,0.5
mrs-nsga2-apportion|mrs-weighted,cross,prioritized-arbiter-aurus,2,23,0.8261,0.7391,0.8696,0.5217
mrs-nsga2-apportion|mrs-weighted,cross,prioritized-arbiter-aurus,3,23,0.7826,1.0,0.3043,0.8696
mrs-nsga2-apportion|mrs-weighted,ctrl_x,prioritized-arbiter-aurus,2,23,0.8261,0.6957,0.7391,0.3478
mrs-nsga2-apportion|mrs-weighted,ctrl_y,prioritized-arbiter-aurus,2,23,0.8261,0.6522,0.7391,0.6522
mrs-nsga2-apportion|mrs-weighted,cross,prioritized-arbiter-aurus,4,22,0.2273,1.0,0.4545,0.7273
mrs-nsga2-apportion|mrs-weighted,cross,prioritized-arbiter-aurus,5,22,0.6364,0.9091,0.3182,0.9545
mrs-nsga2-apportion|mrs-weighted,ctrl_x,prioritized-arbiter-aurus,4,22,0.5455,0.7727,0.4545,0.3636
mrs-nsga2-apportion|mrs-weighted,ctrl_y,prioritized-arbiter-aurus,4,22,0.5,0.7273,0.5909,0.7273
mrs-nsga2-apportion|mrs-weighted,cross,prioritized-arbiter-aurus,6,18,0.6667,0.4444,0.5,0.5556
mrs-nsga2-apportion|mrs-weighted,cross,prioritized-arbiter-aurus,7,18,0.0,1.0,0.0,0.3889
mrs-nsga2-apportion|mrs-weighted,ctrl_x,prioritized-arbiter-aurus,6,18,1.0,0.0556,0.3333,0.0556
mrs-nsga2-apportion|mrs-weighted,ctrl_y,prioritized-arbiter-aurus,6,18,0.8333,0.8889,0.6667,0.5556
mrs-nsga2-apportion|mrs-weighted,cross,prioritized-arbiter-aurus,8,27,0.7037,0.5926,0.5926,0.5556
mrs-nsga2-apportion|mrs-weighted,cross,prioritized-arbiter-aurus,9,27,0.4815,0.8519,0.4444,0.4815
mrs-nsga2-apportion|mrs-weighted,ctrl_x,prioritized-arbiter-aurus,8,27,0.7407,0.8148,0.4815,0.4444
mrs-nsga2-apportion|mrs-weighted,ctrl_y,prioritized-arbiter-aurus,8,27,0.6296,0.963,0.5926,0.7778
mrs-nsga2-apportion|mrs-weighted,cross,prioritized-arbiter-aurus,10,19,0.7368,1.0,0.2632,0.8947
mrs-nsga2-apportion|mrs-weighted,cross,prioritized-arbiter-aurus,11,19,0.7895,0.7368,0.5789,0.7368
mrs-nsga2-apportion|mrs-weighted,ctrl_x,prioritized-arbiter-aurus,10,19,1.0,0.9474,0.7895,0.7895
mrs-nsga2-apportion|mrs-weighted,ctrl_y,prioritized-arbiter-aurus,10,19,0.7368,0.8421,0.7368,0.4737
mrs-nsga2-apportion|mrs-weighted,cross,prioritized-arbiter-aurus,12,15,0.4,0.8667,0.4667,1.0
mrs-nsga2-apportion|mrs-weighted,cross,prioritized-arbiter-aurus,13,15,0.8667,0.9333,0.4,0.9333
mrs-nsga2-apportion|mrs-weighted,ctrl_x,prioritized-arbiter-aurus,12,15,0.8,0.8667,0.2667,0.4
mrs-nsga2-apportion|mrs-weighted,ctrl_y,prioritized-arbiter-aurus,12,15,0.7333,0.8667,0.4667,0.7333
mrs-nsga2-apportion|mrs-weighted,cross,prioritized-arbiter-aurus,14,27,0.7037,0.8519,0.7037,0.9259
mrs-nsga2-apportion|mrs-weighted,cross,prioritized-arbiter-aurus,15,27,0.2222,0.6296,0.4074,0.5556
mrs-nsga2-apportion|mrs-weighted,ctrl_x,prioritized-arbiter-aurus,14,27,0.9259,0.7407,0.5556,0.4074
mrs-nsga2-apportion|mrs-weighted,ctrl_y,prioritized-arbiter-aurus,14,27,1.0,0.7407,0.4074,0.4074
mrs-nsga2-apportion|mrs-weighted,cross,prioritized-arbiter-aurus,16,26,0.7308,1.0,0.3077,0.5
mrs-nsga2-apportion|mrs-weighted,cross,prioritized-arbiter-aurus,17,26,0.7692,0.7308,0.6923,0.6538
mrs-nsga2-apportion|mrs-weighted,ctrl_x,prioritized-arbiter-aurus,16,26,0.7692,0.9231,0.4231,0.4231
mrs-nsga2-apportion|mrs-weighted,ctrl_y,prioritized-arbiter-aurus,16,26,0.6538,0.6538,0.5,0.5769
mrs-nsga2-apportion|mrs-weighted,cross,prioritized-arbiter-aurus,18,14,0.0714,0.6429,0.0714,0.0714
mrs-nsga2-apportion|mrs-weighted,cross,prioritized-arbiter-aurus,19,14,1.0,0.2143,0.2857,0.2143
mrs-nsga2-apportion|mrs-weighted,ctrl_x,prioritized-arbiter-aurus,18,14,0.2857,1.0,0.8571,0.5714
mrs-nsga2-apportion|mrs-weighted,ctrl_y,prioritized-arbiter-aurus,18,14,1.0,0.0,0.3571,0.0
mrs-nsga2-apportion|mrs-weighted,cross,prioritized-arbiter-aurus,20,30,0.6667,1.0,0.2667,0.6667
mrs-nsga2-apportion|mrs-weighted,cross,prioritized-arbiter-aurus,21,30,0.8667,0.4,0.5667,0.3333
mrs-nsga2-apportion|mrs-weighted,ctrl_x,prioritized-arbiter-aurus,20,30,0.7333,0.8667,0.5,0.5
mrs-nsga2-apportion|mrs-weighted,ctrl_y,prioritized-arbiter-aurus,20,30,0.3,0.8,0.0667,0.5333
mrs-nsga2-apportion|mrs-weighted,cross,prioritized-arbiter-aurus,22,11,0.7273,1.0,0.3636,0.9091
mrs-nsga2-apportion|mrs-weighted,cross,prioritized-arbiter-aurus,23,11,0.1818,1.0,0.7273,0.5455
mrs-nsga2-apportion|mrs-weighted,ctrl_x,prioritized-arbiter-aurus,22,11,1.0,0.9091,0.8182,0.8182
mrs-nsga2-apportion|mrs-weighted,ctrl_y,prioritized-arbiter-aurus,22,11,0.5455,0.9091,0.3636,0.6364
mrs-nsga2-apportion|mrs-weighted,cross,prioritized-arbiter-aurus,24,16,0.4375,1.0,0.625,0.5
mrs-nsga2-apportion|mrs-weighted,cross,prioritized-arbiter-aurus,25,16,0.6875,1.0,0.5,0.6875
mrs-nsga2-apportion|mrs-weighted,ctrl_x,prioritized-arbiter-aurus,24,16,0.625,1.0,0.6875,0.8125
mrs-nsga2-apportion|mrs-weighted,ctrl_y,prioritized-arbiter-aurus,24,16,1.0,0.5,0.75,0.5
mrs-nsga2-apportion|mrs-weighted,cross,prioritized-arbiter-aurus,26,22,0.8636,0.8636,0.5909,0.4545
mrs-nsga2-apportion|mrs-weighted,cross,prioritized-arbiter-aurus,27,22,0.4091,0.7727,0.2727,0.5455
mrs-nsga2-apportion|mrs-weighted,ctrl_x,prioritized-arbiter-aurus,26,22,0.5455,0.8636,0.3636,0.6364
mrs-nsga2-apportion|mrs-weighted,ctrl_y,prioritized-arbiter-aurus,26,22,1.0,0.6818,0.3636,0.2727
mrs-nsga2-apportion|mrs-weighted,cross,prioritized-arbiter-aurus,28,24,0.125,0.875,0.25,0.5833
mrs-nsga2-apportion|mrs-weighted,cross,prioritized-arbiter-aurus,29,24,0.5417,1.0,0.1667,0.5
mrs-nsga2-apportion|mrs-weighted,ctrl_x,prioritized-arbiter-aurus,28,24,0.4583,0.5833,0.4583,0.8333
mrs-nsga2-apportion|mrs-weighted,ctrl_y,prioritized-arbiter-aurus,28,24,0.875,1.0,0.75,0.7917
mrs-nsga2-apportion|aurus,cross,rg1,0,24,1.0,0.5,0.2083,0.1667
mrs-nsga2-apportion|aurus,cross,rg1,1,24,0.7917,1.0,0.5833,0.7083
mrs-nsga2-apportion|aurus,ctrl_x,rg1,0,24,1.0,0.25,0.625,0.4167
mrs-nsga2-apportion|aurus,ctrl_y,rg1,0,24,0.625,0.75,0.5,0.6667
mrs-nsga2-apportion|aurus,cross,rg1,2,21,0.381,1.0,0.4762,0.3333
mrs-nsga2-apportion|aurus,cross,rg1,3,21,0.9524,0.8571,0.381,0.381
mrs-nsga2-apportion|aurus,ctrl_x,rg1,2,21,0.6667,1.0,0.381,0.8095
mrs-nsga2-apportion|aurus,ctrl_y,rg1,2,21,0.8095,0.9524,0.5714,0.6667
mrs-nsga2-apportion|aurus,cross,rg1,4,21,0.7143,0.8571,0.619,0.7619
mrs-nsga2-apportion|aurus,cross,rg1,5,21,0.9524,0.9048,0.3333,0.2857
mrs-nsga2-apportion|aurus,ctrl_x,rg1,4,21,0.8095,0.9048,0.4286,0.8571
mrs-nsga2-apportion|aurus,ctrl_y,rg1,4,21,0.8095,0.8571,0.9048,0.8571
mrs-nsga2-apportion|aurus,cross,rg1,6,20,1.0,1.0,0.5,0.4
mrs-nsga2-apportion|aurus,cross,rg1,7,20,0.45,0.9,0.45,0.75
mrs-nsga2-apportion|aurus,ctrl_x,rg1,6,20,0.8,0.75,0.7,0.95
mrs-nsga2-apportion|aurus,ctrl_y,rg1,6,20,0.95,0.9,0.85,0.6
mrs-nsga2-apportion|aurus,cross,rg1,8,26,0.6154,0.9615,0.4231,0.6923
mrs-nsga2-apportion|aurus,cross,rg1,9,26,0.8077,0.8077,0.5385,0.6923
mrs-nsga2-apportion|aurus,ctrl_x,rg1,8,26,0.5385,0.8077,0.4615,0.6923
mrs-nsga2-apportion|aurus,ctrl_y,rg1,8,26,0.9231,0.9231,0.8846,0.9231
mrs-nsga2-apportion|aurus,cross,rg1,10,15,0.2667,0.9333,0.4,0.6
mrs-nsga2-apportion|aurus,cross,rg1,11,15,0.8667,1.0,0.8,0.6667
mrs-nsga2-apportion|aurus,ctrl_x,rg1,10,15,0.7333,0.8,0.9333,1.0
mrs-nsga2-apportion|aurus,ctrl_y,rg1,10,15,0.9333,0.8,1.0,1.0
mrs-nsga2-apportion|aurus,cross,rg1,12,20,0.85,0.7,0.4,0.7
mrs-nsga2-apportion|aurus,cross,rg1,13,20,0.8,0.9,0.7,0.5
mrs-nsga2-apportion|aurus,ctrl_x,rg1,12,20,0.85,0.75,0.85,0.9
mrs-nsga2-apportion|aurus,ctrl_y,rg1,12,20,0.75,0.85,0.6,0.75
mrs-nsga2-apportion|aurus,cross,rg1,14,21,0.8571,0.8571,0.7619,1.0
mrs-nsga2-apportion|aurus,cross,rg1,15,21,0.9048,0.8095,0.5714,0.4286
mrs-nsga2-apportion|aurus,ctrl_x,rg1,14,21,0.9524,0.8095,0.8571,0.8095
mrs-nsga2-apportion|aurus,ctrl_y,rg1,14,21,0.8095,0.7619,0.6667,0.9048
mrs-nsga2-apportion|aurus,cross,rg1,16,18,0.2222,0.8889,0.2778,0.2778
mrs-nsga2-apportion|aurus,cross,rg1,17,18,0.6111,0.5556,0.8333,0.6111
mrs-nsga2-apportion|aurus,ctrl_x,rg1,16,18,0.3889,0.8333,0.6667,0.5
mrs-nsga2-apportion|aurus,ctrl_y,rg1,16,18,0.8333,0.5556,0.9444,0.8333
mrs-nsga2-apportion|aurus,cross,rg1,18,20,0.8,0.9,0.4,0.6
mrs-nsga2-apportion|aurus,cross,rg1,19,20,0.25,0.95,0.2,0.5
mrs-nsga2-apportion|aurus,ctrl_x,rg1,18,20,0.75,0.6,0.7,0.45
mrs-nsga2-apportion|aurus,ctrl_y,rg1,18,20,1.0,0.75,1.0,0.6
mrs-nsga2-apportion|aurus,cross,rg1,20,25,0.84,0.8,0.6,0.64
mrs-nsga2-apportion|aurus,cross,rg1,21,25,0.84,0.68,0.6,0.6
mrs-nsga2-apportion|aurus,ctrl_x,rg1,20,25,0.76,0.44,0.64,0.72
mrs-nsga2-apportion|aurus,ctrl_y,rg1,20,25,0.92,0.48,0.72,0.56
mrs-nsga2-apportion|aurus,cross,rg1,22,28,0.8214,0.9286,0.3929,0.4286
mrs-nsga2-apportion|aurus,cross,rg1,23,28,0.3929,0.8214,0.3214,0.7143
mrs-nsga2-apportion|aurus,ctrl_x,rg1,22,28,0.8214,0.5,0.6786,0.4643
mrs-nsga2-apportion|aurus,ctrl_y,rg1,22,28,0.8214,0.9643,0.6071,0.8214
mrs-nsga2-apportion|aurus,cross,rg1,24,22,1.0,0.7727,0.4545,0.2273
mrs-nsga2-apportion|aurus,cross,rg1,25,22,0.5909,1.0,0.4091,0.2273
mrs-nsga2-apportion|aurus,ctrl_x,rg1,24,22,0.8182,0.8182,0.5455,0.6818
mrs-nsga2-apportion|aurus,ctrl_y,rg1,24,22,1.0,0.6364,1.0,1.0
mrs-nsga2-apportion|aurus,cross,rg1,26,27,0.6667,0.9259,0.5926,0.4815
mrs-nsga2-apportion|aurus,cross,rg1,27,27,0.7037,0.8519,0.3704,0.4444
mrs-nsga2-apportion|aurus,ctrl_x,rg1,26,27,0.9259,0.6296,0.7778,0.8519
mrs-nsga2-apportion|aurus,ctrl_y,rg1,26,27,0.7407,0.8889,0.7407,0.7778
mrs-nsga2-apportion|aurus,cross,rg1,28,17,0.8824,0.5882,0.8824,0.2941
mrs-nsga2-apportion|aurus,cross,rg1,29,17,1.0,0.4706,0.7059,0.4706
mrs-nsga2-apportion|aurus,ctrl_x,rg1,28,17,0.2941,0.9412,0.4118,0.6471
mrs-nsga2-apportion|aurus,ctrl_y,rg1,28,17,1.0,0.5882,1.0,1.0
mrs-nsga2-apportion|aurus-nsga2-apportion,cross,rg1,0,6,0.3333,1.0,0.6667,0.6667
mrs-nsga2-apportion|aurus-nsga2-apportion,cross,rg1,1,6,1.0,1.0,1.0,1.0
mrs-nsga2-apportion|aurus-nsga2-apportion,ctrl_x,rg1,0,6,1.0,1.0,0.8333,1.0
mrs-nsga2-apportion|aurus-nsga2-apportion,ctrl_y,rg1,0,6,1.0,1.0,0.8333,1.0
mrs-nsga2-apportion|aurus-nsga2-apportion,cross,rg1,2,6,0.3333,0.8333,0.1667,1.0
mrs-nsga2-apportion|aurus-nsga2-apportion,cross,rg1,3,6,0.8333,0.8333,1.0,1.0
mrs-nsga2-apportion|aurus-nsga2-apportion,ctrl_x,rg1,2,6,0.0,1.0,0.0,0.8333
mrs-nsga2-apportion|aurus-nsga2-apportion,ctrl_y,rg1,2,6,0.8333,0.8333,1.0,1.0
mrs-nsga2-apportion|aurus-nsga2-apportion,cross,rg1,4,9,1.0,0.2222,0.4444,0.4444
mrs-nsga2-apportion|aurus-nsga2-apportion,cross,rg1,5,9,1.0,0.7778,0.8889,0.8889
mrs-nsga2-apportion|aurus-nsga2-apportion,ctrl_x,rg1,4,9,0.8889,0.8889,1.0,1.0
mrs-nsga2-apportion|aurus-nsga2-apportion,ctrl_y,rg1,4,9,1.0,0.2222,1.0,0.3333
mrs-nsga2-apportion|aurus-nsga2-apportion,cross,rg1,8,9,0.1111,1.0,0.1111,1.0
mrs-nsga2-apportion|aurus-nsga2-apportion,cross,rg1,9,9,1.0,0.6667,1.0,0.8889
mrs-nsga2-apportion|aurus-nsga2-apportion,ctrl_x,rg1,8,9,0.7778,1.0,0.8889,0.7778
mrs-nsga2-apportion|aurus-nsga2-apportion,ctrl_y,rg1,8,9,0.7778,1.0,0.7778,1.0
mrs-nsga2-apportion|aurus-nsga2-apportion,cross,rg1,12,4,1.0,1.0,1.0,1.0
mrs-nsga2-apportion|aurus-nsga2-apportion,cross,rg1,13,4,1.0,1.0,1.0,1.0
mrs-nsga2-apportion|aurus-nsga2-apportion,ctrl_x,rg1,12,4,1.0,0.75,1.0,0.75
mrs-nsga2-apportion|aurus-nsga2-apportion,ctrl_y,rg1,12,4,1.0,1.0,1.0,1.0
mrs-nsga2-apportion|aurus-nsga2-apportion,cross,rg1,14,7,1.0,0.8571,1.0,0.7143
mrs-nsga2-apportion|aurus-nsga2-apportion,cross,rg1,15,7,1.0,0.8571,1.0,1.0
mrs-nsga2-apportion|aurus-nsga2-apportion,ctrl_x,rg1,14,7,0.8571,0.2857,1.0,0.7143
mrs-nsga2-apportion|aurus-nsga2-apportion,ctrl_y,rg1,14,7,0.8571,1.0,1.0,1.0
mrs-nsga2-apportion|aurus-nsga2-apportion,cross,rg1,18,7,0.8571,0.4286,1.0,0.5714
mrs-nsga2-apportion|aurus-nsga2-apportion,cross,rg1,19,7,0.5714,1.0,1.0,1.0
mrs-nsga2-apportion|aurus-nsga2-apportion,ctrl_x,rg1,18,7,1.0,0.7143,0.7143,1.0
mrs-nsga2-apportion|aurus-nsga2-apportion,ctrl_y,rg1,18,7,1.0,0.5714,1.0,1.0
mrs-nsga2-apportion|aurus-nsga2-apportion,cross,rg1,20,4,1.0,1.0,1.0,1.0
mrs-nsga2-apportion|aurus-nsga2-apportion,cross,rg1,21,4,0.25,1.0,0.75,1.0
mrs-nsga2-apportion|aurus-nsga2-apportion,ctrl_x,rg1,20,4,1.0,0.5,1.0,1.0
mrs-nsga2-apportion|aurus-nsga2-apportion,ctrl_y,rg1,20,4,1.0,1.0,1.0,1.0
mrs-nsga2-apportion|aurus-nsga2-apportion,cross,rg1,22,8,1.0,0.875,0.875,0.375
mrs-nsga2-apportion|aurus-nsga2-apportion,cross,rg1,23,8,0.375,1.0,1.0,1.0
mrs-nsga2-apportion|aurus-nsga2-apportion,ctrl_x,rg1,22,8,0.875,0.875,1.0,1.0
mrs-nsga2-apportion|aurus-nsga2-apportion,ctrl_y,rg1,22,8,0.875,1.0,1.0,1.0
mrs-nsga2-apportion|aurus-nsga2-apportion,cross,rg1,24,9,0.8889,1.0,0.7778,1.0
mrs-nsga2-apportion|aurus-nsga2-apportion,cross,rg1,25,9,0.5556,0.8889,0.7778,0.8889
mrs-nsga2-apportion|aurus-nsga2-apportion,ctrl_x,rg1,24,9,0.6667,0.8889,0.4444,0.8889
mrs-nsga2-apportion|aurus-nsga2-apportion,ctrl_y,rg1,24,9,1.0,0.8889,1.0,0.8889
mrs-nsga2-apportion|aurus-nsga2-apportion,cross,rg1,26,7,1.0,0.4286,1.0,0.7143
mrs-nsga2-apportion|aurus-nsga2-apportion,cross,rg1,27,7,0.5714,1.0,0.8571,0.5714
mrs-nsga2-apportion|aurus-nsga2-apportion,ctrl_x,rg1,26,7,1.0,0.8571,1.0,0.8571
mrs-nsga2-apportion|aurus-nsga2-apportion,ctrl_y,rg1,26,7,0.8571,0.7143,0.4286,1.0
mrs-nsga2-apportion|aurus-nsga2-apportion,cross,rg1,28,7,0.5714,0.8571,0.8571,1.0
mrs-nsga2-apportion|aurus-nsga2-apportion,cross,rg1,29,7,0.8571,1.0,1.0,0.8571
mrs-nsga2-apportion|aurus-nsga2-apportion,ctrl_x,rg1,28,7,0.5714,1.0,0.8571,1.0
mrs-nsga2-apportion|aurus-nsga2-apportion,ctrl_y,rg1,28,7,1.0,0.7143,1.0,1.0
mrs-nsga2-apportion|mrs-weighted,cross,rg1,0,26,0.6923,0.7692,0.5769,0.7308
mrs-nsga2-apportion|mrs-weighted,cross,rg1,1,26,0.3462,1.0,0.2692,0.7308
mrs-nsga2-apportion|mrs-weighted,ctrl_x,rg1,0,26,1.0,0.5769,0.5385,0.4615
mrs-nsga2-apportion|mrs-weighted,ctrl_y,rg1,0,26,0.7692,0.8462,1.0,0.8846
mrs-nsga2-apportion|mrs-weighted,cross,rg1,2,21,0.7619,0.9524,0.2381,0.5238
mrs-nsga2-apportion|mrs-weighted,cross,rg1,3,21,0.6667,0.9048,0.5238,1.0
mrs-nsga2-apportion|mrs-weighted,ctrl_x,rg1,2,21,0.6667,1.0,0.381,0.8095
mrs-nsga2-apportion|mrs-weighted,ctrl_y,rg1,2,21,0.9048,0.4286,0.7143,0.8095
mrs-nsga2-apportion|mrs-weighted,cross,rg1,4,21,0.8571,0.8571,0.619,0.4762
mrs-nsga2-apportion|mrs-weighted,cross,rg1,5,21,0.8571,1.0,0.8095,0.7619
mrs-nsga2-apportion|mrs-weighted,ctrl_x,rg1,4,21,0.7143,0.9048,0.5714,0.7143
mrs-nsga2-apportion|mrs-weighted,ctrl_y,rg1,4,21,0.9524,0.7619,0.619,0.5714
mrs-nsga2-apportion|mrs-weighted,cross,rg1,6,26,0.5769,0.7692,0.8077,0.6154
mrs-nsga2-apportion|mrs-weighted,cross,rg1,7,26,0.7692,0.9615,0.5769,0.7692
mrs-nsga2-apportion|mrs-weighted,ctrl_x,rg1,6,26,0.8462,0.6538,0.7308,0.9231
mrs-nsga2-apportion|mrs-weighted,ctrl_y,rg1,6,26,0.8846,0.8846,0.5769,0.4231
mrs-nsga2-apportion|mrs-weighted,cross,rg1,8,26,0.6154,0.8462,0.4231,0.8846
mrs-nsga2-apportion|mrs-weighted,cross,rg1,9,26,0.7692,0.7692,0.1923,0.3462
mrs-nsga2-apportion|mrs-weighted,ctrl_x,rg1,8,26,0.5385,0.8077,0.4615,0.6923
mrs-nsga2-apportion|mrs-weighted,ctrl_y,rg1,8,26,0.2308,0.9231,0.3077,0.4231
mrs-nsga2-apportion|mrs-weighted,cross,rg1,10,15,0.2667,0.7333,0.6,0.6
mrs-nsga2-apportion|mrs-weighted,cross,rg1,11,15,0.8,0.6,0.6667,0.7333
mrs-nsga2-apportion|mrs-weighted,ctrl_x,rg1,10,15,0.7333,0.8,0.9333,1.0
mrs-nsga2-apportion|mrs-weighted,ctrl_y,rg1,10,15,0.7333,0.8,0.6,0.6
mrs-nsga2-apportion|mrs-weighted,cross,rg1,12,20,0.65,1.0,0.7,0.7
mrs-nsga2-apportion|mrs-weighted,cross,rg1,13,20,0.95,0.8,0.3,0.2
mrs-nsga2-apportion|mrs-weighted,ctrl_x,rg1,12,20,0.85,0.75,0.85,0.9
mrs-nsga2-apportion|mrs-weighted,ctrl_y,rg1,12,20,0.65,0.85,0.3,0.75
mrs-nsga2-apportion|mrs-weighted,cross,rg1,14,21,0.8571,0.6667,0.7143,0.6667
mrs-nsga2-apportion|mrs-weighted,cross,rg1,15,21,0.4762,1.0,0.7619,0.7143
mrs-nsga2-apportion|mrs-weighted,ctrl_x,rg1,14,21,0.9524,0.8095,0.8571,0.8095
mrs-nsga2-apportion|mrs-weighted,ctrl_y,rg1,14,21,0.9524,0.619,0.9524,0.5714
mrs-nsga2-apportion|mrs-weighted,cross,rg1,16,24,0.5833,0.9583,0.5833,0.875
mrs-nsga2-apportion|mrs-weighted,cross,rg1,17,24,0.4583,0.7083,0.4583,0.875
mrs-nsga2-apportion|mrs-weighted,ctrl_x,rg1,16,24,0.4583,0.625,0.6667,0.625
mrs-nsga2-apportion|mrs-weighted,ctrl_y,rg1,16,24,0.875,0.7917,1.0,0.375
mrs-nsga2-apportion|mrs-weighted,cross,rg1,18,20,0.4,0.9,0.55,0.8
mrs-nsga2-apportion|mrs-weighted,cross,rg1,19,20,0.1,1.0,0.3,0.15
mrs-nsga2-apportion|mrs-weighted,ctrl_x,rg1,18,20,0.75,0.6,0.7,0.45
mrs-nsga2-apportion|mrs-weighted,ctrl_y,rg1,18,20,1.0,0.8,0.25,0.4
mrs-nsga2-apportion|mrs-weighted,cross,rg1,20,25,0.6,0.96,0.56,0.84
mrs-nsga2-apportion|mrs-weighted,cross,rg1,21,25,0.48,0.96,0.56,0.44
mrs-nsga2-apportion|mrs-weighted,ctrl_x,rg1,20,25,0.76,0.44,0.64,0.72
mrs-nsga2-apportion|mrs-weighted,ctrl_y,rg1,20,25,0.84,0.68,0.84,0.84
mrs-nsga2-apportion|mrs-weighted,cross,rg1,22,28,0.6429,0.8929,0.7143,0.6429
mrs-nsga2-apportion|mrs-weighted,cross,rg1,23,28,0.7143,0.9643,0.2143,0.7143
mrs-nsga2-apportion|mrs-weighted,ctrl_x,rg1,22,28,0.8214,0.5,0.8929,0.5357
mrs-nsga2-apportion|mrs-weighted,ctrl_y,rg1,22,28,0.7857,0.7857,0.5357,0.6786
mrs-nsga2-apportion|mrs-weighted,cross,rg1,24,22,0.5909,1.0,0.5909,0.8636
mrs-nsga2-apportion|mrs-weighted,cross,rg1,25,22,0.5,0.8636,0.6364,0.5
mrs-nsga2-apportion|mrs-weighted,ctrl_x,rg1,24,22,0.7727,0.8182,0.5455,0.5909
mrs-nsga2-apportion|mrs-weighted,ctrl_y,rg1,24,22,1.0,0.8182,0.7727,0.6818
mrs-nsga2-apportion|mrs-weighted,cross,rg1,26,27,0.8889,0.963,0.1111,0.1481
mrs-nsga2-apportion|mrs-weighted,cross,rg1,27,27,0.7778,0.9259,0.2593,0.1852
mrs-nsga2-apportion|mrs-weighted,ctrl_x,rg1,26,27,0.9259,0.6296,0.7778,0.8519
mrs-nsga2-apportion|mrs-weighted,ctrl_y,rg1,26,27,0.7407,0.7037,0.5185,0.3704
mrs-nsga2-apportion|mrs-weighted,cross,rg1,28,17,0.8235,0.4706,0.7059,0.8235
mrs-nsga2-apportion|mrs-weighted,cross,rg1,29,17,0.8824,1.0,0.7647,0.9412
mrs-nsga2-apportion|mrs-weighted,ctrl_x,rg1,28,17,0.2941,0.9412,0.4118,0.6471
mrs-nsga2-apportion|mrs-weighted,ctrl_y,rg1,28,17,0.8235,0.5294,0.5882,0.7647
aurus-nsga2-apportion|aurus,cross,rg1,0,6,1.0,0.8333,0.3333,0.6667
aurus-nsga2-apportion|aurus,cross,rg1,1,6,1.0,1.0,1.0,1.0
aurus-nsga2-apportion|aurus,ctrl_x,rg1,0,6,1.0,1.0,0.8333,1.0
aurus-nsga2-apportion|aurus,ctrl_y,rg1,0,6,1.0,0.8333,1.0,1.0
aurus-nsga2-apportion|aurus,cross,rg1,2,6,1.0,0.8333,1.0,0.8333
aurus-nsga2-apportion|aurus,cross,rg1,3,6,1.0,0.6667,1.0,1.0
aurus-nsga2-apportion|aurus,ctrl_x,rg1,2,6,0.6667,1.0,1.0,1.0
aurus-nsga2-apportion|aurus,ctrl_y,rg1,2,6,1.0,1.0,0.5,0.8333
aurus-nsga2-apportion|aurus,cross,rg1,4,9,0.3333,0.8889,0.7778,0.5556
aurus-nsga2-apportion|aurus,cross,rg1,5,9,0.0,1.0,0.0,0.2222
aurus-nsga2-apportion|aurus,ctrl_x,rg1,4,9,1.0,0.2222,1.0,0.4444
aurus-nsga2-apportion|aurus,ctrl_y,rg1,4,9,0.8889,1.0,1.0,1.0
aurus-nsga2-apportion|aurus,cross,rg1,8,9,0.8889,0.7778,0.7778,0.8889
aurus-nsga2-apportion|aurus,cross,rg1,9,9,1.0,0.6667,1.0,0.5556
aurus-nsga2-apportion|aurus,ctrl_x,rg1,8,9,0.7778,1.0,0.7778,1.0
aurus-nsga2-apportion|aurus,ctrl_y,rg1,8,9,1.0,0.8889,0.5556,0.8889
aurus-nsga2-apportion|aurus,cross,rg1,12,4,1.0,1.0,1.0,1.0
aurus-nsga2-apportion|aurus,cross,rg1,13,4,0.5,1.0,1.0,1.0
aurus-nsga2-apportion|aurus,ctrl_x,rg1,12,4,1.0,1.0,1.0,1.0
aurus-nsga2-apportion|aurus,ctrl_y,rg1,12,4,1.0,1.0,1.0,1.0
aurus-nsga2-apportion|aurus,cross,rg1,14,7,1.0,1.0,1.0,0.7143
aurus-nsga2-apportion|aurus,cross,rg1,15,7,0.8571,1.0,1.0,0.7143
aurus-nsga2-apportion|aurus,ctrl_x,rg1,14,7,0.8571,1.0,1.0,1.0
aurus-nsga2-apportion|aurus,ctrl_y,rg1,14,7,0.7143,1.0,1.0,1.0
aurus-nsga2-apportion|aurus,cross,rg1,18,7,1.0,0.8571,1.0,0.7143
aurus-nsga2-apportion|aurus,cross,rg1,19,7,0.2857,1.0,0.2857,0.7143
aurus-nsga2-apportion|aurus,ctrl_x,rg1,18,7,1.0,0.5714,0.7143,1.0
aurus-nsga2-apportion|aurus,ctrl_y,rg1,18,7,0.8571,0.7143,1.0,0.5714
aurus-nsga2-apportion|aurus,cross,rg1,20,4,1.0,0.75,1.0,1.0
aurus-nsga2-apportion|aurus,cross,rg1,21,4,1.0,0.75,1.0,0.25
aurus-nsga2-apportion|aurus,ctrl_x,rg1,20,4,0.75,1.0,1.0,1.0
aurus-nsga2-apportion|aurus,ctrl_y,rg1,20,4,1.0,0.75,1.0,1.0
aurus-nsga2-apportion|aurus,cross,rg1,22,8,1.0,1.0,0.625,0.125
aurus-nsga2-apportion|aurus,cross,rg1,23,8,1.0,1.0,0.375,1.0
aurus-nsga2-apportion|aurus,ctrl_x,rg1,22,8,0.875,1.0,1.0,1.0
aurus-nsga2-apportion|aurus,ctrl_y,rg1,22,8,0.75,0.75,0.75,0.625
aurus-nsga2-apportion|aurus,cross,rg1,24,9,1.0,0.4444,0.6667,0.3333
aurus-nsga2-apportion|aurus,cross,rg1,25,9,1.0,0.4444,0.8889,0.5556
aurus-nsga2-apportion|aurus,ctrl_x,rg1,24,9,1.0,0.7778,1.0,1.0
aurus-nsga2-apportion|aurus,ctrl_y,rg1,24,9,1.0,0.3333,1.0,0.5556
aurus-nsga2-apportion|aurus,cross,rg1,26,7,1.0,0.7143,0.4286,1.0
aurus-nsga2-apportion|aurus,cross,rg1,27,7,0.8571,1.0,0.4286,1.0
aurus-nsga2-apportion|aurus,ctrl_x,rg1,26,7,0.8571,0.7143,0.7143,1.0
aurus-nsga2-apportion|aurus,ctrl_y,rg1,26,7,0.2857,1.0,0.4286,0.7143
aurus-nsga2-apportion|aurus,cross,rg1,28,7,1.0,1.0,0.2857,0.7143
aurus-nsga2-apportion|aurus,cross,rg1,29,7,0.8571,1.0,1.0,1.0
aurus-nsga2-apportion|aurus,ctrl_x,rg1,28,7,0.8571,0.8571,1.0,1.0
aurus-nsga2-apportion|aurus,ctrl_y,rg1,28,7,1.0,0.7143,1.0,0.5714
mrs-nsga2-apportion|aurus,cross,rg2,0,14,0.7857,1.0,0.8571,0.4286
mrs-nsga2-apportion|aurus,cross,rg2,1,14,1.0,1.0,0.6429,0.6429
mrs-nsga2-apportion|aurus,ctrl_x,rg2,0,14,1.0,0.8571,0.7143,0.5
mrs-nsga2-apportion|aurus,ctrl_y,rg2,0,14,1.0,0.7857,1.0,1.0
mrs-nsga2-apportion|aurus,cross,rg2,2,11,1.0,1.0,0.9091,0.6364
mrs-nsga2-apportion|aurus,cross,rg2,3,11,1.0,0.9091,0.7273,0.3636
mrs-nsga2-apportion|aurus,ctrl_x,rg2,2,11,1.0,1.0,1.0,1.0
mrs-nsga2-apportion|aurus,ctrl_y,rg2,2,11,0.8182,1.0,1.0,0.9091
mrs-nsga2-apportion|aurus,cross,rg2,4,16,1.0,1.0,0.6875,0.875
mrs-nsga2-apportion|aurus,cross,rg2,5,16,1.0,0.8125,0.25,0.3125
mrs-nsga2-apportion|aurus,ctrl_x,rg2,4,16,1.0,0.875,0.9375,1.0
mrs-nsga2-apportion|aurus,ctrl_y,rg2,4,16,0.75,1.0,0.875,1.0
mrs-nsga2-apportion|aurus,cross,rg2,6,13,1.0,0.7692,1.0,0.4615
mrs-nsga2-apportion|aurus,cross,rg2,7,13,0.9231,1.0,0.4615,0.6154
mrs-nsga2-apportion|aurus,ctrl_x,rg2,6,13,1.0,0.6923,1.0,0.4615
mrs-nsga2-apportion|aurus,ctrl_y,rg2,6,13,1.0,1.0,0.9231,0.7692
mrs-nsga2-apportion|aurus,cross,rg2,8,20,0.9,0.9,0.75,0.75
mrs-nsga2-apportion|aurus,cross,rg2,9,20,0.9,0.75,0.7,0.65
mrs-nsga2-apportion|aurus,ctrl_x,rg2,8,20,0.9,1.0,1.0,1.0
mrs-nsga2-apportion|aurus,ctrl_y,rg2,8,20,1.0,1.0,0.75,1.0
mrs-nsga2-apportion|aurus,cross,rg2,10,16,1.0,1.0,0.8125,0.625
mrs-nsga2-apportion|aurus,cross,rg2,11,16,1.0,0.9375,0.5625,0.5
mrs-nsga2-apportion|aurus,ctrl_x,rg2,10,16,1.0,0.9375,1.0,0.875
mrs-nsga2-apportion|aurus,ctrl_y,rg2,10,16,0.875,0.875,0.9375,1.0
mrs-nsga2-apportion|aurus,cross,rg2,12,12,0.8333,0.4167,0.75,0.25
mrs-nsga2-apportion|aurus,cross,rg2,13,12,1.0,0.8333,0.6667,0.5
mrs-nsga2-apportion|aurus,ctrl_x,rg2,12,12,0.75,1.0,0.9167,0.9167
mrs-nsga2-apportion|aurus,ctrl_y,rg2,12,12,1.0,1.0,0.6667,1.0
mrs-nsga2-apportion|aurus,cross,rg2,14,14,1.0,0.9286,1.0,0.4286
mrs-nsga2-apportion|aurus,cross,rg2,15,14,0.9286,0.8571,0.9286,0.4286
mrs-nsga2-apportion|aurus,ctrl_x,rg2,14,14,0.8571,0.9286,1.0,1.0
mrs-nsga2-apportion|aurus,ctrl_y,rg2,14,14,0.9286,1.0,0.7857,0.9286
mrs-nsga2-apportion|aurus,cross,rg2,16,16,1.0,1.0,0.6875,0.5
mrs-nsga2-apportion|aurus,cross,rg2,17,16,0.5625,0.9375,0.8125,1.0
mrs-nsga2-apportion|aurus,ctrl_x,rg2,16,16,0.875,0.8125,0.875,0.8125
mrs-nsga2-apportion|aurus,ctrl_y,rg2,16,16,0.8125,0.9375,1.0,0.8125
mrs-nsga2-apportion|aurus,cross,rg2,18,17,1.0,0.9412,0.8235,0.5882
mrs-nsga2-apportion|aurus,cross,rg2,19,17,0.7647,1.0,0.8235,0.6471
mrs-nsga2-apportion|aurus,ctrl_x,rg2,18,17,1.0,0.9412,0.9412,0.7059
mrs-nsga2-apportion|aurus,ctrl_y,rg2,18,17,0.9412,0.9412,0.8235,1.0
mrs-nsga2-apportion|aurus,cross,rg2,20,19,0.4737,1.0,0.7368,0.4737
mrs-nsga2-apportion|aurus,cross,rg2,21,19,1.0,1.0,0.8947,0.9474
mrs-nsga2-apportion|aurus,ctrl_x,rg2,20,19,0.4737,0.8947,0.8947,0.7895
mrs-nsga2-apportion|aurus,ctrl_y,rg2,20,19,1.0,0.8947,0.9474,0.9474
mrs-nsga2-apportion|aurus,cross,rg2,22,7,1.0,0.8571,1.0,0.8571
mrs-nsga2-apportion|aurus,cross,rg2,23,7,0.8571,1.0,1.0,1.0
mrs-nsga2-apportion|aurus,ctrl_x,rg2,22,7,0.8571,1.0,1.0,1.0
mrs-nsga2-apportion|aurus,ctrl_y,rg2,22,7,1.0,1.0,1.0,1.0
mrs-nsga2-apportion|aurus,cross,rg2,24,16,1.0,1.0,0.625,0.6875
mrs-nsga2-apportion|aurus,cross,rg2,25,16,1.0,1.0,0.875,0.5625
mrs-nsga2-apportion|aurus,ctrl_x,rg2,24,16,0.75,1.0,1.0,1.0
mrs-nsga2-apportion|aurus,ctrl_y,rg2,24,16,1.0,0.8125,1.0,0.9375
mrs-nsga2-apportion|aurus,cross,rg2,26,10,0.8,1.0,0.9,1.0
mrs-nsga2-apportion|aurus,cross,rg2,27,10,0.8,1.0,0.9,1.0
mrs-nsga2-apportion|aurus,ctrl_x,rg2,26,10,0.2,0.5,0.4,0.5
mrs-nsga2-apportion|aurus,ctrl_y,rg2,26,10,1.0,1.0,1.0,1.0
mrs-nsga2-apportion|aurus,cross,rg2,28,13,1.0,0.5385,1.0,1.0
mrs-nsga2-apportion|aurus,cross,rg2,29,13,0.8462,0.8462,0.9231,1.0
mrs-nsga2-apportion|aurus,ctrl_x,rg2,28,13,0.9231,1.0,1.0,0.6923
mrs-nsga2-apportion|aurus,ctrl_y,rg2,28,13,0.9231,1.0,1.0,1.0
mrs-nsga2-apportion|aurus-nsga2-apportion,cross,rg2,0,15,0.7333,0.8667,0.9333,0.7333
mrs-nsga2-apportion|aurus-nsga2-apportion,cross,rg2,1,15,1.0,1.0,0.6667,1.0
mrs-nsga2-apportion|aurus-nsga2-apportion,ctrl_x,rg2,0,15,1.0,0.8667,0.7333,0.4667
mrs-nsga2-apportion|aurus-nsga2-apportion,ctrl_y,rg2,0,15,0.9333,0.6,1.0,0.8667
mrs-nsga2-apportion|aurus-nsga2-apportion,cross,rg2,2,11,0.9091,1.0,0.9091,0.9091
mrs-nsga2-apportion|aurus-nsga2-apportion,cross,rg2,3,11,1.0,1.0,1.0,1.0
mrs-nsga2-apportion|aurus-nsga2-apportion,ctrl_x,rg2,2,11,1.0,1.0,1.0,1.0
mrs-nsga2-apportion|aurus-nsga2-apportion,ctrl_y,rg2,2,11,1.0,1.0,1.0,1.0
mrs-nsga2-apportion|aurus-nsga2-apportion,cross,rg2,4,14,0.9286,1.0,1.0,0.9286
mrs-nsga2-apportion|aurus-nsga2-apportion,cross,rg2,5,14,0.8571,1.0,0.8571,0.8571
mrs-nsga2-apportion|aurus-nsga2-apportion,ctrl_x,rg2,4,14,0.9286,0.9286,0.9286,0.8571
mrs-nsga2-apportion|aurus-nsga2-apportion,ctrl_y,rg2,4,14,1.0,1.0,1.0,1.0
mrs-nsga2-apportion|aurus-nsga2-apportion,cross,rg2,6,14,1.0,0.7857,1.0,0.7143
mrs-nsga2-apportion|aurus-nsga2-apportion,cross,rg2,7,14,0.7143,0.9286,0.5714,1.0
mrs-nsga2-apportion|aurus-nsga2-apportion,ctrl_x,rg2,6,14,1.0,0.7143,1.0,0.5714
mrs-nsga2-apportion|aurus-nsga2-apportion,ctrl_y,rg2,6,14,0.8571,1.0,1.0,1.0
mrs-nsga2-apportion|aurus-nsga2-apportion,cross,rg2,8,17,1.0,0.9412,1.0,1.0
mrs-nsga2-apportion|aurus-nsga2-apportion,cross,rg2,9,17,0.8824,0.9412,1.0,0.6471
mrs-nsga2-apportion|aurus-nsga2-apportion,ctrl_x,rg2,8,17,0.8824,1.0,1.0,1.0
mrs-nsga2-apportion|aurus-nsga2-apportion,ctrl_y,rg2,8,17,1.0,0.8824,0.7647,1.0
mrs-nsga2-apportion|aurus-nsga2-apportion,cross,rg2,10,13,0.9231,1.0,0.9231,0.8462
mrs-nsga2-apportion|aurus-nsga2-apportion,cross,rg2,11,13,0.9231,1.0,1.0,1.0
mrs-nsga2-apportion|aurus-nsga2-apportion,ctrl_x,rg2,10,13,1.0,0.9231,1.0,1.0
mrs-nsga2-apportion|aurus-nsga2-apportion,ctrl_y,rg2,10,13,1.0,1.0,1.0,1.0
mrs-nsga2-apportion|aurus-nsga2-apportion,cross,rg2,12,12,0.8333,1.0,0.5,1.0
mrs-nsga2-apportion|aurus-nsga2-apportion,cross,rg2,13,12,1.0,1.0,0.9167,0.5833
mrs-nsga2-apportion|aurus-nsga2-apportion,ctrl_x,rg2,12,12,0.75,1.0,0.9167,0.9167
mrs-nsga2-apportion|aurus-nsga2-apportion,ctrl_y,rg2,12,12,0.6667,1.0,1.0,1.0
mrs-nsga2-apportion|aurus-nsga2-apportion,cross,rg2,14,14,1.0,0.8571,0.8571,0.9286
mrs-nsga2-apportion|aurus-nsga2-apportion,cross,rg2,15,14,1.0,0.8571,1.0,1.0
mrs-nsga2-apportion|aurus-nsga2-apportion,ctrl_x,rg2,14,14,0.8571,0.9286,1.0,1.0
mrs-nsga2-apportion|aurus-nsga2-apportion,ctrl_y,rg2,14,14,1.0,0.9286,1.0,0.7857
mrs-nsga2-apportion|aurus-nsga2-apportion,cross,rg2,16,9,0.7778,1.0,0.4444,1.0
mrs-nsga2-apportion|aurus-nsga2-apportion,cross,rg2,17,9,1.0,1.0,1.0,1.0
mrs-nsga2-apportion|aurus-nsga2-apportion,ctrl_x,rg2,16,9,0.8889,1.0,1.0,1.0
mrs-nsga2-apportion|aurus-nsga2-apportion,ctrl_y,rg2,16,9,1.0,1.0,1.0,1.0
mrs-nsga2-apportion|aurus-nsga2-apportion,cross,rg2,18,18,1.0,0.8889,1.0,0.7778
mrs-nsga2-apportion|aurus-nsga2-apportion,cross,rg2,19,18,0.9444,0.8333,1.0,1.0
mrs-nsga2-apportion|aurus-nsga2-apportion,ctrl_x,rg2,18,18,1.0,0.8333,0.8333,0.7222
mrs-nsga2-apportion|aurus-nsga2-apportion,ctrl_y,rg2,18,18,0.9444,1.0,0.5556,0.9444
mrs-nsga2-apportion|aurus-nsga2-apportion,cross,rg2,20,19,0.4737,0.9474,0.8421,0.4737
mrs-nsga2-apportion|aurus-nsga2-apportion,cross,rg2,21,19,0.9474,0.9474,0.8947,0.9474
mrs-nsga2-apportion|aurus-nsga2-apportion,ctrl_x,rg2,20,19,0.5789,0.9474,0.7368,0.7368
mrs-nsga2-apportion|aurus-nsga2-apportion,ctrl_y,rg2,20,19,0.8947,1.0,0.9474,0.7368
mrs-nsga2-apportion|aurus-nsga2-apportion,cross,rg2,22,18,0.8889,0.8889,0.6667,1.0
mrs-nsga2-apportion|aurus-nsga2-apportion,cross,rg2,23,18,1.0,1.0,0.8889,1.0
mrs-nsga2-apportion|aurus-nsga2-apportion,ctrl_x,rg2,22,18,0.8333,0.8889,0.6111,1.0
mrs-nsga2-apportion|aurus-nsga2-apportion,ctrl_y,rg2,22,18,0.9444,1.0,1.0,1.0
mrs-nsga2-apportion|aurus-nsga2-apportion,cross,rg2,24,16,1.0,0.75,0.875,0.9375
mrs-nsga2-apportion|aurus-nsga2-apportion,cross,rg2,25,16,1.0,0.9375,1.0,1.0
mrs-nsga2-apportion|aurus-nsga2-apportion,ctrl_x,rg2,24,16,0.75,1.0,1.0,1.0
mrs-nsga2-apportion|aurus-nsga2-apportion,ctrl_y,rg2,24,16,1.0,0.625,1.0,0.75
mrs-nsga2-apportion|aurus-nsga2-apportion,cross,rg2,26,18,0.7222,0.8889,0.7222,0.6111
mrs-nsga2-apportion|aurus-nsga2-apportion,cross,rg2,27,18,0.7778,0.9444,0.5556,0.7778
mrs-nsga2-apportion|aurus-nsga2-apportion,ctrl_x,rg2,26,18,0.7222,0.8889,0.8889,0.6111
mrs-nsga2-apportion|aurus-nsga2-apportion,ctrl_y,rg2,26,18,1.0,1.0,0.7778,0.7222
mrs-nsga2-apportion|aurus-nsga2-apportion,cross,rg2,28,21,0.6667,0.9524,0.7619,1.0
mrs-nsga2-apportion|aurus-nsga2-apportion,cross,rg2,29,21,0.9524,0.9524,0.9524,0.7143
mrs-nsga2-apportion|aurus-nsga2-apportion,ctrl_x,rg2,28,21,0.9524,1.0,0.6667,0.8571
mrs-nsga2-apportion|aurus-nsga2-apportion,ctrl_y,rg2,28,21,0.9524,0.9524,0.9048,1.0
mrs-nsga2-apportion|mrs-weighted,cross,rg2,0,15,0.8,1.0,0.6667,0.6667
mrs-nsga2-apportion|mrs-weighted,cross,rg2,1,15,0.9333,1.0,0.5333,0.7333
mrs-nsga2-apportion|mrs-weighted,ctrl_x,rg2,0,15,1.0,0.8667,0.7333,0.4667
mrs-nsga2-apportion|mrs-weighted,ctrl_y,rg2,0,15,1.0,1.0,1.0,0.7333
mrs-nsga2-apportion|mrs-weighted,cross,rg2,2,11,0.7273,0.8182,0.6364,0.8182
mrs-nsga2-apportion|mrs-weighted,cross,rg2,3,11,1.0,1.0,1.0,1.0
mrs-nsga2-apportion|mrs-weighted,ctrl_x,rg2,2,11,1.0,1.0,1.0,1.0
mrs-nsga2-apportion|mrs-weighted,ctrl_y,rg2,2,11,0.9091,0.7273,1.0,0.8182
mrs-nsga2-apportion|mrs-weighted,cross,rg2,4,16,1.0,1.0,0.5625,0.9375
mrs-nsga2-apportion|mrs-weighted,cross,rg2,5,16,0.625,1.0,0.5625,1.0
mrs-nsga2-apportion|mrs-weighted,ctrl_x,rg2,4,16,1.0,0.875,0.9375,1.0
mrs-nsga2-apportion|mrs-weighted,ctrl_y,rg2,4,16,1.0,1.0,0.875,0.625
mrs-nsga2-apportion|mrs-weighted,cross,rg2,6,14,1.0,0.7857,1.0,0.6429
mrs-nsga2-apportion|mrs-weighted,cross,rg2,7,14,1.0,1.0,0.7857,0.8571
mrs-nsga2-apportion|mrs-weighted,ctrl_x,rg2,6,14,1.0,0.7143,1.0,0.5714
mrs-nsga2-apportion|mrs-weighted,ctrl_y,rg2,6,14,0.9286,0.7857,0.8571,0.8571
mrs-nsga2-apportion|mrs-weighted,cross,rg2,8,20,1.0,1.0,0.75,0.95
mrs-nsga2-apportion|mrs-weighted,cross,rg2,9,20,0.9,0.95,0.85,0.8
mrs-nsga2-apportion|mrs-weighted,ctrl_x,rg2,8,20,0.9,1.0,1.0,1.0
mrs-nsga2-apportion|mrs-weighted,ctrl_y,rg2,8,20,0.95,0.95,0.7,0.8
mrs-nsga2-apportion|mrs-weighted,cross,rg2,10,16,1.0,0.9375,0.875,0.8125
mrs-nsga2-apportion|mrs-weighted,cross,rg2,11,16,0.9375,1.0,0.5625,0.9375
mrs-nsga2-apportion|mrs-weighted,ctrl_x,rg2,10,16,1.0,0.9375,1.0,0.875
mrs-nsga2-apportion|mrs-weighted,ctrl_y,rg2,10,16,0.875,0.8125,0.875,0.75
mrs-nsga2-apportion|mrs-weighted,cross,rg2,12,12,0.75,0.9167,0.75,0.5
mrs-nsga2-apportion|mrs-weighted,cross,rg2,13,12,1.0,0.9167,0.6667,0.6667
mrs-nsga2-apportion|mrs-weighted,ctrl_x,rg2,12,12,0.75,1.0,0.9167,0.9167
mrs-nsga2-apportion|mrs-weighted,ctrl_y,rg2,12,12,1.0,0.5,0.9167,0.5
mrs-nsga2-apportion|mrs-weighted,cross,rg2,14,14,0.9286,1.0,0.8571,0.9286
mrs-nsga2-apportion|mrs-weighted,cross,rg2,15,14,1.0,0.9286,1.0,0.8571
mrs-nsga2-apportion|mrs-weighted,ctrl_x,rg2,14,14,0.8571,0.9286,1.0,1.0
mrs-nsga2-apportion|mrs-weighted,ctrl_y,rg2,14,14,1.0,0.9286,0.8571,0.6429
mrs-nsga2-apportion|mrs-weighted,cross,rg2,16,23,0.8696,0.913,0.5652,0.9565
mrs-nsga2-apportion|mrs-weighted,cross,rg2,17,23,0.8696,0.7826,0.913,0.7826
mrs-nsga2-apportion|mrs-weighted,ctrl_x,rg2,16,23,0.913,0.9565,0.8696,1.0
mrs-nsga2-apportion|mrs-weighted,ctrl_y,rg2,16,23,1.0,1.0,0.7391,1.0
mrs-nsga2-apportion|mrs-weighted,cross,rg2,18,18,1.0,0.8889,0.8333,0.6111
mrs-nsga2-apportion|mrs-weighted,cross,rg2,19,18,0.7778,0.9444,0.8333,0.9444
mrs-nsga2-apportion|mrs-weighted,ctrl_x,rg2,18,18,1.0,0.8333,0.8333,0.7222
mrs-nsga2-apportion|mrs-weighted,ctrl_y,rg2,18,18,1.0,0.7222,0.8889,0.6667
mrs-nsga2-apportion|mrs-weighted,cross,rg2,20,19,0.2105,0.8421,0.1053,0.4211
mrs-nsga2-apportion|mrs-weighted,cross,rg2,21,19,0.9474,0.9474,0.7895,0.8421
mrs-nsga2-apportion|mrs-weighted,ctrl_x,rg2,20,19,0.4737,0.8947,0.8947,0.7895
mrs-nsga2-apportion|mrs-weighted,ctrl_y,rg2,20,19,0.6842,0.8947,0.8421,0.6316
mrs-nsga2-apportion|mrs-weighted,cross,rg2,22,18,0.9444,1.0,0.6111,0.8889
mrs-nsga2-apportion|mrs-weighted,cross,rg2,23,18,0.9444,0.7778,0.6667,0.6111
mrs-nsga2-apportion|mrs-weighted,ctrl_x,rg2,22,18,0.8333,0.8889,0.6111,1.0
mrs-nsga2-apportion|mrs-weighted,ctrl_y,rg2,22,18,0.8333,0.7778,0.5,0.9444
mrs-nsga2-apportion|mrs-weighted,cross,rg2,24,16,1.0,1.0,0.8125,1.0
mrs-nsga2-apportion|mrs-weighted,cross,rg2,25,16,1.0,1.0,0.75,0.9375
mrs-nsga2-apportion|mrs-weighted,ctrl_x,rg2,24,16,0.75,1.0,1.0,1.0
mrs-nsga2-apportion|mrs-weighted,ctrl_y,rg2,24,16,1.0,1.0,1.0,0.8125
mrs-nsga2-apportion|mrs-weighted,cross,rg2,26,23,0.7391,0.9565,0.5652,0.7391
mrs-nsga2-apportion|mrs-weighted,cross,rg2,27,23,0.6957,0.9565,0.8261,0.7826
mrs-nsga2-apportion|mrs-weighted,ctrl_x,rg2,26,23,0.5652,0.7826,0.7391,0.6957
mrs-nsga2-apportion|mrs-weighted,ctrl_y,rg2,26,23,0.8696,1.0,0.913,1.0
mrs-nsga2-apportion|mrs-weighted,cross,rg2,28,24,0.5833,0.9167,0.6667,1.0
mrs-nsga2-apportion|mrs-weighted,cross,rg2,29,24,0.9167,0.75,0.6667,0.4583
mrs-nsga2-apportion|mrs-weighted,ctrl_x,rg2,28,24,0.7083,0.9583,0.7083,0.7917
mrs-nsga2-apportion|mrs-weighted,ctrl_y,rg2,28,24,0.9583,0.7083,0.8333,0.75
aurus-nsga2-apportion|aurus,cross,rg2,0,14,1.0,1.0,1.0,1.0
aurus-nsga2-apportion|aurus,cross,rg2,1,14,0.8571,0.9286,1.0,1.0
aurus-nsga2-apportion|aurus,ctrl_x,rg2,0,14,0.9286,1.0,0.5,1.0
aurus-nsga2-apportion|aurus,ctrl_y,rg2,0,14,1.0,0.7857,1.0,1.0
aurus-nsga2-apportion|aurus,cross,rg2,2,11,1.0,1.0,1.0,1.0
aurus-nsga2-apportion|aurus,cross,rg2,3,11,1.0,0.7273,0.9091,0.8182
aurus-nsga2-apportion|aurus,ctrl_x,rg2,2,11,1.0,1.0,1.0,0.8182
aurus-nsga2-apportion|aurus,ctrl_y,rg2,2,11,0.8182,1.0,1.0,0.9091
aurus-nsga2-apportion|aurus,cross,rg2,4,14,1.0,0.7143,0.9286,0.5
aurus-nsga2-apportion|aurus,cross,rg2,5,14,1.0,0.8571,0.4286,0.4286
aurus-nsga2-apportion|aurus,ctrl_x,rg2,4,14,1.0,0.8571,1.0,0.9286
aurus-nsga2-apportion|aurus,ctrl_y,rg2,4,14,0.8571,1.0,0.8571,1.0
aurus-nsga2-apportion|aurus,cross,rg2,6,13,1.0,1.0,0.8462,0.5385
aurus-nsga2-apportion|aurus,cross,rg2,7,13,1.0,1.0,0.9231,1.0
aurus-nsga2-apportion|aurus,ctrl_x,rg2,6,13,0.9231,1.0,0.6923,1.0
aurus-nsga2-apportion|aurus,ctrl_y,rg2,6,13,1.0,1.0,0.9231,0.7692
aurus-nsga2-apportion|aurus,cross,rg2,8,17,1.0,0.7647,0.5294,0.3529
aurus-nsga2-apportion|aurus,cross,rg2,9,17,0.7647,1.0,0.9412,0.9412
aurus-nsga2-apportion|aurus,ctrl_x,rg2,8,17,1.0,0.9412,0.7647,1.0
aurus-nsga2-apportion|aurus,ctrl_y,rg2,8,17,0.8235,1.0,0.8824,1.0
aurus-nsga2-apportion|aurus,cross,rg2,10,13,1.0,0.9231,0.8462,0.3077
aurus-nsga2-apportion|aurus,cross,rg2,11,13,1.0,0.9231,0.9231,0.7692
aurus-nsga2-apportion|aurus,ctrl_x,rg2,10,13,1.0,1.0,1.0,1.0
aurus-nsga2-apportion|aurus,ctrl_y,rg2,10,13,0.8462,1.0,1.0,1.0
aurus-nsga2-apportion|aurus,cross,rg2,12,15,0.9333,1.0,0.6,0.4
aurus-nsga2-apportion|aurus,cross,rg2,13,15,1.0,0.9333,1.0,0.4
aurus-nsga2-apportion|aurus,ctrl_x,rg2,12,15,0.7333,0.8667,0.6667,1.0
aurus-nsga2-apportion|aurus,ctrl_y,rg2,12,15,0.9333,0.9333,0.7333,1.0
aurus-nsga2-apportion|aurus,cross,rg2,14,16,0.9375,0.75,0.75,0.3125
aurus-nsga2-apportion|aurus,cross,rg2,15,16,0.9375,0.875,1.0,0.5625
aurus-nsga2-apportion|aurus,ctrl_x,rg2,14,16,1.0,0.9375,0.75,0.8125
aurus-nsga2-apportion|aurus,ctrl_y,rg2,14,16,1.0,0.9375,0.9375,0.875
aurus-nsga2-apportion|aurus,cross,rg2,16,9,1.0,1.0,1.0,0.5556
aurus-nsga2-apportion|aurus,cross,rg2,17,9,1.0,0.8889,1.0,1.0
aurus-nsga2-apportion|aurus,ctrl_x,rg2,16,9,1.0,1.0,1.0,1.0
aurus-nsga2-apportion|aurus,ctrl_y,rg2,16,9,1.0,1.0,1.0,1.0
aurus-nsga2-apportion|aurus,cross,rg2,18,17,0.8824,1.0,0.3529,0.7647
aurus-nsga2-apportion|aurus,cross,rg2,19,17,1.0,0.9412,0.7647,0.4706
aurus-nsga2-apportion|aurus,ctrl_x,rg2,18,17,0.7647,0.9412,0.7059,0.9412
aurus-nsga2-apportion|aurus,ctrl_y,rg2,18,17,0.9412,0.9412,0.8235,1.0
aurus-nsga2-apportion|aurus,cross,rg2,20,19,1.0,0.9474,0.6842,0.4737
aurus-nsga2-apportion|aurus,cross,rg2,21,19,0.9474,0.7895,1.0,0.8947
aurus-nsga2-apportion|aurus,ctrl_x,rg2,20,19,0.9474,1.0,0.7895,0.5789
aurus-nsga2-apportion|aurus,ctrl_y,rg2,20,19,1.0,0.8947,0.9474,0.9474
aurus-nsga2-apportion|aurus,cross,rg2,22,7,1.0,0.8571,1.0,0.7143
aurus-nsga2-apportion|aurus,cross,rg2,23,7,1.0,1.0,0.8571,1.0
aurus-nsga2-apportion|aurus,ctrl_x,rg2,22,7,1.0,1.0,1.0,0.7143
aurus-nsga2-apportion|aurus,ctrl_y,rg2,22,7,1.0,1.0,1.0,1.0
aurus-nsga2-apportion|aurus,cross,rg2,24,18,0.9444,0.8333,0.8333,0.6667
aurus-nsga2-apportion|aurus,cross,rg2,25,18,0.7222,0.8889,0.3333,0.5556
aurus-nsga2-apportion|aurus,ctrl_x,rg2,24,18,0.9444,0.6667,1.0,1.0
aurus-nsga2-apportion|aurus,ctrl_y,rg2,24,18,1.0,0.8889,0.7778,0.9444
aurus-nsga2-apportion|aurus,cross,rg2,26,10,0.7,0.9,1.0,1.0
aurus-nsga2-apportion|aurus,cross,rg2,27,10,0.9,1.0,1.0,1.0
aurus-nsga2-apportion|aurus,ctrl_x,rg2,26,10,0.3,1.0,0.7,0.7
aurus-nsga2-apportion|aurus,ctrl_y,rg2,26,10,1.0,1.0,1.0,1.0
aurus-nsga2-apportion|aurus,cross,rg2,28,13,1.0,0.9231,0.7692,1.0
aurus-nsga2-apportion|aurus,cross,rg2,29,13,0.9231,0.7692,1.0,0.8462
aurus-nsga2-apportion|aurus,ctrl_x,rg2,28,13,1.0,1.0,0.7692,1.0
aurus-nsga2-apportion|aurus,ctrl_y,rg2,28,13,0.9231,1.0,1.0,1.0
mrs-nsga2-apportion|aurus,cross,round-robin-arbiter-aurus,0,31,0.5806,0.9032,0.3548,0.7097
mrs-nsga2-apportion|aurus,cross,round-robin-arbiter-aurus,1,31,0.1613,0.7742,0.1935,0.7097
mrs-nsga2-apportion|aurus,ctrl_x,round-robin-arbiter-aurus,0,31,0.8065,0.8065,0.7097,0.7742
mrs-nsga2-apportion|aurus,ctrl_y,round-robin-arbiter-aurus,0,31,0.8387,0.7742,0.9032,0.7742
mrs-nsga2-apportion|aurus,cross,round-robin-arbiter-aurus,2,38,0.7368,0.8421,0.6316,0.8684
mrs-nsga2-apportion|aurus,cross,round-robin-arbiter-aurus,3,38,0.5789,0.6316,0.1316,0.6316
mrs-nsga2-apportion|aurus,ctrl_x,round-robin-arbiter-aurus,2,38,0.8158,0.7632,0.9211,0.6579
mrs-nsga2-apportion|aurus,ctrl_y,round-robin-arbiter-aurus,2,38,0.8158,0.7105,0.8684,0.7368
mrs-nsga2-apportion|aurus,cross,round-robin-arbiter-aurus,4,32,0.5625,0.9062,0.2812,0.75
mrs-nsga2-apportion|aurus,cross,round-robin-arbiter-aurus,5,32,0.5312,0.8125,0.4375,0.75
mrs-nsga2-apportion|aurus,ctrl_x,round-robin-arbiter-aurus,4,32,0.75,0.8438,0.9375,0.7812
mrs-nsga2-apportion|aurus,ctrl_y,round-robin-arbiter-aurus,4,32,0.75,0.8125,0.7812,0.7188
mrs-nsga2-apportion|aurus,cross,round-robin-arbiter-aurus,6,39,0.6154,0.7436,0.4615,0.5897
mrs-nsga2-apportion|aurus,cross,round-robin-arbiter-aurus,7,39,0.4615,0.7179,0.2564,0.4615
mrs-nsga2-apportion|aurus,ctrl_x,round-robin-arbiter-aurus,6,39,0.8205,0.7436,0.6923,0.5897
mrs-nsga2-apportion|aurus,ctrl_y,round-robin-arbiter-aurus,6,39,0.6923,0.5897,0.8462,0.7179
mrs-nsga2-apportion|aurus,cross,round-robin-arbiter-aurus,8,40,0.375,0.775,0.475,0.7
mrs-nsga2-apportion|aurus,cross,round-robin-arbiter-aurus,9,40,0.5,0.8,0.6,0.7
mrs-nsga2-apportion|aurus,ctrl_x,round-robin-arbiter-aurus,8,40,0.425,0.825,0.675,0.525
mrs-nsga2-apportion|aurus,ctrl_y,round-robin-arbiter-aurus,8,40,0.675,0.85,0.75,0.775
mrs-nsga2-apportion|aurus,cross,round-robin-arbiter-aurus,10,45,0.4667,0.7556,0.4889,0.5778
mrs-nsga2-apportion|aurus,cross,round-robin-arbiter-aurus,11,45,0.3111,0.6444,0.3333,0.4222
mrs-nsga2-apportion|aurus,ctrl_x,round-robin-arbiter-aurus,10,45,0.6889,0.5333,0.4889,0.4889
mrs-nsga2-apportion|aurus,ctrl_y,round-robin-arbiter-aurus,10,45,0.7111,0.7778,0.6889,0.6222
mrs-nsga2-apportion|aurus,cross,round-robin-arbiter-aurus,12,30,0.3333,0.6667,0.3333,0.4333
mrs-nsga2-apportion|aurus,cross,round-robin-arbiter-aurus,13,30,0.7667,0.6333,0.4,0.5667
mrs-nsga2-apportion|aurus,ctrl_x,round-robin-arbiter-aurus,12,30,0.7667,0.7333,0.9667,0.5667
mrs-nsga2-apportion|aurus,ctrl_y,round-robin-arbiter-aurus,12,30,0.5,0.8333,0.5333,0.9667
mrs-nsga2-apportion|aurus,cross,round-robin-arbiter-aurus,14,31,0.5161,0.871,0.3548,0.7097
mrs-nsga2-apportion|aurus,cross,round-robin-arbiter-aurus,15,31,0.5484,0.8387,0.3871,0.6452
mrs-nsga2-apportion|aurus,ctrl_x,round-robin-arbiter-aurus,14,31,0.4839,0.9355,0.7742,0.6452
mrs-nsga2-apportion|aurus,ctrl_y,round-robin-arbiter-aurus,14,31,0.871,0.9032,0.871,0.9355
mrs-nsga2-apportion|aurus,cross,round-robin-arbiter-aurus,16,38,0.4737,0.4737,0.2368,0.5526
mrs-nsga2-apportion|aurus,cross,round-robin-arbiter-aurus,17,38,0.4211,0.7895,0.3684,0.5263
mrs-nsga2-apportion|aurus,ctrl_x,round-robin-arbiter-aurus,16,38,0.6579,0.8158,0.6579,0.8158
mrs-nsga2-apportion|aurus,ctrl_y,round-robin-arbiter-aurus,16,38,0.6842,0.5,0.3947,0.7632
mrs-nsga2-apportion|aurus,cross,round-robin-arbiter-aurus,18,34,0.4412,0.7647,0.5294,0.7941
mrs-nsga2-apportion|aurus,cross,round-robin-arbiter-aurus,19,34,0.5,0.5588,0.4412,0.6471
mrs-nsga2-apportion|aurus,ctrl_x,round-robin-arbiter-aurus,18,34,0.7353,0.8235,0.8529,0.7353
mrs-nsga2-apportion|aurus,ctrl_y,round-robin-arbiter-aurus,18,34,0.8529,0.6471,0.7941,0.6765
mrs-nsga2-apportion|aurus,cross,round-robin-arbiter-aurus,20,36,0.3056,0.9722,0.3889,0.75
mrs-nsga2-apportion|aurus,cross,round-robin-arbiter-aurus,21,36,0.6667,0.7778,0.4167,0.4444
mrs-nsga2-apportion|aurus,ctrl_x,round-robin-arbiter-aurus,20,36,0.7222,0.8333,0.7778,0.7778
mrs-nsga2-apportion|aurus,ctrl_y,round-robin-arbiter-aurus,20,36,0.6944,0.7778,0.5556,0.6111
mrs-nsga2-apportion|aurus,cross,round-robin-arbiter-aurus,22,28,0.3571,0.6786,0.3214,0.5
mrs-nsga2-apportion|aurus,cross,round-robin-arbiter-aurus,23,28,0.6429,0.75,0.3929,0.6429
mrs-nsga2-apportion|aurus,ctrl_x,round-robin-arbiter-aurus,22,28,0.5714,0.8214,1.0,0.6429
mrs-nsga2-apportion|aurus,ctrl_y,round-robin-arbiter-aurus,22,28,0.8571,0.6786,0.7857,0.9643
mrs-nsga2-apportion|aurus,cross,round-robin-arbiter-aurus,24,43,0.5814,0.814,0.5349,0.7209
mrs-nsga2-apportion|aurus,cross,round-robin-arbiter-aurus,25,43,0.5116,0.7209,0.5116,0.7674
mrs-nsga2-apportion|aurus,ctrl_x,round-robin-arbiter-aurus,24,43,0.8372,0.8605,0.7907,0.6279
mrs-nsga2-apportion|aurus,ctrl_y,round-robin-arbiter-aurus,24,43,0.5814,0.7674,0.4419,0.7907
mrs-nsga2-apportion|aurus,cross,round-robin-arbiter-aurus,26,51,0.5686,0.6667,0.3725,0.5686
mrs-nsga2-apportion|aurus,cross,round-robin-arbiter-aurus,27,51,0.4902,0.7647,0.451,0.6471
mrs-nsga2-apportion|aurus,ctrl_x,round-robin-arbiter-aurus,26,51,0.6471,0.7647,0.6471,0.7255
mrs-nsga2-apportion|aurus,ctrl_y,round-robin-arbiter-aurus,26,51,0.8431,0.7843,0.7843,0.6863
mrs-nsga2-apportion|aurus,cross,round-robin-arbiter-aurus,28,50,0.5,0.66,0.32,0.54
mrs-nsga2-apportion|aurus,cross,round-robin-arbiter-aurus,29,50,0.46,0.76,0.34,0.5
mrs-nsga2-apportion|aurus,ctrl_x,round-robin-arbiter-aurus,28,50,0.62,0.66,0.66,0.48
mrs-nsga2-apportion|aurus,ctrl_y,round-robin-arbiter-aurus,28,50,0.66,0.66,0.56,0.78
mrs-nsga2-apportion|aurus-nsga2-apportion,cross,round-robin-arbiter-aurus,0,21,0.8571,0.619,0.8095,0.6667
mrs-nsga2-apportion|aurus-nsga2-apportion,cross,round-robin-arbiter-aurus,1,21,0.5714,0.8571,0.6667,0.9048
mrs-nsga2-apportion|aurus-nsga2-apportion,ctrl_x,round-robin-arbiter-aurus,0,21,0.9524,0.7619,0.7619,0.9048
mrs-nsga2-apportion|aurus-nsga2-apportion,ctrl_y,round-robin-arbiter-aurus,0,21,0.9524,0.6667,1.0,0.9524
mrs-nsga2-apportion|aurus-nsga2-apportion,cross,round-robin-arbiter-aurus,2,33,0.9394,0.7273,0.9394,0.7879
mrs-nsga2-apportion|aurus-nsga2-apportion,cross,round-robin-arbiter-aurus,3,33,0.7576,0.6667,0.6364,0.7576
mrs-nsga2-apportion|aurus-nsga2-apportion,ctrl_x,round-robin-arbiter-aurus,2,33,0.8182,0.697,0.8182,0.5455
mrs-nsga2-apportion|aurus-nsga2-apportion,ctrl_y,round-robin-arbiter-aurus,2,33,0.9394,0.697,0.8182,0.6667
mrs-nsga2-apportion|aurus-nsga2-apportion,cross,round-robin-arbiter-aurus,4,32,0.7812,0.75,0.8125,0.7812
mrs-nsga2-apportion|aurus-nsga2-apportion,cross,round-robin-arbiter-aurus,5,32,0.5,0.875,0.4375,0.7812
mrs-nsga2-apportion|aurus-nsga2-apportion,ctrl_x,round-robin-arbiter-aurus,4,32,0.75,0.8438,0.9375,0.7812
mrs-nsga2-apportion|aurus-nsga2-apportion,ctrl_y,round-robin-arbiter-aurus,4,32,0.875,0.5938,0.875,0.6875
mrs-nsga2-apportion|aurus-nsga2-apportion,cross,round-robin-arbiter-aurus,6,25,0.64,0.8,0.64,0.92
mrs-nsga2-apportion|aurus-nsga2-apportion,cross,round-robin-arbiter-aurus,7,25,0.8,0.68,0.8,0.52
mrs-nsga2-apportion|aurus-nsga2-apportion,ctrl_x,round-robin-arbiter-aurus,6,25,0.72,0.72,0.56,0.68
mrs-nsga2-apportion|aurus-nsga2-apportion,ctrl_y,round-robin-arbiter-aurus,6,25,0.72,0.8,0.64,0.92
mrs-nsga2-apportion|aurus-nsga2-apportion,cross,round-robin-arbiter-aurus,8,30,0.5333,0.7333,0.5667,0.5667
mrs-nsga2-apportion|aurus-nsga2-apportion,cross,round-robin-arbiter-aurus,9,30,0.9333,0.5,0.7667,0.6667
mrs-nsga2-apportion|aurus-nsga2-apportion,ctrl_x,round-robin-arbiter-aurus,8,30,0.3667,0.8333,0.5333,0.4
mrs-nsga2-apportion|aurus-nsga2-apportion,ctrl_y,round-robin-arbiter-aurus,8,30,0.6333,0.8667,0.8,0.8333
mrs-nsga2-apportion|aurus-nsga2-apportion,cross,round-robin-arbiter-aurus,10,19,0.8421,0.6316,0.8947,0.7368
mrs-nsga2-apportion|aurus-nsga2-apportion,cross,round-robin-arbiter-aurus,11,19,0.7895,0.6842,0.9474,0.5789
mrs-nsga2-apportion|aurus-nsga2-apportion,ctrl_x,round-robin-arbiter-aurus,10,19,0.6842,0.9474,0.8421,0.9474
mrs-nsga2-apportion|aurus-nsga2-apportion,ctrl_y,round-robin-arbiter-aurus,10,19,0.7895,0.7368,0.7895,0.8947
mrs-nsga2-apportion|aurus-nsga2-apportion,cross,round-robin-arbiter-aurus,12,27,0.7778,0.6296,0.7037,0.7037
mrs-nsga2-apportion|aurus-nsga2-apportion,cross,round-robin-arbiter-aurus,13,27,0.6667,0.8519,0.5926,0.7778
mrs-nsga2-apportion|aurus-nsga2-apportion,ctrl_x,round-robin-arbiter-aurus,12,27,0.8519,0.7407,0.7778,0.6296
mrs-nsga2-apportion|aurus-nsga2-apportion,ctrl_y,round-robin-arbiter-aurus,12,27,0.7037,0.7037,0.8889,0.6296
mrs-nsga2-apportion|aurus-nsga2-apportion,cross,round-robin-arbiter-aurus,14,27,0.5556,0.8148,0.7407,0.9259
mrs-nsga2-apportion|aurus-nsga2-apportion,cross,round-robin-arbiter-aurus,15,27,0.963,0.5185,0.7037,0.5926
mrs-nsga2-apportion|aurus-nsga2-apportion,ctrl_x,round-robin-arbiter-aurus,14,27,0.3333,0.8889,0.6296,0.6667
mrs-nsga2-apportion|aurus-nsga2-apportion,ctrl_y,round-robin-arbiter-aurus,14,27,0.5556,1.0,0.8148,0.8148
mrs-nsga2-apportion|aurus-nsga2-apportion,cross,round-robin-arbiter-aurus,16,24,0.7917,0.8333,1.0,0.7083
mrs-nsga2-apportion|aurus-nsga2-apportion,cross,round-robin-arbiter-aurus,17,24,0.875,0.8333,0.7917,0.75
mrs-nsga2-apportion|aurus-nsga2-apportion,ctrl_x,round-robin-arbiter-aurus,16,24,0.625,0.75,0.75,0.7917
mrs-nsga2-apportion|aurus-nsga2-apportion,ctrl_y,round-robin-arbiter-aurus,16,24,0.625,0.8333,0.7917,0.7083
mrs-nsga2-apportion|aurus-nsga2-apportion,cross,round-robin-arbiter-aurus,18,34,0.6765,0.8235,0.7941,0.5
mrs-nsga2-apportion|aurus-nsga2-apportion,cross,round-robin-arbiter-aurus,19,34,0.7353,0.6176,0.7353,0.6471
mrs-nsga2-apportion|aurus-nsga2-apportion,ctrl_x,round-robin-arbiter-aurus,18,34,0.7353,0.8235,0.8529,0.7353
mrs-nsga2-apportion|aurus-nsga2-apportion,ctrl_y,round-robin-arbiter-aurus,18,34,0.7647,0.7647,0.5,0.6765
mrs-nsga2-apportion|aurus-nsga2-apportion,cross,round-robin-arbiter-aurus,20,36,0.6944,0.6667,0.6389,0.8611
mrs-nsga2-apportion|aurus-nsga2-apportion,cross,round-robin-arbiter-aurus,21,36,0.9444,0.5,0.7778,0.8056
mrs-nsga2-apportion|aurus-nsga2-apportion,ctrl_x,round-robin-arbiter-aurus,20,36,0.7222,0.8333,0.7778,0.7778
mrs-nsga2-apportion|aurus-nsga2-apportion,ctrl_y,round-robin-arbiter-aurus,20,36,0.6944,0.9444,0.8889,0.9167
mrs-nsga2-apportion|aurus-nsga2-apportion,cross,round-robin-arbiter-aurus,22,26,0.7308,0.7692,0.7692,0.7308
mrs-nsga2-apportion|aurus-nsga2-apportion,cross,round-robin-arbiter-aurus,23,26,0.6538,0.8077,0.6923,0.7692
mrs-nsga2-apportion|aurus-nsga2-apportion,ctrl_x,round-robin-arbiter-aurus,22,26,0.7692,0.8846,0.7692,0.7308
mrs-nsga2-apportion|aurus-nsga2-apportion,ctrl_y,round-robin-arbiter-aurus,22,26,0.6923,0.7308,0.6923,0.8462
mrs-nsga2-apportion|aurus-nsga2-apportion,cross,round-robin-arbiter-aurus,24,30,0.7667,0.7667,0.9667,0.8667
mrs-nsga2-apportion|aurus-nsga2-apportion,cross,round-robin-arbiter-aurus,25,30,0.8,0.8667,0.7667,0.6
mrs-nsga2-apportion|aurus-nsga2-apportion,ctrl_x,round-robin-arbiter-aurus,24,30,0.7333,0.9,0.9333,0.7
mrs-nsga2-apportion|aurus-nsga2-apportion,ctrl_y,round-robin-arbiter-aurus,24,30,0.8,0.9,0.8667,0.8333
mrs-nsga2-apportion|aurus-nsga2-apportion,cross,round-robin-arbiter-aurus,26,34,0.5882,0.8824,0.7353,0.9706
mrs-nsga2-apportion|aurus-nsga2-apportion,cross,round-robin-arbiter-aurus,27,34,0.7941,0.6176,0.9412,0.8529
mrs-nsga2-apportion|aurus-nsga2-apportion,ctrl_x,round-robin-arbiter-aurus,26,34,0.7059,0.8235,0.9118,0.9412
mrs-nsga2-apportion|aurus-nsga2-apportion,ctrl_y,round-robin-arbiter-aurus,26,34,0.5882,0.8235,0.7353,0.8235
mrs-nsga2-apportion|aurus-nsga2-apportion,cross,round-robin-arbiter-aurus,28,34,0.6471,0.8235,0.8529,0.7059
mrs-nsga2-apportion|aurus-nsga2-apportion,cross,round-robin-arbiter-aurus,29,34,0.7941,0.7647,0.6765,0.6765
mrs-nsga2-apportion|aurus-nsga2-apportion,ctrl_x,round-robin-arbiter-aurus,28,34,0.7647,0.7941,0.7647,0.4706
mrs-nsga2-apportion|aurus-nsga2-apportion,ctrl_y,round-robin-arbiter-aurus,28,34,0.7059,0.8235,0.7059,0.8235
mrs-nsga2-apportion|mrs-weighted,cross,round-robin-arbiter-aurus,0,31,0.7742,0.8065,0.4839,0.5161
mrs-nsga2-apportion|mrs-weighted,cross,round-robin-arbiter-aurus,1,31,0.1935,0.8387,0.2258,0.5161
mrs-nsga2-apportion|mrs-weighted,ctrl_x,round-robin-arbiter-aurus,0,31,0.8065,0.8065,0.7097,0.7742
mrs-nsga2-apportion|mrs-weighted,ctrl_y,round-robin-arbiter-aurus,0,31,0.9355,0.6452,0.5806,0.4516
mrs-nsga2-apportion|mrs-weighted,cross,round-robin-arbiter-aurus,2,38,0.7105,0.5,0.6316,0.3421
mrs-nsga2-apportion|mrs-weighted,cross,round-robin-arbiter-aurus,3,38,0.5263,0.9211,0.4211,0.6842
mrs-nsga2-apportion|mrs-weighted,ctrl_x,round-robin-arbiter-aurus,2,38,0.8158,0.7632,0.9211,0.6579
mrs-nsga2-apportion|mrs-weighted,ctrl_y,round-robin-arbiter-aurus,2,38,0.5789,0.9211,0.5263,0.4211
mrs-nsga2-apportion|mrs-weighted,cross,round-robin-arbiter-aurus,4,32,0.5938,0.875,0.4688,0.6875
mrs-nsga2-apportion|mrs-weighted,cross,round-robin-arbiter-aurus,5,32,0.375,0.7188,0.4688,0.75
mrs-nsga2-apportion|mrs-weighted,ctrl_x,round-robin-arbiter-aurus,4,32,0.75,0.8438,0.9375,0.7812
mrs-nsga2-apportion|mrs-weighted,ctrl_y,round-robin-arbiter-aurus,4,32,0.875,0.6875,0.75,0.5312
mrs-nsga2-apportion|mrs-weighted,cross,round-robin-arbiter-aurus,6,39,0.5897,0.8974,0.3846,0.641
mrs-nsga2-apportion|mrs-weighted,cross,round-robin-arbiter-aurus,7,39,0.6154,0.7692,0.5641,0.7692
mrs-nsga2-apportion|mrs-weighted,ctrl_x,round-robin-arbiter-aurus,6,39,0.8205,0.7436,0.6923,0.5897
mrs-nsga2-apportion|mrs-weighted,ctrl_y,round-robin-arbiter-aurus,6,39,0.6923,0.7949,0.6154,0.5641
mrs-nsga2-apportion|mrs-weighted,cross,round-robin-arbiter-aurus,8,40,0.4,0.825,0.6,0.7
mrs-nsga2-apportion|mrs-weighted,cross,round-robin-arbiter-aurus,9,40,0.575,0.35,0.4,0.25
mrs-nsga2-apportion|mrs-weighted,ctrl_x,round-robin-arbiter-aurus,8,40,0.425,0.825,0.675,0.525
mrs-nsga2-apportion|mrs-weighted,ctrl_y,round-robin-arbiter-aurus,8,40,0.625,0.6,0.45,0.525
mrs-nsga2-apportion|mrs-weighted,cross,round-robin-arbiter-aurus,10,45,0.7333,0.8444,0.5111,0.5333
mrs-nsga2-apportion|mrs-weighted,cross,round-robin-arbiter-aurus,11,45,0.2667,0.8222,0.4,0.7111
mrs-nsga2-apportion|mrs-weighted,ctrl_x,round-robin-arbiter-aurus,10,45,0.6889,0.5333,0.4889,0.4889
mrs-nsga2-apportion|mrs-weighted,ctrl_y,round-robin-arbiter-aurus,10,45,0.6889,0.4444,0.5778,0.4444
mrs-nsga2-apportion|mrs-weighted,cross,round-robin-arbiter-aurus,12,30,0.4667,0.8333,0.6667,0.8333
mrs-nsga2-apportion|mrs-weighted,cross,round-robin-arbiter-aurus,13,30,0.4,0.8333,0.3,0.5
mrs-nsga2-apportion|mrs-weighted,ctrl_x,round-robin-arbiter-aurus,12,30,0.7667,0.7333,0.9667,0.5667
mrs-nsga2-apportion|mrs-weighted,ctrl_y,round-robin-arbiter-aurus,12,30,0.7333,0.6,0.4,0.8667
mrs-nsga2-apportion|mrs-weighted,cross,round-robin-arbiter-aurus,14,31,0.7419,0.8387,0.6129,0.5484
mrs-nsga2-apportion|mrs-weighted,cross,round-robin-arbiter-aurus,15,31,0.6452,0.9677,0.3871,0.9032
mrs-nsga2-apportion|mrs-weighted,ctrl_x,round-robin-arbiter-aurus,14,31,0.4839,0.9355,0.7742,0.6452
mrs-nsga2-apportion|mrs-weighted,ctrl_y,round-robin-arbiter-aurus,14,31,0.7097,0.5484,0.5806,0.5484
mrs-nsga2-apportion|mrs-weighted,cross,round-robin-arbiter-aurus,16,38,0.3684,0.8158,0.5263,0.7632
mrs-nsga2-apportion|mrs-weighted,cross,round-robin-arbiter-aurus,17,38,0.5,0.7105,0.3684,0.5789
mrs-nsga2-apportion|mrs-weighted,ctrl_x,round-robin-arbiter-aurus,16,38,0.6579,0.8158,0.6579,0.8158
mrs-nsga2-apportion|mrs-weighted,ctrl_y,round-robin-arbiter-aurus,16,38,0.6316,0.7368,0.4474,0.5789
mrs-nsga2-apportion|mrs-weighted,cross,round-robin-arbiter-aurus,18,34,0.2941,0.9118,0.2647,0.8529
mrs-nsga2-apportion|mrs-weighted,cross,round-robin-arbiter-aurus,19,34,0.7647,0.8529,0.5294,0.7647
mrs-nsga2-apportion|mrs-weighted,ctrl_x,round-robin-arbiter-aurus,18,34,0.7353,0.8235,0.8529,0.7353
mrs-nsga2-apportion|mrs-weighted,ctrl_y,round-robin-arbiter-aurus,18,34,0.6176,0.8235,0.4118,0.6176
mrs-nsga2-apportion|mrs-weighted,cross,round-robin-arbiter-aurus,20,36,0.5833,0.8611,0.6111,0.6944
mrs-nsga2-apportion|mrs-weighted,cross,round-robin-arbiter-aurus,21,36,0.9167,0.8611,0.7778,0.8056
mrs-nsga2-apportion|mrs-weighted,ctrl_x,round-robin-arbiter-aurus,20,36,0.7222,0.8333,0.7778,0.7778
mrs-nsga2-apportion|mrs-weighted,ctrl_y,round-robin-arbiter-aurus,20,36,0.7778,0.5556,0.75,0.5
mrs-nsga2-apportion|mrs-weighted,cross,round-robin-arbiter-aurus,22,28,0.3929,0.8214,0.5714,0.5714
mrs-nsga2-apportion|mrs-weighted,cross,round-robin-arbiter-aurus,23,28,0.25,0.9286,0.3571,0.5714
mrs-nsga2-apportion|mrs-weighted,ctrl_x,round-robin-arbiter-aurus,22,28,0.5714,0.8214,1.0,0.6429
mrs-nsga2-apportion|mrs-weighted,ctrl_y,round-robin-arbiter-aurus,22,28,0.8929,0.4643,0.9286,0.4643
mrs-nsga2-apportion|mrs-weighted,cross,round-robin-arbiter-aurus,24,43,0.6512,0.8837,0.6512,0.6977
mrs-nsga2-apportion|mrs-weighted,cross,round-robin-arbiter-aurus,25,43,0.814,0.8372,0.6279,0.7907
mrs-nsga2-apportion|mrs-weighted,ctrl_x,round-robin-arbiter-aurus,24,43,0.8372,0.8605,0.7907,0.6279
mrs-nsga2-apportion|mrs-weighted,ctrl_y,round-robin-arbiter-aurus,24,43,0.5116,0.7907,0.6977,0.7674
mrs-nsga2-apportion|mrs-weighted,cross,round-robin-arbiter-aurus,26,51,0.6471,0.5882,0.451,0.6471
mrs-nsga2-apportion|mrs-weighted,cross,round-robin-arbiter-aurus,27,51,0.7451,0.8235,0.7451,0.9412
mrs-nsga2-apportion|mrs-weighted,ctrl_x,round-robin-arbiter-aurus,26,51,0.6471,0.7647,0.6471,0.7255
mrs-nsga2-apportion|mrs-weighted,ctrl_y,round-robin-arbiter-aurus,26,51,0.8039,0.6471,0.902,0.7843
mrs-nsga2-apportion|mrs-weighted,cross,round-robin-arbiter-aurus,28,50,0.3,0.94,0.3,0.58
mrs-nsga2-apportion|mrs-weighted,cross,round-robin-arbiter-aurus,29,50,0.36,0.9,0.42,0.86
mrs-nsga2-apportion|mrs-weighted,ctrl_x,round-robin-arbiter-aurus,28,50,0.62,0.66,0.66,0.48
mrs-nsga2-apportion|mrs-weighted,ctrl_y,round-robin-arbiter-aurus,28,50,0.36,0.9,0.58,0.52
aurus-nsga2-apportion|aurus,cross,round-robin-arbiter-aurus,0,21,0.4762,0.8095,0.3333,0.9524
aurus-nsga2-apportion|aurus,cross,round-robin-arbiter-aurus,1,21,0.3333,0.9524,0.381,0.9048
aurus-nsga2-apportion|aurus,ctrl_x,round-robin-arbiter-aurus,0,21,0.8571,0.7619,1.0,0.9524
aurus-nsga2-apportion|aurus,ctrl_y,round-robin-arbiter-aurus,0,21,0.8095,0.8571,0.9524,1.0
aurus-nsga2-apportion|aurus,cross,round-robin-arbiter-aurus,2,33,0.7576,0.7879,0.4848,0.7576
aurus-nsga2-apportion|aurus,cross,round-robin-arbiter-aurus,3,33,0.5152,0.8788,0.2424,0.8485
aurus-nsga2-apportion|aurus,ctrl_x,round-robin-arbiter-aurus,2,33,0.9394,0.697,0.7273,0.6061
aurus-nsga2-apportion|aurus,ctrl_y,round-robin-arbiter-aurus,2,33,0.8182,0.697,0.7879,0.6364
aurus-nsga2-apportion|aurus,cross,round-robin-arbiter-aurus,4,33,0.3636,0.697,0.3636,0.697
aurus-nsga2-apportion|aurus,cross,round-robin-arbiter-aurus,5,33,0.3636,0.7879,0.3939,0.7879
aurus-nsga2-apportion|aurus,ctrl_x,round-robin-arbiter-aurus,4,33,0.8788,0.5455,0.9091,0.6364
aurus-nsga2-apportion|aurus,ctrl_y,round-robin-arbiter-aurus,4,33,0.7273,0.8182,0.8182,0.7576
aurus-nsga2-apportion|aurus,cross,round-robin-arbiter-aurus,6,25,0.52,0.8,0.28,0.68
aurus-nsga2-apportion|aurus,cross,round-robin-arbiter-aurus,7,25,0.64,0.64,0.48,0.76
aurus-nsga2-apportion|aurus,ctrl_x,round-robin-arbiter-aurus,6,25,0.8,0.76,0.8,0.8
aurus-nsga2-apportion|aurus,ctrl_y,round-robin-arbiter-aurus,6,25,0.76,0.6,0.96,0.92
aurus-nsga2-apportion|aurus,cross,round-robin-arbiter-aurus,8,30,0.2333,0.8667,0.4,0.6667
aurus-nsga2-apportion|aurus,cross,round-robin-arbiter-aurus,9,30,0.7,0.8333,0.4,0.7667
aurus-nsga2-apportion|aurus,ctrl_x,round-robin-arbiter-aurus,8,30,0.6667,0.8,0.8,0.8333
aurus-nsga2-apportion|aurus,ctrl_y,round-robin-arbiter-aurus,8,30,0.8,0.5667,0.9333,0.7667
aurus-nsga2-apportion|aurus,cross,round-robin-arbiter-aurus,10,19,0.8421,0.8947,0.3684,0.6316
aurus-nsga2-apportion|aurus,cross,round-robin-arbiter-aurus,11,19,0.3684,0.8421,0.5789,0.9474
aurus-nsga2-apportion|aurus,ctrl_x,round-robin-arbiter-aurus,10,19,0.7368,0.7368,0.6316,0.5789
aurus-nsga2-apportion|aurus,ctrl_y,round-robin-arbiter-aurus,10,19,0.7368,0.6842,1.0,0.8421
aurus-nsga2-apportion|aurus,cross,round-robin-arbiter-aurus,12,27,0.3704,0.7037,0.2222,0.8148
aurus-nsga2-apportion|aurus,cross,round-robin-arbiter-aurus,13,27,0.5185,0.7778,0.5926,0.8889
aurus-nsga2-apportion|aurus,ctrl_x,round-robin-arbiter-aurus,12,27,0.7037,0.7407,0.8519,0.6296
aurus-nsga2-apportion|aurus,ctrl_y,round-robin-arbiter-aurus,12,27,0.5556,0.8519,0.4444,0.9259
aurus-nsga2-apportion|aurus,cross,round-robin-arbiter-aurus,14,27,0.4815,0.8519,0.4444,0.8889
aurus-nsga2-apportion|aurus,cross,round-robin-arbiter-aurus,15,27,0.4074,0.8889,0.3704,0.8889
aurus-nsga2-apportion|aurus,ctrl_x,round-robin-arbiter-aurus,14,27,0.5926,1.0,0.8148,0.9259
aurus-nsga2-apportion|aurus,ctrl_y,round-robin-arbiter-aurus,14,27,0.7407,0.8148,0.8889,0.6296
aurus-nsga2-apportion|aurus,cross,round-robin-arbiter-aurus,16,24,0.4167,0.75,0.4583,0.875
aurus-nsga2-apportion|aurus,cross,round-robin-arbiter-aurus,17,24,0.4167,0.7917,0.5,0.6667
aurus-nsga2-apportion|aurus,ctrl_x,round-robin-arbiter-aurus,16,24,0.75,0.875,0.7917,0.7083
aurus-nsga2-apportion|aurus,ctrl_y,round-robin-arbiter-aurus,16,24,0.5,0.4583,0.6667,0.7917
aurus-nsga2-apportion|aurus,cross,round-robin-arbiter-aurus,18,35,0.6,0.6571,0.6286,0.6857
aurus-nsga2-apportion|aurus,cross,round-robin-arbiter-aurus,19,35,0.3714,0.8857,0.3143,0.6571
aurus-nsga2-apportion|aurus,ctrl_x,round-robin-arbiter-aurus,18,35,0.8,0.7429,0.5143,0.6857
aurus-nsga2-apportion|aurus,ctrl_y,round-robin-arbiter-aurus,18,35,0.9714,0.6857,0.7143,0.7143
aurus-nsga2-apportion|aurus,cross,round-robin-arbiter-aurus,20,41,0.1707,0.9024,0.3171,0.3902
aurus-nsga2-apportion|aurus,cross,round-robin-arbiter-aurus,21,41,0.5366,0.8293,0.3902,0.5122
aurus-nsga2-apportion|aurus,ctrl_x,round-robin-arbiter-aurus,20,41,0.6585,0.8537,0.8049,0.7805
aurus-nsga2-apportion|aurus,ctrl_y,round-robin-arbiter-aurus,20,41,0.5366,0.8537,0.3659,0.6585
aurus-nsga2-apportion|aurus,cross,round-robin-arbiter-aurus,22,26,0.5385,0.8077,0.4231,0.6538
aurus-nsga2-apportion|aurus,cross,round-robin-arbiter-aurus,23,26,0.5385,0.7308,0.5769,0.7308
aurus-nsga2-apportion|aurus,ctrl_x,round-robin-arbiter-aurus,22,26,0.7692,0.7308,0.7692,0.8077
aurus-nsga2-apportion|aurus,ctrl_y,round-robin-arbiter-aurus,22,26,0.6923,0.8462,0.8846,1.0
aurus-nsga2-apportion|aurus,cross,round-robin-arbiter-aurus,24,30,0.4333,0.4667,0.3667,0.8333
aurus-nsga2-apportion|aurus,cross,round-robin-arbiter-aurus,25,30,0.7333,0.3667,0.6,0.8333
aurus-nsga2-apportion|aurus,ctrl_x,round-robin-arbiter-aurus,24,30,0.8,0.9,0.8667,0.8333
aurus-nsga2-apportion|aurus,ctrl_y,round-robin-arbiter-aurus,24,30,0.8,0.6667,0.8333,0.6
aurus-nsga2-apportion|aurus,cross,round-robin-arbiter-aurus,26,34,0.4706,0.9118,0.4118,0.7353
aurus-nsga2-apportion|aurus,cross,round-robin-arbiter-aurus,27,34,0.5882,0.7353,0.4412,0.8824
aurus-nsga2-apportion|aurus,ctrl_x,round-robin-arbiter-aurus,26,34,0.5588,0.7941,0.7353,0.9118
aurus-nsga2-apportion|aurus,ctrl_y,round-robin-arbiter-aurus,26,34,0.7647,0.8529,0.7941,0.8235
aurus-nsga2-apportion|aurus,cross,round-robin-arbiter-aurus,28,34,0.5882,0.7647,0.3235,0.7647
aurus-nsga2-apportion|aurus,cross,round-robin-arbiter-aurus,29,34,0.5,0.6176,0.4706,0.7059
aurus-nsga2-apportion|aurus,ctrl_x,round-robin-arbiter-aurus,28,34,0.6176,0.8235,0.6176,0.8529
aurus-nsga2-apportion|aurus,ctrl_y,round-robin-arbiter-aurus,28,34,0.6765,0.5882,0.6471,0.9412
mrs-nsga2-apportion|aurus,cross,simple-arbiter-aurus,0,17,0.8235,0.7059,0.5294,0.4118
mrs-nsga2-apportion|aurus,cross,simple-arbiter-aurus,1,17,0.8824,0.5294,0.3529,0.1765
mrs-nsga2-apportion|aurus,ctrl_x,simple-arbiter-aurus,0,17,0.7647,0.7647,0.5294,0.3529
mrs-nsga2-apportion|aurus,ctrl_y,simple-arbiter-aurus,0,17,0.5882,0.8824,1.0,0.8824
mrs-nsga2-apportion|aurus,cross,simple-arbiter-aurus,2,25,0.84,0.36,0.28,0.12
mrs-nsga2-apportion|aurus,cross,simple-arbiter-aurus,3,25,0.24,0.6,0.32,0.28
mrs-nsga2-apportion|aurus,ctrl_x,simple-arbiter-aurus,2,25,0.68,0.84,0.88,0.44
mrs-nsga2-apportion|aurus,ctrl_y,simple-arbiter-aurus,2,25,0.64,0.76,0.8,0.64
mrs-nsga2-apportion|aurus,cross,simple-arbiter-aurus,4,16,0.9375,0.4375,0.6875,0.1875
mrs-nsga2-apportion|aurus,cross,simple-arbiter-aurus,5,16,1.0,0.1875,0.5,0.4375
mrs-nsga2-apportion|aurus,ctrl_x,simple-arbiter-aurus,4,16,0.9375,0.8125,0.6875,0.6875
mrs-nsga2-apportion|aurus,ctrl_y,simple-arbiter-aurus,4,16,0.625,0.9375,0.9375,0.9375
mrs-nsga2-apportion|aurus,cross,simple-arbiter-aurus,6,26,0.6923,0.5,0.6923,0.3077
mrs-nsga2-apportion|aurus,cross,simple-arbiter-aurus,7,26,0.8462,0.5769,0.5769,0.2308
mrs-nsga2-apportion|aurus,ctrl_x,simple-arbiter-aurus,6,26,0.8846,0.7692,0.8846,0.6538
mrs-nsga2-apportion|aurus,ctrl_y,simple-arbiter-aurus,6,26,0.7308,0.7692,0.6923,0.9231
mrs-nsga2-apportion|aurus,cross,simple-arbiter-aurus,8,16,0.9375,0.6875,0.5625,0.875
mrs-nsga2-apportion|aurus,cross,simple-arbiter-aurus,9,16,1.0,0.1875,0.5625,0.25
mrs-nsga2-apportion|aurus,ctrl_x,simple-arbiter-aurus,8,16,0.75,0.8125,0.5,0.75
mrs-nsga2-apportion|aurus,ctrl_y,simple-arbiter-aurus,8,16,0.75,1.0,0.8125,1.0
mrs-nsga2-apportion|aurus,cross,simple-arbiter-aurus,10,17,0.9412,0.3529,0.5882,0.3529
mrs-nsga2-apportion|aurus,cross,simple-arbiter-aurus,11,17,0.7647,0.6471,0.5294,0.2353
mrs-nsga2-apportion|aurus,ctrl_x,simple-arbiter-aurus,10,17,0.9412,1.0,1.0,0.8824
mrs-nsga2-apportion|aurus,ctrl_y,simple-arbiter-aurus,10,17,0.7647,0.8824,0.5882,0.4706
mrs-nsga2-apportion|aurus,cross,simple-arbiter-aurus,12,16,0.125,0.75,0.375,0.125
mrs-nsga2-apportion|aurus,cross,simple-arbiter-aurus,13,16,1.0,0.625,0.8125,0.3125
mrs-nsga2-apportion|aurus,ctrl_x,simple-arbiter-aurus,12,16,0.75,1.0,0.4375,0.8125
mrs-nsga2-apportion|aurus,ctrl_y,simple-arbiter-aurus,12,16,0.6875,1.0,1.0,0.875
mrs-nsga2-apportion|aurus,cross,simple-arbiter-aurus,16,11,0.5455,0.8182,0.7273,0.8182
mrs-nsga2-apportion|aurus,cross,simple-arbiter-aurus,17,11,1.0,0.7273,1.0,0.3636
mrs-nsga2-apportion|aurus,ctrl_x,simple-arbiter-aurus,16,11,1.0,1.0,0.9091,1.0
mrs-nsga2-apportion|aurus,ctrl_y,simple-arbiter-aurus,16,11,0.6364,1.0,0.3636,0.7273
mrs-nsga2-apportion|aurus,cross,simple-arbiter-aurus,18,10,0.6,0.8,1.0,0.7
mrs-nsga2-apportion|aurus,cross,simple-arbiter-aurus,19,10,1.0,0.3,0.7,0.2
mrs-nsga2-apportion|aurus,ctrl_x,simple-arbiter-aurus,18,10,0.9,1.0,0.7,0.9
mrs-nsga2-apportion|aurus,ctrl_y,simple-arbiter-aurus,18,10,0.9,1.0,0.3,1.0
mrs-nsga2-apportion|aurus,cross,simple-arbiter-aurus,20,16,0.875,0.875,0.5,0.375
mrs-nsga2-apportion|aurus,cross,simple-arbiter-aurus,21,16,0.75,0.4375,0.375,0.4375
mrs-nsga2-apportion|aurus,ctrl_x,simple-arbiter-aurus,20,16,0.875,0.6875,0.9375,0.9375
mrs-nsga2-apportion|aurus,ctrl_y,simple-arbiter-aurus,20,16,0.875,0.8125,0.5625,0.8125
mrs-nsga2-apportion|aurus,cross,simple-arbiter-aurus,22,20,0.85,0.45,0.3,0.2
mrs-nsga2-apportion|aurus,cross,simple-arbiter-aurus,23,20,0.9,0.55,0.8,0.55
mrs-nsga2-apportion|aurus,ctrl_x,simple-arbiter-aurus,22,20,0.9,0.85,0.7,0.95
mrs-nsga2-apportion|aurus,ctrl_y,simple-arbiter-aurus,22,20,0.65,0.7,0.75,0.7
mrs-nsga2-apportion|aurus,cross,simple-arbiter-aurus,24,14,0.9286,0.4286,0.5,0.2857
mrs-nsga2-apportion|aurus,cross,simple-arbiter-aurus,25,14,0.5714,0.7143,0.2143,0.2143
mrs-nsga2-apportion|aurus,ctrl_x,simple-arbiter-aurus,24,14,0.9286,0.6429,0.7857,0.7143
mrs-nsga2-apportion|aurus,ctrl_y,simple-arbiter-aurus,24,14,1.0,0.7143,1.0,0.7857
mrs-nsga2-apportion|aurus,cross,simple-arbiter-aurus,26,25,1.0,0.44,0.56,0.32
mrs-nsga2-apportion|aurus,cross,simple-arbiter-aurus,27,25,0.84,0.32,0.72,0.24
mrs-nsga2-apportion|aurus,ctrl_x,simple-arbiter-aurus,26,25,1.0,0.96,0.88,0.92
mrs-nsga2-apportion|aurus,ctrl_y,simple-arbiter-aurus,26,25,0.52,0.64,0.84,0.68
mrs-nsga2-apportion|aurus,cross,simple-arbiter-aurus,28,27,0.7407,0.4815,0.4815,0.4074
mrs-nsga2-apportion|aurus,cross,simple-arbiter-aurus,29,27,0.9259,0.4815,0.5556,0.2593
mrs-nsga2-apportion|aurus,ctrl_x,simple-arbiter-aurus,28,27,0.7778,0.8519,0.6296,0.963
mrs-nsga2-apportion|aurus,ctrl_y,simple-arbiter-aurus,28,27,0.7778,0.963,0.6296,0.4815
mrs-nsga2-apportion|aurus-nsga2-apportion,cross,simple-arbiter-aurus,0,27,0.8148,0.8889,0.8148,0.7037
mrs-nsga2-apportion|aurus-nsga2-apportion,cross,simple-arbiter-aurus,1,27,0.5185,0.9259,0.5556,0.7778
mrs-nsga2-apportion|aurus-nsga2-apportion,ctrl_x,simple-arbiter-aurus,0,27,0.7778,0.7407,0.7037,0.4815
mrs-nsga2-apportion|aurus-nsga2-apportion,ctrl_y,simple-arbiter-aurus,0,27,0.8889,0.963,0.9259,0.7778
mrs-nsga2-apportion|aurus-nsga2-apportion,cross,simple-arbiter-aurus,2,25,0.8,0.92,1.0,0.68
mrs-nsga2-apportion|aurus-nsga2-apportion,cross,simple-arbiter-aurus,3,25,0.52,0.92,0.6,0.64
mrs-nsga2-apportion|aurus-nsga2-apportion,ctrl_x,simple-arbiter-aurus,2,25,0.68,0.84,0.88,0.44
mrs-nsga2-apportion|aurus-nsga2-apportion,ctrl_y,simple-arbiter-aurus,2,25,0.92,0.72,0.8,0.8
mrs-nsga2-apportion|aurus-nsga2-apportion,cross,simple-arbiter-aurus,4,24,0.7083,0.875,0.9167,0.6667
mrs-nsga2-apportion|aurus-nsga2-apportion,cross,simple-arbiter-aurus,5,24,0.9583,0.7917,0.6667,0.625
mrs-nsga2-apportion|aurus-nsga2-apportion,ctrl_x,simple-arbiter-aurus,4,24,0.875,0.875,0.7917,0.6667
mrs-nsga2-apportion|aurus-nsga2-apportion,ctrl_y,simple-arbiter-aurus,4,24,0.625,0.8333,0.75,0.8333
mrs-nsga2-apportion|aurus-nsga2-apportion,cross,simple-arbiter-aurus,6,30,0.8333,0.8,0.9667,0.8667
mrs-nsga2-apportion|aurus-nsga2-apportion,cross,simple-arbiter-aurus,7,30,0.8,0.7667,0.8,0.8667
mrs-nsga2-apportion|aurus-nsga2-apportion,ctrl_x,simple-arbiter-aurus,6,30,0.8,0.8333,0.9333,0.6667
mrs-nsga2-apportion|aurus-nsga2-apportion,ctrl_y,simple-arbiter-aurus,6,30,0.7333,0.8667,0.9,0.9
mrs-nsga2-apportion|aurus-nsga2-apportion,cross,simple-arbiter-aurus,8,28,0.7857,0.8571,0.5,0.8214
mrs-nsga2-apportion|aurus-nsga2-apportion,cross,simple-arbiter-aurus,9,28,0.8929,0.7143,0.7143,0.7143
mrs-nsga2-apportion|aurus-nsga2-apportion,ctrl_x,simple-arbiter-aurus,8,28,0.7857,0.75,0.6071,0.7143
mrs-nsga2-apportion|aurus-nsga2-apportion,ctrl_y,simple-arbiter-aurus,8,28,0.75,1.0,0.6429,0.7857
mrs-nsga2-apportion|aurus-nsga2-apportion,cross,simple-arbiter-aurus,10,23,0.8696,0.7826,0.6087,0.8261
mrs-nsga2-apportion|aurus-nsga2-apportion,cross,simple-arbiter-aurus,11,23,1.0,0.6957,0.6087,0.4783
mrs-nsga2-apportion|aurus-nsga2-apportion,ctrl_x,simple-arbiter-aurus,10,23,0.7826,1.0,0.8261,0.6957
mrs-nsga2-apportion|aurus-nsga2-apportion,ctrl_y,simple-arbiter-aurus,10,23,0.6957,0.9565,0.2609,0.5217
mrs-nsga2-apportion|aurus-nsga2-apportion,cross,simple-arbiter-aurus,12,15,0.5333,1.0,0.4667,0.7333
mrs-nsga2-apportion|aurus-nsga2-apportion,cross,simple-arbiter-aurus,13,15,1.0,1.0,0.8667,0.6
mrs-nsga2-apportion|aurus-nsga2-apportion,ctrl_x,simple-arbiter-aurus,12,15,0.6667,0.9333,0.6667,0.8
mrs-nsga2-apportion|aurus-nsga2-apportion,ctrl_y,simple-arbiter-aurus,12,15,1.0,1.0,0.6,1.0
mrs-nsga2-apportion|aurus-nsga2-apportion,cross,simple-arbiter-aurus,14,21,0.9524,0.9048,0.9048,0.8095
mrs-nsga2-apportion|aurus-nsga2-apportion,cross,simple-arbiter-aurus,15,21,0.9048,0.9524,1.0,0.9048
mrs-nsga2-apportion|aurus-nsga2-apportion,ctrl_x,simple-arbiter-aurus,14,21,0.9524,0.7619,0.9524,0.9524
mrs-nsga2-apportion|aurus-nsga2-apportion,ctrl_y,simple-arbiter-aurus,14,21,0.8571,0.9524,0.9048,0.8571
mrs-nsga2-apportion|aurus-nsga2-apportion,cross,simple-arbiter-aurus,16,21,0.9048,0.9524,0.619,0.9524
mrs-nsga2-apportion|aurus-nsga2-apportion,cross,simple-arbiter-aurus,17,21,0.9524,0.8095,0.8571,0.7619
mrs-nsga2-apportion|aurus-nsga2-apportion,ctrl_x,simple-arbiter-aurus,16,21,0.9048,0.9524,0.7619,0.8571
mrs-nsga2-apportion|aurus-nsga2-apportion,ctrl_y,simple-arbiter-aurus,16,21,0.8095,0.9524,0.7619,0.9048
mrs-nsga2-apportion|aurus-nsga2-apportion,cross,simple-arbiter-aurus,18,24,0.875,0.7917,0.8333,0.8333
mrs-nsga2-apportion|aurus-nsga2-apportion,cross,simple-arbiter-aurus,19,24,0.9583,0.7917,0.8333,0.6667
mrs-nsga2-apportion|aurus-nsga2-apportion,ctrl_x,simple-arbiter-aurus,18,24,0.6667,0.5833,0.625,0.75
mrs-nsga2-apportion|aurus-nsga2-apportion,ctrl_y,simple-arbiter-aurus,18,24,0.7083,0.8333,0.6667,1.0
mrs-nsga2-apportion|aurus-nsga2-apportion,cross,simple-arbiter-aurus,20,20,0.75,0.8,0.9,0.75
mrs-nsga2-apportion|aurus-nsga2-apportion,cross,simple-arbiter-aurus,21,20,0.85,0.9,0.95,0.7
mrs-nsga2-apportion|aurus-nsga2-apportion,ctrl_x,simple-arbiter-aurus,20,20,0.9,0.85,0.95,0.95
mrs-nsga2-apportion|aurus-nsga2-apportion,ctrl_y,simple-arbiter-aurus,20,20,0.9,0.85,0.55,0.9
mrs-nsga2-apportion|aurus-nsga2-apportion,cross,simple-arbiter-aurus,22,19,0.9474,0.8421,0.7368,1.0
mrs-nsga2-apportion|aurus-nsga2-apportion,cross,simple-arbiter-aurus,23,19,0.8947,0.8947,0.9474,0.9474
mrs-nsga2-apportion|aurus-nsga2-apportion,ctrl_x,simple-arbiter-aurus,22,19,1.0,0.9474,0.8947,1.0
mrs-nsga2-apportion|aurus-nsga2-apportion,ctrl_y,simple-arbiter-aurus,22,19,0.9474,1.0,1.0,1.0
mrs-nsga2-apportion|aurus-nsga2-apportion,cross,simple-arbiter-aurus,24,17,0.7647,1.0,0.8824,0.4118
mrs-nsga2-apportion|aurus-nsga2-apportion,cross,simple-arbiter-aurus,25,17,0.7647,0.7647,0.7647,0.8235
mrs-nsga2-apportion|aurus-nsga2-apportion,ctrl_x,simple-arbiter-aurus,24,17,0.8824,0.8235,0.7059,0.7059
mrs-nsga2-apportion|aurus-nsga2-apportion,ctrl_y,simple-arbiter-aurus,24,17,0.8235,0.7647,0.7059,0.8235
mrs-nsga2-apportion|aurus-nsga2-apportion,cross,simple-arbiter-aurus,26,29,0.7931,0.9655,0.931,0.931
mrs-nsga2-apportion|aurus-nsga2-apportion,cross,simple-arbiter-aurus,27,29,0.8966,0.8966,0.8621,0.7931
mrs-nsga2-apportion|aurus-nsga2-apportion,ctrl_x,simple-arbiter-aurus,26,29,0.931,0.8276,0.931,0.8966
mrs-nsga2-apportion|aurus-nsga2-apportion,ctrl_y,simple-arbiter-aurus,26,29,0.8621,0.7931,0.8276,0.8621
mrs-nsga2-apportion|aurus-nsga2-apportion,cross,simple-arbiter-aurus,28,27,0.7778,0.963,0.963,0.7778
mrs-nsga2-apportion|aurus-nsga2-apportion,cross,simple-arbiter-aurus,29,27,1.0,0.8519,0.963,0.7407
mrs-nsga2-apportion|aurus-nsga2-apportion,ctrl_x,simple-arbiter-aurus,28,27,0.7778,0.8519,0.6296,0.963
mrs-nsga2-apportion|aurus-nsga2-apportion,ctrl_y,simple-arbiter-aurus,28,27,0.7037,0.8889,0.7037,0.7778
mrs-nsga2-apportion|mrs-weighted,cross,simple-arbiter-aurus,0,35,0.8,0.8571,0.5143,0.7143
mrs-nsga2-apportion|mrs-weighted,cross,simple-arbiter-aurus,1,35,0.6,0.8857,0.3429,0.6
mrs-nsga2-apportion|mrs-weighted,ctrl_x,simple-arbiter-aurus,0,35,0.8,0.8571,0.6286,0.5429
mrs-nsga2-apportion|mrs-weighted,ctrl_y,simple-arbiter-aurus,0,35,0.6,0.7429,0.4286,0.4857
mrs-nsga2-apportion|mrs-weighted,cross,simple-arbiter-aurus,2,25,0.76,0.96,0.48,0.64
mrs-nsga2-apportion|mrs-weighted,cross,simple-arbiter-aurus,3,25,0.6,1.0,0.56,0.6
mrs-nsga2-apportion|mrs-weighted,ctrl_x,simple-arbiter-aurus,2,25,0.68,0.84,0.88,0.44
mrs-nsga2-apportion|mrs-weighted,ctrl_y,simple-arbiter-aurus,2,25,0.76,0.72,0.76,0.44
mrs-nsga2-apportion|mrs-weighted,cross,simple-arbiter-aurus,4,24,0.9167,0.75,0.375,0.5833
mrs-nsga2-apportion|mrs-weighted,cross,simple-arbiter-aurus,5,24,0.8333,0.625,0.5,0.6667
mrs-nsga2-apportion|mrs-weighted,ctrl_x,simple-arbiter-aurus,4,24,0.875,0.875,0.7917,0.6667
mrs-nsga2-apportion|mrs-weighted,ctrl_y,simple-arbiter-aurus,4,24,0.9583,0.875,0.5417,0.4167
mrs-nsga2-apportion|mrs-weighted,cross,simple-arbiter-aurus,6,30,0.7667,0.8,0.8333,0.7667
mrs-nsga2-apportion|mrs-weighted,cross,simple-arbiter-aurus,7,30,0.5,0.8667,0.2667,0.4667
mrs-nsga2-apportion|mrs-weighted,ctrl_x,simple-arbiter-aurus,6,30,0.8,0.8333,0.9333,0.6667
mrs-nsga2-apportion|mrs-weighted,ctrl_y,simple-arbiter-aurus,6,30,0.7667,0.8,0.6333,0.8
mrs-nsga2-apportion|mrs-weighted,cross,simple-arbiter-aurus,8,28,0.6786,0.9643,0.3214,0.8929
mrs-nsga2-apportion|mrs-weighted,cross,simple-arbiter-aurus,9,28,0.6786,0.6786,0.5357,0.6429
mrs-nsga2-apportion|mrs-weighted,ctrl_x,simple-arbiter-aurus,8,28,0.7857,0.75,0.6071,0.7143
mrs-nsga2-apportion|mrs-weighted,ctrl_y,simple-arbiter-aurus,8,28,0.6071,0.8214,0.3929,0.5
mrs-nsga2-apportion|mrs-weighted,cross,simple-arbiter-aurus,10,23,0.8696,0.6087,0.7391,0.7826
mrs-nsga2-apportion|mrs-weighted,cross,simple-arbiter-aurus,11,23,0.913,0.913,0.6087,0.8261
mrs-nsga2-apportion|mrs-weighted,ctrl_x,simple-arbiter-aurus,10,23,0.7826,1.0,0.8261,0.6957
mrs-nsga2-apportion|mrs-weighted,ctrl_y,simple-arbiter-aurus,10,23,0.8261,0.8261,0.7391,0.6522
mrs-nsga2-apportion|mrs-weighted,cross,simple-arbiter-aurus,12,23,0.5652,0.9565,0.2609,0.5217
mrs-nsga2-apportion|mrs-weighted,cross,simple-arbiter-aurus,13,23,0.7826,0.6522,0.6087,0.6087
mrs-nsga2-apportion|mrs-weighted,ctrl_x,simple-arbiter-aurus,12,23,0.4783,0.6522,0.2174,0.6957
mrs-nsga2-apportion|mrs-weighted,ctrl_y,simple-arbiter-aurus,12,23,0.5652,0.9565,0.6087,0.7391
mrs-nsga2-apportion|mrs-weighted,cross,simple-arbiter-aurus,14,21,0.9048,0.5238,0.4286,0.1905
mrs-nsga2-apportion|mrs-weighted,cross,simple-arbiter-aurus,15,21,0.7619,0.9524,0.5714,0.8095
mrs-nsga2-apportion|mrs-weighted,ctrl_x,simple-arbiter-aurus,14,21,0.9524,0.7619,0.9524,0.9524
mrs-nsga2-apportion|mrs-weighted,ctrl_y,simple-arbiter-aurus,14,21,1.0,0.8571,0.8095,0.6667
mrs-nsga2-apportion|mrs-weighted,cross,simple-arbiter-aurus,16,22,0.5909,1.0,0.4091,0.6364
mrs-nsga2-apportion|mrs-weighted,cross,simple-arbiter-aurus,17,22,0.8636,0.7727,0.7727,1.0
mrs-nsga2-apportion|mrs-weighted,ctrl_x,simple-arbiter-aurus,16,22,0.9091,0.9545,0.7727,0.9091
mrs-nsga2-apportion|mrs-weighted,ctrl_y,simple-arbiter-aurus,16,22,0.8636,1.0,0.7727,0.9091
mrs-nsga2-apportion|mrs-weighted,cross,simple-arbiter-aurus,18,33,0.5758,0.8485,0.3939,0.3636
mrs-nsga2-apportion|mrs-weighted,cross,simple-arbiter-aurus,19,33,0.8485,0.7879,0.8182,0.9394
mrs-nsga2-apportion|mrs-weighted,ctrl_x,simple-arbiter-aurus,18,33,0.8182,0.8788,0.6061,0.7273
mrs-nsga2-apportion|mrs-weighted,ctrl_y,simple-arbiter-aurus,18,33,0.5758,1.0,0.6364,0.7879
mrs-nsga2-apportion|mrs-weighted,cross,simple-arbiter-aurus,20,20,0.85,0.9,0.5,0.85
mrs-nsga2-apportion|mrs-weighted,cross,simple-arbiter-aurus,21,20,0.95,1.0,0.4,0.45
mrs-nsga2-apportion|mrs-weighted,ctrl_x,simple-arbiter-aurus,20,20,0.9,0.85,0.95,0.95
mrs-nsga2-apportion|mrs-weighted,ctrl_y,simple-arbiter-aurus,20,20,0.6,0.55,0.55,0.5
mrs-nsga2-apportion|mrs-weighted,cross,simple-arbiter-aurus,22,20,0.85,1.0,0.75,0.65
mrs-nsga2-apportion|mrs-weighted,cross,simple-arbiter-aurus,23,20,0.9,0.8,0.95,0.8
mrs-nsga2-apportion|mrs-weighted,ctrl_x,simple-arbiter-aurus,22,20,0.9,0.85,0.7,0.95
mrs-nsga2-apportion|mrs-weighted,ctrl_y,simple-arbiter-aurus,22,20,0.95,1.0,0.55,0.55
mrs-nsga2-apportion|mrs-weighted,cross,simple-arbiter-aurus,24,20,1.0,1.0,0.7,0.5
mrs-nsga2-apportion|mrs-weighted,cross,simple-arbiter-aurus,25,20,0.7,0.75,0.25,0.45
mrs-nsga2-apportion|mrs-weighted,ctrl_x,simple-arbiter-aurus,24,20,0.9,0.55,0.75,0.6
mrs-nsga2-apportion|mrs-weighted,ctrl_y,simple-arbiter-aurus,24,20,0.95,1.0,0.9,0.85
mrs-nsga2-apportion|mrs-weighted,cross,simple-arbiter-aurus,26,29,0.931,0.931,0.8966,0.5517
mrs-nsga2-apportion|mrs-weighted,cross,simple-arbiter-aurus,27,29,0.7241,0.6897,0.6207,0.7586
mrs-nsga2-apportion|mrs-weighted,ctrl_x,simple-arbiter-aurus,26,29,0.8621,0.7931,0.931,0.8276
mrs-nsga2-apportion|mrs-weighted,ctrl_y,simple-arbiter-aurus,26,29,0.8621,0.8621,0.4828,0.7241
mrs-nsga2-apportion|mrs-weighted,cross,simple-arbiter-aurus,28,27,0.7778,0.8519,0.6296,0.7037
mrs-nsga2-apportion|mrs-weighted,cross,simple-arbiter-aurus,29,27,0.9259,0.9259,0.5926,0.6667
mrs-nsga2-apportion|mrs-weighted,ctrl_x,simple-arbiter-aurus,28,27,0.7778,0.8519,0.6296,0.963
mrs-nsga2-apportion|mrs-weighted,ctrl_y,simple-arbiter-aurus,28,27,0.8889,0.7407,0.8889,0.5185
aurus-nsga2-apportion|aurus,cross,simple-arbiter-aurus,0,17,0.8824,0.7059,0.5882,0.4118
aurus-nsga2-apportion|aurus,cross,simple-arbiter-aurus,1,17,0.8824,0.6471,0.2941,0.1765
aurus-nsga2-apportion|aurus,ctrl_x,simple-arbiter-aurus,0,17,0.9412,0.6471,0.8235,1.0
aurus-nsga2-apportion|aurus,ctrl_y,simple-arbiter-aurus,0,17,0.5882,0.8824,1.0,0.8824
aurus-nsga2-apportion|aurus,cross,simple-arbiter-aurus,2,28,1.0,0.4643,0.6071,0.2857
aurus-nsga2-apportion|aurus,cross,simple-arbiter-aurus,3,28,0.8929,0.5,0.3929,0.3214
aurus-nsga2-apportion|aurus,ctrl_x,simple-arbiter-aurus,2,28,0.9643,0.8214,0.7857,0.9286
aurus-nsga2-apportion|aurus,ctrl_y,simple-arbiter-aurus,2,28,0.7143,0.8571,0.6786,0.8571
aurus-nsga2-apportion|aurus,cross,simple-arbiter-aurus,4,16,0.6875,0.4375,0.6875,0.25
aurus-nsga2-apportion|aurus,cross,simple-arbiter-aurus,5,16,0.9375,0.375,0.6875,0.375
aurus-nsga2-apportion|aurus,ctrl_x,simple-arbiter-aurus,4,16,1.0,0.9375,0.6875,0.8125
aurus-nsga2-apportion|aurus,ctrl_y,simple-arbiter-aurus,4,16,0.625,0.9375,0.9375,0.9375
aurus-nsga2-apportion|aurus,cross,simple-arbiter-aurus,6,26,0.7692,0.5385,0.5,0.3846
aurus-nsga2-apportion|aurus,cross,simple-arbiter-aurus,7,26,0.9615,0.6154,0.6538,0.4231
aurus-nsga2-apportion|aurus,ctrl_x,simple-arbiter-aurus,6,26,0.6923,0.9615,0.8846,0.8846
aurus-nsga2-apportion|aurus,ctrl_y,simple-arbiter-aurus,6,26,0.7308,0.7692,0.6923,0.9231
aurus-nsga2-apportion|aurus,cross,simple-arbiter-aurus,8,16,1.0,0.75,0.6875,0.875
aurus-nsga2-apportion|aurus,cross,simple-arbiter-aurus,9,16,1.0,0.4375,0.875,0.375
aurus-nsga2-apportion|aurus,ctrl_x,simple-arbiter-aurus,8,16,0.9375,1.0,1.0,1.0
aurus-nsga2-apportion|aurus,ctrl_y,simple-arbiter-aurus,8,16,0.75,1.0,0.8125,1.0
aurus-nsga2-apportion|aurus,cross,simple-arbiter-aurus,10,17,0.8824,0.1765,0.1765,0.3529
aurus-nsga2-apportion|aurus,cross,simple-arbiter-aurus,11,17,0.8235,0.7647,0.2941,0.4118
aurus-nsga2-apportion|aurus,ctrl_x,simple-arbiter-aurus,10,17,0.9412,1.0,0.2941,0.5294
aurus-nsga2-apportion|aurus,ctrl_y,simple-arbiter-aurus,10,17,0.7647,0.8824,0.5882,0.4706
aurus-nsga2-apportion|aurus,cross,simple-arbiter-aurus,12,15,1.0,0.7333,0.2667,0.2667
aurus-nsga2-apportion|aurus,cross,simple-arbiter-aurus,13,15,1.0,0.5333,0.6,0.2667
aurus-nsga2-apportion|aurus,ctrl_x,simple-arbiter-aurus,12,15,1.0,1.0,0.6667,0.9333
aurus-nsga2-apportion|aurus,ctrl_y,simple-arbiter-aurus,12,15,0.5333,0.9333,0.8667,0.7333
aurus-nsga2-apportion|aurus,cross,simple-arbiter-aurus,16,11,1.0,0.9091,0.9091,0.6364
aurus-nsga2-apportion|aurus,cross,simple-arbiter-aurus,17,11,1.0,0.6364,0.9091,0.3636
aurus-nsga2-apportion|aurus,ctrl_x,simple-arbiter-aurus,16,11,0.7273,1.0,0.5455,0.9091
aurus-nsga2-apportion|aurus,ctrl_y,simple-arbiter-aurus,16,11,0.6364,1.0,0.3636,0.7273
aurus-nsga2-apportion|aurus,cross,simple-arbiter-aurus,18,10,1.0,0.4,0.7,0.7
aurus-nsga2-apportion|aurus,cross,simple-arbiter-aurus,19,10,1.0,0.3,0.5,0.2
aurus-nsga2-apportion|aurus,ctrl_x,simple-arbiter-aurus,18,10,1.0,1.0,1.0,0.9
aurus-nsga2-apportion|aurus,ctrl_y,simple-arbiter-aurus,18,10,0.9,1.0,0.3,1.0
aurus-nsga2-apportion|aurus,cross,simple-arbiter-aurus,20,16,0.875,0.6875,0.4375,0.375
aurus-nsga2-apportion|aurus,cross,simple-arbiter-aurus,21,16,1.0,0.375,0.5625,0.375
aurus-nsga2-apportion|aurus,ctrl_x,simple-arbiter-aurus,20,16,1.0,0.8125,0.5625,0.6875
aurus-nsga2-apportion|aurus,ctrl_y,simple-arbiter-aurus,20,16,0.875,0.8125,0.5625,0.8125
aurus-nsga2-apportion|aurus,cross,simple-arbiter-aurus,22,19,1.0,0.7368,0.6842,0.2105
aurus-nsga2-apportion|aurus,cross,simple-arbiter-aurus,23,19,1.0,0.7368,0.5789,0.3158
aurus-nsga2-apportion|aurus,ctrl_x,simple-arbiter-aurus,22,19,0.9474,1.0,1.0,1.0
aurus-nsga2-apportion|aurus,ctrl_y,simple-arbiter-aurus,22,19,1.0,0.9474,1.0,0.9474
aurus-nsga2-apportion|aurus,cross,simple-arbiter-aurus,24,14,0.7857,0.5,0.3571,0.2857
aurus-nsga2-apportion|aurus,cross,simple-arbiter-aurus,25,14,0.0,0.5,0.0,0.2143
aurus-nsga2-apportion|aurus,ctrl_x,simple-arbiter-aurus,24,14,1.0,0.7857,0.5714,1.0
aurus-nsga2-apportion|aurus,ctrl_y,simple-arbiter-aurus,24,14,1.0,0.7143,1.0,0.7857
aurus-nsga2-apportion|aurus,cross,simple-arbiter-aurus,26,25,0.92,0.36,0.6,0.24
aurus-nsga2-apportion|aurus,cross,simple-arbiter-aurus,27,25,0.8,0.32,0.6,0.32
aurus-nsga2-apportion|aurus,ctrl_x,simple-arbiter-aurus,26,25,0.8,0.88,0.92,0.8
aurus-nsga2-apportion|aurus,ctrl_y,simple-arbiter-aurus,26,25,0.52,0.64,0.84,0.68
aurus-nsga2-apportion|aurus,cross,simple-arbiter-aurus,28,29,0.5862,0.4138,0.5862,0.3103
aurus-nsga2-apportion|aurus,cross,simple-arbiter-aurus,29,29,0.8276,0.4483,0.5862,0.1379
aurus-nsga2-apportion|aurus,ctrl_x,simple-arbiter-aurus,28,29,0.8276,0.931,0.7931,0.7931
aurus-nsga2-apportion|aurus,ctrl_y,simple-arbiter-aurus,28,29,0.6897,0.931,0.8621,0.5172
