comparison,kind,spec,seed,n,prec_y_in_x,prec_x_in_y,cov_x_by_y,cov_y_by_x
mrs-nsga2-apportion|aurus,cross,arbiter-aurus,0,22,0.2727,0.5455,0.1818,0.0909
mrs-nsga2-apportion|aurus,cross,arbiter-aurus,1,22,0.4545,0.3636,0.0909,0.1818
mrs-nsga2-apportion|aurus,ctrl_x,arbiter-aurus,0,22,0.7273,0.3636,0.4091,0.2273
mrs-nsga2-apportion|aurus,ctrl_y,arbiter-aurus,0,22,0.3182,0.4091,0.4091,0.3182
mrs-nsga2-apportion|aurus,cross,arbiter-aurus,2,32,0.5312,0.4375,0.25,0.1875
mrs-nsga2-apportion|aurus,cross,arbiter-aurus,3,32,0.2188,0.125,0.0625,0.125
mrs-nsga2-apportion|aurus,ctrl_x,arbiter-aurus,2,32,0.125,0.25,0.0625,0.125
mrs-nsga2-apportion|aurus,ctrl_y,arbiter-aurus,2,32,0.4688,0.5625,0.4375,0.5
mrs-nsga2-apportion|aurus,cross,arbiter-aurus,4,31,0.2581,0.0968,0.129,0.0968
mrs-nsga2-apportion|aurus,cross,arbiter-aurus,5,31,0.3226,0.2581,0.2903,0.1613
mrs-nsga2-apportion|aurus,ctrl_x,arbiter-aurus,4,31,0.6774,0.4839,0.3548,0.4194
mrs-nsga2-apportion|aurus,ctrl_y,arbiter-aurus,4,31,0.4516,0.3226,0.2581,0.1935
mrs-nsga2-apportion|aurus,cross,arbiter-aurus,6,30,0.8333,0.4667,0.2333,0.1667
mrs-nsga2-apportion|aurus,cross,arbiter-aurus,7,30,0.5333,0.4333,0.2333,0.1667
mrs-nsga2-apportion|aurus,ctrl_x,arbiter-aurus,6,30,0.7333,0.3333,0.2,0.0667
mrs-nsga2-apportion|aurus,ctrl_y,arbiter-aurus,6,30,0.2333,0.3333,0.2667,0.1667
mrs-nsga2-apportion|aurus,cross,arbiter-aurus,8,25,0.68,0.16,0.2,0.08
mrs-nsga2-apportion|aurus,cross,arbiter-aurus,9,25,0.2,0.56,0.2,0.24
mrs-nsga2-apportion|aurus,ctrl_x,arbiter-aurus,8,25,0.64,0.36,0.44,0.24
mrs-nsga2-apportion|aurus,ctrl_y,arbiter-aurus,8,25,0.4,0.68,0.32,0.24
mrs-nsga2-apportion|aurus,cross,arbiter-aurus,10,30,0.6333,0.5,0.1667,0.1667
mrs-nsga2-apportion|aurus,cross,arbiter-aurus,11,30,0.6667,0.1667,0.3333,0.1333
mrs-nsga2-apportion|aurus,ctrl_x,arbiter-aurus,10,30,0.4333,0.6,0.3,0.3667
mrs-nsga2-apportion|aurus,ctrl_y,arbiter-aurus,10,30,0.4667,0.5,0.4333,0.3
mrs-nsga2-apportion|aurus,cross,arbiter-aurus,12,33,0.5152,0.697,0.2121,0.1818
mrs-nsga2-apportion|aurus,cross,arbiter-aurus,13,33,0.697,0.0,0.0606,0.0
mrs-nsga2-apportion|aurus,ctrl_x,arbiter-aurus,12,33,0.4242,0.6061,0.2121,0.4242
mrs-nsga2-apportion|aurus,ctrl_y,arbiter-aurus,12,33,0.5758,0.2727,0.5455,0.2121
mrs-nsga2-apportion|aurus,cross,arbiter-aurus,14,25,0.64,0.36,0.28,0.32
mrs-nsga2-apportion|aurus,cross,arbiter-aurus,15,25,0.76,0.28,0.48,0.2
mrs-nsga2-apportion|aurus,ctrl_x,arbiter-aurus,14,25,0.48,0.52,0.32,0.32
mrs-nsga2-apportion|aurus,ctrl_y,arbiter-aurus,14,25,0.44,0.56,0.4,0.36
mrs-nsga2-apportion|aurus,cross,arbiter-aurus,16,33,0.6061,0.0909,0.2424,0.0606
mrs-nsga2-apportion|aurus,cross,arbiter-aurus,17,33,0.2424,0.1515,0.1818,0.0909
mrs-nsga2-apportion|aurus,ctrl_x,arbiter-aurus,16,33,0.3636,0.303,0.2727,0.3333
mrs-nsga2-apportion|aurus,ctrl_y,arbiter-aurus,16,33,0.2727,0.3636,0.1818,0.0606
mrs-nsga2-apportion|aurus,cross,arbiter-aurus,18,39,0.5128,0.6923,0.2564,0.2051
mrs-nsga2-apportion|aurus,cross,arbiter-aurus,19,39,0.3333,0.3333,0.1795,0.1538
mrs-nsga2-apportion|aurus,ctrl_x,arbiter-aurus,18,39,0.4103,0.3846,0.2821,0.2308
mrs-nsga2-apportion|aurus,ctrl_y,arbiter-aurus,18,39,0.4359,0.6667,0.2564,0.4359
mrs-nsga2-apportion|aurus,cross,arbiter-aurus,20,27,0.5556,0.1852,0.2222,0.1481
mrs-nsga2-apportion|aurus,cross,arbiter-aurus,21,27,0.4074,0.6296,0.2963,0.3704
mrs-nsga2-apportion|aurus,ctrl_x,arbiter-aurus,20,27,0.6667,0.1852,0.3704,0.1852
mrs-nsga2-apportion|aurus,ctrl_y,arbiter-aurus,20,27,0.4074,0.4444,0.4444,0.4444
mrs-nsga2-apportion|aurus,cross,arbiter-aurus,22,21,0.1429,0.6667,0.1905,0.2381
mrs-nsga2-apportion|aurus,cross,arbiter-aurus,23,21,0.5714,0.4762,0.1905,0.2381
mrs-nsga2-apportion|aurus,ctrl_x,arbiter-aurus,22,21,0.381,0.7143,0.4286,0.6667
mrs-nsga2-apportion|aurus,ctrl_y,arbiter-aurus,22,21,0.8095,0.2381,0.5714,0.2381
mrs-nsga2-apportion|aurus,cross,arbiter-aurus,24,15,0.6,0.5333,0.3333,0.2
mrs-nsga2-apportion|aurus,cross,arbiter-aurus,25,15,0.8667,0.8,0.3333,0.4667
mrs-nsga2-apportion|aurus,ctrl_x,arbiter-aurus,24,15,0.1333,0.6667,0.2,0.4
mrs-nsga2-apportion|aurus,ctrl_y,arbiter-aurus,24,15,0.8,0.2667,0.5333,0.2667
mrs-nsga2-apportion|aurus,cross,arbiter-aurus,26,41,0.439,0.1951,0.1463,0.122
mrs-nsga2-apportion|aurus,cross,arbiter-aurus,27,41,0.5366,0.439,0.1463,0.2927
mrs-nsga2-apportion|aurus,ctrl_x,arbiter-aurus,26,41,0.5366,0.6341,0.3902,0.1951
mrs-nsga2-apportion|aurus,ctrl_y,arbiter-aurus,26,41,0.4878,0.2683,0.2195,0.1951
mrs-nsga2-apportion|aurus,cross,arbiter-aurus,28,27,0.5926,0.4074,0.4074,0.1852
mrs-nsga2-apportion|aurus,cross,arbiter-aurus,29,27,0.0741,0.6667,0.1481,0.2963
mrs-nsga2-apportion|aurus,ctrl_x,arbiter-aurus,28,27,0.7407,0.4074,0.5556,0.2593
mrs-nsga2-apportion|aurus,ctrl_y,arbiter-aurus,28,27,0.5556,0.2593,0.3704,0.2593
mrs-nsga2-apportion|aurus-nsga2-apportion,cross,arbiter-aurus,0,22,0.6364,0.6364,0.2727,0.1364
mrs-nsga2-apportion|aurus-nsga2-apportion,cross,arbiter-aurus,1,22,0.2273,0.6364,0.2273,0.2727
mrs-nsga2-apportion|aurus-nsga2-apportion,ctrl_x,arbiter-aurus,0,22,0.7273,0.3636,0.4091,0.2273
mrs-nsga2-apportion|aurus-nsga2-apportion,ctrl_y,arbiter-aurus,0,22,0.7273,0.4091,0.6364,0.4091
mrs-nsga2-apportion|aurus-nsga2-apportion,cross,arbiter-aurus,2,37,0.4054,0.2703,0.1351,0.2703
mrs-nsga2-apportion|aurus-nsga2-apportion,cross,arbiter-aurus,3,37,0.3784,0.3784,0.2973,0.2162
mrs-nsga2-apportion|aurus-nsga2-apportion,ctrl_x,arbiter-aurus,2,37,0.1081,0.2973,0.1351,0.2973
mrs-nsga2-apportion|aurus-nsga2-apportion,ctrl_y,arbiter-aurus,2,37,0.3243,0.2432,0.0811,0.2162
mrs-nsga2-apportion|aurus-nsga2-apportion,cross,arbiter-aurus,4,28,0.4286,0.7143,0.2857,0.4286
mrs-nsga2-apportion|aurus-nsga2-apportion,cross,arbiter-aurus,5,28,0.3929,0.25,0.2143,0.2143
mrs-nsga2-apportion|aurus-nsga2-apportion,ctrl_x,arbiter-aurus,4,28,0.6071,0.5,0.3214,0.3214
mrs-nsga2-apportion|aurus-nsga2-apportion,ctrl_y,arbiter-aurus,4,28,0.5714,0.7857,0.3571,0.6071
mrs-nsga2-apportion|aurus-nsga2-apportion,cross,arbiter-aurus,6,28,0.6429,0.4286,0.3571,0.2143
mrs-nsga2-apportion|aurus-nsga2-apportion,cross,arbiter-aurus,7,28,0.6429,0.3214,0.2143,0.1786
mrs-nsga2-apportion|aurus-nsga2-apportion,ctrl_x,arbiter-aurus,6,28,0.6786,0.0714,0.1429,0.0714
mrs-nsga2-apportion|aurus-nsga2-apportion,ctrl_y,arbiter-aurus,6,28,0.4643,0.5357,0.3214,0.4286
mrs-nsga2-apportion|aurus-nsga2-apportion,cross,arbiter-aurus,8,25,0.8,0.32,0.52,0.4
mrs-nsga2-apportion|aurus-nsga2-apportion,cross,arbiter-aurus,9,25,0.36,0.76,0.44,0.68
mrs-nsga2-apportion|aurus-nsga2-apportion,ctrl_x,arbiter-aurus,8,25,0.64,0.36,0.44,0.24
mrs-nsga2-apportion|aurus-nsga2-apportion,ctrl_y,arbiter-aurus,8,25,0.32,0.2,0.12,0.24
mrs-nsga2-apportion|aurus-nsga2-apportion,cross,arbiter-aurus,10,28,0.5357,0.4286,0.5,0.3571
mrs-nsga2-apportion|aurus-nsga2-apportion,cross,arbiter-aurus,11,28,0.7143,0.5357,0.4643,0.4643
mrs-nsga2-apportion|aurus-nsga2-apportion,ctrl_x,arbiter-aurus,10,28,0.4286,0.3929,0.2857,0.25
mrs-nsga2-apportion|aurus-nsga2-apportion,ctrl_y,arbiter-aurus,10,28,0.4643,0.75,0.3929,0.4286
mrs-nsga2-apportion|aurus-nsga2-apportion,cross,arbiter-aurus,12,33,0.303,0.7576,0.3636,0.3333
mrs-nsga2-apportion|aurus-nsga2-apportion,cross,arbiter-aurus,13,33,0.6061,0.2424,0.303,0.2424
mrs-nsga2-apportion|aurus-nsga2-apportion,ctrl_x,arbiter-aurus,12,33,0.4545,0.6061,0.303,0.4242
mrs-nsga2-apportion|aurus-nsga2-apportion,ctrl_y,arbiter-aurus,12,33,0.6061,0.4848,0.2727,0.3939
mrs-nsga2-apportion|aurus-nsga2-apportion,cross,arbiter-aurus,14,25,0.36,0.48,0.36,0.24
mrs-nsga2-apportion|aurus-nsga2-apportion,cross,arbiter-aurus,15,25,0.76,0.24,0.32,0.04
mrs-nsga2-apportion|aurus-nsga2-apportion,ctrl_x,arbiter-aurus,14,25,0.48,0.52,0.32,0.32
mrs-nsga2-apportion|aurus-nsga2-apportion,ctrl_y,arbiter-aurus,14,25,0.44,0.88,0.2,0.28
mrs-nsga2-apportion|aurus-nsga2-apportion,cross,arbiter-aurus,16,21,0.7619,0.4762,0.5238,0.381
mrs-nsga2-apportion|aurus-nsga2-apportion,cross,arbiter-aurus,17,21,0.2381,0.2857,0.4286,0.1429
mrs-nsga2-apportion|aurus-nsga2-apportion,ctrl_x,arbiter-aurus,16,21,0.381,0.2857,0.2857,0.2857
mrs-nsga2-apportion|aurus-nsga2-apportion,ctrl_y,arbiter-aurus,16,21,0.381,0.4286,0.4762,0.5714
mrs-nsga2-apportion|aurus-nsga2-apportion,cross,arbiter-aurus,18,24,0.625,0.5833,0.375,0.25
mrs-nsga2-apportion|aurus-nsga2-apportion,cross,arbiter-aurus,19,24,0.4583,0.5,0.25,0.25
mrs-nsga2-apportion|aurus-nsga2-apportion,ctrl_x,arbiter-aurus,18,24,0.5,0.6667,0.375,0.4167
mrs-nsga2-apportion|aurus-nsga2-apportion,ctrl_y,arbiter-aurus,18,24,0.375,0.5833,0.25,0.1667
mrs-nsga2-apportion|aurus-nsga2-apportion,cross,arbiter-aurus,20,14,0.7143,0.7143,0.3571,0.1429
mrs-nsga2-apportion|aurus-nsga2-apportion,cross,arbiter-aurus,21,14,0.2857,0.6429,0.2143,0.5714
mrs-nsga2-apportion|aurus-nsga2-apportion,ctrl_x,arbiter-aurus,20,14,0.5714,0.2143,0.4286,0.0714
mrs-nsga2-apportion|aurus-nsga2-apportion,ctrl_y,arbiter-aurus,20,14,0.8571,0.7143,0.4286,0.3571
mrs-nsga2-apportion|aurus-nsga2-apportion,cross,arbiter-aurus,22,16,0.375,0.625,0.5,0.5625
mrs-nsga2-apportion|aurus-nsga2-apportion,cross,arbiter-aurus,23,16,0.625,0.5,0.5625,0.5625
mrs-nsga2-apportion|aurus-nsga2-apportion,ctrl_x,arbiter-aurus,22,16,0.25,0.4375,0.3125,0.625
mrs-nsga2-apportion|aurus-nsga2-apportion,ctrl_y,arbiter-aurus,22,16,0.5625,0.5,0.375,0.4375
mrs-nsga2-apportion|aurus-nsga2-apportion,cross,arbiter-aurus,24,15,0.2,0.6667,0.2,0.2667
mrs-nsga2-apportion|aurus-nsga2-apportion,cross,arbiter-aurus,25,15,0.6,0.8,0.2667,0.1333
mrs-nsga2-apportion|aurus-nsga2-apportion,ctrl_x,arbiter-aurus,24,15,0.1333,0.6667,0.2,0.4
mrs-nsga2-apportion|aurus-nsga2-apportion,ctrl_y,arbiter-aurus,24,15,0.7333,0.6667,0.5333,0.5333
mrs-nsga2-apportion|aurus-nsga2-apportion,cross,arbiter-aurus,26,14,0.5714,0.5714,0.5,0.3571
mrs-nsga2-apportion|aurus-nsga2-apportion,cross,arbiter-aurus,27,14,0.5,0.5,0.3571,0.4286
mrs-nsga2-apportion|aurus-nsga2-apportion,ctrl_x,arbiter-aurus,26,14,0.2143,0.7857,0.2143,0.5
mrs-nsga2-apportion|aurus-nsga2-apportion,ctrl_y,arbiter-aurus,26,14,0.5714,0.5714,0.5714,0.5
mrs-nsga2-apportion|aurus-nsga2-apportion,cross,arbiter-aurus,28,33,0.7879,0.303,0.2727,0.1515
mrs-nsga2-apportion|aurus-nsga2-apportion,cross,arbiter-aurus,29,33,0.3636,0.4545,0.2727,0.303
mrs-nsga2-apportion|aurus-nsga2-apportion,ctrl_x,arbiter-aurus,28,33,0.7273,0.3333,0.5455,0.2121
mrs-nsga2-apportion|aurus-nsga2-apportion,ctrl_y,arbiter-aurus,28,33,0.4242,0.3939,0.2727,0.1818
mrs-nsga2-apportion|mrs-weighted,cross,arbiter-aurus,0,22,0.2273,0.8182,0.4091,0.2727
mrs-nsga2-apportion|mrs-weighted,cross,arbiter-aurus,1,22,0.3636,0.8182,0.2727,0.2727
mrs-nsga2-apportion|mrs-weighted,ctrl_x,arbiter-aurus,0,22,0.7273,0.3636,0.4091,0.2273
mrs-nsga2-apportion|mrs-weighted,ctrl_y,arbiter-aurus,0,22,0.7727,0.3636,0.4091,0.2727
mrs-nsga2-apportion|mrs-weighted,cross,arbiter-aurus,2,38,0.2632,0.6053,0.1316,0.3684
mrs-nsga2-apportion|mrs-weighted,cross,arbiter-aurus,3,38,0.4211,0.6842,0.0526,0.2895
mrs-nsga2-apportion|mrs-weighted,ctrl_x,arbiter-aurus,2,38,0.1053,0.3421,0.1316,0.1842
mrs-nsga2-apportion|mrs-weighted,ctrl_y,arbiter-aurus,2,38,0.6316,0.8684,0.1842,0.3684
mrs-nsga2-apportion|mrs-weighted,cross,arbiter-aurus,4,39,0.3846,0.6923,0.1795,0.1538
mrs-nsga2-apportion|mrs-weighted,cross,arbiter-aurus,5,39,0.4872,0.5128,0.3077,0.359
mrs-nsga2-apportion|mrs-weighted,ctrl_x,arbiter-aurus,4,39,0.6923,0.4615,0.3077,0.3333
mrs-nsga2-apportion|mrs-weighted,ctrl_y,arbiter-aurus,4,39,0.6667,0.3077,0.3846,0.2308
mrs-nsga2-apportion|mrs-weighted,cross,arbiter-aurus,6,30,0.7333,0.5333,0.2333,0.2
mrs-nsga2-apportion|mrs-weighted,cross,arbiter-aurus,7,30,0.8333,0.3,0.3333,0.2
mrs-nsga2-apportion|mrs-weighted,ctrl_x,arbiter-aurus,6,30,0.7333,0.3333,0.2,0.0667
mrs-nsga2-apportion|mrs-weighted,ctrl_y,arbiter-aurus,6,30,0.4,0.1333,0.1333,0.2667
mrs-nsga2-apportion|mrs-weighted,cross,arbiter-aurus,8,25,0.44,0.32,0.32,0.08
mrs-nsga2-apportion|mrs-weighted,cross,arbiter-aurus,9,25,0.28,0.52,0.16,0.28
mrs-nsga2-apportion|mrs-weighted,ctrl_x,arbiter-aurus,8,25,0.64,0.36,0.44,0.24
mrs-nsga2-apportion|mrs-weighted,ctrl_y,arbiter-aurus,8,25,0.36,0.76,0.2,0.32
mrs-nsga2-apportion|mrs-weighted,cross,arbiter-aurus,10,32,0.5625,0.5312,0.4062,0.4375
mrs-nsga2-apportion|mrs-weighted,cross,arbiter-aurus,11,32,0.625,0.7188,0.3125,0.4688
mrs-nsga2-apportion|mrs-weighted,ctrl_x,arbiter-aurus,10,32,0.375,0.5312,0.3125,0.3125
mrs-nsga2-apportion|mrs-weighted,ctrl_y,arbiter-aurus,10,32,0.4375,0.5625,0.2188,0.3438
mrs-nsga2-apportion|mrs-weighted,cross,arbiter-aurus,12,33,0.5455,0.6061,0.2727,0.3939
mrs-nsga2-apportion|mrs-weighted,cross,arbiter-aurus,13,33,0.3636,0.2727,0.2727,0.1212
mrs-nsga2-apportion|mrs-weighted,ctrl_x,arbiter-aurus,12,33,0.4242,0.6061,0.2121,0.4242
mrs-nsga2-apportion|mrs-weighted,ctrl_y,arbiter-aurus,12,33,0.3333,0.6061,0.1212,0.2121
mrs-nsga2-apportion|mrs-weighted,cross,arbiter-aurus,14,39,0.4615,0.6154,0.2051,0.3846
mrs-nsga2-apportion|mrs-weighted,cross,arbiter-aurus,15,39,0.641,0.7949,0.4103,0.4103
mrs-nsga2-apportion|mrs-weighted,ctrl_x,arbiter-aurus,14,39,0.3846,0.641,0.2564,0.3333
mrs-nsga2-apportion|mrs-weighted,ctrl_y,arbiter-aurus,14,39,0.4359,0.3077,0.2564,0.3333
mrs-nsga2-apportion|mrs-weighted,cross,arbiter-aurus,16,33,0.6061,0.4242,0.303,0.2727
mrs-nsga2-apportion|mrs-weighted,cross,arbiter-aurus,17,33,0.2424,0.3636,0.1515,0.303
mrs-nsga2-apportion|mrs-weighted,ctrl_x,arbiter-aurus,16,33,0.3636,0.303,0.2727,0.3333
mrs-nsga2-apportion|mrs-weighted,ctrl_y,arbiter-aurus,16,33,0.8485,0.5455,0.2424,0.2424
mrs-nsga2-apportion|mrs-weighted,cross,arbiter-aurus,18,39,0.5128,0.7949,0.3077,0.4359
mrs-nsga2-apportion|mrs-weighted,cross,arbiter-aurus,19,39,0.3846,0.3846,0.1026,0.2051
mrs-nsga2-apportion|mrs-weighted,ctrl_x,arbiter-aurus,18,39,0.4103,0.2308,0.2821,0.2051
mrs-nsga2-apportion|mrs-weighted,ctrl_y,arbiter-aurus,18,39,0.6667,0.5128,0.2051,0.0769
mrs-nsga2-apportion|mrs-weighted,cross,arbiter-aurus,20,40,0.425,0.375,0.25,0.225
mrs-nsga2-apportion|mrs-weighted,cross,arbiter-aurus,21,40,0.225,0.65,0.1,0.275
mrs-nsga2-apportion|mrs-weighted,ctrl_x,arbiter-aurus,20,40,0.75,0.225,0.4,0.2
mrs-nsga2-apportion|mrs-weighted,ctrl_y,arbiter-aurus,20,40,0.375,0.55,0.275,0.2
mrs-nsga2-apportion|mrs-weighted,cross,arbiter-aurus,22,21,0.381,0.619,0.2857,0.381
mrs-nsga2-apportion|mrs-weighted,cross,arbiter-aurus,23,21,0.5714,0.4286,0.3333,0.3333
mrs-nsga2-apportion|mrs-weighted,ctrl_x,arbiter-aurus,22,21,0.381,0.7143,0.4286,0.6667
mrs-nsga2-apportion|mrs-weighted,ctrl_y,arbiter-aurus,22,21,0.3333,0.4762,0.4762,0.619
mrs-nsga2-apportion|mrs-weighted,cross,arbiter-aurus,24,15,0.4667,0.6,0.4,0.3333
mrs-nsga2-apportion|mrs-weighted,cross,arbiter-aurus,25,15,0.7333,0.6,0.2667,0.1333
mrs-nsga2-apportion|mrs-weighted,ctrl_x,arbiter-aurus,24,15,0.1333,0.6667,0.2,0.4
mrs-nsga2-apportion|mrs-weighted,ctrl_y,arbiter-aurus,24,15,0.8,0.0667,0.4667,0.0667
mrs-nsga2-apportion|mrs-weighted,cross,arbiter-aurus,26,42,0.2857,0.1667,0.1429,0.1429
mrs-nsga2-apportion|mrs-weighted,cross,arbiter-aurus,27,42,0.2143,0.381,0.2143,0.2381
mrs-nsga2-apportion|mrs-weighted,ctrl_x,arbiter-aurus,26,42,0.6667,0.619,0.4286,0.1905
mrs-nsga2-apportion|mrs-weighted,ctrl_y,arbiter-aurus,26,42,0.2857,0.3571,0.3571,0.2857
mrs-nsga2-apportion|mrs-weighted,cross,arbiter-aurus,28,37,0.6757,0.4324,0.3243,0.3784
mrs-nsga2-apportion|mrs-weighted,cross,arbiter-aurus,29,37,0.1351,0.7297,0.1351,0.2432
mrs-nsga2-apportion|mrs-weighted,ctrl_x,arbiter-aurus,28,37,0.6757,0.3514,0.5135,0.2162
mrs-nsga2-apportion|mrs-weighted,ctrl_y,arbiter-aurus,28,37,0.6757,0.3514,0.2973,0.4595
aurus-nsga2-apportion|aurus,cross,arbiter-aurus,0,26,0.3846,0.6923,0.2692,0.4231
aurus-nsga2-apportion|aurus,cross,arbiter-aurus,1,26,0.1154,0.1538,0.1154,0.1538
aurus-nsga2-apportion|aurus,ctrl_x,arbiter-aurus,0,26,0.6154,0.3846,0.5385,0.2692
aurus-nsga2-apportion|aurus,ctrl_y,arbiter-aurus,0,26,0.4231,0.4615,0.2308,0.3077
aurus-nsga2-apportion|aurus,cross,arbiter-aurus,2,32,0.6875,0.5312,0.3125,0.25
aurus-nsga2-apportion|aurus,cross,arbiter-aurus,3,32,0.0938,0.3125,0.0625,0.125
aurus-nsga2-apportion|aurus,ctrl_x,arbiter-aurus,2,32,0.4062,0.2812,0.125,0.3125
aurus-nsga2-apportion|aurus,ctrl_y,arbiter-aurus,2,32,0.4688,0.5625,0.4375,0.5
aurus-nsga2-apportion|aurus,cross,arbiter-aurus,4,28,0.0714,0.3571,0.0714,0.1071
aurus-nsga2-apportion|aurus,cross,arbiter-aurus,5,28,0.3214,0.1786,0.1429,0.1071
aurus-nsga2-apportion|aurus,ctrl_x,arbiter-aurus,4,28,0.5714,0.5714,0.3214,0.5714
aurus-nsga2-apportion|aurus,ctrl_y,arbiter-aurus,4,28,0.3214,0.3929,0.2143,0.2857
aurus-nsga2-apportion|aurus,cross,arbiter-aurus,6,28,0.5,0.6786,0.2143,0.2857
aurus-nsga2-apportion|aurus,cross,arbiter-aurus,7,28,0.1071,0.3929,0.0357,0.2857
aurus-nsga2-apportion|aurus,ctrl_x,arbiter-aurus,6,28,0.4643,0.5357,0.3214,0.4286
aurus-nsga2-apportion|aurus,ctrl_y,arbiter-aurus,6,28,0.6071,0.1071,0.2143,0.1429
aurus-nsga2-apportion|aurus,cross,arbiter-aurus,8,28,0.4643,0.3214,0.1071,0.1786
aurus-nsga2-apportion|aurus,cross,arbiter-aurus,9,28,0.5714,0.1429,0.1786,0.0714
aurus-nsga2-apportion|aurus,ctrl_x,arbiter-aurus,8,28,0.4643,0.2857,0.1429,0.2857
aurus-nsga2-apportion|aurus,ctrl_y,arbiter-aurus,8,28,0.3571,0.7143,0.1786,0.2857
aurus-nsga2-apportion|aurus,cross,arbiter-aurus,10,28,0.2857,0.5,0.1071,0.25
aurus-nsga2-apportion|aurus,cross,arbiter-aurus,11,28,0.7143,0.3214,0.2143,0.3214
aurus-nsga2-apportion|aurus,ctrl_x,arbiter-aurus,10,28,0.5714,0.6786,0.4286,0.4286
aurus-nsga2-apportion|aurus,ctrl_y,arbiter-aurus,10,28,0.6071,0.3214,0.5,0.2857
aurus-nsga2-apportion|aurus,cross,arbiter-aurus,12,33,0.5152,0.4848,0.2727,0.1515
aurus-nsga2-apportion|aurus,cross,arbiter-aurus,13,33,0.1818,0.2727,0.1515,0.1212
aurus-nsga2-apportion|aurus,ctrl_x,arbiter-aurus,12,33,0.6061,0.5455,0.2727,0.3939
aurus-nsga2-apportion|aurus,ctrl_y,arbiter-aurus,12,33,0.5758,0.2727,0.5455,0.2121
aurus-nsga2-apportion|aurus,cross,arbiter-aurus,14,25,0.8,0.32,0.2,0.12
aurus-nsga2-apportion|aurus,cross,arbiter-aurus,15,25,0.28,0.28,0.24,0.16
aurus-nsga2-apportion|aurus,ctrl_x,arbiter-aurus,14,25,0.24,0.8,0.12,0.28
aurus-nsga2-apportion|aurus,ctrl_y,arbiter-aurus,14,25,0.4,0.28,0.44,0.28
aurus-nsga2-apportion|aurus,cross,arbiter-aurus,16,21,0.3333,0.3333,0.1429,0.0952
aurus-nsga2-apportion|aurus,cross,arbiter-aurus,17,21,0.381,0.4286,0.1429,0.2857
aurus-nsga2-apportion|aurus,ctrl_x,arbiter-aurus,16,21,0.381,0.4286,0.4762,0.5714
aurus-nsga2-apportion|aurus,ctrl_y,arbiter-aurus,16,21,0.3333,0.3333,0.4286,0.1429
aurus-nsga2-apportion|aurus,cross,arbiter-aurus,18,24,0.2917,0.625,0.25,0.2083
aurus-nsga2-apportion|aurus,cross,arbiter-aurus,19,24,0.6667,0.375,0.125,0.1667
aurus-nsga2-apportion|aurus,ctrl_x,arbiter-aurus,18,24,0.25,0.5417,0.2083,0.1667
aurus-nsga2-apportion|aurus,ctrl_y,arbiter-aurus,18,24,0.4583,0.625,0.2917,0.3333
aurus-nsga2-apportion|aurus,cross,arbiter-aurus,20,14,0.9286,0.2143,0.2143,0.0714
aurus-nsga2-apportion|aurus,cross,arbiter-aurus,21,14,0.7857,1.0,0.0714,0.4286
aurus-nsga2-apportion|aurus,ctrl_x,arbiter-aurus,20,14,0.8571,0.5714,0.3571,0.2857
aurus-nsga2-apportion|aurus,ctrl_y,arbiter-aurus,20,14,0.5,0.7143,0.5714,0.6429
aurus-nsga2-apportion|aurus,cross,arbiter-aurus,22,16,0.25,0.8125,0.125,0.3125
aurus-nsga2-apportion|aurus,cross,arbiter-aurus,23,16,0.375,0.5,0.1875,0.25
aurus-nsga2-apportion|aurus,ctrl_x,arbiter-aurus,22,16,0.5,0.5,0.375,0.375
aurus-nsga2-apportion|aurus,ctrl_y,arbiter-aurus,22,16,0.5,0.375,0.3125,0.25
aurus-nsga2-apportion|aurus,cross,arbiter-aurus,24,24,0.5833,0.2083,0.25,0.125
aurus-nsga2-apportion|aurus,cross,arbiter-aurus,25,24,0.4583,0.25,0.2083,0.1667
aurus-nsga2-apportion|aurus,ctrl_x,arbiter-aurus,24,24,0.4583,0.375,0.4167,0.375
aurus-nsga2-apportion|aurus,ctrl_y,arbiter-aurus,24,24,0.5417,0.375,0.4583,0.25
aurus-nsga2-apportion|aurus,cross,arbiter-aurus,26,14,0.8571,0.4286,0.3571,0.2857
aurus-nsga2-apportion|aurus,cross,arbiter-aurus,27,14,0.5,0.5714,0.4286,0.2143
aurus-nsga2-apportion|aurus,ctrl_x,arbiter-aurus,26,14,0.7143,0.3571,0.6429,0.1429
aurus-nsga2-apportion|aurus,ctrl_y,arbiter-aurus,26,14,0.7857,0.2857,0.3571,0.1429
aurus-nsga2-apportion|aurus,cross,arbiter-aurus,28,27,0.7037,0.6667,0.2222,0.2963
aurus-nsga2-apportion|aurus,cross,arbiter-aurus,29,27,0.3333,0.6667,0.0741,0.0741
aurus-nsga2-apportion|aurus,ctrl_x,arbiter-aurus,28,27,0.3704,0.4074,0.3333,0.2222
aurus-nsga2-apportion|aurus,ctrl_y,arbiter-aurus,28,27,0.5556,0.2593,0.3704,0.2593
mrs-nsga2-apportion|aurus,cross,detector-aurus,0,10,0.5,0.6,0.5,0.5
mrs-nsga2-apportion|aurus,cross,detector-aurus,1,10,0.5,0.3,0.5,0.3
mrs-nsga2-apportion|aurus,ctrl_x,detector-aurus,0,10,0.8,0.8,0.8,0.8
mrs-nsga2-apportion|aurus,ctrl_y,detector-aurus,0,10,0.5,1.0,0.3,0.4
mrs-nsga2-apportion|aurus,cross,detector-aurus,2,17,0.7647,0.5882,0.4706,0.4706
mrs-nsga2-apportion|aurus,cross,detector-aurus,3,17,0.9412,0.5294,0.2353,0.1176
mrs-nsga2-apportion|aurus,ctrl_x,detector-aurus,2,17,0.1765,0.8235,0.1765,0.4118
mrs-nsga2-apportion|aurus,ctrl_y,detector-aurus,2,17,0.6471,0.7647,0.2941,0.5294
mrs-nsga2-apportion|aurus,cross,detector-aurus,4,16,0.5,0.1875,0.375,0.1875
mrs-nsga2-apportion|aurus,cross,detector-aurus,5,16,0.25,0.625,0.3125,0.3125
mrs-nsga2-apportion|aurus,ctrl_x,detector-aurus,4,16,0.6875,0.625,0.5,0.4375
mrs-nsga2-apportion|aurus,ctrl_y,detector-aurus,4,16,0.6875,0.5625,0.375,0.4375
mrs-nsga2-apportion|aurus,cross,detector-aurus,6,20,0.35,0.45,0.35,0.35
mrs-nsga2-apportion|aurus,cross,detector-aurus,7,20,0.7,0.5,0.3,0.35
mrs-nsga2-apportion|aurus,ctrl_x,detector-aurus,6,20,0.35,0.75,0.25,0.4
mrs-nsga2-apportion|aurus,ctrl_y,detector-aurus,6,20,0.7,0.35,0.7,0.35
mrs-nsga2-apportion|aurus,cross,detector-aurus,8,12,0.5833,0.25,0.6667,0.1667
mrs-nsga2-apportion|aurus,cross,detector-aurus,9,12,0.75,0.6667,0.4167,0.5833
mrs-nsga2-apportion|aurus,ctrl_x,detector-aurus,8,12,1.0,0.4167,0.6667,0.25
mrs-nsga2-apportion|aurus,ctrl_y,detector-aurus,8,12,0.5833,0.4167,0.5833,0.4167
mrs-nsga2-apportion|aurus,cross,detector-aurus,10,9,0.5556,0.7778,0.3333,0.7778
mrs-nsga2-apportion|aurus,cross,detector-aurus,11,9,0.7778,0.1111,0.2222,0.1111
mrs-nsga2-apportion|aurus,ctrl_x,detector-aurus,10,9,0.6667,0.6667,0.4444,0.5556
mrs-nsga2-apportion|aurus,ctrl_y,detector-aurus,10,9,0.8889,0.7778,0.5556,0.6667
mrs-nsga2-apportion|aurus,cross,detector-aurus,12,8,0.875,0.75,0.125,0.125
mrs-nsga2-apportion|aurus,cross,detector-aurus,13,8,0.5,0.125,0.25,0.125
mrs-nsga2-apportion|aurus,ctrl_x,detector-aurus,12,8,0.5,0.5,0.75,0.5
mrs-nsga2-apportion|aurus,ctrl_y,detector-aurus,12,8,0.375,0.75,0.375,0.375
mrs-nsga2-apportion|aurus,cross,detector-aurus,14,11,0.8182,0.2727,0.2727,0.1818
mrs-nsga2-apportion|aurus,cross,detector-aurus,15,11,0.0909,0.4545,0.2727,0.1818
mrs-nsga2-apportion|aurus,ctrl_x,detector-aurus,14,11,0.8182,0.2727,0.7273,0.4545
mrs-nsga2-apportion|aurus,ctrl_y,detector-aurus,14,11,0.7273,0.9091,0.6364,0.5455
mrs-nsga2-apportion|aurus,cross,detector-aurus,16,8,0.625,0.875,0.25,0.625
mrs-nsga2-apportion|aurus,cross,detector-aurus,17,8,0.375,0.0,0.25,0.0
mrs-nsga2-apportion|aurus,ctrl_x,detector-aurus,16,8,0.25,0.75,0.5,0.375
mrs-nsga2-apportion|aurus,ctrl_y,detector-aurus,16,8,0.5,0.75,0.625,0.5
mrs-nsga2-apportion|aurus,cross,detector-aurus,18,11,0.5455,0.6364,0.4545,0.5455
mrs-nsga2-apportion|aurus,cross,detector-aurus,19,11,0.9091,0.2727,0.2727,0.1818
mrs-nsga2-apportion|aurus,ctrl_x,detector-aurus,18,11,0.4545,0.6364,0.5455,0.3636
mrs-nsga2-apportion|aurus,ctrl_y,detector-aurus,18,11,0.7273,0.8182,0.5455,0.5455
mrs-nsga2-apportion|aurus,cross,detector-aurus,20,11,0.5455,0.6364,0.1818,0.2727
mrs-nsga2-apportion|aurus,cross,detector-aurus,21,11,0.4545,0.2727,0.1818,0.3636
mrs-nsga2-apportion|aurus,ctrl_x,detector-aurus,20,11,0.7273,0.1818,0.3636,0.1818
mrs-nsga2-apportion|aurus,ctrl_y,detector-aurus,20,11,0.2727,0.5455,0.4545,0.7273
mrs-nsga2-apportion|aurus,cross,detector-aurus,22,12,0.75,0.25,0.4167,0.1667
mrs-nsga2-apportion|aurus,cross,detector-aurus,23,12,0.4167,0.8333,0.5,0.3333
mrs-nsga2-apportion|aurus,ctrl_x,detector-aurus,22,12,0.5833,0.8333,0.5,0.6667
mrs-nsga2-apportion|aurus,ctrl_y,detector-aurus,22,12,0.6667,0.75,0.25,0.4167
mrs-nsga2-apportion|aurus,cross,detector-aurus,24,22,0.4545,0.3636,0.2727,0.4545
mrs-nsga2-apportion|aurus,cross,detector-aurus,25,22,0.8182,0.1818,0.3636,0.1818
mrs-nsga2-apportion|aurus,ctrl_x,detector-aurus,24,22,0.5,0.8182,0.2273,0.4545
mrs-nsga2-apportion|aurus,ctrl_y,detector-aurus,24,22,0.2727,0.6818,0.3182,0.4091
mrs-nsga2-apportion|aurus,cross,detector-aurus,26,12,0.75,0.3333,0.5833,0.5
mrs-nsga2-apportion|aurus,cross,detector-aurus,27,12,0.6667,0.8333,0.3333,0.3333
mrs-nsga2-apportion|aurus,ctrl_x,detector-aurus,26,12,0.75,0.5,0.5833,0.5833
mrs-nsga2-apportion|aurus,ctrl_y,detector-aurus,26,12,0.8333,0.6667,0.3333,0.6667
mrs-nsga2-apportion|aurus,cross,detector-aurus,28,15,0.8,0.4,0.5333,0.5333
mrs-nsga2-apportion|aurus,cross,detector-aurus,29,15,0.7333,0.4667,0.4667,0.4667
mrs-nsga2-apportion|aurus,ctrl_x,detector-aurus,28,15,0.7333,0.6,0.6667,0.6
mrs-nsga2-apportion|aurus,ctrl_y,detector-aurus,28,15,0.5333,0.4667,0.3333,0.3333
mrs-nsga2-apportion|aurus-nsga2-apportion,cross,detector-aurus,0,6,0.8333,1.0,0.8333,0.8333
mrs-nsga2-apportion|aurus-nsga2-apportion,cross,detector-aurus,1,6,0.8333,0.5,0.6667,0.3333
mrs-nsga2-apportion|aurus-nsga2-apportion,ctrl_x,detector-aurus,0,6,0.6667,1.0,0.8333,0.8333
mrs-nsga2-apportion|aurus-nsga2-apportion,ctrl_y,detector-aurus,0,6,0.5,1.0,0.6667,0.8333
mrs-nsga2-apportion|aurus-nsga2-apportion,cross,detector-aurus,2,7,0.4286,0.7143,0.5714,0.7143
mrs-nsga2-apportion|aurus-nsga2-apportion,cross,detector-aurus,3,7,0.8571,0.7143,1.0,0.7143
mrs-nsga2-apportion|aurus-nsga2-apportion,ctrl_x,detector-aurus,2,7,0.1429,0.8571,0.1429,0.2857
mrs-nsga2-apportion|aurus-nsga2-apportion,ctrl_y,detector-aurus,2,7,0.4286,0.7143,0.7143,0.7143
mrs-nsga2-apportion|aurus-nsga2-apportion,cross,detector-aurus,4,20,0.65,0.75,0.5,0.75
mrs-nsga2-apportion|aurus-nsga2-apportion,cross,detector-aurus,5,20,0.55,0.35,0.4,0.4
mrs-nsga2-apportion|aurus-nsga2-apportion,ctrl_x,detector-aurus,4,20,0.6,0.55,0.4,0.35
mrs-nsga2-apportion|aurus-nsga2-apportion,ctrl_y,detector-aurus,4,20,0.5,0.75,0.35,0.65
mrs-nsga2-apportion|aurus-nsga2-apportion,cross,detector-aurus,6,14,0.2857,0.5714,0.1429,0.7143
mrs-nsga2-apportion|aurus-nsga2-apportion,cross,detector-aurus,7,14,0.3571,0.2857,0.2857,0.2143
mrs-nsga2-apportion|aurus-nsga2-apportion,ctrl_x,detector-aurus,6,14,0.0714,0.6429,0.0714,0.4286
mrs-nsga2-apportion|aurus-nsga2-apportion,ctrl_y,detector-aurus,6,14,0.5,0.4286,0.1429,0.2857
mrs-nsga2-apportion|aurus-nsga2-apportion,cross,detector-aurus,8,11,0.8182,0.4545,0.3636,0.3636
mrs-nsga2-apportion|aurus-nsga2-apportion,cross,detector-aurus,9,11,0.6364,0.8182,0.2727,0.5455
mrs-nsga2-apportion|aurus-nsga2-apportion,ctrl_x,detector-aurus,8,11,0.6364,0.2727,0.4545,0.3636
mrs-nsga2-apportion|aurus-nsga2-apportion,ctrl_y,detector-aurus,8,11,0.6364,0.5455,0.3636,0.2727
mrs-nsga2-apportion|aurus-nsga2-apportion,cross,detector-aurus,10,9,0.2222,0.8889,0.3333,0.7778
mrs-nsga2-apportion|aurus-nsga2-apportion,cross,detector-aurus,11,9,0.7778,0.5556,0.7778,0.5556
mrs-nsga2-apportion|aurus-nsga2-apportion,ctrl_x,detector-aurus,10,9,0.6667,0.6667,0.4444,0.5556
mrs-nsga2-apportion|aurus-nsga2-apportion,ctrl_y,detector-aurus,10,9,0.3333,1.0,0.3333,0.7778
mrs-nsga2-apportion|aurus-nsga2-apportion,cross,detector-aurus,12,12,0.9167,0.5,0.6667,0.3333
mrs-nsga2-apportion|aurus-nsga2-apportion,cross,detector-aurus,13,12,0.5,0.8333,0.25,0.6667
mrs-nsga2-apportion|aurus-nsga2-apportion,ctrl_x,detector-aurus,12,12,0.8333,0.5833,0.5833,0.3333
mrs-nsga2-apportion|aurus-nsga2-apportion,ctrl_y,detector-aurus,12,12,0.75,0.6667,0.6667,0.6667
mrs-nsga2-apportion|aurus-nsga2-apportion,cross,detector-aurus,14,32,0.4688,0.75,0.375,0.5312
mrs-nsga2-apportion|aurus-nsga2-apportion,cross,detector-aurus,15,32,0.6562,0.5625,0.4375,0.3438
mrs-nsga2-apportion|aurus-nsga2-apportion,ctrl_x,detector-aurus,14,32,0.3125,0.5312,0.3125,0.3438
mrs-nsga2-apportion|aurus-nsga2-apportion,ctrl_y,detector-aurus,14,32,0.5625,0.5312,0.3438,0.3125
mrs-nsga2-apportion|aurus-nsga2-apportion,cross,detector-aurus,16,8,0.5,0.625,0.375,0.375
mrs-nsga2-apportion|aurus-nsga2-apportion,cross,detector-aurus,17,8,0.875,0.625,0.625,0.375
mrs-nsga2-apportion|aurus-nsga2-apportion,ctrl_x,detector-aurus,16,8,0.25,0.75,0.5,0.375
mrs-nsga2-apportion|aurus-nsga2-apportion,ctrl_y,detector-aurus,16,8,0.75,1.0,0.75,1.0
mrs-nsga2-apportion|aurus-nsga2-apportion,cross,detector-aurus,18,11,0.9091,0.0909,0.5455,0.0909
mrs-nsga2-apportion|aurus-nsga2-apportion,cross,detector-aurus,19,11,0.7273,0.5455,0.3636,0.4545
mrs-nsga2-apportion|aurus-nsga2-apportion,ctrl_x,detector-aurus,18,11,0.4545,0.6364,0.5455,0.3636
mrs-nsga2-apportion|aurus-nsga2-apportion,ctrl_y,detector-aurus,18,11,0.5455,0.2727,0.3636,0.2727
mrs-nsga2-apportion|aurus-nsga2-apportion,cross,detector-aurus,20,14,0.2857,0.7857,0.1429,0.4286
mrs-nsga2-apportion|aurus-nsga2-apportion,cross,detector-aurus,21,14,0.5,0.8571,0.4286,0.7143
mrs-nsga2-apportion|aurus-nsga2-apportion,ctrl_x,detector-aurus,20,14,0.5,0.7857,0.2857,0.6429
mrs-nsga2-apportion|aurus-nsga2-apportion,ctrl_y,detector-aurus,20,14,0.5,0.7857,0.5714,0.3571
mrs-nsga2-apportion|aurus-nsga2-apportion,cross,detector-aurus,22,21,0.5238,0.5238,0.381,0.381
mrs-nsga2-apportion|aurus-nsga2-apportion,cross,detector-aurus,23,21,0.7143,0.2381,0.4286,0.381
mrs-nsga2-apportion|aurus-nsga2-apportion,ctrl_x,detector-aurus,22,21,0.7143,0.619,0.7619,0.7619
mrs-nsga2-apportion|aurus-nsga2-apportion,ctrl_y,detector-aurus,22,21,0.5714,0.7619,0.5714,0.6667
mrs-nsga2-apportion|aurus-nsga2-apportion,cross,detector-aurus,24,17,0.5882,0.7059,0.4118,0.3529
mrs-nsga2-apportion|aurus-nsga2-apportion,cross,detector-aurus,25,17,0.8235,0.4706,0.2353,0.2941
mrs-nsga2-apportion|aurus-nsga2-apportion,ctrl_x,detector-aurus,24,17,0.5882,0.7059,0.2941,0.5882
mrs-nsga2-apportion|aurus-nsga2-apportion,ctrl_y,detector-aurus,24,17,0.7647,0.2941,0.4706,0.2353
mrs-nsga2-apportion|aurus-nsga2-apportion,cross,detector-aurus,26,12,0.75,0.9167,0.6667,0.8333
mrs-nsga2-apportion|aurus-nsga2-apportion,cross,detector-aurus,27,12,0.8333,0.75,0.3333,0.1667
mrs-nsga2-apportion|aurus-nsga2-apportion,ctrl_x,detector-aurus,26,12,0.75,0.5,0.5833,0.5833
mrs-nsga2-apportion|aurus-nsga2-apportion,ctrl_y,detector-aurus,26,12,0.1667,0.6667,0.1667,0.4167
mrs-nsga2-apportion|aurus-nsga2-apportion,cross,detector-aurus,28,10,0.8,0.6,0.4,0.4
mrs-nsga2-apportion|aurus-nsga2-apportion,cross,detector-aurus,29,10,0.7,0.6,0.4,0.7
mrs-nsga2-apportion|aurus-nsga2-apportion,ctrl_x,detector-aurus,28,10,0.6,0.6,0.5,0.6
mrs-nsga2-apportion|aurus-nsga2-apportion,ctrl_y,detector-aurus,28,10,0.6,0.6,0.3,0.4
mrs-nsga2-apportion|mrs-weighted,cross,detector-aurus,0,10,0.6,1.0,0.5,0.9
mrs-nsga2-apportion|mrs-weighted,cross,detector-aurus,1,10,0.5,0.7,0.4,0.9
mrs-nsga2-apportion|mrs-weighted,ctrl_x,detector-aurus,0,10,0.8,0.8,0.8,0.8
mrs-nsga2-apportion|mrs-weighted,ctrl_y,detector-aurus,0,10,0.6,0.6,0.5,0.8
mrs-nsga2-apportion|mrs-weighted,cross,detector-aurus,2,17,0.2941,0.6471,0.2941,0.4118
mrs-nsga2-apportion|mrs-weighted,cross,detector-aurus,3,17,0.8235,0.8824,0.3529,0.3529
mrs-nsga2-apportion|mrs-weighted,ctrl_x,detector-aurus,2,17,0.1765,0.8235,0.1765,0.4118
mrs-nsga2-apportion|mrs-weighted,ctrl_y,detector-aurus,2,17,0.6471,0.2941,0.4118,0.3529
mrs-nsga2-apportion|mrs-weighted,cross,detector-aurus,4,20,0.3,0.3,0.25,0.45
mrs-nsga2-apportion|mrs-weighted,cross,detector-aurus,5,20,0.3,0.75,0.3,0.55
mrs-nsga2-apportion|mrs-weighted,ctrl_x,detector-aurus,4,20,0.6,0.55,0.4,0.35
mrs-nsga2-apportion|mrs-weighted,ctrl_y,detector-aurus,4,20,0.5,0.6,0.3,0.45
mrs-nsga2-apportion|mrs-weighted,cross,detector-aurus,6,20,0.5,0.65,0.35,0.55
mrs-nsga2-apportion|mrs-weighted,cross,detector-aurus,7,20,0.55,0.65,0.35,0.45
mrs-nsga2-apportion|mrs-weighted,ctrl_x,detector-aurus,6,20,0.35,0.75,0.25,0.4
mrs-nsga2-apportion|mrs-weighted,ctrl_y,detector-aurus,6,20,0.5,0.5,0.3,0.35
mrs-nsga2-apportion|mrs-weighted,cross,detector-aurus,8,20,0.65,0.85,0.3,0.2
mrs-nsga2-apportion|mrs-weighted,cross,detector-aurus,9,20,0.3,0.95,0.2,0.4
mrs-nsga2-apportion|mrs-weighted,ctrl_x,detector-aurus,8,20,0.8,0.3,0.35,0.35
mrs-nsga2-apportion|mrs-weighted,ctrl_y,detector-aurus,8,20,0.8,0.45,0.45,0.35
mrs-nsga2-apportion|mrs-weighted,cross,detector-aurus,10,14,0.2857,0.7857,0.2857,0.5
mrs-nsga2-apportion|mrs-weighted,cross,detector-aurus,11,14,0.5714,0.9286,0.2143,0.4286
mrs-nsga2-apportion|mrs-weighted,ctrl_x,detector-aurus,10,14,0.5714,0.9286,0.3571,0.7857
mrs-nsga2-apportion|mrs-weighted,ctrl_y,detector-aurus,10,14,0.7857,0.6429,0.4286,0.4286
mrs-nsga2-apportion|mrs-weighted,cross,detector-aurus,12,12,0.75,0.25,0.75,0.3333
mrs-nsga2-apportion|mrs-weighted,cross,detector-aurus,13,12,0.3333,0.5,0.3333,0.4167
mrs-nsga2-apportion|mrs-weighted,ctrl_x,detector-aurus,12,12,0.8333,0.5833,0.5833,0.3333
mrs-nsga2-apportion|mrs-weighted,ctrl_y,detector-aurus,12,12,0.75,0.0833,0.3333,0.0833
mrs-nsga2-apportion|mrs-weighted,cross,detector-aurus,14,34,0.7353,0.7059,0.2353,0.3235
mrs-nsga2-apportion|mrs-weighted,cross,detector-aurus,15,34,0.6176,0.6176,0.2059,0.4412
mrs-nsga2-apportion|mrs-weighted,ctrl_x,detector-aurus,14,34,0.5294,0.6471,0.3235,0.3235
mrs-nsga2-apportion|mrs-weighted,ctrl_y,detector-aurus,14,34,0.8235,0.7647,0.3824,0.4118
mrs-nsga2-apportion|mrs-weighted,cross,detector-aurus,16,8,0.375,0.625,0.125,0.625
mrs-nsga2-apportion|mrs-weighted,cross,detector-aurus,17,8,0.625,0.5,0.5,0.75
mrs-nsga2-apportion|mrs-weighted,ctrl_x,detector-aurus,16,8,0.25,0.75,0.5,0.375
mrs-nsga2-apportion|mrs-weighted,ctrl_y,detector-aurus,16,8,0.5,0.5,0.5,0.625
mrs-nsga2-apportion|mrs-weighted,cross,detector-aurus,18,11,0.9091,0.8182,0.7273,0.5455
mrs-nsga2-apportion|mrs-weighted,cross,detector-aurus,19,11,0.9091,0.6364,0.7273,0.3636
mrs-nsga2-apportion|mrs-weighted,ctrl_x,detector-aurus,18,11,0.4545,0.6364,0.5455,0.3636
mrs-nsga2-apportion|mrs-weighted,ctrl_y,detector-aurus,18,11,0.3636,0.6364,0.6364,0.2727
mrs-nsga2-apportion|mrs-weighted,cross,detector-aurus,20,23,0.4348,0.6522,0.0435,0.087
mrs-nsga2-apportion|mrs-weighted,cross,detector-aurus,21,23,0.3478,0.6087,0.3043,0.2609
mrs-nsga2-apportion|mrs-weighted,ctrl_x,detector-aurus,20,23,0.913,0.3913,0.3478,0.5652
mrs-nsga2-apportion|mrs-weighted,ctrl_y,detector-aurus,20,23,0.2174,0.6522,0.2609,0.5652
mrs-nsga2-apportion|mrs-weighted,cross,detector-aurus,22,23,0.1739,0.7826,0.1739,0.4783
mrs-nsga2-apportion|mrs-weighted,cross,detector-aurus,23,23,0.6087,0.4783,0.087,0.3913
mrs-nsga2-apportion|mrs-weighted,ctrl_x,detector-aurus,22,23,0.8696,0.5217,0.7391,0.3913
mrs-nsga2-apportion|mrs-weighted,ctrl_y,detector-aurus,22,23,0.6087,0.5652,0.3043,0.3913
mrs-nsga2-apportion|mrs-weighted,cross,detector-aurus,24,22,0.4545,0.6364,0.2727,0.2727
mrs-nsga2-apportion|mrs-weighted,cross,detector-aurus,25,22,0.6818,0.7273,0.3636,0.2727
mrs-nsga2-apportion|mrs-weighted,ctrl_x,detector-aurus,24,22,0.5,0.8182,0.2273,0.4545
mrs-nsga2-apportion|mrs-weighted,ctrl_y,detector-aurus,24,22,0.8636,0.3636,0.4545,0.3636
mrs-nsga2-apportion|mrs-weighted,cross,detector-aurus,26,12,0.75,0.9167,0.25,0.6667
mrs-nsga2-apportion|mrs-weighted,cross,detector-aurus,27,12,0.9167,0.1667,0.5,0.1667
mrs-nsga2-apportion|mrs-weighted,ctrl_x,detector-aurus,26,12,0.75,0.5,0.5833,0.5833
mrs-nsga2-apportion|mrs-weighted,ctrl_y,detector-aurus,26,12,0.5,0.5833,0.1667,0.5833
mrs-nsga2-apportion|mrs-weighted,cross,detector-aurus,28,15,0.7333,0.8,0.3333,0.5333
mrs-nsga2-apportion|mrs-weighted,cross,detector-aurus,29,15,0.4,0.7333,0.3333,0.5333
mrs-nsga2-apportion|mrs-weighted,ctrl_x,detector-aurus,28,15,0.7333,0.6,0.6667,0.6
mrs-nsga2-apportion|mrs-weighted,ctrl_y,detector-aurus,28,15,0.5333,0.8667,0.3333,0.6
aurus-nsga2-apportion|aurus,cross,detector-aurus,0,6,0.1667,0.8333,0.3333,0.3333
aurus-nsga2-apportion|aurus,cross,detector-aurus,1,6,1.0,0.6667,0.8333,0.6667
aurus-nsga2-apportion|aurus,ctrl_x,detector-aurus,0,6,0.6667,1.0,1.0,0.6667
aurus-nsga2-apportion|aurus,ctrl_y,detector-aurus,0,6,0.6667,0.6667,0.5,0.5
aurus-nsga2-apportion|aurus,cross,detector-aurus,2,7,0.7143,0.4286,0.7143,0.4286
aurus-nsga2-apportion|aurus,cross,detector-aurus,3,7,0.4286,0.1429,0.4286,0.4286
aurus-nsga2-apportion|aurus,ctrl_x,detector-aurus,2,7,0.5714,0.8571,0.7143,0.4286
aurus-nsga2-apportion|aurus,ctrl_y,detector-aurus,2,7,0.5714,0.2857,0.5714,0.1429
aurus-nsga2-apportion|aurus,cross,detector-aurus,4,16,0.375,0.3125,0.1875,0.1875
aurus-nsga2-apportion|aurus,cross,detector-aurus,5,16,0.5,0.75,0.4375,0.375
aurus-nsga2-apportion|aurus,ctrl_x,detector-aurus,4,16,0.5625,0.625,0.5,0.375
aurus-nsga2-apportion|aurus,ctrl_y,detector-aurus,4,16,0.6875,0.5625,0.375,0.4375
aurus-nsga2-apportion|aurus,cross,detector-aurus,6,14,0.5,0.5,0.2143,0.3571
aurus-nsga2-apportion|aurus,cross,detector-aurus,7,14,0.7857,0.5,0.4286,0.5
aurus-nsga2-apportion|aurus,ctrl_x,detector-aurus,6,14,0.3571,0.2857,0.1429,0.1429
aurus-nsga2-apportion|aurus,ctrl_y,detector-aurus,6,14,0.7857,0.4286,0.7857,0.5
aurus-nsga2-apportion|aurus,cross,detector-aurus,8,11,0.6364,0.1818,0.3636,0.2727
aurus-nsga2-apportion|aurus,cross,detector-aurus,9,11,0.9091,0.6364,0.6364,0.6364
aurus-nsga2-apportion|aurus,ctrl_x,detector-aurus,8,11,0.8182,0.2727,0.3636,0.4545
aurus-nsga2-apportion|aurus,ctrl_y,detector-aurus,8,11,0.5455,0.6364,0.4545,0.3636
aurus-nsga2-apportion|aurus,cross,detector-aurus,10,9,0.6667,0.4444,0.2222,0.3333
aurus-nsga2-apportion|aurus,cross,detector-aurus,11,9,0.8889,0.2222,0.7778,0.1111
aurus-nsga2-apportion|aurus,ctrl_x,detector-aurus,10,9,0.4444,0.7778,0.2222,0.5556
aurus-nsga2-apportion|aurus,ctrl_y,detector-aurus,10,9,0.4444,0.7778,0.3333,0.5556
aurus-nsga2-apportion|aurus,cross,detector-aurus,12,8,1.0,0.625,0.25,0.375
aurus-nsga2-apportion|aurus,cross,detector-aurus,13,8,0.5,0.25,0.625,0.125
aurus-nsga2-apportion|aurus,ctrl_x,detector-aurus,12,8,0.875,0.5,0.5,0.75
aurus-nsga2-apportion|aurus,ctrl_y,detector-aurus,12,8,0.375,0.75,0.375,0.375
aurus-nsga2-apportion|aurus,cross,detector-aurus,14,11,0.6364,0.5455,0.5455,0.4545
aurus-nsga2-apportion|aurus,cross,detector-aurus,15,11,0.9091,0.5455,0.4545,0.1818
aurus-nsga2-apportion|aurus,ctrl_x,detector-aurus,14,11,0.6364,0.4545,0.3636,0.3636
aurus-nsga2-apportion|aurus,ctrl_y,detector-aurus,14,11,0.7273,0.9091,0.6364,0.5455
aurus-nsga2-apportion|aurus,cross,detector-aurus,16,11,0.4545,0.9091,0.4545,0.5455
aurus-nsga2-apportion|aurus,cross,detector-aurus,17,11,0.4545,0.7273,0.3636,0.0909
aurus-nsga2-apportion|aurus,ctrl_x,detector-aurus,16,11,0.1818,1.0,0.1818,0.4545
aurus-nsga2-apportion|aurus,ctrl_y,detector-aurus,16,11,0.8182,0.6364,0.5455,0.4545
aurus-nsga2-apportion|aurus,cross,detector-aurus,18,15,0.6,1.0,0.4667,0.4667
aurus-nsga2-apportion|aurus,cross,detector-aurus,19,15,0.8667,0.1333,0.6,0.1333
aurus-nsga2-apportion|aurus,ctrl_x,detector-aurus,18,15,0.8,0.3333,0.4,0.5333
aurus-nsga2-apportion|aurus,ctrl_y,detector-aurus,18,15,0.4,0.7333,0.2,0.4667
aurus-nsga2-apportion|aurus,cross,detector-aurus,20,11,0.7273,0.2727,0.8182,0.2727
aurus-nsga2-apportion|aurus,cross,detector-aurus,21,11,0.5455,0.3636,0.2727,0.3636
aurus-nsga2-apportion|aurus,ctrl_x,detector-aurus,20,11,0.7273,0.9091,0.7273,0.6364
aurus-nsga2-apportion|aurus,ctrl_y,detector-aurus,20,11,0.2727,0.5455,0.4545,0.7273
aurus-nsga2-apportion|aurus,cross,detector-aurus,22,12,0.5833,0.8333,0.25,0.4167
aurus-nsga2-apportion|aurus,cross,detector-aurus,23,12,0.5833,0.3333,0.5,0.1667
aurus-nsga2-apportion|aurus,ctrl_x,detector-aurus,22,12,0.3333,0.75,0.5,0.5
aurus-nsga2-apportion|aurus,ctrl_y,detector-aurus,22,12,0.6667,0.75,0.25,0.4167
aurus-nsga2-apportion|aurus,cross,detector-aurus,24,17,0.7059,0.2353,0.5882,0.4706
aurus-nsga2-apportion|aurus,cross,detector-aurus,25,17,0.5882,0.4706,0.4706,0.2941
aurus-nsga2-apportion|aurus,ctrl_x,detector-aurus,24,17,0.7647,0.7059,0.5882,0.3529
aurus-nsga2-apportion|aurus,ctrl_y,detector-aurus,24,17,0.2353,0.5882,0.1765,0.5294
aurus-nsga2-apportion|aurus,cross,detector-aurus,26,14,0.6429,0.4286,0.4286,0.5
aurus-nsga2-apportion|aurus,cross,detector-aurus,27,14,0.8571,0.3571,0.4286,0.2143
aurus-nsga2-apportion|aurus,ctrl_x,detector-aurus,26,14,0.3571,0.8571,0.2143,0.3571
aurus-nsga2-apportion|aurus,ctrl_y,detector-aurus,26,14,0.4286,0.6429,0.4286,0.7143
aurus-nsga2-apportion|aurus,cross,detector-aurus,28,10,0.7,0.6,0.7,0.5
aurus-nsga2-apportion|aurus,cross,detector-aurus,29,10,0.8,0.5,0.2,0.4
aurus-nsga2-apportion|aurus,ctrl_x,detector-aurus,28,10,0.8,0.7,0.4,0.4
aurus-nsga2-apportion|aurus,ctrl_y,detector-aurus,28,10,0.9,0.4,0.5,0.8
mrs-nsga2-apportion|aurus-nsga2-apportion,cross,full-arbiter-aurus,4,13,0.0769,0.2308,0.2308,0.2308
mrs-nsga2-apportion|aurus-nsga2-apportion,cross,full-arbiter-aurus,5,13,0.6154,0.8462,0.2308,0.3077
mrs-nsga2-apportion|aurus-nsga2-apportion,ctrl_x,full-arbiter-aurus,4,13,0.0,0.0,0.0,0.0
mrs-nsga2-apportion|aurus-nsga2-apportion,ctrl_y,full-arbiter-aurus,4,13,0.6923,0.2308,0.2308,0.2308
mrs-nsga2-apportion|aurus-nsga2-apportion,cross,full-arbiter-aurus,6,3,0.0,1.0,0.0,0.3333
mrs-nsga2-apportion|aurus-nsga2-apportion,cross,full-arbiter-aurus,7,3,0.6667,1.0,0.6667,0.3333
mrs-nsga2-apportion|aurus-nsga2-apportion,ctrl_x,full-arbiter-aurus,6,3,0.0,0.0,0.0,0.0
mrs-nsga2-apportion|aurus-nsga2-apportion,ctrl_y,full-arbiter-aurus,6,3,0.3333,1.0,0.6667,0.6667
mrs-nsga2-apportion|aurus-nsga2-apportion,cross,full-arbiter-aurus,14,7,0.2857,0.7143,0.2857,0.7143
mrs-nsga2-apportion|aurus-nsga2-apportion,cross,full-arbiter-aurus,15,7,0.0,0.4286,0.0,0.1429
mrs-nsga2-apportion|aurus-nsga2-apportion,ctrl_x,full-arbiter-aurus,14,7,0.1429,0.5714,0.1429,0.4286
mrs-nsga2-apportion|aurus-nsga2-apportion,ctrl_y,full-arbiter-aurus,14,7,0.2857,0.7143,0.2857,0.4286
mrs-nsga2-apportion|aurus-nsga2-apportion,cross,full-arbiter-aurus,20,2,1.0,0.5,1.0,0.5
mrs-nsga2-apportion|aurus-nsga2-apportion,cross,full-arbiter-aurus,21,2,1.0,1.0,0.5,1.0
mrs-nsga2-apportion|aurus-nsga2-apportion,ctrl_x,full-arbiter-aurus,20,2,0.0,1.0,0.0,1.0
mrs-nsga2-apportion|aurus-nsga2-apportion,ctrl_y,full-arbiter-aurus,20,2,1.0,0.0,1.0,0.0
mrs-nsga2-apportion|aurus-nsga2-apportion,cross,full-arbiter-aurus,22,2,0.0,1.0,0.0,0.5
mrs-nsga2-apportion|aurus-nsga2-apportion,cross,full-arbiter-aurus,23,2,1.0,1.0,1.0,1.0
mrs-nsga2-apportion|aurus-nsga2-apportion,ctrl_x,full-arbiter-aurus,22,2,0.5,1.0,1.0,1.0
mrs-nsga2-apportion|aurus-nsga2-apportion,ctrl_y,full-arbiter-aurus,22,2,0.0,0.0,0.0,0.0
mrs-nsga2-apportion|aurus-nsga2-apportion,cross,full-arbiter-aurus,24,3,0.0,1.0,0.0,0.6667
mrs-nsga2-apportion|aurus-nsga2-apportion,cross,full-arbiter-aurus,25,3,0.3333,1.0,0.3333,0.6667
mrs-nsga2-apportion|aurus-nsga2-apportion,ctrl_x,full-arbiter-aurus,24,3,1.0,0.6667,0.6667,0.3333
mrs-nsga2-apportion|aurus-nsga2-apportion,ctrl_y,full-arbiter-aurus,24,3,1.0,1.0,1.0,0.6667
mrs-nsga2-apportion|aurus-nsga2-apportion,cross,full-arbiter-aurus,26,4,0.0,0.0,0.0,0.0
mrs-nsga2-apportion|aurus-nsga2-apportion,cross,full-arbiter-aurus,27,4,0.25,0.5,0.5,0.25
mrs-nsga2-apportion|aurus-nsga2-apportion,ctrl_x,full-arbiter-aurus,26,4,0.25,0.25,0.25,0.25
mrs-nsga2-apportion|aurus-nsga2-apportion,ctrl_y,full-arbiter-aurus,26,4,0.25,1.0,0.25,0.25
mrs-nsga2-apportion|aurus-nsga2-apportion,cross,full-arbiter-aurus,28,4,1.0,0.0,0.25,0.0
mrs-nsga2-apportion|aurus-nsga2-apportion,cross,full-arbiter-aurus,29,4,0.75,1.0,0.25,0.5
mrs-nsga2-apportion|aurus-nsga2-apportion,ctrl_x,full-arbiter-aurus,28,4,0.25,0.0,0.25,0.0
mrs-nsga2-apportion|aurus-nsga2-apportion,ctrl_y,full-arbiter-aurus,28,4,1.0,0.25,0.75,0.5
mrs-nsga2-apportion|mrs-weighted,cross,full-arbiter-aurus,0,7,0.1429,0.7143,0.1429,0.7143
mrs-nsga2-apportion|mrs-weighted,cross,full-arbiter-aurus,1,7,0.0,0.5714,0.0,0.1429
mrs-nsga2-apportion|mrs-weighted,ctrl_x,full-arbiter-aurus,0,7,0.4286,0.2857,0.2857,0.4286
mrs-nsga2-apportion|mrs-weighted,ctrl_y,full-arbiter-aurus,0,7,0.1429,1.0,0.1429,0.2857
mrs-nsga2-apportion|mrs-weighted,cross,full-arbiter-aurus,2,22,0.1818,0.6818,0.1364,0.2727
mrs-nsga2-apportion|mrs-weighted,cross,full-arbiter-aurus,3,22,0.2273,0.6818,0.3182,0.1364
mrs-nsga2-apportion|mrs-weighted,ctrl_x,full-arbiter-aurus,2,22,0.4091,0.8636,0.3636,0.4545
mrs-nsga2-apportion|mrs-weighted,ctrl_y,full-arbiter-aurus,2,22,0.6364,0.6364,0.3182,0.2727
mrs-nsga2-apportion|mrs-weighted,cross,full-arbiter-aurus,4,5,0.8,1.0,0.2,0.6
mrs-nsga2-apportion|mrs-weighted,cross,full-arbiter-aurus,5,5,1.0,0.2,0.2,0.2
mrs-nsga2-apportion|mrs-weighted,ctrl_x,full-arbiter-aurus,4,5,0.8,0.0,0.2,0.0
mrs-nsga2-apportion|mrs-weighted,ctrl_y,full-arbiter-aurus,4,5,0.6,0.4,1.0,0.8
mrs-nsga2-apportion|mrs-weighted,cross,full-arbiter-aurus,6,3,0.0,0.0,0.0,0.0
mrs-nsga2-apportion|mrs-weighted,cross,full-arbiter-aurus,7,3,0.3333,1.0,0.3333,0.3333
mrs-nsga2-apportion|mrs-weighted,ctrl_x,full-arbiter-aurus,6,3,0.0,0.0,0.0,0.0
mrs-nsga2-apportion|mrs-weighted,ctrl_y,full-arbiter-aurus,6,3,1.0,0.3333,0.3333,0.3333
mrs-nsga2-apportion|mrs-weighted,cross,full-arbiter-aurus,8,5,0.2,1.0,0.2,0.2
mrs-nsga2-apportion|mrs-weighted,cross,full-arbiter-aurus,9,5,1.0,0.6,0.6,0.6
mrs-nsga2-apportion|mrs-weighted,ctrl_x,full-arbiter-aurus,8,5,0.6,0.6,0.2,0.4
mrs-nsga2-apportion|mrs-weighted,ctrl_y,full-arbiter-aurus,8,5,0.8,0.6,0.6,0.6
mrs-nsga2-apportion|mrs-weighted,cross,full-arbiter-aurus,10,16,1.0,0.4375,0.5625,0.625
mrs-nsga2-apportion|mrs-weighted,cross,full-arbiter-aurus,11,16,1.0,0.3125,0.4375,0.125
mrs-nsga2-apportion|mrs-weighted,ctrl_x,full-arbiter-aurus,10,16,1.0,0.375,0.375,0.375
mrs-nsga2-apportion|mrs-weighted,ctrl_y,full-arbiter-aurus,10,16,0.4375,0.125,0.25,0.375
mrs-nsga2-apportion|mrs-weighted,cross,full-arbiter-aurus,12,10,0.3,0.6,0.2,0.4
mrs-nsga2-apportion|mrs-weighted,cross,full-arbiter-aurus,13,10,1.0,0.2,0.2,0.1
mrs-nsga2-apportion|mrs-weighted,ctrl_x,full-arbiter-aurus,12,10,0.2,0.1,0.2,0.1
mrs-nsga2-apportion|mrs-weighted,ctrl_y,full-arbiter-aurus,12,10,0.0,1.0,0.0,0.1
mrs-nsga2-apportion|mrs-weighted,cross,full-arbiter-aurus,14,4,1.0,0.75,0.5,0.25
mrs-nsga2-apportion|mrs-weighted,cross,full-arbiter-aurus,15,4,0.75,1.0,0.25,0.5
mrs-nsga2-apportion|mrs-weighted,ctrl_x,full-arbiter-aurus,14,4,1.0,0.5,0.75,0.25
mrs-nsga2-apportion|mrs-weighted,ctrl_y,full-arbiter-aurus,14,4,1.0,1.0,0.5,0.25
mrs-nsga2-apportion|mrs-weighted,cross,full-arbiter-aurus,16,9,0.4444,0.1111,0.4444,0.1111
mrs-nsga2-apportion|mrs-weighted,cross,full-arbiter-aurus,17,9,1.0,0.0,0.1111,0.0
mrs-nsga2-apportion|mrs-weighted,ctrl_x,full-arbiter-aurus,16,9,0.7778,0.7778,0.2222,0.2222
mrs-nsga2-apportion|mrs-weighted,ctrl_y,full-arbiter-aurus,16,9,0.4444,0.8889,0.1111,0.1111
mrs-nsga2-apportion|mrs-weighted,cross,full-arbiter-aurus,20,3,1.0,0.0,0.3333,0.0
mrs-nsga2-apportion|mrs-weighted,cross,full-arbiter-aurus,21,3,0.6667,1.0,0.3333,0.3333
mrs-nsga2-apportion|mrs-weighted,ctrl_x,full-arbiter-aurus,20,3,0.3333,1.0,0.3333,0.3333
mrs-nsga2-apportion|mrs-weighted,ctrl_y,full-arbiter-aurus,20,3,1.0,0.3333,1.0,0.3333
mrs-nsga2-apportion|mrs-weighted,cross,full-arbiter-aurus,22,3,0.3333,0.0,0.3333,0.0
mrs-nsga2-apportion|mrs-weighted,cross,full-arbiter-aurus,23,3,0.0,0.0,0.0,0.0
mrs-nsga2-apportion|mrs-weighted,ctrl_x,full-arbiter-aurus,22,3,0.0,0.0,0.0,0.0
mrs-nsga2-apportion|mrs-weighted,ctrl_y,full-arbiter-aurus,22,3,0.0,0.0,0.0,0.0
mrs-nsga2-apportion|mrs-weighted,cross,full-arbiter-aurus,24,4,1.0,0.25,0.25,0.25
mrs-nsga2-apportion|mrs-weighted,cross,full-arbiter-aurus,25,4,1.0,0.75,0.75,0.25
mrs-nsga2-apportion|mrs-weighted,ctrl_x,full-arbiter-aurus,24,4,0.0,0.0,0.0,0.0
mrs-nsga2-apportion|mrs-weighted,ctrl_y,full-arbiter-aurus,24,4,0.75,1.0,0.25,0.5
mrs-nsga2-apportion|mrs-weighted,cross,full-arbiter-aurus,26,5,0.0,0.4,0.0,0.2
mrs-nsga2-apportion|mrs-weighted,cross,full-arbiter-aurus,27,5,0.8,1.0,0.2,0.4
mrs-nsga2-apportion|mrs-weighted,ctrl_x,full-arbiter-aurus,26,5,0.2,1.0,0.2,0.6
mrs-nsga2-apportion|mrs-weighted,ctrl_y,full-arbiter-aurus,26,5,0.8,0.2,1.0,0.2
mrs-nsga2-apportion|mrs-weighted,cross,full-arbiter-aurus,28,6,0.6667,1.0,0.1667,0.3333
mrs-nsga2-apportion|mrs-weighted,cross,full-arbiter-aurus,29,6,1.0,1.0,0.3333,0.5
mrs-nsga2-apportion|mrs-weighted,ctrl_x,full-arbiter-aurus,28,6,0.0,0.3333,0.0,0.1667
mrs-nsga2-apportion|mrs-weighted,ctrl_y,full-arbiter-aurus,28,6,0.3333,1.0,0.3333,1.0
mrs-nsga2-apportion|aurus,cross,gyro-var1,0,23,1.0,0.3913,0.3478,0.1739
mrs-nsga2-apportion|aurus,cross,gyro-var1,1,23,0.5652,0.4348,0.4783,0.5217
mrs-nsga2-apportion|aurus,ctrl_x,gyro-var1,0,23,0.5652,0.4783,0.6087,0.6957
mrs-nsga2-apportion|aurus,ctrl_y,gyro-var1,0,23,0.8261,0.7391,0.8696,0.7826
mrs-nsga2-apportion|aurus,cross,gyro-var1,2,18,0.6111,0.6667,0.4444,0.1667
mrs-nsga2-apportion|aurus,cross,gyro-var1,3,18,0.9444,0.2778,0.4444,0.3889
mrs-nsga2-apportion|aurus,ctrl_x,gyro-var1,2,18,0.6111,0.4444,0.8333,0.4444
mrs-nsga2-apportion|aurus,ctrl_y,gyro-var1,2,18,0.5556,0.7778,0.6111,0.5556
mrs-nsga2-apportion|aurus,cross,gyro-var1,4,24,0.7917,0.375,0.2083,0.125
mrs-nsga2-apportion|aurus,cross,gyro-var1,5,24,0.2083,0.375,0.2083,0.2917
mrs-nsga2-apportion|aurus,ctrl_x,gyro-var1,4,24,0.5,0.5833,0.5833,0.4583
mrs-nsga2-apportion|aurus,ctrl_y,gyro-var1,4,24,0.4167,0.5417,0.5417,0.375
mrs-nsga2-apportion|aurus,cross,gyro-var1,6,23,0.7826,0.5217,0.2609,0.5652
mrs-nsga2-apportion|aurus,cross,gyro-var1,7,23,0.913,0.4783,0.3043,0.2174
mrs-nsga2-apportion|aurus,ctrl_x,gyro-var1,6,23,0.6522,0.4783,0.6522,0.4348
mrs-nsga2-apportion|aurus,ctrl_y,gyro-var1,6,23,0.6522,0.7826,0.6087,0.7391
mrs-nsga2-apportion|aurus,cross,gyro-var1,8,18,0.2778,0.6667,0.5556,0.4444
mrs-nsga2-apportion|aurus,cross,gyro-var1,9,18,0.0556,0.6111,0.0556,0.0556
mrs-nsga2-apportion|aurus,ctrl_x,gyro-var1,8,18,0.3889,0.5,0.3889,0.5
mrs-nsga2-apportion|aurus,ctrl_y,gyro-var1,8,18,0.7778,0.5,0.7222,0.8889
mrs-nsga2-apportion|aurus,cross,gyro-var1,10,20,0.95,0.35,0.35,0.25
mrs-nsga2-apportion|aurus,cross,gyro-var1,11,20,0.75,0.7,0.45,0.15
mrs-nsga2-apportion|aurus,ctrl_x,gyro-var1,10,20,0.6,0.3,0.45,0.4
mrs-nsga2-apportion|aurus,ctrl_y,gyro-var1,10,20,0.75,0.45,0.5,0.7
mrs-nsga2-apportion|aurus,cross,gyro-var1,12,20,0.85,0.6,0.15,0.15
mrs-nsga2-apportion|aurus,cross,gyro-var1,13,20,0.9,0.55,0.2,0.2
mrs-nsga2-apportion|aurus,ctrl_x,gyro-var1,12,20,0.55,0.6,0.5,0.55
mrs-nsga2-apportion|aurus,ctrl_y,gyro-var1,12,20,0.85,0.8,0.65,0.35
mrs-nsga2-apportion|aurus,cross,gyro-var1,14,17,1.0,0.3529,0.1765,0.1176
mrs-nsga2-apportion|aurus,cross,gyro-var1,15,17,0.6471,0.4118,0.5294,0.2941
mrs-nsga2-apportion|aurus,ctrl_x,gyro-var1,14,17,0.5882,0.4118,0.5294,0.5294
mrs-nsga2-apportion|aurus,ctrl_y,gyro-var1,14,17,0.4706,0.5882,0.4706,0.4118
mrs-nsga2-apportion|aurus,cross,gyro-var1,16,21,0.3333,0.5238,0.6667,0.4286
mrs-nsga2-apportion|aurus,cross,gyro-var1,17,21,0.8571,0.381,0.2381,0.2857
mrs-nsga2-apportion|aurus,ctrl_x,gyro-var1,16,21,0.4286,0.619,0.2381,0.6667
mrs-nsga2-apportion|aurus,ctrl_y,gyro-var1,16,21,0.619,0.619,0.7143,0.7143
mrs-nsga2-apportion|aurus,cross,gyro-var1,18,21,0.2381,0.8571,0.2857,0.2857
mrs-nsga2-apportion|aurus,cross,gyro-var1,19,21,0.1905,0.4762,0.2381,0.1905
mrs-nsga2-apportion|aurus,ctrl_x,gyro-var1,18,21,0.5714,0.4286,0.619,0.619
mrs-nsga2-apportion|aurus,ctrl_y,gyro-var1,18,21,0.9048,0.4762,0.6667,0.8095
mrs-nsga2-apportion|aurus,cross,gyro-var1,20,22,0.9545,0.7273,0.2273,0.0909
mrs-nsga2-apportion|aurus,cross,gyro-var1,21,22,0.0455,0.6364,0.0455,0.0909
mrs-nsga2-apportion|aurus,ctrl_x,gyro-var1,20,22,0.7273,0.4091,0.9091,0.3636
mrs-nsga2-apportion|aurus,ctrl_y,gyro-var1,20,22,0.5909,0.5455,0.4545,0.5
mrs-nsga2-apportion|aurus,cross,gyro-var1,24,19,0.5263,0.6316,0.2632,0.3684
mrs-nsga2-apportion|aurus,cross,gyro-var1,25,19,0.5263,0.3158,0.4211,0.5263
mrs-nsga2-apportion|aurus,ctrl_x,gyro-var1,24,19,0.5263,0.5789,0.7895,0.6842
mrs-nsga2-apportion|aurus,ctrl_y,gyro-var1,24,19,0.5263,0.6842,0.4737,0.5263
mrs-nsga2-apportion|aurus,cross,gyro-var1,26,19,0.9474,0.4737,0.2632,0.5263
mrs-nsga2-apportion|aurus,cross,gyro-var1,27,19,0.2105,0.5263,0.2105,0.3158
mrs-nsga2-apportion|aurus,ctrl_x,gyro-var1,26,19,0.8947,0.8421,0.8421,0.8421
mrs-nsga2-apportion|aurus,ctrl_y,gyro-var1,26,19,0.6842,0.8947,0.7368,0.6842
mrs-nsga2-apportion|aurus,cross,gyro-var1,28,15,0.8667,0.2,0.3333,0.2
mrs-nsga2-apportion|aurus,cross,gyro-var1,29,15,0.7333,0.5333,0.4,0.3333
mrs-nsga2-apportion|aurus,ctrl_x,gyro-var1,28,15,0.4667,0.7333,0.8,0.8
mrs-nsga2-apportion|aurus,ctrl_y,gyro-var1,28,15,0.5333,0.6,0.3333,0.2667
mrs-nsga2-apportion|aurus-nsga2-apportion,cross,gyro-var1,0,14,0.2857,0.4286,0.5,0.6429
mrs-nsga2-apportion|aurus-nsga2-apportion,cross,gyro-var1,1,14,0.7857,0.5714,0.5714,0.9286
mrs-nsga2-apportion|aurus-nsga2-apportion,ctrl_x,gyro-var1,0,14,0.3571,0.5,0.5714,0.6429
mrs-nsga2-apportion|aurus-nsga2-apportion,ctrl_y,gyro-var1,0,14,0.4286,0.8571,0.7143,0.6429
mrs-nsga2-apportion|aurus-nsga2-apportion,cross,gyro-var1,2,10,0.5,0.3,0.9,0.8
mrs-nsga2-apportion|aurus-nsga2-apportion,cross,gyro-var1,3,10,0.3,0.8,0.8,0.6
mrs-nsga2-apportion|aurus-nsga2-apportion,ctrl_x,gyro-var1,2,10,0.7,0.3,0.6,0.6
mrs-nsga2-apportion|aurus-nsga2-apportion,ctrl_y,gyro-var1,2,10,0.8,0.5,0.7,0.9
mrs-nsga2-apportion|aurus-nsga2-apportion,cross,gyro-var1,4,8,0.25,0.625,0.125,0.375
mrs-nsga2-apportion|aurus-nsga2-apportion,cross,gyro-var1,5,8,0.5,0.625,0.75,0.375
mrs-nsga2-apportion|aurus-nsga2-apportion,ctrl_x,gyro-var1,4,8,0.875,0.375,1.0,0.5
mrs-nsga2-apportion|aurus-nsga2-apportion,ctrl_y,gyro-var1,4,8,0.625,0.5,0.625,1.0
mrs-nsga2-apportion|aurus-nsga2-apportion,cross,gyro-var1,6,15,0.4667,0.5333,0.4667,0.6
mrs-nsga2-apportion|aurus-nsga2-apportion,cross,gyro-var1,7,15,0.8,0.6,0.6,0.6
mrs-nsga2-apportion|aurus-nsga2-apportion,ctrl_x,gyro-var1,6,15,0.8,0.2667,0.7333,0.1333
mrs-nsga2-apportion|aurus-nsga2-apportion,ctrl_y,gyro-var1,6,15,0.7333,0.6,0.6,0.8
mrs-nsga2-apportion|aurus-nsga2-apportion,cross,gyro-var1,8,11,0.4545,0.5455,0.3636,0.2727
mrs-nsga2-apportion|aurus-nsga2-apportion,cross,gyro-var1,9,11,0.4545,0.6364,0.7273,0.6364
mrs-nsga2-apportion|aurus-nsga2-apportion,ctrl_x,gyro-var1,8,11,0.5455,0.6364,0.5455,0.8182
mrs-nsga2-apportion|aurus-nsga2-apportion,ctrl_y,gyro-var1,8,11,0.8182,0.3636,0.5455,0.8182
mrs-nsga2-apportion|aurus-nsga2-apportion,cross,gyro-var1,10,7,0.5714,0.1429,0.5714,0.5714
mrs-nsga2-apportion|aurus-nsga2-apportion,cross,gyro-var1,11,7,0.4286,0.4286,0.8571,0.7143
mrs-nsga2-apportion|aurus-nsga2-apportion,ctrl_x,gyro-var1,10,7,1.0,0.2857,0.4286,0.7143
mrs-nsga2-apportion|aurus-nsga2-apportion,ctrl_y,gyro-var1,10,7,0.8571,0.2857,0.7143,0.4286
mrs-nsga2-apportion|aurus-nsga2-apportion,cross,gyro-var1,12,13,0.3846,0.3846,0.3846,0.7692
mrs-nsga2-apportion|aurus-nsga2-apportion,cross,gyro-var1,13,13,0.6923,0.6154,0.8462,0.7692
mrs-nsga2-apportion|aurus-nsga2-apportion,ctrl_x,gyro-var1,12,13,0.4615,0.5385,0.6923,0.6154
mrs-nsga2-apportion|aurus-nsga2-apportion,ctrl_y,gyro-var1,12,13,0.8462,0.4615,0.7692,0.6923
mrs-nsga2-apportion|aurus-nsga2-apportion,cross,gyro-var1,14,12,0.5833,0.6667,0.8333,0.6667
mrs-nsga2-apportion|aurus-nsga2-apportion,cross,gyro-var1,15,12,0.75,0.6667,0.8333,0.5833
mrs-nsga2-apportion|aurus-nsga2-apportion,ctrl_x,gyro-var1,14,12,0.8333,0.3333,0.75,0.75
mrs-nsga2-apportion|aurus-nsga2-apportion,ctrl_y,gyro-var1,14,12,0.9167,0.75,1.0,1.0
mrs-nsga2-apportion|aurus-nsga2-apportion,cross,gyro-var1,16,11,0.6364,0.7273,0.6364,1.0
mrs-nsga2-apportion|aurus-nsga2-apportion,cross,gyro-var1,17,11,0.5455,0.3636,0.8182,0.0909
mrs-nsga2-apportion|aurus-nsga2-apportion,ctrl_x,gyro-var1,16,11,0.0909,0.2727,0.0909,0.0909
mrs-nsga2-apportion|aurus-nsga2-apportion,ctrl_y,gyro-var1,16,11,0.5455,0.9091,0.6364,1.0
mrs-nsga2-apportion|aurus-nsga2-apportion,cross,gyro-var1,18,17,0.5294,0.5294,0.5882,0.6471
mrs-nsga2-apportion|aurus-nsga2-apportion,cross,gyro-var1,19,17,0.5882,0.4118,0.5882,0.8235
mrs-nsga2-apportion|aurus-nsga2-apportion,ctrl_x,gyro-var1,18,17,0.6471,0.5294,0.4118,0.6471
mrs-nsga2-apportion|aurus-nsga2-apportion,ctrl_y,gyro-var1,18,17,0.4706,0.6471,0.8824,0.6471
mrs-nsga2-apportion|aurus-nsga2-apportion,cross,gyro-var1,20,16,0.4375,0.375,0.875,0.3125
mrs-nsga2-apportion|aurus-nsga2-apportion,cross,gyro-var1,21,16,0.375,0.5625,0.6875,0.5
mrs-nsga2-apportion|aurus-nsga2-apportion,ctrl_x,gyro-var1,20,16,0.75,0.4375,0.75,0.4375
mrs-nsga2-apportion|aurus-nsga2-apportion,ctrl_y,gyro-var1,20,16,0.8125,0.375,0.625,0.625
mrs-nsga2-apportion|aurus-nsga2-apportion,cross,gyro-var1,22,6,0.8333,0.3333,0.8333,0.5
mrs-nsga2-apportion|aurus-nsga2-apportion,cross,gyro-var1,23,6,1.0,0.3333,0.8333,1.0
mrs-nsga2-apportion|aurus-nsga2-apportion,ctrl_x,gyro-var1,22,6,0.5,0.3333,0.6667,0.6667
mrs-nsga2-apportion|aurus-nsga2-apportion,ctrl_y,gyro-var1,22,6,1.0,0.5,1.0,0.6667
mrs-nsga2-apportion|aurus-nsga2-apportion,cross,gyro-var1,24,8,0.75,0.625,1.0,0.5
mrs-nsga2-apportion|aurus-nsga2-apportion,cross,gyro-var1,25,8,0.375,0.625,0.5,0.875
mrs-nsga2-apportion|aurus-nsga2-apportion,ctrl_x,gyro-var1,24,8,0.75,0.875,0.375,0.75
mrs-nsga2-apportion|aurus-nsga2-apportion,ctrl_y,gyro-var1,24,8,0.25,0.625,0.75,0.25
mrs-nsga2-apportion|aurus-nsga2-apportion,cross,gyro-var1,26,21,0.7143,0.4762,0.7143,0.7619
mrs-nsga2-apportion|aurus-nsga2-apportion,cross,gyro-var1,27,21,0.7143,0.6667,0.7143,0.619
mrs-nsga2-apportion|aurus-nsga2-apportion,ctrl_x,gyro-var1,26,21,0.8095,0.7619,0.7619,0.8571
mrs-nsga2-apportion|aurus-nsga2-apportion,ctrl_y,gyro-var1,26,21,0.6667,0.6667,0.6667,0.8095
mrs-nsga2-apportion|aurus-nsga2-apportion,cross,gyro-var1,28,15,0.6,0.6667,0.6,0.8
mrs-nsga2-apportion|aurus-nsga2-apportion,cross,gyro-var1,29,15,0.7333,0.7333,0.8,1.0
mrs-nsga2-apportion|aurus-nsga2-apportion,ctrl_x,gyro-var1,28,15,0.4667,0.7333,0.8,0.8
mrs-nsga2-apportion|aurus-nsga2-apportion,ctrl_y,gyro-var1,28,15,0.7333,0.5333,0.6,0.6667
mrs-nsga2-apportion|mrs-weighted,cross,gyro-var1,0,23,0.2174,0.5652,0.3043,0.4348
mrs-nsga2-apportion|mrs-weighted,cross,gyro-var1,1,23,0.2609,0.7391,0.5217,0.5652
mrs-nsga2-apportion|mrs-weighted,ctrl_x,gyro-var1,0,23,0.4783,0.5217,0.6087,0.6522
mrs-nsga2-apportion|mrs-weighted,ctrl_y,gyro-var1,0,23,0.3913,0.6522,0.4348,0.1739
mrs-nsga2-apportion|mrs-weighted,cross,gyro-var1,2,18,0.4444,0.8333,0.7778,0.8333
mrs-nsga2-apportion|mrs-weighted,cross,gyro-var1,3,18,0.3333,0.6667,0.6667,0.7222
mrs-nsga2-apportion|mrs-weighted,ctrl_x,gyro-var1,2,18,0.6111,0.4444,0.8333,0.4444
mrs-nsga2-apportion|mrs-weighted,ctrl_y,gyro-var1,2,18,0.7778,0.5556,0.3889,0.3889
mrs-nsga2-apportion|mrs-weighted,cross,gyro-var1,4,24,0.5,0.75,0.4167,0.5
mrs-nsga2-apportion|mrs-weighted,cross,gyro-var1,5,24,0.5,0.5,0.4583,0.75
mrs-nsga2-apportion|mrs-weighted,ctrl_x,gyro-var1,4,24,0.5,0.5833,0.5833,0.4583
mrs-nsga2-apportion|mrs-weighted,ctrl_y,gyro-var1,4,24,0.6667,0.7083,0.5,0.7917
mrs-nsga2-apportion|mrs-weighted,cross,gyro-var1,6,23,0.5652,0.5217,0.4783,0.2609
mrs-nsga2-apportion|mrs-weighted,cross,gyro-var1,7,23,0.3478,0.7391,0.5217,0.6087
mrs-nsga2-apportion|mrs-weighted,ctrl_x,gyro-var1,6,23,0.6522,0.4783,0.6522,0.4348
mrs-nsga2-apportion|mrs-weighted,ctrl_y,gyro-var1,6,23,0.4348,0.3913,0.2609,0.2609
mrs-nsga2-apportion|mrs-weighted,cross,gyro-var1,8,18,0.2778,0.9444,0.2778,0.4444
mrs-nsga2-apportion|mrs-weighted,cross,gyro-var1,9,18,0.5556,0.6667,0.7222,0.6111
mrs-nsga2-apportion|mrs-weighted,ctrl_x,gyro-var1,8,18,0.3889,0.5,0.3889,0.5
mrs-nsga2-apportion|mrs-weighted,ctrl_y,gyro-var1,8,18,0.6111,0.6111,0.6667,0.6667
mrs-nsga2-apportion|mrs-weighted,cross,gyro-var1,10,20,0.85,0.4,0.5,0.45
mrs-nsga2-apportion|mrs-weighted,cross,gyro-var1,11,20,0.05,0.6,0.1,0.25
mrs-nsga2-apportion|mrs-weighted,ctrl_x,gyro-var1,10,20,0.6,0.3,0.45,0.4
mrs-nsga2-apportion|mrs-weighted,ctrl_y,gyro-var1,10,20,0.4,0.4,0.25,0.45
mrs-nsga2-apportion|mrs-weighted,cross,gyro-var1,12,20,0.4,0.45,0.4,0.6
mrs-nsga2-apportion|mrs-weighted,cross,gyro-var1,13,20,0.65,0.85,0.55,0.6
mrs-nsga2-apportion|mrs-weighted,ctrl_x,gyro-var1,12,20,0.55,0.6,0.5,0.55
mrs-nsga2-apportion|mrs-weighted,ctrl_y,gyro-var1,12,20,0.65,0.45,0.65,0.35
mrs-nsga2-apportion|mrs-weighted,cross,gyro-var1,14,17,0.3529,0.2941,0.4706,0.4706
mrs-nsga2-apportion|mrs-weighted,cross,gyro-var1,15,17,0.5294,0.4706,0.4706,0.6471
mrs-nsga2-apportion|mrs-weighted,ctrl_x,gyro-var1,14,17,0.5882,0.4118,0.5294,0.5294
mrs-nsga2-apportion|mrs-weighted,ctrl_y,gyro-var1,14,17,0.6471,0.5882,0.2941,0.5294
mrs-nsga2-apportion|mrs-weighted,cross,gyro-var1,16,21,0.381,0.8095,0.7619,0.5238
mrs-nsga2-apportion|mrs-weighted,cross,gyro-var1,17,21,0.2381,0.8095,0.6667,0.4286
mrs-nsga2-apportion|mrs-weighted,ctrl_x,gyro-var1,16,21,0.4286,0.619,0.2381,0.6667
mrs-nsga2-apportion|mrs-weighted,ctrl_y,gyro-var1,16,21,0.5714,0.381,0.2857,0.619
mrs-nsga2-apportion|mrs-weighted,cross,gyro-var1,18,21,0.3333,0.7619,0.381,0.5714
mrs-nsga2-apportion|mrs-weighted,cross,gyro-var1,19,21,0.4286,0.4762,0.4762,0.5714
mrs-nsga2-apportion|mrs-weighted,ctrl_x,gyro-var1,18,21,0.5714,0.4286,0.619,0.619
mrs-nsga2-apportion|mrs-weighted,ctrl_y,gyro-var1,18,21,0.4286,0.4762,0.1905,0.3333
mrs-nsga2-apportion|mrs-weighted,cross,gyro-var1,20,22,0.3636,0.6818,0.6818,0.5455
mrs-nsga2-apportion|mrs-weighted,cross,gyro-var1,21,22,0.4091,0.7273,0.4545,0.4545
mrs-nsga2-apportion|mrs-weighted,ctrl_x,gyro-var1,20,22,0.7273,0.4091,0.9091,0.3636
mrs-nsga2-apportion|mrs-weighted,ctrl_y,gyro-var1,20,22,0.5455,0.7273,0.7727,0.4545
mrs-nsga2-apportion|mrs-weighted,cross,gyro-var1,22,19,0.4211,0.8421,0.2105,0.5789
mrs-nsga2-apportion|mrs-weighted,cross,gyro-var1,23,19,0.5263,0.8947,0.3158,0.6316
mrs-nsga2-apportion|mrs-weighted,ctrl_x,gyro-var1,22,19,0.4211,0.6316,0.6316,0.6316
mrs-nsga2-apportion|mrs-weighted,ctrl_y,gyro-var1,22,19,0.7895,0.6316,0.5263,0.5263
mrs-nsga2-apportion|mrs-weighted,cross,gyro-var1,24,19,0.5789,0.7368,0.8947,0.4737
mrs-nsga2-apportion|mrs-weighted,cross,gyro-var1,25,19,0.3684,0.4737,0.5263,0.5263
mrs-nsga2-apportion|mrs-weighted,ctrl_x,gyro-var1,24,19,0.5263,0.5789,0.7895,0.6842
mrs-nsga2-apportion|mrs-weighted,ctrl_y,gyro-var1,24,19,0.4737,0.9474,0.7368,0.4737
mrs-nsga2-apportion|mrs-weighted,cross,gyro-var1,26,21,0.7143,0.619,0.2381,0.381
mrs-nsga2-apportion|mrs-weighted,cross,gyro-var1,27,21,0.5714,0.6667,0.7143,0.381
mrs-nsga2-apportion|mrs-weighted,ctrl_x,gyro-var1,26,21,0.8095,0.7619,0.7619,0.8571
mrs-nsga2-apportion|mrs-weighted,ctrl_y,gyro-var1,26,21,0.7143,0.1905,0.1429,0.5238
mrs-nsga2-apportion|mrs-weighted,cross,gyro-var1,28,15,0.2667,0.7333,0.6,0.6
mrs-nsga2-apportion|mrs-weighted,cross,gyro-var1,29,15,0.1333,0.8,0.3333,0.4667
mrs-nsga2-apportion|mrs-weighted,ctrl_x,gyro-var1,28,15,0.4667,0.7333,0.8,0.8
mrs-nsga2-apportion|mrs-weighted,ctrl_y,gyro-var1,28,15,0.6,0.7333,0.3333,0.6
aurus-nsga2-apportion|aurus,cross,gyro-var1,0,14,1.0,0.9286,0.1429,0.0714
aurus-nsga2-apportion|aurus,cross,gyro-var1,1,14,0.5,0.2143,0.5,0.1429
aurus-nsga2-apportion|aurus,ctrl_x,gyro-var1,0,14,0.3571,0.9286,0.7143,0.7143
aurus-nsga2-apportion|aurus,ctrl_y,gyro-var1,0,14,0.7143,0.8571,0.5,0.5
aurus-nsga2-apportion|aurus,cross,gyro-var1,2,10,0.9,0.5,0.2,0.1
aurus-nsga2-apportion|aurus,cross,gyro-var1,3,10,0.6,0.8,0.3,0.3
aurus-nsga2-apportion|aurus,ctrl_x,gyro-var1,2,10,0.8,0.5,0.7,0.7
aurus-nsga2-apportion|aurus,ctrl_y,gyro-var1,2,10,0.5,0.7,0.5,0.6
aurus-nsga2-apportion|aurus,cross,gyro-var1,4,8,1.0,0.625,0.25,0.25
aurus-nsga2-apportion|aurus,cross,gyro-var1,5,8,0.625,0.375,0.875,0.75
aurus-nsga2-apportion|aurus,ctrl_x,gyro-var1,4,8,0.5,0.5,0.625,1.0
aurus-nsga2-apportion|aurus,ctrl_y,gyro-var1,4,8,0.5,0.625,1.0,0.625
aurus-nsga2-apportion|aurus,cross,gyro-var1,6,15,0.8,0.4,0.2,0.1333
aurus-nsga2-apportion|aurus,cross,gyro-var1,7,15,1.0,0.9333,0.3333,0.2
aurus-nsga2-apportion|aurus,ctrl_x,gyro-var1,6,15,0.6667,0.6,0.6,0.8667
aurus-nsga2-apportion|aurus,ctrl_y,gyro-var1,6,15,0.4667,0.5333,0.4667,0.5333
aurus-nsga2-apportion|aurus,cross,gyro-var1,8,11,0.9091,0.0909,0.3636,0.0909
aurus-nsga2-apportion|aurus,cross,gyro-var1,9,11,1.0,0.0909,0.1818,0.2727
aurus-nsga2-apportion|aurus,ctrl_x,gyro-var1,8,11,0.7273,0.5455,0.6364,0.9091
aurus-nsga2-apportion|aurus,ctrl_y,gyro-var1,8,11,0.1818,0.4545,0.2727,0.2727
aurus-nsga2-apportion|aurus,cross,gyro-var1,10,7,0.8571,0.2857,0.5714,0.2857
aurus-nsga2-apportion|aurus,cross,gyro-var1,11,7,1.0,0.7143,0.2857,0.2857
aurus-nsga2-apportion|aurus,ctrl_x,gyro-var1,10,7,0.7143,0.4286,0.7143,0.5714
aurus-nsga2-apportion|aurus,ctrl_y,gyro-var1,10,7,0.8571,0.5714,0.7143,0.5714
aurus-nsga2-apportion|aurus,cross,gyro-var1,12,13,0.9231,0.7692,0.3077,0.1538
aurus-nsga2-apportion|aurus,cross,gyro-var1,13,13,0.6154,0.4615,0.1538,0.1538
aurus-nsga2-apportion|aurus,ctrl_x,gyro-var1,12,13,0.8462,0.4615,0.7692,0.6923
aurus-nsga2-apportion|aurus,ctrl_y,gyro-var1,12,13,0.5385,0.3846,0.3846,0.5385
aurus-nsga2-apportion|aurus,cross,gyro-var1,14,12,0.5833,0.8333,0.3333,0.1667
aurus-nsga2-apportion|aurus,cross,gyro-var1,15,12,0.6667,0.75,0.3333,0.3333
aurus-nsga2-apportion|aurus,ctrl_x,gyro-var1,14,12,0.9167,0.75,0.8333,1.0
aurus-nsga2-apportion|aurus,ctrl_y,gyro-var1,14,12,0.75,0.6667,0.5833,0.75
aurus-nsga2-apportion|aurus,cross,gyro-var1,16,11,0.3636,0.4545,0.5455,0.4545
aurus-nsga2-apportion|aurus,cross,gyro-var1,17,11,0.9091,0.3636,0.5455,0.6364
aurus-nsga2-apportion|aurus,ctrl_x,gyro-var1,16,11,0.5455,0.6364,0.4545,1.0
aurus-nsga2-apportion|aurus,ctrl_y,gyro-var1,16,11,0.8182,0.4545,0.5455,0.5455
aurus-nsga2-apportion|aurus,cross,gyro-var1,18,17,0.0588,0.7647,0.4706,0.1176
aurus-nsga2-apportion|aurus,cross,gyro-var1,19,17,0.0,0.4706,0.0,0.1765
aurus-nsga2-apportion|aurus,ctrl_x,gyro-var1,18,17,0.4706,0.7059,0.8824,0.6471
aurus-nsga2-apportion|aurus,ctrl_y,gyro-var1,18,17,0.9412,0.5882,0.7059,0.8235
aurus-nsga2-apportion|aurus,cross,gyro-var1,20,16,0.4375,0.625,0.125,0.0625
aurus-nsga2-apportion|aurus,cross,gyro-var1,21,16,0.6875,0.9375,0.1875,0.3125
aurus-nsga2-apportion|aurus,ctrl_x,gyro-var1,20,16,0.8125,0.375,0.625,0.625
aurus-nsga2-apportion|aurus,ctrl_y,gyro-var1,20,16,0.25,0.5625,0.1875,0.25
aurus-nsga2-apportion|aurus,cross,gyro-var1,24,8,1.0,0.0,0.125,0.0
aurus-nsga2-apportion|aurus,cross,gyro-var1,25,8,0.75,0.75,0.25,0.5
aurus-nsga2-apportion|aurus,ctrl_x,gyro-var1,24,8,0.5,0.5,0.875,0.25
aurus-nsga2-apportion|aurus,ctrl_y,gyro-var1,24,8,0.875,0.5,0.625,0.75
aurus-nsga2-apportion|aurus,cross,gyro-var1,26,19,0.8947,0.2105,0.4737,0.4211
aurus-nsga2-apportion|aurus,cross,gyro-var1,27,19,0.1579,0.3684,0.2105,0.3158
aurus-nsga2-apportion|aurus,ctrl_x,gyro-var1,26,19,0.6316,0.3684,0.6842,0.6842
aurus-nsga2-apportion|aurus,ctrl_y,gyro-var1,26,19,0.6842,0.8947,0.7368,0.6842
aurus-nsga2-apportion|aurus,cross,gyro-var1,28,17,0.8235,0.4706,0.4706,0.2941
aurus-nsga2-apportion|aurus,cross,gyro-var1,29,17,0.1176,0.5882,0.0588,0.1176
aurus-nsga2-apportion|aurus,ctrl_x,gyro-var1,28,17,0.6471,0.6471,0.5882,0.7059
aurus-nsga2-apportion|aurus,ctrl_y,gyro-var1,28,17,0.4706,0.5882,0.3529,0.4118
mrs-nsga2-apportion|aurus,cross,gyro-var2,0,26,0.6923,0.4615,0.6538,0.7692
mrs-nsga2-apportion|aurus,cross,gyro-var2,1,26,0.7692,0.6923,0.7692,0.7692
mrs-nsga2-apportion|aurus,ctrl_x,gyro-var2,0,26,0.6154,0.6154,0.6923,0.6923
mrs-nsga2-apportion|aurus,ctrl_y,gyro-var2,0,26,0.7692,0.7308,0.6538,0.6538
mrs-nsga2-apportion|aurus,cross,gyro-var2,2,19,0.8947,0.5789,0.5263,0.5263
mrs-nsga2-apportion|aurus,cross,gyro-var2,3,19,0.3684,0.6316,0.7895,0.4211
mrs-nsga2-apportion|aurus,ctrl_x,gyro-var2,2,19,0.6842,0.7368,0.6316,0.7895
mrs-nsga2-apportion|aurus,ctrl_y,gyro-var2,2,19,0.8947,0.7895,0.9474,0.6316
mrs-nsga2-apportion|aurus,cross,gyro-var2,6,20,0.35,0.25,0.55,0.4
mrs-nsga2-apportion|aurus,cross,gyro-var2,7,20,0.55,0.3,0.4,0.35
mrs-nsga2-apportion|aurus,ctrl_x,gyro-var2,6,20,0.7,0.7,0.55,0.6
mrs-nsga2-apportion|aurus,ctrl_y,gyro-var2,6,20,0.45,0.45,0.65,0.7
mrs-nsga2-apportion|aurus,cross,gyro-var2,8,18,0.9444,0.6111,0.7778,0.7222
mrs-nsga2-apportion|aurus,cross,gyro-var2,9,18,0.7778,0.5556,0.7778,0.3889
mrs-nsga2-apportion|aurus,ctrl_x,gyro-var2,8,18,0.9444,0.6111,0.7778,0.8333
mrs-nsga2-apportion|aurus,ctrl_y,gyro-var2,8,18,0.5556,0.8333,0.7222,0.7778
mrs-nsga2-apportion|aurus,cross,gyro-var2,10,27,0.7037,0.5185,0.7778,0.5926
mrs-nsga2-apportion|aurus,cross,gyro-var2,11,27,0.8148,0.3704,0.5185,0.7778
mrs-nsga2-apportion|aurus,ctrl_x,gyro-var2,10,27,0.8519,0.5926,0.7778,0.6667
mrs-nsga2-apportion|aurus,ctrl_y,gyro-var2,10,27,0.5926,0.8519,0.8519,0.8148
mrs-nsga2-apportion|aurus,cross,gyro-var2,12,25,0.84,0.12,0.48,0.52
mrs-nsga2-apportion|aurus,cross,gyro-var2,13,25,0.52,0.4,0.52,0.52
mrs-nsga2-apportion|aurus,ctrl_x,gyro-var2,12,25,0.44,0.4,0.4,0.6
mrs-nsga2-apportion|aurus,ctrl_y,gyro-var2,12,25,0.56,0.64,0.72,0.76
mrs-nsga2-apportion|aurus,cross,gyro-var2,14,20,0.55,0.5,0.55,0.45
mrs-nsga2-apportion|aurus,cross,gyro-var2,15,20,0.75,0.75,0.75,0.75
mrs-nsga2-apportion|aurus,ctrl_x,gyro-var2,14,20,0.7,0.75,0.55,0.65
mrs-nsga2-apportion|aurus,ctrl_y,gyro-var2,14,20,0.65,0.6,0.6,0.65
mrs-nsga2-apportion|aurus,cross,gyro-var2,16,21,0.4286,0.5238,0.6667,0.381
mrs-nsga2-apportion|aurus,cross,gyro-var2,17,21,0.5714,0.4762,0.6667,0.4762
mrs-nsga2-apportion|aurus,ctrl_x,gyro-var2,16,21,0.8095,0.8571,0.6667,0.7619
mrs-nsga2-apportion|aurus,ctrl_y,gyro-var2,16,21,0.9524,0.5238,0.5714,0.7143
mrs-nsga2-apportion|aurus,cross,gyro-var2,18,19,0.5789,0.4737,0.8421,0.6316
mrs-nsga2-apportion|aurus,cross,gyro-var2,19,19,0.4211,0.7368,1.0,0.6316
mrs-nsga2-apportion|aurus,ctrl_x,gyro-var2,18,19,0.8947,0.4737,0.8421,1.0
mrs-nsga2-apportion|aurus,ctrl_y,gyro-var2,18,19,0.5789,0.6316,0.6842,0.7368
mrs-nsga2-apportion|aurus,cross,gyro-var2,20,15,0.9333,0.3333,0.4667,0.8667
mrs-nsga2-apportion|aurus,cross,gyro-var2,21,15,0.4667,0.9333,0.9333,0.6667
mrs-nsga2-apportion|aurus,ctrl_x,gyro-var2,20,15,0.7333,0.3333,0.4,0.9333
mrs-nsga2-apportion|aurus,ctrl_y,gyro-var2,20,15,1.0,0.6667,0.8,0.8
mrs-nsga2-apportion|aurus,cross,gyro-var2,22,16,0.75,0.5625,0.75,0.6875
mrs-nsga2-apportion|aurus,cross,gyro-var2,23,16,0.4375,0.375,0.625,0.25
mrs-nsga2-apportion|aurus,ctrl_x,gyro-var2,22,16,0.625,0.8125,0.8125,0.6875
mrs-nsga2-apportion|aurus,ctrl_y,gyro-var2,22,16,0.75,0.625,0.625,0.875
mrs-nsga2-apportion|aurus,cross,gyro-var2,24,26,0.9231,0.5385,0.6923,0.5769
mrs-nsga2-apportion|aurus,cross,gyro-var2,25,26,0.6538,0.4231,0.5769,0.8077
mrs-nsga2-apportion|aurus,ctrl_x,gyro-var2,24,26,0.7308,0.5769,0.6154,0.5385
mrs-nsga2-apportion|aurus,ctrl_y,gyro-var2,24,26,0.6538,0.9615,1.0,0.7308
mrs-nsga2-apportion|aurus,cross,gyro-var2,26,12,0.4167,0.5,0.4167,0.75
mrs-nsga2-apportion|aurus,cross,gyro-var2,27,12,0.8333,0.5833,1.0,0.5
mrs-nsga2-apportion|aurus,ctrl_x,gyro-var2,26,12,0.5,0.3333,0.4167,0.8333
mrs-nsga2-apportion|aurus,ctrl_y,gyro-var2,26,12,0.75,0.8333,0.8333,0.8333
mrs-nsga2-apportion|aurus,cross,gyro-var2,28,22,0.8182,0.6818,0.9545,0.5
mrs-nsga2-apportion|aurus,cross,gyro-var2,29,22,0.8636,0.5909,0.5909,0.6818
mrs-nsga2-apportion|aurus,ctrl_x,gyro-var2,28,22,0.6818,0.7273,0.8182,0.5909
mrs-nsga2-apportion|aurus,ctrl_y,gyro-var2,28,22,0.6364,0.7273,0.9091,0.6364
mrs-nsga2-apportion|aurus-nsga2-apportion,cross,gyro-var2,0,18,0.6111,0.5,0.6111,0.5556
mrs-nsga2-apportion|aurus-nsga2-apportion,cross,gyro-var2,1,18,0.6111,0.6111,0.7778,0.8333
mrs-nsga2-apportion|aurus-nsga2-apportion,ctrl_x,gyro-var2,0,18,0.7222,0.3889,0.6111,0.8333
mrs-nsga2-apportion|aurus-nsga2-apportion,ctrl_y,gyro-var2,0,18,0.4444,0.6111,0.8889,0.5
mrs-nsga2-apportion|aurus-nsga2-apportion,cross,gyro-var2,2,13,0.7692,0.4615,0.5385,1.0
mrs-nsga2-apportion|aurus-nsga2-apportion,cross,gyro-var2,3,13,0.8462,0.6923,0.6923,0.8462
mrs-nsga2-apportion|aurus-nsga2-apportion,ctrl_x,gyro-var2,2,13,0.4615,0.3077,0.4615,0.6154
mrs-nsga2-apportion|aurus-nsga2-apportion,ctrl_y,gyro-var2,2,13,0.6923,0.7692,0.7692,0.9231
mrs-nsga2-apportion|aurus-nsga2-apportion,cross,gyro-var2,4,13,0.6923,0.9231,0.9231,0.6923
mrs-nsga2-apportion|aurus-nsga2-apportion,cross,gyro-var2,5,13,0.6154,0.7692,0.6923,0.7692
mrs-nsga2-apportion|aurus-nsga2-apportion,ctrl_x,gyro-var2,4,13,0.6923,0.7692,0.5385,0.8462
mrs-nsga2-apportion|aurus-nsga2-apportion,ctrl_y,gyro-var2,4,13,0.6923,0.8462,0.8462,0.7692
mrs-nsga2-apportion|aurus-nsga2-apportion,cross,gyro-var2,6,13,1.0,1.0,0.5385,0.9231
mrs-nsga2-apportion|aurus-nsga2-apportion,cross,gyro-var2,7,13,0.9231,0.1538,0.5385,0.7692
mrs-nsga2-apportion|aurus-nsga2-apportion,ctrl_x,gyro-var2,6,13,0.4615,0.6923,0.6923,0.7692
mrs-nsga2-apportion|aurus-nsga2-apportion,ctrl_y,gyro-var2,6,13,0.6923,0.8462,0.6154,0.9231
mrs-nsga2-apportion|aurus-nsga2-apportion,cross,gyro-var2,8,15,0.8667,0.6,0.7333,0.8667
mrs-nsga2-apportion|aurus-nsga2-apportion,cross,gyro-var2,9,15,0.8,0.8667,0.7333,1.0
mrs-nsga2-apportion|aurus-nsga2-apportion,ctrl_x,gyro-var2,8,15,0.8,0.6,0.7333,0.9333
mrs-nsga2-apportion|aurus-nsga2-apportion,ctrl_y,gyro-var2,8,15,0.5333,0.6667,1.0,0.7333
mrs-nsga2-apportion|aurus-nsga2-apportion,cross,gyro-var2,10,14,0.9286,0.6429,0.7143,0.8571
mrs-nsga2-apportion|aurus-nsga2-apportion,cross,gyro-var2,11,14,0.6429,0.5,0.7143,0.9286
mrs-nsga2-apportion|aurus-nsga2-apportion,ctrl_x,gyro-var2,10,14,0.8571,0.6429,0.7857,0.7857
mrs-nsga2-apportion|aurus-nsga2-apportion,ctrl_y,gyro-var2,10,14,0.7857,0.7857,0.8571,0.9286
mrs-nsga2-apportion|aurus-nsga2-apportion,cross,gyro-var2,12,12,0.75,0.25,0.4167,0.25
mrs-nsga2-apportion|aurus-nsga2-apportion,cross,gyro-var2,13,12,0.3333,0.4167,0.75,0.4167
mrs-nsga2-apportion|aurus-nsga2-apportion,ctrl_x,gyro-var2,12,12,0.5,0.3333,0.5833,0.4167
mrs-nsga2-apportion|aurus-nsga2-apportion,ctrl_y,gyro-var2,12,12,0.75,0.5,0.75,0.5833
mrs-nsga2-apportion|aurus-nsga2-apportion,cross,gyro-var2,14,16,0.9375,0.6875,0.5625,0.6875
mrs-nsga2-apportion|aurus-nsga2-apportion,cross,gyro-var2,15,16,0.5,0.6875,0.8125,0.625
mrs-nsga2-apportion|aurus-nsga2-apportion,ctrl_x,gyro-var2,14,16,0.4375,0.75,0.5,0.6875
mrs-nsga2-apportion|aurus-nsga2-apportion,ctrl_y,gyro-var2,14,16,0.875,0.6875,0.6875,1.0
mrs-nsga2-apportion|aurus-nsga2-apportion,cross,gyro-var2,16,19,0.6842,0.6842,0.7368,0.6316
mrs-nsga2-apportion|aurus-nsga2-apportion,cross,gyro-var2,17,19,0.6316,0.5789,0.6842,0.4737
mrs-nsga2-apportion|aurus-nsga2-apportion,ctrl_x,gyro-var2,16,19,0.4211,0.7368,0.6316,0.6842
mrs-nsga2-apportion|aurus-nsga2-apportion,ctrl_y,gyro-var2,16,19,0.5789,0.7895,0.4737,0.8421
mrs-nsga2-apportion|aurus-nsga2-apportion,cross,gyro-var2,18,17,0.8824,0.8824,0.8824,1.0
mrs-nsga2-apportion|aurus-nsga2-apportion,cross,gyro-var2,19,17,0.5882,0.8824,1.0,0.5294
mrs-nsga2-apportion|aurus-nsga2-apportion,ctrl_x,gyro-var2,18,17,0.7059,0.4118,0.7059,0.8235
mrs-nsga2-apportion|aurus-nsga2-apportion,ctrl_y,gyro-var2,18,17,0.7647,0.8824,0.5882,0.8235
mrs-nsga2-apportion|aurus-nsga2-apportion,cross,gyro-var2,20,15,0.6,0.5333,0.3333,0.9333
mrs-nsga2-apportion|aurus-nsga2-apportion,cross,gyro-var2,21,15,0.6667,0.8667,0.9333,0.8667
mrs-nsga2-apportion|aurus-nsga2-apportion,ctrl_x,gyro-var2,20,15,0.7333,0.3333,0.4,0.9333
mrs-nsga2-apportion|aurus-nsga2-apportion,ctrl_y,gyro-var2,20,15,0.5333,0.8,0.7333,0.9333
mrs-nsga2-apportion|aurus-nsga2-apportion,cross,gyro-var2,22,12,0.6667,0.8333,1.0,0.8333
mrs-nsga2-apportion|aurus-nsga2-apportion,cross,gyro-var2,23,12,1.0,0.5833,0.8333,0.5
mrs-nsga2-apportion|aurus-nsga2-apportion,ctrl_x,gyro-var2,22,12,0.5,0.75,0.75,0.75
mrs-nsga2-apportion|aurus-nsga2-apportion,ctrl_y,gyro-var2,22,12,0.5,0.9167,0.8333,0.8333
mrs-nsga2-apportion|aurus-nsga2-apportion,cross,gyro-var2,24,8,0.875,0.75,0.75,0.875
mrs-nsga2-apportion|aurus-nsga2-apportion,cross,gyro-var2,25,8,0.875,0.75,1.0,0.875
mrs-nsga2-apportion|aurus-nsga2-apportion,ctrl_x,gyro-var2,24,8,0.875,0.5,0.75,0.875
mrs-nsga2-apportion|aurus-nsga2-apportion,ctrl_y,gyro-var2,24,8,0.75,0.25,0.375,0.875
mrs-nsga2-apportion|aurus-nsga2-apportion,cross,gyro-var2,26,12,0.9167,0.6667,0.4167,1.0
mrs-nsga2-apportion|aurus-nsga2-apportion,cross,gyro-var2,27,12,0.9167,0.5833,1.0,0.25
mrs-nsga2-apportion|aurus-nsga2-apportion,ctrl_x,gyro-var2,26,12,0.5,0.3333,0.4167,0.8333
mrs-nsga2-apportion|aurus-nsga2-apportion,ctrl_y,gyro-var2,26,12,0.75,0.4167,0.1667,1.0
mrs-nsga2-apportion|aurus-nsga2-apportion,cross,gyro-var2,28,13,0.6154,0.7692,0.9231,0.7692
mrs-nsga2-apportion|aurus-nsga2-apportion,cross,gyro-var2,29,13,0.8462,0.4615,0.6923,1.0
mrs-nsga2-apportion|aurus-nsga2-apportion,ctrl_x,gyro-var2,28,13,0.5385,0.6154,0.6923,0.6923
mrs-nsga2-apportion|aurus-nsga2-apportion,ctrl_y,gyro-var2,28,13,0.7692,0.6923,0.7692,0.7692
mrs-nsga2-apportion|mrs-weighted,cross,gyro-var2,0,26,0.3846,0.5769,0.7692,0.5385
mrs-nsga2-apportion|mrs-weighted,cross,gyro-var2,1,26,0.3077,0.7692,0.5385,0.6154
mrs-nsga2-apportion|mrs-weighted,ctrl_x,gyro-var2,0,26,0.6154,0.6154,0.6923,0.6923
mrs-nsga2-apportion|mrs-weighted,ctrl_y,gyro-var2,0,26,0.5385,0.5,0.6538,0.4231
mrs-nsga2-apportion|mrs-weighted,cross,gyro-var2,2,19,0.9474,0.2632,0.4737,0.5263
mrs-nsga2-apportion|mrs-weighted,cross,gyro-var2,3,19,0.5789,0.5263,0.7895,0.4737
mrs-nsga2-apportion|mrs-weighted,ctrl_x,gyro-var2,2,19,0.6842,0.7368,0.6316,0.7895
mrs-nsga2-apportion|mrs-weighted,ctrl_y,gyro-var2,2,19,0.5789,0.8947,0.5789,1.0
mrs-nsga2-apportion|mrs-weighted,cross,gyro-var2,4,23,0.6087,0.8261,0.6522,0.6957
mrs-nsga2-apportion|mrs-weighted,cross,gyro-var2,5,23,0.5217,0.7391,0.6957,0.5217
mrs-nsga2-apportion|mrs-weighted,ctrl_x,gyro-var2,4,23,0.8261,0.7826,0.6957,0.8696
mrs-nsga2-apportion|mrs-weighted,ctrl_y,gyro-var2,4,23,0.7826,0.7826,0.6087,0.6957
mrs-nsga2-apportion|mrs-weighted,cross,gyro-var2,6,20,0.3,0.4,0.55,0.7
mrs-nsga2-apportion|mrs-weighted,cross,gyro-var2,7,20,0.5,0.9,0.45,0.8
mrs-nsga2-apportion|mrs-weighted,ctrl_x,gyro-var2,6,20,0.7,0.7,0.55,0.6
mrs-nsga2-apportion|mrs-weighted,ctrl_y,gyro-var2,6,20,0.4,0.45,0.45,0.8
mrs-nsga2-apportion|mrs-weighted,cross,gyro-var2,8,18,0.5,0.6667,0.7778,0.7222
mrs-nsga2-apportion|mrs-weighted,cross,gyro-var2,9,18,0.4444,0.9444,0.7778,0.2222
mrs-nsga2-apportion|mrs-weighted,ctrl_x,gyro-var2,8,18,0.9444,0.6111,0.7778,0.8333
mrs-nsga2-apportion|mrs-weighted,ctrl_y,gyro-var2,8,18,0.7222,0.5556,0.3333,0.3333
mrs-nsga2-apportion|mrs-weighted,cross,gyro-var2,10,27,0.4815,0.9259,0.5926,0.7037
mrs-nsga2-apportion|mrs-weighted,cross,gyro-var2,11,27,0.8519,0.7037,0.6296,0.7037
mrs-nsga2-apportion|mrs-weighted,ctrl_x,gyro-var2,10,27,0.8519,0.5926,0.7778,0.6667
mrs-nsga2-apportion|mrs-weighted,ctrl_y,gyro-var2,10,27,0.7778,0.7037,0.6296,0.4815
mrs-nsga2-apportion|mrs-weighted,cross,gyro-var2,12,25,0.64,0.76,0.56,0.52
mrs-nsga2-apportion|mrs-weighted,cross,gyro-var2,13,25,0.72,0.6,0.6,0.48
mrs-nsga2-apportion|mrs-weighted,ctrl_x,gyro-var2,12,25,0.44,0.4,0.4,0.6
mrs-nsga2-apportion|mrs-weighted,ctrl_y,gyro-var2,12,25,0.64,0.84,0.6,0.76
mrs-nsga2-apportion|mrs-weighted,cross,gyro-var2,14,20,0.65,0.5,0.65,0.65
mrs-nsga2-apportion|mrs-weighted,cross,gyro-var2,15,20,0.5,0.8,0.75,0.65
mrs-nsga2-apportion|mrs-weighted,ctrl_x,gyro-var2,14,20,0.7,0.75,0.55,0.65
mrs-nsga2-apportion|mrs-weighted,ctrl_y,gyro-var2,14,20,0.8,0.65,0.75,0.75
mrs-nsga2-apportion|mrs-weighted,cross,gyro-var2,16,21,0.4286,0.7619,0.6667,0.5714
mrs-nsga2-apportion|mrs-weighted,cross,gyro-var2,17,21,0.381,0.5238,0.6667,0.381
mrs-nsga2-apportion|mrs-weighted,ctrl_x,gyro-var2,16,21,0.8095,0.8571,0.6667,0.7619
mrs-nsga2-apportion|mrs-weighted,ctrl_y,gyro-var2,16,21,0.2857,0.4286,0.381,0.4286
mrs-nsga2-apportion|mrs-weighted,cross,gyro-var2,18,19,0.5789,0.7895,0.7895,0.4737
mrs-nsga2-apportion|mrs-weighted,cross,gyro-var2,19,19,0.2105,0.9474,1.0,0.6316
mrs-nsga2-apportion|mrs-weighted,ctrl_x,gyro-var2,18,19,0.8947,0.4737,0.8421,1.0
mrs-nsga2-apportion|mrs-weighted,ctrl_y,gyro-var2,18,19,0.7368,0.2632,0.6316,0.3158
mrs-nsga2-apportion|mrs-weighted,cross,gyro-var2,20,15,0.4667,1.0,0.3333,0.7333
mrs-nsga2-apportion|mrs-weighted,cross,gyro-var2,21,15,0.4,0.8667,0.9333,0.5333
mrs-nsga2-apportion|mrs-weighted,ctrl_x,gyro-var2,20,15,0.7333,0.3333,0.4,0.9333
mrs-nsga2-apportion|mrs-weighted,ctrl_y,gyro-var2,20,15,0.6,0.5333,0.6,0.6667
mrs-nsga2-apportion|mrs-weighted,cross,gyro-var2,22,16,0.5,0.6875,0.5625,0.625
mrs-nsga2-apportion|mrs-weighted,cross,gyro-var2,23,16,0.3125,0.5,0.625,0.3125
mrs-nsga2-apportion|mrs-weighted,ctrl_x,gyro-var2,22,16,0.625,0.8125,0.8125,0.6875
mrs-nsga2-apportion|mrs-weighted,ctrl_y,gyro-var2,22,16,0.6875,0.5,0.3125,0.375
mrs-nsga2-apportion|mrs-weighted,cross,gyro-var2,24,26,0.5385,0.6923,0.6923,0.6538
mrs-nsga2-apportion|mrs-weighted,cross,gyro-var2,25,26,0.5769,0.7692,0.6538,0.4615
mrs-nsga2-apportion|mrs-weighted,ctrl_x,gyro-var2,24,26,0.7308,0.5769,0.6154,0.5385
mrs-nsga2-apportion|mrs-weighted,ctrl_y,gyro-var2,24,26,0.7308,0.6538,0.5385,0.6538
mrs-nsga2-apportion|mrs-weighted,cross,gyro-var2,26,12,0.4167,0.4167,0.4167,0.75
mrs-nsga2-apportion|mrs-weighted,cross,gyro-var2,27,12,0.9167,0.8333,0.3333,0.1667
mrs-nsga2-apportion|mrs-weighted,ctrl_x,gyro-var2,26,12,0.5,0.3333,0.4167,0.8333
mrs-nsga2-apportion|mrs-weighted,ctrl_y,gyro-var2,26,12,0.5833,0.8333,0.1667,0.0833
mrs-nsga2-apportion|mrs-weighted,cross,gyro-var2,28,22,0.5909,0.8636,0.9545,0.6364
mrs-nsga2-apportion|mrs-weighted,cross,gyro-var2,29,22,0.2727,0.6818,0.5455,0.5455
mrs-nsga2-apportion|mrs-weighted,ctrl_x,gyro-var2,28,22,0.6818,0.7273,0.8182,0.5909
mrs-nsga2-apportion|mrs-weighted,ctrl_y,gyro-var2,28,22,0.7273,0.4545,0.6364,0.4091
aurus-nsga2-apportion|aurus,cross,gyro-var2,0,18,0.6111,0.6111,0.8889,0.7222
aurus-nsga2-apportion|aurus,cross,gyro-var2,1,18,0.5,0.6667,0.5556,0.7778
aurus-nsga2-apportion|aurus,ctrl_x,gyro-var2,0,18,0.4444,0.5556,0.8889,0.5
aurus-nsga2-apportion|aurus,ctrl_y,gyro-var2,0,18,0.7778,0.7222,0.6667,0.5
aurus-nsga2-apportion|aurus,cross,gyro-var2,2,13,0.9231,0.6923,0.7692,0.6923
aurus-nsga2-apportion|aurus,cross,gyro-var2,3,13,0.5385,0.6923,0.8462,0.3846
aurus-nsga2-apportion|aurus,ctrl_x,gyro-var2,2,13,0.7692,0.7692,0.7692,0.9231
aurus-nsga2-apportion|aurus,ctrl_y,gyro-var2,2,13,1.0,0.6154,0.6154,0.7692
aurus-nsga2-apportion|aurus,cross,gyro-var2,6,13,0.4615,0.6154,0.9231,0.6923
aurus-nsga2-apportion|aurus,cross,gyro-var2,7,13,0.8462,0.5385,1.0,0.3846
aurus-nsga2-apportion|aurus,ctrl_x,gyro-var2,6,13,0.7692,0.6154,0.6154,0.9231
aurus-nsga2-apportion|aurus,ctrl_y,gyro-var2,6,13,0.9231,0.8462,1.0,0.6923
aurus-nsga2-apportion|aurus,cross,gyro-var2,8,15,0.8,0.7333,1.0,0.8
aurus-nsga2-apportion|aurus,cross,gyro-var2,9,15,0.5333,0.6,0.8667,0.5333
aurus-nsga2-apportion|aurus,ctrl_x,gyro-var2,8,15,0.5333,0.8,1.0,0.7333
aurus-nsga2-apportion|aurus,ctrl_y,gyro-var2,8,15,0.4667,0.7333,0.7333,0.5333
aurus-nsga2-apportion|aurus,cross,gyro-var2,10,14,0.6429,0.7143,0.7143,0.9286
aurus-nsga2-apportion|aurus,cross,gyro-var2,11,14,0.7143,0.8571,0.9286,0.9286
aurus-nsga2-apportion|aurus,ctrl_x,gyro-var2,10,14,0.8571,0.8571,0.7857,1.0
aurus-nsga2-apportion|aurus,ctrl_y,gyro-var2,10,14,0.8571,0.8571,0.9286,0.8571
aurus-nsga2-apportion|aurus,cross,gyro-var2,12,12,0.8333,0.5,0.8333,0.6667
aurus-nsga2-apportion|aurus,cross,gyro-var2,13,12,0.8333,0.5,0.5833,0.5
aurus-nsga2-apportion|aurus,ctrl_x,gyro-var2,12,12,0.6667,0.5,0.5833,0.5833
aurus-nsga2-apportion|aurus,ctrl_y,gyro-var2,12,12,0.6667,0.5,0.75,1.0
aurus-nsga2-apportion|aurus,cross,gyro-var2,14,16,0.4375,0.5,0.6875,0.5
aurus-nsga2-apportion|aurus,cross,gyro-var2,15,16,0.6875,0.3125,0.6875,0.5
aurus-nsga2-apportion|aurus,ctrl_x,gyro-var2,14,16,0.875,0.6875,0.6875,1.0
aurus-nsga2-apportion|aurus,ctrl_y,gyro-var2,14,16,0.9375,0.9375,0.8125,0.6875
aurus-nsga2-apportion|aurus,cross,gyro-var2,16,19,0.5263,0.5789,0.4737,0.5263
aurus-nsga2-apportion|aurus,cross,gyro-var2,17,19,0.6842,0.6316,0.7895,0.4737
aurus-nsga2-apportion|aurus,ctrl_x,gyro-var2,16,19,0.5789,0.7895,0.4737,0.7895
aurus-nsga2-apportion|aurus,ctrl_y,gyro-var2,16,19,0.6842,0.4737,0.4211,0.7368
aurus-nsga2-apportion|aurus,cross,gyro-var2,18,17,0.6471,0.4706,0.6471,0.5294
aurus-nsga2-apportion|aurus,cross,gyro-var2,19,17,0.8235,0.7647,0.9412,0.5294
aurus-nsga2-apportion|aurus,ctrl_x,gyro-var2,18,17,0.7059,0.8824,0.6471,0.8235
aurus-nsga2-apportion|aurus,ctrl_y,gyro-var2,18,17,0.4706,0.7059,0.6471,0.6471
aurus-nsga2-apportion|aurus,cross,gyro-var2,20,17,0.5294,0.4706,0.7647,0.4706
aurus-nsga2-apportion|aurus,cross,gyro-var2,21,17,0.8235,0.4118,0.9412,0.7059
aurus-nsga2-apportion|aurus,ctrl_x,gyro-var2,20,17,0.5294,0.7647,0.5294,0.8824
aurus-nsga2-apportion|aurus,ctrl_y,gyro-var2,20,17,0.7647,0.9412,0.8235,0.8235
aurus-nsga2-apportion|aurus,cross,gyro-var2,22,12,0.4167,0.6667,0.5833,0.5
aurus-nsga2-apportion|aurus,cross,gyro-var2,23,12,0.75,0.4167,0.8333,0.5
aurus-nsga2-apportion|aurus,ctrl_x,gyro-var2,22,12,0.5833,0.9167,0.75,0.8333
aurus-nsga2-apportion|aurus,ctrl_y,gyro-var2,22,12,0.5833,0.5,0.5,0.5833
aurus-nsga2-apportion|aurus,cross,gyro-var2,24,8,0.375,0.875,1.0,0.75
aurus-nsga2-apportion|aurus,cross,gyro-var2,25,8,0.875,0.75,0.875,0.5
aurus-nsga2-apportion|aurus,ctrl_x,gyro-var2,24,8,0.75,0.5,0.75,0.875
aurus-nsga2-apportion|aurus,ctrl_y,gyro-var2,24,8,0.875,0.875,1.0,1.0
aurus-nsga2-apportion|aurus,cross,gyro-var2,26,15,0.6,0.2,0.2,0.7333
aurus-nsga2-apportion|aurus,cross,gyro-var2,27,15,0.6667,0.8,1.0,0.6
aurus-nsga2-apportion|aurus,ctrl_x,gyro-var2,26,15,0.7333,0.6,0.2,0.9333
aurus-nsga2-apportion|aurus,ctrl_y,gyro-var2,26,15,0.8667,0.6667,0.7333,0.8
aurus-nsga2-apportion|aurus,cross,gyro-var2,28,13,0.8462,0.8462,0.7692,0.4615
aurus-nsga2-apportion|aurus,cross,gyro-var2,29,13,0.7692,0.8462,0.8462,0.8462
aurus-nsga2-apportion|aurus,ctrl_x,gyro-var2,28,13,0.5385,0.8462,0.6923,0.8462
aurus-nsga2-apportion|aurus,ctrl_y,gyro-var2,28,13,0.4615,0.7692,0.2308,0.3077
mrs-nsga2-apportion|aurus,cross,humanoid-458,0,17,0.5882,0.5294,0.2353,0.5882
mrs-nsga2-apportion|aurus,cross,humanoid-458,1,17,0.8235,0.1765,0.4118,0.3529
mrs-nsga2-apportion|aurus,ctrl_x,humanoid-458,0,17,0.5294,0.2941,0.3529,0.5294
mrs-nsga2-apportion|aurus,ctrl_y,humanoid-458,0,17,0.5294,0.6471,0.7059,0.8824
mrs-nsga2-apportion|aurus,cross,humanoid-458,2,15,0.6667,0.1333,0.4,0.1333
mrs-nsga2-apportion|aurus,cross,humanoid-458,3,15,0.6,0.2667,0.6,0.3333
mrs-nsga2-apportion|aurus,ctrl_x,humanoid-458,2,15,0.2667,0.1333,0.4,0.1333
mrs-nsga2-apportion|aurus,ctrl_y,humanoid-458,2,15,0.6,0.5333,0.6,0.4667
mrs-nsga2-apportion|aurus,cross,humanoid-458,4,13,0.1538,0.3077,0.3077,0.0769
mrs-nsga2-apportion|aurus,cross,humanoid-458,5,13,0.6154,0.1538,0.3846,0.3846
mrs-nsga2-apportion|aurus,ctrl_x,humanoid-458,4,13,0.5385,0.4615,0.9231,0.9231
mrs-nsga2-apportion|aurus,ctrl_y,humanoid-458,4,13,0.6923,0.4615,0.6923,0.3846
mrs-nsga2-apportion|aurus,cross,humanoid-458,6,14,0.5,0.0714,0.2857,0.5
mrs-nsga2-apportion|aurus,cross,humanoid-458,7,14,1.0,0.8571,0.3571,0.2143
mrs-nsga2-apportion|aurus,ctrl_x,humanoid-458,6,14,0.3571,0.4286,0.2143,0.2143
mrs-nsga2-apportion|aurus,ctrl_y,humanoid-458,6,14,1.0,0.2857,0.2857,0.6429
mrs-nsga2-apportion|aurus,cross,humanoid-458,8,10,0.4,0.4,0.4,0.6
mrs-nsga2-apportion|aurus,cross,humanoid-458,9,10,0.5,0.3,0.7,0.4
mrs-nsga2-apportion|aurus,ctrl_x,humanoid-458,8,10,0.8,0.0,0.1,0.0
mrs-nsga2-apportion|aurus,ctrl_y,humanoid-458,8,10,0.6,0.7,0.7,0.4
mrs-nsga2-apportion|aurus,cross,humanoid-458,10,12,0.75,0.0,0.3333,0.0
mrs-nsga2-apportion|aurus,cross,humanoid-458,11,12,0.8333,0.4167,0.5833,0.4167
mrs-nsga2-apportion|aurus,ctrl_x,humanoid-458,10,12,0.6667,0.4167,0.4167,0.1667
mrs-nsga2-apportion|aurus,ctrl_y,humanoid-458,10,12,0.5,0.5833,0.4167,0.5833
mrs-nsga2-apportion|aurus,cross,humanoid-458,12,14,0.7857,0.7143,0.6429,0.3571
mrs-nsga2-apportion|aurus,cross,humanoid-458,13,14,1.0,0.1429,0.5,0.5
mrs-nsga2-apportion|aurus,ctrl_x,humanoid-458,12,14,0.7143,0.5714,0.7143,0.4286
mrs-nsga2-apportion|aurus,ctrl_y,humanoid-458,12,14,0.7143,0.5714,0.8571,0.5
mrs-nsga2-apportion|aurus,cross,humanoid-458,14,24,0.5417,0.125,0.4167,0.375
mrs-nsga2-apportion|aurus,cross,humanoid-458,15,24,0.75,0.375,0.5417,0.4583
mrs-nsga2-apportion|aurus,ctrl_x,humanoid-458,14,24,0.2917,0.6667,0.4583,0.4583
mrs-nsga2-apportion|aurus,ctrl_y,humanoid-458,14,24,0.875,0.375,0.4583,0.375
mrs-nsga2-apportion|aurus,cross,humanoid-458,16,10,0.3,0.2,0.7,0.3
mrs-nsga2-apportion|aurus,cross,humanoid-458,17,10,1.0,0.2,0.6,0.2
mrs-nsga2-apportion|aurus,ctrl_x,humanoid-458,16,10,0.5,0.1,0.4,0.4
mrs-nsga2-apportion|aurus,ctrl_y,humanoid-458,16,10,0.8,0.5,0.6,0.2
mrs-nsga2-apportion|aurus,cross,humanoid-458,18,13,0.8462,0.3077,0.5385,0.5385
mrs-nsga2-apportion|aurus,cross,humanoid-458,19,13,1.0,0.2308,0.6923,0.3077
mrs-nsga2-apportion|aurus,ctrl_x,humanoid-458,18,13,0.2308,0.8462,0.3077,0.7692
mrs-nsga2-apportion|aurus,ctrl_y,humanoid-458,18,13,0.6154,0.5385,0.7692,0.7692
mrs-nsga2-apportion|aurus,cross,humanoid-458,20,15,0.0667,0.4,0.2667,0.0667
mrs-nsga2-apportion|aurus,cross,humanoid-458,21,15,0.7333,0.7333,0.2,0.2667
mrs-nsga2-apportion|aurus,ctrl_x,humanoid-458,20,15,0.5333,0.6,0.2667,0.2667
mrs-nsga2-apportion|aurus,ctrl_y,humanoid-458,20,15,0.4,0.6667,0.5333,0.3333
mrs-nsga2-apportion|aurus,cross,humanoid-458,22,17,0.5294,0.3529,0.5882,0.0588
mrs-nsga2-apportion|aurus,cross,humanoid-458,23,17,0.8235,0.1765,0.4706,0.4118
mrs-nsga2-apportion|aurus,ctrl_x,humanoid-458,22,17,0.4706,0.1765,0.1765,0.1765
mrs-nsga2-apportion|aurus,ctrl_y,humanoid-458,22,17,0.4118,0.6471,0.5882,0.7647
mrs-nsga2-apportion|aurus,cross,humanoid-458,24,10,0.8,0.1,0.4,0.1
mrs-nsga2-apportion|aurus,cross,humanoid-458,25,10,0.6,0.4,0.6,0.6
mrs-nsga2-apportion|aurus,ctrl_x,humanoid-458,24,10,0.5,0.5,0.5,0.2
mrs-nsga2-apportion|aurus,ctrl_y,humanoid-458,24,10,0.4,0.6,0.9,0.4
mrs-nsga2-apportion|aurus,cross,humanoid-458,26,12,0.6667,0.1667,0.5,0.4167
mrs-nsga2-apportion|aurus,cross,humanoid-458,27,12,0.9167,0.25,0.5833,0.5833
mrs-nsga2-apportion|aurus,ctrl_x,humanoid-458,26,12,0.4167,0.5833,0.5833,0.5
mrs-nsga2-apportion|aurus,ctrl_y,humanoid-458,26,12,0.5833,0.6667,0.8333,0.5833
mrs-nsga2-apportion|aurus,cross,humanoid-458,28,10,0.5,0.3,0.6,0.6
mrs-nsga2-apportion|aurus,cross,humanoid-458,29,10,1.0,0.2,0.5,0.3
mrs-nsga2-apportion|aurus,ctrl_x,humanoid-458,28,10,0.2,0.5,0.4,0.2
mrs-nsga2-apportion|aurus,ctrl_y,humanoid-458,28,10,0.4,0.7,0.2,0.7
mrs-nsga2-apportion|aurus-nsga2-apportion,cross,humanoid-458,0,18,0.4444,0.3889,0.7222,0.3889
mrs-nsga2-apportion|aurus-nsga2-apportion,cross,humanoid-458,1,18,0.2222,0.2778,0.5,0.3333
mrs-nsga2-apportion|aurus-nsga2-apportion,ctrl_x,humanoid-458,0,18,0.6667,0.5,0.3889,0.6111
mrs-nsga2-apportion|aurus-nsga2-apportion,ctrl_y,humanoid-458,0,18,0.2778,0.3333,0.3333,0.3333
mrs-nsga2-apportion|aurus-nsga2-apportion,cross,humanoid-458,2,9,0.5556,0.5556,0.6667,0.6667
mrs-nsga2-apportion|aurus-nsga2-apportion,cross,humanoid-458,3,9,0.1111,0.2222,0.3333,0.5556
mrs-nsga2-apportion|aurus-nsga2-apportion,ctrl_x,humanoid-458,2,9,0.7778,0.4444,0.7778,0.2222
mrs-nsga2-apportion|aurus-nsga2-apportion,ctrl_y,humanoid-458,2,9,0.3333,0.2222,0.5556,0.5556
mrs-nsga2-apportion|aurus-nsga2-apportion,cross,humanoid-458,4,18,0.5,0.2222,0.2222,0.2222
mrs-nsga2-apportion|aurus-nsga2-apportion,cross,humanoid-458,5,18,0.7222,0.3889,0.7222,0.6111
mrs-nsga2-apportion|aurus-nsga2-apportion,ctrl_x,humanoid-458,4,18,0.5556,0.7222,0.6111,0.6111
mrs-nsga2-apportion|aurus-nsga2-apportion,ctrl_y,humanoid-458,4,18,0.2222,0.3333,0.2778,0.2222
mrs-nsga2-apportion|aurus-nsga2-apportion,cross,humanoid-458,6,7,0.5714,0.2857,0.8571,1.0
mrs-nsga2-apportion|aurus-nsga2-apportion,cross,humanoid-458,7,7,0.7143,0.1429,0.7143,0.1429
mrs-nsga2-apportion|aurus-nsga2-apportion,ctrl_x,humanoid-458,6,7,0.4286,0.2857,0.7143,0.2857
mrs-nsga2-apportion|aurus-nsga2-apportion,ctrl_y,humanoid-458,6,7,0.5714,0.2857,0.8571,1.0
mrs-nsga2-apportion|aurus-nsga2-apportion,cross,humanoid-458,8,15,0.2,0.6,0.2667,0.5333
mrs-nsga2-apportion|aurus-nsga2-apportion,cross,humanoid-458,9,15,0.5333,0.2667,0.5333,0.6667
mrs-nsga2-apportion|aurus-nsga2-apportion,ctrl_x,humanoid-458,8,15,0.2,0.4,0.2,0.5333
mrs-nsga2-apportion|aurus-nsga2-apportion,ctrl_y,humanoid-458,8,15,0.4667,0.5333,0.7333,0.6
mrs-nsga2-apportion|aurus-nsga2-apportion,cross,humanoid-458,10,12,1.0,0.1667,0.25,0.1667
mrs-nsga2-apportion|aurus-nsga2-apportion,cross,humanoid-458,11,12,0.6667,0.25,0.75,0.5833
mrs-nsga2-apportion|aurus-nsga2-apportion,ctrl_x,humanoid-458,10,12,0.6667,0.4167,0.4167,0.1667
mrs-nsga2-apportion|aurus-nsga2-apportion,ctrl_y,humanoid-458,10,12,0.3333,0.5,0.5833,0.9167
mrs-nsga2-apportion|aurus-nsga2-apportion,cross,humanoid-458,12,4,1.0,1.0,0.75,1.0
mrs-nsga2-apportion|aurus-nsga2-apportion,cross,humanoid-458,13,4,1.0,0.0,0.75,0.0
mrs-nsga2-apportion|aurus-nsga2-apportion,ctrl_x,humanoid-458,12,4,0.5,0.75,1.0,1.0
mrs-nsga2-apportion|aurus-nsga2-apportion,ctrl_y,humanoid-458,12,4,0.5,0.75,1.0,0.75
mrs-nsga2-apportion|aurus-nsga2-apportion,cross,humanoid-458,14,3,1.0,0.3333,1.0,1.0
mrs-nsga2-apportion|aurus-nsga2-apportion,cross,humanoid-458,15,3,1.0,0.0,0.6667,0.0
mrs-nsga2-apportion|aurus-nsga2-apportion,ctrl_x,humanoid-458,14,3,0.3333,1.0,0.3333,0.3333
mrs-nsga2-apportion|aurus-nsga2-apportion,ctrl_y,humanoid-458,14,3,0.6667,0.0,0.3333,0.0
mrs-nsga2-apportion|aurus-nsga2-apportion,cross,humanoid-458,16,19,0.2105,0.2105,0.4211,0.3158
mrs-nsga2-apportion|aurus-nsga2-apportion,cross,humanoid-458,17,19,0.6842,0.5789,0.5789,0.6316
mrs-nsga2-apportion|aurus-nsga2-apportion,ctrl_x,humanoid-458,16,19,0.3684,0.5789,0.5789,0.5263
mrs-nsga2-apportion|aurus-nsga2-apportion,ctrl_y,humanoid-458,16,19,0.7368,0.2632,0.5789,0.2105
mrs-nsga2-apportion|aurus-nsga2-apportion,cross,humanoid-458,18,11,0.3636,0.5455,0.6364,0.3636
mrs-nsga2-apportion|aurus-nsga2-apportion,cross,humanoid-458,19,11,0.2727,0.2727,0.5455,0.3636
mrs-nsga2-apportion|aurus-nsga2-apportion,ctrl_x,humanoid-458,18,11,0.8182,0.7273,0.3636,0.8182
mrs-nsga2-apportion|aurus-nsga2-apportion,ctrl_y,humanoid-458,18,11,0.2727,0.3636,0.7273,0.4545
mrs-nsga2-apportion|aurus-nsga2-apportion,cross,humanoid-458,20,14,0.8571,0.2143,0.5,0.1429
mrs-nsga2-apportion|aurus-nsga2-apportion,cross,humanoid-458,21,14,0.5,0.2143,0.1429,0.0714
mrs-nsga2-apportion|aurus-nsga2-apportion,ctrl_x,humanoid-458,20,14,0.2857,0.4286,0.2143,0.2857
mrs-nsga2-apportion|aurus-nsga2-apportion,ctrl_y,humanoid-458,20,14,0.3571,0.2857,0.5,0.4286
mrs-nsga2-apportion|aurus-nsga2-apportion,cross,humanoid-458,22,13,0.6154,0.3077,0.3846,0.3846
mrs-nsga2-apportion|aurus-nsga2-apportion,cross,humanoid-458,23,13,0.3846,0.8462,0.5385,0.3077
mrs-nsga2-apportion|aurus-nsga2-apportion,ctrl_x,humanoid-458,22,13,0.6154,0.5385,0.5385,0.4615
mrs-nsga2-apportion|aurus-nsga2-apportion,ctrl_y,humanoid-458,22,13,0.6154,0.6154,0.1538,0.4615
mrs-nsga2-apportion|aurus-nsga2-apportion,cross,humanoid-458,24,10,0.7,0.6,0.4,0.4
mrs-nsga2-apportion|aurus-nsga2-apportion,cross,humanoid-458,25,10,0.4,0.3,0.5,0.4
mrs-nsga2-apportion|aurus-nsga2-apportion,ctrl_x,humanoid-458,24,10,0.5,0.5,0.5,0.2
mrs-nsga2-apportion|aurus-nsga2-apportion,ctrl_y,humanoid-458,24,10,0.2,0.8,0.6,0.5
mrs-nsga2-apportion|aurus-nsga2-apportion,cross,humanoid-458,26,8,0.375,0.375,0.125,0.125
mrs-nsga2-apportion|aurus-nsga2-apportion,cross,humanoid-458,27,8,0.75,0.125,0.375,1.0
mrs-nsga2-apportion|aurus-nsga2-apportion,ctrl_x,humanoid-458,26,8,0.125,0.375,0.125,0.375
mrs-nsga2-apportion|aurus-nsga2-apportion,ctrl_y,humanoid-458,26,8,0.0,1.0,0.0,0.125
mrs-nsga2-apportion|aurus-nsga2-apportion,cross,humanoid-458,28,6,0.3333,0.3333,0.1667,0.1667
mrs-nsga2-apportion|aurus-nsga2-apportion,cross,humanoid-458,29,6,0.1667,0.0,0.1667,0.0
mrs-nsga2-apportion|aurus-nsga2-apportion,ctrl_x,humanoid-458,28,6,0.3333,0.8333,0.3333,0.3333
mrs-nsga2-apportion|aurus-nsga2-apportion,ctrl_y,humanoid-458,28,6,0.6667,0.8333,0.5,0.6667
mrs-nsga2-apportion|mrs-weighted,cross,humanoid-458,0,26,0.0385,0.6154,0.0385,0.1923
mrs-nsga2-apportion|mrs-weighted,cross,humanoid-458,1,26,0.1923,0.3846,0.1154,0.2308
mrs-nsga2-apportion|mrs-weighted,ctrl_x,humanoid-458,0,26,0.4231,0.4231,0.5385,0.5385
mrs-nsga2-apportion|mrs-weighted,ctrl_y,humanoid-458,0,26,0.4615,0.4231,0.1923,0.1923
mrs-nsga2-apportion|mrs-weighted,cross,humanoid-458,2,22,0.4545,0.4545,0.5,0.3182
mrs-nsga2-apportion|mrs-weighted,cross,humanoid-458,3,22,0.3636,0.7727,0.4545,0.7273
mrs-nsga2-apportion|mrs-weighted,ctrl_x,humanoid-458,2,22,0.2273,0.3182,0.3636,0.1364
mrs-nsga2-apportion|mrs-weighted,ctrl_y,humanoid-458,2,22,0.5909,0.3636,0.7727,0.7727
mrs-nsga2-apportion|mrs-weighted,cross,humanoid-458,4,22,0.3182,0.4545,0.3636,0.5455
mrs-nsga2-apportion|mrs-weighted,cross,humanoid-458,5,22,0.4545,0.6818,0.5,0.3182
mrs-nsga2-apportion|mrs-weighted,ctrl_x,humanoid-458,4,22,0.5,0.6364,0.6818,0.6364
mrs-nsga2-apportion|mrs-weighted,ctrl_y,humanoid-458,4,22,0.6818,0.2727,0.3182,0.2273
mrs-nsga2-apportion|mrs-weighted,cross,humanoid-458,6,16,0.5625,0.5,0.4375,0.625
mrs-nsga2-apportion|mrs-weighted,cross,humanoid-458,7,16,0.5,0.4375,0.3125,0.1875
mrs-nsga2-apportion|mrs-weighted,ctrl_x,humanoid-458,6,16,0.25,0.375,0.3125,0.375
mrs-nsga2-apportion|mrs-weighted,ctrl_y,humanoid-458,6,16,0.8125,0.3125,0.4375,0.375
mrs-nsga2-apportion|mrs-weighted,cross,humanoid-458,8,15,0.0667,0.1333,0.2,0.4667
mrs-nsga2-apportion|mrs-weighted,cross,humanoid-458,9,15,0.3333,0.8,0.5333,0.1333
mrs-nsga2-apportion|mrs-weighted,ctrl_x,humanoid-458,8,15,0.2,0.4,0.2,0.5333
mrs-nsga2-apportion|mrs-weighted,ctrl_y,humanoid-458,8,15,0.6,0.7333,0.7333,0.8667
mrs-nsga2-apportion|mrs-weighted,cross,humanoid-458,10,21,0.5238,0.6667,0.2381,0.1905
mrs-nsga2-apportion|mrs-weighted,cross,humanoid-458,11,21,0.4762,0.619,0.2381,0.2381
mrs-nsga2-apportion|mrs-weighted,ctrl_x,humanoid-458,10,21,0.5238,0.5238,0.381,0.2381
mrs-nsga2-apportion|mrs-weighted,ctrl_y,humanoid-458,10,21,0.4762,0.7619,0.2857,0.1905
mrs-nsga2-apportion|mrs-weighted,cross,humanoid-458,12,20,0.45,0.75,0.5,0.65
mrs-nsga2-apportion|mrs-weighted,cross,humanoid-458,13,20,0.45,0.4,0.3,0.25
mrs-nsga2-apportion|mrs-weighted,ctrl_x,humanoid-458,12,20,0.65,0.6,0.6,0.5
mrs-nsga2-apportion|mrs-weighted,ctrl_y,humanoid-458,12,20,0.6,0.2,0.4,0.15
mrs-nsga2-apportion|mrs-weighted,cross,humanoid-458,14,25,0.52,0.44,0.36,0.32
mrs-nsga2-apportion|mrs-weighted,cross,humanoid-458,15,25,0.64,0.4,0.56,0.6
mrs-nsga2-apportion|mrs-weighted,ctrl_x,humanoid-458,14,25,0.2,0.68,0.4,0.44
mrs-nsga2-apportion|mrs-weighted,ctrl_y,humanoid-458,14,25,0.44,0.64,0.6,0.52
mrs-nsga2-apportion|mrs-weighted,cross,humanoid-458,16,22,0.2727,0.7727,0.0455,0.4091
mrs-nsga2-apportion|mrs-weighted,cross,humanoid-458,17,22,0.3636,0.6364,0.4545,0.5909
mrs-nsga2-apportion|mrs-weighted,ctrl_x,humanoid-458,16,22,0.3636,0.6818,0.5,0.5
mrs-nsga2-apportion|mrs-weighted,ctrl_y,humanoid-458,16,22,0.3636,0.3636,0.6364,0.4545
mrs-nsga2-apportion|mrs-weighted,cross,humanoid-458,18,20,0.45,0.6,0.35,0.5
mrs-nsga2-apportion|mrs-weighted,cross,humanoid-458,19,20,0.75,0.4,0.2,0.25
mrs-nsga2-apportion|mrs-weighted,ctrl_x,humanoid-458,18,20,0.25,0.8,0.15,0.5
mrs-nsga2-apportion|mrs-weighted,ctrl_y,humanoid-458,18,20,0.95,0.8,0.25,0.15
mrs-nsga2-apportion|mrs-weighted,cross,humanoid-458,20,21,0.1905,0.8095,0.2381,0.4286
mrs-nsga2-apportion|mrs-weighted,cross,humanoid-458,21,21,0.2857,0.5714,0.1429,0.2381
mrs-nsga2-apportion|mrs-weighted,ctrl_x,humanoid-458,20,21,0.3333,0.5238,0.1429,0.1905
mrs-nsga2-apportion|mrs-weighted,ctrl_y,humanoid-458,20,21,0.8095,0.4762,0.1905,0.4286
mrs-nsga2-apportion|mrs-weighted,cross,humanoid-458,22,24,0.25,0.5,0.125,0.125
mrs-nsga2-apportion|mrs-weighted,cross,humanoid-458,23,24,0.5417,0.5833,0.25,0.625
mrs-nsga2-apportion|mrs-weighted,ctrl_x,humanoid-458,22,24,0.5,0.625,0.375,0.3333
mrs-nsga2-apportion|mrs-weighted,ctrl_y,humanoid-458,22,24,0.625,0.2917,0.625,0.2917
mrs-nsga2-apportion|mrs-weighted,cross,humanoid-458,24,10,0.8,0.3,0.4,0.3
mrs-nsga2-apportion|mrs-weighted,cross,humanoid-458,25,10,0.4,0.6,0.6,0.6
mrs-nsga2-apportion|mrs-weighted,ctrl_x,humanoid-458,24,10,0.5,0.5,0.5,0.2
mrs-nsga2-apportion|mrs-weighted,ctrl_y,humanoid-458,24,10,0.5,0.5,0.4,0.7
mrs-nsga2-apportion|mrs-weighted,cross,humanoid-458,26,20,0.15,0.25,0.25,0.3
mrs-nsga2-apportion|mrs-weighted,cross,humanoid-458,27,20,0.5,0.55,0.35,0.5
mrs-nsga2-apportion|mrs-weighted,ctrl_x,humanoid-458,26,20,0.45,0.65,0.55,0.4
mrs-nsga2-apportion|mrs-weighted,ctrl_y,humanoid-458,26,20,0.2,0.55,0.25,0.4
mrs-nsga2-apportion|mrs-weighted,cross,humanoid-458,28,16,0.4375,0.375,0.3125,0.625
mrs-nsga2-apportion|mrs-weighted,cross,humanoid-458,29,16,0.4375,0.875,0.125,0.375
mrs-nsga2-apportion|mrs-weighted,ctrl_x,humanoid-458,28,16,0.25,0.4375,0.6875,0.1875
mrs-nsga2-apportion|mrs-weighted,ctrl_y,humanoid-458,28,16,0.5,0.4375,0.625,0.625
aurus-nsga2-apportion|aurus,cross,humanoid-458,0,17,0.5882,0.2941,0.3529,0.4706
aurus-nsga2-apportion|aurus,cross,humanoid-458,1,17,0.4118,0.1765,0.1176,0.1176
aurus-nsga2-apportion|aurus,ctrl_x,humanoid-458,0,17,0.2941,0.2353,0.3529,0.3529
aurus-nsga2-apportion|aurus,ctrl_y,humanoid-458,0,17,0.5294,0.6471,0.7059,0.8824
aurus-nsga2-apportion|aurus,cross,humanoid-458,2,9,0.3333,0.3333,0.7778,0.3333
aurus-nsga2-apportion|aurus,cross,humanoid-458,3,9,0.5556,0.2222,0.6667,0.4444
aurus-nsga2-apportion|aurus,ctrl_x,humanoid-458,2,9,0.2222,0.2222,0.5556,0.3333
aurus-nsga2-apportion|aurus,ctrl_y,humanoid-458,2,9,0.6667,0.5556,0.8889,0.2222
aurus-nsga2-apportion|aurus,cross,humanoid-458,4,13,0.3077,0.1538,0.3846,0.2308
aurus-nsga2-apportion|aurus,cross,humanoid-458,5,13,0.1538,0.2308,0.2308,0.1538
aurus-nsga2-apportion|aurus,ctrl_x,humanoid-458,4,13,0.3846,0.3077,0.3846,0.3077
aurus-nsga2-apportion|aurus,ctrl_y,humanoid-458,4,13,0.6923,0.4615,0.6923,0.3846
aurus-nsga2-apportion|aurus,cross,humanoid-458,6,7,0.8571,0.4286,0.5714,0.1429
aurus-nsga2-apportion|aurus,cross,humanoid-458,7,7,0.1429,1.0,1.0,0.1429
aurus-nsga2-apportion|aurus,ctrl_x,humanoid-458,6,7,0.8571,0.1429,0.4286,0.1429
aurus-nsga2-apportion|aurus,ctrl_y,humanoid-458,6,7,0.2857,0.1429,0.1429,0.2857
aurus-nsga2-apportion|aurus,cross,humanoid-458,8,10,0.2,0.4,0.8,0.3
aurus-nsga2-apportion|aurus,cross,humanoid-458,9,10,0.3,0.3,0.3,0.2
aurus-nsga2-apportion|aurus,ctrl_x,humanoid-458,8,10,0.1,0.7,0.8,0.4
aurus-nsga2-apportion|aurus,ctrl_y,humanoid-458,8,10,0.6,0.7,0.7,0.4
aurus-nsga2-apportion|aurus,cross,humanoid-458,10,12,0.8333,0.1667,0.4167,0.3333
aurus-nsga2-apportion|aurus,cross,humanoid-458,11,12,0.25,0.25,0.75,0.25
aurus-nsga2-apportion|aurus,ctrl_x,humanoid-458,10,12,0.4167,0.5,0.5833,0.5833
aurus-nsga2-apportion|aurus,ctrl_y,humanoid-458,10,12,0.5833,0.25,0.3333,0.6667
aurus-nsga2-apportion|aurus,cross,humanoid-458,12,4,0.0,1.0,0.0,0.5
aurus-nsga2-apportion|aurus,cross,humanoid-458,13,4,0.75,0.75,0.75,0.75
aurus-nsga2-apportion|aurus,ctrl_x,humanoid-458,12,4,0.5,0.75,1.0,0.75
aurus-nsga2-apportion|aurus,ctrl_y,humanoid-458,12,4,1.0,0.75,0.5,0.25
aurus-nsga2-apportion|aurus,cross,humanoid-458,14,3,0.3333,1.0,0.3333,0.3333
aurus-nsga2-apportion|aurus,cross,humanoid-458,15,3,0.6667,0.6667,0.6667,1.0
aurus-nsga2-apportion|aurus,ctrl_x,humanoid-458,14,3,0.6667,0.3333,0.6667,0.3333
aurus-nsga2-apportion|aurus,ctrl_y,humanoid-458,14,3,0.3333,1.0,1.0,0.3333
aurus-nsga2-apportion|aurus,cross,humanoid-458,16,10,0.8,0.3,0.8,0.3
aurus-nsga2-apportion|aurus,cross,humanoid-458,17,10,0.8,0.3,0.6,0.5
aurus-nsga2-apportion|aurus,ctrl_x,humanoid-458,16,10,0.9,0.8,0.2,0.2
aurus-nsga2-apportion|aurus,ctrl_y,humanoid-458,16,10,0.8,0.5,0.6,0.2
aurus-nsga2-apportion|aurus,cross,humanoid-458,18,11,0.5455,0.1818,0.6364,0.6364
aurus-nsga2-apportion|aurus,cross,humanoid-458,19,11,0.8182,0.2727,0.1818,0.2727
aurus-nsga2-apportion|aurus,ctrl_x,humanoid-458,18,11,0.3636,0.1818,0.7273,0.2727
aurus-nsga2-apportion|aurus,ctrl_y,humanoid-458,18,11,0.9091,0.5455,0.7273,0.6364
aurus-nsga2-apportion|aurus,cross,humanoid-458,20,14,0.0714,0.1429,0.2857,0.1429
aurus-nsga2-apportion|aurus,cross,humanoid-458,21,14,0.8571,1.0,0.2143,0.2857
aurus-nsga2-apportion|aurus,ctrl_x,humanoid-458,20,14,0.3571,0.5714,0.5,0.5714
aurus-nsga2-apportion|aurus,ctrl_y,humanoid-458,20,14,0.3571,0.6429,0.5,0.2857
aurus-nsga2-apportion|aurus,cross,humanoid-458,22,13,0.9231,0.1538,0.1538,0.3846
aurus-nsga2-apportion|aurus,cross,humanoid-458,23,13,0.2308,0.1538,0.5385,0.3846
aurus-nsga2-apportion|aurus,ctrl_x,humanoid-458,22,13,0.6923,0.2308,0.0769,0.4615
aurus-nsga2-apportion|aurus,ctrl_y,humanoid-458,22,13,0.3077,0.6923,0.3077,0.6923
aurus-nsga2-apportion|aurus,cross,humanoid-458,24,11,0.1818,0.2727,0.4545,0.1818
aurus-nsga2-apportion|aurus,cross,humanoid-458,25,11,1.0,0.5455,1.0,0.8182
aurus-nsga2-apportion|aurus,ctrl_x,humanoid-458,24,11,0.1818,0.9091,0.3636,0.4545
aurus-nsga2-apportion|aurus,ctrl_y,humanoid-458,24,11,0.7273,0.6364,0.5455,0.4545
aurus-nsga2-apportion|aurus,cross,humanoid-458,26,8,0.375,0.625,1.0,0.5
aurus-nsga2-apportion|aurus,cross,humanoid-458,27,8,0.5,0.0,0.625,0.0
aurus-nsga2-apportion|aurus,ctrl_x,humanoid-458,26,8,0.125,0.875,0.125,0.375
aurus-nsga2-apportion|aurus,ctrl_y,humanoid-458,26,8,0.75,0.625,1.0,0.5
aurus-nsga2-apportion|aurus,cross,humanoid-458,28,6,0.8333,0.8333,0.5,0.8333
aurus-nsga2-apportion|aurus,cross,humanoid-458,29,6,0.8333,1.0,0.3333,0.3333
aurus-nsga2-apportion|aurus,ctrl_x,humanoid-458,28,6,0.6667,0.6667,0.5,1.0
aurus-nsga2-apportion|aurus,ctrl_y,humanoid-458,28,6,0.6667,0.8333,0.1667,0.5
mrs-nsga2-apportion|aurus-nsga2-apportion,cross,humanoid-503,2,2,1.0,0.0,0.5,0.0
mrs-nsga2-apportion|aurus-nsga2-apportion,cross,humanoid-503,3,2,1.0,0.0,0.5,0.0
mrs-nsga2-apportion|aurus-nsga2-apportion,ctrl_x,humanoid-503,2,2,0.5,1.0,0.5,1.0
mrs-nsga2-apportion|aurus-nsga2-apportion,ctrl_y,humanoid-503,2,2,1.0,0.0,0.5,0.0
mrs-nsga2-apportion|aurus-nsga2-apportion,cross,humanoid-503,4,2,0.0,0.0,0.0,0.0
mrs-nsga2-apportion|aurus-nsga2-apportion,cross,humanoid-503,5,2,0.0,0.0,0.0,0.0
mrs-nsga2-apportion|aurus-nsga2-apportion,ctrl_x,humanoid-503,4,2,0.0,0.0,0.0,0.0
mrs-nsga2-apportion|aurus-nsga2-apportion,ctrl_y,humanoid-503,4,2,0.0,0.0,0.0,0.0
mrs-nsga2-apportion|aurus-nsga2-apportion,cross,humanoid-503,10,3,1.0,0.3333,0.3333,0.3333
mrs-nsga2-apportion|aurus-nsga2-apportion,cross,humanoid-503,11,3,0.0,0.6667,0.0,0.6667
mrs-nsga2-apportion|aurus-nsga2-apportion,ctrl_x,humanoid-503,10,3,1.0,0.0,0.3333,0.0
mrs-nsga2-apportion|aurus-nsga2-apportion,ctrl_y,humanoid-503,10,3,0.0,0.6667,0.0,0.3333
mrs-nsga2-apportion|aurus-nsga2-apportion,cross,humanoid-503,16,3,1.0,0.0,0.3333,0.0
mrs-nsga2-apportion|aurus-nsga2-apportion,cross,humanoid-503,17,3,1.0,0.0,1.0,0.0
mrs-nsga2-apportion|aurus-nsga2-apportion,ctrl_x,humanoid-503,16,3,1.0,1.0,1.0,0.6667
mrs-nsga2-apportion|aurus-nsga2-apportion,ctrl_y,humanoid-503,16,3,0.0,0.0,0.0,0.0
mrs-nsga2-apportion|aurus-nsga2-apportion,cross,humanoid-503,18,2,0.0,0.0,0.0,0.0
mrs-nsga2-apportion|aurus-nsga2-apportion,cross,humanoid-503,19,2,1.0,0.0,0.5,0.0
mrs-nsga2-apportion|aurus-nsga2-apportion,ctrl_x,humanoid-503,18,2,1.0,0.5,0.5,0.5
mrs-nsga2-apportion|aurus-nsga2-apportion,ctrl_y,humanoid-503,18,2,1.0,0.0,1.0,0.0
mrs-nsga2-apportion|aurus-nsga2-apportion,cross,humanoid-503,26,6,0.3333,0.3333,0.3333,0.1667
mrs-nsga2-apportion|aurus-nsga2-apportion,cross,humanoid-503,27,6,0.8333,0.5,1.0,0.1667
mrs-nsga2-apportion|aurus-nsga2-apportion,ctrl_x,humanoid-503,26,6,0.8333,1.0,0.6667,0.3333
mrs-nsga2-apportion|aurus-nsga2-apportion,ctrl_y,humanoid-503,26,6,0.3333,0.8333,0.1667,0.3333
mrs-nsga2-apportion|mrs-weighted,cross,humanoid-503,0,25,0.84,0.0,0.08,0.0
mrs-nsga2-apportion|mrs-weighted,cross,humanoid-503,1,25,0.16,0.64,0.12,0.28
mrs-nsga2-apportion|mrs-weighted,ctrl_x,humanoid-503,0,25,0.2,0.4,0.12,0.2
mrs-nsga2-apportion|mrs-weighted,ctrl_y,humanoid-503,0,25,0.84,0.4,0.08,0.08
mrs-nsga2-apportion|mrs-weighted,cross,humanoid-503,2,18,0.0556,0.0556,0.1667,0.0556
mrs-nsga2-apportion|mrs-weighted,cross,humanoid-503,3,18,0.0,0.0,0.0,0.0
mrs-nsga2-apportion|mrs-weighted,ctrl_x,humanoid-503,2,18,0.0,0.0556,0.0,0.0556
mrs-nsga2-apportion|mrs-weighted,ctrl_y,humanoid-503,2,18,0.0,0.0,0.0,0.0
mrs-nsga2-apportion|mrs-weighted,cross,humanoid-503,4,19,0.8421,0.7895,0.3158,0.1053
mrs-nsga2-apportion|mrs-weighted,cross,humanoid-503,5,19,0.0,0.6842,0.0,0.2105
mrs-nsga2-apportion|mrs-weighted,ctrl_x,humanoid-503,4,19,0.5789,0.8421,0.2632,0.2632
mrs-nsga2-apportion|mrs-weighted,ctrl_y,humanoid-503,4,19,0.7895,0.2632,0.3158,0.1579
mrs-nsga2-apportion|mrs-weighted,cross,humanoid-503,6,14,0.2857,0.7857,0.0714,0.2143
mrs-nsga2-apportion|mrs-weighted,cross,humanoid-503,7,14,0.5714,0.0,0.2857,0.0
mrs-nsga2-apportion|mrs-weighted,ctrl_x,humanoid-503,6,14,0.0,0.5714,0.0,0.0714
mrs-nsga2-apportion|mrs-weighted,ctrl_y,humanoid-503,6,14,0.0,0.8571,0.0,0.3571
mrs-nsga2-apportion|mrs-weighted,cross,humanoid-503,8,16,0.125,0.0,0.125,0.0
mrs-nsga2-apportion|mrs-weighted,cross,humanoid-503,9,16,1.0,0.875,0.625,0.0625
mrs-nsga2-apportion|mrs-weighted,ctrl_x,humanoid-503,8,16,1.0,0.0625,0.1875,0.0625
mrs-nsga2-apportion|mrs-weighted,ctrl_y,humanoid-503,8,16,0.0,1.0,0.0,0.125
mrs-nsga2-apportion|mrs-weighted,cross,humanoid-503,10,17,0.1176,0.2941,0.1176,0.1765
mrs-nsga2-apportion|mrs-weighted,cross,humanoid-503,11,17,0.0588,0.2353,0.0588,0.0588
mrs-nsga2-apportion|mrs-weighted,ctrl_x,humanoid-503,10,17,0.1765,0.0,0.0588,0.0
mrs-nsga2-apportion|mrs-weighted,ctrl_y,humanoid-503,10,17,0.4118,0.1176,0.0588,0.1176
mrs-nsga2-apportion|mrs-weighted,cross,humanoid-503,12,3,0.0,0.0,0.0,0.0
mrs-nsga2-apportion|mrs-weighted,cross,humanoid-503,13,3,0.0,0.0,0.0,0.0
mrs-nsga2-apportion|mrs-weighted,ctrl_x,humanoid-503,12,3,0.0,0.0,0.0,0.0
mrs-nsga2-apportion|mrs-weighted,ctrl_y,humanoid-503,12,3,0.0,1.0,0.0,0.6667
mrs-nsga2-apportion|mrs-weighted,cross,humanoid-503,14,17,0.8824,0.1765,0.0588,0.1176
mrs-nsga2-apportion|mrs-weighted,cross,humanoid-503,15,17,0.0588,0.8235,0.2353,0.0588
mrs-nsga2-apportion|mrs-weighted,ctrl_x,humanoid-503,14,17,0.7647,0.4118,0.1176,0.1176
mrs-nsga2-apportion|mrs-weighted,ctrl_y,humanoid-503,14,17,0.0588,0.0588,0.0588,0.0588
mrs-nsga2-apportion|mrs-weighted,cross,humanoid-503,16,33,0.2121,0.4848,0.0909,0.1515
mrs-nsga2-apportion|mrs-weighted,cross,humanoid-503,17,33,0.0909,0.1515,0.0303,0.1212
mrs-nsga2-apportion|mrs-weighted,ctrl_x,humanoid-503,16,33,0.7879,0.0303,0.2727,0.0303
mrs-nsga2-apportion|mrs-weighted,ctrl_y,humanoid-503,16,33,0.1212,0.2727,0.1515,0.0606
mrs-nsga2-apportion|mrs-weighted,cross,humanoid-503,18,22,0.0909,0.2273,0.0909,0.1364
mrs-nsga2-apportion|mrs-weighted,cross,humanoid-503,19,22,0.0,0.0,0.0,0.0
mrs-nsga2-apportion|mrs-weighted,ctrl_x,humanoid-503,18,22,0.0,0.1364,0.0,0.0455
mrs-nsga2-apportion|mrs-weighted,ctrl_y,humanoid-503,18,22,0.1818,0.9545,0.0455,0.0455
mrs-nsga2-apportion|mrs-weighted,cross,humanoid-503,20,10,0.7,0.0,0.1,0.0
mrs-nsga2-apportion|mrs-weighted,cross,humanoid-503,21,10,0.1,0.2,0.2,0.1
mrs-nsga2-apportion|mrs-weighted,ctrl_x,humanoid-503,20,10,0.4,0.4,0.2,0.2
mrs-nsga2-apportion|mrs-weighted,ctrl_y,humanoid-503,20,10,0.0,0.7,0.0,0.1
mrs-nsga2-apportion|mrs-weighted,cross,humanoid-503,22,25,0.48,0.84,0.16,0.6
mrs-nsga2-apportion|mrs-weighted,cross,humanoid-503,23,25,0.24,0.04,0.08,0.04
mrs-nsga2-apportion|mrs-weighted,ctrl_x,humanoid-503,22,25,0.12,0.28,0.16,0.16
mrs-nsga2-apportion|mrs-weighted,ctrl_y,humanoid-503,22,25,0.12,0.8,0.12,0.16
mrs-nsga2-apportion|mrs-weighted,cross,humanoid-503,24,29,0.1379,0.1034,0.0345,0.1724
mrs-nsga2-apportion|mrs-weighted,cross,humanoid-503,25,29,0.0,0.069,0.0,0.0345
mrs-nsga2-apportion|mrs-weighted,ctrl_x,humanoid-503,24,29,0.3448,0.4828,0.069,0.1724
mrs-nsga2-apportion|mrs-weighted,ctrl_y,humanoid-503,24,29,0.0345,1.0,0.0345,0.069
mrs-nsga2-apportion|mrs-weighted,cross,humanoid-503,26,28,1.0,0.0,0.0714,0.0
mrs-nsga2-apportion|mrs-weighted,cross,humanoid-503,27,28,0.1429,0.3929,0.0357,0.1071
mrs-nsga2-apportion|mrs-weighted,ctrl_x,humanoid-503,26,28,0.3571,0.5714,0.0714,0.1786
mrs-nsga2-apportion|mrs-weighted,ctrl_y,humanoid-503,26,28,1.0,0.0,0.1429,0.0
mrs-nsga2-apportion|mrs-weighted,cross,humanoid-503,28,10,0.0,0.0,0.0,0.0
mrs-nsga2-apportion|mrs-weighted,cross,humanoid-503,29,10,0.7,0.2,0.3,0.3
mrs-nsga2-apportion|mrs-weighted,ctrl_x,humanoid-503,28,10,0.1,0.9,0.1,0.1
mrs-nsga2-apportion|mrs-weighted,ctrl_y,humanoid-503,28,10,1.0,0.8,0.3,0.1
mrs-nsga2-apportion|aurus-nsga2-apportion,cross,humanoid-531,0,40,0.475,0.7,0.65,0.525
mrs-nsga2-apportion|aurus-nsga2-apportion,cross,humanoid-531,1,40,0.775,0.6,0.7,0.75
mrs-nsga2-apportion|aurus-nsga2-apportion,ctrl_x,humanoid-531,0,40,0.575,0.7,0.7,0.6
mrs-nsga2-apportion|aurus-nsga2-apportion,ctrl_y,humanoid-531,0,40,0.45,0.75,0.675,0.55
mrs-nsga2-apportion|aurus-nsga2-apportion,cross,humanoid-531,2,46,0.5217,0.7174,0.4565,0.7609
mrs-nsga2-apportion|aurus-nsga2-apportion,cross,humanoid-531,3,46,0.8478,0.6304,0.7174,0.4783
mrs-nsga2-apportion|aurus-nsga2-apportion,ctrl_x,humanoid-531,2,46,0.6957,0.6522,0.5435,0.7391
mrs-nsga2-apportion|aurus-nsga2-apportion,ctrl_y,humanoid-531,2,46,0.5652,0.8261,0.3696,0.7826
mrs-nsga2-apportion|aurus-nsga2-apportion,cross,humanoid-531,4,33,0.7273,0.7879,0.8788,0.8182
mrs-nsga2-apportion|aurus-nsga2-apportion,cross,humanoid-531,5,33,0.6667,0.6667,0.5758,0.8182
mrs-nsga2-apportion|aurus-nsga2-apportion,ctrl_x,humanoid-531,4,33,0.8485,0.8182,0.8182,0.6667
mrs-nsga2-apportion|aurus-nsga2-apportion,ctrl_y,humanoid-531,4,33,0.7879,0.7879,0.9091,0.9394
mrs-nsga2-apportion|aurus-nsga2-apportion,cross,humanoid-531,6,30,0.4667,0.7667,0.6667,0.6333
mrs-nsga2-apportion|aurus-nsga2-apportion,cross,humanoid-531,7,30,0.6333,0.5333,0.6,0.9
mrs-nsga2-apportion|aurus-nsga2-apportion,ctrl_x,humanoid-531,6,30,0.4667,0.3333,0.5333,0.5333
mrs-nsga2-apportion|aurus-nsga2-apportion,ctrl_y,humanoid-531,6,30,0.6,0.7333,0.8,0.5667
mrs-nsga2-apportion|aurus-nsga2-apportion,cross,humanoid-531,8,28,0.6071,0.6429,0.6786,0.6071
mrs-nsga2-apportion|aurus-nsga2-apportion,cross,humanoid-531,9,28,0.6786,0.75,0.7857,0.8571
mrs-nsga2-apportion|aurus-nsga2-apportion,ctrl_x,humanoid-531,8,28,0.6786,0.4643,0.75,0.6429
mrs-nsga2-apportion|aurus-nsga2-apportion,ctrl_y,humanoid-531,8,28,0.7857,0.5714,0.75,0.6786
mrs-nsga2-apportion|aurus-nsga2-apportion,cross,humanoid-531,10,33,0.6061,0.697,0.6364,0.7576
mrs-nsga2-apportion|aurus-nsga2-apportion,cross,humanoid-531,11,33,0.6061,0.6667,0.697,0.697
mrs-nsga2-apportion|aurus-nsga2-apportion,ctrl_x,humanoid-531,10,33,0.7879,0.6364,0.5758,0.7576
mrs-nsga2-apportion|aurus-nsga2-apportion,ctrl_y,humanoid-531,10,33,0.5152,0.8788,0.7879,0.6364
mrs-nsga2-apportion|aurus-nsga2-apportion,cross,humanoid-531,12,49,0.6939,0.4898,0.5918,0.7755
mrs-nsga2-apportion|aurus-nsga2-apportion,cross,humanoid-531,13,49,0.6531,0.4082,0.4898,0.5102
mrs-nsga2-apportion|aurus-nsga2-apportion,ctrl_x,humanoid-531,12,49,0.3878,0.5306,0.3469,0.4898
mrs-nsga2-apportion|aurus-nsga2-apportion,ctrl_y,humanoid-531,12,49,0.6327,0.5918,0.6327,0.6122
mrs-nsga2-apportion|aurus-nsga2-apportion,cross,humanoid-531,14,48,0.7083,0.6875,0.6875,0.8125
mrs-nsga2-apportion|aurus-nsga2-apportion,cross,humanoid-531,15,48,0.6458,0.7917,0.6458,0.8125
mrs-nsga2-apportion|aurus-nsga2-apportion,ctrl_x,humanoid-531,14,48,0.7083,0.6875,0.7292,0.6875
mrs-nsga2-apportion|aurus-nsga2-apportion,ctrl_y,humanoid-531,14,48,0.75,0.5417,0.75,0.7083
mrs-nsga2-apportion|aurus-nsga2-apportion,cross,humanoid-531,16,33,0.5152,0.5455,0.6364,0.6667
mrs-nsga2-apportion|aurus-nsga2-apportion,cross,humanoid-531,17,33,0.8485,0.5758,0.7879,0.5758
mrs-nsga2-apportion|aurus-nsga2-apportion,ctrl_x,humanoid-531,16,33,0.7273,0.6061,0.6364,0.7879
mrs-nsga2-apportion|aurus-nsga2-apportion,ctrl_y,humanoid-531,16,33,0.697,0.697,0.6667,0.7273
mrs-nsga2-apportion|aurus-nsga2-apportion,cross,humanoid-531,18,42,0.5714,0.5238,0.4048,0.5714
mrs-nsga2-apportion|aurus-nsga2-apportion,cross,humanoid-531,19,42,0.6429,0.6667,0.6905,0.4048
mrs-nsga2-apportion|aurus-nsga2-apportion,ctrl_x,humanoid-531,18,42,0.6667,0.4524,0.3095,0.7857
mrs-nsga2-apportion|aurus-nsga2-apportion,ctrl_y,humanoid-531,18,42,0.5238,0.5238,0.4524,0.7143
mrs-nsga2-apportion|aurus-nsga2-apportion,cross,humanoid-531,20,30,0.5667,0.7,0.4,0.8667
mrs-nsga2-apportion|aurus-nsga2-apportion,cross,humanoid-531,21,30,0.7333,0.8667,0.9333,0.6667
mrs-nsga2-apportion|aurus-nsga2-apportion,ctrl_x,humanoid-531,20,30,0.6667,0.3667,0.4,0.8333
mrs-nsga2-apportion|aurus-nsga2-apportion,ctrl_y,humanoid-531,20,30,0.6333,0.8333,0.4333,0.9
mrs-nsga2-apportion|aurus-nsga2-apportion,cross,humanoid-531,22,31,0.4194,0.7097,0.7097,0.6452
mrs-nsga2-apportion|aurus-nsga2-apportion,cross,humanoid-531,23,31,0.6129,0.5161,0.6774,0.7742
mrs-nsga2-apportion|aurus-nsga2-apportion,ctrl_x,humanoid-531,22,31,0.4516,0.7742,0.8065,0.7097
mrs-nsga2-apportion|aurus-nsga2-apportion,ctrl_y,humanoid-531,22,31,0.5484,0.7742,0.9677,0.5161
mrs-nsga2-apportion|aurus-nsga2-apportion,cross,humanoid-531,24,31,0.6129,0.6452,0.6774,0.6452
mrs-nsga2-apportion|aurus-nsga2-apportion,cross,humanoid-531,25,31,0.7097,0.871,0.5806,0.6774
mrs-nsga2-apportion|aurus-nsga2-apportion,ctrl_x,humanoid-531,24,31,0.6129,0.6452,0.7097,0.5161
mrs-nsga2-apportion|aurus-nsga2-apportion,ctrl_y,humanoid-531,24,31,0.6452,0.6452,0.7419,0.6129
mrs-nsga2-apportion|aurus-nsga2-apportion,cross,humanoid-531,26,31,0.5484,0.2258,0.3226,0.7097
mrs-nsga2-apportion|aurus-nsga2-apportion,cross,humanoid-531,27,31,0.6129,0.5806,0.6452,0.4194
mrs-nsga2-apportion|aurus-nsga2-apportion,ctrl_x,humanoid-531,26,31,0.5806,0.5484,0.5484,0.8065
mrs-nsga2-apportion|aurus-nsga2-apportion,ctrl_y,humanoid-531,26,31,0.6774,0.1613,0.4194,0.7097
mrs-nsga2-apportion|aurus-nsga2-apportion,cross,humanoid-531,28,44,0.6591,0.6818,0.6591,0.7045
mrs-nsga2-apportion|aurus-nsga2-apportion,cross,humanoid-531,29,44,0.4773,0.7273,0.5909,0.6591
mrs-nsga2-apportion|aurus-nsga2-apportion,ctrl_x,humanoid-531,28,44,0.6591,0.5455,0.6136,0.6364
mrs-nsga2-apportion|aurus-nsga2-apportion,ctrl_y,humanoid-531,28,44,0.6591,0.7955,0.7045,0.7273
mrs-nsga2-apportion|mrs-weighted,cross,humanoid-531,0,41,0.2927,0.7317,0.7317,0.439
mrs-nsga2-apportion|mrs-weighted,cross,humanoid-531,1,41,0.878,0.6341,0.6585,0.4634
mrs-nsga2-apportion|mrs-weighted,ctrl_x,humanoid-531,0,41,0.5366,0.6829,0.7073,0.6585
mrs-nsga2-apportion|mrs-weighted,ctrl_y,humanoid-531,0,41,0.2683,0.6341,0.4878,0.6341
mrs-nsga2-apportion|mrs-weighted,cross,humanoid-531,2,50,0.4,0.68,0.4,0.68
mrs-nsga2-apportion|mrs-weighted,cross,humanoid-531,3,50,0.74,0.74,0.76,0.42
mrs-nsga2-apportion|mrs-weighted,ctrl_x,humanoid-531,2,50,0.74,0.7,0.62,0.74
mrs-nsga2-apportion|mrs-weighted,ctrl_y,humanoid-531,2,50,0.5,0.58,0.62,0.64
mrs-nsga2-apportion|mrs-weighted,cross,humanoid-531,4,44,0.5909,0.7045,0.6136,0.5
mrs-nsga2-apportion|mrs-weighted,cross,humanoid-531,5,44,0.6364,0.5682,0.6591,0.5227
mrs-nsga2-apportion|mrs-weighted,ctrl_x,humanoid-531,4,44,0.75,0.7273,0.75,0.7273
mrs-nsga2-apportion|mrs-weighted,ctrl_y,humanoid-531,4,44,0.5455,0.4773,0.7045,0.6364
mrs-nsga2-apportion|mrs-weighted,cross,humanoid-531,6,40,0.45,0.55,0.65,0.425
mrs-nsga2-apportion|mrs-weighted,cross,humanoid-531,7,40,0.475,0.625,0.65,0.35
mrs-nsga2-apportion|mrs-weighted,ctrl_x,humanoid-531,6,40,0.55,0.4,0.575,0.55
mrs-nsga2-apportion|mrs-weighted,ctrl_y,humanoid-531,6,40,0.5,0.475,0.425,0.25
mrs-nsga2-apportion|mrs-weighted,cross,humanoid-531,8,42,0.4286,0.6429,0.5714,0.6667
mrs-nsga2-apportion|mrs-weighted,cross,humanoid-531,9,42,0.3333,0.8095,0.6667,0.9048
mrs-nsga2-apportion|mrs-weighted,ctrl_x,humanoid-531,8,42,0.5714,0.5476,0.619,0.6667
mrs-nsga2-apportion|mrs-weighted,ctrl_y,humanoid-531,8,42,0.6429,0.5952,0.6905,0.8333
mrs-nsga2-apportion|mrs-weighted,cross,humanoid-531,10,36,0.5833,0.8056,0.2222,0.7778
mrs-nsga2-apportion|mrs-weighted,cross,humanoid-531,11,36,0.4722,0.8889,0.6944,0.5
mrs-nsga2-apportion|mrs-weighted,ctrl_x,humanoid-531,10,36,0.8056,0.6111,0.5556,0.8056
mrs-nsga2-apportion|mrs-weighted,ctrl_y,humanoid-531,10,36,0.7778,0.6667,0.7222,0.6944
mrs-nsga2-apportion|mrs-weighted,cross,humanoid-531,12,68,0.4265,0.5441,0.3971,0.5147
mrs-nsga2-apportion|mrs-weighted,cross,humanoid-531,13,68,0.5,0.6176,0.4706,0.5441
mrs-nsga2-apportion|mrs-weighted,ctrl_x,humanoid-531,12,68,0.5,0.5294,0.3382,0.5147
mrs-nsga2-apportion|mrs-weighted,ctrl_y,humanoid-531,12,68,0.5147,0.5882,0.5735,0.4118
mrs-nsga2-apportion|mrs-weighted,cross,humanoid-531,14,59,0.4068,0.6949,0.7119,0.4576
mrs-nsga2-apportion|mrs-weighted,cross,humanoid-531,15,59,0.4576,0.8136,0.5763,0.5593
mrs-nsga2-apportion|mrs-weighted,ctrl_x,humanoid-531,14,59,0.7627,0.7119,0.6441,0.6949
mrs-nsga2-apportion|mrs-weighted,ctrl_y,humanoid-531,14,59,0.5085,0.6102,0.5932,0.661
mrs-nsga2-apportion|mrs-weighted,cross,humanoid-531,16,43,0.4884,0.6279,0.6512,0.4186
mrs-nsga2-apportion|mrs-weighted,cross,humanoid-531,17,43,0.3721,0.7442,0.6977,0.6279
mrs-nsga2-apportion|mrs-weighted,ctrl_x,humanoid-531,16,43,0.6512,0.5814,0.6047,0.6977
mrs-nsga2-apportion|mrs-weighted,ctrl_y,humanoid-531,16,43,0.6279,0.4884,0.6512,0.4651
mrs-nsga2-apportion|mrs-weighted,cross,humanoid-531,18,46,0.4783,0.8478,0.4565,0.6739
mrs-nsga2-apportion|mrs-weighted,cross,humanoid-531,19,46,0.3913,0.8043,0.6739,0.413
mrs-nsga2-apportion|mrs-weighted,ctrl_x,humanoid-531,18,46,0.6522,0.5652,0.3261,0.7391
mrs-nsga2-apportion|mrs-weighted,ctrl_y,humanoid-531,18,46,0.5652,0.6087,0.5435,0.7609
mrs-nsga2-apportion|mrs-weighted,cross,humanoid-531,20,37,0.4595,0.7838,0.5135,0.6216
mrs-nsga2-apportion|mrs-weighted,cross,humanoid-531,21,37,0.3243,0.5676,0.7027,0.2703
mrs-nsga2-apportion|mrs-weighted,ctrl_x,humanoid-531,20,37,0.6486,0.5676,0.5135,0.7838
mrs-nsga2-apportion|mrs-weighted,ctrl_y,humanoid-531,20,37,0.4054,0.6757,0.4595,0.5135
mrs-nsga2-apportion|mrs-weighted,cross,humanoid-531,22,43,0.2558,0.7907,0.7209,0.4651
mrs-nsga2-apportion|mrs-weighted,cross,humanoid-531,23,43,0.4186,0.6512,0.6279,0.4651
mrs-nsga2-apportion|mrs-weighted,ctrl_x,humanoid-531,22,43,0.6512,0.7907,0.814,0.6047
mrs-nsga2-apportion|mrs-weighted,ctrl_y,humanoid-531,22,43,0.3488,0.4186,0.5116,0.5581
mrs-nsga2-apportion|mrs-weighted,cross,humanoid-531,24,40,0.5,0.65,0.65,0.375
mrs-nsga2-apportion|mrs-weighted,cross,humanoid-531,25,40,0.45,0.8,0.7,0.825
mrs-nsga2-apportion|mrs-weighted,ctrl_x,humanoid-531,24,40,0.575,0.625,0.65,0.475
mrs-nsga2-apportion|mrs-weighted,ctrl_y,humanoid-531,24,40,0.65,0.575,0.75,0.625
mrs-nsga2-apportion|mrs-weighted,cross,humanoid-531,26,46,0.5435,0.7826,0.5,0.5217
mrs-nsga2-apportion|mrs-weighted,cross,humanoid-531,27,46,0.6522,0.7609,0.6522,0.3043
mrs-nsga2-apportion|mrs-weighted,ctrl_x,humanoid-531,26,46,0.6087,0.5435,0.4565,0.6957
mrs-nsga2-apportion|mrs-weighted,ctrl_y,humanoid-531,26,46,0.4783,0.5435,0.4565,0.5652
mrs-nsga2-apportion|mrs-weighted,cross,humanoid-531,28,47,0.3191,0.7234,0.5319,0.4468
mrs-nsga2-apportion|mrs-weighted,cross,humanoid-531,29,47,0.4255,0.7234,0.4681,0.383
mrs-nsga2-apportion|mrs-weighted,ctrl_x,humanoid-531,28,47,0.6596,0.617,0.5957,0.6383
mrs-nsga2-apportion|mrs-weighted,ctrl_y,humanoid-531,28,47,0.4255,0.5957,0.5745,0.4255
mrs-nsga2-apportion|aurus,cross,humanoid-742,0,19,0.4737,0.2105,0.0526,0.1053
mrs-nsga2-apportion|aurus,cross,humanoid-742,1,19,0.6316,0.1579,0.2632,0.1053
mrs-nsga2-apportion|aurus,ctrl_x,humanoid-742,0,19,0.1053,0.4211,0.1053,0.2632
mrs-nsga2-apportion|aurus,ctrl_y,humanoid-742,0,19,0.4737,0.4211,0.3684,0.3158
mrs-nsga2-apportion|aurus,cross,humanoid-742,2,19,0.3158,0.4737,0.0526,0.3158
mrs-nsga2-apportion|aurus,cross,humanoid-742,3,19,0.3158,0.1579,0.1053,0.2105
mrs-nsga2-apportion|aurus,ctrl_x,humanoid-742,2,19,1.0,0.3684,0.3158,0.4737
mrs-nsga2-apportion|aurus,ctrl_y,humanoid-742,2,19,0.4211,0.7895,0.3158,0.5263
mrs-nsga2-apportion|aurus,cross,humanoid-742,4,33,0.6061,0.2121,0.1515,0.1818
mrs-nsga2-apportion|aurus,cross,humanoid-742,5,33,0.2424,0.2727,0.1515,0.2121
mrs-nsga2-apportion|aurus,ctrl_x,humanoid-742,4,33,0.4848,0.3333,0.303,0.4545
mrs-nsga2-apportion|aurus,ctrl_y,humanoid-742,4,33,0.6364,0.5152,0.6364,0.3333
mrs-nsga2-apportion|aurus,cross,humanoid-742,6,25,0.68,0.12,0.12,0.28
mrs-nsga2-apportion|aurus,cross,humanoid-742,7,25,0.2,0.12,0.08,0.04
mrs-nsga2-apportion|aurus,ctrl_x,humanoid-742,6,25,0.4,0.4,0.36,0.24
mrs-nsga2-apportion|aurus,ctrl_y,humanoid-742,6,25,0.72,0.32,0.36,0.28
mrs-nsga2-apportion|aurus,cross,humanoid-742,8,19,0.2105,0.2105,0.0526,0.1053
mrs-nsga2-apportion|aurus,cross,humanoid-742,9,19,0.6316,0.1053,0.1053,0.1053
mrs-nsga2-apportion|aurus,ctrl_x,humanoid-742,8,19,0.1053,0.5263,0.0526,0.4211
mrs-nsga2-apportion|aurus,ctrl_y,humanoid-742,8,19,0.7368,0.6316,0.4211,0.4211
mrs-nsga2-apportion|aurus,cross,humanoid-742,10,16,0.5,0.25,0.25,0.3125
mrs-nsga2-apportion|aurus,cross,humanoid-742,11,16,0.4375,0.3125,0.5,0.25
mrs-nsga2-apportion|aurus,ctrl_x,humanoid-742,10,16,0.5,0.0625,0.4375,0.125
mrs-nsga2-apportion|aurus,ctrl_y,humanoid-742,10,16,0.625,0.5625,0.5,0.5625
mrs-nsga2-apportion|aurus,cross,humanoid-742,12,23,0.1304,0.1304,0.1304,0.1304
mrs-nsga2-apportion|aurus,cross,humanoid-742,13,23,0.4783,0.087,0.1304,0.1739
mrs-nsga2-apportion|aurus,ctrl_x,humanoid-742,12,23,0.5217,0.3478,0.3478,0.2609
mrs-nsga2-apportion|aurus,ctrl_y,humanoid-742,12,23,0.5652,0.7826,0.3043,0.3043
mrs-nsga2-apportion|aurus,cross,humanoid-742,14,32,0.0938,0.125,0.0625,0.0938
mrs-nsga2-apportion|aurus,cross,humanoid-742,15,32,0.6562,0.1562,0.0625,0.0938
mrs-nsga2-apportion|aurus,ctrl_x,humanoid-742,14,32,0.4375,0.2812,0.125,0.2188
mrs-nsga2-apportion|aurus,ctrl_y,humanoid-742,14,32,0.625,0.6562,0.8125,0.4688
mrs-nsga2-apportion|aurus,cross,humanoid-742,16,22,0.6818,0.0,0.0455,0.0
mrs-nsga2-apportion|aurus,cross,humanoid-742,17,22,0.0,0.1818,0.0,0.0455
mrs-nsga2-apportion|aurus,ctrl_x,humanoid-742,16,22,0.4091,0.1364,0.1818,0.0909
mrs-nsga2-apportion|aurus,ctrl_y,humanoid-742,16,22,0.6364,0.6818,0.3182,0.5909
mrs-nsga2-apportion|aurus,cross,humanoid-742,18,28,1.0,0.1429,0.1071,0.1429
mrs-nsga2-apportion|aurus,cross,humanoid-742,19,28,0.3929,0.0357,0.2143,0.0357
mrs-nsga2-apportion|aurus,ctrl_x,humanoid-742,18,28,1.0,0.5,0.5,0.2143
mrs-nsga2-apportion|aurus,ctrl_y,humanoid-742,18,28,0.8214,0.5357,0.5,0.5
mrs-nsga2-apportion|aurus,cross,humanoid-742,20,23,0.3043,0.5217,0.4783,0.6087
mrs-nsga2-apportion|aurus,cross,humanoid-742,21,23,0.3478,0.2609,0.1304,0.2174
mrs-nsga2-apportion|aurus,ctrl_x,humanoid-742,20,23,0.3043,0.6087,0.2609,0.5217
mrs-nsga2-apportion|aurus,ctrl_y,humanoid-742,20,23,0.6087,0.6957,0.6087,0.3913
mrs-nsga2-apportion|aurus,cross,humanoid-742,22,25,0.08,0.08,0.12,0.04
mrs-nsga2-apportion|aurus,cross,humanoid-742,23,25,0.36,0.24,0.32,0.36
mrs-nsga2-apportion|aurus,ctrl_x,humanoid-742,22,25,0.48,1.0,0.2,0.36
mrs-nsga2-apportion|aurus,ctrl_y,humanoid-742,22,25,0.68,0.72,0.48,0.52
mrs-nsga2-apportion|aurus,cross,humanoid-742,24,25,0.52,0.24,0.2,0.28
mrs-nsga2-apportion|aurus,cross,humanoid-742,25,25,0.72,0.16,0.32,0.28
mrs-nsga2-apportion|aurus,ctrl_x,humanoid-742,24,25,0.24,0.44,0.32,0.32
mrs-nsga2-apportion|aurus,ctrl_y,humanoid-742,24,25,0.6,0.64,0.36,0.52
mrs-nsga2-apportion|aurus,cross,humanoid-742,26,21,0.9524,0.1429,0.2857,0.1905
mrs-nsga2-apportion|aurus,cross,humanoid-742,27,21,0.0952,0.2381,0.0952,0.1905
mrs-nsga2-apportion|aurus,ctrl_x,humanoid-742,26,21,0.5714,0.1429,0.2381,0.1429
mrs-nsga2-apportion|aurus,ctrl_y,humanoid-742,26,21,0.7143,0.5714,0.5238,0.4762
mrs-nsga2-apportion|aurus,cross,humanoid-742,28,20,0.25,0.25,0.15,0.15
mrs-nsga2-apportion|aurus,cross,humanoid-742,29,20,0.95,0.1,0.2,0.1
mrs-nsga2-apportion|aurus,ctrl_x,humanoid-742,28,20,0.25,0.6,0.2,0.3
mrs-nsga2-apportion|aurus,ctrl_y,humanoid-742,28,20,0.65,0.6,0.4,0.4
mrs-nsga2-apportion|aurus-nsga2-apportion,cross,humanoid-742,0,35,0.2,0.4857,0.1714,0.4286
mrs-nsga2-apportion|aurus-nsga2-apportion,cross,humanoid-742,1,35,0.6857,0.2,0.4286,0.2857
mrs-nsga2-apportion|aurus-nsga2-apportion,ctrl_x,humanoid-742,0,35,0.2286,0.5714,0.2286,0.2571
mrs-nsga2-apportion|aurus-nsga2-apportion,ctrl_y,humanoid-742,0,35,0.2571,0.6286,0.4,0.3714
mrs-nsga2-apportion|aurus-nsga2-apportion,cross,humanoid-742,2,29,0.2414,0.5862,0.3103,0.2759
mrs-nsga2-apportion|aurus-nsga2-apportion,cross,humanoid-742,3,29,0.7931,1.0,0.5172,0.1379
mrs-nsga2-apportion|aurus-nsga2-apportion,ctrl_x,humanoid-742,2,29,1.0,0.5172,0.4483,0.3793
mrs-nsga2-apportion|aurus-nsga2-apportion,ctrl_y,humanoid-742,2,29,1.0,0.6552,0.2069,0.3793
mrs-nsga2-apportion|aurus-nsga2-apportion,cross,humanoid-742,4,30,0.2333,0.5,0.2,0.4
mrs-nsga2-apportion|aurus-nsga2-apportion,cross,humanoid-742,5,30,0.4333,0.5667,0.3333,0.3333
mrs-nsga2-apportion|aurus-nsga2-apportion,ctrl_x,humanoid-742,4,30,0.3,0.5,0.2,0.5667
mrs-nsga2-apportion|aurus-nsga2-apportion,ctrl_y,humanoid-742,4,30,0.4,0.5,0.2333,0.3333
mrs-nsga2-apportion|aurus-nsga2-apportion,cross,humanoid-742,6,30,0.5,0.0667,0.3,0.0667
mrs-nsga2-apportion|aurus-nsga2-apportion,cross,humanoid-742,7,30,0.6,0.6,0.4,0.2667
mrs-nsga2-apportion|aurus-nsga2-apportion,ctrl_x,humanoid-742,6,30,0.2333,0.6667,0.1667,0.3333
mrs-nsga2-apportion|aurus-nsga2-apportion,ctrl_y,humanoid-742,6,30,0.5333,0.2,0.4,0.0667
mrs-nsga2-apportion|aurus-nsga2-apportion,cross,humanoid-742,8,35,0.4571,0.4,0.3429,0.4
mrs-nsga2-apportion|aurus-nsga2-apportion,cross,humanoid-742,9,35,0.6286,0.4286,0.4571,0.1714
mrs-nsga2-apportion|aurus-nsga2-apportion,ctrl_x,humanoid-742,8,35,0.2571,0.2857,0.1429,0.2286
mrs-nsga2-apportion|aurus-nsga2-apportion,ctrl_y,humanoid-742,8,35,0.4571,0.5143,0.2857,0.4571
mrs-nsga2-apportion|aurus-nsga2-apportion,cross,humanoid-742,10,42,0.3095,0.4048,0.0952,0.5238
mrs-nsga2-apportion|aurus-nsga2-apportion,cross,humanoid-742,11,42,0.2143,0.4762,0.4048,0.1905
mrs-nsga2-apportion|aurus-nsga2-apportion,ctrl_x,humanoid-742,10,42,0.4048,0.2619,0.2857,0.3571
mrs-nsga2-apportion|aurus-nsga2-apportion,ctrl_y,humanoid-742,10,42,0.5476,0.3333,0.2857,0.4048
mrs-nsga2-apportion|aurus-nsga2-apportion,cross,humanoid-742,12,25,0.16,0.28,0.2,0.4
mrs-nsga2-apportion|aurus-nsga2-apportion,cross,humanoid-742,13,25,0.44,0.44,0.4,0.32
mrs-nsga2-apportion|aurus-nsga2-apportion,ctrl_x,humanoid-742,12,25,0.56,0.12,0.4,0.2
mrs-nsga2-apportion|aurus-nsga2-apportion,ctrl_y,humanoid-742,12,25,0.68,0.56,0.32,0.88
mrs-nsga2-apportion|aurus-nsga2-apportion,cross,humanoid-742,14,34,0.2059,0.2647,0.0882,0.2647
mrs-nsga2-apportion|aurus-nsga2-apportion,cross,humanoid-742,15,34,0.4706,0.3235,0.3235,0.1176
mrs-nsga2-apportion|aurus-nsga2-apportion,ctrl_x,humanoid-742,14,34,0.3235,0.4118,0.1176,0.4412
mrs-nsga2-apportion|aurus-nsga2-apportion,ctrl_y,humanoid-742,14,34,0.5294,0.3235,0.2647,0.4118
mrs-nsga2-apportion|aurus-nsga2-apportion,cross,humanoid-742,16,42,0.4286,0.2143,0.3571,0.3095
mrs-nsga2-apportion|aurus-nsga2-apportion,cross,humanoid-742,17,42,0.0714,0.4762,0.0238,0.3095
mrs-nsga2-apportion|aurus-nsga2-apportion,ctrl_x,humanoid-742,16,42,0.4048,0.1667,0.3095,0.2143
mrs-nsga2-apportion|aurus-nsga2-apportion,ctrl_y,humanoid-742,16,42,0.5238,0.1429,0.4524,0.0952
mrs-nsga2-apportion|aurus-nsga2-apportion,cross,humanoid-742,18,41,0.2927,0.2927,0.2439,0.2195
mrs-nsga2-apportion|aurus-nsga2-apportion,cross,humanoid-742,19,41,0.3902,0.4146,0.2927,0.2683
mrs-nsga2-apportion|aurus-nsga2-apportion,ctrl_x,humanoid-742,18,41,0.3902,0.1463,0.2927,0.122
mrs-nsga2-apportion|aurus-nsga2-apportion,ctrl_y,humanoid-742,18,41,0.2439,0.6341,0.2195,0.3415
mrs-nsga2-apportion|aurus-nsga2-apportion,cross,humanoid-742,20,43,0.3256,0.5581,0.2093,0.3721
mrs-nsga2-apportion|aurus-nsga2-apportion,cross,humanoid-742,21,43,0.4651,0.2791,0.4884,0.2558
mrs-nsga2-apportion|aurus-nsga2-apportion,ctrl_x,humanoid-742,20,43,0.3256,0.7209,0.2558,0.5814
mrs-nsga2-apportion|aurus-nsga2-apportion,ctrl_y,humanoid-742,20,43,0.186,0.3023,0.186,0.3721
mrs-nsga2-apportion|aurus-nsga2-apportion,cross,humanoid-742,22,32,0.5625,0.4375,0.0938,0.2188
mrs-nsga2-apportion|aurus-nsga2-apportion,cross,humanoid-742,23,32,0.4062,0.25,0.3125,0.2188
mrs-nsga2-apportion|aurus-nsga2-apportion,ctrl_x,humanoid-742,22,32,0.5625,1.0,0.25,0.2188
mrs-nsga2-apportion|aurus-nsga2-apportion,ctrl_y,humanoid-742,22,32,0.125,0.2812,0.1875,0.1875
mrs-nsga2-apportion|aurus-nsga2-apportion,cross,humanoid-742,24,43,0.3721,0.2791,0.186,0.0698
mrs-nsga2-apportion|aurus-nsga2-apportion,cross,humanoid-742,25,43,0.3721,0.3023,0.3953,0.186
mrs-nsga2-apportion|aurus-nsga2-apportion,ctrl_x,humanoid-742,24,43,0.2326,0.3256,0.2093,0.2558
mrs-nsga2-apportion|aurus-nsga2-apportion,ctrl_y,humanoid-742,24,43,0.2558,0.3953,0.186,0.186
mrs-nsga2-apportion|aurus-nsga2-apportion,cross,humanoid-742,26,35,0.4,0.1429,0.4,0.2571
mrs-nsga2-apportion|aurus-nsga2-apportion,cross,humanoid-742,27,35,1.0,0.1714,0.2571,0.3429
mrs-nsga2-apportion|aurus-nsga2-apportion,ctrl_x,humanoid-742,26,35,0.7714,0.1429,0.2571,0.1429
mrs-nsga2-apportion|aurus-nsga2-apportion,ctrl_y,humanoid-742,26,35,0.3714,0.2571,0.4,0.1714
mrs-nsga2-apportion|aurus-nsga2-apportion,cross,humanoid-742,28,34,0.5,0.2353,0.4706,0.2647
mrs-nsga2-apportion|aurus-nsga2-apportion,cross,humanoid-742,29,34,0.5294,0.2647,0.5,0.2353
mrs-nsga2-apportion|aurus-nsga2-apportion,ctrl_x,humanoid-742,28,34,0.3529,0.4706,0.3824,0.3824
mrs-nsga2-apportion|aurus-nsga2-apportion,ctrl_y,humanoid-742,28,34,0.3235,0.3235,0.4706,0.2647
mrs-nsga2-apportion|mrs-weighted,cross,humanoid-742,0,48,0.2917,1.0,0.1042,0.25
mrs-nsga2-apportion|mrs-weighted,cross,humanoid-742,1,48,0.6458,0.2917,0.1875,0.0833
mrs-nsga2-apportion|mrs-weighted,ctrl_x,humanoid-742,0,48,0.1667,0.5833,0.1667,0.2708
mrs-nsga2-apportion|mrs-weighted,ctrl_y,humanoid-742,0,48,0.2917,1.0,0.1042,0.1875
mrs-nsga2-apportion|mrs-weighted,cross,humanoid-742,2,66,1.0,0.2273,0.2727,0.1667
mrs-nsga2-apportion|mrs-weighted,cross,humanoid-742,3,66,1.0,0.2727,0.303,0.303
mrs-nsga2-apportion|mrs-weighted,ctrl_x,humanoid-742,2,66,1.0,1.0,0.2273,0.2424
mrs-nsga2-apportion|mrs-weighted,ctrl_y,humanoid-742,2,66,0.5909,0.2879,0.3485,0.2727
mrs-nsga2-apportion|mrs-weighted,cross,humanoid-742,4,63,0.3968,0.4921,0.2222,0.3175
mrs-nsga2-apportion|mrs-weighted,cross,humanoid-742,5,63,0.381,0.3492,0.2222,0.1429
mrs-nsga2-apportion|mrs-weighted,ctrl_x,humanoid-742,4,63,0.4603,0.3968,0.2222,0.381
mrs-nsga2-apportion|mrs-weighted,ctrl_y,humanoid-742,4,63,0.4444,1.0,0.1587,0.2381
mrs-nsga2-apportion|mrs-weighted,cross,humanoid-742,6,68,0.1029,1.0,0.1176,0.0882
mrs-nsga2-apportion|mrs-weighted,cross,humanoid-742,7,68,0.4706,0.3824,0.2353,0.1765
mrs-nsga2-apportion|mrs-weighted,ctrl_x,humanoid-742,6,68,0.4412,0.5588,0.2353,0.3235
mrs-nsga2-apportion|mrs-weighted,ctrl_y,humanoid-742,6,68,0.0735,0.4265,0.1618,0.2206
mrs-nsga2-apportion|mrs-weighted,cross,humanoid-742,8,74,0.2297,0.3378,0.0811,0.2297
mrs-nsga2-apportion|mrs-weighted,cross,humanoid-742,9,74,0.5,1.0,0.2838,0.4189
mrs-nsga2-apportion|mrs-weighted,ctrl_x,humanoid-742,8,74,0.2027,0.2703,0.1486,0.2703
mrs-nsga2-apportion|mrs-weighted,ctrl_y,humanoid-742,8,74,0.4595,0.5811,0.3108,0.3378
mrs-nsga2-apportion|mrs-weighted,cross,humanoid-742,10,70,0.2714,0.6286,0.1143,0.3143
mrs-nsga2-apportion|mrs-weighted,cross,humanoid-742,11,70,0.1714,1.0,0.1857,0.3571
mrs-nsga2-apportion|mrs-weighted,ctrl_x,humanoid-742,10,70,0.4429,0.1429,0.1714,0.1
mrs-nsga2-apportion|mrs-weighted,ctrl_y,humanoid-742,10,70,1.0,0.5571,0.3857,0.2857
mrs-nsga2-apportion|mrs-weighted,cross,humanoid-742,12,63,0.2857,0.254,0.1905,0.3651
mrs-nsga2-apportion|mrs-weighted,cross,humanoid-742,13,63,0.3175,0.4444,0.3333,0.3016
mrs-nsga2-apportion|mrs-weighted,ctrl_x,humanoid-742,12,63,0.4444,0.254,0.2381,0.3492
mrs-nsga2-apportion|mrs-weighted,ctrl_y,humanoid-742,12,63,0.4127,1.0,0.2857,0.3968
mrs-nsga2-apportion|mrs-weighted,cross,humanoid-742,14,79,0.1646,1.0,0.0886,0.1899
mrs-nsga2-apportion|mrs-weighted,cross,humanoid-742,15,79,0.5949,0.4177,0.3291,0.2785
mrs-nsga2-apportion|mrs-weighted,ctrl_x,humanoid-742,14,79,0.2532,0.2785,0.1392,0.3291
mrs-nsga2-apportion|mrs-weighted,ctrl_y,humanoid-742,14,79,1.0,0.3544,0.2405,0.2278
mrs-nsga2-apportion|mrs-weighted,cross,humanoid-742,16,65,0.2923,0.7231,0.0923,0.1385
mrs-nsga2-apportion|mrs-weighted,cross,humanoid-742,17,65,0.2,0.4,0.1538,0.2
mrs-nsga2-apportion|mrs-weighted,ctrl_x,humanoid-742,16,65,0.4,0.1385,0.1846,0.2
mrs-nsga2-apportion|mrs-weighted,ctrl_y,humanoid-742,16,65,0.0769,0.4615,0.0308,0.0769
mrs-nsga2-apportion|mrs-weighted,cross,humanoid-742,18,76,1.0,0.2237,0.2105,0.2368
mrs-nsga2-apportion|mrs-weighted,cross,humanoid-742,19,76,0.1974,0.4211,0.1184,0.1579
mrs-nsga2-apportion|mrs-weighted,ctrl_x,humanoid-742,18,76,1.0,0.2105,0.3026,0.2237
mrs-nsga2-apportion|mrs-weighted,ctrl_y,humanoid-742,18,76,0.5395,0.5132,0.1184,0.1316
mrs-nsga2-apportion|mrs-weighted,cross,humanoid-742,20,79,0.1772,0.519,0.0759,0.1899
mrs-nsga2-apportion|mrs-weighted,cross,humanoid-742,21,79,0.3924,0.5316,0.3165,0.2025
mrs-nsga2-apportion|mrs-weighted,ctrl_x,humanoid-742,20,79,0.4051,0.6076,0.3038,0.3544
mrs-nsga2-apportion|mrs-weighted,ctrl_y,humanoid-742,20,79,0.1013,0.2152,0.1266,0.0886
mrs-nsga2-apportion|mrs-weighted,cross,humanoid-742,22,75,0.3867,0.3733,0.1467,0.2267
mrs-nsga2-apportion|mrs-weighted,cross,humanoid-742,23,75,1.0,0.2533,0.2667,0.28
mrs-nsga2-apportion|mrs-weighted,ctrl_x,humanoid-742,22,75,0.28,1.0,0.1733,0.2267
mrs-nsga2-apportion|mrs-weighted,ctrl_y,humanoid-742,22,75,0.1467,1.0,0.16,0.2133
mrs-nsga2-apportion|mrs-weighted,cross,humanoid-742,24,69,0.029,1.0,0.029,0.1739
mrs-nsga2-apportion|mrs-weighted,cross,humanoid-742,25,69,0.1449,0.2754,0.087,0.2029
mrs-nsga2-apportion|mrs-weighted,ctrl_x,humanoid-742,24,69,0.2174,0.2899,0.1884,0.1884
mrs-nsga2-apportion|mrs-weighted,ctrl_y,humanoid-742,24,69,0.4928,0.4058,0.1449,0.1014
mrs-nsga2-apportion|mrs-weighted,cross,humanoid-742,26,61,0.082,0.2623,0.1475,0.1311
mrs-nsga2-apportion|mrs-weighted,cross,humanoid-742,27,61,1.0,0.1311,0.2295,0.1803
mrs-nsga2-apportion|mrs-weighted,ctrl_x,humanoid-742,26,61,0.4426,1.0,0.1311,0.2295
mrs-nsga2-apportion|mrs-weighted,ctrl_y,humanoid-742,26,61,0.5738,0.4754,0.1311,0.1803
mrs-nsga2-apportion|mrs-weighted,cross,humanoid-742,28,71,0.3803,0.4366,0.2958,0.3099
mrs-nsga2-apportion|mrs-weighted,cross,humanoid-742,29,71,0.507,1.0,0.3099,0.1831
mrs-nsga2-apportion|mrs-weighted,ctrl_x,humanoid-742,28,71,0.2958,0.5352,0.2254,0.2817
mrs-nsga2-apportion|mrs-weighted,ctrl_y,humanoid-742,28,71,0.3803,0.4648,0.1408,0.2254
aurus-nsga2-apportion|aurus,cross,humanoid-742,0,19,0.3158,0.1579,0.1579,0.1579
aurus-nsga2-apportion|aurus,cross,humanoid-742,1,19,0.4737,0.1579,0.2632,0.1579
aurus-nsga2-apportion|aurus,ctrl_x,humanoid-742,0,19,0.6316,0.7368,0.3684,0.6842
aurus-nsga2-apportion|aurus,ctrl_y,humanoid-742,0,19,0.4737,0.4211,0.3684,0.3158
aurus-nsga2-apportion|aurus,cross,humanoid-742,2,19,0.4211,0.4211,0.1053,0.2632
aurus-nsga2-apportion|aurus,cross,humanoid-742,3,19,0.8947,0.1053,0.1579,0.1579
aurus-nsga2-apportion|aurus,ctrl_x,humanoid-742,2,19,1.0,0.4211,0.3684,0.3158
aurus-nsga2-apportion|aurus,ctrl_y,humanoid-742,2,19,0.4211,0.7895,0.3158,0.5263
aurus-nsga2-apportion|aurus,cross,humanoid-742,4,30,0.6,0.1333,0.1,0.0333
aurus-nsga2-apportion|aurus,cross,humanoid-742,5,30,0.2333,0.3333,0.1333,0.2667
aurus-nsga2-apportion|aurus,ctrl_x,humanoid-742,4,30,0.2667,0.5,0.2,0.2667
aurus-nsga2-apportion|aurus,ctrl_y,humanoid-742,4,30,0.6,0.5,0.6667,0.3667
aurus-nsga2-apportion|aurus,cross,humanoid-742,6,25,0.28,0.12,0.16,0.16
aurus-nsga2-apportion|aurus,cross,humanoid-742,7,25,1.0,0.04,0.12,0.04
aurus-nsga2-apportion|aurus,ctrl_x,humanoid-742,6,25,0.32,0.44,0.28,0.2
aurus-nsga2-apportion|aurus,ctrl_y,humanoid-742,6,25,0.72,0.32,0.36,0.28
aurus-nsga2-apportion|aurus,cross,humanoid-742,8,19,0.3158,0.1579,0.2632,0.2632
aurus-nsga2-apportion|aurus,cross,humanoid-742,9,19,0.1053,0.1579,0.0526,0.1579
aurus-nsga2-apportion|aurus,ctrl_x,humanoid-742,8,19,0.4211,0.6842,0.2632,0.4211
aurus-nsga2-apportion|aurus,ctrl_y,humanoid-742,8,19,0.7368,0.6316,0.4211,0.4211
aurus-nsga2-apportion|aurus,cross,humanoid-742,10,16,1.0,0.0,0.1875,0.0
aurus-nsga2-apportion|aurus,cross,humanoid-742,11,16,0.0625,0.1875,0.1875,0.0625
aurus-nsga2-apportion|aurus,ctrl_x,humanoid-742,10,16,1.0,0.1875,0.75,0.4375
aurus-nsga2-apportion|aurus,ctrl_y,humanoid-742,10,16,0.625,0.5625,0.5,0.5625
aurus-nsga2-apportion|aurus,cross,humanoid-742,12,23,0.087,0.3043,0.0435,0.087
aurus-nsga2-apportion|aurus,cross,humanoid-742,13,23,0.9565,0.2174,0.4348,0.2609
aurus-nsga2-apportion|aurus,ctrl_x,humanoid-742,12,23,0.6957,0.5652,0.3478,0.5652
aurus-nsga2-apportion|aurus,ctrl_y,humanoid-742,12,23,0.5652,0.7826,0.3043,0.3043
aurus-nsga2-apportion|aurus,cross,humanoid-742,14,32,0.1562,0.1562,0.1562,0.0938
aurus-nsga2-apportion|aurus,cross,humanoid-742,15,32,0.2188,0.125,0.125,0.0938
aurus-nsga2-apportion|aurus,ctrl_x,humanoid-742,14,32,0.5312,0.4688,0.3125,0.5
aurus-nsga2-apportion|aurus,ctrl_y,humanoid-742,14,32,0.625,0.6562,0.8125,0.4688
aurus-nsga2-apportion|aurus,cross,humanoid-742,16,22,0.2273,0.0909,0.1364,0.0455
aurus-nsga2-apportion|aurus,cross,humanoid-742,17,22,0.1364,0.0909,0.1364,0.0909
aurus-nsga2-apportion|aurus,ctrl_x,humanoid-742,16,22,0.4545,0.3182,0.5909,0.2273
aurus-nsga2-apportion|aurus,ctrl_y,humanoid-742,16,22,0.6364,0.6818,0.3182,0.5909
aurus-nsga2-apportion|aurus,cross,humanoid-742,18,28,0.3929,0.1786,0.2143,0.1429
aurus-nsga2-apportion|aurus,cross,humanoid-742,19,28,0.1071,0.1429,0.1071,0.2143
aurus-nsga2-apportion|aurus,ctrl_x,humanoid-742,18,28,0.4643,0.5,0.4643,0.4286
aurus-nsga2-apportion|aurus,ctrl_y,humanoid-742,18,28,0.8214,0.5357,0.5,0.5
aurus-nsga2-apportion|aurus,cross,humanoid-742,20,23,0.6957,0.3043,0.3043,0.2609
aurus-nsga2-apportion|aurus,cross,humanoid-742,21,23,0.6957,0.1739,0.1304,0.1739
aurus-nsga2-apportion|aurus,ctrl_x,humanoid-742,20,23,0.3478,0.2609,0.2174,0.5217
aurus-nsga2-apportion|aurus,ctrl_y,humanoid-742,20,23,0.6087,0.6957,0.6087,0.3913
aurus-nsga2-apportion|aurus,cross,humanoid-742,22,25,0.08,0.16,0.2,0.12
aurus-nsga2-apportion|aurus,cross,humanoid-742,23,25,0.72,0.2,0.32,0.24
aurus-nsga2-apportion|aurus,ctrl_x,humanoid-742,22,25,0.12,0.36,0.04,0.32
aurus-nsga2-apportion|aurus,ctrl_y,humanoid-742,22,25,0.68,0.72,0.48,0.52
aurus-nsga2-apportion|aurus,cross,humanoid-742,24,25,0.48,0.4,0.24,0.4
aurus-nsga2-apportion|aurus,cross,humanoid-742,25,25,0.16,0.16,0.24,0.24
aurus-nsga2-apportion|aurus,ctrl_x,humanoid-742,24,25,0.24,0.48,0.2,0.12
aurus-nsga2-apportion|aurus,ctrl_y,humanoid-742,24,25,0.6,0.64,0.36,0.52
aurus-nsga2-apportion|aurus,cross,humanoid-742,26,21,0.3333,0.0476,0.0952,0.0476
aurus-nsga2-apportion|aurus,cross,humanoid-742,27,21,0.3333,0.1429,0.0952,0.1429
aurus-nsga2-apportion|aurus,ctrl_x,humanoid-742,26,21,0.6667,0.1905,0.2381,0.1429
aurus-nsga2-apportion|aurus,ctrl_y,humanoid-742,26,21,0.7143,0.5714,0.5238,0.4762
aurus-nsga2-apportion|aurus,cross,humanoid-742,28,20,0.1,0.35,0.3,0.15
aurus-nsga2-apportion|aurus,cross,humanoid-742,29,20,0.15,0.15,0.05,0.25
aurus-nsga2-apportion|aurus,ctrl_x,humanoid-742,28,20,0.65,0.25,0.45,0.25
aurus-nsga2-apportion|aurus,ctrl_y,humanoid-742,28,20,0.65,0.6,0.4,0.4
mrs-nsga2-apportion|aurus,cross,lift,0,7,1.0,0.2857,0.5714,0.2857
mrs-nsga2-apportion|aurus,cross,lift,1,7,1.0,0.0,0.2857,0.0
mrs-nsga2-apportion|aurus,ctrl_x,lift,0,7,0.1429,0.5714,0.1429,0.4286
mrs-nsga2-apportion|aurus,ctrl_y,lift,0,7,1.0,1.0,0.8571,0.7143
mrs-nsga2-apportion|aurus,cross,lift,2,8,1.0,0.0,0.375,0.0
mrs-nsga2-apportion|aurus,cross,lift,3,8,0.75,0.125,0.125,0.25
mrs-nsga2-apportion|aurus,ctrl_x,lift,2,8,0.625,0.625,0.375,0.5
mrs-nsga2-apportion|aurus,ctrl_y,lift,2,8,0.5,0.875,0.625,0.625
mrs-nsga2-apportion|aurus,cross,lift,4,9,1.0,0.1111,0.1111,0.2222
mrs-nsga2-apportion|aurus,cross,lift,5,9,1.0,0.2222,0.2222,0.2222
mrs-nsga2-apportion|aurus,ctrl_x,lift,4,9,0.8889,0.4444,0.5556,0.7778
mrs-nsga2-apportion|aurus,ctrl_y,lift,4,9,0.7778,1.0,1.0,0.4444
mrs-nsga2-apportion|aurus,cross,lift,6,3,1.0,0.3333,0.3333,0.3333
mrs-nsga2-apportion|aurus,cross,lift,7,3,1.0,0.3333,1.0,0.3333
mrs-nsga2-apportion|aurus,ctrl_x,lift,6,3,0.0,1.0,0.0,0.3333
mrs-nsga2-apportion|aurus,ctrl_y,lift,6,3,1.0,0.0,0.3333,0.0
mrs-nsga2-apportion|aurus,cross,lift,10,8,1.0,0.125,0.375,0.125
mrs-nsga2-apportion|aurus,cross,lift,11,8,1.0,0.125,0.375,0.25
mrs-nsga2-apportion|aurus,ctrl_x,lift,10,8,0.875,0.25,0.625,0.375
mrs-nsga2-apportion|aurus,ctrl_y,lift,10,8,0.5,0.5,0.25,0.375
mrs-nsga2-apportion|aurus,cross,lift,12,4,1.0,0.25,0.75,0.25
mrs-nsga2-apportion|aurus,cross,lift,13,4,0.75,0.75,0.5,0.5
mrs-nsga2-apportion|aurus,ctrl_x,lift,12,4,0.75,0.5,1.0,0.25
mrs-nsga2-apportion|aurus,ctrl_y,lift,12,4,1.0,0.75,0.5,0.75
mrs-nsga2-apportion|aurus,cross,lift,14,4,1.0,0.0,0.5,0.0
mrs-nsga2-apportion|aurus,cross,lift,15,4,1.0,0.25,0.5,0.75
mrs-nsga2-apportion|aurus,ctrl_x,lift,14,4,0.75,0.75,0.25,0.25
mrs-nsga2-apportion|aurus,ctrl_y,lift,14,4,1.0,0.25,0.75,0.25
mrs-nsga2-apportion|aurus,cross,lift,16,6,1.0,0.3333,0.5,0.6667
mrs-nsga2-apportion|aurus,cross,lift,17,6,1.0,0.3333,0.3333,0.5
mrs-nsga2-apportion|aurus,ctrl_x,lift,16,6,1.0,0.3333,0.3333,0.3333
mrs-nsga2-apportion|aurus,ctrl_y,lift,16,6,0.5,0.8333,0.5,0.6667
mrs-nsga2-apportion|aurus,cross,lift,18,10,1.0,0.2,0.3,0.1
mrs-nsga2-apportion|aurus,cross,lift,19,10,1.0,0.0,0.4,0.0
mrs-nsga2-apportion|aurus,ctrl_x,lift,18,10,0.8,0.7,0.7,0.6
mrs-nsga2-apportion|aurus,ctrl_y,lift,18,10,0.3,1.0,0.4,0.4
mrs-nsga2-apportion|aurus,cross,lift,20,7,1.0,0.1429,0.4286,0.2857
mrs-nsga2-apportion|aurus,cross,lift,21,7,1.0,0.0,0.2857,0.0
mrs-nsga2-apportion|aurus,ctrl_x,lift,20,7,0.7143,0.4286,0.7143,0.2857
mrs-nsga2-apportion|aurus,ctrl_y,lift,20,7,0.8571,1.0,1.0,1.0
mrs-nsga2-apportion|aurus,cross,lift,22,5,1.0,0.2,0.6,0.4
mrs-nsga2-apportion|aurus,cross,lift,23,5,1.0,0.2,0.6,0.2
mrs-nsga2-apportion|aurus,ctrl_x,lift,22,5,0.6,0.4,0.6,0.4
mrs-nsga2-apportion|aurus,ctrl_y,lift,22,5,1.0,1.0,1.0,1.0
mrs-nsga2-apportion|aurus,cross,lift,24,4,1.0,0.0,0.75,0.0
mrs-nsga2-apportion|aurus,cross,lift,25,4,1.0,0.0,0.25,0.0
mrs-nsga2-apportion|aurus,ctrl_x,lift,24,4,0.5,1.0,0.25,0.25
mrs-nsga2-apportion|aurus,ctrl_y,lift,24,4,1.0,0.25,0.5,0.5
mrs-nsga2-apportion|aurus,cross,lift,26,8,1.0,0.0,0.5,0.0
mrs-nsga2-apportion|aurus,cross,lift,27,8,0.75,0.125,0.75,0.375
mrs-nsga2-apportion|aurus,ctrl_x,lift,26,8,0.625,0.875,0.5,0.75
mrs-nsga2-apportion|aurus,ctrl_y,lift,26,8,1.0,0.875,1.0,1.0
mrs-nsga2-apportion|aurus,cross,lift,28,6,1.0,0.1667,0.6667,0.1667
mrs-nsga2-apportion|aurus,cross,lift,29,6,1.0,0.1667,0.3333,0.1667
mrs-nsga2-apportion|aurus,ctrl_x,lift,28,6,0.3333,0.1667,0.5,0.1667
mrs-nsga2-apportion|aurus,ctrl_y,lift,28,6,0.8333,0.8333,0.5,0.8333
mrs-nsga2-apportion|aurus-nsga2-apportion,cross,lift,0,14,0.3571,0.4286,0.3571,0.3571
mrs-nsga2-apportion|aurus-nsga2-apportion,cross,lift,1,14,0.5714,0.5714,0.5,0.8571
mrs-nsga2-apportion|aurus-nsga2-apportion,ctrl_x,lift,0,14,0.2143,0.7143,0.5,0.4286
mrs-nsga2-apportion|aurus-nsga2-apportion,ctrl_y,lift,0,14,0.2857,0.2857,0.2857,0.4286
mrs-nsga2-apportion|aurus-nsga2-apportion,cross,lift,2,7,0.2857,1.0,0.5714,0.4286
mrs-nsga2-apportion|aurus-nsga2-apportion,cross,lift,3,7,0.4286,0.4286,0.7143,0.5714
mrs-nsga2-apportion|aurus-nsga2-apportion,ctrl_x,lift,2,7,0.5714,0.7143,0.5714,0.4286
mrs-nsga2-apportion|aurus-nsga2-apportion,ctrl_y,lift,2,7,0.1429,1.0,0.1429,0.2857
mrs-nsga2-apportion|aurus-nsga2-apportion,cross,lift,4,15,0.9333,0.4667,0.4667,0.6
mrs-nsga2-apportion|aurus-nsga2-apportion,cross,lift,5,15,0.4667,0.4667,0.4667,0.2667
mrs-nsga2-apportion|aurus-nsga2-apportion,ctrl_x,lift,4,15,0.7333,0.6667,0.2667,0.6667
mrs-nsga2-apportion|aurus-nsga2-apportion,ctrl_y,lift,4,15,0.2,0.2667,0.2667,0.2
mrs-nsga2-apportion|aurus-nsga2-apportion,cross,lift,6,7,0.2857,0.8571,0.5714,0.8571
mrs-nsga2-apportion|aurus-nsga2-apportion,cross,lift,7,7,0.8571,0.4286,0.8571,0.7143
mrs-nsga2-apportion|aurus-nsga2-apportion,ctrl_x,lift,6,7,0.2857,0.2857,0.1429,0.2857
mrs-nsga2-apportion|aurus-nsga2-apportion,ctrl_y,lift,6,7,0.2857,0.8571,0.5714,0.8571
mrs-nsga2-apportion|aurus-nsga2-apportion,cross,lift,8,11,0.4545,0.9091,0.2727,0.7273
mrs-nsga2-apportion|aurus-nsga2-apportion,cross,lift,9,11,0.4545,0.7273,0.2727,0.4545
mrs-nsga2-apportion|aurus-nsga2-apportion,ctrl_x,lift,8,11,0.7273,0.5455,0.5455,0.7273
mrs-nsga2-apportion|aurus-nsga2-apportion,ctrl_y,lift,8,11,0.4545,0.6364,0.3636,0.3636
mrs-nsga2-apportion|aurus-nsga2-apportion,cross,lift,10,15,0.2,0.7333,0.3333,0.4
mrs-nsga2-apportion|aurus-nsga2-apportion,cross,lift,11,15,0.2667,0.4667,0.4,0.6
mrs-nsga2-apportion|aurus-nsga2-apportion,ctrl_x,lift,10,15,0.6,0.4667,0.6,0.4
mrs-nsga2-apportion|aurus-nsga2-apportion,ctrl_y,lift,10,15,0.5333,0.4667,0.2667,0.4667
mrs-nsga2-apportion|aurus-nsga2-apportion,cross,lift,12,10,0.6,0.7,0.7,0.7
mrs-nsga2-apportion|aurus-nsga2-apportion,cross,lift,13,10,0.7,0.8,0.8,0.8
mrs-nsga2-apportion|aurus-nsga2-apportion,ctrl_x,lift,12,10,0.5,0.9,0.4,0.4
mrs-nsga2-apportion|aurus-nsga2-apportion,ctrl_y,lift,12,10,0.9,0.5,0.5,0.6
mrs-nsga2-apportion|aurus-nsga2-apportion,cross,lift,14,11,0.3636,0.1818,0.2727,0.1818
mrs-nsga2-apportion|aurus-nsga2-apportion,cross,lift,15,11,0.7273,0.8182,0.3636,0.4545
mrs-nsga2-apportion|aurus-nsga2-apportion,ctrl_x,lift,14,11,0.1818,0.6364,0.4545,0.2727
mrs-nsga2-apportion|aurus-nsga2-apportion,ctrl_y,lift,14,11,0.0,0.7273,0.0,0.1818
mrs-nsga2-apportion|aurus-nsga2-apportion,cross,lift,16,8,0.5,0.75,0.375,0.625
mrs-nsga2-apportion|aurus-nsga2-apportion,cross,lift,17,8,0.375,0.875,0.25,0.625
mrs-nsga2-apportion|aurus-nsga2-apportion,ctrl_x,lift,16,8,1.0,0.25,0.5,0.625
mrs-nsga2-apportion|aurus-nsga2-apportion,ctrl_y,lift,16,8,0.25,0.375,0.5,0.25
mrs-nsga2-apportion|aurus-nsga2-apportion,cross,lift,18,10,0.8,0.5,0.6,0.3
mrs-nsga2-apportion|aurus-nsga2-apportion,cross,lift,19,10,0.7,0.7,0.7,0.7
mrs-nsga2-apportion|aurus-nsga2-apportion,ctrl_x,lift,18,10,0.8,0.7,0.7,0.6
mrs-nsga2-apportion|aurus-nsga2-apportion,ctrl_y,lift,18,10,0.5,0.6,0.4,0.6
mrs-nsga2-apportion|aurus-nsga2-apportion,cross,lift,20,9,0.5556,0.2222,0.4444,0.2222
mrs-nsga2-apportion|aurus-nsga2-apportion,cross,lift,21,9,0.6667,0.5556,0.8889,0.7778
mrs-nsga2-apportion|aurus-nsga2-apportion,ctrl_x,lift,20,9,0.6667,0.2222,0.7778,0.2222
mrs-nsga2-apportion|aurus-nsga2-apportion,ctrl_y,lift,20,9,0.6667,0.3333,0.2222,0.6667
mrs-nsga2-apportion|aurus-nsga2-apportion,cross,lift,22,8,0.75,0.625,0.125,0.125
mrs-nsga2-apportion|aurus-nsga2-apportion,cross,lift,23,8,0.75,0.375,0.875,0.5
mrs-nsga2-apportion|aurus-nsga2-apportion,ctrl_x,lift,22,8,0.625,0.625,1.0,0.875
mrs-nsga2-apportion|aurus-nsga2-apportion,ctrl_y,lift,22,8,0.625,0.75,0.375,0.5
mrs-nsga2-apportion|aurus-nsga2-apportion,cross,lift,24,10,0.1,0.5,0.1,0.2
mrs-nsga2-apportion|aurus-nsga2-apportion,cross,lift,25,10,0.7,0.6,0.4,0.2
mrs-nsga2-apportion|aurus-nsga2-apportion,ctrl_x,lift,24,10,0.8,0.1,0.3,0.2
mrs-nsga2-apportion|aurus-nsga2-apportion,ctrl_y,lift,24,10,0.7,0.7,0.3,0.2
mrs-nsga2-apportion|aurus-nsga2-apportion,cross,lift,26,13,0.8462,0.3077,0.5385,0.3077
mrs-nsga2-apportion|aurus-nsga2-apportion,cross,lift,27,13,0.9231,0.4615,0.6923,0.3846
mrs-nsga2-apportion|aurus-nsga2-apportion,ctrl_x,lift,26,13,0.7692,0.6923,0.3846,0.4615
mrs-nsga2-apportion|aurus-nsga2-apportion,ctrl_y,lift,26,13,0.6154,0.6154,0.3846,0.6923
mrs-nsga2-apportion|aurus-nsga2-apportion,cross,lift,28,14,0.5714,0.7143,0.3571,0.5714
mrs-nsga2-apportion|aurus-nsga2-apportion,cross,lift,29,14,0.7857,0.7143,0.8571,0.9286
mrs-nsga2-apportion|aurus-nsga2-apportion,ctrl_x,lift,28,14,0.5,0.6429,0.4286,0.5714
mrs-nsga2-apportion|aurus-nsga2-apportion,ctrl_y,lift,28,14,0.3571,0.7857,0.5714,0.8571
mrs-nsga2-apportion|mrs-weighted,cross,lift,0,16,0.4375,0.375,0.4375,0.4375
mrs-nsga2-apportion|mrs-weighted,cross,lift,1,16,0.375,0.8125,0.3125,0.4375
mrs-nsga2-apportion|mrs-weighted,ctrl_x,lift,0,16,0.375,0.625,0.625,0.5
mrs-nsga2-apportion|mrs-weighted,ctrl_y,lift,0,16,0.6875,0.5,0.25,0.5
mrs-nsga2-apportion|mrs-weighted,cross,lift,2,18,0.3333,0.5,0.2222,0.3333
mrs-nsga2-apportion|mrs-weighted,cross,lift,3,18,0.1111,0.6111,0.2222,0.2778
mrs-nsga2-apportion|mrs-weighted,ctrl_x,lift,2,18,0.5556,0.2778,0.5,0.1111
mrs-nsga2-apportion|mrs-weighted,ctrl_y,lift,2,18,0.4444,0.7222,0.2222,0.3333
mrs-nsga2-apportion|mrs-weighted,cross,lift,4,15,0.7333,0.9333,0.2,0.6667
mrs-nsga2-apportion|mrs-weighted,cross,lift,5,15,0.6667,0.8667,0.4667,0.4
mrs-nsga2-apportion|mrs-weighted,ctrl_x,lift,4,15,0.7333,0.6667,0.2667,0.6667
mrs-nsga2-apportion|mrs-weighted,ctrl_y,lift,4,15,0.5333,0.6667,0.4,0.6667
mrs-nsga2-apportion|mrs-weighted,cross,lift,6,11,0.4545,0.7273,0.0909,0.1818
mrs-nsga2-apportion|mrs-weighted,cross,lift,7,11,0.4545,0.3636,0.2727,0.5455
mrs-nsga2-apportion|mrs-weighted,ctrl_x,lift,6,11,0.5455,0.6364,0.5455,0.6364
mrs-nsga2-apportion|mrs-weighted,ctrl_y,lift,6,11,0.7273,0.1818,0.2727,0.1818
mrs-nsga2-apportion|mrs-weighted,cross,lift,8,11,0.8182,0.5455,0.4545,0.3636
mrs-nsga2-apportion|mrs-weighted,cross,lift,9,11,0.4545,0.3636,0.2727,0.2727
mrs-nsga2-apportion|mrs-weighted,ctrl_x,lift,8,11,0.5455,0.4545,0.3636,0.7273
mrs-nsga2-apportion|mrs-weighted,ctrl_y,lift,8,11,0.2727,0.8182,0.2727,0.5455
mrs-nsga2-apportion|mrs-weighted,cross,lift,10,15,0.2,0.4,0.1333,0.2667
mrs-nsga2-apportion|mrs-weighted,cross,lift,11,15,0.6,0.9333,0.4667,0.4667
mrs-nsga2-apportion|mrs-weighted,ctrl_x,lift,10,15,0.6,0.4667,0.6,0.4
mrs-nsga2-apportion|mrs-weighted,ctrl_y,lift,10,15,0.2,0.8,0.4,0.4
mrs-nsga2-apportion|mrs-weighted,cross,lift,12,14,0.7857,0.7857,0.5714,0.9286
mrs-nsga2-apportion|mrs-weighted,cross,lift,13,14,0.7143,0.5,0.3571,0.4286
mrs-nsga2-apportion|mrs-weighted,ctrl_x,lift,12,14,0.6429,0.9286,0.6429,0.9286
mrs-nsga2-apportion|mrs-weighted,ctrl_y,lift,12,14,0.7857,0.5714,0.2857,0.5
mrs-nsga2-apportion|mrs-weighted,cross,lift,14,11,0.2727,0.3636,0.1818,0.1818
mrs-nsga2-apportion|mrs-weighted,cross,lift,15,11,0.5455,0.3636,0.4545,0.4545
mrs-nsga2-apportion|mrs-weighted,ctrl_x,lift,14,11,0.1818,0.6364,0.4545,0.2727
mrs-nsga2-apportion|mrs-weighted,ctrl_y,lift,14,11,0.8182,0.8182,0.1818,0.5455
mrs-nsga2-apportion|mrs-weighted,cross,lift,16,12,0.5833,0.8333,0.8333,0.5833
mrs-nsga2-apportion|mrs-weighted,cross,lift,17,12,0.6667,1.0,0.8333,0.9167
mrs-nsga2-apportion|mrs-weighted,ctrl_x,lift,16,12,0.9167,0.6667,0.6667,1.0
mrs-nsga2-apportion|mrs-weighted,ctrl_y,lift,16,12,0.8333,0.75,0.5833,0.5833
mrs-nsga2-apportion|mrs-weighted,cross,lift,18,10,0.7,0.8,0.6,0.6
mrs-nsga2-apportion|mrs-weighted,cross,lift,19,10,0.5,0.8,0.6,0.9
mrs-nsga2-apportion|mrs-weighted,ctrl_x,lift,18,10,0.8,0.7,0.7,0.6
mrs-nsga2-apportion|mrs-weighted,ctrl_y,lift,18,10,0.2,0.0,0.2,0.0
mrs-nsga2-apportion|mrs-weighted,cross,lift,20,17,0.7647,0.6471,0.4118,0.2941
mrs-nsga2-apportion|mrs-weighted,cross,lift,21,17,0.7647,0.4706,0.3529,0.5294
mrs-nsga2-apportion|mrs-weighted,ctrl_x,lift,20,17,0.7059,0.2941,0.5294,0.2941
mrs-nsga2-apportion|mrs-weighted,ctrl_y,lift,20,17,0.6471,0.3529,0.4118,0.5294
mrs-nsga2-apportion|mrs-weighted,cross,lift,22,8,0.625,0.125,0.125,0.125
mrs-nsga2-apportion|mrs-weighted,cross,lift,23,8,0.5,0.25,0.625,0.25
mrs-nsga2-apportion|mrs-weighted,ctrl_x,lift,22,8,0.625,0.625,1.0,0.875
mrs-nsga2-apportion|mrs-weighted,ctrl_y,lift,22,8,0.125,0.875,0.125,0.125
mrs-nsga2-apportion|mrs-weighted,cross,lift,24,19,0.5789,0.4737,0.2632,0.8947
mrs-nsga2-apportion|mrs-weighted,cross,lift,25,19,0.3158,0.3684,0.1053,0.5263
mrs-nsga2-apportion|mrs-weighted,ctrl_x,lift,24,19,0.6316,0.3684,0.2632,0.2105
mrs-nsga2-apportion|mrs-weighted,ctrl_y,lift,24,19,0.9474,0.4737,0.3158,0.1053
mrs-nsga2-apportion|mrs-weighted,cross,lift,26,13,0.3077,0.5385,0.3077,0.4615
mrs-nsga2-apportion|mrs-weighted,cross,lift,27,13,0.6154,0.3077,0.6154,0.3077
mrs-nsga2-apportion|mrs-weighted,ctrl_x,lift,26,13,0.6923,0.6154,0.3846,0.3846
mrs-nsga2-apportion|mrs-weighted,ctrl_y,lift,26,13,0.4615,0.4615,0.8462,0.1538
mrs-nsga2-apportion|mrs-weighted,cross,lift,28,15,0.5333,0.4667,0.2667,0.4
mrs-nsga2-apportion|mrs-weighted,cross,lift,29,15,0.4667,0.8667,0.4,0.3333
mrs-nsga2-apportion|mrs-weighted,ctrl_x,lift,28,15,0.6667,0.6,0.4667,0.6667
mrs-nsga2-apportion|mrs-weighted,ctrl_y,lift,28,15,0.4667,0.5333,0.2,0.2667
aurus-nsga2-apportion|aurus,cross,lift,0,7,1.0,0.2857,0.2857,0.2857
aurus-nsga2-apportion|aurus,cross,lift,1,7,1.0,0.0,0.2857,0.0
aurus-nsga2-apportion|aurus,ctrl_x,lift,0,7,0.2857,0.4286,0.4286,0.5714
aurus-nsga2-apportion|aurus,ctrl_y,lift,0,7,1.0,1.0,0.8571,0.7143
aurus-nsga2-apportion|aurus,cross,lift,2,7,0.5714,0.2857,0.7143,0.1429
aurus-nsga2-apportion|aurus,cross,lift,3,7,1.0,0.0,0.2857,0.0
aurus-nsga2-apportion|aurus,ctrl_x,lift,2,7,0.5714,1.0,0.4286,0.4286
aurus-nsga2-apportion|aurus,ctrl_y,lift,2,7,0.5714,0.2857,0.2857,0.4286
aurus-nsga2-apportion|aurus,cross,lift,4,9,0.0,0.0,0.0,0.0
aurus-nsga2-apportion|aurus,cross,lift,5,9,0.7778,0.1111,0.4444,0.1111
aurus-nsga2-apportion|aurus,ctrl_x,lift,4,9,0.0,0.0,0.0,0.0
aurus-nsga2-apportion|aurus,ctrl_y,lift,4,9,0.7778,1.0,1.0,0.4444
aurus-nsga2-apportion|aurus,cross,lift,6,3,1.0,0.0,0.3333,0.0
aurus-nsga2-apportion|aurus,cross,lift,7,3,1.0,0.3333,1.0,1.0
aurus-nsga2-apportion|aurus,ctrl_x,lift,6,3,0.3333,0.6667,0.6667,0.3333
aurus-nsga2-apportion|aurus,ctrl_y,lift,6,3,1.0,0.0,0.3333,0.0
aurus-nsga2-apportion|aurus,cross,lift,10,8,0.875,0.25,0.75,0.25
aurus-nsga2-apportion|aurus,cross,lift,11,8,1.0,0.25,0.625,0.125
aurus-nsga2-apportion|aurus,ctrl_x,lift,10,8,0.25,0.875,0.25,0.875
aurus-nsga2-apportion|aurus,ctrl_y,lift,10,8,0.5,0.5,0.25,0.375
aurus-nsga2-apportion|aurus,cross,lift,12,4,1.0,0.5,0.5,1.0
aurus-nsga2-apportion|aurus,cross,lift,13,4,1.0,0.25,0.75,0.25
aurus-nsga2-apportion|aurus,ctrl_x,lift,12,4,0.5,0.75,0.5,0.75
aurus-nsga2-apportion|aurus,ctrl_y,lift,12,4,1.0,0.75,0.5,0.75
aurus-nsga2-apportion|aurus,cross,lift,14,4,1.0,0.0,1.0,0.0
aurus-nsga2-apportion|aurus,cross,lift,15,4,0.5,0.75,0.5,0.5
aurus-nsga2-apportion|aurus,ctrl_x,lift,14,4,0.75,1.0,0.5,0.75
aurus-nsga2-apportion|aurus,ctrl_y,lift,14,4,1.0,0.25,0.75,0.25
aurus-nsga2-apportion|aurus,cross,lift,16,6,1.0,0.0,0.6667,0.0
aurus-nsga2-apportion|aurus,cross,lift,17,6,1.0,0.5,0.8333,1.0
aurus-nsga2-apportion|aurus,ctrl_x,lift,16,6,0.8333,0.1667,0.6667,0.1667
aurus-nsga2-apportion|aurus,ctrl_y,lift,16,6,0.5,0.8333,0.5,0.6667
aurus-nsga2-apportion|aurus,cross,lift,18,10,0.7,0.1,0.4,0.2
aurus-nsga2-apportion|aurus,cross,lift,19,10,1.0,0.0,0.4,0.0
aurus-nsga2-apportion|aurus,ctrl_x,lift,18,10,0.7,0.6,0.4,0.3
aurus-nsga2-apportion|aurus,ctrl_y,lift,18,10,0.3,1.0,0.4,0.4
aurus-nsga2-apportion|aurus,cross,lift,20,7,1.0,0.1429,0.7143,0.2857
aurus-nsga2-apportion|aurus,cross,lift,21,7,1.0,0.1429,0.7143,0.5714
aurus-nsga2-apportion|aurus,ctrl_x,lift,20,7,0.8571,0.7143,0.4286,0.4286
aurus-nsga2-apportion|aurus,ctrl_y,lift,20,7,0.8571,1.0,1.0,1.0
aurus-nsga2-apportion|aurus,cross,lift,22,5,1.0,0.2,0.8,0.2
aurus-nsga2-apportion|aurus,cross,lift,23,5,1.0,0.0,0.2,0.0
aurus-nsga2-apportion|aurus,ctrl_x,lift,22,5,1.0,0.2,0.8,0.6
aurus-nsga2-apportion|aurus,ctrl_y,lift,22,5,1.0,1.0,1.0,1.0
aurus-nsga2-apportion|aurus,cross,lift,24,4,1.0,0.25,0.5,0.5
aurus-nsga2-apportion|aurus,cross,lift,25,4,0.0,0.0,0.0,0.0
aurus-nsga2-apportion|aurus,ctrl_x,lift,24,4,0.0,1.0,0.0,0.25
aurus-nsga2-apportion|aurus,ctrl_y,lift,24,4,1.0,0.25,0.5,0.5
aurus-nsga2-apportion|aurus,cross,lift,26,8,1.0,0.0,0.5,0.0
aurus-nsga2-apportion|aurus,cross,lift,27,8,1.0,0.375,0.5,0.25
aurus-nsga2-apportion|aurus,ctrl_x,lift,26,8,0.5,0.5,0.375,0.75
aurus-nsga2-apportion|aurus,ctrl_y,lift,26,8,1.0,0.875,1.0,1.0
aurus-nsga2-apportion|aurus,cross,lift,28,6,1.0,0.1667,0.5,0.1667
aurus-nsga2-apportion|aurus,cross,lift,29,6,1.0,0.0,0.3333,0.0
aurus-nsga2-apportion|aurus,ctrl_x,lift,28,6,0.6667,0.8333,0.6667,1.0
aurus-nsga2-apportion|aurus,ctrl_y,lift,28,6,0.8333,0.8333,0.5,0.8333
mrs-nsga2-apportion|aurus,cross,lily02,0,13,0.3077,0.3846,0.1538,0.2308
mrs-nsga2-apportion|aurus,cross,lily02,1,13,0.9231,0.2308,0.4615,0.1538
mrs-nsga2-apportion|aurus,ctrl_x,lily02,0,13,0.6154,0.3846,0.1538,0.2308
mrs-nsga2-apportion|aurus,ctrl_y,lily02,0,13,0.7692,0.1538,0.3846,0.3077
mrs-nsga2-apportion|aurus,cross,lily02,2,7,0.2857,0.5714,0.2857,0.2857
mrs-nsga2-apportion|aurus,cross,lily02,3,7,1.0,0.1429,0.2857,0.1429
mrs-nsga2-apportion|aurus,ctrl_x,lily02,2,7,0.1429,0.4286,0.1429,0.1429
mrs-nsga2-apportion|aurus,ctrl_y,lily02,2,7,0.1429,0.8571,0.1429,0.2857
mrs-nsga2-apportion|aurus,cross,lily02,4,5,0.6,0.8,0.6,0.2
mrs-nsga2-apportion|aurus,cross,lily02,5,5,0.8,1.0,0.2,0.4
mrs-nsga2-apportion|aurus,ctrl_x,lily02,4,5,0.8,0.4,0.4,0.6
mrs-nsga2-apportion|aurus,ctrl_y,lily02,4,5,0.0,1.0,0.0,0.2
mrs-nsga2-apportion|aurus,cross,lily02,6,14,0.4286,0.0714,0.2857,0.0714
mrs-nsga2-apportion|aurus,cross,lily02,7,14,0.9286,0.8571,0.1429,0.1429
mrs-nsga2-apportion|aurus,ctrl_x,lily02,6,14,0.7143,0.6429,0.4286,0.5
mrs-nsga2-apportion|aurus,ctrl_y,lily02,6,14,0.2857,0.5714,0.2143,0.2143
mrs-nsga2-apportion|aurus,cross,lily02,8,11,0.1818,0.1818,0.0909,0.0909
mrs-nsga2-apportion|aurus,cross,lily02,9,11,0.7273,0.0909,0.1818,0.0909
mrs-nsga2-apportion|aurus,ctrl_x,lily02,8,11,0.4545,0.4545,0.7273,0.3636
mrs-nsga2-apportion|aurus,ctrl_y,lily02,8,11,0.0909,0.0909,0.2727,0.1818
mrs-nsga2-apportion|aurus,cross,lily02,10,10,0.4,0.8,0.5,0.1
mrs-nsga2-apportion|aurus,cross,lily02,11,10,0.5,0.4,0.3,0.2
mrs-nsga2-apportion|aurus,ctrl_x,lily02,10,10,0.6,0.1,0.6,0.2
mrs-nsga2-apportion|aurus,ctrl_y,lily02,10,10,0.5,0.3,0.1,0.2
mrs-nsga2-apportion|aurus,cross,lily02,12,14,1.0,0.0,0.1429,0.0
mrs-nsga2-apportion|aurus,cross,lily02,13,14,0.0714,0.1429,0.0714,0.2143
mrs-nsga2-apportion|aurus,ctrl_x,lily02,12,14,0.6429,0.6429,0.3571,0.5
mrs-nsga2-apportion|aurus,ctrl_y,lily02,12,14,0.2857,0.0714,0.2857,0.1429
mrs-nsga2-apportion|aurus,cross,lily02,14,14,0.5714,0.2143,0.3571,0.3571
mrs-nsga2-apportion|aurus,cross,lily02,15,14,0.0714,0.7857,0.0714,0.0714
mrs-nsga2-apportion|aurus,ctrl_x,lily02,14,14,0.6429,0.2857,0.2857,0.3571
mrs-nsga2-apportion|aurus,ctrl_y,lily02,14,14,0.0714,0.7143,0.1429,0.1429
mrs-nsga2-apportion|aurus,cross,lily02,16,10,0.9,0.0,0.4,0.0
mrs-nsga2-apportion|aurus,cross,lily02,17,10,0.9,0.7,0.3,0.2
mrs-nsga2-apportion|aurus,ctrl_x,lily02,16,10,0.3,0.4,0.5,0.1
mrs-nsga2-apportion|aurus,ctrl_y,lily02,16,10,0.7,0.3,0.2,0.2
mrs-nsga2-apportion|aurus,cross,lily02,20,18,0.4444,0.4444,0.1111,0.1667
mrs-nsga2-apportion|aurus,cross,lily02,21,18,0.0556,0.1667,0.0556,0.2222
mrs-nsga2-apportion|aurus,ctrl_x,lily02,20,18,0.7778,0.0556,0.2778,0.0556
mrs-nsga2-apportion|aurus,ctrl_y,lily02,20,18,0.7222,0.2778,0.4444,0.2222
mrs-nsga2-apportion|aurus,cross,lily02,22,21,0.8571,0.7143,0.1429,0.1905
mrs-nsga2-apportion|aurus,cross,lily02,23,21,0.6667,0.0952,0.2857,0.2381
mrs-nsga2-apportion|aurus,ctrl_x,lily02,22,21,0.8095,0.8095,0.381,0.4286
mrs-nsga2-apportion|aurus,ctrl_y,lily02,22,21,0.4286,0.6667,0.2857,0.3333
mrs-nsga2-apportion|aurus,cross,lily02,24,12,0.6667,0.4167,0.5833,0.3333
mrs-nsga2-apportion|aurus,cross,lily02,25,12,0.5833,0.0833,0.25,0.0833
mrs-nsga2-apportion|aurus,ctrl_x,lily02,24,12,1.0,1.0,0.25,0.25
mrs-nsga2-apportion|aurus,ctrl_y,lily02,24,12,0.4167,0.1667,0.1667,0.3333
mrs-nsga2-apportion|aurus,cross,lily02,26,14,0.0714,0.0,0.0714,0.0
mrs-nsga2-apportion|aurus,cross,lily02,27,14,1.0,0.0714,0.1429,0.1429
mrs-nsga2-apportion|aurus,ctrl_x,lily02,26,14,0.2857,0.7857,0.1429,0.2857
mrs-nsga2-apportion|aurus,ctrl_y,lily02,26,14,0.6429,0.5714,0.4286,0.3571
mrs-nsga2-apportion|aurus,cross,lily02,28,13,1.0,0.0769,0.2308,0.2308
mrs-nsga2-apportion|aurus,cross,lily02,29,13,0.3077,0.8462,0.2308,0.1538
mrs-nsga2-apportion|aurus,ctrl_x,lily02,28,13,0.5385,0.2308,0.3846,0.2308
mrs-nsga2-apportion|aurus,ctrl_y,lily02,28,13,0.6923,0.7692,0.3077,0.4615
mrs-nsga2-apportion|aurus-nsga2-apportion,cross,lily02,0,14,0.2143,0.5714,0.2857,0.2857
mrs-nsga2-apportion|aurus-nsga2-apportion,cross,lily02,1,14,0.5,0.2143,0.2857,0.2143
mrs-nsga2-apportion|aurus-nsga2-apportion,ctrl_x,lily02,0,14,0.5,0.5714,0.2857,0.5
mrs-nsga2-apportion|aurus-nsga2-apportion,ctrl_y,lily02,0,14,0.7143,0.5714,0.5,0.3571
mrs-nsga2-apportion|aurus-nsga2-apportion,cross,lily02,2,16,0.5625,0.4375,0.3125,0.3125
mrs-nsga2-apportion|aurus-nsga2-apportion,cross,lily02,3,16,0.8125,0.625,0.3125,0.3125
mrs-nsga2-apportion|aurus-nsga2-apportion,ctrl_x,lily02,2,16,0.5,0.5625,0.4375,0.1875
mrs-nsga2-apportion|aurus-nsga2-apportion,ctrl_y,lily02,2,16,0.1875,0.5,0.1875,0.5
mrs-nsga2-apportion|aurus-nsga2-apportion,cross,lily02,4,14,0.7143,0.3571,0.5,0.4286
mrs-nsga2-apportion|aurus-nsga2-apportion,cross,lily02,5,14,0.5714,0.8571,0.5714,0.4286
mrs-nsga2-apportion|aurus-nsga2-apportion,ctrl_x,lily02,4,14,0.8571,0.2857,0.4286,0.2857
mrs-nsga2-apportion|aurus-nsga2-apportion,ctrl_y,lily02,4,14,0.9286,0.2143,0.7143,0.2143
mrs-nsga2-apportion|aurus-nsga2-apportion,cross,lily02,6,19,0.2105,0.6316,0.3158,0.2105
mrs-nsga2-apportion|aurus-nsga2-apportion,cross,lily02,7,19,0.6316,0.8421,0.4211,0.3684
mrs-nsga2-apportion|aurus-nsga2-apportion,ctrl_x,lily02,6,19,0.3684,0.7368,0.2632,0.5263
mrs-nsga2-apportion|aurus-nsga2-apportion,ctrl_y,lily02,6,19,0.7895,0.6316,0.3158,0.1579
mrs-nsga2-apportion|aurus-nsga2-apportion,cross,lily02,8,14,0.2143,0.0,0.2143,0.0
mrs-nsga2-apportion|aurus-nsga2-apportion,cross,lily02,9,14,0.7143,0.9286,0.2857,0.4286
mrs-nsga2-apportion|aurus-nsga2-apportion,ctrl_x,lily02,8,14,0.2857,0.5714,0.4286,0.4286
mrs-nsga2-apportion|aurus-nsga2-apportion,ctrl_y,lily02,8,14,0.7143,0.5714,0.3571,0.2857
mrs-nsga2-apportion|aurus-nsga2-apportion,cross,lily02,10,20,0.3,0.45,0.3,0.55
mrs-nsga2-apportion|aurus-nsga2-apportion,cross,lily02,11,20,0.65,0.6,0.15,0.2
mrs-nsga2-apportion|aurus-nsga2-apportion,ctrl_x,lily02,10,20,0.4,0.5,0.35,0.25
mrs-nsga2-apportion|aurus-nsga2-apportion,ctrl_y,lily02,10,20,0.35,0.35,0.2,0.35
mrs-nsga2-apportion|aurus-nsga2-apportion,cross,lily02,12,15,0.5333,0.5333,0.2,0.2
mrs-nsga2-apportion|aurus-nsga2-apportion,cross,lily02,13,15,0.1333,0.6,0.2,0.2
mrs-nsga2-apportion|aurus-nsga2-apportion,ctrl_x,lily02,12,15,0.5333,0.5333,0.2667,0.2667
mrs-nsga2-apportion|aurus-nsga2-apportion,ctrl_y,lily02,12,15,0.6667,0.3333,0.3333,0.3333
mrs-nsga2-apportion|aurus-nsga2-apportion,cross,lily02,14,14,0.7143,0.7143,0.5,0.4286
mrs-nsga2-apportion|aurus-nsga2-apportion,cross,lily02,15,14,0.3571,0.6429,0.4286,0.5
mrs-nsga2-apportion|aurus-nsga2-apportion,ctrl_x,lily02,14,14,0.6429,0.2857,0.2857,0.3571
mrs-nsga2-apportion|aurus-nsga2-apportion,ctrl_y,lily02,14,14,0.6429,0.4286,0.5714,0.5
mrs-nsga2-apportion|aurus-nsga2-apportion,cross,lily02,16,27,0.5926,0.3704,0.4815,0.4815
mrs-nsga2-apportion|aurus-nsga2-apportion,cross,lily02,17,27,0.2222,0.6296,0.2593,0.5185
mrs-nsga2-apportion|aurus-nsga2-apportion,ctrl_x,lily02,16,27,0.7407,0.3333,0.4444,0.6667
mrs-nsga2-apportion|aurus-nsga2-apportion,ctrl_y,lily02,16,27,0.3704,0.2593,0.3333,0.3704
mrs-nsga2-apportion|aurus-nsga2-apportion,cross,lily02,18,10,0.7,0.8,0.5,0.4
mrs-nsga2-apportion|aurus-nsga2-apportion,cross,lily02,19,10,0.6,0.8,0.3,0.5
mrs-nsga2-apportion|aurus-nsga2-apportion,ctrl_x,lily02,18,10,0.7,0.6,0.6,0.6
mrs-nsga2-apportion|aurus-nsga2-apportion,ctrl_y,lily02,18,10,0.8,0.7,0.4,0.7
mrs-nsga2-apportion|aurus-nsga2-apportion,cross,lily02,20,18,0.5556,0.2778,0.5,0.2778
mrs-nsga2-apportion|aurus-nsga2-apportion,cross,lily02,21,18,0.2778,0.7778,0.1667,0.3333
mrs-nsga2-apportion|aurus-nsga2-apportion,ctrl_x,lily02,20,18,0.7778,0.0556,0.2778,0.0556
mrs-nsga2-apportion|aurus-nsga2-apportion,ctrl_y,lily02,20,18,0.3333,0.3333,0.3333,0.2222
mrs-nsga2-apportion|aurus-nsga2-apportion,cross,lily02,22,15,0.8667,0.1333,0.3333,0.2667
mrs-nsga2-apportion|aurus-nsga2-apportion,cross,lily02,23,15,0.4,0.5333,0.2667,0.3333
mrs-nsga2-apportion|aurus-nsga2-apportion,ctrl_x,lily02,22,15,0.5333,0.7333,0.5333,0.6
mrs-nsga2-apportion|aurus-nsga2-apportion,ctrl_y,lily02,22,15,0.4667,0.2,0.5333,0.0667
mrs-nsga2-apportion|aurus-nsga2-apportion,cross,lily02,24,18,0.6111,0.1111,0.4444,0.1667
mrs-nsga2-apportion|aurus-nsga2-apportion,cross,lily02,25,18,0.1667,0.7222,0.1111,0.6111
mrs-nsga2-apportion|aurus-nsga2-apportion,ctrl_x,lily02,24,18,0.8889,0.3889,0.3889,0.2778
mrs-nsga2-apportion|aurus-nsga2-apportion,ctrl_y,lily02,24,18,0.6111,0.3889,0.5556,0.2778
mrs-nsga2-apportion|aurus-nsga2-apportion,cross,lily02,26,21,0.1905,0.7619,0.1429,0.1429
mrs-nsga2-apportion|aurus-nsga2-apportion,cross,lily02,27,21,0.7619,0.1429,0.2857,0.1429
mrs-nsga2-apportion|aurus-nsga2-apportion,ctrl_x,lily02,26,21,0.381,0.7619,0.1905,0.3333
mrs-nsga2-apportion|aurus-nsga2-apportion,ctrl_y,lily02,26,21,0.4286,0.6667,0.3333,0.381
mrs-nsga2-apportion|aurus-nsga2-apportion,cross,lily02,28,13,0.7692,0.3077,0.3846,0.3077
mrs-nsga2-apportion|aurus-nsga2-apportion,cross,lily02,29,13,0.6923,0.4615,0.3846,0.3077
mrs-nsga2-apportion|aurus-nsga2-apportion,ctrl_x,lily02,28,13,0.0769,0.3846,0.1538,0.3846
mrs-nsga2-apportion|aurus-nsga2-apportion,ctrl_y,lily02,28,13,0.4615,0.6923,0.5385,0.4615
mrs-nsga2-apportion|mrs-weighted,cross,lily02,0,22,0.1364,0.5,0.1818,0.3636
mrs-nsga2-apportion|mrs-weighted,cross,lily02,1,22,0.4545,0.5909,0.2273,0.2727
mrs-nsga2-apportion|mrs-weighted,ctrl_x,lily02,0,22,0.8182,0.5455,0.3182,0.4091
mrs-nsga2-apportion|mrs-weighted,ctrl_y,lily02,0,22,0.5,0.4091,0.5,0.2727
mrs-nsga2-apportion|mrs-weighted,cross,lily02,2,23,0.3478,0.8261,0.1304,0.087
mrs-nsga2-apportion|mrs-weighted,cross,lily02,3,23,0.3043,0.8696,0.2609,0.5217
mrs-nsga2-apportion|mrs-weighted,ctrl_x,lily02,2,23,0.3478,0.5652,0.1739,0.2174
mrs-nsga2-apportion|mrs-weighted,ctrl_y,lily02,2,23,0.8696,0.3913,0.5217,0.1739
mrs-nsga2-apportion|mrs-weighted,cross,lily02,4,14,0.5714,0.5,0.3571,0.4286
mrs-nsga2-apportion|mrs-weighted,cross,lily02,5,14,0.4286,0.2857,0.3571,0.1429
mrs-nsga2-apportion|mrs-weighted,ctrl_x,lily02,4,14,0.8571,0.2857,0.4286,0.2857
mrs-nsga2-apportion|mrs-weighted,ctrl_y,lily02,4,14,0.3571,0.2143,0.3571,0.2143
mrs-nsga2-apportion|mrs-weighted,cross,lily02,6,19,0.1579,0.8947,0.2105,0.7368
mrs-nsga2-apportion|mrs-weighted,cross,lily02,7,19,0.2632,0.3684,0.1053,0.3684
mrs-nsga2-apportion|mrs-weighted,ctrl_x,lily02,6,19,0.4211,0.8947,0.3158,0.6316
mrs-nsga2-apportion|mrs-weighted,ctrl_y,lily02,6,19,0.7368,0.3158,0.3684,0.3684
mrs-nsga2-apportion|mrs-weighted,cross,lily02,8,25,0.16,0.68,0.12,0.36
mrs-nsga2-apportion|mrs-weighted,cross,lily02,9,25,0.24,0.48,0.04,0.4
mrs-nsga2-apportion|mrs-weighted,ctrl_x,lily02,8,25,0.4,0.68,0.4,0.28
mrs-nsga2-apportion|mrs-weighted,ctrl_y,lily02,8,25,0.32,0.52,0.12,0.28
mrs-nsga2-apportion|mrs-weighted,cross,lily02,10,20,0.75,0.65,0.35,0.35
mrs-nsga2-apportion|mrs-weighted,cross,lily02,11,20,0.7,0.75,0.4,0.65
mrs-nsga2-apportion|mrs-weighted,ctrl_x,lily02,10,20,0.45,0.35,0.4,0.3
mrs-nsga2-apportion|mrs-weighted,ctrl_y,lily02,10,20,0.65,0.55,0.5,0.45
mrs-nsga2-apportion|mrs-weighted,cross,lily02,12,15,0.4,0.9333,0.3333,0.2667
mrs-nsga2-apportion|mrs-weighted,cross,lily02,13,15,0.4,0.9333,0.2667,0.6
mrs-nsga2-apportion|mrs-weighted,ctrl_x,lily02,12,15,0.5333,0.5333,0.2667,0.2667
mrs-nsga2-apportion|mrs-weighted,ctrl_y,lily02,12,15,0.2,0.7333,0.2,0.4
mrs-nsga2-apportion|mrs-weighted,cross,lily02,14,25,0.68,1.0,0.12,0.28
mrs-nsga2-apportion|mrs-weighted,cross,lily02,15,25,0.48,0.56,0.36,0.68
mrs-nsga2-apportion|mrs-weighted,ctrl_x,lily02,14,25,0.64,0.4,0.32,0.32
mrs-nsga2-apportion|mrs-weighted,ctrl_y,lily02,14,25,0.84,0.92,0.2,0.44
mrs-nsga2-apportion|mrs-weighted,cross,lily02,16,27,0.3704,0.6296,0.4444,0.2963
mrs-nsga2-apportion|mrs-weighted,cross,lily02,17,27,0.4074,0.4815,0.2222,0.3704
mrs-nsga2-apportion|mrs-weighted,ctrl_x,lily02,16,27,0.7407,0.3333,0.4444,0.6667
mrs-nsga2-apportion|mrs-weighted,ctrl_y,lily02,16,27,0.4074,0.4815,0.7778,0.3333
mrs-nsga2-apportion|mrs-weighted,cross,lily02,18,11,0.6364,0.3636,0.4545,0.1818
mrs-nsga2-apportion|mrs-weighted,cross,lily02,19,11,0.4545,0.8182,0.2727,0.3636
mrs-nsga2-apportion|mrs-weighted,ctrl_x,lily02,18,11,0.7273,0.5455,0.6364,0.3636
mrs-nsga2-apportion|mrs-weighted,ctrl_y,lily02,18,11,0.2727,0.3636,0.3636,0.1818
mrs-nsga2-apportion|mrs-weighted,cross,lily02,20,18,0.4444,0.5,0.3889,0.3889
mrs-nsga2-apportion|mrs-weighted,cross,lily02,21,18,0.2222,0.6667,0.1667,0.4444
mrs-nsga2-apportion|mrs-weighted,ctrl_x,lily02,20,18,0.7778,0.0556,0.2778,0.0556
mrs-nsga2-apportion|mrs-weighted,ctrl_y,lily02,20,18,0.5,0.8889,0.5,0.6111
mrs-nsga2-apportion|mrs-weighted,cross,lily02,22,21,0.7143,0.9048,0.1429,0.2857
mrs-nsga2-apportion|mrs-weighted,cross,lily02,23,21,0.6667,0.619,0.1905,0.5238
mrs-nsga2-apportion|mrs-weighted,ctrl_x,lily02,22,21,0.8095,0.8095,0.381,0.4286
mrs-nsga2-apportion|mrs-weighted,ctrl_y,lily02,22,21,0.8095,0.7143,0.2381,0.3333
mrs-nsga2-apportion|mrs-weighted,cross,lily02,24,28,0.3929,0.5357,0.25,0.3571
mrs-nsga2-apportion|mrs-weighted,cross,lily02,25,28,0.5357,0.7143,0.1429,0.3214
mrs-nsga2-apportion|mrs-weighted,ctrl_x,lily02,24,28,0.8214,0.5357,0.3214,0.2143
mrs-nsga2-apportion|mrs-weighted,ctrl_y,lily02,24,28,0.1429,0.2857,0.1429,0.2857
mrs-nsga2-apportion|mrs-weighted,cross,lily02,26,38,0.2105,0.6316,0.1842,0.4211
mrs-nsga2-apportion|mrs-weighted,cross,lily02,27,38,0.3421,0.8158,0.2105,0.3684
mrs-nsga2-apportion|mrs-weighted,ctrl_x,lily02,26,38,0.4474,0.3684,0.2105,0.2895
mrs-nsga2-apportion|mrs-weighted,ctrl_y,lily02,26,38,0.5789,0.2895,0.2632,0.1053
mrs-nsga2-apportion|mrs-weighted,cross,lily02,28,23,0.4783,0.1304,0.3478,0.2174
mrs-nsga2-apportion|mrs-weighted,cross,lily02,29,23,0.4348,0.7826,0.2174,0.7391
mrs-nsga2-apportion|mrs-weighted,ctrl_x,lily02,28,23,0.7391,0.2174,0.3913,0.1304
mrs-nsga2-apportion|mrs-weighted,ctrl_y,lily02,28,23,0.5652,0.6087,0.3478,0.5652
aurus-nsga2-apportion|aurus,cross,lily02,0,13,0.1538,0.3846,0.2308,0.1538
aurus-nsga2-apportion|aurus,cross,lily02,1,13,0.8462,0.6154,0.3077,0.2308
aurus-nsga2-apportion|aurus,ctrl_x,lily02,0,13,0.4615,0.5385,0.3077,0.4615
aurus-nsga2-apportion|aurus,ctrl_y,lily02,0,13,0.7692,0.1538,0.3846,0.3077
aurus-nsga2-apportion|aurus,cross,lily02,2,7,0.2857,0.4286,0.2857,0.4286
aurus-nsga2-apportion|aurus,cross,lily02,3,7,0.2857,0.1429,0.5714,0.1429
aurus-nsga2-apportion|aurus,ctrl_x,lily02,2,7,0.0,1.0,0.0,0.5714
aurus-nsga2-apportion|aurus,ctrl_y,lily02,2,7,0.1429,0.8571,0.1429,0.2857
aurus-nsga2-apportion|aurus,cross,lily02,4,5,0.6,0.4,0.4,0.4
aurus-nsga2-apportion|aurus,cross,lily02,5,5,0.0,0.8,0.0,0.2
aurus-nsga2-apportion|aurus,ctrl_x,lily02,4,5,0.2,0.6,0.2,0.6
aurus-nsga2-apportion|aurus,ctrl_y,lily02,4,5,0.0,1.0,0.0,0.2
aurus-nsga2-apportion|aurus,cross,lily02,6,14,0.5714,0.2143,0.4286,0.2143
aurus-nsga2-apportion|aurus,cross,lily02,7,14,0.9286,0.7857,0.1429,0.2143
aurus-nsga2-apportion|aurus,ctrl_x,lily02,6,14,0.7143,0.5714,0.4286,0.1429
aurus-nsga2-apportion|aurus,ctrl_y,lily02,6,14,0.2857,0.5714,0.2143,0.2143
aurus-nsga2-apportion|aurus,cross,lily02,8,11,0.7273,0.0909,0.7273,0.0909
aurus-nsga2-apportion|aurus,cross,lily02,9,11,0.7273,0.0909,0.1818,0.0909
aurus-nsga2-apportion|aurus,ctrl_x,lily02,8,11,0.7273,0.6364,0.2727,0.2727
aurus-nsga2-apportion|aurus,ctrl_y,lily02,8,11,0.0909,0.0909,0.2727,0.1818
aurus-nsga2-apportion|aurus,cross,lily02,10,10,0.1,0.5,0.1,0.1
aurus-nsga2-apportion|aurus,cross,lily02,11,10,0.1,0.4,0.1,0.1
aurus-nsga2-apportion|aurus,ctrl_x,lily02,10,10,0.3,0.9,0.2,0.6
aurus-nsga2-apportion|aurus,ctrl_y,lily02,10,10,0.5,0.3,0.1,0.2
aurus-nsga2-apportion|aurus,cross,lily02,12,14,1.0,0.2857,0.2143,0.1429
aurus-nsga2-apportion|aurus,cross,lily02,13,14,0.2857,0.5714,0.2143,0.5
aurus-nsga2-apportion|aurus,ctrl_x,lily02,12,14,0.8571,0.1429,0.4286,0.2143
aurus-nsga2-apportion|aurus,ctrl_y,lily02,12,14,0.2857,0.0714,0.2857,0.1429
aurus-nsga2-apportion|aurus,cross,lily02,14,14,0.6429,0.0714,0.3571,0.2143
aurus-nsga2-apportion|aurus,cross,lily02,15,14,1.0,0.2143,0.1429,0.1429
aurus-nsga2-apportion|aurus,ctrl_x,lily02,14,14,0.7143,0.5714,0.6429,0.5
aurus-nsga2-apportion|aurus,ctrl_y,lily02,14,14,0.9286,0.7857,0.1429,0.2143
aurus-nsga2-apportion|aurus,cross,lily02,16,10,0.3,0.0,0.3,0.0
aurus-nsga2-apportion|aurus,cross,lily02,17,10,0.9,0.8,0.2,0.2
aurus-nsga2-apportion|aurus,ctrl_x,lily02,16,10,0.5,0.5,0.5,0.3
aurus-nsga2-apportion|aurus,ctrl_y,lily02,16,10,0.7,0.3,0.2,0.2
aurus-nsga2-apportion|aurus,cross,lily02,20,23,0.4783,0.3478,0.3478,0.2609
aurus-nsga2-apportion|aurus,cross,lily02,21,23,0.6087,0.2609,0.1739,0.1304
aurus-nsga2-apportion|aurus,ctrl_x,lily02,20,23,0.3913,0.4348,0.3478,0.3478
aurus-nsga2-apportion|aurus,ctrl_y,lily02,20,23,0.5217,0.3043,0.3913,0.2609
aurus-nsga2-apportion|aurus,cross,lily02,22,15,0.4667,0.4667,0.3333,0.2667
aurus-nsga2-apportion|aurus,cross,lily02,23,15,0.9333,0.5333,0.2,0.1333
aurus-nsga2-apportion|aurus,ctrl_x,lily02,22,15,0.5333,0.2667,0.4667,0.0667
aurus-nsga2-apportion|aurus,ctrl_y,lily02,22,15,0.5333,0.6,0.3333,0.3333
aurus-nsga2-apportion|aurus,cross,lily02,24,12,0.75,0.0,0.5,0.0
aurus-nsga2-apportion|aurus,cross,lily02,25,12,0.8333,0.0833,0.25,0.0833
aurus-nsga2-apportion|aurus,ctrl_x,lily02,24,12,0.5833,0.5,0.5,0.1667
aurus-nsga2-apportion|aurus,ctrl_y,lily02,24,12,0.4167,0.1667,0.1667,0.3333
aurus-nsga2-apportion|aurus,cross,lily02,26,14,0.9286,0.1429,0.2857,0.1429
aurus-nsga2-apportion|aurus,cross,lily02,27,14,0.3571,0.0714,0.2143,0.0714
aurus-nsga2-apportion|aurus,ctrl_x,lily02,26,14,0.4286,0.5,0.1429,0.2857
aurus-nsga2-apportion|aurus,ctrl_y,lily02,26,14,0.6429,0.5714,0.4286,0.3571
aurus-nsga2-apportion|aurus,cross,lily02,28,13,0.0,0.0769,0.0,0.0769
aurus-nsga2-apportion|aurus,cross,lily02,29,13,0.0769,0.7692,0.0769,0.0769
aurus-nsga2-apportion|aurus,ctrl_x,lily02,28,13,0.7692,0.5385,0.8462,0.4615
aurus-nsga2-apportion|aurus,ctrl_y,lily02,28,13,0.6923,0.7692,0.3077,0.4615
mrs-nsga2-apportion|aurus,cross,lily11,0,28,0.4643,0.2857,0.5357,0.2857
mrs-nsga2-apportion|aurus,cross,lily11,1,28,0.5,0.3929,0.3571,0.2857
mrs-nsga2-apportion|aurus,ctrl_x,lily11,0,28,0.4286,0.75,0.5357,0.4643
mrs-nsga2-apportion|aurus,ctrl_y,lily11,0,28,0.2857,0.5714,0.3929,0.4286
mrs-nsga2-apportion|aurus,cross,lily11,2,35,0.4286,0.5429,0.4286,0.4857
mrs-nsga2-apportion|aurus,cross,lily11,3,35,0.6571,0.2286,0.4286,0.2857
mrs-nsga2-apportion|aurus,ctrl_x,lily11,2,35,0.3714,0.6,0.3714,0.5714
mrs-nsga2-apportion|aurus,ctrl_y,lily11,2,35,0.4,0.4571,0.3714,0.3143
mrs-nsga2-apportion|aurus,cross,lily11,4,29,0.4138,0.3103,0.4138,0.3448
mrs-nsga2-apportion|aurus,cross,lily11,5,29,0.5862,0.2414,0.4828,0.2759
mrs-nsga2-apportion|aurus,ctrl_x,lily11,4,29,0.1724,0.4483,0.2414,0.5517
mrs-nsga2-apportion|aurus,ctrl_y,lily11,4,29,0.3448,0.4828,0.4138,0.4138
mrs-nsga2-apportion|aurus,cross,lily11,6,16,0.75,0.375,0.5,0.25
mrs-nsga2-apportion|aurus,cross,lily11,7,16,0.6875,0.375,0.25,0.5625
mrs-nsga2-apportion|aurus,ctrl_x,lily11,6,16,0.8125,0.8125,0.5,0.5
mrs-nsga2-apportion|aurus,ctrl_y,lily11,6,16,0.8125,0.375,0.6875,0.1875
mrs-nsga2-apportion|aurus,cross,lily11,8,22,0.6818,0.4545,0.4545,0.3182
mrs-nsga2-apportion|aurus,cross,lily11,9,22,0.3636,0.4545,0.3182,0.5909
mrs-nsga2-apportion|aurus,ctrl_x,lily11,8,22,0.5,0.5,0.6364,0.4545
mrs-nsga2-apportion|aurus,ctrl_y,lily11,8,22,0.7727,0.5455,0.6364,0.4091
mrs-nsga2-apportion|aurus,cross,lily11,10,21,0.4762,0.619,0.381,0.3333
mrs-nsga2-apportion|aurus,cross,lily11,11,21,0.4286,0.4762,0.2857,0.381
mrs-nsga2-apportion|aurus,ctrl_x,lily11,10,21,0.381,0.4286,0.5238,0.6667
mrs-nsga2-apportion|aurus,ctrl_y,lily11,10,21,0.381,0.7143,0.3333,0.5238
mrs-nsga2-apportion|aurus,cross,lily11,12,18,0.3889,0.3889,0.5,0.2778
mrs-nsga2-apportion|aurus,cross,lily11,13,18,0.6111,0.5,0.4444,0.3333
mrs-nsga2-apportion|aurus,ctrl_x,lily11,12,18,0.5,0.5556,0.5,0.5
mrs-nsga2-apportion|aurus,ctrl_y,lily11,12,18,0.5556,0.7778,0.4444,0.6667
mrs-nsga2-apportion|aurus,cross,lily11,14,21,0.2381,0.381,0.2857,0.6667
mrs-nsga2-apportion|aurus,cross,lily11,15,21,0.7143,0.3333,0.381,0.3333
mrs-nsga2-apportion|aurus,ctrl_x,lily11,14,21,0.5714,0.4762,0.6667,0.6667
mrs-nsga2-apportion|aurus,ctrl_y,lily11,14,21,0.8571,0.5238,0.7619,0.5238
mrs-nsga2-apportion|aurus,cross,lily11,16,18,0.6667,0.2778,0.2778,0.2222
mrs-nsga2-apportion|aurus,cross,lily11,17,18,0.6111,0.3333,0.7222,0.2778
mrs-nsga2-apportion|aurus,ctrl_x,lily11,16,18,0.5,0.3889,0.5556,0.6667
mrs-nsga2-apportion|aurus,ctrl_y,lily11,16,18,0.6667,0.5556,0.2222,0.2778
mrs-nsga2-apportion|aurus,cross,lily11,18,29,0.7241,0.3103,0.6552,0.3793
mrs-nsga2-apportion|aurus,cross,lily11,19,29,0.5172,0.3793,0.4138,0.4828
mrs-nsga2-apportion|aurus,ctrl_x,lily11,18,29,0.5172,0.5172,0.3448,0.6207
mrs-nsga2-apportion|aurus,ctrl_y,lily11,18,29,0.6207,0.6207,0.5172,0.4483
mrs-nsga2-apportion|aurus,cross,lily11,20,21,0.619,0.5238,0.3333,0.4762
mrs-nsga2-apportion|aurus,cross,lily11,21,21,0.5714,0.3333,0.3333,0.2381
mrs-nsga2-apportion|aurus,ctrl_x,lily11,20,21,0.5714,0.5714,0.5714,0.4286
mrs-nsga2-apportion|aurus,ctrl_y,lily11,20,21,0.4286,0.5238,0.2857,0.5714
mrs-nsga2-apportion|aurus,cross,lily11,22,26,0.6538,0.3462,0.6154,0.4231
mrs-nsga2-apportion|aurus,cross,lily11,23,26,0.6154,0.5,0.5769,0.3462
mrs-nsga2-apportion|aurus,ctrl_x,lily11,22,26,0.6538,0.5385,0.5,0.4231
mrs-nsga2-apportion|aurus,ctrl_y,lily11,22,26,0.5,0.6923,0.4231,0.5769
mrs-nsga2-apportion|aurus,cross,lily11,24,22,0.2273,0.2273,0.2273,0.3182
mrs-nsga2-apportion|aurus,cross,lily11,25,22,0.5909,0.1818,0.5909,0.3182
mrs-nsga2-apportion|aurus,ctrl_x,lily11,24,22,0.4091,0.3636,0.3182,0.5455
mrs-nsga2-apportion|aurus,ctrl_y,lily11,24,22,0.4091,0.4545,0.2727,0.6818
mrs-nsga2-apportion|aurus,cross,lily11,26,29,0.4828,0.3103,0.3793,0.2759
mrs-nsga2-apportion|aurus,cross,lily11,27,29,0.5172,0.2414,0.5172,0.2414
mrs-nsga2-apportion|aurus,ctrl_x,lily11,26,29,0.6552,0.4483,0.3793,0.7241
mrs-nsga2-apportion|aurus,ctrl_y,lily11,26,29,0.5517,0.5862,0.3448,0.6207
mrs-nsga2-apportion|aurus,cross,lily11,28,24,0.5833,0.5,0.5833,0.375
mrs-nsga2-apportion|aurus,cross,lily11,29,24,0.7083,0.4167,0.5417,0.2917
mrs-nsga2-apportion|aurus,ctrl_x,lily11,28,24,0.5417,0.9167,0.5,0.5833
mrs-nsga2-apportion|aurus,ctrl_y,lily11,28,24,0.5833,0.7083,0.4583,0.5417
mrs-nsga2-apportion|aurus-nsga2-apportion,cross,lily11,0,39,0.6667,0.5385,0.5897,0.5128
mrs-nsga2-apportion|aurus-nsga2-apportion,cross,lily11,1,39,0.641,0.4615,0.6154,0.4615
mrs-nsga2-apportion|aurus-nsga2-apportion,ctrl_x,lily11,0,39,0.5385,0.7436,0.5385,0.4872
mrs-nsga2-apportion|aurus-nsga2-apportion,ctrl_y,lily11,0,39,0.5641,0.4103,0.3333,0.4872
mrs-nsga2-apportion|aurus-nsga2-apportion,cross,lily11,2,33,0.5152,0.4848,0.4545,0.5455
mrs-nsga2-apportion|aurus-nsga2-apportion,cross,lily11,3,33,0.5758,0.3333,0.5152,0.2727
mrs-nsga2-apportion|aurus-nsga2-apportion,ctrl_x,lily11,2,33,0.3939,0.5758,0.3333,0.5455
mrs-nsga2-apportion|aurus-nsga2-apportion,ctrl_y,lily11,2,33,0.4545,0.5758,0.303,0.5455
mrs-nsga2-apportion|aurus-nsga2-apportion,cross,lily11,4,35,0.4,0.5143,0.3143,0.6
mrs-nsga2-apportion|aurus-nsga2-apportion,cross,lily11,5,35,0.4,0.4286,0.6,0.3429
mrs-nsga2-apportion|aurus-nsga2-apportion,ctrl_x,lily11,4,35,0.2571,0.8,0.2286,0.5714
mrs-nsga2-apportion|aurus-nsga2-apportion,ctrl_y,lily11,4,35,0.5714,0.4286,0.3714,0.4286
mrs-nsga2-apportion|aurus-nsga2-apportion,cross,lily11,6,31,0.6452,0.4516,0.4839,0.3548
mrs-nsga2-apportion|aurus-nsga2-apportion,cross,lily11,7,31,0.5161,0.6774,0.5161,0.6452
mrs-nsga2-apportion|aurus-nsga2-apportion,ctrl_x,lily11,6,31,0.6452,0.6129,0.5161,0.4194
mrs-nsga2-apportion|aurus-nsga2-apportion,ctrl_y,lily11,6,31,0.5484,0.4839,0.4194,0.6452
mrs-nsga2-apportion|aurus-nsga2-apportion,cross,lily11,8,27,0.4074,0.7037,0.2963,0.7037
mrs-nsga2-apportion|aurus-nsga2-apportion,cross,lily11,9,27,0.5556,0.4815,0.4815,0.4815
mrs-nsga2-apportion|aurus-nsga2-apportion,ctrl_x,lily11,8,27,0.2593,0.6667,0.5185,0.5185
mrs-nsga2-apportion|aurus-nsga2-apportion,ctrl_y,lily11,8,27,0.4074,0.4074,0.3333,0.5185
mrs-nsga2-apportion|aurus-nsga2-apportion,cross,lily11,10,26,0.6154,0.3077,0.7308,0.3846
mrs-nsga2-apportion|aurus-nsga2-apportion,cross,lily11,11,26,0.5769,0.7692,0.6538,0.4615
mrs-nsga2-apportion|aurus-nsga2-apportion,ctrl_x,lily11,10,26,0.5,0.4615,0.4615,0.6538
mrs-nsga2-apportion|aurus-nsga2-apportion,ctrl_y,lily11,10,26,0.7308,0.4615,0.7692,0.4615
mrs-nsga2-apportion|aurus-nsga2-apportion,cross,lily11,12,18,0.6667,0.6111,0.5556,0.2222
mrs-nsga2-apportion|aurus-nsga2-apportion,cross,lily11,13,18,0.6667,0.6111,0.5,0.6111
mrs-nsga2-apportion|aurus-nsga2-apportion,ctrl_x,lily11,12,18,0.5,0.5556,0.5,0.5
mrs-nsga2-apportion|aurus-nsga2-apportion,ctrl_y,lily11,12,18,0.7778,0.4444,0.5,0.3889
mrs-nsga2-apportion|aurus-nsga2-apportion,cross,lily11,14,34,0.5882,0.5588,0.5882,0.6471
mrs-nsga2-apportion|aurus-nsga2-apportion,cross,lily11,15,34,0.4706,0.6765,0.4412,0.3235
mrs-nsga2-apportion|aurus-nsga2-apportion,ctrl_x,lily11,14,34,0.4706,0.5588,0.5,0.7353
mrs-nsga2-apportion|aurus-nsga2-apportion,ctrl_y,lily11,14,34,0.3824,0.4706,0.2647,0.4706
mrs-nsga2-apportion|aurus-nsga2-apportion,cross,lily11,16,31,0.5161,0.4194,0.6129,0.2258
mrs-nsga2-apportion|aurus-nsga2-apportion,cross,lily11,17,31,0.4194,0.6452,0.4194,0.5161
mrs-nsga2-apportion|aurus-nsga2-apportion,ctrl_x,lily11,16,31,0.6452,0.3226,0.5484,0.4194
mrs-nsga2-apportion|aurus-nsga2-apportion,ctrl_y,lily11,16,31,0.7742,0.4839,0.7742,0.3226
mrs-nsga2-apportion|aurus-nsga2-apportion,cross,lily11,18,35,0.6571,0.5143,0.6,0.3714
mrs-nsga2-apportion|aurus-nsga2-apportion,cross,lily11,19,35,0.6,0.6,0.4857,0.4286
mrs-nsga2-apportion|aurus-nsga2-apportion,ctrl_x,lily11,18,35,0.4286,0.6,0.3143,0.6571
mrs-nsga2-apportion|aurus-nsga2-apportion,ctrl_y,lily11,18,35,0.7143,0.6286,0.5714,0.4571
mrs-nsga2-apportion|aurus-nsga2-apportion,cross,lily11,20,39,0.4872,0.6154,0.3846,0.5385
mrs-nsga2-apportion|aurus-nsga2-apportion,cross,lily11,21,39,0.3077,0.6667,0.3077,0.5897
mrs-nsga2-apportion|aurus-nsga2-apportion,ctrl_x,lily11,20,39,0.6923,0.4103,0.5641,0.3333
mrs-nsga2-apportion|aurus-nsga2-apportion,ctrl_y,lily11,20,39,0.5128,0.4872,0.3846,0.4359
mrs-nsga2-apportion|aurus-nsga2-apportion,cross,lily11,22,26,0.7692,0.5385,0.5385,0.3846
mrs-nsga2-apportion|aurus-nsga2-apportion,cross,lily11,23,26,0.7308,0.4615,0.7692,0.3462
mrs-nsga2-apportion|aurus-nsga2-apportion,ctrl_x,lily11,22,26,0.6538,0.5385,0.5,0.4231
mrs-nsga2-apportion|aurus-nsga2-apportion,ctrl_y,lily11,22,26,0.5,0.3462,0.5,0.5769
mrs-nsga2-apportion|aurus-nsga2-apportion,cross,lily11,24,34,0.4412,0.5294,0.4412,0.5
mrs-nsga2-apportion|aurus-nsga2-apportion,cross,lily11,25,34,0.5882,0.4706,0.5882,0.2941
mrs-nsga2-apportion|aurus-nsga2-apportion,ctrl_x,lily11,24,34,0.6471,0.5,0.5294,0.5294
mrs-nsga2-apportion|aurus-nsga2-apportion,ctrl_y,lily11,24,34,0.4412,0.7647,0.3529,0.5588
mrs-nsga2-apportion|aurus-nsga2-apportion,cross,lily11,26,39,0.5641,0.641,0.5385,0.3846
mrs-nsga2-apportion|aurus-nsga2-apportion,cross,lily11,27,39,0.4615,0.3846,0.4872,0.4615
mrs-nsga2-apportion|aurus-nsga2-apportion,ctrl_x,lily11,26,39,0.5385,0.5128,0.3333,0.5897
mrs-nsga2-apportion|aurus-nsga2-apportion,ctrl_y,lily11,26,39,0.3846,0.641,0.4103,0.4872
mrs-nsga2-apportion|aurus-nsga2-apportion,cross,lily11,28,28,0.6071,0.75,0.3929,0.3929
mrs-nsga2-apportion|aurus-nsga2-apportion,cross,lily11,29,28,0.7143,0.5714,0.5714,0.5
mrs-nsga2-apportion|aurus-nsga2-apportion,ctrl_x,lily11,28,28,0.3571,0.75,0.3571,0.4643
mrs-nsga2-apportion|aurus-nsga2-apportion,ctrl_y,lily11,28,28,0.6071,0.7143,0.6071,0.7857
mrs-nsga2-apportion|mrs-weighted,cross,lily11,0,41,0.439,0.6585,0.5122,0.561
mrs-nsga2-apportion|mrs-weighted,cross,lily11,1,41,0.5366,0.8049,0.4878,0.6585
mrs-nsga2-apportion|mrs-weighted,ctrl_x,lily11,0,41,0.4634,0.7073,0.6098,0.5122
mrs-nsga2-apportion|mrs-weighted,ctrl_y,lily11,0,41,0.5122,0.5122,0.3902,0.3415
mrs-nsga2-apportion|mrs-weighted,cross,lily11,2,35,0.2857,0.7429,0.2,0.6
mrs-nsga2-apportion|mrs-weighted,cross,lily11,3,35,0.4857,0.6571,0.3429,0.6857
mrs-nsga2-apportion|mrs-weighted,ctrl_x,lily11,2,35,0.3714,0.6,0.3714,0.5714
mrs-nsga2-apportion|mrs-weighted,ctrl_y,lily11,2,35,0.7714,0.6,0.5429,0.5143
mrs-nsga2-apportion|mrs-weighted,cross,lily11,4,38,0.1842,0.6579,0.1316,0.5263
mrs-nsga2-apportion|mrs-weighted,cross,lily11,5,38,0.2368,0.7368,0.1842,0.5526
mrs-nsga2-apportion|mrs-weighted,ctrl_x,lily11,4,38,0.3158,0.3684,0.2895,0.4474
mrs-nsga2-apportion|mrs-weighted,ctrl_y,lily11,4,38,0.5526,0.4211,0.3947,0.5
mrs-nsga2-apportion|mrs-weighted,cross,lily11,6,36,0.3611,0.7778,0.25,0.6667
mrs-nsga2-apportion|mrs-weighted,cross,lily11,7,36,0.25,0.5833,0.1944,0.5278
mrs-nsga2-apportion|mrs-weighted,ctrl_x,lily11,6,36,0.7778,0.6944,0.5556,0.5278
mrs-nsga2-apportion|mrs-weighted,ctrl_y,lily11,6,36,0.3889,0.75,0.2222,0.6944
mrs-nsga2-apportion|mrs-weighted,cross,lily11,8,40,0.1,0.75,0.1,0.45
mrs-nsga2-apportion|mrs-weighted,cross,lily11,9,40,0.325,0.75,0.325,0.5
mrs-nsga2-apportion|mrs-weighted,ctrl_x,lily11,8,40,0.25,0.575,0.45,0.55
mrs-nsga2-apportion|mrs-weighted,ctrl_y,lily11,8,40,0.275,0.65,0.275,0.6
mrs-nsga2-apportion|mrs-weighted,cross,lily11,10,33,0.3333,0.8485,0.2424,0.5152
mrs-nsga2-apportion|mrs-weighted,cross,lily11,11,33,0.1818,0.8485,0.2121,0.6364
mrs-nsga2-apportion|mrs-weighted,ctrl_x,lily11,10,33,0.5758,0.4848,0.6061,0.5152
mrs-nsga2-apportion|mrs-weighted,ctrl_y,lily11,10,33,0.6667,0.6364,0.3939,0.6364
mrs-nsga2-apportion|mrs-weighted,cross,lily11,12,18,0.3889,0.6667,0.3333,0.3333
mrs-nsga2-apportion|mrs-weighted,cross,lily11,13,18,0.6111,0.6111,0.5,0.6111
mrs-nsga2-apportion|mrs-weighted,ctrl_x,lily11,12,18,0.5,0.5556,0.5,0.5
mrs-nsga2-apportion|mrs-weighted,ctrl_y,lily11,12,18,0.5,0.3333,0.3889,0.2222
mrs-nsga2-apportion|mrs-weighted,cross,lily11,14,34,0.2647,0.7941,0.1471,0.5
mrs-nsga2-apportion|mrs-weighted,cross,lily11,15,34,0.5,0.7059,0.5294,0.5
mrs-nsga2-apportion|mrs-weighted,ctrl_x,lily11,14,34,0.4706,0.5588,0.5,0.7353
mrs-nsga2-apportion|mrs-weighted,ctrl_y,lily11,14,34,0.6765,0.7059,0.3824,0.7059
mrs-nsga2-apportion|mrs-weighted,cross,lily11,16,31,0.1613,0.6452,0.1613,0.4516
mrs-nsga2-apportion|mrs-weighted,cross,lily11,17,31,0.129,0.7742,0.129,0.5484
mrs-nsga2-apportion|mrs-weighted,ctrl_x,lily11,16,31,0.6452,0.3226,0.5484,0.4194
mrs-nsga2-apportion|mrs-weighted,ctrl_y,lily11,16,31,0.8387,0.5484,0.6129,0.3548
mrs-nsga2-apportion|mrs-weighted,cross,lily11,18,35,0.2286,0.6571,0.2,0.5429
mrs-nsga2-apportion|mrs-weighted,cross,lily11,19,35,0.3429,0.8286,0.3429,0.6
mrs-nsga2-apportion|mrs-weighted,ctrl_x,lily11,18,35,0.4286,0.6,0.3143,0.6571
mrs-nsga2-apportion|mrs-weighted,ctrl_y,lily11,18,35,0.7143,0.5143,0.3429,0.4857
mrs-nsga2-apportion|mrs-weighted,cross,lily11,20,39,0.6154,0.7179,0.359,0.641
mrs-nsga2-apportion|mrs-weighted,cross,lily11,21,39,0.2308,0.7179,0.2308,0.5641
mrs-nsga2-apportion|mrs-weighted,ctrl_x,lily11,20,39,0.6923,0.4103,0.5641,0.3333
mrs-nsga2-apportion|mrs-weighted,ctrl_y,lily11,20,39,0.4359,0.4872,0.359,0.5128
mrs-nsga2-apportion|mrs-weighted,cross,lily11,22,26,0.5385,0.8846,0.4615,0.6154
mrs-nsga2-apportion|mrs-weighted,cross,lily11,23,26,0.3077,0.5769,0.4615,0.4615
mrs-nsga2-apportion|mrs-weighted,ctrl_x,lily11,22,26,0.6538,0.5385,0.5,0.4231
mrs-nsga2-apportion|mrs-weighted,ctrl_y,lily11,22,26,0.3462,0.6154,0.5385,0.6154
mrs-nsga2-apportion|mrs-weighted,cross,lily11,24,40,0.325,0.65,0.3,0.575
mrs-nsga2-apportion|mrs-weighted,cross,lily11,25,40,0.375,0.575,0.375,0.525
mrs-nsga2-apportion|mrs-weighted,ctrl_x,lily11,24,40,0.375,0.45,0.325,0.575
mrs-nsga2-apportion|mrs-weighted,ctrl_y,lily11,24,40,0.5,0.4,0.45,0.3
mrs-nsga2-apportion|mrs-weighted,cross,lily11,26,40,0.35,0.675,0.35,0.675
mrs-nsga2-apportion|mrs-weighted,cross,lily11,27,40,0.275,0.65,0.275,0.65
mrs-nsga2-apportion|mrs-weighted,ctrl_x,lily11,26,40,0.55,0.475,0.375,0.525
mrs-nsga2-apportion|mrs-weighted,ctrl_y,lily11,26,40,0.55,0.525,0.425,0.375
mrs-nsga2-apportion|mrs-weighted,cross,lily11,28,31,0.1613,0.871,0.1613,0.5161
mrs-nsga2-apportion|mrs-weighted,cross,lily11,29,31,0.3226,0.7097,0.2581,0.7097
mrs-nsga2-apportion|mrs-weighted,ctrl_x,lily11,28,31,0.8065,0.8387,0.5806,0.5806
mrs-nsga2-apportion|mrs-weighted,ctrl_y,lily11,28,31,0.4839,0.7097,0.4516,0.4194
aurus-nsga2-apportion|aurus,cross,lily11,0,28,0.3929,0.2143,0.5,0.2143
aurus-nsga2-apportion|aurus,cross,lily11,1,28,0.3571,0.5,0.5,0.4643
aurus-nsga2-apportion|aurus,ctrl_x,lily11,0,28,0.4643,0.4286,0.3571,0.4286
aurus-nsga2-apportion|aurus,ctrl_y,lily11,0,28,0.2857,0.5714,0.3929,0.4286
aurus-nsga2-apportion|aurus,cross,lily11,2,33,0.303,0.4848,0.2424,0.3636
aurus-nsga2-apportion|aurus,cross,lily11,3,33,0.5758,0.4242,0.5455,0.4848
aurus-nsga2-apportion|aurus,ctrl_x,lily11,2,33,0.5455,0.4242,0.3636,0.6061
aurus-nsga2-apportion|aurus,ctrl_y,lily11,2,33,0.303,0.5152,0.2424,0.4545
aurus-nsga2-apportion|aurus,cross,lily11,4,29,0.4828,0.3793,0.2069,0.3793
aurus-nsga2-apportion|aurus,cross,lily11,5,29,0.3448,0.3793,0.4138,0.2759
aurus-nsga2-apportion|aurus,ctrl_x,lily11,4,29,0.4828,0.4828,0.3793,0.6552
aurus-nsga2-apportion|aurus,ctrl_y,lily11,4,29,0.3448,0.4828,0.4138,0.4138
aurus-nsga2-apportion|aurus,cross,lily11,6,16,0.625,0.5625,0.625,0.5
aurus-nsga2-apportion|aurus,cross,lily11,7,16,0.875,0.125,0.8125,0.125
aurus-nsga2-apportion|aurus,ctrl_x,lily11,6,16,0.625,0.625,0.5,0.75
aurus-nsga2-apportion|aurus,ctrl_y,lily11,6,16,0.8125,0.375,0.6875,0.1875
aurus-nsga2-apportion|aurus,cross,lily11,8,22,0.5,0.4545,0.4545,0.4545
aurus-nsga2-apportion|aurus,cross,lily11,9,22,0.5909,0.4091,0.5,0.5
aurus-nsga2-apportion|aurus,ctrl_x,lily11,8,22,0.2727,0.6818,0.1818,0.8636
aurus-nsga2-apportion|aurus,ctrl_y,lily11,8,22,0.7727,0.5455,0.6364,0.4091
aurus-nsga2-apportion|aurus,cross,lily11,10,21,0.7619,0.6667,0.3333,0.2857
aurus-nsga2-apportion|aurus,cross,lily11,11,21,0.4762,0.3333,0.4286,0.4762
aurus-nsga2-apportion|aurus,ctrl_x,lily11,10,21,0.8095,0.5238,0.6667,0.381
aurus-nsga2-apportion|aurus,ctrl_y,lily11,10,21,0.381,0.7143,0.3333,0.5238
aurus-nsga2-apportion|aurus,cross,lily11,12,23,0.3043,0.3478,0.2174,0.2609
aurus-nsga2-apportion|aurus,cross,lily11,13,23,0.5217,0.5217,0.3043,0.2174
aurus-nsga2-apportion|aurus,ctrl_x,lily11,12,23,0.7391,0.6087,0.4783,0.5217
aurus-nsga2-apportion|aurus,ctrl_y,lily11,12,23,0.6522,0.3478,0.4348,0.4348
aurus-nsga2-apportion|aurus,cross,lily11,14,21,0.5238,0.381,0.3333,0.381
aurus-nsga2-apportion|aurus,cross,lily11,15,21,0.4286,0.2857,0.5238,0.1905
aurus-nsga2-apportion|aurus,ctrl_x,lily11,14,21,0.3333,0.2857,0.2857,0.4286
aurus-nsga2-apportion|aurus,ctrl_y,lily11,14,21,0.8571,0.5238,0.7619,0.5238
aurus-nsga2-apportion|aurus,cross,lily11,16,18,0.6111,0.5556,0.2778,0.3333
aurus-nsga2-apportion|aurus,cross,lily11,17,18,0.6667,0.1667,0.3333,0.3889
aurus-nsga2-apportion|aurus,ctrl_x,lily11,16,18,0.5556,0.2222,0.9444,0.2222
aurus-nsga2-apportion|aurus,ctrl_y,lily11,16,18,0.6667,0.5556,0.2222,0.2778
aurus-nsga2-apportion|aurus,cross,lily11,18,29,0.6897,0.4138,0.5517,0.4138
aurus-nsga2-apportion|aurus,cross,lily11,19,29,0.5172,0.4828,0.5172,0.5172
aurus-nsga2-apportion|aurus,ctrl_x,lily11,18,29,0.7241,0.6552,0.4828,0.5172
aurus-nsga2-apportion|aurus,ctrl_y,lily11,18,29,0.6207,0.6207,0.5172,0.4483
aurus-nsga2-apportion|aurus,cross,lily11,20,21,0.619,0.6667,0.3333,0.4286
aurus-nsga2-apportion|aurus,cross,lily11,21,21,0.2381,0.1905,0.3333,0.1905
aurus-nsga2-apportion|aurus,ctrl_x,lily11,20,21,0.5714,0.381,0.5238,0.4762
aurus-nsga2-apportion|aurus,ctrl_y,lily11,20,21,0.4286,0.5238,0.2857,0.5714
aurus-nsga2-apportion|aurus,cross,lily11,22,31,0.5484,0.5161,0.4194,0.5161
aurus-nsga2-apportion|aurus,cross,lily11,23,31,0.5161,0.3871,0.4516,0.2903
aurus-nsga2-apportion|aurus,ctrl_x,lily11,22,31,0.5484,0.4839,0.6129,0.3226
aurus-nsga2-apportion|aurus,ctrl_y,lily11,22,31,0.5484,0.6774,0.4516,0.5484
aurus-nsga2-apportion|aurus,cross,lily11,24,22,0.2727,0.2727,0.1818,0.3636
aurus-nsga2-apportion|aurus,cross,lily11,25,22,0.4545,0.2273,0.4091,0.2273
aurus-nsga2-apportion|aurus,ctrl_x,lily11,24,22,0.6364,0.4545,0.4091,0.4545
aurus-nsga2-apportion|aurus,ctrl_y,lily11,24,22,0.4091,0.4545,0.2727,0.6818
aurus-nsga2-apportion|aurus,cross,lily11,26,29,0.3793,0.3448,0.3448,0.3448
aurus-nsga2-apportion|aurus,cross,lily11,27,29,0.4138,0.3103,0.5517,0.3103
aurus-nsga2-apportion|aurus,ctrl_x,lily11,26,29,0.4828,0.6207,0.5172,0.4828
aurus-nsga2-apportion|aurus,ctrl_y,lily11,26,29,0.5517,0.5862,0.3448,0.6207
aurus-nsga2-apportion|aurus,cross,lily11,28,24,0.7917,0.375,0.5,0.4583
aurus-nsga2-apportion|aurus,cross,lily11,29,24,0.6667,0.5833,0.4167,0.4583
aurus-nsga2-apportion|aurus,ctrl_x,lily11,28,24,0.7917,0.5,0.75,0.375
aurus-nsga2-apportion|aurus,ctrl_y,lily11,28,24,0.5833,0.7083,0.4583,0.5417
mrs-nsga2-apportion|aurus,cross,lily15,0,19,0.6316,0.0526,0.1579,0.0526
mrs-nsga2-apportion|aurus,cross,lily15,1,19,0.0526,0.4211,0.0526,0.2105
mrs-nsga2-apportion|aurus,ctrl_x,lily15,0,19,0.3158,0.1579,0.1053,0.1053
mrs-nsga2-apportion|aurus,ctrl_y,lily15,0,19,0.5789,0.5789,0.5263,0.4211
mrs-nsga2-apportion|aurus,cross,lily15,2,11,0.2727,0.0909,0.1818,0.0909
mrs-nsga2-apportion|aurus,cross,lily15,3,11,1.0,0.0909,0.1818,0.1818
mrs-nsga2-apportion|aurus,ctrl_x,lily15,2,11,0.9091,0.9091,0.8182,0.7273
mrs-nsga2-apportion|aurus,ctrl_y,lily15,2,11,1.0,0.6364,0.4545,0.2727
mrs-nsga2-apportion|aurus,cross,lily15,6,10,0.1,0.2,0.1,0.2
mrs-nsga2-apportion|aurus,cross,lily15,7,10,0.3,0.0,0.1,0.0
mrs-nsga2-apportion|aurus,ctrl_x,lily15,6,10,0.7,0.5,0.3,0.5
mrs-nsga2-apportion|aurus,ctrl_y,lily15,6,10,0.0,0.7,0.0,0.1
mrs-nsga2-apportion|aurus,cross,lily15,8,18,0.2778,0.5556,0.1667,0.3333
mrs-nsga2-apportion|aurus,cross,lily15,9,18,0.8889,0.3889,0.2778,0.3333
mrs-nsga2-apportion|aurus,ctrl_x,lily15,8,18,0.6111,0.6111,0.2778,0.3333
mrs-nsga2-apportion|aurus,ctrl_y,lily15,8,18,0.6111,0.9444,0.3333,0.4444
mrs-nsga2-apportion|aurus,cross,lily15,10,15,0.6,0.8,0.3333,0.4
mrs-nsga2-apportion|aurus,cross,lily15,11,15,0.3333,0.2,0.4,0.2
mrs-nsga2-apportion|aurus,ctrl_x,lily15,10,15,0.7333,0.7333,0.3333,0.5333
mrs-nsga2-apportion|aurus,ctrl_y,lily15,10,15,0.4,0.4667,0.3333,0.4667
mrs-nsga2-apportion|aurus,cross,lily15,12,11,0.4545,0.5455,0.3636,0.3636
mrs-nsga2-apportion|aurus,cross,lily15,13,11,0.4545,0.0909,0.3636,0.0909
mrs-nsga2-apportion|aurus,ctrl_x,lily15,12,11,0.7273,0.7273,0.5455,0.6364
mrs-nsga2-apportion|aurus,ctrl_y,lily15,12,11,0.6364,0.5455,0.6364,0.6364
mrs-nsga2-apportion|aurus,cross,lily15,14,6,0.1667,0.5,0.1667,0.1667
mrs-nsga2-apportion|aurus,cross,lily15,15,6,0.8333,0.1667,0.1667,0.1667
mrs-nsga2-apportion|aurus,ctrl_x,lily15,14,6,0.6667,0.8333,0.6667,0.8333
mrs-nsga2-apportion|aurus,ctrl_y,lily15,14,6,0.5,0.3333,0.3333,0.1667
mrs-nsga2-apportion|aurus,cross,lily15,16,13,0.9231,0.2308,0.2308,0.3077
mrs-nsga2-apportion|aurus,cross,lily15,17,13,0.2308,0.2308,0.1538,0.2308
mrs-nsga2-apportion|aurus,ctrl_x,lily15,16,13,0.7692,0.4615,0.4615,0.4615
mrs-nsga2-apportion|aurus,ctrl_y,lily15,16,13,0.4615,0.7692,0.4615,0.6154
mrs-nsga2-apportion|aurus,cross,lily15,18,18,0.9444,0.3889,0.2778,0.3333
mrs-nsga2-apportion|aurus,cross,lily15,19,18,0.4444,0.2222,0.1667,0.2778
mrs-nsga2-apportion|aurus,ctrl_x,lily15,18,18,0.8333,0.3889,0.5556,0.3333
mrs-nsga2-apportion|aurus,ctrl_y,lily15,18,18,0.4444,0.3889,0.3333,0.2778
mrs-nsga2-apportion|aurus,cross,lily15,20,11,0.7273,0.2727,0.4545,0.2727
mrs-nsga2-apportion|aurus,cross,lily15,21,11,0.5455,0.1818,0.3636,0.1818
mrs-nsga2-apportion|aurus,ctrl_x,lily15,20,11,0.8182,0.8182,0.6364,0.3636
mrs-nsga2-apportion|aurus,ctrl_y,lily15,20,11,0.6364,0.6364,0.6364,0.4545
mrs-nsga2-apportion|aurus,cross,lily15,22,14,0.7857,0.5714,0.4286,0.5714
mrs-nsga2-apportion|aurus,cross,lily15,23,14,0.7143,0.2143,0.3571,0.2857
mrs-nsga2-apportion|aurus,ctrl_x,lily15,22,14,0.8571,0.7857,0.3571,0.5
mrs-nsga2-apportion|aurus,ctrl_y,lily15,22,14,0.8571,0.5,0.5714,0.5
mrs-nsga2-apportion|aurus,cross,lily15,24,11,1.0,0.1818,0.6364,0.0909
mrs-nsga2-apportion|aurus,cross,lily15,25,11,1.0,0.0,0.2727,0.0
mrs-nsga2-apportion|aurus,ctrl_x,lily15,24,11,0.9091,0.8182,0.6364,0.3636
mrs-nsga2-apportion|aurus,ctrl_y,lily15,24,11,0.3636,0.7273,0.1818,0.6364
mrs-nsga2-apportion|aurus,cross,lily15,26,6,0.8333,0.5,0.1667,0.1667
mrs-nsga2-apportion|aurus,cross,lily15,27,6,0.5,0.1667,0.1667,0.3333
mrs-nsga2-apportion|aurus,ctrl_x,lily15,26,6,0.6667,1.0,0.5,0.5
mrs-nsga2-apportion|aurus,ctrl_y,lily15,26,6,0.8333,0.6667,0.6667,0.1667
mrs-nsga2-apportion|aurus,cross,lily15,28,15,0.6,0.3333,0.2667,0.1333
mrs-nsga2-apportion|aurus,cross,lily15,29,15,0.9333,0.6,0.2,0.2667
mrs-nsga2-apportion|aurus,ctrl_x,lily15,28,15,0.6667,0.4,0.4,0.2
mrs-nsga2-apportion|aurus,ctrl_y,lily15,28,15,0.2,0.6,0.0667,0.2667
mrs-nsga2-apportion|aurus-nsga2-apportion,cross,lily15,0,14,0.6429,0.7857,0.2857,0.4286
mrs-nsga2-apportion|aurus-nsga2-apportion,cross,lily15,1,14,0.4286,0.5,0.1429,0.3571
mrs-nsga2-apportion|aurus-nsga2-apportion,ctrl_x,lily15,0,14,0.2143,0.2857,0.2143,0.2143
mrs-nsga2-apportion|aurus-nsga2-apportion,ctrl_y,lily15,0,14,0.5,0.2857,0.5714,0.3571
mrs-nsga2-apportion|aurus-nsga2-apportion,cross,lily15,2,9,0.3333,0.5556,0.1111,0.3333
mrs-nsga2-apportion|aurus-nsga2-apportion,cross,lily15,3,9,1.0,0.1111,0.6667,0.1111
mrs-nsga2-apportion|aurus-nsga2-apportion,ctrl_x,lily15,2,9,0.7778,0.7778,0.7778,0.7778
mrs-nsga2-apportion|aurus-nsga2-apportion,ctrl_y,lily15,2,9,0.3333,0.7778,0.3333,0.7778
mrs-nsga2-apportion|aurus-nsga2-apportion,cross,lily15,4,10,0.4,0.7,0.3,0.2
mrs-nsga2-apportion|aurus-nsga2-apportion,cross,lily15,5,10,0.7,0.8,0.3,0.6
mrs-nsga2-apportion|aurus-nsga2-apportion,ctrl_x,lily15,4,10,0.7,0.8,0.4,0.5
mrs-nsga2-apportion|aurus-nsga2-apportion,ctrl_y,lily15,4,10,0.9,0.6,0.4,0.3
mrs-nsga2-apportion|aurus-nsga2-apportion,cross,lily15,6,14,0.5,0.1429,0.2143,0.0714
mrs-nsga2-apportion|aurus-nsga2-apportion,cross,lily15,7,14,0.8571,0.7143,0.5714,0.5714
mrs-nsga2-apportion|aurus-nsga2-apportion,ctrl_x,lily15,6,14,0.7857,0.5714,0.2857,0.3571
mrs-nsga2-apportion|aurus-nsga2-apportion,ctrl_y,lily15,6,14,0.9286,0.3571,0.5,0.3571
mrs-nsga2-apportion|aurus-nsga2-apportion,cross,lily15,8,9,0.7778,0.5556,0.5556,0.4444
mrs-nsga2-apportion|aurus-nsga2-apportion,cross,lily15,9,9,0.4444,0.4444,0.3333,0.2222
mrs-nsga2-apportion|aurus-nsga2-apportion,ctrl_x,lily15,8,9,0.3333,1.0,0.3333,0.6667
mrs-nsga2-apportion|aurus-nsga2-apportion,ctrl_y,lily15,8,9,0.2222,0.6667,0.2222,0.4444
mrs-nsga2-apportion|aurus-nsga2-apportion,cross,lily15,10,15,0.8667,0.7333,0.3333,0.3333
mrs-nsga2-apportion|aurus-nsga2-apportion,cross,lily15,11,15,0.9333,0.7333,0.3333,0.4667
mrs-nsga2-apportion|aurus-nsga2-apportion,ctrl_x,lily15,10,15,0.7333,0.7333,0.3333,0.5333
mrs-nsga2-apportion|aurus-nsga2-apportion,ctrl_y,lily15,10,15,0.7333,0.3333,0.3333,0.2
mrs-nsga2-apportion|aurus-nsga2-apportion,cross,lily15,12,10,0.6,0.5,0.3,0.3
mrs-nsga2-apportion|aurus-nsga2-apportion,cross,lily15,13,10,0.7,0.8,0.4,0.5
mrs-nsga2-apportion|aurus-nsga2-apportion,ctrl_x,lily15,12,10,0.5,0.7,0.5,0.5
mrs-nsga2-apportion|aurus-nsga2-apportion,ctrl_y,lily15,12,10,0.9,0.8,0.6,0.5
mrs-nsga2-apportion|aurus-nsga2-apportion,cross,lily15,14,16,0.375,0.75,0.1875,0.5625
mrs-nsga2-apportion|aurus-nsga2-apportion,cross,lily15,15,16,0.4375,0.6875,0.5625,0.375
mrs-nsga2-apportion|aurus-nsga2-apportion,ctrl_x,lily15,14,16,0.375,0.5,0.3125,0.3125
mrs-nsga2-apportion|aurus-nsga2-apportion,ctrl_y,lily15,14,16,0.6875,0.3125,0.25,0.375
mrs-nsga2-apportion|aurus-nsga2-apportion,cross,lily15,16,13,0.6154,0.7692,0.3846,0.5385
mrs-nsga2-apportion|aurus-nsga2-apportion,cross,lily15,17,13,0.4615,0.3846,0.3077,0.3846
mrs-nsga2-apportion|aurus-nsga2-apportion,ctrl_x,lily15,16,13,0.7692,0.4615,0.4615,0.4615
mrs-nsga2-apportion|aurus-nsga2-apportion,ctrl_y,lily15,16,13,0.4615,0.4615,0.2308,0.5385
mrs-nsga2-apportion|aurus-nsga2-apportion,cross,lily15,18,11,0.2727,0.8182,0.1818,0.3636
mrs-nsga2-apportion|aurus-nsga2-apportion,cross,lily15,19,11,0.6364,0.6364,0.4545,0.4545
mrs-nsga2-apportion|aurus-nsga2-apportion,ctrl_x,lily15,18,11,0.8182,0.5455,0.4545,0.4545
mrs-nsga2-apportion|aurus-nsga2-apportion,ctrl_y,lily15,18,11,0.4545,0.9091,0.2727,0.6364
mrs-nsga2-apportion|aurus-nsga2-apportion,cross,lily15,20,15,0.4,0.3333,0.2667,0.2667
mrs-nsga2-apportion|aurus-nsga2-apportion,cross,lily15,21,15,0.5333,0.6,0.3333,0.3333
mrs-nsga2-apportion|aurus-nsga2-apportion,ctrl_x,lily15,20,15,0.6,0.6667,0.6,0.3333
mrs-nsga2-apportion|aurus-nsga2-apportion,ctrl_y,lily15,20,15,0.6667,1.0,0.4,0.4667
mrs-nsga2-apportion|aurus-nsga2-apportion,cross,lily15,22,10,0.5,0.5,0.3,0.6
mrs-nsga2-apportion|aurus-nsga2-apportion,cross,lily15,23,10,0.1,1.0,0.1,0.5
mrs-nsga2-apportion|aurus-nsga2-apportion,ctrl_x,lily15,22,10,0.5,0.8,0.3,0.3
mrs-nsga2-apportion|aurus-nsga2-apportion,ctrl_y,lily15,22,10,1.0,0.4,0.5,0.2
mrs-nsga2-apportion|aurus-nsga2-apportion,cross,lily15,24,11,0.7273,0.3636,0.5455,0.2727
mrs-nsga2-apportion|aurus-nsga2-apportion,cross,lily15,25,11,0.7273,0.5455,0.8182,0.5455
mrs-nsga2-apportion|aurus-nsga2-apportion,ctrl_x,lily15,24,11,0.9091,0.8182,0.6364,0.3636
mrs-nsga2-apportion|aurus-nsga2-apportion,ctrl_y,lily15,24,11,0.3636,0.4545,0.1818,0.2727
mrs-nsga2-apportion|aurus-nsga2-apportion,cross,lily15,26,12,0.6667,0.8333,0.3333,0.4167
mrs-nsga2-apportion|aurus-nsga2-apportion,cross,lily15,27,12,0.8333,0.75,0.5833,0.6667
mrs-nsga2-apportion|aurus-nsga2-apportion,ctrl_x,lily15,26,12,1.0,0.4167,0.5,0.3333
mrs-nsga2-apportion|aurus-nsga2-apportion,ctrl_y,lily15,26,12,0.5833,0.75,0.5,0.4167
mrs-nsga2-apportion|aurus-nsga2-apportion,cross,lily15,28,12,1.0,0.3333,0.3333,0.4167
mrs-nsga2-apportion|aurus-nsga2-apportion,cross,lily15,29,12,0.9167,0.4167,0.3333,0.5
mrs-nsga2-apportion|aurus-nsga2-apportion,ctrl_x,lily15,28,12,1.0,0.5,0.4167,0.3333
mrs-nsga2-apportion|aurus-nsga2-apportion,ctrl_y,lily15,28,12,0.9167,0.3333,0.4167,0.3333
mrs-nsga2-apportion|mrs-weighted,cross,lily15,0,19,0.4211,0.8421,0.1579,0.4737
mrs-nsga2-apportion|mrs-weighted,cross,lily15,1,19,0.3684,0.6316,0.1053,0.4211
mrs-nsga2-apportion|mrs-weighted,ctrl_x,lily15,0,19,0.8947,0.2632,0.1579,0.1053
mrs-nsga2-apportion|mrs-weighted,ctrl_y,lily15,0,19,0.5789,0.5263,0.2632,0.3684
mrs-nsga2-apportion|mrs-weighted,cross,lily15,2,11,0.5455,0.6364,0.4545,0.3636
mrs-nsga2-apportion|mrs-weighted,cross,lily15,3,11,0.9091,0.8182,0.7273,0.2727
mrs-nsga2-apportion|mrs-weighted,ctrl_x,lily15,2,11,0.9091,0.9091,0.8182,0.7273
mrs-nsga2-apportion|mrs-weighted,ctrl_y,lily15,2,11,0.3636,0.8182,0.2727,0.3636
mrs-nsga2-apportion|mrs-weighted,cross,lily15,4,17,0.7647,0.7647,0.3529,0.2941
mrs-nsga2-apportion|mrs-weighted,cross,lily15,5,17,0.5294,0.7647,0.3529,0.3529
mrs-nsga2-apportion|mrs-weighted,ctrl_x,lily15,4,17,0.7647,0.7059,0.3529,0.2941
mrs-nsga2-apportion|mrs-weighted,ctrl_y,lily15,4,17,0.7647,0.4118,0.4118,0.2353
mrs-nsga2-apportion|mrs-weighted,cross,lily15,6,14,0.5,0.8571,0.2143,0.3571
mrs-nsga2-apportion|mrs-weighted,cross,lily15,7,14,0.4286,0.5714,0.3571,0.4286
mrs-nsga2-apportion|mrs-weighted,ctrl_x,lily15,6,14,0.7857,0.5714,0.2857,0.3571
mrs-nsga2-apportion|mrs-weighted,ctrl_y,lily15,6,14,0.5714,0.6429,0.5,0.3571
mrs-nsga2-apportion|mrs-weighted,cross,lily15,8,18,0.2778,0.4444,0.0556,0.1667
mrs-nsga2-apportion|mrs-weighted,cross,lily15,9,18,0.6667,0.9444,0.2222,0.3333
mrs-nsga2-apportion|mrs-weighted,ctrl_x,lily15,8,18,0.6111,0.6111,0.2778,0.3333
mrs-nsga2-apportion|mrs-weighted,ctrl_y,lily15,8,18,0.3889,0.3333,0.2222,0.2222
mrs-nsga2-apportion|mrs-weighted,cross,lily15,10,15,0.6667,0.9333,0.2,0.4667
mrs-nsga2-apportion|mrs-weighted,cross,lily15,11,15,0.6,0.8667,0.4,0.4667
mrs-nsga2-apportion|mrs-weighted,ctrl_x,lily15,10,15,0.7333,0.7333,0.3333,0.5333
mrs-nsga2-apportion|mrs-weighted,ctrl_y,lily15,10,15,0.7333,0.4667,0.4,0.4
mrs-nsga2-apportion|mrs-weighted,cross,lily15,12,11,0.7273,0.4545,0.1818,0.2727
mrs-nsga2-apportion|mrs-weighted,cross,lily15,13,11,0.1818,0.5455,0.0909,0.3636
mrs-nsga2-apportion|mrs-weighted,ctrl_x,lily15,12,11,0.7273,0.7273,0.5455,0.6364
mrs-nsga2-apportion|mrs-weighted,ctrl_y,lily15,12,11,0.4545,0.6364,0.1818,0.1818
mrs-nsga2-apportion|mrs-weighted,cross,lily15,14,16,0.3125,1.0,0.1875,0.3125
mrs-nsga2-apportion|mrs-weighted,cross,lily15,15,16,0.3125,0.125,0.1875,0.125
mrs-nsga2-apportion|mrs-weighted,ctrl_x,lily15,14,16,0.375,0.5,0.3125,0.3125
mrs-nsga2-apportion|mrs-weighted,ctrl_y,lily15,14,16,0.3125,0.875,0.375,0.4375
mrs-nsga2-apportion|mrs-weighted,cross,lily15,16,13,0.7692,0.8462,0.3846,0.6154
mrs-nsga2-apportion|mrs-weighted,cross,lily15,17,13,0.8462,0.9231,0.3077,0.3846
mrs-nsga2-apportion|mrs-weighted,ctrl_x,lily15,16,13,0.7692,0.4615,0.4615,0.4615
mrs-nsga2-apportion|mrs-weighted,ctrl_y,lily15,16,13,0.0,0.9231,0.0,0.0769
mrs-nsga2-apportion|mrs-weighted,cross,lily15,18,18,0.5556,0.8333,0.3333,0.4444
mrs-nsga2-apportion|mrs-weighted,cross,lily15,19,18,0.5,1.0,0.2778,0.2222
mrs-nsga2-apportion|mrs-weighted,ctrl_x,lily15,18,18,0.8333,0.3889,0.5556,0.3333
mrs-nsga2-apportion|mrs-weighted,ctrl_y,lily15,18,18,0.3889,0.5556,0.3333,0.3333
mrs-nsga2-apportion|mrs-weighted,cross,lily15,20,22,0.1818,0.7727,0.1818,0.1364
mrs-nsga2-apportion|mrs-weighted,cross,lily15,21,22,0.2727,0.5909,0.1364,0.2727
mrs-nsga2-apportion|mrs-weighted,ctrl_x,lily15,20,22,0.7273,0.5455,0.5,0.2273
mrs-nsga2-apportion|mrs-weighted,ctrl_y,lily15,20,22,0.4545,0.5455,0.3182,0.3636
mrs-nsga2-apportion|mrs-weighted,cross,lily15,22,14,0.4286,0.6429,0.2143,0.2857
mrs-nsga2-apportion|mrs-weighted,cross,lily15,23,14,0.1429,0.7857,0.0714,0.3571
mrs-nsga2-apportion|mrs-weighted,ctrl_x,lily15,22,14,0.8571,0.7857,0.3571,0.5
mrs-nsga2-apportion|mrs-weighted,ctrl_y,lily15,22,14,1.0,0.4286,0.3571,0.3571
mrs-nsga2-apportion|mrs-weighted,cross,lily15,24,11,1.0,0.6364,0.4545,0.4545
mrs-nsga2-apportion|mrs-weighted,cross,lily15,25,11,0.8182,0.8182,0.4545,0.4545
mrs-nsga2-apportion|mrs-weighted,ctrl_x,lily15,24,11,0.9091,0.8182,0.6364,0.3636
mrs-nsga2-apportion|mrs-weighted,ctrl_y,lily15,24,11,0.9091,0.1818,0.2727,0.2727
mrs-nsga2-apportion|mrs-weighted,cross,lily15,26,15,0.7333,0.8,0.4667,0.5333
mrs-nsga2-apportion|mrs-weighted,cross,lily15,27,15,0.8,0.5333,0.4,0.4667
mrs-nsga2-apportion|mrs-weighted,ctrl_x,lily15,26,15,0.8667,0.4667,0.4667,0.3333
mrs-nsga2-apportion|mrs-weighted,ctrl_y,lily15,26,15,0.4667,0.2667,0.4667,0.2
mrs-nsga2-apportion|mrs-weighted,cross,lily15,28,21,0.5714,0.7143,0.1429,0.381
mrs-nsga2-apportion|mrs-weighted,cross,lily15,29,21,0.8571,0.8095,0.2381,0.2857
mrs-nsga2-apportion|mrs-weighted,ctrl_x,lily15,28,21,0.8571,0.619,0.4286,0.2381
mrs-nsga2-apportion|mrs-weighted,ctrl_y,lily15,28,21,0.3333,0.5238,0.2381,0.2857
aurus-nsga2-apportion|aurus,cross,lily15,0,14,0.1429,0.0,0.1429,0.0
aurus-nsga2-apportion|aurus,cross,lily15,1,14,0.8571,0.1429,0.2143,0.1429
aurus-nsga2-apportion|aurus,ctrl_x,lily15,0,14,0.6429,0.2143,0.4286,0.3571
aurus-nsga2-apportion|aurus,ctrl_y,lily15,0,14,0.5,0.6429,0.4286,0.5
aurus-nsga2-apportion|aurus,cross,lily15,2,9,0.4444,0.4444,0.4444,0.1111
aurus-nsga2-apportion|aurus,cross,lily15,3,9,0.4444,0.3333,0.3333,0.3333
aurus-nsga2-apportion|aurus,ctrl_x,lily15,2,9,0.3333,0.4444,0.2222,0.5556
aurus-nsga2-apportion|aurus,ctrl_y,lily15,2,9,0.4444,0.4444,0.5556,0.4444
aurus-nsga2-apportion|aurus,cross,lily15,6,10,1.0,0.2,0.3,0.2
aurus-nsga2-apportion|aurus,cross,lily15,7,10,0.6,0.0,0.2,0.0
aurus-nsga2-apportion|aurus,ctrl_x,lily15,6,10,0.5,0.2,0.6,0.1
aurus-nsga2-apportion|aurus,ctrl_y,lily15,6,10,0.0,0.7,0.0,0.1
aurus-nsga2-apportion|aurus,cross,lily15,8,9,0.7778,0.0,0.3333,0.0
aurus-nsga2-apportion|aurus,cross,lily15,9,9,0.6667,0.2222,0.4444,0.1111
aurus-nsga2-apportion|aurus,ctrl_x,lily15,8,9,0.5556,0.8889,0.5556,0.5556
aurus-nsga2-apportion|aurus,ctrl_y,lily15,8,9,0.6667,0.8889,0.4444,0.6667
aurus-nsga2-apportion|aurus,cross,lily15,10,16,0.5,0.5,0.3125,0.1875
aurus-nsga2-apportion|aurus,cross,lily15,11,16,0.875,0.25,0.25,0.1875
aurus-nsga2-apportion|aurus,ctrl_x,lily15,10,16,0.5,0.625,0.25,0.3125
aurus-nsga2-apportion|aurus,ctrl_y,lily15,10,16,0.375,0.5625,0.3125,0.4375
aurus-nsga2-apportion|aurus,cross,lily15,12,10,0.7,0.7,0.3,0.3
aurus-nsga2-apportion|aurus,cross,lily15,13,10,0.5,0.1,0.2,0.1
aurus-nsga2-apportion|aurus,ctrl_x,lily15,12,10,1.0,0.7,0.6,0.2
aurus-nsga2-apportion|aurus,ctrl_y,lily15,12,10,0.3,0.7,0.4,0.5
aurus-nsga2-apportion|aurus,cross,lily15,14,6,0.5,0.1667,0.3333,0.1667
aurus-nsga2-apportion|aurus,cross,lily15,15,6,1.0,0.1667,0.1667,0.1667
aurus-nsga2-apportion|aurus,ctrl_x,lily15,14,6,0.5,0.8333,0.5,0.5
aurus-nsga2-apportion|aurus,ctrl_y,lily15,14,6,0.5,0.3333,0.3333,0.1667
aurus-nsga2-apportion|aurus,cross,lily15,16,14,0.4286,0.2143,0.0714,0.2143
aurus-nsga2-apportion|aurus,cross,lily15,17,14,0.6429,0.1429,0.2143,0.1429
aurus-nsga2-apportion|aurus,ctrl_x,lily15,16,14,0.5714,0.6429,0.4286,0.4286
aurus-nsga2-apportion|aurus,ctrl_y,lily15,16,14,0.5714,0.7143,0.5714,0.5714
aurus-nsga2-apportion|aurus,cross,lily15,18,11,0.6364,0.1818,0.3636,0.1818
aurus-nsga2-apportion|aurus,cross,lily15,19,11,0.9091,0.0909,0.3636,0.0909
aurus-nsga2-apportion|aurus,ctrl_x,lily15,18,11,0.4545,0.9091,0.3636,0.6364
aurus-nsga2-apportion|aurus,ctrl_y,lily15,18,11,1.0,0.3636,0.6364,0.5455
aurus-nsga2-apportion|aurus,cross,lily15,20,11,0.7273,0.2727,0.5455,0.2727
aurus-nsga2-apportion|aurus,cross,lily15,21,11,1.0,0.0909,0.3636,0.0909
aurus-nsga2-apportion|aurus,ctrl_x,lily15,20,11,0.2727,0.5455,0.2727,0.4545
aurus-nsga2-apportion|aurus,ctrl_y,lily15,20,11,0.6364,0.6364,0.6364,0.4545
aurus-nsga2-apportion|aurus,cross,lily15,22,10,0.7,0.1,0.3,0.1
aurus-nsga2-apportion|aurus,cross,lily15,23,10,0.1,0.6,0.1,0.5
aurus-nsga2-apportion|aurus,ctrl_x,lily15,22,10,1.0,0.4,0.5,0.2
aurus-nsga2-apportion|aurus,ctrl_y,lily15,22,10,0.9,0.3,0.6,0.4
aurus-nsga2-apportion|aurus,cross,lily15,24,13,0.0,0.0,0.0,0.0
aurus-nsga2-apportion|aurus,cross,lily15,25,13,1.0,0.0769,0.2308,0.0769
aurus-nsga2-apportion|aurus,ctrl_x,lily15,24,13,0.1538,0.8462,0.0769,0.4615
aurus-nsga2-apportion|aurus,ctrl_y,lily15,24,13,0.3846,0.4615,0.3077,0.3846
aurus-nsga2-apportion|aurus,cross,lily15,26,6,0.8333,0.6667,0.3333,0.1667
aurus-nsga2-apportion|aurus,cross,lily15,27,6,0.5,0.3333,0.1667,0.1667
aurus-nsga2-apportion|aurus,ctrl_x,lily15,26,6,0.8333,0.6667,0.6667,0.5
aurus-nsga2-apportion|aurus,ctrl_y,lily15,26,6,0.8333,0.6667,0.6667,0.1667
aurus-nsga2-apportion|aurus,cross,lily15,28,12,0.6667,0.25,0.25,0.1667
aurus-nsga2-apportion|aurus,cross,lily15,29,12,0.25,0.3333,0.25,0.1667
aurus-nsga2-apportion|aurus,ctrl_x,lily15,28,12,0.9167,0.4167,0.5,0.4167
aurus-nsga2-apportion|aurus,ctrl_y,lily15,28,12,0.6667,0.6667,0.4167,0.5
mrs-nsga2-apportion|aurus,cross,lily16,2,2,1.0,0.5,0.5,0.5
mrs-nsga2-apportion|aurus,cross,lily16,3,2,1.0,0.0,1.0,0.0
mrs-nsga2-apportion|aurus,ctrl_x,lily16,2,2,0.5,1.0,1.0,1.0
mrs-nsga2-apportion|aurus,ctrl_y,lily16,2,2,1.0,0.5,0.5,0.5
mrs-nsga2-apportion|aurus,cross,lily16,20,3,0.3333,0.0,0.3333,0.0
mrs-nsga2-apportion|aurus,cross,lily16,21,3,1.0,0.3333,0.6667,0.3333
mrs-nsga2-apportion|aurus,ctrl_x,lily16,20,3,0.6667,1.0,0.6667,0.3333
mrs-nsga2-apportion|aurus,ctrl_y,lily16,20,3,0.0,0.0,0.0,0.0
mrs-nsga2-apportion|mrs-weighted,cross,lily16,0,9,0.0,0.0,0.0,0.0
mrs-nsga2-apportion|mrs-weighted,cross,lily16,1,9,0.2222,0.4444,0.1111,0.3333
mrs-nsga2-apportion|mrs-weighted,ctrl_x,lily16,0,9,0.5556,0.6667,0.3333,0.2222
mrs-nsga2-apportion|mrs-weighted,ctrl_y,lily16,0,9,0.3333,0.3333,0.2222,0.1111
mrs-nsga2-apportion|mrs-weighted,cross,lily16,2,6,0.3333,0.5,0.3333,0.1667
mrs-nsga2-apportion|mrs-weighted,cross,lily16,3,6,1.0,0.0,0.1667,0.0
mrs-nsga2-apportion|mrs-weighted,ctrl_x,lily16,2,6,0.1667,0.5,0.1667,0.3333
mrs-nsga2-apportion|mrs-weighted,ctrl_y,lily16,2,6,0.0,1.0,0.0,0.1667
mrs-nsga2-apportion|mrs-weighted,cross,lily16,4,11,0.8182,0.9091,0.1818,0.1818
mrs-nsga2-apportion|mrs-weighted,cross,lily16,5,11,0.3636,1.0,0.1818,0.5455
mrs-nsga2-apportion|mrs-weighted,ctrl_x,lily16,4,11,0.5455,0.0909,0.1818,0.0909
mrs-nsga2-apportion|mrs-weighted,ctrl_y,lily16,4,11,1.0,0.1818,0.3636,0.1818
mrs-nsga2-apportion|mrs-weighted,cross,lily16,6,11,0.6364,0.6364,0.2727,0.1818
mrs-nsga2-apportion|mrs-weighted,cross,lily16,7,11,0.2727,0.2727,0.1818,0.1818
mrs-nsga2-apportion|mrs-weighted,ctrl_x,lily16,6,11,0.8182,0.2727,0.4545,0.1818
mrs-nsga2-apportion|mrs-weighted,ctrl_y,lily16,6,11,0.3636,0.9091,0.1818,0.3636
mrs-nsga2-apportion|mrs-weighted,cross,lily16,8,17,0.4118,0.7647,0.2353,0.3529
mrs-nsga2-apportion|mrs-weighted,cross,lily16,9,17,0.5294,0.2353,0.0588,0.1765
mrs-nsga2-apportion|mrs-weighted,ctrl_x,lily16,8,17,0.4706,0.5882,0.2353,0.1765
mrs-nsga2-apportion|mrs-weighted,ctrl_y,lily16,8,17,0.0,0.5294,0.0,0.1765
mrs-nsga2-apportion|mrs-weighted,cross,lily16,10,18,0.3333,0.0556,0.2222,0.1111
mrs-nsga2-apportion|mrs-weighted,cross,lily16,11,18,0.2778,0.7778,0.2222,0.2222
mrs-nsga2-apportion|mrs-weighted,ctrl_x,lily16,10,18,0.7222,0.5556,0.2222,0.1111
mrs-nsga2-apportion|mrs-weighted,ctrl_y,lily16,10,18,0.4444,0.3333,0.2778,0.2222
mrs-nsga2-apportion|mrs-weighted,cross,lily16,12,9,0.2222,0.0,0.1111,0.0
mrs-nsga2-apportion|mrs-weighted,cross,lily16,13,9,0.3333,0.5556,0.1111,0.4444
mrs-nsga2-apportion|mrs-weighted,ctrl_x,lily16,12,9,0.6667,0.1111,0.4444,0.1111
mrs-nsga2-apportion|mrs-weighted,ctrl_y,lily16,12,9,0.2222,0.1111,0.1111,0.1111
mrs-nsga2-apportion|mrs-weighted,cross,lily16,14,11,0.6364,0.3636,0.3636,0.4545
mrs-nsga2-apportion|mrs-weighted,cross,lily16,15,11,0.2727,0.1818,0.0909,0.0909
mrs-nsga2-apportion|mrs-weighted,ctrl_x,lily16,14,11,0.6364,0.6364,0.3636,0.2727
mrs-nsga2-apportion|mrs-weighted,ctrl_y,lily16,14,11,0.7273,0.4545,0.5455,0.3636
mrs-nsga2-apportion|mrs-weighted,cross,lily16,16,14,0.7143,0.3571,0.2143,0.2143
mrs-nsga2-apportion|mrs-weighted,cross,lily16,17,14,0.1429,0.4286,0.1429,0.2857
mrs-nsga2-apportion|mrs-weighted,ctrl_x,lily16,16,14,0.5714,0.0714,0.1429,0.0714
mrs-nsga2-apportion|mrs-weighted,ctrl_y,lily16,16,14,0.6429,0.1429,0.3571,0.0714
mrs-nsga2-apportion|mrs-weighted,cross,lily16,18,14,0.2143,0.5,0.1429,0.2857
mrs-nsga2-apportion|mrs-weighted,cross,lily16,19,14,0.7857,0.4286,0.2857,0.0714
mrs-nsga2-apportion|mrs-weighted,ctrl_x,lily16,18,14,0.7143,0.6429,0.3571,0.2857
mrs-nsga2-apportion|mrs-weighted,ctrl_y,lily16,18,14,0.8571,0.5714,0.2143,0.2143
mrs-nsga2-apportion|mrs-weighted,cross,lily16,20,6,0.1667,0.0,0.1667,0.0
mrs-nsga2-apportion|mrs-weighted,cross,lily16,21,6,0.3333,0.6667,0.1667,0.5
mrs-nsga2-apportion|mrs-weighted,ctrl_x,lily16,20,6,0.6667,1.0,0.5,0.6667
mrs-nsga2-apportion|mrs-weighted,ctrl_y,lily16,20,6,0.5,0.3333,0.3333,0.5
mrs-nsga2-apportion|mrs-weighted,cross,lily16,22,3,0.3333,0.6667,0.6667,0.3333
mrs-nsga2-apportion|mrs-weighted,cross,lily16,23,3,0.6667,0.3333,0.6667,0.3333
mrs-nsga2-apportion|mrs-weighted,ctrl_x,lily16,22,3,0.6667,0.6667,1.0,0.3333
mrs-nsga2-apportion|mrs-weighted,ctrl_y,lily16,22,3,0.3333,0.3333,0.3333,0.3333
mrs-nsga2-apportion|mrs-weighted,cross,lily16,24,12,0.3333,0.1667,0.25,0.1667
mrs-nsga2-apportion|mrs-weighted,cross,lily16,25,12,0.5,0.3333,0.25,0.4167
mrs-nsga2-apportion|mrs-weighted,ctrl_x,lily16,24,12,0.25,0.6667,0.25,0.3333
mrs-nsga2-apportion|mrs-weighted,ctrl_y,lily16,24,12,0.0,0.5,0.0,0.4167
mrs-nsga2-apportion|mrs-weighted,cross,lily16,26,10,0.7,0.8,0.2,0.1
mrs-nsga2-apportion|mrs-weighted,cross,lily16,27,10,0.3,0.0,0.1,0.0
mrs-nsga2-apportion|mrs-weighted,ctrl_x,lily16,26,10,0.9,0.1,0.2,0.1
mrs-nsga2-apportion|mrs-weighted,ctrl_y,lily16,26,10,0.7,0.9,0.2,0.3
mrs-nsga2-apportion|mrs-weighted,cross,lily16,28,12,0.0,0.8333,0.0,0.3333
mrs-nsga2-apportion|mrs-weighted,cross,lily16,29,12,0.9167,0.25,0.3333,0.1667
mrs-nsga2-apportion|mrs-weighted,ctrl_x,lily16,28,12,0.0833,0.6667,0.0833,0.3333
mrs-nsga2-apportion|mrs-weighted,ctrl_y,lily16,28,12,0.5,0.5,0.1667,0.3333
mrs-nsga2-apportion|aurus,cross,load-balancer-aurus,0,2,1.0,0.0,0.5,0.0
mrs-nsga2-apportion|aurus,cross,load-balancer-aurus,1,2,0.5,1.0,0.5,1.0
mrs-nsga2-apportion|aurus,ctrl_x,load-balancer-aurus,0,2,1.0,0.5,1.0,1.0
mrs-nsga2-apportion|aurus,ctrl_y,load-balancer-aurus,0,2,1.0,0.0,1.0,0.0
mrs-nsga2-apportion|aurus,cross,load-balancer-aurus,2,7,0.4286,0.4286,0.1429,0.2857
mrs-nsga2-apportion|aurus,cross,load-balancer-aurus,3,7,0.4286,0.7143,0.5714,0.5714
mrs-nsga2-apportion|aurus,ctrl_x,load-balancer-aurus,2,7,1.0,0.0,0.4286,0.0
mrs-nsga2-apportion|aurus,ctrl_y,load-balancer-aurus,2,7,0.5714,1.0,0.2857,0.8571
mrs-nsga2-apportion|aurus,cross,load-balancer-aurus,4,5,0.6,0.2,0.4,0.2
mrs-nsga2-apportion|aurus,cross,load-balancer-aurus,5,5,0.0,0.0,0.0,0.0
mrs-nsga2-apportion|aurus,ctrl_x,load-balancer-aurus,4,5,1.0,0.0,0.2,0.0
mrs-nsga2-apportion|aurus,ctrl_y,load-balancer-aurus,4,5,0.0,0.0,0.0,0.0
mrs-nsga2-apportion|aurus,cross,load-balancer-aurus,6,6,0.3333,0.8333,0.3333,0.3333
mrs-nsga2-apportion|aurus,cross,load-balancer-aurus,7,6,0.1667,0.1667,0.1667,0.1667
mrs-nsga2-apportion|aurus,ctrl_x,load-balancer-aurus,6,6,0.5,0.0,0.1667,0.0
mrs-nsga2-apportion|aurus,ctrl_y,load-balancer-aurus,6,6,0.6667,0.8333,0.3333,0.5
mrs-nsga2-apportion|aurus,cross,load-balancer-aurus,8,6,0.3333,0.6667,0.3333,0.3333
mrs-nsga2-apportion|aurus,cross,load-balancer-aurus,9,6,0.5,0.3333,0.3333,0.5
mrs-nsga2-apportion|aurus,ctrl_x,load-balancer-aurus,8,6,1.0,0.6667,0.6667,0.3333
mrs-nsga2-apportion|aurus,ctrl_y,load-balancer-aurus,8,6,0.5,0.6667,0.3333,0.1667
mrs-nsga2-apportion|aurus,cross,load-balancer-aurus,10,6,0.8333,0.3333,0.6667,0.5
mrs-nsga2-apportion|aurus,cross,load-balancer-aurus,11,6,0.5,0.8333,0.3333,0.3333
mrs-nsga2-apportion|aurus,ctrl_x,load-balancer-aurus,10,6,0.6667,0.8333,0.5,1.0
mrs-nsga2-apportion|aurus,ctrl_y,load-balancer-aurus,10,6,0.8333,0.6667,0.5,0.3333
mrs-nsga2-apportion|aurus,cross,load-balancer-aurus,12,4,0.75,0.75,0.75,0.5
mrs-nsga2-apportion|aurus,cross,load-balancer-aurus,13,4,0.5,1.0,0.5,1.0
mrs-nsga2-apportion|aurus,ctrl_x,load-balancer-aurus,12,4,0.25,0.5,0.75,1.0
mrs-nsga2-apportion|aurus,ctrl_y,load-balancer-aurus,12,4,1.0,0.25,1.0,0.25
mrs-nsga2-apportion|aurus,cross,load-balancer-aurus,14,8,0.5,0.75,0.25,0.375
mrs-nsga2-apportion|aurus,cross,load-balancer-aurus,15,8,0.625,0.625,0.25,0.375
mrs-nsga2-apportion|aurus,ctrl_x,load-balancer-aurus,14,8,0.625,0.25,0.75,0.25
mrs-nsga2-apportion|aurus,ctrl_y,load-balancer-aurus,14,8,0.5,0.375,0.375,0.5
mrs-nsga2-apportion|aurus,cross,load-balancer-aurus,16,7,0.8571,0.1429,0.4286,0.1429
mrs-nsga2-apportion|aurus,cross,load-balancer-aurus,17,7,0.4286,0.4286,0.4286,0.2857
mrs-nsga2-apportion|aurus,ctrl_x,load-balancer-aurus,16,7,0.7143,0.2857,0.7143,0.7143
mrs-nsga2-apportion|aurus,ctrl_y,load-balancer-aurus,16,7,0.7143,0.7143,0.2857,0.4286
mrs-nsga2-apportion|aurus,cross,load-balancer-aurus,18,9,0.7778,0.6667,0.7778,0.4444
mrs-nsga2-apportion|aurus,cross,load-balancer-aurus,19,9,0.1111,1.0,0.2222,0.2222
mrs-nsga2-apportion|aurus,ctrl_x,load-balancer-aurus,18,9,0.7778,0.1111,0.4444,0.1111
mrs-nsga2-apportion|aurus,ctrl_y,load-balancer-aurus,18,9,1.0,1.0,0.3333,0.3333
mrs-nsga2-apportion|aurus,cross,load-balancer-aurus,20,6,0.6667,1.0,0.6667,0.5
mrs-nsga2-apportion|aurus,cross,load-balancer-aurus,21,6,0.8333,0.1667,0.5,0.5
mrs-nsga2-apportion|aurus,ctrl_x,load-balancer-aurus,20,6,0.3333,1.0,0.3333,0.6667
mrs-nsga2-apportion|aurus,ctrl_y,load-balancer-aurus,20,6,0.8333,0.3333,0.8333,0.1667
mrs-nsga2-apportion|aurus,cross,load-balancer-aurus,22,4,0.75,0.75,0.25,0.75
mrs-nsga2-apportion|aurus,cross,load-balancer-aurus,23,4,0.5,0.25,0.75,0.25
mrs-nsga2-apportion|aurus,ctrl_x,load-balancer-aurus,22,4,0.75,0.0,0.25,0.0
mrs-nsga2-apportion|aurus,ctrl_y,load-balancer-aurus,22,4,0.25,1.0,0.5,0.5
mrs-nsga2-apportion|aurus,cross,load-balancer-aurus,24,7,0.4286,1.0,0.1429,0.4286
mrs-nsga2-apportion|aurus,cross,load-balancer-aurus,25,7,0.5714,0.7143,0.2857,0.7143
mrs-nsga2-apportion|aurus,ctrl_x,load-balancer-aurus,24,7,0.8571,0.1429,0.2857,0.5714
mrs-nsga2-apportion|aurus,ctrl_y,load-balancer-aurus,24,7,0.0,0.7143,0.0,0.5714
mrs-nsga2-apportion|aurus,cross,load-balancer-aurus,26,8,0.375,0.625,0.5,0.375
mrs-nsga2-apportion|aurus,cross,load-balancer-aurus,27,8,0.25,0.0,0.125,0.0
mrs-nsga2-apportion|aurus,ctrl_x,load-balancer-aurus,26,8,0.0,0.625,0.0,0.375
mrs-nsga2-apportion|aurus,ctrl_y,load-balancer-aurus,26,8,0.125,0.375,0.125,0.25
mrs-nsga2-apportion|aurus,cross,load-balancer-aurus,28,6,0.1667,1.0,0.1667,0.5
mrs-nsga2-apportion|aurus,cross,load-balancer-aurus,29,6,0.0,0.0,0.0,0.0
mrs-nsga2-apportion|aurus,ctrl_x,load-balancer-aurus,28,6,0.1667,0.6667,0.1667,0.8333
mrs-nsga2-apportion|aurus,ctrl_y,load-balancer-aurus,28,6,0.0,0.3333,0.0,0.3333
mrs-nsga2-apportion|aurus-nsga2-apportion,cross,load-balancer-aurus,0,10,0.7,0.4,0.4,0.5
mrs-nsga2-apportion|aurus-nsga2-apportion,cross,load-balancer-aurus,1,10,0.7,0.8,0.5,0.4
mrs-nsga2-apportion|aurus-nsga2-apportion,ctrl_x,load-balancer-aurus,0,10,0.9,0.4,0.7,0.2
mrs-nsga2-apportion|aurus-nsga2-apportion,ctrl_y,load-balancer-aurus,0,10,0.7,0.9,0.8,0.8
mrs-nsga2-apportion|aurus-nsga2-apportion,cross,load-balancer-aurus,2,4,1.0,0.0,0.5,0.0
mrs-nsga2-apportion|aurus-nsga2-apportion,cross,load-balancer-aurus,3,4,0.25,0.25,0.25,0.25
mrs-nsga2-apportion|aurus-nsga2-apportion,ctrl_x,load-balancer-aurus,2,4,0.25,0.0,0.25,0.0
mrs-nsga2-apportion|aurus-nsga2-apportion,ctrl_y,load-balancer-aurus,2,4,0.75,0.75,0.5,0.75
mrs-nsga2-apportion|aurus-nsga2-apportion,cross,load-balancer-aurus,4,11,0.4545,0.4545,0.4545,0.2727
mrs-nsga2-apportion|aurus-nsga2-apportion,cross,load-balancer-aurus,5,11,0.5455,0.2727,0.6364,0.1818
mrs-nsga2-apportion|aurus-nsga2-apportion,ctrl_x,load-balancer-aurus,4,11,0.2727,0.0,0.0909,0.0
mrs-nsga2-apportion|aurus-nsga2-apportion,ctrl_y,load-balancer-aurus,4,11,0.2727,0.2727,0.1818,0.1818
mrs-nsga2-apportion|aurus-nsga2-apportion,cross,load-balancer-aurus,6,9,0.3333,0.0,0.3333,0.0
mrs-nsga2-apportion|aurus-nsga2-apportion,cross,load-balancer-aurus,7,9,0.2222,0.1111,0.1111,0.1111
mrs-nsga2-apportion|aurus-nsga2-apportion,ctrl_x,load-balancer-aurus,6,9,0.0,0.0,0.0,0.0
mrs-nsga2-apportion|aurus-nsga2-apportion,ctrl_y,load-balancer-aurus,6,9,0.3333,0.3333,0.5556,0.2222
mrs-nsga2-apportion|aurus-nsga2-apportion,cross,load-balancer-aurus,8,3,1.0,1.0,1.0,1.0
mrs-nsga2-apportion|aurus-nsga2-apportion,cross,load-balancer-aurus,9,3,1.0,0.6667,1.0,0.6667
mrs-nsga2-apportion|aurus-nsga2-apportion,ctrl_x,load-balancer-aurus,8,3,0.3333,0.3333,0.3333,0.3333
mrs-nsga2-apportion|aurus-nsga2-apportion,ctrl_y,load-balancer-aurus,8,3,0.3333,1.0,0.6667,0.3333
mrs-nsga2-apportion|aurus-nsga2-apportion,cross,load-balancer-aurus,10,7,1.0,0.4286,0.2857,0.1429
mrs-nsga2-apportion|aurus-nsga2-apportion,cross,load-balancer-aurus,11,7,0.4286,0.5714,0.2857,0.2857
mrs-nsga2-apportion|aurus-nsga2-apportion,ctrl_x,load-balancer-aurus,10,7,0.5714,0.7143,0.5714,0.5714
mrs-nsga2-apportion|aurus-nsga2-apportion,ctrl_y,load-balancer-aurus,10,7,0.5714,0.7143,0.1429,0.1429
mrs-nsga2-apportion|aurus-nsga2-apportion,cross,load-balancer-aurus,12,4,0.5,0.0,0.75,0.0
mrs-nsga2-apportion|aurus-nsga2-apportion,cross,load-balancer-aurus,13,4,1.0,0.5,0.5,0.75
mrs-nsga2-apportion|aurus-nsga2-apportion,ctrl_x,load-balancer-aurus,12,4,0.75,0.25,0.5,0.5
mrs-nsga2-apportion|aurus-nsga2-apportion,ctrl_y,load-balancer-aurus,12,4,0.5,0.75,0.5,0.75
mrs-nsga2-apportion|aurus-nsga2-apportion,cross,load-balancer-aurus,14,2,1.0,1.0,1.0,1.0
mrs-nsga2-apportion|aurus-nsga2-apportion,cross,load-balancer-aurus,15,2,1.0,0.5,1.0,0.5
mrs-nsga2-apportion|aurus-nsga2-apportion,ctrl_x,load-balancer-aurus,14,2,0.5,0.5,0.5,0.5
mrs-nsga2-apportion|aurus-nsga2-apportion,ctrl_y,load-balancer-aurus,14,2,0.5,0.5,0.5,0.5
mrs-nsga2-apportion|aurus-nsga2-apportion,cross,load-balancer-aurus,16,6,1.0,0.1667,0.8333,0.3333
mrs-nsga2-apportion|aurus-nsga2-apportion,cross,load-balancer-aurus,17,6,0.5,0.0,0.5,0.0
mrs-nsga2-apportion|aurus-nsga2-apportion,ctrl_x,load-balancer-aurus,16,6,0.8333,0.1667,0.5,0.1667
mrs-nsga2-apportion|aurus-nsga2-apportion,ctrl_y,load-balancer-aurus,16,6,0.5,0.5,0.1667,0.1667
mrs-nsga2-apportion|aurus-nsga2-apportion,cross,load-balancer-aurus,18,5,0.8,0.4,0.4,0.4
mrs-nsga2-apportion|aurus-nsga2-apportion,cross,load-balancer-aurus,19,5,0.6,0.2,0.6,0.2
mrs-nsga2-apportion|aurus-nsga2-apportion,ctrl_x,load-balancer-aurus,18,5,1.0,0.6,0.4,0.6
mrs-nsga2-apportion|aurus-nsga2-apportion,ctrl_y,load-balancer-aurus,18,5,0.6,1.0,0.6,1.0
mrs-nsga2-apportion|aurus-nsga2-apportion,cross,load-balancer-aurus,20,7,1.0,0.4286,0.7143,0.2857
mrs-nsga2-apportion|aurus-nsga2-apportion,cross,load-balancer-aurus,21,7,1.0,0.4286,0.4286,0.1429
mrs-nsga2-apportion|aurus-nsga2-apportion,ctrl_x,load-balancer-aurus,20,7,0.4286,0.2857,0.2857,0.2857
mrs-nsga2-apportion|aurus-nsga2-apportion,ctrl_y,load-balancer-aurus,20,7,0.5714,1.0,0.1429,0.4286
mrs-nsga2-apportion|aurus-nsga2-apportion,cross,load-balancer-aurus,22,4,1.0,0.25,0.75,0.25
mrs-nsga2-apportion|aurus-nsga2-apportion,cross,load-balancer-aurus,23,4,1.0,0.25,0.75,0.5
mrs-nsga2-apportion|aurus-nsga2-apportion,ctrl_x,load-balancer-aurus,22,4,0.75,0.0,0.25,0.0
mrs-nsga2-apportion|aurus-nsga2-apportion,ctrl_y,load-balancer-aurus,22,4,0.25,1.0,0.25,0.75
mrs-nsga2-apportion|aurus-nsga2-apportion,cross,load-balancer-aurus,24,10,0.8,0.3,0.4,0.2
mrs-nsga2-apportion|aurus-nsga2-apportion,cross,load-balancer-aurus,25,10,0.0,0.1,0.0,0.2
mrs-nsga2-apportion|aurus-nsga2-apportion,ctrl_x,load-balancer-aurus,24,10,0.4,0.4,0.2,0.2
mrs-nsga2-apportion|aurus-nsga2-apportion,ctrl_y,load-balancer-aurus,24,10,0.9,0.3,0.3,0.2
mrs-nsga2-apportion|aurus-nsga2-apportion,cross,load-balancer-aurus,26,2,1.0,0.0,1.0,0.0
mrs-nsga2-apportion|aurus-nsga2-apportion,cross,load-balancer-aurus,27,2,0.0,1.0,0.0,1.0
mrs-nsga2-apportion|aurus-nsga2-apportion,ctrl_x,load-balancer-aurus,26,2,1.0,0.0,0.5,0.0
mrs-nsga2-apportion|aurus-nsga2-apportion,ctrl_y,load-balancer-aurus,26,2,1.0,0.0,1.0,0.0
mrs-nsga2-apportion|aurus-nsga2-apportion,cross,load-balancer-aurus,28,2,1.0,1.0,1.0,1.0
mrs-nsga2-apportion|aurus-nsga2-apportion,cross,load-balancer-aurus,29,2,1.0,0.5,1.0,0.5
mrs-nsga2-apportion|aurus-nsga2-apportion,ctrl_x,load-balancer-aurus,28,2,1.0,0.0,0.5,0.0
mrs-nsga2-apportion|aurus-nsga2-apportion,ctrl_y,load-balancer-aurus,28,2,1.0,0.5,1.0,0.5
mrs-nsga2-apportion|mrs-weighted,cross,load-balancer-aurus,0,37,0.4865,0.3243,0.3243,0.3784
mrs-nsga2-apportion|mrs-weighted,cross,load-balancer-aurus,1,37,0.4324,0.2162,0.2703,0.1892
mrs-nsga2-apportion|mrs-weighted,ctrl_x,load-balancer-aurus,0,37,0.4054,0.3514,0.1892,0.2703
mrs-nsga2-apportion|mrs-weighted,ctrl_y,load-balancer-aurus,0,37,0.3784,0.3514,0.4865,0.3514
mrs-nsga2-apportion|mrs-weighted,cross,load-balancer-aurus,2,26,0.5385,0.3462,0.2308,0.1154
mrs-nsga2-apportion|mrs-weighted,cross,load-balancer-aurus,3,26,0.2308,0.8462,0.1154,0.4615
mrs-nsga2-apportion|mrs-weighted,ctrl_x,load-balancer-aurus,2,26,0.6154,0.2692,0.2308,0.2692
mrs-nsga2-apportion|mrs-weighted,ctrl_y,load-balancer-aurus,2,26,0.3077,0.5,0.2692,0.1923
mrs-nsga2-apportion|mrs-weighted,cross,load-balancer-aurus,4,21,0.2381,0.7143,0.1905,0.4286
mrs-nsga2-apportion|mrs-weighted,cross,load-balancer-aurus,5,21,0.381,0.8571,0.1429,0.2381
mrs-nsga2-apportion|mrs-weighted,ctrl_x,load-balancer-aurus,4,21,0.1905,0.3333,0.1429,0.2857
mrs-nsga2-apportion|mrs-weighted,ctrl_y,load-balancer-aurus,4,21,0.3333,0.4286,0.2857,0.4762
mrs-nsga2-apportion|mrs-weighted,cross,load-balancer-aurus,6,26,0.0,0.8077,0.0,0.0769
mrs-nsga2-apportion|mrs-weighted,cross,load-balancer-aurus,7,26,0.7692,0.1154,0.0769,0.0769
mrs-nsga2-apportion|mrs-weighted,ctrl_x,load-balancer-aurus,6,26,0.2692,0.8077,0.0769,0.1154
mrs-nsga2-apportion|mrs-weighted,ctrl_y,load-balancer-aurus,6,26,0.9615,0.4231,0.0385,0.0385
mrs-nsga2-apportion|mrs-weighted,cross,load-balancer-aurus,8,33,0.4545,0.3939,0.2121,0.1515
mrs-nsga2-apportion|mrs-weighted,cross,load-balancer-aurus,9,33,0.303,0.6364,0.1515,0.0606
mrs-nsga2-apportion|mrs-weighted,ctrl_x,load-balancer-aurus,8,33,0.5758,0.3636,0.2121,0.1515
mrs-nsga2-apportion|mrs-weighted,ctrl_y,load-balancer-aurus,8,33,0.4545,0.7273,0.1515,0.2424
mrs-nsga2-apportion|mrs-weighted,cross,load-balancer-aurus,10,28,0.25,0.3929,0.0714,0.1429
mrs-nsga2-apportion|mrs-weighted,cross,load-balancer-aurus,11,28,0.25,0.6429,0.1071,0.25
mrs-nsga2-apportion|mrs-weighted,ctrl_x,load-balancer-aurus,10,28,0.7143,0.1429,0.3214,0.25
mrs-nsga2-apportion|mrs-weighted,ctrl_y,load-balancer-aurus,10,28,0.0714,0.5,0.0714,0.2143
mrs-nsga2-apportion|mrs-weighted,cross,load-balancer-aurus,12,26,0.3462,0.5,0.2692,0.4231
mrs-nsga2-apportion|mrs-weighted,cross,load-balancer-aurus,13,26,0.8077,0.6154,0.1538,0.1923
mrs-nsga2-apportion|mrs-weighted,ctrl_x,load-balancer-aurus,12,26,0.5,0.2308,0.4615,0.3462
mrs-nsga2-apportion|mrs-weighted,ctrl_y,load-balancer-aurus,12,26,0.5385,0.6538,0.1923,0.4231
mrs-nsga2-apportion|mrs-weighted,cross,load-balancer-aurus,14,21,0.1905,0.8095,0.2381,0.4286
mrs-nsga2-apportion|mrs-weighted,cross,load-balancer-aurus,15,21,0.3333,0.8095,0.2857,0.5714
mrs-nsga2-apportion|mrs-weighted,ctrl_x,load-balancer-aurus,14,21,0.3333,0.4286,0.1429,0.381
mrs-nsga2-apportion|mrs-weighted,ctrl_y,load-balancer-aurus,14,21,0.6667,0.8095,0.4762,0.7143
mrs-nsga2-apportion|mrs-weighted,cross,load-balancer-aurus,16,30,0.4,0.3333,0.3333,0.3667
mrs-nsga2-apportion|mrs-weighted,cross,load-balancer-aurus,17,30,0.2333,0.5333,0.1333,0.3333
mrs-nsga2-apportion|mrs-weighted,ctrl_x,load-balancer-aurus,16,30,0.6,0.2333,0.3667,0.2667
mrs-nsga2-apportion|mrs-weighted,ctrl_y,load-balancer-aurus,16,30,0.4333,0.1667,0.4,0.1667
mrs-nsga2-apportion|mrs-weighted,cross,load-balancer-aurus,18,31,0.1935,0.4516,0.2903,0.2903
mrs-nsga2-apportion|mrs-weighted,cross,load-balancer-aurus,19,31,0.3226,0.5484,0.1935,0.3548
mrs-nsga2-apportion|mrs-weighted,ctrl_x,load-balancer-aurus,18,31,0.4516,0.5161,0.2581,0.3226
mrs-nsga2-apportion|mrs-weighted,ctrl_y,load-balancer-aurus,18,31,0.5806,0.5806,0.2581,0.3871
mrs-nsga2-apportion|mrs-weighted,cross,load-balancer-aurus,20,16,0.625,0.5625,0.375,0.5625
mrs-nsga2-apportion|mrs-weighted,cross,load-balancer-aurus,21,16,0.8125,0.125,0.3125,0.0625
mrs-nsga2-apportion|mrs-weighted,ctrl_x,load-balancer-aurus,20,16,0.875,0.75,0.375,0.25
mrs-nsga2-apportion|mrs-weighted,ctrl_y,load-balancer-aurus,20,16,0.25,0.6875,0.25,0.4375
mrs-nsga2-apportion|mrs-weighted,cross,load-balancer-aurus,22,28,0.0357,0.8571,0.0714,0.1786
mrs-nsga2-apportion|mrs-weighted,cross,load-balancer-aurus,23,28,0.5357,0.25,0.3929,0.2857
mrs-nsga2-apportion|mrs-weighted,ctrl_x,load-balancer-aurus,22,28,0.1786,0.5714,0.3214,0.3571
mrs-nsga2-apportion|mrs-weighted,ctrl_y,load-balancer-aurus,22,28,0.1071,0.75,0.1071,0.0714
mrs-nsga2-apportion|mrs-weighted,cross,load-balancer-aurus,24,25,0.8,0.16,0.12,0.08
mrs-nsga2-apportion|mrs-weighted,cross,load-balancer-aurus,25,25,0.56,0.8,0.16,0.16
mrs-nsga2-apportion|mrs-weighted,ctrl_x,load-balancer-aurus,24,25,0.6,0.04,0.24,0.08
mrs-nsga2-apportion|mrs-weighted,ctrl_y,load-balancer-aurus,24,25,0.92,0.28,0.24,0.2
mrs-nsga2-apportion|mrs-weighted,cross,load-balancer-aurus,26,28,0.3214,0.5,0.25,0.2857
mrs-nsga2-apportion|mrs-weighted,cross,load-balancer-aurus,27,28,0.2143,0.6429,0.1071,0.0357
mrs-nsga2-apportion|mrs-weighted,ctrl_x,load-balancer-aurus,26,28,0.2143,0.3214,0.1786,0.2143
mrs-nsga2-apportion|mrs-weighted,ctrl_y,load-balancer-aurus,26,28,0.6429,0.0714,0.25,0.1786
mrs-nsga2-apportion|mrs-weighted,cross,load-balancer-aurus,28,26,0.2692,0.3462,0.2308,0.1538
mrs-nsga2-apportion|mrs-weighted,cross,load-balancer-aurus,29,26,0.2692,0.4615,0.1538,0.1154
mrs-nsga2-apportion|mrs-weighted,ctrl_x,load-balancer-aurus,28,26,0.2692,0.2692,0.1538,0.2692
mrs-nsga2-apportion|mrs-weighted,ctrl_y,load-balancer-aurus,28,26,0.2692,0.6538,0.1154,0.1923
aurus-nsga2-apportion|aurus,cross,load-balancer-aurus,0,2,1.0,0.0,1.0,0.0
aurus-nsga2-apportion|aurus,cross,load-balancer-aurus,1,2,0.5,1.0,1.0,1.0
aurus-nsga2-apportion|aurus,ctrl_x,load-balancer-aurus,0,2,1.0,0.5,1.0,1.0
aurus-nsga2-apportion|aurus,ctrl_y,load-balancer-aurus,0,2,1.0,0.0,1.0,0.0
aurus-nsga2-apportion|aurus,cross,load-balancer-aurus,2,4,0.5,1.0,0.5,0.75
aurus-nsga2-apportion|aurus,cross,load-balancer-aurus,3,4,0.5,0.5,0.5,0.75
aurus-nsga2-apportion|aurus,ctrl_x,load-balancer-aurus,2,4,0.75,0.75,0.5,0.75
aurus-nsga2-apportion|aurus,ctrl_y,load-balancer-aurus,2,4,0.75,0.75,0.25,1.0
aurus-nsga2-apportion|aurus,cross,load-balancer-aurus,4,5,0.6,1.0,0.6,1.0
aurus-nsga2-apportion|aurus,cross,load-balancer-aurus,5,5,0.8,0.0,0.2,0.0
aurus-nsga2-apportion|aurus,ctrl_x,load-balancer-aurus,4,5,0.6,0.4,0.6,0.4
aurus-nsga2-apportion|aurus,ctrl_y,load-balancer-aurus,4,5,0.0,0.0,0.0,0.0
aurus-nsga2-apportion|aurus,cross,load-balancer-aurus,6,6,0.1667,0.8333,0.1667,0.3333
aurus-nsga2-apportion|aurus,cross,load-balancer-aurus,7,6,0.3333,0.1667,0.1667,0.1667
aurus-nsga2-apportion|aurus,ctrl_x,load-balancer-aurus,6,6,0.3333,0.0,0.3333,0.0
aurus-nsga2-apportion|aurus,ctrl_y,load-balancer-aurus,6,6,0.6667,0.8333,0.3333,0.5
aurus-nsga2-apportion|aurus,cross,load-balancer-aurus,8,3,0.3333,0.6667,0.3333,0.6667
aurus-nsga2-apportion|aurus,cross,load-balancer-aurus,9,3,1.0,1.0,1.0,1.0
aurus-nsga2-apportion|aurus,ctrl_x,load-balancer-aurus,8,3,1.0,0.6667,1.0,0.6667
aurus-nsga2-apportion|aurus,ctrl_y,load-balancer-aurus,8,3,0.6667,0.6667,0.6667,0.3333
aurus-nsga2-apportion|aurus,cross,load-balancer-aurus,10,6,0.8333,0.6667,0.6667,0.5
aurus-nsga2-apportion|aurus,cross,load-balancer-aurus,11,6,0.5,1.0,0.3333,0.6667
aurus-nsga2-apportion|aurus,ctrl_x,load-balancer-aurus,10,6,0.8333,0.8333,0.3333,0.3333
aurus-nsga2-apportion|aurus,ctrl_y,load-balancer-aurus,10,6,0.8333,0.6667,0.5,0.3333
aurus-nsga2-apportion|aurus,cross,load-balancer-aurus,12,4,0.75,0.75,0.75,1.0
aurus-nsga2-apportion|aurus,cross,load-balancer-aurus,13,4,0.25,1.0,0.25,0.5
aurus-nsga2-apportion|aurus,ctrl_x,load-balancer-aurus,12,4,0.5,0.75,0.5,0.75
aurus-nsga2-apportion|aurus,ctrl_y,load-balancer-aurus,12,4,1.0,0.75,1.0,0.5
aurus-nsga2-apportion|aurus,cross,load-balancer-aurus,14,2,1.0,1.0,1.0,1.0
aurus-nsga2-apportion|aurus,cross,load-balancer-aurus,15,2,1.0,1.0,1.0,1.0
aurus-nsga2-apportion|aurus,ctrl_x,load-balancer-aurus,14,2,0.0,1.0,0.0,1.0
aurus-nsga2-apportion|aurus,ctrl_y,load-balancer-aurus,14,2,1.0,0.5,0.5,1.0
aurus-nsga2-apportion|aurus,cross,load-balancer-aurus,16,6,0.8333,0.1667,0.5,0.1667
aurus-nsga2-apportion|aurus,cross,load-balancer-aurus,17,6,0.5,0.6667,0.1667,0.1667
aurus-nsga2-apportion|aurus,ctrl_x,load-balancer-aurus,16,6,1.0,0.3333,0.3333,0.5
aurus-nsga2-apportion|aurus,ctrl_y,load-balancer-aurus,16,6,0.8333,0.3333,0.5,0.3333
aurus-nsga2-apportion|aurus,cross,load-balancer-aurus,18,5,0.4,0.8,0.4,0.6
aurus-nsga2-apportion|aurus,cross,load-balancer-aurus,19,5,0.8,0.4,0.4,0.2
aurus-nsga2-apportion|aurus,ctrl_x,load-balancer-aurus,18,5,0.6,0.8,0.6,1.0
aurus-nsga2-apportion|aurus,ctrl_y,load-balancer-aurus,18,5,0.0,1.0,0.0,0.2
aurus-nsga2-apportion|aurus,cross,load-balancer-aurus,20,6,0.1667,1.0,0.5,0.3333
aurus-nsga2-apportion|aurus,cross,load-balancer-aurus,21,6,0.1667,0.8333,0.1667,0.8333
aurus-nsga2-apportion|aurus,ctrl_x,load-balancer-aurus,20,6,0.6667,0.6667,0.3333,0.5
aurus-nsga2-apportion|aurus,ctrl_y,load-balancer-aurus,20,6,0.8333,0.3333,0.8333,0.1667
aurus-nsga2-apportion|aurus,cross,load-balancer-aurus,22,4,0.0,0.75,0.0,0.5
aurus-nsga2-apportion|aurus,cross,load-balancer-aurus,23,4,0.5,1.0,0.75,0.5
aurus-nsga2-apportion|aurus,ctrl_x,load-balancer-aurus,22,4,0.5,1.0,0.75,0.25
aurus-nsga2-apportion|aurus,ctrl_y,load-balancer-aurus,22,4,0.5,1.0,0.5,0.5
aurus-nsga2-apportion|aurus,cross,load-balancer-aurus,24,7,0.2857,1.0,0.1429,0.2857
aurus-nsga2-apportion|aurus,cross,load-balancer-aurus,25,7,0.2857,0.8571,0.1429,0.5714
aurus-nsga2-apportion|aurus,ctrl_x,load-balancer-aurus,24,7,0.7143,0.4286,0.2857,0.1429
aurus-nsga2-apportion|aurus,ctrl_y,load-balancer-aurus,24,7,0.0,0.7143,0.0,0.5714
aurus-nsga2-apportion|aurus,cross,load-balancer-aurus,26,2,1.0,0.0,0.5,0.0
aurus-nsga2-apportion|aurus,cross,load-balancer-aurus,27,2,0.0,0.0,0.0,0.0
aurus-nsga2-apportion|aurus,ctrl_x,load-balancer-aurus,26,2,1.0,0.0,1.0,0.0
aurus-nsga2-apportion|aurus,ctrl_y,load-balancer-aurus,26,2,0.5,0.0,0.5,0.0
aurus-nsga2-apportion|aurus,cross,load-balancer-aurus,28,2,0.5,1.0,1.0,1.0
aurus-nsga2-apportion|aurus,cross,load-balancer-aurus,29,2,0.0,0.0,0.0,0.0
aurus-nsga2-apportion|aurus,ctrl_x,load-balancer-aurus,28,2,1.0,0.0,1.0,0.0
aurus-nsga2-apportion|aurus,ctrl_y,load-balancer-aurus,28,2,0.0,1.0,0.0,0.5
mrs-nsga2-apportion|aurus,cross,ltl2dba-r-2,0,21,0.8095,0.4762,0.4286,0.381
mrs-nsga2-apportion|aurus,cross,ltl2dba-r-2,1,21,0.619,0.4762,0.381,0.381
mrs-nsga2-apportion|aurus,ctrl_x,ltl2dba-r-2,0,21,0.8095,0.5714,0.619,0.5714
mrs-nsga2-apportion|aurus,ctrl_y,ltl2dba-r-2,0,21,0.3333,0.7143,0.2857,0.4286
mrs-nsga2-apportion|aurus,cross,ltl2dba-r-2,2,19,0.7895,0.6842,0.6316,0.5263
mrs-nsga2-apportion|aurus,cross,ltl2dba-r-2,3,19,0.8421,0.6316,0.4211,0.3684
mrs-nsga2-apportion|aurus,ctrl_x,ltl2dba-r-2,2,19,0.7368,0.6316,0.7895,0.4737
mrs-nsga2-apportion|aurus,ctrl_y,ltl2dba-r-2,2,19,0.4211,0.6842,0.6842,0.6316
mrs-nsga2-apportion|aurus,cross,ltl2dba-r-2,4,17,0.7647,0.1765,0.8235,0.1765
mrs-nsga2-apportion|aurus,cross,ltl2dba-r-2,5,17,1.0,0.3529,0.3529,0.4118
mrs-nsga2-apportion|aurus,ctrl_x,ltl2dba-r-2,4,17,0.5882,0.5882,0.4706,0.4118
mrs-nsga2-apportion|aurus,ctrl_y,ltl2dba-r-2,4,17,0.5882,0.7647,0.5882,0.4118
mrs-nsga2-apportion|aurus,cross,ltl2dba-r-2,6,19,0.6842,0.2632,0.5263,0.3684
mrs-nsga2-apportion|aurus,cross,ltl2dba-r-2,7,19,0.8947,0.1053,0.4737,0.2105
mrs-nsga2-apportion|aurus,ctrl_x,ltl2dba-r-2,6,19,0.4211,0.8421,0.3158,0.4737
mrs-nsga2-apportion|aurus,ctrl_y,ltl2dba-r-2,6,19,0.4737,0.7368,0.2632,0.3684
mrs-nsga2-apportion|aurus,cross,ltl2dba-r-2,8,23,0.6957,0.4348,0.6522,0.3478
mrs-nsga2-apportion|aurus,cross,ltl2dba-r-2,9,23,0.5217,0.3043,0.5652,0.2174
mrs-nsga2-apportion|aurus,ctrl_x,ltl2dba-r-2,8,23,0.4783,0.7391,0.5652,0.6957
mrs-nsga2-apportion|aurus,ctrl_y,ltl2dba-r-2,8,23,0.6522,0.6957,0.3913,0.4348
mrs-nsga2-apportion|aurus,cross,ltl2dba-r-2,10,20,0.95,0.35,0.8,0.3
mrs-nsga2-apportion|aurus,cross,ltl2dba-r-2,11,20,0.4,0.4,0.45,0.55
mrs-nsga2-apportion|aurus,ctrl_x,ltl2dba-r-2,10,20,0.8,0.55,0.5,0.4
mrs-nsga2-apportion|aurus,ctrl_y,ltl2dba-r-2,10,20,0.45,0.8,0.35,0.65
mrs-nsga2-apportion|aurus,cross,ltl2dba-r-2,12,16,0.875,0.1875,0.625,0.125
mrs-nsga2-apportion|aurus,cross,ltl2dba-r-2,13,16,0.75,0.3125,0.625,0.3125
mrs-nsga2-apportion|aurus,ctrl_x,ltl2dba-r-2,12,16,0.5,0.4375,0.6875,0.4375
mrs-nsga2-apportion|aurus,ctrl_y,ltl2dba-r-2,12,16,0.875,0.4375,0.375,0.3125
mrs-nsga2-apportion|aurus,cross,ltl2dba-r-2,14,25,0.64,0.2,0.48,0.32
mrs-nsga2-apportion|aurus,cross,ltl2dba-r-2,15,25,0.76,0.32,0.64,0.32
mrs-nsga2-apportion|aurus,ctrl_x,ltl2dba-r-2,14,25,0.44,0.8,0.48,0.6
mrs-nsga2-apportion|aurus,ctrl_y,ltl2dba-r-2,14,25,0.64,0.28,0.36,0.32
mrs-nsga2-apportion|aurus,cross,ltl2dba-r-2,16,20,0.9,0.7,0.45,0.5
mrs-nsga2-apportion|aurus,cross,ltl2dba-r-2,17,20,0.45,0.4,0.3,0.25
mrs-nsga2-apportion|aurus,ctrl_x,ltl2dba-r-2,16,20,0.55,0.75,0.55,0.75
mrs-nsga2-apportion|aurus,ctrl_y,ltl2dba-r-2,16,20,0.75,0.75,0.35,0.8
mrs-nsga2-apportion|aurus,cross,ltl2dba-r-2,18,18,0.7778,0.5556,0.6111,0.5556
mrs-nsga2-apportion|aurus,cross,ltl2dba-r-2,19,18,0.6667,0.5556,0.3889,0.6111
mrs-nsga2-apportion|aurus,ctrl_x,ltl2dba-r-2,18,18,0.5556,0.6667,0.7778,0.5556
mrs-nsga2-apportion|aurus,ctrl_y,ltl2dba-r-2,18,18,0.4444,0.6111,0.6111,0.5556
mrs-nsga2-apportion|aurus,cross,ltl2dba-r-2,20,20,0.9,0.25,0.45,0.3
mrs-nsga2-apportion|aurus,cross,ltl2dba-r-2,21,20,0.7,0.35,0.65,0.2
mrs-nsga2-apportion|aurus,ctrl_x,ltl2dba-r-2,20,20,0.65,0.65,0.55,0.6
mrs-nsga2-apportion|aurus,ctrl_y,ltl2dba-r-2,20,20,0.9,0.45,0.55,0.4
mrs-nsga2-apportion|aurus,cross,ltl2dba-r-2,22,17,0.4118,0.3529,0.5294,0.2941
mrs-nsga2-apportion|aurus,cross,ltl2dba-r-2,23,17,0.5294,0.1765,0.2941,0.1765
mrs-nsga2-apportion|aurus,ctrl_x,ltl2dba-r-2,22,17,0.5882,0.5882,0.5294,0.7059
mrs-nsga2-apportion|aurus,ctrl_y,ltl2dba-r-2,22,17,0.5294,0.5882,0.5882,0.7059
mrs-nsga2-apportion|aurus,cross,ltl2dba-r-2,24,21,0.8571,0.0952,0.6667,0.1429
mrs-nsga2-apportion|aurus,cross,ltl2dba-r-2,25,21,0.9524,0.4286,0.5238,0.3333
mrs-nsga2-apportion|aurus,ctrl_x,ltl2dba-r-2,24,21,0.8095,0.4286,0.7143,0.4762
mrs-nsga2-apportion|aurus,ctrl_y,ltl2dba-r-2,24,21,0.5238,0.4762,0.4286,0.2857
mrs-nsga2-apportion|aurus,cross,ltl2dba-r-2,26,15,0.8,0.2,0.4,0.2
mrs-nsga2-apportion|aurus,cross,ltl2dba-r-2,27,15,0.6667,0.4,0.5333,0.2667
mrs-nsga2-apportion|aurus,ctrl_x,ltl2dba-r-2,26,15,0.8,0.8,0.6667,0.6667
mrs-nsga2-apportion|aurus,ctrl_y,ltl2dba-r-2,26,15,0.8,0.3333,0.7333,0.4
mrs-nsga2-apportion|aurus,cross,ltl2dba-r-2,28,24,0.75,0.3333,0.4167,0.3333
mrs-nsga2-apportion|aurus,cross,ltl2dba-r-2,29,24,0.375,0.375,0.375,0.375
mrs-nsga2-apportion|aurus,ctrl_x,ltl2dba-r-2,28,24,0.5,0.5417,0.5417,0.2917
mrs-nsga2-apportion|aurus,ctrl_y,ltl2dba-r-2,28,24,0.625,0.5833,0.4167,0.5417
mrs-nsga2-apportion|aurus-nsga2-apportion,cross,ltl2dba-r-2,0,21,0.7143,0.6667,0.619,0.5238
mrs-nsga2-apportion|aurus-nsga2-apportion,cross,ltl2dba-r-2,1,21,0.4762,0.5714,0.5238,0.4762
mrs-nsga2-apportion|aurus-nsga2-apportion,ctrl_x,ltl2dba-r-2,0,21,0.8095,0.5714,0.619,0.5714
mrs-nsga2-apportion|aurus-nsga2-apportion,ctrl_y,ltl2dba-r-2,0,21,0.5714,0.8571,0.619,0.5714
mrs-nsga2-apportion|aurus-nsga2-apportion,cross,ltl2dba-r-2,2,21,0.7143,0.3333,0.5238,0.1905
mrs-nsga2-apportion|aurus-nsga2-apportion,cross,ltl2dba-r-2,3,21,0.7619,0.9048,0.6667,0.7619
mrs-nsga2-apportion|aurus-nsga2-apportion,ctrl_x,ltl2dba-r-2,2,21,0.6667,0.6667,0.5714,0.3333
mrs-nsga2-apportion|aurus-nsga2-apportion,ctrl_y,ltl2dba-r-2,2,21,0.381,0.619,0.2857,0.381
mrs-nsga2-apportion|aurus-nsga2-apportion,cross,ltl2dba-r-2,4,17,0.7059,0.5882,0.7059,0.4706
mrs-nsga2-apportion|aurus-nsga2-apportion,cross,ltl2dba-r-2,5,17,0.8235,0.4706,0.4706,0.5882
mrs-nsga2-apportion|aurus-nsga2-apportion,ctrl_x,ltl2dba-r-2,4,17,0.5882,0.5882,0.4706,0.4118
mrs-nsga2-apportion|aurus-nsga2-apportion,ctrl_y,ltl2dba-r-2,4,17,0.4118,0.2353,0.6471,0.3529
mrs-nsga2-apportion|aurus-nsga2-apportion,cross,ltl2dba-r-2,6,19,0.6316,0.5789,0.4211,0.4211
mrs-nsga2-apportion|aurus-nsga2-apportion,cross,ltl2dba-r-2,7,19,0.9474,0.5789,0.6842,0.5263
mrs-nsga2-apportion|aurus-nsga2-apportion,ctrl_x,ltl2dba-r-2,6,19,0.4211,0.8421,0.3158,0.4737
mrs-nsga2-apportion|aurus-nsga2-apportion,ctrl_y,ltl2dba-r-2,6,19,0.4737,0.8947,0.5789,0.7895
mrs-nsga2-apportion|aurus-nsga2-apportion,cross,ltl2dba-r-2,8,20,0.5,0.85,0.45,0.55
mrs-nsga2-apportion|aurus-nsga2-apportion,cross,ltl2dba-r-2,9,20,0.6,0.5,0.45,0.5
mrs-nsga2-apportion|aurus-nsga2-apportion,ctrl_x,ltl2dba-r-2,8,20,0.65,0.65,0.6,0.7
mrs-nsga2-apportion|aurus-nsga2-apportion,ctrl_y,ltl2dba-r-2,8,20,0.75,0.6,0.55,0.35
mrs-nsga2-apportion|aurus-nsga2-apportion,cross,ltl2dba-r-2,10,20,0.75,0.65,0.65,0.6
mrs-nsga2-apportion|aurus-nsga2-apportion,cross,ltl2dba-r-2,11,20,0.5,0.75,0.35,0.35
mrs-nsga2-apportion|aurus-nsga2-apportion,ctrl_x,ltl2dba-r-2,10,20,0.8,0.55,0.5,0.4
mrs-nsga2-apportion|aurus-nsga2-apportion,ctrl_y,ltl2dba-r-2,10,20,0.8,0.5,0.45,0.55
mrs-nsga2-apportion|aurus-nsga2-apportion,cross,ltl2dba-r-2,12,16,0.6875,0.6875,0.75,0.625
mrs-nsga2-apportion|aurus-nsga2-apportion,cross,ltl2dba-r-2,13,16,0.625,0.75,0.6875,0.8125
mrs-nsga2-apportion|aurus-nsga2-apportion,ctrl_x,ltl2dba-r-2,12,16,0.5,0.4375,0.6875,0.4375
mrs-nsga2-apportion|aurus-nsga2-apportion,ctrl_y,ltl2dba-r-2,12,16,0.5625,0.4375,0.5625,0.625
mrs-nsga2-apportion|aurus-nsga2-apportion,cross,ltl2dba-r-2,14,24,0.6667,0.5833,0.7083,0.5833
mrs-nsga2-apportion|aurus-nsga2-apportion,cross,ltl2dba-r-2,15,24,0.7083,0.5833,0.6667,0.5417
mrs-nsga2-apportion|aurus-nsga2-apportion,ctrl_x,ltl2dba-r-2,14,24,0.5417,0.8333,0.4167,0.875
mrs-nsga2-apportion|aurus-nsga2-apportion,ctrl_y,ltl2dba-r-2,14,24,0.6667,0.5417,0.625,0.5417
mrs-nsga2-apportion|aurus-nsga2-apportion,cross,ltl2dba-r-2,16,20,0.6,0.8,0.45,0.65
mrs-nsga2-apportion|aurus-nsga2-apportion,cross,ltl2dba-r-2,17,20,0.7,0.4,0.6,0.65
mrs-nsga2-apportion|aurus-nsga2-apportion,ctrl_x,ltl2dba-r-2,16,20,0.55,0.75,0.55,0.75
mrs-nsga2-apportion|aurus-nsga2-apportion,ctrl_y,ltl2dba-r-2,16,20,0.7,0.7,0.35,0.6
mrs-nsga2-apportion|aurus-nsga2-apportion,cross,ltl2dba-r-2,18,21,0.8095,0.4286,0.4762,0.5714
mrs-nsga2-apportion|aurus-nsga2-apportion,cross,ltl2dba-r-2,19,21,0.7619,0.7619,0.5238,0.6667
mrs-nsga2-apportion|aurus-nsga2-apportion,ctrl_x,ltl2dba-r-2,18,21,0.8571,0.4762,0.6667,0.4762
mrs-nsga2-apportion|aurus-nsga2-apportion,ctrl_y,ltl2dba-r-2,18,21,0.8095,0.619,0.381,0.4762
mrs-nsga2-apportion|aurus-nsga2-apportion,cross,ltl2dba-r-2,20,21,0.619,0.7619,0.4286,0.5714
mrs-nsga2-apportion|aurus-nsga2-apportion,cross,ltl2dba-r-2,21,21,0.9048,0.5238,0.619,0.5238
mrs-nsga2-apportion|aurus-nsga2-apportion,ctrl_x,ltl2dba-r-2,20,21,0.6667,0.7143,0.619,0.7143
mrs-nsga2-apportion|aurus-nsga2-apportion,ctrl_y,ltl2dba-r-2,20,21,0.381,0.8571,0.3333,0.619
mrs-nsga2-apportion|aurus-nsga2-apportion,cross,ltl2dba-r-2,22,17,0.3529,0.8824,0.3529,0.8235
mrs-nsga2-apportion|aurus-nsga2-apportion,cross,ltl2dba-r-2,23,17,0.4706,0.3529,0.4118,0.4706
mrs-nsga2-apportion|aurus-nsga2-apportion,ctrl_x,ltl2dba-r-2,22,17,0.5882,0.5882,0.5294,0.7059
mrs-nsga2-apportion|aurus-nsga2-apportion,ctrl_y,ltl2dba-r-2,22,17,0.2941,0.8824,0.2353,0.6471
mrs-nsga2-apportion|aurus-nsga2-apportion,cross,ltl2dba-r-2,24,21,0.9524,0.381,0.6667,0.3333
mrs-nsga2-apportion|aurus-nsga2-apportion,cross,ltl2dba-r-2,25,21,0.619,0.5238,0.7619,0.5238
mrs-nsga2-apportion|aurus-nsga2-apportion,ctrl_x,ltl2dba-r-2,24,21,0.8095,0.4286,0.7143,0.4762
mrs-nsga2-apportion|aurus-nsga2-apportion,ctrl_y,ltl2dba-r-2,24,21,0.7619,0.5238,0.619,0.5238
mrs-nsga2-apportion|aurus-nsga2-apportion,cross,ltl2dba-r-2,26,17,0.9412,0.7059,0.4706,0.5882
mrs-nsga2-apportion|aurus-nsga2-apportion,cross,ltl2dba-r-2,27,17,0.5882,0.8235,0.4706,0.8824
mrs-nsga2-apportion|aurus-nsga2-apportion,ctrl_x,ltl2dba-r-2,26,17,1.0,0.5882,0.5882,0.6471
mrs-nsga2-apportion|aurus-nsga2-apportion,ctrl_y,ltl2dba-r-2,26,17,0.8824,0.5294,0.8235,0.6471
mrs-nsga2-apportion|aurus-nsga2-apportion,cross,ltl2dba-r-2,28,25,0.64,0.52,0.44,0.4
mrs-nsga2-apportion|aurus-nsga2-apportion,cross,ltl2dba-r-2,29,25,0.56,0.64,0.36,0.52
mrs-nsga2-apportion|aurus-nsga2-apportion,ctrl_x,ltl2dba-r-2,28,25,0.6,0.36,0.52,0.24
mrs-nsga2-apportion|aurus-nsga2-apportion,ctrl_y,ltl2dba-r-2,28,25,0.76,0.52,0.64,0.32
mrs-nsga2-apportion|mrs-weighted,cross,ltl2dba-r-2,0,21,0.619,0.619,0.3333,0.619
mrs-nsga2-apportion|mrs-weighted,cross,ltl2dba-r-2,1,21,0.3333,0.6667,0.2857,0.6667
mrs-nsga2-apportion|mrs-weighted,ctrl_x,ltl2dba-r-2,0,21,0.8095,0.5714,0.619,0.5714
mrs-nsga2-apportion|mrs-weighted,ctrl_y,ltl2dba-r-2,0,21,0.381,0.5714,0.3333,0.5714
mrs-nsga2-apportion|mrs-weighted,cross,ltl2dba-r-2,2,21,0.4762,0.381,0.5714,0.2381
mrs-nsga2-apportion|mrs-weighted,cross,ltl2dba-r-2,3,21,0.5238,0.6667,0.2857,0.6667
mrs-nsga2-apportion|mrs-weighted,ctrl_x,ltl2dba-r-2,2,21,0.6667,0.6667,0.5714,0.3333
mrs-nsga2-apportion|mrs-weighted,ctrl_y,ltl2dba-r-2,2,21,0.8571,0.5238,0.619,0.7619
mrs-nsga2-apportion|mrs-weighted,cross,ltl2dba-r-2,4,17,0.7647,0.4706,0.5882,0.4118
mrs-nsga2-apportion|mrs-weighted,cross,ltl2dba-r-2,5,17,0.7059,0.4118,0.4706,0.5294
mrs-nsga2-apportion|mrs-weighted,ctrl_x,ltl2dba-r-2,4,17,0.5882,0.5882,0.4706,0.4118
mrs-nsga2-apportion|mrs-weighted,ctrl_y,ltl2dba-r-2,4,17,0.2353,0.7647,0.3529,0.5882
mrs-nsga2-apportion|mrs-weighted,cross,ltl2dba-r-2,6,19,0.2632,0.6842,0.2105,0.6316
mrs-nsga2-apportion|mrs-weighted,cross,ltl2dba-r-2,7,19,0.6842,0.5789,0.6316,0.5789
mrs-nsga2-apportion|mrs-weighted,ctrl_x,ltl2dba-r-2,6,19,0.4211,0.8421,0.3158,0.4737
mrs-nsga2-apportion|mrs-weighted,ctrl_y,ltl2dba-r-2,6,19,0.5789,0.5263,0.6316,0.4211
mrs-nsga2-apportion|mrs-weighted,cross,ltl2dba-r-2,8,27,0.4074,0.7037,0.5185,0.5185
mrs-nsga2-apportion|mrs-weighted,cross,ltl2dba-r-2,9,27,0.4074,0.7037,0.5185,0.6296
mrs-nsga2-apportion|mrs-weighted,ctrl_x,ltl2dba-r-2,8,27,0.5926,0.7407,0.5556,0.6667
mrs-nsga2-apportion|mrs-weighted,ctrl_y,ltl2dba-r-2,8,27,0.6296,0.7407,0.5556,0.4444
mrs-nsga2-apportion|mrs-weighted,cross,ltl2dba-r-2,10,20,0.5,0.45,0.4,0.2
mrs-nsga2-apportion|mrs-weighted,cross,ltl2dba-r-2,11,20,0.35,0.9,0.3,0.5
mrs-nsga2-apportion|mrs-weighted,ctrl_x,ltl2dba-r-2,10,20,0.85,0.3,0.55,0.4
mrs-nsga2-apportion|mrs-weighted,ctrl_y,ltl2dba-r-2,10,20,0.7,0.65,0.3,0.45
mrs-nsga2-apportion|mrs-weighted,cross,ltl2dba-r-2,12,16,0.75,0.5,0.625,0.25
mrs-nsga2-apportion|mrs-weighted,cross,ltl2dba-r-2,13,16,0.5,0.4375,0.5625,0.5625
mrs-nsga2-apportion|mrs-weighted,ctrl_x,ltl2dba-r-2,12,16,0.5,0.4375,0.6875,0.4375
mrs-nsga2-apportion|mrs-weighted,ctrl_y,ltl2dba-r-2,12,16,0.6875,0.375,0.6875,0.3125
mrs-nsga2-apportion|mrs-weighted,cross,ltl2dba-r-2,14,28,0.4643,0.4643,0.3571,0.6071
mrs-nsga2-apportion|mrs-weighted,cross,ltl2dba-r-2,15,28,0.4643,0.5714,0.4286,0.4286
mrs-nsga2-apportion|mrs-weighted,ctrl_x,ltl2dba-r-2,14,28,0.5,0.7857,0.5357,0.7143
mrs-nsga2-apportion|mrs-weighted,ctrl_y,ltl2dba-r-2,14,28,0.5714,0.5,0.6071,0.4286
mrs-nsga2-apportion|mrs-weighted,cross,ltl2dba-r-2,16,20,0.5,0.6,0.3,0.55
mrs-nsga2-apportion|mrs-weighted,cross,ltl2dba-r-2,17,20,0.55,0.35,0.5,0.6
mrs-nsga2-apportion|mrs-weighted,ctrl_x,ltl2dba-r-2,16,20,0.55,0.75,0.55,0.75
mrs-nsga2-apportion|mrs-weighted,ctrl_y,ltl2dba-r-2,16,20,0.85,0.65,0.75,0.5
mrs-nsga2-apportion|mrs-weighted,cross,ltl2dba-r-2,18,21,0.619,0.6667,0.5238,0.4286
mrs-nsga2-apportion|mrs-weighted,cross,ltl2dba-r-2,19,21,0.5238,0.619,0.3333,0.619
mrs-nsga2-apportion|mrs-weighted,ctrl_x,ltl2dba-r-2,18,21,0.8571,0.4762,0.6667,0.4762
mrs-nsga2-apportion|mrs-weighted,ctrl_y,ltl2dba-r-2,18,21,0.8095,0.4762,0.4286,0.5714
mrs-nsga2-apportion|mrs-weighted,cross,ltl2dba-r-2,20,21,0.4762,0.7619,0.5238,0.6667
mrs-nsga2-apportion|mrs-weighted,cross,ltl2dba-r-2,21,21,0.619,0.5714,0.7143,0.4762
mrs-nsga2-apportion|mrs-weighted,ctrl_x,ltl2dba-r-2,20,21,0.6667,0.7143,0.619,0.7143
mrs-nsga2-apportion|mrs-weighted,ctrl_y,ltl2dba-r-2,20,21,0.619,0.5238,0.4286,0.619
mrs-nsga2-apportion|mrs-weighted,cross,ltl2dba-r-2,22,17,0.4118,0.5882,0.1765,0.5882
mrs-nsga2-apportion|mrs-weighted,cross,ltl2dba-r-2,23,17,0.3529,0.4706,0.3529,0.7059
mrs-nsga2-apportion|mrs-weighted,ctrl_x,ltl2dba-r-2,22,17,0.5882,0.5882,0.5294,0.7059
mrs-nsga2-apportion|mrs-weighted,ctrl_y,ltl2dba-r-2,22,17,0.5294,0.3529,0.3529,0.7059
mrs-nsga2-apportion|mrs-weighted,cross,ltl2dba-r-2,24,21,0.7619,0.4286,0.5714,0.2857
mrs-nsga2-apportion|mrs-weighted,cross,ltl2dba-r-2,25,21,0.5714,0.8095,0.6667,0.7619
mrs-nsga2-apportion|mrs-weighted,ctrl_x,ltl2dba-r-2,24,21,0.8095,0.4286,0.7143,0.4762
mrs-nsga2-apportion|mrs-weighted,ctrl_y,ltl2dba-r-2,24,21,0.5238,0.7619,0.4762,0.619
mrs-nsga2-apportion|mrs-weighted,cross,ltl2dba-r-2,26,18,0.8889,0.6667,0.3333,0.7222
mrs-nsga2-apportion|mrs-weighted,cross,ltl2dba-r-2,27,18,0.5556,0.5,0.5,0.5
mrs-nsga2-apportion|mrs-weighted,ctrl_x,ltl2dba-r-2,26,18,1.0,0.7778,0.6667,0.7222
mrs-nsga2-apportion|mrs-weighted,ctrl_y,ltl2dba-r-2,26,18,0.7778,0.5556,0.6667,0.5
mrs-nsga2-apportion|mrs-weighted,cross,ltl2dba-r-2,28,26,0.6538,0.6154,0.4615,0.3846
mrs-nsga2-apportion|mrs-weighted,cross,ltl2dba-r-2,29,26,0.5769,0.8077,0.4231,0.7692
mrs-nsga2-apportion|mrs-weighted,ctrl_x,ltl2dba-r-2,28,26,0.5769,0.4615,0.4231,0.2692
mrs-nsga2-apportion|mrs-weighted,ctrl_y,ltl2dba-r-2,28,26,0.8077,0.5769,0.7692,0.4231
aurus-nsga2-apportion|aurus,cross,ltl2dba-r-2,0,23,0.8261,0.6087,0.4348,0.5652
aurus-nsga2-apportion|aurus,cross,ltl2dba-r-2,1,23,0.9565,0.3913,0.4348,0.4348
aurus-nsga2-apportion|aurus,ctrl_x,ltl2dba-r-2,0,23,0.5652,0.6957,0.6522,0.6957
aurus-nsga2-apportion|aurus,ctrl_y,ltl2dba-r-2,0,23,0.4348,0.7826,0.5217,0.3478
aurus-nsga2-apportion|aurus,cross,ltl2dba-r-2,2,19,0.6316,0.7368,0.4737,0.4211
aurus-nsga2-apportion|aurus,cross,ltl2dba-r-2,3,19,0.5263,0.2105,0.4211,0.2632
aurus-nsga2-apportion|aurus,ctrl_x,ltl2dba-r-2,2,19,0.4737,0.4737,0.3684,0.3158
aurus-nsga2-apportion|aurus,ctrl_y,ltl2dba-r-2,2,19,0.4211,0.6842,0.6842,0.6316
aurus-nsga2-apportion|aurus,cross,ltl2dba-r-2,4,22,0.5909,0.3182,0.5455,0.1818
aurus-nsga2-apportion|aurus,cross,ltl2dba-r-2,5,22,0.5909,0.2727,0.5,0.2727
aurus-nsga2-apportion|aurus,ctrl_x,ltl2dba-r-2,4,22,0.6818,0.5,0.8182,0.4545
aurus-nsga2-apportion|aurus,ctrl_y,ltl2dba-r-2,4,22,0.5909,0.4545,0.7273,0.4091
aurus-nsga2-apportion|aurus,cross,ltl2dba-r-2,6,20,0.8,0.45,0.75,0.5
aurus-nsga2-apportion|aurus,cross,ltl2dba-r-2,7,20,0.95,0.05,0.65,0.05
aurus-nsga2-apportion|aurus,ctrl_x,ltl2dba-r-2,6,20,0.6,0.9,0.6,0.55
aurus-nsga2-apportion|aurus,ctrl_y,ltl2dba-r-2,6,20,0.55,0.8,0.3,0.55
aurus-nsga2-apportion|aurus,cross,ltl2dba-r-2,8,20,0.75,0.25,0.6,0.25
aurus-nsga2-apportion|aurus,cross,ltl2dba-r-2,9,20,0.75,0.35,0.35,0.45
aurus-nsga2-apportion|aurus,ctrl_x,ltl2dba-r-2,8,20,0.65,0.7,0.55,0.45
aurus-nsga2-apportion|aurus,ctrl_y,ltl2dba-r-2,8,20,0.65,0.75,0.45,0.55
aurus-nsga2-apportion|aurus,cross,ltl2dba-r-2,10,20,0.75,0.55,0.55,0.4
aurus-nsga2-apportion|aurus,cross,ltl2dba-r-2,11,20,0.6,0.15,0.45,0.15
aurus-nsga2-apportion|aurus,ctrl_x,ltl2dba-r-2,10,20,0.9,0.45,0.6,0.45
aurus-nsga2-apportion|aurus,ctrl_y,ltl2dba-r-2,10,20,0.45,0.8,0.35,0.65
aurus-nsga2-apportion|aurus,cross,ltl2dba-r-2,12,19,0.8947,0.3158,0.6316,0.5263
aurus-nsga2-apportion|aurus,cross,ltl2dba-r-2,13,19,0.8947,0.3158,0.3684,0.2632
aurus-nsga2-apportion|aurus,ctrl_x,ltl2dba-r-2,12,19,0.6316,0.6316,0.6842,0.5789
aurus-nsga2-apportion|aurus,ctrl_y,ltl2dba-r-2,12,19,0.8421,0.6316,0.7895,0.6316
aurus-nsga2-apportion|aurus,cross,ltl2dba-r-2,14,24,0.8333,0.25,0.5417,0.3333
aurus-nsga2-apportion|aurus,cross,ltl2dba-r-2,15,24,0.5,0.5417,0.625,0.4167
aurus-nsga2-apportion|aurus,ctrl_x,ltl2dba-r-2,14,24,0.7083,0.6667,0.6667,0.5417
aurus-nsga2-apportion|aurus,ctrl_y,ltl2dba-r-2,14,24,0.7083,0.2917,0.4167,0.3333
aurus-nsga2-apportion|aurus,cross,ltl2dba-r-2,16,21,0.8571,0.619,0.7619,0.2857
aurus-nsga2-apportion|aurus,cross,ltl2dba-r-2,17,21,0.7619,0.2381,0.381,0.2381
aurus-nsga2-apportion|aurus,ctrl_x,ltl2dba-r-2,16,21,0.4286,0.8095,0.4762,0.619
aurus-nsga2-apportion|aurus,ctrl_y,ltl2dba-r-2,16,21,0.5714,0.7619,0.2857,0.8095
aurus-nsga2-apportion|aurus,cross,ltl2dba-r-2,18,18,0.6667,0.5,0.4444,0.5
aurus-nsga2-apportion|aurus,cross,ltl2dba-r-2,19,18,0.5,0.4444,0.5,0.5556
aurus-nsga2-apportion|aurus,ctrl_x,ltl2dba-r-2,18,18,0.6667,0.6111,0.4444,0.6111
aurus-nsga2-apportion|aurus,ctrl_y,ltl2dba-r-2,18,18,0.4444,0.6111,0.6111,0.5556
aurus-nsga2-apportion|aurus,cross,ltl2dba-r-2,20,20,0.65,0.5,0.5,0.4
aurus-nsga2-apportion|aurus,cross,ltl2dba-r-2,21,20,0.65,0.45,0.5,0.25
aurus-nsga2-apportion|aurus,ctrl_x,ltl2dba-r-2,20,20,0.35,0.75,0.4,0.5
aurus-nsga2-apportion|aurus,ctrl_y,ltl2dba-r-2,20,20,0.9,0.45,0.55,0.4
aurus-nsga2-apportion|aurus,cross,ltl2dba-r-2,22,27,0.6667,0.5926,0.2963,0.4074
aurus-nsga2-apportion|aurus,cross,ltl2dba-r-2,23,27,0.8519,0.2963,0.5556,0.4074
aurus-nsga2-apportion|aurus,ctrl_x,ltl2dba-r-2,22,27,0.5185,0.7407,0.4074,0.7037
aurus-nsga2-apportion|aurus,ctrl_y,ltl2dba-r-2,22,27,0.5185,0.8519,0.4815,0.6667
aurus-nsga2-apportion|aurus,cross,ltl2dba-r-2,24,22,0.5909,0.2727,0.4545,0.2727
aurus-nsga2-apportion|aurus,cross,ltl2dba-r-2,25,22,0.6364,0.5455,0.4091,0.4091
aurus-nsga2-apportion|aurus,ctrl_x,ltl2dba-r-2,24,22,0.9091,0.4545,0.7273,0.5
aurus-nsga2-apportion|aurus,ctrl_y,ltl2dba-r-2,24,22,0.5909,0.3182,0.5,0.1364
aurus-nsga2-apportion|aurus,cross,ltl2dba-r-2,26,15,1.0,0.1333,0.9333,0.2
aurus-nsga2-apportion|aurus,cross,ltl2dba-r-2,27,15,0.8667,0.0,0.4,0.0
aurus-nsga2-apportion|aurus,ctrl_x,ltl2dba-r-2,26,15,0.8667,0.6,0.8667,0.6
aurus-nsga2-apportion|aurus,ctrl_y,ltl2dba-r-2,26,15,0.8,0.3333,0.7333,0.4
aurus-nsga2-apportion|aurus,cross,ltl2dba-r-2,28,24,0.75,0.4583,0.375,0.375
aurus-nsga2-apportion|aurus,cross,ltl2dba-r-2,29,24,0.75,0.4583,0.5,0.5
aurus-nsga2-apportion|aurus,ctrl_x,ltl2dba-r-2,28,24,0.6667,0.6667,0.6667,0.4167
aurus-nsga2-apportion|aurus,ctrl_y,ltl2dba-r-2,28,24,0.625,0.5833,0.4167,0.5417
mrs-nsga2-apportion|aurus,cross,ltl2dba-theta-2,0,13,0.6923,0.3077,0.4615,0.3077
mrs-nsga2-apportion|aurus,cross,ltl2dba-theta-2,1,13,0.6154,0.1538,0.6923,0.1538
mrs-nsga2-apportion|aurus,ctrl_x,ltl2dba-theta-2,0,13,0.6923,0.7692,0.6154,0.5385
mrs-nsga2-apportion|aurus,ctrl_y,ltl2dba-theta-2,0,13,0.3077,0.5385,0.3077,0.4615
mrs-nsga2-apportion|aurus,cross,ltl2dba-theta-2,2,13,0.1538,0.5385,0.1538,0.4615
mrs-nsga2-apportion|aurus,cross,ltl2dba-theta-2,3,13,0.9231,0.8462,0.0769,0.3077
mrs-nsga2-apportion|aurus,ctrl_x,ltl2dba-theta-2,2,13,0.3846,0.6154,0.4615,0.5385
mrs-nsga2-apportion|aurus,ctrl_y,ltl2dba-theta-2,2,13,0.5385,0.6923,0.4615,0.1538
mrs-nsga2-apportion|aurus,cross,ltl2dba-theta-2,4,13,0.8462,0.4615,0.6923,0.0769
mrs-nsga2-apportion|aurus,cross,ltl2dba-theta-2,5,13,0.3077,0.0769,0.2308,0.0769
mrs-nsga2-apportion|aurus,ctrl_x,ltl2dba-theta-2,4,13,0.9231,0.6923,1.0,0.4615
mrs-nsga2-apportion|aurus,ctrl_y,ltl2dba-theta-2,4,13,0.8462,0.7692,0.3846,0.4615
mrs-nsga2-apportion|aurus,cross,ltl2dba-theta-2,8,11,0.2727,0.0909,0.3636,0.1818
mrs-nsga2-apportion|aurus,cross,ltl2dba-theta-2,9,11,0.2727,0.3636,0.1818,0.4545
mrs-nsga2-apportion|aurus,ctrl_x,ltl2dba-theta-2,8,11,0.8182,0.4545,0.5455,0.5455
mrs-nsga2-apportion|aurus,ctrl_y,ltl2dba-theta-2,8,11,0.9091,0.2727,0.7273,0.2727
mrs-nsga2-apportion|aurus,cross,ltl2dba-theta-2,10,21,0.4762,0.2381,0.3333,0.1905
mrs-nsga2-apportion|aurus,cross,ltl2dba-theta-2,11,21,0.381,0.0,0.1429,0.0
mrs-nsga2-apportion|aurus,ctrl_x,ltl2dba-theta-2,10,21,0.619,0.4762,0.381,0.3333
mrs-nsga2-apportion|aurus,ctrl_y,ltl2dba-theta-2,10,21,0.3333,0.4762,0.0952,0.2381
mrs-nsga2-apportion|aurus,cross,ltl2dba-theta-2,12,10,0.0,0.6,0.0,0.5
mrs-nsga2-apportion|aurus,cross,ltl2dba-theta-2,13,10,0.5,0.5,0.5,0.4
mrs-nsga2-apportion|aurus,ctrl_x,ltl2dba-theta-2,12,10,0.9,0.5,0.8,0.6
mrs-nsga2-apportion|aurus,ctrl_y,ltl2dba-theta-2,12,10,0.7,0.4,0.9,0.4
mrs-nsga2-apportion|aurus,cross,ltl2dba-theta-2,14,11,0.4545,0.7273,0.5455,0.3636
mrs-nsga2-apportion|aurus,cross,ltl2dba-theta-2,15,11,0.2727,0.5455,0.4545,0.3636
mrs-nsga2-apportion|aurus,ctrl_x,ltl2dba-theta-2,14,11,0.7273,0.6364,0.9091,0.4545
mrs-nsga2-apportion|aurus,ctrl_y,ltl2dba-theta-2,14,11,0.7273,0.4545,0.3636,0.7273
mrs-nsga2-apportion|aurus,cross,ltl2dba-theta-2,16,16,0.125,0.6875,0.125,0.6875
mrs-nsga2-apportion|aurus,cross,ltl2dba-theta-2,17,16,0.1875,0.75,0.1875,0.3125
mrs-nsga2-apportion|aurus,ctrl_x,ltl2dba-theta-2,16,16,0.4375,0.4375,0.75,0.25
mrs-nsga2-apportion|aurus,ctrl_y,ltl2dba-theta-2,16,16,0.625,0.5,0.4375,0.4375
mrs-nsga2-apportion|aurus,cross,ltl2dba-theta-2,18,12,0.0,0.0,0.0,0.0
mrs-nsga2-apportion|aurus,cross,ltl2dba-theta-2,19,12,0.5,0.5,0.1667,0.4167
mrs-nsga2-apportion|aurus,ctrl_x,ltl2dba-theta-2,18,12,0.4167,0.5833,0.5,0.1667
mrs-nsga2-apportion|aurus,ctrl_y,ltl2dba-theta-2,18,12,0.0,0.6667,0.0,0.0833
mrs-nsga2-apportion|aurus,cross,ltl2dba-theta-2,20,8,0.0,0.0,0.0,0.0
mrs-nsga2-apportion|aurus,cross,ltl2dba-theta-2,21,8,0.875,0.75,0.75,0.375
mrs-nsga2-apportion|aurus,ctrl_x,ltl2dba-theta-2,20,8,0.375,1.0,0.25,0.75
mrs-nsga2-apportion|aurus,ctrl_y,ltl2dba-theta-2,20,8,0.75,0.875,0.25,0.375
mrs-nsga2-apportion|aurus,cross,ltl2dba-theta-2,22,12,0.3333,0.3333,0.75,0.1667
mrs-nsga2-apportion|aurus,cross,ltl2dba-theta-2,23,12,0.25,0.25,0.1667,0.6667
mrs-nsga2-apportion|aurus,ctrl_x,ltl2dba-theta-2,22,12,0.5833,0.6667,0.6667,0.5833
mrs-nsga2-apportion|aurus,ctrl_y,ltl2dba-theta-2,22,12,0.8333,0.8333,0.6667,0.3333
mrs-nsga2-apportion|aurus,cross,ltl2dba-theta-2,24,18,0.3333,0.5,0.3333,0.1667
mrs-nsga2-apportion|aurus,cross,ltl2dba-theta-2,25,18,0.7222,0.1667,0.4444,0.3333
mrs-nsga2-apportion|aurus,ctrl_x,ltl2dba-theta-2,24,18,0.6111,0.6111,0.7222,0.4444
mrs-nsga2-apportion|aurus,ctrl_y,ltl2dba-theta-2,24,18,0.0556,0.8333,0.0556,0.2222
mrs-nsga2-apportion|aurus,cross,ltl2dba-theta-2,26,26,0.6538,0.1154,0.5,0.1154
mrs-nsga2-apportion|aurus,cross,ltl2dba-theta-2,27,26,0.6154,0.1538,0.5385,0.1538
mrs-nsga2-apportion|aurus,ctrl_x,ltl2dba-theta-2,26,26,0.5769,0.4231,0.3846,0.3846
mrs-nsga2-apportion|aurus,ctrl_y,ltl2dba-theta-2,26,26,0.5769,0.5,0.3077,0.3846
mrs-nsga2-apportion|aurus,cross,ltl2dba-theta-2,28,13,0.4615,0.3077,0.3077,0.5385
mrs-nsga2-apportion|aurus,cross,ltl2dba-theta-2,29,13,0.5385,0.7692,0.1538,0.3846
mrs-nsga2-apportion|aurus,ctrl_x,ltl2dba-theta-2,28,13,0.4615,0.5385,0.3846,0.5385
mrs-nsga2-apportion|aurus,ctrl_y,ltl2dba-theta-2,28,13,0.6923,0.4615,0.5385,0.4615
mrs-nsga2-apportion|aurus-nsga2-apportion,cross,ltl2dba-theta-2,0,12,0.75,0.4167,0.75,0.5833
mrs-nsga2-apportion|aurus-nsga2-apportion,cross,ltl2dba-theta-2,1,12,0.6667,0.5833,0.75,0.5833
mrs-nsga2-apportion|aurus-nsga2-apportion,ctrl_x,ltl2dba-theta-2,0,12,0.75,0.6667,0.5,0.75
mrs-nsga2-apportion|aurus-nsga2-apportion,ctrl_y,ltl2dba-theta-2,0,12,0.5833,0.9167,0.6667,0.75
mrs-nsga2-apportion|aurus-nsga2-apportion,cross,ltl2dba-theta-2,2,11,0.0909,0.6364,0.2727,0.2727
mrs-nsga2-apportion|aurus-nsga2-apportion,cross,ltl2dba-theta-2,3,11,0.2727,0.5455,0.6364,0.4545
mrs-nsga2-apportion|aurus-nsga2-apportion,ctrl_x,ltl2dba-theta-2,2,11,0.4545,0.0,0.5455,0.0
mrs-nsga2-apportion|aurus-nsga2-apportion,ctrl_y,ltl2dba-theta-2,2,11,0.1818,0.6364,0.4545,0.7273
mrs-nsga2-apportion|aurus-nsga2-apportion,cross,ltl2dba-theta-2,4,13,0.7692,0.4615,0.9231,0.3846
mrs-nsga2-apportion|aurus-nsga2-apportion,cross,ltl2dba-theta-2,5,13,0.8462,0.9231,0.4615,0.7692
mrs-nsga2-apportion|aurus-nsga2-apportion,ctrl_x,ltl2dba-theta-2,4,13,0.9231,0.6923,1.0,0.4615
mrs-nsga2-apportion|aurus-nsga2-apportion,ctrl_y,ltl2dba-theta-2,4,13,0.6154,0.6154,0.5385,0.6923
mrs-nsga2-apportion|aurus-nsga2-apportion,cross,ltl2dba-theta-2,6,18,0.6111,0.3333,0.6111,0.5
mrs-nsga2-apportion|aurus-nsga2-apportion,cross,ltl2dba-theta-2,7,18,0.3889,0.5,0.3889,0.2222
mrs-nsga2-apportion|aurus-nsga2-apportion,ctrl_x,ltl2dba-theta-2,6,18,0.7222,0.5,0.5556,0.6111
mrs-nsga2-apportion|aurus-nsga2-apportion,ctrl_y,ltl2dba-theta-2,6,18,0.7222,0.6667,0.3889,0.6667
mrs-nsga2-apportion|aurus-nsga2-apportion,cross,ltl2dba-theta-2,8,14,0.0714,0.3571,0.0714,0.5
mrs-nsga2-apportion|aurus-nsga2-apportion,cross,ltl2dba-theta-2,9,14,0.3571,0.8571,0.3571,0.6429
mrs-nsga2-apportion|aurus-nsga2-apportion,ctrl_x,ltl2dba-theta-2,8,14,0.7143,0.6429,0.5714,0.4286
mrs-nsga2-apportion|aurus-nsga2-apportion,ctrl_y,ltl2dba-theta-2,8,14,0.4286,0.4286,0.2857,0.9286
mrs-nsga2-apportion|aurus-nsga2-apportion,cross,ltl2dba-theta-2,10,16,0.625,0.75,0.75,0.5625
mrs-nsga2-apportion|aurus-nsga2-apportion,cross,ltl2dba-theta-2,11,16,0.6875,0.5,0.5,0.5625
mrs-nsga2-apportion|aurus-nsga2-apportion,ctrl_x,ltl2dba-theta-2,10,16,0.6875,0.625,0.5625,0.4375
mrs-nsga2-apportion|aurus-nsga2-apportion,ctrl_y,ltl2dba-theta-2,10,16,0.625,0.75,0.5625,0.75
mrs-nsga2-apportion|aurus-nsga2-apportion,cross,ltl2dba-theta-2,12,10,0.3,0.1,0.3,0.6
mrs-nsga2-apportion|aurus-nsga2-apportion,cross,ltl2dba-theta-2,13,10,0.5,0.8,1.0,0.8
mrs-nsga2-apportion|aurus-nsga2-apportion,ctrl_x,ltl2dba-theta-2,12,10,0.9,0.5,0.8,0.6
mrs-nsga2-apportion|aurus-nsga2-apportion,ctrl_y,ltl2dba-theta-2,12,10,1.0,0.4,0.9,0.2
mrs-nsga2-apportion|aurus-nsga2-apportion,cross,ltl2dba-theta-2,14,14,0.8571,0.5714,0.6429,0.2857
mrs-nsga2-apportion|aurus-nsga2-apportion,cross,ltl2dba-theta-2,15,14,0.4286,0.6429,0.5,0.2857
mrs-nsga2-apportion|aurus-nsga2-apportion,ctrl_x,ltl2dba-theta-2,14,14,0.5714,0.3571,0.6429,0.3571
mrs-nsga2-apportion|aurus-nsga2-apportion,ctrl_y,ltl2dba-theta-2,14,14,1.0,0.3571,0.5714,0.2143
mrs-nsga2-apportion|aurus-nsga2-apportion,cross,ltl2dba-theta-2,16,10,0.8,0.6,0.7,0.3
mrs-nsga2-apportion|aurus-nsga2-apportion,cross,ltl2dba-theta-2,17,10,0.5,0.9,0.2,0.5
mrs-nsga2-apportion|aurus-nsga2-apportion,ctrl_x,ltl2dba-theta-2,16,10,0.2,0.7,0.7,0.3
mrs-nsga2-apportion|aurus-nsga2-apportion,ctrl_y,ltl2dba-theta-2,16,10,0.2,0.6,0.3,0.6
mrs-nsga2-apportion|aurus-nsga2-apportion,cross,ltl2dba-theta-2,18,10,0.5,0.7,0.5,0.7
mrs-nsga2-apportion|aurus-nsga2-apportion,cross,ltl2dba-theta-2,19,10,0.5,0.8,0.7,0.6
mrs-nsga2-apportion|aurus-nsga2-apportion,ctrl_x,ltl2dba-theta-2,18,10,0.8,0.9,0.9,0.3
mrs-nsga2-apportion|aurus-nsga2-apportion,ctrl_y,ltl2dba-theta-2,18,10,0.8,0.2,0.4,0.9
mrs-nsga2-apportion|aurus-nsga2-apportion,cross,ltl2dba-theta-2,20,8,0.75,0.625,0.5,0.625
mrs-nsga2-apportion|aurus-nsga2-apportion,cross,ltl2dba-theta-2,21,8,0.75,0.75,1.0,0.5
mrs-nsga2-apportion|aurus-nsga2-apportion,ctrl_x,ltl2dba-theta-2,20,8,0.375,1.0,0.25,0.75
mrs-nsga2-apportion|aurus-nsga2-apportion,ctrl_y,ltl2dba-theta-2,20,8,0.875,1.0,0.875,0.75
mrs-nsga2-apportion|aurus-nsga2-apportion,cross,ltl2dba-theta-2,22,8,0.125,0.25,0.125,0.875
mrs-nsga2-apportion|aurus-nsga2-apportion,cross,ltl2dba-theta-2,23,8,0.625,0.625,0.75,1.0
mrs-nsga2-apportion|aurus-nsga2-apportion,ctrl_x,ltl2dba-theta-2,22,8,0.75,0.375,0.625,0.25
mrs-nsga2-apportion|aurus-nsga2-apportion,ctrl_y,ltl2dba-theta-2,22,8,0.875,0.625,0.5,1.0
mrs-nsga2-apportion|aurus-nsga2-apportion,cross,ltl2dba-theta-2,24,13,0.6154,0.6923,0.2308,0.6923
mrs-nsga2-apportion|aurus-nsga2-apportion,cross,ltl2dba-theta-2,25,13,0.3846,0.6154,0.5385,0.8462
mrs-nsga2-apportion|aurus-nsga2-apportion,ctrl_x,ltl2dba-theta-2,24,13,0.4615,0.4615,0.6154,0.3846
mrs-nsga2-apportion|aurus-nsga2-apportion,ctrl_y,ltl2dba-theta-2,24,13,0.6923,0.2308,0.9231,0.2308
mrs-nsga2-apportion|aurus-nsga2-apportion,cross,ltl2dba-theta-2,26,24,0.625,0.375,0.625,0.25
mrs-nsga2-apportion|aurus-nsga2-apportion,cross,ltl2dba-theta-2,27,24,0.5,0.4583,0.7917,0.5417
mrs-nsga2-apportion|aurus-nsga2-apportion,ctrl_x,ltl2dba-theta-2,26,24,0.5417,0.5,0.375,0.5
mrs-nsga2-apportion|aurus-nsga2-apportion,ctrl_y,ltl2dba-theta-2,26,24,0.5417,0.2917,0.7083,0.25
mrs-nsga2-apportion|aurus-nsga2-apportion,cross,ltl2dba-theta-2,28,12,0.5,0.6667,0.4167,1.0
mrs-nsga2-apportion|aurus-nsga2-apportion,cross,ltl2dba-theta-2,29,12,0.5833,0.6667,0.8333,0.5833
mrs-nsga2-apportion|aurus-nsga2-apportion,ctrl_x,ltl2dba-theta-2,28,12,0.5833,0.4167,0.5,0.6667
mrs-nsga2-apportion|aurus-nsga2-apportion,ctrl_y,ltl2dba-theta-2,28,12,0.6667,0.5833,0.3333,0.8333
mrs-nsga2-apportion|mrs-weighted,cross,ltl2dba-theta-2,0,13,0.6923,0.7692,0.6154,0.3846
mrs-nsga2-apportion|mrs-weighted,cross,ltl2dba-theta-2,1,13,0.5385,0.2308,0.3846,0.0769
mrs-nsga2-apportion|mrs-weighted,ctrl_x,ltl2dba-theta-2,0,13,0.6923,0.7692,0.6154,0.5385
mrs-nsga2-apportion|mrs-weighted,ctrl_y,ltl2dba-theta-2,0,13,0.5385,0.6154,0.3077,0.6154
mrs-nsga2-apportion|mrs-weighted,cross,ltl2dba-theta-2,2,16,0.375,0.5,0.5625,0.4375
mrs-nsga2-apportion|mrs-weighted,cross,ltl2dba-theta-2,3,16,0.4375,0.1875,0.625,0.25
mrs-nsga2-apportion|mrs-weighted,ctrl_x,ltl2dba-theta-2,2,16,0.4375,0.5,0.5625,0.1875
mrs-nsga2-apportion|mrs-weighted,ctrl_y,ltl2dba-theta-2,2,16,0.1875,0.1875,0.1875,0.375
mrs-nsga2-apportion|mrs-weighted,cross,ltl2dba-theta-2,4,13,0.5385,0.6154,0.7692,0.3846
mrs-nsga2-apportion|mrs-weighted,cross,ltl2dba-theta-2,5,13,0.3846,0.3846,0.3077,0.6923
mrs-nsga2-apportion|mrs-weighted,ctrl_x,ltl2dba-theta-2,4,13,0.9231,0.6923,1.0,0.4615
mrs-nsga2-apportion|mrs-weighted,ctrl_y,ltl2dba-theta-2,4,13,0.3077,0.2308,0.7692,0.0769
mrs-nsga2-apportion|mrs-weighted,cross,ltl2dba-theta-2,6,18,0.5,0.2222,0.6111,0.3889
mrs-nsga2-apportion|mrs-weighted,cross,ltl2dba-theta-2,7,18,0.1667,0.5556,0.2222,0.6667
mrs-nsga2-apportion|mrs-weighted,ctrl_x,ltl2dba-theta-2,6,18,0.7222,0.5,0.5556,0.6111
mrs-nsga2-apportion|mrs-weighted,ctrl_y,ltl2dba-theta-2,6,18,0.8333,0.3889,0.7222,0.2778
mrs-nsga2-apportion|mrs-weighted,cross,ltl2dba-theta-2,8,14,0.0714,0.6429,0.0714,0.5
mrs-nsga2-apportion|mrs-weighted,cross,ltl2dba-theta-2,9,14,0.2857,0.3571,0.1429,0.2857
mrs-nsga2-apportion|mrs-weighted,ctrl_x,ltl2dba-theta-2,8,14,0.7143,0.6429,0.5714,0.4286
mrs-nsga2-apportion|mrs-weighted,ctrl_y,ltl2dba-theta-2,8,14,0.2857,0.5,0.5714,0.3571
mrs-nsga2-apportion|mrs-weighted,cross,ltl2dba-theta-2,10,21,0.3333,0.4286,0.381,0.3333
mrs-nsga2-apportion|mrs-weighted,cross,ltl2dba-theta-2,11,21,0.4762,0.619,0.1429,0.6667
mrs-nsga2-apportion|mrs-weighted,ctrl_x,ltl2dba-theta-2,10,21,0.619,0.4762,0.381,0.3333
mrs-nsga2-apportion|mrs-weighted,ctrl_y,ltl2dba-theta-2,10,21,0.2857,0.381,0.2381,0.4286
mrs-nsga2-apportion|mrs-weighted,cross,ltl2dba-theta-2,12,10,0.2,0.4,0.4,0.5
mrs-nsga2-apportion|mrs-weighted,cross,ltl2dba-theta-2,13,10,0.4,0.5,0.4,0.3
mrs-nsga2-apportion|mrs-weighted,ctrl_x,ltl2dba-theta-2,12,10,0.9,0.5,0.8,0.6
mrs-nsga2-apportion|mrs-weighted,ctrl_y,ltl2dba-theta-2,12,10,0.1,0.6,0.6,0.1
mrs-nsga2-apportion|mrs-weighted,cross,ltl2dba-theta-2,14,19,0.6316,0.5263,0.1579,0.2105
mrs-nsga2-apportion|mrs-weighted,cross,ltl2dba-theta-2,15,19,0.4737,0.6316,0.2632,0.4211
mrs-nsga2-apportion|mrs-weighted,ctrl_x,ltl2dba-theta-2,14,19,0.6842,0.5789,0.6316,0.3684
mrs-nsga2-apportion|mrs-weighted,ctrl_y,ltl2dba-theta-2,14,19,0.2632,0.7368,0.2632,0.8421
mrs-nsga2-apportion|mrs-weighted,cross,ltl2dba-theta-2,16,18,0.6111,0.2778,0.6111,0.3333
mrs-nsga2-apportion|mrs-weighted,cross,ltl2dba-theta-2,17,18,0.7778,0.7222,0.2222,0.7222
mrs-nsga2-apportion|mrs-weighted,ctrl_x,ltl2dba-theta-2,16,18,0.5,0.4444,0.7222,0.2778
mrs-nsga2-apportion|mrs-weighted,ctrl_y,ltl2dba-theta-2,16,18,0.8333,0.5556,0.7778,0.5556
mrs-nsga2-apportion|mrs-weighted,cross,ltl2dba-theta-2,18,12,0.5833,0.9167,0.25,0.9167
mrs-nsga2-apportion|mrs-weighted,cross,ltl2dba-theta-2,19,12,0.4167,0.6667,0.25,0.6667
mrs-nsga2-apportion|mrs-weighted,ctrl_x,ltl2dba-theta-2,18,12,0.4167,0.5833,0.5,0.1667
mrs-nsga2-apportion|mrs-weighted,ctrl_y,ltl2dba-theta-2,18,12,0.5833,0.3333,0.6667,0.5
mrs-nsga2-apportion|mrs-weighted,cross,ltl2dba-theta-2,20,8,0.25,0.375,0.75,0.5
mrs-nsga2-apportion|mrs-weighted,cross,ltl2dba-theta-2,21,8,0.875,0.875,0.625,0.5
mrs-nsga2-apportion|mrs-weighted,ctrl_x,ltl2dba-theta-2,20,8,0.375,1.0,0.25,0.75
mrs-nsga2-apportion|mrs-weighted,ctrl_y,ltl2dba-theta-2,20,8,0.625,0.875,0.375,0.625
mrs-nsga2-apportion|mrs-weighted,cross,ltl2dba-theta-2,22,20,0.55,0.35,0.4,0.4
mrs-nsga2-apportion|mrs-weighted,cross,ltl2dba-theta-2,23,20,0.5,0.5,0.35,0.6
mrs-nsga2-apportion|mrs-weighted,ctrl_x,ltl2dba-theta-2,22,20,0.6,0.5,0.65,0.55
mrs-nsga2-apportion|mrs-weighted,ctrl_y,ltl2dba-theta-2,22,20,0.6,0.2,0.65,0.15
mrs-nsga2-apportion|mrs-weighted,cross,ltl2dba-theta-2,24,18,0.6667,0.5556,0.7222,0.3889
mrs-nsga2-apportion|mrs-weighted,cross,ltl2dba-theta-2,25,18,0.6111,0.5556,0.5,0.6667
mrs-nsga2-apportion|mrs-weighted,ctrl_x,ltl2dba-theta-2,24,18,0.6111,0.6111,0.7222,0.4444
mrs-nsga2-apportion|mrs-weighted,ctrl_y,ltl2dba-theta-2,24,18,0.5,0.5,0.6667,0.3889
mrs-nsga2-apportion|mrs-weighted,cross,ltl2dba-theta-2,26,26,0.1923,0.8846,0.1923,0.4615
mrs-nsga2-apportion|mrs-weighted,cross,ltl2dba-theta-2,27,26,0.4231,0.7692,0.5,0.3846
mrs-nsga2-apportion|mrs-weighted,ctrl_x,ltl2dba-theta-2,26,26,0.5769,0.4231,0.3846,0.3846
mrs-nsga2-apportion|mrs-weighted,ctrl_y,ltl2dba-theta-2,26,26,0.2308,0.8846,0.1923,0.5
mrs-nsga2-apportion|mrs-weighted,cross,ltl2dba-theta-2,28,13,0.4615,0.3846,0.6154,0.2308
mrs-nsga2-apportion|mrs-weighted,cross,ltl2dba-theta-2,29,13,0.5385,0.6154,0.3077,0.3077
mrs-nsga2-apportion|mrs-weighted,ctrl_x,ltl2dba-theta-2,28,13,0.4615,0.5385,0.3846,0.5385
mrs-nsga2-apportion|mrs-weighted,ctrl_y,ltl2dba-theta-2,28,13,0.5385,0.3077,0.5385,0.2308
aurus-nsga2-apportion|aurus,cross,ltl2dba-theta-2,0,12,0.4167,0.25,0.5833,0.1667
aurus-nsga2-apportion|aurus,cross,ltl2dba-theta-2,1,12,0.75,0.0833,0.5,0.0833
aurus-nsga2-apportion|aurus,ctrl_x,ltl2dba-theta-2,0,12,0.5833,0.5833,0.5833,0.4167
aurus-nsga2-apportion|aurus,ctrl_y,ltl2dba-theta-2,0,12,0.25,0.8333,0.25,0.4167
aurus-nsga2-apportion|aurus,cross,ltl2dba-theta-2,2,11,0.2727,0.6364,0.2727,0.6364
aurus-nsga2-apportion|aurus,cross,ltl2dba-theta-2,3,11,0.9091,0.6364,0.7273,0.3636
aurus-nsga2-apportion|aurus,ctrl_x,ltl2dba-theta-2,2,11,0.4545,0.6364,0.3636,0.8182
aurus-nsga2-apportion|aurus,ctrl_y,ltl2dba-theta-2,2,11,1.0,0.8182,0.4545,0.0909
aurus-nsga2-apportion|aurus,cross,ltl2dba-theta-2,4,14,0.2857,0.4286,0.2857,0.0714
aurus-nsga2-apportion|aurus,cross,ltl2dba-theta-2,5,14,0.3571,0.2857,0.3571,0.2143
aurus-nsga2-apportion|aurus,ctrl_x,ltl2dba-theta-2,4,14,0.6429,0.5714,0.5714,0.5714
aurus-nsga2-apportion|aurus,ctrl_y,ltl2dba-theta-2,4,14,0.6429,0.5,0.3571,0.2857
aurus-nsga2-apportion|aurus,cross,ltl2dba-theta-2,8,11,0.6364,0.1818,0.5455,0.2727
aurus-nsga2-apportion|aurus,cross,ltl2dba-theta-2,9,11,0.5455,0.0909,0.5455,0.0909
aurus-nsga2-apportion|aurus,ctrl_x,ltl2dba-theta-2,8,11,0.6364,0.8182,0.5455,0.4545
aurus-nsga2-apportion|aurus,ctrl_y,ltl2dba-theta-2,8,11,0.9091,0.2727,0.7273,0.2727
aurus-nsga2-apportion|aurus,cross,ltl2dba-theta-2,10,16,0.625,0.3125,0.25,0.375
aurus-nsga2-apportion|aurus,cross,ltl2dba-theta-2,11,16,0.6875,0.75,0.625,0.5
aurus-nsga2-apportion|aurus,ctrl_x,ltl2dba-theta-2,10,16,0.25,0.6875,0.5625,0.6875
aurus-nsga2-apportion|aurus,ctrl_y,ltl2dba-theta-2,10,16,0.5,0.4375,0.4375,0.25
aurus-nsga2-apportion|aurus,cross,ltl2dba-theta-2,12,11,0.6364,0.1818,0.5455,0.2727
aurus-nsga2-apportion|aurus,cross,ltl2dba-theta-2,13,11,0.4545,0.9091,0.3636,0.7273
aurus-nsga2-apportion|aurus,ctrl_x,ltl2dba-theta-2,12,11,1.0,0.4545,0.7273,0.5455
aurus-nsga2-apportion|aurus,ctrl_y,ltl2dba-theta-2,12,11,0.5455,0.4545,0.8182,0.5455
aurus-nsga2-apportion|aurus,cross,ltl2dba-theta-2,14,11,0.5455,0.5455,0.2727,0.5455
aurus-nsga2-apportion|aurus,cross,ltl2dba-theta-2,15,11,0.1818,0.4545,0.1818,0.2727
aurus-nsga2-apportion|aurus,ctrl_x,ltl2dba-theta-2,14,11,0.3636,0.2727,0.5455,0.1818
aurus-nsga2-apportion|aurus,ctrl_y,ltl2dba-theta-2,14,11,0.7273,0.4545,0.3636,0.7273
aurus-nsga2-apportion|aurus,cross,ltl2dba-theta-2,16,10,0.3,0.9,0.4,0.8
aurus-nsga2-apportion|aurus,cross,ltl2dba-theta-2,17,10,0.4,0.5,0.4,0.2
aurus-nsga2-apportion|aurus,ctrl_x,ltl2dba-theta-2,16,10,0.3,0.7,0.4,0.6
aurus-nsga2-apportion|aurus,ctrl_y,ltl2dba-theta-2,16,10,0.8,0.8,0.2,0.2
aurus-nsga2-apportion|aurus,cross,ltl2dba-theta-2,18,10,0.1,0.9,0.1,0.2
aurus-nsga2-apportion|aurus,cross,ltl2dba-theta-2,19,10,0.4,0.3,0.3,0.4
aurus-nsga2-apportion|aurus,ctrl_x,ltl2dba-theta-2,18,10,0.8,0.5,0.4,0.8
aurus-nsga2-apportion|aurus,ctrl_y,ltl2dba-theta-2,18,10,0.9,0.9,0.2,0.2
aurus-nsga2-apportion|aurus,cross,ltl2dba-theta-2,20,10,0.5,0.3,0.5,0.2
aurus-nsga2-apportion|aurus,cross,ltl2dba-theta-2,21,10,0.6,0.6,0.3,0.5
aurus-nsga2-apportion|aurus,ctrl_x,ltl2dba-theta-2,20,10,1.0,0.6,0.8,0.6
aurus-nsga2-apportion|aurus,ctrl_y,ltl2dba-theta-2,20,10,0.8,0.5,0.5,0.5
aurus-nsga2-apportion|aurus,cross,ltl2dba-theta-2,22,8,0.75,0.5,0.875,0.5
aurus-nsga2-apportion|aurus,cross,ltl2dba-theta-2,23,8,0.25,0.875,0.25,0.625
aurus-nsga2-apportion|aurus,ctrl_x,ltl2dba-theta-2,22,8,1.0,0.5,1.0,0.625
aurus-nsga2-apportion|aurus,ctrl_y,ltl2dba-theta-2,22,8,1.0,0.75,0.75,0.375
aurus-nsga2-apportion|aurus,cross,ltl2dba-theta-2,24,13,0.3077,0.2308,0.8462,0.0769
aurus-nsga2-apportion|aurus,cross,ltl2dba-theta-2,25,13,0.8462,0.2308,0.4615,0.3077
aurus-nsga2-apportion|aurus,ctrl_x,ltl2dba-theta-2,24,13,0.6154,0.6923,0.5385,0.9231
aurus-nsga2-apportion|aurus,ctrl_y,ltl2dba-theta-2,24,13,0.2308,0.6923,0.2308,0.3077
aurus-nsga2-apportion|aurus,cross,ltl2dba-theta-2,26,24,0.5,0.375,0.5833,0.3333
aurus-nsga2-apportion|aurus,cross,ltl2dba-theta-2,27,24,0.375,0.2083,0.2083,0.3333
aurus-nsga2-apportion|aurus,ctrl_x,ltl2dba-theta-2,26,24,0.5417,0.4167,0.7083,0.375
aurus-nsga2-apportion|aurus,ctrl_y,ltl2dba-theta-2,26,24,0.4167,0.4583,0.375,0.4583
aurus-nsga2-apportion|aurus,cross,ltl2dba-theta-2,28,12,1.0,0.1667,0.5833,0.25
aurus-nsga2-apportion|aurus,cross,ltl2dba-theta-2,29,12,0.0833,0.3333,0.25,0.0833
aurus-nsga2-apportion|aurus,ctrl_x,ltl2dba-theta-2,28,12,0.8333,0.1667,0.25,0.75
aurus-nsga2-apportion|aurus,ctrl_y,ltl2dba-theta-2,28,12,0.75,0.3333,0.25,0.0833
mrs-nsga2-apportion|aurus,cross,ltl2dba27,0,15,0.6667,0.5333,0.5333,0.5333
mrs-nsga2-apportion|aurus,cross,ltl2dba27,1,15,0.7333,0.4,0.6,0.3333
mrs-nsga2-apportion|aurus,ctrl_x,ltl2dba27,0,15,0.7333,0.6,0.5333,0.4
mrs-nsga2-apportion|aurus,ctrl_y,ltl2dba27,0,15,1.0,0.6667,0.5333,0.4667
mrs-nsga2-apportion|aurus,cross,ltl2dba27,2,13,0.9231,0.5385,0.7692,0.6154
mrs-nsga2-apportion|aurus,cross,ltl2dba27,3,13,0.4615,0.3077,0.3846,0.3077
mrs-nsga2-apportion|aurus,ctrl_x,ltl2dba27,2,13,0.6923,0.5385,1.0,0.4615
mrs-nsga2-apportion|aurus,ctrl_y,ltl2dba27,2,13,0.5385,0.6154,0.4615,0.6154
mrs-nsga2-apportion|aurus,cross,ltl2dba27,4,6,1.0,0.5,0.8333,0.6667
mrs-nsga2-apportion|aurus,cross,ltl2dba27,5,6,0.8333,1.0,0.8333,0.6667
mrs-nsga2-apportion|aurus,ctrl_x,ltl2dba27,4,6,1.0,0.5,0.8333,0.6667
mrs-nsga2-apportion|aurus,ctrl_y,ltl2dba27,4,6,0.3333,0.5,0.3333,1.0
mrs-nsga2-apportion|aurus,cross,ltl2dba27,6,12,0.5,0.1667,0.5,0.25
mrs-nsga2-apportion|aurus,cross,ltl2dba27,7,12,0.75,0.4167,0.9167,0.3333
mrs-nsga2-apportion|aurus,ctrl_x,ltl2dba27,6,12,0.5,0.3333,0.3333,0.5833
mrs-nsga2-apportion|aurus,ctrl_y,ltl2dba27,6,12,0.5833,0.4167,0.3333,0.25
mrs-nsga2-apportion|aurus,cross,ltl2dba27,8,7,0.7143,0.7143,0.4286,0.5714
mrs-nsga2-apportion|aurus,cross,ltl2dba27,9,7,0.8571,0.5714,0.4286,0.2857
mrs-nsga2-apportion|aurus,ctrl_x,ltl2dba27,8,7,0.4286,0.8571,0.4286,0.8571
mrs-nsga2-apportion|aurus,ctrl_y,ltl2dba27,8,7,0.8571,1.0,0.5714,0.8571
mrs-nsga2-apportion|aurus,cross,ltl2dba27,10,13,0.6923,0.4615,0.5385,0.3846
mrs-nsga2-apportion|aurus,cross,ltl2dba27,11,13,0.6923,0.7692,0.4615,0.6154
mrs-nsga2-apportion|aurus,ctrl_x,ltl2dba27,10,13,0.6154,0.6923,0.5385,0.5385
mrs-nsga2-apportion|aurus,ctrl_y,ltl2dba27,10,13,0.8462,0.6923,0.7692,0.7692
mrs-nsga2-apportion|aurus,cross,ltl2dba27,12,12,0.25,0.5833,0.1667,0.5833
mrs-nsga2-apportion|aurus,cross,ltl2dba27,13,12,0.8333,0.8333,0.5833,0.5
mrs-nsga2-apportion|aurus,ctrl_x,ltl2dba27,12,12,0.3333,0.9167,0.3333,0.75
mrs-nsga2-apportion|aurus,ctrl_y,ltl2dba27,12,12,0.75,0.9167,0.6667,0.3333
mrs-nsga2-apportion|aurus,cross,ltl2dba27,14,9,0.6667,0.7778,0.3333,0.4444
mrs-nsga2-apportion|aurus,cross,ltl2dba27,15,9,0.5556,0.5556,0.2222,0.5556
mrs-nsga2-apportion|aurus,ctrl_x,ltl2dba27,14,9,0.6667,0.6667,0.8889,0.5556
mrs-nsga2-apportion|aurus,ctrl_y,ltl2dba27,14,9,0.7778,0.8889,0.3333,0.4444
mrs-nsga2-apportion|aurus,cross,ltl2dba27,16,14,0.7857,0.5,0.6429,0.2857
mrs-nsga2-apportion|aurus,cross,ltl2dba27,17,14,0.3571,0.7857,0.2857,0.2857
mrs-nsga2-apportion|aurus,ctrl_x,ltl2dba27,16,14,1.0,0.5,0.6429,0.4286
mrs-nsga2-apportion|aurus,ctrl_y,ltl2dba27,16,14,0.7857,0.8571,0.8571,0.5714
mrs-nsga2-apportion|aurus,cross,ltl2dba27,20,12,0.75,0.4167,0.5833,0.3333
mrs-nsga2-apportion|aurus,cross,ltl2dba27,21,12,0.5,0.1667,0.6667,0.1667
mrs-nsga2-apportion|aurus,ctrl_x,ltl2dba27,20,12,0.8333,0.4167,0.5,0.3333
mrs-nsga2-apportion|aurus,ctrl_y,ltl2dba27,20,12,0.5833,0.25,0.6667,0.3333
mrs-nsga2-apportion|aurus,cross,ltl2dba27,22,12,0.4167,0.3333,0.5833,0.1667
mrs-nsga2-apportion|aurus,cross,ltl2dba27,23,12,0.5,0.9167,0.8333,0.6667
mrs-nsga2-apportion|aurus,ctrl_x,ltl2dba27,22,12,0.75,0.6667,0.6667,0.75
mrs-nsga2-apportion|aurus,ctrl_y,ltl2dba27,22,12,0.6667,0.25,0.5,0.25
mrs-nsga2-apportion|aurus,cross,ltl2dba27,24,11,0.5455,0.6364,0.4545,0.2727
mrs-nsga2-apportion|aurus,cross,ltl2dba27,25,11,0.5455,0.9091,0.4545,0.8182
mrs-nsga2-apportion|aurus,ctrl_x,ltl2dba27,24,11,0.7273,0.3636,0.6364,0.2727
mrs-nsga2-apportion|aurus,ctrl_y,ltl2dba27,24,11,0.7273,0.7273,0.5455,0.5455
mrs-nsga2-apportion|aurus,cross,ltl2dba27,26,13,0.6154,0.4615,0.6154,0.4615
mrs-nsga2-apportion|aurus,cross,ltl2dba27,27,13,0.6154,0.6154,0.6154,0.6923
mrs-nsga2-apportion|aurus,ctrl_x,ltl2dba27,26,13,0.6923,0.7692,0.5385,0.6154
mrs-nsga2-apportion|aurus,ctrl_y,ltl2dba27,26,13,0.4615,0.6923,0.8462,0.6923
mrs-nsga2-apportion|aurus-nsga2-apportion,cross,ltl2dba27,0,15,0.7333,0.4667,0.4,0.3333
mrs-nsga2-apportion|aurus-nsga2-apportion,cross,ltl2dba27,1,15,0.8667,0.6667,0.4667,0.5333
mrs-nsga2-apportion|aurus-nsga2-apportion,ctrl_x,ltl2dba27,0,15,0.7333,0.6,0.5333,0.4
mrs-nsga2-apportion|aurus-nsga2-apportion,ctrl_y,ltl2dba27,0,15,0.5333,0.6667,0.5333,0.4
mrs-nsga2-apportion|aurus-nsga2-apportion,cross,ltl2dba27,2,13,0.5385,0.4615,0.5385,0.4615
mrs-nsga2-apportion|aurus-nsga2-apportion,cross,ltl2dba27,3,13,0.5385,0.7692,0.6923,0.8462
mrs-nsga2-apportion|aurus-nsga2-apportion,ctrl_x,ltl2dba27,2,13,0.6923,0.5385,1.0,0.4615
mrs-nsga2-apportion|aurus-nsga2-apportion,ctrl_y,ltl2dba27,2,13,0.4615,0.6154,0.6154,0.5385
mrs-nsga2-apportion|aurus-nsga2-apportion,cross,ltl2dba27,4,6,0.8333,0.8333,0.6667,0.8333
mrs-nsga2-apportion|aurus-nsga2-apportion,cross,ltl2dba27,5,6,0.6667,0.3333,0.3333,0.5
mrs-nsga2-apportion|aurus-nsga2-apportion,ctrl_x,ltl2dba27,4,6,1.0,0.5,0.8333,0.6667
mrs-nsga2-apportion|aurus-nsga2-apportion,ctrl_y,ltl2dba27,4,6,1.0,0.5,0.6667,0.6667
mrs-nsga2-apportion|aurus-nsga2-apportion,cross,ltl2dba27,6,12,0.5,0.6667,0.4167,0.5
mrs-nsga2-apportion|aurus-nsga2-apportion,cross,ltl2dba27,7,12,0.8333,0.4167,1.0,0.6667
mrs-nsga2-apportion|aurus-nsga2-apportion,ctrl_x,ltl2dba27,6,12,0.5,0.3333,0.3333,0.5833
mrs-nsga2-apportion|aurus-nsga2-apportion,ctrl_y,ltl2dba27,6,12,0.5,0.9167,0.5,0.9167
mrs-nsga2-apportion|aurus-nsga2-apportion,cross,ltl2dba27,8,12,0.9167,0.25,0.8333,0.3333
mrs-nsga2-apportion|aurus-nsga2-apportion,cross,ltl2dba27,9,12,0.8333,0.6667,0.9167,0.6667
mrs-nsga2-apportion|aurus-nsga2-apportion,ctrl_x,ltl2dba27,8,12,0.5833,0.5,0.4167,0.6667
mrs-nsga2-apportion|aurus-nsga2-apportion,ctrl_y,ltl2dba27,8,12,0.9167,0.25,0.6667,0.5
mrs-nsga2-apportion|aurus-nsga2-apportion,cross,ltl2dba27,10,13,0.9231,0.9231,0.5385,0.5385
mrs-nsga2-apportion|aurus-nsga2-apportion,cross,ltl2dba27,11,13,0.5385,0.3846,0.4615,0.6923
mrs-nsga2-apportion|aurus-nsga2-apportion,ctrl_x,ltl2dba27,10,13,0.6154,0.6923,0.5385,0.5385
mrs-nsga2-apportion|aurus-nsga2-apportion,ctrl_y,ltl2dba27,10,13,0.4615,0.8462,0.6154,0.3846
mrs-nsga2-apportion|aurus-nsga2-apportion,cross,ltl2dba27,12,12,0.3333,0.9167,0.5,0.6667
mrs-nsga2-apportion|aurus-nsga2-apportion,cross,ltl2dba27,13,12,0.8333,0.6667,0.5833,0.5833
mrs-nsga2-apportion|aurus-nsga2-apportion,ctrl_x,ltl2dba27,12,12,0.3333,0.9167,0.3333,0.75
mrs-nsga2-apportion|aurus-nsga2-apportion,ctrl_y,ltl2dba27,12,12,0.75,0.9167,0.5,0.6667
mrs-nsga2-apportion|aurus-nsga2-apportion,cross,ltl2dba27,14,10,0.6,0.7,0.6,0.7
mrs-nsga2-apportion|aurus-nsga2-apportion,cross,ltl2dba27,15,10,0.8,0.5,0.4,0.6
mrs-nsga2-apportion|aurus-nsga2-apportion,ctrl_x,ltl2dba27,14,10,0.6,0.8,0.7,0.6
mrs-nsga2-apportion|aurus-nsga2-apportion,ctrl_y,ltl2dba27,14,10,0.7,0.6,0.7,0.5
mrs-nsga2-apportion|aurus-nsga2-apportion,cross,ltl2dba27,16,10,0.9,0.9,0.7,0.7
mrs-nsga2-apportion|aurus-nsga2-apportion,cross,ltl2dba27,17,10,0.7,0.9,0.4,0.5
mrs-nsga2-apportion|aurus-nsga2-apportion,ctrl_x,ltl2dba27,16,10,1.0,0.6,0.9,0.5
mrs-nsga2-apportion|aurus-nsga2-apportion,ctrl_y,ltl2dba27,16,10,0.8,0.9,0.8,0.8
mrs-nsga2-apportion|aurus-nsga2-apportion,cross,ltl2dba27,18,13,0.3846,0.8462,0.4615,0.4615
mrs-nsga2-apportion|aurus-nsga2-apportion,cross,ltl2dba27,19,13,0.7692,0.5385,0.3846,0.3077
mrs-nsga2-apportion|aurus-nsga2-apportion,ctrl_x,ltl2dba27,18,13,0.5385,0.6923,0.5385,0.4615
mrs-nsga2-apportion|aurus-nsga2-apportion,ctrl_y,ltl2dba27,18,13,0.3077,0.9231,0.2308,0.5385
mrs-nsga2-apportion|aurus-nsga2-apportion,cross,ltl2dba27,20,12,0.6667,0.8333,0.4167,0.8333
mrs-nsga2-apportion|aurus-nsga2-apportion,cross,ltl2dba27,21,12,0.4167,0.3333,0.4167,0.4167
mrs-nsga2-apportion|aurus-nsga2-apportion,ctrl_x,ltl2dba27,20,12,0.8333,0.4167,0.5,0.3333
mrs-nsga2-apportion|aurus-nsga2-apportion,ctrl_y,ltl2dba27,20,12,0.6667,0.5833,0.5,0.5
mrs-nsga2-apportion|aurus-nsga2-apportion,cross,ltl2dba27,22,12,0.4167,0.5833,0.5,0.6667
mrs-nsga2-apportion|aurus-nsga2-apportion,cross,ltl2dba27,23,12,0.6667,0.75,0.5833,0.6667
mrs-nsga2-apportion|aurus-nsga2-apportion,ctrl_x,ltl2dba27,22,12,0.75,0.6667,0.6667,0.75
mrs-nsga2-apportion|aurus-nsga2-apportion,ctrl_y,ltl2dba27,22,12,0.6667,1.0,0.5833,0.9167
mrs-nsga2-apportion|aurus-nsga2-apportion,cross,ltl2dba27,24,11,0.7273,0.2727,0.6364,0.1818
mrs-nsga2-apportion|aurus-nsga2-apportion,cross,ltl2dba27,25,11,0.2727,0.9091,0.5455,0.2727
mrs-nsga2-apportion|aurus-nsga2-apportion,ctrl_x,ltl2dba27,24,11,0.4545,0.4545,0.5455,0.1818
mrs-nsga2-apportion|aurus-nsga2-apportion,ctrl_y,ltl2dba27,24,11,0.0909,0.3636,0.0909,0.6364
mrs-nsga2-apportion|aurus-nsga2-apportion,cross,ltl2dba27,26,13,0.6154,0.6923,0.4615,0.5385
mrs-nsga2-apportion|aurus-nsga2-apportion,cross,ltl2dba27,27,13,0.7692,0.8462,0.7692,0.6154
mrs-nsga2-apportion|aurus-nsga2-apportion,ctrl_x,ltl2dba27,26,13,0.6923,0.7692,0.5385,0.6154
mrs-nsga2-apportion|aurus-nsga2-apportion,ctrl_y,ltl2dba27,26,13,0.6923,0.6923,1.0,0.7692
mrs-nsga2-apportion|aurus-nsga2-apportion,cross,ltl2dba27,28,11,0.3636,1.0,0.2727,0.8182
mrs-nsga2-apportion|aurus-nsga2-apportion,cross,ltl2dba27,29,11,0.8182,0.6364,0.5455,0.9091
mrs-nsga2-apportion|aurus-nsga2-apportion,ctrl_x,ltl2dba27,28,11,0.8182,0.8182,0.6364,0.7273
mrs-nsga2-apportion|aurus-nsga2-apportion,ctrl_y,ltl2dba27,28,11,0.5455,0.8182,0.3636,0.6364
mrs-nsga2-apportion|mrs-weighted,cross,ltl2dba27,0,11,0.7273,0.6364,0.6364,0.6364
mrs-nsga2-apportion|mrs-weighted,cross,ltl2dba27,1,11,0.6364,0.5455,0.6364,0.2727
mrs-nsga2-apportion|mrs-weighted,ctrl_x,ltl2dba27,0,11,0.9091,0.4545,0.6364,0.3636
mrs-nsga2-apportion|mrs-weighted,ctrl_y,ltl2dba27,0,11,0.6364,0.8182,0.6364,0.6364
mrs-nsga2-apportion|mrs-weighted,cross,ltl2dba27,2,13,0.6923,0.7692,0.6154,0.6154
mrs-nsga2-apportion|mrs-weighted,cross,ltl2dba27,3,13,0.6923,0.7692,0.6154,0.6923
mrs-nsga2-apportion|mrs-weighted,ctrl_x,ltl2dba27,2,13,0.6923,0.5385,1.0,0.4615
mrs-nsga2-apportion|mrs-weighted,ctrl_y,ltl2dba27,2,13,0.5385,0.6154,0.3846,0.6154
mrs-nsga2-apportion|mrs-weighted,cross,ltl2dba27,4,6,0.8333,1.0,0.6667,1.0
mrs-nsga2-apportion|mrs-weighted,cross,ltl2dba27,5,6,0.8333,1.0,0.5,0.6667
mrs-nsga2-apportion|mrs-weighted,ctrl_x,ltl2dba27,4,6,1.0,0.5,0.8333,0.6667
mrs-nsga2-apportion|mrs-weighted,ctrl_y,ltl2dba27,4,6,0.5,1.0,0.6667,0.6667
mrs-nsga2-apportion|mrs-weighted,cross,ltl2dba27,6,12,0.5,0.9167,0.3333,0.5833
mrs-nsga2-apportion|mrs-weighted,cross,ltl2dba27,7,12,0.25,0.8333,0.3333,0.6667
mrs-nsga2-apportion|mrs-weighted,ctrl_x,ltl2dba27,6,12,0.5,0.3333,0.3333,0.5833
mrs-nsga2-apportion|mrs-weighted,ctrl_y,ltl2dba27,6,12,0.75,0.75,0.5,0.4167
mrs-nsga2-apportion|mrs-weighted,cross,ltl2dba27,8,10,0.3,0.5,0.5,0.5
mrs-nsga2-apportion|mrs-weighted,cross,ltl2dba27,9,10,0.4,0.7,0.2,0.8
mrs-nsga2-apportion|mrs-weighted,ctrl_x,ltl2dba27,8,10,0.5,0.7,0.5,0.7
mrs-nsga2-apportion|mrs-weighted,ctrl_y,ltl2dba27,8,10,0.8,0.7,0.6,0.9
mrs-nsga2-apportion|mrs-weighted,cross,ltl2dba27,10,13,0.6154,0.3846,0.3077,0.3077
mrs-nsga2-apportion|mrs-weighted,cross,ltl2dba27,11,13,0.6154,0.6923,0.3846,0.7692
mrs-nsga2-apportion|mrs-weighted,ctrl_x,ltl2dba27,10,13,0.6154,0.6923,0.5385,0.5385
mrs-nsga2-apportion|mrs-weighted,ctrl_y,ltl2dba27,10,13,0.6154,0.6923,0.4615,0.5385
mrs-nsga2-apportion|mrs-weighted,cross,ltl2dba27,12,10,0.2,1.0,0.1,0.6
mrs-nsga2-apportion|mrs-weighted,cross,ltl2dba27,13,10,0.9,0.5,0.6,0.4
mrs-nsga2-apportion|mrs-weighted,ctrl_x,ltl2dba27,12,10,0.3,0.9,0.5,0.6
mrs-nsga2-apportion|mrs-weighted,ctrl_y,ltl2dba27,12,10,0.6,0.9,0.5,0.6
mrs-nsga2-apportion|mrs-weighted,cross,ltl2dba27,14,10,0.6,1.0,0.3,0.6
mrs-nsga2-apportion|mrs-weighted,cross,ltl2dba27,15,10,0.7,0.8,0.4,0.7
mrs-nsga2-apportion|mrs-weighted,ctrl_x,ltl2dba27,14,10,0.6,0.8,0.7,0.6
mrs-nsga2-apportion|mrs-weighted,ctrl_y,ltl2dba27,14,10,0.3,0.8,0.4,0.6
mrs-nsga2-apportion|mrs-weighted,cross,ltl2dba27,16,14,0.8571,0.6429,0.5714,0.5714
mrs-nsga2-apportion|mrs-weighted,cross,ltl2dba27,17,14,0.4286,1.0,0.4286,0.6429
mrs-nsga2-apportion|mrs-weighted,ctrl_x,ltl2dba27,16,14,1.0,0.5,0.6429,0.4286
mrs-nsga2-apportion|mrs-weighted,ctrl_y,ltl2dba27,16,14,0.8571,0.6429,0.3571,0.6429
mrs-nsga2-apportion|mrs-weighted,cross,ltl2dba27,18,12,0.6667,0.6667,0.4167,0.5833
mrs-nsga2-apportion|mrs-weighted,cross,ltl2dba27,19,12,0.1667,0.1667,0.25,0.25
mrs-nsga2-apportion|mrs-weighted,ctrl_x,ltl2dba27,18,12,0.5833,0.6667,0.5,0.5833
mrs-nsga2-apportion|mrs-weighted,ctrl_y,ltl2dba27,18,12,0.4167,0.75,0.5,0.5833
mrs-nsga2-apportion|mrs-weighted,cross,ltl2dba27,20,17,0.8824,0.5882,0.4706,0.5294
mrs-nsga2-apportion|mrs-weighted,cross,ltl2dba27,21,17,0.3529,0.5294,0.4118,0.2941
mrs-nsga2-apportion|mrs-weighted,ctrl_x,ltl2dba27,20,17,0.5882,0.7059,0.5882,0.4118
mrs-nsga2-apportion|mrs-weighted,ctrl_y,ltl2dba27,20,17,0.5294,0.7059,0.3529,0.4706
mrs-nsga2-apportion|mrs-weighted,cross,ltl2dba27,22,12,0.3333,0.75,0.1667,0.4167
mrs-nsga2-apportion|mrs-weighted,cross,ltl2dba27,23,12,0.3333,0.6667,0.25,0.8333
mrs-nsga2-apportion|mrs-weighted,ctrl_x,ltl2dba27,22,12,0.75,0.6667,0.6667,0.75
mrs-nsga2-apportion|mrs-weighted,ctrl_y,ltl2dba27,22,12,0.8333,0.75,0.4167,0.3333
mrs-nsga2-apportion|mrs-weighted,cross,ltl2dba27,24,9,0.7778,0.7778,0.4444,0.7778
mrs-nsga2-apportion|mrs-weighted,cross,ltl2dba27,25,9,0.3333,0.3333,0.4444,0.4444
mrs-nsga2-apportion|mrs-weighted,ctrl_x,ltl2dba27,24,9,0.5556,0.3333,0.5556,0.2222
mrs-nsga2-apportion|mrs-weighted,ctrl_y,ltl2dba27,24,9,0.5556,0.8889,0.5556,0.6667
mrs-nsga2-apportion|mrs-weighted,cross,ltl2dba27,26,12,0.5,0.6667,0.4167,0.9167
mrs-nsga2-apportion|mrs-weighted,cross,ltl2dba27,27,12,0.5833,0.8333,0.4167,0.8333
mrs-nsga2-apportion|mrs-weighted,ctrl_x,ltl2dba27,26,12,0.75,0.3333,0.5833,0.25
mrs-nsga2-apportion|mrs-weighted,ctrl_y,ltl2dba27,26,12,1.0,0.9167,0.6667,0.9167
mrs-nsga2-apportion|mrs-weighted,cross,ltl2dba27,28,18,0.6667,0.6111,0.7222,0.5556
mrs-nsga2-apportion|mrs-weighted,cross,ltl2dba27,29,18,0.4444,0.8333,0.3333,0.6111
mrs-nsga2-apportion|mrs-weighted,ctrl_x,ltl2dba27,28,18,0.6667,0.7778,0.7222,0.7222
mrs-nsga2-apportion|mrs-weighted,ctrl_y,ltl2dba27,28,18,0.6667,0.5556,0.5556,0.4444
aurus-nsga2-apportion|aurus,cross,ltl2dba27,0,16,0.75,0.625,0.5,0.5
aurus-nsga2-apportion|aurus,cross,ltl2dba27,1,16,0.875,0.5625,0.8125,0.4375
aurus-nsga2-apportion|aurus,ctrl_x,ltl2dba27,0,16,0.6875,0.6875,0.5,0.5625
aurus-nsga2-apportion|aurus,ctrl_y,ltl2dba27,0,16,0.75,0.6875,0.625,0.625
aurus-nsga2-apportion|aurus,cross,ltl2dba27,2,18,0.7778,0.8333,0.8333,0.8333
aurus-nsga2-apportion|aurus,cross,ltl2dba27,3,18,0.8889,0.4444,0.7778,0.7778
aurus-nsga2-apportion|aurus,ctrl_x,ltl2dba27,2,18,0.6111,0.7778,0.7222,0.5
aurus-nsga2-apportion|aurus,ctrl_y,ltl2dba27,2,18,0.5556,0.7222,0.5,0.7222
aurus-nsga2-apportion|aurus,cross,ltl2dba27,4,13,0.3077,0.5385,0.3077,0.3846
aurus-nsga2-apportion|aurus,cross,ltl2dba27,5,13,0.7692,0.2308,0.4615,0.3077
aurus-nsga2-apportion|aurus,ctrl_x,ltl2dba27,4,13,0.5385,0.6154,0.4615,0.4615
aurus-nsga2-apportion|aurus,ctrl_y,ltl2dba27,4,13,0.6923,0.4615,0.4615,0.5385
aurus-nsga2-apportion|aurus,cross,ltl2dba27,6,13,0.7692,0.1538,0.4615,0.2308
aurus-nsga2-apportion|aurus,cross,ltl2dba27,7,13,0.4615,0.4615,0.6154,0.3846
aurus-nsga2-apportion|aurus,ctrl_x,ltl2dba27,6,13,0.4615,0.5385,0.4615,0.5385
aurus-nsga2-apportion|aurus,ctrl_y,ltl2dba27,6,13,0.6154,0.4615,0.3846,0.3077
aurus-nsga2-apportion|aurus,cross,ltl2dba27,8,7,0.2857,0.7143,0.2857,1.0
aurus-nsga2-apportion|aurus,cross,ltl2dba27,9,7,0.2857,0.5714,0.7143,0.4286
aurus-nsga2-apportion|aurus,ctrl_x,ltl2dba27,8,7,0.8571,0.8571,0.7143,0.8571
aurus-nsga2-apportion|aurus,ctrl_y,ltl2dba27,8,7,0.8571,1.0,0.5714,0.8571
aurus-nsga2-apportion|aurus,cross,ltl2dba27,10,17,0.8824,0.4706,0.5882,0.7059
aurus-nsga2-apportion|aurus,cross,ltl2dba27,11,17,0.7647,0.7059,0.2353,0.1765
aurus-nsga2-apportion|aurus,ctrl_x,ltl2dba27,10,17,0.7647,0.8824,0.3529,0.3529
aurus-nsga2-apportion|aurus,ctrl_y,ltl2dba27,10,17,0.6471,0.7059,0.7059,0.6471
aurus-nsga2-apportion|aurus,cross,ltl2dba27,12,15,0.8667,0.4,0.5333,0.3333
aurus-nsga2-apportion|aurus,cross,ltl2dba27,13,15,0.8667,0.4667,0.4667,0.4667
aurus-nsga2-apportion|aurus,ctrl_x,ltl2dba27,12,15,0.5333,0.7333,0.5333,0.4667
aurus-nsga2-apportion|aurus,ctrl_y,ltl2dba27,12,15,0.9333,0.8,0.6,0.3333
aurus-nsga2-apportion|aurus,cross,ltl2dba27,14,9,0.8889,0.4444,0.4444,0.5556
aurus-nsga2-apportion|aurus,cross,ltl2dba27,15,9,0.5556,0.5556,0.3333,0.5556
aurus-nsga2-apportion|aurus,ctrl_x,ltl2dba27,14,9,0.7778,0.6667,0.4444,0.5556
aurus-nsga2-apportion|aurus,ctrl_y,ltl2dba27,14,9,0.7778,0.8889,0.3333,0.4444
aurus-nsga2-apportion|aurus,cross,ltl2dba27,16,10,0.8,0.6,0.5,0.7
aurus-nsga2-apportion|aurus,cross,ltl2dba27,17,10,1.0,0.3,0.6,0.4
aurus-nsga2-apportion|aurus,ctrl_x,ltl2dba27,16,10,0.8,0.9,0.9,0.8
aurus-nsga2-apportion|aurus,ctrl_y,ltl2dba27,16,10,0.8,0.6,0.7,0.4
aurus-nsga2-apportion|aurus,cross,ltl2dba27,20,12,0.6667,0.1667,0.5,0.0833
aurus-nsga2-apportion|aurus,cross,ltl2dba27,21,12,0.5833,0.25,0.4167,0.25
aurus-nsga2-apportion|aurus,ctrl_x,ltl2dba27,20,12,0.75,0.5833,0.5833,0.5833
aurus-nsga2-apportion|aurus,ctrl_y,ltl2dba27,20,12,0.4167,0.6667,0.5,0.5
aurus-nsga2-apportion|aurus,cross,ltl2dba27,22,14,0.8571,0.5714,0.6429,0.5
aurus-nsga2-apportion|aurus,cross,ltl2dba27,23,14,0.8571,0.7143,0.9286,0.7143
aurus-nsga2-apportion|aurus,ctrl_x,ltl2dba27,22,14,0.5714,1.0,0.5714,0.8571
aurus-nsga2-apportion|aurus,ctrl_y,ltl2dba27,22,14,0.5,0.7857,0.5,0.7857
aurus-nsga2-apportion|aurus,cross,ltl2dba27,24,11,0.2727,0.9091,0.3636,0.6364
aurus-nsga2-apportion|aurus,cross,ltl2dba27,25,11,0.4545,0.3636,0.2727,0.4545
aurus-nsga2-apportion|aurus,ctrl_x,ltl2dba27,24,11,0.2727,0.7273,0.1818,0.4545
aurus-nsga2-apportion|aurus,ctrl_y,ltl2dba27,24,11,0.9091,0.8182,0.7273,0.6364
aurus-nsga2-apportion|aurus,cross,ltl2dba27,26,17,0.5882,0.4706,0.2941,0.5294
aurus-nsga2-apportion|aurus,cross,ltl2dba27,27,17,0.5882,0.7059,0.4118,0.5882
aurus-nsga2-apportion|aurus,ctrl_x,ltl2dba27,26,17,0.7647,0.5294,0.5882,0.4118
aurus-nsga2-apportion|aurus,ctrl_y,ltl2dba27,26,17,0.8235,0.5882,0.8235,0.6471
mrs-nsga2-apportion|aurus,cross,minepump,0,25,0.84,0.4,0.4,0.24
mrs-nsga2-apportion|aurus,cross,minepump,1,25,0.4,0.76,0.28,0.48
mrs-nsga2-apportion|aurus,ctrl_x,minepump,0,25,0.44,0.56,0.56,0.32
mrs-nsga2-apportion|aurus,ctrl_y,minepump,0,25,0.8,0.36,0.6,0.4
mrs-nsga2-apportion|aurus,cross,minepump,2,21,0.7143,0.7619,0.4762,0.3333
mrs-nsga2-apportion|aurus,cross,minepump,3,21,0.8095,0.619,0.3333,0.2857
mrs-nsga2-apportion|aurus,ctrl_x,minepump,2,21,0.7143,0.5238,0.6667,0.3333
mrs-nsga2-apportion|aurus,ctrl_y,minepump,2,21,0.5714,0.7619,0.4286,0.6667
mrs-nsga2-apportion|aurus,cross,minepump,4,22,0.4545,0.4545,0.3636,0.4545
mrs-nsga2-apportion|aurus,cross,minepump,5,22,0.6364,0.7273,0.5,0.3182
mrs-nsga2-apportion|aurus,ctrl_x,minepump,4,22,0.4091,0.7273,0.4091,0.3636
mrs-nsga2-apportion|aurus,ctrl_y,minepump,4,22,0.7727,0.5909,0.7273,0.5909
mrs-nsga2-apportion|aurus,cross,minepump,6,10,0.8,0.7,0.5,0.4
mrs-nsga2-apportion|aurus,cross,minepump,7,10,0.6,0.1,0.3,0.1
mrs-nsga2-apportion|aurus,ctrl_x,minepump,6,10,0.4,0.6,0.5,0.3
mrs-nsga2-apportion|aurus,ctrl_y,minepump,6,10,0.6,0.9,0.2,0.5
mrs-nsga2-apportion|aurus,cross,minepump,8,13,0.6923,0.3077,0.4615,0.4615
mrs-nsga2-apportion|aurus,cross,minepump,9,13,0.6154,0.6154,0.3846,0.2308
mrs-nsga2-apportion|aurus,ctrl_x,minepump,8,13,0.4615,0.1538,0.4615,0.1538
mrs-nsga2-apportion|aurus,ctrl_y,minepump,8,13,0.7692,0.3846,0.4615,0.3846
mrs-nsga2-apportion|aurus,cross,minepump,10,18,0.5,0.5556,0.3333,0.3889
mrs-nsga2-apportion|aurus,cross,minepump,11,18,0.5,0.5,0.3889,0.3889
mrs-nsga2-apportion|aurus,ctrl_x,minepump,10,18,0.6111,0.4444,0.4444,0.3889
mrs-nsga2-apportion|aurus,ctrl_y,minepump,10,18,0.5556,0.4444,0.3333,0.4444
mrs-nsga2-apportion|aurus,cross,minepump,12,27,0.4074,0.5556,0.3333,0.2963
mrs-nsga2-apportion|aurus,cross,minepump,13,27,0.6296,0.7778,0.3333,0.4074
mrs-nsga2-apportion|aurus,ctrl_x,minepump,12,27,0.4815,0.5556,0.5556,0.4074
mrs-nsga2-apportion|aurus,ctrl_y,minepump,12,27,0.3333,0.7778,0.4444,0.6296
mrs-nsga2-apportion|aurus,cross,minepump,14,26,0.7308,0.3846,0.5385,0.1538
mrs-nsga2-apportion|aurus,cross,minepump,15,26,0.6923,0.6538,0.3462,0.1923
mrs-nsga2-apportion|aurus,ctrl_x,minepump,14,26,0.3077,0.5385,0.3077,0.3462
mrs-nsga2-apportion|aurus,ctrl_y,minepump,14,26,0.6923,0.3077,0.4615,0.4231
mrs-nsga2-apportion|aurus,cross,minepump,16,25,0.68,0.68,0.24,0.24
mrs-nsga2-apportion|aurus,cross,minepump,17,25,0.4,0.28,0.44,0.24
mrs-nsga2-apportion|aurus,ctrl_x,minepump,16,25,0.6,0.6,0.52,0.52
mrs-nsga2-apportion|aurus,ctrl_y,minepump,16,25,0.44,0.52,0.4,0.36
mrs-nsga2-apportion|aurus,cross,minepump,18,18,0.6667,0.5,0.3333,0.2222
mrs-nsga2-apportion|aurus,cross,minepump,19,18,0.3889,0.4444,0.2778,0.3889
mrs-nsga2-apportion|aurus,ctrl_x,minepump,18,18,0.6667,0.5556,0.5556,0.5556
mrs-nsga2-apportion|aurus,ctrl_y,minepump,18,18,0.7222,0.5556,0.5556,0.6111
mrs-nsga2-apportion|aurus,cross,minepump,20,23,0.3478,0.5652,0.3478,0.3478
mrs-nsga2-apportion|aurus,cross,minepump,21,23,0.4783,0.3043,0.1304,0.2174
mrs-nsga2-apportion|aurus,ctrl_x,minepump,20,23,0.6087,0.4783,0.5652,0.3478
mrs-nsga2-apportion|aurus,ctrl_y,minepump,20,23,0.3043,0.8696,0.2174,0.6522
mrs-nsga2-apportion|aurus,cross,minepump,22,18,0.3333,0.4444,0.2222,0.1667
mrs-nsga2-apportion|aurus,cross,minepump,23,18,1.0,0.3889,0.3333,0.2222
mrs-nsga2-apportion|aurus,ctrl_x,minepump,22,18,0.2778,0.6667,0.2222,0.4444
mrs-nsga2-apportion|aurus,ctrl_y,minepump,22,18,0.2222,0.8333,0.2778,0.4444
mrs-nsga2-apportion|aurus,cross,minepump,24,20,0.55,0.5,0.4,0.3
mrs-nsga2-apportion|aurus,cross,minepump,25,20,0.65,0.7,0.45,0.5
mrs-nsga2-apportion|aurus,ctrl_x,minepump,24,20,0.6,0.45,0.6,0.7
mrs-nsga2-apportion|aurus,ctrl_y,minepump,24,20,0.45,0.6,0.55,0.5
mrs-nsga2-apportion|aurus,cross,minepump,26,17,0.7059,0.5294,0.5882,0.5294
mrs-nsga2-apportion|aurus,cross,minepump,27,17,0.7059,0.1176,0.4706,0.2353
mrs-nsga2-apportion|aurus,ctrl_x,minepump,26,17,0.3529,0.6471,0.4118,0.5882
mrs-nsga2-apportion|aurus,ctrl_y,minepump,26,17,0.7647,0.7059,0.7059,0.5294
mrs-nsga2-apportion|aurus,cross,minepump,28,26,0.7692,0.3846,0.3846,0.1538
mrs-nsga2-apportion|aurus,cross,minepump,29,26,0.6538,0.4615,0.3846,0.3462
mrs-nsga2-apportion|aurus,ctrl_x,minepump,28,26,0.6923,0.5385,0.6538,0.5
mrs-nsga2-apportion|aurus,ctrl_y,minepump,28,26,0.4615,0.3077,0.5385,0.4231
mrs-nsga2-apportion|aurus-nsga2-apportion,cross,minepump,0,15,0.8667,0.6,0.4667,0.2667
mrs-nsga2-apportion|aurus-nsga2-apportion,cross,minepump,1,15,0.6,0.6667,0.2667,0.6
mrs-nsga2-apportion|aurus-nsga2-apportion,ctrl_x,minepump,0,15,0.4,0.9333,0.4,0.2667
mrs-nsga2-apportion|aurus-nsga2-apportion,ctrl_y,minepump,0,15,0.6667,0.6667,0.6,0.6667
mrs-nsga2-apportion|aurus-nsga2-apportion,cross,minepump,2,33,0.6667,0.4545,0.4545,0.303
mrs-nsga2-apportion|aurus-nsga2-apportion,cross,minepump,3,33,0.4242,0.6364,0.3333,0.5455
mrs-nsga2-apportion|aurus-nsga2-apportion,ctrl_x,minepump,2,33,0.697,0.5758,0.4242,0.2424
mrs-nsga2-apportion|aurus-nsga2-apportion,ctrl_y,minepump,2,33,0.6061,0.4848,0.4545,0.3333
mrs-nsga2-apportion|aurus-nsga2-apportion,cross,minepump,4,23,0.4783,0.3478,0.4348,0.3478
mrs-nsga2-apportion|aurus-nsga2-apportion,cross,minepump,5,23,0.5217,0.7391,0.4783,0.7826
mrs-nsga2-apportion|aurus-nsga2-apportion,ctrl_x,minepump,4,23,0.3478,0.4783,0.3478,0.3478
mrs-nsga2-apportion|aurus-nsga2-apportion,ctrl_y,minepump,4,23,0.6087,0.3913,0.3913,0.2174
mrs-nsga2-apportion|aurus-nsga2-apportion,cross,minepump,6,28,0.4643,0.5714,0.4643,0.5
mrs-nsga2-apportion|aurus-nsga2-apportion,cross,minepump,7,28,0.6786,0.3214,0.5,0.4643
mrs-nsga2-apportion|aurus-nsga2-apportion,ctrl_x,minepump,6,28,0.25,0.7857,0.3929,0.3929
mrs-nsga2-apportion|aurus-nsga2-apportion,ctrl_y,minepump,6,28,0.5714,0.5357,0.4643,0.5
mrs-nsga2-apportion|aurus-nsga2-apportion,cross,minepump,8,18,1.0,0.2778,0.5556,0.2222
mrs-nsga2-apportion|aurus-nsga2-apportion,cross,minepump,9,18,0.2778,0.8889,0.3889,0.5
mrs-nsga2-apportion|aurus-nsga2-apportion,ctrl_x,minepump,8,18,0.5556,0.3333,0.5,0.3333
mrs-nsga2-apportion|aurus-nsga2-apportion,ctrl_y,minepump,8,18,0.8889,0.7222,0.7222,0.3889
mrs-nsga2-apportion|aurus-nsga2-apportion,cross,minepump,10,26,0.4231,0.5769,0.2692,0.5
mrs-nsga2-apportion|aurus-nsga2-apportion,cross,minepump,11,26,0.5,0.5,0.3846,0.5
mrs-nsga2-apportion|aurus-nsga2-apportion,ctrl_x,minepump,10,26,0.5385,0.3846,0.4231,0.1923
mrs-nsga2-apportion|aurus-nsga2-apportion,ctrl_y,minepump,10,26,0.5769,0.5769,0.5769,0.4231
mrs-nsga2-apportion|aurus-nsga2-apportion,cross,minepump,12,21,0.6667,0.4762,0.5238,0.3333
mrs-nsga2-apportion|aurus-nsga2-apportion,cross,minepump,13,21,0.7619,0.5238,0.5238,0.4762
mrs-nsga2-apportion|aurus-nsga2-apportion,ctrl_x,minepump,12,21,0.619,0.1905,0.4286,0.2857
mrs-nsga2-apportion|aurus-nsga2-apportion,ctrl_y,minepump,12,21,0.5714,0.3333,0.4762,0.4286
mrs-nsga2-apportion|aurus-nsga2-apportion,cross,minepump,14,37,0.6757,0.3514,0.4865,0.2162
mrs-nsga2-apportion|aurus-nsga2-apportion,cross,minepump,15,37,0.5946,0.7027,0.6216,0.4865
mrs-nsga2-apportion|aurus-nsga2-apportion,ctrl_x,minepump,14,37,0.6216,0.4865,0.4865,0.3243
mrs-nsga2-apportion|aurus-nsga2-apportion,ctrl_y,minepump,14,37,0.6757,0.5676,0.5405,0.5135
mrs-nsga2-apportion|aurus-nsga2-apportion,cross,minepump,16,32,0.4688,0.5625,0.5,0.625
mrs-nsga2-apportion|aurus-nsga2-apportion,cross,minepump,17,32,0.3125,0.5,0.5625,0.5625
mrs-nsga2-apportion|aurus-nsga2-apportion,ctrl_x,minepump,16,32,0.5,0.4062,0.5312,0.375
mrs-nsga2-apportion|aurus-nsga2-apportion,ctrl_y,minepump,16,32,0.3438,0.5,0.3438,0.5312
mrs-nsga2-apportion|aurus-nsga2-apportion,cross,minepump,18,27,0.4815,0.4444,0.4444,0.3704
mrs-nsga2-apportion|aurus-nsga2-apportion,cross,minepump,19,27,0.3704,0.6667,0.3333,0.4074
mrs-nsga2-apportion|aurus-nsga2-apportion,ctrl_x,minepump,18,27,0.7407,0.4074,0.5185,0.5926
mrs-nsga2-apportion|aurus-nsga2-apportion,ctrl_y,minepump,18,27,0.5926,0.4444,0.4815,0.4074
mrs-nsga2-apportion|aurus-nsga2-apportion,cross,minepump,20,25,0.44,0.6,0.44,0.44
mrs-nsga2-apportion|aurus-nsga2-apportion,cross,minepump,21,25,0.68,0.52,0.56,0.52
mrs-nsga2-apportion|aurus-nsga2-apportion,ctrl_x,minepump,20,25,0.36,0.68,0.4,0.56
mrs-nsga2-apportion|aurus-nsga2-apportion,ctrl_y,minepump,20,25,0.4,0.72,0.44,0.44
mrs-nsga2-apportion|aurus-nsga2-apportion,cross,minepump,22,18,0.5556,0.6111,0.3333,0.3333
mrs-nsga2-apportion|aurus-nsga2-apportion,cross,minepump,23,18,0.7222,0.5,0.6667,0.3889
mrs-nsga2-apportion|aurus-nsga2-apportion,ctrl_x,minepump,22,18,0.2778,0.6667,0.2222,0.4444
mrs-nsga2-apportion|aurus-nsga2-apportion,ctrl_y,minepump,22,18,0.5,0.6667,0.4444,0.5
mrs-nsga2-apportion|aurus-nsga2-apportion,cross,minepump,24,22,0.8182,0.4091,0.5455,0.6818
mrs-nsga2-apportion|aurus-nsga2-apportion,cross,minepump,25,22,0.4091,0.8636,0.4091,0.5909
mrs-nsga2-apportion|aurus-nsga2-apportion,ctrl_x,minepump,24,22,0.5909,0.3182,0.4091,0.4545
mrs-nsga2-apportion|aurus-nsga2-apportion,ctrl_y,minepump,24,22,0.7273,0.3182,0.5,0.3182
mrs-nsga2-apportion|aurus-nsga2-apportion,cross,minepump,26,17,0.5882,0.5294,0.5294,0.4118
mrs-nsga2-apportion|aurus-nsga2-apportion,cross,minepump,27,17,0.5294,0.5882,0.7059,0.4118
mrs-nsga2-apportion|aurus-nsga2-apportion,ctrl_x,minepump,26,17,0.4118,0.6471,0.4118,0.6471
mrs-nsga2-apportion|aurus-nsga2-apportion,ctrl_y,minepump,26,17,0.6471,0.5294,0.5882,0.4118
mrs-nsga2-apportion|aurus-nsga2-apportion,cross,minepump,28,26,0.6154,0.3846,0.7308,0.6538
mrs-nsga2-apportion|aurus-nsga2-apportion,cross,minepump,29,26,0.6538,0.3462,0.6538,0.4615
mrs-nsga2-apportion|aurus-nsga2-apportion,ctrl_x,minepump,28,26,0.6923,0.5385,0.6538,0.5
mrs-nsga2-apportion|aurus-nsga2-apportion,ctrl_y,minepump,28,26,0.5769,0.8846,0.5769,0.6538
mrs-nsga2-apportion|mrs-weighted,cross,minepump,0,25,0.4,0.32,0.2,0.24
mrs-nsga2-apportion|mrs-weighted,cross,minepump,1,25,0.24,0.72,0.2,0.68
mrs-nsga2-apportion|mrs-weighted,ctrl_x,minepump,0,25,0.44,0.56,0.56,0.32
mrs-nsga2-apportion|mrs-weighted,ctrl_y,minepump,0,25,0.4,0.56,0.28,0.44
mrs-nsga2-apportion|mrs-weighted,cross,minepump,2,33,0.3333,0.3636,0.2121,0.2424
mrs-nsga2-apportion|mrs-weighted,cross,minepump,3,33,0.1818,0.8485,0.1818,0.5758
mrs-nsga2-apportion|mrs-weighted,ctrl_x,minepump,2,33,0.697,0.5758,0.4242,0.2424
mrs-nsga2-apportion|mrs-weighted,ctrl_y,minepump,2,33,0.6364,0.5152,0.4545,0.3636
mrs-nsga2-apportion|mrs-weighted,cross,minepump,4,30,0.1667,0.6,0.2,0.5
mrs-nsga2-apportion|mrs-weighted,cross,minepump,5,30,0.4,0.8333,0.2,0.5667
mrs-nsga2-apportion|mrs-weighted,ctrl_x,minepump,4,30,0.4,0.6667,0.4,0.3667
mrs-nsga2-apportion|mrs-weighted,ctrl_y,minepump,4,30,0.6,0.3333,0.4667,0.3667
mrs-nsga2-apportion|mrs-weighted,cross,minepump,6,28,0.3929,0.75,0.1071,0.3214
mrs-nsga2-apportion|mrs-weighted,cross,minepump,7,28,0.5357,0.3929,0.2857,0.2857
mrs-nsga2-apportion|mrs-weighted,ctrl_x,minepump,6,28,0.25,0.7857,0.3929,0.3929
mrs-nsga2-apportion|mrs-weighted,ctrl_y,minepump,6,28,0.5,0.2857,0.3571,0.3571
mrs-nsga2-apportion|mrs-weighted,cross,minepump,8,33,0.2121,0.4848,0.303,0.303
mrs-nsga2-apportion|mrs-weighted,cross,minepump,9,33,0.2121,0.3333,0.2121,0.2727
mrs-nsga2-apportion|mrs-weighted,ctrl_x,minepump,8,33,0.6364,0.3636,0.3939,0.4242
mrs-nsga2-apportion|mrs-weighted,ctrl_y,minepump,8,33,0.7273,0.3636,0.4545,0.2727
mrs-nsga2-apportion|mrs-weighted,cross,minepump,10,26,0.4231,0.4615,0.3077,0.2308
mrs-nsga2-apportion|mrs-weighted,cross,minepump,11,26,0.5,0.4231,0.4231,0.4615
mrs-nsga2-apportion|mrs-weighted,ctrl_x,minepump,10,26,0.5385,0.3846,0.4231,0.1923
mrs-nsga2-apportion|mrs-weighted,ctrl_y,minepump,10,26,0.5,0.1154,0.3462,0.3846
mrs-nsga2-apportion|mrs-weighted,cross,minepump,12,27,0.4815,0.6296,0.4444,0.3333
mrs-nsga2-apportion|mrs-weighted,cross,minepump,13,27,0.5556,0.5185,0.4074,0.3333
mrs-nsga2-apportion|mrs-weighted,ctrl_x,minepump,12,27,0.4815,0.5556,0.5556,0.4074
mrs-nsga2-apportion|mrs-weighted,ctrl_y,minepump,12,27,0.4815,0.3333,0.3333,0.5926
mrs-nsga2-apportion|mrs-weighted,cross,minepump,14,39,0.641,0.2564,0.2821,0.0769
mrs-nsga2-apportion|mrs-weighted,cross,minepump,15,39,0.641,0.7436,0.2564,0.359
mrs-nsga2-apportion|mrs-weighted,ctrl_x,minepump,14,39,0.6667,0.5385,0.5385,0.4872
mrs-nsga2-apportion|mrs-weighted,ctrl_y,minepump,14,39,0.2564,0.359,0.4103,0.359
mrs-nsga2-apportion|mrs-weighted,cross,minepump,16,40,0.2,0.875,0.25,0.225
mrs-nsga2-apportion|mrs-weighted,cross,minepump,17,40,0.4,0.325,0.375,0.35
mrs-nsga2-apportion|mrs-weighted,ctrl_x,minepump,16,40,0.475,0.475,0.475,0.6
mrs-nsga2-apportion|mrs-weighted,ctrl_y,minepump,16,40,0.45,0.725,0.325,0.25
mrs-nsga2-apportion|mrs-weighted,cross,minepump,18,27,0.1852,0.4815,0.2222,0.5556
mrs-nsga2-apportion|mrs-weighted,cross,minepump,19,27,0.1481,0.7407,0.1481,0.4074
mrs-nsga2-apportion|mrs-weighted,ctrl_x,minepump,18,27,0.7407,0.4074,0.5185,0.5926
mrs-nsga2-apportion|mrs-weighted,ctrl_y,minepump,18,27,0.6296,0.3704,0.5926,0.3704
mrs-nsga2-apportion|mrs-weighted,cross,minepump,20,25,0.28,0.6,0.36,0.36
mrs-nsga2-apportion|mrs-weighted,cross,minepump,21,25,0.56,0.8,0.28,0.4
mrs-nsga2-apportion|mrs-weighted,ctrl_x,minepump,20,25,0.36,0.68,0.4,0.56
mrs-nsga2-apportion|mrs-weighted,ctrl_y,minepump,20,25,0.16,0.6,0.16,0.4
mrs-nsga2-apportion|mrs-weighted,cross,minepump,22,18,0.7222,0.5556,0.2778,0.4444
mrs-nsga2-apportion|mrs-weighted,cross,minepump,23,18,0.5556,0.2778,0.4444,0.4444
mrs-nsga2-apportion|mrs-weighted,ctrl_x,minepump,22,18,0.2778,0.6667,0.2222,0.4444
mrs-nsga2-apportion|mrs-weighted,ctrl_y,minepump,22,18,0.2778,0.3889,0.1667,0.3333
mrs-nsga2-apportion|mrs-weighted,cross,minepump,24,22,0.4545,0.4091,0.5,0.3636
mrs-nsga2-apportion|mrs-weighted,cross,minepump,25,22,0.2727,0.7273,0.4091,0.3636
mrs-nsga2-apportion|mrs-weighted,ctrl_x,minepump,24,22,0.5909,0.3182,0.4091,0.4545
mrs-nsga2-apportion|mrs-weighted,ctrl_y,minepump,24,22,0.6364,0.3636,0.5909,0.4091
mrs-nsga2-apportion|mrs-weighted,cross,minepump,26,17,0.2941,0.7647,0.2353,0.4706
mrs-nsga2-apportion|mrs-weighted,cross,minepump,27,17,0.5294,0.3529,0.5294,0.3529
mrs-nsga2-apportion|mrs-weighted,ctrl_x,minepump,26,17,0.3529,0.6471,0.4118,0.5882
mrs-nsga2-apportion|mrs-weighted,ctrl_y,minepump,26,17,0.5882,0.4118,0.5294,0.6471
mrs-nsga2-apportion|mrs-weighted,cross,minepump,28,26,0.4615,0.4615,0.2692,0.3077
mrs-nsga2-apportion|mrs-weighted,cross,minepump,29,26,0.3846,0.7308,0.4231,0.3462
mrs-nsga2-apportion|mrs-weighted,ctrl_x,minepump,28,26,0.6923,0.5385,0.6538,0.5
mrs-nsga2-apportion|mrs-weighted,ctrl_y,minepump,28,26,0.3462,0.5385,0.3077,0.4231
aurus-nsga2-apportion|aurus,cross,minepump,0,15,0.4,0.7333,0.3333,0.2667
aurus-nsga2-apportion|aurus,cross,minepump,1,15,0.6667,0.3333,0.4,0.2
aurus-nsga2-apportion|aurus,ctrl_x,minepump,0,15,0.7333,0.7333,0.4667,0.7333
aurus-nsga2-apportion|aurus,ctrl_y,minepump,0,15,0.8667,0.4667,0.7333,0.3333
aurus-nsga2-apportion|aurus,cross,minepump,2,21,0.9048,0.7619,0.619,0.1905
aurus-nsga2-apportion|aurus,cross,minepump,3,21,0.7143,0.7143,0.1905,0.2381
aurus-nsga2-apportion|aurus,ctrl_x,minepump,2,21,0.7143,0.5238,0.4286,0.4286
aurus-nsga2-apportion|aurus,ctrl_y,minepump,2,21,0.5714,0.7619,0.4286,0.6667
aurus-nsga2-apportion|aurus,cross,minepump,4,22,0.8182,0.5,0.4545,0.3636
aurus-nsga2-apportion|aurus,cross,minepump,5,22,0.5455,0.5909,0.3636,0.4545
aurus-nsga2-apportion|aurus,ctrl_x,minepump,4,22,0.5909,0.5909,0.4091,0.2727
aurus-nsga2-apportion|aurus,ctrl_y,minepump,4,22,0.7727,0.5909,0.7273,0.5909
aurus-nsga2-apportion|aurus,cross,minepump,6,10,0.7,0.9,0.4,0.3
aurus-nsga2-apportion|aurus,cross,minepump,7,10,0.7,0.4,0.4,0.4
aurus-nsga2-apportion|aurus,ctrl_x,minepump,6,10,0.5,0.6,0.3,0.6
aurus-nsga2-apportion|aurus,ctrl_y,minepump,6,10,0.6,0.9,0.2,0.5
aurus-nsga2-apportion|aurus,cross,minepump,8,13,0.9231,0.3077,0.6154,0.3077
aurus-nsga2-apportion|aurus,cross,minepump,9,13,0.7692,0.6154,0.4615,0.4615
aurus-nsga2-apportion|aurus,ctrl_x,minepump,8,13,0.7692,0.6154,0.5385,0.4615
aurus-nsga2-apportion|aurus,ctrl_y,minepump,8,13,0.7692,0.3846,0.4615,0.3846
aurus-nsga2-apportion|aurus,cross,minepump,10,18,0.5556,0.5556,0.3889,0.5
aurus-nsga2-apportion|aurus,cross,minepump,11,18,0.8333,0.5,0.3889,0.2778
aurus-nsga2-apportion|aurus,ctrl_x,minepump,10,18,0.2222,0.5556,0.3333,0.4444
aurus-nsga2-apportion|aurus,ctrl_y,minepump,10,18,0.5556,0.4444,0.3333,0.4444
aurus-nsga2-apportion|aurus,cross,minepump,12,21,0.4286,0.619,0.2857,0.1905
aurus-nsga2-apportion|aurus,cross,minepump,13,21,0.4286,0.4762,0.7619,0.4286
aurus-nsga2-apportion|aurus,ctrl_x,minepump,12,21,0.5238,0.4762,0.4286,0.381
aurus-nsga2-apportion|aurus,ctrl_y,minepump,12,21,0.619,0.6667,0.5238,0.7143
aurus-nsga2-apportion|aurus,cross,minepump,14,26,0.2692,0.3462,0.4231,0.2308
aurus-nsga2-apportion|aurus,cross,minepump,15,26,0.6154,0.3077,0.3846,0.2308
aurus-nsga2-apportion|aurus,ctrl_x,minepump,14,26,0.7308,0.5769,0.5769,0.6154
aurus-nsga2-apportion|aurus,ctrl_y,minepump,14,26,0.6923,0.3077,0.4615,0.4231
aurus-nsga2-apportion|aurus,cross,minepump,16,25,0.48,0.4,0.32,0.24
aurus-nsga2-apportion|aurus,cross,minepump,17,25,0.52,0.48,0.32,0.36
aurus-nsga2-apportion|aurus,ctrl_x,minepump,16,25,0.68,0.52,0.4,0.36
aurus-nsga2-apportion|aurus,ctrl_y,minepump,16,25,0.44,0.52,0.4,0.36
aurus-nsga2-apportion|aurus,cross,minepump,18,18,0.8333,0.5556,0.4444,0.2778
aurus-nsga2-apportion|aurus,cross,minepump,19,18,0.6111,0.3333,0.4444,0.3333
aurus-nsga2-apportion|aurus,ctrl_x,minepump,18,18,0.7222,0.2222,0.7222,0.4444
aurus-nsga2-apportion|aurus,ctrl_y,minepump,18,18,0.7222,0.5556,0.5556,0.6111
aurus-nsga2-apportion|aurus,cross,minepump,20,23,0.3913,0.6087,0.3043,0.3913
aurus-nsga2-apportion|aurus,cross,minepump,21,23,0.3913,0.5217,0.1739,0.2174
aurus-nsga2-apportion|aurus,ctrl_x,minepump,20,23,0.5217,0.5652,0.5217,0.3913
aurus-nsga2-apportion|aurus,ctrl_y,minepump,20,23,0.3043,0.8696,0.2174,0.6522
aurus-nsga2-apportion|aurus,cross,minepump,22,22,0.6364,0.7273,0.4091,0.4091
aurus-nsga2-apportion|aurus,cross,minepump,23,22,0.5909,0.3636,0.4545,0.3636
aurus-nsga2-apportion|aurus,ctrl_x,minepump,22,22,0.6818,0.7273,0.4545,0.6818
aurus-nsga2-apportion|aurus,ctrl_y,minepump,22,22,0.5909,0.6818,0.4545,0.5909
aurus-nsga2-apportion|aurus,cross,minepump,24,20,0.8,0.65,0.25,0.35
aurus-nsga2-apportion|aurus,cross,minepump,25,20,0.7,0.65,0.45,0.25
aurus-nsga2-apportion|aurus,ctrl_x,minepump,24,20,0.8,0.15,0.6,0.15
aurus-nsga2-apportion|aurus,ctrl_y,minepump,24,20,0.45,0.6,0.55,0.5
aurus-nsga2-apportion|aurus,cross,minepump,26,17,0.8235,0.4706,0.5882,0.4706
aurus-nsga2-apportion|aurus,cross,minepump,27,17,0.7647,0.1176,0.4706,0.1176
aurus-nsga2-apportion|aurus,ctrl_x,minepump,26,17,0.6471,0.4118,0.4706,0.4118
aurus-nsga2-apportion|aurus,ctrl_y,minepump,26,17,0.7647,0.7059,0.7059,0.5294
aurus-nsga2-apportion|aurus,cross,minepump,28,27,0.4815,0.3333,0.4444,0.2963
aurus-nsga2-apportion|aurus,cross,minepump,29,27,0.4444,0.3333,0.3704,0.1481
aurus-nsga2-apportion|aurus,ctrl_x,minepump,28,27,0.5185,0.5185,0.4444,0.4815
aurus-nsga2-apportion|aurus,ctrl_y,minepump,28,27,0.4815,0.3333,0.4815,0.2963
mrs-nsga2-apportion|aurus,cross,pcar-v2-888,6,6,1.0,0.0,0.3333,0.0
mrs-nsga2-apportion|aurus,cross,pcar-v2-888,7,6,1.0,0.0,0.3333,0.0
mrs-nsga2-apportion|aurus,ctrl_x,pcar-v2-888,6,6,0.0,0.0,0.0,0.0
mrs-nsga2-apportion|aurus,ctrl_y,pcar-v2-888,6,6,1.0,0.8333,1.0,1.0
mrs-nsga2-apportion|aurus-nsga2-apportion,cross,pcar-v2-888,2,5,0.2,0.8,0.2,0.2
mrs-nsga2-apportion|aurus-nsga2-apportion,cross,pcar-v2-888,3,5,0.2,1.0,0.2,0.4
mrs-nsga2-apportion|aurus-nsga2-apportion,ctrl_x,pcar-v2-888,2,5,0.4,1.0,0.2,0.6
mrs-nsga2-apportion|aurus-nsga2-apportion,ctrl_y,pcar-v2-888,2,5,0.2,1.0,0.2,0.4
mrs-nsga2-apportion|aurus-nsga2-apportion,cross,pcar-v2-888,4,4,0.75,0.25,0.5,0.75
mrs-nsga2-apportion|aurus-nsga2-apportion,cross,pcar-v2-888,5,4,1.0,0.0,0.25,0.0
mrs-nsga2-apportion|aurus-nsga2-apportion,ctrl_x,pcar-v2-888,4,4,0.25,1.0,0.5,0.25
mrs-nsga2-apportion|aurus-nsga2-apportion,ctrl_y,pcar-v2-888,4,4,0.75,0.0,0.25,0.0
mrs-nsga2-apportion|aurus-nsga2-apportion,cross,pcar-v2-888,6,12,0.9167,0.5833,0.0833,0.0833
mrs-nsga2-apportion|aurus-nsga2-apportion,cross,pcar-v2-888,7,12,0.25,0.8333,0.0833,0.25
mrs-nsga2-apportion|aurus-nsga2-apportion,ctrl_x,pcar-v2-888,6,12,0.1667,0.3333,0.0833,0.0833
mrs-nsga2-apportion|aurus-nsga2-apportion,ctrl_y,pcar-v2-888,6,12,0.9167,0.5833,0.0833,0.0833
mrs-nsga2-apportion|aurus-nsga2-apportion,cross,pcar-v2-888,8,6,0.3333,1.0,0.3333,0.5
mrs-nsga2-apportion|aurus-nsga2-apportion,cross,pcar-v2-888,9,6,1.0,0.0,0.3333,0.0
mrs-nsga2-apportion|aurus-nsga2-apportion,ctrl_x,pcar-v2-888,8,6,0.8333,0.0,0.5,0.0
mrs-nsga2-apportion|aurus-nsga2-apportion,ctrl_y,pcar-v2-888,8,6,1.0,0.8333,0.1667,0.1667
mrs-nsga2-apportion|aurus-nsga2-apportion,cross,pcar-v2-888,10,7,1.0,0.0,0.1429,0.0
mrs-nsga2-apportion|aurus-nsga2-apportion,cross,pcar-v2-888,11,7,0.7143,0.7143,0.2857,0.1429
mrs-nsga2-apportion|aurus-nsga2-apportion,ctrl_x,pcar-v2-888,10,7,0.8571,0.1429,0.4286,0.1429
mrs-nsga2-apportion|aurus-nsga2-apportion,ctrl_y,pcar-v2-888,10,7,1.0,0.0,0.1429,0.0
mrs-nsga2-apportion|aurus-nsga2-apportion,cross,pcar-v2-888,12,8,1.0,0.125,0.375,0.125
mrs-nsga2-apportion|aurus-nsga2-apportion,cross,pcar-v2-888,13,8,0.375,0.125,0.125,0.125
mrs-nsga2-apportion|aurus-nsga2-apportion,ctrl_x,pcar-v2-888,12,8,0.5,0.25,0.25,0.125
mrs-nsga2-apportion|aurus-nsga2-apportion,ctrl_y,pcar-v2-888,12,8,0.75,0.0,0.375,0.0
mrs-nsga2-apportion|aurus-nsga2-apportion,cross,pcar-v2-888,14,7,0.4286,0.5714,0.2857,0.4286
mrs-nsga2-apportion|aurus-nsga2-apportion,cross,pcar-v2-888,15,7,0.0,0.8571,0.0,0.5714
mrs-nsga2-apportion|aurus-nsga2-apportion,ctrl_x,pcar-v2-888,14,7,0.4286,0.0,0.1429,0.0
mrs-nsga2-apportion|aurus-nsga2-apportion,ctrl_y,pcar-v2-888,14,7,0.8571,1.0,0.5714,1.0
mrs-nsga2-apportion|aurus-nsga2-apportion,cross,pcar-v2-888,16,5,0.2,0.8,0.2,0.6
mrs-nsga2-apportion|aurus-nsga2-apportion,cross,pcar-v2-888,17,5,1.0,0.8,0.6,0.6
mrs-nsga2-apportion|aurus-nsga2-apportion,ctrl_x,pcar-v2-888,16,5,0.2,1.0,0.4,0.4
mrs-nsga2-apportion|aurus-nsga2-apportion,ctrl_y,pcar-v2-888,16,5,0.4,1.0,0.2,0.4
mrs-nsga2-apportion|aurus-nsga2-apportion,cross,pcar-v2-888,18,8,0.75,0.0,0.375,0.0
mrs-nsga2-apportion|aurus-nsga2-apportion,cross,pcar-v2-888,19,8,0.0,0.0,0.0,0.0
mrs-nsga2-apportion|aurus-nsga2-apportion,ctrl_x,pcar-v2-888,18,8,0.75,0.875,0.5,0.75
mrs-nsga2-apportion|aurus-nsga2-apportion,ctrl_y,pcar-v2-888,18,8,0.0,0.0,0.0,0.0
mrs-nsga2-apportion|aurus-nsga2-apportion,cross,pcar-v2-888,20,5,0.2,0.4,0.2,0.4
mrs-nsga2-apportion|aurus-nsga2-apportion,cross,pcar-v2-888,21,5,0.0,0.0,0.0,0.0
mrs-nsga2-apportion|aurus-nsga2-apportion,ctrl_x,pcar-v2-888,20,5,0.2,0.6,0.2,0.6
mrs-nsga2-apportion|aurus-nsga2-apportion,ctrl_y,pcar-v2-888,20,5,0.2,0.6,0.2,0.4
mrs-nsga2-apportion|aurus-nsga2-apportion,cross,pcar-v2-888,22,9,0.2222,0.6667,0.2222,0.4444
mrs-nsga2-apportion|aurus-nsga2-apportion,cross,pcar-v2-888,23,9,0.2222,0.4444,0.1111,0.2222
mrs-nsga2-apportion|aurus-nsga2-apportion,ctrl_x,pcar-v2-888,22,9,0.1111,0.2222,0.2222,0.2222
mrs-nsga2-apportion|aurus-nsga2-apportion,ctrl_y,pcar-v2-888,22,9,0.5556,0.6667,0.2222,0.4444
mrs-nsga2-apportion|aurus-nsga2-apportion,cross,pcar-v2-888,24,5,0.4,0.8,0.6,0.4
mrs-nsga2-apportion|aurus-nsga2-apportion,cross,pcar-v2-888,25,5,1.0,0.0,0.4,0.0
mrs-nsga2-apportion|aurus-nsga2-apportion,ctrl_x,pcar-v2-888,24,5,1.0,0.6,0.2,0.2
mrs-nsga2-apportion|aurus-nsga2-apportion,ctrl_y,pcar-v2-888,24,5,0.4,0.6,0.4,0.2
mrs-nsga2-apportion|aurus-nsga2-apportion,cross,pcar-v2-888,26,3,0.6667,1.0,0.6667,1.0
mrs-nsga2-apportion|aurus-nsga2-apportion,cross,pcar-v2-888,27,3,1.0,0.3333,1.0,0.3333
mrs-nsga2-apportion|aurus-nsga2-apportion,ctrl_x,pcar-v2-888,26,3,0.3333,0.0,0.3333,0.0
mrs-nsga2-apportion|aurus-nsga2-apportion,ctrl_y,pcar-v2-888,26,3,1.0,0.0,1.0,0.0
mrs-nsga2-apportion|aurus-nsga2-apportion,cross,pcar-v2-888,28,9,0.0,0.7778,0.0,0.1111
mrs-nsga2-apportion|aurus-nsga2-apportion,cross,pcar-v2-888,29,9,0.8889,0.4444,0.5556,0.4444
mrs-nsga2-apportion|aurus-nsga2-apportion,ctrl_x,pcar-v2-888,28,9,0.0,0.8889,0.0,0.2222
mrs-nsga2-apportion|aurus-nsga2-apportion,ctrl_y,pcar-v2-888,28,9,0.1111,0.8889,0.3333,0.2222
mrs-nsga2-apportion|mrs-weighted,cross,pcar-v2-888,0,24,0.1667,0.5417,0.2083,0.1667
mrs-nsga2-apportion|mrs-weighted,cross,pcar-v2-888,1,24,0.4167,0.5,0.25,0.2917
mrs-nsga2-apportion|mrs-weighted,ctrl_x,pcar-v2-888,0,24,0.375,0.5,0.0417,0.0833
mrs-nsga2-apportion|mrs-weighted,ctrl_y,pcar-v2-888,0,24,0.625,0.75,0.5417,0.625
mrs-nsga2-apportion|mrs-weighted,cross,pcar-v2-888,2,18,0.2778,0.3889,0.1111,0.0556
mrs-nsga2-apportion|mrs-weighted,cross,pcar-v2-888,3,18,0.1111,0.3889,0.1111,0.1667
mrs-nsga2-apportion|mrs-weighted,ctrl_x,pcar-v2-888,2,18,0.6111,0.6111,0.1111,0.1667
mrs-nsga2-apportion|mrs-weighted,ctrl_y,pcar-v2-888,2,18,0.5,0.6111,0.3333,0.2222
mrs-nsga2-apportion|mrs-weighted,cross,pcar-v2-888,4,14,0.9286,0.9286,0.2143,0.1429
mrs-nsga2-apportion|mrs-weighted,cross,pcar-v2-888,5,14,0.0,1.0,0.0,0.2857
mrs-nsga2-apportion|mrs-weighted,ctrl_x,pcar-v2-888,4,14,0.4286,0.7857,0.2143,0.2143
mrs-nsga2-apportion|mrs-weighted,ctrl_y,pcar-v2-888,4,14,0.7857,0.6429,0.4286,0.2857
mrs-nsga2-apportion|mrs-weighted,cross,pcar-v2-888,6,13,0.4615,0.3077,0.1538,0.1538
mrs-nsga2-apportion|mrs-weighted,cross,pcar-v2-888,7,13,0.0,0.3846,0.0,0.1538
mrs-nsga2-apportion|mrs-weighted,ctrl_x,pcar-v2-888,6,13,0.2308,0.3846,0.0769,0.1538
mrs-nsga2-apportion|mrs-weighted,ctrl_y,pcar-v2-888,6,13,0.6923,0.5385,0.3077,0.2308
mrs-nsga2-apportion|mrs-weighted,cross,pcar-v2-888,8,25,0.24,0.88,0.16,0.28
mrs-nsga2-apportion|mrs-weighted,cross,pcar-v2-888,9,25,0.28,0.8,0.84,0.2
mrs-nsga2-apportion|mrs-weighted,ctrl_x,pcar-v2-888,8,25,0.48,0.56,0.52,0.72
mrs-nsga2-apportion|mrs-weighted,ctrl_y,pcar-v2-888,8,25,0.56,0.8,0.4,0.32
mrs-nsga2-apportion|mrs-weighted,cross,pcar-v2-888,10,19,0.8421,0.6842,0.3158,0.1053
mrs-nsga2-apportion|mrs-weighted,cross,pcar-v2-888,11,19,0.6842,0.7368,0.1579,0.1579
mrs-nsga2-apportion|mrs-weighted,ctrl_x,pcar-v2-888,10,19,0.3158,0.4211,0.2632,0.3684
mrs-nsga2-apportion|mrs-weighted,ctrl_y,pcar-v2-888,10,19,0.1579,0.8947,0.1053,0.0526
mrs-nsga2-apportion|mrs-weighted,cross,pcar-v2-888,12,18,0.5556,0.6667,0.2778,0.2778
mrs-nsga2-apportion|mrs-weighted,cross,pcar-v2-888,13,18,0.5,0.8889,0.1111,0.1667
mrs-nsga2-apportion|mrs-weighted,ctrl_x,pcar-v2-888,12,18,0.8333,0.3889,0.2778,0.1111
mrs-nsga2-apportion|mrs-weighted,ctrl_y,pcar-v2-888,12,18,0.2222,0.7222,0.1111,0.2222
mrs-nsga2-apportion|mrs-weighted,cross,pcar-v2-888,14,25,0.28,0.32,0.2,0.08
mrs-nsga2-apportion|mrs-weighted,cross,pcar-v2-888,15,25,0.0,0.24,0.0,0.04
mrs-nsga2-apportion|mrs-weighted,ctrl_x,pcar-v2-888,14,25,0.96,0.4,0.24,0.04
mrs-nsga2-apportion|mrs-weighted,ctrl_y,pcar-v2-888,14,25,0.32,0.84,0.16,0.08
mrs-nsga2-apportion|mrs-weighted,cross,pcar-v2-888,16,11,0.1818,0.3636,0.1818,0.2727
mrs-nsga2-apportion|mrs-weighted,cross,pcar-v2-888,17,11,0.5455,0.3636,0.2727,0.0909
mrs-nsga2-apportion|mrs-weighted,ctrl_x,pcar-v2-888,16,11,0.1818,0.8182,0.2727,0.1818
mrs-nsga2-apportion|mrs-weighted,ctrl_y,pcar-v2-888,16,11,0.1818,0.2727,0.1818,0.1818
mrs-nsga2-apportion|mrs-weighted,cross,pcar-v2-888,18,16,0.375,0.8125,0.3125,0.3125
mrs-nsga2-apportion|mrs-weighted,cross,pcar-v2-888,19,16,0.5,0.3125,0.1875,0.25
mrs-nsga2-apportion|mrs-weighted,ctrl_x,pcar-v2-888,18,16,0.75,0.5625,0.25,0.1875
mrs-nsga2-apportion|mrs-weighted,ctrl_y,pcar-v2-888,18,16,0.4375,0.875,0.375,0.25
mrs-nsga2-apportion|mrs-weighted,cross,pcar-v2-888,20,9,0.1111,0.7778,0.2222,0.1111
mrs-nsga2-apportion|mrs-weighted,cross,pcar-v2-888,21,9,0.2222,0.4444,0.1111,0.2222
mrs-nsga2-apportion|mrs-weighted,ctrl_x,pcar-v2-888,20,9,0.5556,0.1111,0.2222,0.3333
mrs-nsga2-apportion|mrs-weighted,ctrl_y,pcar-v2-888,20,9,0.5556,0.6667,0.3333,0.2222
mrs-nsga2-apportion|mrs-weighted,cross,pcar-v2-888,22,16,0.3125,0.9375,0.125,0.25
mrs-nsga2-apportion|mrs-weighted,cross,pcar-v2-888,23,16,0.5,0.25,0.1875,0.1875
mrs-nsga2-apportion|mrs-weighted,ctrl_x,pcar-v2-888,22,16,0.25,0.3125,0.1875,0.25
mrs-nsga2-apportion|mrs-weighted,ctrl_y,pcar-v2-888,22,16,0.5,0.8125,0.3125,0.25
mrs-nsga2-apportion|mrs-weighted,cross,pcar-v2-888,24,13,1.0,0.3846,0.2308,0.1538
mrs-nsga2-apportion|mrs-weighted,cross,pcar-v2-888,25,13,0.3846,0.8462,0.1538,0.3846
mrs-nsga2-apportion|mrs-weighted,ctrl_x,pcar-v2-888,24,13,0.6923,0.5385,0.3077,0.2308
mrs-nsga2-apportion|mrs-weighted,ctrl_y,pcar-v2-888,24,13,0.3077,0.6923,0.3077,0.3077
mrs-nsga2-apportion|mrs-weighted,cross,pcar-v2-888,26,8,0.375,0.625,0.125,0.375
mrs-nsga2-apportion|mrs-weighted,cross,pcar-v2-888,27,8,0.0,0.125,0.0,0.125
mrs-nsga2-apportion|mrs-weighted,ctrl_x,pcar-v2-888,26,8,0.75,0.5,0.125,0.125
mrs-nsga2-apportion|mrs-weighted,ctrl_y,pcar-v2-888,26,8,0.25,0.5,0.125,0.125
mrs-nsga2-apportion|mrs-weighted,cross,pcar-v2-888,28,25,0.8,0.92,0.08,0.12
mrs-nsga2-apportion|mrs-weighted,cross,pcar-v2-888,29,25,0.72,0.56,0.2,0.2
mrs-nsga2-apportion|mrs-weighted,ctrl_x,pcar-v2-888,28,25,0.24,0.84,0.08,0.32
mrs-nsga2-apportion|mrs-weighted,ctrl_y,pcar-v2-888,28,25,0.08,0.8,0.04,0.28
aurus-nsga2-apportion|aurus,cross,pcar-v2-888,6,6,1.0,0.0,0.1667,0.0
aurus-nsga2-apportion|aurus,cross,pcar-v2-888,7,6,1.0,0.1667,0.3333,0.1667
aurus-nsga2-apportion|aurus,ctrl_x,pcar-v2-888,6,6,1.0,0.0,0.3333,0.0
aurus-nsga2-apportion|aurus,ctrl_y,pcar-v2-888,6,6,1.0,0.8333,1.0,1.0
mrs-nsga2-apportion|aurus-nsga2-apportion,cross,prioritized-arbiter-aurus,2,4,0.5,0.5,0.75,0.25
mrs-nsga2-apportion|aurus-nsga2-apportion,cross,prioritized-arbiter-aurus,3,4,1.0,0.25,1.0,0.25
mrs-nsga2-apportion|aurus-nsga2-apportion,ctrl_x,prioritized-arbiter-aurus,2,4,0.75,1.0,0.5,0.5
mrs-nsga2-apportion|aurus-nsga2-apportion,ctrl_y,prioritized-arbiter-aurus,2,4,0.25,1.0,0.5,0.25
mrs-nsga2-apportion|aurus-nsga2-apportion,cross,prioritized-arbiter-aurus,14,3,1.0,0.0,1.0,0.0
mrs-nsga2-apportion|aurus-nsga2-apportion,cross,prioritized-arbiter-aurus,15,3,1.0,0.0,0.6667,0.0
mrs-nsga2-apportion|aurus-nsga2-apportion,ctrl_x,prioritized-arbiter-aurus,14,3,1.0,0.6667,0.6667,1.0
mrs-nsga2-apportion|aurus-nsga2-apportion,ctrl_y,prioritized-arbiter-aurus,14,3,0.6667,1.0,0.3333,0.3333
mrs-nsga2-apportion|aurus-nsga2-apportion,cross,prioritized-arbiter-aurus,20,2,0.0,0.0,0.0,0.0
mrs-nsga2-apportion|aurus-nsga2-apportion,cross,prioritized-arbiter-aurus,21,2,1.0,0.0,0.5,0.0
mrs-nsga2-apportion|aurus-nsga2-apportion,ctrl_x,prioritized-arbiter-aurus,20,2,0.0,1.0,0.0,1.0
mrs-nsga2-apportion|aurus-nsga2-apportion,ctrl_y,prioritized-arbiter-aurus,20,2,0.5,1.0,1.0,0.5
mrs-nsga2-apportion|mrs-weighted,cross,prioritized-arbiter-aurus,0,20,0.65,0.2,0.2,0.15
mrs-nsga2-apportion|mrs-weighted,cross,prioritized-arbiter-aurus,1,20,0.45,0.6,0.2,0.3
mrs-nsga2-apportion|mrs-weighted,ctrl_x,prioritized-arbiter-aurus,0,20,0.7,0.45,0.35,0.4
mrs-nsga2-apportion|mrs-weighted,ctrl_y,prioritized-arbiter-aurus,0,20,0.3,0.35,0.25,0.3
mrs-nsga2-apportion|mrs-weighted,cross,prioritized-arbiter-aurus,2,23,0.4783,0.4348,0.3043,0.3043
mrs-nsga2-apportion|mrs-weighted,cross,prioritized-arbiter-aurus,3,23,0.1304,0.7826,0.1304,0.4348
mrs-nsga2-apportion|mrs-weighted,ctrl_x,prioritized-arbiter-aurus,2,23,0.6522,0.3043,0.2609,0.1739
mrs-nsga2-apportion|mrs-weighted,ctrl_y,prioritized-arbiter-aurus,2,23,0.3478,0.3478,0.4348,0.2174
mrs-nsga2-apportion|mrs-weighted,cross,prioritized-arbiter-aurus,4,22,0.1364,0.3636,0.1364,0.4091
mrs-nsga2-apportion|mrs-weighted,cross,prioritized-arbiter-aurus,5,22,0.3182,0.3182,0.1818,0.3636
mrs-nsga2-apportion|mrs-weighted,ctrl_x,prioritized-arbiter-aurus,4,22,0.4091,0.3182,0.1818,0.2273
mrs-nsga2-apportion|mrs-weighted,ctrl_y,prioritized-arbiter-aurus,4,22,0.4545,0.5,0.2727,0.4091
mrs-nsga2-apportion|mrs-weighted,cross,prioritized-arbiter-aurus,6,18,0.1667,0.2778,0.0556,0.3889
mrs-nsga2-apportion|mrs-weighted,cross,prioritized-arbiter-aurus,7,18,0.0,0.2778,0.0,0.1111
mrs-nsga2-apportion|mrs-weighted,ctrl_x,prioritized-arbiter-aurus,6,18,1.0,0.0,0.2778,0.0
mrs-nsga2-apportion|mrs-weighted,ctrl_y,prioritized-arbiter-aurus,6,18,0.6111,0.6111,0.3333,0.2222
mrs-nsga2-apportion|mrs-weighted,cross,prioritized-arbiter-aurus,8,27,0.4074,0.4074,0.4074,0.2963
mrs-nsga2-apportion|mrs-weighted,cross,prioritized-arbiter-aurus,9,27,0.1852,0.4815,0.0741,0.2963
mrs-nsga2-apportion|mrs-weighted,ctrl_x,prioritized-arbiter-aurus,8,27,0.4444,0.4815,0.2222,0.2593
mrs-nsga2-apportion|mrs-weighted,ctrl_y,prioritized-arbiter-aurus,8,27,0.2963,0.1111,0.1852,0.1481
mrs-nsga2-apportion|mrs-weighted,cross,prioritized-arbiter-aurus,10,19,0.5263,0.4211,0.1579,0.2632
mrs-nsga2-apportion|mrs-weighted,cross,prioritized-arbiter-aurus,11,19,0.5263,0.3684,0.1579,0.1579
mrs-nsga2-apportion|mrs-weighted,ctrl_x,prioritized-arbiter-aurus,10,19,0.8421,0.7368,0.3684,0.4211
mrs-nsga2-apportion|mrs-weighted,ctrl_y,prioritized-arbiter-aurus,10,19,0.2632,0.2632,0.3158,0.1579
mrs-nsga2-apportion|mrs-weighted,cross,prioritized-arbiter-aurus,12,15,0.1333,0.6667,0.1333,0.7333
mrs-nsga2-apportion|mrs-weighted,cross,prioritized-arbiter-aurus,13,15,0.8,0.6,0.2667,0.2667
mrs-nsga2-apportion|mrs-weighted,ctrl_x,prioritized-arbiter-aurus,12,15,0.3333,0.4667,0.1333,0.1333
mrs-nsga2-apportion|mrs-weighted,ctrl_y,prioritized-arbiter-aurus,12,15,0.6667,0.6,0.2667,0.3333
mrs-nsga2-apportion|mrs-weighted,cross,prioritized-arbiter-aurus,14,27,0.4444,0.4074,0.4074,0.5556
mrs-nsga2-apportion|mrs-weighted,cross,prioritized-arbiter-aurus,15,27,0.1111,0.4074,0.037,0.2222
mrs-nsga2-apportion|mrs-weighted,ctrl_x,prioritized-arbiter-aurus,14,27,0.8519,0.2593,0.2593,0.1111
mrs-nsga2-apportion|mrs-weighted,ctrl_y,prioritized-arbiter-aurus,14,27,0.4444,0.7037,0.1111,0.2593
mrs-nsga2-apportion|mrs-weighted,cross,prioritized-arbiter-aurus,16,26,0.2692,0.9231,0.1538,0.3077
mrs-nsga2-apportion|mrs-weighted,cross,prioritized-arbiter-aurus,17,26,0.5385,0.3846,0.3462,0.1923
mrs-nsga2-apportion|mrs-weighted,ctrl_x,prioritized-arbiter-aurus,16,26,0.3462,0.8462,0.1538,0.2308
mrs-nsga2-apportion|mrs-weighted,ctrl_y,prioritized-arbiter-aurus,16,26,0.0769,0.1538,0.0769,0.1154
mrs-nsga2-apportion|mrs-weighted,cross,prioritized-arbiter-aurus,18,14,0.0714,0.6429,0.0714,0.0714
mrs-nsga2-apportion|mrs-weighted,cross,prioritized-arbiter-aurus,19,14,1.0,0.2143,0.2143,0.2143
mrs-nsga2-apportion|mrs-weighted,ctrl_x,prioritized-arbiter-aurus,18,14,0.1429,0.5,0.0714,0.2857
mrs-nsga2-apportion|mrs-weighted,ctrl_y,prioritized-arbiter-aurus,18,14,1.0,0.0,0.1429,0.0
mrs-nsga2-apportion|mrs-weighted,cross,prioritized-arbiter-aurus,20,30,0.3,0.8667,0.1333,0.2333
mrs-nsga2-apportion|mrs-weighted,cross,prioritized-arbiter-aurus,21,30,0.3667,0.2667,0.2333,0.2333
mrs-nsga2-apportion|mrs-weighted,ctrl_x,prioritized-arbiter-aurus,20,30,0.3,0.5667,0.1333,0.2333
mrs-nsga2-apportion|mrs-weighted,ctrl_y,prioritized-arbiter-aurus,20,30,0.1667,0.4333,0.0333,0.2
mrs-nsga2-apportion|mrs-weighted,cross,prioritized-arbiter-aurus,22,11,0.5455,1.0,0.3636,0.5455
mrs-nsga2-apportion|mrs-weighted,cross,prioritized-arbiter-aurus,23,11,0.1818,0.1818,0.0909,0.0909
mrs-nsga2-apportion|mrs-weighted,ctrl_x,prioritized-arbiter-aurus,22,11,0.5455,0.8182,0.1818,0.5455
mrs-nsga2-apportion|mrs-weighted,ctrl_y,prioritized-arbiter-aurus,22,11,0.4545,0.9091,0.1818,0.5455
mrs-nsga2-apportion|mrs-weighted,cross,prioritized-arbiter-aurus,24,16,0.1875,0.5625,0.1875,0.3125
mrs-nsga2-apportion|mrs-weighted,cross,prioritized-arbiter-aurus,25,16,0.5,0.875,0.125,0.25
mrs-nsga2-apportion|mrs-weighted,ctrl_x,prioritized-arbiter-aurus,24,16,0.3125,0.5625,0.1875,0.1875
mrs-nsga2-apportion|mrs-weighted,ctrl_y,prioritized-arbiter-aurus,24,16,0.8125,0.125,0.3125,0.25
mrs-nsga2-apportion|mrs-weighted,cross,prioritized-arbiter-aurus,26,22,0.2727,0.8636,0.1364,0.3636
mrs-nsga2-apportion|mrs-weighted,cross,prioritized-arbiter-aurus,27,22,0.1364,0.1818,0.0909,0.2273
mrs-nsga2-apportion|mrs-weighted,ctrl_x,prioritized-arbiter-aurus,26,22,0.3182,0.7273,0.1818,0.2727
mrs-nsga2-apportion|mrs-weighted,ctrl_y,prioritized-arbiter-aurus,26,22,0.3182,0.1818,0.1364,0.1818
mrs-nsga2-apportion|mrs-weighted,cross,prioritized-arbiter-aurus,28,24,0.0833,0.2083,0.0833,0.2083
mrs-nsga2-apportion|mrs-weighted,cross,prioritized-arbiter-aurus,29,24,0.5,0.5417,0.0833,0.2083
mrs-nsga2-apportion|mrs-weighted,ctrl_x,prioritized-arbiter-aurus,28,24,0.3333,0.2917,0.2083,0.25
mrs-nsga2-apportion|mrs-weighted,ctrl_y,prioritized-arbiter-aurus,28,24,0.5,0.6667,0.2917,0.4583
mrs-nsga2-apportion|aurus,cross,rg1,0,24,0.8333,0.0,0.125,0.0
mrs-nsga2-apportion|aurus,cross,rg1,1,24,0.6667,0.7917,0.2083,0.3333
mrs-nsga2-apportion|aurus,ctrl_x,rg1,0,24,0.7083,0.0833,0.375,0.0417
mrs-nsga2-apportion|aurus,ctrl_y,rg1,0,24,0.5833,0.4583,0.375,0.2917
mrs-nsga2-apportion|aurus,cross,rg1,2,21,0.1905,0.2381,0.2857,0.1429
mrs-nsga2-apportion|aurus,cross,rg1,3,21,0.9048,0.6667,0.2381,0.1905
mrs-nsga2-apportion|aurus,ctrl_x,rg1,2,21,0.5238,0.9524,0.2857,0.3333
mrs-nsga2-apportion|aurus,ctrl_y,rg1,2,21,0.7143,0.6667,0.381,0.2381
mrs-nsga2-apportion|aurus,cross,rg1,4,21,0.4762,0.6667,0.3333,0.2857
mrs-nsga2-apportion|aurus,cross,rg1,5,21,0.9524,0.2857,0.1905,0.2381
mrs-nsga2-apportion|aurus,ctrl_x,rg1,4,21,0.4286,0.619,0.3333,0.2381
mrs-nsga2-apportion|aurus,ctrl_y,rg1,4,21,0.4762,0.5714,0.4286,0.4286
mrs-nsga2-apportion|aurus,cross,rg1,6,20,0.8,0.85,0.2,0.25
mrs-nsga2-apportion|aurus,cross,rg1,7,20,0.25,0.35,0.25,0.2
mrs-nsga2-apportion|aurus,ctrl_x,rg1,6,20,0.55,0.55,0.2,0.55
mrs-nsga2-apportion|aurus,ctrl_y,rg1,6,20,0.8,0.6,0.45,0.4
mrs-nsga2-apportion|aurus,cross,rg1,8,26,0.4231,0.8462,0.1923,0.2308
mrs-nsga2-apportion|aurus,cross,rg1,9,26,0.3846,0.3462,0.2692,0.1538
mrs-nsga2-apportion|aurus,ctrl_x,rg1,8,26,0.3077,0.7308,0.3077,0.3846
mrs-nsga2-apportion|aurus,ctrl_y,rg1,8,26,0.6154,0.6538,0.5,0.4231
mrs-nsga2-apportion|aurus,cross,rg1,10,15,0.1333,0.3333,0.2,0.3333
mrs-nsga2-apportion|aurus,cross,rg1,11,15,0.5333,1.0,0.2667,0.6
mrs-nsga2-apportion|aurus,ctrl_x,rg1,10,15,0.5333,0.4,0.4,0.4
mrs-nsga2-apportion|aurus,ctrl_y,rg1,10,15,0.9333,0.6667,0.6,0.6667
mrs-nsga2-apportion|aurus,cross,rg1,12,20,0.4,0.7,0.3,0.25
mrs-nsga2-apportion|aurus,cross,rg1,13,20,0.7,0.5,0.2,0.25
mrs-nsga2-apportion|aurus,ctrl_x,rg1,12,20,0.7,0.65,0.35,0.6
mrs-nsga2-apportion|aurus,ctrl_y,rg1,12,20,0.55,0.4,0.4,0.3
mrs-nsga2-apportion|aurus,cross,rg1,14,21,0.381,0.619,0.381,0.5238
mrs-nsga2-apportion|aurus,cross,rg1,15,21,0.3333,0.3333,0.1905,0.1905
mrs-nsga2-apportion|aurus,ctrl_x,rg1,14,21,0.619,0.3333,0.4762,0.381
mrs-nsga2-apportion|aurus,ctrl_y,rg1,14,21,0.381,0.4286,0.3333,0.2857
mrs-nsga2-apportion|aurus,cross,rg1,16,18,0.2222,0.8889,0.2778,0.1667
mrs-nsga2-apportion|aurus,cross,rg1,17,18,0.5,0.5556,0.4444,0.2778
mrs-nsga2-apportion|aurus,ctrl_x,rg1,16,18,0.2778,0.2222,0.4444,0.1667
mrs-nsga2-apportion|aurus,ctrl_y,rg1,16,18,0.8333,0.3889,0.4444,0.4444
mrs-nsga2-apportion|aurus,cross,rg1,18,20,0.65,0.75,0.2,0.1
mrs-nsga2-apportion|aurus,cross,rg1,19,20,0.25,0.75,0.2,0.1
mrs-nsga2-apportion|aurus,ctrl_x,rg1,18,20,0.4,0.5,0.25,0.15
mrs-nsga2-apportion|aurus,ctrl_y,rg1,18,20,0.7,0.65,0.35,0.4
mrs-nsga2-apportion|aurus,cross,rg1,20,25,0.6,0.68,0.24,0.32
mrs-nsga2-apportion|aurus,cross,rg1,21,25,0.48,0.44,0.28,0.32
mrs-nsga2-apportion|aurus,ctrl_x,rg1,20,25,0.36,0.24,0.24,0.24
mrs-nsga2-apportion|aurus,ctrl_y,rg1,20,25,0.8,0.16,0.48,0.16
mrs-nsga2-apportion|aurus,cross,rg1,22,28,0.8214,0.6786,0.1786,0.2143
mrs-nsga2-apportion|aurus,cross,rg1,23,28,0.3214,0.5,0.2143,0.3214
mrs-nsga2-apportion|aurus,ctrl_x,rg1,22,28,0.4643,0.1429,0.3929,0.25
mrs-nsga2-apportion|aurus,ctrl_y,rg1,22,28,0.75,0.6786,0.5,0.3571
mrs-nsga2-apportion|aurus,cross,rg1,24,22,0.7273,0.7273,0.1818,0.1364
mrs-nsga2-apportion|aurus,cross,rg1,25,22,0.0455,0.9091,0.0455,0.0909
mrs-nsga2-apportion|aurus,ctrl_x,rg1,24,22,0.1364,0.3636,0.1818,0.3636
mrs-nsga2-apportion|aurus,ctrl_y,rg1,24,22,0.9091,0.5455,0.6818,0.5455
mrs-nsga2-apportion|aurus,cross,rg1,26,27,0.4815,0.5185,0.3704,0.4074
mrs-nsga2-apportion|aurus,cross,rg1,27,27,0.5185,0.2593,0.1481,0.1852
mrs-nsga2-apportion|aurus,ctrl_x,rg1,26,27,0.6296,0.4444,0.4815,0.3704
mrs-nsga2-apportion|aurus,ctrl_y,rg1,26,27,0.6296,0.5185,0.5185,0.3333
mrs-nsga2-apportion|aurus,cross,rg1,28,17,0.8824,0.0,0.2353,0.0
mrs-nsga2-apportion|aurus,cross,rg1,29,17,0.6471,0.4118,0.2941,0.2941
mrs-nsga2-apportion|aurus,ctrl_x,rg1,28,17,0.0588,0.4706,0.0588,0.1765
mrs-nsga2-apportion|aurus,ctrl_y,rg1,28,17,0.7059,0.2353,0.5882,0.2941
mrs-nsga2-apportion|aurus-nsga2-apportion,cross,rg1,0,6,0.1667,1.0,0.1667,0.6667
mrs-nsga2-apportion|aurus-nsga2-apportion,cross,rg1,1,6,0.6667,0.5,0.6667,0.6667
mrs-nsga2-apportion|aurus-nsga2-apportion,ctrl_x,rg1,0,6,0.8333,0.3333,0.5,0.3333
mrs-nsga2-apportion|aurus-nsga2-apportion,ctrl_y,rg1,0,6,0.3333,0.6667,0.3333,0.3333
mrs-nsga2-apportion|aurus-nsga2-apportion,cross,rg1,2,6,0.3333,0.8333,0.1667,0.3333
mrs-nsga2-apportion|aurus-nsga2-apportion,cross,rg1,3,6,0.8333,0.6667,0.5,0.3333
mrs-nsga2-apportion|aurus-nsga2-apportion,ctrl_x,rg1,2,6,0.0,1.0,0.0,0.1667
mrs-nsga2-apportion|aurus-nsga2-apportion,ctrl_y,rg1,2,6,0.8333,0.6667,0.6667,0.5
mrs-nsga2-apportion|aurus-nsga2-apportion,cross,rg1,4,9,0.5556,0.1111,0.3333,0.2222
mrs-nsga2-apportion|aurus-nsga2-apportion,cross,rg1,5,9,0.6667,0.4444,0.3333,0.5556
mrs-nsga2-apportion|aurus-nsga2-apportion,ctrl_x,rg1,4,9,0.8889,0.2222,0.6667,0.2222
mrs-nsga2-apportion|aurus-nsga2-apportion,ctrl_y,rg1,4,9,1.0,0.1111,0.5556,0.2222
mrs-nsga2-apportion|aurus-nsga2-apportion,cross,rg1,6,2,0.0,0.5,0.0,0.5
mrs-nsga2-apportion|aurus-nsga2-apportion,cross,rg1,7,2,1.0,0.5,0.5,1.0
mrs-nsga2-apportion|aurus-nsga2-apportion,ctrl_x,rg1,6,2,1.0,0.0,1.0,0.0
mrs-nsga2-apportion|aurus-nsga2-apportion,ctrl_y,rg1,6,2,1.0,0.0,0.5,0.0
mrs-nsga2-apportion|aurus-nsga2-apportion,cross,rg1,8,9,0.1111,1.0,0.1111,0.7778
mrs-nsga2-apportion|aurus-nsga2-apportion,cross,rg1,9,9,0.7778,0.4444,0.5556,0.2222
mrs-nsga2-apportion|aurus-nsga2-apportion,ctrl_x,rg1,8,9,0.3333,0.4444,0.5556,0.2222
mrs-nsga2-apportion|aurus-nsga2-apportion,ctrl_y,rg1,8,9,0.3333,0.7778,0.3333,0.7778
mrs-nsga2-apportion|aurus-nsga2-apportion,cross,rg1,10,3,1.0,0.0,0.3333,0.0
mrs-nsga2-apportion|aurus-nsga2-apportion,cross,rg1,11,3,1.0,1.0,1.0,1.0
mrs-nsga2-apportion|aurus-nsga2-apportion,ctrl_x,rg1,10,3,0.3333,1.0,0.3333,1.0
mrs-nsga2-apportion|aurus-nsga2-apportion,ctrl_y,rg1,10,3,1.0,1.0,0.6667,1.0
mrs-nsga2-apportion|aurus-nsga2-apportion,cross,rg1,12,4,0.5,0.0,0.5,0.0
mrs-nsga2-apportion|aurus-nsga2-apportion,cross,rg1,13,4,1.0,0.75,0.5,0.75
mrs-nsga2-apportion|aurus-nsga2-apportion,ctrl_x,rg1,12,4,0.75,0.5,0.5,0.25
mrs-nsga2-apportion|aurus-nsga2-apportion,ctrl_y,rg1,12,4,1.0,1.0,0.75,0.5
mrs-nsga2-apportion|aurus-nsga2-apportion,cross,rg1,14,7,1.0,0.5714,1.0,0.2857
mrs-nsga2-apportion|aurus-nsga2-apportion,cross,rg1,15,7,0.5714,0.8571,0.7143,1.0
mrs-nsga2-apportion|aurus-nsga2-apportion,ctrl_x,rg1,14,7,0.5714,0.2857,0.2857,0.1429
mrs-nsga2-apportion|aurus-nsga2-apportion,ctrl_y,rg1,14,7,0.5714,0.7143,0.5714,0.5714
mrs-nsga2-apportion|aurus-nsga2-apportion,cross,rg1,16,2,0.0,1.0,0.0,1.0
mrs-nsga2-apportion|aurus-nsga2-apportion,cross,rg1,17,2,0.0,1.0,0.0,1.0
mrs-nsga2-apportion|aurus-nsga2-apportion,ctrl_x,rg1,16,2,0.5,0.5,1.0,0.5
mrs-nsga2-apportion|aurus-nsga2-apportion,ctrl_y,rg1,16,2,1.0,1.0,1.0,1.0
mrs-nsga2-apportion|aurus-nsga2-apportion,cross,rg1,18,7,0.7143,0.4286,0.8571,0.2857
mrs-nsga2-apportion|aurus-nsga2-apportion,cross,rg1,19,7,0.2857,1.0,0.4286,0.2857
mrs-nsga2-apportion|aurus-nsga2-apportion,ctrl_x,rg1,18,7,0.7143,0.5714,0.5714,0.7143
mrs-nsga2-apportion|aurus-nsga2-apportion,ctrl_y,rg1,18,7,1.0,0.2857,0.4286,0.2857
mrs-nsga2-apportion|aurus-nsga2-apportion,cross,rg1,20,4,0.75,0.75,0.5,0.5
mrs-nsga2-apportion|aurus-nsga2-apportion,cross,rg1,21,4,0.25,1.0,0.5,0.25
mrs-nsga2-apportion|aurus-nsga2-apportion,ctrl_x,rg1,20,4,1.0,0.25,1.0,0.25
mrs-nsga2-apportion|aurus-nsga2-apportion,ctrl_y,rg1,20,4,0.5,1.0,1.0,0.75
mrs-nsga2-apportion|aurus-nsga2-apportion,cross,rg1,22,8,1.0,0.625,0.75,0.375
mrs-nsga2-apportion|aurus-nsga2-apportion,cross,rg1,23,8,0.125,0.875,0.25,0.25
mrs-nsga2-apportion|aurus-nsga2-apportion,ctrl_x,rg1,22,8,0.875,0.5,0.625,0.375
mrs-nsga2-apportion|aurus-nsga2-apportion,ctrl_y,rg1,22,8,0.625,0.5,0.375,0.5
mrs-nsga2-apportion|aurus-nsga2-apportion,cross,rg1,24,9,0.7778,0.6667,0.3333,0.4444
mrs-nsga2-apportion|aurus-nsga2-apportion,cross,rg1,25,9,0.4444,0.8889,0.5556,0.3333
mrs-nsga2-apportion|aurus-nsga2-apportion,ctrl_x,rg1,24,9,0.5556,0.3333,0.2222,0.1111
mrs-nsga2-apportion|aurus-nsga2-apportion,ctrl_y,rg1,24,9,0.4444,0.5556,0.3333,0.2222
mrs-nsga2-apportion|aurus-nsga2-apportion,cross,rg1,26,7,1.0,0.2857,0.4286,0.5714
mrs-nsga2-apportion|aurus-nsga2-apportion,cross,rg1,27,7,0.5714,1.0,0.7143,0.4286
mrs-nsga2-apportion|aurus-nsga2-apportion,ctrl_x,rg1,26,7,0.8571,0.5714,0.4286,0.4286
mrs-nsga2-apportion|aurus-nsga2-apportion,ctrl_y,rg1,26,7,0.8571,0.5714,0.4286,0.8571
mrs-nsga2-apportion|aurus-nsga2-apportion,cross,rg1,28,7,0.5714,0.5714,0.4286,0.7143
mrs-nsga2-apportion|aurus-nsga2-apportion,cross,rg1,29,7,0.4286,0.5714,0.7143,0.4286
mrs-nsga2-apportion|aurus-nsga2-apportion,ctrl_x,rg1,28,7,0.2857,0.7143,0.4286,0.2857
mrs-nsga2-apportion|aurus-nsga2-apportion,ctrl_y,rg1,28,7,1.0,0.2857,0.8571,0.4286
mrs-nsga2-apportion|mrs-weighted,cross,rg1,0,26,0.3846,0.2692,0.3077,0.2308
mrs-nsga2-apportion|mrs-weighted,cross,rg1,1,26,0.2308,0.9615,0.1154,0.4615
mrs-nsga2-apportion|mrs-weighted,ctrl_x,rg1,0,26,0.6538,0.2692,0.3846,0.0769
mrs-nsga2-apportion|mrs-weighted,ctrl_y,rg1,0,26,0.5385,0.2308,0.4231,0.2308
mrs-nsga2-apportion|mrs-weighted,cross,rg1,2,21,0.2381,0.8571,0.1429,0.381
mrs-nsga2-apportion|mrs-weighted,cross,rg1,3,21,0.5238,0.6667,0.3333,0.381
mrs-nsga2-apportion|mrs-weighted,ctrl_x,rg1,2,21,0.5238,0.9524,0.2857,0.3333
mrs-nsga2-apportion|mrs-weighted,ctrl_y,rg1,2,21,0.3333,0.1905,0.2381,0.2857
mrs-nsga2-apportion|mrs-weighted,cross,rg1,4,21,0.5714,0.4286,0.1429,0.2857
mrs-nsga2-apportion|mrs-weighted,cross,rg1,5,21,0.4286,0.8095,0.2857,0.5714
mrs-nsga2-apportion|mrs-weighted,ctrl_x,rg1,4,21,0.4286,0.5714,0.381,0.2381
mrs-nsga2-apportion|mrs-weighted,ctrl_y,rg1,4,21,0.7143,0.7143,0.3333,0.381
mrs-nsga2-apportion|mrs-weighted,cross,rg1,6,26,0.3462,0.3846,0.3846,0.1923
mrs-nsga2-apportion|mrs-weighted,cross,rg1,7,26,0.5385,0.7308,0.3077,0.3846
mrs-nsga2-apportion|mrs-weighted,ctrl_x,rg1,6,26,0.4615,0.3077,0.3846,0.2692
mrs-nsga2-apportion|mrs-weighted,ctrl_y,rg1,6,26,0.8462,0.6923,0.3462,0.2692
mrs-nsga2-apportion|mrs-weighted,cross,rg1,8,26,0.3846,0.7692,0.2692,0.3846
mrs-nsga2-apportion|mrs-weighted,cross,rg1,9,26,0.5769,0.5769,0.1923,0.1923
mrs-nsga2-apportion|mrs-weighted,ctrl_x,rg1,8,26,0.3077,0.7308,0.3077,0.3846
mrs-nsga2-apportion|mrs-weighted,ctrl_y,rg1,8,26,0.0385,0.8462,0.0385,0.1923
mrs-nsga2-apportion|mrs-weighted,cross,rg1,10,15,0.1333,0.6667,0.3333,0.3333
mrs-nsga2-apportion|mrs-weighted,cross,rg1,11,15,0.5333,0.6,0.0667,0.5333
mrs-nsga2-apportion|mrs-weighted,ctrl_x,rg1,10,15,0.5333,0.4,0.4,0.4
mrs-nsga2-apportion|mrs-weighted,ctrl_y,rg1,10,15,0.5333,0.7333,0.3333,0.4
mrs-nsga2-apportion|mrs-weighted,cross,rg1,12,20,0.25,1.0,0.1,0.35
mrs-nsga2-apportion|mrs-weighted,cross,rg1,13,20,0.95,0.15,0.15,0.05
mrs-nsga2-apportion|mrs-weighted,ctrl_x,rg1,12,20,0.7,0.65,0.35,0.6
mrs-nsga2-apportion|mrs-weighted,ctrl_y,rg1,12,20,0.05,0.75,0.05,0.3
mrs-nsga2-apportion|mrs-weighted,cross,rg1,14,21,0.1905,0.5714,0.1429,0.5238
mrs-nsga2-apportion|mrs-weighted,cross,rg1,15,21,0.1905,0.9524,0.1905,0.381
mrs-nsga2-apportion|mrs-weighted,ctrl_x,rg1,14,21,0.619,0.3333,0.4762,0.381
mrs-nsga2-apportion|mrs-weighted,ctrl_y,rg1,14,21,0.7619,0.5238,0.381,0.2857
mrs-nsga2-apportion|mrs-weighted,cross,rg1,16,24,0.375,0.4167,0.2083,0.375
mrs-nsga2-apportion|mrs-weighted,cross,rg1,17,24,0.1667,0.5,0.1667,0.375
mrs-nsga2-apportion|mrs-weighted,ctrl_x,rg1,16,24,0.375,0.5,0.375,0.3333
mrs-nsga2-apportion|mrs-weighted,ctrl_y,rg1,16,24,0.7917,0.625,0.5417,0.2917
mrs-nsga2-apportion|mrs-weighted,cross,rg1,18,20,0.3,0.75,0.35,0.3
mrs-nsga2-apportion|mrs-weighted,cross,rg1,19,20,0.1,0.8,0.15,0.1
mrs-nsga2-apportion|mrs-weighted,ctrl_x,rg1,18,20,0.4,0.5,0.25,0.15
mrs-nsga2-apportion|mrs-weighted,ctrl_y,rg1,18,20,0.9,0.7,0.25,0.15
mrs-nsga2-apportion|mrs-weighted,cross,rg1,20,25,0.28,0.44,0.12,0.36
mrs-nsga2-apportion|mrs-weighted,cross,rg1,21,25,0.28,0.6,0.2,0.32
mrs-nsga2-apportion|mrs-weighted,ctrl_x,rg1,20,25,0.36,0.24,0.24,0.24
mrs-nsga2-apportion|mrs-weighted,ctrl_y,rg1,20,25,0.76,0.56,0.44,0.4
mrs-nsga2-apportion|mrs-weighted,cross,rg1,22,28,0.5,0.2857,0.25,0.3571
mrs-nsga2-apportion|mrs-weighted,cross,rg1,23,28,0.6071,0.8571,0.1786,0.3214
mrs-nsga2-apportion|mrs-weighted,ctrl_x,rg1,22,28,0.75,0.1429,0.5357,0.2143
mrs-nsga2-apportion|mrs-weighted,ctrl_y,rg1,22,28,0.5,0.6786,0.2857,0.25
mrs-nsga2-apportion|mrs-weighted,cross,rg1,24,22,0.1818,0.8636,0.1364,0.4091
mrs-nsga2-apportion|mrs-weighted,cross,rg1,25,22,0.0909,0.2727,0.1364,0.2273
mrs-nsga2-apportion|mrs-weighted,ctrl_x,rg1,24,22,0.1364,0.3636,0.1818,0.3182
mrs-nsga2-apportion|mrs-weighted,ctrl_y,rg1,24,22,0.6364,0.6818,0.4545,0.2273
mrs-nsga2-apportion|mrs-weighted,cross,rg1,26,27,0.7778,0.963,0.1111,0.1481
mrs-nsga2-apportion|mrs-weighted,cross,rg1,27,27,0.7778,0.9259,0.1481,0.1481
mrs-nsga2-apportion|mrs-weighted,ctrl_x,rg1,26,27,0.6296,0.4444,0.4815,0.3704
mrs-nsga2-apportion|mrs-weighted,ctrl_y,rg1,26,27,0.5926,0.6667,0.2593,0.2593
mrs-nsga2-apportion|mrs-weighted,cross,rg1,28,17,0.4118,0.2941,0.2941,0.2941
mrs-nsga2-apportion|mrs-weighted,cross,rg1,29,17,0.5882,0.5882,0.3529,0.4118
mrs-nsga2-apportion|mrs-weighted,ctrl_x,rg1,28,17,0.0588,0.4706,0.0588,0.1765
mrs-nsga2-apportion|mrs-weighted,ctrl_y,rg1,28,17,0.6471,0.1765,0.3529,0.2353
aurus-nsga2-apportion|aurus,cross,rg1,0,6,0.8333,0.8333,0.3333,0.3333
aurus-nsga2-apportion|aurus,cross,rg1,1,6,0.5,0.8333,0.6667,0.6667
aurus-nsga2-apportion|aurus,ctrl_x,rg1,0,6,0.3333,0.8333,0.3333,0.6667
aurus-nsga2-apportion|aurus,ctrl_y,rg1,0,6,0.3333,0.6667,0.3333,0.6667
aurus-nsga2-apportion|aurus,cross,rg1,2,6,1.0,0.1667,0.8333,0.1667
aurus-nsga2-apportion|aurus,cross,rg1,3,6,1.0,0.0,0.6667,0.0
aurus-nsga2-apportion|aurus,ctrl_x,rg1,2,6,0.6667,0.6667,0.5,0.3333
aurus-nsga2-apportion|aurus,ctrl_y,rg1,2,6,1.0,1.0,0.3333,0.3333
aurus-nsga2-apportion|aurus,cross,rg1,4,9,0.2222,0.7778,0.2222,0.3333
aurus-nsga2-apportion|aurus,cross,rg1,5,9,0.0,0.5556,0.0,0.1111
aurus-nsga2-apportion|aurus,ctrl_x,rg1,4,9,0.8889,0.2222,0.5556,0.2222
aurus-nsga2-apportion|aurus,ctrl_y,rg1,4,9,0.7778,0.7778,0.5556,0.5556
aurus-nsga2-apportion|aurus,cross,rg1,6,2,0.0,0.0,0.0,0.0
aurus-nsga2-apportion|aurus,cross,rg1,7,2,0.0,1.0,0.0,0.5
aurus-nsga2-apportion|aurus,ctrl_x,rg1,6,2,0.5,0.5,0.5,0.5
aurus-nsga2-apportion|aurus,ctrl_y,rg1,6,2,1.0,0.5,1.0,0.5
aurus-nsga2-apportion|aurus,cross,rg1,8,9,0.6667,0.4444,0.3333,0.2222
aurus-nsga2-apportion|aurus,cross,rg1,9,9,0.5556,0.0,0.7778,0.0
aurus-nsga2-apportion|aurus,ctrl_x,rg1,8,9,0.3333,0.7778,0.3333,0.7778
aurus-nsga2-apportion|aurus,ctrl_y,rg1,8,9,0.7778,0.4444,0.5556,0.4444
aurus-nsga2-apportion|aurus,cross,rg1,10,3,0.6667,1.0,0.3333,0.6667
aurus-nsga2-apportion|aurus,cross,rg1,11,3,0.6667,0.6667,0.3333,0.6667
aurus-nsga2-apportion|aurus,ctrl_x,rg1,10,3,1.0,1.0,0.6667,1.0
aurus-nsga2-apportion|aurus,ctrl_y,rg1,10,3,0.6667,1.0,1.0,0.6667
aurus-nsga2-apportion|aurus,cross,rg1,12,4,1.0,1.0,0.75,0.5
aurus-nsga2-apportion|aurus,cross,rg1,13,4,0.5,0.5,0.5,0.25
aurus-nsga2-apportion|aurus,ctrl_x,rg1,12,4,0.75,1.0,0.75,0.75
aurus-nsga2-apportion|aurus,ctrl_y,rg1,12,4,0.75,1.0,0.5,1.0
aurus-nsga2-apportion|aurus,cross,rg1,14,7,0.2857,0.8571,0.2857,0.4286
aurus-nsga2-apportion|aurus,cross,rg1,15,7,0.5714,0.8571,0.1429,0.2857
aurus-nsga2-apportion|aurus,ctrl_x,rg1,14,7,0.5714,0.7143,0.5714,0.5714
aurus-nsga2-apportion|aurus,ctrl_y,rg1,14,7,0.7143,1.0,0.5714,0.5714
aurus-nsga2-apportion|aurus,cross,rg1,16,2,1.0,0.0,0.5,0.0
aurus-nsga2-apportion|aurus,cross,rg1,17,2,1.0,1.0,1.0,0.5
aurus-nsga2-apportion|aurus,ctrl_x,rg1,16,2,1.0,1.0,1.0,1.0
aurus-nsga2-apportion|aurus,ctrl_y,rg1,16,2,0.0,1.0,0.0,1.0
aurus-nsga2-apportion|aurus,cross,rg1,18,7,0.0,0.7143,0.0,0.4286
aurus-nsga2-apportion|aurus,cross,rg1,19,7,0.1429,0.8571,0.1429,0.5714
aurus-nsga2-apportion|aurus,ctrl_x,rg1,18,7,1.0,0.5714,0.2857,0.4286
aurus-nsga2-apportion|aurus,ctrl_y,rg1,18,7,0.8571,0.2857,0.4286,0.2857
aurus-nsga2-apportion|aurus,cross,rg1,20,4,0.75,0.25,0.75,0.5
aurus-nsga2-apportion|aurus,cross,rg1,21,4,0.25,0.75,0.25,0.25
aurus-nsga2-apportion|aurus,ctrl_x,rg1,20,4,0.75,1.0,0.5,0.75
aurus-nsga2-apportion|aurus,ctrl_y,rg1,20,4,1.0,0.5,0.75,0.25
aurus-nsga2-apportion|aurus,cross,rg1,22,8,0.125,0.75,0.125,0.125
aurus-nsga2-apportion|aurus,cross,rg1,23,8,0.875,0.25,0.375,0.5
aurus-nsga2-apportion|aurus,ctrl_x,rg1,22,8,0.75,0.75,0.375,0.5
aurus-nsga2-apportion|aurus,ctrl_y,rg1,22,8,0.75,0.375,0.125,0.25
aurus-nsga2-apportion|aurus,cross,rg1,24,9,0.8889,0.3333,0.5556,0.1111
aurus-nsga2-apportion|aurus,cross,rg1,25,9,0.6667,0.2222,0.2222,0.2222
aurus-nsga2-apportion|aurus,ctrl_x,rg1,24,9,0.2222,0.6667,0.2222,0.4444
aurus-nsga2-apportion|aurus,ctrl_y,rg1,24,9,1.0,0.2222,0.5556,0.2222
aurus-nsga2-apportion|aurus,cross,rg1,26,7,0.8571,0.5714,0.4286,0.5714
aurus-nsga2-apportion|aurus,cross,rg1,27,7,0.7143,0.5714,0.1429,0.1429
aurus-nsga2-apportion|aurus,ctrl_x,rg1,26,7,0.8571,0.5714,0.4286,0.5714
aurus-nsga2-apportion|aurus,ctrl_y,rg1,26,7,0.2857,0.8571,0.4286,0.5714
aurus-nsga2-apportion|aurus,cross,rg1,28,7,1.0,0.0,0.2857,0.0
aurus-nsga2-apportion|aurus,cross,rg1,29,7,0.7143,0.7143,0.5714,0.4286
aurus-nsga2-apportion|aurus,ctrl_x,rg1,28,7,0.8571,0.8571,0.8571,0.8571
aurus-nsga2-apportion|aurus,ctrl_y,rg1,28,7,1.0,0.4286,0.5714,0.4286
mrs-nsga2-apportion|aurus,cross,rg2,0,14,0.5,0.9286,0.5714,0.2857
mrs-nsga2-apportion|aurus,cross,rg2,1,14,0.7143,0.9286,0.4286,0.5714
mrs-nsga2-apportion|aurus,ctrl_x,rg2,0,14,0.7857,0.2857,0.5,0.3571
mrs-nsga2-apportion|aurus,ctrl_y,rg2,0,14,0.6429,0.4286,0.5714,0.5
mrs-nsga2-apportion|aurus,cross,rg2,2,11,0.9091,0.4545,0.5455,0.5455
mrs-nsga2-apportion|aurus,cross,rg2,3,11,0.2727,0.8182,0.3636,0.2727
mrs-nsga2-apportion|aurus,ctrl_x,rg2,2,11,0.7273,0.6364,0.8182,0.7273
mrs-nsga2-apportion|aurus,ctrl_y,rg2,2,11,0.6364,0.5455,0.7273,0.4545
mrs-nsga2-apportion|aurus,cross,rg2,4,16,0.625,0.625,0.3125,0.4375
mrs-nsga2-apportion|aurus,cross,rg2,5,16,0.9375,0.75,0.1875,0.1875
mrs-nsga2-apportion|aurus,ctrl_x,rg2,4,16,0.9375,0.625,0.5625,0.6875
mrs-nsga2-apportion|aurus,ctrl_y,rg2,4,16,0.625,0.6875,0.375,0.625
mrs-nsga2-apportion|aurus,cross,rg2,6,13,0.7692,0.3077,0.6154,0.2308
mrs-nsga2-apportion|aurus,cross,rg2,7,13,0.3077,0.9231,0.2308,0.3846
mrs-nsga2-apportion|aurus,ctrl_x,rg2,6,13,0.8462,0.6923,0.5385,0.4615
mrs-nsga2-apportion|aurus,ctrl_y,rg2,6,13,0.9231,0.7692,0.6923,0.3846
mrs-nsga2-apportion|aurus,cross,rg2,8,20,0.8,0.6,0.5,0.4
mrs-nsga2-apportion|aurus,cross,rg2,9,20,0.7,0.4,0.55,0.4
mrs-nsga2-apportion|aurus,ctrl_x,rg2,8,20,0.85,0.85,0.65,0.75
mrs-nsga2-apportion|aurus,ctrl_y,rg2,8,20,0.85,0.8,0.65,0.55
mrs-nsga2-apportion|aurus,cross,rg2,10,16,0.75,0.8125,0.5625,0.5625
mrs-nsga2-apportion|aurus,cross,rg2,11,16,0.75,0.8125,0.4375,0.3125
mrs-nsga2-apportion|aurus,ctrl_x,rg2,10,16,0.8125,0.9375,0.75,0.6875
mrs-nsga2-apportion|aurus,ctrl_y,rg2,10,16,0.6875,0.5,0.4375,0.5
mrs-nsga2-apportion|aurus,cross,rg2,12,12,0.75,0.3333,0.25,0.1667
mrs-nsga2-apportion|aurus,cross,rg2,13,12,0.9167,0.8333,0.5,0.4167
mrs-nsga2-apportion|aurus,ctrl_x,rg2,12,12,0.5,1.0,0.5,0.5
mrs-nsga2-apportion|aurus,ctrl_y,rg2,12,12,0.75,1.0,0.5833,0.75
mrs-nsga2-apportion|aurus,cross,rg2,14,14,0.7857,0.3571,0.3571,0.2857
mrs-nsga2-apportion|aurus,cross,rg2,15,14,0.8571,0.7143,0.6429,0.2857
mrs-nsga2-apportion|aurus,ctrl_x,rg2,14,14,0.5,0.6429,0.4286,0.7143
mrs-nsga2-apportion|aurus,ctrl_y,rg2,14,14,0.5714,0.6429,0.5714,0.4286
mrs-nsga2-apportion|aurus,cross,rg2,16,16,1.0,0.875,0.5625,0.375
mrs-nsga2-apportion|aurus,cross,rg2,17,16,0.375,0.5625,0.25,0.625
mrs-nsga2-apportion|aurus,ctrl_x,rg2,16,16,0.3125,0.75,0.4375,0.625
mrs-nsga2-apportion|aurus,ctrl_y,rg2,16,16,0.625,0.625,0.6875,0.4375
mrs-nsga2-apportion|aurus,cross,rg2,18,17,0.5882,0.8235,0.4118,0.3529
mrs-nsga2-apportion|aurus,cross,rg2,19,17,0.5294,0.4706,0.3529,0.2353
mrs-nsga2-apportion|aurus,ctrl_x,rg2,18,17,0.8235,0.8235,0.7059,0.4118
mrs-nsga2-apportion|aurus,ctrl_y,rg2,18,17,0.6471,0.8235,0.5294,0.5882
mrs-nsga2-apportion|aurus,cross,rg2,20,19,0.3684,0.5263,0.4737,0.3684
mrs-nsga2-apportion|aurus,cross,rg2,21,19,0.6842,0.6842,0.6316,0.4737
mrs-nsga2-apportion|aurus,ctrl_x,rg2,20,19,0.3158,0.7895,0.5263,0.4211
mrs-nsga2-apportion|aurus,ctrl_y,rg2,20,19,0.8947,0.6842,0.5789,0.5263
mrs-nsga2-apportion|aurus,cross,rg2,22,7,0.4286,0.4286,0.5714,0.4286
mrs-nsga2-apportion|aurus,cross,rg2,23,7,0.4286,1.0,0.7143,0.7143
mrs-nsga2-apportion|aurus,ctrl_x,rg2,22,7,0.4286,1.0,0.2857,1.0
mrs-nsga2-apportion|aurus,ctrl_y,rg2,22,7,1.0,0.2857,0.4286,0.4286
mrs-nsga2-apportion|aurus,cross,rg2,24,16,0.8125,0.625,0.5625,0.3125
mrs-nsga2-apportion|aurus,cross,rg2,25,16,0.75,0.4375,0.625,0.4375
mrs-nsga2-apportion|aurus,ctrl_x,rg2,24,16,0.625,0.625,0.625,0.5625
mrs-nsga2-apportion|aurus,ctrl_y,rg2,24,16,0.875,0.6875,0.625,0.6875
mrs-nsga2-apportion|aurus,cross,rg2,26,10,0.5,1.0,0.6,0.5
mrs-nsga2-apportion|aurus,cross,rg2,27,10,0.6,0.5,0.6,0.6
mrs-nsga2-apportion|aurus,ctrl_x,rg2,26,10,0.0,0.3,0.0,0.3
mrs-nsga2-apportion|aurus,ctrl_y,rg2,26,10,0.7,0.7,0.8,0.8
mrs-nsga2-apportion|aurus,cross,rg2,28,13,0.3846,0.3846,0.6154,0.1538
mrs-nsga2-apportion|aurus,cross,rg2,29,13,0.6154,0.7692,0.4615,0.6154
mrs-nsga2-apportion|aurus,ctrl_x,rg2,28,13,0.4615,1.0,0.5385,0.4615
mrs-nsga2-apportion|aurus,ctrl_y,rg2,28,13,0.6154,0.7692,0.7692,0.6154
mrs-nsga2-apportion|aurus-nsga2-apportion,cross,rg2,0,15,0.4667,0.8,0.4667,0.3333
mrs-nsga2-apportion|aurus-nsga2-apportion,cross,rg2,1,15,0.6667,0.8667,0.4,0.6667
mrs-nsga2-apportion|aurus-nsga2-apportion,ctrl_x,rg2,0,15,0.8667,0.3333,0.6,0.4667
mrs-nsga2-apportion|aurus-nsga2-apportion,ctrl_y,rg2,0,15,0.8,0.5333,0.5333,0.2667
mrs-nsga2-apportion|aurus-nsga2-apportion,cross,rg2,2,11,0.7273,0.9091,0.7273,0.3636
mrs-nsga2-apportion|aurus-nsga2-apportion,cross,rg2,3,11,0.4545,1.0,0.6364,0.5455
mrs-nsga2-apportion|aurus-nsga2-apportion,ctrl_x,rg2,2,11,0.7273,0.6364,0.6364,0.7273
mrs-nsga2-apportion|aurus-nsga2-apportion,ctrl_y,rg2,2,11,1.0,0.8182,0.8182,0.9091
mrs-nsga2-apportion|aurus-nsga2-apportion,cross,rg2,4,14,0.7857,0.4286,0.5714,0.6429
mrs-nsga2-apportion|aurus-nsga2-apportion,cross,rg2,5,14,0.2857,0.7143,0.2857,0.7143
mrs-nsga2-apportion|aurus-nsga2-apportion,ctrl_x,rg2,4,14,0.8571,0.7143,0.7857,0.5
mrs-nsga2-apportion|aurus-nsga2-apportion,ctrl_y,rg2,4,14,0.5714,0.6429,0.8571,0.3571
mrs-nsga2-apportion|aurus-nsga2-apportion,cross,rg2,6,14,0.8571,0.6429,0.5714,0.4286
mrs-nsga2-apportion|aurus-nsga2-apportion,cross,rg2,7,14,0.2857,0.6429,0.2857,0.7143
mrs-nsga2-apportion|aurus-nsga2-apportion,ctrl_x,rg2,6,14,0.7143,0.5714,0.5714,0.5
mrs-nsga2-apportion|aurus-nsga2-apportion,ctrl_y,rg2,6,14,0.7143,0.6429,0.7143,0.5714
mrs-nsga2-apportion|aurus-nsga2-apportion,cross,rg2,8,17,0.7647,0.7059,0.5294,0.8235
mrs-nsga2-apportion|aurus-nsga2-apportion,cross,rg2,9,17,0.7059,0.7059,0.5294,0.6471
mrs-nsga2-apportion|aurus-nsga2-apportion,ctrl_x,rg2,8,17,0.7647,0.7647,0.7059,0.7059
mrs-nsga2-apportion|aurus-nsga2-apportion,ctrl_y,rg2,8,17,0.8235,0.7647,0.6471,0.7647
mrs-nsga2-apportion|aurus-nsga2-apportion,cross,rg2,10,13,0.6923,0.9231,0.6923,0.6154
mrs-nsga2-apportion|aurus-nsga2-apportion,cross,rg2,11,13,0.6154,0.9231,0.4615,0.7692
mrs-nsga2-apportion|aurus-nsga2-apportion,ctrl_x,rg2,10,13,0.6923,0.7692,0.6154,0.6923
mrs-nsga2-apportion|aurus-nsga2-apportion,ctrl_y,rg2,10,13,0.9231,0.9231,0.8462,0.7692
mrs-nsga2-apportion|aurus-nsga2-apportion,cross,rg2,12,12,0.5833,0.75,0.5,0.6667
mrs-nsga2-apportion|aurus-nsga2-apportion,cross,rg2,13,12,1.0,0.5,0.4167,0.5
mrs-nsga2-apportion|aurus-nsga2-apportion,ctrl_x,rg2,12,12,0.5,1.0,0.5,0.5
mrs-nsga2-apportion|aurus-nsga2-apportion,ctrl_y,rg2,12,12,0.5,0.8333,0.5,0.6667
mrs-nsga2-apportion|aurus-nsga2-apportion,cross,rg2,14,14,0.9286,0.5714,0.7143,0.5
mrs-nsga2-apportion|aurus-nsga2-apportion,cross,rg2,15,14,0.8571,0.6429,0.5714,0.5714
mrs-nsga2-apportion|aurus-nsga2-apportion,ctrl_x,rg2,14,14,0.5,0.6429,0.4286,0.7143
mrs-nsga2-apportion|aurus-nsga2-apportion,ctrl_y,rg2,14,14,0.8571,0.7857,0.6429,0.5714
mrs-nsga2-apportion|aurus-nsga2-apportion,cross,rg2,16,9,0.6667,1.0,0.3333,0.6667
mrs-nsga2-apportion|aurus-nsga2-apportion,cross,rg2,17,9,0.7778,0.7778,0.7778,0.7778
mrs-nsga2-apportion|aurus-nsga2-apportion,ctrl_x,rg2,16,9,0.6667,0.5556,0.5556,0.6667
mrs-nsga2-apportion|aurus-nsga2-apportion,ctrl_y,rg2,16,9,0.4444,0.8889,0.6667,0.8889
mrs-nsga2-apportion|aurus-nsga2-apportion,cross,rg2,18,18,0.6667,0.6667,0.5,0.4444
mrs-nsga2-apportion|aurus-nsga2-apportion,cross,rg2,19,18,0.8333,0.3889,0.6667,0.3333
mrs-nsga2-apportion|aurus-nsga2-apportion,ctrl_x,rg2,18,18,0.8333,0.6111,0.6667,0.3333
mrs-nsga2-apportion|aurus-nsga2-apportion,ctrl_y,rg2,18,18,0.5,0.8889,0.5556,0.6111
mrs-nsga2-apportion|aurus-nsga2-apportion,cross,rg2,20,19,0.3684,0.7368,0.5789,0.4737
mrs-nsga2-apportion|aurus-nsga2-apportion,cross,rg2,21,19,0.7368,0.8947,0.4737,0.8947
mrs-nsga2-apportion|aurus-nsga2-apportion,ctrl_x,rg2,20,19,0.4737,0.9474,0.4211,0.6316
mrs-nsga2-apportion|aurus-nsga2-apportion,ctrl_y,rg2,20,19,0.7895,0.7895,0.8421,0.5263
mrs-nsga2-apportion|aurus-nsga2-apportion,cross,rg2,22,18,0.6667,0.4444,0.4444,0.4444
mrs-nsga2-apportion|aurus-nsga2-apportion,cross,rg2,23,18,0.5,0.5556,0.5,0.8333
mrs-nsga2-apportion|aurus-nsga2-apportion,ctrl_x,rg2,22,18,0.6111,0.6111,0.5,0.5556
mrs-nsga2-apportion|aurus-nsga2-apportion,ctrl_y,rg2,22,18,0.7222,0.3333,0.6111,0.3889
mrs-nsga2-apportion|aurus-nsga2-apportion,cross,rg2,24,16,0.875,0.5,0.75,0.5625
mrs-nsga2-apportion|aurus-nsga2-apportion,cross,rg2,25,16,0.5625,0.5625,0.5625,0.875
mrs-nsga2-apportion|aurus-nsga2-apportion,ctrl_x,rg2,24,16,0.625,0.625,0.625,0.5625
mrs-nsga2-apportion|aurus-nsga2-apportion,ctrl_y,rg2,24,16,0.625,0.25,0.625,0.3125
mrs-nsga2-apportion|aurus-nsga2-apportion,cross,rg2,26,18,0.3889,0.5556,0.3333,0.5
mrs-nsga2-apportion|aurus-nsga2-apportion,cross,rg2,27,18,0.5556,0.8333,0.4444,0.3333
mrs-nsga2-apportion|aurus-nsga2-apportion,ctrl_x,rg2,26,18,0.2222,0.6111,0.2222,0.4444
mrs-nsga2-apportion|aurus-nsga2-apportion,ctrl_y,rg2,26,18,0.8889,0.5,0.3889,0.3889
mrs-nsga2-apportion|aurus-nsga2-apportion,cross,rg2,28,21,0.4762,0.9524,0.381,0.5714
mrs-nsga2-apportion|aurus-nsga2-apportion,cross,rg2,29,21,0.8095,0.5714,0.5238,0.381
mrs-nsga2-apportion|aurus-nsga2-apportion,ctrl_x,rg2,28,21,0.619,0.9048,0.3333,0.4762
mrs-nsga2-apportion|aurus-nsga2-apportion,ctrl_y,rg2,28,21,0.5238,0.7143,0.4762,0.7619
mrs-nsga2-apportion|mrs-weighted,cross,rg2,0,15,0.5333,0.6667,0.4667,0.2
mrs-nsga2-apportion|mrs-weighted,cross,rg2,1,15,0.7333,0.8667,0.4667,0.4667
mrs-nsga2-apportion|mrs-weighted,ctrl_x,rg2,0,15,0.8667,0.3333,0.6,0.4667
mrs-nsga2-apportion|mrs-weighted,ctrl_y,rg2,0,15,0.8,0.6667,0.7333,0.3333
mrs-nsga2-apportion|mrs-weighted,cross,rg2,2,11,0.7273,0.7273,0.5455,0.2727
mrs-nsga2-apportion|mrs-weighted,cross,rg2,3,11,0.3636,0.9091,0.3636,0.4545
mrs-nsga2-apportion|mrs-weighted,ctrl_x,rg2,2,11,0.7273,0.6364,0.8182,0.7273
mrs-nsga2-apportion|mrs-weighted,ctrl_y,rg2,2,11,0.8182,0.3636,0.4545,0.1818
mrs-nsga2-apportion|mrs-weighted,cross,rg2,4,16,0.625,0.875,0.3125,0.5625
mrs-nsga2-apportion|mrs-weighted,cross,rg2,5,16,0.3125,0.875,0.3125,0.625
mrs-nsga2-apportion|mrs-weighted,ctrl_x,rg2,4,16,0.9375,0.625,0.5625,0.6875
mrs-nsga2-apportion|mrs-weighted,ctrl_y,rg2,4,16,0.875,0.6875,0.4375,0.3125
mrs-nsga2-apportion|mrs-weighted,cross,rg2,6,14,0.7857,0.5,0.5714,0.5714
mrs-nsga2-apportion|mrs-weighted,cross,rg2,7,14,0.4286,0.7857,0.2857,0.5
mrs-nsga2-apportion|mrs-weighted,ctrl_x,rg2,6,14,0.7143,0.5714,0.5714,0.5
mrs-nsga2-apportion|mrs-weighted,ctrl_y,rg2,6,14,0.8571,0.3571,0.5,0.5714
mrs-nsga2-apportion|mrs-weighted,cross,rg2,8,20,0.7,0.6,0.4,0.4
mrs-nsga2-apportion|mrs-weighted,cross,rg2,9,20,0.65,0.85,0.55,0.55
mrs-nsga2-apportion|mrs-weighted,ctrl_x,rg2,8,20,0.85,0.85,0.65,0.75
mrs-nsga2-apportion|mrs-weighted,ctrl_y,rg2,8,20,0.7,0.55,0.35,0.35
mrs-nsga2-apportion|mrs-weighted,cross,rg2,10,16,0.5625,0.375,0.375,0.3125
mrs-nsga2-apportion|mrs-weighted,cross,rg2,11,16,0.625,1.0,0.3125,0.6875
mrs-nsga2-apportion|mrs-weighted,ctrl_x,rg2,10,16,0.8125,0.9375,0.75,0.6875
mrs-nsga2-apportion|mrs-weighted,ctrl_y,rg2,10,16,0.5625,0.5,0.4375,0.25
mrs-nsga2-apportion|mrs-weighted,cross,rg2,12,12,0.75,0.4167,0.25,0.25
mrs-nsga2-apportion|mrs-weighted,cross,rg2,13,12,0.75,0.4167,0.3333,0.25
mrs-nsga2-apportion|mrs-weighted,ctrl_x,rg2,12,12,0.5,1.0,0.5,0.5
mrs-nsga2-apportion|mrs-weighted,ctrl_y,rg2,12,12,0.6667,0.25,0.4167,0.25
mrs-nsga2-apportion|mrs-weighted,cross,rg2,14,14,0.8571,0.8571,0.3571,0.5714
mrs-nsga2-apportion|mrs-weighted,cross,rg2,15,14,0.7143,0.7143,0.5,0.4286
mrs-nsga2-apportion|mrs-weighted,ctrl_x,rg2,14,14,0.5,0.6429,0.4286,0.7143
mrs-nsga2-apportion|mrs-weighted,ctrl_y,rg2,14,14,0.8571,0.7143,0.5,0.3571
mrs-nsga2-apportion|mrs-weighted,cross,rg2,16,23,0.6522,0.6957,0.3913,0.3478
mrs-nsga2-apportion|mrs-weighted,cross,rg2,17,23,0.6087,0.3913,0.6957,0.3913
mrs-nsga2-apportion|mrs-weighted,ctrl_x,rg2,16,23,0.6087,0.7391,0.5217,0.7391
mrs-nsga2-apportion|mrs-weighted,ctrl_y,rg2,16,23,0.6522,0.8696,0.4783,0.6087
mrs-nsga2-apportion|mrs-weighted,cross,rg2,18,18,0.6667,0.6111,0.3333,0.3333
mrs-nsga2-apportion|mrs-weighted,cross,rg2,19,18,0.5556,0.8889,0.5556,0.5556
mrs-nsga2-apportion|mrs-weighted,ctrl_x,rg2,18,18,0.8333,0.6111,0.6667,0.3333
mrs-nsga2-apportion|mrs-weighted,ctrl_y,rg2,18,18,0.7222,0.3889,0.5556,0.3889
mrs-nsga2-apportion|mrs-weighted,cross,rg2,20,19,0.1579,0.6842,0.0526,0.2105
mrs-nsga2-apportion|mrs-weighted,cross,rg2,21,19,0.5789,0.5263,0.3158,0.5789
mrs-nsga2-apportion|mrs-weighted,ctrl_x,rg2,20,19,0.3158,0.7895,0.5263,0.4211
mrs-nsga2-apportion|mrs-weighted,ctrl_y,rg2,20,19,0.4211,0.7895,0.3684,0.5263
mrs-nsga2-apportion|mrs-weighted,cross,rg2,22,18,0.6111,0.5,0.2778,0.2222
mrs-nsga2-apportion|mrs-weighted,cross,rg2,23,18,0.6667,0.6111,0.3889,0.3889
mrs-nsga2-apportion|mrs-weighted,ctrl_x,rg2,22,18,0.6111,0.6111,0.5,0.5556
mrs-nsga2-apportion|mrs-weighted,ctrl_y,rg2,22,18,0.4444,0.6111,0.2222,0.5556
mrs-nsga2-apportion|mrs-weighted,cross,rg2,24,16,0.8125,0.8125,0.5,0.75
mrs-nsga2-apportion|mrs-weighted,cross,rg2,25,16,0.4375,0.9375,0.5625,0.625
mrs-nsga2-apportion|mrs-weighted,ctrl_x,rg2,24,16,0.625,0.625,0.625,0.5625
mrs-nsga2-apportion|mrs-weighted,ctrl_y,rg2,24,16,0.625,0.8125,0.6875,0.5
mrs-nsga2-apportion|mrs-weighted,cross,rg2,26,23,0.3913,0.8696,0.2609,0.6522
mrs-nsga2-apportion|mrs-weighted,cross,rg2,27,23,0.3913,0.7391,0.3043,0.5217
mrs-nsga2-apportion|mrs-weighted,ctrl_x,rg2,26,23,0.2609,0.3913,0.1739,0.2174
mrs-nsga2-apportion|mrs-weighted,ctrl_y,rg2,26,23,0.5652,0.7391,0.3913,0.6522
mrs-nsga2-apportion|mrs-weighted,cross,rg2,28,24,0.2917,0.7083,0.2917,0.625
mrs-nsga2-apportion|mrs-weighted,cross,rg2,29,24,0.5417,0.4167,0.25,0.3333
mrs-nsga2-apportion|mrs-weighted,ctrl_x,rg2,28,24,0.5417,0.7083,0.3333,0.5
mrs-nsga2-apportion|mrs-weighted,ctrl_y,rg2,28,24,0.5417,0.5,0.25,0.4167
aurus-nsga2-apportion|aurus,cross,rg2,0,14,0.8571,0.8571,0.6429,0.5
aurus-nsga2-apportion|aurus,cross,rg2,1,14,0.6429,0.7857,0.4286,0.5
aurus-nsga2-apportion|aurus,ctrl_x,rg2,0,14,0.7857,0.5714,0.3571,0.3571
aurus-nsga2-apportion|aurus,ctrl_y,rg2,0,14,0.6429,0.4286,0.5714,0.5
aurus-nsga2-apportion|aurus,cross,rg2,2,11,0.9091,0.3636,0.7273,0.5455
aurus-nsga2-apportion|aurus,cross,rg2,3,11,0.7273,0.5455,0.3636,0.2727
aurus-nsga2-apportion|aurus,ctrl_x,rg2,2,11,1.0,0.7273,0.6364,0.5455
aurus-nsga2-apportion|aurus,ctrl_y,rg2,2,11,0.6364,0.5455,0.7273,0.4545
aurus-nsga2-apportion|aurus,cross,rg2,4,14,0.6429,0.5,0.4286,0.1429
aurus-nsga2-apportion|aurus,cross,rg2,5,14,0.8571,0.5714,0.2143,0.3571
aurus-nsga2-apportion|aurus,ctrl_x,rg2,4,14,0.8571,0.5,0.7857,0.6429
aurus-nsga2-apportion|aurus,ctrl_y,rg2,4,14,0.6429,0.7857,0.3571,0.7857
aurus-nsga2-apportion|aurus,cross,rg2,6,13,1.0,0.5385,0.5385,0.2308
aurus-nsga2-apportion|aurus,cross,rg2,7,13,0.7692,0.5385,0.5385,0.5385
aurus-nsga2-apportion|aurus,ctrl_x,rg2,6,13,0.7692,0.8462,0.6154,0.6923
aurus-nsga2-apportion|aurus,ctrl_y,rg2,6,13,0.9231,0.7692,0.6923,0.3846
aurus-nsga2-apportion|aurus,cross,rg2,8,17,0.6471,0.5882,0.4118,0.1176
aurus-nsga2-apportion|aurus,cross,rg2,9,17,0.5294,0.4706,0.5294,0.3529
aurus-nsga2-apportion|aurus,ctrl_x,rg2,8,17,0.7059,0.8235,0.7059,0.8235
aurus-nsga2-apportion|aurus,ctrl_y,rg2,8,17,0.7059,0.7059,0.5882,0.5294
aurus-nsga2-apportion|aurus,cross,rg2,10,13,0.8462,0.8462,0.5385,0.2308
aurus-nsga2-apportion|aurus,cross,rg2,11,13,0.7692,0.6923,0.3846,0.3846
aurus-nsga2-apportion|aurus,ctrl_x,rg2,10,13,0.9231,0.9231,0.8462,0.7692
aurus-nsga2-apportion|aurus,ctrl_y,rg2,10,13,0.6923,0.6154,0.3846,0.3846
aurus-nsga2-apportion|aurus,cross,rg2,12,15,0.8667,1.0,0.2,0.3333
aurus-nsga2-apportion|aurus,cross,rg2,13,15,0.8,0.7333,0.6667,0.2667
aurus-nsga2-apportion|aurus,ctrl_x,rg2,12,15,0.5333,0.8667,0.4667,0.5333
aurus-nsga2-apportion|aurus,ctrl_y,rg2,12,15,0.8667,0.8667,0.6667,0.7333
aurus-nsga2-apportion|aurus,cross,rg2,14,16,0.8125,0.375,0.4375,0.1875
aurus-nsga2-apportion|aurus,cross,rg2,15,16,0.8125,0.5625,0.5625,0.3125
aurus-nsga2-apportion|aurus,ctrl_x,rg2,14,16,0.875,0.8125,0.5,0.625
aurus-nsga2-apportion|aurus,ctrl_y,rg2,14,16,0.75,0.5625,0.625,0.3125
aurus-nsga2-apportion|aurus,cross,rg2,16,9,1.0,0.3333,0.6667,0.2222
aurus-nsga2-apportion|aurus,cross,rg2,17,9,0.6667,0.7778,0.5556,0.8889
aurus-nsga2-apportion|aurus,ctrl_x,rg2,16,9,0.7778,1.0,0.6667,1.0
aurus-nsga2-apportion|aurus,ctrl_y,rg2,16,9,0.6667,0.7778,1.0,0.6667
aurus-nsga2-apportion|aurus,cross,rg2,18,17,0.8824,0.9412,0.2941,0.4118
aurus-nsga2-apportion|aurus,cross,rg2,19,17,0.8235,0.2941,0.2941,0.2353
aurus-nsga2-apportion|aurus,ctrl_x,rg2,18,17,0.4118,0.7647,0.5882,0.4706
aurus-nsga2-apportion|aurus,ctrl_y,rg2,18,17,0.6471,0.8235,0.5294,0.5882
aurus-nsga2-apportion|aurus,cross,rg2,20,19,1.0,0.2632,0.5263,0.2632
aurus-nsga2-apportion|aurus,cross,rg2,21,19,0.6842,0.5789,0.6316,0.4737
aurus-nsga2-apportion|aurus,ctrl_x,rg2,20,19,0.7895,0.7895,0.7895,0.4737
aurus-nsga2-apportion|aurus,ctrl_y,rg2,20,19,0.8947,0.6842,0.5789,0.5263
aurus-nsga2-apportion|aurus,cross,rg2,22,7,0.2857,0.8571,0.5714,0.5714
aurus-nsga2-apportion|aurus,cross,rg2,23,7,1.0,0.8571,0.7143,1.0
aurus-nsga2-apportion|aurus,ctrl_x,rg2,22,7,0.1429,0.8571,0.1429,0.7143
aurus-nsga2-apportion|aurus,ctrl_y,rg2,22,7,1.0,0.2857,0.4286,0.4286
aurus-nsga2-apportion|aurus,cross,rg2,24,18,0.8333,0.5,0.6667,0.3889
aurus-nsga2-apportion|aurus,cross,rg2,25,18,0.2222,0.4444,0.1111,0.3889
aurus-nsga2-apportion|aurus,ctrl_x,rg2,24,18,0.7778,0.3889,0.7222,0.6111
aurus-nsga2-apportion|aurus,ctrl_y,rg2,24,18,0.8889,0.6667,0.5556,0.5556
aurus-nsga2-apportion|aurus,cross,rg2,26,10,0.6,0.7,0.5,0.3
aurus-nsga2-apportion|aurus,cross,rg2,27,10,0.6,0.8,0.6,0.8
aurus-nsga2-apportion|aurus,ctrl_x,rg2,26,10,0.2,0.7,0.2,0.4
aurus-nsga2-apportion|aurus,ctrl_y,rg2,26,10,0.7,0.7,0.8,0.8
aurus-nsga2-apportion|aurus,cross,rg2,28,13,0.6154,0.7692,0.5385,0.4615
aurus-nsga2-apportion|aurus,cross,rg2,29,13,0.8462,0.4615,0.4615,0.3846
aurus-nsga2-apportion|aurus,ctrl_x,rg2,28,13,0.9231,0.9231,0.6923,0.8462
aurus-nsga2-apportion|aurus,ctrl_y,rg2,28,13,0.6154,0.7692,0.7692,0.6154
mrs-nsga2-apportion|aurus,cross,round-robin-arbiter-aurus,0,31,0.129,0.4194,0.0645,0.1613
mrs-nsga2-apportion|aurus,cross,round-robin-arbiter-aurus,1,31,0.0968,0.5484,0.0968,0.3226
mrs-nsga2-apportion|aurus,ctrl_x,round-robin-arbiter-aurus,0,31,0.3871,0.5806,0.3871,0.3226
mrs-nsga2-apportion|aurus,ctrl_y,round-robin-arbiter-aurus,0,31,0.5484,0.3871,0.2903,0.3548
mrs-nsga2-apportion|aurus,cross,round-robin-arbiter-aurus,2,38,0.5,0.5,0.2632,0.4474
mrs-nsga2-apportion|aurus,cross,round-robin-arbiter-aurus,3,38,0.4737,0.2895,0.0789,0.1579
mrs-nsga2-apportion|aurus,ctrl_x,round-robin-arbiter-aurus,2,38,0.5263,0.3684,0.3947,0.2105
mrs-nsga2-apportion|aurus,ctrl_y,round-robin-arbiter-aurus,2,38,0.4211,0.3421,0.2632,0.2632
mrs-nsga2-apportion|aurus,cross,round-robin-arbiter-aurus,4,32,0.3438,0.75,0.1875,0.3125
mrs-nsga2-apportion|aurus,cross,round-robin-arbiter-aurus,5,32,0.2188,0.4688,0.1875,0.1875
mrs-nsga2-apportion|aurus,ctrl_x,round-robin-arbiter-aurus,4,32,0.4062,0.5312,0.4062,0.375
mrs-nsga2-apportion|aurus,ctrl_y,round-robin-arbiter-aurus,4,32,0.5,0.3438,0.2188,0.4062
mrs-nsga2-apportion|aurus,cross,round-robin-arbiter-aurus,6,39,0.2564,0.5128,0.2308,0.2308
mrs-nsga2-apportion|aurus,cross,round-robin-arbiter-aurus,7,39,0.2308,0.2308,0.1538,0.1538
mrs-nsga2-apportion|aurus,ctrl_x,round-robin-arbiter-aurus,6,39,0.5385,0.4359,0.3846,0.3077
mrs-nsga2-apportion|aurus,ctrl_y,round-robin-arbiter-aurus,6,39,0.4359,0.3077,0.3077,0.2308
mrs-nsga2-apportion|aurus,cross,round-robin-arbiter-aurus,8,40,0.3,0.4,0.275,0.275
mrs-nsga2-apportion|aurus,cross,round-robin-arbiter-aurus,9,40,0.2,0.35,0.25,0.2
mrs-nsga2-apportion|aurus,ctrl_x,round-robin-arbiter-aurus,8,40,0.3,0.525,0.3,0.25
mrs-nsga2-apportion|aurus,ctrl_y,round-robin-arbiter-aurus,8,40,0.375,0.45,0.3,0.325
mrs-nsga2-apportion|aurus,cross,round-robin-arbiter-aurus,10,45,0.2,0.2889,0.2222,0.1778
mrs-nsga2-apportion|aurus,cross,round-robin-arbiter-aurus,11,45,0.1556,0.3556,0.0667,0.1556
mrs-nsga2-apportion|aurus,ctrl_x,round-robin-arbiter-aurus,10,45,0.3778,0.2222,0.2222,0.1333
mrs-nsga2-apportion|aurus,ctrl_y,round-robin-arbiter-aurus,10,45,0.4,0.5333,0.2889,0.2444
mrs-nsga2-apportion|aurus,cross,round-robin-arbiter-aurus,12,30,0.0667,0.1667,0.1,0.1333
mrs-nsga2-apportion|aurus,cross,round-robin-arbiter-aurus,13,30,0.6667,0.2667,0.3,0.2333
mrs-nsga2-apportion|aurus,ctrl_x,round-robin-arbiter-aurus,12,30,0.4,0.4,0.3,0.3
mrs-nsga2-apportion|aurus,ctrl_y,round-robin-arbiter-aurus,12,30,0.4333,0.6333,0.3,0.5333
mrs-nsga2-apportion|aurus,cross,round-robin-arbiter-aurus,14,31,0.3226,0.8065,0.2581,0.3548
mrs-nsga2-apportion|aurus,cross,round-robin-arbiter-aurus,15,31,0.2903,0.8387,0.1613,0.3548
mrs-nsga2-apportion|aurus,ctrl_x,round-robin-arbiter-aurus,14,31,0.3871,0.6774,0.4194,0.2581
mrs-nsga2-apportion|aurus,ctrl_y,round-robin-arbiter-aurus,14,31,0.5806,0.7097,0.5484,0.5484
mrs-nsga2-apportion|aurus,cross,round-robin-arbiter-aurus,16,38,0.3158,0.2632,0.1316,0.2632
mrs-nsga2-apportion|aurus,cross,round-robin-arbiter-aurus,17,38,0.1316,0.5789,0.1316,0.2632
mrs-nsga2-apportion|aurus,ctrl_x,round-robin-arbiter-aurus,16,38,0.3947,0.2632,0.3947,0.1842
mrs-nsga2-apportion|aurus,ctrl_y,round-robin-arbiter-aurus,16,38,0.3158,0.3421,0.1842,0.2105
mrs-nsga2-apportion|aurus,cross,round-robin-arbiter-aurus,18,34,0.1765,0.4706,0.1471,0.3235
mrs-nsga2-apportion|aurus,cross,round-robin-arbiter-aurus,19,34,0.3529,0.1765,0.2353,0.2647
mrs-nsga2-apportion|aurus,ctrl_x,round-robin-arbiter-aurus,18,34,0.3824,0.6176,0.4118,0.4706
mrs-nsga2-apportion|aurus,ctrl_y,round-robin-arbiter-aurus,18,34,0.5588,0.5588,0.3824,0.4118
mrs-nsga2-apportion|aurus,cross,round-robin-arbiter-aurus,20,36,0.1667,0.5556,0.0833,0.1944
mrs-nsga2-apportion|aurus,cross,round-robin-arbiter-aurus,21,36,0.2778,0.5,0.25,0.2778
mrs-nsga2-apportion|aurus,ctrl_x,round-robin-arbiter-aurus,20,36,0.6111,0.6667,0.4167,0.5
mrs-nsga2-apportion|aurus,ctrl_y,round-robin-arbiter-aurus,20,36,0.5,0.6111,0.3611,0.3611
mrs-nsga2-apportion|aurus,cross,round-robin-arbiter-aurus,22,28,0.2857,0.4643,0.1071,0.2857
mrs-nsga2-apportion|aurus,cross,round-robin-arbiter-aurus,23,28,0.4286,0.5,0.1071,0.2857
mrs-nsga2-apportion|aurus,ctrl_x,round-robin-arbiter-aurus,22,28,0.25,0.5357,0.3571,0.2143
mrs-nsga2-apportion|aurus,ctrl_y,round-robin-arbiter-aurus,22,28,0.4286,0.4286,0.4286,0.4286
mrs-nsga2-apportion|aurus,cross,round-robin-arbiter-aurus,24,43,0.3023,0.5116,0.2326,0.3488
mrs-nsga2-apportion|aurus,cross,round-robin-arbiter-aurus,25,43,0.2558,0.5116,0.2326,0.3721
mrs-nsga2-apportion|aurus,ctrl_x,round-robin-arbiter-aurus,24,43,0.5814,0.6279,0.4419,0.3256
mrs-nsga2-apportion|aurus,ctrl_y,round-robin-arbiter-aurus,24,43,0.3023,0.4651,0.2558,0.3256
mrs-nsga2-apportion|aurus,cross,round-robin-arbiter-aurus,26,51,0.3529,0.4902,0.1961,0.1961
mrs-nsga2-apportion|aurus,cross,round-robin-arbiter-aurus,27,51,0.1569,0.5686,0.1373,0.1961
mrs-nsga2-apportion|aurus,ctrl_x,round-robin-arbiter-aurus,26,51,0.3333,0.3137,0.3137,0.2157
mrs-nsga2-apportion|aurus,ctrl_y,round-robin-arbiter-aurus,26,51,0.451,0.451,0.3529,0.3725
mrs-nsga2-apportion|aurus,cross,round-robin-arbiter-aurus,28,50,0.16,0.42,0.08,0.2
mrs-nsga2-apportion|aurus,cross,round-robin-arbiter-aurus,29,50,0.28,0.34,0.12,0.2
mrs-nsga2-apportion|aurus,ctrl_x,round-robin-arbiter-aurus,28,50,0.4,0.46,0.3,0.2
mrs-nsga2-apportion|aurus,ctrl_y,round-robin-arbiter-aurus,28,50,0.34,0.5,0.2,0.38
mrs-nsga2-apportion|aurus-nsga2-apportion,cross,round-robin-arbiter-aurus,0,21,0.7143,0.4286,0.4286,0.2857
mrs-nsga2-apportion|aurus-nsga2-apportion,cross,round-robin-arbiter-aurus,1,21,0.2381,0.381,0.1905,0.2381
mrs-nsga2-apportion|aurus-nsga2-apportion,ctrl_x,round-robin-arbiter-aurus,0,21,0.5238,0.381,0.3333,0.381
mrs-nsga2-apportion|aurus-nsga2-apportion,ctrl_y,round-robin-arbiter-aurus,0,21,0.7143,0.381,0.6667,0.381
mrs-nsga2-apportion|aurus-nsga2-apportion,cross,round-robin-arbiter-aurus,2,33,0.7576,0.4848,0.4545,0.4242
mrs-nsga2-apportion|aurus-nsga2-apportion,cross,round-robin-arbiter-aurus,3,33,0.4848,0.2727,0.3333,0.3636
mrs-nsga2-apportion|aurus-nsga2-apportion,ctrl_x,round-robin-arbiter-aurus,2,33,0.3939,0.3636,0.303,0.2424
mrs-nsga2-apportion|aurus-nsga2-apportion,ctrl_y,round-robin-arbiter-aurus,2,33,0.6061,0.4848,0.3939,0.3636
mrs-nsga2-apportion|aurus-nsga2-apportion,cross,round-robin-arbiter-aurus,4,32,0.4688,0.5938,0.375,0.5
mrs-nsga2-apportion|aurus-nsga2-apportion,cross,round-robin-arbiter-aurus,5,32,0.4062,0.7188,0.25,0.375
mrs-nsga2-apportion|aurus-nsga2-apportion,ctrl_x,round-robin-arbiter-aurus,4,32,0.4062,0.5312,0.4062,0.375
mrs-nsga2-apportion|aurus-nsga2-apportion,ctrl_y,round-robin-arbiter-aurus,4,32,0.6875,0.4375,0.4062,0.3125
mrs-nsga2-apportion|aurus-nsga2-apportion,cross,round-robin-arbiter-aurus,6,25,0.28,0.52,0.2,0.36
mrs-nsga2-apportion|aurus-nsga2-apportion,cross,round-robin-arbiter-aurus,7,25,0.52,0.48,0.44,0.28
mrs-nsga2-apportion|aurus-nsga2-apportion,ctrl_x,round-robin-arbiter-aurus,6,25,0.4,0.4,0.32,0.36
mrs-nsga2-apportion|aurus-nsga2-apportion,ctrl_y,round-robin-arbiter-aurus,6,25,0.48,0.52,0.4,0.36
mrs-nsga2-apportion|aurus-nsga2-apportion,cross,round-robin-arbiter-aurus,8,30,0.2333,0.5667,0.2667,0.3333
mrs-nsga2-apportion|aurus-nsga2-apportion,cross,round-robin-arbiter-aurus,9,30,0.5,0.2,0.2667,0.1667
mrs-nsga2-apportion|aurus-nsga2-apportion,ctrl_x,round-robin-arbiter-aurus,8,30,0.2,0.5667,0.3,0.2333
mrs-nsga2-apportion|aurus-nsga2-apportion,ctrl_y,round-robin-arbiter-aurus,8,30,0.5,0.6667,0.3333,0.5
mrs-nsga2-apportion|aurus-nsga2-apportion,cross,round-robin-arbiter-aurus,10,19,0.5263,0.3684,0.4211,0.3158
mrs-nsga2-apportion|aurus-nsga2-apportion,cross,round-robin-arbiter-aurus,11,19,0.4737,0.4211,0.5263,0.2105
mrs-nsga2-apportion|aurus-nsga2-apportion,ctrl_x,round-robin-arbiter-aurus,10,19,0.3684,0.2632,0.2105,0.2105
mrs-nsga2-apportion|aurus-nsga2-apportion,ctrl_y,round-robin-arbiter-aurus,10,19,0.5789,0.4211,0.2105,0.6316
mrs-nsga2-apportion|aurus-nsga2-apportion,cross,round-robin-arbiter-aurus,12,27,0.6296,0.1852,0.3333,0.2222
mrs-nsga2-apportion|aurus-nsga2-apportion,cross,round-robin-arbiter-aurus,13,27,0.4074,0.6667,0.4444,0.3333
mrs-nsga2-apportion|aurus-nsga2-apportion,ctrl_x,round-robin-arbiter-aurus,12,27,0.3704,0.4444,0.2222,0.2222
mrs-nsga2-apportion|aurus-nsga2-apportion,ctrl_y,round-robin-arbiter-aurus,12,27,0.5556,0.3333,0.3704,0.3704
mrs-nsga2-apportion|aurus-nsga2-apportion,cross,round-robin-arbiter-aurus,14,27,0.4074,0.5556,0.2963,0.3704
mrs-nsga2-apportion|aurus-nsga2-apportion,cross,round-robin-arbiter-aurus,15,27,0.5926,0.2963,0.2593,0.1852
mrs-nsga2-apportion|aurus-nsga2-apportion,ctrl_x,round-robin-arbiter-aurus,14,27,0.2222,0.6667,0.2593,0.2593
mrs-nsga2-apportion|aurus-nsga2-apportion,ctrl_y,round-robin-arbiter-aurus,14,27,0.3333,0.5926,0.2963,0.3704
mrs-nsga2-apportion|aurus-nsga2-apportion,cross,round-robin-arbiter-aurus,16,24,0.75,0.75,0.5417,0.375
mrs-nsga2-apportion|aurus-nsga2-apportion,cross,round-robin-arbiter-aurus,17,24,0.5417,0.5833,0.25,0.4167
mrs-nsga2-apportion|aurus-nsga2-apportion,ctrl_x,round-robin-arbiter-aurus,16,24,0.3333,0.2917,0.2083,0.2083
mrs-nsga2-apportion|aurus-nsga2-apportion,ctrl_y,round-robin-arbiter-aurus,16,24,0.375,0.6667,0.4167,0.375
mrs-nsga2-apportion|aurus-nsga2-apportion,cross,round-robin-arbiter-aurus,18,34,0.3529,0.6176,0.3824,0.3529
mrs-nsga2-apportion|aurus-nsga2-apportion,cross,round-robin-arbiter-aurus,19,34,0.5294,0.5294,0.3824,0.2647
mrs-nsga2-apportion|aurus-nsga2-apportion,ctrl_x,round-robin-arbiter-aurus,18,34,0.3824,0.6176,0.4118,0.4706
mrs-nsga2-apportion|aurus-nsga2-apportion,ctrl_y,round-robin-arbiter-aurus,18,34,0.5882,0.6471,0.2059,0.5
mrs-nsga2-apportion|aurus-nsga2-apportion,cross,round-robin-arbiter-aurus,20,36,0.5278,0.3333,0.25,0.3889
mrs-nsga2-apportion|aurus-nsga2-apportion,cross,round-robin-arbiter-aurus,21,36,0.75,0.3611,0.5556,0.3611
mrs-nsga2-apportion|aurus-nsga2-apportion,ctrl_x,round-robin-arbiter-aurus,20,36,0.6111,0.6667,0.4167,0.5
mrs-nsga2-apportion|aurus-nsga2-apportion,ctrl_y,round-robin-arbiter-aurus,20,36,0.4444,0.6111,0.5,0.4444
mrs-nsga2-apportion|aurus-nsga2-apportion,cross,round-robin-arbiter-aurus,22,26,0.4615,0.5,0.3846,0.2692
mrs-nsga2-apportion|aurus-nsga2-apportion,cross,round-robin-arbiter-aurus,23,26,0.5769,0.6154,0.1923,0.4615
mrs-nsga2-apportion|aurus-nsga2-apportion,ctrl_x,round-robin-arbiter-aurus,22,26,0.5,0.5385,0.4231,0.2308
mrs-nsga2-apportion|aurus-nsga2-apportion,ctrl_y,round-robin-arbiter-aurus,22,26,0.4231,0.4615,0.3462,0.4231
mrs-nsga2-apportion|aurus-nsga2-apportion,cross,round-robin-arbiter-aurus,24,30,0.5,0.4,0.5667,0.4
mrs-nsga2-apportion|aurus-nsga2-apportion,cross,round-robin-arbiter-aurus,25,30,0.3333,0.4667,0.2333,0.2667
mrs-nsga2-apportion|aurus-nsga2-apportion,ctrl_x,round-robin-arbiter-aurus,24,30,0.6333,0.6333,0.5333,0.3667
mrs-nsga2-apportion|aurus-nsga2-apportion,ctrl_y,round-robin-arbiter-aurus,24,30,0.4667,0.6,0.5,0.3667
mrs-nsga2-apportion|aurus-nsga2-apportion,cross,round-robin-arbiter-aurus,26,34,0.4118,0.5,0.5,0.3824
mrs-nsga2-apportion|aurus-nsga2-apportion,cross,round-robin-arbiter-aurus,27,34,0.5882,0.3824,0.4706,0.3529
mrs-nsga2-apportion|aurus-nsga2-apportion,ctrl_x,round-robin-arbiter-aurus,26,34,0.3235,0.6176,0.3235,0.5
mrs-nsga2-apportion|aurus-nsga2-apportion,ctrl_y,round-robin-arbiter-aurus,26,34,0.3824,0.4118,0.2647,0.4118
mrs-nsga2-apportion|aurus-nsga2-apportion,cross,round-robin-arbiter-aurus,28,34,0.4118,0.6176,0.4412,0.3529
mrs-nsga2-apportion|aurus-nsga2-apportion,cross,round-robin-arbiter-aurus,29,34,0.5294,0.5294,0.3235,0.4412
mrs-nsga2-apportion|aurus-nsga2-apportion,ctrl_x,round-robin-arbiter-aurus,28,34,0.2647,0.6176,0.3235,0.2353
mrs-nsga2-apportion|aurus-nsga2-apportion,ctrl_y,round-robin-arbiter-aurus,28,34,0.4412,0.5588,0.2647,0.4412
mrs-nsga2-apportion|mrs-weighted,cross,round-robin-arbiter-aurus,0,31,0.3871,0.4194,0.2258,0.2258
mrs-nsga2-apportion|mrs-weighted,cross,round-robin-arbiter-aurus,1,31,0.0968,0.5806,0.0645,0.3548
mrs-nsga2-apportion|mrs-weighted,ctrl_x,round-robin-arbiter-aurus,0,31,0.3871,0.5806,0.3871,0.3226
mrs-nsga2-apportion|mrs-weighted,ctrl_y,round-robin-arbiter-aurus,0,31,0.7419,0.4839,0.2258,0.2258
mrs-nsga2-apportion|mrs-weighted,cross,round-robin-arbiter-aurus,2,38,0.3421,0.2895,0.2368,0.1579
mrs-nsga2-apportion|mrs-weighted,cross,round-robin-arbiter-aurus,3,38,0.4211,0.5789,0.1579,0.3684
mrs-nsga2-apportion|mrs-weighted,ctrl_x,round-robin-arbiter-aurus,2,38,0.5263,0.3684,0.3947,0.2105
mrs-nsga2-apportion|mrs-weighted,ctrl_y,round-robin-arbiter-aurus,2,38,0.2105,0.5526,0.2105,0.2895
mrs-nsga2-apportion|mrs-weighted,cross,round-robin-arbiter-aurus,4,32,0.2188,0.6875,0.125,0.3438
mrs-nsga2-apportion|mrs-weighted,cross,round-robin-arbiter-aurus,5,32,0.1562,0.5,0.125,0.375
mrs-nsga2-apportion|mrs-weighted,ctrl_x,round-robin-arbiter-aurus,4,32,0.4062,0.5312,0.4062,0.375
mrs-nsga2-apportion|mrs-weighted,ctrl_y,round-robin-arbiter-aurus,4,32,0.75,0.5,0.5312,0.3438
mrs-nsga2-apportion|mrs-weighted,cross,round-robin-arbiter-aurus,6,39,0.3077,0.5385,0.2051,0.3077
mrs-nsga2-apportion|mrs-weighted,cross,round-robin-arbiter-aurus,7,39,0.3846,0.5385,0.2821,0.3846
mrs-nsga2-apportion|mrs-weighted,ctrl_x,round-robin-arbiter-aurus,6,39,0.5385,0.4359,0.3846,0.3077
mrs-nsga2-apportion|mrs-weighted,ctrl_y,round-robin-arbiter-aurus,6,39,0.3077,0.641,0.2308,0.2564
mrs-nsga2-apportion|mrs-weighted,cross,round-robin-arbiter-aurus,8,40,0.275,0.65,0.275,0.3
mrs-nsga2-apportion|mrs-weighted,cross,round-robin-arbiter-aurus,9,40,0.25,0.2,0.1,0.075
mrs-nsga2-apportion|mrs-weighted,ctrl_x,round-robin-arbiter-aurus,8,40,0.3,0.525,0.3,0.25
mrs-nsga2-apportion|mrs-weighted,ctrl_y,round-robin-arbiter-aurus,8,40,0.5,0.275,0.25,0.275
mrs-nsga2-apportion|mrs-weighted,cross,round-robin-arbiter-aurus,10,45,0.5111,0.4889,0.3556,0.2889
mrs-nsga2-apportion|mrs-weighted,cross,round-robin-arbiter-aurus,11,45,0.1556,0.6,0.1111,0.3111
mrs-nsga2-apportion|mrs-weighted,ctrl_x,round-robin-arbiter-aurus,10,45,0.3778,0.2222,0.2222,0.1333
mrs-nsga2-apportion|mrs-weighted,ctrl_y,round-robin-arbiter-aurus,10,45,0.2444,0.1111,0.3111,0.0889
mrs-nsga2-apportion|mrs-weighted,cross,round-robin-arbiter-aurus,12,30,0.4333,0.6,0.4,0.4667
mrs-nsga2-apportion|mrs-weighted,cross,round-robin-arbiter-aurus,13,30,0.3333,0.4333,0.1667,0.2333
mrs-nsga2-apportion|mrs-weighted,ctrl_x,round-robin-arbiter-aurus,12,30,0.4,0.4,0.3,0.3
mrs-nsga2-apportion|mrs-weighted,ctrl_y,round-robin-arbiter-aurus,12,30,0.4,0.2667,0.1333,0.2667
mrs-nsga2-apportion|mrs-weighted,cross,round-robin-arbiter-aurus,14,31,0.5484,0.6129,0.3871,0.1935
mrs-nsga2-apportion|mrs-weighted,cross,round-robin-arbiter-aurus,15,31,0.3548,0.7742,0.2903,0.4516
mrs-nsga2-apportion|mrs-weighted,ctrl_x,round-robin-arbiter-aurus,14,31,0.3871,0.6774,0.4194,0.2581
mrs-nsga2-apportion|mrs-weighted,ctrl_y,round-robin-arbiter-aurus,14,31,0.5806,0.2258,0.3548,0.2258
mrs-nsga2-apportion|mrs-weighted,cross,round-robin-arbiter-aurus,16,38,0.2632,0.5263,0.1842,0.3158
mrs-nsga2-apportion|mrs-weighted,cross,round-robin-arbiter-aurus,17,38,0.0789,0.4737,0.0263,0.3421
mrs-nsga2-apportion|mrs-weighted,ctrl_x,round-robin-arbiter-aurus,16,38,0.3947,0.2632,0.3947,0.1842
mrs-nsga2-apportion|mrs-weighted,ctrl_y,round-robin-arbiter-aurus,16,38,0.4737,0.5789,0.2368,0.3421
mrs-nsga2-apportion|mrs-weighted,cross,round-robin-arbiter-aurus,18,34,0.0882,0.6471,0.0882,0.3824
mrs-nsga2-apportion|mrs-weighted,cross,round-robin-arbiter-aurus,19,34,0.5588,0.5882,0.3235,0.4118
mrs-nsga2-apportion|mrs-weighted,ctrl_x,round-robin-arbiter-aurus,18,34,0.3824,0.6176,0.4118,0.4706
mrs-nsga2-apportion|mrs-weighted,ctrl_y,round-robin-arbiter-aurus,18,34,0.1765,0.6176,0.1176,0.3824
mrs-nsga2-apportion|mrs-weighted,cross,round-robin-arbiter-aurus,20,36,0.5,0.6667,0.2778,0.2778
mrs-nsga2-apportion|mrs-weighted,cross,round-robin-arbiter-aurus,21,36,0.6111,0.5278,0.5,0.3611
mrs-nsga2-apportion|mrs-weighted,ctrl_x,round-robin-arbiter-aurus,20,36,0.6111,0.6667,0.4167,0.5
mrs-nsga2-apportion|mrs-weighted,ctrl_y,round-robin-arbiter-aurus,20,36,0.5833,0.3611,0.4722,0.1667
mrs-nsga2-apportion|mrs-weighted,cross,round-robin-arbiter-aurus,22,28,0.1786,0.2857,0.1429,0.25
mrs-nsga2-apportion|mrs-weighted,cross,round-robin-arbiter-aurus,23,28,0.1429,0.8571,0.1429,0.3571
mrs-nsga2-apportion|mrs-weighted,ctrl_x,round-robin-arbiter-aurus,22,28,0.25,0.5357,0.3571,0.2143
mrs-nsga2-apportion|mrs-weighted,ctrl_y,round-robin-arbiter-aurus,22,28,0.4643,0.25,0.2857,0.1786
mrs-nsga2-apportion|mrs-weighted,cross,round-robin-arbiter-aurus,24,43,0.5349,0.5116,0.3256,0.3023
mrs-nsga2-apportion|mrs-weighted,cross,round-robin-arbiter-aurus,25,43,0.5349,0.5814,0.3023,0.3953
mrs-nsga2-apportion|mrs-weighted,ctrl_x,round-robin-arbiter-aurus,24,43,0.5814,0.6279,0.4419,0.3256
mrs-nsga2-apportion|mrs-weighted,ctrl_y,round-robin-arbiter-aurus,24,43,0.2791,0.2791,0.2326,0.2326
mrs-nsga2-apportion|mrs-weighted,cross,round-robin-arbiter-aurus,26,51,0.3333,0.3529,0.2353,0.2941
mrs-nsga2-apportion|mrs-weighted,cross,round-robin-arbiter-aurus,27,51,0.3922,0.4902,0.2941,0.4706
mrs-nsga2-apportion|mrs-weighted,ctrl_x,round-robin-arbiter-aurus,26,51,0.3333,0.3137,0.3137,0.2157
mrs-nsga2-apportion|mrs-weighted,ctrl_y,round-robin-arbiter-aurus,26,51,0.549,0.3529,0.6078,0.3529
mrs-nsga2-apportion|mrs-weighted,cross,round-robin-arbiter-aurus,28,50,0.14,0.54,0.12,0.12
mrs-nsga2-apportion|mrs-weighted,cross,round-robin-arbiter-aurus,29,50,0.18,0.76,0.12,0.5
mrs-nsga2-apportion|mrs-weighted,ctrl_x,round-robin-arbiter-aurus,28,50,0.4,0.46,0.3,0.2
mrs-nsga2-apportion|mrs-weighted,ctrl_y,round-robin-arbiter-aurus,28,50,0.14,0.56,0.18,0.24
aurus-nsga2-apportion|aurus,cross,round-robin-arbiter-aurus,0,21,0.2381,0.6667,0.1905,0.381
aurus-nsga2-apportion|aurus,cross,round-robin-arbiter-aurus,1,21,0.1905,0.7143,0.0476,0.381
aurus-nsga2-apportion|aurus,ctrl_x,round-robin-arbiter-aurus,0,21,0.5714,0.5238,0.6667,0.5714
aurus-nsga2-apportion|aurus,ctrl_y,round-robin-arbiter-aurus,0,21,0.6667,0.4762,0.4286,0.4762
aurus-nsga2-apportion|aurus,cross,round-robin-arbiter-aurus,2,33,0.1818,0.3636,0.0909,0.3333
aurus-nsga2-apportion|aurus,cross,round-robin-arbiter-aurus,3,33,0.303,0.8485,0.2121,0.4242
aurus-nsga2-apportion|aurus,ctrl_x,round-robin-arbiter-aurus,2,33,0.5758,0.4545,0.3333,0.3333
aurus-nsga2-apportion|aurus,ctrl_y,round-robin-arbiter-aurus,2,33,0.2424,0.4848,0.303,0.303
aurus-nsga2-apportion|aurus,cross,round-robin-arbiter-aurus,4,33,0.2727,0.5152,0.2424,0.1818
aurus-nsga2-apportion|aurus,cross,round-robin-arbiter-aurus,5,33,0.1515,0.5152,0.1212,0.3636
aurus-nsga2-apportion|aurus,ctrl_x,round-robin-arbiter-aurus,4,33,0.7273,0.4545,0.4242,0.3333
aurus-nsga2-apportion|aurus,ctrl_y,round-robin-arbiter-aurus,4,33,0.4848,0.4545,0.3939,0.2727
aurus-nsga2-apportion|aurus,cross,round-robin-arbiter-aurus,6,25,0.36,0.72,0.24,0.28
aurus-nsga2-apportion|aurus,cross,round-robin-arbiter-aurus,7,25,0.32,0.52,0.24,0.36
aurus-nsga2-apportion|aurus,ctrl_x,round-robin-arbiter-aurus,6,25,0.4,0.4,0.4,0.36
aurus-nsga2-apportion|aurus,ctrl_y,round-robin-arbiter-aurus,6,25,0.56,0.52,0.4,0.52
aurus-nsga2-apportion|aurus,cross,round-robin-arbiter-aurus,8,30,0.0667,0.3,0.0333,0.2
aurus-nsga2-apportion|aurus,cross,round-robin-arbiter-aurus,9,30,0.4,0.6,0.2667,0.3667
aurus-nsga2-apportion|aurus,ctrl_x,round-robin-arbiter-aurus,8,30,0.5667,0.6667,0.4,0.5333
aurus-nsga2-apportion|aurus,ctrl_y,round-robin-arbiter-aurus,8,30,0.5667,0.2667,0.6,0.3333
aurus-nsga2-apportion|aurus,cross,round-robin-arbiter-aurus,10,19,0.5263,0.4211,0.0526,0.3158
aurus-nsga2-apportion|aurus,cross,round-robin-arbiter-aurus,11,19,0.1579,0.6316,0.1579,0.2105
aurus-nsga2-apportion|aurus,ctrl_x,round-robin-arbiter-aurus,10,19,0.4211,0.4737,0.2632,0.4211
aurus-nsga2-apportion|aurus,ctrl_y,round-robin-arbiter-aurus,10,19,0.5789,0.5263,0.6316,0.4737
aurus-nsga2-apportion|aurus,cross,round-robin-arbiter-aurus,12,27,0.1481,0.4444,0.0741,0.1481
aurus-nsga2-apportion|aurus,cross,round-robin-arbiter-aurus,13,27,0.2963,0.1852,0.2963,0.1852
aurus-nsga2-apportion|aurus,ctrl_x,round-robin-arbiter-aurus,12,27,0.5556,0.3333,0.3704,0.3704
aurus-nsga2-apportion|aurus,ctrl_y,round-robin-arbiter-aurus,12,27,0.1481,0.7037,0.1481,0.4815
aurus-nsga2-apportion|aurus,cross,round-robin-arbiter-aurus,14,27,0.2963,0.4074,0.1852,0.2593
aurus-nsga2-apportion|aurus,cross,round-robin-arbiter-aurus,15,27,0.2593,0.8519,0.1481,0.4444
aurus-nsga2-apportion|aurus,ctrl_x,round-robin-arbiter-aurus,14,27,0.3704,0.7778,0.3704,0.4444
aurus-nsga2-apportion|aurus,ctrl_y,round-robin-arbiter-aurus,14,27,0.6296,0.2963,0.6296,0.2222
aurus-nsga2-apportion|aurus,cross,round-robin-arbiter-aurus,16,24,0.2083,0.5833,0.125,0.3333
aurus-nsga2-apportion|aurus,cross,round-robin-arbiter-aurus,17,24,0.0833,0.625,0.125,0.2917
aurus-nsga2-apportion|aurus,ctrl_x,round-robin-arbiter-aurus,16,24,0.625,0.6667,0.4167,0.375
aurus-nsga2-apportion|aurus,ctrl_y,round-robin-arbiter-aurus,16,24,0.0833,0.25,0.0833,0.25
aurus-nsga2-apportion|aurus,cross,round-robin-arbiter-aurus,18,35,0.4571,0.4857,0.2286,0.2857
aurus-nsga2-apportion|aurus,cross,round-robin-arbiter-aurus,19,35,0.2571,0.2286,0.2286,0.2571
aurus-nsga2-apportion|aurus,ctrl_x,round-robin-arbiter-aurus,18,35,0.6,0.6,0.2,0.4286
aurus-nsga2-apportion|aurus,ctrl_y,round-robin-arbiter-aurus,18,35,0.6286,0.3143,0.3143,0.2857
aurus-nsga2-apportion|aurus,cross,round-robin-arbiter-aurus,20,41,0.0976,0.7317,0.0732,0.122
aurus-nsga2-apportion|aurus,cross,round-robin-arbiter-aurus,21,41,0.2927,0.5854,0.1951,0.2683
aurus-nsga2-apportion|aurus,ctrl_x,round-robin-arbiter-aurus,20,41,0.4634,0.4878,0.4878,0.3415
aurus-nsga2-apportion|aurus,ctrl_y,round-robin-arbiter-aurus,20,41,0.3415,0.7073,0.1463,0.3659
aurus-nsga2-apportion|aurus,cross,round-robin-arbiter-aurus,22,26,0.2308,0.7308,0.1923,0.3462
aurus-nsga2-apportion|aurus,cross,round-robin-arbiter-aurus,23,26,0.1923,0.2692,0.0769,0.2692
aurus-nsga2-apportion|aurus,ctrl_x,round-robin-arbiter-aurus,22,26,0.6154,0.4231,0.3846,0.3077
aurus-nsga2-apportion|aurus,ctrl_y,round-robin-arbiter-aurus,22,26,0.2308,0.4615,0.3077,0.4615
aurus-nsga2-apportion|aurus,cross,round-robin-arbiter-aurus,24,30,0.3,0.2667,0.1667,0.5333
aurus-nsga2-apportion|aurus,cross,round-robin-arbiter-aurus,25,30,0.4667,0.2333,0.2333,0.3667
aurus-nsga2-apportion|aurus,ctrl_x,round-robin-arbiter-aurus,24,30,0.4667,0.6,0.5,0.3667
aurus-nsga2-apportion|aurus,ctrl_y,round-robin-arbiter-aurus,24,30,0.5667,0.4,0.4667,0.2667
aurus-nsga2-apportion|aurus,cross,round-robin-arbiter-aurus,26,34,0.2353,0.7059,0.1765,0.2353
aurus-nsga2-apportion|aurus,cross,round-robin-arbiter-aurus,27,34,0.2941,0.5,0.1471,0.2353
aurus-nsga2-apportion|aurus,ctrl_x,round-robin-arbiter-aurus,26,34,0.3235,0.4118,0.2941,0.5
aurus-nsga2-apportion|aurus,ctrl_y,round-robin-arbiter-aurus,26,34,0.5588,0.4412,0.4412,0.2941
aurus-nsga2-apportion|aurus,cross,round-robin-arbiter-aurus,28,34,0.3235,0.5,0.2353,0.3235
aurus-nsga2-apportion|aurus,cross,round-robin-arbiter-aurus,29,34,0.2941,0.1765,0.2353,0.1765
aurus-nsga2-apportion|aurus,ctrl_x,round-robin-arbiter-aurus,28,34,0.3529,0.5588,0.2059,0.5
aurus-nsga2-apportion|aurus,ctrl_y,round-robin-arbiter-aurus,28,34,0.4118,0.3235,0.2647,0.2941
mrs-nsga2-apportion|aurus,cross,simple-arbiter-aurus,0,17,0.4706,0.0,0.2353,0.0
mrs-nsga2-apportion|aurus,cross,simple-arbiter-aurus,1,17,0.4118,0.3529,0.1765,0.1765
mrs-nsga2-apportion|aurus,ctrl_x,simple-arbiter-aurus,0,17,0.4706,0.5294,0.2941,0.1765
mrs-nsga2-apportion|aurus,ctrl_y,simple-arbiter-aurus,0,17,0.4118,0.5882,0.4706,0.3529
mrs-nsga2-apportion|aurus,cross,simple-arbiter-aurus,2,25,0.6,0.32,0.2,0.08
mrs-nsga2-apportion|aurus,cross,simple-arbiter-aurus,3,25,0.12,0.44,0.12,0.2
mrs-nsga2-apportion|aurus,ctrl_x,simple-arbiter-aurus,2,25,0.56,0.72,0.4,0.32
mrs-nsga2-apportion|aurus,ctrl_y,simple-arbiter-aurus,2,25,0.32,0.64,0.44,0.32
mrs-nsga2-apportion|aurus,cross,simple-arbiter-aurus,4,16,0.125,0.125,0.1875,0.0625
mrs-nsga2-apportion|aurus,cross,simple-arbiter-aurus,5,16,0.4375,0.125,0.25,0.125
mrs-nsga2-apportion|aurus,ctrl_x,simple-arbiter-aurus,4,16,0.75,0.5625,0.3125,0.25
mrs-nsga2-apportion|aurus,ctrl_y,simple-arbiter-aurus,4,16,0.625,0.625,0.4375,0.6875
mrs-nsga2-apportion|aurus,cross,simple-arbiter-aurus,6,26,0.4615,0.0769,0.3846,0.0769
mrs-nsga2-apportion|aurus,cross,simple-arbiter-aurus,7,26,0.4615,0.5,0.1154,0.1538
mrs-nsga2-apportion|aurus,ctrl_x,simple-arbiter-aurus,6,26,0.6538,0.2692,0.4615,0.3077
mrs-nsga2-apportion|aurus,ctrl_y,simple-arbiter-aurus,6,26,0.6923,0.5769,0.5385,0.4615
mrs-nsga2-apportion|aurus,cross,simple-arbiter-aurus,8,16,0.1875,0.3125,0.1875,0.1875
mrs-nsga2-apportion|aurus,cross,simple-arbiter-aurus,9,16,0.875,0.125,0.125,0.125
mrs-nsga2-apportion|aurus,ctrl_x,simple-arbiter-aurus,8,16,0.375,0.5,0.1875,0.3125
mrs-nsga2-apportion|aurus,ctrl_y,simple-arbiter-aurus,8,16,0.4375,0.5625,0.3125,0.5625
mrs-nsga2-apportion|aurus,cross,simple-arbiter-aurus,10,17,0.5294,0.1765,0.1765,0.2353
mrs-nsga2-apportion|aurus,cross,simple-arbiter-aurus,11,17,0.4118,0.5294,0.1765,0.1765
mrs-nsga2-apportion|aurus,ctrl_x,simple-arbiter-aurus,10,17,0.4118,0.7059,0.4118,0.4118
mrs-nsga2-apportion|aurus,ctrl_y,simple-arbiter-aurus,10,17,0.5294,0.8824,0.2353,0.2353
mrs-nsga2-apportion|aurus,cross,simple-arbiter-aurus,12,16,0.0,0.75,0.0,0.0625
mrs-nsga2-apportion|aurus,cross,simple-arbiter-aurus,13,16,0.25,0.1875,0.3125,0.125
mrs-nsga2-apportion|aurus,ctrl_x,simple-arbiter-aurus,12,16,0.25,0.3125,0.125,0.3125
mrs-nsga2-apportion|aurus,ctrl_y,simple-arbiter-aurus,12,16,0.5,0.8125,0.625,0.375
mrs-nsga2-apportion|aurus,cross,simple-arbiter-aurus,16,11,0.3636,0.4545,0.2727,0.4545
mrs-nsga2-apportion|aurus,cross,simple-arbiter-aurus,17,11,0.2727,0.1818,0.4545,0.0909
mrs-nsga2-apportion|aurus,ctrl_x,simple-arbiter-aurus,16,11,0.9091,0.7273,0.5455,0.6364
mrs-nsga2-apportion|aurus,ctrl_y,simple-arbiter-aurus,16,11,0.1818,1.0,0.1818,0.5455
mrs-nsga2-apportion|aurus,cross,simple-arbiter-aurus,18,10,0.4,0.3,0.5,0.2
mrs-nsga2-apportion|aurus,cross,simple-arbiter-aurus,19,10,0.4,0.2,0.2,0.2
mrs-nsga2-apportion|aurus,ctrl_x,simple-arbiter-aurus,18,10,0.7,0.6,0.5,0.6
mrs-nsga2-apportion|aurus,ctrl_y,simple-arbiter-aurus,18,10,0.8,0.9,0.3,0.4
mrs-nsga2-apportion|aurus,cross,simple-arbiter-aurus,20,16,0.6875,0.625,0.1875,0.3125
mrs-nsga2-apportion|aurus,cross,simple-arbiter-aurus,21,16,0.375,0.375,0.125,0.0625
mrs-nsga2-apportion|aurus,ctrl_x,simple-arbiter-aurus,20,16,0.4375,0.6875,0.4375,0.4375
mrs-nsga2-apportion|aurus,ctrl_y,simple-arbiter-aurus,20,16,0.5,0.625,0.3125,0.4375
mrs-nsga2-apportion|aurus,cross,simple-arbiter-aurus,22,20,0.3,0.3,0.05,0.15
mrs-nsga2-apportion|aurus,cross,simple-arbiter-aurus,23,20,0.5,0.35,0.35,0.15
mrs-nsga2-apportion|aurus,ctrl_x,simple-arbiter-aurus,22,20,0.75,0.5,0.35,0.45
mrs-nsga2-apportion|aurus,ctrl_y,simple-arbiter-aurus,22,20,0.4,0.45,0.3,0.4
mrs-nsga2-apportion|aurus,cross,simple-arbiter-aurus,24,14,0.7857,0.3571,0.2857,0.2143
mrs-nsga2-apportion|aurus,cross,simple-arbiter-aurus,25,14,0.4286,0.4286,0.1429,0.1429
mrs-nsga2-apportion|aurus,ctrl_x,simple-arbiter-aurus,24,14,0.7857,0.5714,0.5,0.4286
mrs-nsga2-apportion|aurus,ctrl_y,simple-arbiter-aurus,24,14,0.6429,0.4286,0.5,0.5
mrs-nsga2-apportion|aurus,cross,simple-arbiter-aurus,26,25,0.92,0.24,0.2,0.24
mrs-nsga2-apportion|aurus,cross,simple-arbiter-aurus,27,25,0.24,0.2,0.24,0.08
mrs-nsga2-apportion|aurus,ctrl_x,simple-arbiter-aurus,26,25,0.84,0.72,0.48,0.36
mrs-nsga2-apportion|aurus,ctrl_y,simple-arbiter-aurus,26,25,0.32,0.4,0.36,0.36
mrs-nsga2-apportion|aurus,cross,simple-arbiter-aurus,28,27,0.4444,0.2593,0.2963,0.1852
mrs-nsga2-apportion|aurus,cross,simple-arbiter-aurus,29,27,0.8519,0.3333,0.1852,0.1481
mrs-nsga2-apportion|aurus,ctrl_x,simple-arbiter-aurus,28,27,0.5556,0.7778,0.4815,0.4074
mrs-nsga2-apportion|aurus,ctrl_y,simple-arbiter-aurus,28,27,0.5185,0.6296,0.2963,0.2963
mrs-nsga2-apportion|aurus-nsga2-apportion,cross,simple-arbiter-aurus,0,27,0.4815,0.8519,0.4074,0.4815
mrs-nsga2-apportion|aurus-nsga2-apportion,cross,simple-arbiter-aurus,1,27,0.2222,0.7778,0.2963,0.4444
mrs-nsga2-apportion|aurus-nsga2-apportion,ctrl_x,simple-arbiter-aurus,0,27,0.4815,0.4444,0.4444,0.3704
mrs-nsga2-apportion|aurus-nsga2-apportion,ctrl_y,simple-arbiter-aurus,0,27,0.5556,0.7407,0.5926,0.5185
mrs-nsga2-apportion|aurus-nsga2-apportion,cross,simple-arbiter-aurus,2,25,0.72,0.76,0.64,0.48
mrs-nsga2-apportion|aurus-nsga2-apportion,cross,simple-arbiter-aurus,3,25,0.44,0.68,0.4,0.48
mrs-nsga2-apportion|aurus-nsga2-apportion,ctrl_x,simple-arbiter-aurus,2,25,0.56,0.72,0.4,0.32
mrs-nsga2-apportion|aurus-nsga2-apportion,ctrl_y,simple-arbiter-aurus,2,25,0.76,0.48,0.52,0.36
mrs-nsga2-apportion|aurus-nsga2-apportion,cross,simple-arbiter-aurus,4,24,0.5,0.625,0.5,0.375
mrs-nsga2-apportion|aurus-nsga2-apportion,cross,simple-arbiter-aurus,5,24,0.5833,0.5417,0.4167,0.2917
mrs-nsga2-apportion|aurus-nsga2-apportion,ctrl_x,simple-arbiter-aurus,4,24,0.75,0.5833,0.5833,0.2917
mrs-nsga2-apportion|aurus-nsga2-apportion,ctrl_y,simple-arbiter-aurus,4,24,0.5417,0.625,0.375,0.375
mrs-nsga2-apportion|aurus-nsga2-apportion,cross,simple-arbiter-aurus,6,30,0.7667,0.6667,0.6667,0.5
mrs-nsga2-apportion|aurus-nsga2-apportion,cross,simple-arbiter-aurus,7,30,0.4333,0.6,0.5333,0.5333
mrs-nsga2-apportion|aurus-nsga2-apportion,ctrl_x,simple-arbiter-aurus,6,30,0.6333,0.4333,0.4333,0.3333
mrs-nsga2-apportion|aurus-nsga2-apportion,ctrl_y,simple-arbiter-aurus,6,30,0.5,0.6333,0.5667,0.6
mrs-nsga2-apportion|aurus-nsga2-apportion,cross,simple-arbiter-aurus,8,28,0.3929,0.75,0.2143,0.5357
mrs-nsga2-apportion|aurus-nsga2-apportion,cross,simple-arbiter-aurus,9,28,0.5714,0.4643,0.4286,0.3571
mrs-nsga2-apportion|aurus-nsga2-apportion,ctrl_x,simple-arbiter-aurus,8,28,0.2857,0.6071,0.1786,0.4286
mrs-nsga2-apportion|aurus-nsga2-apportion,ctrl_y,simple-arbiter-aurus,8,28,0.5,0.7143,0.2857,0.5714
mrs-nsga2-apportion|aurus-nsga2-apportion,cross,simple-arbiter-aurus,10,23,0.4783,0.5652,0.2609,0.4783
mrs-nsga2-apportion|aurus-nsga2-apportion,cross,simple-arbiter-aurus,11,23,0.6957,0.4783,0.3913,0.2174
mrs-nsga2-apportion|aurus-nsga2-apportion,ctrl_x,simple-arbiter-aurus,10,23,0.5217,0.6522,0.3913,0.3043
mrs-nsga2-apportion|aurus-nsga2-apportion,ctrl_y,simple-arbiter-aurus,10,23,0.4348,0.8696,0.1304,0.1739
mrs-nsga2-apportion|aurus-nsga2-apportion,cross,simple-arbiter-aurus,12,15,0.1333,0.6,0.0667,0.4
mrs-nsga2-apportion|aurus-nsga2-apportion,cross,simple-arbiter-aurus,13,15,0.6667,0.3333,0.5333,0.2
mrs-nsga2-apportion|aurus-nsga2-apportion,ctrl_x,simple-arbiter-aurus,12,15,0.3333,0.4,0.2,0.4
mrs-nsga2-apportion|aurus-nsga2-apportion,ctrl_y,simple-arbiter-aurus,12,15,0.5333,0.8667,0.3333,0.6667
mrs-nsga2-apportion|aurus-nsga2-apportion,cross,simple-arbiter-aurus,14,21,0.8095,0.6667,0.7143,0.5238
mrs-nsga2-apportion|aurus-nsga2-apportion,cross,simple-arbiter-aurus,15,21,0.7143,0.619,0.6667,0.381
mrs-nsga2-apportion|aurus-nsga2-apportion,ctrl_x,simple-arbiter-aurus,14,21,0.8095,0.619,0.6667,0.5714
mrs-nsga2-apportion|aurus-nsga2-apportion,ctrl_y,simple-arbiter-aurus,14,21,0.5238,0.6667,0.2857,0.619
mrs-nsga2-apportion|aurus-nsga2-apportion,cross,simple-arbiter-aurus,16,21,0.4286,0.9048,0.381,0.5714
mrs-nsga2-apportion|aurus-nsga2-apportion,cross,simple-arbiter-aurus,17,21,0.7143,0.7143,0.619,0.4762
mrs-nsga2-apportion|aurus-nsga2-apportion,ctrl_x,simple-arbiter-aurus,16,21,0.5714,0.4762,0.3333,0.4286
mrs-nsga2-apportion|aurus-nsga2-apportion,ctrl_y,simple-arbiter-aurus,16,21,0.619,0.9048,0.5238,0.5714
mrs-nsga2-apportion|aurus-nsga2-apportion,cross,simple-arbiter-aurus,18,24,0.7083,0.6667,0.4583,0.5417
mrs-nsga2-apportion|aurus-nsga2-apportion,cross,simple-arbiter-aurus,19,24,0.7083,0.375,0.5417,0.4167
mrs-nsga2-apportion|aurus-nsga2-apportion,ctrl_x,simple-arbiter-aurus,18,24,0.4167,0.5,0.375,0.5417
mrs-nsga2-apportion|aurus-nsga2-apportion,ctrl_y,simple-arbiter-aurus,18,24,0.375,0.5,0.375,0.5833
mrs-nsga2-apportion|aurus-nsga2-apportion,cross,simple-arbiter-aurus,20,20,0.5,0.3,0.4,0.35
mrs-nsga2-apportion|aurus-nsga2-apportion,cross,simple-arbiter-aurus,21,20,0.75,0.65,0.6,0.5
mrs-nsga2-apportion|aurus-nsga2-apportion,ctrl_x,simple-arbiter-aurus,20,20,0.6,0.55,0.35,0.45
mrs-nsga2-apportion|aurus-nsga2-apportion,ctrl_y,simple-arbiter-aurus,20,20,0.7,0.55,0.55,0.45
mrs-nsga2-apportion|aurus-nsga2-apportion,cross,simple-arbiter-aurus,22,19,0.7895,0.6316,0.4211,0.6316
mrs-nsga2-apportion|aurus-nsga2-apportion,cross,simple-arbiter-aurus,23,19,0.5789,0.4737,0.5263,0.2632
mrs-nsga2-apportion|aurus-nsga2-apportion,ctrl_x,simple-arbiter-aurus,22,19,0.7368,0.5263,0.4737,0.5789
mrs-nsga2-apportion|aurus-nsga2-apportion,ctrl_y,simple-arbiter-aurus,22,19,0.7368,0.5789,0.4211,0.6316
mrs-nsga2-apportion|aurus-nsga2-apportion,cross,simple-arbiter-aurus,24,17,0.4706,0.7059,0.6471,0.2941
mrs-nsga2-apportion|aurus-nsga2-apportion,cross,simple-arbiter-aurus,25,17,0.7647,0.6471,0.4706,0.4706
mrs-nsga2-apportion|aurus-nsga2-apportion,ctrl_x,simple-arbiter-aurus,24,17,0.7059,0.7059,0.5294,0.4706
mrs-nsga2-apportion|aurus-nsga2-apportion,ctrl_y,simple-arbiter-aurus,24,17,0.7647,0.7647,0.3529,0.5882
mrs-nsga2-apportion|aurus-nsga2-apportion,cross,simple-arbiter-aurus,26,29,0.4828,0.5862,0.4483,0.4828
mrs-nsga2-apportion|aurus-nsga2-apportion,cross,simple-arbiter-aurus,27,29,0.6552,0.7586,0.4828,0.5862
mrs-nsga2-apportion|aurus-nsga2-apportion,ctrl_x,simple-arbiter-aurus,26,29,0.5517,0.6207,0.3793,0.3103
mrs-nsga2-apportion|aurus-nsga2-apportion,ctrl_y,simple-arbiter-aurus,26,29,0.6897,0.4483,0.5172,0.4483
mrs-nsga2-apportion|aurus-nsga2-apportion,cross,simple-arbiter-aurus,28,27,0.5556,0.5926,0.5185,0.4074
mrs-nsga2-apportion|aurus-nsga2-apportion,cross,simple-arbiter-aurus,29,27,0.963,0.6667,0.6296,0.5556
mrs-nsga2-apportion|aurus-nsga2-apportion,ctrl_x,simple-arbiter-aurus,28,27,0.5556,0.7778,0.4815,0.4074
mrs-nsga2-apportion|aurus-nsga2-apportion,ctrl_y,simple-arbiter-aurus,28,27,0.4815,0.7407,0.3333,0.2963
mrs-nsga2-apportion|mrs-weighted,cross,simple-arbiter-aurus,0,35,0.5429,0.4,0.2286,0.3714
mrs-nsga2-apportion|mrs-weighted,cross,simple-arbiter-aurus,1,35,0.2,0.4571,0.1714,0.2571
mrs-nsga2-apportion|mrs-weighted,ctrl_x,simple-arbiter-aurus,0,35,0.5143,0.6286,0.4857,0.3714
mrs-nsga2-apportion|mrs-weighted,ctrl_y,simple-arbiter-aurus,0,35,0.4286,0.4,0.1714,0.1143
mrs-nsga2-apportion|mrs-weighted,cross,simple-arbiter-aurus,2,25,0.56,0.8,0.24,0.28
mrs-nsga2-apportion|mrs-weighted,cross,simple-arbiter-aurus,3,25,0.28,0.44,0.32,0.24
mrs-nsga2-apportion|mrs-weighted,ctrl_x,simple-arbiter-aurus,2,25,0.56,0.72,0.4,0.32
mrs-nsga2-apportion|mrs-weighted,ctrl_y,simple-arbiter-aurus,2,25,0.64,0.36,0.32,0.32
mrs-nsga2-apportion|mrs-weighted,cross,simple-arbiter-aurus,4,24,0.625,0.25,0.2917,0.2917
mrs-nsga2-apportion|mrs-weighted,cross,simple-arbiter-aurus,5,24,0.3333,0.375,0.2083,0.375
mrs-nsga2-apportion|mrs-weighted,ctrl_x,simple-arbiter-aurus,4,24,0.75,0.5833,0.5833,0.2917
mrs-nsga2-apportion|mrs-weighted,ctrl_y,simple-arbiter-aurus,4,24,0.6667,0.5,0.3333,0.1667
mrs-nsga2-apportion|mrs-weighted,cross,simple-arbiter-aurus,6,30,0.5333,0.6667,0.4333,0.5
mrs-nsga2-apportion|mrs-weighted,cross,simple-arbiter-aurus,7,30,0.1667,0.6,0.1667,0.2
mrs-nsga2-apportion|mrs-weighted,ctrl_x,simple-arbiter-aurus,6,30,0.6333,0.4333,0.4333,0.3333
mrs-nsga2-apportion|mrs-weighted,ctrl_y,simple-arbiter-aurus,6,30,0.6,0.6,0.2333,0.5
mrs-nsga2-apportion|mrs-weighted,cross,simple-arbiter-aurus,8,28,0.25,0.6429,0.1429,0.4286
mrs-nsga2-apportion|mrs-weighted,cross,simple-arbiter-aurus,9,28,0.3929,0.5357,0.1786,0.25
mrs-nsga2-apportion|mrs-weighted,ctrl_x,simple-arbiter-aurus,8,28,0.2857,0.6071,0.1786,0.4286
mrs-nsga2-apportion|mrs-weighted,ctrl_y,simple-arbiter-aurus,8,28,0.1786,0.3929,0.1786,0.25
mrs-nsga2-apportion|mrs-weighted,cross,simple-arbiter-aurus,10,23,0.6087,0.3913,0.3043,0.3478
mrs-nsga2-apportion|mrs-weighted,cross,simple-arbiter-aurus,11,23,0.3043,0.7826,0.3043,0.6087
mrs-nsga2-apportion|mrs-weighted,ctrl_x,simple-arbiter-aurus,10,23,0.5217,0.6522,0.3913,0.3043
mrs-nsga2-apportion|mrs-weighted,ctrl_y,simple-arbiter-aurus,10,23,0.4783,0.6522,0.3913,0.4783
mrs-nsga2-apportion|mrs-weighted,cross,simple-arbiter-aurus,12,23,0.4348,0.8696,0.0435,0.2609
mrs-nsga2-apportion|mrs-weighted,cross,simple-arbiter-aurus,13,23,0.4783,0.4348,0.3043,0.2174
mrs-nsga2-apportion|mrs-weighted,ctrl_x,simple-arbiter-aurus,12,23,0.3043,0.3478,0.1304,0.3478
mrs-nsga2-apportion|mrs-weighted,ctrl_y,simple-arbiter-aurus,12,23,0.3913,0.6087,0.2609,0.3478
mrs-nsga2-apportion|mrs-weighted,cross,simple-arbiter-aurus,14,21,0.4762,0.2857,0.2857,0.0952
mrs-nsga2-apportion|mrs-weighted,cross,simple-arbiter-aurus,15,21,0.619,0.4286,0.1905,0.381
mrs-nsga2-apportion|mrs-weighted,ctrl_x,simple-arbiter-aurus,14,21,0.8095,0.619,0.6667,0.5714
mrs-nsga2-apportion|mrs-weighted,ctrl_y,simple-arbiter-aurus,14,21,0.5714,0.6667,0.2381,0.3333
mrs-nsga2-apportion|mrs-weighted,cross,simple-arbiter-aurus,16,22,0.2273,0.7273,0.1818,0.2727
mrs-nsga2-apportion|mrs-weighted,cross,simple-arbiter-aurus,17,22,0.4091,0.5455,0.4545,0.5455
mrs-nsga2-apportion|mrs-weighted,ctrl_x,simple-arbiter-aurus,16,22,0.7273,0.4091,0.2727,0.4545
mrs-nsga2-apportion|mrs-weighted,ctrl_y,simple-arbiter-aurus,16,22,0.8182,0.7273,0.3636,0.5
mrs-nsga2-apportion|mrs-weighted,cross,simple-arbiter-aurus,18,33,0.3333,0.697,0.1818,0.2121
mrs-nsga2-apportion|mrs-weighted,cross,simple-arbiter-aurus,19,33,0.5758,0.6061,0.3636,0.4242
mrs-nsga2-apportion|mrs-weighted,ctrl_x,simple-arbiter-aurus,18,33,0.4545,0.4848,0.3333,0.4242
mrs-nsga2-apportion|mrs-weighted,ctrl_y,simple-arbiter-aurus,18,33,0.3939,0.7273,0.3636,0.4545
mrs-nsga2-apportion|mrs-weighted,cross,simple-arbiter-aurus,20,20,0.4,0.55,0.25,0.3
mrs-nsga2-apportion|mrs-weighted,cross,simple-arbiter-aurus,21,20,0.6,0.95,0.1,0.3
mrs-nsga2-apportion|mrs-weighted,ctrl_x,simple-arbiter-aurus,20,20,0.6,0.55,0.35,0.45
mrs-nsga2-apportion|mrs-weighted,ctrl_y,simple-arbiter-aurus,20,20,0.6,0.55,0.35,0.35
mrs-nsga2-apportion|mrs-weighted,cross,simple-arbiter-aurus,22,20,0.55,0.75,0.45,0.45
mrs-nsga2-apportion|mrs-weighted,cross,simple-arbiter-aurus,23,20,0.45,0.4,0.5,0.3
mrs-nsga2-apportion|mrs-weighted,ctrl_x,simple-arbiter-aurus,22,20,0.75,0.5,0.35,0.45
mrs-nsga2-apportion|mrs-weighted,ctrl_y,simple-arbiter-aurus,22,20,0.55,0.7,0.4,0.4
mrs-nsga2-apportion|mrs-weighted,cross,simple-arbiter-aurus,24,20,0.9,0.5,0.4,0.4
mrs-nsga2-apportion|mrs-weighted,cross,simple-arbiter-aurus,25,20,0.6,0.4,0.1,0.2
mrs-nsga2-apportion|mrs-weighted,ctrl_x,simple-arbiter-aurus,24,20,0.9,0.45,0.5,0.35
mrs-nsga2-apportion|mrs-weighted,ctrl_y,simple-arbiter-aurus,24,20,0.75,0.8,0.45,0.5
mrs-nsga2-apportion|mrs-weighted,cross,simple-arbiter-aurus,26,29,0.3448,0.6897,0.3103,0.3448
mrs-nsga2-apportion|mrs-weighted,cross,simple-arbiter-aurus,27,29,0.5517,0.4138,0.3103,0.3448
mrs-nsga2-apportion|mrs-weighted,ctrl_x,simple-arbiter-aurus,26,29,0.5172,0.6207,0.3793,0.4828
mrs-nsga2-apportion|mrs-weighted,ctrl_y,simple-arbiter-aurus,26,29,0.5862,0.4828,0.2414,0.3103
mrs-nsga2-apportion|mrs-weighted,cross,simple-arbiter-aurus,28,27,0.4815,0.7407,0.2963,0.3333
mrs-nsga2-apportion|mrs-weighted,cross,simple-arbiter-aurus,29,27,0.7407,0.6667,0.4074,0.1852
mrs-nsga2-apportion|mrs-weighted,ctrl_x,simple-arbiter-aurus,28,27,0.5556,0.7778,0.4815,0.4074
mrs-nsga2-apportion|mrs-weighted,ctrl_y,simple-arbiter-aurus,28,27,0.4074,0.3333,0.3333,0.1481
aurus-nsga2-apportion|aurus,cross,simple-arbiter-aurus,0,17,0.7647,0.0588,0.2941,0.1176
aurus-nsga2-apportion|aurus,cross,simple-arbiter-aurus,1,17,0.5294,0.2941,0.1176,0.1176
aurus-nsga2-apportion|aurus,ctrl_x,simple-arbiter-aurus,0,17,0.7647,0.5294,0.3529,0.3529
aurus-nsga2-apportion|aurus,ctrl_y,simple-arbiter-aurus,0,17,0.4118,0.5882,0.4706,0.3529
aurus-nsga2-apportion|aurus,cross,simple-arbiter-aurus,2,28,0.6429,0.3214,0.3571,0.1429
aurus-nsga2-apportion|aurus,cross,simple-arbiter-aurus,3,28,0.2143,0.3214,0.0714,0.1786
aurus-nsga2-apportion|aurus,ctrl_x,simple-arbiter-aurus,2,28,0.6071,0.5714,0.3214,0.2857
aurus-nsga2-apportion|aurus,ctrl_y,simple-arbiter-aurus,2,28,0.4643,0.5,0.5,0.3929
aurus-nsga2-apportion|aurus,cross,simple-arbiter-aurus,4,16,0.0625,0.3125,0.0625,0.1875
aurus-nsga2-apportion|aurus,cross,simple-arbiter-aurus,5,16,0.875,0.375,0.5,0.3125
aurus-nsga2-apportion|aurus,ctrl_x,simple-arbiter-aurus,4,16,0.375,0.8125,0.3125,0.5625
aurus-nsga2-apportion|aurus,ctrl_y,simple-arbiter-aurus,4,16,0.625,0.625,0.4375,0.6875
aurus-nsga2-apportion|aurus,cross,simple-arbiter-aurus,6,26,0.1154,0.3462,0.2308,0.1538
aurus-nsga2-apportion|aurus,cross,simple-arbiter-aurus,7,26,0.2308,0.4231,0.2308,0.1923
aurus-nsga2-apportion|aurus,ctrl_x,simple-arbiter-aurus,6,26,0.5,0.6154,0.6154,0.4615
aurus-nsga2-apportion|aurus,ctrl_y,simple-arbiter-aurus,6,26,0.6923,0.5769,0.5385,0.4615
aurus-nsga2-apportion|aurus,cross,simple-arbiter-aurus,8,16,0.3125,0.375,0.25,0.4375
aurus-nsga2-apportion|aurus,cross,simple-arbiter-aurus,9,16,0.9375,0.125,0.375,0.125
aurus-nsga2-apportion|aurus,ctrl_x,simple-arbiter-aurus,8,16,0.6875,0.875,0.8125,0.625
aurus-nsga2-apportion|aurus,ctrl_y,simple-arbiter-aurus,8,16,0.4375,0.5625,0.3125,0.5625
aurus-nsga2-apportion|aurus,cross,simple-arbiter-aurus,10,17,0.2941,0.1176,0.0588,0.2353
aurus-nsga2-apportion|aurus,cross,simple-arbiter-aurus,11,17,0.7647,0.7647,0.0588,0.1765
aurus-nsga2-apportion|aurus,ctrl_x,simple-arbiter-aurus,10,17,0.6471,0.1765,0.1765,0.0588
aurus-nsga2-apportion|aurus,ctrl_y,simple-arbiter-aurus,10,17,0.5294,0.8824,0.2353,0.2353
aurus-nsga2-apportion|aurus,cross,simple-arbiter-aurus,12,15,0.6,0.7333,0.0667,0.0667
aurus-nsga2-apportion|aurus,cross,simple-arbiter-aurus,13,15,0.0667,0.5333,0.2,0.1333
aurus-nsga2-apportion|aurus,ctrl_x,simple-arbiter-aurus,12,15,0.2667,1.0,0.2,0.8667
aurus-nsga2-apportion|aurus,ctrl_y,simple-arbiter-aurus,12,15,0.3333,0.4667,0.2667,0.3333
aurus-nsga2-apportion|aurus,cross,simple-arbiter-aurus,16,11,0.0909,0.6364,0.0909,0.4545
aurus-nsga2-apportion|aurus,cross,simple-arbiter-aurus,17,11,0.9091,0.2727,0.3636,0.1818
aurus-nsga2-apportion|aurus,ctrl_x,simple-arbiter-aurus,16,11,0.7273,1.0,0.5455,0.5455
aurus-nsga2-apportion|aurus,ctrl_y,simple-arbiter-aurus,16,11,0.1818,1.0,0.1818,0.5455
aurus-nsga2-apportion|aurus,cross,simple-arbiter-aurus,18,10,0.7,0.3,0.6,0.4
aurus-nsga2-apportion|aurus,cross,simple-arbiter-aurus,19,10,0.9,0.2,0.2,0.2
aurus-nsga2-apportion|aurus,ctrl_x,simple-arbiter-aurus,18,10,0.6,0.9,0.8,0.6
aurus-nsga2-apportion|aurus,ctrl_y,simple-arbiter-aurus,18,10,0.8,0.9,0.3,0.4
aurus-nsga2-apportion|aurus,cross,simple-arbiter-aurus,20,16,0.1875,0.5625,0.1875,0.3125
aurus-nsga2-apportion|aurus,cross,simple-arbiter-aurus,21,16,0.25,0.25,0.0625,0.125
aurus-nsga2-apportion|aurus,ctrl_x,simple-arbiter-aurus,20,16,0.6875,0.375,0.375,0.3125
aurus-nsga2-apportion|aurus,ctrl_y,simple-arbiter-aurus,20,16,0.5,0.625,0.3125,0.4375
aurus-nsga2-apportion|aurus,cross,simple-arbiter-aurus,22,19,0.1053,0.0,0.1053,0.0
aurus-nsga2-apportion|aurus,cross,simple-arbiter-aurus,23,19,0.8947,0.3158,0.3684,0.1579
aurus-nsga2-apportion|aurus,ctrl_x,simple-arbiter-aurus,22,19,0.6842,0.6316,0.3158,0.6842
aurus-nsga2-apportion|aurus,ctrl_y,simple-arbiter-aurus,22,19,0.8947,0.4211,0.6316,0.3684
aurus-nsga2-apportion|aurus,cross,simple-arbiter-aurus,24,14,0.0,0.5,0.0,0.2143
aurus-nsga2-apportion|aurus,cross,simple-arbiter-aurus,25,14,0.0,0.2857,0.0,0.1429
aurus-nsga2-apportion|aurus,ctrl_x,simple-arbiter-aurus,24,14,0.6429,0.7143,0.1429,0.5
aurus-nsga2-apportion|aurus,ctrl_y,simple-arbiter-aurus,24,14,0.6429,0.4286,0.5,0.5
aurus-nsga2-apportion|aurus,cross,simple-arbiter-aurus,26,25,0.6,0.24,0.44,0.12
aurus-nsga2-apportion|aurus,cross,simple-arbiter-aurus,27,25,0.68,0.2,0.2,0.12
aurus-nsga2-apportion|aurus,ctrl_x,simple-arbiter-aurus,26,25,0.56,0.52,0.64,0.4
aurus-nsga2-apportion|aurus,ctrl_y,simple-arbiter-aurus,26,25,0.32,0.4,0.36,0.36
aurus-nsga2-apportion|aurus,cross,simple-arbiter-aurus,28,29,0.2759,0.3793,0.2414,0.2414
aurus-nsga2-apportion|aurus,cross,simple-arbiter-aurus,29,29,0.7586,0.2069,0.1034,0.1034
aurus-nsga2-apportion|aurus,ctrl_x,simple-arbiter-aurus,28,29,0.5862,0.4483,0.4828,0.3793
aurus-nsga2-apportion|aurus,ctrl_y,simple-arbiter-aurus,28,29,0.5862,0.3793,0.3103,0.2069
