comparison,kind,spec,seed,n,prec_y_in_x,prec_x_in_y,cov_x_by_y,cov_y_by_x
mrs-nsga2-apportion|aurus,cross,arbiter-aurus,0,33,1.0,0.7273,0.6061,0.3333
mrs-nsga2-apportion|aurus,ctrl_x,arbiter-aurus,0,37,0.9459,0.8919,0.8919,0.8378
mrs-nsga2-apportion|aurus,ctrl_y,arbiter-aurus,0,33,0.5758,0.9697,0.8182,0.8788
mrs-nsga2-apportion|aurus,cross,arbiter-aurus,1,37,0.7838,0.9459,0.4865,0.4595
mrs-nsga2-apportion|aurus,cross,arbiter-aurus,2,42,0.9286,0.8571,0.6905,0.7143
mrs-nsga2-apportion|aurus,ctrl_x,arbiter-aurus,2,42,0.9048,0.7857,0.9524,0.6905
mrs-nsga2-apportion|aurus,ctrl_y,arbiter-aurus,2,32,0.9375,0.8438,0.8438,0.7812
mrs-nsga2-apportion|aurus,cross,arbiter-aurus,3,32,0.9062,0.9375,0.5,0.1562
mrs-nsga2-apportion|aurus,cross,arbiter-aurus,4,31,0.9677,0.9032,0.6129,0.8065
mrs-nsga2-apportion|aurus,ctrl_x,arbiter-aurus,4,39,0.8462,0.9487,0.8462,0.9231
mrs-nsga2-apportion|aurus,ctrl_y,arbiter-aurus,4,31,0.8387,0.8387,0.8387,0.9032
mrs-nsga2-apportion|aurus,cross,arbiter-aurus,5,40,0.875,0.9,0.6,0.525
mrs-nsga2-apportion|aurus,cross,arbiter-aurus,6,36,0.8611,0.8889,0.6944,0.8611
mrs-nsga2-apportion|aurus,ctrl_x,arbiter-aurus,6,36,0.7222,0.8056,0.75,0.6389
mrs-nsga2-apportion|aurus,ctrl_y,arbiter-aurus,6,45,0.9333,0.5333,0.6889,0.5556
mrs-nsga2-apportion|aurus,cross,arbiter-aurus,7,41,0.9756,0.7073,0.6098,0.3902
mrs-nsga2-apportion|aurus,cross,arbiter-aurus,8,35,1.0,0.5143,0.5429,0.4286
mrs-nsga2-apportion|aurus,ctrl_x,arbiter-aurus,8,28,1.0,0.9286,1.0,1.0
mrs-nsga2-apportion|aurus,ctrl_y,arbiter-aurus,8,39,0.6154,0.9487,0.5385,0.6667
mrs-nsga2-apportion|aurus,cross,arbiter-aurus,9,28,0.75,0.6786,0.7143,0.6429
mrs-nsga2-apportion|aurus,cross,arbiter-aurus,10,26,0.8846,0.8462,0.9615,0.4231
mrs-nsga2-apportion|aurus,ctrl_x,arbiter-aurus,10,26,0.9231,0.9615,1.0,1.0
mrs-nsga2-apportion|aurus,ctrl_y,arbiter-aurus,10,30,0.8333,0.8,0.9,0.9333
mrs-nsga2-apportion|aurus,cross,arbiter-aurus,11,30,0.6,0.8333,0.5,0.4667
mrs-nsga2-apportion|aurus,cross,arbiter-aurus,12,35,0.9714,0.7143,0.6571,0.6571
mrs-nsga2-apportion|aurus,ctrl_x,arbiter-aurus,12,42,0.8095,0.8571,0.6905,0.619
mrs-nsga2-apportion|aurus,ctrl_y,arbiter-aurus,12,35,0.8571,0.6571,0.8571,0.7143
mrs-nsga2-apportion|aurus,cross,arbiter-aurus,13,40,0.85,0.625,0.45,0.125
mrs-nsga2-apportion|aurus,cross,arbiter-aurus,14,51,0.8627,0.902,0.4706,0.451
mrs-nsga2-apportion|aurus,ctrl_x,arbiter-aurus,14,35,0.6857,0.9714,0.5714,0.9143
mrs-nsga2-apportion|aurus,ctrl_y,arbiter-aurus,14,25,1.0,0.64,1.0,1.0
mrs-nsga2-apportion|aurus,cross,arbiter-aurus,15,25,1.0,0.16,0.24,0.44
mrs-nsga2-apportion|aurus,cross,arbiter-aurus,16,45,0.9556,0.6444,0.8889,0.5111
mrs-nsga2-apportion|aurus,ctrl_x,arbiter-aurus,16,44,0.9318,0.7727,0.9318,0.8182
mrs-nsga2-apportion|aurus,ctrl_y,arbiter-aurus,16,51,0.5882,0.8039,0.6471,0.7451
mrs-nsga2-apportion|aurus,cross,arbiter-aurus,17,44,0.9091,0.7955,0.3182,0.3864
mrs-nsga2-apportion|aurus,cross,arbiter-aurus,18,38,0.9737,0.9211,0.5789,0.3684
mrs-nsga2-apportion|aurus,ctrl_x,arbiter-aurus,18,38,0.8947,0.8947,1.0,0.8158
mrs-nsga2-apportion|aurus,ctrl_y,arbiter-aurus,18,39,0.7949,0.9487,1.0,0.9744
mrs-nsga2-apportion|aurus,cross,arbiter-aurus,19,41,0.8049,0.9024,0.8293,0.7561
mrs-nsga2-apportion|aurus,cross,arbiter-aurus,20,27,1.0,0.9259,0.7407,0.6296
mrs-nsga2-apportion|aurus,ctrl_x,arbiter-aurus,20,43,0.9302,0.3721,0.6977,0.6047
mrs-nsga2-apportion|aurus,ctrl_y,arbiter-aurus,20,27,0.8889,0.9259,0.963,0.9259
mrs-nsga2-apportion|aurus,cross,arbiter-aurus,21,43,0.2093,0.9535,0.3953,0.3488
mrs-nsga2-apportion|aurus,cross,arbiter-aurus,22,35,0.8286,0.8857,0.7429,0.5429
mrs-nsga2-apportion|aurus,ctrl_x,arbiter-aurus,22,32,0.6875,1.0,0.8125,0.9062
mrs-nsga2-apportion|aurus,ctrl_y,arbiter-aurus,22,36,1.0,0.75,0.6389,0.7778
mrs-nsga2-apportion|aurus,cross,arbiter-aurus,23,32,1.0,0.6875,0.8125,0.4062
mrs-nsga2-apportion|aurus,cross,arbiter-aurus,24,36,0.7222,0.75,0.7222,0.5833
mrs-nsga2-apportion|aurus,ctrl_x,arbiter-aurus,24,36,0.9444,0.8333,0.9444,0.8611
mrs-nsga2-apportion|aurus,ctrl_y,arbiter-aurus,24,44,0.9318,0.8409,0.8864,0.9773
mrs-nsga2-apportion|aurus,cross,arbiter-aurus,25,40,0.95,0.55,0.575,0.35
mrs-nsga2-apportion|aurus,cross,arbiter-aurus,26,53,0.7358,0.8302,0.3962,0.3774
mrs-nsga2-apportion|aurus,ctrl_x,arbiter-aurus,26,38,0.8684,0.6316,0.6579,0.8158
mrs-nsga2-apportion|aurus,ctrl_y,arbiter-aurus,26,41,0.9268,0.8293,0.8293,0.9756
mrs-nsga2-apportion|aurus,cross,arbiter-aurus,27,38,0.7632,0.6316,0.7895,0.3947
mrs-nsga2-apportion|aurus,cross,arbiter-aurus,28,27,0.963,0.8148,0.8519,0.5926
mrs-nsga2-apportion|aurus,ctrl_x,arbiter-aurus,28,28,0.8571,0.9286,0.8571,0.6786
mrs-nsga2-apportion|aurus,ctrl_y,arbiter-aurus,28,27,0.8148,0.8148,1.0,0.5926
mrs-nsga2-apportion|aurus,cross,arbiter-aurus,29,34,0.9412,0.7647,0.7647,0.7941
mrs-nsga2-apportion|aurus-nsga2-apportion,cross,arbiter-aurus,0,18,0.9444,1.0,1.0,0.8889
mrs-nsga2-apportion|aurus-nsga2-apportion,ctrl_x,arbiter-aurus,0,37,0.8919,0.8919,0.8919,0.8649
mrs-nsga2-apportion|aurus-nsga2-apportion,ctrl_y,arbiter-aurus,0,18,1.0,0.9444,0.8333,0.9444
mrs-nsga2-apportion|aurus-nsga2-apportion,cross,arbiter-aurus,1,18,0.9444,0.9444,1.0,1.0
mrs-nsga2-apportion|aurus-nsga2-apportion,cross,arbiter-aurus,2,21,0.9048,0.8571,1.0,0.619
mrs-nsga2-apportion|aurus-nsga2-apportion,ctrl_x,arbiter-aurus,2,42,0.9524,0.6905,0.9762,0.5476
mrs-nsga2-apportion|aurus-nsga2-apportion,ctrl_y,arbiter-aurus,2,21,0.9524,1.0,0.8571,0.9524
mrs-nsga2-apportion|aurus-nsga2-apportion,cross,arbiter-aurus,3,27,0.8889,1.0,0.8889,0.7778
mrs-nsga2-apportion|aurus-nsga2-apportion,cross,arbiter-aurus,4,35,0.9143,0.8857,0.7429,1.0
mrs-nsga2-apportion|aurus-nsga2-apportion,ctrl_x,arbiter-aurus,4,39,0.8462,0.9487,0.8205,0.9231
mrs-nsga2-apportion|aurus-nsga2-apportion,ctrl_y,arbiter-aurus,4,31,0.9032,0.871,0.8065,1.0
mrs-nsga2-apportion|aurus-nsga2-apportion,cross,arbiter-aurus,5,31,0.9677,0.9677,0.9677,0.9677
mrs-nsga2-apportion|aurus-nsga2-apportion,cross,arbiter-aurus,6,23,0.8696,1.0,1.0,1.0
mrs-nsga2-apportion|aurus-nsga2-apportion,ctrl_x,arbiter-aurus,6,36,0.6944,0.8889,0.7222,0.6667
mrs-nsga2-apportion|aurus-nsga2-apportion,ctrl_y,arbiter-aurus,6,23,1.0,0.913,0.5652,0.913
mrs-nsga2-apportion|aurus-nsga2-apportion,cross,arbiter-aurus,7,32,0.9375,0.9375,1.0,0.9688
mrs-nsga2-apportion|aurus-nsga2-apportion,cross,arbiter-aurus,8,24,1.0,0.9583,1.0,1.0
mrs-nsga2-apportion|aurus-nsga2-apportion,ctrl_x,arbiter-aurus,8,28,0.9643,0.8929,1.0,1.0
mrs-nsga2-apportion|aurus-nsga2-apportion,ctrl_y,arbiter-aurus,8,24,1.0,0.7917,0.75,0.875
mrs-nsga2-apportion|aurus-nsga2-apportion,cross,arbiter-aurus,9,24,1.0,0.9583,0.6667,1.0
mrs-nsga2-apportion|aurus-nsga2-apportion,cross,arbiter-aurus,10,26,0.9231,0.9231,0.9615,0.7692
mrs-nsga2-apportion|aurus-nsga2-apportion,ctrl_x,arbiter-aurus,10,26,0.9231,0.9615,1.0,1.0
mrs-nsga2-apportion|aurus-nsga2-apportion,ctrl_y,arbiter-aurus,10,29,0.8966,0.931,1.0,0.8966
mrs-nsga2-apportion|aurus-nsga2-apportion,cross,arbiter-aurus,11,29,0.8276,0.9655,1.0,1.0
mrs-nsga2-apportion|aurus-nsga2-apportion,cross,arbiter-aurus,12,42,0.9762,0.9048,0.881,0.9762
mrs-nsga2-apportion|aurus-nsga2-apportion,ctrl_x,arbiter-aurus,12,42,0.7857,0.9048,0.6429,0.6429
mrs-nsga2-apportion|aurus-nsga2-apportion,ctrl_y,arbiter-aurus,12,24,0.9167,1.0,0.7917,0.9583
mrs-nsga2-apportion|aurus-nsga2-apportion,cross,arbiter-aurus,13,24,0.9583,0.9583,1.0,1.0
mrs-nsga2-apportion|aurus-nsga2-apportion,cross,arbiter-aurus,14,49,0.9796,0.9184,0.7959,0.6122
mrs-nsga2-apportion|aurus-nsga2-apportion,ctrl_x,arbiter-aurus,14,35,0.7143,0.9714,0.5714,0.9143
mrs-nsga2-apportion|aurus-nsga2-apportion,ctrl_y,arbiter-aurus,14,35,0.8857,1.0,0.4,0.6857
mrs-nsga2-apportion|aurus-nsga2-apportion,cross,arbiter-aurus,15,35,0.9714,0.8857,0.9714,0.8286
mrs-nsga2-apportion|aurus-nsga2-apportion,cross,arbiter-aurus,16,31,0.9677,0.6129,0.871,0.9355
mrs-nsga2-apportion|aurus-nsga2-apportion,ctrl_x,arbiter-aurus,16,44,0.9318,0.7727,0.9318,0.7955
mrs-nsga2-apportion|aurus-nsga2-apportion,ctrl_y,arbiter-aurus,16,31,0.9032,0.7419,1.0,1.0
mrs-nsga2-apportion|aurus-nsga2-apportion,cross,arbiter-aurus,17,31,0.9032,0.9032,0.9355,0.9032
mrs-nsga2-apportion|aurus-nsga2-apportion,cross,arbiter-aurus,18,18,1.0,0.8889,0.9444,1.0
mrs-nsga2-apportion|aurus-nsga2-apportion,ctrl_x,arbiter-aurus,18,38,0.9211,0.8947,1.0,0.7632
mrs-nsga2-apportion|aurus-nsga2-apportion,ctrl_y,arbiter-aurus,18,18,0.9444,0.9444,1.0,1.0
mrs-nsga2-apportion|aurus-nsga2-apportion,cross,arbiter-aurus,19,39,0.9744,0.9231,0.9744,1.0
mrs-nsga2-apportion|aurus-nsga2-apportion,cross,arbiter-aurus,20,36,0.9722,0.8333,0.9722,0.6111
mrs-nsga2-apportion|aurus-nsga2-apportion,ctrl_x,arbiter-aurus,20,43,0.907,0.3721,0.6744,0.6047
mrs-nsga2-apportion|aurus-nsga2-apportion,ctrl_y,arbiter-aurus,20,22,0.9091,0.8636,0.9545,0.6364
mrs-nsga2-apportion|aurus-nsga2-apportion,cross,arbiter-aurus,21,22,0.5909,0.9091,1.0,0.7727
mrs-nsga2-apportion|aurus-nsga2-apportion,cross,arbiter-aurus,22,35,0.9429,0.8857,0.9429,0.9429
mrs-nsga2-apportion|aurus-nsga2-apportion,ctrl_x,arbiter-aurus,22,32,0.6875,1.0,0.8125,0.9062
mrs-nsga2-apportion|aurus-nsga2-apportion,ctrl_y,arbiter-aurus,22,25,0.88,1.0,1.0,0.8
mrs-nsga2-apportion|aurus-nsga2-apportion,cross,arbiter-aurus,23,25,0.96,0.96,1.0,0.84
mrs-nsga2-apportion|aurus-nsga2-apportion,cross,arbiter-aurus,24,27,0.9259,0.9259,0.963,1.0
mrs-nsga2-apportion|aurus-nsga2-apportion,ctrl_x,arbiter-aurus,24,36,0.8889,0.8611,0.9722,0.9444
mrs-nsga2-apportion|aurus-nsga2-apportion,ctrl_y,arbiter-aurus,24,27,0.9259,0.7407,1.0,0.7778
mrs-nsga2-apportion|aurus-nsga2-apportion,cross,arbiter-aurus,25,28,1.0,0.8214,0.9286,0.7857
mrs-nsga2-apportion|aurus-nsga2-apportion,cross,arbiter-aurus,26,42,0.7381,0.9762,0.9762,0.7857
mrs-nsga2-apportion|aurus-nsga2-apportion,ctrl_x,arbiter-aurus,26,38,0.8421,0.6053,0.6579,0.8158
mrs-nsga2-apportion|aurus-nsga2-apportion,ctrl_y,arbiter-aurus,26,29,0.8276,0.8621,0.9655,0.8621
mrs-nsga2-apportion|aurus-nsga2-apportion,cross,arbiter-aurus,27,29,0.8966,0.931,1.0,0.7586
mrs-nsga2-apportion|aurus-nsga2-apportion,cross,arbiter-aurus,28,25,1.0,0.64,0.96,0.96
mrs-nsga2-apportion|aurus-nsga2-apportion,ctrl_x,arbiter-aurus,28,28,0.8929,0.8214,0.7857,0.8214
mrs-nsga2-apportion|aurus-nsga2-apportion,ctrl_y,arbiter-aurus,28,24,0.4167,1.0,0.5833,0.875
mrs-nsga2-apportion|aurus-nsga2-apportion,cross,arbiter-aurus,29,24,0.7917,0.875,0.7917,0.875
mrs-nsga2-apportion|mrs-weighted,cross,arbiter-aurus,0,41,0.8049,1.0,0.6585,0.8537
mrs-nsga2-apportion|mrs-weighted,ctrl_x,arbiter-aurus,0,37,0.9189,0.8378,0.8919,0.7838
mrs-nsga2-apportion|mrs-weighted,ctrl_y,arbiter-aurus,0,76,0.8553,0.7237,0.5395,0.5526
mrs-nsga2-apportion|mrs-weighted,cross,arbiter-aurus,1,37,0.7838,0.973,0.5946,0.9189
mrs-nsga2-apportion|mrs-weighted,cross,arbiter-aurus,2,42,0.9286,0.9048,0.6905,1.0
mrs-nsga2-apportion|mrs-weighted,ctrl_x,arbiter-aurus,2,42,0.9048,0.7857,0.9524,0.6905
mrs-nsga2-apportion|mrs-weighted,ctrl_y,arbiter-aurus,2,86,0.8837,0.8605,0.6744,0.5349
mrs-nsga2-apportion|mrs-weighted,cross,arbiter-aurus,3,51,0.7647,0.9804,0.7059,0.9412
mrs-nsga2-apportion|mrs-weighted,cross,arbiter-aurus,4,39,0.6923,0.8974,0.5641,0.7692
mrs-nsga2-apportion|mrs-weighted,ctrl_x,arbiter-aurus,4,39,0.8462,0.9487,0.8205,0.9231
mrs-nsga2-apportion|mrs-weighted,ctrl_y,arbiter-aurus,4,48,0.8958,0.9167,0.8125,0.6875
mrs-nsga2-apportion|mrs-weighted,cross,arbiter-aurus,5,40,0.725,0.925,0.625,0.925
mrs-nsga2-apportion|mrs-weighted,cross,arbiter-aurus,6,36,0.8056,0.6944,0.9167,0.8056
mrs-nsga2-apportion|mrs-weighted,ctrl_x,arbiter-aurus,6,36,0.7222,0.8056,0.75,0.6389
mrs-nsga2-apportion|mrs-weighted,ctrl_y,arbiter-aurus,6,94,0.6064,0.8723,0.383,0.7447
mrs-nsga2-apportion|mrs-weighted,cross,arbiter-aurus,7,41,0.7561,0.9024,0.8049,0.9024
mrs-nsga2-apportion|mrs-weighted,cross,arbiter-aurus,8,35,1.0,0.6286,0.6286,0.9714
mrs-nsga2-apportion|mrs-weighted,ctrl_x,arbiter-aurus,8,28,1.0,0.9286,1.0,1.0
mrs-nsga2-apportion|mrs-weighted,ctrl_y,arbiter-aurus,8,78,0.8974,0.8205,0.5641,0.8462
mrs-nsga2-apportion|mrs-weighted,cross,arbiter-aurus,9,28,1.0,1.0,0.7143,0.8929
mrs-nsga2-apportion|mrs-weighted,cross,arbiter-aurus,10,26,0.8462,0.9231,0.6923,0.7308
mrs-nsga2-apportion|mrs-weighted,ctrl_x,arbiter-aurus,10,26,0.9231,0.9615,1.0,1.0
mrs-nsga2-apportion|mrs-weighted,ctrl_y,arbiter-aurus,10,76,0.9079,0.7632,0.6184,0.5132
mrs-nsga2-apportion|mrs-weighted,cross,arbiter-aurus,11,37,0.6486,0.7838,0.5405,0.9459
mrs-nsga2-apportion|mrs-weighted,cross,arbiter-aurus,12,42,0.9524,0.5,0.6667,0.5952
mrs-nsga2-apportion|mrs-weighted,ctrl_x,arbiter-aurus,12,42,0.8095,0.9048,0.7143,0.619
mrs-nsga2-apportion|mrs-weighted,ctrl_y,arbiter-aurus,12,110,0.7909,0.9545,0.7545,0.6727
mrs-nsga2-apportion|mrs-weighted,cross,arbiter-aurus,13,48,0.6667,0.9792,0.8958,0.9375
mrs-nsga2-apportion|mrs-weighted,cross,arbiter-aurus,14,56,0.8036,0.9821,0.625,0.9464
mrs-nsga2-apportion|mrs-weighted,ctrl_x,arbiter-aurus,14,35,0.6857,1.0,0.6,0.9429
mrs-nsga2-apportion|mrs-weighted,ctrl_y,arbiter-aurus,14,113,0.7611,0.8053,0.5575,0.8319
mrs-nsga2-apportion|mrs-weighted,cross,arbiter-aurus,15,35,1.0,0.9714,0.7429,0.6286
mrs-nsga2-apportion|mrs-weighted,cross,arbiter-aurus,16,45,0.7333,0.8444,1.0,0.9333
mrs-nsga2-apportion|mrs-weighted,ctrl_x,arbiter-aurus,16,44,0.9318,0.7727,0.9318,0.8182
mrs-nsga2-apportion|mrs-weighted,ctrl_y,arbiter-aurus,16,96,0.8438,0.7917,0.8125,0.6771
mrs-nsga2-apportion|mrs-weighted,cross,arbiter-aurus,17,44,0.8636,0.9318,0.7955,0.7955
mrs-nsga2-apportion|mrs-weighted,cross,arbiter-aurus,18,38,0.9474,1.0,0.8684,0.9737
mrs-nsga2-apportion|mrs-weighted,ctrl_x,arbiter-aurus,18,38,0.8947,0.8947,1.0,0.8158
mrs-nsga2-apportion|mrs-weighted,ctrl_y,arbiter-aurus,18,91,0.7582,0.8132,0.3956,0.5385
mrs-nsga2-apportion|mrs-weighted,cross,arbiter-aurus,19,41,0.7561,0.7805,0.4878,0.6829
mrs-nsga2-apportion|mrs-weighted,cross,arbiter-aurus,20,44,0.8182,0.9545,0.8636,1.0
mrs-nsga2-apportion|mrs-weighted,ctrl_x,arbiter-aurus,20,43,0.9302,0.3721,0.6977,0.6047
mrs-nsga2-apportion|mrs-weighted,ctrl_y,arbiter-aurus,20,86,0.9651,0.7674,0.5814,0.3256
mrs-nsga2-apportion|mrs-weighted,cross,arbiter-aurus,21,43,0.5814,0.814,0.7907,0.6279
mrs-nsga2-apportion|mrs-weighted,cross,arbiter-aurus,22,35,0.8571,0.9429,0.7143,0.7429
mrs-nsga2-apportion|mrs-weighted,ctrl_x,arbiter-aurus,22,32,0.6875,1.0,0.8125,0.9062
mrs-nsga2-apportion|mrs-weighted,ctrl_y,arbiter-aurus,22,58,0.9655,0.8276,0.8448,0.4655
mrs-nsga2-apportion|mrs-weighted,cross,arbiter-aurus,23,32,0.9688,0.6562,0.8438,0.9062
mrs-nsga2-apportion|mrs-weighted,cross,arbiter-aurus,24,36,0.75,0.8333,0.8333,0.9722
mrs-nsga2-apportion|mrs-weighted,ctrl_x,arbiter-aurus,24,36,0.9444,0.8333,0.9444,0.8611
mrs-nsga2-apportion|mrs-weighted,ctrl_y,arbiter-aurus,24,65,0.9538,0.7231,0.8615,0.6923
mrs-nsga2-apportion|mrs-weighted,cross,arbiter-aurus,25,40,0.975,0.8,0.675,0.825
mrs-nsga2-apportion|mrs-weighted,cross,arbiter-aurus,26,59,0.8305,0.8814,0.8644,0.9322
mrs-nsga2-apportion|mrs-weighted,ctrl_x,arbiter-aurus,26,38,0.9474,0.5789,0.5789,0.7895
mrs-nsga2-apportion|mrs-weighted,ctrl_y,arbiter-aurus,26,78,0.9615,0.7051,0.5641,0.5128
mrs-nsga2-apportion|mrs-weighted,cross,arbiter-aurus,27,38,0.9474,0.7368,0.8947,0.8421
mrs-nsga2-apportion|mrs-weighted,cross,arbiter-aurus,28,28,1.0,0.6429,0.8571,0.8571
mrs-nsga2-apportion|mrs-weighted,ctrl_x,arbiter-aurus,28,28,0.8929,0.8929,0.8214,0.7143
mrs-nsga2-apportion|mrs-weighted,ctrl_y,arbiter-aurus,28,81,0.7037,0.9136,0.5432,0.8395
mrs-nsga2-apportion|mrs-weighted,cross,arbiter-aurus,29,34,0.7059,0.9118,0.7647,1.0
aurus-nsga2-apportion|aurus,cross,arbiter-aurus,0,18,0.9444,0.6111,0.2778,0.8889
aurus-nsga2-apportion|aurus,ctrl_x,arbiter-aurus,0,18,1.0,0.9444,0.8333,0.9444
aurus-nsga2-apportion|aurus,ctrl_y,arbiter-aurus,0,33,0.5758,1.0,0.9697,0.9091
aurus-nsga2-apportion|aurus,cross,arbiter-aurus,1,18,0.7778,0.9444,0.6111,0.3889
aurus-nsga2-apportion|aurus,cross,arbiter-aurus,2,21,0.8571,1.0,0.5714,0.8571
aurus-nsga2-apportion|aurus,ctrl_x,arbiter-aurus,2,21,0.9524,1.0,0.9048,0.9524
aurus-nsga2-apportion|aurus,ctrl_y,arbiter-aurus,2,32,0.875,0.8438,0.7812,1.0
aurus-nsga2-apportion|aurus,cross,arbiter-aurus,3,27,0.7407,0.963,0.8148,0.2963
aurus-nsga2-apportion|aurus,cross,arbiter-aurus,4,31,0.9032,0.9677,0.8387,0.7742
aurus-nsga2-apportion|aurus,ctrl_x,arbiter-aurus,4,31,0.871,0.871,0.9677,1.0
aurus-nsga2-apportion|aurus,ctrl_y,arbiter-aurus,4,31,0.7742,0.8387,0.9677,1.0
aurus-nsga2-apportion|aurus,cross,arbiter-aurus,5,31,0.8065,0.8065,0.9677,0.3871
aurus-nsga2-apportion|aurus,cross,arbiter-aurus,6,23,1.0,0.913,0.3913,0.7391
aurus-nsga2-apportion|aurus,ctrl_x,arbiter-aurus,6,23,1.0,0.913,1.0,0.8696
aurus-nsga2-apportion|aurus,ctrl_y,arbiter-aurus,6,45,0.9333,0.5111,0.6444,0.6444
aurus-nsga2-apportion|aurus,cross,arbiter-aurus,7,32,0.9688,0.9375,0.5938,0.6875
aurus-nsga2-apportion|aurus,cross,arbiter-aurus,8,24,1.0,0.7083,0.7083,0.375
aurus-nsga2-apportion|aurus,ctrl_x,arbiter-aurus,8,24,1.0,0.7917,0.75,0.875
aurus-nsga2-apportion|aurus,ctrl_y,arbiter-aurus,8,39,0.6154,0.9487,0.5385,0.6667
aurus-nsga2-apportion|aurus,cross,arbiter-aurus,9,24,0.875,0.75,0.8333,0.4167
aurus-nsga2-apportion|aurus,cross,arbiter-aurus,10,34,0.9412,0.8235,1.0,0.4118
aurus-nsga2-apportion|aurus,ctrl_x,arbiter-aurus,10,29,0.8966,0.9655,0.931,0.8966
aurus-nsga2-apportion|aurus,ctrl_y,arbiter-aurus,10,30,0.9333,0.9,0.9667,0.9333
aurus-nsga2-apportion|aurus,cross,arbiter-aurus,11,29,0.8966,0.8621,0.6897,0.8966
aurus-nsga2-apportion|aurus,cross,arbiter-aurus,12,35,1.0,0.7429,0.6571,0.3429
aurus-nsga2-apportion|aurus,ctrl_x,arbiter-aurus,12,24,0.9167,0.9583,1.0,0.9583
aurus-nsga2-apportion|aurus,ctrl_y,arbiter-aurus,12,35,0.8571,0.6286,0.8571,0.8286
aurus-nsga2-apportion|aurus,cross,arbiter-aurus,13,24,0.7917,0.4167,0.8333,0.2917
aurus-nsga2-apportion|aurus,cross,arbiter-aurus,14,49,0.7755,0.8367,0.5306,0.4286
aurus-nsga2-apportion|aurus,ctrl_x,arbiter-aurus,14,35,0.9429,1.0,0.4,0.6
aurus-nsga2-apportion|aurus,ctrl_y,arbiter-aurus,14,25,0.96,0.52,0.92,0.96
aurus-nsga2-apportion|aurus,cross,arbiter-aurus,15,25,1.0,0.28,0.6,0.36
aurus-nsga2-apportion|aurus,cross,arbiter-aurus,16,31,0.871,0.5806,0.7742,0.7097
aurus-nsga2-apportion|aurus,ctrl_x,arbiter-aurus,16,31,0.9032,0.7419,1.0,1.0
aurus-nsga2-apportion|aurus,ctrl_y,arbiter-aurus,16,51,0.5686,0.8235,0.6667,0.6275
aurus-nsga2-apportion|aurus,cross,arbiter-aurus,17,31,0.7742,0.871,0.7097,0.8065
aurus-nsga2-apportion|aurus,cross,arbiter-aurus,18,18,1.0,0.3889,0.5,0.6667
aurus-nsga2-apportion|aurus,ctrl_x,arbiter-aurus,18,18,1.0,1.0,1.0,1.0
aurus-nsga2-apportion|aurus,ctrl_y,arbiter-aurus,18,39,0.8205,0.9487,1.0,0.9744
aurus-nsga2-apportion|aurus,cross,arbiter-aurus,19,39,0.8718,0.9231,0.6154,0.4615
aurus-nsga2-apportion|aurus,cross,arbiter-aurus,20,27,0.8889,0.963,0.4444,0.4074
aurus-nsga2-apportion|aurus,ctrl_x,arbiter-aurus,20,22,0.9091,0.8636,0.9545,0.6364
aurus-nsga2-apportion|aurus,ctrl_y,arbiter-aurus,20,27,0.8889,0.8889,0.963,0.7778
aurus-nsga2-apportion|aurus,cross,arbiter-aurus,21,22,0.6818,1.0,0.7727,0.4091
aurus-nsga2-apportion|aurus,cross,arbiter-aurus,22,36,0.9167,0.9444,0.6944,0.5
aurus-nsga2-apportion|aurus,ctrl_x,arbiter-aurus,22,25,0.96,0.96,1.0,0.96
aurus-nsga2-apportion|aurus,ctrl_y,arbiter-aurus,22,36,0.9722,0.8333,0.8611,0.8889
aurus-nsga2-apportion|aurus,cross,arbiter-aurus,23,25,1.0,0.92,0.8,0.48
aurus-nsga2-apportion|aurus,cross,arbiter-aurus,24,27,0.963,0.6667,0.9259,0.4444
aurus-nsga2-apportion|aurus,ctrl_x,arbiter-aurus,24,27,0.9259,0.8889,1.0,0.8519
aurus-nsga2-apportion|aurus,ctrl_y,arbiter-aurus,24,44,0.9091,0.8636,1.0,0.9545
aurus-nsga2-apportion|aurus,cross,arbiter-aurus,25,28,0.9643,0.7857,0.7143,0.5714
aurus-nsga2-apportion|aurus,cross,arbiter-aurus,26,42,0.881,0.8571,0.6429,0.381
aurus-nsga2-apportion|aurus,ctrl_x,arbiter-aurus,26,29,0.9655,0.8621,0.9655,0.7931
aurus-nsga2-apportion|aurus,ctrl_y,arbiter-aurus,26,41,0.9024,0.8293,0.8049,0.9512
aurus-nsga2-apportion|aurus,cross,arbiter-aurus,27,29,0.7931,0.7241,0.7241,0.2414
aurus-nsga2-apportion|aurus,cross,arbiter-aurus,28,25,0.48,0.96,0.52,0.96
aurus-nsga2-apportion|aurus,ctrl_x,arbiter-aurus,28,24,0.4167,1.0,0.625,0.875
aurus-nsga2-apportion|aurus,ctrl_y,arbiter-aurus,28,27,0.8148,0.8519,1.0,0.6296
aurus-nsga2-apportion|aurus,cross,arbiter-aurus,29,24,0.9583,1.0,0.7917,0.3333
mrs-nsga2-apportion|aurus,cross,detector-aurus,0,18,0.9444,0.8889,1.0,0.7778
mrs-nsga2-apportion|aurus,ctrl_x,detector-aurus,0,12,1.0,1.0,1.0,1.0
mrs-nsga2-apportion|aurus,ctrl_y,detector-aurus,0,21,1.0,0.9524,0.8571,1.0
mrs-nsga2-apportion|aurus,cross,detector-aurus,1,12,1.0,1.0,0.75,1.0
mrs-nsga2-apportion|aurus,cross,detector-aurus,2,17,0.9412,0.7647,0.8235,0.7647
mrs-nsga2-apportion|aurus,ctrl_x,detector-aurus,2,13,1.0,0.9231,1.0,1.0
mrs-nsga2-apportion|aurus,ctrl_y,detector-aurus,2,27,0.9259,0.9259,1.0,0.6296
mrs-nsga2-apportion|aurus,cross,detector-aurus,3,13,1.0,0.9231,1.0,1.0
mrs-nsga2-apportion|aurus,cross,detector-aurus,4,11,1.0,0.9091,0.5455,1.0
mrs-nsga2-apportion|aurus,ctrl_x,detector-aurus,4,11,0.9091,1.0,1.0,1.0
mrs-nsga2-apportion|aurus,ctrl_y,detector-aurus,4,21,0.9524,0.7143,1.0,0.8571
mrs-nsga2-apportion|aurus,cross,detector-aurus,5,24,1.0,0.875,0.6667,1.0
mrs-nsga2-apportion|aurus,cross,detector-aurus,6,32,0.8125,0.9688,0.7188,0.875
mrs-nsga2-apportion|aurus,ctrl_x,detector-aurus,6,32,0.875,0.9688,0.9375,1.0
mrs-nsga2-apportion|aurus,ctrl_y,detector-aurus,6,32,0.7812,0.9375,1.0,0.9375
mrs-nsga2-apportion|aurus,cross,detector-aurus,7,37,0.8108,0.8108,0.7027,0.8108
mrs-nsga2-apportion|aurus,cross,detector-aurus,8,12,1.0,0.9167,1.0,0.9167
mrs-nsga2-apportion|aurus,ctrl_x,detector-aurus,8,12,1.0,0.8333,0.9167,1.0
mrs-nsga2-apportion|aurus,ctrl_y,detector-aurus,8,31,0.8065,1.0,0.871,1.0
mrs-nsga2-apportion|aurus,cross,detector-aurus,9,14,0.8571,1.0,1.0,1.0
mrs-nsga2-apportion|aurus,cross,detector-aurus,10,21,0.6667,0.9524,0.8095,0.4762
mrs-nsga2-apportion|aurus,ctrl_x,detector-aurus,10,15,1.0,1.0,1.0,1.0
mrs-nsga2-apportion|aurus,ctrl_y,detector-aurus,10,23,0.9565,0.7826,0.6522,0.7391
mrs-nsga2-apportion|aurus,cross,detector-aurus,11,15,0.9333,1.0,1.0,0.9333
mrs-nsga2-apportion|aurus,cross,detector-aurus,12,25,1.0,0.96,1.0,1.0
mrs-nsga2-apportion|aurus,ctrl_x,detector-aurus,12,11,1.0,1.0,1.0,1.0
mrs-nsga2-apportion|aurus,ctrl_y,detector-aurus,12,11,1.0,1.0,1.0,1.0
mrs-nsga2-apportion|aurus,cross,detector-aurus,13,11,1.0,0.9091,0.9091,0.8182
mrs-nsga2-apportion|aurus,cross,detector-aurus,14,15,1.0,0.8667,0.6,0.8667
mrs-nsga2-apportion|aurus,ctrl_x,detector-aurus,14,12,1.0,1.0,1.0,1.0
mrs-nsga2-apportion|aurus,ctrl_y,detector-aurus,14,23,0.913,1.0,1.0,0.9565
mrs-nsga2-apportion|aurus,cross,detector-aurus,15,12,1.0,1.0,0.6667,1.0
mrs-nsga2-apportion|aurus,cross,detector-aurus,16,21,1.0,0.9524,1.0,0.9048
mrs-nsga2-apportion|aurus,ctrl_x,detector-aurus,16,21,0.8571,0.9048,0.9048,0.9048
mrs-nsga2-apportion|aurus,ctrl_y,detector-aurus,16,23,0.913,0.9565,1.0,1.0
mrs-nsga2-apportion|aurus,cross,detector-aurus,17,23,0.9565,0.7826,1.0,0.7391
mrs-nsga2-apportion|aurus,cross,detector-aurus,18,24,0.7917,0.9167,0.9167,0.875
mrs-nsga2-apportion|aurus,ctrl_x,detector-aurus,18,15,1.0,1.0,0.8667,1.0
mrs-nsga2-apportion|aurus,ctrl_y,detector-aurus,18,28,0.8929,0.8214,0.8929,0.7857
mrs-nsga2-apportion|aurus,cross,detector-aurus,19,15,1.0,1.0,1.0,1.0
mrs-nsga2-apportion|aurus,cross,detector-aurus,20,8,0.875,1.0,0.875,0.75
mrs-nsga2-apportion|aurus,ctrl_x,detector-aurus,20,8,0.875,1.0,1.0,1.0
mrs-nsga2-apportion|aurus,ctrl_y,detector-aurus,20,26,0.9615,0.8846,1.0,0.9615
mrs-nsga2-apportion|aurus,cross,detector-aurus,21,17,1.0,0.7647,1.0,0.6471
mrs-nsga2-apportion|aurus,cross,detector-aurus,22,17,1.0,0.8824,0.8824,0.8235
mrs-nsga2-apportion|aurus,ctrl_x,detector-aurus,22,19,0.8947,0.8947,1.0,1.0
mrs-nsga2-apportion|aurus,ctrl_y,detector-aurus,22,17,0.9412,1.0,0.7647,0.9412
mrs-nsga2-apportion|aurus,cross,detector-aurus,23,23,0.9565,0.9565,0.6087,0.9565
mrs-nsga2-apportion|aurus,cross,detector-aurus,24,23,0.913,0.913,0.9565,0.7826
mrs-nsga2-apportion|aurus,ctrl_x,detector-aurus,24,17,0.9412,1.0,0.9412,1.0
mrs-nsga2-apportion|aurus,ctrl_y,detector-aurus,24,39,0.8462,0.9231,0.6667,0.9231
mrs-nsga2-apportion|aurus,cross,detector-aurus,25,17,1.0,1.0,1.0,0.9412
mrs-nsga2-apportion|aurus,cross,detector-aurus,26,10,1.0,1.0,1.0,1.0
mrs-nsga2-apportion|aurus,ctrl_x,detector-aurus,26,10,1.0,1.0,1.0,1.0
mrs-nsga2-apportion|aurus,ctrl_y,detector-aurus,26,25,1.0,0.92,1.0,1.0
mrs-nsga2-apportion|aurus,cross,detector-aurus,27,22,1.0,0.9545,0.8636,1.0
mrs-nsga2-apportion|aurus,cross,detector-aurus,28,11,1.0,1.0,1.0,1.0
mrs-nsga2-apportion|aurus,ctrl_x,detector-aurus,28,10,1.0,0.9,1.0,1.0
mrs-nsga2-apportion|aurus,ctrl_y,detector-aurus,28,37,0.9459,0.8649,1.0,1.0
mrs-nsga2-apportion|aurus,cross,detector-aurus,29,10,1.0,1.0,1.0,1.0
mrs-nsga2-apportion|aurus-nsga2-apportion,cross,detector-aurus,0,14,0.7857,1.0,1.0,1.0
mrs-nsga2-apportion|aurus-nsga2-apportion,ctrl_x,detector-aurus,0,12,1.0,1.0,1.0,1.0
mrs-nsga2-apportion|aurus-nsga2-apportion,ctrl_y,detector-aurus,0,14,1.0,0.9286,1.0,1.0
mrs-nsga2-apportion|aurus-nsga2-apportion,cross,detector-aurus,1,12,1.0,1.0,1.0,1.0
mrs-nsga2-apportion|aurus-nsga2-apportion,cross,detector-aurus,2,14,1.0,1.0,1.0,1.0
mrs-nsga2-apportion|aurus-nsga2-apportion,ctrl_x,detector-aurus,2,13,1.0,0.9231,1.0,0.6923
mrs-nsga2-apportion|aurus-nsga2-apportion,ctrl_y,detector-aurus,2,14,1.0,1.0,1.0,1.0
mrs-nsga2-apportion|aurus-nsga2-apportion,cross,detector-aurus,3,13,1.0,1.0,1.0,1.0
mrs-nsga2-apportion|aurus-nsga2-apportion,cross,detector-aurus,4,11,0.9091,1.0,1.0,1.0
mrs-nsga2-apportion|aurus-nsga2-apportion,ctrl_x,detector-aurus,4,11,0.9091,1.0,1.0,1.0
mrs-nsga2-apportion|aurus-nsga2-apportion,ctrl_y,detector-aurus,4,11,1.0,1.0,0.9091,1.0
mrs-nsga2-apportion|aurus-nsga2-apportion,cross,detector-aurus,5,24,1.0,0.9583,1.0,1.0
mrs-nsga2-apportion|aurus-nsga2-apportion,cross,detector-aurus,6,19,0.8421,1.0,0.6842,1.0
mrs-nsga2-apportion|aurus-nsga2-apportion,ctrl_x,detector-aurus,6,32,0.875,0.875,0.9375,0.9688
mrs-nsga2-apportion|aurus-nsga2-apportion,ctrl_y,detector-aurus,6,16,1.0,0.9375,1.0,0.6875
mrs-nsga2-apportion|aurus-nsga2-apportion,cross,detector-aurus,7,16,1.0,1.0,1.0,0.9375
mrs-nsga2-apportion|aurus-nsga2-apportion,cross,detector-aurus,8,12,1.0,0.8333,1.0,1.0
mrs-nsga2-apportion|aurus-nsga2-apportion,ctrl_x,detector-aurus,8,12,1.0,0.8333,0.9167,1.0
mrs-nsga2-apportion|aurus-nsga2-apportion,ctrl_y,detector-aurus,8,12,1.0,1.0,1.0,0.6667
mrs-nsga2-apportion|aurus-nsga2-apportion,cross,detector-aurus,9,12,1.0,1.0,1.0,1.0
mrs-nsga2-apportion|aurus-nsga2-apportion,cross,detector-aurus,10,18,0.9444,0.8889,1.0,1.0
mrs-nsga2-apportion|aurus-nsga2-apportion,ctrl_x,detector-aurus,10,15,0.9333,1.0,1.0,1.0
mrs-nsga2-apportion|aurus-nsga2-apportion,ctrl_y,detector-aurus,10,8,1.0,1.0,1.0,1.0
mrs-nsga2-apportion|aurus-nsga2-apportion,cross,detector-aurus,11,8,1.0,1.0,1.0,1.0
mrs-nsga2-apportion|aurus-nsga2-apportion,cross,detector-aurus,12,19,1.0,1.0,1.0,1.0
mrs-nsga2-apportion|aurus-nsga2-apportion,ctrl_x,detector-aurus,12,11,1.0,1.0,1.0,1.0
mrs-nsga2-apportion|aurus-nsga2-apportion,ctrl_y,detector-aurus,12,18,1.0,1.0,1.0,1.0
mrs-nsga2-apportion|aurus-nsga2-apportion,cross,detector-aurus,13,11,1.0,1.0,1.0,1.0
mrs-nsga2-apportion|aurus-nsga2-apportion,cross,detector-aurus,14,15,1.0,1.0,1.0,1.0
mrs-nsga2-apportion|aurus-nsga2-apportion,ctrl_x,detector-aurus,14,12,1.0,1.0,1.0,1.0
mrs-nsga2-apportion|aurus-nsga2-apportion,ctrl_y,detector-aurus,14,13,1.0,1.0,1.0,1.0
mrs-nsga2-apportion|aurus-nsga2-apportion,cross,detector-aurus,15,12,1.0,0.9167,1.0,0.9167
mrs-nsga2-apportion|aurus-nsga2-apportion,cross,detector-aurus,16,21,1.0,0.8095,0.9524,1.0
mrs-nsga2-apportion|aurus-nsga2-apportion,ctrl_x,detector-aurus,16,21,0.8571,0.9048,0.9048,0.9048
mrs-nsga2-apportion|aurus-nsga2-apportion,ctrl_y,detector-aurus,16,24,0.7917,1.0,0.75,0.7917
mrs-nsga2-apportion|aurus-nsga2-apportion,cross,detector-aurus,17,26,0.9615,0.8846,0.7308,0.9615
mrs-nsga2-apportion|aurus-nsga2-apportion,cross,detector-aurus,18,13,0.9231,1.0,1.0,1.0
mrs-nsga2-apportion|aurus-nsga2-apportion,ctrl_x,detector-aurus,18,15,0.8667,1.0,1.0,1.0
mrs-nsga2-apportion|aurus-nsga2-apportion,ctrl_y,detector-aurus,18,13,1.0,1.0,1.0,1.0
mrs-nsga2-apportion|aurus-nsga2-apportion,cross,detector-aurus,19,15,1.0,1.0,1.0,1.0
mrs-nsga2-apportion|aurus-nsga2-apportion,cross,detector-aurus,20,8,1.0,1.0,1.0,1.0
mrs-nsga2-apportion|aurus-nsga2-apportion,ctrl_x,detector-aurus,20,8,0.875,1.0,1.0,1.0
mrs-nsga2-apportion|aurus-nsga2-apportion,ctrl_y,detector-aurus,20,11,1.0,1.0,1.0,1.0
mrs-nsga2-apportion|aurus-nsga2-apportion,cross,detector-aurus,21,17,1.0,0.8235,0.9412,0.7059
mrs-nsga2-apportion|aurus-nsga2-apportion,cross,detector-aurus,22,18,0.9444,1.0,0.7222,0.5556
mrs-nsga2-apportion|aurus-nsga2-apportion,ctrl_x,detector-aurus,22,19,0.8947,0.8947,1.0,0.9474
mrs-nsga2-apportion|aurus-nsga2-apportion,ctrl_y,detector-aurus,22,18,1.0,0.9444,0.7222,0.8333
mrs-nsga2-apportion|aurus-nsga2-apportion,cross,detector-aurus,23,22,0.9545,1.0,0.8182,0.7727
mrs-nsga2-apportion|aurus-nsga2-apportion,cross,detector-aurus,24,13,1.0,1.0,1.0,1.0
mrs-nsga2-apportion|aurus-nsga2-apportion,ctrl_x,detector-aurus,24,17,0.8235,1.0,1.0,1.0
mrs-nsga2-apportion|aurus-nsga2-apportion,ctrl_y,detector-aurus,24,13,0.8462,0.9231,1.0,0.9231
mrs-nsga2-apportion|aurus-nsga2-apportion,cross,detector-aurus,25,17,1.0,0.8824,0.7647,0.7647
mrs-nsga2-apportion|aurus-nsga2-apportion,cross,detector-aurus,26,10,1.0,1.0,1.0,1.0
mrs-nsga2-apportion|aurus-nsga2-apportion,ctrl_x,detector-aurus,26,10,1.0,1.0,1.0,1.0
mrs-nsga2-apportion|aurus-nsga2-apportion,ctrl_y,detector-aurus,26,8,1.0,1.0,1.0,1.0
mrs-nsga2-apportion|aurus-nsga2-apportion,cross,detector-aurus,27,8,1.0,1.0,1.0,1.0
mrs-nsga2-apportion|aurus-nsga2-apportion,cross,detector-aurus,28,11,1.0,1.0,1.0,0.9091
mrs-nsga2-apportion|aurus-nsga2-apportion,ctrl_x,detector-aurus,28,10,1.0,0.9,1.0,1.0
mrs-nsga2-apportion|aurus-nsga2-apportion,ctrl_y,detector-aurus,28,8,0.875,1.0,1.0,1.0
mrs-nsga2-apportion|aurus-nsga2-apportion,cross,detector-aurus,29,8,1.0,1.0,1.0,1.0
mrs-nsga2-apportion|mrs-weighted,cross,detector-aurus,0,18,0.8889,0.9444,0.9444,0.6111
mrs-nsga2-apportion|mrs-weighted,ctrl_x,detector-aurus,0,12,1.0,1.0,1.0,1.0
mrs-nsga2-apportion|mrs-weighted,ctrl_y,detector-aurus,0,24,0.9167,0.8333,1.0,0.75
mrs-nsga2-apportion|mrs-weighted,cross,detector-aurus,1,12,1.0,0.9167,1.0,0.9167
mrs-nsga2-apportion|mrs-weighted,cross,detector-aurus,2,17,0.8235,1.0,1.0,1.0
mrs-nsga2-apportion|mrs-weighted,ctrl_x,detector-aurus,2,13,1.0,0.9231,1.0,1.0
mrs-nsga2-apportion|mrs-weighted,ctrl_y,detector-aurus,2,35,1.0,0.8857,0.6857,1.0
mrs-nsga2-apportion|mrs-weighted,cross,detector-aurus,3,13,0.9231,1.0,1.0,1.0
mrs-nsga2-apportion|mrs-weighted,cross,detector-aurus,4,11,1.0,1.0,1.0,1.0
mrs-nsga2-apportion|mrs-weighted,ctrl_x,detector-aurus,4,11,0.9091,1.0,1.0,1.0
mrs-nsga2-apportion|mrs-weighted,ctrl_y,detector-aurus,4,23,1.0,1.0,1.0,0.913
mrs-nsga2-apportion|mrs-weighted,cross,detector-aurus,5,24,0.8333,1.0,0.875,0.9167
mrs-nsga2-apportion|mrs-weighted,cross,detector-aurus,6,32,0.5625,0.8438,0.6875,0.75
mrs-nsga2-apportion|mrs-weighted,ctrl_x,detector-aurus,6,32,0.875,0.875,0.9375,0.9688
mrs-nsga2-apportion|mrs-weighted,ctrl_y,detector-aurus,6,33,0.7879,0.3636,0.5758,0.7273
mrs-nsga2-apportion|mrs-weighted,cross,detector-aurus,7,37,0.4324,0.9459,0.4324,0.5405
mrs-nsga2-apportion|mrs-weighted,cross,detector-aurus,8,12,1.0,0.75,1.0,1.0
mrs-nsga2-apportion|mrs-weighted,ctrl_x,detector-aurus,8,12,1.0,0.8333,0.9167,1.0
mrs-nsga2-apportion|mrs-weighted,ctrl_y,detector-aurus,8,31,0.9677,0.7097,1.0,0.9677
mrs-nsga2-apportion|mrs-weighted,cross,detector-aurus,9,14,0.8571,1.0,1.0,0.9286
mrs-nsga2-apportion|mrs-weighted,cross,detector-aurus,10,21,0.619,0.9524,0.4762,1.0
mrs-nsga2-apportion|mrs-weighted,ctrl_x,detector-aurus,10,15,1.0,1.0,1.0,1.0
mrs-nsga2-apportion|mrs-weighted,ctrl_y,detector-aurus,10,18,0.8889,0.9444,1.0,1.0
mrs-nsga2-apportion|mrs-weighted,cross,detector-aurus,11,15,0.8,1.0,1.0,1.0
mrs-nsga2-apportion|mrs-weighted,cross,detector-aurus,12,25,0.92,0.96,1.0,0.88
mrs-nsga2-apportion|mrs-weighted,ctrl_x,detector-aurus,12,11,1.0,1.0,1.0,1.0
mrs-nsga2-apportion|mrs-weighted,ctrl_y,detector-aurus,12,30,0.9,0.9667,0.8333,0.9667
mrs-nsga2-apportion|mrs-weighted,cross,detector-aurus,13,11,1.0,0.9091,1.0,1.0
mrs-nsga2-apportion|mrs-weighted,cross,detector-aurus,14,15,0.8667,1.0,1.0,0.9333
mrs-nsga2-apportion|mrs-weighted,ctrl_x,detector-aurus,14,12,1.0,1.0,1.0,1.0
mrs-nsga2-apportion|mrs-weighted,ctrl_y,detector-aurus,14,58,0.931,0.931,1.0,1.0
mrs-nsga2-apportion|mrs-weighted,cross,detector-aurus,15,12,1.0,0.9167,1.0,1.0
mrs-nsga2-apportion|mrs-weighted,cross,detector-aurus,16,21,1.0,0.3333,0.4762,0.8095
mrs-nsga2-apportion|mrs-weighted,ctrl_x,detector-aurus,16,21,0.8571,0.9048,0.9048,0.9048
mrs-nsga2-apportion|mrs-weighted,ctrl_y,detector-aurus,16,23,0.8696,0.9565,0.913,0.9565
mrs-nsga2-apportion|mrs-weighted,cross,detector-aurus,17,23,0.8696,0.913,0.6522,0.8696
mrs-nsga2-apportion|mrs-weighted,cross,detector-aurus,18,24,0.4583,0.9583,0.2917,1.0
mrs-nsga2-apportion|mrs-weighted,ctrl_x,detector-aurus,18,15,1.0,1.0,0.8667,1.0
mrs-nsga2-apportion|mrs-weighted,ctrl_y,detector-aurus,18,35,0.8857,0.8,0.8,0.6571
mrs-nsga2-apportion|mrs-weighted,cross,detector-aurus,19,15,1.0,1.0,1.0,0.9333
mrs-nsga2-apportion|mrs-weighted,cross,detector-aurus,20,8,0.875,0.75,1.0,1.0
mrs-nsga2-apportion|mrs-weighted,ctrl_x,detector-aurus,20,8,0.875,1.0,1.0,1.0
mrs-nsga2-apportion|mrs-weighted,ctrl_y,detector-aurus,20,24,0.9167,0.9583,1.0,0.7917
mrs-nsga2-apportion|mrs-weighted,cross,detector-aurus,21,17,1.0,0.8824,0.8235,0.5882
mrs-nsga2-apportion|mrs-weighted,cross,detector-aurus,22,19,0.7895,1.0,1.0,0.7368
mrs-nsga2-apportion|mrs-weighted,ctrl_x,detector-aurus,22,19,0.8947,0.8421,1.0,0.9474
mrs-nsga2-apportion|mrs-weighted,ctrl_y,detector-aurus,22,27,1.0,0.5185,1.0,0.5556
mrs-nsga2-apportion|mrs-weighted,cross,detector-aurus,23,23,0.913,1.0,1.0,0.7826
mrs-nsga2-apportion|mrs-weighted,cross,detector-aurus,24,23,0.8261,1.0,0.9565,0.9565
mrs-nsga2-apportion|mrs-weighted,ctrl_x,detector-aurus,24,17,0.9412,1.0,0.9412,1.0
mrs-nsga2-apportion|mrs-weighted,ctrl_y,detector-aurus,24,31,0.9355,1.0,1.0,0.9677
mrs-nsga2-apportion|mrs-weighted,cross,detector-aurus,25,17,0.8824,1.0,1.0,0.8824
mrs-nsga2-apportion|mrs-weighted,cross,detector-aurus,26,10,1.0,1.0,1.0,1.0
mrs-nsga2-apportion|mrs-weighted,ctrl_x,detector-aurus,26,10,1.0,1.0,1.0,1.0
mrs-nsga2-apportion|mrs-weighted,ctrl_y,detector-aurus,26,18,0.9444,0.9444,0.9444,0.6667
mrs-nsga2-apportion|mrs-weighted,cross,detector-aurus,27,22,0.9545,1.0,0.6364,0.7727
mrs-nsga2-apportion|mrs-weighted,cross,detector-aurus,28,11,1.0,1.0,1.0,1.0
mrs-nsga2-apportion|mrs-weighted,ctrl_x,detector-aurus,28,10,1.0,0.9,1.0,1.0
mrs-nsga2-apportion|mrs-weighted,ctrl_y,detector-aurus,28,31,1.0,0.9355,1.0,0.9355
mrs-nsga2-apportion|mrs-weighted,cross,detector-aurus,29,10,1.0,0.9,1.0,1.0
aurus-nsga2-apportion|aurus,cross,detector-aurus,0,14,1.0,1.0,0.9286,1.0
aurus-nsga2-apportion|aurus,ctrl_x,detector-aurus,0,14,1.0,0.5,1.0,1.0
aurus-nsga2-apportion|aurus,ctrl_y,detector-aurus,0,21,1.0,0.9524,0.9524,1.0
aurus-nsga2-apportion|aurus,cross,detector-aurus,1,21,0.6667,0.9524,0.619,0.9524
aurus-nsga2-apportion|aurus,cross,detector-aurus,2,14,0.9286,0.9286,1.0,1.0
aurus-nsga2-apportion|aurus,ctrl_x,detector-aurus,2,14,1.0,1.0,1.0,1.0
aurus-nsga2-apportion|aurus,ctrl_y,detector-aurus,2,27,0.9259,0.8889,0.8889,0.963
aurus-nsga2-apportion|aurus,cross,detector-aurus,3,18,1.0,1.0,0.9444,1.0
aurus-nsga2-apportion|aurus,cross,detector-aurus,4,11,1.0,0.8182,1.0,1.0
aurus-nsga2-apportion|aurus,ctrl_x,detector-aurus,4,11,1.0,1.0,1.0,1.0
aurus-nsga2-apportion|aurus,ctrl_y,detector-aurus,4,21,0.9524,0.7143,1.0,0.8571
aurus-nsga2-apportion|aurus,cross,detector-aurus,5,25,1.0,0.92,0.72,1.0
aurus-nsga2-apportion|aurus,cross,detector-aurus,6,19,1.0,0.8421,1.0,0.9474
aurus-nsga2-apportion|aurus,ctrl_x,detector-aurus,6,16,1.0,1.0,1.0,0.8125
aurus-nsga2-apportion|aurus,ctrl_y,detector-aurus,6,32,0.7812,0.9375,1.0,1.0
aurus-nsga2-apportion|aurus,cross,detector-aurus,7,16,1.0,0.8125,0.875,1.0
aurus-nsga2-apportion|aurus,cross,detector-aurus,8,20,1.0,0.95,1.0,1.0
aurus-nsga2-apportion|aurus,ctrl_x,detector-aurus,8,12,1.0,1.0,1.0,0.6667
aurus-nsga2-apportion|aurus,ctrl_y,detector-aurus,8,31,0.8065,1.0,0.9677,1.0
aurus-nsga2-apportion|aurus,cross,detector-aurus,9,12,1.0,0.9167,0.9167,1.0
aurus-nsga2-apportion|aurus,cross,detector-aurus,10,18,0.8333,1.0,0.6111,0.9444
aurus-nsga2-apportion|aurus,ctrl_x,detector-aurus,10,8,1.0,1.0,1.0,1.0
aurus-nsga2-apportion|aurus,ctrl_y,detector-aurus,10,23,0.9565,0.913,0.3913,0.7391
aurus-nsga2-apportion|aurus,cross,detector-aurus,11,8,1.0,1.0,1.0,1.0
aurus-nsga2-apportion|aurus,cross,detector-aurus,12,19,1.0,0.9474,1.0,0.6842
aurus-nsga2-apportion|aurus,ctrl_x,detector-aurus,12,18,1.0,1.0,1.0,1.0
aurus-nsga2-apportion|aurus,ctrl_y,detector-aurus,12,11,1.0,1.0,1.0,1.0
aurus-nsga2-apportion|aurus,cross,detector-aurus,13,11,1.0,1.0,1.0,1.0
aurus-nsga2-apportion|aurus,cross,detector-aurus,14,16,1.0,0.9375,1.0,1.0
aurus-nsga2-apportion|aurus,ctrl_x,detector-aurus,14,13,1.0,1.0,1.0,1.0
aurus-nsga2-apportion|aurus,ctrl_y,detector-aurus,14,23,0.913,1.0,1.0,1.0
aurus-nsga2-apportion|aurus,cross,detector-aurus,15,13,1.0,1.0,1.0,0.9231
aurus-nsga2-apportion|aurus,cross,detector-aurus,16,24,0.9167,0.9583,0.7917,1.0
aurus-nsga2-apportion|aurus,ctrl_x,detector-aurus,16,24,0.8333,1.0,0.7917,0.8333
aurus-nsga2-apportion|aurus,ctrl_y,detector-aurus,16,23,0.9565,1.0,1.0,1.0
aurus-nsga2-apportion|aurus,cross,detector-aurus,17,23,0.9565,1.0,0.913,1.0
aurus-nsga2-apportion|aurus,cross,detector-aurus,18,13,1.0,0.8462,1.0,1.0
aurus-nsga2-apportion|aurus,ctrl_x,detector-aurus,18,13,1.0,1.0,1.0,1.0
aurus-nsga2-apportion|aurus,ctrl_y,detector-aurus,18,28,0.8929,0.9643,0.8929,0.8214
aurus-nsga2-apportion|aurus,cross,detector-aurus,19,17,1.0,0.5882,1.0,0.7647
aurus-nsga2-apportion|aurus,cross,detector-aurus,20,11,1.0,1.0,1.0,1.0
aurus-nsga2-apportion|aurus,ctrl_x,detector-aurus,20,11,1.0,0.8182,1.0,1.0
aurus-nsga2-apportion|aurus,ctrl_y,detector-aurus,20,26,0.9615,0.8462,0.9615,0.9615
aurus-nsga2-apportion|aurus,cross,detector-aurus,21,24,0.9583,0.875,1.0,1.0
aurus-nsga2-apportion|aurus,cross,detector-aurus,22,17,1.0,0.8235,1.0,0.9412
aurus-nsga2-apportion|aurus,ctrl_x,detector-aurus,22,18,0.9444,0.7222,0.7778,0.9444
aurus-nsga2-apportion|aurus,ctrl_y,detector-aurus,22,17,1.0,1.0,0.7059,1.0
aurus-nsga2-apportion|aurus,cross,detector-aurus,23,22,0.8636,0.9091,1.0,0.9545
aurus-nsga2-apportion|aurus,cross,detector-aurus,24,13,1.0,1.0,1.0,0.9231
aurus-nsga2-apportion|aurus,ctrl_x,detector-aurus,24,13,0.8462,1.0,1.0,1.0
aurus-nsga2-apportion|aurus,ctrl_y,detector-aurus,24,39,0.8462,0.9231,0.6667,0.9231
aurus-nsga2-apportion|aurus,cross,detector-aurus,25,39,0.9487,0.8205,0.4359,0.8974
aurus-nsga2-apportion|aurus,cross,detector-aurus,26,18,1.0,0.9444,0.8333,0.8889
aurus-nsga2-apportion|aurus,ctrl_x,detector-aurus,26,8,1.0,1.0,1.0,1.0
aurus-nsga2-apportion|aurus,ctrl_y,detector-aurus,26,25,1.0,0.84,1.0,1.0
aurus-nsga2-apportion|aurus,cross,detector-aurus,27,8,1.0,1.0,1.0,1.0
aurus-nsga2-apportion|aurus,cross,detector-aurus,28,15,1.0,1.0,0.9333,1.0
aurus-nsga2-apportion|aurus,ctrl_x,detector-aurus,28,8,1.0,1.0,1.0,1.0
aurus-nsga2-apportion|aurus,ctrl_y,detector-aurus,28,37,0.9189,0.8649,1.0,1.0
aurus-nsga2-apportion|aurus,cross,detector-aurus,29,8,1.0,1.0,1.0,1.0
mrs-nsga2-apportion|aurus,ctrl_x,full-arbiter-aurus,0,10,1.0,1.0,1.0,0.4
mrs-nsga2-apportion|aurus,ctrl_x,full-arbiter-aurus,4,10,0.9,1.0,1.0,1.0
mrs-nsga2-apportion|aurus,ctrl_x,full-arbiter-aurus,6,14,1.0,0.7857,1.0,0.9286
mrs-nsga2-apportion|aurus,ctrl_x,full-arbiter-aurus,8,16,1.0,0.875,1.0,0.4375
mrs-nsga2-apportion|aurus,ctrl_x,full-arbiter-aurus,10,21,1.0,0.7619,0.4286,0.2857
mrs-nsga2-apportion|aurus,ctrl_x,full-arbiter-aurus,14,12,1.0,1.0,0.3333,0.3333
mrs-nsga2-apportion|aurus,ctrl_x,full-arbiter-aurus,16,18,0.9444,0.7222,1.0,0.7778
mrs-nsga2-apportion|aurus,ctrl_x,full-arbiter-aurus,18,13,0.2308,1.0,0.5385,0.2308
mrs-nsga2-apportion|aurus,ctrl_x,full-arbiter-aurus,20,6,1.0,1.0,1.0,1.0
mrs-nsga2-apportion|aurus,ctrl_x,full-arbiter-aurus,22,14,1.0,0.8571,0.4286,1.0
mrs-nsga2-apportion|aurus,ctrl_x,full-arbiter-aurus,24,14,0.9286,1.0,0.4286,0.8571
mrs-nsga2-apportion|aurus,ctrl_x,full-arbiter-aurus,26,17,1.0,1.0,0.9412,1.0
mrs-nsga2-apportion|aurus,ctrl_x,full-arbiter-aurus,28,22,0.9545,1.0,1.0,0.5909
mrs-nsga2-apportion|aurus-nsga2-apportion,ctrl_x,full-arbiter-aurus,0,10,1.0,1.0,1.0,0.4
mrs-nsga2-apportion|aurus-nsga2-apportion,cross,full-arbiter-aurus,2,9,1.0,1.0,1.0,1.0
mrs-nsga2-apportion|aurus-nsga2-apportion,ctrl_y,full-arbiter-aurus,2,6,1.0,0.1667,1.0,0.5
mrs-nsga2-apportion|aurus-nsga2-apportion,ctrl_x,full-arbiter-aurus,4,10,0.9,1.0,1.0,1.0
mrs-nsga2-apportion|aurus-nsga2-apportion,ctrl_x,full-arbiter-aurus,6,14,1.0,0.7857,1.0,0.9286
mrs-nsga2-apportion|aurus-nsga2-apportion,ctrl_x,full-arbiter-aurus,8,16,1.0,0.875,1.0,0.4375
mrs-nsga2-apportion|aurus-nsga2-apportion,cross,full-arbiter-aurus,10,8,1.0,1.0,1.0,1.0
mrs-nsga2-apportion|aurus-nsga2-apportion,ctrl_x,full-arbiter-aurus,10,21,1.0,0.7619,0.4762,0.3333
mrs-nsga2-apportion|aurus-nsga2-apportion,ctrl_y,full-arbiter-aurus,10,8,1.0,1.0,1.0,1.0
mrs-nsga2-apportion|aurus-nsga2-apportion,cross,full-arbiter-aurus,11,11,1.0,1.0,1.0,1.0
mrs-nsga2-apportion|aurus-nsga2-apportion,ctrl_x,full-arbiter-aurus,14,12,1.0,1.0,0.3333,0.3333
mrs-nsga2-apportion|aurus-nsga2-apportion,cross,full-arbiter-aurus,15,6,1.0,1.0,1.0,1.0
mrs-nsga2-apportion|aurus-nsga2-apportion,cross,full-arbiter-aurus,16,8,1.0,1.0,1.0,1.0
mrs-nsga2-apportion|aurus-nsga2-apportion,ctrl_x,full-arbiter-aurus,16,18,1.0,0.7222,1.0,0.7778
mrs-nsga2-apportion|aurus-nsga2-apportion,cross,full-arbiter-aurus,18,6,1.0,1.0,1.0,1.0
mrs-nsga2-apportion|aurus-nsga2-apportion,ctrl_x,full-arbiter-aurus,18,13,1.0,0.9231,0.5385,0.6154
mrs-nsga2-apportion|aurus-nsga2-apportion,ctrl_x,full-arbiter-aurus,20,6,1.0,1.0,1.0,1.0
mrs-nsga2-apportion|aurus-nsga2-apportion,ctrl_x,full-arbiter-aurus,22,14,1.0,0.8571,0.4286,1.0
mrs-nsga2-apportion|aurus-nsga2-apportion,cross,full-arbiter-aurus,23,8,1.0,1.0,1.0,1.0
mrs-nsga2-apportion|aurus-nsga2-apportion,cross,full-arbiter-aurus,24,31,0.7419,1.0,0.6129,0.5484
mrs-nsga2-apportion|aurus-nsga2-apportion,ctrl_x,full-arbiter-aurus,24,14,0.9286,1.0,1.0,0.8571
mrs-nsga2-apportion|aurus-nsga2-apportion,ctrl_y,full-arbiter-aurus,24,14,1.0,1.0,0.7143,0.2857
mrs-nsga2-apportion|aurus-nsga2-apportion,cross,full-arbiter-aurus,25,14,1.0,1.0,0.5714,0.2143
mrs-nsga2-apportion|aurus-nsga2-apportion,ctrl_x,full-arbiter-aurus,26,17,1.0,1.0,0.9412,1.0
mrs-nsga2-apportion|aurus-nsga2-apportion,cross,full-arbiter-aurus,28,9,1.0,1.0,1.0,1.0
mrs-nsga2-apportion|aurus-nsga2-apportion,ctrl_x,full-arbiter-aurus,28,22,0.9545,1.0,1.0,0.9091
mrs-nsga2-apportion|aurus-nsga2-apportion,ctrl_y,full-arbiter-aurus,28,8,1.0,1.0,1.0,0.875
mrs-nsga2-apportion|aurus-nsga2-apportion,cross,full-arbiter-aurus,29,8,1.0,1.0,0.75,0.875
mrs-nsga2-apportion|mrs-weighted,ctrl_x,full-arbiter-aurus,0,10,1.0,1.0,1.0,0.4
mrs-nsga2-apportion|mrs-weighted,ctrl_x,full-arbiter-aurus,4,10,0.9,1.0,1.0,1.0
mrs-nsga2-apportion|mrs-weighted,cross,full-arbiter-aurus,5,10,1.0,1.0,1.0,1.0
mrs-nsga2-apportion|mrs-weighted,cross,full-arbiter-aurus,6,8,1.0,0.875,1.0,1.0
mrs-nsga2-apportion|mrs-weighted,ctrl_x,full-arbiter-aurus,6,14,1.0,0.7857,1.0,0.5714
mrs-nsga2-apportion|mrs-weighted,ctrl_y,full-arbiter-aurus,6,6,1.0,1.0,1.0,1.0
mrs-nsga2-apportion|mrs-weighted,cross,full-arbiter-aurus,7,6,0.8333,1.0,1.0,1.0
mrs-nsga2-apportion|mrs-weighted,ctrl_x,full-arbiter-aurus,8,16,1.0,0.875,1.0,0.4375
mrs-nsga2-apportion|mrs-weighted,cross,full-arbiter-aurus,10,6,1.0,1.0,1.0,1.0
mrs-nsga2-apportion|mrs-weighted,ctrl_x,full-arbiter-aurus,10,21,0.6667,0.7143,0.5714,0.3333
mrs-nsga2-apportion|mrs-weighted,ctrl_y,full-arbiter-aurus,12,21,0.619,0.9524,0.3333,0.9048
mrs-nsga2-apportion|mrs-weighted,cross,full-arbiter-aurus,13,21,0.4762,1.0,0.4286,0.7619
mrs-nsga2-apportion|mrs-weighted,cross,full-arbiter-aurus,14,27,1.0,0.963,0.4444,0.4815
mrs-nsga2-apportion|mrs-weighted,ctrl_x,full-arbiter-aurus,14,12,1.0,1.0,0.5,0.75
mrs-nsga2-apportion|mrs-weighted,ctrl_y,full-arbiter-aurus,14,21,0.8095,1.0,0.4762,0.2381
mrs-nsga2-apportion|mrs-weighted,cross,full-arbiter-aurus,15,12,1.0,1.0,0.4167,0.4167
mrs-nsga2-apportion|mrs-weighted,ctrl_x,full-arbiter-aurus,16,18,0.9444,0.7222,1.0,0.7778
mrs-nsga2-apportion|mrs-weighted,ctrl_x,full-arbiter-aurus,18,13,0.2308,1.0,0.5385,0.2308
mrs-nsga2-apportion|mrs-weighted,cross,full-arbiter-aurus,19,7,1.0,1.0,1.0,1.0
mrs-nsga2-apportion|mrs-weighted,ctrl_x,full-arbiter-aurus,20,6,1.0,1.0,1.0,1.0
mrs-nsga2-apportion|mrs-weighted,cross,full-arbiter-aurus,22,14,1.0,0.7143,0.8571,0.7143
mrs-nsga2-apportion|mrs-weighted,ctrl_x,full-arbiter-aurus,22,14,1.0,0.7143,0.4286,0.7857
mrs-nsga2-apportion|mrs-weighted,ctrl_y,full-arbiter-aurus,22,15,1.0,0.4667,0.6667,0.2667
mrs-nsga2-apportion|mrs-weighted,cross,full-arbiter-aurus,23,16,0.9375,0.3125,0.6875,0.125
mrs-nsga2-apportion|mrs-weighted,ctrl_x,full-arbiter-aurus,24,14,0.9286,1.0,0.4286,0.8571
mrs-nsga2-apportion|mrs-weighted,cross,full-arbiter-aurus,25,9,1.0,0.8889,1.0,0.2222
mrs-nsga2-apportion|mrs-weighted,ctrl_x,full-arbiter-aurus,26,17,1.0,1.0,0.9412,1.0
mrs-nsga2-apportion|mrs-weighted,ctrl_x,full-arbiter-aurus,28,22,0.9545,1.0,1.0,0.5909
aurus-nsga2-apportion|aurus,ctrl_x,full-arbiter-aurus,2,6,1.0,0.3333,1.0,1.0
aurus-nsga2-apportion|aurus,ctrl_x,full-arbiter-aurus,10,8,1.0,1.0,1.0,1.0
aurus-nsga2-apportion|aurus,ctrl_x,full-arbiter-aurus,24,14,1.0,1.0,0.6429,0.2857
aurus-nsga2-apportion|aurus,ctrl_x,full-arbiter-aurus,28,8,0.875,1.0,1.0,0.875
mrs-nsga2-apportion|aurus,cross,gyro-var1,0,27,1.0,0.6296,1.0,0.4074
mrs-nsga2-apportion|aurus,ctrl_x,gyro-var1,0,23,0.7826,0.8696,0.9565,0.7826
mrs-nsga2-apportion|aurus,ctrl_y,gyro-var1,0,30,0.7667,0.9667,1.0,0.9333
mrs-nsga2-apportion|aurus,cross,gyro-var1,1,23,1.0,0.913,0.7391,0.3913
mrs-nsga2-apportion|aurus,cross,gyro-var1,2,38,0.9211,0.6316,0.6053,0.5263
mrs-nsga2-apportion|aurus,ctrl_x,gyro-var1,2,30,0.9,0.8333,1.0,1.0
mrs-nsga2-apportion|aurus,ctrl_y,gyro-var1,2,45,0.8889,0.8667,1.0,0.8889
mrs-nsga2-apportion|aurus,cross,gyro-var1,3,30,0.8667,0.9,0.5,0.4
mrs-nsga2-apportion|aurus,cross,gyro-var1,4,27,0.963,0.6296,0.9259,0.2222
mrs-nsga2-apportion|aurus,ctrl_x,gyro-var1,4,26,0.8846,0.8077,1.0,1.0
mrs-nsga2-apportion|aurus,ctrl_y,gyro-var1,4,55,0.9091,0.7636,0.7636,0.6545
mrs-nsga2-apportion|aurus,cross,gyro-var1,5,26,1.0,0.8846,0.5769,0.8846
mrs-nsga2-apportion|aurus,cross,gyro-var1,6,26,0.8462,0.7692,0.3846,0.3846
mrs-nsga2-apportion|aurus,ctrl_x,gyro-var1,6,17,0.8824,0.8235,1.0,1.0
mrs-nsga2-apportion|aurus,ctrl_y,gyro-var1,6,48,0.9583,0.9167,1.0,0.875
mrs-nsga2-apportion|aurus,cross,gyro-var1,7,17,0.7647,0.7059,0.2941,0.4118
mrs-nsga2-apportion|aurus,cross,gyro-var1,8,22,0.9091,0.1364,0.0909,0.8182
mrs-nsga2-apportion|aurus,ctrl_x,gyro-var1,8,22,0.7273,0.8182,1.0,1.0
mrs-nsga2-apportion|aurus,ctrl_y,gyro-var1,8,49,0.8571,0.9388,0.9592,0.9388
mrs-nsga2-apportion|aurus,cross,gyro-var1,9,24,0.9583,0.7083,0.9167,0.9167
mrs-nsga2-apportion|aurus,cross,gyro-var1,10,22,0.9545,0.7273,0.9091,0.5455
mrs-nsga2-apportion|aurus,ctrl_x,gyro-var1,10,22,0.9091,0.7727,1.0,0.5909
mrs-nsga2-apportion|aurus,ctrl_y,gyro-var1,10,58,0.9138,0.6034,0.8103,0.9138
mrs-nsga2-apportion|aurus,cross,gyro-var1,11,27,0.963,0.8519,1.0,0.4074
mrs-nsga2-apportion|aurus,cross,gyro-var1,12,17,0.8824,0.8235,0.4706,0.8824
mrs-nsga2-apportion|aurus,ctrl_x,gyro-var1,12,17,0.9412,0.7059,1.0,1.0
mrs-nsga2-apportion|aurus,ctrl_y,gyro-var1,12,39,1.0,0.9231,0.8205,0.8205
mrs-nsga2-apportion|aurus,cross,gyro-var1,13,33,0.7273,0.7576,0.4242,0.303
mrs-nsga2-apportion|aurus,cross,gyro-var1,14,36,0.4444,0.6389,0.5833,0.3333
mrs-nsga2-apportion|aurus,ctrl_x,gyro-var1,14,36,0.8056,0.8056,0.8889,0.8889
mrs-nsga2-apportion|aurus,ctrl_y,gyro-var1,14,57,0.8596,0.8246,0.9649,0.807
mrs-nsga2-apportion|aurus,cross,gyro-var1,15,40,0.7,0.75,0.675,0.375
mrs-nsga2-apportion|aurus,cross,gyro-var1,16,23,0.8261,0.7826,0.9565,0.3043
mrs-nsga2-apportion|aurus,ctrl_x,gyro-var1,16,23,0.9565,0.8696,1.0,1.0
mrs-nsga2-apportion|aurus,ctrl_y,gyro-var1,16,52,0.9808,0.9231,0.9038,1.0
mrs-nsga2-apportion|aurus,cross,gyro-var1,17,31,0.9032,0.6129,0.9677,0.7419
mrs-nsga2-apportion|aurus,cross,gyro-var1,18,31,0.7419,0.7097,0.8065,0.4839
mrs-nsga2-apportion|aurus,ctrl_x,gyro-var1,18,31,0.9032,0.9677,1.0,1.0
mrs-nsga2-apportion|aurus,ctrl_y,gyro-var1,18,49,0.9184,0.898,0.8367,0.9388
mrs-nsga2-apportion|aurus,cross,gyro-var1,19,33,0.9091,0.7576,0.5758,0.4242
mrs-nsga2-apportion|aurus,cross,gyro-var1,20,27,0.8148,0.6296,0.4444,0.5185
mrs-nsga2-apportion|aurus,ctrl_x,gyro-var1,20,21,0.8571,0.7143,0.8571,1.0
mrs-nsga2-apportion|aurus,ctrl_y,gyro-var1,20,52,0.8077,0.9423,0.9423,0.7308
mrs-nsga2-apportion|aurus,cross,gyro-var1,21,21,0.6667,0.8095,0.4762,0.2857
mrs-nsga2-apportion|aurus,cross,gyro-var1,22,26,0.8462,0.7308,0.8846,0.3462
mrs-nsga2-apportion|aurus,ctrl_x,gyro-var1,22,26,1.0,0.8462,1.0,1.0
mrs-nsga2-apportion|aurus,cross,gyro-var1,24,17,0.9412,0.6471,1.0,0.8824
mrs-nsga2-apportion|aurus,ctrl_x,gyro-var1,24,17,0.9412,0.9412,1.0,1.0
mrs-nsga2-apportion|aurus,ctrl_y,gyro-var1,24,54,0.9815,0.9259,1.0,0.8148
mrs-nsga2-apportion|aurus,cross,gyro-var1,25,21,0.9048,0.8571,0.6667,0.7619
mrs-nsga2-apportion|aurus,cross,gyro-var1,26,17,1.0,0.0588,0.2941,0.3529
mrs-nsga2-apportion|aurus,ctrl_x,gyro-var1,26,17,0.7647,0.7647,1.0,1.0
mrs-nsga2-apportion|aurus,ctrl_y,gyro-var1,26,57,0.9649,0.7368,0.7544,0.8772
mrs-nsga2-apportion|aurus,cross,gyro-var1,27,26,0.9231,0.6154,0.5769,0.8462
mrs-nsga2-apportion|aurus,cross,gyro-var1,28,27,0.8889,0.6296,0.2593,0.5556
mrs-nsga2-apportion|aurus,ctrl_x,gyro-var1,28,16,0.9375,0.875,1.0,1.0
mrs-nsga2-apportion|aurus,ctrl_y,gyro-var1,28,53,0.9057,0.717,0.7547,0.6981
mrs-nsga2-apportion|aurus,cross,gyro-var1,29,16,0.75,0.875,1.0,0.8125
mrs-nsga2-apportion|aurus-nsga2-apportion,cross,gyro-var1,0,11,0.8182,0.9091,1.0,1.0
mrs-nsga2-apportion|aurus-nsga2-apportion,ctrl_x,gyro-var1,0,23,0.7826,0.8696,0.6957,0.7391
mrs-nsga2-apportion|aurus-nsga2-apportion,ctrl_y,gyro-var1,0,11,1.0,0.9091,1.0,1.0
mrs-nsga2-apportion|aurus-nsga2-apportion,cross,gyro-var1,1,20,0.85,0.8,1.0,1.0
mrs-nsga2-apportion|aurus-nsga2-apportion,cross,gyro-var1,2,26,0.8462,1.0,1.0,1.0
mrs-nsga2-apportion|aurus-nsga2-apportion,ctrl_x,gyro-var1,2,30,0.8667,0.8,1.0,1.0
mrs-nsga2-apportion|aurus-nsga2-apportion,ctrl_y,gyro-var1,2,17,0.8235,0.6471,1.0,1.0
mrs-nsga2-apportion|aurus-nsga2-apportion,cross,gyro-var1,3,17,0.9412,0.8824,1.0,1.0
mrs-nsga2-apportion|aurus-nsga2-apportion,cross,gyro-var1,4,9,1.0,0.4444,1.0,1.0
mrs-nsga2-apportion|aurus-nsga2-apportion,ctrl_x,gyro-var1,4,26,0.8846,0.8077,1.0,1.0
mrs-nsga2-apportion|aurus-nsga2-apportion,ctrl_y,gyro-var1,4,9,1.0,0.8889,1.0,1.0
mrs-nsga2-apportion|aurus-nsga2-apportion,cross,gyro-var1,5,12,0.9167,0.5,1.0,1.0
mrs-nsga2-apportion|aurus-nsga2-apportion,cross,gyro-var1,6,16,0.75,0.6875,1.0,1.0
mrs-nsga2-apportion|aurus-nsga2-apportion,ctrl_x,gyro-var1,6,17,0.8235,0.7647,1.0,1.0
mrs-nsga2-apportion|aurus-nsga2-apportion,ctrl_y,gyro-var1,6,9,0.8889,1.0,1.0,1.0
mrs-nsga2-apportion|aurus-nsga2-apportion,cross,gyro-var1,7,9,0.8889,0.6667,1.0,1.0
mrs-nsga2-apportion|aurus-nsga2-apportion,cross,gyro-var1,8,9,0.8889,0.6667,1.0,1.0
mrs-nsga2-apportion|aurus-nsga2-apportion,ctrl_x,gyro-var1,8,22,0.6818,0.8636,1.0,1.0
mrs-nsga2-apportion|aurus-nsga2-apportion,ctrl_y,gyro-var1,8,6,1.0,0.8333,1.0,1.0
mrs-nsga2-apportion|aurus-nsga2-apportion,cross,gyro-var1,9,6,1.0,0.6667,1.0,1.0
mrs-nsga2-apportion|aurus-nsga2-apportion,cross,gyro-var1,10,18,0.8889,0.9444,1.0,0.9444
mrs-nsga2-apportion|aurus-nsga2-apportion,ctrl_x,gyro-var1,10,22,0.9091,0.8182,1.0,0.7273
mrs-nsga2-apportion|aurus-nsga2-apportion,ctrl_y,gyro-var1,10,16,1.0,0.5625,1.0,1.0
mrs-nsga2-apportion|aurus-nsga2-apportion,cross,gyro-var1,11,16,1.0,0.875,1.0,1.0
mrs-nsga2-apportion|aurus-nsga2-apportion,cross,gyro-var1,12,15,1.0,0.8,1.0,1.0
mrs-nsga2-apportion|aurus-nsga2-apportion,ctrl_x,gyro-var1,12,17,0.9412,0.7647,0.5294,1.0
mrs-nsga2-apportion|aurus-nsga2-apportion,ctrl_y,gyro-var1,12,10,0.6,0.8,1.0,1.0
mrs-nsga2-apportion|aurus-nsga2-apportion,cross,gyro-var1,13,10,0.8,0.5,1.0,1.0
mrs-nsga2-apportion|aurus-nsga2-apportion,cross,gyro-var1,14,20,1.0,0.5,1.0,1.0
mrs-nsga2-apportion|aurus-nsga2-apportion,ctrl_x,gyro-var1,14,36,0.8056,0.7778,0.9722,0.8889
mrs-nsga2-apportion|aurus-nsga2-apportion,ctrl_y,gyro-var1,14,9,0.8889,1.0,1.0,1.0
mrs-nsga2-apportion|aurus-nsga2-apportion,cross,gyro-var1,15,9,0.8889,0.7778,1.0,1.0
mrs-nsga2-apportion|aurus-nsga2-apportion,cross,gyro-var1,16,20,0.95,0.7,1.0,1.0
mrs-nsga2-apportion|aurus-nsga2-apportion,ctrl_x,gyro-var1,16,23,1.0,0.8261,1.0,1.0
mrs-nsga2-apportion|aurus-nsga2-apportion,ctrl_y,gyro-var1,16,20,0.8,0.8,1.0,0.95
mrs-nsga2-apportion|aurus-nsga2-apportion,cross,gyro-var1,17,22,0.8182,0.8182,1.0,1.0
mrs-nsga2-apportion|aurus-nsga2-apportion,cross,gyro-var1,18,17,0.8824,0.8235,1.0,1.0
mrs-nsga2-apportion|aurus-nsga2-apportion,ctrl_x,gyro-var1,18,31,0.9032,0.9677,1.0,1.0
mrs-nsga2-apportion|aurus-nsga2-apportion,ctrl_y,gyro-var1,18,17,0.7647,0.8824,1.0,1.0
mrs-nsga2-apportion|aurus-nsga2-apportion,cross,gyro-var1,19,21,0.9524,0.9524,1.0,1.0
mrs-nsga2-apportion|aurus-nsga2-apportion,cross,gyro-var1,20,13,1.0,0.6923,1.0,1.0
mrs-nsga2-apportion|aurus-nsga2-apportion,ctrl_x,gyro-var1,20,21,0.8571,0.8095,1.0,1.0
mrs-nsga2-apportion|aurus-nsga2-apportion,ctrl_y,gyro-var1,20,6,0.6667,1.0,1.0,1.0
mrs-nsga2-apportion|aurus-nsga2-apportion,cross,gyro-var1,21,6,1.0,1.0,1.0,1.0
mrs-nsga2-apportion|aurus-nsga2-apportion,cross,gyro-var1,22,16,0.8125,0.9375,1.0,1.0
mrs-nsga2-apportion|aurus-nsga2-apportion,ctrl_x,gyro-var1,22,26,1.0,0.8462,1.0,1.0
mrs-nsga2-apportion|aurus-nsga2-apportion,ctrl_y,gyro-var1,22,12,0.8333,0.8333,1.0,1.0
mrs-nsga2-apportion|aurus-nsga2-apportion,cross,gyro-var1,23,12,0.9167,0.9167,1.0,1.0
mrs-nsga2-apportion|aurus-nsga2-apportion,cross,gyro-var1,24,7,1.0,0.5714,1.0,1.0
mrs-nsga2-apportion|aurus-nsga2-apportion,ctrl_x,gyro-var1,24,17,0.9412,0.9412,0.8235,1.0
mrs-nsga2-apportion|aurus-nsga2-apportion,ctrl_y,gyro-var1,24,7,0.7143,0.8571,1.0,1.0
mrs-nsga2-apportion|aurus-nsga2-apportion,cross,gyro-var1,25,20,0.95,0.9,1.0,1.0
mrs-nsga2-apportion|aurus-nsga2-apportion,cross,gyro-var1,26,11,0.7273,0.7273,1.0,1.0
mrs-nsga2-apportion|aurus-nsga2-apportion,ctrl_x,gyro-var1,26,17,0.6471,0.5882,0.9412,1.0
mrs-nsga2-apportion|aurus-nsga2-apportion,ctrl_y,gyro-var1,26,11,0.9091,1.0,1.0,1.0
mrs-nsga2-apportion|aurus-nsga2-apportion,cross,gyro-var1,27,23,1.0,0.8696,0.8696,1.0
mrs-nsga2-apportion|aurus-nsga2-apportion,cross,gyro-var1,28,10,0.9,0.8,1.0,1.0
mrs-nsga2-apportion|aurus-nsga2-apportion,ctrl_x,gyro-var1,28,16,0.8125,1.0,1.0,1.0
mrs-nsga2-apportion|aurus-nsga2-apportion,ctrl_y,gyro-var1,28,10,0.3,0.9,0.9,1.0
mrs-nsga2-apportion|aurus-nsga2-apportion,cross,gyro-var1,29,16,0.8125,0.75,1.0,1.0
mrs-nsga2-apportion|mrs-weighted,cross,gyro-var1,0,27,0.7037,1.0,1.0,1.0
mrs-nsga2-apportion|mrs-weighted,ctrl_x,gyro-var1,0,23,0.7826,0.8696,0.9565,0.7826
mrs-nsga2-apportion|mrs-weighted,ctrl_y,gyro-var1,0,60,0.4833,0.85,0.7667,0.4833
mrs-nsga2-apportion|mrs-weighted,cross,gyro-var1,1,23,0.8261,1.0,0.7826,1.0
mrs-nsga2-apportion|mrs-weighted,cross,gyro-var1,2,38,0.7105,1.0,0.9474,0.9474
mrs-nsga2-apportion|mrs-weighted,ctrl_x,gyro-var1,2,30,0.9,0.8333,1.0,1.0
mrs-nsga2-apportion|mrs-weighted,ctrl_y,gyro-var1,2,83,0.9157,0.9277,0.988,0.9639
mrs-nsga2-apportion|mrs-weighted,cross,gyro-var1,3,30,0.7,0.9667,1.0,1.0
mrs-nsga2-apportion|mrs-weighted,cross,gyro-var1,4,27,0.4444,0.8519,0.9259,0.8519
mrs-nsga2-apportion|mrs-weighted,ctrl_x,gyro-var1,4,26,0.8846,0.8077,1.0,1.0
mrs-nsga2-apportion|mrs-weighted,ctrl_y,gyro-var1,4,54,0.9259,0.7963,0.9074,0.9815
mrs-nsga2-apportion|mrs-weighted,cross,gyro-var1,5,26,0.8462,0.9231,1.0,1.0
mrs-nsga2-apportion|mrs-weighted,cross,gyro-var1,6,26,0.6538,0.8846,1.0,1.0
mrs-nsga2-apportion|mrs-weighted,ctrl_x,gyro-var1,6,17,0.8824,0.8235,1.0,1.0
mrs-nsga2-apportion|mrs-weighted,ctrl_y,gyro-var1,6,62,0.9355,0.9355,1.0,0.9839
mrs-nsga2-apportion|mrs-weighted,cross,gyro-var1,7,17,0.5294,0.9412,1.0,0.9412
mrs-nsga2-apportion|mrs-weighted,cross,gyro-var1,8,22,0.6364,0.9091,1.0,1.0
mrs-nsga2-apportion|mrs-weighted,ctrl_x,gyro-var1,8,22,0.7273,0.8182,1.0,1.0
mrs-nsga2-apportion|mrs-weighted,ctrl_y,gyro-var1,8,63,0.8571,0.9841,0.7778,0.4762
mrs-nsga2-apportion|mrs-weighted,cross,gyro-var1,9,24,0.875,0.7917,0.3333,0.4583
mrs-nsga2-apportion|mrs-weighted,cross,gyro-var1,10,22,0.6364,0.9091,1.0,1.0
mrs-nsga2-apportion|mrs-weighted,ctrl_x,gyro-var1,10,22,0.9091,0.7727,1.0,0.5909
mrs-nsga2-apportion|mrs-weighted,ctrl_y,gyro-var1,10,78,0.9744,0.8077,0.9231,1.0
mrs-nsga2-apportion|mrs-weighted,cross,gyro-var1,11,27,0.7407,0.9259,1.0,0.963
mrs-nsga2-apportion|mrs-weighted,cross,gyro-var1,12,17,0.8824,0.8235,1.0,1.0
mrs-nsga2-apportion|mrs-weighted,ctrl_x,gyro-var1,12,17,0.9412,0.7059,1.0,1.0
mrs-nsga2-apportion|mrs-weighted,ctrl_y,gyro-var1,12,63,0.9524,0.8889,0.9365,0.9683
mrs-nsga2-apportion|mrs-weighted,cross,gyro-var1,13,33,0.5758,0.9697,0.7879,0.9091
mrs-nsga2-apportion|mrs-weighted,cross,gyro-var1,14,36,0.6667,0.9444,0.8889,0.6111
mrs-nsga2-apportion|mrs-weighted,ctrl_x,gyro-var1,14,36,0.8056,0.8056,0.8889,0.8889
mrs-nsga2-apportion|mrs-weighted,ctrl_y,gyro-var1,14,46,0.8478,0.9565,0.7609,0.587
mrs-nsga2-apportion|mrs-weighted,cross,gyro-var1,15,40,0.775,0.925,0.825,0.775
mrs-nsga2-apportion|mrs-weighted,cross,gyro-var1,16,23,0.8261,0.8261,1.0,0.6522
mrs-nsga2-apportion|mrs-weighted,ctrl_x,gyro-var1,16,23,0.9565,0.8696,1.0,1.0
mrs-nsga2-apportion|mrs-weighted,ctrl_y,gyro-var1,16,77,0.9351,0.7532,0.7013,0.6623
mrs-nsga2-apportion|mrs-weighted,cross,gyro-var1,17,31,0.7419,1.0,0.9677,1.0
mrs-nsga2-apportion|mrs-weighted,cross,gyro-var1,18,31,0.7742,0.8065,1.0,0.9677
mrs-nsga2-apportion|mrs-weighted,ctrl_x,gyro-var1,18,31,0.9032,0.9677,1.0,1.0
mrs-nsga2-apportion|mrs-weighted,ctrl_y,gyro-var1,18,66,0.8788,0.8788,1.0,0.9242
mrs-nsga2-apportion|mrs-weighted,cross,gyro-var1,19,33,0.7879,1.0,1.0,1.0
mrs-nsga2-apportion|mrs-weighted,cross,gyro-var1,20,27,0.4444,1.0,0.8889,0.8889
mrs-nsga2-apportion|mrs-weighted,ctrl_x,gyro-var1,20,21,0.8571,0.7143,0.8571,1.0
mrs-nsga2-apportion|mrs-weighted,ctrl_y,gyro-var1,20,49,0.9592,0.8776,0.9796,0.8571
mrs-nsga2-apportion|mrs-weighted,cross,gyro-var1,21,21,0.381,1.0,0.7143,0.9524
mrs-nsga2-apportion|mrs-weighted,cross,gyro-var1,22,26,0.6154,0.8077,1.0,0.8846
mrs-nsga2-apportion|mrs-weighted,ctrl_x,gyro-var1,22,26,1.0,0.8462,1.0,1.0
mrs-nsga2-apportion|mrs-weighted,ctrl_y,gyro-var1,22,63,0.746,0.9048,1.0,0.9048
mrs-nsga2-apportion|mrs-weighted,cross,gyro-var1,23,34,0.6176,1.0,0.9706,0.9412
mrs-nsga2-apportion|mrs-weighted,cross,gyro-var1,24,17,0.8235,1.0,1.0,1.0
mrs-nsga2-apportion|mrs-weighted,ctrl_x,gyro-var1,24,17,0.9412,0.9412,1.0,1.0
mrs-nsga2-apportion|mrs-weighted,ctrl_y,gyro-var1,24,66,0.8485,0.8636,0.9545,1.0
mrs-nsga2-apportion|mrs-weighted,cross,gyro-var1,25,21,0.7143,1.0,1.0,0.9048
mrs-nsga2-apportion|mrs-weighted,cross,gyro-var1,26,17,0.8235,0.9412,1.0,1.0
mrs-nsga2-apportion|mrs-weighted,ctrl_x,gyro-var1,26,17,0.7647,0.7647,1.0,1.0
mrs-nsga2-apportion|mrs-weighted,ctrl_y,gyro-var1,26,66,0.9394,0.8939,0.9091,0.6667
mrs-nsga2-apportion|mrs-weighted,cross,gyro-var1,27,26,0.8462,0.9231,1.0,1.0
mrs-nsga2-apportion|mrs-weighted,cross,gyro-var1,28,27,0.5185,1.0,0.8148,0.7778
mrs-nsga2-apportion|mrs-weighted,ctrl_x,gyro-var1,28,16,0.9375,0.875,1.0,1.0
mrs-nsga2-apportion|mrs-weighted,ctrl_y,gyro-var1,28,58,0.9828,0.8793,0.9828,0.9483
mrs-nsga2-apportion|mrs-weighted,cross,gyro-var1,29,16,0.5625,1.0,1.0,1.0
aurus-nsga2-apportion|aurus,cross,gyro-var1,0,11,1.0,0.7273,0.9091,1.0
aurus-nsga2-apportion|aurus,ctrl_x,gyro-var1,0,11,1.0,0.9091,1.0,1.0
aurus-nsga2-apportion|aurus,ctrl_y,gyro-var1,0,30,0.8333,0.9667,1.0,0.9
aurus-nsga2-apportion|aurus,cross,gyro-var1,1,20,0.05,0.8,0.05,0.1
aurus-nsga2-apportion|aurus,cross,gyro-var1,2,26,0.4615,0.7308,0.9615,0.1923
aurus-nsga2-apportion|aurus,ctrl_x,gyro-var1,2,17,0.8824,0.7647,1.0,1.0
aurus-nsga2-apportion|aurus,ctrl_y,gyro-var1,2,45,0.8667,0.9778,1.0,0.9778
aurus-nsga2-apportion|aurus,cross,gyro-var1,3,17,0.7647,0.8824,0.1765,0.5294
aurus-nsga2-apportion|aurus,cross,gyro-var1,4,9,1.0,0.8889,1.0,1.0
aurus-nsga2-apportion|aurus,ctrl_x,gyro-var1,4,9,1.0,0.6667,1.0,1.0
aurus-nsga2-apportion|aurus,ctrl_y,gyro-var1,4,55,0.9091,0.7455,0.7636,0.6364
aurus-nsga2-apportion|aurus,cross,gyro-var1,5,12,0.8333,0.9167,0.0833,1.0
aurus-nsga2-apportion|aurus,cross,gyro-var1,6,16,0.875,0.875,0.8125,0.875
aurus-nsga2-apportion|aurus,ctrl_x,gyro-var1,6,9,0.8889,1.0,1.0,1.0
aurus-nsga2-apportion|aurus,ctrl_y,gyro-var1,6,48,0.9583,1.0,1.0,1.0
aurus-nsga2-apportion|aurus,cross,gyro-var1,7,9,1.0,0.3333,0.5556,1.0
aurus-nsga2-apportion|aurus,cross,gyro-var1,8,9,0.8889,0.3333,0.1111,1.0
aurus-nsga2-apportion|aurus,ctrl_x,gyro-var1,8,6,1.0,0.8333,1.0,1.0
aurus-nsga2-apportion|aurus,ctrl_y,gyro-var1,8,49,0.8367,0.9592,1.0,0.898
aurus-nsga2-apportion|aurus,cross,gyro-var1,9,6,0.1667,1.0,1.0,1.0
aurus-nsga2-apportion|aurus,cross,gyro-var1,10,18,0.7222,0.6667,1.0,1.0
aurus-nsga2-apportion|aurus,ctrl_x,gyro-var1,10,16,1.0,0.6875,1.0,1.0
aurus-nsga2-apportion|aurus,ctrl_y,gyro-var1,10,58,0.9138,0.5862,0.8103,0.9138
aurus-nsga2-apportion|aurus,cross,gyro-var1,11,16,1.0,0.8125,1.0,0.5625
aurus-nsga2-apportion|aurus,cross,gyro-var1,12,15,0.8,0.8667,0.3333,0.8
aurus-nsga2-apportion|aurus,ctrl_x,gyro-var1,12,10,0.6,0.7,1.0,1.0
aurus-nsga2-apportion|aurus,ctrl_y,gyro-var1,12,39,1.0,0.9231,0.8974,0.8462
aurus-nsga2-apportion|aurus,cross,gyro-var1,13,10,0.0,0.1,0.0,0.1
aurus-nsga2-apportion|aurus,cross,gyro-var1,14,20,0.6,0.95,0.75,0.85
aurus-nsga2-apportion|aurus,ctrl_x,gyro-var1,14,9,1.0,1.0,1.0,1.0
aurus-nsga2-apportion|aurus,ctrl_y,gyro-var1,14,57,0.7895,0.807,0.8421,0.7719
aurus-nsga2-apportion|aurus,cross,gyro-var1,15,9,0.7778,0.2222,0.4444,0.7778
aurus-nsga2-apportion|aurus,cross,gyro-var1,16,20,0.85,0.8,0.85,0.8
aurus-nsga2-apportion|aurus,ctrl_x,gyro-var1,16,20,0.8,0.8,1.0,1.0
aurus-nsga2-apportion|aurus,ctrl_y,gyro-var1,16,52,0.9808,0.9231,0.9038,1.0
aurus-nsga2-apportion|aurus,cross,gyro-var1,17,22,0.8182,0.7727,0.5,0.1818
aurus-nsga2-apportion|aurus,cross,gyro-var1,18,17,0.7059,0.8824,0.5882,0.7647
aurus-nsga2-apportion|aurus,ctrl_x,gyro-var1,18,17,0.8235,0.8235,1.0,1.0
aurus-nsga2-apportion|aurus,ctrl_y,gyro-var1,18,49,0.9184,0.898,0.8367,0.9388
aurus-nsga2-apportion|aurus,cross,gyro-var1,19,21,0.8571,0.7143,0.5714,0.3333
aurus-nsga2-apportion|aurus,cross,gyro-var1,20,13,1.0,0.3077,0.3846,0.7692
aurus-nsga2-apportion|aurus,ctrl_x,gyro-var1,20,6,0.6667,1.0,1.0,0.8333
aurus-nsga2-apportion|aurus,ctrl_y,gyro-var1,20,52,0.8077,0.9615,0.9423,0.7308
aurus-nsga2-apportion|aurus,cross,gyro-var1,21,6,1.0,0.5,1.0,0.8333
aurus-nsga2-apportion|aurus,cross,gyro-var1,22,16,0.8125,0.75,0.75,0.75
aurus-nsga2-apportion|aurus,ctrl_x,gyro-var1,22,12,0.8333,0.9167,1.0,1.0
aurus-nsga2-apportion|aurus,cross,gyro-var1,24,7,1.0,0.8571,1.0,1.0
aurus-nsga2-apportion|aurus,ctrl_x,gyro-var1,24,7,0.5714,1.0,1.0,1.0
aurus-nsga2-apportion|aurus,ctrl_y,gyro-var1,24,54,0.9815,0.9259,1.0,0.8148
aurus-nsga2-apportion|aurus,cross,gyro-var1,25,20,0.85,0.75,0.65,0.65
aurus-nsga2-apportion|aurus,cross,gyro-var1,26,11,0.8182,0.8182,0.2727,1.0
aurus-nsga2-apportion|aurus,ctrl_x,gyro-var1,26,11,1.0,0.7273,1.0,1.0
aurus-nsga2-apportion|aurus,ctrl_y,gyro-var1,26,57,0.9649,0.7368,0.7544,0.8596
aurus-nsga2-apportion|aurus,cross,gyro-var1,27,23,0.913,0.7826,0.913,0.913
aurus-nsga2-apportion|aurus,cross,gyro-var1,28,10,0.9,0.7,0.9,1.0
aurus-nsga2-apportion|aurus,ctrl_x,gyro-var1,28,10,0.4,0.9,1.0,1.0
aurus-nsga2-apportion|aurus,ctrl_y,gyro-var1,28,53,0.9057,0.717,0.7925,0.6981
aurus-nsga2-apportion|aurus,cross,gyro-var1,29,18,0.9444,0.7222,0.9444,0.2222
mrs-nsga2-apportion|aurus,cross,gyro-var2,0,30,0.8,0.9333,1.0,0.8333
mrs-nsga2-apportion|aurus,ctrl_x,gyro-var2,0,29,0.7241,1.0,1.0,0.9655
mrs-nsga2-apportion|aurus,ctrl_y,gyro-var2,0,37,0.973,0.8378,1.0,1.0
mrs-nsga2-apportion|aurus,cross,gyro-var2,1,29,0.8966,0.6552,1.0,1.0
mrs-nsga2-apportion|aurus,cross,gyro-var2,2,20,0.8,0.9,0.4,0.9
mrs-nsga2-apportion|aurus,ctrl_x,gyro-var2,2,20,0.55,0.9,0.9,0.95
mrs-nsga2-apportion|aurus,ctrl_y,gyro-var2,2,57,0.9298,0.9649,1.0,1.0
mrs-nsga2-apportion|aurus,cross,gyro-var2,3,34,0.9412,0.7059,0.8235,0.5882
mrs-nsga2-apportion|aurus,cross,gyro-var2,4,18,0.8333,0.7222,1.0,0.9444
mrs-nsga2-apportion|aurus,ctrl_x,gyro-var2,4,18,0.9444,0.7222,1.0,1.0
mrs-nsga2-apportion|aurus,cross,gyro-var2,6,30,0.5667,0.6667,1.0,0.8
mrs-nsga2-apportion|aurus,ctrl_x,gyro-var2,6,20,0.8,1.0,1.0,1.0
mrs-nsga2-apportion|aurus,ctrl_y,gyro-var2,6,48,0.9167,0.9583,0.9375,1.0
mrs-nsga2-apportion|aurus,cross,gyro-var2,7,20,0.85,0.85,0.95,0.65
mrs-nsga2-apportion|aurus,cross,gyro-var2,8,26,0.6154,0.8462,0.7308,0.6923
mrs-nsga2-apportion|aurus,ctrl_x,gyro-var2,8,24,0.9167,0.875,0.9583,1.0
mrs-nsga2-apportion|aurus,ctrl_y,gyro-var2,8,46,0.8478,0.9783,1.0,0.9348
mrs-nsga2-apportion|aurus,cross,gyro-var2,9,24,0.9583,0.875,1.0,1.0
mrs-nsga2-apportion|aurus,cross,gyro-var2,10,21,0.8095,0.7143,1.0,1.0
mrs-nsga2-apportion|aurus,ctrl_x,gyro-var2,10,21,0.9524,0.9524,1.0,0.9048
mrs-nsga2-apportion|aurus,ctrl_y,gyro-var2,10,55,0.9091,1.0,1.0,0.8909
mrs-nsga2-apportion|aurus,cross,gyro-var2,11,29,0.931,0.8966,1.0,0.6897
mrs-nsga2-apportion|aurus,cross,gyro-var2,12,23,0.8261,0.8261,1.0,1.0
mrs-nsga2-apportion|aurus,ctrl_x,gyro-var2,12,23,0.913,0.913,0.9565,1.0
mrs-nsga2-apportion|aurus,ctrl_y,gyro-var2,12,45,0.9333,0.9111,0.9778,0.9778
mrs-nsga2-apportion|aurus,cross,gyro-var2,13,29,0.8621,0.7931,1.0,0.8621
mrs-nsga2-apportion|aurus,cross,gyro-var2,14,20,0.85,0.9,1.0,1.0
mrs-nsga2-apportion|aurus,ctrl_x,gyro-var2,14,20,0.95,0.85,1.0,1.0
mrs-nsga2-apportion|aurus,ctrl_y,gyro-var2,14,42,0.9524,0.9762,1.0,1.0
mrs-nsga2-apportion|aurus,cross,gyro-var2,15,27,0.6296,0.9259,0.6667,0.7037
mrs-nsga2-apportion|aurus,cross,gyro-var2,16,19,0.7368,0.8421,1.0,0.9474
mrs-nsga2-apportion|aurus,ctrl_x,gyro-var2,16,19,0.7895,0.9474,1.0,1.0
mrs-nsga2-apportion|aurus,ctrl_y,gyro-var2,16,61,0.918,0.7377,0.7377,0.8033
mrs-nsga2-apportion|aurus,cross,gyro-var2,17,32,0.8125,0.6875,0.9688,0.625
mrs-nsga2-apportion|aurus,cross,gyro-var2,18,39,0.5128,0.9231,1.0,0.5641
mrs-nsga2-apportion|aurus,ctrl_x,gyro-var2,18,22,0.8636,0.9091,1.0,1.0
mrs-nsga2-apportion|aurus,ctrl_y,gyro-var2,18,52,0.9038,0.8846,0.9423,0.8462
mrs-nsga2-apportion|aurus,cross,gyro-var2,19,22,0.7727,0.9091,1.0,0.8182
mrs-nsga2-apportion|aurus,cross,gyro-var2,20,24,0.7083,1.0,1.0,1.0
mrs-nsga2-apportion|aurus,ctrl_x,gyro-var2,20,13,0.6154,1.0,1.0,1.0
mrs-nsga2-apportion|aurus,ctrl_y,gyro-var2,20,57,0.9474,1.0,1.0,1.0
mrs-nsga2-apportion|aurus,cross,gyro-var2,21,13,0.5385,0.6154,0.7692,0.8462
mrs-nsga2-apportion|aurus,cross,gyro-var2,22,18,0.7778,1.0,1.0,1.0
mrs-nsga2-apportion|aurus,ctrl_x,gyro-var2,22,18,0.8889,0.8889,1.0,1.0
mrs-nsga2-apportion|aurus,ctrl_y,gyro-var2,22,51,0.9804,0.9216,1.0,0.9608
mrs-nsga2-apportion|aurus,cross,gyro-var2,23,30,0.9,0.9,1.0,0.8667
mrs-nsga2-apportion|aurus,cross,gyro-var2,24,18,0.5556,1.0,1.0,0.7222
mrs-nsga2-apportion|aurus,ctrl_x,gyro-var2,24,16,0.6875,0.8125,1.0,1.0
mrs-nsga2-apportion|aurus,ctrl_y,gyro-var2,24,42,0.7857,0.9524,0.881,1.0
mrs-nsga2-apportion|aurus,cross,gyro-var2,25,16,0.5625,0.8125,1.0,1.0
mrs-nsga2-apportion|aurus,cross,gyro-var2,26,26,0.6538,0.8462,0.8846,0.8077
mrs-nsga2-apportion|aurus,ctrl_x,gyro-var2,26,20,0.9,0.8,0.55,1.0
mrs-nsga2-apportion|aurus,ctrl_y,gyro-var2,26,55,0.8364,0.8364,0.8364,0.8364
mrs-nsga2-apportion|aurus,cross,gyro-var2,27,20,0.6,0.9,1.0,0.95
mrs-nsga2-apportion|aurus,cross,gyro-var2,28,36,0.9167,0.6944,0.9722,0.6944
mrs-nsga2-apportion|aurus,ctrl_x,gyro-var2,28,22,0.8182,0.8636,1.0,1.0
mrs-nsga2-apportion|aurus,ctrl_y,gyro-var2,28,56,0.8571,0.9464,1.0,0.8036
mrs-nsga2-apportion|aurus,cross,gyro-var2,29,22,0.5455,0.8636,0.9545,0.7727
mrs-nsga2-apportion|aurus-nsga2-apportion,cross,gyro-var2,0,20,0.9,1.0,1.0,1.0
mrs-nsga2-apportion|aurus-nsga2-apportion,ctrl_x,gyro-var2,0,29,0.6897,1.0,1.0,0.9655
mrs-nsga2-apportion|aurus-nsga2-apportion,ctrl_y,gyro-var2,0,9,1.0,0.8889,1.0,1.0
mrs-nsga2-apportion|aurus-nsga2-apportion,cross,gyro-var2,1,9,1.0,0.7778,1.0,1.0
mrs-nsga2-apportion|aurus-nsga2-apportion,cross,gyro-var2,2,17,0.6471,0.9412,1.0,1.0
mrs-nsga2-apportion|aurus-nsga2-apportion,ctrl_x,gyro-var2,2,20,0.55,0.7,1.0,0.85
mrs-nsga2-apportion|aurus-nsga2-apportion,ctrl_y,gyro-var2,2,17,0.8235,0.6471,1.0,0.5294
mrs-nsga2-apportion|aurus-nsga2-apportion,cross,gyro-var2,3,25,0.88,0.88,1.0,1.0
mrs-nsga2-apportion|aurus-nsga2-apportion,cross,gyro-var2,4,7,1.0,0.7143,1.0,1.0
mrs-nsga2-apportion|aurus-nsga2-apportion,ctrl_x,gyro-var2,4,18,0.9444,0.6667,1.0,1.0
mrs-nsga2-apportion|aurus-nsga2-apportion,ctrl_y,gyro-var2,4,7,0.4286,1.0,1.0,1.0
mrs-nsga2-apportion|aurus-nsga2-apportion,cross,gyro-var2,5,21,0.9524,0.9048,1.0,1.0
mrs-nsga2-apportion|aurus-nsga2-apportion,cross,gyro-var2,6,20,0.95,0.9,1.0,1.0
mrs-nsga2-apportion|aurus-nsga2-apportion,ctrl_x,gyro-var2,6,20,0.8,1.0,1.0,1.0
mrs-nsga2-apportion|aurus-nsga2-apportion,ctrl_y,gyro-var2,6,10,0.7,1.0,1.0,1.0
mrs-nsga2-apportion|aurus-nsga2-apportion,cross,gyro-var2,7,10,0.9,1.0,1.0,1.0
mrs-nsga2-apportion|aurus-nsga2-apportion,cross,gyro-var2,8,21,1.0,0.9048,1.0,1.0
mrs-nsga2-apportion|aurus-nsga2-apportion,ctrl_x,gyro-var2,8,24,0.9167,0.875,0.9583,1.0
mrs-nsga2-apportion|aurus-nsga2-apportion,ctrl_y,gyro-var2,8,12,0.8333,0.75,1.0,1.0
mrs-nsga2-apportion|aurus-nsga2-apportion,cross,gyro-var2,9,12,0.9167,0.9167,1.0,1.0
mrs-nsga2-apportion|aurus-nsga2-apportion,cross,gyro-var2,10,8,1.0,0.625,1.0,1.0
mrs-nsga2-apportion|aurus-nsga2-apportion,ctrl_x,gyro-var2,10,21,0.9524,0.9524,1.0,1.0
mrs-nsga2-apportion|aurus-nsga2-apportion,ctrl_y,gyro-var2,10,8,0.625,0.75,1.0,1.0
mrs-nsga2-apportion|aurus-nsga2-apportion,cross,gyro-var2,11,13,0.7692,0.9231,1.0,1.0
mrs-nsga2-apportion|aurus-nsga2-apportion,cross,gyro-var2,12,22,0.8636,0.9091,1.0,1.0
mrs-nsga2-apportion|aurus-nsga2-apportion,ctrl_x,gyro-var2,12,23,0.913,0.913,0.9565,1.0
mrs-nsga2-apportion|aurus-nsga2-apportion,ctrl_y,gyro-var2,12,16,1.0,0.75,1.0,1.0
mrs-nsga2-apportion|aurus-nsga2-apportion,cross,gyro-var2,13,16,0.9375,0.625,1.0,1.0
mrs-nsga2-apportion|aurus-nsga2-apportion,cross,gyro-var2,14,17,0.8235,1.0,1.0,1.0
mrs-nsga2-apportion|aurus-nsga2-apportion,ctrl_x,gyro-var2,14,20,0.95,0.9,1.0,1.0
mrs-nsga2-apportion|aurus-nsga2-apportion,ctrl_y,gyro-var2,14,11,1.0,0.8182,1.0,1.0
mrs-nsga2-apportion|aurus-nsga2-apportion,cross,gyro-var2,15,11,1.0,0.6364,1.0,1.0
mrs-nsga2-apportion|aurus-nsga2-apportion,cross,gyro-var2,16,19,1.0,0.7895,1.0,1.0
mrs-nsga2-apportion|aurus-nsga2-apportion,ctrl_x,gyro-var2,16,19,0.7895,0.9474,1.0,1.0
mrs-nsga2-apportion|aurus-nsga2-apportion,ctrl_y,gyro-var2,16,19,0.4737,1.0,1.0,1.0
mrs-nsga2-apportion|aurus-nsga2-apportion,cross,gyro-var2,17,19,0.5263,1.0,1.0,1.0
mrs-nsga2-apportion|aurus-nsga2-apportion,cross,gyro-var2,18,18,0.8333,0.8889,1.0,1.0
mrs-nsga2-apportion|aurus-nsga2-apportion,ctrl_x,gyro-var2,18,22,0.7727,0.8636,1.0,0.9545
mrs-nsga2-apportion|aurus-nsga2-apportion,ctrl_y,gyro-var2,18,18,0.9444,0.8889,1.0,0.9444
mrs-nsga2-apportion|aurus-nsga2-apportion,cross,gyro-var2,19,18,0.9444,0.8889,1.0,1.0
mrs-nsga2-apportion|aurus-nsga2-apportion,cross,gyro-var2,20,19,0.8947,1.0,1.0,1.0
mrs-nsga2-apportion|aurus-nsga2-apportion,ctrl_x,gyro-var2,20,13,0.6154,1.0,1.0,1.0
mrs-nsga2-apportion|aurus-nsga2-apportion,ctrl_y,gyro-var2,20,19,0.8947,0.9474,1.0,1.0
mrs-nsga2-apportion|aurus-nsga2-apportion,cross,gyro-var2,21,13,0.9231,0.8462,1.0,1.0
mrs-nsga2-apportion|aurus-nsga2-apportion,cross,gyro-var2,22,11,0.4545,0.9091,1.0,1.0
mrs-nsga2-apportion|aurus-nsga2-apportion,ctrl_x,gyro-var2,22,18,0.8333,0.8333,1.0,1.0
mrs-nsga2-apportion|aurus-nsga2-apportion,ctrl_y,gyro-var2,22,11,0.9091,1.0,1.0,1.0
mrs-nsga2-apportion|aurus-nsga2-apportion,cross,gyro-var2,23,15,0.9333,0.9333,1.0,1.0
mrs-nsga2-apportion|aurus-nsga2-apportion,cross,gyro-var2,24,13,0.6154,0.8462,1.0,1.0
mrs-nsga2-apportion|aurus-nsga2-apportion,ctrl_x,gyro-var2,24,16,0.6875,0.75,1.0,1.0
mrs-nsga2-apportion|aurus-nsga2-apportion,ctrl_y,gyro-var2,24,13,0.5385,0.9231,1.0,1.0
mrs-nsga2-apportion|aurus-nsga2-apportion,cross,gyro-var2,25,16,1.0,1.0,1.0,1.0
mrs-nsga2-apportion|aurus-nsga2-apportion,cross,gyro-var2,26,20,0.85,0.95,1.0,1.0
mrs-nsga2-apportion|aurus-nsga2-apportion,ctrl_x,gyro-var2,26,20,0.9,0.8,0.55,1.0
mrs-nsga2-apportion|aurus-nsga2-apportion,ctrl_y,gyro-var2,26,15,0.8,0.8667,0.7333,1.0
mrs-nsga2-apportion|aurus-nsga2-apportion,cross,gyro-var2,27,15,0.8667,0.9333,1.0,1.0
mrs-nsga2-apportion|aurus-nsga2-apportion,cross,gyro-var2,28,24,0.9583,0.7083,0.9583,0.9167
mrs-nsga2-apportion|aurus-nsga2-apportion,ctrl_x,gyro-var2,28,22,0.9545,0.9091,1.0,1.0
mrs-nsga2-apportion|aurus-nsga2-apportion,ctrl_y,gyro-var2,28,15,0.9333,0.6667,1.0,1.0
mrs-nsga2-apportion|aurus-nsga2-apportion,cross,gyro-var2,29,15,0.6,0.9333,1.0,1.0
mrs-nsga2-apportion|mrs-weighted,cross,gyro-var2,0,30,0.5,1.0,0.6,1.0
mrs-nsga2-apportion|mrs-weighted,ctrl_x,gyro-var2,0,29,0.7241,1.0,1.0,0.9655
mrs-nsga2-apportion|mrs-weighted,ctrl_y,gyro-var2,0,67,0.9254,0.8358,0.7164,0.5373
mrs-nsga2-apportion|mrs-weighted,cross,gyro-var2,1,29,0.8966,0.6897,0.9655,1.0
mrs-nsga2-apportion|mrs-weighted,cross,gyro-var2,2,20,0.55,1.0,0.3,0.45
mrs-nsga2-apportion|mrs-weighted,ctrl_x,gyro-var2,2,20,0.55,0.9,0.9,0.95
mrs-nsga2-apportion|mrs-weighted,ctrl_y,gyro-var2,2,60,0.9333,0.95,0.35,0.8333
mrs-nsga2-apportion|mrs-weighted,cross,gyro-var2,3,34,0.7941,0.9706,0.8529,1.0
mrs-nsga2-apportion|mrs-weighted,cross,gyro-var2,4,18,0.7222,0.8333,1.0,1.0
mrs-nsga2-apportion|mrs-weighted,ctrl_x,gyro-var2,4,18,0.9444,0.7222,1.0,1.0
mrs-nsga2-apportion|mrs-weighted,ctrl_y,gyro-var2,4,66,0.9394,0.9545,0.7121,0.9091
mrs-nsga2-apportion|mrs-weighted,cross,gyro-var2,5,26,0.5,1.0,0.9615,0.8846
mrs-nsga2-apportion|mrs-weighted,cross,gyro-var2,6,30,0.7333,1.0,1.0,1.0
mrs-nsga2-apportion|mrs-weighted,ctrl_x,gyro-var2,6,20,0.8,1.0,1.0,1.0
mrs-nsga2-apportion|mrs-weighted,ctrl_y,gyro-var2,6,55,0.8364,0.9818,0.9818,0.9818
mrs-nsga2-apportion|mrs-weighted,cross,gyro-var2,7,20,0.9,0.95,1.0,1.0
mrs-nsga2-apportion|mrs-weighted,cross,gyro-var2,8,26,0.6923,0.8462,0.7692,0.9615
mrs-nsga2-apportion|mrs-weighted,ctrl_x,gyro-var2,8,24,0.9167,0.875,0.9583,1.0
mrs-nsga2-apportion|mrs-weighted,ctrl_y,gyro-var2,8,55,0.9455,0.9091,0.4545,0.8364
mrs-nsga2-apportion|mrs-weighted,cross,gyro-var2,9,24,0.5417,0.9583,1.0,0.9167
mrs-nsga2-apportion|mrs-weighted,cross,gyro-var2,10,21,0.8571,0.9048,1.0,1.0
mrs-nsga2-apportion|mrs-weighted,ctrl_x,gyro-var2,10,21,0.9524,0.9524,1.0,0.9048
mrs-nsga2-apportion|mrs-weighted,ctrl_y,gyro-var2,10,61,0.9344,0.9016,0.8852,0.9016
mrs-nsga2-apportion|mrs-weighted,cross,gyro-var2,11,29,0.5862,1.0,0.931,0.931
mrs-nsga2-apportion|mrs-weighted,cross,gyro-var2,12,23,0.8261,1.0,1.0,1.0
mrs-nsga2-apportion|mrs-weighted,ctrl_x,gyro-var2,12,23,0.913,0.913,0.9565,1.0
mrs-nsga2-apportion|mrs-weighted,ctrl_y,gyro-var2,12,79,0.8734,0.8101,0.962,0.9873
mrs-nsga2-apportion|mrs-weighted,cross,gyro-var2,13,29,0.7241,1.0,0.7931,1.0
mrs-nsga2-apportion|mrs-weighted,cross,gyro-var2,14,20,0.7,0.95,1.0,1.0
mrs-nsga2-apportion|mrs-weighted,ctrl_x,gyro-var2,14,20,0.95,0.85,1.0,1.0
mrs-nsga2-apportion|mrs-weighted,ctrl_y,gyro-var2,14,78,0.8974,0.8974,1.0,0.9615
mrs-nsga2-apportion|mrs-weighted,cross,gyro-var2,15,27,0.5926,0.963,1.0,1.0
mrs-nsga2-apportion|mrs-weighted,cross,gyro-var2,16,19,0.6842,1.0,0.3158,1.0
mrs-nsga2-apportion|mrs-weighted,ctrl_x,gyro-var2,16,19,0.7895,0.9474,1.0,1.0
mrs-nsga2-apportion|mrs-weighted,ctrl_y,gyro-var2,16,73,0.5205,0.9452,0.4658,0.6164
mrs-nsga2-apportion|mrs-weighted,cross,gyro-var2,17,32,0.8438,0.9688,1.0,0.9688
mrs-nsga2-apportion|mrs-weighted,cross,gyro-var2,18,39,0.7179,0.9744,1.0,1.0
mrs-nsga2-apportion|mrs-weighted,ctrl_x,gyro-var2,18,22,0.8636,0.9091,1.0,1.0
mrs-nsga2-apportion|mrs-weighted,ctrl_y,gyro-var2,18,42,0.9286,0.9762,1.0,0.9762
mrs-nsga2-apportion|mrs-weighted,cross,gyro-var2,19,22,0.6364,0.9091,0.9091,0.9545
mrs-nsga2-apportion|mrs-weighted,cross,gyro-var2,20,24,0.5833,1.0,1.0,1.0
mrs-nsga2-apportion|mrs-weighted,ctrl_x,gyro-var2,20,13,0.6154,1.0,1.0,1.0
mrs-nsga2-apportion|mrs-weighted,ctrl_y,gyro-var2,20,67,0.9254,0.9104,1.0,0.9701
mrs-nsga2-apportion|mrs-weighted,cross,gyro-var2,21,13,0.6923,1.0,1.0,1.0
mrs-nsga2-apportion|mrs-weighted,cross,gyro-var2,22,18,0.5,1.0,1.0,1.0
mrs-nsga2-apportion|mrs-weighted,ctrl_x,gyro-var2,22,18,0.8889,0.8889,1.0,1.0
mrs-nsga2-apportion|mrs-weighted,ctrl_y,gyro-var2,22,68,0.9412,0.8971,0.9265,0.9853
mrs-nsga2-apportion|mrs-weighted,cross,gyro-var2,23,30,0.6667,1.0,0.9667,0.9333
mrs-nsga2-apportion|mrs-weighted,cross,gyro-var2,24,18,0.5556,0.9444,1.0,0.9444
mrs-nsga2-apportion|mrs-weighted,ctrl_x,gyro-var2,24,16,0.6875,0.8125,1.0,1.0
mrs-nsga2-apportion|mrs-weighted,ctrl_y,gyro-var2,24,75,0.9467,0.9067,0.8533,1.0
mrs-nsga2-apportion|mrs-weighted,cross,gyro-var2,25,16,0.4375,0.8125,1.0,1.0
mrs-nsga2-apportion|mrs-weighted,cross,gyro-var2,26,26,0.6154,0.9615,1.0,0.8077
mrs-nsga2-apportion|mrs-weighted,ctrl_x,gyro-var2,26,20,0.9,0.8,0.55,1.0
mrs-nsga2-apportion|mrs-weighted,ctrl_y,gyro-var2,26,68,0.9412,0.9265,0.5294,0.6912
mrs-nsga2-apportion|mrs-weighted,cross,gyro-var2,27,20,0.55,0.95,1.0,1.0
mrs-nsga2-apportion|mrs-weighted,cross,gyro-var2,28,36,0.7222,0.8333,0.9722,0.9722
mrs-nsga2-apportion|mrs-weighted,ctrl_x,gyro-var2,28,22,0.8182,0.8636,1.0,1.0
mrs-nsga2-apportion|mrs-weighted,ctrl_y,gyro-var2,28,75,0.88,0.9333,0.88,1.0
mrs-nsga2-apportion|mrs-weighted,cross,gyro-var2,29,22,0.6364,0.9091,1.0,1.0
aurus-nsga2-apportion|aurus,cross,gyro-var2,0,20,0.65,0.7,0.8,0.7
aurus-nsga2-apportion|aurus,ctrl_x,gyro-var2,0,9,1.0,0.8889,1.0,1.0
aurus-nsga2-apportion|aurus,ctrl_y,gyro-var2,0,37,0.973,0.7838,1.0,0.7838
aurus-nsga2-apportion|aurus,cross,gyro-var2,1,9,0.7778,1.0,1.0,1.0
aurus-nsga2-apportion|aurus,cross,gyro-var2,2,17,0.9412,0.8824,1.0,1.0
aurus-nsga2-apportion|aurus,ctrl_x,gyro-var2,2,17,0.8824,0.5294,0.9412,0.5294
aurus-nsga2-apportion|aurus,ctrl_y,gyro-var2,2,57,0.9298,0.9123,1.0,1.0
aurus-nsga2-apportion|aurus,cross,gyro-var2,3,25,0.48,0.8,1.0,0.68
aurus-nsga2-apportion|aurus,cross,gyro-var2,4,7,0.7143,0.8571,1.0,1.0
aurus-nsga2-apportion|aurus,ctrl_x,gyro-var2,4,7,0.4286,0.8571,1.0,1.0
aurus-nsga2-apportion|aurus,cross,gyro-var2,6,20,0.6,0.85,1.0,1.0
aurus-nsga2-apportion|aurus,ctrl_x,gyro-var2,6,10,0.8,1.0,1.0,1.0
aurus-nsga2-apportion|aurus,ctrl_y,gyro-var2,6,48,0.9167,0.9375,0.9375,1.0
aurus-nsga2-apportion|aurus,cross,gyro-var2,7,10,1.0,0.8,1.0,0.7
aurus-nsga2-apportion|aurus,cross,gyro-var2,8,21,0.619,0.8095,1.0,0.7143
aurus-nsga2-apportion|aurus,ctrl_x,gyro-var2,8,12,0.75,0.8333,1.0,1.0
aurus-nsga2-apportion|aurus,ctrl_y,gyro-var2,8,46,0.8478,1.0,1.0,0.8913
aurus-nsga2-apportion|aurus,cross,gyro-var2,9,12,0.75,0.9167,1.0,1.0
aurus-nsga2-apportion|aurus,cross,gyro-var2,10,8,0.75,0.875,1.0,1.0
aurus-nsga2-apportion|aurus,ctrl_x,gyro-var2,10,8,0.625,1.0,1.0,1.0
aurus-nsga2-apportion|aurus,ctrl_y,gyro-var2,10,55,0.9091,1.0,1.0,0.9273
aurus-nsga2-apportion|aurus,cross,gyro-var2,11,13,0.1538,0.6923,0.6923,0.5385
aurus-nsga2-apportion|aurus,cross,gyro-var2,12,22,0.8182,0.9091,1.0,1.0
aurus-nsga2-apportion|aurus,ctrl_x,gyro-var2,12,16,0.75,0.6875,1.0,1.0
aurus-nsga2-apportion|aurus,ctrl_y,gyro-var2,12,45,0.8444,0.9333,0.9111,0.9778
aurus-nsga2-apportion|aurus,cross,gyro-var2,13,16,0.6875,0.9375,1.0,0.8125
aurus-nsga2-apportion|aurus,cross,gyro-var2,14,17,0.8235,0.8824,1.0,1.0
aurus-nsga2-apportion|aurus,ctrl_x,gyro-var2,14,11,1.0,0.9091,1.0,1.0
aurus-nsga2-apportion|aurus,ctrl_y,gyro-var2,14,42,1.0,0.9762,1.0,1.0
aurus-nsga2-apportion|aurus,cross,gyro-var2,15,11,0.4545,1.0,0.4545,0.9091
aurus-nsga2-apportion|aurus,cross,gyro-var2,16,20,0.4,0.65,0.95,0.7
aurus-nsga2-apportion|aurus,ctrl_x,gyro-var2,16,19,0.5263,1.0,1.0,1.0
aurus-nsga2-apportion|aurus,ctrl_y,gyro-var2,16,61,0.8852,0.7377,0.7377,0.7705
aurus-nsga2-apportion|aurus,cross,gyro-var2,17,19,1.0,0.4211,1.0,1.0
aurus-nsga2-apportion|aurus,cross,gyro-var2,18,18,0.3889,0.8889,1.0,0.5556
aurus-nsga2-apportion|aurus,ctrl_x,gyro-var2,18,18,0.9444,0.8889,1.0,0.9444
aurus-nsga2-apportion|aurus,ctrl_y,gyro-var2,18,52,0.9231,0.9231,0.9423,0.8654
aurus-nsga2-apportion|aurus,cross,gyro-var2,19,18,0.6111,1.0,0.9444,0.9444
aurus-nsga2-apportion|aurus,cross,gyro-var2,20,19,0.8947,0.7895,1.0,1.0
aurus-nsga2-apportion|aurus,ctrl_x,gyro-var2,20,19,0.9474,0.9474,1.0,1.0
aurus-nsga2-apportion|aurus,ctrl_y,gyro-var2,20,57,0.9474,1.0,1.0,1.0
aurus-nsga2-apportion|aurus,cross,gyro-var2,21,21,0.6667,0.8095,1.0,0.9524
aurus-nsga2-apportion|aurus,cross,gyro-var2,22,11,0.9091,0.7273,1.0,1.0
aurus-nsga2-apportion|aurus,ctrl_x,gyro-var2,22,11,0.9091,1.0,1.0,1.0
aurus-nsga2-apportion|aurus,ctrl_y,gyro-var2,22,51,0.9608,0.9216,0.9216,0.9608
aurus-nsga2-apportion|aurus,cross,gyro-var2,23,15,1.0,0.9333,1.0,0.7333
aurus-nsga2-apportion|aurus,cross,gyro-var2,24,13,0.6154,1.0,1.0,1.0
aurus-nsga2-apportion|aurus,ctrl_x,gyro-var2,24,13,0.5385,0.9231,1.0,1.0
aurus-nsga2-apportion|aurus,ctrl_y,gyro-var2,24,42,0.8095,0.9286,1.0,1.0
aurus-nsga2-apportion|aurus,cross,gyro-var2,25,22,0.7273,0.8182,1.0,1.0
aurus-nsga2-apportion|aurus,cross,gyro-var2,26,20,0.9,0.85,0.95,1.0
aurus-nsga2-apportion|aurus,ctrl_x,gyro-var2,26,15,0.9333,0.8667,0.8,1.0
aurus-nsga2-apportion|aurus,ctrl_y,gyro-var2,26,55,0.8909,0.9091,0.8364,0.8727
aurus-nsga2-apportion|aurus,cross,gyro-var2,27,15,0.9333,0.9333,1.0,1.0
aurus-nsga2-apportion|aurus,cross,gyro-var2,28,24,0.7083,0.625,0.8333,1.0
aurus-nsga2-apportion|aurus,ctrl_x,gyro-var2,28,15,1.0,0.6,1.0,1.0
aurus-nsga2-apportion|aurus,ctrl_y,gyro-var2,28,56,0.875,1.0,1.0,0.7679
aurus-nsga2-apportion|aurus,cross,gyro-var2,29,15,0.9333,0.8,1.0,1.0
mrs-nsga2-apportion|aurus,cross,humanoid-458,0,17,1.0,0.8824,1.0,1.0
mrs-nsga2-apportion|aurus,ctrl_x,humanoid-458,0,17,0.8824,0.5294,1.0,1.0
mrs-nsga2-apportion|aurus,ctrl_y,humanoid-458,0,17,0.9412,0.8235,1.0,1.0
mrs-nsga2-apportion|aurus,cross,humanoid-458,1,23,0.8261,0.3043,0.8261,0.4348
mrs-nsga2-apportion|aurus,cross,humanoid-458,2,15,0.9333,0.8,1.0,0.4667
mrs-nsga2-apportion|aurus,ctrl_x,humanoid-458,2,21,0.9048,1.0,0.5714,1.0
mrs-nsga2-apportion|aurus,ctrl_y,humanoid-458,2,15,0.8667,0.9333,1.0,1.0
mrs-nsga2-apportion|aurus,cross,humanoid-458,3,15,1.0,0.9333,1.0,0.4
mrs-nsga2-apportion|aurus,cross,humanoid-458,4,13,0.9231,1.0,1.0,1.0
mrs-nsga2-apportion|aurus,ctrl_x,humanoid-458,4,17,0.8235,0.8824,0.9412,1.0
mrs-nsga2-apportion|aurus,ctrl_y,humanoid-458,4,13,1.0,0.8462,1.0,1.0
mrs-nsga2-apportion|aurus,cross,humanoid-458,5,15,1.0,0.8667,1.0,0.8
mrs-nsga2-apportion|aurus,cross,humanoid-458,6,17,1.0,1.0,1.0,0.2941
mrs-nsga2-apportion|aurus,ctrl_x,humanoid-458,6,22,0.9091,0.9545,1.0,0.6818
mrs-nsga2-apportion|aurus,ctrl_y,humanoid-458,6,14,1.0,1.0,0.7143,1.0
mrs-nsga2-apportion|aurus,cross,humanoid-458,7,14,0.6429,0.9286,0.9286,1.0
mrs-nsga2-apportion|aurus,cross,humanoid-458,8,10,1.0,1.0,1.0,1.0
mrs-nsga2-apportion|aurus,ctrl_x,humanoid-458,8,13,0.6923,1.0,0.5385,1.0
mrs-nsga2-apportion|aurus,ctrl_y,humanoid-458,8,10,1.0,1.0,1.0,1.0
mrs-nsga2-apportion|aurus,cross,humanoid-458,9,12,1.0,1.0,1.0,0.6667
mrs-nsga2-apportion|aurus,cross,humanoid-458,10,12,0.25,0.9167,1.0,0.5
mrs-nsga2-apportion|aurus,ctrl_x,humanoid-458,10,18,0.7778,0.9444,1.0,1.0
mrs-nsga2-apportion|aurus,ctrl_y,humanoid-458,10,12,1.0,0.75,1.0,1.0
mrs-nsga2-apportion|aurus,cross,humanoid-458,11,19,0.6316,0.2632,0.6842,0.6316
mrs-nsga2-apportion|aurus,cross,humanoid-458,12,18,1.0,0.5556,1.0,0.6667
mrs-nsga2-apportion|aurus,ctrl_x,humanoid-458,12,21,0.7619,0.8571,1.0,0.7619
mrs-nsga2-apportion|aurus,ctrl_y,humanoid-458,12,14,0.8571,0.9286,1.0,1.0
mrs-nsga2-apportion|aurus,cross,humanoid-458,13,14,0.9286,0.9286,0.9286,0.5
mrs-nsga2-apportion|aurus,cross,humanoid-458,14,23,0.913,0.8261,1.0,1.0
mrs-nsga2-apportion|aurus,ctrl_x,humanoid-458,14,20,0.7,1.0,1.0,1.0
mrs-nsga2-apportion|aurus,ctrl_y,humanoid-458,14,24,0.875,0.4583,0.9583,0.5833
mrs-nsga2-apportion|aurus,cross,humanoid-458,15,20,0.9,0.45,0.95,0.5
mrs-nsga2-apportion|aurus,cross,humanoid-458,16,10,1.0,1.0,1.0,1.0
mrs-nsga2-apportion|aurus,ctrl_x,humanoid-458,16,16,0.9375,0.875,1.0,1.0
mrs-nsga2-apportion|aurus,ctrl_y,humanoid-458,16,10,1.0,1.0,1.0,1.0
mrs-nsga2-apportion|aurus,cross,humanoid-458,17,16,0.9375,1.0,1.0,0.9375
mrs-nsga2-apportion|aurus,cross,humanoid-458,18,20,0.45,0.6,0.95,0.45
mrs-nsga2-apportion|aurus,ctrl_x,humanoid-458,18,20,0.65,0.75,0.95,1.0
mrs-nsga2-apportion|aurus,ctrl_y,humanoid-458,18,13,1.0,0.5385,1.0,1.0
mrs-nsga2-apportion|aurus,cross,humanoid-458,19,13,1.0,0.1538,1.0,0.5385
mrs-nsga2-apportion|aurus,cross,humanoid-458,20,15,0.9333,0.9333,0.9333,0.2
mrs-nsga2-apportion|aurus,ctrl_x,humanoid-458,20,19,1.0,0.9474,1.0,1.0
mrs-nsga2-apportion|aurus,ctrl_y,humanoid-458,20,15,0.8667,1.0,0.9333,1.0
mrs-nsga2-apportion|aurus,cross,humanoid-458,21,15,0.9333,0.8,1.0,0.2667
mrs-nsga2-apportion|aurus,cross,humanoid-458,22,17,1.0,0.2941,1.0,0.6471
mrs-nsga2-apportion|aurus,ctrl_x,humanoid-458,22,17,0.9412,1.0,1.0,1.0
mrs-nsga2-apportion|aurus,ctrl_y,humanoid-458,22,17,0.7647,1.0,1.0,1.0
mrs-nsga2-apportion|aurus,cross,humanoid-458,23,19,1.0,0.4737,0.9474,1.0
mrs-nsga2-apportion|aurus,cross,humanoid-458,24,23,0.9565,0.5652,1.0,1.0
mrs-nsga2-apportion|aurus,ctrl_x,humanoid-458,24,17,0.7059,0.8235,1.0,1.0
mrs-nsga2-apportion|aurus,ctrl_y,humanoid-458,24,18,1.0,0.8333,1.0,1.0
mrs-nsga2-apportion|aurus,cross,humanoid-458,25,17,0.4118,0.5294,1.0,0.6471
mrs-nsga2-apportion|aurus,cross,humanoid-458,26,21,1.0,0.9524,0.7143,0.9524
mrs-nsga2-apportion|aurus,ctrl_x,humanoid-458,26,30,0.8667,0.8333,0.9333,0.8667
mrs-nsga2-apportion|aurus,ctrl_y,humanoid-458,26,12,1.0,1.0,1.0,1.0
mrs-nsga2-apportion|aurus,cross,humanoid-458,27,12,1.0,1.0,1.0,0.4167
mrs-nsga2-apportion|aurus,cross,humanoid-458,28,17,1.0,1.0,0.8235,0.2941
mrs-nsga2-apportion|aurus,ctrl_x,humanoid-458,28,27,0.7407,0.8519,0.7407,1.0
mrs-nsga2-apportion|aurus,ctrl_y,humanoid-458,28,10,1.0,1.0,0.9,1.0
mrs-nsga2-apportion|aurus,cross,humanoid-458,29,10,1.0,0.9,0.7,0.8
mrs-nsga2-apportion|aurus-nsga2-apportion,cross,humanoid-458,0,13,1.0,0.7692,1.0,1.0
mrs-nsga2-apportion|aurus-nsga2-apportion,ctrl_x,humanoid-458,0,17,0.9412,0.5294,0.7647,1.0
mrs-nsga2-apportion|aurus-nsga2-apportion,ctrl_y,humanoid-458,0,13,0.8462,1.0,1.0,1.0
mrs-nsga2-apportion|aurus-nsga2-apportion,cross,humanoid-458,1,15,0.5333,0.8667,1.0,0.8667
mrs-nsga2-apportion|aurus-nsga2-apportion,cross,humanoid-458,2,19,0.9474,0.9474,1.0,1.0
mrs-nsga2-apportion|aurus-nsga2-apportion,ctrl_x,humanoid-458,2,21,0.9048,1.0,0.5714,1.0
mrs-nsga2-apportion|aurus-nsga2-apportion,ctrl_y,humanoid-458,2,16,0.75,1.0,1.0,1.0
mrs-nsga2-apportion|aurus-nsga2-apportion,cross,humanoid-458,3,16,0.9375,1.0,1.0,1.0
mrs-nsga2-apportion|aurus-nsga2-apportion,cross,humanoid-458,4,11,0.4545,1.0,1.0,1.0
mrs-nsga2-apportion|aurus-nsga2-apportion,ctrl_x,humanoid-458,4,17,0.8235,0.8235,0.9412,1.0
mrs-nsga2-apportion|aurus-nsga2-apportion,ctrl_y,humanoid-458,4,11,1.0,0.4545,1.0,1.0
mrs-nsga2-apportion|aurus-nsga2-apportion,cross,humanoid-458,5,15,1.0,0.3333,1.0,1.0
mrs-nsga2-apportion|aurus-nsga2-apportion,cross,humanoid-458,6,17,0.5882,0.8235,1.0,0.6471
mrs-nsga2-apportion|aurus-nsga2-apportion,ctrl_x,humanoid-458,6,22,0.9091,0.9545,1.0,0.6818
mrs-nsga2-apportion|aurus-nsga2-apportion,ctrl_y,humanoid-458,6,14,0.8571,0.4286,0.4286,1.0
mrs-nsga2-apportion|aurus-nsga2-apportion,cross,humanoid-458,7,14,0.8571,0.2143,0.9286,1.0
mrs-nsga2-apportion|aurus-nsga2-apportion,cross,humanoid-458,8,25,0.92,0.96,0.56,0.88
mrs-nsga2-apportion|aurus-nsga2-apportion,ctrl_x,humanoid-458,8,13,1.0,0.8462,0.4615,0.9231
mrs-nsga2-apportion|aurus-nsga2-apportion,ctrl_y,humanoid-458,8,10,0.7,1.0,1.0,1.0
mrs-nsga2-apportion|aurus-nsga2-apportion,cross,humanoid-458,9,10,0.5,1.0,1.0,1.0
mrs-nsga2-apportion|aurus-nsga2-apportion,cross,humanoid-458,10,8,0.75,1.0,1.0,1.0
mrs-nsga2-apportion|aurus-nsga2-apportion,ctrl_x,humanoid-458,10,18,0.7222,0.9444,0.7222,1.0
mrs-nsga2-apportion|aurus-nsga2-apportion,ctrl_y,humanoid-458,10,8,0.875,0.625,1.0,1.0
mrs-nsga2-apportion|aurus-nsga2-apportion,cross,humanoid-458,11,15,0.8667,0.9333,1.0,1.0
mrs-nsga2-apportion|aurus-nsga2-apportion,cross,humanoid-458,12,11,0.6364,0.9091,1.0,1.0
mrs-nsga2-apportion|aurus-nsga2-apportion,ctrl_x,humanoid-458,12,21,0.7143,0.9048,1.0,0.9524
mrs-nsga2-apportion|aurus-nsga2-apportion,ctrl_y,humanoid-458,12,9,1.0,0.5556,1.0,1.0
mrs-nsga2-apportion|aurus-nsga2-apportion,cross,humanoid-458,13,9,1.0,0.7778,1.0,0.3333
mrs-nsga2-apportion|aurus-nsga2-apportion,cross,humanoid-458,14,13,0.9231,0.4615,1.0,1.0
mrs-nsga2-apportion|aurus-nsga2-apportion,ctrl_x,humanoid-458,14,20,0.7,1.0,1.0,1.0
mrs-nsga2-apportion|aurus-nsga2-apportion,ctrl_y,humanoid-458,14,9,0.7778,1.0,1.0,1.0
mrs-nsga2-apportion|aurus-nsga2-apportion,cross,humanoid-458,15,9,0.8889,1.0,1.0,1.0
mrs-nsga2-apportion|aurus-nsga2-apportion,cross,humanoid-458,16,10,1.0,0.8,1.0,1.0
mrs-nsga2-apportion|aurus-nsga2-apportion,ctrl_x,humanoid-458,16,16,0.9375,0.875,1.0,1.0
mrs-nsga2-apportion|aurus-nsga2-apportion,ctrl_y,humanoid-458,16,10,0.5,0.8,1.0,1.0
mrs-nsga2-apportion|aurus-nsga2-apportion,cross,humanoid-458,17,11,1.0,1.0,1.0,1.0
mrs-nsga2-apportion|aurus-nsga2-apportion,cross,humanoid-458,18,13,0.8462,1.0,1.0,1.0
mrs-nsga2-apportion|aurus-nsga2-apportion,ctrl_x,humanoid-458,18,20,0.5,0.95,0.95,1.0
mrs-nsga2-apportion|aurus-nsga2-apportion,ctrl_y,humanoid-458,18,11,0.4545,1.0,1.0,1.0
mrs-nsga2-apportion|aurus-nsga2-apportion,cross,humanoid-458,19,11,0.7273,1.0,1.0,1.0
mrs-nsga2-apportion|aurus-nsga2-apportion,cross,humanoid-458,20,19,0.8947,1.0,1.0,1.0
mrs-nsga2-apportion|aurus-nsga2-apportion,ctrl_x,humanoid-458,20,19,1.0,0.9474,1.0,1.0
mrs-nsga2-apportion|aurus-nsga2-apportion,ctrl_y,humanoid-458,20,10,0.8,1.0,1.0,1.0
mrs-nsga2-apportion|aurus-nsga2-apportion,cross,humanoid-458,21,10,0.9,1.0,1.0,1.0
mrs-nsga2-apportion|aurus-nsga2-apportion,cross,humanoid-458,22,17,0.8235,1.0,1.0,1.0
mrs-nsga2-apportion|aurus-nsga2-apportion,ctrl_x,humanoid-458,22,17,0.9412,0.8824,1.0,1.0
mrs-nsga2-apportion|aurus-nsga2-apportion,ctrl_y,humanoid-458,22,15,1.0,0.7333,1.0,1.0
mrs-nsga2-apportion|aurus-nsga2-apportion,cross,humanoid-458,23,15,0.8,1.0,1.0,1.0
mrs-nsga2-apportion|aurus-nsga2-apportion,cross,humanoid-458,24,19,0.7368,1.0,1.0,1.0
mrs-nsga2-apportion|aurus-nsga2-apportion,ctrl_x,humanoid-458,24,17,0.6471,0.8824,1.0,1.0
mrs-nsga2-apportion|aurus-nsga2-apportion,ctrl_y,humanoid-458,24,12,0.8333,0.9167,1.0,1.0
mrs-nsga2-apportion|aurus-nsga2-apportion,cross,humanoid-458,25,12,0.6667,0.8333,1.0,1.0
mrs-nsga2-apportion|aurus-nsga2-apportion,cross,humanoid-458,26,11,1.0,0.8182,1.0,1.0
mrs-nsga2-apportion|aurus-nsga2-apportion,ctrl_x,humanoid-458,26,30,0.9,0.9333,1.0,0.8333
mrs-nsga2-apportion|aurus-nsga2-apportion,ctrl_y,humanoid-458,26,11,0.9091,0.7273,1.0,1.0
mrs-nsga2-apportion|aurus-nsga2-apportion,cross,humanoid-458,27,25,0.96,0.76,1.0,1.0
mrs-nsga2-apportion|aurus-nsga2-apportion,cross,humanoid-458,28,22,0.9091,0.4091,0.5455,0.9545
mrs-nsga2-apportion|aurus-nsga2-apportion,ctrl_x,humanoid-458,28,27,0.9259,0.8519,0.5556,1.0
mrs-nsga2-apportion|aurus-nsga2-apportion,ctrl_y,humanoid-458,28,9,0.8889,1.0,1.0,1.0
mrs-nsga2-apportion|aurus-nsga2-apportion,cross,humanoid-458,29,9,1.0,0.7778,1.0,0.6667
mrs-nsga2-apportion|mrs-weighted,cross,humanoid-458,0,17,0.9412,0.9412,1.0,0.3529
mrs-nsga2-apportion|mrs-weighted,ctrl_x,humanoid-458,0,17,0.8824,0.5294,1.0,1.0
mrs-nsga2-apportion|mrs-weighted,ctrl_y,humanoid-458,0,46,0.7391,1.0,0.5652,0.9565
mrs-nsga2-apportion|mrs-weighted,cross,humanoid-458,1,27,0.7778,0.9259,0.963,0.8889
mrs-nsga2-apportion|mrs-weighted,cross,humanoid-458,2,21,0.8095,0.9524,0.5714,1.0
mrs-nsga2-apportion|mrs-weighted,ctrl_x,humanoid-458,2,21,0.9048,1.0,0.5714,1.0
mrs-nsga2-apportion|mrs-weighted,ctrl_y,humanoid-458,2,53,0.7736,0.8868,0.7358,1.0
mrs-nsga2-apportion|mrs-weighted,cross,humanoid-458,3,21,0.9048,1.0,1.0,0.9524
mrs-nsga2-apportion|mrs-weighted,cross,humanoid-458,4,17,0.7059,1.0,1.0,1.0
mrs-nsga2-apportion|mrs-weighted,ctrl_x,humanoid-458,4,17,0.8235,0.7647,0.9412,1.0
mrs-nsga2-apportion|mrs-weighted,ctrl_y,humanoid-458,4,53,0.9057,0.7925,0.8679,0.9245
mrs-nsga2-apportion|mrs-weighted,cross,humanoid-458,5,19,0.9474,0.9474,1.0,1.0
mrs-nsga2-apportion|mrs-weighted,cross,humanoid-458,6,22,0.9091,1.0,1.0,1.0
mrs-nsga2-apportion|mrs-weighted,ctrl_x,humanoid-458,6,22,0.9091,0.9545,1.0,0.6818
mrs-nsga2-apportion|mrs-weighted,ctrl_y,humanoid-458,6,48,0.8125,0.9167,0.8542,0.9375
mrs-nsga2-apportion|mrs-weighted,cross,humanoid-458,7,24,0.75,0.875,0.7917,1.0
mrs-nsga2-apportion|mrs-weighted,cross,humanoid-458,8,33,0.6364,0.9394,0.6061,0.8788
mrs-nsga2-apportion|mrs-weighted,ctrl_x,humanoid-458,8,13,0.6923,0.9231,1.0,0.9231
mrs-nsga2-apportion|mrs-weighted,ctrl_y,humanoid-458,8,45,0.9333,0.9556,0.6889,1.0
mrs-nsga2-apportion|mrs-weighted,cross,humanoid-458,9,13,0.5385,0.8462,1.0,1.0
mrs-nsga2-apportion|mrs-weighted,cross,humanoid-458,10,18,0.6111,0.9444,0.2778,0.7778
mrs-nsga2-apportion|mrs-weighted,ctrl_x,humanoid-458,10,18,0.8333,0.8333,1.0,1.0
mrs-nsga2-apportion|mrs-weighted,ctrl_y,humanoid-458,10,60,0.8667,0.85,0.4833,0.3667
mrs-nsga2-apportion|mrs-weighted,cross,humanoid-458,11,29,0.6897,0.8966,0.7931,1.0
mrs-nsga2-apportion|mrs-weighted,cross,humanoid-458,12,21,0.9048,0.8571,1.0,1.0
mrs-nsga2-apportion|mrs-weighted,ctrl_x,humanoid-458,12,21,0.7619,0.9048,1.0,0.9048
mrs-nsga2-apportion|mrs-weighted,ctrl_y,humanoid-458,12,50,0.84,0.9,0.92,1.0
mrs-nsga2-apportion|mrs-weighted,cross,humanoid-458,13,25,0.88,0.92,0.8,1.0
mrs-nsga2-apportion|mrs-weighted,cross,humanoid-458,14,23,0.7391,1.0,0.8696,1.0
mrs-nsga2-apportion|mrs-weighted,ctrl_x,humanoid-458,14,20,0.7,1.0,1.0,1.0
mrs-nsga2-apportion|mrs-weighted,ctrl_y,humanoid-458,14,48,0.9792,0.9167,0.625,0.5417
mrs-nsga2-apportion|mrs-weighted,cross,humanoid-458,15,20,0.95,0.65,0.35,1.0
mrs-nsga2-apportion|mrs-weighted,cross,humanoid-458,16,36,0.8333,0.7778,0.9722,0.8889
mrs-nsga2-apportion|mrs-weighted,ctrl_x,humanoid-458,16,16,0.9375,0.9375,0.625,1.0
mrs-nsga2-apportion|mrs-weighted,ctrl_y,humanoid-458,16,55,0.8,0.8545,1.0,0.9636
mrs-nsga2-apportion|mrs-weighted,cross,humanoid-458,17,16,0.6875,1.0,1.0,0.9375
mrs-nsga2-apportion|mrs-weighted,cross,humanoid-458,18,20,0.55,1.0,1.0,1.0
mrs-nsga2-apportion|mrs-weighted,ctrl_x,humanoid-458,18,20,0.65,0.75,0.95,1.0
mrs-nsga2-apportion|mrs-weighted,ctrl_y,humanoid-458,18,37,0.9189,0.9189,0.973,0.9189
mrs-nsga2-apportion|mrs-weighted,cross,humanoid-458,19,23,0.7826,1.0,1.0,1.0
mrs-nsga2-apportion|mrs-weighted,cross,humanoid-458,20,19,0.8421,1.0,1.0,1.0
mrs-nsga2-apportion|mrs-weighted,ctrl_x,humanoid-458,20,19,1.0,0.9474,1.0,1.0
mrs-nsga2-apportion|mrs-weighted,ctrl_y,humanoid-458,20,60,0.9333,0.8333,0.8167,0.4333
mrs-nsga2-apportion|mrs-weighted,cross,humanoid-458,21,24,0.875,0.9167,1.0,0.875
mrs-nsga2-apportion|mrs-weighted,cross,humanoid-458,22,17,0.8824,0.7059,0.7059,1.0
mrs-nsga2-apportion|mrs-weighted,ctrl_x,humanoid-458,22,17,0.9412,0.8824,1.0,1.0
mrs-nsga2-apportion|mrs-weighted,ctrl_y,humanoid-458,22,59,0.8644,0.7458,0.8305,0.8305
mrs-nsga2-apportion|mrs-weighted,cross,humanoid-458,23,31,0.9355,0.7742,1.0,1.0
mrs-nsga2-apportion|mrs-weighted,cross,humanoid-458,24,23,0.6522,1.0,1.0,1.0
mrs-nsga2-apportion|mrs-weighted,ctrl_x,humanoid-458,24,17,0.7059,0.8235,1.0,1.0
mrs-nsga2-apportion|mrs-weighted,ctrl_y,humanoid-458,24,42,0.8571,0.7143,0.9762,1.0
mrs-nsga2-apportion|mrs-weighted,cross,humanoid-458,25,17,0.4706,0.9412,0.9412,1.0
mrs-nsga2-apportion|mrs-weighted,cross,humanoid-458,26,30,0.7667,0.9667,0.9333,0.9333
mrs-nsga2-apportion|mrs-weighted,ctrl_x,humanoid-458,26,30,0.9,0.8,0.9333,0.8333
mrs-nsga2-apportion|mrs-weighted,ctrl_y,humanoid-458,26,80,0.9375,0.725,0.4125,0.1875
mrs-nsga2-apportion|mrs-weighted,cross,humanoid-458,27,34,1.0,1.0,0.7941,0.1471
mrs-nsga2-apportion|mrs-weighted,cross,humanoid-458,28,32,0.7812,0.9688,0.6875,0.9688
mrs-nsga2-apportion|mrs-weighted,ctrl_x,humanoid-458,28,27,0.7407,0.8519,0.8148,1.0
mrs-nsga2-apportion|mrs-weighted,ctrl_y,humanoid-458,28,53,0.6792,0.8679,0.717,0.8868
mrs-nsga2-apportion|mrs-weighted,cross,humanoid-458,29,27,0.8889,0.6296,0.8889,0.963
aurus-nsga2-apportion|aurus,cross,humanoid-458,0,13,0.9231,0.9231,1.0,1.0
aurus-nsga2-apportion|aurus,ctrl_x,humanoid-458,0,13,0.8462,1.0,1.0,0.8462
aurus-nsga2-apportion|aurus,ctrl_y,humanoid-458,0,17,0.9412,0.8235,1.0,1.0
aurus-nsga2-apportion|aurus,cross,humanoid-458,1,15,0.8667,0.6667,1.0,0.8
aurus-nsga2-apportion|aurus,cross,humanoid-458,2,15,1.0,1.0,1.0,1.0
aurus-nsga2-apportion|aurus,ctrl_x,humanoid-458,2,16,0.9375,1.0,1.0,1.0
aurus-nsga2-apportion|aurus,ctrl_y,humanoid-458,2,15,0.8667,0.9333,1.0,1.0
aurus-nsga2-apportion|aurus,cross,humanoid-458,3,15,1.0,1.0,1.0,0.4
aurus-nsga2-apportion|aurus,cross,humanoid-458,4,11,1.0,1.0,1.0,1.0
aurus-nsga2-apportion|aurus,ctrl_x,humanoid-458,4,11,1.0,0.5455,1.0,1.0
aurus-nsga2-apportion|aurus,ctrl_y,humanoid-458,4,13,1.0,0.8462,1.0,1.0
aurus-nsga2-apportion|aurus,cross,humanoid-458,5,15,0.2667,0.8,1.0,0.5333
aurus-nsga2-apportion|aurus,cross,humanoid-458,6,17,0.1176,1.0,0.4706,0.1176
aurus-nsga2-apportion|aurus,ctrl_x,humanoid-458,6,14,0.9286,0.4286,0.5,1.0
aurus-nsga2-apportion|aurus,ctrl_y,humanoid-458,6,14,1.0,1.0,0.7857,1.0
aurus-nsga2-apportion|aurus,cross,humanoid-458,7,14,0.6429,0.9286,1.0,1.0
aurus-nsga2-apportion|aurus,cross,humanoid-458,8,10,1.0,0.9,0.9,1.0
aurus-nsga2-apportion|aurus,ctrl_x,humanoid-458,8,10,0.7,1.0,1.0,1.0
aurus-nsga2-apportion|aurus,ctrl_y,humanoid-458,8,10,1.0,1.0,1.0,1.0
aurus-nsga2-apportion|aurus,cross,humanoid-458,9,10,1.0,1.0,1.0,0.8
aurus-nsga2-apportion|aurus,cross,humanoid-458,10,8,1.0,1.0,1.0,1.0
aurus-nsga2-apportion|aurus,ctrl_x,humanoid-458,10,8,0.875,0.625,1.0,1.0
aurus-nsga2-apportion|aurus,ctrl_y,humanoid-458,10,12,1.0,0.75,1.0,1.0
aurus-nsga2-apportion|aurus,cross,humanoid-458,11,15,1.0,0.7333,1.0,1.0
aurus-nsga2-apportion|aurus,cross,humanoid-458,12,11,0.6364,0.8182,1.0,1.0
aurus-nsga2-apportion|aurus,ctrl_x,humanoid-458,12,9,1.0,0.4444,1.0,1.0
aurus-nsga2-apportion|aurus,ctrl_y,humanoid-458,12,14,0.9286,1.0,1.0,0.8571
aurus-nsga2-apportion|aurus,cross,humanoid-458,13,9,0.3333,1.0,1.0,1.0
aurus-nsga2-apportion|aurus,cross,humanoid-458,14,13,0.5385,0.8462,1.0,1.0
aurus-nsga2-apportion|aurus,ctrl_x,humanoid-458,14,9,0.7778,1.0,1.0,1.0
aurus-nsga2-apportion|aurus,ctrl_y,humanoid-458,14,24,0.875,0.4583,0.9583,0.5833
aurus-nsga2-apportion|aurus,cross,humanoid-458,15,9,1.0,1.0,1.0,1.0
aurus-nsga2-apportion|aurus,cross,humanoid-458,16,10,0.9,1.0,1.0,0.9
aurus-nsga2-apportion|aurus,ctrl_x,humanoid-458,16,10,0.6,0.8,1.0,1.0
aurus-nsga2-apportion|aurus,ctrl_y,humanoid-458,16,10,1.0,1.0,1.0,1.0
aurus-nsga2-apportion|aurus,cross,humanoid-458,17,11,1.0,1.0,1.0,1.0
aurus-nsga2-apportion|aurus,cross,humanoid-458,18,13,0.9231,0.6923,1.0,0.8462
aurus-nsga2-apportion|aurus,ctrl_x,humanoid-458,18,11,0.5455,1.0,1.0,1.0
aurus-nsga2-apportion|aurus,ctrl_y,humanoid-458,18,13,1.0,0.4615,1.0,1.0
aurus-nsga2-apportion|aurus,cross,humanoid-458,19,11,1.0,0.9091,1.0,1.0
aurus-nsga2-apportion|aurus,cross,humanoid-458,20,15,1.0,0.9333,1.0,0.3333
aurus-nsga2-apportion|aurus,ctrl_x,humanoid-458,20,10,0.7,1.0,1.0,1.0
aurus-nsga2-apportion|aurus,ctrl_y,humanoid-458,20,15,0.8667,1.0,0.9333,1.0
aurus-nsga2-apportion|aurus,cross,humanoid-458,21,10,1.0,0.9,0.6,0.2
aurus-nsga2-apportion|aurus,cross,humanoid-458,22,17,1.0,0.4118,0.9412,1.0
aurus-nsga2-apportion|aurus,ctrl_x,humanoid-458,22,15,1.0,0.8667,1.0,1.0
aurus-nsga2-apportion|aurus,ctrl_y,humanoid-458,22,17,0.8235,0.8824,1.0,1.0
aurus-nsga2-apportion|aurus,cross,humanoid-458,23,15,1.0,0.8,1.0,1.0
aurus-nsga2-apportion|aurus,cross,humanoid-458,24,19,0.6842,0.9474,0.9474,1.0
aurus-nsga2-apportion|aurus,ctrl_x,humanoid-458,24,12,1.0,1.0,1.0,1.0
aurus-nsga2-apportion|aurus,ctrl_y,humanoid-458,24,18,1.0,0.8333,0.9444,1.0
aurus-nsga2-apportion|aurus,cross,humanoid-458,25,12,0.9167,0.75,1.0,1.0
aurus-nsga2-apportion|aurus,cross,humanoid-458,26,11,0.8182,0.9091,1.0,1.0
aurus-nsga2-apportion|aurus,ctrl_x,humanoid-458,26,11,0.8182,0.7273,1.0,1.0
aurus-nsga2-apportion|aurus,ctrl_y,humanoid-458,26,12,1.0,1.0,1.0,1.0
aurus-nsga2-apportion|aurus,cross,humanoid-458,27,12,0.9167,1.0,1.0,0.4167
aurus-nsga2-apportion|aurus,cross,humanoid-458,28,17,0.1765,1.0,0.5882,0.1765
aurus-nsga2-apportion|aurus,ctrl_x,humanoid-458,28,9,0.5556,1.0,1.0,1.0
aurus-nsga2-apportion|aurus,ctrl_y,humanoid-458,28,10,1.0,1.0,0.9,1.0
aurus-nsga2-apportion|aurus,cross,humanoid-458,29,9,0.7778,1.0,1.0,1.0
mrs-nsga2-apportion|aurus,ctrl_x,humanoid-503,2,13,0.6923,0.5385,1.0,1.0
mrs-nsga2-apportion|aurus,ctrl_x,humanoid-503,4,19,0.5263,0.7368,0.6842,0.2105
mrs-nsga2-apportion|aurus,ctrl_x,humanoid-503,6,23,1.0,0.913,0.9565,0.4783
mrs-nsga2-apportion|aurus,ctrl_x,humanoid-503,8,18,0.2778,1.0,0.8889,0.6667
mrs-nsga2-apportion|aurus,ctrl_x,humanoid-503,10,24,0.75,0.875,0.75,1.0
mrs-nsga2-apportion|aurus,ctrl_x,humanoid-503,12,15,0.9333,1.0,0.4,0.3333
mrs-nsga2-apportion|aurus,ctrl_x,humanoid-503,14,33,0.7879,0.8788,0.5455,0.5758
mrs-nsga2-apportion|aurus,ctrl_x,humanoid-503,16,8,1.0,0.875,1.0,1.0
mrs-nsga2-apportion|aurus,ctrl_x,humanoid-503,18,18,0.4444,1.0,0.3889,0.6111
mrs-nsga2-apportion|aurus,ctrl_x,humanoid-503,20,17,0.8824,0.7647,0.4706,0.9412
mrs-nsga2-apportion|aurus,ctrl_x,humanoid-503,22,36,0.6111,0.9444,0.0833,0.1111
mrs-nsga2-apportion|aurus,ctrl_x,humanoid-503,26,22,0.7727,0.7727,0.0909,0.3636
mrs-nsga2-apportion|aurus,ctrl_x,humanoid-503,28,30,0.9333,0.7333,0.7333,0.3333
mrs-nsga2-apportion|aurus-nsga2-apportion,ctrl_x,humanoid-503,2,13,0.6923,0.5385,1.0,1.0
mrs-nsga2-apportion|aurus-nsga2-apportion,ctrl_x,humanoid-503,4,19,0.5263,0.7368,0.6842,0.2105
mrs-nsga2-apportion|aurus-nsga2-apportion,ctrl_x,humanoid-503,6,23,1.0,0.913,0.9565,0.4783
mrs-nsga2-apportion|aurus-nsga2-apportion,ctrl_x,humanoid-503,8,18,0.2778,1.0,0.8889,0.6667
mrs-nsga2-apportion|aurus-nsga2-apportion,ctrl_x,humanoid-503,10,24,0.75,0.875,0.75,1.0
mrs-nsga2-apportion|aurus-nsga2-apportion,cross,humanoid-503,11,7,1.0,1.0,1.0,1.0
mrs-nsga2-apportion|aurus-nsga2-apportion,ctrl_x,humanoid-503,12,15,0.9333,1.0,0.4,0.3333
mrs-nsga2-apportion|aurus-nsga2-apportion,ctrl_x,humanoid-503,14,33,0.7879,0.8788,0.5455,0.5758
mrs-nsga2-apportion|aurus-nsga2-apportion,ctrl_x,humanoid-503,16,8,1.0,0.875,1.0,1.0
mrs-nsga2-apportion|aurus-nsga2-apportion,ctrl_x,humanoid-503,18,18,0.4444,1.0,0.3889,0.6111
mrs-nsga2-apportion|aurus-nsga2-apportion,ctrl_x,humanoid-503,20,17,0.8824,0.7647,0.4706,0.9412
mrs-nsga2-apportion|aurus-nsga2-apportion,cross,humanoid-503,22,7,1.0,0.7143,1.0,1.0
mrs-nsga2-apportion|aurus-nsga2-apportion,ctrl_x,humanoid-503,22,36,0.6111,0.9444,0.0833,0.1111
mrs-nsga2-apportion|aurus-nsga2-apportion,ctrl_x,humanoid-503,26,22,0.7727,0.7727,0.0909,0.3636
mrs-nsga2-apportion|aurus-nsga2-apportion,ctrl_x,humanoid-503,28,30,0.9333,0.7333,0.7333,0.3333
mrs-nsga2-apportion|mrs-weighted,ctrl_y,humanoid-503,0,53,0.0,1.0,0.0,0.3019
mrs-nsga2-apportion|mrs-weighted,cross,humanoid-503,1,13,0.7692,1.0,1.0,1.0
mrs-nsga2-apportion|mrs-weighted,cross,humanoid-503,2,6,1.0,1.0,1.0,1.0
mrs-nsga2-apportion|mrs-weighted,ctrl_x,humanoid-503,2,13,0.7692,0.5385,1.0,1.0
mrs-nsga2-apportion|mrs-weighted,ctrl_y,humanoid-503,2,6,1.0,1.0,1.0,1.0
mrs-nsga2-apportion|mrs-weighted,cross,humanoid-503,3,13,0.0,0.7692,0.0,0.0769
mrs-nsga2-apportion|mrs-weighted,cross,humanoid-503,4,19,0.0,0.9474,0.0,0.2105
mrs-nsga2-apportion|mrs-weighted,ctrl_x,humanoid-503,4,19,0.4211,0.4211,0.0526,0.1053
mrs-nsga2-apportion|mrs-weighted,ctrl_y,humanoid-503,4,35,0.7429,0.2571,0.4286,0.2286
mrs-nsga2-apportion|mrs-weighted,cross,humanoid-503,5,43,0.5349,0.6512,0.6512,0.4651
mrs-nsga2-apportion|mrs-weighted,cross,humanoid-503,6,18,1.0,0.5556,0.5556,0.1667
mrs-nsga2-apportion|mrs-weighted,ctrl_x,humanoid-503,6,23,1.0,0.913,0.8696,0.4783
mrs-nsga2-apportion|mrs-weighted,ctrl_y,humanoid-503,6,18,0.0,0.8889,0.0,0.0556
mrs-nsga2-apportion|mrs-weighted,cross,humanoid-503,7,72,0.0139,0.4722,0.0833,0.1389
mrs-nsga2-apportion|mrs-weighted,cross,humanoid-503,8,18,1.0,0.0,0.0556,0.0
mrs-nsga2-apportion|mrs-weighted,ctrl_x,humanoid-503,8,18,0.1667,0.8333,0.8333,0.8333
mrs-nsga2-apportion|mrs-weighted,ctrl_y,humanoid-503,8,74,0.8243,0.9865,0.0676,0.2432
mrs-nsga2-apportion|mrs-weighted,cross,humanoid-503,9,31,0.871,0.7097,0.5484,1.0
mrs-nsga2-apportion|mrs-weighted,cross,humanoid-503,10,24,0.5833,0.8333,0.4583,0.25
mrs-nsga2-apportion|mrs-weighted,ctrl_x,humanoid-503,10,24,0.8333,0.875,0.75,1.0
mrs-nsga2-apportion|mrs-weighted,ctrl_y,humanoid-503,10,26,0.9231,0.7692,0.5769,0.1923
mrs-nsga2-apportion|mrs-weighted,cross,humanoid-503,11,29,0.931,0.5517,0.9655,0.8966
mrs-nsga2-apportion|mrs-weighted,ctrl_x,humanoid-503,12,15,0.9333,1.0,0.4,0.3333
mrs-nsga2-apportion|mrs-weighted,cross,humanoid-503,13,44,0.6136,0.7273,0.75,1.0
mrs-nsga2-apportion|mrs-weighted,cross,humanoid-503,14,33,0.3333,0.9394,0.4242,0.3333
mrs-nsga2-apportion|mrs-weighted,ctrl_x,humanoid-503,14,33,0.7576,0.9091,0.5455,0.5455
mrs-nsga2-apportion|mrs-weighted,ctrl_y,humanoid-503,14,13,1.0,0.7692,0.3846,0.3846
mrs-nsga2-apportion|mrs-weighted,cross,humanoid-503,15,13,1.0,0.7692,1.0,0.5385
mrs-nsga2-apportion|mrs-weighted,ctrl_x,humanoid-503,16,8,1.0,0.875,1.0,1.0
mrs-nsga2-apportion|mrs-weighted,cross,humanoid-503,17,13,0.0769,1.0,0.7692,0.0769
mrs-nsga2-apportion|mrs-weighted,cross,humanoid-503,18,18,0.7222,0.9444,1.0,1.0
mrs-nsga2-apportion|mrs-weighted,ctrl_x,humanoid-503,18,18,0.3889,1.0,0.3889,0.5
mrs-nsga2-apportion|mrs-weighted,ctrl_y,humanoid-503,18,45,0.8444,0.7111,0.4889,0.4889
mrs-nsga2-apportion|mrs-weighted,cross,humanoid-503,19,31,1.0,0.9355,0.7742,0.2903
mrs-nsga2-apportion|mrs-weighted,cross,humanoid-503,20,17,0.2353,1.0,0.1765,0.1765
mrs-nsga2-apportion|mrs-weighted,ctrl_x,humanoid-503,20,17,0.8235,0.7059,0.4706,0.9412
mrs-nsga2-apportion|mrs-weighted,ctrl_y,humanoid-503,20,27,1.0,0.7778,0.2222,0.1481
mrs-nsga2-apportion|mrs-weighted,cross,humanoid-503,21,39,0.2564,0.8205,0.1795,0.359
mrs-nsga2-apportion|mrs-weighted,cross,humanoid-503,22,45,0.6667,0.4889,0.5778,0.7333
mrs-nsga2-apportion|mrs-weighted,ctrl_x,humanoid-503,22,36,0.6111,0.9722,0.0556,0.1111
mrs-nsga2-apportion|mrs-weighted,ctrl_y,humanoid-503,22,60,0.7,0.8167,0.2167,0.2667
mrs-nsga2-apportion|mrs-weighted,cross,humanoid-503,23,36,0.9722,0.9444,0.1111,0.0556
mrs-nsga2-apportion|mrs-weighted,cross,humanoid-503,24,20,0.2,0.95,0.25,0.6
mrs-nsga2-apportion|mrs-weighted,ctrl_y,humanoid-503,24,39,0.9231,0.641,0.1282,0.1795
mrs-nsga2-apportion|mrs-weighted,cross,humanoid-503,26,22,0.6818,1.0,1.0,0.9091
mrs-nsga2-apportion|mrs-weighted,ctrl_x,humanoid-503,26,22,0.8636,0.7727,0.0909,0.2727
mrs-nsga2-apportion|mrs-weighted,ctrl_y,humanoid-503,26,51,0.8627,0.7255,0.5294,0.2941
mrs-nsga2-apportion|mrs-weighted,cross,humanoid-503,27,30,0.9333,0.3333,0.2667,0.5333
mrs-nsga2-apportion|mrs-weighted,cross,humanoid-503,28,32,1.0,0.625,0.9375,0.2812
mrs-nsga2-apportion|mrs-weighted,ctrl_x,humanoid-503,28,30,0.9667,0.7333,0.7667,0.3333
mrs-nsga2-apportion|aurus,ctrl_x,humanoid-531,0,41,0.7317,0.9512,0.8049,1.0
mrs-nsga2-apportion|aurus,ctrl_x,humanoid-531,2,42,0.9286,0.9286,1.0,1.0
mrs-nsga2-apportion|aurus,ctrl_x,humanoid-531,4,50,0.78,0.88,0.9,0.88
mrs-nsga2-apportion|aurus,ctrl_x,humanoid-531,6,41,0.9268,0.9512,1.0,1.0
mrs-nsga2-apportion|aurus,ctrl_x,humanoid-531,8,50,1.0,0.82,1.0,0.8
mrs-nsga2-apportion|aurus,ctrl_x,humanoid-531,10,44,0.8409,0.9773,0.9773,1.0
mrs-nsga2-apportion|aurus,ctrl_x,humanoid-531,12,63,0.9365,0.9524,1.0,0.8889
mrs-nsga2-apportion|aurus,ctrl_x,humanoid-531,14,64,0.8906,0.9062,0.9375,1.0
mrs-nsga2-apportion|aurus,ctrl_x,humanoid-531,16,51,0.9216,0.8039,1.0,1.0
mrs-nsga2-apportion|aurus,ctrl_x,humanoid-531,18,53,0.9811,0.9245,0.9811,0.7925
mrs-nsga2-apportion|aurus,ctrl_x,humanoid-531,20,47,0.9574,0.8936,0.8936,1.0
mrs-nsga2-apportion|aurus,ctrl_x,humanoid-531,22,40,0.9,0.975,0.95,1.0
mrs-nsga2-apportion|aurus,ctrl_x,humanoid-531,24,52,0.9423,0.9231,1.0,0.9038
mrs-nsga2-apportion|aurus,ctrl_x,humanoid-531,26,51,0.9608,0.8431,0.8824,1.0
mrs-nsga2-apportion|aurus,ctrl_x,humanoid-531,28,46,0.9783,0.9565,1.0,1.0
mrs-nsga2-apportion|aurus-nsga2-apportion,cross,humanoid-531,0,26,0.9231,0.9231,1.0,1.0
mrs-nsga2-apportion|aurus-nsga2-apportion,ctrl_x,humanoid-531,0,41,0.6829,0.9512,0.8049,1.0
mrs-nsga2-apportion|aurus-nsga2-apportion,ctrl_y,humanoid-531,0,26,0.7308,0.9231,1.0,1.0
mrs-nsga2-apportion|aurus-nsga2-apportion,cross,humanoid-531,1,42,0.8333,0.9762,1.0,1.0
mrs-nsga2-apportion|aurus-nsga2-apportion,cross,humanoid-531,2,45,0.9556,0.9556,1.0,1.0
mrs-nsga2-apportion|aurus-nsga2-apportion,ctrl_x,humanoid-531,2,42,0.9524,0.9286,1.0,1.0
mrs-nsga2-apportion|aurus-nsga2-apportion,ctrl_y,humanoid-531,2,35,0.8286,0.8286,1.0,1.0
mrs-nsga2-apportion|aurus-nsga2-apportion,cross,humanoid-531,3,35,0.9429,0.9143,1.0,1.0
mrs-nsga2-apportion|aurus-nsga2-apportion,cross,humanoid-531,4,42,0.7381,0.9762,1.0,1.0
mrs-nsga2-apportion|aurus-nsga2-apportion,ctrl_x,humanoid-531,4,50,0.74,0.84,0.86,0.88
mrs-nsga2-apportion|aurus-nsga2-apportion,ctrl_y,humanoid-531,4,38,0.9211,0.7368,1.0,1.0
mrs-nsga2-apportion|aurus-nsga2-apportion,cross,humanoid-531,5,38,1.0,0.8421,1.0,1.0
mrs-nsga2-apportion|aurus-nsga2-apportion,cross,humanoid-531,6,40,0.975,0.875,1.0,1.0
mrs-nsga2-apportion|aurus-nsga2-apportion,ctrl_x,humanoid-531,6,41,0.9756,0.9512,1.0,0.9756
mrs-nsga2-apportion|aurus-nsga2-apportion,ctrl_y,humanoid-531,6,34,0.8235,0.9412,1.0,1.0
mrs-nsga2-apportion|aurus-nsga2-apportion,cross,humanoid-531,7,34,0.8529,0.8824,1.0,1.0
mrs-nsga2-apportion|aurus-nsga2-apportion,cross,humanoid-531,8,43,0.9535,0.907,1.0,1.0
mrs-nsga2-apportion|aurus-nsga2-apportion,ctrl_x,humanoid-531,8,50,1.0,0.82,1.0,0.8
mrs-nsga2-apportion|aurus-nsga2-apportion,ctrl_y,humanoid-531,8,42,0.8333,0.7619,0.9524,1.0
mrs-nsga2-apportion|aurus-nsga2-apportion,cross,humanoid-531,9,42,0.9286,0.881,1.0,1.0
mrs-nsga2-apportion|aurus-nsga2-apportion,cross,humanoid-531,10,42,0.9286,0.9762,1.0,1.0
mrs-nsga2-apportion|aurus-nsga2-apportion,ctrl_x,humanoid-531,10,44,0.9318,1.0,0.9773,1.0
mrs-nsga2-apportion|aurus-nsga2-apportion,ctrl_y,humanoid-531,10,41,1.0,0.878,1.0,1.0
mrs-nsga2-apportion|aurus-nsga2-apportion,cross,humanoid-531,11,41,0.9512,0.8293,1.0,1.0
mrs-nsga2-apportion|aurus-nsga2-apportion,cross,humanoid-531,12,42,0.9286,0.8333,1.0,1.0
mrs-nsga2-apportion|aurus-nsga2-apportion,ctrl_x,humanoid-531,12,63,0.9206,0.9365,1.0,0.873
mrs-nsga2-apportion|aurus-nsga2-apportion,ctrl_y,humanoid-531,12,42,0.881,0.5714,0.8571,0.881
mrs-nsga2-apportion|aurus-nsga2-apportion,cross,humanoid-531,13,47,1.0,0.8298,1.0,1.0
mrs-nsga2-apportion|aurus-nsga2-apportion,cross,humanoid-531,14,44,0.9773,0.9545,1.0,1.0
mrs-nsga2-apportion|aurus-nsga2-apportion,ctrl_x,humanoid-531,14,64,0.8906,0.9375,0.9375,1.0
mrs-nsga2-apportion|aurus-nsga2-apportion,ctrl_y,humanoid-531,14,44,0.9773,0.8636,0.9091,1.0
mrs-nsga2-apportion|aurus-nsga2-apportion,cross,humanoid-531,15,51,0.9216,0.9412,1.0,1.0
mrs-nsga2-apportion|aurus-nsga2-apportion,cross,humanoid-531,16,39,0.9744,0.9744,1.0,1.0
mrs-nsga2-apportion|aurus-nsga2-apportion,ctrl_x,humanoid-531,16,51,0.9216,0.8039,1.0,1.0
mrs-nsga2-apportion|aurus-nsga2-apportion,ctrl_y,humanoid-531,16,39,0.9744,0.9231,1.0,1.0
mrs-nsga2-apportion|aurus-nsga2-apportion,cross,humanoid-531,17,55,0.9818,0.9455,1.0,1.0
mrs-nsga2-apportion|aurus-nsga2-apportion,cross,humanoid-531,18,46,0.913,1.0,1.0,1.0
mrs-nsga2-apportion|aurus-nsga2-apportion,ctrl_x,humanoid-531,18,53,0.9623,0.9245,0.9811,0.7925
mrs-nsga2-apportion|aurus-nsga2-apportion,ctrl_y,humanoid-531,18,46,0.9348,0.9348,1.0,1.0
mrs-nsga2-apportion|aurus-nsga2-apportion,cross,humanoid-531,19,49,0.9184,1.0,1.0,0.9796
mrs-nsga2-apportion|aurus-nsga2-apportion,cross,humanoid-531,20,47,0.9574,0.8936,1.0,1.0
mrs-nsga2-apportion|aurus-nsga2-apportion,ctrl_x,humanoid-531,20,47,0.8936,0.8723,0.8085,1.0
mrs-nsga2-apportion|aurus-nsga2-apportion,ctrl_y,humanoid-531,20,47,0.8723,0.9787,0.9574,1.0
mrs-nsga2-apportion|aurus-nsga2-apportion,cross,humanoid-531,21,47,0.9574,0.9787,1.0,1.0
mrs-nsga2-apportion|aurus-nsga2-apportion,cross,humanoid-531,22,52,0.8077,0.9808,1.0,1.0
mrs-nsga2-apportion|aurus-nsga2-apportion,ctrl_x,humanoid-531,22,40,0.775,0.975,1.0,1.0
mrs-nsga2-apportion|aurus-nsga2-apportion,ctrl_y,humanoid-531,22,40,0.9,0.975,1.0,1.0
mrs-nsga2-apportion|aurus-nsga2-apportion,cross,humanoid-531,23,40,0.95,0.95,1.0,1.0
mrs-nsga2-apportion|aurus-nsga2-apportion,cross,humanoid-531,24,38,0.9211,1.0,1.0,1.0
mrs-nsga2-apportion|aurus-nsga2-apportion,ctrl_x,humanoid-531,24,52,0.9615,0.9808,1.0,0.8654
mrs-nsga2-apportion|aurus-nsga2-apportion,ctrl_y,humanoid-531,24,38,0.9474,0.8684,1.0,0.9737
mrs-nsga2-apportion|aurus-nsga2-apportion,cross,humanoid-531,25,49,0.898,0.9592,1.0,0.9796
mrs-nsga2-apportion|aurus-nsga2-apportion,cross,humanoid-531,26,37,0.973,0.6216,0.9459,1.0
mrs-nsga2-apportion|aurus-nsga2-apportion,ctrl_x,humanoid-531,26,51,0.9608,0.8824,0.8824,1.0
mrs-nsga2-apportion|aurus-nsga2-apportion,ctrl_y,humanoid-531,26,37,0.7838,0.973,0.973,1.0
mrs-nsga2-apportion|aurus-nsga2-apportion,cross,humanoid-531,27,47,0.8511,0.9149,1.0,1.0
mrs-nsga2-apportion|aurus-nsga2-apportion,cross,humanoid-531,28,46,0.9783,0.9348,1.0,1.0
mrs-nsga2-apportion|aurus-nsga2-apportion,ctrl_x,humanoid-531,28,46,0.9783,0.9565,1.0,1.0
mrs-nsga2-apportion|aurus-nsga2-apportion,ctrl_y,humanoid-531,28,40,0.85,0.925,1.0,1.0
mrs-nsga2-apportion|aurus-nsga2-apportion,cross,humanoid-531,29,40,0.975,0.925,1.0,1.0
mrs-nsga2-apportion|mrs-weighted,cross,humanoid-531,0,41,0.5854,0.9756,0.8049,0.9512
mrs-nsga2-apportion|mrs-weighted,ctrl_x,humanoid-531,0,41,0.6585,0.9756,0.8049,0.9268
mrs-nsga2-apportion|mrs-weighted,ctrl_y,humanoid-531,0,137,0.8029,0.8613,0.9708,0.6569
mrs-nsga2-apportion|mrs-weighted,cross,humanoid-531,1,59,0.678,0.8814,1.0,0.7119
mrs-nsga2-apportion|mrs-weighted,cross,humanoid-531,2,49,0.8163,0.898,1.0,0.9796
mrs-nsga2-apportion|mrs-weighted,ctrl_x,humanoid-531,2,42,0.9524,0.9286,1.0,1.0
mrs-nsga2-apportion|mrs-weighted,ctrl_y,humanoid-531,2,168,0.8452,0.8631,0.9583,0.9583
mrs-nsga2-apportion|mrs-weighted,cross,humanoid-531,3,42,0.9524,0.9524,1.0,0.9762
mrs-nsga2-apportion|mrs-weighted,cross,humanoid-531,4,63,0.7778,0.9841,0.9683,0.8095
mrs-nsga2-apportion|mrs-weighted,ctrl_x,humanoid-531,4,50,0.74,0.82,0.94,0.88
mrs-nsga2-apportion|mrs-weighted,ctrl_y,humanoid-531,4,148,0.8851,0.7905,0.8108,0.9392
mrs-nsga2-apportion|mrs-weighted,cross,humanoid-531,5,50,0.86,0.96,0.88,0.98
mrs-nsga2-apportion|mrs-weighted,cross,humanoid-531,6,51,0.902,0.9216,1.0,1.0
mrs-nsga2-apportion|mrs-weighted,ctrl_x,humanoid-531,6,41,0.9756,0.9756,1.0,1.0
mrs-nsga2-apportion|mrs-weighted,ctrl_y,humanoid-531,6,51,0.902,0.7843,0.9412,1.0
mrs-nsga2-apportion|mrs-weighted,cross,humanoid-531,7,41,0.9512,0.8049,0.8537,0.7805
mrs-nsga2-apportion|mrs-weighted,cross,humanoid-531,8,50,0.92,0.86,1.0,0.8
mrs-nsga2-apportion|mrs-weighted,ctrl_x,humanoid-531,8,50,1.0,0.82,1.0,0.8
mrs-nsga2-apportion|mrs-weighted,ctrl_y,humanoid-531,8,116,0.8103,0.8448,0.931,0.9224
mrs-nsga2-apportion|mrs-weighted,cross,humanoid-531,9,50,0.9,0.84,1.0,1.0
mrs-nsga2-apportion|mrs-weighted,cross,humanoid-531,10,59,0.9492,0.8814,0.9831,1.0
mrs-nsga2-apportion|mrs-weighted,ctrl_x,humanoid-531,10,44,0.9773,0.9773,0.9545,1.0
mrs-nsga2-apportion|mrs-weighted,ctrl_y,humanoid-531,10,135,0.837,1.0,0.9037,0.9333
mrs-nsga2-apportion|mrs-weighted,cross,humanoid-531,11,44,0.8636,0.9091,0.9773,0.9773
mrs-nsga2-apportion|mrs-weighted,cross,humanoid-531,12,63,0.7937,0.9683,1.0,0.9524
mrs-nsga2-apportion|mrs-weighted,ctrl_x,humanoid-531,12,63,0.9206,0.9524,1.0,0.873
mrs-nsga2-apportion|mrs-weighted,ctrl_y,humanoid-531,12,97,0.7629,0.8454,0.8557,0.866
mrs-nsga2-apportion|mrs-weighted,cross,humanoid-531,13,64,0.8594,0.9062,0.875,1.0
mrs-nsga2-apportion|mrs-weighted,cross,humanoid-531,14,68,0.8235,0.8235,1.0,0.7647
mrs-nsga2-apportion|mrs-weighted,ctrl_x,humanoid-531,14,64,0.8594,0.8906,0.9219,1.0
mrs-nsga2-apportion|mrs-weighted,ctrl_y,humanoid-531,14,98,0.6735,0.8878,0.7449,1.0
mrs-nsga2-apportion|mrs-weighted,cross,humanoid-531,15,64,0.7812,0.9688,1.0,1.0
mrs-nsga2-apportion|mrs-weighted,cross,humanoid-531,16,51,0.9412,0.8431,1.0,0.9216
mrs-nsga2-apportion|mrs-weighted,ctrl_x,humanoid-531,16,51,0.9216,0.8235,1.0,1.0
mrs-nsga2-apportion|mrs-weighted,ctrl_y,humanoid-531,16,142,0.7958,0.7958,0.8873,0.7887
mrs-nsga2-apportion|mrs-weighted,cross,humanoid-531,17,55,0.7636,0.9091,0.8909,0.9273
mrs-nsga2-apportion|mrs-weighted,cross,humanoid-531,18,53,0.9434,0.9623,1.0,0.9057
mrs-nsga2-apportion|mrs-weighted,ctrl_x,humanoid-531,18,53,0.9811,0.8868,0.9811,0.7925
mrs-nsga2-apportion|mrs-weighted,ctrl_y,humanoid-531,18,77,0.7403,0.9221,0.8571,0.974
mrs-nsga2-apportion|mrs-weighted,cross,humanoid-531,19,59,0.8305,0.9492,0.8983,1.0
mrs-nsga2-apportion|mrs-weighted,cross,humanoid-531,20,63,0.8254,0.873,0.9683,0.7619
mrs-nsga2-apportion|mrs-weighted,ctrl_x,humanoid-531,20,47,0.9149,0.8936,0.9574,0.9787
mrs-nsga2-apportion|mrs-weighted,ctrl_y,humanoid-531,20,164,0.8537,0.7805,0.872,0.9695
mrs-nsga2-apportion|mrs-weighted,cross,humanoid-531,21,47,0.8511,1.0,1.0,0.9149
mrs-nsga2-apportion|mrs-weighted,cross,humanoid-531,22,53,0.8113,0.9434,1.0,0.8113
mrs-nsga2-apportion|mrs-weighted,ctrl_x,humanoid-531,22,40,0.9,0.975,1.0,1.0
mrs-nsga2-apportion|mrs-weighted,ctrl_y,humanoid-531,22,160,0.825,0.7875,0.8688,0.9313
mrs-nsga2-apportion|mrs-weighted,cross,humanoid-531,23,40,0.9,1.0,1.0,0.975
mrs-nsga2-apportion|mrs-weighted,cross,humanoid-531,24,52,0.7885,0.9808,1.0,0.9423
mrs-nsga2-apportion|mrs-weighted,ctrl_x,humanoid-531,24,52,0.9423,0.9615,1.0,0.9038
mrs-nsga2-apportion|mrs-weighted,ctrl_y,humanoid-531,24,122,0.7705,0.7869,0.7951,0.8934
mrs-nsga2-apportion|mrs-weighted,cross,humanoid-531,25,59,0.6949,0.9492,1.0,0.8475
mrs-nsga2-apportion|mrs-weighted,cross,humanoid-531,26,51,0.7451,0.9608,0.5686,0.8824
mrs-nsga2-apportion|mrs-weighted,ctrl_x,humanoid-531,26,51,0.9608,0.8431,0.8824,1.0
mrs-nsga2-apportion|mrs-weighted,ctrl_y,humanoid-531,26,144,0.8681,0.7361,0.8264,0.8472
mrs-nsga2-apportion|mrs-weighted,cross,humanoid-531,27,57,0.8947,0.9298,1.0,0.9474
mrs-nsga2-apportion|mrs-weighted,cross,humanoid-531,28,46,0.8913,0.9565,0.9783,0.9565
mrs-nsga2-apportion|mrs-weighted,ctrl_x,humanoid-531,28,46,0.9783,0.9565,1.0,1.0
mrs-nsga2-apportion|mrs-weighted,ctrl_y,humanoid-531,28,127,0.8583,0.8031,0.9921,1.0
mrs-nsga2-apportion|mrs-weighted,cross,humanoid-531,29,46,0.8913,0.8478,1.0,0.8478
aurus-nsga2-apportion|aurus,ctrl_x,humanoid-531,0,26,0.6923,1.0,1.0,1.0
aurus-nsga2-apportion|aurus,ctrl_x,humanoid-531,2,35,0.8286,0.8571,1.0,1.0
aurus-nsga2-apportion|aurus,ctrl_x,humanoid-531,4,38,0.8947,0.7105,1.0,1.0
aurus-nsga2-apportion|aurus,ctrl_x,humanoid-531,6,34,0.7059,0.9412,1.0,1.0
aurus-nsga2-apportion|aurus,ctrl_x,humanoid-531,8,42,0.8333,0.7619,0.9524,1.0
aurus-nsga2-apportion|aurus,ctrl_x,humanoid-531,10,41,1.0,0.878,1.0,1.0
aurus-nsga2-apportion|aurus,ctrl_x,humanoid-531,12,42,0.9048,0.7143,0.8571,0.881
aurus-nsga2-apportion|aurus,ctrl_x,humanoid-531,14,44,0.9545,0.8409,0.9091,1.0
aurus-nsga2-apportion|aurus,ctrl_x,humanoid-531,16,39,0.9487,0.9231,1.0,1.0
aurus-nsga2-apportion|aurus,ctrl_x,humanoid-531,18,46,0.9348,0.9348,1.0,1.0
aurus-nsga2-apportion|aurus,ctrl_x,humanoid-531,20,47,0.8936,0.9787,0.9574,1.0
aurus-nsga2-apportion|aurus,ctrl_x,humanoid-531,22,40,1.0,0.925,0.975,1.0
aurus-nsga2-apportion|aurus,ctrl_x,humanoid-531,24,38,0.9474,0.8158,1.0,0.9737
aurus-nsga2-apportion|aurus,ctrl_x,humanoid-531,26,37,0.8108,0.973,0.9459,1.0
aurus-nsga2-apportion|aurus,ctrl_x,humanoid-531,28,40,0.825,0.925,1.0,1.0
mrs-nsga2-apportion|aurus,cross,humanoid-742,0,35,0.8,0.2,0.3714,0.4857
mrs-nsga2-apportion|aurus,ctrl_x,humanoid-742,0,72,0.4861,1.0,0.7222,0.7917
mrs-nsga2-apportion|aurus,ctrl_y,humanoid-742,0,35,0.8571,0.9429,1.0,0.9143
mrs-nsga2-apportion|aurus,cross,humanoid-742,1,51,1.0,0.1961,0.2745,0.3333
mrs-nsga2-apportion|aurus,cross,humanoid-742,2,54,0.963,0.2037,0.2593,0.463
mrs-nsga2-apportion|aurus,ctrl_x,humanoid-742,2,61,0.6557,0.7869,0.9672,0.623
mrs-nsga2-apportion|aurus,ctrl_y,humanoid-742,2,42,0.9762,0.9762,0.8571,0.9286
mrs-nsga2-apportion|aurus,cross,humanoid-742,3,42,0.8571,0.4286,0.3571,0.6429
mrs-nsga2-apportion|aurus,cross,humanoid-742,4,53,1.0,0.1698,0.2264,0.4151
mrs-nsga2-apportion|aurus,ctrl_x,humanoid-742,4,53,1.0,0.6792,0.8302,0.9811
mrs-nsga2-apportion|aurus,ctrl_y,humanoid-742,4,44,1.0,0.9773,1.0,0.9091
mrs-nsga2-apportion|aurus,cross,humanoid-742,5,44,1.0,0.2955,0.4318,0.4318
mrs-nsga2-apportion|aurus,cross,humanoid-742,6,43,0.9535,0.186,0.2326,0.5116
mrs-nsga2-apportion|aurus,ctrl_x,humanoid-742,6,45,0.6444,0.7778,0.6889,0.6222
mrs-nsga2-apportion|aurus,ctrl_y,humanoid-742,6,43,1.0,0.6977,0.8372,0.9302
mrs-nsga2-apportion|aurus,cross,humanoid-742,7,45,1.0,0.0889,0.2222,0.6889
mrs-nsga2-apportion|aurus,cross,humanoid-742,8,36,0.8889,0.1944,0.3056,0.3611
mrs-nsga2-apportion|aurus,ctrl_x,humanoid-742,8,61,0.8033,0.6557,0.9344,0.7869
mrs-nsga2-apportion|aurus,ctrl_y,humanoid-742,8,36,1.0,1.0,1.0,1.0
mrs-nsga2-apportion|aurus,cross,humanoid-742,9,47,1.0,0.1277,0.2128,0.4468
mrs-nsga2-apportion|aurus,cross,humanoid-742,10,37,0.4324,0.2162,0.2973,0.4054
mrs-nsga2-apportion|aurus,ctrl_x,humanoid-742,10,68,0.5,0.5294,0.8382,0.6029
mrs-nsga2-apportion|aurus,ctrl_y,humanoid-742,10,37,0.8649,0.9189,0.973,1.0
mrs-nsga2-apportion|aurus,cross,humanoid-742,11,42,1.0,0.1667,0.2143,0.5
mrs-nsga2-apportion|aurus,cross,humanoid-742,12,57,0.8596,0.3509,0.4561,0.6667
mrs-nsga2-apportion|aurus,ctrl_x,humanoid-742,12,79,0.4684,0.7848,0.7089,0.6709
mrs-nsga2-apportion|aurus,ctrl_y,humanoid-742,12,38,0.8947,0.9211,0.9211,0.9737
mrs-nsga2-apportion|aurus,cross,humanoid-742,13,38,0.7895,0.2368,0.2105,0.5789
mrs-nsga2-apportion|aurus,cross,humanoid-742,14,54,1.0,0.037,0.0556,0.2407
mrs-nsga2-apportion|aurus,ctrl_x,humanoid-742,14,54,0.463,0.8148,0.4444,0.7222
mrs-nsga2-apportion|aurus,ctrl_y,humanoid-742,14,32,0.9375,0.9688,0.9688,1.0
mrs-nsga2-apportion|aurus,cross,humanoid-742,15,32,0.75,0.3125,0.5625,0.625
mrs-nsga2-apportion|aurus,cross,humanoid-742,16,38,1.0,0.1842,0.3947,0.7105
mrs-nsga2-apportion|aurus,ctrl_x,humanoid-742,16,74,1.0,0.5405,0.8243,0.6486
mrs-nsga2-apportion|aurus,ctrl_y,humanoid-742,16,38,1.0,0.9474,0.8947,0.9737
mrs-nsga2-apportion|aurus,cross,humanoid-742,17,46,0.3696,0.2391,0.3043,0.413
mrs-nsga2-apportion|aurus,cross,humanoid-742,18,38,0.6842,0.2632,0.3421,0.4474
mrs-nsga2-apportion|aurus,ctrl_x,humanoid-742,18,65,0.7231,0.8154,0.6154,0.7385
mrs-nsga2-apportion|aurus,ctrl_y,humanoid-742,18,38,1.0,0.9211,1.0,1.0
mrs-nsga2-apportion|aurus,cross,humanoid-742,19,46,1.0,0.2609,0.3261,0.5652
mrs-nsga2-apportion|aurus,cross,humanoid-742,20,45,0.7778,0.2667,0.2667,0.4222
mrs-nsga2-apportion|aurus,ctrl_x,humanoid-742,20,48,0.7083,0.5625,0.6875,0.75
mrs-nsga2-apportion|aurus,ctrl_y,humanoid-742,20,41,0.9268,0.8293,0.9268,0.878
mrs-nsga2-apportion|aurus,cross,humanoid-742,21,41,0.8293,0.5122,0.561,0.5366
mrs-nsga2-apportion|aurus,cross,humanoid-742,22,56,0.8036,0.2321,0.3571,0.5893
mrs-nsga2-apportion|aurus,ctrl_x,humanoid-742,22,71,0.7606,1.0,0.6056,0.6479
mrs-nsga2-apportion|aurus,ctrl_y,humanoid-742,22,41,1.0,0.9512,0.7805,1.0
mrs-nsga2-apportion|aurus,cross,humanoid-742,23,41,1.0,0.5122,0.5122,0.6098
mrs-nsga2-apportion|aurus,cross,humanoid-742,24,39,0.9231,0.2821,0.4359,0.6154
mrs-nsga2-apportion|aurus,ctrl_x,humanoid-742,24,72,0.6667,0.7639,0.6944,0.5556
mrs-nsga2-apportion|aurus,ctrl_y,humanoid-742,24,33,0.9697,1.0,1.0,0.9394
mrs-nsga2-apportion|aurus,cross,humanoid-742,25,33,0.8788,0.2727,0.3939,0.4242
mrs-nsga2-apportion|aurus,cross,humanoid-742,26,46,0.6739,0.3913,0.3043,0.5652
mrs-nsga2-apportion|aurus,ctrl_x,humanoid-742,26,42,1.0,0.6667,0.7857,0.6667
mrs-nsga2-apportion|aurus,ctrl_y,humanoid-742,26,41,0.9512,0.9756,0.8537,0.9756
mrs-nsga2-apportion|aurus,cross,humanoid-742,27,41,0.3171,0.3171,0.439,0.4878
mrs-nsga2-apportion|aurus,cross,humanoid-742,28,51,0.8431,0.3333,0.2941,0.549
mrs-nsga2-apportion|aurus,ctrl_x,humanoid-742,28,56,0.4107,0.9286,0.4286,0.6964
mrs-nsga2-apportion|aurus,ctrl_y,humanoid-742,28,37,0.973,0.973,1.0,0.7568
mrs-nsga2-apportion|aurus,cross,humanoid-742,29,37,1.0,0.1081,0.2703,0.4595
mrs-nsga2-apportion|aurus-nsga2-apportion,cross,humanoid-742,0,32,0.625,0.9688,0.9375,0.9375
mrs-nsga2-apportion|aurus-nsga2-apportion,ctrl_x,humanoid-742,0,72,0.5139,1.0,0.7222,0.7917
mrs-nsga2-apportion|aurus-nsga2-apportion,ctrl_y,humanoid-742,0,32,0.9688,1.0,1.0,0.9062
mrs-nsga2-apportion|aurus-nsga2-apportion,cross,humanoid-742,1,38,1.0,1.0,1.0,0.8158
mrs-nsga2-apportion|aurus-nsga2-apportion,cross,humanoid-742,2,44,0.8409,1.0,0.9091,1.0
mrs-nsga2-apportion|aurus-nsga2-apportion,ctrl_x,humanoid-742,2,61,0.6557,0.7705,0.9836,0.7213
mrs-nsga2-apportion|aurus-nsga2-apportion,ctrl_y,humanoid-742,2,40,1.0,0.675,0.35,0.725
mrs-nsga2-apportion|aurus-nsga2-apportion,cross,humanoid-742,3,40,0.7,0.825,1.0,0.975
mrs-nsga2-apportion|aurus-nsga2-apportion,cross,humanoid-742,4,44,1.0,1.0,0.7727,0.6591
mrs-nsga2-apportion|aurus-nsga2-apportion,ctrl_x,humanoid-742,4,53,1.0,0.6792,0.8302,0.9623
mrs-nsga2-apportion|aurus-nsga2-apportion,ctrl_y,humanoid-742,4,37,1.0,0.7297,0.7297,1.0
mrs-nsga2-apportion|aurus-nsga2-apportion,cross,humanoid-742,5,37,0.7027,0.973,1.0,1.0
mrs-nsga2-apportion|aurus-nsga2-apportion,cross,humanoid-742,6,29,0.931,0.8276,1.0,1.0
mrs-nsga2-apportion|aurus-nsga2-apportion,ctrl_x,humanoid-742,6,45,0.6444,0.7556,0.6222,0.5778
mrs-nsga2-apportion|aurus-nsga2-apportion,ctrl_y,humanoid-742,6,29,0.7586,0.9655,0.6897,0.7586
mrs-nsga2-apportion|aurus-nsga2-apportion,cross,humanoid-742,7,45,0.8889,0.8889,1.0,1.0
mrs-nsga2-apportion|aurus-nsga2-apportion,cross,humanoid-742,8,47,0.617,1.0,0.8936,0.8723
mrs-nsga2-apportion|aurus-nsga2-apportion,ctrl_x,humanoid-742,8,61,0.7213,0.6557,0.9344,0.7869
mrs-nsga2-apportion|aurus-nsga2-apportion,ctrl_y,humanoid-742,8,41,1.0,1.0,0.8537,0.9512
mrs-nsga2-apportion|aurus-nsga2-apportion,cross,humanoid-742,9,41,0.7317,1.0,0.9268,1.0
mrs-nsga2-apportion|aurus-nsga2-apportion,cross,humanoid-742,10,38,0.8158,1.0,1.0,1.0
mrs-nsga2-apportion|aurus-nsga2-apportion,ctrl_x,humanoid-742,10,68,0.5147,0.5294,0.8382,0.6324
mrs-nsga2-apportion|aurus-nsga2-apportion,ctrl_y,humanoid-742,10,29,0.8966,0.6552,1.0,1.0
mrs-nsga2-apportion|aurus-nsga2-apportion,cross,humanoid-742,11,29,0.7931,0.4828,1.0,1.0
mrs-nsga2-apportion|aurus-nsga2-apportion,cross,humanoid-742,12,35,0.8286,0.9143,1.0,0.8571
mrs-nsga2-apportion|aurus-nsga2-apportion,ctrl_x,humanoid-742,12,79,0.4557,0.7722,0.7089,0.6835
mrs-nsga2-apportion|aurus-nsga2-apportion,ctrl_y,humanoid-742,12,25,0.56,0.84,0.48,1.0
mrs-nsga2-apportion|aurus-nsga2-apportion,cross,humanoid-742,13,25,0.72,0.88,1.0,1.0
mrs-nsga2-apportion|aurus-nsga2-apportion,cross,humanoid-742,14,45,0.6444,0.5333,0.6222,0.7111
mrs-nsga2-apportion|aurus-nsga2-apportion,ctrl_x,humanoid-742,14,54,0.5,0.9444,0.4444,0.7593
mrs-nsga2-apportion|aurus-nsga2-apportion,ctrl_y,humanoid-742,14,37,0.6216,0.8108,0.6216,0.6216
mrs-nsga2-apportion|aurus-nsga2-apportion,cross,humanoid-742,15,37,0.9189,0.8378,0.973,1.0
mrs-nsga2-apportion|aurus-nsga2-apportion,cross,humanoid-742,16,38,1.0,0.8158,1.0,0.8158
mrs-nsga2-apportion|aurus-nsga2-apportion,ctrl_x,humanoid-742,16,74,1.0,0.5405,0.8243,0.6486
mrs-nsga2-apportion|aurus-nsga2-apportion,ctrl_y,humanoid-742,16,32,0.875,0.875,0.9688,0.8438
mrs-nsga2-apportion|aurus-nsga2-apportion,cross,humanoid-742,17,32,0.875,0.8125,1.0,0.9375
mrs-nsga2-apportion|aurus-nsga2-apportion,cross,humanoid-742,18,42,0.7381,0.7619,0.7857,0.7143
mrs-nsga2-apportion|aurus-nsga2-apportion,ctrl_x,humanoid-742,18,65,0.7077,0.8769,0.6154,0.7385
mrs-nsga2-apportion|aurus-nsga2-apportion,ctrl_y,humanoid-742,18,41,0.439,0.8537,0.2927,0.9512
mrs-nsga2-apportion|aurus-nsga2-apportion,cross,humanoid-742,19,41,0.561,0.8537,1.0,1.0
mrs-nsga2-apportion|aurus-nsga2-apportion,cross,humanoid-742,20,39,0.641,0.7179,0.9487,0.8974
mrs-nsga2-apportion|aurus-nsga2-apportion,ctrl_x,humanoid-742,20,48,0.6875,0.6458,0.875,0.75
mrs-nsga2-apportion|aurus-nsga2-apportion,ctrl_y,humanoid-742,20,30,0.9333,0.6,0.8333,0.4667
mrs-nsga2-apportion|aurus-nsga2-apportion,cross,humanoid-742,21,30,0.8667,0.7667,1.0,1.0
mrs-nsga2-apportion|aurus-nsga2-apportion,cross,humanoid-742,22,26,0.9231,0.9615,1.0,1.0
mrs-nsga2-apportion|aurus-nsga2-apportion,ctrl_x,humanoid-742,22,71,0.7606,1.0,0.6056,0.6479
mrs-nsga2-apportion|aurus-nsga2-apportion,ctrl_y,humanoid-742,22,26,0.8846,1.0,1.0,1.0
mrs-nsga2-apportion|aurus-nsga2-apportion,cross,humanoid-742,23,51,1.0,0.8235,0.9216,0.9804
mrs-nsga2-apportion|aurus-nsga2-apportion,cross,humanoid-742,24,48,0.8333,0.8333,0.875,0.9375
mrs-nsga2-apportion|aurus-nsga2-apportion,ctrl_x,humanoid-742,24,72,0.6806,0.7639,0.6944,0.5833
mrs-nsga2-apportion|aurus-nsga2-apportion,ctrl_y,humanoid-742,24,19,0.6842,0.8947,1.0,1.0
mrs-nsga2-apportion|aurus-nsga2-apportion,cross,humanoid-742,25,19,1.0,0.8947,0.9474,1.0
mrs-nsga2-apportion|aurus-nsga2-apportion,cross,humanoid-742,26,31,0.871,0.871,0.9032,0.7742
mrs-nsga2-apportion|aurus-nsga2-apportion,ctrl_x,humanoid-742,26,42,0.9286,0.7381,0.6667,0.619
mrs-nsga2-apportion|aurus-nsga2-apportion,ctrl_y,humanoid-742,26,31,0.871,1.0,0.5806,0.2581
mrs-nsga2-apportion|aurus-nsga2-apportion,cross,humanoid-742,27,36,0.8889,1.0,0.9722,1.0
mrs-nsga2-apportion|aurus-nsga2-apportion,cross,humanoid-742,28,43,0.6047,0.8372,0.7209,0.8605
mrs-nsga2-apportion|aurus-nsga2-apportion,ctrl_x,humanoid-742,28,56,0.4107,0.9107,0.4286,0.8214
mrs-nsga2-apportion|aurus-nsga2-apportion,ctrl_y,humanoid-742,28,38,0.8421,1.0,0.7632,0.7632
mrs-nsga2-apportion|aurus-nsga2-apportion,cross,humanoid-742,29,38,0.8158,1.0,0.8684,0.8158
mrs-nsga2-apportion|mrs-weighted,cross,humanoid-742,0,50,0.76,0.82,0.98,0.86
mrs-nsga2-apportion|mrs-weighted,ctrl_x,humanoid-742,0,72,0.4861,1.0,0.75,0.7917
mrs-nsga2-apportion|mrs-weighted,ctrl_y,humanoid-742,0,48,0.4583,1.0,0.6458,0.5833
mrs-nsga2-apportion|mrs-weighted,cross,humanoid-742,1,48,0.8125,1.0,1.0,0.75
mrs-nsga2-apportion|mrs-weighted,cross,humanoid-742,2,51,0.7647,0.6471,0.9608,0.8431
mrs-nsga2-apportion|mrs-weighted,ctrl_x,humanoid-742,2,61,0.6557,0.7869,0.9016,0.6721
mrs-nsga2-apportion|mrs-weighted,ctrl_y,humanoid-742,2,46,0.8043,0.7609,0.5435,0.7174
mrs-nsga2-apportion|mrs-weighted,cross,humanoid-742,3,46,0.8043,0.8043,0.9783,1.0
mrs-nsga2-apportion|mrs-weighted,cross,humanoid-742,4,45,1.0,1.0,0.9556,0.9778
mrs-nsga2-apportion|mrs-weighted,ctrl_x,humanoid-742,4,53,1.0,0.6981,0.8302,0.9623
mrs-nsga2-apportion|mrs-weighted,ctrl_y,humanoid-742,4,45,1.0,0.8,1.0,0.9556
mrs-nsga2-apportion|mrs-weighted,cross,humanoid-742,5,52,0.8654,0.7308,0.9808,0.9808
mrs-nsga2-apportion|mrs-weighted,cross,humanoid-742,6,50,0.62,0.78,0.94,0.8
mrs-nsga2-apportion|mrs-weighted,ctrl_x,humanoid-742,6,45,0.6,0.8,0.6444,0.6
mrs-nsga2-apportion|mrs-weighted,ctrl_y,humanoid-742,6,58,0.8448,0.5172,0.6897,0.5862
mrs-nsga2-apportion|mrs-weighted,cross,humanoid-742,7,45,0.8889,0.6667,0.8667,1.0
mrs-nsga2-apportion|mrs-weighted,cross,humanoid-742,8,44,0.4545,1.0,0.5227,0.8864
mrs-nsga2-apportion|mrs-weighted,ctrl_x,humanoid-742,8,61,0.7705,0.6721,0.8852,0.7377
mrs-nsga2-apportion|mrs-weighted,ctrl_y,humanoid-742,8,44,1.0,0.6136,0.7045,0.4545
mrs-nsga2-apportion|mrs-weighted,cross,humanoid-742,9,61,0.7541,0.6721,0.7377,1.0
mrs-nsga2-apportion|mrs-weighted,cross,humanoid-742,10,68,0.75,0.5882,0.9118,0.9706
mrs-nsga2-apportion|mrs-weighted,ctrl_x,humanoid-742,10,68,0.4853,0.5294,0.8382,0.5882
mrs-nsga2-apportion|mrs-weighted,ctrl_y,humanoid-742,10,63,0.5714,0.4127,0.3492,0.3175
mrs-nsga2-apportion|mrs-weighted,cross,humanoid-742,11,63,0.6984,0.4921,0.3968,0.4921
mrs-nsga2-apportion|mrs-weighted,cross,humanoid-742,12,43,0.8605,0.7442,0.9767,0.8605
mrs-nsga2-apportion|mrs-weighted,ctrl_x,humanoid-742,12,79,0.4684,0.7722,0.7089,0.6835
mrs-nsga2-apportion|mrs-weighted,ctrl_y,humanoid-742,12,43,0.7442,0.8372,0.6512,0.6279
mrs-nsga2-apportion|mrs-weighted,cross,humanoid-742,13,54,0.8704,0.7593,0.963,0.7407
mrs-nsga2-apportion|mrs-weighted,cross,humanoid-742,14,54,0.537,0.7778,0.7222,0.9444
mrs-nsga2-apportion|mrs-weighted,ctrl_x,humanoid-742,14,54,0.463,0.8148,0.4444,0.7222
mrs-nsga2-apportion|mrs-weighted,ctrl_y,humanoid-742,14,55,0.8364,1.0,0.6909,0.7636
mrs-nsga2-apportion|mrs-weighted,cross,humanoid-742,15,55,0.7273,1.0,0.9636,0.9455
mrs-nsga2-apportion|mrs-weighted,cross,humanoid-742,16,44,0.7955,1.0,1.0,0.7727
mrs-nsga2-apportion|mrs-weighted,ctrl_x,humanoid-742,16,74,1.0,0.6757,0.8243,0.6351
mrs-nsga2-apportion|mrs-weighted,ctrl_y,humanoid-742,16,42,1.0,1.0,0.5952,0.6667
mrs-nsga2-apportion|mrs-weighted,cross,humanoid-742,17,42,0.8571,1.0,0.8095,0.9524
mrs-nsga2-apportion|mrs-weighted,cross,humanoid-742,18,65,0.5385,0.8154,0.6154,0.8923
mrs-nsga2-apportion|mrs-weighted,ctrl_x,humanoid-742,18,65,0.6923,0.8,0.6154,0.7538
mrs-nsga2-apportion|mrs-weighted,ctrl_y,humanoid-742,18,31,0.7742,0.6452,0.9677,0.9355
mrs-nsga2-apportion|mrs-weighted,cross,humanoid-742,19,31,0.7419,1.0,1.0,1.0
mrs-nsga2-apportion|mrs-weighted,cross,humanoid-742,20,47,0.8085,0.5745,0.9149,0.7872
mrs-nsga2-apportion|mrs-weighted,ctrl_x,humanoid-742,20,48,0.7708,0.625,0.875,0.5417
mrs-nsga2-apportion|mrs-weighted,ctrl_y,humanoid-742,20,47,0.4681,1.0,0.5319,0.7234
mrs-nsga2-apportion|mrs-weighted,cross,humanoid-742,21,48,0.6458,1.0,0.5625,0.8333
mrs-nsga2-apportion|mrs-weighted,cross,humanoid-742,22,71,0.9155,1.0,0.7887,0.831
mrs-nsga2-apportion|mrs-weighted,ctrl_x,humanoid-742,22,71,0.7606,1.0,0.6056,0.6479
mrs-nsga2-apportion|mrs-weighted,ctrl_y,humanoid-742,22,60,1.0,0.6833,0.6,0.3667
mrs-nsga2-apportion|mrs-weighted,cross,humanoid-742,23,60,1.0,0.8833,0.8667,0.8667
mrs-nsga2-apportion|mrs-weighted,cross,humanoid-742,24,65,0.8,1.0,0.9077,0.8154
mrs-nsga2-apportion|mrs-weighted,ctrl_x,humanoid-742,24,72,0.6528,0.7778,0.6944,0.5556
mrs-nsga2-apportion|mrs-weighted,ctrl_y,humanoid-742,24,51,1.0,0.6471,0.7647,0.4902
mrs-nsga2-apportion|mrs-weighted,cross,humanoid-742,25,51,0.9412,0.549,0.8039,0.3922
mrs-nsga2-apportion|mrs-weighted,cross,humanoid-742,26,66,0.7121,0.8636,0.8939,0.9091
mrs-nsga2-apportion|mrs-weighted,ctrl_x,humanoid-742,26,42,0.9762,0.6905,0.8095,0.5
mrs-nsga2-apportion|mrs-weighted,ctrl_y,humanoid-742,26,42,0.7143,0.7381,0.9762,0.6429
mrs-nsga2-apportion|mrs-weighted,cross,humanoid-742,27,42,0.8333,0.8095,0.9524,1.0
mrs-nsga2-apportion|mrs-weighted,cross,humanoid-742,28,51,0.6275,1.0,0.902,1.0
mrs-nsga2-apportion|mrs-weighted,ctrl_x,humanoid-742,28,56,0.4107,0.9286,0.4286,0.6964
mrs-nsga2-apportion|mrs-weighted,ctrl_y,humanoid-742,28,51,1.0,0.8235,0.6078,0.8627
mrs-nsga2-apportion|mrs-weighted,cross,humanoid-742,29,80,0.7875,0.675,0.85,0.7625
aurus-nsga2-apportion|aurus,cross,humanoid-742,0,32,1.0,0.125,0.3125,0.4062
aurus-nsga2-apportion|aurus,ctrl_x,humanoid-742,0,32,0.9688,1.0,1.0,0.875
aurus-nsga2-apportion|aurus,ctrl_y,humanoid-742,0,35,0.8286,0.9429,1.0,0.8857
aurus-nsga2-apportion|aurus,cross,humanoid-742,1,38,1.0,0.2105,0.2895,0.6842
aurus-nsga2-apportion|aurus,cross,humanoid-742,2,44,1.0,0.1364,0.1591,0.2727
aurus-nsga2-apportion|aurus,ctrl_x,humanoid-742,2,40,1.0,0.7,0.325,0.725
aurus-nsga2-apportion|aurus,ctrl_y,humanoid-742,2,42,0.9286,0.9762,0.8095,0.9286
aurus-nsga2-apportion|aurus,cross,humanoid-742,3,40,1.0,0.15,0.3,0.55
aurus-nsga2-apportion|aurus,cross,humanoid-742,4,44,1.0,0.25,0.3636,0.6818
aurus-nsga2-apportion|aurus,ctrl_x,humanoid-742,4,37,1.0,0.7297,0.7568,1.0
aurus-nsga2-apportion|aurus,ctrl_y,humanoid-742,4,44,0.9773,0.9545,0.9773,0.9545
aurus-nsga2-apportion|aurus,cross,humanoid-742,5,37,1.0,0.2703,0.2973,0.4865
aurus-nsga2-apportion|aurus,cross,humanoid-742,6,29,0.3103,0.4483,0.2069,0.4483
aurus-nsga2-apportion|aurus,ctrl_x,humanoid-742,6,29,0.7241,0.931,0.5862,0.6552
aurus-nsga2-apportion|aurus,ctrl_y,humanoid-742,6,43,1.0,0.7209,0.8372,0.8372
aurus-nsga2-apportion|aurus,cross,humanoid-742,7,45,1.0,0.0889,0.1333,0.3778
aurus-nsga2-apportion|aurus,cross,humanoid-742,8,36,1.0,0.1667,0.5556,0.3889
aurus-nsga2-apportion|aurus,ctrl_x,humanoid-742,8,41,1.0,1.0,0.8293,0.9024
aurus-nsga2-apportion|aurus,ctrl_y,humanoid-742,8,36,1.0,1.0,1.0,1.0
aurus-nsga2-apportion|aurus,cross,humanoid-742,9,41,1.0,0.1707,0.2439,0.2927
aurus-nsga2-apportion|aurus,cross,humanoid-742,10,37,1.0,0.3243,0.3784,0.5135
aurus-nsga2-apportion|aurus,ctrl_x,humanoid-742,10,29,0.931,0.6207,1.0,1.0
aurus-nsga2-apportion|aurus,ctrl_y,humanoid-742,10,37,0.8649,1.0,0.8649,1.0
aurus-nsga2-apportion|aurus,cross,humanoid-742,11,29,1.0,0.2069,0.2414,0.4138
aurus-nsga2-apportion|aurus,cross,humanoid-742,12,35,0.8286,0.2286,0.4,0.5714
aurus-nsga2-apportion|aurus,ctrl_x,humanoid-742,12,25,0.56,0.88,0.48,1.0
aurus-nsga2-apportion|aurus,ctrl_y,humanoid-742,12,38,1.0,0.9211,0.8947,0.9737
aurus-nsga2-apportion|aurus,cross,humanoid-742,13,25,0.72,0.24,0.56,0.52
aurus-nsga2-apportion|aurus,cross,humanoid-742,14,45,0.9556,0.2889,0.1556,0.6222
aurus-nsga2-apportion|aurus,ctrl_x,humanoid-742,14,37,0.8378,0.8649,0.6216,0.6216
aurus-nsga2-apportion|aurus,ctrl_y,humanoid-742,14,32,0.9375,0.9375,0.9688,0.9688
aurus-nsga2-apportion|aurus,cross,humanoid-742,15,32,0.8125,0.3125,0.25,0.5625
aurus-nsga2-apportion|aurus,cross,humanoid-742,16,38,0.7368,0.3421,0.4211,0.8421
aurus-nsga2-apportion|aurus,ctrl_x,humanoid-742,16,32,0.875,0.9375,1.0,0.8438
aurus-nsga2-apportion|aurus,ctrl_y,humanoid-742,16,38,1.0,0.9737,0.8947,0.9737
aurus-nsga2-apportion|aurus,cross,humanoid-742,17,32,0.4062,0.25,0.3438,0.4375
aurus-nsga2-apportion|aurus,cross,humanoid-742,18,38,1.0,0.0789,0.0789,0.3421
aurus-nsga2-apportion|aurus,ctrl_x,humanoid-742,18,41,0.4634,0.8293,0.3171,0.9512
aurus-nsga2-apportion|aurus,ctrl_y,humanoid-742,18,38,1.0,0.9211,1.0,1.0
aurus-nsga2-apportion|aurus,cross,humanoid-742,19,41,0.9512,0.2683,0.3902,0.7317
aurus-nsga2-apportion|aurus,cross,humanoid-742,20,39,0.8974,0.2051,0.4615,0.5897
aurus-nsga2-apportion|aurus,ctrl_x,humanoid-742,20,30,0.9,0.5333,0.9333,0.5333
aurus-nsga2-apportion|aurus,ctrl_y,humanoid-742,20,41,0.9024,0.8537,0.878,0.878
aurus-nsga2-apportion|aurus,cross,humanoid-742,21,30,0.7667,0.6333,0.3667,0.6667
aurus-nsga2-apportion|aurus,cross,humanoid-742,22,26,0.8846,0.2692,0.4231,0.6923
aurus-nsga2-apportion|aurus,ctrl_x,humanoid-742,22,26,0.8462,1.0,1.0,1.0
aurus-nsga2-apportion|aurus,ctrl_y,humanoid-742,22,41,0.9268,0.9756,0.9268,1.0
aurus-nsga2-apportion|aurus,cross,humanoid-742,23,41,0.7317,0.4146,0.4634,0.4878
aurus-nsga2-apportion|aurus,cross,humanoid-742,24,39,0.9231,0.2821,0.4103,0.5897
aurus-nsga2-apportion|aurus,ctrl_x,humanoid-742,24,19,0.6842,0.7895,1.0,1.0
aurus-nsga2-apportion|aurus,ctrl_y,humanoid-742,24,33,0.9091,1.0,1.0,0.9394
aurus-nsga2-apportion|aurus,cross,humanoid-742,25,19,0.8421,0.4211,0.7895,0.6316
aurus-nsga2-apportion|aurus,cross,humanoid-742,26,31,1.0,0.3871,0.3226,0.5806
aurus-nsga2-apportion|aurus,ctrl_x,humanoid-742,26,31,0.871,1.0,0.5806,0.2903
aurus-nsga2-apportion|aurus,ctrl_y,humanoid-742,26,41,0.9512,0.9756,0.9268,0.9756
aurus-nsga2-apportion|aurus,cross,humanoid-742,27,36,1.0,0.2778,0.3333,0.4722
aurus-nsga2-apportion|aurus,cross,humanoid-742,28,43,0.9767,0.3023,0.2093,0.3721
aurus-nsga2-apportion|aurus,ctrl_x,humanoid-742,28,38,0.8947,1.0,0.7105,0.7368
aurus-nsga2-apportion|aurus,ctrl_y,humanoid-742,28,37,0.8919,0.973,0.973,0.7568
aurus-nsga2-apportion|aurus,cross,humanoid-742,29,37,1.0,0.2162,0.2703,0.5676
mrs-nsga2-apportion|aurus,cross,lift,0,8,1.0,0.125,1.0,0.75
mrs-nsga2-apportion|aurus,ctrl_x,lift,0,13,0.8462,0.6923,1.0,1.0
mrs-nsga2-apportion|aurus,ctrl_y,lift,0,7,1.0,1.0,1.0,1.0
mrs-nsga2-apportion|aurus,cross,lift,1,7,1.0,0.4286,1.0,1.0
mrs-nsga2-apportion|aurus,cross,lift,2,8,1.0,0.375,1.0,1.0
mrs-nsga2-apportion|aurus,ctrl_x,lift,2,11,1.0,0.8182,1.0,1.0
mrs-nsga2-apportion|aurus,ctrl_y,lift,2,8,1.0,1.0,1.0,1.0
mrs-nsga2-apportion|aurus,cross,lift,3,11,1.0,0.5455,1.0,1.0
mrs-nsga2-apportion|aurus,cross,lift,4,10,1.0,0.0,0.3,0.0
mrs-nsga2-apportion|aurus,ctrl_x,lift,4,13,1.0,1.0,1.0,1.0
mrs-nsga2-apportion|aurus,ctrl_y,lift,4,10,1.0,1.0,1.0,1.0
mrs-nsga2-apportion|aurus,cross,lift,5,11,1.0,0.1818,0.9091,0.9091
mrs-nsga2-apportion|aurus,ctrl_x,lift,6,17,0.6471,0.7059,1.0,1.0
mrs-nsga2-apportion|aurus,cross,lift,7,11,1.0,0.0909,1.0,0.1818
mrs-nsga2-apportion|aurus,ctrl_x,lift,8,10,1.0,0.9,1.0,1.0
mrs-nsga2-apportion|aurus,cross,lift,9,6,1.0,0.5,1.0,1.0
mrs-nsga2-apportion|aurus,cross,lift,10,10,1.0,0.3,1.0,0.6
mrs-nsga2-apportion|aurus,ctrl_x,lift,10,15,0.8667,0.8667,1.0,1.0
mrs-nsga2-apportion|aurus,ctrl_y,lift,10,8,0.875,1.0,0.5,1.0
mrs-nsga2-apportion|aurus,cross,lift,11,8,1.0,0.75,1.0,1.0
mrs-nsga2-apportion|aurus,ctrl_x,lift,12,11,0.7273,1.0,1.0,1.0
mrs-nsga2-apportion|aurus,cross,lift,13,10,1.0,0.3,1.0,0.5
mrs-nsga2-apportion|aurus,ctrl_x,lift,14,8,0.625,0.75,1.0,1.0
mrs-nsga2-apportion|aurus,cross,lift,15,8,1.0,0.375,1.0,0.625
mrs-nsga2-apportion|aurus,cross,lift,16,7,1.0,0.1429,1.0,0.2857
mrs-nsga2-apportion|aurus,ctrl_x,lift,16,19,0.8421,0.8421,1.0,0.6842
mrs-nsga2-apportion|aurus,ctrl_y,lift,16,7,1.0,1.0,1.0,1.0
mrs-nsga2-apportion|aurus,cross,lift,17,8,1.0,0.125,0.875,1.0
mrs-nsga2-apportion|aurus,cross,lift,18,11,1.0,0.3636,0.7273,0.6364
mrs-nsga2-apportion|aurus,ctrl_x,lift,18,11,0.6364,0.9091,1.0,1.0
mrs-nsga2-apportion|aurus,ctrl_y,lift,18,11,1.0,1.0,0.8182,1.0
mrs-nsga2-apportion|aurus,cross,lift,19,12,1.0,0.0833,0.4167,0.5
mrs-nsga2-apportion|aurus,cross,lift,20,7,1.0,0.2857,1.0,1.0
mrs-nsga2-apportion|aurus,ctrl_x,lift,20,13,1.0,0.6923,1.0,1.0
mrs-nsga2-apportion|aurus,ctrl_y,lift,20,7,1.0,1.0,1.0,1.0
mrs-nsga2-apportion|aurus,cross,lift,21,9,1.0,0.3333,1.0,1.0
mrs-nsga2-apportion|aurus,ctrl_x,lift,22,15,0.6,0.8667,1.0,1.0
mrs-nsga2-apportion|aurus,cross,lift,23,8,1.0,0.0,1.0,0.0
mrs-nsga2-apportion|aurus,cross,lift,24,7,1.0,0.2857,1.0,0.7143
mrs-nsga2-apportion|aurus,ctrl_x,lift,24,15,1.0,1.0,1.0,1.0
mrs-nsga2-apportion|aurus,cross,lift,26,8,1.0,0.5,1.0,1.0
mrs-nsga2-apportion|aurus,ctrl_x,lift,26,15,0.7333,0.9333,1.0,1.0
mrs-nsga2-apportion|aurus,ctrl_y,lift,26,8,1.0,1.0,1.0,1.0
mrs-nsga2-apportion|aurus,cross,lift,27,10,1.0,0.1,0.9,0.4
mrs-nsga2-apportion|aurus,cross,lift,28,6,1.0,0.1667,1.0,0.6667
mrs-nsga2-apportion|aurus,ctrl_x,lift,28,10,0.8,0.9,0.8,1.0
mrs-nsga2-apportion|aurus,ctrl_y,lift,28,6,1.0,1.0,1.0,1.0
mrs-nsga2-apportion|aurus,cross,lift,29,10,1.0,0.1,0.9,0.2
mrs-nsga2-apportion|aurus-nsga2-apportion,cross,lift,0,7,1.0,0.7143,1.0,1.0
mrs-nsga2-apportion|aurus-nsga2-apportion,ctrl_x,lift,0,13,0.8462,0.7692,1.0,1.0
mrs-nsga2-apportion|aurus-nsga2-apportion,ctrl_y,lift,0,7,0.8571,0.8571,1.0,1.0
mrs-nsga2-apportion|aurus-nsga2-apportion,cross,lift,1,10,0.9,0.7,1.0,1.0
mrs-nsga2-apportion|aurus-nsga2-apportion,cross,lift,2,18,0.9444,0.8889,1.0,1.0
mrs-nsga2-apportion|aurus-nsga2-apportion,ctrl_x,lift,2,11,0.9091,0.9091,1.0,1.0
mrs-nsga2-apportion|aurus-nsga2-apportion,ctrl_y,lift,2,15,0.8,0.8,1.0,1.0
mrs-nsga2-apportion|aurus-nsga2-apportion,cross,lift,3,11,0.8182,1.0,1.0,1.0
mrs-nsga2-apportion|aurus-nsga2-apportion,cross,lift,4,11,0.9091,0.9091,1.0,1.0
mrs-nsga2-apportion|aurus-nsga2-apportion,ctrl_x,lift,4,13,0.6923,1.0,1.0,1.0
mrs-nsga2-apportion|aurus-nsga2-apportion,ctrl_y,lift,4,11,0.9091,0.6364,1.0,1.0
mrs-nsga2-apportion|aurus-nsga2-apportion,cross,lift,5,13,0.9231,0.7692,1.0,1.0
mrs-nsga2-apportion|aurus-nsga2-apportion,cross,lift,6,17,0.6471,1.0,0.9412,1.0
mrs-nsga2-apportion|aurus-nsga2-apportion,ctrl_x,lift,6,17,0.5882,0.7647,1.0,1.0
mrs-nsga2-apportion|aurus-nsga2-apportion,ctrl_y,lift,6,15,1.0,0.6,1.0,1.0
mrs-nsga2-apportion|aurus-nsga2-apportion,cross,lift,7,15,1.0,0.4667,1.0,0.5333
mrs-nsga2-apportion|aurus-nsga2-apportion,cross,lift,8,12,1.0,0.6667,1.0,1.0
mrs-nsga2-apportion|aurus-nsga2-apportion,ctrl_x,lift,8,10,1.0,0.9,1.0,1.0
mrs-nsga2-apportion|aurus-nsga2-apportion,cross,lift,10,14,0.8571,0.8571,1.0,1.0
mrs-nsga2-apportion|aurus-nsga2-apportion,ctrl_x,lift,10,15,0.8667,0.8667,1.0,1.0
mrs-nsga2-apportion|aurus-nsga2-apportion,ctrl_y,lift,10,14,1.0,0.9286,1.0,1.0
mrs-nsga2-apportion|aurus-nsga2-apportion,cross,lift,11,15,0.9333,1.0,0.9333,1.0
mrs-nsga2-apportion|aurus-nsga2-apportion,cross,lift,12,16,0.875,0.9375,0.875,0.9375
mrs-nsga2-apportion|aurus-nsga2-apportion,ctrl_x,lift,12,11,0.7273,0.9091,1.0,1.0
mrs-nsga2-apportion|aurus-nsga2-apportion,ctrl_y,lift,12,13,0.6154,0.6154,0.8462,1.0
mrs-nsga2-apportion|aurus-nsga2-apportion,cross,lift,13,11,0.6364,1.0,1.0,1.0
mrs-nsga2-apportion|aurus-nsga2-apportion,cross,lift,14,12,0.8333,0.9167,1.0,1.0
mrs-nsga2-apportion|aurus-nsga2-apportion,ctrl_x,lift,14,8,1.0,0.875,1.0,1.0
mrs-nsga2-apportion|aurus-nsga2-apportion,ctrl_y,lift,14,8,1.0,0.5,1.0,1.0
mrs-nsga2-apportion|aurus-nsga2-apportion,cross,lift,15,8,1.0,1.0,1.0,1.0
mrs-nsga2-apportion|aurus-nsga2-apportion,cross,lift,16,12,0.5,0.8333,1.0,1.0
mrs-nsga2-apportion|aurus-nsga2-apportion,ctrl_x,lift,16,19,0.8421,0.8421,1.0,0.6842
mrs-nsga2-apportion|aurus-nsga2-apportion,ctrl_y,lift,16,12,0.9167,0.8333,1.0,1.0
mrs-nsga2-apportion|aurus-nsga2-apportion,cross,lift,17,19,0.8947,0.9474,0.6842,1.0
mrs-nsga2-apportion|aurus-nsga2-apportion,cross,lift,18,11,0.8182,1.0,1.0,1.0
mrs-nsga2-apportion|aurus-nsga2-apportion,ctrl_x,lift,18,11,0.5455,0.6364,1.0,1.0
mrs-nsga2-apportion|aurus-nsga2-apportion,ctrl_y,lift,18,13,1.0,0.7692,1.0,0.5385
mrs-nsga2-apportion|aurus-nsga2-apportion,cross,lift,19,20,0.55,0.6,0.6,1.0
mrs-nsga2-apportion|aurus-nsga2-apportion,cross,lift,20,13,0.8462,0.6923,1.0,1.0
mrs-nsga2-apportion|aurus-nsga2-apportion,ctrl_x,lift,20,13,0.9231,0.5385,1.0,1.0
mrs-nsga2-apportion|aurus-nsga2-apportion,ctrl_y,lift,20,16,0.9375,0.8125,1.0,1.0
mrs-nsga2-apportion|aurus-nsga2-apportion,cross,lift,21,16,0.8125,0.9375,1.0,1.0
mrs-nsga2-apportion|aurus-nsga2-apportion,cross,lift,22,12,0.5833,0.9167,1.0,1.0
mrs-nsga2-apportion|aurus-nsga2-apportion,ctrl_x,lift,22,15,0.6,0.7333,1.0,1.0
mrs-nsga2-apportion|aurus-nsga2-apportion,ctrl_y,lift,22,12,0.75,0.9167,1.0,1.0
mrs-nsga2-apportion|aurus-nsga2-apportion,cross,lift,23,16,0.625,1.0,1.0,1.0
mrs-nsga2-apportion|aurus-nsga2-apportion,cross,lift,24,15,1.0,0.8667,1.0,1.0
mrs-nsga2-apportion|aurus-nsga2-apportion,ctrl_x,lift,24,15,1.0,1.0,1.0,1.0
mrs-nsga2-apportion|aurus-nsga2-apportion,ctrl_y,lift,24,14,0.7857,1.0,1.0,1.0
mrs-nsga2-apportion|aurus-nsga2-apportion,cross,lift,25,14,0.7857,1.0,1.0,1.0
mrs-nsga2-apportion|aurus-nsga2-apportion,cross,lift,26,7,0.8571,1.0,1.0,1.0
mrs-nsga2-apportion|aurus-nsga2-apportion,ctrl_x,lift,26,15,0.7333,0.9333,1.0,1.0
mrs-nsga2-apportion|aurus-nsga2-apportion,ctrl_y,lift,26,7,1.0,0.5714,1.0,1.0
mrs-nsga2-apportion|aurus-nsga2-apportion,cross,lift,27,15,0.9333,0.9333,1.0,1.0
mrs-nsga2-apportion|aurus-nsga2-apportion,cross,lift,28,10,0.9,0.8,1.0,1.0
mrs-nsga2-apportion|aurus-nsga2-apportion,ctrl_x,lift,28,10,0.9,1.0,1.0,1.0
mrs-nsga2-apportion|aurus-nsga2-apportion,ctrl_y,lift,28,15,0.8667,0.9333,1.0,1.0
mrs-nsga2-apportion|aurus-nsga2-apportion,cross,lift,29,14,1.0,0.8571,1.0,1.0
mrs-nsga2-apportion|mrs-weighted,cross,lift,0,13,0.8462,0.6154,1.0,1.0
mrs-nsga2-apportion|mrs-weighted,ctrl_x,lift,0,13,0.8462,0.6923,1.0,1.0
mrs-nsga2-apportion|mrs-weighted,ctrl_y,lift,0,61,1.0,0.7377,0.6557,0.7049
mrs-nsga2-apportion|mrs-weighted,cross,lift,1,14,0.6429,0.9286,1.0,1.0
mrs-nsga2-apportion|mrs-weighted,cross,lift,2,18,0.8889,0.4444,0.5556,1.0
mrs-nsga2-apportion|mrs-weighted,ctrl_x,lift,2,11,0.9091,0.9091,1.0,1.0
mrs-nsga2-apportion|mrs-weighted,ctrl_y,lift,2,59,0.8475,0.9322,0.8305,0.5424
mrs-nsga2-apportion|mrs-weighted,cross,lift,3,11,0.4545,1.0,1.0,1.0
mrs-nsga2-apportion|mrs-weighted,cross,lift,4,16,1.0,0.9375,0.5625,0.5
mrs-nsga2-apportion|mrs-weighted,ctrl_x,lift,4,13,1.0,1.0,1.0,1.0
mrs-nsga2-apportion|mrs-weighted,ctrl_y,lift,4,49,0.898,1.0,1.0,1.0
mrs-nsga2-apportion|mrs-weighted,cross,lift,5,13,0.9231,1.0,1.0,1.0
mrs-nsga2-apportion|mrs-weighted,cross,lift,6,17,0.7059,0.7647,0.8235,1.0
mrs-nsga2-apportion|mrs-weighted,ctrl_x,lift,6,17,0.5882,0.7647,1.0,1.0
mrs-nsga2-apportion|mrs-weighted,ctrl_y,lift,6,51,0.9608,0.8431,0.7451,0.5098
mrs-nsga2-apportion|mrs-weighted,cross,lift,7,22,0.8636,0.9545,0.9091,0.5455
mrs-nsga2-apportion|mrs-weighted,cross,lift,8,12,0.75,0.8333,0.8333,1.0
mrs-nsga2-apportion|mrs-weighted,ctrl_x,lift,8,10,1.0,0.9,1.0,1.0
mrs-nsga2-apportion|mrs-weighted,ctrl_y,lift,8,53,0.9623,0.8868,0.6981,0.6038
mrs-nsga2-apportion|mrs-weighted,cross,lift,9,10,1.0,0.6,1.0,1.0
mrs-nsga2-apportion|mrs-weighted,cross,lift,10,23,0.9565,0.6957,0.9565,0.6522
mrs-nsga2-apportion|mrs-weighted,ctrl_x,lift,10,15,0.8667,0.8667,1.0,1.0
mrs-nsga2-apportion|mrs-weighted,ctrl_y,lift,10,65,0.9231,0.8769,0.3538,0.4462
mrs-nsga2-apportion|mrs-weighted,cross,lift,11,15,0.7333,0.9333,1.0,0.6
mrs-nsga2-apportion|mrs-weighted,cross,lift,12,19,0.7895,0.5263,0.8947,1.0
mrs-nsga2-apportion|mrs-weighted,ctrl_x,lift,12,11,0.7273,0.9091,1.0,1.0
mrs-nsga2-apportion|mrs-weighted,ctrl_y,lift,12,55,0.9091,0.9455,0.9818,0.7455
mrs-nsga2-apportion|mrs-weighted,cross,lift,13,11,0.9091,1.0,1.0,1.0
mrs-nsga2-apportion|mrs-weighted,cross,lift,14,12,0.75,0.75,1.0,0.9167
mrs-nsga2-apportion|mrs-weighted,ctrl_x,lift,14,8,1.0,0.875,1.0,1.0
mrs-nsga2-apportion|mrs-weighted,ctrl_y,lift,14,57,0.9649,0.9649,0.9474,0.9298
mrs-nsga2-apportion|mrs-weighted,cross,lift,15,8,1.0,0.75,1.0,1.0
mrs-nsga2-apportion|mrs-weighted,cross,lift,16,19,0.8947,0.8421,0.7895,0.4737
mrs-nsga2-apportion|mrs-weighted,ctrl_x,lift,16,19,0.8421,0.8421,1.0,0.6842
mrs-nsga2-apportion|mrs-weighted,ctrl_y,lift,16,53,0.8302,0.9434,0.4906,0.5283
mrs-nsga2-apportion|mrs-weighted,cross,lift,17,19,0.7895,0.9474,0.6316,1.0
mrs-nsga2-apportion|mrs-weighted,cross,lift,18,11,0.8182,0.7273,1.0,1.0
mrs-nsga2-apportion|mrs-weighted,ctrl_x,lift,18,11,0.5455,0.6364,1.0,1.0
mrs-nsga2-apportion|mrs-weighted,ctrl_y,lift,18,22,0.2727,0.8636,1.0,0.2727
mrs-nsga2-apportion|mrs-weighted,cross,lift,19,20,0.15,0.55,0.6,0.3
mrs-nsga2-apportion|mrs-weighted,cross,lift,20,13,0.9231,0.3846,1.0,1.0
mrs-nsga2-apportion|mrs-weighted,ctrl_x,lift,20,13,0.9231,0.5385,1.0,1.0
mrs-nsga2-apportion|mrs-weighted,ctrl_y,lift,20,48,0.9792,0.9167,0.6042,0.7292
mrs-nsga2-apportion|mrs-weighted,cross,lift,21,17,0.7059,1.0,0.8824,1.0
mrs-nsga2-apportion|mrs-weighted,cross,lift,22,15,0.8667,0.9333,0.4667,1.0
mrs-nsga2-apportion|mrs-weighted,ctrl_x,lift,22,15,0.6,0.9333,1.0,1.0
mrs-nsga2-apportion|mrs-weighted,ctrl_y,lift,22,58,0.931,0.931,0.9655,1.0
mrs-nsga2-apportion|mrs-weighted,cross,lift,23,16,0.9375,0.75,1.0,0.5
mrs-nsga2-apportion|mrs-weighted,cross,lift,24,17,0.9412,1.0,1.0,0.9412
mrs-nsga2-apportion|mrs-weighted,ctrl_x,lift,24,15,0.8667,1.0,1.0,1.0
mrs-nsga2-apportion|mrs-weighted,ctrl_y,lift,24,37,1.0,0.973,0.5946,0.6216
mrs-nsga2-apportion|mrs-weighted,cross,lift,25,15,1.0,0.9333,1.0,0.6
mrs-nsga2-apportion|mrs-weighted,cross,lift,26,16,0.5,1.0,1.0,1.0
mrs-nsga2-apportion|mrs-weighted,ctrl_x,lift,26,15,0.7333,0.9333,1.0,1.0
mrs-nsga2-apportion|mrs-weighted,ctrl_y,lift,26,57,0.8772,0.8596,0.807,1.0
mrs-nsga2-apportion|mrs-weighted,cross,lift,27,15,0.9333,1.0,1.0,1.0
mrs-nsga2-apportion|mrs-weighted,cross,lift,28,10,0.7,0.9,1.0,1.0
mrs-nsga2-apportion|mrs-weighted,ctrl_x,lift,28,10,0.9,1.0,1.0,1.0
mrs-nsga2-apportion|mrs-weighted,ctrl_y,lift,28,55,0.8182,0.9455,0.3636,0.8364
mrs-nsga2-apportion|mrs-weighted,cross,lift,29,14,1.0,0.7143,1.0,0.8571
aurus-nsga2-apportion|aurus,cross,lift,0,7,1.0,0.1429,1.0,0.5714
aurus-nsga2-apportion|aurus,ctrl_x,lift,0,7,0.8571,0.5714,1.0,1.0
aurus-nsga2-apportion|aurus,ctrl_y,lift,0,7,1.0,1.0,1.0,1.0
aurus-nsga2-apportion|aurus,cross,lift,1,7,1.0,0.4286,1.0,1.0
aurus-nsga2-apportion|aurus,cross,lift,2,8,1.0,0.25,0.875,0.25
aurus-nsga2-apportion|aurus,ctrl_x,lift,2,15,0.9333,0.8667,1.0,0.9333
aurus-nsga2-apportion|aurus,ctrl_y,lift,2,8,1.0,1.0,1.0,1.0
aurus-nsga2-apportion|aurus,cross,lift,3,12,1.0,0.5,1.0,1.0
aurus-nsga2-apportion|aurus,cross,lift,4,10,1.0,0.3,1.0,0.9
aurus-nsga2-apportion|aurus,ctrl_x,lift,4,11,0.9091,0.6364,1.0,1.0
aurus-nsga2-apportion|aurus,ctrl_y,lift,4,10,1.0,1.0,1.0,1.0
aurus-nsga2-apportion|aurus,cross,lift,5,11,1.0,0.1818,1.0,0.3636
aurus-nsga2-apportion|aurus,ctrl_x,lift,6,15,1.0,0.6667,1.0,1.0
aurus-nsga2-apportion|aurus,cross,lift,7,11,1.0,0.3636,1.0,1.0
aurus-nsga2-apportion|aurus,cross,lift,10,10,1.0,0.3,1.0,0.5
aurus-nsga2-apportion|aurus,ctrl_x,lift,10,14,1.0,0.7857,1.0,1.0
aurus-nsga2-apportion|aurus,ctrl_y,lift,10,8,0.875,1.0,0.5,1.0
aurus-nsga2-apportion|aurus,cross,lift,11,8,1.0,0.25,1.0,0.125
aurus-nsga2-apportion|aurus,ctrl_x,lift,12,13,0.6154,0.5385,0.5385,1.0
aurus-nsga2-apportion|aurus,cross,lift,13,10,1.0,0.4,1.0,0.8
aurus-nsga2-apportion|aurus,ctrl_x,lift,14,8,1.0,0.75,1.0,1.0
aurus-nsga2-apportion|aurus,cross,lift,15,8,1.0,0.375,1.0,1.0
aurus-nsga2-apportion|aurus,cross,lift,16,7,1.0,0.1429,1.0,1.0
aurus-nsga2-apportion|aurus,ctrl_x,lift,16,12,0.8333,0.8333,1.0,1.0
aurus-nsga2-apportion|aurus,ctrl_y,lift,16,7,1.0,1.0,1.0,1.0
aurus-nsga2-apportion|aurus,cross,lift,17,8,1.0,0.25,1.0,1.0
aurus-nsga2-apportion|aurus,cross,lift,18,11,1.0,0.0,0.6364,0.0
aurus-nsga2-apportion|aurus,ctrl_x,lift,18,13,1.0,0.7692,0.8462,0.4615
aurus-nsga2-apportion|aurus,ctrl_y,lift,18,11,1.0,1.0,0.8182,1.0
aurus-nsga2-apportion|aurus,cross,lift,19,12,1.0,0.3333,1.0,0.5
aurus-nsga2-apportion|aurus,cross,lift,20,7,1.0,0.0,1.0,0.0
aurus-nsga2-apportion|aurus,ctrl_x,lift,20,16,0.9375,0.8125,1.0,0.875
aurus-nsga2-apportion|aurus,ctrl_y,lift,20,7,1.0,1.0,1.0,1.0
aurus-nsga2-apportion|aurus,cross,lift,21,9,1.0,0.5556,1.0,1.0
aurus-nsga2-apportion|aurus,ctrl_x,lift,22,12,0.5833,1.0,1.0,1.0
aurus-nsga2-apportion|aurus,cross,lift,23,8,1.0,0.25,1.0,0.875
aurus-nsga2-apportion|aurus,cross,lift,24,7,1.0,0.5714,1.0,1.0
aurus-nsga2-apportion|aurus,ctrl_x,lift,24,14,0.7857,1.0,1.0,1.0
aurus-nsga2-apportion|aurus,cross,lift,26,7,1.0,0.4286,1.0,1.0
aurus-nsga2-apportion|aurus,ctrl_x,lift,26,7,1.0,0.5714,1.0,1.0
aurus-nsga2-apportion|aurus,ctrl_y,lift,26,8,1.0,1.0,1.0,1.0
aurus-nsga2-apportion|aurus,cross,lift,27,10,1.0,0.2,1.0,0.4
aurus-nsga2-apportion|aurus,cross,lift,28,6,1.0,0.5,1.0,1.0
aurus-nsga2-apportion|aurus,ctrl_x,lift,28,15,0.8667,0.9333,1.0,1.0
aurus-nsga2-apportion|aurus,ctrl_y,lift,28,6,1.0,1.0,1.0,1.0
aurus-nsga2-apportion|aurus,cross,lift,29,10,1.0,0.3,1.0,1.0
mrs-nsga2-apportion|aurus,cross,lily02,0,26,1.0,0.9615,0.3462,0.6154
mrs-nsga2-apportion|aurus,ctrl_x,lily02,0,21,0.9524,1.0,1.0,1.0
mrs-nsga2-apportion|aurus,ctrl_y,lily02,0,37,1.0,0.3514,0.5676,0.5405
mrs-nsga2-apportion|aurus,cross,lily02,1,21,1.0,0.9524,0.8095,0.8571
mrs-nsga2-apportion|aurus,cross,lily02,2,32,0.9688,1.0,0.5625,0.6875
mrs-nsga2-apportion|aurus,ctrl_x,lily02,2,32,0.7812,0.9375,0.8125,1.0
mrs-nsga2-apportion|aurus,ctrl_y,lily02,2,30,0.9667,0.9333,0.9667,0.8
mrs-nsga2-apportion|aurus,cross,lily02,3,30,0.9,1.0,0.7667,0.5667
mrs-nsga2-apportion|aurus,cross,lily02,4,43,0.7674,0.8372,0.6047,0.2791
mrs-nsga2-apportion|aurus,ctrl_x,lily02,4,29,0.9655,0.9655,0.8966,1.0
mrs-nsga2-apportion|aurus,ctrl_y,lily02,4,41,0.9512,0.7317,0.7073,0.7561
mrs-nsga2-apportion|aurus,cross,lily02,5,29,0.9655,0.8966,0.6207,0.4483
mrs-nsga2-apportion|aurus,cross,lily02,6,19,1.0,0.7895,0.4737,0.1579
mrs-nsga2-apportion|aurus,ctrl_x,lily02,6,19,0.8947,1.0,0.6316,0.5263
mrs-nsga2-apportion|aurus,ctrl_y,lily02,6,33,0.8182,0.9697,0.4545,0.8788
mrs-nsga2-apportion|aurus,cross,lily02,7,28,0.9643,0.8929,0.3571,0.4286
mrs-nsga2-apportion|aurus,cross,lily02,8,27,0.8889,1.0,0.5556,0.5556
mrs-nsga2-apportion|aurus,ctrl_x,lily02,8,19,1.0,0.8947,1.0,0.9474
mrs-nsga2-apportion|aurus,ctrl_y,lily02,8,27,0.8889,0.9259,1.0,1.0
mrs-nsga2-apportion|aurus,cross,lily02,9,19,0.9474,0.9474,0.3158,0.7368
mrs-nsga2-apportion|aurus,cross,lily02,10,27,1.0,1.0,0.6296,0.6667
mrs-nsga2-apportion|aurus,ctrl_x,lily02,10,13,1.0,1.0,1.0,1.0
mrs-nsga2-apportion|aurus,ctrl_y,lily02,10,35,0.9714,0.9429,0.6857,0.8
mrs-nsga2-apportion|aurus,cross,lily02,11,13,1.0,1.0,0.9231,0.6154
mrs-nsga2-apportion|aurus,cross,lily02,12,42,0.9048,0.8571,0.4286,0.3333
mrs-nsga2-apportion|aurus,ctrl_x,lily02,12,19,1.0,0.9474,1.0,1.0
mrs-nsga2-apportion|aurus,ctrl_y,lily02,12,43,0.8837,0.9767,0.907,0.7674
mrs-nsga2-apportion|aurus,cross,lily02,13,19,1.0,0.8947,0.3158,0.3158
mrs-nsga2-apportion|aurus,cross,lily02,14,31,1.0,0.9032,0.4194,0.1935
mrs-nsga2-apportion|aurus,ctrl_x,lily02,14,31,1.0,0.9355,0.9032,0.7419
mrs-nsga2-apportion|aurus,ctrl_y,lily02,14,39,0.8718,0.9487,0.4103,0.8205
mrs-nsga2-apportion|aurus,cross,lily02,15,34,0.9118,0.8824,0.2941,0.7353
mrs-nsga2-apportion|aurus,cross,lily02,16,25,0.88,1.0,0.6,1.0
mrs-nsga2-apportion|aurus,ctrl_x,lily02,16,7,0.8571,1.0,1.0,1.0
mrs-nsga2-apportion|aurus,ctrl_y,lily02,16,43,0.907,0.9535,0.907,0.8605
mrs-nsga2-apportion|aurus,cross,lily02,17,7,1.0,1.0,1.0,1.0
mrs-nsga2-apportion|aurus,ctrl_x,lily02,18,12,1.0,0.75,1.0,1.0
mrs-nsga2-apportion|aurus,cross,lily02,19,30,0.9667,1.0,0.2667,0.1333
mrs-nsga2-apportion|aurus,cross,lily02,20,18,1.0,0.6667,0.3333,1.0
mrs-nsga2-apportion|aurus,ctrl_x,lily02,20,18,1.0,1.0,0.9444,1.0
mrs-nsga2-apportion|aurus,ctrl_y,lily02,20,55,0.9273,0.8727,0.8545,0.8364
mrs-nsga2-apportion|aurus,cross,lily02,21,23,1.0,1.0,0.087,0.2609
mrs-nsga2-apportion|aurus,cross,lily02,22,9,1.0,1.0,1.0,1.0
mrs-nsga2-apportion|aurus,ctrl_x,lily02,22,9,0.8889,1.0,1.0,1.0
mrs-nsga2-apportion|aurus,ctrl_y,lily02,22,39,0.7692,0.8718,0.9744,0.7436
mrs-nsga2-apportion|aurus,cross,lily02,23,24,0.9167,0.9583,0.375,0.3333
mrs-nsga2-apportion|aurus,cross,lily02,24,34,1.0,1.0,0.5588,0.8824
mrs-nsga2-apportion|aurus,ctrl_x,lily02,24,18,0.8333,1.0,0.6111,1.0
mrs-nsga2-apportion|aurus,ctrl_y,lily02,24,34,1.0,0.9412,1.0,0.9118
mrs-nsga2-apportion|aurus,cross,lily02,25,18,1.0,0.8333,0.4444,0.7222
mrs-nsga2-apportion|aurus,cross,lily02,26,34,1.0,1.0,0.4706,0.5882
mrs-nsga2-apportion|aurus,ctrl_x,lily02,26,15,0.9333,1.0,1.0,1.0
mrs-nsga2-apportion|aurus,ctrl_y,lily02,26,34,0.9706,1.0,0.6765,0.7059
mrs-nsga2-apportion|aurus,cross,lily02,27,15,0.9333,0.8667,0.1333,0.1333
mrs-nsga2-apportion|aurus,cross,lily02,28,17,1.0,0.8235,0.2353,0.7059
mrs-nsga2-apportion|aurus,ctrl_x,lily02,28,17,1.0,0.7647,1.0,1.0
mrs-nsga2-apportion|aurus,ctrl_y,lily02,28,33,0.7576,1.0,0.697,0.9091
mrs-nsga2-apportion|aurus,cross,lily02,29,33,0.9394,0.9697,0.4848,0.697
mrs-nsga2-apportion|aurus-nsga2-apportion,cross,lily02,0,17,1.0,0.8824,1.0,1.0
mrs-nsga2-apportion|aurus-nsga2-apportion,ctrl_x,lily02,0,21,0.9524,1.0,0.7619,1.0
mrs-nsga2-apportion|aurus-nsga2-apportion,ctrl_y,lily02,0,14,1.0,1.0,0.7857,1.0
mrs-nsga2-apportion|aurus-nsga2-apportion,cross,lily02,1,14,1.0,1.0,1.0,1.0
mrs-nsga2-apportion|aurus-nsga2-apportion,cross,lily02,2,27,0.9259,1.0,0.963,0.8148
mrs-nsga2-apportion|aurus-nsga2-apportion,ctrl_x,lily02,2,32,0.8125,0.9375,0.9062,1.0
mrs-nsga2-apportion|aurus-nsga2-apportion,ctrl_y,lily02,2,19,1.0,0.8947,0.7895,0.6316
mrs-nsga2-apportion|aurus-nsga2-apportion,cross,lily02,3,19,1.0,0.8947,1.0,0.8421
mrs-nsga2-apportion|aurus-nsga2-apportion,cross,lily02,4,46,1.0,0.9348,0.6957,0.8043
mrs-nsga2-apportion|aurus-nsga2-apportion,ctrl_x,lily02,4,29,0.8621,1.0,0.7931,1.0
mrs-nsga2-apportion|aurus-nsga2-apportion,ctrl_y,lily02,4,12,0.75,1.0,0.3333,1.0
mrs-nsga2-apportion|aurus-nsga2-apportion,cross,lily02,5,12,1.0,1.0,0.75,1.0
mrs-nsga2-apportion|aurus-nsga2-apportion,cross,lily02,6,19,1.0,0.7895,1.0,0.5263
mrs-nsga2-apportion|aurus-nsga2-apportion,ctrl_x,lily02,6,19,0.8947,1.0,0.6316,0.5263
mrs-nsga2-apportion|aurus-nsga2-apportion,ctrl_y,lily02,6,14,0.9286,1.0,1.0,1.0
mrs-nsga2-apportion|aurus-nsga2-apportion,cross,lily02,7,14,0.6429,1.0,1.0,1.0
mrs-nsga2-apportion|aurus-nsga2-apportion,cross,lily02,8,13,1.0,1.0,1.0,1.0
mrs-nsga2-apportion|aurus-nsga2-apportion,ctrl_x,lily02,8,19,1.0,0.8421,1.0,1.0
mrs-nsga2-apportion|aurus-nsga2-apportion,ctrl_y,lily02,8,13,1.0,1.0,1.0,0.9231
mrs-nsga2-apportion|aurus-nsga2-apportion,cross,lily02,9,19,0.9474,1.0,0.7368,0.9474
mrs-nsga2-apportion|aurus-nsga2-apportion,cross,lily02,10,27,0.963,0.7778,1.0,0.7407
mrs-nsga2-apportion|aurus-nsga2-apportion,ctrl_x,lily02,10,13,1.0,1.0,1.0,1.0
mrs-nsga2-apportion|aurus-nsga2-apportion,ctrl_y,lily02,10,11,1.0,1.0,0.6364,1.0
mrs-nsga2-apportion|aurus-nsga2-apportion,cross,lily02,11,11,1.0,1.0,1.0,1.0
mrs-nsga2-apportion|aurus-nsga2-apportion,cross,lily02,12,31,0.9677,0.9032,1.0,1.0
mrs-nsga2-apportion|aurus-nsga2-apportion,ctrl_x,lily02,12,19,0.8421,0.9474,1.0,0.9474
mrs-nsga2-apportion|aurus-nsga2-apportion,ctrl_y,lily02,12,25,0.88,1.0,0.72,0.88
mrs-nsga2-apportion|aurus-nsga2-apportion,cross,lily02,13,19,0.9474,1.0,0.8947,1.0
mrs-nsga2-apportion|aurus-nsga2-apportion,cross,lily02,14,27,0.963,1.0,1.0,1.0
mrs-nsga2-apportion|aurus-nsga2-apportion,ctrl_x,lily02,14,31,0.9677,0.9355,0.9032,0.8065
mrs-nsga2-apportion|aurus-nsga2-apportion,ctrl_y,lily02,14,27,1.0,1.0,0.8889,0.963
mrs-nsga2-apportion|aurus-nsga2-apportion,cross,lily02,15,27,0.963,0.963,0.7037,0.8519
mrs-nsga2-apportion|aurus-nsga2-apportion,cross,lily02,16,17,1.0,1.0,0.9412,1.0
mrs-nsga2-apportion|aurus-nsga2-apportion,ctrl_x,lily02,16,7,1.0,1.0,1.0,1.0
mrs-nsga2-apportion|aurus-nsga2-apportion,ctrl_y,lily02,16,17,1.0,1.0,0.8235,0.9412
mrs-nsga2-apportion|aurus-nsga2-apportion,cross,lily02,17,7,1.0,0.4286,1.0,1.0
mrs-nsga2-apportion|aurus-nsga2-apportion,cross,lily02,18,12,1.0,1.0,1.0,1.0
mrs-nsga2-apportion|aurus-nsga2-apportion,ctrl_x,lily02,18,12,1.0,0.9167,1.0,1.0
mrs-nsga2-apportion|aurus-nsga2-apportion,ctrl_y,lily02,18,27,0.8519,0.8519,0.7407,0.9259
mrs-nsga2-apportion|aurus-nsga2-apportion,cross,lily02,19,30,0.8667,0.8667,0.9667,0.9667
mrs-nsga2-apportion|aurus-nsga2-apportion,cross,lily02,20,13,1.0,1.0,1.0,1.0
mrs-nsga2-apportion|aurus-nsga2-apportion,ctrl_x,lily02,20,18,1.0,0.6667,0.9444,1.0
mrs-nsga2-apportion|aurus-nsga2-apportion,ctrl_y,lily02,20,13,1.0,1.0,1.0,1.0
mrs-nsga2-apportion|aurus-nsga2-apportion,cross,lily02,21,14,1.0,1.0,0.7857,1.0
mrs-nsga2-apportion|aurus-nsga2-apportion,cross,lily02,22,9,1.0,1.0,1.0,1.0
mrs-nsga2-apportion|aurus-nsga2-apportion,ctrl_x,lily02,22,9,0.8889,1.0,1.0,1.0
mrs-nsga2-apportion|aurus-nsga2-apportion,ctrl_y,lily02,22,17,1.0,0.9412,0.9412,1.0
mrs-nsga2-apportion|aurus-nsga2-apportion,cross,lily02,23,17,0.9412,1.0,1.0,1.0
mrs-nsga2-apportion|aurus-nsga2-apportion,cross,lily02,24,30,0.9667,0.6333,0.6667,1.0
mrs-nsga2-apportion|aurus-nsga2-apportion,ctrl_x,lily02,24,18,1.0,1.0,0.8889,1.0
mrs-nsga2-apportion|aurus-nsga2-apportion,ctrl_y,lily02,24,12,1.0,1.0,1.0,1.0
mrs-nsga2-apportion|aurus-nsga2-apportion,cross,lily02,25,12,1.0,1.0,0.9167,0.6667
mrs-nsga2-apportion|aurus-nsga2-apportion,cross,lily02,26,33,0.8485,1.0,1.0,0.9697
mrs-nsga2-apportion|aurus-nsga2-apportion,ctrl_x,lily02,26,15,0.9333,1.0,0.8,1.0
mrs-nsga2-apportion|aurus-nsga2-apportion,ctrl_y,lily02,26,24,0.9583,1.0,1.0,0.6667
mrs-nsga2-apportion|aurus-nsga2-apportion,cross,lily02,27,15,0.8667,0.8,1.0,0.4
mrs-nsga2-apportion|aurus-nsga2-apportion,cross,lily02,28,17,1.0,1.0,1.0,1.0
mrs-nsga2-apportion|aurus-nsga2-apportion,ctrl_x,lily02,28,17,1.0,0.7647,1.0,1.0
mrs-nsga2-apportion|aurus-nsga2-apportion,ctrl_y,lily02,28,18,1.0,0.8889,1.0,1.0
mrs-nsga2-apportion|aurus-nsga2-apportion,cross,lily02,29,25,1.0,1.0,0.96,1.0
mrs-nsga2-apportion|mrs-weighted,cross,lily02,0,26,1.0,0.9231,0.5,0.6923
mrs-nsga2-apportion|mrs-weighted,ctrl_x,lily02,0,21,0.9524,1.0,1.0,1.0
mrs-nsga2-apportion|mrs-weighted,ctrl_y,lily02,0,47,0.9149,0.9149,0.7447,0.7872
mrs-nsga2-apportion|mrs-weighted,cross,lily02,1,21,1.0,0.9524,0.9048,0.9524
mrs-nsga2-apportion|mrs-weighted,cross,lily02,2,32,0.6875,0.9375,0.6562,1.0
mrs-nsga2-apportion|mrs-weighted,ctrl_x,lily02,2,32,0.7812,0.9375,0.8125,1.0
mrs-nsga2-apportion|mrs-weighted,ctrl_y,lily02,2,28,1.0,1.0,0.9286,1.0
mrs-nsga2-apportion|mrs-weighted,cross,lily02,3,28,0.8571,1.0,0.9643,0.8929
mrs-nsga2-apportion|mrs-weighted,cross,lily02,4,46,0.7826,0.8478,0.5,0.9348
mrs-nsga2-apportion|mrs-weighted,ctrl_x,lily02,4,29,0.8966,1.0,0.8621,1.0
mrs-nsga2-apportion|mrs-weighted,ctrl_y,lily02,4,39,0.8974,0.8974,0.8974,0.9231
mrs-nsga2-apportion|mrs-weighted,cross,lily02,5,29,0.9655,1.0,0.8966,0.931
mrs-nsga2-apportion|mrs-weighted,cross,lily02,6,19,1.0,1.0,1.0,1.0
mrs-nsga2-apportion|mrs-weighted,ctrl_x,lily02,6,19,0.8947,1.0,0.6316,0.5263
mrs-nsga2-apportion|mrs-weighted,ctrl_y,lily02,6,48,0.875,0.9583,0.8125,0.9583
mrs-nsga2-apportion|mrs-weighted,cross,lily02,7,28,0.8571,1.0,0.75,0.6786
mrs-nsga2-apportion|mrs-weighted,cross,lily02,8,28,0.9286,1.0,0.6786,0.9643
mrs-nsga2-apportion|mrs-weighted,ctrl_x,lily02,8,19,0.9474,0.8947,0.8421,1.0
mrs-nsga2-apportion|mrs-weighted,ctrl_y,lily02,8,38,0.8947,0.9474,0.7895,0.6316
mrs-nsga2-apportion|mrs-weighted,cross,lily02,9,19,0.8947,1.0,1.0,1.0
mrs-nsga2-apportion|mrs-weighted,cross,lily02,10,27,0.9259,1.0,0.7778,0.8148
mrs-nsga2-apportion|mrs-weighted,ctrl_x,lily02,10,13,1.0,1.0,1.0,1.0
mrs-nsga2-apportion|mrs-weighted,ctrl_y,lily02,10,34,0.9412,0.9412,1.0,1.0
mrs-nsga2-apportion|mrs-weighted,cross,lily02,11,13,1.0,1.0,1.0,1.0
mrs-nsga2-apportion|mrs-weighted,cross,lily02,12,32,0.7812,0.9375,0.875,0.9062
mrs-nsga2-apportion|mrs-weighted,ctrl_x,lily02,12,19,1.0,0.9474,1.0,1.0
mrs-nsga2-apportion|mrs-weighted,ctrl_y,lily02,12,32,0.9375,0.9375,0.8438,0.8125
mrs-nsga2-apportion|mrs-weighted,cross,lily02,13,19,0.7895,1.0,0.7368,0.9474
mrs-nsga2-apportion|mrs-weighted,cross,lily02,14,31,0.9677,1.0,0.871,0.9355
mrs-nsga2-apportion|mrs-weighted,ctrl_x,lily02,14,31,1.0,0.9355,0.9032,0.7419
mrs-nsga2-apportion|mrs-weighted,ctrl_y,lily02,14,48,0.6667,0.9583,0.5833,0.7292
mrs-nsga2-apportion|mrs-weighted,cross,lily02,15,34,0.6471,1.0,0.2647,0.7353
mrs-nsga2-apportion|mrs-weighted,cross,lily02,16,25,0.92,1.0,0.92,0.96
mrs-nsga2-apportion|mrs-weighted,ctrl_x,lily02,16,7,0.8571,1.0,1.0,1.0
mrs-nsga2-apportion|mrs-weighted,ctrl_y,lily02,16,47,0.8511,0.8085,0.8085,0.7447
mrs-nsga2-apportion|mrs-weighted,cross,lily02,17,7,1.0,1.0,1.0,1.0
mrs-nsga2-apportion|mrs-weighted,cross,lily02,18,12,1.0,1.0,1.0,1.0
mrs-nsga2-apportion|mrs-weighted,ctrl_x,lily02,18,12,1.0,0.9167,1.0,1.0
mrs-nsga2-apportion|mrs-weighted,ctrl_y,lily02,18,82,0.9146,0.7195,0.622,0.7439
mrs-nsga2-apportion|mrs-weighted,cross,lily02,19,30,1.0,1.0,0.6,0.6333
mrs-nsga2-apportion|mrs-weighted,cross,lily02,20,18,1.0,0.9444,0.6667,1.0
mrs-nsga2-apportion|mrs-weighted,ctrl_x,lily02,20,18,1.0,1.0,0.9444,1.0
mrs-nsga2-apportion|mrs-weighted,ctrl_y,lily02,20,58,0.8448,0.9483,0.5517,0.8448
mrs-nsga2-apportion|mrs-weighted,cross,lily02,21,23,1.0,0.9565,0.913,0.8261
mrs-nsga2-apportion|mrs-weighted,cross,lily02,22,9,1.0,1.0,1.0,1.0
mrs-nsga2-apportion|mrs-weighted,ctrl_x,lily02,22,9,0.8889,1.0,1.0,1.0
mrs-nsga2-apportion|mrs-weighted,ctrl_y,lily02,22,40,0.975,0.9,0.675,0.725
mrs-nsga2-apportion|mrs-weighted,cross,lily02,23,24,0.75,0.9583,0.7083,1.0
mrs-nsga2-apportion|mrs-weighted,cross,lily02,24,42,0.6429,1.0,0.5238,0.8333
mrs-nsga2-apportion|mrs-weighted,ctrl_x,lily02,24,18,0.9444,1.0,0.7222,0.7778
mrs-nsga2-apportion|mrs-weighted,ctrl_y,lily02,24,43,1.0,0.7907,0.907,0.7209
mrs-nsga2-apportion|mrs-weighted,cross,lily02,25,18,0.9444,1.0,0.9444,1.0
mrs-nsga2-apportion|mrs-weighted,cross,lily02,26,38,0.8684,0.9737,0.8947,0.9737
mrs-nsga2-apportion|mrs-weighted,ctrl_x,lily02,26,15,0.9333,1.0,1.0,1.0
mrs-nsga2-apportion|mrs-weighted,ctrl_y,lily02,26,40,0.85,0.9,1.0,0.975
mrs-nsga2-apportion|mrs-weighted,cross,lily02,27,15,1.0,0.9333,0.8,0.5333
mrs-nsga2-apportion|mrs-weighted,cross,lily02,28,17,1.0,1.0,0.9412,0.9412
mrs-nsga2-apportion|mrs-weighted,ctrl_x,lily02,28,17,1.0,0.7647,1.0,1.0
mrs-nsga2-apportion|mrs-weighted,ctrl_y,lily02,28,39,1.0,0.9744,0.7949,0.6154
mrs-nsga2-apportion|mrs-weighted,cross,lily02,29,36,0.8611,1.0,0.8056,0.8333
aurus-nsga2-apportion|aurus,cross,lily02,0,17,1.0,1.0,0.6471,1.0
aurus-nsga2-apportion|aurus,ctrl_x,lily02,0,14,1.0,1.0,0.6429,1.0
aurus-nsga2-apportion|aurus,ctrl_y,lily02,0,37,1.0,0.3514,0.4865,0.5405
aurus-nsga2-apportion|aurus,cross,lily02,1,14,1.0,0.9286,0.6429,0.5
aurus-nsga2-apportion|aurus,cross,lily02,2,27,1.0,0.963,0.2222,0.2593
aurus-nsga2-apportion|aurus,ctrl_x,lily02,2,19,1.0,0.8947,0.9474,0.6316
aurus-nsga2-apportion|aurus,ctrl_y,lily02,2,30,0.9667,0.9667,0.8,0.9333
aurus-nsga2-apportion|aurus,cross,lily02,3,19,0.7368,1.0,0.1053,0.4737
aurus-nsga2-apportion|aurus,cross,lily02,4,43,0.9767,0.9767,0.4419,0.5581
aurus-nsga2-apportion|aurus,ctrl_x,lily02,4,12,1.0,1.0,0.6667,1.0
aurus-nsga2-apportion|aurus,ctrl_y,lily02,4,41,0.9512,0.7317,0.7317,0.9512
aurus-nsga2-apportion|aurus,cross,lily02,5,12,1.0,1.0,1.0,0.5
aurus-nsga2-apportion|aurus,cross,lily02,6,23,0.913,0.9565,0.3913,0.3478
aurus-nsga2-apportion|aurus,ctrl_x,lily02,6,14,0.9286,1.0,1.0,1.0
aurus-nsga2-apportion|aurus,ctrl_y,lily02,6,33,0.9697,0.9394,0.5758,0.9697
aurus-nsga2-apportion|aurus,cross,lily02,7,14,1.0,0.9286,1.0,0.8571
aurus-nsga2-apportion|aurus,cross,lily02,8,13,1.0,1.0,1.0,1.0
aurus-nsga2-apportion|aurus,ctrl_x,lily02,8,13,1.0,1.0,1.0,0.8462
aurus-nsga2-apportion|aurus,ctrl_y,lily02,8,27,0.8519,0.8519,1.0,0.7778
aurus-nsga2-apportion|aurus,cross,lily02,9,21,1.0,1.0,0.4286,0.5714
aurus-nsga2-apportion|aurus,cross,lily02,10,35,0.6,0.9429,0.4,0.3429
aurus-nsga2-apportion|aurus,ctrl_x,lily02,10,11,1.0,1.0,1.0,1.0
aurus-nsga2-apportion|aurus,ctrl_y,lily02,10,35,1.0,0.9429,0.6857,0.6857
aurus-nsga2-apportion|aurus,cross,lily02,11,11,1.0,1.0,0.7273,1.0
aurus-nsga2-apportion|aurus,cross,lily02,12,31,0.9355,1.0,0.4194,0.3548
aurus-nsga2-apportion|aurus,ctrl_x,lily02,12,25,0.88,1.0,0.68,0.96
aurus-nsga2-apportion|aurus,ctrl_y,lily02,12,43,0.8837,0.9767,0.814,0.7442
aurus-nsga2-apportion|aurus,cross,lily02,13,25,1.0,1.0,0.84,0.76
aurus-nsga2-apportion|aurus,cross,lily02,14,27,1.0,0.7778,0.1852,0.037
aurus-nsga2-apportion|aurus,ctrl_x,lily02,14,27,1.0,1.0,0.8889,0.963
aurus-nsga2-apportion|aurus,ctrl_y,lily02,14,39,0.8205,0.8974,0.4872,0.7692
aurus-nsga2-apportion|aurus,cross,lily02,15,27,0.9259,0.963,0.7778,0.7778
aurus-nsga2-apportion|aurus,cross,lily02,16,17,1.0,1.0,1.0,1.0
aurus-nsga2-apportion|aurus,ctrl_x,lily02,16,17,1.0,1.0,0.8235,1.0
aurus-nsga2-apportion|aurus,ctrl_y,lily02,16,43,0.9767,0.9302,0.9535,0.8605
aurus-nsga2-apportion|aurus,cross,lily02,17,20,0.8,1.0,0.25,0.45
aurus-nsga2-apportion|aurus,ctrl_x,lily02,18,27,0.8889,0.8519,0.7407,1.0
aurus-nsga2-apportion|aurus,cross,lily02,19,30,0.8667,0.8333,0.6,0.1333
aurus-nsga2-apportion|aurus,cross,lily02,20,13,1.0,0.6923,0.3077,0.7692
aurus-nsga2-apportion|aurus,ctrl_x,lily02,20,13,1.0,1.0,1.0,1.0
aurus-nsga2-apportion|aurus,ctrl_y,lily02,20,55,0.9273,0.8909,0.7455,0.8545
aurus-nsga2-apportion|aurus,cross,lily02,21,14,1.0,0.9286,0.4286,0.7857
aurus-nsga2-apportion|aurus,cross,lily02,22,18,1.0,0.8889,0.8889,1.0
aurus-nsga2-apportion|aurus,ctrl_x,lily02,22,17,1.0,0.9412,0.9412,1.0
aurus-nsga2-apportion|aurus,ctrl_y,lily02,22,39,0.7179,0.9231,1.0,0.8974
aurus-nsga2-apportion|aurus,cross,lily02,23,17,1.0,0.8235,0.2941,1.0
aurus-nsga2-apportion|aurus,cross,lily02,24,30,0.9,1.0,0.5333,0.4667
aurus-nsga2-apportion|aurus,ctrl_x,lily02,24,12,1.0,1.0,1.0,1.0
aurus-nsga2-apportion|aurus,ctrl_y,lily02,24,34,0.9706,0.9706,1.0,0.9118
aurus-nsga2-apportion|aurus,cross,lily02,25,12,1.0,1.0,0.4167,0.6667
aurus-nsga2-apportion|aurus,cross,lily02,26,33,1.0,0.9697,0.3636,0.6364
aurus-nsga2-apportion|aurus,ctrl_x,lily02,26,24,0.9583,1.0,1.0,0.5833
aurus-nsga2-apportion|aurus,ctrl_y,lily02,26,34,0.9706,0.9706,0.7059,0.7353
aurus-nsga2-apportion|aurus,cross,lily02,27,24,0.9583,0.75,0.375,0.7083
aurus-nsga2-apportion|aurus,cross,lily02,28,18,0.9444,1.0,0.5556,0.2222
aurus-nsga2-apportion|aurus,ctrl_x,lily02,28,18,1.0,0.8333,1.0,1.0
aurus-nsga2-apportion|aurus,ctrl_y,lily02,28,33,0.9091,1.0,0.9697,0.9697
aurus-nsga2-apportion|aurus,cross,lily02,29,25,0.96,1.0,0.48,1.0
mrs-nsga2-apportion|aurus,cross,lily11,0,41,0.8049,0.6829,0.9512,0.6585
mrs-nsga2-apportion|aurus,ctrl_x,lily11,0,41,0.8537,0.6341,1.0,0.9756
mrs-nsga2-apportion|aurus,ctrl_y,lily11,0,42,0.7381,0.8095,1.0,1.0
mrs-nsga2-apportion|aurus,cross,lily11,1,44,0.6591,0.6364,0.9091,0.8636
mrs-nsga2-apportion|aurus,cross,lily11,2,19,1.0,0.4211,1.0,0.9474
mrs-nsga2-apportion|aurus,ctrl_x,lily11,2,19,1.0,0.6316,1.0,1.0
mrs-nsga2-apportion|aurus,ctrl_y,lily11,2,74,0.7838,0.9595,0.7703,0.9595
mrs-nsga2-apportion|aurus,cross,lily11,3,54,0.8148,0.7593,0.9259,0.8519
mrs-nsga2-apportion|aurus,cross,lily11,4,33,0.9091,0.8788,0.9394,0.6364
mrs-nsga2-apportion|aurus,ctrl_x,lily11,4,37,0.7297,0.7838,1.0,1.0
mrs-nsga2-apportion|aurus,ctrl_y,lily11,4,33,0.9697,0.7273,0.9394,0.9394
mrs-nsga2-apportion|aurus,cross,lily11,5,49,0.7755,0.7143,0.9592,0.9592
mrs-nsga2-apportion|aurus,cross,lily11,6,41,0.7317,0.8293,0.6341,1.0
mrs-nsga2-apportion|aurus,ctrl_x,lily11,6,35,0.7143,0.8286,0.8857,0.8
mrs-nsga2-apportion|aurus,ctrl_y,lily11,6,32,0.9375,0.8125,0.9375,0.9688
mrs-nsga2-apportion|aurus,cross,lily11,7,32,0.8125,0.75,0.9688,1.0
mrs-nsga2-apportion|aurus,cross,lily11,8,37,0.973,0.5135,0.973,0.8649
mrs-nsga2-apportion|aurus,ctrl_x,lily11,8,37,0.9459,0.7568,1.0,1.0
mrs-nsga2-apportion|aurus,ctrl_y,lily11,8,45,0.8444,0.8889,0.8667,0.9333
mrs-nsga2-apportion|aurus,cross,lily11,9,49,0.898,0.8571,0.9796,0.8776
mrs-nsga2-apportion|aurus,cross,lily11,10,36,0.8056,0.7222,0.9444,0.9722
mrs-nsga2-apportion|aurus,ctrl_x,lily11,10,39,0.8205,0.7436,1.0,1.0
mrs-nsga2-apportion|aurus,ctrl_y,lily11,10,36,0.8056,0.8889,1.0,1.0
mrs-nsga2-apportion|aurus,cross,lily11,11,39,0.6923,0.8205,0.8974,1.0
mrs-nsga2-apportion|aurus,cross,lily11,12,39,0.8718,0.9231,0.359,0.6923
mrs-nsga2-apportion|aurus,ctrl_x,lily11,12,32,0.9375,0.9062,0.9375,0.8438
mrs-nsga2-apportion|aurus,ctrl_y,lily11,12,39,0.9744,0.8974,1.0,1.0
mrs-nsga2-apportion|aurus,cross,lily11,13,32,0.625,0.625,0.8125,0.9375
mrs-nsga2-apportion|aurus,cross,lily11,14,35,0.9429,0.7429,0.9714,0.8
mrs-nsga2-apportion|aurus,ctrl_x,lily11,14,35,0.7429,0.8,1.0,0.9714
mrs-nsga2-apportion|aurus,ctrl_y,lily11,14,35,0.9429,0.8286,1.0,1.0
mrs-nsga2-apportion|aurus,cross,lily11,15,35,0.9714,0.7429,0.8857,1.0
mrs-nsga2-apportion|aurus,cross,lily11,16,42,0.7143,0.619,1.0,0.9524
mrs-nsga2-apportion|aurus,ctrl_x,lily11,16,42,0.6905,0.8095,0.8571,1.0
mrs-nsga2-apportion|aurus,ctrl_y,lily11,16,42,0.9048,0.8095,0.7381,1.0
mrs-nsga2-apportion|aurus,cross,lily11,17,42,0.8571,0.7857,0.6905,0.619
mrs-nsga2-apportion|aurus,cross,lily11,18,28,0.9643,0.6429,1.0,1.0
mrs-nsga2-apportion|aurus,ctrl_x,lily11,18,28,0.8214,0.8571,1.0,1.0
mrs-nsga2-apportion|aurus,ctrl_y,lily11,18,58,0.7414,0.8793,0.8966,0.8793
mrs-nsga2-apportion|aurus,cross,lily11,19,37,0.8108,0.7297,0.8108,0.8378
mrs-nsga2-apportion|aurus,cross,lily11,20,43,0.814,0.7907,0.9767,0.8605
mrs-nsga2-apportion|aurus,ctrl_x,lily11,20,36,0.6667,0.9444,0.5278,1.0
mrs-nsga2-apportion|aurus,ctrl_y,lily11,20,55,0.7818,0.9273,0.8909,0.9818
mrs-nsga2-apportion|aurus,cross,lily11,21,36,0.9722,0.8056,0.9444,0.8611
mrs-nsga2-apportion|aurus,cross,lily11,22,33,0.697,0.8182,0.7273,0.9697
mrs-nsga2-apportion|aurus,ctrl_x,lily11,22,33,0.7576,0.8182,1.0,0.7879
mrs-nsga2-apportion|aurus,ctrl_y,lily11,22,46,0.7826,0.9348,1.0,0.9565
mrs-nsga2-apportion|aurus,cross,lily11,23,45,0.9111,0.8222,0.9333,1.0
mrs-nsga2-apportion|aurus,cross,lily11,24,47,0.7447,0.8298,0.9787,0.9787
mrs-nsga2-apportion|aurus,ctrl_x,lily11,24,47,0.8511,0.8085,0.8298,0.8511
mrs-nsga2-apportion|aurus,ctrl_y,lily11,24,43,0.814,0.7209,0.8837,0.9767
mrs-nsga2-apportion|aurus,cross,lily11,25,43,0.8605,0.6047,0.6977,0.6512
mrs-nsga2-apportion|aurus,cross,lily11,26,38,0.7895,0.5,1.0,0.8158
mrs-nsga2-apportion|aurus,ctrl_x,lily11,26,35,0.8,0.5714,0.8571,0.7714
mrs-nsga2-apportion|aurus,ctrl_y,lily11,26,42,0.9286,0.9048,0.8095,0.9524
mrs-nsga2-apportion|aurus,cross,lily11,27,35,0.9714,0.7143,0.8286,1.0
mrs-nsga2-apportion|aurus,cross,lily11,28,30,0.9333,0.3,0.9,0.9333
mrs-nsga2-apportion|aurus,ctrl_x,lily11,28,30,0.8667,0.8667,1.0,1.0
mrs-nsga2-apportion|aurus,ctrl_y,lily11,28,41,0.8293,0.878,0.5854,0.9756
mrs-nsga2-apportion|aurus,cross,lily11,29,34,0.9706,0.7059,1.0,0.7059
mrs-nsga2-apportion|aurus-nsga2-apportion,cross,lily11,0,41,0.9756,0.8537,1.0,1.0
mrs-nsga2-apportion|aurus-nsga2-apportion,ctrl_x,lily11,0,41,0.8537,0.6341,1.0,0.9756
mrs-nsga2-apportion|aurus-nsga2-apportion,ctrl_y,lily11,0,41,0.7805,0.8049,0.9756,1.0
mrs-nsga2-apportion|aurus-nsga2-apportion,cross,lily11,1,41,0.8049,0.8049,0.9512,0.9756
mrs-nsga2-apportion|aurus-nsga2-apportion,cross,lily11,2,19,1.0,0.8947,1.0,1.0
mrs-nsga2-apportion|aurus-nsga2-apportion,ctrl_x,lily11,2,19,1.0,0.6316,1.0,1.0
mrs-nsga2-apportion|aurus-nsga2-apportion,ctrl_y,lily11,2,34,0.9118,0.7059,0.9412,1.0
mrs-nsga2-apportion|aurus-nsga2-apportion,cross,lily11,3,45,0.9556,0.8889,1.0,0.9778
mrs-nsga2-apportion|aurus-nsga2-apportion,cross,lily11,4,33,0.9697,0.9697,1.0,1.0
mrs-nsga2-apportion|aurus-nsga2-apportion,ctrl_x,lily11,4,37,0.7297,0.7838,1.0,1.0
mrs-nsga2-apportion|aurus-nsga2-apportion,ctrl_y,lily11,4,33,0.697,0.9394,1.0,1.0
mrs-nsga2-apportion|aurus-nsga2-apportion,cross,lily11,5,44,0.8864,0.9091,1.0,1.0
mrs-nsga2-apportion|aurus-nsga2-apportion,cross,lily11,6,28,0.9286,0.9643,0.9286,0.9643
mrs-nsga2-apportion|aurus-nsga2-apportion,ctrl_x,lily11,6,35,0.7429,0.8,0.6571,0.8
mrs-nsga2-apportion|aurus-nsga2-apportion,ctrl_y,lily11,6,28,0.7857,0.8571,0.8571,0.7143
mrs-nsga2-apportion|aurus-nsga2-apportion,cross,lily11,7,35,0.8857,0.9143,1.0,1.0
mrs-nsga2-apportion|aurus-nsga2-apportion,cross,lily11,8,37,0.8378,0.9459,0.973,1.0
mrs-nsga2-apportion|aurus-nsga2-apportion,ctrl_x,lily11,8,37,0.9459,0.7568,1.0,1.0
mrs-nsga2-apportion|aurus-nsga2-apportion,ctrl_y,lily11,8,42,0.7857,0.7381,0.9762,0.5714
mrs-nsga2-apportion|aurus-nsga2-apportion,cross,lily11,9,46,0.8913,0.913,1.0,1.0
mrs-nsga2-apportion|aurus-nsga2-apportion,cross,lily11,10,43,0.907,0.907,0.8605,1.0
mrs-nsga2-apportion|aurus-nsga2-apportion,ctrl_x,lily11,10,39,0.7692,0.7949,0.9744,1.0
mrs-nsga2-apportion|aurus-nsga2-apportion,ctrl_y,lily11,10,32,0.8125,0.8125,1.0,0.9375
mrs-nsga2-apportion|aurus-nsga2-apportion,cross,lily11,11,32,0.8125,0.875,1.0,0.9375
mrs-nsga2-apportion|aurus-nsga2-apportion,cross,lily11,12,54,0.8519,0.8704,1.0,1.0
mrs-nsga2-apportion|aurus-nsga2-apportion,ctrl_x,lily11,12,32,0.9062,0.9688,0.9375,0.8438
mrs-nsga2-apportion|aurus-nsga2-apportion,ctrl_y,lily11,12,32,0.8125,0.8125,1.0,0.9688
mrs-nsga2-apportion|aurus-nsga2-apportion,cross,lily11,13,32,0.9375,0.9062,1.0,0.9688
mrs-nsga2-apportion|aurus-nsga2-apportion,cross,lily11,14,40,0.875,0.75,1.0,1.0
mrs-nsga2-apportion|aurus-nsga2-apportion,ctrl_x,lily11,14,35,0.7429,0.8571,0.9714,0.9714
mrs-nsga2-apportion|aurus-nsga2-apportion,ctrl_y,lily11,14,32,0.875,0.625,0.8438,1.0
mrs-nsga2-apportion|aurus-nsga2-apportion,cross,lily11,15,32,0.9375,0.6875,1.0,1.0
mrs-nsga2-apportion|aurus-nsga2-apportion,cross,lily11,16,36,0.8889,0.9444,1.0,1.0
mrs-nsga2-apportion|aurus-nsga2-apportion,ctrl_x,lily11,16,42,0.7619,0.6905,0.9048,1.0
mrs-nsga2-apportion|aurus-nsga2-apportion,ctrl_y,lily11,16,36,0.6667,0.7778,0.9167,1.0
mrs-nsga2-apportion|aurus-nsga2-apportion,cross,lily11,17,53,1.0,1.0,1.0,1.0
mrs-nsga2-apportion|aurus-nsga2-apportion,cross,lily11,18,28,0.8929,0.9286,1.0,1.0
mrs-nsga2-apportion|aurus-nsga2-apportion,ctrl_x,lily11,18,28,0.8214,0.8571,1.0,1.0
mrs-nsga2-apportion|aurus-nsga2-apportion,ctrl_y,lily11,18,29,0.7931,0.9655,0.8621,1.0
mrs-nsga2-apportion|aurus-nsga2-apportion,cross,lily11,19,29,0.8621,1.0,1.0,1.0
mrs-nsga2-apportion|aurus-nsga2-apportion,cross,lily11,20,43,0.9302,0.9302,1.0,0.9767
mrs-nsga2-apportion|aurus-nsga2-apportion,ctrl_x,lily11,20,36,0.5278,0.9444,0.5,0.9722
mrs-nsga2-apportion|aurus-nsga2-apportion,ctrl_y,lily11,20,42,0.7143,0.9286,0.619,1.0
mrs-nsga2-apportion|aurus-nsga2-apportion,cross,lily11,21,36,1.0,0.9722,1.0,1.0
mrs-nsga2-apportion|aurus-nsga2-apportion,cross,lily11,22,33,0.8182,0.7879,1.0,0.9091
mrs-nsga2-apportion|aurus-nsga2-apportion,ctrl_x,lily11,22,33,0.7576,0.8182,1.0,0.7879
mrs-nsga2-apportion|aurus-nsga2-apportion,ctrl_y,lily11,22,29,0.8276,0.931,1.0,1.0
mrs-nsga2-apportion|aurus-nsga2-apportion,cross,lily11,23,29,0.8276,0.8966,0.931,1.0
mrs-nsga2-apportion|aurus-nsga2-apportion,cross,lily11,24,44,0.9318,0.7955,1.0,1.0
mrs-nsga2-apportion|aurus-nsga2-apportion,ctrl_x,lily11,24,47,0.8298,0.7872,0.8298,0.8511
mrs-nsga2-apportion|aurus-nsga2-apportion,ctrl_y,lily11,24,44,0.6136,0.7955,0.8409,0.9318
mrs-nsga2-apportion|aurus-nsga2-apportion,cross,lily11,25,57,0.9298,1.0,1.0,1.0
mrs-nsga2-apportion|aurus-nsga2-apportion,cross,lily11,26,38,0.7895,0.9211,1.0,1.0
mrs-nsga2-apportion|aurus-nsga2-apportion,ctrl_x,lily11,26,35,0.8,0.5714,0.8571,0.7714
mrs-nsga2-apportion|aurus-nsga2-apportion,ctrl_y,lily11,26,39,0.8974,0.7692,1.0,1.0
mrs-nsga2-apportion|aurus-nsga2-apportion,cross,lily11,27,35,0.9429,0.9714,1.0,1.0
mrs-nsga2-apportion|aurus-nsga2-apportion,cross,lily11,28,29,0.9655,1.0,1.0,1.0
mrs-nsga2-apportion|aurus-nsga2-apportion,ctrl_x,lily11,28,30,0.8667,0.9,1.0,1.0
mrs-nsga2-apportion|aurus-nsga2-apportion,ctrl_y,lily11,28,29,0.5862,0.931,0.9655,0.9655
mrs-nsga2-apportion|aurus-nsga2-apportion,cross,lily11,29,34,0.9412,0.9118,1.0,1.0
mrs-nsga2-apportion|mrs-weighted,cross,lily11,0,41,0.6829,0.9024,1.0,0.9512
mrs-nsga2-apportion|mrs-weighted,ctrl_x,lily11,0,41,0.8537,0.6341,1.0,0.9756
mrs-nsga2-apportion|mrs-weighted,ctrl_y,lily11,0,44,0.8182,0.9091,0.8409,1.0
mrs-nsga2-apportion|mrs-weighted,cross,lily11,1,44,0.5682,0.9773,0.5909,0.9545
mrs-nsga2-apportion|mrs-weighted,cross,lily11,2,19,0.8421,0.8947,1.0,1.0
mrs-nsga2-apportion|mrs-weighted,ctrl_x,lily11,2,19,1.0,0.6316,1.0,1.0
mrs-nsga2-apportion|mrs-weighted,ctrl_y,lily11,2,69,0.7681,0.9565,0.6232,1.0
mrs-nsga2-apportion|mrs-weighted,cross,lily11,3,54,0.5556,0.9815,0.6667,0.963
mrs-nsga2-apportion|mrs-weighted,cross,lily11,4,37,0.7568,1.0,0.5676,0.973
mrs-nsga2-apportion|mrs-weighted,ctrl_x,lily11,4,37,0.6757,0.8108,0.9459,1.0
mrs-nsga2-apportion|mrs-weighted,ctrl_y,lily11,4,37,1.0,0.8378,1.0,0.8378
mrs-nsga2-apportion|mrs-weighted,cross,lily11,5,42,0.5238,0.8095,0.6429,1.0
mrs-nsga2-apportion|mrs-weighted,cross,lily11,6,41,0.5854,1.0,0.6341,1.0
mrs-nsga2-apportion|mrs-weighted,ctrl_x,lily11,6,35,0.7143,0.8286,0.8857,0.8
mrs-nsga2-apportion|mrs-weighted,ctrl_y,lily11,6,49,0.7143,0.9184,0.9388,1.0
mrs-nsga2-apportion|mrs-weighted,cross,lily11,7,35,0.6571,0.9143,0.5143,0.9714
mrs-nsga2-apportion|mrs-weighted,cross,lily11,8,37,0.5135,0.973,0.8649,0.973
mrs-nsga2-apportion|mrs-weighted,ctrl_x,lily11,8,37,0.9459,0.7568,1.0,1.0
mrs-nsga2-apportion|mrs-weighted,ctrl_y,lily11,8,68,0.9118,0.7794,1.0,0.9118
mrs-nsga2-apportion|mrs-weighted,cross,lily11,9,49,0.5918,0.9592,0.7551,1.0
mrs-nsga2-apportion|mrs-weighted,cross,lily11,10,44,0.6364,1.0,0.8636,0.9773
mrs-nsga2-apportion|mrs-weighted,ctrl_x,lily11,10,39,0.7692,0.7436,0.9744,1.0
mrs-nsga2-apportion|mrs-weighted,ctrl_y,lily11,10,57,0.9298,0.8596,1.0,0.9649
mrs-nsga2-apportion|mrs-weighted,cross,lily11,11,39,0.8205,0.7692,1.0,1.0
mrs-nsga2-apportion|mrs-weighted,cross,lily11,12,57,0.614,0.9474,0.6842,0.9649
mrs-nsga2-apportion|mrs-weighted,ctrl_x,lily11,12,32,0.875,0.9062,0.9688,0.7812
mrs-nsga2-apportion|mrs-weighted,ctrl_y,lily11,12,60,0.8167,0.8333,1.0,0.8
mrs-nsga2-apportion|mrs-weighted,cross,lily11,13,32,0.875,0.9062,0.8438,0.9062
mrs-nsga2-apportion|mrs-weighted,cross,lily11,14,50,0.88,0.66,0.96,0.96
mrs-nsga2-apportion|mrs-weighted,ctrl_x,lily11,14,35,0.7143,0.7714,0.9143,0.9714
mrs-nsga2-apportion|mrs-weighted,ctrl_y,lily11,14,50,0.84,0.78,1.0,0.92
mrs-nsga2-apportion|mrs-weighted,cross,lily11,15,35,0.7143,0.7714,0.8571,0.9714
mrs-nsga2-apportion|mrs-weighted,cross,lily11,16,35,0.7714,0.8286,0.9714,1.0
mrs-nsga2-apportion|mrs-weighted,ctrl_x,lily11,16,42,0.7143,0.8095,0.8095,1.0
mrs-nsga2-apportion|mrs-weighted,ctrl_y,lily11,16,35,0.8,0.8,1.0,1.0
mrs-nsga2-apportion|mrs-weighted,cross,lily11,17,44,0.7727,0.8409,0.9545,0.9545
mrs-nsga2-apportion|mrs-weighted,cross,lily11,18,28,0.9643,1.0,1.0,0.9286
mrs-nsga2-apportion|mrs-weighted,ctrl_x,lily11,18,28,0.8214,0.8571,1.0,1.0
mrs-nsga2-apportion|mrs-weighted,ctrl_y,lily11,18,47,0.9574,0.8723,0.8936,1.0
mrs-nsga2-apportion|mrs-weighted,cross,lily11,19,37,0.7838,0.8108,0.7838,0.9189
mrs-nsga2-apportion|mrs-weighted,cross,lily11,20,43,0.6744,0.907,0.5349,1.0
mrs-nsga2-apportion|mrs-weighted,ctrl_x,lily11,20,36,0.6667,0.9444,0.5278,1.0
mrs-nsga2-apportion|mrs-weighted,ctrl_y,lily11,20,55,0.8545,0.9818,1.0,0.9818
mrs-nsga2-apportion|mrs-weighted,cross,lily11,21,36,0.8611,1.0,1.0,0.8889
mrs-nsga2-apportion|mrs-weighted,cross,lily11,22,33,0.7879,0.9697,0.8788,0.9091
mrs-nsga2-apportion|mrs-weighted,ctrl_x,lily11,22,33,0.7576,0.8182,1.0,0.7879
mrs-nsga2-apportion|mrs-weighted,ctrl_y,lily11,22,45,0.7778,0.8667,0.9111,0.8667
mrs-nsga2-apportion|mrs-weighted,cross,lily11,23,45,0.6222,0.8,0.9111,0.8667
mrs-nsga2-apportion|mrs-weighted,cross,lily11,24,45,0.7778,0.9778,0.6667,1.0
mrs-nsga2-apportion|mrs-weighted,ctrl_x,lily11,24,47,0.8298,0.8085,0.8298,0.8511
mrs-nsga2-apportion|mrs-weighted,ctrl_y,lily11,24,40,0.925,0.95,0.975,1.0
mrs-nsga2-apportion|mrs-weighted,cross,lily11,25,40,0.625,0.975,0.4,0.825
mrs-nsga2-apportion|mrs-weighted,cross,lily11,26,38,0.8158,1.0,0.5789,1.0
mrs-nsga2-apportion|mrs-weighted,ctrl_x,lily11,26,35,0.8,0.5714,0.8571,0.7714
mrs-nsga2-apportion|mrs-weighted,ctrl_y,lily11,26,68,1.0,0.8088,0.9853,0.9559
mrs-nsga2-apportion|mrs-weighted,cross,lily11,27,35,0.7714,0.8571,1.0,1.0
mrs-nsga2-apportion|mrs-weighted,cross,lily11,28,30,0.7333,0.9,1.0,1.0
mrs-nsga2-apportion|mrs-weighted,ctrl_x,lily11,28,30,0.8667,0.8667,1.0,1.0
mrs-nsga2-apportion|mrs-weighted,ctrl_y,lily11,28,69,0.6812,0.942,0.9565,0.9855
mrs-nsga2-apportion|mrs-weighted,cross,lily11,29,34,0.8235,0.9118,0.6176,1.0
aurus-nsga2-apportion|aurus,cross,lily11,0,42,0.8571,0.7857,0.9762,0.9048
aurus-nsga2-apportion|aurus,ctrl_x,lily11,0,41,0.878,0.7561,0.9756,0.9512
aurus-nsga2-apportion|aurus,ctrl_y,lily11,0,42,0.7619,0.8333,1.0,1.0
aurus-nsga2-apportion|aurus,cross,lily11,1,41,0.7317,0.5854,0.9756,0.7805
aurus-nsga2-apportion|aurus,cross,lily11,2,34,0.8529,0.5588,1.0,0.9412
aurus-nsga2-apportion|aurus,ctrl_x,lily11,2,34,0.9412,0.7059,0.9412,0.9706
aurus-nsga2-apportion|aurus,ctrl_y,lily11,2,74,0.7838,0.9595,0.7703,0.9595
aurus-nsga2-apportion|aurus,cross,lily11,3,45,0.6444,0.8,0.8889,0.9556
aurus-nsga2-apportion|aurus,cross,lily11,4,33,0.8485,0.8788,0.9394,0.6667
aurus-nsga2-apportion|aurus,ctrl_x,lily11,4,33,0.7576,0.7879,1.0,0.9091
aurus-nsga2-apportion|aurus,ctrl_y,lily11,4,33,0.9697,0.8788,0.9697,1.0
aurus-nsga2-apportion|aurus,cross,lily11,5,44,0.7955,0.75,0.9773,1.0
aurus-nsga2-apportion|aurus,cross,lily11,6,28,0.8571,0.8214,0.9643,1.0
aurus-nsga2-apportion|aurus,ctrl_x,lily11,6,28,0.8571,0.8929,0.8571,0.7143
aurus-nsga2-apportion|aurus,ctrl_y,lily11,6,32,0.9375,0.9062,0.9688,1.0
aurus-nsga2-apportion|aurus,cross,lily11,7,32,0.8438,0.75,0.9062,0.9375
aurus-nsga2-apportion|aurus,cross,lily11,8,42,0.9048,0.6667,0.9762,0.7381
aurus-nsga2-apportion|aurus,ctrl_x,lily11,8,42,0.7857,0.6429,0.9762,0.5238
aurus-nsga2-apportion|aurus,ctrl_y,lily11,8,45,0.8222,0.9556,0.9778,0.9333
aurus-nsga2-apportion|aurus,cross,lily11,9,46,0.8913,0.7609,1.0,0.6739
aurus-nsga2-apportion|aurus,cross,lily11,10,36,0.7778,0.7222,0.9722,0.9444
aurus-nsga2-apportion|aurus,ctrl_x,lily11,10,32,0.8125,0.8438,1.0,0.9688
aurus-nsga2-apportion|aurus,ctrl_y,lily11,10,36,0.8333,0.9444,1.0,1.0
aurus-nsga2-apportion|aurus,cross,lily11,11,32,0.6875,0.9062,0.9688,0.9375
aurus-nsga2-apportion|aurus,cross,lily11,12,39,0.7436,0.8718,0.4103,0.6667
aurus-nsga2-apportion|aurus,ctrl_x,lily11,12,32,0.8125,0.7812,1.0,0.9688
aurus-nsga2-apportion|aurus,ctrl_y,lily11,12,39,0.9744,0.8974,1.0,1.0
aurus-nsga2-apportion|aurus,cross,lily11,13,32,0.875,0.75,0.8438,1.0
aurus-nsga2-apportion|aurus,cross,lily11,14,35,0.8571,0.6571,0.7714,0.8
aurus-nsga2-apportion|aurus,ctrl_x,lily11,14,32,0.9062,0.6562,1.0,1.0
aurus-nsga2-apportion|aurus,ctrl_y,lily11,14,35,0.9429,0.8857,1.0,1.0
aurus-nsga2-apportion|aurus,cross,lily11,15,32,0.9062,0.8438,0.9375,1.0
aurus-nsga2-apportion|aurus,cross,lily11,16,36,0.9444,0.5833,0.9722,0.9167
aurus-nsga2-apportion|aurus,ctrl_x,lily11,16,36,0.8056,0.7222,0.9167,1.0
aurus-nsga2-apportion|aurus,ctrl_y,lily11,16,42,0.8571,0.8095,0.7619,1.0
aurus-nsga2-apportion|aurus,cross,lily11,17,42,0.8571,0.7857,0.6905,0.619
aurus-nsga2-apportion|aurus,cross,lily11,18,33,0.697,0.8182,0.9697,1.0
aurus-nsga2-apportion|aurus,ctrl_x,lily11,18,29,0.7931,0.9655,0.8276,1.0
aurus-nsga2-apportion|aurus,ctrl_y,lily11,18,58,0.7241,0.8793,0.8966,0.8793
aurus-nsga2-apportion|aurus,cross,lily11,19,29,1.0,0.6207,1.0,0.8276
aurus-nsga2-apportion|aurus,cross,lily11,20,43,0.814,0.7674,0.9767,0.907
aurus-nsga2-apportion|aurus,ctrl_x,lily11,20,42,0.7143,0.9286,0.619,1.0
aurus-nsga2-apportion|aurus,ctrl_y,lily11,20,55,0.8,0.9091,0.8364,0.9818
aurus-nsga2-apportion|aurus,cross,lily11,21,42,0.8333,0.7381,1.0,0.9762
aurus-nsga2-apportion|aurus,cross,lily11,22,39,0.6667,0.7436,0.6923,0.8205
aurus-nsga2-apportion|aurus,ctrl_x,lily11,22,29,0.7931,0.931,1.0,1.0
aurus-nsga2-apportion|aurus,ctrl_y,lily11,22,46,0.8478,0.913,0.8913,0.9348
aurus-nsga2-apportion|aurus,cross,lily11,23,29,0.8276,0.931,0.8621,0.9655
aurus-nsga2-apportion|aurus,cross,lily11,24,44,0.7727,0.8864,0.9091,0.8409
aurus-nsga2-apportion|aurus,ctrl_x,lily11,24,44,0.6591,0.7727,0.8409,0.9545
aurus-nsga2-apportion|aurus,ctrl_y,lily11,24,43,0.8605,0.7674,0.9535,1.0
aurus-nsga2-apportion|aurus,cross,lily11,25,43,0.8372,0.6279,0.5814,0.6512
aurus-nsga2-apportion|aurus,cross,lily11,26,50,0.88,0.64,1.0,0.8
aurus-nsga2-apportion|aurus,ctrl_x,lily11,26,39,0.9487,0.6923,1.0,0.9487
aurus-nsga2-apportion|aurus,ctrl_y,lily11,26,42,0.9762,0.881,0.9048,1.0
aurus-nsga2-apportion|aurus,cross,lily11,27,39,0.9744,0.6923,0.7692,0.9744
aurus-nsga2-apportion|aurus,cross,lily11,28,29,0.8276,0.3448,0.8966,0.8276
aurus-nsga2-apportion|aurus,ctrl_x,lily11,28,29,0.6207,0.8966,0.9655,0.9655
aurus-nsga2-apportion|aurus,ctrl_y,lily11,28,41,0.8293,0.9756,0.6829,1.0
aurus-nsga2-apportion|aurus,cross,lily11,29,41,0.9268,0.7317,0.9268,0.8537
mrs-nsga2-apportion|aurus,cross,lily15,0,23,1.0,0.913,0.6087,0.6522
mrs-nsga2-apportion|aurus,ctrl_x,lily15,0,17,0.9412,1.0,0.8235,1.0
mrs-nsga2-apportion|aurus,ctrl_y,lily15,0,32,0.9375,0.875,1.0,0.8438
mrs-nsga2-apportion|aurus,cross,lily15,1,17,1.0,0.7059,1.0,0.3529
mrs-nsga2-apportion|aurus,cross,lily15,2,10,1.0,1.0,1.0,1.0
mrs-nsga2-apportion|aurus,ctrl_x,lily15,2,10,1.0,1.0,1.0,1.0
mrs-nsga2-apportion|aurus,ctrl_y,lily15,2,49,0.9592,0.9184,0.7959,1.0
mrs-nsga2-apportion|aurus,cross,lily15,3,15,1.0,0.8667,0.7333,0.9333
mrs-nsga2-apportion|aurus,ctrl_x,lily15,4,17,1.0,0.9412,1.0,1.0
mrs-nsga2-apportion|aurus,cross,lily15,5,17,1.0,0.8235,0.9412,0.5294
mrs-nsga2-apportion|aurus,cross,lily15,6,8,1.0,1.0,1.0,1.0
mrs-nsga2-apportion|aurus,ctrl_x,lily15,6,8,1.0,1.0,1.0,1.0
mrs-nsga2-apportion|aurus,ctrl_y,lily15,6,49,0.9796,0.9592,0.7755,0.6939
mrs-nsga2-apportion|aurus,cross,lily15,7,17,1.0,0.8824,0.8235,0.9412
mrs-nsga2-apportion|aurus,cross,lily15,8,31,0.3871,0.6452,0.4839,0.3871
mrs-nsga2-apportion|aurus,ctrl_x,lily15,8,17,0.8235,1.0,0.7059,0.8824
mrs-nsga2-apportion|aurus,ctrl_y,lily15,8,44,0.8182,0.8864,0.7727,0.8182
mrs-nsga2-apportion|aurus,cross,lily15,9,17,1.0,0.9412,1.0,0.9412
mrs-nsga2-apportion|aurus,cross,lily15,10,15,0.9333,1.0,1.0,1.0
mrs-nsga2-apportion|aurus,ctrl_x,lily15,10,15,1.0,0.9333,1.0,0.8
mrs-nsga2-apportion|aurus,ctrl_y,lily15,10,44,0.9773,0.8409,0.8636,1.0
mrs-nsga2-apportion|aurus,cross,lily15,11,23,1.0,1.0,0.7826,0.913
mrs-nsga2-apportion|aurus,cross,lily15,12,21,1.0,0.8095,0.6667,1.0
mrs-nsga2-apportion|aurus,ctrl_x,lily15,12,21,1.0,0.9524,0.8571,0.9048
mrs-nsga2-apportion|aurus,ctrl_y,lily15,12,45,1.0,0.9556,0.8,0.8
mrs-nsga2-apportion|aurus,cross,lily15,13,32,0.9688,0.7812,0.6875,0.9375
mrs-nsga2-apportion|aurus,cross,lily15,14,19,1.0,0.8947,0.4737,0.3684
mrs-nsga2-apportion|aurus,ctrl_x,lily15,14,19,1.0,1.0,0.7895,1.0
mrs-nsga2-apportion|aurus,ctrl_y,lily15,14,40,0.95,0.9,0.9,0.925
mrs-nsga2-apportion|aurus,cross,lily15,15,21,1.0,0.8571,0.8095,0.4286
mrs-nsga2-apportion|aurus,cross,lily15,16,23,0.9565,0.7391,1.0,0.8696
mrs-nsga2-apportion|aurus,ctrl_x,lily15,16,14,1.0,0.9286,0.7857,0.5714
mrs-nsga2-apportion|aurus,ctrl_y,lily15,16,56,0.9464,1.0,0.8571,0.8214
mrs-nsga2-apportion|aurus,cross,lily15,17,14,1.0,0.9286,0.5714,0.7143
mrs-nsga2-apportion|aurus,cross,lily15,18,15,1.0,0.9333,1.0,0.7333
mrs-nsga2-apportion|aurus,ctrl_x,lily15,18,15,1.0,1.0,1.0,1.0
mrs-nsga2-apportion|aurus,ctrl_y,lily15,18,48,1.0,0.9792,0.875,0.7917
mrs-nsga2-apportion|aurus,cross,lily15,19,21,1.0,0.9524,0.9524,0.9048
mrs-nsga2-apportion|aurus,cross,lily15,20,14,1.0,0.5714,1.0,1.0
mrs-nsga2-apportion|aurus,ctrl_x,lily15,20,14,1.0,1.0,1.0,1.0
mrs-nsga2-apportion|aurus,ctrl_y,lily15,20,45,0.8444,0.9333,0.9556,0.9778
mrs-nsga2-apportion|aurus,cross,lily15,21,29,0.8621,0.8276,0.5862,0.6207
mrs-nsga2-apportion|aurus,cross,lily15,22,18,1.0,0.8889,0.6111,0.9444
mrs-nsga2-apportion|aurus,ctrl_x,lily15,22,10,1.0,1.0,1.0,1.0
mrs-nsga2-apportion|aurus,ctrl_y,lily15,22,59,0.8644,0.9831,0.7627,0.9831
mrs-nsga2-apportion|aurus,cross,lily15,23,10,1.0,1.0,1.0,1.0
mrs-nsga2-apportion|aurus,cross,lily15,24,24,1.0,0.7917,1.0,0.9583
mrs-nsga2-apportion|aurus,ctrl_x,lily15,24,23,1.0,1.0,0.913,0.5652
mrs-nsga2-apportion|aurus,ctrl_y,lily15,24,55,0.9091,0.8727,0.9818,0.8909
mrs-nsga2-apportion|aurus,cross,lily15,25,23,1.0,1.0,0.3913,0.6087
mrs-nsga2-apportion|aurus,cross,lily15,26,22,1.0,0.9091,0.4545,0.8636
mrs-nsga2-apportion|aurus,ctrl_x,lily15,26,17,1.0,1.0,0.5882,1.0
mrs-nsga2-apportion|aurus,ctrl_y,lily15,26,39,1.0,0.9231,0.8205,0.8462
mrs-nsga2-apportion|aurus,cross,lily15,27,17,0.7059,0.8824,0.8824,0.5294
mrs-nsga2-apportion|aurus,cross,lily15,28,16,1.0,0.8125,1.0,1.0
mrs-nsga2-apportion|aurus,ctrl_x,lily15,28,16,1.0,0.9375,1.0,0.875
mrs-nsga2-apportion|aurus,ctrl_y,lily15,28,57,0.8947,0.9474,0.9474,0.9649
mrs-nsga2-apportion|aurus,cross,lily15,29,26,0.8462,0.9231,0.6923,0.8077
mrs-nsga2-apportion|aurus-nsga2-apportion,cross,lily15,0,16,0.75,0.9375,0.6875,0.75
mrs-nsga2-apportion|aurus-nsga2-apportion,ctrl_x,lily15,0,17,0.8824,1.0,0.9412,0.9412
mrs-nsga2-apportion|aurus-nsga2-apportion,ctrl_y,lily15,0,16,1.0,0.9375,0.8125,0.9375
mrs-nsga2-apportion|aurus-nsga2-apportion,cross,lily15,1,17,1.0,0.7647,0.6471,0.7647
mrs-nsga2-apportion|aurus-nsga2-apportion,cross,lily15,2,10,1.0,1.0,1.0,1.0
mrs-nsga2-apportion|aurus-nsga2-apportion,ctrl_x,lily15,2,10,1.0,1.0,1.0,1.0
mrs-nsga2-apportion|aurus-nsga2-apportion,ctrl_y,lily15,2,11,1.0,1.0,0.9091,1.0
mrs-nsga2-apportion|aurus-nsga2-apportion,cross,lily15,3,15,1.0,1.0,1.0,1.0
mrs-nsga2-apportion|aurus-nsga2-apportion,cross,lily15,4,18,1.0,0.9444,0.9444,1.0
mrs-nsga2-apportion|aurus-nsga2-apportion,ctrl_x,lily15,4,17,1.0,0.9412,1.0,1.0
mrs-nsga2-apportion|aurus-nsga2-apportion,ctrl_y,lily15,4,16,1.0,1.0,0.625,0.9375
mrs-nsga2-apportion|aurus-nsga2-apportion,cross,lily15,5,16,1.0,1.0,0.9375,1.0
mrs-nsga2-apportion|aurus-nsga2-apportion,cross,lily15,6,8,1.0,0.75,1.0,1.0
mrs-nsga2-apportion|aurus-nsga2-apportion,ctrl_x,lily15,6,8,1.0,1.0,1.0,1.0
mrs-nsga2-apportion|aurus-nsga2-apportion,ctrl_y,lily15,6,7,0.8571,1.0,1.0,1.0
mrs-nsga2-apportion|aurus-nsga2-apportion,cross,lily15,7,7,1.0,1.0,1.0,1.0
mrs-nsga2-apportion|aurus-nsga2-apportion,cross,lily15,8,13,0.8462,1.0,1.0,0.9231
mrs-nsga2-apportion|aurus-nsga2-apportion,ctrl_x,lily15,8,17,0.9412,1.0,0.7059,1.0
mrs-nsga2-apportion|aurus-nsga2-apportion,ctrl_y,lily15,8,13,1.0,1.0,0.2308,0.9231
mrs-nsga2-apportion|aurus-nsga2-apportion,cross,lily15,9,14,1.0,0.9286,0.9286,1.0
mrs-nsga2-apportion|aurus-nsga2-apportion,cross,lily15,10,8,0.75,1.0,1.0,1.0
mrs-nsga2-apportion|aurus-nsga2-apportion,ctrl_x,lily15,10,15,1.0,1.0,1.0,0.9333
mrs-nsga2-apportion|aurus-nsga2-apportion,ctrl_y,lily15,10,8,1.0,1.0,1.0,1.0
mrs-nsga2-apportion|aurus-nsga2-apportion,cross,lily15,11,8,0.875,1.0,1.0,1.0
mrs-nsga2-apportion|aurus-nsga2-apportion,cross,lily15,12,21,1.0,0.9048,1.0,0.6667
mrs-nsga2-apportion|aurus-nsga2-apportion,ctrl_x,lily15,12,21,1.0,0.9524,0.8571,0.9048
mrs-nsga2-apportion|aurus-nsga2-apportion,ctrl_y,lily15,12,17,1.0,1.0,0.2941,0.4706
mrs-nsga2-apportion|aurus-nsga2-apportion,cross,lily15,13,17,1.0,1.0,1.0,1.0
mrs-nsga2-apportion|aurus-nsga2-apportion,cross,lily15,14,19,1.0,1.0,0.5789,0.7368
mrs-nsga2-apportion|aurus-nsga2-apportion,ctrl_x,lily15,14,19,1.0,1.0,0.7895,1.0
mrs-nsga2-apportion|aurus-nsga2-apportion,ctrl_y,lily15,14,15,1.0,1.0,0.8,0.5333
mrs-nsga2-apportion|aurus-nsga2-apportion,cross,lily15,15,15,0.9333,1.0,1.0,0.8667
mrs-nsga2-apportion|aurus-nsga2-apportion,cross,lily15,16,13,1.0,1.0,1.0,0.9231
mrs-nsga2-apportion|aurus-nsga2-apportion,ctrl_x,lily15,16,14,0.9286,1.0,0.7143,0.6429
mrs-nsga2-apportion|aurus-nsga2-apportion,ctrl_y,lily15,16,12,1.0,1.0,0.9167,1.0
mrs-nsga2-apportion|aurus-nsga2-apportion,cross,lily15,17,12,1.0,0.8333,1.0,0.9167
mrs-nsga2-apportion|aurus-nsga2-apportion,cross,lily15,18,14,1.0,1.0,1.0,1.0
mrs-nsga2-apportion|aurus-nsga2-apportion,ctrl_x,lily15,18,15,1.0,0.9333,1.0,1.0
mrs-nsga2-apportion|aurus-nsga2-apportion,ctrl_y,lily15,18,14,1.0,1.0,1.0,1.0
mrs-nsga2-apportion|aurus-nsga2-apportion,cross,lily15,19,14,1.0,1.0,1.0,1.0
mrs-nsga2-apportion|aurus-nsga2-apportion,cross,lily15,20,14,1.0,1.0,1.0,1.0
mrs-nsga2-apportion|aurus-nsga2-apportion,ctrl_x,lily15,20,14,1.0,1.0,1.0,1.0
mrs-nsga2-apportion|aurus-nsga2-apportion,ctrl_y,lily15,20,9,1.0,1.0,1.0,1.0
mrs-nsga2-apportion|aurus-nsga2-apportion,cross,lily15,21,9,1.0,1.0,1.0,1.0
mrs-nsga2-apportion|aurus-nsga2-apportion,cross,lily15,22,15,0.8667,1.0,0.6667,0.6
mrs-nsga2-apportion|aurus-nsga2-apportion,ctrl_x,lily15,22,10,0.9,1.0,1.0,1.0
mrs-nsga2-apportion|aurus-nsga2-apportion,ctrl_y,lily15,22,15,1.0,1.0,0.4,0.7333
mrs-nsga2-apportion|aurus-nsga2-apportion,cross,lily15,23,10,1.0,0.9,1.0,1.0
mrs-nsga2-apportion|aurus-nsga2-apportion,cross,lily15,24,18,0.9444,1.0,1.0,1.0
mrs-nsga2-apportion|aurus-nsga2-apportion,ctrl_x,lily15,24,23,1.0,1.0,0.913,0.4783
mrs-nsga2-apportion|aurus-nsga2-apportion,ctrl_y,lily15,24,12,1.0,1.0,1.0,0.8333
mrs-nsga2-apportion|aurus-nsga2-apportion,cross,lily15,25,12,0.9167,1.0,1.0,0.9167
mrs-nsga2-apportion|aurus-nsga2-apportion,cross,lily15,26,17,0.8235,1.0,0.3529,0.7059
mrs-nsga2-apportion|aurus-nsga2-apportion,ctrl_x,lily15,26,17,0.8235,1.0,0.4706,0.8824
mrs-nsga2-apportion|aurus-nsga2-apportion,ctrl_y,lily15,26,6,1.0,1.0,1.0,1.0
mrs-nsga2-apportion|aurus-nsga2-apportion,cross,lily15,27,6,1.0,1.0,1.0,1.0
mrs-nsga2-apportion|aurus-nsga2-apportion,cross,lily15,28,16,1.0,1.0,1.0,1.0
mrs-nsga2-apportion|aurus-nsga2-apportion,ctrl_x,lily15,28,16,1.0,0.9375,1.0,0.875
mrs-nsga2-apportion|aurus-nsga2-apportion,ctrl_y,lily15,28,21,1.0,1.0,1.0,0.9048
mrs-nsga2-apportion|aurus-nsga2-apportion,cross,lily15,29,21,1.0,1.0,1.0,1.0
mrs-nsga2-apportion|mrs-weighted,cross,lily15,0,23,0.8261,1.0,0.4783,0.6522
mrs-nsga2-apportion|mrs-weighted,ctrl_x,lily15,0,17,0.9412,1.0,0.8235,1.0
mrs-nsga2-apportion|mrs-weighted,ctrl_y,lily15,0,36,0.9444,0.8611,0.7222,0.6389
mrs-nsga2-apportion|mrs-weighted,cross,lily15,1,17,1.0,0.8235,0.2353,0.1176
mrs-nsga2-apportion|mrs-weighted,cross,lily15,2,10,1.0,1.0,0.7,0.9
mrs-nsga2-apportion|mrs-weighted,ctrl_x,lily15,2,10,1.0,1.0,1.0,1.0
mrs-nsga2-apportion|mrs-weighted,ctrl_y,lily15,2,19,1.0,1.0,0.8947,0.6842
mrs-nsga2-apportion|mrs-weighted,cross,lily15,3,15,1.0,0.9333,0.3333,0.9333
mrs-nsga2-apportion|mrs-weighted,cross,lily15,4,18,0.6667,1.0,0.6111,1.0
mrs-nsga2-apportion|mrs-weighted,ctrl_x,lily15,4,17,1.0,0.9412,1.0,1.0
mrs-nsga2-apportion|mrs-weighted,ctrl_y,lily15,4,27,0.8889,0.9259,0.9259,0.6667
mrs-nsga2-apportion|mrs-weighted,cross,lily15,5,17,1.0,1.0,0.8824,1.0
mrs-nsga2-apportion|mrs-weighted,cross,lily15,6,8,1.0,1.0,1.0,1.0
mrs-nsga2-apportion|mrs-weighted,ctrl_x,lily15,6,8,1.0,1.0,1.0,1.0
mrs-nsga2-apportion|mrs-weighted,ctrl_y,lily15,6,28,0.8929,0.9286,0.7857,0.8929
mrs-nsga2-apportion|mrs-weighted,cross,lily15,7,17,0.9412,0.8824,0.7059,0.9412
mrs-nsga2-apportion|mrs-weighted,cross,lily15,8,31,0.8387,1.0,0.9677,0.9032
mrs-nsga2-apportion|mrs-weighted,ctrl_x,lily15,8,17,0.8235,1.0,0.7059,0.8824
mrs-nsga2-apportion|mrs-weighted,ctrl_y,lily15,8,31,0.8065,0.9677,0.9355,0.6452
mrs-nsga2-apportion|mrs-weighted,cross,lily15,9,17,1.0,1.0,0.7059,0.9412
mrs-nsga2-apportion|mrs-weighted,cross,lily15,10,15,0.8667,1.0,1.0,1.0
mrs-nsga2-apportion|mrs-weighted,ctrl_x,lily15,10,15,1.0,0.9333,1.0,0.8
mrs-nsga2-apportion|mrs-weighted,ctrl_y,lily15,10,26,1.0,0.9615,0.9615,0.9231
mrs-nsga2-apportion|mrs-weighted,cross,lily15,11,23,0.913,0.913,0.7826,0.5217
mrs-nsga2-apportion|mrs-weighted,cross,lily15,12,21,1.0,1.0,0.5714,0.9524
mrs-nsga2-apportion|mrs-weighted,ctrl_x,lily15,12,21,1.0,0.9524,0.8571,0.9048
mrs-nsga2-apportion|mrs-weighted,ctrl_y,lily15,12,38,0.8947,0.8421,0.8684,0.9474
mrs-nsga2-apportion|mrs-weighted,cross,lily15,13,32,0.875,0.9375,0.4688,0.9375
mrs-nsga2-apportion|mrs-weighted,cross,lily15,14,19,1.0,1.0,0.4737,1.0
mrs-nsga2-apportion|mrs-weighted,ctrl_x,lily15,14,19,1.0,1.0,0.7895,1.0
mrs-nsga2-apportion|mrs-weighted,ctrl_y,lily15,14,20,0.9,1.0,0.7,0.75
mrs-nsga2-apportion|mrs-weighted,cross,lily15,15,20,1.0,1.0,0.7,0.9
mrs-nsga2-apportion|mrs-weighted,cross,lily15,16,23,0.8696,1.0,0.8696,0.6522
mrs-nsga2-apportion|mrs-weighted,ctrl_x,lily15,16,14,1.0,0.9286,0.7857,0.5714
mrs-nsga2-apportion|mrs-weighted,ctrl_y,lily15,16,43,0.9535,0.9535,0.8837,1.0
mrs-nsga2-apportion|mrs-weighted,cross,lily15,17,14,1.0,0.9286,0.9286,1.0
mrs-nsga2-apportion|mrs-weighted,cross,lily15,18,15,0.9333,1.0,1.0,1.0
mrs-nsga2-apportion|mrs-weighted,ctrl_x,lily15,18,15,1.0,1.0,1.0,1.0
mrs-nsga2-apportion|mrs-weighted,ctrl_y,lily15,18,22,1.0,0.9545,0.9545,1.0
mrs-nsga2-apportion|mrs-weighted,cross,lily15,19,21,1.0,0.9524,0.7143,0.9048
mrs-nsga2-apportion|mrs-weighted,cross,lily15,20,14,1.0,1.0,1.0,0.8571
mrs-nsga2-apportion|mrs-weighted,ctrl_x,lily15,20,14,1.0,1.0,1.0,1.0
mrs-nsga2-apportion|mrs-weighted,ctrl_y,lily15,20,55,0.8182,0.9636,0.6182,0.7273
mrs-nsga2-apportion|mrs-weighted,cross,lily15,21,29,0.7931,1.0,0.5862,0.4138
mrs-nsga2-apportion|mrs-weighted,cross,lily15,22,18,1.0,1.0,0.5556,0.3889
mrs-nsga2-apportion|mrs-weighted,ctrl_x,lily15,22,10,1.0,1.0,1.0,1.0
mrs-nsga2-apportion|mrs-weighted,ctrl_y,lily15,22,37,1.0,1.0,0.5946,0.3514
mrs-nsga2-apportion|mrs-weighted,cross,lily15,23,10,1.0,0.8,1.0,0.1
mrs-nsga2-apportion|mrs-weighted,cross,lily15,24,24,1.0,1.0,0.7917,0.5833
mrs-nsga2-apportion|mrs-weighted,ctrl_x,lily15,24,23,1.0,1.0,0.913,0.5652
mrs-nsga2-apportion|mrs-weighted,ctrl_y,lily15,24,16,1.0,1.0,0.75,0.8125
mrs-nsga2-apportion|mrs-weighted,cross,lily15,25,16,1.0,0.9375,0.1875,0.8125
mrs-nsga2-apportion|mrs-weighted,cross,lily15,26,22,1.0,1.0,0.6818,0.6364
mrs-nsga2-apportion|mrs-weighted,ctrl_x,lily15,26,17,1.0,1.0,0.5882,1.0
mrs-nsga2-apportion|mrs-weighted,ctrl_y,lily15,26,39,0.9487,0.9744,0.7949,0.641
mrs-nsga2-apportion|mrs-weighted,cross,lily15,27,17,0.7647,1.0,0.8235,1.0
mrs-nsga2-apportion|mrs-weighted,cross,lily15,28,16,0.9375,1.0,1.0,1.0
mrs-nsga2-apportion|mrs-weighted,ctrl_x,lily15,28,16,1.0,0.9375,1.0,0.875
mrs-nsga2-apportion|mrs-weighted,ctrl_y,lily15,28,35,0.8857,0.9429,0.6,0.6571
mrs-nsga2-apportion|mrs-weighted,cross,lily15,29,26,1.0,1.0,0.7308,1.0
aurus-nsga2-apportion|aurus,cross,lily15,0,16,1.0,0.8125,0.75,1.0
aurus-nsga2-apportion|aurus,ctrl_x,lily15,0,16,1.0,0.75,0.625,0.875
aurus-nsga2-apportion|aurus,ctrl_y,lily15,0,32,0.9062,0.9062,1.0,0.875
aurus-nsga2-apportion|aurus,cross,lily15,1,24,0.9167,0.6667,0.75,0.625
aurus-nsga2-apportion|aurus,cross,lily15,2,11,1.0,1.0,1.0,1.0
aurus-nsga2-apportion|aurus,ctrl_x,lily15,2,11,1.0,1.0,0.9091,1.0
aurus-nsga2-apportion|aurus,ctrl_y,lily15,2,49,0.9592,0.9184,0.8367,1.0
aurus-nsga2-apportion|aurus,cross,lily15,3,16,1.0,0.875,1.0,0.9375
aurus-nsga2-apportion|aurus,ctrl_x,lily15,4,16,1.0,1.0,0.9375,0.9375
aurus-nsga2-apportion|aurus,cross,lily15,5,16,1.0,0.8125,0.875,0.8125
aurus-nsga2-apportion|aurus,cross,lily15,6,32,0.875,0.8125,0.5,0.375
aurus-nsga2-apportion|aurus,ctrl_x,lily15,6,7,0.8571,1.0,1.0,1.0
aurus-nsga2-apportion|aurus,ctrl_y,lily15,6,49,0.9388,0.9592,0.8367,0.5714
aurus-nsga2-apportion|aurus,cross,lily15,7,7,1.0,1.0,1.0,1.0
aurus-nsga2-apportion|aurus,cross,lily15,8,13,1.0,0.7692,1.0,0.9231
aurus-nsga2-apportion|aurus,ctrl_x,lily15,8,13,1.0,1.0,0.6154,0.9231
aurus-nsga2-apportion|aurus,ctrl_y,lily15,8,44,0.8182,0.8182,0.75,0.8636
aurus-nsga2-apportion|aurus,cross,lily15,9,14,1.0,1.0,1.0,1.0
aurus-nsga2-apportion|aurus,cross,lily15,10,8,1.0,1.0,1.0,1.0
aurus-nsga2-apportion|aurus,ctrl_x,lily15,10,8,1.0,1.0,1.0,1.0
aurus-nsga2-apportion|aurus,ctrl_y,lily15,10,44,0.9545,0.8636,0.8636,0.9773
aurus-nsga2-apportion|aurus,cross,lily15,11,8,1.0,1.0,1.0,1.0
aurus-nsga2-apportion|aurus,cross,lily15,12,25,1.0,0.88,0.4,0.32
aurus-nsga2-apportion|aurus,ctrl_x,lily15,12,17,1.0,0.9412,0.2941,0.4706
aurus-nsga2-apportion|aurus,ctrl_y,lily15,12,45,1.0,0.9556,0.8,0.8
aurus-nsga2-apportion|aurus,cross,lily15,13,17,1.0,1.0,1.0,1.0
aurus-nsga2-apportion|aurus,cross,lily15,14,19,1.0,0.7368,0.4211,0.5263
aurus-nsga2-apportion|aurus,ctrl_x,lily15,14,15,1.0,1.0,0.7333,0.5333
aurus-nsga2-apportion|aurus,ctrl_y,lily15,14,40,0.925,0.9,0.725,0.9
aurus-nsga2-apportion|aurus,cross,lily15,15,15,1.0,0.9333,0.4667,1.0
aurus-nsga2-apportion|aurus,cross,lily15,16,13,0.8462,0.5385,0.7692,0.3846
aurus-nsga2-apportion|aurus,ctrl_x,lily15,16,12,1.0,1.0,0.9167,1.0
aurus-nsga2-apportion|aurus,ctrl_y,lily15,16,56,0.9464,0.9821,0.8571,0.8393
aurus-nsga2-apportion|aurus,cross,lily15,17,12,1.0,0.8333,0.9167,0.8333
aurus-nsga2-apportion|aurus,cross,lily15,18,14,1.0,0.5,0.5,0.9286
aurus-nsga2-apportion|aurus,ctrl_x,lily15,18,14,1.0,1.0,1.0,1.0
aurus-nsga2-apportion|aurus,ctrl_y,lily15,18,48,1.0,0.9792,0.8333,0.7917
aurus-nsga2-apportion|aurus,cross,lily15,19,14,1.0,0.9286,1.0,1.0
aurus-nsga2-apportion|aurus,cross,lily15,20,26,0.9615,0.7308,0.9231,0.8077
aurus-nsga2-apportion|aurus,ctrl_x,lily15,20,9,1.0,1.0,1.0,1.0
aurus-nsga2-apportion|aurus,ctrl_y,lily15,20,45,0.9333,0.9111,0.9111,0.9556
aurus-nsga2-apportion|aurus,cross,lily15,21,9,1.0,0.8889,0.2222,0.8889
aurus-nsga2-apportion|aurus,cross,lily15,22,15,1.0,0.9333,0.6,1.0
aurus-nsga2-apportion|aurus,ctrl_x,lily15,22,15,1.0,1.0,0.4,0.7333
aurus-nsga2-apportion|aurus,ctrl_y,lily15,22,59,0.8644,0.9831,0.7627,1.0
aurus-nsga2-apportion|aurus,cross,lily15,23,15,1.0,0.8667,0.8667,1.0
aurus-nsga2-apportion|aurus,cross,lily15,24,18,1.0,0.8333,0.7778,0.5556
aurus-nsga2-apportion|aurus,ctrl_x,lily15,24,12,0.9167,1.0,1.0,1.0
aurus-nsga2-apportion|aurus,ctrl_y,lily15,24,55,0.9636,0.8364,0.9273,0.9091
aurus-nsga2-apportion|aurus,cross,lily15,25,12,1.0,1.0,1.0,0.9167
aurus-nsga2-apportion|aurus,cross,lily15,26,17,1.0,1.0,1.0,0.9412
aurus-nsga2-apportion|aurus,ctrl_x,lily15,26,6,1.0,1.0,1.0,1.0
aurus-nsga2-apportion|aurus,ctrl_y,lily15,26,39,1.0,0.8974,0.8718,0.8462
aurus-nsga2-apportion|aurus,cross,lily15,27,6,1.0,0.8333,0.8333,1.0
aurus-nsga2-apportion|aurus,cross,lily15,28,30,0.9667,0.8333,0.9,0.7667
aurus-nsga2-apportion|aurus,ctrl_x,lily15,28,21,0.9524,1.0,1.0,0.9048
aurus-nsga2-apportion|aurus,ctrl_y,lily15,28,57,0.8947,0.9298,0.8772,0.9649
aurus-nsga2-apportion|aurus,cross,lily15,29,21,1.0,0.9524,0.8095,0.5238
mrs-nsga2-apportion|aurus,cross,lily16,0,16,0.9375,1.0,0.4375,0.8125
mrs-nsga2-apportion|aurus,ctrl_x,lily16,0,16,0.875,1.0,0.4375,0.6875
mrs-nsga2-apportion|aurus,ctrl_y,lily16,0,76,0.6316,0.8684,0.5526,0.8289
mrs-nsga2-apportion|aurus,cross,lily16,1,16,1.0,0.375,0.5625,0.625
mrs-nsga2-apportion|aurus,cross,lily16,2,12,1.0,0.8333,0.8333,0.8333
mrs-nsga2-apportion|aurus,ctrl_x,lily16,2,12,0.75,1.0,0.25,1.0
mrs-nsga2-apportion|aurus,ctrl_y,lily16,2,48,1.0,0.8958,0.875,0.7917
mrs-nsga2-apportion|aurus,cross,lily16,3,15,1.0,1.0,0.6,1.0
mrs-nsga2-apportion|aurus,cross,lily16,4,15,1.0,0.7333,0.3333,0.4667
mrs-nsga2-apportion|aurus,ctrl_x,lily16,4,13,0.8462,1.0,0.0769,0.1538
mrs-nsga2-apportion|aurus,ctrl_y,lily16,4,62,0.9677,0.9516,0.7903,0.5968
mrs-nsga2-apportion|aurus,cross,lily16,5,13,1.0,0.7692,0.1538,0.1538
mrs-nsga2-apportion|aurus,cross,lily16,6,13,1.0,0.6923,0.5385,0.6923
mrs-nsga2-apportion|aurus,ctrl_x,lily16,6,13,0.9231,1.0,1.0,0.7692
mrs-nsga2-apportion|aurus,ctrl_y,lily16,6,48,0.875,0.9583,0.8333,0.6042
mrs-nsga2-apportion|aurus,cross,lily16,7,15,1.0,0.7333,1.0,0.9333
mrs-nsga2-apportion|aurus,cross,lily16,8,18,1.0,0.8889,0.3333,0.6111
mrs-nsga2-apportion|aurus,ctrl_x,lily16,8,7,1.0,1.0,1.0,1.0
mrs-nsga2-apportion|aurus,ctrl_y,lily16,8,52,0.8077,0.9808,0.9423,0.5769
mrs-nsga2-apportion|aurus,cross,lily16,9,7,1.0,0.5714,1.0,0.1429
mrs-nsga2-apportion|aurus,cross,lily16,10,6,1.0,1.0,1.0,1.0
mrs-nsga2-apportion|aurus,ctrl_x,lily16,10,6,1.0,1.0,1.0,1.0
mrs-nsga2-apportion|aurus,ctrl_y,lily16,10,51,0.9608,0.9804,0.9804,0.8431
mrs-nsga2-apportion|aurus,cross,lily16,11,6,1.0,1.0,1.0,1.0
mrs-nsga2-apportion|aurus,cross,lily16,12,13,1.0,0.6154,0.9231,0.5385
mrs-nsga2-apportion|aurus,ctrl_x,lily16,12,9,1.0,1.0,1.0,0.8889
mrs-nsga2-apportion|aurus,ctrl_y,lily16,12,60,0.9667,0.7833,0.9833,0.8333
mrs-nsga2-apportion|aurus,cross,lily16,13,9,1.0,0.3333,0.7778,0.8889
mrs-nsga2-apportion|aurus,cross,lily16,14,12,1.0,0.8333,1.0,1.0
mrs-nsga2-apportion|aurus,ctrl_y,lily16,14,59,0.8644,0.9492,0.8644,0.8644
mrs-nsga2-apportion|aurus,cross,lily16,16,11,1.0,1.0,0.0909,0.6364
mrs-nsga2-apportion|aurus,ctrl_x,lily16,16,11,0.4545,1.0,0.0909,0.9091
mrs-nsga2-apportion|aurus,ctrl_y,lily16,16,67,0.8955,0.8209,0.6716,0.7761
mrs-nsga2-apportion|aurus,cross,lily16,17,14,1.0,0.5,1.0,0.8571
mrs-nsga2-apportion|aurus,cross,lily16,18,13,1.0,0.5385,1.0,0.9231
mrs-nsga2-apportion|aurus,ctrl_x,lily16,18,7,1.0,1.0,1.0,1.0
mrs-nsga2-apportion|aurus,ctrl_y,lily16,18,65,0.8462,0.9692,0.8308,0.9231
mrs-nsga2-apportion|aurus,cross,lily16,19,7,1.0,1.0,1.0,0.5714
mrs-nsga2-apportion|aurus,cross,lily16,20,16,1.0,0.9375,0.375,1.0
mrs-nsga2-apportion|aurus,ctrl_y,lily16,20,57,0.8246,0.7193,0.7368,0.7895
mrs-nsga2-apportion|aurus,cross,lily16,22,17,1.0,0.7647,0.9412,0.9412
mrs-nsga2-apportion|aurus,ctrl_y,lily16,22,74,0.8514,0.8784,0.9595,0.7432
mrs-nsga2-apportion|aurus,cross,lily16,24,11,1.0,1.0,1.0,0.9091
mrs-nsga2-apportion|aurus,ctrl_x,lily16,24,11,1.0,0.8182,1.0,0.6364
mrs-nsga2-apportion|aurus,ctrl_y,lily16,24,45,0.8444,0.9778,1.0,0.9778
mrs-nsga2-apportion|aurus,cross,lily16,25,13,1.0,0.8462,0.6923,0.6154
mrs-nsga2-apportion|aurus,cross,lily16,26,13,1.0,0.8462,1.0,0.8462
mrs-nsga2-apportion|aurus,ctrl_x,lily16,26,8,0.875,1.0,0.875,1.0
mrs-nsga2-apportion|aurus,ctrl_y,lily16,26,40,0.85,0.9,0.675,0.9
mrs-nsga2-apportion|aurus,cross,lily16,27,8,1.0,1.0,1.0,1.0
mrs-nsga2-apportion|aurus,cross,lily16,28,10,1.0,0.9,0.8,0.3
mrs-nsga2-apportion|aurus,ctrl_x,lily16,28,10,0.8,1.0,1.0,1.0
mrs-nsga2-apportion|aurus,ctrl_y,lily16,28,64,0.9531,0.9844,0.875,0.8438
mrs-nsga2-apportion|aurus,cross,lily16,29,18,1.0,0.6667,0.9444,1.0
mrs-nsga2-apportion|aurus-nsga2-apportion,ctrl_x,lily16,0,16,0.875,1.0,0.4375,0.6875
mrs-nsga2-apportion|aurus-nsga2-apportion,ctrl_x,lily16,2,12,0.75,1.0,0.3333,1.0
mrs-nsga2-apportion|aurus-nsga2-apportion,ctrl_x,lily16,4,13,0.8462,1.0,0.1538,0.1538
mrs-nsga2-apportion|aurus-nsga2-apportion,ctrl_x,lily16,6,13,0.9231,1.0,1.0,0.7692
mrs-nsga2-apportion|aurus-nsga2-apportion,ctrl_x,lily16,8,7,1.0,1.0,1.0,1.0
mrs-nsga2-apportion|aurus-nsga2-apportion,ctrl_x,lily16,10,6,1.0,1.0,1.0,1.0
mrs-nsga2-apportion|aurus-nsga2-apportion,ctrl_x,lily16,12,9,1.0,1.0,1.0,1.0
mrs-nsga2-apportion|aurus-nsga2-apportion,ctrl_x,lily16,16,11,0.6364,1.0,0.1818,0.9091
mrs-nsga2-apportion|aurus-nsga2-apportion,ctrl_x,lily16,18,7,1.0,1.0,1.0,1.0
mrs-nsga2-apportion|aurus-nsga2-apportion,ctrl_x,lily16,24,11,1.0,0.8182,1.0,0.6364
mrs-nsga2-apportion|aurus-nsga2-apportion,ctrl_x,lily16,26,8,0.625,1.0,1.0,1.0
mrs-nsga2-apportion|aurus-nsga2-apportion,ctrl_x,lily16,28,10,0.6,1.0,0.9,1.0
mrs-nsga2-apportion|mrs-weighted,cross,lily16,0,16,0.75,1.0,0.125,0.625
mrs-nsga2-apportion|mrs-weighted,ctrl_x,lily16,0,16,0.875,1.0,0.4375,0.6875
mrs-nsga2-apportion|mrs-weighted,ctrl_y,lily16,0,17,1.0,0.7647,0.3529,0.5294
mrs-nsga2-apportion|mrs-weighted,cross,lily16,1,16,0.75,0.8125,0.9375,0.9375
mrs-nsga2-apportion|mrs-weighted,cross,lily16,2,12,0.8333,1.0,0.9167,0.9167
mrs-nsga2-apportion|mrs-weighted,ctrl_x,lily16,2,12,0.75,1.0,0.25,1.0
mrs-nsga2-apportion|mrs-weighted,ctrl_y,lily16,2,20,0.6,0.85,0.4,0.25
mrs-nsga2-apportion|mrs-weighted,cross,lily16,3,15,1.0,1.0,0.8667,0.8
mrs-nsga2-apportion|mrs-weighted,cross,lily16,4,15,0.6667,0.8667,0.3333,1.0
mrs-nsga2-apportion|mrs-weighted,ctrl_x,lily16,4,13,0.8462,1.0,0.0769,0.1538
mrs-nsga2-apportion|mrs-weighted,ctrl_y,lily16,4,53,0.9623,0.9434,0.3208,0.2642
mrs-nsga2-apportion|mrs-weighted,cross,lily16,5,13,1.0,1.0,0.4615,0.7692
mrs-nsga2-apportion|mrs-weighted,cross,lily16,6,13,1.0,1.0,0.3846,0.2308
mrs-nsga2-apportion|mrs-weighted,ctrl_x,lily16,6,13,0.9231,1.0,1.0,0.7692
mrs-nsga2-apportion|mrs-weighted,ctrl_y,lily16,6,27,0.6667,0.5926,0.7037,0.3333
mrs-nsga2-apportion|mrs-weighted,cross,lily16,7,15,0.9333,1.0,0.6667,0.9333
mrs-nsga2-apportion|mrs-weighted,cross,lily16,8,18,1.0,0.7778,0.6667,0.5556
mrs-nsga2-apportion|mrs-weighted,ctrl_x,lily16,8,7,1.0,1.0,1.0,1.0
mrs-nsga2-apportion|mrs-weighted,ctrl_y,lily16,8,51,0.6471,0.9804,0.2157,0.4314
mrs-nsga2-apportion|mrs-weighted,cross,lily16,9,7,1.0,0.8571,1.0,1.0
mrs-nsga2-apportion|mrs-weighted,cross,lily16,10,6,1.0,0.6667,1.0,1.0
mrs-nsga2-apportion|mrs-weighted,ctrl_x,lily16,10,6,1.0,1.0,1.0,1.0
mrs-nsga2-apportion|mrs-weighted,ctrl_y,lily16,10,39,1.0,0.8974,0.641,0.641
mrs-nsga2-apportion|mrs-weighted,cross,lily16,11,6,1.0,0.6667,1.0,1.0
mrs-nsga2-apportion|mrs-weighted,cross,lily16,12,13,1.0,0.9231,1.0,0.9231
mrs-nsga2-apportion|mrs-weighted,ctrl_x,lily16,12,9,1.0,1.0,1.0,0.8889
mrs-nsga2-apportion|mrs-weighted,ctrl_y,lily16,12,32,0.9688,0.1562,0.2188,0.125
mrs-nsga2-apportion|mrs-weighted,cross,lily16,13,9,1.0,0.6667,0.8889,0.3333
mrs-nsga2-apportion|mrs-weighted,cross,lily16,14,12,1.0,0.25,1.0,0.3333
mrs-nsga2-apportion|mrs-weighted,ctrl_y,lily16,14,27,0.7407,1.0,0.963,0.9259
mrs-nsga2-apportion|mrs-weighted,cross,lily16,16,11,0.3636,1.0,0.0909,1.0
mrs-nsga2-apportion|mrs-weighted,ctrl_x,lily16,16,11,0.4545,1.0,0.0909,0.9091
mrs-nsga2-apportion|mrs-weighted,ctrl_y,lily16,16,12,0.5833,1.0,0.8333,0.8333
mrs-nsga2-apportion|mrs-weighted,cross,lily16,17,12,0.9167,1.0,1.0,1.0
mrs-nsga2-apportion|mrs-weighted,cross,lily16,18,13,1.0,0.6154,1.0,0.3077
mrs-nsga2-apportion|mrs-weighted,ctrl_x,lily16,18,7,1.0,1.0,1.0,1.0
mrs-nsga2-apportion|mrs-weighted,ctrl_y,lily16,18,15,0.9333,1.0,0.9333,1.0
mrs-nsga2-apportion|mrs-weighted,cross,lily16,19,7,1.0,1.0,1.0,1.0
mrs-nsga2-apportion|mrs-weighted,cross,lily16,20,16,1.0,0.9375,0.5625,0.625
mrs-nsga2-apportion|mrs-weighted,ctrl_y,lily16,20,24,1.0,1.0,0.4583,0.7083
mrs-nsga2-apportion|mrs-weighted,cross,lily16,22,11,1.0,0.5455,1.0,0.6364
mrs-nsga2-apportion|mrs-weighted,ctrl_y,lily16,22,11,0.7273,0.0909,0.0909,0.6364
mrs-nsga2-apportion|mrs-weighted,cross,lily16,24,11,1.0,1.0,0.5455,0.4545
mrs-nsga2-apportion|mrs-weighted,ctrl_x,lily16,24,11,1.0,0.8182,1.0,0.6364
mrs-nsga2-apportion|mrs-weighted,ctrl_y,lily16,24,15,1.0,1.0,0.4,0.4667
mrs-nsga2-apportion|mrs-weighted,cross,lily16,25,13,0.6923,1.0,0.7692,0.9231
mrs-nsga2-apportion|mrs-weighted,cross,lily16,26,13,0.2308,1.0,0.3077,0.6154
mrs-nsga2-apportion|mrs-weighted,ctrl_x,lily16,26,8,0.875,1.0,0.875,1.0
mrs-nsga2-apportion|mrs-weighted,ctrl_y,lily16,26,63,0.8889,0.7937,0.3333,0.3333
mrs-nsga2-apportion|mrs-weighted,cross,lily16,27,8,1.0,0.0,1.0,0.0
mrs-nsga2-apportion|mrs-weighted,cross,lily16,28,10,0.9,1.0,0.9,1.0
mrs-nsga2-apportion|mrs-weighted,ctrl_x,lily16,28,10,0.8,1.0,1.0,1.0
mrs-nsga2-apportion|mrs-weighted,ctrl_y,lily16,28,54,0.8889,0.5,0.2593,0.2778
mrs-nsga2-apportion|mrs-weighted,cross,lily16,29,18,1.0,0.9444,0.9444,0.4444
aurus-nsga2-apportion|aurus,ctrl_y,lily16,0,76,0.5921,0.8026,0.5526,0.8026
aurus-nsga2-apportion|aurus,ctrl_y,lily16,2,48,1.0,0.8958,0.875,0.8125
aurus-nsga2-apportion|aurus,ctrl_y,lily16,4,62,0.9839,0.8871,0.8548,0.6129
aurus-nsga2-apportion|aurus,ctrl_y,lily16,6,48,0.8333,0.9583,0.6667,0.625
aurus-nsga2-apportion|aurus,ctrl_y,lily16,8,52,0.7692,0.9808,0.9231,0.6154
aurus-nsga2-apportion|aurus,ctrl_y,lily16,10,51,1.0,0.9804,0.8039,0.9412
aurus-nsga2-apportion|aurus,ctrl_y,lily16,12,60,0.9833,0.7333,0.9167,0.8333
aurus-nsga2-apportion|aurus,ctrl_y,lily16,14,59,0.8814,0.9492,1.0,0.8814
aurus-nsga2-apportion|aurus,ctrl_y,lily16,16,67,0.8358,0.9403,0.6567,0.791
aurus-nsga2-apportion|aurus,ctrl_y,lily16,18,65,0.9231,0.9692,0.8462,0.9385
aurus-nsga2-apportion|aurus,ctrl_y,lily16,20,57,0.8596,0.8421,0.7544,0.807
aurus-nsga2-apportion|aurus,ctrl_y,lily16,22,74,0.8649,0.8649,0.9595,0.7703
aurus-nsga2-apportion|aurus,ctrl_y,lily16,24,45,0.8889,0.9778,1.0,0.9556
aurus-nsga2-apportion|aurus,ctrl_y,lily16,26,40,0.875,0.95,0.75,0.925
aurus-nsga2-apportion|aurus,ctrl_y,lily16,28,64,0.8906,0.9688,0.875,0.8125
mrs-nsga2-apportion|aurus,cross,load-balancer-aurus,0,22,0.5455,1.0,0.3636,0.8636
mrs-nsga2-apportion|aurus,ctrl_x,load-balancer-aurus,0,20,0.75,0.9,0.75,1.0
mrs-nsga2-apportion|aurus,ctrl_y,load-balancer-aurus,0,54,0.8333,0.7407,0.7778,0.8704
mrs-nsga2-apportion|aurus,cross,load-balancer-aurus,1,20,0.65,1.0,0.4,1.0
mrs-nsga2-apportion|aurus,cross,load-balancer-aurus,2,31,0.4516,0.9677,0.6129,0.871
mrs-nsga2-apportion|aurus,ctrl_x,load-balancer-aurus,2,31,1.0,0.9355,1.0,0.8065
mrs-nsga2-apportion|aurus,ctrl_y,load-balancer-aurus,2,53,0.8491,0.8302,0.9057,0.9623
mrs-nsga2-apportion|aurus,cross,load-balancer-aurus,3,31,0.6452,1.0,0.7097,0.5484
mrs-nsga2-apportion|aurus,cross,load-balancer-aurus,4,32,0.5625,1.0,0.1562,0.875
mrs-nsga2-apportion|aurus,ctrl_x,load-balancer-aurus,4,32,0.875,0.875,0.7812,0.9062
mrs-nsga2-apportion|aurus,ctrl_y,load-balancer-aurus,4,59,0.8814,0.8475,0.7458,0.7966
mrs-nsga2-apportion|aurus,cross,load-balancer-aurus,5,38,0.5526,0.9211,0.1053,0.3158
mrs-nsga2-apportion|aurus,cross,load-balancer-aurus,6,27,0.5556,0.7407,0.4444,0.4444
mrs-nsga2-apportion|aurus,ctrl_x,load-balancer-aurus,6,26,0.7308,1.0,0.6538,0.5385
mrs-nsga2-apportion|aurus,ctrl_y,load-balancer-aurus,6,55,0.8727,0.8364,0.9818,0.8545
mrs-nsga2-apportion|aurus,cross,load-balancer-aurus,7,26,0.4615,0.8077,0.2308,0.7692
mrs-nsga2-apportion|aurus,cross,load-balancer-aurus,8,32,0.5312,1.0,0.5625,0.75
mrs-nsga2-apportion|aurus,ctrl_x,load-balancer-aurus,8,25,0.88,0.96,0.96,0.96
mrs-nsga2-apportion|aurus,ctrl_y,load-balancer-aurus,8,53,0.8491,0.7925,0.8868,0.9434
mrs-nsga2-apportion|aurus,cross,load-balancer-aurus,9,25,0.52,0.84,0.28,0.64
mrs-nsga2-apportion|aurus,cross,load-balancer-aurus,10,30,0.2,0.9667,0.1667,0.6667
mrs-nsga2-apportion|aurus,ctrl_x,load-balancer-aurus,10,30,0.7667,0.9,0.7333,1.0
mrs-nsga2-apportion|aurus,ctrl_y,load-balancer-aurus,10,40,0.925,0.9,1.0,1.0
mrs-nsga2-apportion|aurus,cross,load-balancer-aurus,11,37,0.4054,0.8919,0.1622,0.6216
mrs-nsga2-apportion|aurus,cross,load-balancer-aurus,12,25,0.64,0.96,0.36,0.72
mrs-nsga2-apportion|aurus,ctrl_x,load-balancer-aurus,12,25,1.0,0.8,0.88,0.96
mrs-nsga2-apportion|aurus,ctrl_y,load-balancer-aurus,12,62,0.7742,0.8387,0.9355,0.871
mrs-nsga2-apportion|aurus,cross,load-balancer-aurus,13,29,0.4138,1.0,0.3448,0.7586
mrs-nsga2-apportion|aurus,cross,load-balancer-aurus,14,37,0.5405,0.9189,0.2973,0.3514
mrs-nsga2-apportion|aurus,ctrl_x,load-balancer-aurus,14,22,0.8182,0.9545,1.0,1.0
mrs-nsga2-apportion|aurus,ctrl_y,load-balancer-aurus,14,56,0.875,0.875,0.8929,0.8393
mrs-nsga2-apportion|aurus,cross,load-balancer-aurus,15,22,0.9091,1.0,0.7273,0.9091
mrs-nsga2-apportion|aurus,cross,load-balancer-aurus,16,33,0.5758,1.0,0.303,0.7576
mrs-nsga2-apportion|aurus,ctrl_x,load-balancer-aurus,16,33,0.3636,0.7879,0.3636,0.3939
mrs-nsga2-apportion|aurus,ctrl_y,load-balancer-aurus,16,64,0.9062,0.8438,0.8906,0.9219
mrs-nsga2-apportion|aurus,cross,load-balancer-aurus,17,39,0.4103,1.0,0.1538,0.5897
mrs-nsga2-apportion|aurus,cross,load-balancer-aurus,18,23,0.2174,1.0,0.2609,0.3913
mrs-nsga2-apportion|aurus,ctrl_x,load-balancer-aurus,18,23,0.6957,0.8261,0.6957,0.2609
mrs-nsga2-apportion|aurus,ctrl_y,load-balancer-aurus,18,51,0.902,0.7255,0.7843,0.6078
mrs-nsga2-apportion|aurus,cross,load-balancer-aurus,19,35,0.6571,0.8857,0.4286,0.5143
mrs-nsga2-apportion|aurus,cross,load-balancer-aurus,20,41,0.6098,0.9268,0.439,0.439
mrs-nsga2-apportion|aurus,ctrl_x,load-balancer-aurus,20,34,0.9706,0.6471,0.8529,0.7059
mrs-nsga2-apportion|aurus,ctrl_y,load-balancer-aurus,20,56,0.75,0.875,0.8571,0.8393
mrs-nsga2-apportion|aurus,cross,load-balancer-aurus,21,34,0.5,1.0,0.0882,0.6471
mrs-nsga2-apportion|aurus,cross,load-balancer-aurus,22,35,0.4857,0.5714,0.3429,0.3429
mrs-nsga2-apportion|aurus,ctrl_x,load-balancer-aurus,22,18,1.0,0.6667,0.5,0.6667
mrs-nsga2-apportion|aurus,ctrl_y,load-balancer-aurus,22,34,0.9412,0.9118,0.6471,0.9706
mrs-nsga2-apportion|aurus,cross,load-balancer-aurus,23,18,0.2222,1.0,0.7222,1.0
mrs-nsga2-apportion|aurus,cross,load-balancer-aurus,24,22,0.3636,0.9545,0.7273,0.8182
mrs-nsga2-apportion|aurus,ctrl_x,load-balancer-aurus,24,20,1.0,0.75,0.95,0.55
mrs-nsga2-apportion|aurus,ctrl_y,load-balancer-aurus,24,62,0.8871,0.7742,0.7258,0.8226
mrs-nsga2-apportion|aurus,cross,load-balancer-aurus,25,20,0.3,0.9,0.2,0.75
mrs-nsga2-apportion|aurus,cross,load-balancer-aurus,26,30,0.6,0.9333,0.2333,0.3667
mrs-nsga2-apportion|aurus,ctrl_x,load-balancer-aurus,26,29,0.931,0.9655,0.4828,0.5172
mrs-nsga2-apportion|aurus,ctrl_y,load-balancer-aurus,26,59,0.8983,0.7627,0.9492,0.8983
mrs-nsga2-apportion|aurus,cross,load-balancer-aurus,27,29,0.3448,1.0,0.3448,0.4483
mrs-nsga2-apportion|aurus,cross,load-balancer-aurus,28,21,0.7143,0.9524,0.381,0.9048
mrs-nsga2-apportion|aurus,ctrl_x,load-balancer-aurus,28,21,0.9048,0.7143,0.2857,0.9524
mrs-nsga2-apportion|aurus,ctrl_y,load-balancer-aurus,28,57,0.8246,0.8246,0.8772,0.4737
mrs-nsga2-apportion|aurus,cross,load-balancer-aurus,29,26,0.8077,0.8846,0.5385,0.8846
mrs-nsga2-apportion|aurus-nsga2-apportion,cross,load-balancer-aurus,0,7,0.8571,0.1429,1.0,0.7143
mrs-nsga2-apportion|aurus-nsga2-apportion,ctrl_x,load-balancer-aurus,0,20,0.75,0.9,1.0,1.0
mrs-nsga2-apportion|aurus-nsga2-apportion,ctrl_y,load-balancer-aurus,0,6,1.0,0.8333,1.0,1.0
mrs-nsga2-apportion|aurus-nsga2-apportion,cross,load-balancer-aurus,1,6,1.0,1.0,1.0,1.0
mrs-nsga2-apportion|aurus-nsga2-apportion,cross,load-balancer-aurus,2,10,1.0,1.0,1.0,1.0
mrs-nsga2-apportion|aurus-nsga2-apportion,ctrl_x,load-balancer-aurus,2,31,1.0,0.9355,1.0,0.8065
mrs-nsga2-apportion|aurus-nsga2-apportion,ctrl_y,load-balancer-aurus,2,6,1.0,1.0,1.0,1.0
mrs-nsga2-apportion|aurus-nsga2-apportion,cross,load-balancer-aurus,3,6,1.0,0.8333,1.0,1.0
mrs-nsga2-apportion|aurus-nsga2-apportion,cross,load-balancer-aurus,4,9,0.8889,0.8889,1.0,0.7778
mrs-nsga2-apportion|aurus-nsga2-apportion,ctrl_x,load-balancer-aurus,4,32,0.875,0.8438,0.7812,0.9062
mrs-nsga2-apportion|aurus-nsga2-apportion,cross,load-balancer-aurus,6,8,1.0,1.0,1.0,1.0
mrs-nsga2-apportion|aurus-nsga2-apportion,ctrl_x,load-balancer-aurus,6,26,0.7308,1.0,0.6538,0.5385
mrs-nsga2-apportion|aurus-nsga2-apportion,ctrl_x,load-balancer-aurus,8,25,0.92,0.96,0.96,0.88
mrs-nsga2-apportion|aurus-nsga2-apportion,cross,load-balancer-aurus,9,10,1.0,1.0,1.0,1.0
mrs-nsga2-apportion|aurus-nsga2-apportion,ctrl_x,load-balancer-aurus,10,30,0.7667,0.9,0.7333,0.9
mrs-nsga2-apportion|aurus-nsga2-apportion,cross,load-balancer-aurus,12,9,1.0,0.8889,1.0,1.0
mrs-nsga2-apportion|aurus-nsga2-apportion,ctrl_x,load-balancer-aurus,12,25,1.0,0.8,0.88,0.96
mrs-nsga2-apportion|aurus-nsga2-apportion,ctrl_y,load-balancer-aurus,12,8,1.0,0.25,0.25,0.875
mrs-nsga2-apportion|aurus-nsga2-apportion,cross,load-balancer-aurus,13,8,1.0,1.0,1.0,1.0
mrs-nsga2-apportion|aurus-nsga2-apportion,cross,load-balancer-aurus,14,8,0.875,0.875,1.0,1.0
mrs-nsga2-apportion|aurus-nsga2-apportion,ctrl_x,load-balancer-aurus,14,22,0.8636,0.8636,1.0,0.7273
mrs-nsga2-apportion|aurus-nsga2-apportion,cross,load-balancer-aurus,16,10,0.9,1.0,1.0,1.0
mrs-nsga2-apportion|aurus-nsga2-apportion,ctrl_x,load-balancer-aurus,16,33,0.3333,0.7576,0.3636,0.3636
mrs-nsga2-apportion|aurus-nsga2-apportion,ctrl_x,load-balancer-aurus,18,23,0.6957,0.7826,0.6087,0.2174
mrs-nsga2-apportion|aurus-nsga2-apportion,cross,load-balancer-aurus,20,6,1.0,0.3333,1.0,1.0
mrs-nsga2-apportion|aurus-nsga2-apportion,ctrl_x,load-balancer-aurus,20,34,0.8824,0.7059,0.8529,0.7059
mrs-nsga2-apportion|aurus-nsga2-apportion,cross,load-balancer-aurus,22,11,0.9091,1.0,1.0,0.8182
mrs-nsga2-apportion|aurus-nsga2-apportion,ctrl_x,load-balancer-aurus,22,18,0.9444,0.6111,0.6667,0.6111
mrs-nsga2-apportion|aurus-nsga2-apportion,ctrl_y,load-balancer-aurus,22,11,1.0,0.4545,0.4545,0.1818
mrs-nsga2-apportion|aurus-nsga2-apportion,cross,load-balancer-aurus,23,11,1.0,0.9091,1.0,0.9091
mrs-nsga2-apportion|aurus-nsga2-apportion,ctrl_x,load-balancer-aurus,24,20,1.0,0.85,1.0,0.55
mrs-nsga2-apportion|aurus-nsga2-apportion,cross,load-balancer-aurus,25,16,0.8125,1.0,1.0,0.8125
mrs-nsga2-apportion|aurus-nsga2-apportion,ctrl_x,load-balancer-aurus,26,29,0.931,0.9655,0.4828,0.5172
mrs-nsga2-apportion|aurus-nsga2-apportion,ctrl_x,load-balancer-aurus,28,21,0.9048,0.8571,0.2857,1.0
mrs-nsga2-apportion|mrs-weighted,cross,load-balancer-aurus,0,22,0.7727,1.0,0.8636,1.0
mrs-nsga2-apportion|mrs-weighted,ctrl_x,load-balancer-aurus,0,20,0.75,0.9,0.75,1.0
mrs-nsga2-apportion|mrs-weighted,ctrl_y,load-balancer-aurus,0,29,0.8276,0.8621,0.7241,0.8966
mrs-nsga2-apportion|mrs-weighted,cross,load-balancer-aurus,1,20,0.85,0.9,1.0,0.85
mrs-nsga2-apportion|mrs-weighted,cross,load-balancer-aurus,2,31,0.7097,0.9355,1.0,1.0
mrs-nsga2-apportion|mrs-weighted,ctrl_x,load-balancer-aurus,2,31,1.0,0.9355,1.0,0.8065
mrs-nsga2-apportion|mrs-weighted,ctrl_y,load-balancer-aurus,2,45,0.9333,0.8222,0.6667,0.2667
mrs-nsga2-apportion|mrs-weighted,cross,load-balancer-aurus,3,31,0.8065,1.0,0.3871,0.2581
mrs-nsga2-apportion|mrs-weighted,cross,load-balancer-aurus,4,32,0.7188,1.0,0.6562,0.875
mrs-nsga2-apportion|mrs-weighted,ctrl_x,load-balancer-aurus,4,32,0.875,0.875,0.7812,0.9062
mrs-nsga2-apportion|mrs-weighted,ctrl_y,load-balancer-aurus,4,50,0.78,0.84,0.62,0.86
mrs-nsga2-apportion|mrs-weighted,cross,load-balancer-aurus,5,38,0.6842,0.8684,0.8684,0.4211
mrs-nsga2-apportion|mrs-weighted,cross,load-balancer-aurus,6,27,0.8519,0.8889,0.6667,0.9259
mrs-nsga2-apportion|mrs-weighted,ctrl_x,load-balancer-aurus,6,26,0.7308,1.0,0.6538,0.5385
mrs-nsga2-apportion|mrs-weighted,ctrl_y,load-balancer-aurus,6,50,0.48,0.34,0.3,0.28
mrs-nsga2-apportion|mrs-weighted,cross,load-balancer-aurus,7,26,0.4615,0.6538,0.6538,0.2692
mrs-nsga2-apportion|mrs-weighted,cross,load-balancer-aurus,8,32,1.0,0.7812,0.7812,0.1562
mrs-nsga2-apportion|mrs-weighted,ctrl_x,load-balancer-aurus,8,25,0.88,0.96,0.96,0.96
mrs-nsga2-apportion|mrs-weighted,ctrl_y,load-balancer-aurus,8,54,0.5,1.0,0.1481,0.3519
mrs-nsga2-apportion|mrs-weighted,cross,load-balancer-aurus,9,25,0.96,0.84,1.0,0.44
mrs-nsga2-apportion|mrs-weighted,cross,load-balancer-aurus,10,30,0.8333,0.9333,0.7,0.9667
mrs-nsga2-apportion|mrs-weighted,ctrl_x,load-balancer-aurus,10,30,0.7667,0.9,0.7333,1.0
mrs-nsga2-apportion|mrs-weighted,ctrl_y,load-balancer-aurus,10,44,0.7955,0.9091,0.5,0.7955
mrs-nsga2-apportion|mrs-weighted,cross,load-balancer-aurus,11,37,0.8378,0.8108,0.6486,0.8919
mrs-nsga2-apportion|mrs-weighted,cross,load-balancer-aurus,12,25,0.8,0.84,0.84,0.76
mrs-nsga2-apportion|mrs-weighted,ctrl_x,load-balancer-aurus,12,25,1.0,0.8,0.88,0.96
mrs-nsga2-apportion|mrs-weighted,ctrl_y,load-balancer-aurus,12,47,0.617,0.8936,0.383,0.7447
mrs-nsga2-apportion|mrs-weighted,cross,load-balancer-aurus,13,29,0.6897,1.0,0.9655,0.9655
mrs-nsga2-apportion|mrs-weighted,cross,load-balancer-aurus,14,37,0.8108,0.8649,1.0,0.973
mrs-nsga2-apportion|mrs-weighted,ctrl_x,load-balancer-aurus,14,22,0.8182,0.9545,1.0,1.0
mrs-nsga2-apportion|mrs-weighted,ctrl_y,load-balancer-aurus,14,50,0.82,0.84,0.94,0.86
mrs-nsga2-apportion|mrs-weighted,cross,load-balancer-aurus,15,22,0.8182,0.8636,0.8636,1.0
mrs-nsga2-apportion|mrs-weighted,cross,load-balancer-aurus,16,33,0.6667,0.9091,1.0,0.8182
mrs-nsga2-apportion|mrs-weighted,ctrl_x,load-balancer-aurus,16,33,0.3636,0.7879,0.3636,0.3939
mrs-nsga2-apportion|mrs-weighted,ctrl_y,load-balancer-aurus,16,34,0.8824,0.7647,0.6471,0.9118
mrs-nsga2-apportion|mrs-weighted,cross,load-balancer-aurus,17,34,0.7941,0.9412,0.3824,1.0
mrs-nsga2-apportion|mrs-weighted,cross,load-balancer-aurus,18,23,0.6957,0.7826,0.6087,0.3478
mrs-nsga2-apportion|mrs-weighted,ctrl_x,load-balancer-aurus,18,23,0.6957,0.8261,0.6957,0.2609
mrs-nsga2-apportion|mrs-weighted,ctrl_y,load-balancer-aurus,18,24,0.375,0.6667,0.3333,0.2917
mrs-nsga2-apportion|mrs-weighted,cross,load-balancer-aurus,19,35,0.8571,0.8571,0.6857,0.8857
mrs-nsga2-apportion|mrs-weighted,cross,load-balancer-aurus,20,41,0.8049,0.9024,0.6098,0.6098
mrs-nsga2-apportion|mrs-weighted,ctrl_x,load-balancer-aurus,20,34,0.9706,0.6471,0.8529,0.7059
mrs-nsga2-apportion|mrs-weighted,ctrl_y,load-balancer-aurus,20,50,0.82,0.54,0.56,0.82
mrs-nsga2-apportion|mrs-weighted,cross,load-balancer-aurus,21,34,0.8235,0.9118,0.9412,0.9412
mrs-nsga2-apportion|mrs-weighted,cross,load-balancer-aurus,22,35,0.7714,0.6286,0.6,0.7143
mrs-nsga2-apportion|mrs-weighted,ctrl_x,load-balancer-aurus,22,18,1.0,0.6667,0.5,0.6667
mrs-nsga2-apportion|mrs-weighted,ctrl_y,load-balancer-aurus,22,47,0.9362,0.0213,0.1064,0.0426
mrs-nsga2-apportion|mrs-weighted,cross,load-balancer-aurus,23,18,0.8889,0.5,0.6111,1.0
mrs-nsga2-apportion|mrs-weighted,cross,load-balancer-aurus,24,22,0.7273,1.0,0.8182,1.0
mrs-nsga2-apportion|mrs-weighted,ctrl_x,load-balancer-aurus,24,20,1.0,0.75,0.95,0.55
mrs-nsga2-apportion|mrs-weighted,ctrl_y,load-balancer-aurus,24,38,0.9737,0.4737,0.9737,0.3421
mrs-nsga2-apportion|mrs-weighted,cross,load-balancer-aurus,25,20,0.6,1.0,0.7,1.0
mrs-nsga2-apportion|mrs-weighted,cross,load-balancer-aurus,26,30,0.7667,1.0,0.9333,0.9667
mrs-nsga2-apportion|mrs-weighted,ctrl_x,load-balancer-aurus,26,29,0.931,0.9655,0.4828,0.5172
mrs-nsga2-apportion|mrs-weighted,ctrl_y,load-balancer-aurus,26,42,0.5952,0.881,0.3095,0.5238
mrs-nsga2-apportion|mrs-weighted,cross,load-balancer-aurus,27,29,0.4138,0.9655,0.5862,0.5517
mrs-nsga2-apportion|mrs-weighted,cross,load-balancer-aurus,28,21,0.7143,1.0,0.381,0.5714
mrs-nsga2-apportion|mrs-weighted,ctrl_x,load-balancer-aurus,28,21,0.9048,0.7143,0.2857,0.9524
mrs-nsga2-apportion|mrs-weighted,ctrl_y,load-balancer-aurus,28,47,0.7234,0.383,0.4255,0.3617
mrs-nsga2-apportion|mrs-weighted,cross,load-balancer-aurus,29,26,0.9231,0.7692,0.9615,0.8077
aurus-nsga2-apportion|aurus,cross,load-balancer-aurus,0,7,0.4286,0.8571,0.1429,1.0
aurus-nsga2-apportion|aurus,ctrl_x,load-balancer-aurus,0,6,1.0,0.8333,1.0,1.0
aurus-nsga2-apportion|aurus,ctrl_y,load-balancer-aurus,0,54,0.7963,0.8333,0.7778,0.8519
aurus-nsga2-apportion|aurus,cross,load-balancer-aurus,1,6,0.3333,1.0,1.0,1.0
aurus-nsga2-apportion|aurus,cross,load-balancer-aurus,2,10,0.4,1.0,0.8,1.0
aurus-nsga2-apportion|aurus,ctrl_x,load-balancer-aurus,2,6,1.0,1.0,1.0,1.0
aurus-nsga2-apportion|aurus,ctrl_y,load-balancer-aurus,2,53,0.8491,0.8302,0.8113,0.9623
aurus-nsga2-apportion|aurus,cross,load-balancer-aurus,3,6,0.1667,1.0,0.6667,1.0
aurus-nsga2-apportion|aurus,cross,load-balancer-aurus,4,9,0.4444,1.0,0.2222,0.8889
aurus-nsga2-apportion|aurus,ctrl_y,load-balancer-aurus,4,59,0.8305,0.8475,0.7119,0.7288
aurus-nsga2-apportion|aurus,cross,load-balancer-aurus,6,8,0.75,1.0,1.0,1.0
aurus-nsga2-apportion|aurus,ctrl_y,load-balancer-aurus,6,55,0.8545,0.8727,0.8364,0.8182
aurus-nsga2-apportion|aurus,ctrl_y,load-balancer-aurus,8,53,0.8302,0.8113,0.8868,0.9623
aurus-nsga2-apportion|aurus,cross,load-balancer-aurus,9,10,0.7,1.0,0.6,0.9
aurus-nsga2-apportion|aurus,ctrl_y,load-balancer-aurus,10,40,0.95,0.9,0.95,1.0
aurus-nsga2-apportion|aurus,cross,load-balancer-aurus,12,9,0.5556,1.0,0.2222,0.6667
aurus-nsga2-apportion|aurus,ctrl_x,load-balancer-aurus,12,8,1.0,0.375,0.25,0.875
aurus-nsga2-apportion|aurus,ctrl_y,load-balancer-aurus,12,62,0.7581,0.8387,0.9516,0.9032
aurus-nsga2-apportion|aurus,cross,load-balancer-aurus,13,8,0.625,1.0,1.0,1.0
aurus-nsga2-apportion|aurus,cross,load-balancer-aurus,14,8,1.0,0.75,0.75,0.875
aurus-nsga2-apportion|aurus,ctrl_y,load-balancer-aurus,14,56,0.8036,0.8929,0.7321,0.7857
aurus-nsga2-apportion|aurus,cross,load-balancer-aurus,16,10,0.4,1.0,0.8,1.0
aurus-nsga2-apportion|aurus,ctrl_y,load-balancer-aurus,16,64,0.875,0.8438,0.8906,0.9219
aurus-nsga2-apportion|aurus,ctrl_y,load-balancer-aurus,18,51,0.902,0.6667,0.7647,0.6667
aurus-nsga2-apportion|aurus,cross,load-balancer-aurus,20,6,0.0,1.0,0.0,1.0
aurus-nsga2-apportion|aurus,ctrl_y,load-balancer-aurus,20,56,0.7321,0.875,0.8571,0.8571
aurus-nsga2-apportion|aurus,cross,load-balancer-aurus,22,11,0.5455,1.0,0.4545,0.9091
aurus-nsga2-apportion|aurus,ctrl_x,load-balancer-aurus,22,11,1.0,0.4545,0.4545,0.1818
aurus-nsga2-apportion|aurus,ctrl_y,load-balancer-aurus,22,34,0.8824,0.8529,0.8235,0.9706
aurus-nsga2-apportion|aurus,cross,load-balancer-aurus,23,11,0.4545,1.0,0.1818,0.9091
aurus-nsga2-apportion|aurus,ctrl_y,load-balancer-aurus,24,62,0.7742,0.7742,0.7903,0.8226
aurus-nsga2-apportion|aurus,cross,load-balancer-aurus,25,16,0.25,0.9375,0.4375,1.0
aurus-nsga2-apportion|aurus,ctrl_y,load-balancer-aurus,26,59,0.9153,0.7966,0.9492,0.8475
aurus-nsga2-apportion|aurus,ctrl_y,load-balancer-aurus,28,57,0.8246,0.8421,0.8596,0.4737
mrs-nsga2-apportion|aurus,cross,ltl2dba-r-2,0,17,1.0,0.5882,0.9412,1.0
mrs-nsga2-apportion|aurus,ctrl_x,ltl2dba-r-2,0,17,1.0,0.9412,1.0,1.0
mrs-nsga2-apportion|aurus,ctrl_y,ltl2dba-r-2,0,34,0.9706,1.0,0.9118,1.0
mrs-nsga2-apportion|aurus,cross,ltl2dba-r-2,1,22,0.8636,0.8636,0.9545,0.8182
mrs-nsga2-apportion|aurus,cross,ltl2dba-r-2,2,28,0.8929,0.6786,1.0,0.9286
mrs-nsga2-apportion|aurus,ctrl_x,ltl2dba-r-2,2,28,0.8571,0.8929,0.9643,1.0
mrs-nsga2-apportion|aurus,ctrl_y,ltl2dba-r-2,2,27,0.9259,1.0,1.0,0.963
mrs-nsga2-apportion|aurus,cross,ltl2dba-r-2,3,27,0.5556,0.7037,0.963,0.8148
mrs-nsga2-apportion|aurus,cross,ltl2dba-r-2,4,20,0.95,0.8,0.95,1.0
mrs-nsga2-apportion|aurus,ctrl_x,ltl2dba-r-2,4,20,0.95,1.0,1.0,1.0
mrs-nsga2-apportion|aurus,ctrl_y,ltl2dba-r-2,4,33,0.9091,0.9697,0.8182,0.9394
mrs-nsga2-apportion|aurus,cross,ltl2dba-r-2,5,22,0.9545,0.7273,1.0,0.5909
mrs-nsga2-apportion|aurus,cross,ltl2dba-r-2,6,29,0.931,0.8966,0.7586,1.0
mrs-nsga2-apportion|aurus,ctrl_x,ltl2dba-r-2,6,29,0.931,0.9655,1.0,1.0
mrs-nsga2-apportion|aurus,ctrl_y,ltl2dba-r-2,6,31,0.9032,0.9355,0.9677,0.9032
mrs-nsga2-apportion|aurus,cross,ltl2dba-r-2,7,31,0.8387,0.6129,0.7097,0.8065
mrs-nsga2-apportion|aurus,cross,ltl2dba-r-2,8,21,1.0,0.619,1.0,1.0
mrs-nsga2-apportion|aurus,ctrl_x,ltl2dba-r-2,8,19,0.8947,1.0,1.0,1.0
mrs-nsga2-apportion|aurus,ctrl_y,ltl2dba-r-2,8,36,0.8056,0.9167,0.8889,0.9444
mrs-nsga2-apportion|aurus,cross,ltl2dba-r-2,9,19,1.0,0.5263,1.0,0.7368
mrs-nsga2-apportion|aurus,cross,ltl2dba-r-2,10,26,0.9615,0.7692,1.0,0.8462
mrs-nsga2-apportion|aurus,ctrl_x,ltl2dba-r-2,10,26,0.9615,0.8846,1.0,1.0
mrs-nsga2-apportion|aurus,ctrl_y,ltl2dba-r-2,10,40,0.975,0.875,0.825,1.0
mrs-nsga2-apportion|aurus,cross,ltl2dba-r-2,11,37,0.973,0.6486,0.973,0.8649
mrs-nsga2-apportion|aurus,cross,ltl2dba-r-2,12,25,1.0,0.84,0.92,0.96
mrs-nsga2-apportion|aurus,ctrl_x,ltl2dba-r-2,12,18,0.9444,0.9444,1.0,1.0
mrs-nsga2-apportion|aurus,ctrl_y,ltl2dba-r-2,12,36,0.9167,0.9722,1.0,0.9167
mrs-nsga2-apportion|aurus,cross,ltl2dba-r-2,13,18,1.0,0.7222,1.0,1.0
mrs-nsga2-apportion|aurus,cross,ltl2dba-r-2,14,32,0.9375,0.8438,1.0,0.8438
mrs-nsga2-apportion|aurus,ctrl_x,ltl2dba-r-2,14,32,0.875,0.9688,1.0,0.9062
mrs-nsga2-apportion|aurus,ctrl_y,ltl2dba-r-2,14,32,0.9688,0.9375,1.0,0.9062
mrs-nsga2-apportion|aurus,cross,ltl2dba-r-2,15,32,0.9375,0.625,0.9688,0.9062
mrs-nsga2-apportion|aurus,cross,ltl2dba-r-2,16,29,0.9655,0.6897,0.931,0.8621
mrs-nsga2-apportion|aurus,ctrl_x,ltl2dba-r-2,16,23,1.0,0.913,1.0,1.0
mrs-nsga2-apportion|aurus,ctrl_y,ltl2dba-r-2,16,34,0.9118,0.9706,0.9412,0.8529
mrs-nsga2-apportion|aurus,cross,ltl2dba-r-2,17,23,1.0,0.7826,0.8696,1.0
mrs-nsga2-apportion|aurus,cross,ltl2dba-r-2,18,19,0.9474,0.6316,0.9474,1.0
mrs-nsga2-apportion|aurus,ctrl_x,ltl2dba-r-2,18,12,0.75,1.0,0.5833,1.0
mrs-nsga2-apportion|aurus,ctrl_y,ltl2dba-r-2,18,22,1.0,0.9091,1.0,1.0
mrs-nsga2-apportion|aurus,cross,ltl2dba-r-2,19,12,1.0,0.6667,1.0,0.8333
mrs-nsga2-apportion|aurus,cross,ltl2dba-r-2,20,22,0.9545,0.7727,0.4091,0.7273
mrs-nsga2-apportion|aurus,ctrl_x,ltl2dba-r-2,20,22,0.8636,0.9091,1.0,1.0
mrs-nsga2-apportion|aurus,ctrl_y,ltl2dba-r-2,20,41,0.9512,0.878,0.8049,0.8293
mrs-nsga2-apportion|aurus,cross,ltl2dba-r-2,21,23,0.913,0.5652,1.0,1.0
mrs-nsga2-apportion|aurus,cross,ltl2dba-r-2,22,20,0.95,0.9,1.0,1.0
mrs-nsga2-apportion|aurus,ctrl_x,ltl2dba-r-2,22,20,0.8,1.0,0.95,1.0
mrs-nsga2-apportion|aurus,ctrl_y,ltl2dba-r-2,22,42,0.8333,0.9524,0.9762,1.0
mrs-nsga2-apportion|aurus,cross,ltl2dba-r-2,23,20,0.95,0.7,1.0,0.95
mrs-nsga2-apportion|aurus,cross,ltl2dba-r-2,24,24,1.0,0.625,1.0,0.9583
mrs-nsga2-apportion|aurus,ctrl_x,ltl2dba-r-2,24,24,1.0,0.875,1.0,0.7083
mrs-nsga2-apportion|aurus,ctrl_y,ltl2dba-r-2,24,35,0.9429,0.9714,0.9143,0.9714
mrs-nsga2-apportion|aurus,cross,ltl2dba-r-2,25,26,0.9231,0.7692,1.0,0.8462
mrs-nsga2-apportion|aurus,cross,ltl2dba-r-2,26,28,1.0,0.7143,1.0,1.0
mrs-nsga2-apportion|aurus,ctrl_x,ltl2dba-r-2,26,28,0.8929,0.8571,1.0,1.0
mrs-nsga2-apportion|aurus,ctrl_y,ltl2dba-r-2,26,23,0.913,0.9565,1.0,1.0
mrs-nsga2-apportion|aurus,cross,ltl2dba-r-2,27,23,1.0,0.7826,1.0,1.0
mrs-nsga2-apportion|aurus,cross,ltl2dba-r-2,28,17,1.0,0.7647,1.0,1.0
mrs-nsga2-apportion|aurus,ctrl_x,ltl2dba-r-2,28,17,1.0,0.8824,1.0,1.0
mrs-nsga2-apportion|aurus,ctrl_y,ltl2dba-r-2,28,31,0.9032,0.9032,1.0,1.0
mrs-nsga2-apportion|aurus,cross,ltl2dba-r-2,29,29,0.9655,0.7586,0.5862,0.9655
mrs-nsga2-apportion|aurus-nsga2-apportion,cross,ltl2dba-r-2,0,17,0.9412,0.9412,1.0,1.0
mrs-nsga2-apportion|aurus-nsga2-apportion,ctrl_x,ltl2dba-r-2,0,17,1.0,0.9412,1.0,1.0
mrs-nsga2-apportion|aurus-nsga2-apportion,ctrl_y,ltl2dba-r-2,0,22,1.0,0.8636,1.0,0.9545
mrs-nsga2-apportion|aurus-nsga2-apportion,cross,ltl2dba-r-2,1,22,1.0,1.0,1.0,1.0
mrs-nsga2-apportion|aurus-nsga2-apportion,cross,ltl2dba-r-2,2,28,0.9643,0.9286,1.0,0.9643
mrs-nsga2-apportion|aurus-nsga2-apportion,ctrl_x,ltl2dba-r-2,2,28,0.8571,0.8929,0.9643,1.0
mrs-nsga2-apportion|aurus-nsga2-apportion,ctrl_y,ltl2dba-r-2,2,29,0.7931,0.931,1.0,1.0
mrs-nsga2-apportion|aurus-nsga2-apportion,cross,ltl2dba-r-2,3,29,0.8621,0.931,1.0,0.9655
mrs-nsga2-apportion|aurus-nsga2-apportion,cross,ltl2dba-r-2,4,20,0.95,1.0,1.0,1.0
mrs-nsga2-apportion|aurus-nsga2-apportion,ctrl_x,ltl2dba-r-2,4,20,0.95,1.0,1.0,1.0
mrs-nsga2-apportion|aurus-nsga2-apportion,ctrl_y,ltl2dba-r-2,4,21,1.0,0.8571,1.0,1.0
mrs-nsga2-apportion|aurus-nsga2-apportion,cross,ltl2dba-r-2,5,22,1.0,1.0,1.0,1.0
mrs-nsga2-apportion|aurus-nsga2-apportion,cross,ltl2dba-r-2,6,22,0.8636,1.0,0.9545,1.0
mrs-nsga2-apportion|aurus-nsga2-apportion,ctrl_x,ltl2dba-r-2,6,29,0.931,0.9655,1.0,1.0
mrs-nsga2-apportion|aurus-nsga2-apportion,ctrl_y,ltl2dba-r-2,6,22,0.8636,0.8636,1.0,1.0
mrs-nsga2-apportion|aurus-nsga2-apportion,cross,ltl2dba-r-2,7,28,0.9286,0.9643,1.0,1.0
mrs-nsga2-apportion|aurus-nsga2-apportion,cross,ltl2dba-r-2,8,21,1.0,0.9048,1.0,1.0
mrs-nsga2-apportion|aurus-nsga2-apportion,ctrl_x,ltl2dba-r-2,8,19,0.8947,1.0,1.0,1.0
mrs-nsga2-apportion|aurus-nsga2-apportion,ctrl_y,ltl2dba-r-2,8,23,0.8696,0.9565,1.0,1.0
mrs-nsga2-apportion|aurus-nsga2-apportion,cross,ltl2dba-r-2,9,19,1.0,0.9474,1.0,1.0
mrs-nsga2-apportion|aurus-nsga2-apportion,cross,ltl2dba-r-2,10,26,0.9615,0.9615,1.0,0.9615
mrs-nsga2-apportion|aurus-nsga2-apportion,ctrl_x,ltl2dba-r-2,10,26,0.9615,0.8846,1.0,1.0
mrs-nsga2-apportion|aurus-nsga2-apportion,ctrl_y,ltl2dba-r-2,10,29,1.0,0.7241,0.9655,0.931
mrs-nsga2-apportion|aurus-nsga2-apportion,cross,ltl2dba-r-2,11,29,1.0,0.931,1.0,1.0
mrs-nsga2-apportion|aurus-nsga2-apportion,cross,ltl2dba-r-2,12,19,1.0,1.0,1.0,1.0
mrs-nsga2-apportion|aurus-nsga2-apportion,ctrl_x,ltl2dba-r-2,12,18,0.9444,1.0,1.0,1.0
mrs-nsga2-apportion|aurus-nsga2-apportion,ctrl_y,ltl2dba-r-2,12,19,0.8421,0.8947,1.0,1.0
mrs-nsga2-apportion|aurus-nsga2-apportion,cross,ltl2dba-r-2,13,18,0.9444,1.0,1.0,1.0
mrs-nsga2-apportion|aurus-nsga2-apportion,cross,ltl2dba-r-2,14,24,0.9167,1.0,1.0,1.0
mrs-nsga2-apportion|aurus-nsga2-apportion,ctrl_x,ltl2dba-r-2,14,32,0.9062,0.9375,1.0,0.9062
mrs-nsga2-apportion|aurus-nsga2-apportion,ctrl_y,ltl2dba-r-2,14,24,0.9167,0.9583,0.9167,1.0
mrs-nsga2-apportion|aurus-nsga2-apportion,cross,ltl2dba-r-2,15,31,1.0,0.9677,0.9032,1.0
mrs-nsga2-apportion|aurus-nsga2-apportion,cross,ltl2dba-r-2,16,19,1.0,1.0,1.0,1.0
mrs-nsga2-apportion|aurus-nsga2-apportion,ctrl_x,ltl2dba-r-2,16,23,1.0,0.9565,1.0,1.0
mrs-nsga2-apportion|aurus-nsga2-apportion,ctrl_y,ltl2dba-r-2,16,16,1.0,0.9375,1.0,1.0
mrs-nsga2-apportion|aurus-nsga2-apportion,cross,ltl2dba-r-2,17,16,0.8125,1.0,0.875,1.0
mrs-nsga2-apportion|aurus-nsga2-apportion,cross,ltl2dba-r-2,18,19,1.0,1.0,1.0,1.0
mrs-nsga2-apportion|aurus-nsga2-apportion,ctrl_x,ltl2dba-r-2,18,12,0.75,1.0,0.5833,1.0
mrs-nsga2-apportion|aurus-nsga2-apportion,ctrl_y,ltl2dba-r-2,18,14,0.8571,1.0,1.0,1.0
mrs-nsga2-apportion|aurus-nsga2-apportion,cross,ltl2dba-r-2,19,12,1.0,1.0,1.0,1.0
mrs-nsga2-apportion|aurus-nsga2-apportion,cross,ltl2dba-r-2,20,22,1.0,1.0,1.0,1.0
mrs-nsga2-apportion|aurus-nsga2-apportion,ctrl_x,ltl2dba-r-2,20,22,0.8636,0.9091,1.0,1.0
mrs-nsga2-apportion|aurus-nsga2-apportion,ctrl_y,ltl2dba-r-2,20,22,1.0,0.7273,1.0,0.8636
mrs-nsga2-apportion|aurus-nsga2-apportion,cross,ltl2dba-r-2,21,23,1.0,0.9565,1.0,1.0
mrs-nsga2-apportion|aurus-nsga2-apportion,cross,ltl2dba-r-2,22,20,1.0,1.0,1.0,1.0
mrs-nsga2-apportion|aurus-nsga2-apportion,ctrl_x,ltl2dba-r-2,22,20,0.8,1.0,0.95,1.0
mrs-nsga2-apportion|aurus-nsga2-apportion,ctrl_y,ltl2dba-r-2,22,22,0.8636,0.9091,1.0,1.0
mrs-nsga2-apportion|aurus-nsga2-apportion,cross,ltl2dba-r-2,23,20,1.0,0.95,1.0,1.0
mrs-nsga2-apportion|aurus-nsga2-apportion,cross,ltl2dba-r-2,24,24,0.9167,1.0,1.0,1.0
mrs-nsga2-apportion|aurus-nsga2-apportion,ctrl_x,ltl2dba-r-2,24,24,1.0,0.875,1.0,0.7083
mrs-nsga2-apportion|aurus-nsga2-apportion,ctrl_y,ltl2dba-r-2,24,18,1.0,0.8889,1.0,1.0
mrs-nsga2-apportion|aurus-nsga2-apportion,cross,ltl2dba-r-2,25,18,0.8333,1.0,1.0,1.0
mrs-nsga2-apportion|aurus-nsga2-apportion,cross,ltl2dba-r-2,26,28,0.8571,0.9643,1.0,1.0
mrs-nsga2-apportion|aurus-nsga2-apportion,ctrl_x,ltl2dba-r-2,26,28,0.8929,0.8571,1.0,1.0
mrs-nsga2-apportion|aurus-nsga2-apportion,ctrl_y,ltl2dba-r-2,26,31,0.9677,0.8065,1.0,0.9677
mrs-nsga2-apportion|aurus-nsga2-apportion,cross,ltl2dba-r-2,27,29,0.9655,0.931,1.0,1.0
mrs-nsga2-apportion|aurus-nsga2-apportion,cross,ltl2dba-r-2,28,17,1.0,1.0,1.0,1.0
mrs-nsga2-apportion|aurus-nsga2-apportion,ctrl_x,ltl2dba-r-2,28,17,1.0,0.9412,0.9412,1.0
mrs-nsga2-apportion|aurus-nsga2-apportion,ctrl_y,ltl2dba-r-2,28,17,0.9412,0.8824,1.0,1.0
mrs-nsga2-apportion|aurus-nsga2-apportion,cross,ltl2dba-r-2,29,29,1.0,0.9655,1.0,1.0
mrs-nsga2-apportion|mrs-weighted,cross,ltl2dba-r-2,0,17,0.9412,0.9412,1.0,1.0
mrs-nsga2-apportion|mrs-weighted,ctrl_x,ltl2dba-r-2,0,17,1.0,0.9412,1.0,1.0
mrs-nsga2-apportion|mrs-weighted,ctrl_y,ltl2dba-r-2,0,19,1.0,1.0,1.0,1.0
mrs-nsga2-apportion|mrs-weighted,cross,ltl2dba-r-2,1,19,0.8947,1.0,1.0,1.0
mrs-nsga2-apportion|mrs-weighted,cross,ltl2dba-r-2,2,25,0.72,1.0,0.96,1.0
mrs-nsga2-apportion|mrs-weighted,ctrl_x,ltl2dba-r-2,2,28,0.8571,0.8929,0.9643,0.9643
mrs-nsga2-apportion|mrs-weighted,ctrl_y,ltl2dba-r-2,2,25,0.96,0.92,1.0,1.0
mrs-nsga2-apportion|mrs-weighted,cross,ltl2dba-r-2,3,30,0.7,0.9,0.8667,1.0
mrs-nsga2-apportion|mrs-weighted,cross,ltl2dba-r-2,4,20,0.95,1.0,1.0,1.0
mrs-nsga2-apportion|mrs-weighted,ctrl_x,ltl2dba-r-2,4,20,0.95,1.0,1.0,1.0
mrs-nsga2-apportion|mrs-weighted,ctrl_y,ltl2dba-r-2,4,41,0.9268,0.9024,1.0,1.0
mrs-nsga2-apportion|mrs-weighted,cross,ltl2dba-r-2,5,22,0.9091,1.0,1.0,0.9545
mrs-nsga2-apportion|mrs-weighted,cross,ltl2dba-r-2,6,29,0.6207,1.0,0.4483,1.0
mrs-nsga2-apportion|mrs-weighted,ctrl_x,ltl2dba-r-2,6,29,0.931,0.9655,1.0,1.0
mrs-nsga2-apportion|mrs-weighted,ctrl_y,ltl2dba-r-2,6,37,0.9459,0.9459,0.973,0.973
mrs-nsga2-apportion|mrs-weighted,cross,ltl2dba-r-2,7,31,0.8065,1.0,0.7097,0.9355
mrs-nsga2-apportion|mrs-weighted,cross,ltl2dba-r-2,8,21,1.0,0.9524,1.0,1.0
mrs-nsga2-apportion|mrs-weighted,ctrl_x,ltl2dba-r-2,8,19,0.8947,1.0,1.0,1.0
mrs-nsga2-apportion|mrs-weighted,ctrl_y,ltl2dba-r-2,8,29,0.8966,0.7931,0.9655,1.0
mrs-nsga2-apportion|mrs-weighted,cross,ltl2dba-r-2,9,19,0.9474,0.7368,1.0,1.0
mrs-nsga2-apportion|mrs-weighted,cross,ltl2dba-r-2,10,26,0.9615,0.9615,0.9615,1.0
mrs-nsga2-apportion|mrs-weighted,ctrl_x,ltl2dba-r-2,10,26,0.9615,0.8846,1.0,1.0
mrs-nsga2-apportion|mrs-weighted,ctrl_y,ltl2dba-r-2,10,31,0.871,0.9355,1.0,0.9677
mrs-nsga2-apportion|mrs-weighted,cross,ltl2dba-r-2,11,37,0.8378,1.0,1.0,1.0
mrs-nsga2-apportion|mrs-weighted,cross,ltl2dba-r-2,12,25,0.64,0.92,0.92,1.0
mrs-nsga2-apportion|mrs-weighted,ctrl_x,ltl2dba-r-2,12,18,0.9444,0.9444,1.0,1.0
mrs-nsga2-apportion|mrs-weighted,ctrl_y,ltl2dba-r-2,12,30,0.8667,0.8,1.0,1.0
mrs-nsga2-apportion|mrs-weighted,cross,ltl2dba-r-2,13,18,0.7778,1.0,1.0,1.0
mrs-nsga2-apportion|mrs-weighted,cross,ltl2dba-r-2,14,34,0.7941,0.9706,1.0,1.0
mrs-nsga2-apportion|mrs-weighted,ctrl_x,ltl2dba-r-2,14,32,0.9062,0.9375,1.0,0.9062
mrs-nsga2-apportion|mrs-weighted,ctrl_y,ltl2dba-r-2,14,38,0.8421,0.8158,0.7105,0.9737
mrs-nsga2-apportion|mrs-weighted,cross,ltl2dba-r-2,15,32,0.7812,1.0,0.7812,1.0
mrs-nsga2-apportion|mrs-weighted,cross,ltl2dba-r-2,16,29,1.0,1.0,1.0,1.0
mrs-nsga2-apportion|mrs-weighted,ctrl_x,ltl2dba-r-2,16,23,1.0,0.913,1.0,1.0
mrs-nsga2-apportion|mrs-weighted,ctrl_y,ltl2dba-r-2,16,28,0.8571,0.9643,0.8929,1.0
mrs-nsga2-apportion|mrs-weighted,cross,ltl2dba-r-2,17,23,0.8261,1.0,1.0,1.0
mrs-nsga2-apportion|mrs-weighted,cross,ltl2dba-r-2,18,19,0.7895,1.0,0.6842,1.0
mrs-nsga2-apportion|mrs-weighted,ctrl_x,ltl2dba-r-2,18,12,0.75,1.0,0.5833,1.0
mrs-nsga2-apportion|mrs-weighted,ctrl_y,ltl2dba-r-2,18,22,1.0,0.8636,1.0,1.0
mrs-nsga2-apportion|mrs-weighted,cross,ltl2dba-r-2,19,12,1.0,0.9167,1.0,1.0
mrs-nsga2-apportion|mrs-weighted,cross,ltl2dba-r-2,20,22,0.8182,0.9091,0.5455,1.0
mrs-nsga2-apportion|mrs-weighted,ctrl_x,ltl2dba-r-2,20,22,0.8636,0.9091,1.0,1.0
mrs-nsga2-apportion|mrs-weighted,ctrl_y,ltl2dba-r-2,20,21,0.8571,0.9524,1.0,0.9048
mrs-nsga2-apportion|mrs-weighted,cross,ltl2dba-r-2,21,21,0.8095,1.0,1.0,0.9524
mrs-nsga2-apportion|mrs-weighted,cross,ltl2dba-r-2,22,20,0.7,1.0,0.65,1.0
mrs-nsga2-apportion|mrs-weighted,ctrl_x,ltl2dba-r-2,22,20,0.8,1.0,0.95,1.0
mrs-nsga2-apportion|mrs-weighted,ctrl_y,ltl2dba-r-2,22,20,0.95,1.0,1.0,0.9
mrs-nsga2-apportion|mrs-weighted,cross,ltl2dba-r-2,23,20,0.9,0.95,1.0,0.9
mrs-nsga2-apportion|mrs-weighted,cross,ltl2dba-r-2,24,24,0.875,1.0,1.0,1.0
mrs-nsga2-apportion|mrs-weighted,ctrl_x,ltl2dba-r-2,24,24,1.0,0.875,1.0,0.7083
mrs-nsga2-apportion|mrs-weighted,ctrl_y,ltl2dba-r-2,24,44,0.9318,0.8864,1.0,0.8864
mrs-nsga2-apportion|mrs-weighted,cross,ltl2dba-r-2,25,26,0.7308,0.9615,0.6923,0.9615
mrs-nsga2-apportion|mrs-weighted,cross,ltl2dba-r-2,26,28,0.75,0.9643,1.0,1.0
mrs-nsga2-apportion|mrs-weighted,ctrl_x,ltl2dba-r-2,26,28,0.8929,0.8571,1.0,1.0
mrs-nsga2-apportion|mrs-weighted,ctrl_y,ltl2dba-r-2,26,33,0.9394,0.8788,1.0,1.0
mrs-nsga2-apportion|mrs-weighted,cross,ltl2dba-r-2,27,29,0.8276,0.931,0.8276,1.0
mrs-nsga2-apportion|mrs-weighted,cross,ltl2dba-r-2,28,17,0.9412,1.0,0.9412,1.0
mrs-nsga2-apportion|mrs-weighted,ctrl_x,ltl2dba-r-2,28,17,1.0,0.8824,1.0,1.0
mrs-nsga2-apportion|mrs-weighted,ctrl_y,ltl2dba-r-2,28,35,0.9429,0.9714,1.0,1.0
mrs-nsga2-apportion|mrs-weighted,cross,ltl2dba-r-2,29,29,0.931,0.9655,1.0,1.0
aurus-nsga2-apportion|aurus,cross,ltl2dba-r-2,0,22,1.0,0.3636,1.0,0.5909
aurus-nsga2-apportion|aurus,ctrl_x,ltl2dba-r-2,0,22,1.0,0.8636,1.0,0.9545
aurus-nsga2-apportion|aurus,ctrl_y,ltl2dba-r-2,0,34,0.9706,1.0,0.9412,1.0
aurus-nsga2-apportion|aurus,cross,ltl2dba-r-2,1,26,0.9231,0.8846,1.0,1.0
aurus-nsga2-apportion|aurus,cross,ltl2dba-r-2,2,36,0.9167,0.6667,1.0,0.9444
aurus-nsga2-apportion|aurus,ctrl_x,ltl2dba-r-2,2,29,0.8276,0.8966,1.0,1.0
aurus-nsga2-apportion|aurus,ctrl_y,ltl2dba-r-2,2,27,0.8889,1.0,1.0,0.963
aurus-nsga2-apportion|aurus,cross,ltl2dba-r-2,3,27,0.7778,0.8148,1.0,1.0
aurus-nsga2-apportion|aurus,cross,ltl2dba-r-2,4,21,1.0,0.7143,0.8095,0.9524
aurus-nsga2-apportion|aurus,ctrl_x,ltl2dba-r-2,4,21,1.0,0.8571,1.0,1.0
aurus-nsga2-apportion|aurus,ctrl_y,ltl2dba-r-2,4,33,0.8788,0.9394,0.8182,0.9697
aurus-nsga2-apportion|aurus,cross,ltl2dba-r-2,5,33,0.9394,0.6061,0.9697,0.4545
aurus-nsga2-apportion|aurus,cross,ltl2dba-r-2,6,22,0.8636,0.8636,0.9545,0.9091
aurus-nsga2-apportion|aurus,ctrl_x,ltl2dba-r-2,6,22,0.9091,0.9545,1.0,1.0
aurus-nsga2-apportion|aurus,ctrl_y,ltl2dba-r-2,6,31,0.8387,0.9355,0.9032,1.0
aurus-nsga2-apportion|aurus,cross,ltl2dba-r-2,7,28,0.8571,0.8571,1.0,0.8571
aurus-nsga2-apportion|aurus,cross,ltl2dba-r-2,8,23,0.913,0.4783,0.9565,0.8696
aurus-nsga2-apportion|aurus,ctrl_x,ltl2dba-r-2,8,23,0.8261,0.9565,1.0,1.0
aurus-nsga2-apportion|aurus,ctrl_y,ltl2dba-r-2,8,36,0.7778,0.9167,0.8611,1.0
aurus-nsga2-apportion|aurus,cross,ltl2dba-r-2,9,26,0.9615,0.5769,0.8077,0.9615
aurus-nsga2-apportion|aurus,cross,ltl2dba-r-2,10,33,0.9091,0.8485,0.7273,0.8788
aurus-nsga2-apportion|aurus,ctrl_x,ltl2dba-r-2,10,29,1.0,0.7241,0.931,1.0
aurus-nsga2-apportion|aurus,ctrl_y,ltl2dba-r-2,10,40,0.975,0.875,0.825,1.0
aurus-nsga2-apportion|aurus,cross,ltl2dba-r-2,11,29,0.8966,0.6897,0.931,0.8276
aurus-nsga2-apportion|aurus,cross,ltl2dba-r-2,12,19,0.9474,0.7895,0.9474,1.0
aurus-nsga2-apportion|aurus,ctrl_x,ltl2dba-r-2,12,19,0.8421,0.8947,1.0,1.0
aurus-nsga2-apportion|aurus,ctrl_y,ltl2dba-r-2,12,36,0.9167,1.0,1.0,0.9167
aurus-nsga2-apportion|aurus,cross,ltl2dba-r-2,13,20,0.95,0.75,1.0,1.0
aurus-nsga2-apportion|aurus,cross,ltl2dba-r-2,14,24,0.9167,0.75,0.875,0.875
aurus-nsga2-apportion|aurus,ctrl_x,ltl2dba-r-2,14,24,0.9583,0.9167,0.9583,1.0
aurus-nsga2-apportion|aurus,ctrl_y,ltl2dba-r-2,14,32,1.0,0.875,1.0,0.875
aurus-nsga2-apportion|aurus,cross,ltl2dba-r-2,15,31,0.9032,0.6129,1.0,0.871
aurus-nsga2-apportion|aurus,cross,ltl2dba-r-2,16,19,1.0,0.5789,1.0,0.6316
aurus-nsga2-apportion|aurus,ctrl_x,ltl2dba-r-2,16,16,1.0,0.9375,1.0,1.0
aurus-nsga2-apportion|aurus,ctrl_y,ltl2dba-r-2,16,34,0.9118,0.9706,0.9706,0.7647
aurus-nsga2-apportion|aurus,cross,ltl2dba-r-2,17,16,1.0,0.75,1.0,0.9375
aurus-nsga2-apportion|aurus,cross,ltl2dba-r-2,18,20,0.9,0.75,0.95,0.9
aurus-nsga2-apportion|aurus,ctrl_x,ltl2dba-r-2,18,14,0.4286,1.0,1.0,1.0
aurus-nsga2-apportion|aurus,ctrl_y,ltl2dba-r-2,18,22,0.9545,0.9545,1.0,1.0
aurus-nsga2-apportion|aurus,cross,ltl2dba-r-2,19,14,1.0,0.7143,1.0,1.0
aurus-nsga2-apportion|aurus,cross,ltl2dba-r-2,20,22,1.0,0.8182,0.4545,0.7273
aurus-nsga2-apportion|aurus,ctrl_x,ltl2dba-r-2,20,22,1.0,0.7273,1.0,0.9091
aurus-nsga2-apportion|aurus,ctrl_y,ltl2dba-r-2,20,41,0.9512,0.878,0.8049,0.8293
aurus-nsga2-apportion|aurus,cross,ltl2dba-r-2,21,27,0.9259,0.5926,1.0,0.9259
aurus-nsga2-apportion|aurus,cross,ltl2dba-r-2,22,22,1.0,0.8636,1.0,0.9545
aurus-nsga2-apportion|aurus,ctrl_x,ltl2dba-r-2,22,22,0.9091,0.8636,1.0,1.0
aurus-nsga2-apportion|aurus,ctrl_y,ltl2dba-r-2,22,42,0.8571,0.9286,0.9524,1.0
aurus-nsga2-apportion|aurus,cross,ltl2dba-r-2,23,28,0.8929,0.9643,0.8571,1.0
aurus-nsga2-apportion|aurus,cross,ltl2dba-r-2,24,28,0.9643,0.6071,1.0,1.0
aurus-nsga2-apportion|aurus,ctrl_x,ltl2dba-r-2,24,18,1.0,1.0,1.0,1.0
aurus-nsga2-apportion|aurus,ctrl_y,ltl2dba-r-2,24,35,1.0,1.0,0.9714,0.9714
aurus-nsga2-apportion|aurus,cross,ltl2dba-r-2,25,18,1.0,0.7222,1.0,0.7778
aurus-nsga2-apportion|aurus,cross,ltl2dba-r-2,26,31,1.0,0.6129,1.0,0.9677
aurus-nsga2-apportion|aurus,ctrl_x,ltl2dba-r-2,26,31,0.9677,0.8387,1.0,0.9677
aurus-nsga2-apportion|aurus,ctrl_y,ltl2dba-r-2,26,23,0.8696,0.913,1.0,1.0
aurus-nsga2-apportion|aurus,cross,ltl2dba-r-2,27,23,0.913,0.8261,1.0,1.0
aurus-nsga2-apportion|aurus,cross,ltl2dba-r-2,28,17,1.0,0.7647,1.0,1.0
aurus-nsga2-apportion|aurus,ctrl_x,ltl2dba-r-2,28,17,0.9412,1.0,1.0,1.0
aurus-nsga2-apportion|aurus,ctrl_y,ltl2dba-r-2,28,31,0.9032,0.9032,1.0,1.0
aurus-nsga2-apportion|aurus,cross,ltl2dba-r-2,29,30,0.9667,0.7667,0.6333,0.9667
mrs-nsga2-apportion|aurus,cross,ltl2dba-theta-2,0,23,0.7826,0.8696,1.0,1.0
mrs-nsga2-apportion|aurus,ctrl_x,ltl2dba-theta-2,0,16,0.4375,0.9375,0.9375,1.0
mrs-nsga2-apportion|aurus,ctrl_y,ltl2dba-theta-2,0,28,0.9286,0.9286,1.0,0.9286
mrs-nsga2-apportion|aurus,cross,ltl2dba-theta-2,1,16,1.0,0.9375,1.0,0.6875
mrs-nsga2-apportion|aurus,cross,ltl2dba-theta-2,2,15,0.8667,0.8,1.0,1.0
mrs-nsga2-apportion|aurus,ctrl_x,ltl2dba-theta-2,2,11,1.0,1.0,1.0,1.0
mrs-nsga2-apportion|aurus,ctrl_y,ltl2dba-theta-2,2,37,0.6757,0.8108,0.6486,0.7297
mrs-nsga2-apportion|aurus,cross,ltl2dba-theta-2,3,11,1.0,0.9091,0.8182,0.7273
mrs-nsga2-apportion|aurus,cross,ltl2dba-theta-2,4,7,1.0,1.0,1.0,1.0
mrs-nsga2-apportion|aurus,ctrl_x,ltl2dba-theta-2,4,7,1.0,1.0,1.0,1.0
mrs-nsga2-apportion|aurus,ctrl_y,ltl2dba-theta-2,4,32,0.9688,0.8438,0.9375,0.875
mrs-nsga2-apportion|aurus,cross,ltl2dba-theta-2,5,10,1.0,0.5,1.0,1.0
mrs-nsga2-apportion|aurus,cross,ltl2dba-theta-2,6,18,0.9444,0.6111,1.0,0.4444
mrs-nsga2-apportion|aurus,ctrl_x,ltl2dba-theta-2,6,14,0.9286,0.9286,0.7857,0.9286
mrs-nsga2-apportion|aurus,cross,ltl2dba-theta-2,8,17,0.7059,1.0,0.3529,1.0
mrs-nsga2-apportion|aurus,ctrl_x,ltl2dba-theta-2,8,17,0.7059,1.0,1.0,1.0
mrs-nsga2-apportion|aurus,ctrl_y,ltl2dba-theta-2,8,23,1.0,0.8696,1.0,1.0
mrs-nsga2-apportion|aurus,cross,ltl2dba-theta-2,9,18,1.0,0.4444,1.0,0.7778
mrs-nsga2-apportion|aurus,cross,ltl2dba-theta-2,10,16,1.0,0.6875,0.8125,0.9375
mrs-nsga2-apportion|aurus,ctrl_x,ltl2dba-theta-2,10,16,1.0,1.0,1.0,1.0
mrs-nsga2-apportion|aurus,ctrl_y,ltl2dba-theta-2,10,35,0.7714,0.6571,0.7429,0.8
mrs-nsga2-apportion|aurus,cross,ltl2dba-theta-2,11,17,0.7059,0.6471,1.0,1.0
mrs-nsga2-apportion|aurus,cross,ltl2dba-theta-2,12,19,0.9474,1.0,0.9474,0.8421
mrs-nsga2-apportion|aurus,ctrl_x,ltl2dba-theta-2,12,13,1.0,1.0,1.0,1.0
mrs-nsga2-apportion|aurus,ctrl_y,ltl2dba-theta-2,12,21,0.9524,1.0,1.0,0.9524
mrs-nsga2-apportion|aurus,cross,ltl2dba-theta-2,13,13,1.0,1.0,1.0,1.0
mrs-nsga2-apportion|aurus,cross,ltl2dba-theta-2,14,18,1.0,0.8889,0.3333,0.5556
mrs-nsga2-apportion|aurus,ctrl_x,ltl2dba-theta-2,14,18,0.8889,0.8889,0.8889,1.0
mrs-nsga2-apportion|aurus,ctrl_y,ltl2dba-theta-2,14,12,1.0,1.0,0.4167,1.0
mrs-nsga2-apportion|aurus,cross,ltl2dba-theta-2,15,12,0.6667,1.0,1.0,0.9167
mrs-nsga2-apportion|aurus,cross,ltl2dba-theta-2,16,21,0.7619,0.8571,0.8095,0.381
mrs-nsga2-apportion|aurus,ctrl_x,ltl2dba-theta-2,16,15,0.9333,0.9333,1.0,1.0
mrs-nsga2-apportion|aurus,ctrl_y,ltl2dba-theta-2,16,18,1.0,1.0,1.0,1.0
mrs-nsga2-apportion|aurus,cross,ltl2dba-theta-2,17,15,0.8667,1.0,0.5333,0.8667
mrs-nsga2-apportion|aurus,cross,ltl2dba-theta-2,18,14,1.0,0.8571,1.0,1.0
mrs-nsga2-apportion|aurus,ctrl_x,ltl2dba-theta-2,18,11,1.0,0.8182,1.0,1.0
mrs-nsga2-apportion|aurus,ctrl_y,ltl2dba-theta-2,18,26,0.6538,1.0,0.3846,0.2692
mrs-nsga2-apportion|aurus,cross,ltl2dba-theta-2,19,11,0.6364,1.0,0.4545,0.2727
mrs-nsga2-apportion|aurus,cross,ltl2dba-theta-2,20,21,0.8095,0.9048,0.2381,0.8571
mrs-nsga2-apportion|aurus,ctrl_x,ltl2dba-theta-2,20,10,0.7,1.0,1.0,1.0
mrs-nsga2-apportion|aurus,ctrl_y,ltl2dba-theta-2,20,21,1.0,0.619,0.8571,0.7143
mrs-nsga2-apportion|aurus,cross,ltl2dba-theta-2,21,10,1.0,0.8,1.0,1.0
mrs-nsga2-apportion|aurus,cross,ltl2dba-theta-2,22,12,0.9167,0.75,0.9167,1.0
mrs-nsga2-apportion|aurus,ctrl_x,ltl2dba-theta-2,22,12,0.8333,0.8333,1.0,1.0
mrs-nsga2-apportion|aurus,ctrl_y,ltl2dba-theta-2,22,22,0.9091,0.8636,1.0,0.7727
mrs-nsga2-apportion|aurus,cross,ltl2dba-theta-2,23,19,0.9474,0.8947,1.0,0.7895
mrs-nsga2-apportion|aurus,cross,ltl2dba-theta-2,24,19,1.0,0.4211,1.0,0.5789
mrs-nsga2-apportion|aurus,ctrl_x,ltl2dba-theta-2,24,14,0.8571,1.0,1.0,1.0
mrs-nsga2-apportion|aurus,ctrl_y,ltl2dba-theta-2,24,24,0.6667,1.0,0.6667,0.4583
mrs-nsga2-apportion|aurus,cross,ltl2dba-theta-2,25,14,1.0,0.7143,1.0,0.5
mrs-nsga2-apportion|aurus,cross,ltl2dba-theta-2,26,17,1.0,0.4706,0.8824,1.0
mrs-nsga2-apportion|aurus,ctrl_x,ltl2dba-theta-2,26,17,0.8235,0.7647,1.0,0.8235
mrs-nsga2-apportion|aurus,ctrl_y,ltl2dba-theta-2,26,39,0.7949,0.9231,1.0,0.9231
mrs-nsga2-apportion|aurus,cross,ltl2dba-theta-2,27,27,1.0,0.9259,1.0,0.8889
mrs-nsga2-apportion|aurus,cross,ltl2dba-theta-2,28,19,0.9474,0.7895,0.7895,1.0
mrs-nsga2-apportion|aurus,ctrl_x,ltl2dba-theta-2,28,11,0.9091,1.0,1.0,1.0
mrs-nsga2-apportion|aurus,ctrl_y,ltl2dba-theta-2,28,23,0.913,0.913,1.0,0.3913
mrs-nsga2-apportion|aurus,cross,ltl2dba-theta-2,29,11,1.0,0.8182,1.0,1.0
mrs-nsga2-apportion|aurus-nsga2-apportion,cross,ltl2dba-theta-2,0,21,0.7619,0.9048,0.9524,1.0
mrs-nsga2-apportion|aurus-nsga2-apportion,ctrl_x,ltl2dba-theta-2,0,16,0.5625,0.9375,0.8125,1.0
mrs-nsga2-apportion|aurus-nsga2-apportion,ctrl_y,ltl2dba-theta-2,0,14,0.7143,0.9286,1.0,1.0
mrs-nsga2-apportion|aurus-nsga2-apportion,cross,ltl2dba-theta-2,1,14,0.9286,1.0,1.0,1.0
mrs-nsga2-apportion|aurus-nsga2-apportion,cross,ltl2dba-theta-2,2,14,1.0,1.0,1.0,1.0
mrs-nsga2-apportion|aurus-nsga2-apportion,ctrl_x,ltl2dba-theta-2,2,11,1.0,1.0,1.0,1.0
mrs-nsga2-apportion|aurus-nsga2-apportion,ctrl_y,ltl2dba-theta-2,2,12,1.0,1.0,1.0,1.0
mrs-nsga2-apportion|aurus-nsga2-apportion,cross,ltl2dba-theta-2,3,11,1.0,1.0,1.0,1.0
mrs-nsga2-apportion|aurus-nsga2-apportion,cross,ltl2dba-theta-2,4,7,1.0,0.7143,1.0,1.0
mrs-nsga2-apportion|aurus-nsga2-apportion,ctrl_x,ltl2dba-theta-2,4,7,1.0,1.0,1.0,1.0
mrs-nsga2-apportion|aurus-nsga2-apportion,ctrl_y,ltl2dba-theta-2,4,9,1.0,1.0,1.0,1.0
mrs-nsga2-apportion|aurus-nsga2-apportion,cross,ltl2dba-theta-2,5,9,1.0,1.0,1.0,1.0
mrs-nsga2-apportion|aurus-nsga2-apportion,cross,ltl2dba-theta-2,6,14,1.0,1.0,1.0,1.0
mrs-nsga2-apportion|aurus-nsga2-apportion,ctrl_x,ltl2dba-theta-2,6,14,1.0,0.9286,0.8571,0.9286
mrs-nsga2-apportion|aurus-nsga2-apportion,ctrl_y,ltl2dba-theta-2,6,9,1.0,1.0,1.0,1.0
mrs-nsga2-apportion|aurus-nsga2-apportion,cross,ltl2dba-theta-2,7,9,1.0,1.0,1.0,1.0
mrs-nsga2-apportion|aurus-nsga2-apportion,cross,ltl2dba-theta-2,8,9,1.0,1.0,1.0,1.0
mrs-nsga2-apportion|aurus-nsga2-apportion,ctrl_x,ltl2dba-theta-2,8,17,0.7059,1.0,1.0,1.0
mrs-nsga2-apportion|aurus-nsga2-apportion,ctrl_y,ltl2dba-theta-2,8,9,1.0,1.0,1.0,1.0
mrs-nsga2-apportion|aurus-nsga2-apportion,cross,ltl2dba-theta-2,9,18,1.0,1.0,1.0,1.0
mrs-nsga2-apportion|aurus-nsga2-apportion,cross,ltl2dba-theta-2,10,16,1.0,0.9375,1.0,1.0
mrs-nsga2-apportion|aurus-nsga2-apportion,ctrl_x,ltl2dba-theta-2,10,16,1.0,1.0,1.0,1.0
mrs-nsga2-apportion|aurus-nsga2-apportion,ctrl_y,ltl2dba-theta-2,10,12,1.0,1.0,1.0,1.0
mrs-nsga2-apportion|aurus-nsga2-apportion,cross,ltl2dba-theta-2,11,12,1.0,1.0,1.0,1.0
mrs-nsga2-apportion|aurus-nsga2-apportion,cross,ltl2dba-theta-2,12,16,0.9375,1.0,1.0,1.0
mrs-nsga2-apportion|aurus-nsga2-apportion,ctrl_x,ltl2dba-theta-2,12,13,1.0,1.0,1.0,1.0
mrs-nsga2-apportion|aurus-nsga2-apportion,ctrl_y,ltl2dba-theta-2,12,16,1.0,1.0,0.9375,1.0
mrs-nsga2-apportion|aurus-nsga2-apportion,cross,ltl2dba-theta-2,13,13,1.0,1.0,1.0,1.0
mrs-nsga2-apportion|aurus-nsga2-apportion,cross,ltl2dba-theta-2,14,17,0.9412,0.9412,1.0,1.0
mrs-nsga2-apportion|aurus-nsga2-apportion,ctrl_x,ltl2dba-theta-2,14,18,0.9444,0.9444,0.8889,1.0
mrs-nsga2-apportion|aurus-nsga2-apportion,ctrl_y,ltl2dba-theta-2,14,17,0.8235,0.8824,1.0,1.0
mrs-nsga2-apportion|aurus-nsga2-apportion,cross,ltl2dba-theta-2,15,31,0.9677,0.9032,1.0,1.0
mrs-nsga2-apportion|aurus-nsga2-apportion,cross,ltl2dba-theta-2,16,21,1.0,1.0,1.0,1.0
mrs-nsga2-apportion|aurus-nsga2-apportion,ctrl_x,ltl2dba-theta-2,16,15,0.9333,0.9333,1.0,1.0
mrs-nsga2-apportion|aurus-nsga2-apportion,ctrl_y,ltl2dba-theta-2,16,21,0.9048,0.8095,0.9524,1.0
mrs-nsga2-apportion|aurus-nsga2-apportion,cross,ltl2dba-theta-2,17,15,1.0,1.0,0.8667,1.0
mrs-nsga2-apportion|aurus-nsga2-apportion,cross,ltl2dba-theta-2,18,14,1.0,0.9286,1.0,1.0
mrs-nsga2-apportion|aurus-nsga2-apportion,ctrl_x,ltl2dba-theta-2,18,11,1.0,0.8182,1.0,1.0
mrs-nsga2-apportion|aurus-nsga2-apportion,ctrl_y,ltl2dba-theta-2,18,10,1.0,1.0,1.0,1.0
mrs-nsga2-apportion|aurus-nsga2-apportion,cross,ltl2dba-theta-2,19,10,1.0,1.0,1.0,1.0
mrs-nsga2-apportion|aurus-nsga2-apportion,cross,ltl2dba-theta-2,20,23,0.8261,0.9565,0.8696,1.0
mrs-nsga2-apportion|aurus-nsga2-apportion,ctrl_x,ltl2dba-theta-2,20,10,0.8,1.0,1.0,1.0
mrs-nsga2-apportion|aurus-nsga2-apportion,ctrl_y,ltl2dba-theta-2,20,10,0.8,1.0,1.0,1.0
mrs-nsga2-apportion|aurus-nsga2-apportion,cross,ltl2dba-theta-2,21,10,1.0,1.0,1.0,1.0
mrs-nsga2-apportion|aurus-nsga2-apportion,cross,ltl2dba-theta-2,22,12,0.9167,1.0,1.0,1.0
mrs-nsga2-apportion|aurus-nsga2-apportion,ctrl_x,ltl2dba-theta-2,22,12,0.9167,0.9167,1.0,1.0
mrs-nsga2-apportion|aurus-nsga2-apportion,ctrl_y,ltl2dba-theta-2,22,12,0.9167,0.9167,1.0,1.0
mrs-nsga2-apportion|aurus-nsga2-apportion,cross,ltl2dba-theta-2,23,16,1.0,0.8125,1.0,0.9375
mrs-nsga2-apportion|aurus-nsga2-apportion,cross,ltl2dba-theta-2,24,19,1.0,0.9474,1.0,0.7895
mrs-nsga2-apportion|aurus-nsga2-apportion,ctrl_x,ltl2dba-theta-2,24,14,0.8571,1.0,1.0,1.0
mrs-nsga2-apportion|aurus-nsga2-apportion,ctrl_y,ltl2dba-theta-2,24,14,0.7857,1.0,1.0,1.0
mrs-nsga2-apportion|aurus-nsga2-apportion,cross,ltl2dba-theta-2,25,14,0.9286,0.9286,1.0,1.0
mrs-nsga2-apportion|aurus-nsga2-apportion,cross,ltl2dba-theta-2,26,13,1.0,1.0,1.0,1.0
mrs-nsga2-apportion|aurus-nsga2-apportion,ctrl_x,ltl2dba-theta-2,26,17,0.8235,0.7647,1.0,0.9412
mrs-nsga2-apportion|aurus-nsga2-apportion,ctrl_y,ltl2dba-theta-2,26,13,1.0,0.7692,1.0,1.0
mrs-nsga2-apportion|aurus-nsga2-apportion,cross,ltl2dba-theta-2,27,27,1.0,1.0,1.0,1.0
mrs-nsga2-apportion|aurus-nsga2-apportion,cross,ltl2dba-theta-2,28,19,0.9474,0.8421,1.0,1.0
mrs-nsga2-apportion|aurus-nsga2-apportion,ctrl_x,ltl2dba-theta-2,28,11,0.9091,1.0,1.0,1.0
mrs-nsga2-apportion|aurus-nsga2-apportion,ctrl_y,ltl2dba-theta-2,28,15,0.7333,1.0,0.9333,1.0
mrs-nsga2-apportion|aurus-nsga2-apportion,cross,ltl2dba-theta-2,29,11,1.0,0.8182,1.0,1.0
mrs-nsga2-apportion|mrs-weighted,cross,ltl2dba-theta-2,0,18,0.7222,0.7778,1.0,1.0
mrs-nsga2-apportion|mrs-weighted,ctrl_x,ltl2dba-theta-2,0,16,0.375,0.9375,0.9375,1.0
mrs-nsga2-apportion|mrs-weighted,ctrl_y,ltl2dba-theta-2,0,18,0.6111,0.8889,0.8889,1.0
mrs-nsga2-apportion|mrs-weighted,cross,ltl2dba-theta-2,1,16,0.9375,1.0,1.0,1.0
mrs-nsga2-apportion|mrs-weighted,cross,ltl2dba-theta-2,2,15,0.8667,1.0,0.9333,1.0
mrs-nsga2-apportion|mrs-weighted,ctrl_x,ltl2dba-theta-2,2,11,1.0,1.0,1.0,1.0
mrs-nsga2-apportion|mrs-weighted,ctrl_y,ltl2dba-theta-2,2,26,0.6923,0.9231,1.0,0.8462
mrs-nsga2-apportion|mrs-weighted,cross,ltl2dba-theta-2,3,11,1.0,1.0,1.0,1.0
mrs-nsga2-apportion|mrs-weighted,cross,ltl2dba-theta-2,4,7,1.0,1.0,1.0,1.0
mrs-nsga2-apportion|mrs-weighted,ctrl_x,ltl2dba-theta-2,4,7,1.0,1.0,1.0,1.0
mrs-nsga2-apportion|mrs-weighted,ctrl_y,ltl2dba-theta-2,4,23,0.8696,0.8261,1.0,0.6957
mrs-nsga2-apportion|mrs-weighted,cross,ltl2dba-theta-2,5,10,1.0,1.0,1.0,1.0
mrs-nsga2-apportion|mrs-weighted,cross,ltl2dba-theta-2,6,20,0.3,1.0,0.5,0.6
mrs-nsga2-apportion|mrs-weighted,ctrl_x,ltl2dba-theta-2,6,14,1.0,0.9286,0.8571,0.9286
mrs-nsga2-apportion|mrs-weighted,ctrl_y,ltl2dba-theta-2,6,20,1.0,1.0,1.0,0.85
mrs-nsga2-apportion|mrs-weighted,cross,ltl2dba-theta-2,7,14,0.9286,1.0,1.0,1.0
mrs-nsga2-apportion|mrs-weighted,cross,ltl2dba-theta-2,8,17,0.8824,1.0,1.0,0.9412
mrs-nsga2-apportion|mrs-weighted,ctrl_x,ltl2dba-theta-2,8,17,0.7059,1.0,1.0,1.0
mrs-nsga2-apportion|mrs-weighted,ctrl_y,ltl2dba-theta-2,8,26,0.9615,0.8462,0.9231,0.9615
mrs-nsga2-apportion|mrs-weighted,cross,ltl2dba-theta-2,9,18,0.8889,0.8333,1.0,1.0
mrs-nsga2-apportion|mrs-weighted,cross,ltl2dba-theta-2,10,16,1.0,1.0,0.9375,1.0
mrs-nsga2-apportion|mrs-weighted,ctrl_x,ltl2dba-theta-2,10,16,1.0,1.0,1.0,1.0
mrs-nsga2-apportion|mrs-weighted,ctrl_y,ltl2dba-theta-2,10,33,0.7576,0.6364,0.9697,0.9697
mrs-nsga2-apportion|mrs-weighted,cross,ltl2dba-theta-2,11,17,0.8235,1.0,1.0,1.0
mrs-nsga2-apportion|mrs-weighted,cross,ltl2dba-theta-2,12,19,0.9474,0.9474,1.0,0.9474
mrs-nsga2-apportion|mrs-weighted,ctrl_x,ltl2dba-theta-2,12,13,1.0,1.0,1.0,1.0
mrs-nsga2-apportion|mrs-weighted,ctrl_y,ltl2dba-theta-2,12,22,1.0,0.8182,0.9545,1.0
mrs-nsga2-apportion|mrs-weighted,cross,ltl2dba-theta-2,13,13,1.0,1.0,1.0,1.0
mrs-nsga2-apportion|mrs-weighted,cross,ltl2dba-theta-2,14,18,0.8889,1.0,0.3333,0.7778
mrs-nsga2-apportion|mrs-weighted,ctrl_x,ltl2dba-theta-2,14,18,0.8889,0.8889,0.8889,1.0
mrs-nsga2-apportion|mrs-weighted,ctrl_y,ltl2dba-theta-2,14,22,0.8636,0.9091,0.6364,0.5909
mrs-nsga2-apportion|mrs-weighted,cross,ltl2dba-theta-2,15,31,0.9032,0.7419,1.0,0.871
mrs-nsga2-apportion|mrs-weighted,cross,ltl2dba-theta-2,16,21,0.8095,0.8571,0.9048,1.0
mrs-nsga2-apportion|mrs-weighted,ctrl_x,ltl2dba-theta-2,16,15,0.9333,0.9333,1.0,1.0
mrs-nsga2-apportion|mrs-weighted,ctrl_y,ltl2dba-theta-2,16,29,0.7241,0.7931,0.9655,1.0
mrs-nsga2-apportion|mrs-weighted,cross,ltl2dba-theta-2,17,15,1.0,0.9333,0.9333,1.0
mrs-nsga2-apportion|mrs-weighted,cross,ltl2dba-theta-2,18,14,1.0,0.9286,0.7857,0.5
mrs-nsga2-apportion|mrs-weighted,ctrl_x,ltl2dba-theta-2,18,11,1.0,0.8182,1.0,1.0
mrs-nsga2-apportion|mrs-weighted,ctrl_y,ltl2dba-theta-2,18,27,0.8889,0.8889,1.0,1.0
mrs-nsga2-apportion|mrs-weighted,cross,ltl2dba-theta-2,19,11,0.8182,1.0,0.4545,1.0
mrs-nsga2-apportion|mrs-weighted,cross,ltl2dba-theta-2,20,32,0.5938,0.8125,0.9375,0.9688
mrs-nsga2-apportion|mrs-weighted,ctrl_x,ltl2dba-theta-2,20,10,0.7,1.0,1.0,1.0
mrs-nsga2-apportion|mrs-weighted,ctrl_y,ltl2dba-theta-2,20,33,0.6061,0.8788,0.8788,1.0
mrs-nsga2-apportion|mrs-weighted,cross,ltl2dba-theta-2,21,10,1.0,1.0,1.0,1.0
mrs-nsga2-apportion|mrs-weighted,cross,ltl2dba-theta-2,22,12,0.9167,1.0,1.0,1.0
mrs-nsga2-apportion|mrs-weighted,ctrl_x,ltl2dba-theta-2,22,12,0.8333,0.8333,1.0,1.0
mrs-nsga2-apportion|mrs-weighted,ctrl_y,ltl2dba-theta-2,22,26,0.8846,0.8846,1.0,1.0
mrs-nsga2-apportion|mrs-weighted,cross,ltl2dba-theta-2,23,19,0.6842,0.8421,0.9474,1.0
mrs-nsga2-apportion|mrs-weighted,cross,ltl2dba-theta-2,24,19,0.8947,0.8421,1.0,0.5789
mrs-nsga2-apportion|mrs-weighted,ctrl_x,ltl2dba-theta-2,24,14,0.8571,1.0,1.0,1.0
mrs-nsga2-apportion|mrs-weighted,ctrl_y,ltl2dba-theta-2,24,25,0.92,0.56,0.72,1.0
mrs-nsga2-apportion|mrs-weighted,cross,ltl2dba-theta-2,25,14,0.9286,1.0,1.0,1.0
mrs-nsga2-apportion|mrs-weighted,cross,ltl2dba-theta-2,26,17,0.9412,0.8824,1.0,1.0
mrs-nsga2-apportion|mrs-weighted,ctrl_x,ltl2dba-theta-2,26,17,0.8235,0.7647,1.0,0.8235
mrs-nsga2-apportion|mrs-weighted,ctrl_y,ltl2dba-theta-2,26,35,0.8,0.9714,0.8857,1.0
mrs-nsga2-apportion|mrs-weighted,cross,ltl2dba-theta-2,27,27,0.9259,1.0,0.4074,0.8889
mrs-nsga2-apportion|mrs-weighted,cross,ltl2dba-theta-2,28,19,0.8421,1.0,0.7895,1.0
mrs-nsga2-apportion|mrs-weighted,ctrl_x,ltl2dba-theta-2,28,11,0.9091,1.0,1.0,1.0
mrs-nsga2-apportion|mrs-weighted,ctrl_y,ltl2dba-theta-2,28,44,0.9318,0.8409,0.9545,0.4091
mrs-nsga2-apportion|mrs-weighted,cross,ltl2dba-theta-2,29,11,1.0,1.0,1.0,1.0
aurus-nsga2-apportion|aurus,cross,ltl2dba-theta-2,0,21,0.9048,0.7619,1.0,0.9524
aurus-nsga2-apportion|aurus,ctrl_x,ltl2dba-theta-2,0,14,0.7857,0.9286,1.0,1.0
aurus-nsga2-apportion|aurus,ctrl_y,ltl2dba-theta-2,0,28,0.8929,0.9286,1.0,0.8929
aurus-nsga2-apportion|aurus,cross,ltl2dba-theta-2,1,14,1.0,0.7143,1.0,0.7857
aurus-nsga2-apportion|aurus,cross,ltl2dba-theta-2,2,14,1.0,0.7857,1.0,1.0
aurus-nsga2-apportion|aurus,ctrl_x,ltl2dba-theta-2,2,12,1.0,1.0,1.0,1.0
aurus-nsga2-apportion|aurus,ctrl_y,ltl2dba-theta-2,2,37,0.6757,0.8108,0.6486,0.7297
aurus-nsga2-apportion|aurus,cross,ltl2dba-theta-2,3,12,1.0,0.3333,0.5,1.0
aurus-nsga2-apportion|aurus,cross,ltl2dba-theta-2,4,15,0.9333,0.9333,0.2667,1.0
aurus-nsga2-apportion|aurus,ctrl_x,ltl2dba-theta-2,4,9,1.0,1.0,1.0,1.0
aurus-nsga2-apportion|aurus,ctrl_y,ltl2dba-theta-2,4,32,0.9688,0.8438,0.9062,0.9375
aurus-nsga2-apportion|aurus,cross,ltl2dba-theta-2,5,9,1.0,0.7778,1.0,1.0
aurus-nsga2-apportion|aurus,cross,ltl2dba-theta-2,6,14,1.0,1.0,0.7857,1.0
aurus-nsga2-apportion|aurus,ctrl_x,ltl2dba-theta-2,6,9,0.8889,1.0,0.3333,1.0
aurus-nsga2-apportion|aurus,cross,ltl2dba-theta-2,8,9,1.0,1.0,1.0,1.0
aurus-nsga2-apportion|aurus,ctrl_x,ltl2dba-theta-2,8,9,1.0,0.8889,1.0,1.0
aurus-nsga2-apportion|aurus,ctrl_y,ltl2dba-theta-2,8,23,1.0,0.913,1.0,0.6957
aurus-nsga2-apportion|aurus,cross,ltl2dba-theta-2,9,18,1.0,0.4444,1.0,0.7778
aurus-nsga2-apportion|aurus,cross,ltl2dba-theta-2,10,22,0.9091,0.7273,1.0,0.8636
aurus-nsga2-apportion|aurus,ctrl_x,ltl2dba-theta-2,10,12,0.8333,1.0,1.0,1.0
aurus-nsga2-apportion|aurus,ctrl_y,ltl2dba-theta-2,10,35,0.7714,0.6571,0.7429,0.8
aurus-nsga2-apportion|aurus,cross,ltl2dba-theta-2,11,12,1.0,0.8333,0.9167,1.0
aurus-nsga2-apportion|aurus,cross,ltl2dba-theta-2,12,16,1.0,1.0,0.5,0.875
aurus-nsga2-apportion|aurus,ctrl_x,ltl2dba-theta-2,12,16,1.0,1.0,0.9375,1.0
aurus-nsga2-apportion|aurus,ctrl_y,ltl2dba-theta-2,12,21,0.8095,1.0,0.9524,0.9524
aurus-nsga2-apportion|aurus,cross,ltl2dba-theta-2,13,16,1.0,0.75,0.8125,0.875
aurus-nsga2-apportion|aurus,cross,ltl2dba-theta-2,14,17,0.7647,1.0,0.4706,1.0
aurus-nsga2-apportion|aurus,ctrl_x,ltl2dba-theta-2,14,17,0.8235,0.9412,0.9412,1.0
aurus-nsga2-apportion|aurus,ctrl_y,ltl2dba-theta-2,14,12,1.0,1.0,1.0,1.0
aurus-nsga2-apportion|aurus,cross,ltl2dba-theta-2,15,12,0.75,1.0,1.0,0.9167
aurus-nsga2-apportion|aurus,cross,ltl2dba-theta-2,16,21,0.7619,0.8571,0.8095,0.381
aurus-nsga2-apportion|aurus,ctrl_x,ltl2dba-theta-2,16,21,0.9048,0.8095,0.9524,1.0
aurus-nsga2-apportion|aurus,ctrl_y,ltl2dba-theta-2,16,18,1.0,1.0,1.0,1.0
aurus-nsga2-apportion|aurus,cross,ltl2dba-theta-2,17,18,0.9444,0.9444,0.9444,0.8889
aurus-nsga2-apportion|aurus,cross,ltl2dba-theta-2,18,18,1.0,0.8889,0.6667,1.0
aurus-nsga2-apportion|aurus,ctrl_x,ltl2dba-theta-2,18,10,0.9,1.0,1.0,1.0
aurus-nsga2-apportion|aurus,ctrl_y,ltl2dba-theta-2,18,26,0.9231,1.0,0.3846,0.2692
aurus-nsga2-apportion|aurus,cross,ltl2dba-theta-2,19,10,1.0,1.0,1.0,0.2
aurus-nsga2-apportion|aurus,cross,ltl2dba-theta-2,20,21,0.6667,0.8571,0.8571,0.8571
aurus-nsga2-apportion|aurus,ctrl_x,ltl2dba-theta-2,20,10,1.0,1.0,1.0,1.0
aurus-nsga2-apportion|aurus,ctrl_y,ltl2dba-theta-2,20,21,1.0,0.619,0.8571,0.7143
aurus-nsga2-apportion|aurus,cross,ltl2dba-theta-2,21,10,1.0,0.8,1.0,1.0
aurus-nsga2-apportion|aurus,cross,ltl2dba-theta-2,22,12,0.9167,0.75,1.0,1.0
aurus-nsga2-apportion|aurus,ctrl_x,ltl2dba-theta-2,22,12,1.0,1.0,1.0,1.0
aurus-nsga2-apportion|aurus,ctrl_y,ltl2dba-theta-2,22,22,0.9091,0.8636,1.0,0.7727
aurus-nsga2-apportion|aurus,cross,ltl2dba-theta-2,23,16,0.9375,0.9375,1.0,1.0
aurus-nsga2-apportion|aurus,cross,ltl2dba-theta-2,24,20,1.0,0.55,0.85,0.7
aurus-nsga2-apportion|aurus,ctrl_x,ltl2dba-theta-2,24,14,0.7857,1.0,1.0,1.0
aurus-nsga2-apportion|aurus,ctrl_y,ltl2dba-theta-2,24,24,0.625,1.0,0.9583,0.4583
aurus-nsga2-apportion|aurus,cross,ltl2dba-theta-2,25,14,1.0,0.7143,1.0,0.5
aurus-nsga2-apportion|aurus,cross,ltl2dba-theta-2,26,13,1.0,0.4615,1.0,0.6154
aurus-nsga2-apportion|aurus,ctrl_x,ltl2dba-theta-2,26,13,1.0,0.7692,1.0,1.0
aurus-nsga2-apportion|aurus,ctrl_y,ltl2dba-theta-2,26,39,0.8205,0.9487,1.0,0.9231
aurus-nsga2-apportion|aurus,cross,ltl2dba-theta-2,27,27,1.0,0.9259,1.0,0.8889
aurus-nsga2-apportion|aurus,cross,ltl2dba-theta-2,28,29,0.931,0.7241,1.0,1.0
aurus-nsga2-apportion|aurus,ctrl_x,ltl2dba-theta-2,28,15,0.8667,1.0,1.0,1.0
aurus-nsga2-apportion|aurus,ctrl_y,ltl2dba-theta-2,28,23,1.0,0.913,1.0,0.8261
aurus-nsga2-apportion|aurus,cross,ltl2dba-theta-2,29,15,1.0,0.2,1.0,0.3333
mrs-nsga2-apportion|aurus,cross,ltl2dba27,0,16,1.0,1.0,1.0,1.0
mrs-nsga2-apportion|aurus,ctrl_x,ltl2dba27,0,16,1.0,0.9375,1.0,1.0
mrs-nsga2-apportion|aurus,ctrl_y,ltl2dba27,0,20,1.0,1.0,1.0,1.0
mrs-nsga2-apportion|aurus,cross,ltl2dba27,1,26,0.9231,0.9231,0.8462,0.8462
mrs-nsga2-apportion|aurus,cross,ltl2dba27,2,11,1.0,1.0,1.0,1.0
mrs-nsga2-apportion|aurus,ctrl_x,ltl2dba27,2,11,1.0,1.0,1.0,1.0
mrs-nsga2-apportion|aurus,ctrl_y,ltl2dba27,2,27,0.8519,0.963,0.9259,1.0
mrs-nsga2-apportion|aurus,cross,ltl2dba27,3,15,1.0,0.9333,1.0,1.0
mrs-nsga2-apportion|aurus,cross,ltl2dba27,4,17,0.7647,1.0,0.9412,1.0
mrs-nsga2-apportion|aurus,ctrl_x,ltl2dba27,4,10,0.9,1.0,1.0,1.0
mrs-nsga2-apportion|aurus,ctrl_y,ltl2dba27,4,25,1.0,0.8,1.0,1.0
mrs-nsga2-apportion|aurus,cross,ltl2dba27,5,10,1.0,1.0,1.0,1.0
mrs-nsga2-apportion|aurus,cross,ltl2dba27,6,22,0.7273,1.0,1.0,1.0
mrs-nsga2-apportion|aurus,ctrl_x,ltl2dba27,6,18,0.6667,1.0,0.8889,1.0
mrs-nsga2-apportion|aurus,ctrl_y,ltl2dba27,6,23,0.9565,0.7826,1.0,0.9565
mrs-nsga2-apportion|aurus,cross,ltl2dba27,7,18,1.0,0.8889,1.0,1.0
mrs-nsga2-apportion|aurus,cross,ltl2dba27,8,10,1.0,1.0,1.0,1.0
mrs-nsga2-apportion|aurus,ctrl_x,ltl2dba27,8,10,1.0,1.0,1.0,1.0
mrs-nsga2-apportion|aurus,ctrl_y,ltl2dba27,8,15,1.0,1.0,1.0,1.0
mrs-nsga2-apportion|aurus,cross,ltl2dba27,9,15,0.9333,0.9333,1.0,1.0
mrs-nsga2-apportion|aurus,cross,ltl2dba27,10,26,0.9615,0.9231,0.9615,0.9231
mrs-nsga2-apportion|aurus,ctrl_x,ltl2dba27,10,14,1.0,1.0,1.0,1.0
mrs-nsga2-apportion|aurus,ctrl_y,ltl2dba27,10,22,0.8636,0.8636,1.0,0.9545
mrs-nsga2-apportion|aurus,cross,ltl2dba27,11,14,1.0,0.8571,1.0,1.0
mrs-nsga2-apportion|aurus,cross,ltl2dba27,12,10,1.0,1.0,1.0,1.0
mrs-nsga2-apportion|aurus,ctrl_x,ltl2dba27,12,10,1.0,1.0,1.0,1.0
mrs-nsga2-apportion|aurus,ctrl_y,ltl2dba27,12,25,1.0,1.0,1.0,0.88
mrs-nsga2-apportion|aurus,cross,ltl2dba27,13,11,1.0,0.9091,1.0,0.9091
mrs-nsga2-apportion|aurus,cross,ltl2dba27,14,14,0.9286,1.0,1.0,1.0
mrs-nsga2-apportion|aurus,ctrl_x,ltl2dba27,14,16,1.0,1.0,0.8125,1.0
mrs-nsga2-apportion|aurus,ctrl_y,ltl2dba27,14,14,1.0,1.0,1.0,1.0
mrs-nsga2-apportion|aurus,cross,ltl2dba27,15,16,0.9375,0.9375,0.6875,0.875
mrs-nsga2-apportion|aurus,cross,ltl2dba27,16,16,0.9375,0.9375,0.5,1.0
mrs-nsga2-apportion|aurus,ctrl_x,ltl2dba27,16,10,0.8,1.0,1.0,1.0
mrs-nsga2-apportion|aurus,ctrl_y,ltl2dba27,16,28,0.9643,1.0,1.0,1.0
mrs-nsga2-apportion|aurus,cross,ltl2dba27,17,10,1.0,1.0,1.0,1.0
mrs-nsga2-apportion|aurus,cross,ltl2dba27,18,10,0.8,1.0,1.0,1.0
mrs-nsga2-apportion|aurus,ctrl_x,ltl2dba27,18,15,0.8,1.0,1.0,0.9333
mrs-nsga2-apportion|aurus,cross,ltl2dba27,20,14,1.0,0.8571,0.9286,1.0
mrs-nsga2-apportion|aurus,ctrl_x,ltl2dba27,20,15,1.0,0.8667,0.9333,1.0
mrs-nsga2-apportion|aurus,ctrl_y,ltl2dba27,20,14,1.0,1.0,1.0,1.0
mrs-nsga2-apportion|aurus,cross,ltl2dba27,21,25,1.0,0.76,0.96,0.52
mrs-nsga2-apportion|aurus,cross,ltl2dba27,22,7,1.0,0.8571,1.0,1.0
mrs-nsga2-apportion|aurus,ctrl_x,ltl2dba27,22,7,1.0,1.0,1.0,1.0
mrs-nsga2-apportion|aurus,ctrl_y,ltl2dba27,22,25,0.96,0.84,1.0,0.96
mrs-nsga2-apportion|aurus,cross,ltl2dba27,23,12,1.0,0.75,1.0,0.9167
mrs-nsga2-apportion|aurus,cross,ltl2dba27,24,15,1.0,0.9333,1.0,1.0
mrs-nsga2-apportion|aurus,ctrl_x,ltl2dba27,24,15,1.0,0.9333,1.0,1.0
mrs-nsga2-apportion|aurus,ctrl_y,ltl2dba27,24,15,0.8667,0.9333,1.0,1.0
mrs-nsga2-apportion|aurus,cross,ltl2dba27,25,15,1.0,1.0,1.0,1.0
mrs-nsga2-apportion|aurus,cross,ltl2dba27,26,19,1.0,1.0,1.0,1.0
mrs-nsga2-apportion|aurus,ctrl_x,ltl2dba27,26,19,0.8947,0.9474,1.0,0.8421
mrs-nsga2-apportion|aurus,ctrl_y,ltl2dba27,26,22,1.0,0.9545,1.0,1.0
mrs-nsga2-apportion|aurus,cross,ltl2dba27,27,26,1.0,0.7692,0.8077,0.8846
mrs-nsga2-apportion|aurus,cross,ltl2dba27,28,18,1.0,1.0,1.0,1.0
mrs-nsga2-apportion|aurus,ctrl_x,ltl2dba27,28,19,1.0,0.9474,1.0,0.8947
mrs-nsga2-apportion|aurus-nsga2-apportion,cross,ltl2dba27,0,16,1.0,1.0,1.0,1.0
mrs-nsga2-apportion|aurus-nsga2-apportion,ctrl_x,ltl2dba27,0,16,1.0,0.9375,1.0,1.0
mrs-nsga2-apportion|aurus-nsga2-apportion,ctrl_y,ltl2dba27,0,15,1.0,0.9333,1.0,1.0
mrs-nsga2-apportion|aurus-nsga2-apportion,cross,ltl2dba27,1,15,1.0,1.0,1.0,1.0
mrs-nsga2-apportion|aurus-nsga2-apportion,cross,ltl2dba27,2,11,1.0,1.0,1.0,1.0
mrs-nsga2-apportion|aurus-nsga2-apportion,ctrl_x,ltl2dba27,2,11,1.0,1.0,1.0,1.0
mrs-nsga2-apportion|aurus-nsga2-apportion,ctrl_y,ltl2dba27,2,10,0.9,1.0,1.0,1.0
mrs-nsga2-apportion|aurus-nsga2-apportion,cross,ltl2dba27,3,10,1.0,1.0,1.0,1.0
mrs-nsga2-apportion|aurus-nsga2-apportion,cross,ltl2dba27,4,17,1.0,0.8235,1.0,1.0
mrs-nsga2-apportion|aurus-nsga2-apportion,ctrl_x,ltl2dba27,4,10,0.9,1.0,1.0,1.0
mrs-nsga2-apportion|aurus-nsga2-apportion,ctrl_y,ltl2dba27,4,15,0.9333,1.0,0.9333,1.0
mrs-nsga2-apportion|aurus-nsga2-apportion,cross,ltl2dba27,5,10,1.0,1.0,1.0,1.0
mrs-nsga2-apportion|aurus-nsga2-apportion,cross,ltl2dba27,6,16,1.0,1.0,1.0,1.0
mrs-nsga2-apportion|aurus-nsga2-apportion,ctrl_x,ltl2dba27,6,18,0.7222,1.0,0.9444,1.0
mrs-nsga2-apportion|aurus-nsga2-apportion,ctrl_y,ltl2dba27,6,16,0.75,1.0,0.875,1.0
mrs-nsga2-apportion|aurus-nsga2-apportion,cross,ltl2dba27,7,18,1.0,0.9444,1.0,1.0
mrs-nsga2-apportion|aurus-nsga2-apportion,cross,ltl2dba27,8,10,1.0,0.9,1.0,0.9
mrs-nsga2-apportion|aurus-nsga2-apportion,ctrl_x,ltl2dba27,8,10,1.0,1.0,1.0,1.0
mrs-nsga2-apportion|aurus-nsga2-apportion,ctrl_y,ltl2dba27,8,18,0.8333,0.9444,1.0,0.9444
mrs-nsga2-apportion|aurus-nsga2-apportion,cross,ltl2dba27,9,16,1.0,1.0,1.0,1.0
mrs-nsga2-apportion|aurus-nsga2-apportion,cross,ltl2dba27,10,8,0.5,1.0,1.0,1.0
mrs-nsga2-apportion|aurus-nsga2-apportion,ctrl_x,ltl2dba27,10,14,1.0,1.0,1.0,1.0
mrs-nsga2-apportion|aurus-nsga2-apportion,ctrl_y,ltl2dba27,10,8,1.0,1.0,1.0,1.0
mrs-nsga2-apportion|aurus-nsga2-apportion,cross,ltl2dba27,11,13,1.0,1.0,1.0,1.0
mrs-nsga2-apportion|aurus-nsga2-apportion,cross,ltl2dba27,12,9,1.0,1.0,1.0,1.0
mrs-nsga2-apportion|aurus-nsga2-apportion,ctrl_x,ltl2dba27,12,10,1.0,1.0,1.0,1.0
mrs-nsga2-apportion|aurus-nsga2-apportion,ctrl_y,ltl2dba27,12,9,1.0,1.0,1.0,1.0
mrs-nsga2-apportion|aurus-nsga2-apportion,cross,ltl2dba27,13,11,1.0,1.0,1.0,1.0
mrs-nsga2-apportion|aurus-nsga2-apportion,cross,ltl2dba27,14,9,1.0,1.0,0.8889,1.0
mrs-nsga2-apportion|aurus-nsga2-apportion,ctrl_x,ltl2dba27,14,16,1.0,1.0,0.8125,0.75
mrs-nsga2-apportion|aurus-nsga2-apportion,ctrl_y,ltl2dba27,14,9,1.0,0.8889,1.0,1.0
mrs-nsga2-apportion|aurus-nsga2-apportion,cross,ltl2dba27,15,15,1.0,1.0,1.0,1.0
mrs-nsga2-apportion|aurus-nsga2-apportion,cross,ltl2dba27,16,15,0.9333,0.9333,1.0,1.0
mrs-nsga2-apportion|aurus-nsga2-apportion,ctrl_x,ltl2dba27,16,10,0.9,1.0,1.0,1.0
mrs-nsga2-apportion|aurus-nsga2-apportion,ctrl_y,ltl2dba27,16,11,1.0,1.0,0.9091,1.0
mrs-nsga2-apportion|aurus-nsga2-apportion,cross,ltl2dba27,17,10,1.0,1.0,1.0,1.0
mrs-nsga2-apportion|aurus-nsga2-apportion,cross,ltl2dba27,18,15,0.7333,1.0,1.0,1.0
mrs-nsga2-apportion|aurus-nsga2-apportion,ctrl_x,ltl2dba27,18,15,0.9333,1.0,0.7333,0.9333
mrs-nsga2-apportion|aurus-nsga2-apportion,ctrl_y,ltl2dba27,18,17,0.8824,1.0,1.0,1.0
mrs-nsga2-apportion|aurus-nsga2-apportion,cross,ltl2dba27,19,18,1.0,0.9444,1.0,1.0
mrs-nsga2-apportion|aurus-nsga2-apportion,cross,ltl2dba27,20,13,1.0,1.0,1.0,1.0
mrs-nsga2-apportion|aurus-nsga2-apportion,ctrl_x,ltl2dba27,20,15,1.0,1.0,0.9333,1.0
mrs-nsga2-apportion|aurus-nsga2-apportion,ctrl_y,ltl2dba27,20,13,0.9231,1.0,1.0,1.0
mrs-nsga2-apportion|aurus-nsga2-apportion,cross,ltl2dba27,21,15,1.0,1.0,1.0,1.0
mrs-nsga2-apportion|aurus-nsga2-apportion,ctrl_x,ltl2dba27,22,7,1.0,0.7143,1.0,1.0
mrs-nsga2-apportion|aurus-nsga2-apportion,cross,ltl2dba27,23,12,1.0,0.75,1.0,1.0
mrs-nsga2-apportion|aurus-nsga2-apportion,cross,ltl2dba27,24,15,1.0,0.8667,1.0,1.0
mrs-nsga2-apportion|aurus-nsga2-apportion,ctrl_x,ltl2dba27,24,15,1.0,0.9333,1.0,1.0
mrs-nsga2-apportion|aurus-nsga2-apportion,ctrl_y,ltl2dba27,24,14,1.0,1.0,1.0,1.0
mrs-nsga2-apportion|aurus-nsga2-apportion,cross,ltl2dba27,25,14,1.0,1.0,1.0,1.0
mrs-nsga2-apportion|aurus-nsga2-apportion,cross,ltl2dba27,26,19,0.8947,0.7368,1.0,0.8947
mrs-nsga2-apportion|aurus-nsga2-apportion,ctrl_x,ltl2dba27,26,19,0.8947,0.9474,1.0,0.8421
mrs-nsga2-apportion|aurus-nsga2-apportion,ctrl_y,ltl2dba27,26,18,0.8889,0.9444,0.8333,1.0
mrs-nsga2-apportion|aurus-nsga2-apportion,cross,ltl2dba27,27,18,1.0,0.8889,1.0,1.0
mrs-nsga2-apportion|aurus-nsga2-apportion,cross,ltl2dba27,28,18,0.9444,0.8889,1.0,1.0
mrs-nsga2-apportion|aurus-nsga2-apportion,ctrl_x,ltl2dba27,28,19,1.0,0.9474,1.0,0.8947
mrs-nsga2-apportion|aurus-nsga2-apportion,ctrl_y,ltl2dba27,28,15,1.0,1.0,0.9333,1.0
mrs-nsga2-apportion|aurus-nsga2-apportion,cross,ltl2dba27,29,15,0.9333,1.0,1.0,1.0
mrs-nsga2-apportion|mrs-weighted,cross,ltl2dba27,0,8,1.0,1.0,1.0,1.0
mrs-nsga2-apportion|mrs-weighted,ctrl_x,ltl2dba27,0,16,1.0,1.0,0.9375,1.0
mrs-nsga2-apportion|mrs-weighted,ctrl_y,ltl2dba27,0,6,1.0,1.0,1.0,1.0
mrs-nsga2-apportion|mrs-weighted,cross,ltl2dba27,1,6,1.0,1.0,1.0,1.0
mrs-nsga2-apportion|mrs-weighted,cross,ltl2dba27,2,11,1.0,1.0,1.0,1.0
mrs-nsga2-apportion|mrs-weighted,ctrl_x,ltl2dba27,2,11,1.0,0.9091,1.0,1.0
mrs-nsga2-apportion|mrs-weighted,ctrl_y,ltl2dba27,2,7,1.0,1.0,1.0,1.0
mrs-nsga2-apportion|mrs-weighted,cross,ltl2dba27,3,7,0.8571,1.0,1.0,1.0
mrs-nsga2-apportion|mrs-weighted,cross,ltl2dba27,4,6,0.3333,1.0,1.0,1.0
mrs-nsga2-apportion|mrs-weighted,ctrl_x,ltl2dba27,4,10,0.9,1.0,1.0,1.0
mrs-nsga2-apportion|mrs-weighted,ctrl_y,ltl2dba27,4,6,1.0,1.0,1.0,1.0
mrs-nsga2-apportion|mrs-weighted,cross,ltl2dba27,5,10,1.0,1.0,1.0,1.0
mrs-nsga2-apportion|mrs-weighted,cross,ltl2dba27,6,11,0.7273,1.0,1.0,1.0
mrs-nsga2-apportion|mrs-weighted,ctrl_x,ltl2dba27,6,18,0.7778,1.0,1.0,1.0
mrs-nsga2-apportion|mrs-weighted,ctrl_y,ltl2dba27,6,11,1.0,1.0,1.0,1.0
mrs-nsga2-apportion|mrs-weighted,cross,ltl2dba27,7,18,0.9444,1.0,1.0,1.0
mrs-nsga2-apportion|mrs-weighted,cross,ltl2dba27,8,10,1.0,1.0,1.0,1.0
mrs-nsga2-apportion|mrs-weighted,ctrl_x,ltl2dba27,8,10,1.0,1.0,1.0,1.0
mrs-nsga2-apportion|mrs-weighted,ctrl_y,ltl2dba27,8,12,1.0,1.0,1.0,0.8333
mrs-nsga2-apportion|mrs-weighted,cross,ltl2dba27,9,12,0.9167,1.0,1.0,1.0
mrs-nsga2-apportion|mrs-weighted,cross,ltl2dba27,10,7,0.5714,1.0,1.0,1.0
mrs-nsga2-apportion|mrs-weighted,ctrl_x,ltl2dba27,10,14,0.9286,1.0,1.0,0.9286
mrs-nsga2-apportion|mrs-weighted,ctrl_y,ltl2dba27,10,7,1.0,0.8571,1.0,1.0
mrs-nsga2-apportion|mrs-weighted,cross,ltl2dba27,11,11,0.9091,1.0,1.0,1.0
mrs-nsga2-apportion|mrs-weighted,cross,ltl2dba27,12,8,0.75,1.0,1.0,1.0
mrs-nsga2-apportion|mrs-weighted,ctrl_x,ltl2dba27,12,10,1.0,1.0,1.0,1.0
mrs-nsga2-apportion|mrs-weighted,ctrl_y,ltl2dba27,12,8,1.0,1.0,1.0,1.0
mrs-nsga2-apportion|mrs-weighted,cross,ltl2dba27,13,11,0.8182,1.0,1.0,1.0
mrs-nsga2-apportion|mrs-weighted,cross,ltl2dba27,14,11,0.9091,1.0,0.9091,1.0
mrs-nsga2-apportion|mrs-weighted,ctrl_x,ltl2dba27,14,16,1.0,1.0,0.8125,0.75
mrs-nsga2-apportion|mrs-weighted,ctrl_y,ltl2dba27,14,11,1.0,0.8182,1.0,1.0
mrs-nsga2-apportion|mrs-weighted,cross,ltl2dba27,15,16,0.875,1.0,1.0,1.0
mrs-nsga2-apportion|mrs-weighted,cross,ltl2dba27,16,11,1.0,1.0,1.0,1.0
mrs-nsga2-apportion|mrs-weighted,ctrl_x,ltl2dba27,16,10,1.0,1.0,1.0,1.0
mrs-nsga2-apportion|mrs-weighted,ctrl_y,ltl2dba27,16,11,1.0,1.0,0.8182,0.9091
mrs-nsga2-apportion|mrs-weighted,cross,ltl2dba27,17,10,1.0,1.0,0.9,1.0
mrs-nsga2-apportion|mrs-weighted,cross,ltl2dba27,18,11,0.6364,1.0,1.0,1.0
mrs-nsga2-apportion|mrs-weighted,ctrl_x,ltl2dba27,18,15,0.8,1.0,1.0,0.9333
mrs-nsga2-apportion|mrs-weighted,ctrl_y,ltl2dba27,18,8,1.0,1.0,1.0,1.0
mrs-nsga2-apportion|mrs-weighted,cross,ltl2dba27,19,8,0.75,1.0,1.0,1.0
mrs-nsga2-apportion|mrs-weighted,cross,ltl2dba27,20,9,1.0,1.0,1.0,1.0
mrs-nsga2-apportion|mrs-weighted,ctrl_x,ltl2dba27,20,15,0.9333,1.0,0.9333,1.0
mrs-nsga2-apportion|mrs-weighted,ctrl_y,ltl2dba27,20,9,1.0,1.0,1.0,1.0
mrs-nsga2-apportion|mrs-weighted,cross,ltl2dba27,21,14,0.7143,1.0,0.8571,1.0
mrs-nsga2-apportion|mrs-weighted,cross,ltl2dba27,22,7,1.0,1.0,1.0,1.0
mrs-nsga2-apportion|mrs-weighted,ctrl_x,ltl2dba27,22,7,1.0,1.0,1.0,1.0
mrs-nsga2-apportion|mrs-weighted,ctrl_y,ltl2dba27,22,13,1.0,1.0,1.0,1.0
mrs-nsga2-apportion|mrs-weighted,cross,ltl2dba27,23,12,1.0,0.8333,1.0,1.0
mrs-nsga2-apportion|mrs-weighted,cross,ltl2dba27,24,11,1.0,1.0,1.0,1.0
mrs-nsga2-apportion|mrs-weighted,ctrl_x,ltl2dba27,24,15,1.0,0.9333,1.0,1.0
mrs-nsga2-apportion|mrs-weighted,ctrl_y,ltl2dba27,24,11,1.0,1.0,1.0,1.0
mrs-nsga2-apportion|mrs-weighted,cross,ltl2dba27,25,15,0.8667,1.0,1.0,1.0
mrs-nsga2-apportion|mrs-weighted,cross,ltl2dba27,26,8,0.875,1.0,1.0,1.0
mrs-nsga2-apportion|mrs-weighted,ctrl_x,ltl2dba27,26,19,0.8947,0.9474,1.0,0.9474
mrs-nsga2-apportion|mrs-weighted,ctrl_y,ltl2dba27,26,8,1.0,1.0,1.0,1.0
mrs-nsga2-apportion|mrs-weighted,cross,ltl2dba27,27,14,0.7857,1.0,0.9286,1.0
mrs-nsga2-apportion|mrs-weighted,cross,ltl2dba27,28,11,0.8182,1.0,1.0,1.0
mrs-nsga2-apportion|mrs-weighted,ctrl_x,ltl2dba27,28,19,1.0,0.9474,1.0,0.8947
mrs-nsga2-apportion|mrs-weighted,ctrl_y,ltl2dba27,28,11,1.0,1.0,1.0,1.0
mrs-nsga2-apportion|mrs-weighted,cross,ltl2dba27,29,13,0.9231,1.0,1.0,1.0
aurus-nsga2-apportion|aurus,cross,ltl2dba27,0,16,1.0,0.9375,1.0,0.9375
aurus-nsga2-apportion|aurus,ctrl_x,ltl2dba27,0,15,1.0,0.9333,1.0,1.0
aurus-nsga2-apportion|aurus,ctrl_y,ltl2dba27,0,20,1.0,1.0,1.0,1.0
aurus-nsga2-apportion|aurus,cross,ltl2dba27,1,15,0.9333,1.0,1.0,0.9333
aurus-nsga2-apportion|aurus,cross,ltl2dba27,2,12,1.0,1.0,1.0,1.0
aurus-nsga2-apportion|aurus,ctrl_x,ltl2dba27,2,10,1.0,1.0,1.0,1.0
aurus-nsga2-apportion|aurus,ctrl_y,ltl2dba27,2,27,0.8519,0.963,0.9259,1.0
aurus-nsga2-apportion|aurus,cross,ltl2dba27,3,10,1.0,0.9,1.0,1.0
aurus-nsga2-apportion|aurus,cross,ltl2dba27,4,17,0.8235,1.0,0.9412,1.0
aurus-nsga2-apportion|aurus,ctrl_x,ltl2dba27,4,15,0.9333,1.0,0.9333,1.0
aurus-nsga2-apportion|aurus,ctrl_y,ltl2dba27,4,25,1.0,0.8,1.0,1.0
aurus-nsga2-apportion|aurus,cross,ltl2dba27,5,15,1.0,1.0,1.0,1.0
aurus-nsga2-apportion|aurus,cross,ltl2dba27,6,16,0.875,1.0,1.0,1.0
aurus-nsga2-apportion|aurus,ctrl_x,ltl2dba27,6,16,0.8125,1.0,0.8125,1.0
aurus-nsga2-apportion|aurus,ctrl_y,ltl2dba27,6,23,0.9565,0.7826,1.0,0.9565
aurus-nsga2-apportion|aurus,cross,ltl2dba27,7,21,1.0,1.0,1.0,1.0
aurus-nsga2-apportion|aurus,cross,ltl2dba27,8,19,0.8947,0.8947,1.0,1.0
aurus-nsga2-apportion|aurus,ctrl_x,ltl2dba27,8,18,0.8889,0.9444,1.0,0.9444
aurus-nsga2-apportion|aurus,ctrl_y,ltl2dba27,8,15,1.0,1.0,1.0,1.0
aurus-nsga2-apportion|aurus,cross,ltl2dba27,9,15,1.0,0.9333,1.0,1.0
aurus-nsga2-apportion|aurus,cross,ltl2dba27,10,8,1.0,1.0,1.0,1.0
aurus-nsga2-apportion|aurus,ctrl_x,ltl2dba27,10,8,1.0,0.875,1.0,1.0
aurus-nsga2-apportion|aurus,ctrl_y,ltl2dba27,10,22,0.9091,0.9091,1.0,1.0
aurus-nsga2-apportion|aurus,cross,ltl2dba27,11,13,1.0,0.9231,1.0,1.0
aurus-nsga2-apportion|aurus,cross,ltl2dba27,12,9,1.0,1.0,1.0,0.5556
aurus-nsga2-apportion|aurus,ctrl_x,ltl2dba27,12,9,1.0,1.0,1.0,1.0
aurus-nsga2-apportion|aurus,ctrl_y,ltl2dba27,12,25,1.0,1.0,0.96,0.68
aurus-nsga2-apportion|aurus,cross,ltl2dba27,13,13,1.0,0.7692,0.9231,0.9231
aurus-nsga2-apportion|aurus,cross,ltl2dba27,14,9,1.0,1.0,1.0,1.0
aurus-nsga2-apportion|aurus,ctrl_x,ltl2dba27,14,9,1.0,1.0,1.0,1.0
aurus-nsga2-apportion|aurus,ctrl_y,ltl2dba27,14,14,1.0,1.0,1.0,1.0
aurus-nsga2-apportion|aurus,cross,ltl2dba27,15,15,1.0,1.0,0.8,1.0
aurus-nsga2-apportion|aurus,cross,ltl2dba27,16,15,0.8667,0.9333,0.6667,1.0
aurus-nsga2-apportion|aurus,ctrl_x,ltl2dba27,16,11,1.0,1.0,1.0,1.0
aurus-nsga2-apportion|aurus,ctrl_y,ltl2dba27,16,28,0.9643,1.0,1.0,1.0
aurus-nsga2-apportion|aurus,cross,ltl2dba27,17,11,1.0,1.0,1.0,1.0
aurus-nsga2-apportion|aurus,cross,ltl2dba27,18,10,0.6,1.0,0.8,1.0
aurus-nsga2-apportion|aurus,ctrl_x,ltl2dba27,18,17,0.9412,1.0,1.0,1.0
aurus-nsga2-apportion|aurus,cross,ltl2dba27,20,13,0.9231,0.9231,1.0,1.0
aurus-nsga2-apportion|aurus,ctrl_x,ltl2dba27,20,13,0.9231,1.0,1.0,1.0
aurus-nsga2-apportion|aurus,ctrl_y,ltl2dba27,20,14,1.0,1.0,1.0,1.0
aurus-nsga2-apportion|aurus,cross,ltl2dba27,21,15,1.0,0.9333,1.0,1.0
aurus-nsga2-apportion|aurus,ctrl_y,ltl2dba27,22,25,1.0,0.92,1.0,0.96
aurus-nsga2-apportion|aurus,cross,ltl2dba27,23,18,0.9444,0.8889,0.9444,1.0
aurus-nsga2-apportion|aurus,cross,ltl2dba27,24,18,0.9444,0.9444,0.6111,1.0
aurus-nsga2-apportion|aurus,ctrl_x,ltl2dba27,24,14,1.0,1.0,1.0,1.0
aurus-nsga2-apportion|aurus,ctrl_y,ltl2dba27,24,15,0.9333,0.9333,1.0,1.0
aurus-nsga2-apportion|aurus,cross,ltl2dba27,25,14,1.0,1.0,1.0,1.0
aurus-nsga2-apportion|aurus,cross,ltl2dba27,26,22,0.9091,0.9091,1.0,0.9545
aurus-nsga2-apportion|aurus,ctrl_x,ltl2dba27,26,18,0.5556,0.9444,0.7778,1.0
aurus-nsga2-apportion|aurus,ctrl_y,ltl2dba27,26,22,1.0,0.9091,1.0,1.0
aurus-nsga2-apportion|aurus,cross,ltl2dba27,27,18,1.0,0.9444,1.0,0.8889
aurus-nsga2-apportion|aurus,cross,ltl2dba27,28,18,1.0,0.9444,1.0,1.0
aurus-nsga2-apportion|aurus,ctrl_x,ltl2dba27,28,15,0.9333,1.0,0.9333,1.0
mrs-nsga2-apportion|aurus,cross,minepump,0,32,0.9688,0.875,0.8438,0.5312
mrs-nsga2-apportion|aurus,ctrl_x,minepump,0,28,0.9286,0.9286,0.9643,1.0
mrs-nsga2-apportion|aurus,ctrl_y,minepump,0,32,0.9375,0.7812,1.0,0.9688
mrs-nsga2-apportion|aurus,cross,minepump,1,28,1.0,0.8929,0.7143,0.6786
mrs-nsga2-apportion|aurus,cross,minepump,2,26,0.9615,0.8462,1.0,0.5
mrs-nsga2-apportion|aurus,ctrl_x,minepump,2,30,0.9667,0.9333,0.9667,0.8333
mrs-nsga2-apportion|aurus,ctrl_y,minepump,2,22,0.9545,1.0,0.8636,1.0
mrs-nsga2-apportion|aurus,cross,minepump,3,22,0.9545,0.9545,0.7727,0.9545
mrs-nsga2-apportion|aurus,cross,minepump,4,23,0.9565,0.9565,0.6957,0.6957
mrs-nsga2-apportion|aurus,ctrl_x,minepump,4,35,0.9429,0.9429,1.0,1.0
mrs-nsga2-apportion|aurus,ctrl_y,minepump,4,22,1.0,0.9091,1.0,1.0
mrs-nsga2-apportion|aurus,cross,minepump,5,22,0.9545,0.8636,0.9545,0.5455
mrs-nsga2-apportion|aurus,cross,minepump,6,26,0.9231,0.9231,0.8077,0.5385
mrs-nsga2-apportion|aurus,ctrl_x,minepump,6,33,0.8788,0.9091,0.9697,0.8788
mrs-nsga2-apportion|aurus,ctrl_y,minepump,6,12,1.0,1.0,1.0,1.0
mrs-nsga2-apportion|aurus,cross,minepump,7,12,0.8333,1.0,1.0,0.9167
mrs-nsga2-apportion|aurus,cross,minepump,8,13,0.9231,1.0,1.0,1.0
mrs-nsga2-apportion|aurus,ctrl_x,minepump,8,32,1.0,0.9688,1.0,0.9062
mrs-nsga2-apportion|aurus,ctrl_y,minepump,8,13,1.0,0.9231,1.0,0.9231
mrs-nsga2-apportion|aurus,cross,minepump,9,29,0.9655,0.8966,1.0,0.8966
mrs-nsga2-apportion|aurus,cross,minepump,10,18,1.0,1.0,0.8889,0.7778
mrs-nsga2-apportion|aurus,ctrl_x,minepump,10,30,1.0,0.8667,0.8333,0.8667
mrs-nsga2-apportion|aurus,ctrl_y,minepump,10,18,1.0,0.8333,0.9444,1.0
mrs-nsga2-apportion|aurus,cross,minepump,11,34,0.9706,0.8529,0.6176,0.3824
mrs-nsga2-apportion|aurus,cross,minepump,12,37,0.9459,0.7297,0.8378,0.8649
mrs-nsga2-apportion|aurus,ctrl_x,minepump,12,37,0.973,0.7838,0.8649,0.7838
mrs-nsga2-apportion|aurus,ctrl_y,minepump,12,35,0.8857,1.0,0.9714,0.9714
mrs-nsga2-apportion|aurus,cross,minepump,13,35,0.8571,0.7429,0.7429,0.8571
mrs-nsga2-apportion|aurus,cross,minepump,14,34,0.9118,0.7059,1.0,0.9118
mrs-nsga2-apportion|aurus,ctrl_x,minepump,14,32,0.9688,0.9375,0.9062,0.875
mrs-nsga2-apportion|aurus,ctrl_y,minepump,14,26,0.9615,0.7692,1.0,0.9231
mrs-nsga2-apportion|aurus,cross,minepump,15,26,0.8846,0.8846,0.8846,0.5769
mrs-nsga2-apportion|aurus,cross,minepump,16,35,0.9143,0.9143,0.6857,0.5429
mrs-nsga2-apportion|aurus,ctrl_x,minepump,16,35,0.9714,0.8857,0.9429,1.0
mrs-nsga2-apportion|aurus,ctrl_y,minepump,16,26,1.0,0.9231,1.0,1.0
mrs-nsga2-apportion|aurus,cross,minepump,17,26,0.9615,0.8846,0.7692,0.7692
mrs-nsga2-apportion|aurus,cross,minepump,18,31,0.9032,0.9355,1.0,0.5484
mrs-nsga2-apportion|aurus,ctrl_x,minepump,18,41,0.878,0.9756,0.9756,1.0
mrs-nsga2-apportion|aurus,ctrl_y,minepump,18,18,0.9444,1.0,1.0,1.0
mrs-nsga2-apportion|aurus,cross,minepump,19,18,1.0,0.8889,0.9444,0.5
mrs-nsga2-apportion|aurus,cross,minepump,20,28,0.9286,0.9643,0.9643,0.5
mrs-nsga2-apportion|aurus,ctrl_x,minepump,20,28,0.9286,1.0,0.8929,1.0
mrs-nsga2-apportion|aurus,ctrl_y,minepump,20,23,1.0,0.9565,0.9565,0.913
mrs-nsga2-apportion|aurus,cross,minepump,21,23,1.0,0.913,0.9565,0.9565
mrs-nsga2-apportion|aurus,cross,minepump,22,25,0.96,0.84,0.84,0.72
mrs-nsga2-apportion|aurus,ctrl_x,minepump,22,37,0.9189,0.8649,0.8108,0.8649
mrs-nsga2-apportion|aurus,ctrl_y,minepump,22,25,0.88,1.0,1.0,0.96
mrs-nsga2-apportion|aurus,cross,minepump,23,39,0.6923,0.8462,0.8974,0.8718
mrs-nsga2-apportion|aurus,cross,minepump,24,20,0.9,1.0,0.8,0.7
mrs-nsga2-apportion|aurus,ctrl_x,minepump,24,30,0.9,0.9333,1.0,1.0
mrs-nsga2-apportion|aurus,ctrl_y,minepump,24,20,1.0,0.9,1.0,1.0
mrs-nsga2-apportion|aurus,cross,minepump,25,32,1.0,0.75,0.8438,0.8125
mrs-nsga2-apportion|aurus,cross,minepump,26,27,1.0,0.8148,0.8519,0.963
mrs-nsga2-apportion|aurus,ctrl_x,minepump,26,27,0.7037,0.8148,0.9259,1.0
mrs-nsga2-apportion|aurus,ctrl_y,minepump,26,33,0.9697,0.7879,0.9091,0.9394
mrs-nsga2-apportion|aurus,cross,minepump,27,35,0.5714,0.4571,0.9429,0.4286
mrs-nsga2-apportion|aurus,cross,minepump,28,37,0.9459,0.8378,0.8108,0.7297
mrs-nsga2-apportion|aurus,ctrl_x,minepump,28,37,0.9459,0.8108,1.0,0.8649
mrs-nsga2-apportion|aurus,ctrl_y,minepump,28,39,0.9231,0.8205,1.0,1.0
mrs-nsga2-apportion|aurus,cross,minepump,29,37,0.8378,0.7838,0.8108,0.8649
mrs-nsga2-apportion|aurus-nsga2-apportion,cross,minepump,0,30,0.8333,1.0,0.9667,1.0
mrs-nsga2-apportion|aurus-nsga2-apportion,ctrl_x,minepump,0,28,0.8929,0.9643,0.9286,1.0
mrs-nsga2-apportion|aurus-nsga2-apportion,ctrl_y,minepump,0,29,1.0,0.4828,0.8621,0.6897
mrs-nsga2-apportion|aurus-nsga2-apportion,cross,minepump,1,28,0.9643,0.75,1.0,0.8214
mrs-nsga2-apportion|aurus-nsga2-apportion,cross,minepump,2,18,1.0,1.0,1.0,1.0
mrs-nsga2-apportion|aurus-nsga2-apportion,ctrl_x,minepump,2,30,0.9667,0.9333,0.9667,0.8333
mrs-nsga2-apportion|aurus-nsga2-apportion,ctrl_y,minepump,2,18,1.0,0.8889,0.6111,0.7222
mrs-nsga2-apportion|aurus-nsga2-apportion,cross,minepump,3,30,0.9,1.0,1.0,1.0
mrs-nsga2-apportion|aurus-nsga2-apportion,cross,minepump,4,20,1.0,1.0,1.0,1.0
mrs-nsga2-apportion|aurus-nsga2-apportion,ctrl_x,minepump,4,35,0.9429,0.9714,1.0,1.0
mrs-nsga2-apportion|aurus-nsga2-apportion,ctrl_y,minepump,4,20,1.0,1.0,1.0,0.95
mrs-nsga2-apportion|aurus-nsga2-apportion,cross,minepump,5,37,0.973,0.973,1.0,1.0
mrs-nsga2-apportion|aurus-nsga2-apportion,cross,minepump,6,26,1.0,1.0,1.0,1.0
mrs-nsga2-apportion|aurus-nsga2-apportion,ctrl_x,minepump,6,33,0.8788,0.9091,0.9697,0.8788
mrs-nsga2-apportion|aurus-nsga2-apportion,ctrl_y,minepump,6,19,1.0,0.8421,1.0,1.0
mrs-nsga2-apportion|aurus-nsga2-apportion,cross,minepump,7,19,0.8421,0.9474,1.0,1.0
mrs-nsga2-apportion|aurus-nsga2-apportion,cross,minepump,8,23,1.0,0.913,0.9565,1.0
mrs-nsga2-apportion|aurus-nsga2-apportion,ctrl_x,minepump,8,32,1.0,0.875,1.0,0.8438
mrs-nsga2-apportion|aurus-nsga2-apportion,ctrl_y,minepump,8,23,1.0,1.0,1.0,1.0
mrs-nsga2-apportion|aurus-nsga2-apportion,cross,minepump,9,32,0.9375,1.0,1.0,1.0
mrs-nsga2-apportion|aurus-nsga2-apportion,cross,minepump,10,13,0.7692,1.0,1.0,1.0
mrs-nsga2-apportion|aurus-nsga2-apportion,ctrl_x,minepump,10,30,1.0,0.8667,0.8,0.9
mrs-nsga2-apportion|aurus-nsga2-apportion,ctrl_y,minepump,10,13,1.0,1.0,1.0,1.0
mrs-nsga2-apportion|aurus-nsga2-apportion,cross,minepump,11,34,0.9412,0.9706,0.9706,0.6765
mrs-nsga2-apportion|aurus-nsga2-apportion,cross,minepump,12,27,1.0,0.9259,1.0,1.0
mrs-nsga2-apportion|aurus-nsga2-apportion,ctrl_x,minepump,12,37,0.973,0.7568,0.8649,0.8649
mrs-nsga2-apportion|aurus-nsga2-apportion,ctrl_y,minepump,12,27,0.963,0.9259,1.0,1.0
mrs-nsga2-apportion|aurus-nsga2-apportion,cross,minepump,13,29,0.8621,0.8966,1.0,1.0
mrs-nsga2-apportion|aurus-nsga2-apportion,cross,minepump,14,40,0.95,1.0,1.0,0.925
mrs-nsga2-apportion|aurus-nsga2-apportion,ctrl_x,minepump,14,32,0.9688,0.9688,1.0,0.875
mrs-nsga2-apportion|aurus-nsga2-apportion,ctrl_y,minepump,14,28,0.9643,1.0,0.8929,0.8214
mrs-nsga2-apportion|aurus-nsga2-apportion,cross,minepump,15,28,0.9286,0.9286,1.0,1.0
mrs-nsga2-apportion|aurus-nsga2-apportion,cross,minepump,16,35,1.0,0.8857,0.9714,1.0
mrs-nsga2-apportion|aurus-nsga2-apportion,ctrl_x,minepump,16,35,0.9714,0.8857,0.9429,1.0
mrs-nsga2-apportion|aurus-nsga2-apportion,ctrl_y,minepump,16,34,0.8824,0.8235,1.0,1.0
mrs-nsga2-apportion|aurus-nsga2-apportion,cross,minepump,17,34,0.9118,0.9706,0.9412,1.0
mrs-nsga2-apportion|aurus-nsga2-apportion,cross,minepump,18,36,1.0,0.9444,0.9444,0.8333
mrs-nsga2-apportion|aurus-nsga2-apportion,ctrl_x,minepump,18,41,0.9268,1.0,0.8537,1.0
mrs-nsga2-apportion|aurus-nsga2-apportion,ctrl_y,minepump,18,30,1.0,1.0,0.4667,1.0
mrs-nsga2-apportion|aurus-nsga2-apportion,cross,minepump,19,30,1.0,0.9667,0.9333,1.0
mrs-nsga2-apportion|aurus-nsga2-apportion,cross,minepump,20,20,0.95,1.0,1.0,1.0
mrs-nsga2-apportion|aurus-nsga2-apportion,ctrl_x,minepump,20,28,0.9286,1.0,0.9643,1.0
mrs-nsga2-apportion|aurus-nsga2-apportion,ctrl_y,minepump,20,20,1.0,1.0,0.95,1.0
mrs-nsga2-apportion|aurus-nsga2-apportion,cross,minepump,21,43,0.8372,0.9767,0.8837,1.0
mrs-nsga2-apportion|aurus-nsga2-apportion,cross,minepump,22,33,0.9091,1.0,1.0,1.0
mrs-nsga2-apportion|aurus-nsga2-apportion,ctrl_x,minepump,22,37,0.9189,0.8919,0.8108,0.8108
mrs-nsga2-apportion|aurus-nsga2-apportion,ctrl_y,minepump,22,14,0.6429,1.0,1.0,1.0
mrs-nsga2-apportion|aurus-nsga2-apportion,cross,minepump,23,14,1.0,1.0,1.0,1.0
mrs-nsga2-apportion|aurus-nsga2-apportion,cross,minepump,24,19,0.9474,1.0,1.0,1.0
mrs-nsga2-apportion|aurus-nsga2-apportion,ctrl_x,minepump,24,30,0.9333,0.9,0.9667,1.0
mrs-nsga2-apportion|aurus-nsga2-apportion,ctrl_y,minepump,24,19,1.0,1.0,1.0,0.9474
mrs-nsga2-apportion|aurus-nsga2-apportion,cross,minepump,25,26,1.0,1.0,1.0,0.9615
mrs-nsga2-apportion|aurus-nsga2-apportion,cross,minepump,26,25,1.0,1.0,1.0,1.0
mrs-nsga2-apportion|aurus-nsga2-apportion,ctrl_x,minepump,26,27,0.7778,0.7407,0.9259,1.0
mrs-nsga2-apportion|aurus-nsga2-apportion,ctrl_y,minepump,26,25,0.92,0.8,1.0,0.96
mrs-nsga2-apportion|aurus-nsga2-apportion,cross,minepump,27,26,1.0,0.8846,1.0,1.0
mrs-nsga2-apportion|aurus-nsga2-apportion,cross,minepump,28,16,0.9375,0.9375,1.0,1.0
mrs-nsga2-apportion|aurus-nsga2-apportion,ctrl_x,minepump,28,37,0.9459,0.8108,1.0,0.8649
mrs-nsga2-apportion|aurus-nsga2-apportion,ctrl_y,minepump,28,16,1.0,0.9375,1.0,1.0
mrs-nsga2-apportion|aurus-nsga2-apportion,cross,minepump,29,35,0.8857,0.9714,0.8286,1.0
mrs-nsga2-apportion|mrs-weighted,cross,minepump,0,45,0.8667,0.7333,0.8222,0.9778
mrs-nsga2-apportion|mrs-weighted,ctrl_x,minepump,0,28,0.9286,0.9286,0.9286,1.0
mrs-nsga2-apportion|mrs-weighted,ctrl_y,minepump,0,77,0.8182,0.8312,0.7662,0.7013
mrs-nsga2-apportion|mrs-weighted,cross,minepump,1,28,1.0,0.6071,0.8214,0.8214
mrs-nsga2-apportion|mrs-weighted,cross,minepump,2,31,0.9355,0.871,0.9677,0.8065
mrs-nsga2-apportion|mrs-weighted,ctrl_x,minepump,2,30,0.9333,0.9333,0.9667,0.8333
mrs-nsga2-apportion|mrs-weighted,ctrl_y,minepump,2,48,0.8542,0.6042,0.7083,0.4583
mrs-nsga2-apportion|mrs-weighted,cross,minepump,3,30,0.8667,0.9333,0.8333,0.6667
mrs-nsga2-apportion|mrs-weighted,cross,minepump,4,35,0.8857,0.8857,0.5714,0.6857
mrs-nsga2-apportion|mrs-weighted,ctrl_x,minepump,4,35,0.9429,0.9714,0.9143,1.0
mrs-nsga2-apportion|mrs-weighted,ctrl_y,minepump,4,63,0.746,0.9206,0.7302,0.8571
mrs-nsga2-apportion|mrs-weighted,cross,minepump,5,38,0.7105,0.7368,0.8158,0.7368
mrs-nsga2-apportion|mrs-weighted,cross,minepump,6,45,0.7111,0.8667,0.8222,0.8444
mrs-nsga2-apportion|mrs-weighted,ctrl_x,minepump,6,33,0.8485,0.8788,0.9697,0.8788
mrs-nsga2-apportion|mrs-weighted,ctrl_y,minepump,6,100,0.86,0.78,0.71,0.71
mrs-nsga2-apportion|mrs-weighted,cross,minepump,7,33,0.8485,0.8485,0.5758,0.5152
mrs-nsga2-apportion|mrs-weighted,cross,minepump,8,32,0.8438,0.9688,0.5938,0.7812
mrs-nsga2-apportion|mrs-weighted,ctrl_x,minepump,8,32,1.0,0.9062,1.0,0.875
mrs-nsga2-apportion|mrs-weighted,ctrl_y,minepump,8,58,0.9828,0.6379,0.5862,0.7069
mrs-nsga2-apportion|mrs-weighted,cross,minepump,9,34,0.7941,0.8824,0.9118,0.9706
mrs-nsga2-apportion|mrs-weighted,cross,minepump,10,30,1.0,0.9667,0.7,1.0
mrs-nsga2-apportion|mrs-weighted,ctrl_x,minepump,10,30,1.0,0.8,0.8333,0.8667
mrs-nsga2-apportion|mrs-weighted,ctrl_y,minepump,10,60,0.7,0.8167,0.9333,1.0
mrs-nsga2-apportion|mrs-weighted,cross,minepump,11,34,0.8824,0.9412,0.7353,0.9412
mrs-nsga2-apportion|mrs-weighted,cross,minepump,12,37,0.9459,0.9459,0.6757,1.0
mrs-nsga2-apportion|mrs-weighted,ctrl_x,minepump,12,37,0.973,0.7838,0.8649,0.8649
mrs-nsga2-apportion|mrs-weighted,ctrl_y,minepump,12,91,0.8571,0.4725,0.7253,0.7912
mrs-nsga2-apportion|mrs-weighted,cross,minepump,13,39,0.8462,0.8718,0.7692,0.9487
mrs-nsga2-apportion|mrs-weighted,cross,minepump,14,43,0.7674,0.907,0.8837,0.907
mrs-nsga2-apportion|mrs-weighted,ctrl_x,minepump,14,32,1.0,0.9375,1.0,0.875
mrs-nsga2-apportion|mrs-weighted,ctrl_y,minepump,14,37,0.5946,0.8378,0.8108,0.6216
mrs-nsga2-apportion|mrs-weighted,cross,minepump,15,32,0.875,0.9688,0.7188,0.7188
mrs-nsga2-apportion|mrs-weighted,cross,minepump,16,35,0.9429,0.9429,0.7143,1.0
mrs-nsga2-apportion|mrs-weighted,ctrl_x,minepump,16,35,0.9714,0.8857,0.9429,1.0
mrs-nsga2-apportion|mrs-weighted,ctrl_y,minepump,16,40,0.95,1.0,0.775,0.675
mrs-nsga2-apportion|mrs-weighted,cross,minepump,17,40,0.825,1.0,0.7,0.825
mrs-nsga2-apportion|mrs-weighted,cross,minepump,18,41,0.878,0.878,0.9268,0.9512
mrs-nsga2-apportion|mrs-weighted,ctrl_x,minepump,18,41,0.9024,0.9756,1.0,1.0
mrs-nsga2-apportion|mrs-weighted,ctrl_y,minepump,18,41,0.7805,1.0,0.6585,0.9268
mrs-nsga2-apportion|mrs-weighted,cross,minepump,19,41,0.8293,0.878,0.9512,0.9024
mrs-nsga2-apportion|mrs-weighted,cross,minepump,20,28,0.9286,0.8929,0.6429,0.8571
mrs-nsga2-apportion|mrs-weighted,ctrl_x,minepump,20,28,0.9286,1.0,0.8929,1.0
mrs-nsga2-apportion|mrs-weighted,ctrl_y,minepump,20,71,0.9014,0.9577,0.7324,0.4648
mrs-nsga2-apportion|mrs-weighted,cross,minepump,21,44,0.8409,0.9545,0.5,0.5227
mrs-nsga2-apportion|mrs-weighted,cross,minepump,22,37,0.9189,0.9189,0.9459,0.973
mrs-nsga2-apportion|mrs-weighted,ctrl_x,minepump,22,37,0.9189,0.9189,0.8108,0.8108
mrs-nsga2-apportion|mrs-weighted,ctrl_y,minepump,22,44,0.9545,0.8636,0.9773,1.0
mrs-nsga2-apportion|mrs-weighted,cross,minepump,23,41,0.9024,0.878,0.7805,1.0
mrs-nsga2-apportion|mrs-weighted,cross,minepump,24,30,0.9,0.9667,0.7333,0.9667
mrs-nsga2-apportion|mrs-weighted,ctrl_x,minepump,24,30,0.9333,0.8667,1.0,1.0
mrs-nsga2-apportion|mrs-weighted,ctrl_y,minepump,24,54,0.7407,0.9074,0.9444,1.0
mrs-nsga2-apportion|mrs-weighted,cross,minepump,25,37,0.8378,0.9459,0.973,1.0
mrs-nsga2-apportion|mrs-weighted,cross,minepump,26,27,1.0,1.0,0.6667,0.8519
mrs-nsga2-apportion|mrs-weighted,ctrl_x,minepump,26,27,0.7037,0.8148,0.9259,1.0
mrs-nsga2-apportion|mrs-weighted,ctrl_y,minepump,26,58,0.8448,0.7931,0.7586,0.8276
mrs-nsga2-apportion|mrs-weighted,cross,minepump,27,35,0.8571,0.6857,1.0,0.8
mrs-nsga2-apportion|mrs-weighted,cross,minepump,28,37,0.7838,0.973,0.7838,0.8378
mrs-nsga2-apportion|mrs-weighted,ctrl_x,minepump,28,37,0.9459,0.8108,1.0,0.8649
mrs-nsga2-apportion|mrs-weighted,ctrl_y,minepump,28,72,0.8611,0.8611,0.8611,0.8611
mrs-nsga2-apportion|mrs-weighted,cross,minepump,29,37,0.7568,0.9459,0.9189,0.973
aurus-nsga2-apportion|aurus,cross,minepump,0,30,0.9,0.9,1.0,0.5333
aurus-nsga2-apportion|aurus,ctrl_x,minepump,0,29,0.9655,0.4828,0.8621,0.6897
aurus-nsga2-apportion|aurus,ctrl_y,minepump,0,32,0.9375,0.8125,1.0,0.9688
aurus-nsga2-apportion|aurus,cross,minepump,1,29,0.7931,0.8966,0.7586,0.5172
aurus-nsga2-apportion|aurus,cross,minepump,2,18,1.0,0.8889,0.8333,0.2222
aurus-nsga2-apportion|aurus,ctrl_x,minepump,2,18,1.0,0.9444,0.9444,1.0
aurus-nsga2-apportion|aurus,ctrl_y,minepump,2,22,1.0,1.0,0.8636,1.0
aurus-nsga2-apportion|aurus,cross,minepump,3,22,0.9545,0.9545,0.9545,1.0
aurus-nsga2-apportion|aurus,cross,minepump,4,20,1.0,1.0,0.7,0.55
aurus-nsga2-apportion|aurus,ctrl_x,minepump,4,20,1.0,1.0,1.0,1.0
aurus-nsga2-apportion|aurus,ctrl_y,minepump,4,22,1.0,0.8636,1.0,1.0
aurus-nsga2-apportion|aurus,cross,minepump,5,22,1.0,0.6818,0.9545,0.5455
aurus-nsga2-apportion|aurus,cross,minepump,6,26,1.0,0.9615,0.8462,0.5769
aurus-nsga2-apportion|aurus,ctrl_x,minepump,6,19,1.0,0.9474,1.0,0.9474
aurus-nsga2-apportion|aurus,ctrl_y,minepump,6,12,1.0,1.0,1.0,1.0
aurus-nsga2-apportion|aurus,cross,minepump,7,12,1.0,1.0,1.0,1.0
aurus-nsga2-apportion|aurus,cross,minepump,8,13,1.0,1.0,1.0,1.0
aurus-nsga2-apportion|aurus,ctrl_x,minepump,8,23,1.0,1.0,0.9565,0.8696
aurus-nsga2-apportion|aurus,ctrl_y,minepump,8,13,1.0,0.7692,1.0,1.0
aurus-nsga2-apportion|aurus,cross,minepump,9,29,0.9655,0.931,0.9655,0.931
aurus-nsga2-apportion|aurus,cross,minepump,10,13,0.9231,0.9231,1.0,1.0
aurus-nsga2-apportion|aurus,ctrl_x,minepump,10,13,1.0,0.9231,1.0,1.0
aurus-nsga2-apportion|aurus,ctrl_y,minepump,10,18,1.0,0.8333,1.0,1.0
aurus-nsga2-apportion|aurus,cross,minepump,11,40,0.825,0.925,0.725,0.525
aurus-nsga2-apportion|aurus,cross,minepump,12,27,1.0,0.8519,0.7407,0.7407
aurus-nsga2-apportion|aurus,ctrl_x,minepump,12,27,0.963,0.9259,1.0,1.0
aurus-nsga2-apportion|aurus,ctrl_y,minepump,12,35,0.8857,1.0,1.0,0.9714
aurus-nsga2-apportion|aurus,cross,minepump,13,29,0.7931,0.7931,0.931,1.0
aurus-nsga2-apportion|aurus,cross,minepump,14,34,0.8235,0.7647,0.7941,0.7647
aurus-nsga2-apportion|aurus,ctrl_x,minepump,14,28,0.8214,1.0,1.0,0.75
aurus-nsga2-apportion|aurus,ctrl_y,minepump,14,26,1.0,0.7692,0.9615,0.9615
aurus-nsga2-apportion|aurus,cross,minepump,15,26,0.9615,0.8462,0.6154,0.6154
aurus-nsga2-apportion|aurus,cross,minepump,16,39,0.8718,0.7692,0.7179,0.5385
aurus-nsga2-apportion|aurus,ctrl_x,minepump,16,34,0.8235,0.8235,0.9706,0.9706
aurus-nsga2-apportion|aurus,ctrl_y,minepump,16,26,0.8846,0.9231,1.0,0.9615
aurus-nsga2-apportion|aurus,cross,minepump,17,26,0.6923,0.8077,0.7308,0.6538
aurus-nsga2-apportion|aurus,cross,minepump,18,31,0.9355,0.8387,1.0,0.9355
aurus-nsga2-apportion|aurus,ctrl_x,minepump,18,30,0.9667,1.0,0.5,1.0
aurus-nsga2-apportion|aurus,ctrl_y,minepump,18,18,0.9444,1.0,1.0,1.0
aurus-nsga2-apportion|aurus,cross,minepump,19,18,1.0,1.0,1.0,0.5
aurus-nsga2-apportion|aurus,cross,minepump,20,20,0.95,0.95,0.95,0.35
aurus-nsga2-apportion|aurus,ctrl_x,minepump,20,20,1.0,1.0,1.0,1.0
aurus-nsga2-apportion|aurus,ctrl_y,minepump,20,23,0.913,1.0,0.9565,1.0
aurus-nsga2-apportion|aurus,cross,minepump,21,23,0.9565,0.8261,1.0,0.8696
aurus-nsga2-apportion|aurus,cross,minepump,22,25,0.92,0.76,0.96,0.68
aurus-nsga2-apportion|aurus,ctrl_x,minepump,22,14,0.8571,1.0,1.0,1.0
aurus-nsga2-apportion|aurus,ctrl_y,minepump,22,25,0.92,1.0,1.0,1.0
aurus-nsga2-apportion|aurus,cross,minepump,23,14,1.0,0.7857,1.0,1.0
aurus-nsga2-apportion|aurus,cross,minepump,24,19,1.0,0.8947,0.9474,1.0
aurus-nsga2-apportion|aurus,ctrl_x,minepump,24,19,1.0,0.9474,1.0,0.9474
aurus-nsga2-apportion|aurus,ctrl_y,minepump,24,20,1.0,0.95,1.0,1.0
aurus-nsga2-apportion|aurus,cross,minepump,25,26,1.0,1.0,0.9231,0.7692
aurus-nsga2-apportion|aurus,cross,minepump,26,25,1.0,0.8,0.88,0.64
aurus-nsga2-apportion|aurus,ctrl_x,minepump,26,25,0.92,0.76,1.0,0.96
aurus-nsga2-apportion|aurus,ctrl_y,minepump,26,33,0.9697,0.9394,0.9091,0.9091
aurus-nsga2-apportion|aurus,cross,minepump,27,26,0.6538,0.8077,0.9231,0.5769
aurus-nsga2-apportion|aurus,cross,minepump,28,16,1.0,0.75,1.0,0.5
aurus-nsga2-apportion|aurus,ctrl_x,minepump,28,16,1.0,1.0,1.0,1.0
aurus-nsga2-apportion|aurus,ctrl_y,minepump,28,39,0.9231,0.8462,1.0,1.0
aurus-nsga2-apportion|aurus,cross,minepump,29,35,1.0,0.8,0.8,0.6
mrs-nsga2-apportion|aurus,ctrl_x,pcar-v2-888,0,11,0.7273,0.8182,0.6364,0.4545
mrs-nsga2-apportion|aurus,cross,pcar-v2-888,2,17,1.0,0.0588,0.3529,0.3529
mrs-nsga2-apportion|aurus,ctrl_x,pcar-v2-888,2,20,0.95,0.85,0.4,0.4
mrs-nsga2-apportion|aurus,cross,pcar-v2-888,4,8,1.0,0.0,0.75,0.0
mrs-nsga2-apportion|aurus,ctrl_x,pcar-v2-888,4,15,0.9333,0.7333,0.9333,1.0
mrs-nsga2-apportion|aurus,cross,pcar-v2-888,6,15,1.0,0.0,0.3333,0.0
mrs-nsga2-apportion|aurus,ctrl_x,pcar-v2-888,6,20,0.9,0.95,0.55,0.6
mrs-nsga2-apportion|aurus,ctrl_y,pcar-v2-888,6,10,1.0,1.0,1.0,1.0
mrs-nsga2-apportion|aurus,cross,pcar-v2-888,7,10,1.0,0.0,0.9,0.0
mrs-nsga2-apportion|aurus,ctrl_x,pcar-v2-888,8,23,0.913,0.8696,0.3478,0.2609
mrs-nsga2-apportion|aurus,ctrl_x,pcar-v2-888,10,26,0.9231,0.9231,0.5769,0.5
mrs-nsga2-apportion|aurus,ctrl_x,pcar-v2-888,12,25,0.36,0.84,0.36,0.44
mrs-nsga2-apportion|aurus,ctrl_x,pcar-v2-888,14,18,1.0,0.9444,0.6111,0.5556
mrs-nsga2-apportion|aurus,ctrl_x,pcar-v2-888,16,22,0.1364,0.8636,0.0909,0.4545
mrs-nsga2-apportion|aurus,ctrl_x,pcar-v2-888,18,24,0.9583,0.6667,0.6667,0.375
mrs-nsga2-apportion|aurus,ctrl_x,pcar-v2-888,20,8,1.0,0.875,1.0,1.0
mrs-nsga2-apportion|aurus,ctrl_x,pcar-v2-888,22,31,0.5806,0.9677,0.3871,0.2581
mrs-nsga2-apportion|aurus,ctrl_x,pcar-v2-888,24,18,0.9444,0.6667,0.3333,0.2778
mrs-nsga2-apportion|aurus,cross,pcar-v2-888,25,20,1.0,0.45,0.6,1.0
mrs-nsga2-apportion|aurus,ctrl_x,pcar-v2-888,26,21,0.4286,0.5238,0.381,0.5714
mrs-nsga2-apportion|aurus,ctrl_x,pcar-v2-888,28,10,0.7,1.0,0.4,1.0
mrs-nsga2-apportion|aurus-nsga2-apportion,cross,pcar-v2-888,0,10,0.8,1.0,1.0,0.9
mrs-nsga2-apportion|aurus-nsga2-apportion,ctrl_x,pcar-v2-888,0,11,0.9091,0.9091,1.0,0.3636
mrs-nsga2-apportion|aurus-nsga2-apportion,cross,pcar-v2-888,2,20,0.95,0.85,1.0,1.0
mrs-nsga2-apportion|aurus-nsga2-apportion,ctrl_x,pcar-v2-888,2,20,0.8,0.85,0.45,0.4
mrs-nsga2-apportion|aurus-nsga2-apportion,ctrl_y,pcar-v2-888,2,16,1.0,0.3125,0.5,0.125
mrs-nsga2-apportion|aurus-nsga2-apportion,cross,pcar-v2-888,3,16,1.0,0.5625,1.0,0.6875
mrs-nsga2-apportion|aurus-nsga2-apportion,cross,pcar-v2-888,4,12,1.0,0.5833,1.0,0.3333
mrs-nsga2-apportion|aurus-nsga2-apportion,ctrl_x,pcar-v2-888,4,15,0.9333,0.5333,0.8667,1.0
mrs-nsga2-apportion|aurus-nsga2-apportion,cross,pcar-v2-888,6,8,1.0,0.875,1.0,1.0
mrs-nsga2-apportion|aurus-nsga2-apportion,ctrl_x,pcar-v2-888,6,20,0.9,0.95,0.5,0.5
mrs-nsga2-apportion|aurus-nsga2-apportion,ctrl_y,pcar-v2-888,6,8,0.5,1.0,0.875,1.0
mrs-nsga2-apportion|aurus-nsga2-apportion,cross,pcar-v2-888,7,10,1.0,1.0,1.0,1.0
mrs-nsga2-apportion|aurus-nsga2-apportion,cross,pcar-v2-888,8,9,0.0,0.0,0.0,0.0
mrs-nsga2-apportion|aurus-nsga2-apportion,ctrl_x,pcar-v2-888,8,23,0.913,0.8261,0.3913,0.2609
mrs-nsga2-apportion|aurus-nsga2-apportion,ctrl_y,pcar-v2-888,8,9,0.6667,1.0,1.0,1.0
mrs-nsga2-apportion|aurus-nsga2-apportion,cross,pcar-v2-888,9,12,0.8333,1.0,0.3333,0.8333
mrs-nsga2-apportion|aurus-nsga2-apportion,cross,pcar-v2-888,10,25,1.0,0.92,1.0,0.88
mrs-nsga2-apportion|aurus-nsga2-apportion,ctrl_x,pcar-v2-888,10,26,0.9231,0.8077,0.7692,0.5769
mrs-nsga2-apportion|aurus-nsga2-apportion,ctrl_y,pcar-v2-888,10,8,0.75,1.0,1.0,1.0
mrs-nsga2-apportion|aurus-nsga2-apportion,cross,pcar-v2-888,11,8,0.875,1.0,1.0,0.875
mrs-nsga2-apportion|aurus-nsga2-apportion,cross,pcar-v2-888,12,8,1.0,1.0,1.0,1.0
mrs-nsga2-apportion|aurus-nsga2-apportion,ctrl_x,pcar-v2-888,12,25,0.44,0.84,0.44,0.4
mrs-nsga2-apportion|aurus-nsga2-apportion,ctrl_y,pcar-v2-888,12,8,1.0,1.0,1.0,1.0
mrs-nsga2-apportion|aurus-nsga2-apportion,cross,pcar-v2-888,13,16,0.8125,0.9375,0.875,0.5625
mrs-nsga2-apportion|aurus-nsga2-apportion,ctrl_x,pcar-v2-888,14,18,1.0,0.9444,0.6111,0.5556
mrs-nsga2-apportion|aurus-nsga2-apportion,cross,pcar-v2-888,15,9,0.7778,0.8889,1.0,1.0
mrs-nsga2-apportion|aurus-nsga2-apportion,ctrl_x,pcar-v2-888,16,22,0.1364,0.8636,0.0909,0.4545
mrs-nsga2-apportion|aurus-nsga2-apportion,cross,pcar-v2-888,17,12,1.0,0.6667,1.0,1.0
mrs-nsga2-apportion|aurus-nsga2-apportion,ctrl_x,pcar-v2-888,18,24,0.9583,0.6667,0.6667,0.375
mrs-nsga2-apportion|aurus-nsga2-apportion,cross,pcar-v2-888,19,8,1.0,0.625,1.0,1.0
mrs-nsga2-apportion|aurus-nsga2-apportion,cross,pcar-v2-888,20,6,1.0,1.0,1.0,1.0
mrs-nsga2-apportion|aurus-nsga2-apportion,ctrl_x,pcar-v2-888,20,8,1.0,0.875,1.0,1.0
mrs-nsga2-apportion|aurus-nsga2-apportion,cross,pcar-v2-888,22,12,1.0,1.0,1.0,1.0
mrs-nsga2-apportion|aurus-nsga2-apportion,ctrl_x,pcar-v2-888,22,31,0.6129,0.9677,0.3548,0.2581
mrs-nsga2-apportion|aurus-nsga2-apportion,ctrl_y,pcar-v2-888,22,9,0.3333,1.0,1.0,1.0
mrs-nsga2-apportion|aurus-nsga2-apportion,cross,pcar-v2-888,23,9,0.6667,0.8889,0.5556,0.7778
mrs-nsga2-apportion|aurus-nsga2-apportion,cross,pcar-v2-888,24,13,0.9231,0.8462,1.0,1.0
mrs-nsga2-apportion|aurus-nsga2-apportion,ctrl_x,pcar-v2-888,24,18,0.9444,0.6667,0.3333,0.3333
mrs-nsga2-apportion|aurus-nsga2-apportion,ctrl_y,pcar-v2-888,24,8,1.0,0.625,1.0,0.75
mrs-nsga2-apportion|aurus-nsga2-apportion,cross,pcar-v2-888,25,8,0.875,0.5,0.5,0.875
mrs-nsga2-apportion|aurus-nsga2-apportion,cross,pcar-v2-888,26,9,0.7778,1.0,1.0,1.0
mrs-nsga2-apportion|aurus-nsga2-apportion,ctrl_x,pcar-v2-888,26,21,0.4286,0.5714,0.5714,0.5714
mrs-nsga2-apportion|aurus-nsga2-apportion,cross,pcar-v2-888,28,7,1.0,1.0,1.0,1.0
mrs-nsga2-apportion|aurus-nsga2-apportion,ctrl_x,pcar-v2-888,28,10,0.9,1.0,0.4,1.0
mrs-nsga2-apportion|aurus-nsga2-apportion,ctrl_y,pcar-v2-888,28,7,0.8571,1.0,1.0,1.0
mrs-nsga2-apportion|aurus-nsga2-apportion,cross,pcar-v2-888,29,18,0.8889,0.8889,0.8889,0.7778
mrs-nsga2-apportion|mrs-weighted,cross,pcar-v2-888,0,11,0.2727,1.0,0.3636,1.0
mrs-nsga2-apportion|mrs-weighted,ctrl_x,pcar-v2-888,0,11,0.9091,0.9091,1.0,0.2727
mrs-nsga2-apportion|mrs-weighted,ctrl_y,pcar-v2-888,0,41,0.9268,0.6098,0.5122,0.3171
mrs-nsga2-apportion|mrs-weighted,cross,pcar-v2-888,1,19,0.5789,1.0,0.4211,0.4737
mrs-nsga2-apportion|mrs-weighted,cross,pcar-v2-888,2,35,0.7714,0.8857,1.0,0.9143
mrs-nsga2-apportion|mrs-weighted,ctrl_x,pcar-v2-888,2,20,0.95,0.8,0.45,0.4
mrs-nsga2-apportion|mrs-weighted,ctrl_y,pcar-v2-888,2,48,0.5,1.0,0.3333,0.3333
mrs-nsga2-apportion|mrs-weighted,cross,pcar-v2-888,3,20,0.85,0.8,0.4,0.8
mrs-nsga2-apportion|mrs-weighted,cross,pcar-v2-888,4,15,0.9333,1.0,1.0,1.0
mrs-nsga2-apportion|mrs-weighted,ctrl_x,pcar-v2-888,4,15,1.0,0.7333,0.9333,1.0
mrs-nsga2-apportion|mrs-weighted,ctrl_y,pcar-v2-888,4,28,1.0,0.8214,0.6071,0.25
mrs-nsga2-apportion|mrs-weighted,cross,pcar-v2-888,5,23,1.0,0.6087,0.913,0.3043
mrs-nsga2-apportion|mrs-weighted,cross,pcar-v2-888,6,20,0.8,0.95,0.5,0.95
mrs-nsga2-apportion|mrs-weighted,ctrl_x,pcar-v2-888,6,20,0.9,0.9,0.45,0.55
mrs-nsga2-apportion|mrs-weighted,ctrl_y,pcar-v2-888,6,62,0.9194,0.9839,0.4355,0.2581
mrs-nsga2-apportion|mrs-weighted,cross,pcar-v2-888,7,27,0.963,1.0,0.7037,1.0
mrs-nsga2-apportion|mrs-weighted,cross,pcar-v2-888,8,27,0.9259,1.0,0.4815,0.3333
mrs-nsga2-apportion|mrs-weighted,ctrl_x,pcar-v2-888,8,23,0.913,0.8261,0.3913,0.2609
mrs-nsga2-apportion|mrs-weighted,ctrl_y,pcar-v2-888,8,47,0.8085,0.8936,0.2766,0.2766
mrs-nsga2-apportion|mrs-weighted,cross,pcar-v2-888,9,23,0.8261,1.0,1.0,0.8696
mrs-nsga2-apportion|mrs-weighted,cross,pcar-v2-888,10,57,0.8421,0.9123,0.4737,0.2982
mrs-nsga2-apportion|mrs-weighted,ctrl_x,pcar-v2-888,10,26,0.5,0.8077,0.8077,0.4231
mrs-nsga2-apportion|mrs-weighted,ctrl_y,pcar-v2-888,10,61,0.8197,0.8689,0.3443,0.3279
mrs-nsga2-apportion|mrs-weighted,cross,pcar-v2-888,11,26,0.7308,1.0,0.8846,0.6154
mrs-nsga2-apportion|mrs-weighted,cross,pcar-v2-888,12,25,0.8,1.0,0.88,0.92
mrs-nsga2-apportion|mrs-weighted,ctrl_x,pcar-v2-888,12,25,0.44,0.84,0.44,0.48
mrs-nsga2-apportion|mrs-weighted,ctrl_y,pcar-v2-888,12,57,0.386,0.9123,0.5965,0.3684
mrs-nsga2-apportion|mrs-weighted,cross,pcar-v2-888,13,29,0.8621,1.0,1.0,1.0
mrs-nsga2-apportion|mrs-weighted,cross,pcar-v2-888,14,18,0.7778,1.0,0.9444,0.8333
mrs-nsga2-apportion|mrs-weighted,ctrl_x,pcar-v2-888,14,18,1.0,0.9444,0.7778,0.5556
mrs-nsga2-apportion|mrs-weighted,ctrl_y,pcar-v2-888,14,66,0.3788,0.9242,0.3333,0.4091
mrs-nsga2-apportion|mrs-weighted,cross,pcar-v2-888,15,19,0.8421,1.0,1.0,1.0
mrs-nsga2-apportion|mrs-weighted,cross,pcar-v2-888,16,22,0.1818,0.9545,0.5455,0.9091
mrs-nsga2-apportion|mrs-weighted,ctrl_x,pcar-v2-888,16,22,0.0909,0.8182,0.0909,0.4091
mrs-nsga2-apportion|mrs-weighted,ctrl_y,pcar-v2-888,16,48,0.875,0.9792,0.3542,0.4375
mrs-nsga2-apportion|mrs-weighted,cross,pcar-v2-888,17,31,0.7419,0.8387,0.8065,0.7097
mrs-nsga2-apportion|mrs-weighted,cross,pcar-v2-888,18,26,0.9615,0.9615,0.5,0.8077
mrs-nsga2-apportion|mrs-weighted,ctrl_x,pcar-v2-888,18,24,0.9583,0.6667,0.6667,0.375
mrs-nsga2-apportion|mrs-weighted,ctrl_y,pcar-v2-888,18,44,0.7955,0.6136,0.5227,0.4318
mrs-nsga2-apportion|mrs-weighted,cross,pcar-v2-888,19,24,0.7083,1.0,0.625,1.0
mrs-nsga2-apportion|mrs-weighted,cross,pcar-v2-888,20,8,1.0,0.75,1.0,1.0
mrs-nsga2-apportion|mrs-weighted,ctrl_x,pcar-v2-888,20,8,1.0,0.75,1.0,1.0
mrs-nsga2-apportion|mrs-weighted,ctrl_y,pcar-v2-888,20,43,0.9767,0.8605,0.6047,0.5349
mrs-nsga2-apportion|mrs-weighted,cross,pcar-v2-888,21,10,1.0,0.9,1.0,1.0
mrs-nsga2-apportion|mrs-weighted,cross,pcar-v2-888,22,33,0.7273,0.9394,0.4848,0.3333
mrs-nsga2-apportion|mrs-weighted,ctrl_x,pcar-v2-888,22,31,0.5806,0.9677,0.3548,0.2581
mrs-nsga2-apportion|mrs-weighted,ctrl_y,pcar-v2-888,22,35,0.8571,0.8,0.2,0.2
mrs-nsga2-apportion|mrs-weighted,cross,pcar-v2-888,23,31,1.0,0.4194,0.5806,0.2258
mrs-nsga2-apportion|mrs-weighted,cross,pcar-v2-888,24,18,0.9444,1.0,1.0,1.0
mrs-nsga2-apportion|mrs-weighted,ctrl_x,pcar-v2-888,24,18,0.9444,0.6667,0.3333,0.6111
mrs-nsga2-apportion|mrs-weighted,ctrl_y,pcar-v2-888,24,29,0.8621,1.0,0.3103,0.8621
mrs-nsga2-apportion|mrs-weighted,cross,pcar-v2-888,25,20,0.05,1.0,0.05,0.2
mrs-nsga2-apportion|mrs-weighted,cross,pcar-v2-888,26,28,0.6429,0.9643,0.6786,0.7857
mrs-nsga2-apportion|mrs-weighted,ctrl_x,pcar-v2-888,26,21,0.4286,0.6667,0.5238,0.5714
mrs-nsga2-apportion|mrs-weighted,ctrl_y,pcar-v2-888,26,43,0.8605,0.8605,0.8605,0.5116
mrs-nsga2-apportion|mrs-weighted,cross,pcar-v2-888,27,21,0.8571,1.0,0.7619,0.9524
mrs-nsga2-apportion|mrs-weighted,cross,pcar-v2-888,28,10,0.8,0.9,0.3,0.4
mrs-nsga2-apportion|mrs-weighted,ctrl_x,pcar-v2-888,28,10,1.0,1.0,0.4,1.0
mrs-nsga2-apportion|mrs-weighted,ctrl_y,pcar-v2-888,28,44,0.8636,1.0,0.2045,0.4318
mrs-nsga2-apportion|mrs-weighted,cross,pcar-v2-888,29,33,0.5152,1.0,0.5455,0.5758
aurus-nsga2-apportion|aurus,cross,pcar-v2-888,2,17,1.0,0.1176,0.4706,0.3529
aurus-nsga2-apportion|aurus,ctrl_x,pcar-v2-888,2,16,1.0,0.25,0.5,0.125
aurus-nsga2-apportion|aurus,cross,pcar-v2-888,4,8,1.0,0.0,1.0,0.0
aurus-nsga2-apportion|aurus,cross,pcar-v2-888,6,8,1.0,0.25,0.875,0.75
aurus-nsga2-apportion|aurus,ctrl_x,pcar-v2-888,6,8,0.625,1.0,0.875,1.0
aurus-nsga2-apportion|aurus,ctrl_y,pcar-v2-888,6,10,1.0,1.0,1.0,1.0
aurus-nsga2-apportion|aurus,cross,pcar-v2-888,7,10,1.0,0.0,0.9,0.0
aurus-nsga2-apportion|aurus,ctrl_x,pcar-v2-888,8,9,0.7778,1.0,1.0,1.0
aurus-nsga2-apportion|aurus,ctrl_x,pcar-v2-888,10,8,0.875,1.0,1.0,1.0
aurus-nsga2-apportion|aurus,ctrl_x,pcar-v2-888,12,8,0.875,1.0,0.875,0.875
aurus-nsga2-apportion|aurus,ctrl_x,pcar-v2-888,22,9,0.3333,1.0,1.0,1.0
aurus-nsga2-apportion|aurus,ctrl_x,pcar-v2-888,24,8,1.0,0.5,0.75,0.125
aurus-nsga2-apportion|aurus,cross,pcar-v2-888,25,8,1.0,0.0,0.75,0.0
aurus-nsga2-apportion|aurus,ctrl_x,pcar-v2-888,28,7,0.8571,1.0,1.0,1.0
mrs-nsga2-apportion|aurus,ctrl_x,prioritized-arbiter-aurus,0,28,0.9286,0.9286,0.5714,0.6786
mrs-nsga2-apportion|aurus,ctrl_x,prioritized-arbiter-aurus,2,24,0.9583,0.8333,0.875,0.9583
mrs-nsga2-apportion|aurus,ctrl_x,prioritized-arbiter-aurus,4,26,0.8462,1.0,0.2308,0.7308
mrs-nsga2-apportion|aurus,ctrl_x,prioritized-arbiter-aurus,6,23,0.913,0.5217,0.6087,0.3913
mrs-nsga2-apportion|aurus,ctrl_x,prioritized-arbiter-aurus,8,19,0.4737,1.0,0.8421,0.8421
mrs-nsga2-apportion|aurus,ctrl_x,prioritized-arbiter-aurus,10,14,1.0,0.9286,0.6429,0.5
mrs-nsga2-apportion|aurus,ctrl_x,prioritized-arbiter-aurus,12,16,0.8125,0.5625,0.875,0.8125
mrs-nsga2-apportion|aurus,ctrl_x,prioritized-arbiter-aurus,14,23,0.8696,1.0,0.6957,0.6522
mrs-nsga2-apportion|aurus,ctrl_x,prioritized-arbiter-aurus,16,18,0.9444,1.0,0.8889,0.8889
mrs-nsga2-apportion|aurus,ctrl_x,prioritized-arbiter-aurus,18,23,1.0,0.8696,0.8696,0.2609
mrs-nsga2-apportion|aurus,ctrl_x,prioritized-arbiter-aurus,20,21,0.9048,0.9048,1.0,0.9048
mrs-nsga2-apportion|aurus,ctrl_x,prioritized-arbiter-aurus,22,25,0.96,0.96,0.76,0.52
mrs-nsga2-apportion|aurus,ctrl_x,prioritized-arbiter-aurus,24,20,0.65,0.95,0.65,1.0
mrs-nsga2-apportion|aurus,ctrl_x,prioritized-arbiter-aurus,26,15,0.6667,0.8667,0.6,0.8
mrs-nsga2-apportion|aurus,ctrl_x,prioritized-arbiter-aurus,28,12,0.6667,1.0,0.5833,1.0
mrs-nsga2-apportion|aurus-nsga2-apportion,ctrl_x,prioritized-arbiter-aurus,0,28,0.9286,0.9286,0.5714,0.6786
mrs-nsga2-apportion|aurus-nsga2-apportion,cross,prioritized-arbiter-aurus,2,9,1.0,1.0,1.0,1.0
mrs-nsga2-apportion|aurus-nsga2-apportion,ctrl_x,prioritized-arbiter-aurus,2,24,0.9583,0.8333,0.875,0.9583
mrs-nsga2-apportion|aurus-nsga2-apportion,ctrl_x,prioritized-arbiter-aurus,4,26,0.8462,1.0,0.2308,0.7308
mrs-nsga2-apportion|aurus-nsga2-apportion,ctrl_x,prioritized-arbiter-aurus,6,23,0.913,0.5217,0.6087,0.3913
mrs-nsga2-apportion|aurus-nsga2-apportion,ctrl_x,prioritized-arbiter-aurus,8,19,0.4737,1.0,0.8421,0.8421
mrs-nsga2-apportion|aurus-nsga2-apportion,ctrl_x,prioritized-arbiter-aurus,10,14,1.0,0.9286,0.6429,0.5
mrs-nsga2-apportion|aurus-nsga2-apportion,ctrl_x,prioritized-arbiter-aurus,12,16,0.8125,0.5625,0.875,0.8125
mrs-nsga2-apportion|aurus-nsga2-apportion,ctrl_x,prioritized-arbiter-aurus,14,23,0.8696,1.0,0.6957,0.6522
mrs-nsga2-apportion|aurus-nsga2-apportion,cross,prioritized-arbiter-aurus,16,7,1.0,1.0,0.7143,0.2857
mrs-nsga2-apportion|aurus-nsga2-apportion,ctrl_x,prioritized-arbiter-aurus,16,18,0.9444,1.0,0.9444,0.7778
mrs-nsga2-apportion|aurus-nsga2-apportion,ctrl_x,prioritized-arbiter-aurus,18,23,1.0,0.8696,0.8696,0.2609
mrs-nsga2-apportion|aurus-nsga2-apportion,ctrl_x,prioritized-arbiter-aurus,20,21,0.9048,0.9048,1.0,0.9048
mrs-nsga2-apportion|aurus-nsga2-apportion,ctrl_x,prioritized-arbiter-aurus,22,25,0.96,0.96,0.76,0.52
mrs-nsga2-apportion|aurus-nsga2-apportion,ctrl_x,prioritized-arbiter-aurus,24,20,0.65,0.95,0.65,1.0
mrs-nsga2-apportion|aurus-nsga2-apportion,ctrl_x,prioritized-arbiter-aurus,26,15,0.6667,0.8667,0.6,0.8
mrs-nsga2-apportion|aurus-nsga2-apportion,ctrl_x,prioritized-arbiter-aurus,28,12,0.6667,1.0,0.5833,1.0
mrs-nsga2-apportion|mrs-weighted,cross,prioritized-arbiter-aurus,0,28,0.8571,1.0,0.7857,0.6786
mrs-nsga2-apportion|mrs-weighted,ctrl_x,prioritized-arbiter-aurus,0,28,0.8929,0.75,0.5714,0.6786
mrs-nsga2-apportion|mrs-weighted,ctrl_y,prioritized-arbiter-aurus,0,64,0.7188,0.875,0.6875,0.6875
mrs-nsga2-apportion|mrs-weighted,cross,prioritized-arbiter-aurus,1,45,0.7556,0.8222,0.7333,0.7333
mrs-nsga2-apportion|mrs-weighted,cross,prioritized-arbiter-aurus,2,24,1.0,0.9583,1.0,1.0
mrs-nsga2-apportion|mrs-weighted,ctrl_x,prioritized-arbiter-aurus,2,24,0.9583,0.8333,0.875,0.9583
mrs-nsga2-apportion|mrs-weighted,ctrl_y,prioritized-arbiter-aurus,2,84,0.4286,0.75,0.5119,0.4643
mrs-nsga2-apportion|mrs-weighted,cross,prioritized-arbiter-aurus,3,24,0.6667,0.8333,0.2917,0.5833
mrs-nsga2-apportion|mrs-weighted,cross,prioritized-arbiter-aurus,4,28,0.2857,0.9643,0.25,0.5714
mrs-nsga2-apportion|mrs-weighted,ctrl_x,prioritized-arbiter-aurus,4,26,0.8462,1.0,0.2692,0.7692
mrs-nsga2-apportion|mrs-weighted,ctrl_y,prioritized-arbiter-aurus,4,79,0.8734,0.8228,0.481,0.5443
mrs-nsga2-apportion|mrs-weighted,cross,prioritized-arbiter-aurus,5,26,0.9615,0.7692,0.7692,0.3462
mrs-nsga2-apportion|mrs-weighted,cross,prioritized-arbiter-aurus,6,41,1.0,0.7805,0.5366,0.7561
mrs-nsga2-apportion|mrs-weighted,ctrl_x,prioritized-arbiter-aurus,6,23,1.0,0.6087,0.6522,0.4348
mrs-nsga2-apportion|mrs-weighted,ctrl_y,prioritized-arbiter-aurus,6,47,0.9362,0.8723,0.7872,0.4255
mrs-nsga2-apportion|mrs-weighted,cross,prioritized-arbiter-aurus,7,23,0.7391,0.7391,0.8696,0.913
mrs-nsga2-apportion|mrs-weighted,cross,prioritized-arbiter-aurus,8,19,0.3684,1.0,0.4737,0.6842
mrs-nsga2-apportion|mrs-weighted,ctrl_x,prioritized-arbiter-aurus,8,19,0.3684,1.0,0.7368,0.8421
mrs-nsga2-apportion|mrs-weighted,ctrl_y,prioritized-arbiter-aurus,8,57,0.5965,0.807,0.386,0.2982
mrs-nsga2-apportion|mrs-weighted,cross,prioritized-arbiter-aurus,9,26,1.0,0.6538,1.0,0.3462
mrs-nsga2-apportion|mrs-weighted,cross,prioritized-arbiter-aurus,10,14,1.0,0.9286,0.7857,0.9286
mrs-nsga2-apportion|mrs-weighted,ctrl_x,prioritized-arbiter-aurus,10,14,1.0,0.5714,0.8571,0.9286
mrs-nsga2-apportion|mrs-weighted,ctrl_y,prioritized-arbiter-aurus,10,110,0.6727,0.8636,0.3091,0.5364
mrs-nsga2-apportion|mrs-weighted,cross,prioritized-arbiter-aurus,11,27,0.8519,0.9259,0.3333,0.5185
mrs-nsga2-apportion|mrs-weighted,cross,prioritized-arbiter-aurus,12,39,0.3333,0.9744,0.2821,0.5385
mrs-nsga2-apportion|mrs-weighted,ctrl_x,prioritized-arbiter-aurus,12,16,0.625,0.5625,0.5625,0.75
mrs-nsga2-apportion|mrs-weighted,ctrl_y,prioritized-arbiter-aurus,12,109,0.2569,0.6514,0.3945,0.2752
mrs-nsga2-apportion|mrs-weighted,cross,prioritized-arbiter-aurus,13,16,0.375,1.0,0.75,0.5625
mrs-nsga2-apportion|mrs-weighted,cross,prioritized-arbiter-aurus,14,23,0.8261,0.9565,1.0,0.6957
mrs-nsga2-apportion|mrs-weighted,ctrl_x,prioritized-arbiter-aurus,14,23,0.8696,1.0,0.6522,0.5652
mrs-nsga2-apportion|mrs-weighted,ctrl_y,prioritized-arbiter-aurus,14,71,0.5352,0.8873,0.5493,0.662
mrs-nsga2-apportion|mrs-weighted,cross,prioritized-arbiter-aurus,15,25,1.0,1.0,0.36,0.92
mrs-nsga2-apportion|mrs-weighted,cross,prioritized-arbiter-aurus,16,18,0.9444,1.0,0.8333,1.0
mrs-nsga2-apportion|mrs-weighted,ctrl_x,prioritized-arbiter-aurus,16,18,0.9444,1.0,0.8889,0.8889
mrs-nsga2-apportion|mrs-weighted,ctrl_y,prioritized-arbiter-aurus,16,77,0.8571,0.7792,0.7403,0.7273
mrs-nsga2-apportion|mrs-weighted,cross,prioritized-arbiter-aurus,17,58,0.8448,0.9138,0.5345,0.7069
mrs-nsga2-apportion|mrs-weighted,cross,prioritized-arbiter-aurus,18,23,1.0,0.913,0.4783,0.5217
mrs-nsga2-apportion|mrs-weighted,ctrl_x,prioritized-arbiter-aurus,18,23,1.0,0.8696,0.8696,0.2609
mrs-nsga2-apportion|mrs-weighted,ctrl_y,prioritized-arbiter-aurus,18,35,0.9714,0.7714,0.2571,0.2
mrs-nsga2-apportion|mrs-weighted,cross,prioritized-arbiter-aurus,19,23,0.9565,0.4348,0.3913,0.3913
mrs-nsga2-apportion|mrs-weighted,cross,prioritized-arbiter-aurus,20,21,0.9524,0.6667,0.9048,0.8571
mrs-nsga2-apportion|mrs-weighted,ctrl_x,prioritized-arbiter-aurus,20,21,0.9048,0.9048,1.0,0.9048
mrs-nsga2-apportion|mrs-weighted,ctrl_y,prioritized-arbiter-aurus,20,40,0.925,0.9,0.6,0.775
mrs-nsga2-apportion|mrs-weighted,cross,prioritized-arbiter-aurus,21,22,1.0,1.0,0.3182,0.7273
mrs-nsga2-apportion|mrs-weighted,cross,prioritized-arbiter-aurus,22,29,0.8966,0.8276,0.5172,0.7931
mrs-nsga2-apportion|mrs-weighted,ctrl_x,prioritized-arbiter-aurus,22,25,0.96,0.96,0.76,0.52
mrs-nsga2-apportion|mrs-weighted,ctrl_y,prioritized-arbiter-aurus,22,65,1.0,0.6923,0.6154,0.6615
mrs-nsga2-apportion|mrs-weighted,cross,prioritized-arbiter-aurus,23,25,0.92,0.96,0.76,0.96
mrs-nsga2-apportion|mrs-weighted,cross,prioritized-arbiter-aurus,24,20,0.9,0.85,0.65,0.8
mrs-nsga2-apportion|mrs-weighted,ctrl_x,prioritized-arbiter-aurus,24,20,0.6,0.95,0.5,0.95
mrs-nsga2-apportion|mrs-weighted,ctrl_y,prioritized-arbiter-aurus,24,80,0.7125,0.375,0.5625,0.2625
mrs-nsga2-apportion|mrs-weighted,cross,prioritized-arbiter-aurus,25,37,0.7838,0.8108,0.3784,0.2973
mrs-nsga2-apportion|mrs-weighted,cross,prioritized-arbiter-aurus,26,20,0.9,1.0,0.2,0.65
mrs-nsga2-apportion|mrs-weighted,ctrl_x,prioritized-arbiter-aurus,26,15,0.6667,0.8667,0.6,0.7333
mrs-nsga2-apportion|mrs-weighted,ctrl_y,prioritized-arbiter-aurus,26,38,0.7105,1.0,0.4474,0.3421
mrs-nsga2-apportion|mrs-weighted,cross,prioritized-arbiter-aurus,27,15,0.2,0.6667,0.1333,0.1333
mrs-nsga2-apportion|mrs-weighted,cross,prioritized-arbiter-aurus,28,12,0.3333,1.0,0.0833,0.75
mrs-nsga2-apportion|mrs-weighted,ctrl_x,prioritized-arbiter-aurus,28,12,0.5833,0.8333,0.5833,1.0
mrs-nsga2-apportion|mrs-weighted,ctrl_y,prioritized-arbiter-aurus,28,62,0.8871,0.9677,0.2581,0.3387
mrs-nsga2-apportion|mrs-weighted,cross,prioritized-arbiter-aurus,29,27,0.7778,0.5556,0.5556,0.5185
mrs-nsga2-apportion|aurus,cross,rg1,0,23,0.913,0.913,0.6522,0.4783
mrs-nsga2-apportion|aurus,ctrl_x,rg1,0,23,0.8696,0.9565,0.6957,1.0
mrs-nsga2-apportion|aurus,ctrl_y,rg1,0,24,0.7917,0.875,0.75,0.9583
mrs-nsga2-apportion|aurus,cross,rg1,1,24,1.0,0.5417,0.5833,0.7083
mrs-nsga2-apportion|aurus,cross,rg1,2,31,0.9677,0.9677,0.4839,0.129
mrs-nsga2-apportion|aurus,ctrl_x,rg1,2,34,0.8824,0.9412,0.7647,1.0
mrs-nsga2-apportion|aurus,ctrl_y,rg1,2,31,0.9677,0.9677,0.6774,0.9032
mrs-nsga2-apportion|aurus,cross,rg1,3,32,0.9688,0.9688,0.7188,0.4375
mrs-nsga2-apportion|aurus,cross,rg1,4,24,0.9583,0.9583,0.7917,0.4167
mrs-nsga2-apportion|aurus,ctrl_x,rg1,4,24,0.9583,0.8333,1.0,1.0
mrs-nsga2-apportion|aurus,ctrl_y,rg1,4,21,0.7619,1.0,1.0,0.9524
mrs-nsga2-apportion|aurus,cross,rg1,5,21,0.9524,1.0,0.619,0.6667
mrs-nsga2-apportion|aurus,cross,rg1,6,16,0.6875,1.0,0.75,1.0
mrs-nsga2-apportion|aurus,ctrl_x,rg1,6,16,0.6875,1.0,1.0,1.0
mrs-nsga2-apportion|aurus,ctrl_y,rg1,6,20,0.95,0.95,0.9,1.0
mrs-nsga2-apportion|aurus,cross,rg1,7,22,0.9091,0.9091,0.8182,0.2727
mrs-nsga2-apportion|aurus,cross,rg1,8,22,0.8182,0.9545,0.7727,0.7273
mrs-nsga2-apportion|aurus,ctrl_x,rg1,8,22,1.0,0.9545,1.0,1.0
mrs-nsga2-apportion|aurus,ctrl_y,rg1,8,32,0.9062,0.9375,0.9062,0.8125
mrs-nsga2-apportion|aurus,cross,rg1,9,29,0.7241,0.7931,1.0,0.5862
mrs-nsga2-apportion|aurus,cross,rg1,10,22,0.9091,0.9545,0.9091,0.8636
mrs-nsga2-apportion|aurus,ctrl_x,rg1,10,22,0.9091,0.8182,1.0,0.9545
mrs-nsga2-apportion|aurus,ctrl_y,rg1,10,28,0.9286,0.8214,1.0,1.0
mrs-nsga2-apportion|aurus,cross,rg1,11,29,0.931,0.8966,0.8966,0.8621
mrs-nsga2-apportion|aurus,cross,rg1,12,12,0.9167,1.0,1.0,1.0
mrs-nsga2-apportion|aurus,ctrl_x,rg1,12,12,0.6667,0.5833,0.9167,1.0
mrs-nsga2-apportion|aurus,ctrl_y,rg1,12,21,0.8095,0.8571,0.9524,0.8571
mrs-nsga2-apportion|aurus,cross,rg1,13,29,0.2759,0.7931,0.3103,0.3448
mrs-nsga2-apportion|aurus,cross,rg1,14,26,0.8846,0.6923,0.6923,0.4231
mrs-nsga2-apportion|aurus,ctrl_x,rg1,14,29,1.0,0.8966,0.931,0.9655
mrs-nsga2-apportion|aurus,ctrl_y,rg1,14,26,0.7692,0.8846,1.0,0.8462
mrs-nsga2-apportion|aurus,cross,rg1,15,29,0.8966,0.8276,0.7241,0.8966
mrs-nsga2-apportion|aurus,cross,rg1,16,18,0.9444,0.9444,1.0,0.9444
mrs-nsga2-apportion|aurus,ctrl_x,rg1,16,18,0.8889,0.9444,1.0,1.0
mrs-nsga2-apportion|aurus,ctrl_y,rg1,16,18,0.8889,0.7778,1.0,1.0
mrs-nsga2-apportion|aurus,cross,rg1,17,27,1.0,0.963,0.2593,0.3333
mrs-nsga2-apportion|aurus,cross,rg1,18,28,0.7143,0.9643,0.2143,0.5
mrs-nsga2-apportion|aurus,ctrl_x,rg1,18,38,0.8684,0.9474,0.8158,0.7368
mrs-nsga2-apportion|aurus,ctrl_y,rg1,18,21,1.0,0.9048,1.0,0.9524
mrs-nsga2-apportion|aurus,cross,rg1,19,21,1.0,0.619,0.381,0.381
mrs-nsga2-apportion|aurus,cross,rg1,20,28,0.8571,0.9643,0.5357,0.6429
mrs-nsga2-apportion|aurus,ctrl_x,rg1,20,28,0.9643,0.8929,0.9643,1.0
mrs-nsga2-apportion|aurus,ctrl_y,rg1,20,43,1.0,0.3488,0.6744,0.7907
mrs-nsga2-apportion|aurus,cross,rg1,21,37,0.9189,0.8649,0.7568,0.7027
mrs-nsga2-apportion|aurus,cross,rg1,22,29,1.0,0.8276,0.3448,0.7241
mrs-nsga2-apportion|aurus,ctrl_x,rg1,22,27,0.963,0.9259,1.0,0.963
mrs-nsga2-apportion|aurus,ctrl_y,rg1,22,28,0.8929,0.9286,0.7857,0.9286
mrs-nsga2-apportion|aurus,cross,rg1,23,27,0.963,0.963,0.4815,0.4444
mrs-nsga2-apportion|aurus,cross,rg1,24,28,0.7857,0.9643,0.6071,0.7143
mrs-nsga2-apportion|aurus,ctrl_x,rg1,24,32,0.8125,1.0,0.8438,1.0
mrs-nsga2-apportion|aurus,ctrl_y,rg1,24,22,1.0,0.6364,1.0,1.0
mrs-nsga2-apportion|aurus,cross,rg1,25,22,1.0,0.7727,0.8182,0.5909
mrs-nsga2-apportion|aurus,cross,rg1,26,22,1.0,0.8182,0.5909,0.1818
mrs-nsga2-apportion|aurus,ctrl_x,rg1,26,22,0.8636,0.9091,1.0,0.9091
mrs-nsga2-apportion|aurus,ctrl_y,rg1,26,29,0.7931,0.931,0.7241,0.931
mrs-nsga2-apportion|aurus,cross,rg1,27,29,0.7241,0.9655,0.5862,0.5517
mrs-nsga2-apportion|aurus,cross,rg1,28,21,1.0,0.9524,0.8095,0.9048
mrs-nsga2-apportion|aurus,ctrl_x,rg1,28,21,1.0,0.9048,1.0,0.9524
mrs-nsga2-apportion|aurus,ctrl_y,rg1,28,26,0.9615,0.6923,1.0,0.9615
mrs-nsga2-apportion|aurus,cross,rg1,29,26,0.8077,0.8846,0.8077,0.9615
mrs-nsga2-apportion|aurus-nsga2-apportion,cross,rg1,0,6,0.8333,1.0,0.8333,1.0
mrs-nsga2-apportion|aurus-nsga2-apportion,ctrl_x,rg1,0,23,0.8696,0.9565,0.6522,1.0
mrs-nsga2-apportion|aurus-nsga2-apportion,ctrl_y,rg1,0,6,0.5,1.0,1.0,1.0
mrs-nsga2-apportion|aurus-nsga2-apportion,cross,rg1,1,19,1.0,0.9474,1.0,1.0
mrs-nsga2-apportion|aurus-nsga2-apportion,cross,rg1,2,6,0.8333,1.0,1.0,1.0
mrs-nsga2-apportion|aurus-nsga2-apportion,ctrl_x,rg1,2,34,0.8824,0.9412,0.7647,1.0
mrs-nsga2-apportion|aurus-nsga2-apportion,ctrl_y,rg1,2,6,1.0,1.0,1.0,1.0
mrs-nsga2-apportion|aurus-nsga2-apportion,cross,rg1,3,7,1.0,0.8571,1.0,1.0
mrs-nsga2-apportion|aurus-nsga2-apportion,ctrl_x,rg1,4,24,0.9583,0.9167,1.0,1.0
mrs-nsga2-apportion|aurus-nsga2-apportion,cross,rg1,5,14,1.0,0.6429,1.0,1.0
mrs-nsga2-apportion|aurus-nsga2-apportion,cross,rg1,6,16,0.9375,1.0,1.0,1.0
mrs-nsga2-apportion|aurus-nsga2-apportion,ctrl_x,rg1,6,16,0.6875,1.0,1.0,1.0
mrs-nsga2-apportion|aurus-nsga2-apportion,ctrl_y,rg1,6,8,0.875,1.0,1.0,1.0
mrs-nsga2-apportion|aurus-nsga2-apportion,cross,rg1,7,8,0.875,0.875,1.0,1.0
mrs-nsga2-apportion|aurus-nsga2-apportion,cross,rg1,8,6,1.0,0.8333,1.0,1.0
mrs-nsga2-apportion|aurus-nsga2-apportion,ctrl_x,rg1,8,22,1.0,1.0,1.0,1.0
mrs-nsga2-apportion|aurus-nsga2-apportion,ctrl_y,rg1,8,6,1.0,1.0,1.0,1.0
mrs-nsga2-apportion|aurus-nsga2-apportion,cross,rg1,9,9,1.0,0.8889,1.0,1.0
mrs-nsga2-apportion|aurus-nsga2-apportion,ctrl_x,rg1,10,22,0.9091,1.0,1.0,1.0
mrs-nsga2-apportion|aurus-nsga2-apportion,ctrl_x,rg1,12,12,0.9167,0.5,0.5833,0.9167
mrs-nsga2-apportion|aurus-nsga2-apportion,cross,rg1,14,11,0.5455,0.9091,1.0,1.0
mrs-nsga2-apportion|aurus-nsga2-apportion,ctrl_x,rg1,14,29,1.0,0.8621,0.9655,0.9655
mrs-nsga2-apportion|aurus-nsga2-apportion,ctrl_y,rg1,14,11,1.0,1.0,1.0,1.0
mrs-nsga2-apportion|aurus-nsga2-apportion,cross,rg1,15,15,0.9333,1.0,1.0,1.0
mrs-nsga2-apportion|aurus-nsga2-apportion,cross,rg1,16,14,1.0,1.0,1.0,1.0
mrs-nsga2-apportion|aurus-nsga2-apportion,ctrl_x,rg1,16,18,0.8889,0.9444,1.0,1.0
mrs-nsga2-apportion|aurus-nsga2-apportion,ctrl_y,rg1,16,7,0.8571,1.0,1.0,1.0
mrs-nsga2-apportion|aurus-nsga2-apportion,cross,rg1,17,7,0.8571,1.0,1.0,1.0
mrs-nsga2-apportion|aurus-nsga2-apportion,cross,rg1,18,14,0.8571,0.9286,1.0,1.0
mrs-nsga2-apportion|aurus-nsga2-apportion,ctrl_x,rg1,18,38,0.8421,0.9474,0.8158,0.8947
mrs-nsga2-apportion|aurus-nsga2-apportion,ctrl_y,rg1,18,11,1.0,0.9091,0.9091,1.0
mrs-nsga2-apportion|aurus-nsga2-apportion,cross,rg1,19,11,1.0,0.7273,1.0,1.0
mrs-nsga2-apportion|aurus-nsga2-apportion,cross,rg1,20,6,1.0,1.0,1.0,1.0
mrs-nsga2-apportion|aurus-nsga2-apportion,ctrl_x,rg1,20,28,0.8929,0.9286,0.9643,1.0
mrs-nsga2-apportion|aurus-nsga2-apportion,ctrl_y,rg1,20,6,0.6667,1.0,1.0,1.0
mrs-nsga2-apportion|aurus-nsga2-apportion,cross,rg1,21,6,1.0,1.0,1.0,1.0
mrs-nsga2-apportion|aurus-nsga2-apportion,cross,rg1,22,19,0.9474,0.7895,0.6842,1.0
mrs-nsga2-apportion|aurus-nsga2-apportion,ctrl_x,rg1,22,27,1.0,0.8889,1.0,0.963
mrs-nsga2-apportion|aurus-nsga2-apportion,ctrl_y,rg1,22,14,1.0,0.5714,1.0,0.7857
mrs-nsga2-apportion|aurus-nsga2-apportion,cross,rg1,23,14,1.0,0.7857,1.0,1.0
mrs-nsga2-apportion|aurus-nsga2-apportion,cross,rg1,24,9,1.0,0.8889,1.0,1.0
mrs-nsga2-apportion|aurus-nsga2-apportion,ctrl_x,rg1,24,32,0.8125,1.0,0.8438,1.0
mrs-nsga2-apportion|aurus-nsga2-apportion,ctrl_x,rg1,26,22,0.9091,0.8636,1.0,0.8636
mrs-nsga2-apportion|aurus-nsga2-apportion,cross,rg1,27,11,1.0,0.9091,1.0,1.0
mrs-nsga2-apportion|aurus-nsga2-apportion,cross,rg1,28,6,0.6667,1.0,1.0,1.0
mrs-nsga2-apportion|aurus-nsga2-apportion,ctrl_x,rg1,28,21,1.0,0.8571,1.0,1.0
mrs-nsga2-apportion|mrs-weighted,cross,rg1,0,23,0.913,1.0,0.6957,1.0
mrs-nsga2-apportion|mrs-weighted,ctrl_x,rg1,0,23,0.8696,0.9565,0.6957,1.0
mrs-nsga2-apportion|mrs-weighted,ctrl_y,rg1,0,70,0.5143,0.9429,0.7143,0.7143
mrs-nsga2-apportion|mrs-weighted,cross,rg1,1,27,0.6667,0.963,0.8519,0.8889
mrs-nsga2-apportion|mrs-weighted,cross,rg1,2,34,0.7941,1.0,0.6176,1.0
mrs-nsga2-apportion|mrs-weighted,ctrl_x,rg1,2,34,0.8824,0.9412,0.7647,1.0
mrs-nsga2-apportion|mrs-weighted,ctrl_y,rg1,2,74,0.6622,0.9189,0.7432,0.6216
mrs-nsga2-apportion|mrs-weighted,cross,rg1,3,34,0.7941,1.0,0.9412,0.7941
mrs-nsga2-apportion|mrs-weighted,cross,rg1,4,24,0.7083,0.8333,0.8333,0.8333
mrs-nsga2-apportion|mrs-weighted,ctrl_x,rg1,4,24,0.9583,0.8333,1.0,1.0
mrs-nsga2-apportion|mrs-weighted,ctrl_y,rg1,4,36,0.7778,0.8889,0.8611,0.8611
mrs-nsga2-apportion|mrs-weighted,cross,rg1,5,25,0.92,1.0,0.84,1.0
mrs-nsga2-apportion|mrs-weighted,cross,rg1,6,16,0.5625,1.0,0.75,0.9375
mrs-nsga2-apportion|mrs-weighted,ctrl_x,rg1,6,16,0.6875,1.0,1.0,1.0
mrs-nsga2-apportion|mrs-weighted,ctrl_y,rg1,6,76,0.9342,0.9737,0.6974,0.8421
mrs-nsga2-apportion|mrs-weighted,cross,rg1,7,25,1.0,0.68,0.92,0.76
mrs-nsga2-apportion|mrs-weighted,cross,rg1,8,22,0.8636,1.0,0.9545,1.0
mrs-nsga2-apportion|mrs-weighted,ctrl_x,rg1,8,22,1.0,0.9545,1.0,1.0
mrs-nsga2-apportion|mrs-weighted,ctrl_y,rg1,8,86,0.7093,0.9186,0.4767,0.8256
mrs-nsga2-apportion|mrs-weighted,cross,rg1,9,29,0.6897,0.9655,0.9655,0.8276
mrs-nsga2-apportion|mrs-weighted,cross,rg1,10,22,0.9545,0.8182,0.8182,0.7273
mrs-nsga2-apportion|mrs-weighted,ctrl_x,rg1,10,22,0.9091,0.8182,1.0,0.9545
mrs-nsga2-apportion|mrs-weighted,ctrl_y,rg1,10,94,0.6489,0.8404,0.4681,0.6809
mrs-nsga2-apportion|mrs-weighted,cross,rg1,11,32,0.625,0.875,0.5625,0.8438
mrs-nsga2-apportion|mrs-weighted,cross,rg1,12,12,1.0,0.9167,0.75,1.0
mrs-nsga2-apportion|mrs-weighted,ctrl_x,rg1,12,12,0.6667,0.5833,0.9167,1.0
mrs-nsga2-apportion|mrs-weighted,ctrl_y,rg1,12,59,0.9322,1.0,0.1017,0.5254
mrs-nsga2-apportion|mrs-weighted,cross,rg1,13,54,0.7778,0.9444,0.6667,0.9259
mrs-nsga2-apportion|mrs-weighted,cross,rg1,14,31,1.0,0.8065,0.5806,0.2903
mrs-nsga2-apportion|mrs-weighted,ctrl_x,rg1,14,29,1.0,0.8621,0.931,0.9655
mrs-nsga2-apportion|mrs-weighted,ctrl_y,rg1,14,69,0.6957,0.8841,0.5507,0.5942
mrs-nsga2-apportion|mrs-weighted,cross,rg1,15,29,0.931,0.931,0.6552,0.7241
mrs-nsga2-apportion|mrs-weighted,cross,rg1,16,18,0.7778,0.9444,0.9444,1.0
mrs-nsga2-apportion|mrs-weighted,ctrl_x,rg1,16,18,0.8889,0.9444,1.0,1.0
mrs-nsga2-apportion|mrs-weighted,ctrl_y,rg1,16,53,0.7925,0.9057,0.4906,0.7736
mrs-nsga2-apportion|mrs-weighted,cross,rg1,17,33,0.8485,0.9697,0.9091,1.0
mrs-nsga2-apportion|mrs-weighted,cross,rg1,18,38,0.6316,0.9737,0.8158,0.7368
mrs-nsga2-apportion|mrs-weighted,ctrl_x,rg1,18,38,0.8421,0.8947,0.8158,0.7895
mrs-nsga2-apportion|mrs-weighted,ctrl_y,rg1,18,75,0.9733,0.96,0.5467,0.36
mrs-nsga2-apportion|mrs-weighted,cross,rg1,19,40,0.475,0.825,0.35,0.5
mrs-nsga2-apportion|mrs-weighted,cross,rg1,20,28,0.75,0.8571,0.8929,0.9286
mrs-nsga2-apportion|mrs-weighted,ctrl_x,rg1,20,28,0.9643,0.8929,0.9643,1.0
mrs-nsga2-apportion|mrs-weighted,ctrl_y,rg1,20,67,0.7313,0.9254,0.806,0.7761
mrs-nsga2-apportion|mrs-weighted,cross,rg1,21,37,0.7838,0.973,0.8649,1.0
mrs-nsga2-apportion|mrs-weighted,cross,rg1,22,29,0.8966,0.9655,0.9655,1.0
mrs-nsga2-apportion|mrs-weighted,ctrl_x,rg1,22,27,0.963,0.9259,1.0,0.963
mrs-nsga2-apportion|mrs-weighted,ctrl_y,rg1,22,55,0.8909,0.8545,0.6727,0.6545
mrs-nsga2-apportion|mrs-weighted,cross,rg1,23,27,0.7407,1.0,0.4074,0.5556
mrs-nsga2-apportion|mrs-weighted,cross,rg1,24,32,0.8125,1.0,0.6875,0.9062
mrs-nsga2-apportion|mrs-weighted,ctrl_x,rg1,24,32,0.8125,1.0,0.8438,1.0
mrs-nsga2-apportion|mrs-weighted,ctrl_y,rg1,24,79,0.962,0.9494,0.5063,0.6962
mrs-nsga2-apportion|mrs-weighted,cross,rg1,25,34,0.9118,1.0,1.0,1.0
mrs-nsga2-apportion|mrs-weighted,cross,rg1,26,22,0.8636,0.8636,0.5,0.5
mrs-nsga2-apportion|mrs-weighted,ctrl_x,rg1,26,22,0.8636,0.9091,1.0,0.9091
mrs-nsga2-apportion|mrs-weighted,ctrl_y,rg1,26,85,0.9059,0.5647,0.4353,0.3765
mrs-nsga2-apportion|mrs-weighted,cross,rg1,27,40,0.975,0.95,0.575,0.775
mrs-nsga2-apportion|mrs-weighted,cross,rg1,28,21,0.9524,0.9524,0.619,0.4762
mrs-nsga2-apportion|mrs-weighted,ctrl_x,rg1,28,21,1.0,0.9048,1.0,0.9524
mrs-nsga2-apportion|mrs-weighted,ctrl_y,rg1,28,73,0.5342,0.7671,0.4658,0.3288
mrs-nsga2-apportion|mrs-weighted,cross,rg1,29,27,0.5926,1.0,0.4074,0.3704
aurus-nsga2-apportion|aurus,cross,rg1,0,6,0.3333,1.0,0.8333,1.0
aurus-nsga2-apportion|aurus,ctrl_x,rg1,0,6,0.5,1.0,1.0,1.0
aurus-nsga2-apportion|aurus,ctrl_y,rg1,0,24,0.9583,0.875,0.7083,0.9583
aurus-nsga2-apportion|aurus,cross,rg1,1,19,0.8947,0.6316,0.9474,0.5263
aurus-nsga2-apportion|aurus,cross,rg1,2,6,1.0,1.0,1.0,1.0
aurus-nsga2-apportion|aurus,ctrl_x,rg1,2,6,1.0,1.0,1.0,1.0
aurus-nsga2-apportion|aurus,ctrl_y,rg1,2,31,0.9677,0.9677,0.6774,0.9032
aurus-nsga2-apportion|aurus,cross,rg1,3,7,0.5714,1.0,0.4286,1.0
aurus-nsga2-apportion|aurus,ctrl_y,rg1,4,21,0.6667,1.0,1.0,1.0
aurus-nsga2-apportion|aurus,cross,rg1,5,14,0.7857,0.9286,1.0,0.9286
aurus-nsga2-apportion|aurus,cross,rg1,6,20,0.85,1.0,0.95,1.0
aurus-nsga2-apportion|aurus,ctrl_x,rg1,6,8,1.0,1.0,1.0,1.0
aurus-nsga2-apportion|aurus,ctrl_y,rg1,6,20,1.0,0.85,0.9,1.0
aurus-nsga2-apportion|aurus,cross,rg1,7,8,0.75,1.0,0.25,1.0
aurus-nsga2-apportion|aurus,cross,rg1,8,6,0.8333,1.0,1.0,1.0
aurus-nsga2-apportion|aurus,ctrl_x,rg1,8,6,1.0,1.0,1.0,1.0
aurus-nsga2-apportion|aurus,ctrl_y,rg1,8,32,0.9375,0.9375,0.9062,0.8125
aurus-nsga2-apportion|aurus,cross,rg1,9,9,0.8889,1.0,1.0,1.0
aurus-nsga2-apportion|aurus,ctrl_y,rg1,10,28,0.9286,0.7857,1.0,1.0
aurus-nsga2-apportion|aurus,ctrl_y,rg1,12,21,0.8095,0.8571,0.9524,0.8571
aurus-nsga2-apportion|aurus,cross,rg1,14,11,0.9091,0.9091,0.9091,0.4545
aurus-nsga2-apportion|aurus,ctrl_x,rg1,14,11,1.0,1.0,1.0,1.0
aurus-nsga2-apportion|aurus,ctrl_y,rg1,14,26,0.7692,0.9231,1.0,0.8462
aurus-nsga2-apportion|aurus,cross,rg1,15,15,0.7333,1.0,1.0,1.0
aurus-nsga2-apportion|aurus,cross,rg1,16,14,0.9286,0.9286,0.6429,1.0
aurus-nsga2-apportion|aurus,ctrl_x,rg1,16,7,0.8571,1.0,1.0,1.0
aurus-nsga2-apportion|aurus,ctrl_y,rg1,16,18,0.9444,0.6667,1.0,1.0
aurus-nsga2-apportion|aurus,cross,rg1,17,7,1.0,0.7143,1.0,1.0
aurus-nsga2-apportion|aurus,cross,rg1,18,14,0.8571,1.0,0.6429,1.0
aurus-nsga2-apportion|aurus,ctrl_x,rg1,18,11,1.0,0.8182,0.8182,1.0
aurus-nsga2-apportion|aurus,ctrl_y,rg1,18,21,0.9048,0.8095,1.0,0.9524
aurus-nsga2-apportion|aurus,cross,rg1,19,11,0.8182,1.0,0.6364,0.7273
aurus-nsga2-apportion|aurus,cross,rg1,20,6,1.0,1.0,1.0,1.0
aurus-nsga2-apportion|aurus,ctrl_x,rg1,20,6,0.6667,1.0,1.0,1.0
aurus-nsga2-apportion|aurus,ctrl_y,rg1,20,43,1.0,0.3953,0.6977,0.7907
aurus-nsga2-apportion|aurus,cross,rg1,21,6,1.0,1.0,1.0,1.0
aurus-nsga2-apportion|aurus,cross,rg1,22,19,1.0,0.8421,1.0,1.0
aurus-nsga2-apportion|aurus,ctrl_x,rg1,22,14,1.0,0.4286,1.0,1.0
aurus-nsga2-apportion|aurus,ctrl_y,rg1,22,28,0.8929,0.9286,0.75,0.8214
aurus-nsga2-apportion|aurus,cross,rg1,23,14,0.7857,1.0,0.1429,0.9286
aurus-nsga2-apportion|aurus,cross,rg1,24,9,0.8889,0.8889,0.3333,1.0
aurus-nsga2-apportion|aurus,ctrl_y,rg1,24,22,0.9545,0.7273,1.0,0.7273
aurus-nsga2-apportion|aurus,ctrl_y,rg1,26,29,0.7241,0.8966,0.6897,0.931
aurus-nsga2-apportion|aurus,cross,rg1,27,11,0.8182,1.0,1.0,0.4545
aurus-nsga2-apportion|aurus,cross,rg1,28,6,1.0,1.0,1.0,1.0
aurus-nsga2-apportion|aurus,ctrl_y,rg1,28,26,1.0,0.7308,1.0,0.9615
mrs-nsga2-apportion|aurus,cross,rg2,0,12,1.0,1.0,1.0,1.0
mrs-nsga2-apportion|aurus,ctrl_x,rg2,0,12,1.0,1.0,1.0,1.0
mrs-nsga2-apportion|aurus,ctrl_y,rg2,0,14,1.0,1.0,1.0,1.0
mrs-nsga2-apportion|aurus,cross,rg2,1,17,1.0,0.8824,0.8824,0.7647
mrs-nsga2-apportion|aurus,cross,rg2,2,14,1.0,0.9286,1.0,1.0
mrs-nsga2-apportion|aurus,ctrl_x,rg2,2,14,1.0,1.0,1.0,1.0
mrs-nsga2-apportion|aurus,ctrl_y,rg2,2,15,1.0,1.0,1.0,1.0
mrs-nsga2-apportion|aurus,cross,rg2,3,15,1.0,1.0,1.0,0.9333
mrs-nsga2-apportion|aurus,cross,rg2,4,19,1.0,0.8421,0.6316,0.2632
mrs-nsga2-apportion|aurus,ctrl_x,rg2,4,19,1.0,0.8947,1.0,0.5789
mrs-nsga2-apportion|aurus,ctrl_y,rg2,4,21,0.9048,1.0,0.8571,1.0
mrs-nsga2-apportion|aurus,cross,rg2,5,21,0.9524,1.0,0.619,0.9048
mrs-nsga2-apportion|aurus,cross,rg2,6,13,1.0,1.0,0.7692,1.0
mrs-nsga2-apportion|aurus,ctrl_x,rg2,6,22,1.0,1.0,1.0,0.8182
mrs-nsga2-apportion|aurus,ctrl_y,rg2,6,13,1.0,1.0,0.9231,1.0
mrs-nsga2-apportion|aurus,cross,rg2,7,16,1.0,0.9375,1.0,0.5625
mrs-nsga2-apportion|aurus,cross,rg2,8,16,0.9375,1.0,0.8125,1.0
mrs-nsga2-apportion|aurus,ctrl_x,rg2,8,16,0.875,1.0,1.0,1.0
mrs-nsga2-apportion|aurus,ctrl_y,rg2,8,21,1.0,1.0,1.0,1.0
mrs-nsga2-apportion|aurus,cross,rg2,9,19,1.0,1.0,0.9474,1.0
mrs-nsga2-apportion|aurus,cross,rg2,10,21,1.0,1.0,0.619,0.9524
mrs-nsga2-apportion|aurus,ctrl_x,rg2,10,18,1.0,1.0,1.0,1.0
mrs-nsga2-apportion|aurus,ctrl_y,rg2,10,21,0.9048,0.9524,1.0,1.0
mrs-nsga2-apportion|aurus,cross,rg2,11,18,1.0,1.0,1.0,0.8333
mrs-nsga2-apportion|aurus,cross,rg2,12,17,1.0,0.9412,1.0,0.4118
mrs-nsga2-apportion|aurus,ctrl_x,rg2,12,22,0.9545,1.0,1.0,1.0
mrs-nsga2-apportion|aurus,ctrl_y,rg2,12,15,1.0,1.0,1.0,1.0
mrs-nsga2-apportion|aurus,cross,rg2,13,15,1.0,0.9333,1.0,0.8667
mrs-nsga2-apportion|aurus,cross,rg2,14,10,1.0,0.5,0.7,1.0
mrs-nsga2-apportion|aurus,ctrl_x,rg2,14,10,1.0,1.0,1.0,1.0
mrs-nsga2-apportion|aurus,ctrl_y,rg2,14,17,0.9412,1.0,0.8824,1.0
mrs-nsga2-apportion|aurus,cross,rg2,15,15,1.0,0.7333,0.6667,0.7333
mrs-nsga2-apportion|aurus,cross,rg2,16,17,1.0,1.0,0.4706,1.0
mrs-nsga2-apportion|aurus,ctrl_x,rg2,16,17,1.0,1.0,0.8824,1.0
mrs-nsga2-apportion|aurus,ctrl_y,rg2,16,16,1.0,1.0,1.0,0.8125
mrs-nsga2-apportion|aurus,cross,rg2,17,16,1.0,1.0,1.0,1.0
mrs-nsga2-apportion|aurus,cross,rg2,18,12,1.0,1.0,1.0,1.0
mrs-nsga2-apportion|aurus,ctrl_x,rg2,18,12,1.0,0.8333,1.0,0.8333
mrs-nsga2-apportion|aurus,ctrl_y,rg2,18,17,1.0,1.0,1.0,1.0
mrs-nsga2-apportion|aurus,cross,rg2,19,17,0.9412,1.0,0.3529,0.8824
mrs-nsga2-apportion|aurus,cross,rg2,20,21,1.0,1.0,1.0,0.9524
mrs-nsga2-apportion|aurus,ctrl_x,rg2,20,21,1.0,0.9048,1.0,1.0
mrs-nsga2-apportion|aurus,ctrl_y,rg2,20,23,1.0,0.9565,1.0,1.0
mrs-nsga2-apportion|aurus,cross,rg2,21,23,0.9565,0.9565,0.8696,0.9565
mrs-nsga2-apportion|aurus,cross,rg2,22,7,1.0,1.0,1.0,1.0
mrs-nsga2-apportion|aurus,ctrl_x,rg2,22,20,1.0,0.8,0.95,0.75
mrs-nsga2-apportion|aurus,ctrl_y,rg2,22,7,1.0,1.0,1.0,1.0
mrs-nsga2-apportion|aurus,cross,rg2,23,20,0.75,0.95,0.5,0.9
mrs-nsga2-apportion|aurus,cross,rg2,24,16,1.0,1.0,1.0,1.0
mrs-nsga2-apportion|aurus,ctrl_x,rg2,24,16,1.0,1.0,1.0,1.0
mrs-nsga2-apportion|aurus,ctrl_y,rg2,24,18,1.0,0.9444,0.9444,0.9444
mrs-nsga2-apportion|aurus,cross,rg2,25,19,1.0,0.8947,1.0,0.5789
mrs-nsga2-apportion|aurus,cross,rg2,26,10,1.0,1.0,0.6,1.0
mrs-nsga2-apportion|aurus,ctrl_x,rg2,26,23,0.9565,0.913,1.0,1.0
mrs-nsga2-apportion|aurus,ctrl_y,rg2,26,10,1.0,0.9,1.0,1.0
mrs-nsga2-apportion|aurus,cross,rg2,27,21,1.0,1.0,1.0,0.7619
mrs-nsga2-apportion|aurus,cross,rg2,28,13,1.0,0.9231,1.0,1.0
mrs-nsga2-apportion|aurus,ctrl_x,rg2,28,16,1.0,1.0,1.0,1.0
mrs-nsga2-apportion|aurus,ctrl_y,rg2,28,13,0.9231,1.0,1.0,1.0
mrs-nsga2-apportion|aurus,cross,rg2,29,16,1.0,1.0,1.0,0.8125
mrs-nsga2-apportion|aurus-nsga2-apportion,cross,rg2,0,12,1.0,1.0,1.0,1.0
mrs-nsga2-apportion|aurus-nsga2-apportion,ctrl_x,rg2,0,12,1.0,1.0,1.0,1.0
mrs-nsga2-apportion|aurus-nsga2-apportion,ctrl_y,rg2,0,20,1.0,1.0,0.9,0.9
mrs-nsga2-apportion|aurus-nsga2-apportion,cross,rg2,1,17,1.0,1.0,1.0,1.0
mrs-nsga2-apportion|aurus-nsga2-apportion,cross,rg2,2,14,1.0,1.0,1.0,1.0
mrs-nsga2-apportion|aurus-nsga2-apportion,ctrl_x,rg2,2,14,1.0,1.0,1.0,1.0
mrs-nsga2-apportion|aurus-nsga2-apportion,ctrl_y,rg2,2,20,1.0,1.0,1.0,1.0
mrs-nsga2-apportion|aurus-nsga2-apportion,cross,rg2,3,20,1.0,1.0,1.0,1.0
mrs-nsga2-apportion|aurus-nsga2-apportion,cross,rg2,4,13,1.0,1.0,1.0,1.0
mrs-nsga2-apportion|aurus-nsga2-apportion,ctrl_x,rg2,4,19,1.0,0.9474,1.0,0.7368
mrs-nsga2-apportion|aurus-nsga2-apportion,ctrl_y,rg2,4,13,1.0,1.0,1.0,1.0
mrs-nsga2-apportion|aurus-nsga2-apportion,cross,rg2,5,21,0.9048,1.0,1.0,0.9524
mrs-nsga2-apportion|aurus-nsga2-apportion,cross,rg2,6,26,1.0,1.0,1.0,1.0
mrs-nsga2-apportion|aurus-nsga2-apportion,ctrl_x,rg2,6,22,0.9091,1.0,1.0,0.8182
mrs-nsga2-apportion|aurus-nsga2-apportion,ctrl_y,rg2,6,26,1.0,1.0,0.5385,0.9615
mrs-nsga2-apportion|aurus-nsga2-apportion,cross,rg2,7,22,1.0,0.9545,1.0,1.0
mrs-nsga2-apportion|aurus-nsga2-apportion,cross,rg2,8,16,1.0,1.0,1.0,1.0
mrs-nsga2-apportion|aurus-nsga2-apportion,ctrl_x,rg2,8,16,0.875,1.0,1.0,1.0
mrs-nsga2-apportion|aurus-nsga2-apportion,ctrl_y,rg2,8,21,1.0,0.9048,1.0,1.0
mrs-nsga2-apportion|aurus-nsga2-apportion,cross,rg2,9,19,1.0,0.9474,1.0,1.0
mrs-nsga2-apportion|aurus-nsga2-apportion,cross,rg2,10,21,1.0,0.9524,1.0,1.0
mrs-nsga2-apportion|aurus-nsga2-apportion,ctrl_x,rg2,10,18,1.0,1.0,1.0,1.0
mrs-nsga2-apportion|aurus-nsga2-apportion,ctrl_y,rg2,10,21,0.8571,0.9048,0.9524,1.0
mrs-nsga2-apportion|aurus-nsga2-apportion,cross,rg2,11,18,1.0,0.9444,0.9444,1.0
mrs-nsga2-apportion|aurus-nsga2-apportion,cross,rg2,12,22,1.0,1.0,1.0,1.0
mrs-nsga2-apportion|aurus-nsga2-apportion,ctrl_x,rg2,12,22,0.9545,1.0,1.0,1.0
mrs-nsga2-apportion|aurus-nsga2-apportion,ctrl_y,rg2,12,19,1.0,1.0,1.0,1.0
mrs-nsga2-apportion|aurus-nsga2-apportion,cross,rg2,13,19,1.0,1.0,0.9474,0.9474
mrs-nsga2-apportion|aurus-nsga2-apportion,cross,rg2,14,10,1.0,1.0,1.0,1.0
mrs-nsga2-apportion|aurus-nsga2-apportion,ctrl_x,rg2,14,10,1.0,1.0,1.0,1.0
mrs-nsga2-apportion|aurus-nsga2-apportion,ctrl_y,rg2,14,21,1.0,1.0,1.0,1.0
mrs-nsga2-apportion|aurus-nsga2-apportion,cross,rg2,15,15,1.0,1.0,0.8,1.0
mrs-nsga2-apportion|aurus-nsga2-apportion,cross,rg2,16,17,1.0,1.0,1.0,1.0
mrs-nsga2-apportion|aurus-nsga2-apportion,ctrl_x,rg2,16,17,1.0,1.0,0.8824,1.0
mrs-nsga2-apportion|aurus-nsga2-apportion,ctrl_y,rg2,16,24,0.9583,0.9167,0.7917,1.0
mrs-nsga2-apportion|aurus-nsga2-apportion,cross,rg2,17,24,1.0,0.875,1.0,0.9583
mrs-nsga2-apportion|aurus-nsga2-apportion,cross,rg2,18,12,1.0,1.0,1.0,1.0
mrs-nsga2-apportion|aurus-nsga2-apportion,ctrl_x,rg2,18,12,1.0,0.8333,1.0,0.8333
mrs-nsga2-apportion|aurus-nsga2-apportion,ctrl_y,rg2,18,17,1.0,0.8235,1.0,0.6471
mrs-nsga2-apportion|aurus-nsga2-apportion,cross,rg2,19,27,1.0,0.963,1.0,1.0
mrs-nsga2-apportion|aurus-nsga2-apportion,cross,rg2,20,14,1.0,1.0,1.0,1.0
mrs-nsga2-apportion|aurus-nsga2-apportion,ctrl_x,rg2,20,21,1.0,0.9524,1.0,1.0
mrs-nsga2-apportion|aurus-nsga2-apportion,ctrl_y,rg2,20,14,1.0,1.0,1.0,1.0
mrs-nsga2-apportion|aurus-nsga2-apportion,cross,rg2,21,26,0.9615,0.9615,1.0,1.0
mrs-nsga2-apportion|aurus-nsga2-apportion,cross,rg2,22,21,1.0,1.0,1.0,1.0
mrs-nsga2-apportion|aurus-nsga2-apportion,ctrl_x,rg2,22,20,1.0,0.85,0.95,0.75
mrs-nsga2-apportion|aurus-nsga2-apportion,ctrl_y,rg2,22,23,1.0,0.9565,1.0,1.0
mrs-nsga2-apportion|aurus-nsga2-apportion,cross,rg2,23,20,0.9,0.95,1.0,1.0
mrs-nsga2-apportion|aurus-nsga2-apportion,cross,rg2,24,16,1.0,1.0,1.0,1.0
mrs-nsga2-apportion|aurus-nsga2-apportion,ctrl_x,rg2,24,16,1.0,1.0,1.0,1.0
mrs-nsga2-apportion|aurus-nsga2-apportion,ctrl_y,rg2,24,16,1.0,0.9375,1.0,1.0
mrs-nsga2-apportion|aurus-nsga2-apportion,cross,rg2,25,17,1.0,1.0,1.0,0.7059
mrs-nsga2-apportion|aurus-nsga2-apportion,cross,rg2,26,22,1.0,0.9545,0.9545,0.6818
mrs-nsga2-apportion|aurus-nsga2-apportion,ctrl_x,rg2,26,23,0.9565,0.913,1.0,1.0
mrs-nsga2-apportion|aurus-nsga2-apportion,ctrl_y,rg2,26,22,0.9545,1.0,0.9545,1.0
mrs-nsga2-apportion|aurus-nsga2-apportion,cross,rg2,27,25,1.0,1.0,1.0,1.0
mrs-nsga2-apportion|aurus-nsga2-apportion,cross,rg2,28,22,1.0,1.0,1.0,1.0
mrs-nsga2-apportion|aurus-nsga2-apportion,ctrl_x,rg2,28,16,1.0,1.0,1.0,1.0
mrs-nsga2-apportion|aurus-nsga2-apportion,ctrl_y,rg2,28,21,1.0,1.0,0.619,0.7143
mrs-nsga2-apportion|aurus-nsga2-apportion,cross,rg2,29,16,1.0,1.0,0.9375,0.875
mrs-nsga2-apportion|mrs-weighted,cross,rg2,0,12,1.0,0.5,0.5,0.3333
mrs-nsga2-apportion|mrs-weighted,ctrl_x,rg2,0,12,1.0,1.0,1.0,1.0
mrs-nsga2-apportion|mrs-weighted,ctrl_y,rg2,0,25,0.88,1.0,1.0,1.0
mrs-nsga2-apportion|mrs-weighted,cross,rg2,1,17,0.8824,0.8824,1.0,1.0
mrs-nsga2-apportion|mrs-weighted,cross,rg2,2,14,1.0,1.0,1.0,1.0
mrs-nsga2-apportion|mrs-weighted,ctrl_x,rg2,2,14,1.0,1.0,1.0,1.0
mrs-nsga2-apportion|mrs-weighted,ctrl_y,rg2,2,15,1.0,1.0,1.0,1.0
mrs-nsga2-apportion|mrs-weighted,cross,rg2,3,15,0.9333,1.0,1.0,1.0
mrs-nsga2-apportion|mrs-weighted,cross,rg2,4,16,1.0,1.0,1.0,1.0
mrs-nsga2-apportion|mrs-weighted,ctrl_x,rg2,4,19,1.0,0.9474,1.0,0.7368
mrs-nsga2-apportion|mrs-weighted,ctrl_y,rg2,4,16,1.0,1.0,1.0,0.9375
mrs-nsga2-apportion|mrs-weighted,cross,rg2,5,21,1.0,0.9048,0.9048,1.0
mrs-nsga2-apportion|mrs-weighted,cross,rg2,6,24,0.9583,1.0,0.7917,0.8333
mrs-nsga2-apportion|mrs-weighted,ctrl_x,rg2,6,22,1.0,1.0,1.0,0.8182
mrs-nsga2-apportion|mrs-weighted,ctrl_y,rg2,6,24,0.9583,1.0,1.0,0.8333
mrs-nsga2-apportion|mrs-weighted,cross,rg2,7,22,0.9545,1.0,0.5455,1.0
mrs-nsga2-apportion|mrs-weighted,cross,rg2,8,16,0.9375,1.0,1.0,1.0
mrs-nsga2-apportion|mrs-weighted,ctrl_x,rg2,8,16,0.875,1.0,1.0,1.0
mrs-nsga2-apportion|mrs-weighted,ctrl_y,rg2,8,33,0.9091,0.9697,0.9394,1.0
mrs-nsga2-apportion|mrs-weighted,cross,rg2,9,19,1.0,0.9474,1.0,1.0
mrs-nsga2-apportion|mrs-weighted,cross,rg2,10,24,1.0,0.9583,0.9583,1.0
mrs-nsga2-apportion|mrs-weighted,ctrl_x,rg2,10,18,1.0,1.0,1.0,1.0
mrs-nsga2-apportion|mrs-weighted,ctrl_y,rg2,10,26,0.9231,1.0,1.0,0.9615
mrs-nsga2-apportion|mrs-weighted,cross,rg2,11,18,0.9444,1.0,0.7778,1.0
mrs-nsga2-apportion|mrs-weighted,cross,rg2,12,22,1.0,0.9091,1.0,1.0
mrs-nsga2-apportion|mrs-weighted,ctrl_x,rg2,12,22,0.9545,1.0,1.0,1.0
mrs-nsga2-apportion|mrs-weighted,ctrl_y,rg2,12,32,1.0,0.9688,1.0,1.0
mrs-nsga2-apportion|mrs-weighted,cross,rg2,13,22,1.0,1.0,1.0,1.0
mrs-nsga2-apportion|mrs-weighted,cross,rg2,14,10,1.0,1.0,1.0,1.0
mrs-nsga2-apportion|mrs-weighted,ctrl_x,rg2,14,10,1.0,1.0,1.0,1.0
mrs-nsga2-apportion|mrs-weighted,ctrl_y,rg2,14,38,0.8947,0.9474,0.9211,0.8947
mrs-nsga2-apportion|mrs-weighted,cross,rg2,15,15,1.0,0.9333,1.0,1.0
mrs-nsga2-apportion|mrs-weighted,cross,rg2,16,17,1.0,1.0,0.3529,1.0
mrs-nsga2-apportion|mrs-weighted,ctrl_x,rg2,16,17,1.0,1.0,0.8824,1.0
mrs-nsga2-apportion|mrs-weighted,ctrl_y,rg2,16,37,1.0,0.9459,1.0,0.9189
mrs-nsga2-apportion|mrs-weighted,cross,rg2,17,30,0.9,1.0,0.9333,0.9667
mrs-nsga2-apportion|mrs-weighted,cross,rg2,18,12,1.0,1.0,1.0,1.0
mrs-nsga2-apportion|mrs-weighted,ctrl_x,rg2,18,12,1.0,0.8333,1.0,0.8333
mrs-nsga2-apportion|mrs-weighted,ctrl_y,rg2,18,20,0.95,1.0,1.0,1.0
mrs-nsga2-apportion|mrs-weighted,cross,rg2,19,20,0.85,1.0,0.4,0.75
mrs-nsga2-apportion|mrs-weighted,cross,rg2,20,21,0.9048,1.0,1.0,0.9524
mrs-nsga2-apportion|mrs-weighted,ctrl_x,rg2,20,21,1.0,0.9048,1.0,1.0
mrs-nsga2-apportion|mrs-weighted,ctrl_y,rg2,20,30,0.9667,1.0,1.0,0.7667
mrs-nsga2-apportion|mrs-weighted,cross,rg2,21,26,0.9615,1.0,0.6154,0.7692
mrs-nsga2-apportion|mrs-weighted,cross,rg2,22,21,1.0,1.0,1.0,0.8571
mrs-nsga2-apportion|mrs-weighted,ctrl_x,rg2,22,20,1.0,0.85,0.95,0.75
mrs-nsga2-apportion|mrs-weighted,ctrl_y,rg2,22,46,0.9348,0.9348,0.6087,0.6087
mrs-nsga2-apportion|mrs-weighted,cross,rg2,23,20,0.85,1.0,0.95,1.0
mrs-nsga2-apportion|mrs-weighted,cross,rg2,24,16,1.0,1.0,0.9375,0.9375
mrs-nsga2-apportion|mrs-weighted,ctrl_x,rg2,24,16,1.0,1.0,1.0,1.0
mrs-nsga2-apportion|mrs-weighted,ctrl_y,rg2,24,12,1.0,1.0,1.0,1.0
mrs-nsga2-apportion|mrs-weighted,cross,rg2,25,12,1.0,1.0,1.0,1.0
mrs-nsga2-apportion|mrs-weighted,cross,rg2,26,23,0.913,1.0,1.0,1.0
mrs-nsga2-apportion|mrs-weighted,ctrl_x,rg2,26,23,0.9565,0.913,1.0,1.0
mrs-nsga2-apportion|mrs-weighted,ctrl_y,rg2,26,49,0.9388,0.898,1.0,0.9184
mrs-nsga2-apportion|mrs-weighted,cross,rg2,27,25,0.96,1.0,1.0,1.0
mrs-nsga2-apportion|mrs-weighted,cross,rg2,28,22,1.0,1.0,1.0,0.9545
mrs-nsga2-apportion|mrs-weighted,ctrl_x,rg2,28,16,1.0,1.0,1.0,1.0
mrs-nsga2-apportion|mrs-weighted,ctrl_y,rg2,28,23,0.9565,1.0,1.0,1.0
mrs-nsga2-apportion|mrs-weighted,cross,rg2,29,16,1.0,1.0,1.0,0.9375
aurus-nsga2-apportion|aurus,cross,rg2,0,14,0.9286,1.0,0.4286,1.0
aurus-nsga2-apportion|aurus,ctrl_x,rg2,0,20,1.0,1.0,0.9,0.9
aurus-nsga2-apportion|aurus,ctrl_y,rg2,0,14,1.0,0.7857,1.0,1.0
aurus-nsga2-apportion|aurus,cross,rg2,1,20,1.0,0.95,1.0,0.95
aurus-nsga2-apportion|aurus,cross,rg2,2,18,1.0,1.0,0.9444,0.6111
aurus-nsga2-apportion|aurus,ctrl_x,rg2,2,20,1.0,1.0,1.0,1.0
aurus-nsga2-apportion|aurus,ctrl_y,rg2,2,15,1.0,1.0,1.0,1.0
aurus-nsga2-apportion|aurus,cross,rg2,3,15,1.0,1.0,1.0,0.9333
aurus-nsga2-apportion|aurus,cross,rg2,4,13,1.0,0.7692,1.0,0.4615
aurus-nsga2-apportion|aurus,ctrl_x,rg2,4,13,1.0,1.0,1.0,1.0
aurus-nsga2-apportion|aurus,ctrl_y,rg2,4,21,0.9048,1.0,0.8571,1.0
aurus-nsga2-apportion|aurus,cross,rg2,5,21,0.9524,1.0,0.8095,0.619
aurus-nsga2-apportion|aurus,cross,rg2,6,13,1.0,1.0,1.0,1.0
aurus-nsga2-apportion|aurus,ctrl_x,rg2,6,26,1.0,1.0,0.5385,0.9615
aurus-nsga2-apportion|aurus,ctrl_y,rg2,6,13,1.0,1.0,0.9231,1.0
aurus-nsga2-apportion|aurus,cross,rg2,7,16,0.4375,1.0,0.5,0.4375
aurus-nsga2-apportion|aurus,cross,rg2,8,21,1.0,1.0,0.8571,1.0
aurus-nsga2-apportion|aurus,ctrl_x,rg2,8,21,1.0,0.8571,1.0,1.0
aurus-nsga2-apportion|aurus,ctrl_y,rg2,8,21,1.0,1.0,1.0,1.0
aurus-nsga2-apportion|aurus,cross,rg2,9,21,1.0,1.0,1.0,1.0
aurus-nsga2-apportion|aurus,cross,rg2,10,21,0.8571,1.0,1.0,0.8571
aurus-nsga2-apportion|aurus,ctrl_x,rg2,10,21,0.8571,0.9048,0.9524,1.0
aurus-nsga2-apportion|aurus,ctrl_y,rg2,10,21,0.9048,0.9524,0.9524,0.9048
aurus-nsga2-apportion|aurus,cross,rg2,11,24,0.9167,0.8333,1.0,0.4167
aurus-nsga2-apportion|aurus,cross,rg2,12,17,1.0,0.9412,1.0,0.3529
aurus-nsga2-apportion|aurus,ctrl_x,rg2,12,19,1.0,1.0,1.0,1.0
aurus-nsga2-apportion|aurus,ctrl_y,rg2,12,15,1.0,1.0,0.9333,1.0
aurus-nsga2-apportion|aurus,cross,rg2,13,15,1.0,1.0,0.6,0.4
aurus-nsga2-apportion|aurus,cross,rg2,14,21,1.0,1.0,1.0,0.9048
aurus-nsga2-apportion|aurus,ctrl_x,rg2,14,21,1.0,1.0,0.9524,1.0
aurus-nsga2-apportion|aurus,ctrl_y,rg2,14,17,1.0,0.9412,0.9412,1.0
aurus-nsga2-apportion|aurus,cross,rg2,15,17,0.9412,1.0,0.3529,0.8824
aurus-nsga2-apportion|aurus,cross,rg2,16,20,1.0,1.0,0.8,1.0
aurus-nsga2-apportion|aurus,ctrl_x,rg2,16,24,0.9583,0.9167,0.7917,1.0
aurus-nsga2-apportion|aurus,ctrl_y,rg2,16,16,1.0,1.0,1.0,0.8125
aurus-nsga2-apportion|aurus,cross,rg2,17,16,0.875,1.0,1.0,1.0
aurus-nsga2-apportion|aurus,cross,rg2,18,17,1.0,0.9412,1.0,0.3529
aurus-nsga2-apportion|aurus,ctrl_x,rg2,18,17,1.0,0.9412,1.0,0.7059
aurus-nsga2-apportion|aurus,ctrl_y,rg2,18,17,1.0,1.0,1.0,1.0
aurus-nsga2-apportion|aurus,cross,rg2,19,17,1.0,1.0,0.5882,0.7647
aurus-nsga2-apportion|aurus,cross,rg2,20,14,1.0,1.0,1.0,1.0
aurus-nsga2-apportion|aurus,ctrl_x,rg2,20,14,1.0,1.0,1.0,1.0
aurus-nsga2-apportion|aurus,ctrl_y,rg2,20,23,1.0,0.9565,1.0,1.0
aurus-nsga2-apportion|aurus,cross,rg2,21,23,0.9565,0.9565,0.9565,0.6087
aurus-nsga2-apportion|aurus,cross,rg2,22,7,1.0,1.0,1.0,1.0
aurus-nsga2-apportion|aurus,ctrl_x,rg2,22,23,1.0,0.9565,1.0,1.0
aurus-nsga2-apportion|aurus,ctrl_y,rg2,22,7,1.0,1.0,1.0,1.0
aurus-nsga2-apportion|aurus,cross,rg2,23,23,1.0,0.9565,0.6957,0.913
aurus-nsga2-apportion|aurus,cross,rg2,24,16,1.0,1.0,1.0,0.5625
aurus-nsga2-apportion|aurus,ctrl_x,rg2,24,16,1.0,0.8125,1.0,1.0
aurus-nsga2-apportion|aurus,ctrl_y,rg2,24,18,1.0,0.9444,0.9444,0.9444
aurus-nsga2-apportion|aurus,cross,rg2,25,17,1.0,1.0,0.5882,1.0
aurus-nsga2-apportion|aurus,cross,rg2,26,10,1.0,1.0,1.0,1.0
aurus-nsga2-apportion|aurus,ctrl_x,rg2,26,22,0.9545,1.0,1.0,1.0
aurus-nsga2-apportion|aurus,ctrl_y,rg2,26,10,1.0,1.0,1.0,1.0
aurus-nsga2-apportion|aurus,cross,rg2,27,21,1.0,0.9524,0.9524,0.7143
aurus-nsga2-apportion|aurus,cross,rg2,28,13,1.0,0.9231,1.0,1.0
aurus-nsga2-apportion|aurus,ctrl_x,rg2,28,21,1.0,1.0,0.5714,0.7143
aurus-nsga2-apportion|aurus,ctrl_y,rg2,28,13,0.9231,1.0,1.0,1.0
aurus-nsga2-apportion|aurus,cross,rg2,29,16,1.0,1.0,0.5625,0.6875
mrs-nsga2-apportion|aurus,cross,round-robin-arbiter-aurus,0,55,0.5818,0.9455,0.4,0.8545
mrs-nsga2-apportion|aurus,ctrl_x,round-robin-arbiter-aurus,0,45,0.9333,0.8667,0.9556,0.9778
mrs-nsga2-apportion|aurus,ctrl_y,round-robin-arbiter-aurus,0,122,0.8525,0.7869,0.7705,0.7049
mrs-nsga2-apportion|aurus,cross,round-robin-arbiter-aurus,1,45,0.4889,0.8222,0.5111,0.6889
mrs-nsga2-apportion|aurus,cross,round-robin-arbiter-aurus,2,43,0.3953,0.8837,0.6047,0.9767
mrs-nsga2-apportion|aurus,ctrl_x,round-robin-arbiter-aurus,2,33,0.9091,0.8182,1.0,0.9697
mrs-nsga2-apportion|aurus,ctrl_y,round-robin-arbiter-aurus,2,139,0.8129,0.7338,0.7842,0.6619
mrs-nsga2-apportion|aurus,cross,round-robin-arbiter-aurus,3,33,0.4545,0.9091,0.697,0.9091
mrs-nsga2-apportion|aurus,cross,round-robin-arbiter-aurus,4,43,0.7674,0.8605,0.7907,0.9302
mrs-nsga2-apportion|aurus,ctrl_x,round-robin-arbiter-aurus,4,40,0.875,0.85,0.85,0.675
mrs-nsga2-apportion|aurus,ctrl_y,round-robin-arbiter-aurus,4,110,0.7818,0.9,0.9273,0.8455
mrs-nsga2-apportion|aurus,cross,round-robin-arbiter-aurus,5,40,0.55,0.925,0.55,0.95
mrs-nsga2-apportion|aurus,cross,round-robin-arbiter-aurus,6,39,0.5641,0.9744,0.4615,0.9744
mrs-nsga2-apportion|aurus,ctrl_x,round-robin-arbiter-aurus,6,39,0.4103,0.9487,0.6154,0.9231
mrs-nsga2-apportion|aurus,ctrl_y,round-robin-arbiter-aurus,6,112,0.8304,0.7768,0.9018,0.7857
mrs-nsga2-apportion|aurus,cross,round-robin-arbiter-aurus,7,42,0.7619,0.4762,0.6905,0.881
mrs-nsga2-apportion|aurus,cross,round-robin-arbiter-aurus,8,47,0.8085,0.7234,0.617,0.8936
mrs-nsga2-apportion|aurus,ctrl_x,round-robin-arbiter-aurus,8,32,0.9688,0.6562,0.9688,0.8125
mrs-nsga2-apportion|aurus,ctrl_y,round-robin-arbiter-aurus,8,130,0.8385,0.8385,0.7923,0.8615
mrs-nsga2-apportion|aurus,cross,round-robin-arbiter-aurus,9,32,0.5312,0.8438,0.6562,0.625
mrs-nsga2-apportion|aurus,cross,round-robin-arbiter-aurus,10,55,0.6909,0.7455,0.5091,0.6727
mrs-nsga2-apportion|aurus,ctrl_x,round-robin-arbiter-aurus,10,36,0.6944,0.8333,0.9722,1.0
mrs-nsga2-apportion|aurus,ctrl_y,round-robin-arbiter-aurus,10,125,0.792,0.832,0.856,0.752
mrs-nsga2-apportion|aurus,cross,round-robin-arbiter-aurus,11,36,0.5833,0.6944,0.5556,0.9444
mrs-nsga2-apportion|aurus,cross,round-robin-arbiter-aurus,12,48,0.75,0.7708,0.4792,0.625
mrs-nsga2-apportion|aurus,ctrl_x,round-robin-arbiter-aurus,12,39,0.8205,0.7692,0.7949,0.8462
mrs-nsga2-apportion|aurus,ctrl_y,round-robin-arbiter-aurus,12,115,0.6957,0.9391,0.8261,0.9739
mrs-nsga2-apportion|aurus,cross,round-robin-arbiter-aurus,13,39,0.7692,0.9231,0.6154,0.9744
mrs-nsga2-apportion|aurus,cross,round-robin-arbiter-aurus,14,45,0.7111,0.8889,0.5778,0.9556
mrs-nsga2-apportion|aurus,ctrl_x,round-robin-arbiter-aurus,14,45,0.9778,0.6667,0.9333,0.8222
mrs-nsga2-apportion|aurus,ctrl_y,round-robin-arbiter-aurus,14,122,0.8607,0.7623,0.8361,0.8197
mrs-nsga2-apportion|aurus,cross,round-robin-arbiter-aurus,15,52,0.4808,0.8269,0.5385,0.7885
mrs-nsga2-apportion|aurus,cross,round-robin-arbiter-aurus,16,36,0.5278,0.8333,0.5556,0.9722
mrs-nsga2-apportion|aurus,ctrl_x,round-robin-arbiter-aurus,16,36,0.7778,0.8333,0.9444,0.9722
mrs-nsga2-apportion|aurus,ctrl_y,round-robin-arbiter-aurus,16,137,0.8029,0.6934,0.7226,0.8102
mrs-nsga2-apportion|aurus,cross,round-robin-arbiter-aurus,17,40,0.575,0.9,0.575,0.9
mrs-nsga2-apportion|aurus,cross,round-robin-arbiter-aurus,18,31,0.4839,0.871,0.5161,0.7742
mrs-nsga2-apportion|aurus,ctrl_x,round-robin-arbiter-aurus,18,31,0.6774,0.9032,0.7742,1.0
mrs-nsga2-apportion|aurus,ctrl_y,round-robin-arbiter-aurus,18,121,0.8926,0.7934,0.7603,0.8264
mrs-nsga2-apportion|aurus,cross,round-robin-arbiter-aurus,19,52,0.8269,0.75,0.6154,0.5962
mrs-nsga2-apportion|aurus,cross,round-robin-arbiter-aurus,20,60,0.6333,0.7167,0.5667,0.7
mrs-nsga2-apportion|aurus,ctrl_x,round-robin-arbiter-aurus,20,56,0.9464,0.6607,0.75,0.6607
mrs-nsga2-apportion|aurus,ctrl_y,round-robin-arbiter-aurus,20,129,0.7829,0.7674,0.7442,0.7829
mrs-nsga2-apportion|aurus,cross,round-robin-arbiter-aurus,21,56,0.6964,0.9107,0.4821,0.8571
mrs-nsga2-apportion|aurus,cross,round-robin-arbiter-aurus,22,36,0.4444,0.9167,0.6389,0.9167
mrs-nsga2-apportion|aurus,ctrl_x,round-robin-arbiter-aurus,22,36,0.8889,0.7778,1.0,0.9722
mrs-nsga2-apportion|aurus,ctrl_y,round-robin-arbiter-aurus,22,118,0.8136,0.822,0.8898,0.8898
mrs-nsga2-apportion|aurus,cross,round-robin-arbiter-aurus,23,36,0.8056,0.8889,0.3889,0.8333
mrs-nsga2-apportion|aurus,cross,round-robin-arbiter-aurus,24,57,0.7719,0.807,0.7018,0.7544
mrs-nsga2-apportion|aurus,ctrl_x,round-robin-arbiter-aurus,24,46,0.8478,0.8478,0.8261,0.9348
mrs-nsga2-apportion|aurus,ctrl_y,round-robin-arbiter-aurus,24,119,0.7479,0.8908,0.7227,0.8655
mrs-nsga2-apportion|aurus,cross,round-robin-arbiter-aurus,25,46,0.5652,0.8478,0.6522,0.8913
mrs-nsga2-apportion|aurus,cross,round-robin-arbiter-aurus,26,73,0.5068,0.8356,0.5342,0.726
mrs-nsga2-apportion|aurus,ctrl_x,round-robin-arbiter-aurus,26,63,0.9365,0.7302,0.9683,0.8095
mrs-nsga2-apportion|aurus,ctrl_y,round-robin-arbiter-aurus,26,107,0.8505,0.8131,0.7664,0.7383
mrs-nsga2-apportion|aurus,cross,round-robin-arbiter-aurus,27,63,0.4127,0.8413,0.5397,0.6825
mrs-nsga2-apportion|aurus,cross,round-robin-arbiter-aurus,28,46,0.6522,0.8478,0.7174,0.9565
mrs-nsga2-apportion|aurus,ctrl_x,round-robin-arbiter-aurus,28,46,0.6522,0.7826,0.8913,0.7174
mrs-nsga2-apportion|aurus,ctrl_y,round-robin-arbiter-aurus,28,117,0.7521,0.7521,0.7009,0.6752
mrs-nsga2-apportion|aurus,cross,round-robin-arbiter-aurus,29,59,0.7458,0.8644,0.661,0.7627
mrs-nsga2-apportion|aurus-nsga2-apportion,cross,round-robin-arbiter-aurus,0,46,0.9783,0.9348,0.9348,0.9783
mrs-nsga2-apportion|aurus-nsga2-apportion,ctrl_x,round-robin-arbiter-aurus,0,45,0.8667,0.8222,0.9333,0.9778
mrs-nsga2-apportion|aurus-nsga2-apportion,ctrl_y,round-robin-arbiter-aurus,0,26,0.8077,0.9231,0.9615,0.7308
mrs-nsga2-apportion|aurus-nsga2-apportion,cross,round-robin-arbiter-aurus,1,26,0.9615,0.9231,1.0,0.9231
mrs-nsga2-apportion|aurus-nsga2-apportion,cross,round-robin-arbiter-aurus,2,34,0.7647,0.8824,0.9412,0.9412
mrs-nsga2-apportion|aurus-nsga2-apportion,ctrl_x,round-robin-arbiter-aurus,2,33,0.8182,0.9091,0.9394,0.9697
mrs-nsga2-apportion|aurus-nsga2-apportion,ctrl_y,round-robin-arbiter-aurus,2,34,0.8529,0.8824,0.9412,0.9706
mrs-nsga2-apportion|aurus-nsga2-apportion,cross,round-robin-arbiter-aurus,3,33,0.8182,0.9394,0.9697,1.0
mrs-nsga2-apportion|aurus-nsga2-apportion,cross,round-robin-arbiter-aurus,4,34,0.8235,0.8529,0.8529,0.7647
mrs-nsga2-apportion|aurus-nsga2-apportion,ctrl_x,round-robin-arbiter-aurus,4,40,0.875,0.85,0.925,0.725
mrs-nsga2-apportion|aurus-nsga2-apportion,ctrl_y,round-robin-arbiter-aurus,4,22,0.9091,0.8182,1.0,0.9545
mrs-nsga2-apportion|aurus-nsga2-apportion,cross,round-robin-arbiter-aurus,5,22,1.0,0.7727,0.9545,0.9091
mrs-nsga2-apportion|aurus-nsga2-apportion,cross,round-robin-arbiter-aurus,6,29,0.8276,0.931,0.8621,0.8966
mrs-nsga2-apportion|aurus-nsga2-apportion,ctrl_x,round-robin-arbiter-aurus,6,39,0.4359,0.9487,0.641,0.9231
mrs-nsga2-apportion|aurus-nsga2-apportion,ctrl_y,round-robin-arbiter-aurus,6,25,0.72,0.88,0.96,0.84
mrs-nsga2-apportion|aurus-nsga2-apportion,cross,round-robin-arbiter-aurus,7,25,0.88,0.84,1.0,0.88
mrs-nsga2-apportion|aurus-nsga2-apportion,cross,round-robin-arbiter-aurus,8,27,1.0,0.5926,0.9259,0.9259
mrs-nsga2-apportion|aurus-nsga2-apportion,ctrl_x,round-robin-arbiter-aurus,8,32,0.9375,0.6875,0.9688,0.9688
mrs-nsga2-apportion|aurus-nsga2-apportion,ctrl_y,round-robin-arbiter-aurus,8,27,0.9259,0.7407,1.0,0.963
mrs-nsga2-apportion|aurus-nsga2-apportion,cross,round-robin-arbiter-aurus,9,29,0.9655,0.8276,1.0,1.0
mrs-nsga2-apportion|aurus-nsga2-apportion,cross,round-robin-arbiter-aurus,10,27,0.8889,0.8889,0.9259,1.0
mrs-nsga2-apportion|aurus-nsga2-apportion,ctrl_x,round-robin-arbiter-aurus,10,36,0.6944,0.8056,0.9167,1.0
mrs-nsga2-apportion|aurus-nsga2-apportion,ctrl_y,round-robin-arbiter-aurus,10,27,0.9259,0.7778,0.8889,0.8519
mrs-nsga2-apportion|aurus-nsga2-apportion,cross,round-robin-arbiter-aurus,11,30,0.9,0.7,1.0,1.0
mrs-nsga2-apportion|aurus-nsga2-apportion,cross,round-robin-arbiter-aurus,12,27,0.7778,0.7778,1.0,0.963
mrs-nsga2-apportion|aurus-nsga2-apportion,ctrl_x,round-robin-arbiter-aurus,12,39,0.8718,0.7692,0.9231,0.8462
mrs-nsga2-apportion|aurus-nsga2-apportion,ctrl_y,round-robin-arbiter-aurus,12,24,0.9167,0.6667,1.0,0.875
mrs-nsga2-apportion|aurus-nsga2-apportion,cross,round-robin-arbiter-aurus,13,24,0.9583,0.9583,0.9583,1.0
mrs-nsga2-apportion|aurus-nsga2-apportion,cross,round-robin-arbiter-aurus,14,19,0.7368,0.8947,0.9474,1.0
mrs-nsga2-apportion|aurus-nsga2-apportion,ctrl_x,round-robin-arbiter-aurus,14,45,0.9778,0.6667,0.9333,0.8667
mrs-nsga2-apportion|aurus-nsga2-apportion,ctrl_y,round-robin-arbiter-aurus,14,19,0.6842,0.7368,0.8947,0.6842
mrs-nsga2-apportion|aurus-nsga2-apportion,cross,round-robin-arbiter-aurus,15,30,0.6333,0.9,0.9667,0.7333
mrs-nsga2-apportion|aurus-nsga2-apportion,cross,round-robin-arbiter-aurus,16,26,0.7692,0.7692,1.0,0.9615
mrs-nsga2-apportion|aurus-nsga2-apportion,ctrl_x,round-robin-arbiter-aurus,16,36,0.7778,0.8333,0.9444,0.9722
mrs-nsga2-apportion|aurus-nsga2-apportion,ctrl_y,round-robin-arbiter-aurus,16,25,0.8,0.8,1.0,0.96
mrs-nsga2-apportion|aurus-nsga2-apportion,cross,round-robin-arbiter-aurus,17,25,0.76,0.96,1.0,0.96
mrs-nsga2-apportion|aurus-nsga2-apportion,cross,round-robin-arbiter-aurus,18,31,0.9032,1.0,1.0,0.9677
mrs-nsga2-apportion|aurus-nsga2-apportion,ctrl_x,round-robin-arbiter-aurus,18,31,0.6774,0.9032,0.7742,1.0
mrs-nsga2-apportion|aurus-nsga2-apportion,ctrl_y,round-robin-arbiter-aurus,18,39,0.7436,0.8462,1.0,0.9231
mrs-nsga2-apportion|aurus-nsga2-apportion,cross,round-robin-arbiter-aurus,19,39,0.9487,0.8718,1.0,0.9487
mrs-nsga2-apportion|aurus-nsga2-apportion,cross,round-robin-arbiter-aurus,20,36,0.9722,0.7222,1.0,0.8611
mrs-nsga2-apportion|aurus-nsga2-apportion,ctrl_x,round-robin-arbiter-aurus,20,56,0.9464,0.6786,0.7321,0.6607
mrs-nsga2-apportion|aurus-nsga2-apportion,ctrl_y,round-robin-arbiter-aurus,20,35,0.8857,0.8,0.9429,1.0
mrs-nsga2-apportion|aurus-nsga2-apportion,cross,round-robin-arbiter-aurus,21,35,0.8,0.8857,1.0,0.9143
mrs-nsga2-apportion|aurus-nsga2-apportion,cross,round-robin-arbiter-aurus,22,35,0.6571,0.8857,1.0,1.0
mrs-nsga2-apportion|aurus-nsga2-apportion,ctrl_x,round-robin-arbiter-aurus,22,36,0.8889,0.7778,1.0,0.9722
mrs-nsga2-apportion|aurus-nsga2-apportion,ctrl_y,round-robin-arbiter-aurus,22,35,0.8857,0.8,0.9143,0.8286
mrs-nsga2-apportion|aurus-nsga2-apportion,cross,round-robin-arbiter-aurus,23,36,0.8889,0.8889,0.9444,1.0
mrs-nsga2-apportion|aurus-nsga2-apportion,cross,round-robin-arbiter-aurus,24,32,0.8438,0.9062,1.0,1.0
mrs-nsga2-apportion|aurus-nsga2-apportion,ctrl_x,round-robin-arbiter-aurus,24,46,0.8261,0.8696,0.9783,0.9348
mrs-nsga2-apportion|aurus-nsga2-apportion,ctrl_y,round-robin-arbiter-aurus,24,24,0.75,0.8333,1.0,0.9583
mrs-nsga2-apportion|aurus-nsga2-apportion,cross,round-robin-arbiter-aurus,25,24,0.8333,0.875,1.0,0.9583
mrs-nsga2-apportion|aurus-nsga2-apportion,cross,round-robin-arbiter-aurus,26,27,0.963,0.6667,0.963,0.8889
mrs-nsga2-apportion|aurus-nsga2-apportion,ctrl_x,round-robin-arbiter-aurus,26,63,0.9206,0.6825,0.9524,0.8254
mrs-nsga2-apportion|aurus-nsga2-apportion,ctrl_y,round-robin-arbiter-aurus,26,27,0.5926,0.9259,0.8889,1.0
mrs-nsga2-apportion|aurus-nsga2-apportion,cross,round-robin-arbiter-aurus,27,44,0.8636,0.9773,0.6818,0.9318
mrs-nsga2-apportion|aurus-nsga2-apportion,cross,round-robin-arbiter-aurus,28,41,0.9024,0.878,1.0,0.9756
mrs-nsga2-apportion|aurus-nsga2-apportion,ctrl_x,round-robin-arbiter-aurus,28,46,0.6087,0.6957,0.913,0.7391
mrs-nsga2-apportion|aurus-nsga2-apportion,ctrl_y,round-robin-arbiter-aurus,28,34,0.6471,0.7353,0.9412,0.8529
mrs-nsga2-apportion|aurus-nsga2-apportion,cross,round-robin-arbiter-aurus,29,34,0.9118,0.9118,1.0,0.8824
mrs-nsga2-apportion|mrs-weighted,cross,round-robin-arbiter-aurus,0,55,0.5636,0.9273,0.5455,0.8909
mrs-nsga2-apportion|mrs-weighted,ctrl_x,round-robin-arbiter-aurus,0,45,0.9333,0.8667,0.9556,0.9778
mrs-nsga2-apportion|mrs-weighted,ctrl_y,round-robin-arbiter-aurus,0,102,0.9118,0.7157,0.5784,0.7353
mrs-nsga2-apportion|mrs-weighted,cross,round-robin-arbiter-aurus,1,45,0.6222,0.9556,0.8,0.9556
mrs-nsga2-apportion|mrs-weighted,cross,round-robin-arbiter-aurus,2,43,0.6512,1.0,0.9767,1.0
mrs-nsga2-apportion|mrs-weighted,ctrl_x,round-robin-arbiter-aurus,2,33,0.9091,0.8182,1.0,0.9697
mrs-nsga2-apportion|mrs-weighted,ctrl_y,round-robin-arbiter-aurus,2,123,0.7886,0.7236,0.7073,0.4228
mrs-nsga2-apportion|mrs-weighted,cross,round-robin-arbiter-aurus,3,33,0.7576,0.9394,0.7273,0.8485
mrs-nsga2-apportion|mrs-weighted,cross,round-robin-arbiter-aurus,4,43,0.7674,0.907,0.8837,0.8837
mrs-nsga2-apportion|mrs-weighted,ctrl_x,round-robin-arbiter-aurus,4,40,0.875,0.85,0.85,0.675
mrs-nsga2-apportion|mrs-weighted,ctrl_y,round-robin-arbiter-aurus,4,142,0.8732,0.7606,0.669,0.6056
mrs-nsga2-apportion|mrs-weighted,cross,round-robin-arbiter-aurus,5,40,0.75,0.975,0.75,0.9
mrs-nsga2-apportion|mrs-weighted,cross,round-robin-arbiter-aurus,6,39,0.7692,0.9231,0.5897,0.7949
mrs-nsga2-apportion|mrs-weighted,ctrl_x,round-robin-arbiter-aurus,6,39,0.4103,0.9487,0.6154,0.9231
mrs-nsga2-apportion|mrs-weighted,ctrl_y,round-robin-arbiter-aurus,6,130,0.7538,0.8692,0.4462,0.7385
mrs-nsga2-apportion|mrs-weighted,cross,round-robin-arbiter-aurus,7,42,0.881,0.8333,0.9048,0.9286
mrs-nsga2-apportion|mrs-weighted,cross,round-robin-arbiter-aurus,8,47,0.9149,0.6596,0.9149,0.7447
mrs-nsga2-apportion|mrs-weighted,ctrl_x,round-robin-arbiter-aurus,8,32,0.9688,0.6562,0.9688,0.8125
mrs-nsga2-apportion|mrs-weighted,ctrl_y,round-robin-arbiter-aurus,8,127,0.622,0.9291,0.5354,0.7717
mrs-nsga2-apportion|mrs-weighted,cross,round-robin-arbiter-aurus,9,32,0.4375,0.9375,0.8125,0.9375
mrs-nsga2-apportion|mrs-weighted,cross,round-robin-arbiter-aurus,10,55,0.7818,0.9455,0.5636,0.6909
mrs-nsga2-apportion|mrs-weighted,ctrl_x,round-robin-arbiter-aurus,10,36,0.6944,0.8333,0.9722,1.0
mrs-nsga2-apportion|mrs-weighted,ctrl_y,round-robin-arbiter-aurus,10,132,0.7803,0.7273,0.7955,0.8333
mrs-nsga2-apportion|mrs-weighted,cross,round-robin-arbiter-aurus,11,36,0.4444,0.8056,0.6944,0.9444
mrs-nsga2-apportion|mrs-weighted,cross,round-robin-arbiter-aurus,12,48,0.5833,0.9583,0.8333,0.8542
mrs-nsga2-apportion|mrs-weighted,ctrl_x,round-robin-arbiter-aurus,12,39,0.8205,0.7692,0.7949,0.8462
mrs-nsga2-apportion|mrs-weighted,ctrl_y,round-robin-arbiter-aurus,12,107,0.9533,0.6168,0.7196,0.5327
mrs-nsga2-apportion|mrs-weighted,cross,round-robin-arbiter-aurus,13,39,0.6154,0.9744,1.0,0.8462
mrs-nsga2-apportion|mrs-weighted,cross,round-robin-arbiter-aurus,14,45,0.7111,0.9111,0.6889,0.9333
mrs-nsga2-apportion|mrs-weighted,ctrl_x,round-robin-arbiter-aurus,14,45,0.9778,0.6667,0.9333,0.8222
mrs-nsga2-apportion|mrs-weighted,ctrl_y,round-robin-arbiter-aurus,14,146,0.7945,0.7329,0.8014,0.5822
mrs-nsga2-apportion|mrs-weighted,cross,round-robin-arbiter-aurus,15,52,0.4231,0.9808,0.6154,0.8269
mrs-nsga2-apportion|mrs-weighted,cross,round-robin-arbiter-aurus,16,36,0.6944,0.9444,0.9722,0.8611
mrs-nsga2-apportion|mrs-weighted,ctrl_x,round-robin-arbiter-aurus,16,36,0.7778,0.8333,0.9444,0.9722
mrs-nsga2-apportion|mrs-weighted,ctrl_y,round-robin-arbiter-aurus,16,111,0.7568,0.7658,0.5586,0.6126
mrs-nsga2-apportion|mrs-weighted,cross,round-robin-arbiter-aurus,17,40,0.6,0.975,0.95,0.95
mrs-nsga2-apportion|mrs-weighted,cross,round-robin-arbiter-aurus,18,31,0.5484,0.9677,0.9032,0.9032
mrs-nsga2-apportion|mrs-weighted,ctrl_x,round-robin-arbiter-aurus,18,31,0.6774,0.9032,0.7742,1.0
mrs-nsga2-apportion|mrs-weighted,ctrl_y,round-robin-arbiter-aurus,18,129,0.8682,0.8062,0.7597,0.7364
mrs-nsga2-apportion|mrs-weighted,cross,round-robin-arbiter-aurus,19,52,0.75,0.9423,0.8846,0.9615
mrs-nsga2-apportion|mrs-weighted,cross,round-robin-arbiter-aurus,20,60,0.8333,0.8833,0.8,0.9833
mrs-nsga2-apportion|mrs-weighted,ctrl_x,round-robin-arbiter-aurus,20,56,0.9464,0.6607,0.75,0.6607
mrs-nsga2-apportion|mrs-weighted,ctrl_y,round-robin-arbiter-aurus,20,114,0.8333,0.8509,0.8509,0.7281
mrs-nsga2-apportion|mrs-weighted,cross,round-robin-arbiter-aurus,21,56,0.8571,0.9643,0.8929,0.9821
mrs-nsga2-apportion|mrs-weighted,cross,round-robin-arbiter-aurus,22,36,0.6111,0.9444,0.6944,0.9444
mrs-nsga2-apportion|mrs-weighted,ctrl_x,round-robin-arbiter-aurus,22,36,0.8889,0.7778,1.0,0.9722
mrs-nsga2-apportion|mrs-weighted,ctrl_y,round-robin-arbiter-aurus,22,119,0.8235,0.8571,0.521,0.6639
mrs-nsga2-apportion|mrs-weighted,cross,round-robin-arbiter-aurus,23,36,0.7778,1.0,0.8889,1.0
mrs-nsga2-apportion|mrs-weighted,cross,round-robin-arbiter-aurus,24,57,0.6491,0.9123,0.7719,0.9825
mrs-nsga2-apportion|mrs-weighted,ctrl_x,round-robin-arbiter-aurus,24,46,0.8478,0.8478,0.8261,0.9348
mrs-nsga2-apportion|mrs-weighted,ctrl_y,round-robin-arbiter-aurus,24,148,0.7838,0.7703,0.6419,0.5405
mrs-nsga2-apportion|mrs-weighted,cross,round-robin-arbiter-aurus,25,46,0.7391,0.9348,0.587,0.6739
mrs-nsga2-apportion|mrs-weighted,cross,round-robin-arbiter-aurus,26,73,0.6849,0.8493,0.8493,0.9178
mrs-nsga2-apportion|mrs-weighted,ctrl_x,round-robin-arbiter-aurus,26,63,0.9365,0.7302,0.9683,0.8095
mrs-nsga2-apportion|mrs-weighted,ctrl_y,round-robin-arbiter-aurus,26,164,0.7561,0.7012,0.6951,0.311
mrs-nsga2-apportion|mrs-weighted,cross,round-robin-arbiter-aurus,27,63,0.5397,0.9683,0.3968,0.5079
mrs-nsga2-apportion|mrs-weighted,cross,round-robin-arbiter-aurus,28,46,0.5652,0.8478,0.7826,0.9783
mrs-nsga2-apportion|mrs-weighted,ctrl_x,round-robin-arbiter-aurus,28,46,0.6522,0.7826,0.8913,0.7174
mrs-nsga2-apportion|mrs-weighted,ctrl_y,round-robin-arbiter-aurus,28,181,0.5414,0.7017,0.5138,0.547
mrs-nsga2-apportion|mrs-weighted,cross,round-robin-arbiter-aurus,29,59,0.5932,0.9322,0.6949,0.661
aurus-nsga2-apportion|aurus,cross,round-robin-arbiter-aurus,0,46,0.6304,0.9783,0.6304,0.9783
aurus-nsga2-apportion|aurus,ctrl_x,round-robin-arbiter-aurus,0,26,0.9615,0.9231,0.8846,0.9615
aurus-nsga2-apportion|aurus,ctrl_y,round-robin-arbiter-aurus,0,122,0.8443,0.8279,0.7705,0.7541
aurus-nsga2-apportion|aurus,cross,round-robin-arbiter-aurus,1,26,0.6923,0.9615,0.6923,1.0
aurus-nsga2-apportion|aurus,cross,round-robin-arbiter-aurus,2,34,0.7353,0.8529,0.5294,1.0
aurus-nsga2-apportion|aurus,ctrl_x,round-robin-arbiter-aurus,2,34,0.8824,0.8529,0.9706,0.9706
aurus-nsga2-apportion|aurus,ctrl_y,round-robin-arbiter-aurus,2,139,0.8345,0.7626,0.8129,0.7194
aurus-nsga2-apportion|aurus,cross,round-robin-arbiter-aurus,3,35,0.7143,0.8571,0.5429,0.8286
aurus-nsga2-apportion|aurus,cross,round-robin-arbiter-aurus,4,34,0.6176,0.8235,0.5294,0.9706
aurus-nsga2-apportion|aurus,ctrl_x,round-robin-arbiter-aurus,4,22,0.9091,0.8182,0.9545,0.5909
aurus-nsga2-apportion|aurus,ctrl_y,round-robin-arbiter-aurus,4,110,0.8273,0.9,0.9182,0.8364
aurus-nsga2-apportion|aurus,cross,round-robin-arbiter-aurus,5,22,0.5,0.9091,0.5,0.9545
aurus-nsga2-apportion|aurus,cross,round-robin-arbiter-aurus,6,29,0.7586,0.9655,0.4828,1.0
aurus-nsga2-apportion|aurus,ctrl_x,round-robin-arbiter-aurus,6,25,0.72,0.88,0.92,0.84
aurus-nsga2-apportion|aurus,ctrl_y,round-robin-arbiter-aurus,6,112,0.8304,0.7857,0.9107,0.8214
aurus-nsga2-apportion|aurus,cross,round-robin-arbiter-aurus,7,25,0.56,0.68,0.8,1.0
aurus-nsga2-apportion|aurus,cross,round-robin-arbiter-aurus,8,27,0.5926,0.9259,0.6667,0.963
aurus-nsga2-apportion|aurus,ctrl_x,round-robin-arbiter-aurus,8,27,0.9259,0.7778,1.0,1.0
aurus-nsga2-apportion|aurus,ctrl_y,round-robin-arbiter-aurus,8,130,0.8308,0.8615,0.7769,0.8923
aurus-nsga2-apportion|aurus,cross,round-robin-arbiter-aurus,9,29,0.5862,0.931,0.8276,0.8966
aurus-nsga2-apportion|aurus,cross,round-robin-arbiter-aurus,10,27,0.7407,0.8148,0.8519,0.8519
aurus-nsga2-apportion|aurus,ctrl_x,round-robin-arbiter-aurus,10,27,0.963,0.7778,0.9259,0.8519
aurus-nsga2-apportion|aurus,ctrl_y,round-robin-arbiter-aurus,10,125,0.792,0.84,0.856,0.752
aurus-nsga2-apportion|aurus,cross,round-robin-arbiter-aurus,11,30,0.5333,0.9,0.4,0.9667
aurus-nsga2-apportion|aurus,cross,round-robin-arbiter-aurus,12,27,0.8519,0.6667,0.7037,0.963
aurus-nsga2-apportion|aurus,ctrl_x,round-robin-arbiter-aurus,12,24,0.9583,0.5833,1.0,0.875
aurus-nsga2-apportion|aurus,ctrl_y,round-robin-arbiter-aurus,12,115,0.6957,0.9304,0.8261,0.9739
aurus-nsga2-apportion|aurus,cross,round-robin-arbiter-aurus,13,24,0.6667,0.9583,0.7083,1.0
aurus-nsga2-apportion|aurus,cross,round-robin-arbiter-aurus,14,19,0.5263,0.7895,0.3158,1.0
aurus-nsga2-apportion|aurus,ctrl_x,round-robin-arbiter-aurus,14,19,0.7368,0.7895,0.8947,0.7368
aurus-nsga2-apportion|aurus,ctrl_y,round-robin-arbiter-aurus,14,122,0.8607,0.7295,0.8443,0.7787
aurus-nsga2-apportion|aurus,cross,round-robin-arbiter-aurus,15,30,0.6333,0.8,0.6333,0.9667
aurus-nsga2-apportion|aurus,cross,round-robin-arbiter-aurus,16,26,0.5,0.8462,0.5769,0.9231
aurus-nsga2-apportion|aurus,ctrl_x,round-robin-arbiter-aurus,16,25,0.84,0.8,1.0,0.96
aurus-nsga2-apportion|aurus,ctrl_y,round-robin-arbiter-aurus,16,137,0.7956,0.6934,0.6642,0.8102
aurus-nsga2-apportion|aurus,cross,round-robin-arbiter-aurus,17,25,0.68,0.88,0.84,1.0
aurus-nsga2-apportion|aurus,cross,round-robin-arbiter-aurus,18,47,0.5319,0.8511,0.4894,0.6596
aurus-nsga2-apportion|aurus,ctrl_x,round-robin-arbiter-aurus,18,39,0.7692,0.8718,1.0,0.9231
aurus-nsga2-apportion|aurus,ctrl_y,round-robin-arbiter-aurus,18,121,0.8926,0.7769,0.7769,0.8347
aurus-nsga2-apportion|aurus,cross,round-robin-arbiter-aurus,19,39,0.8205,0.7692,0.6154,0.8462
aurus-nsga2-apportion|aurus,cross,round-robin-arbiter-aurus,20,36,0.4722,0.8056,0.3611,0.8333
aurus-nsga2-apportion|aurus,ctrl_x,round-robin-arbiter-aurus,20,35,0.8857,0.8,0.9429,1.0
aurus-nsga2-apportion|aurus,ctrl_y,round-robin-arbiter-aurus,20,129,0.7519,0.7519,0.7287,0.7752
aurus-nsga2-apportion|aurus,cross,round-robin-arbiter-aurus,21,35,0.3714,0.9429,0.9429,1.0
aurus-nsga2-apportion|aurus,cross,round-robin-arbiter-aurus,22,35,0.7429,0.8286,0.7143,0.9714
aurus-nsga2-apportion|aurus,ctrl_x,round-robin-arbiter-aurus,22,35,0.8857,0.8,0.9143,0.9143
aurus-nsga2-apportion|aurus,ctrl_y,round-robin-arbiter-aurus,22,118,0.8051,0.822,0.8559,0.8814
aurus-nsga2-apportion|aurus,cross,round-robin-arbiter-aurus,23,53,0.5849,0.8679,0.3962,0.8679
aurus-nsga2-apportion|aurus,cross,round-robin-arbiter-aurus,24,32,0.75,0.9688,0.6875,0.8125
aurus-nsga2-apportion|aurus,ctrl_x,round-robin-arbiter-aurus,24,24,0.7917,0.75,1.0,0.875
aurus-nsga2-apportion|aurus,ctrl_y,round-robin-arbiter-aurus,24,119,0.7311,0.8739,0.7143,0.8655
aurus-nsga2-apportion|aurus,cross,round-robin-arbiter-aurus,25,24,0.75,0.875,0.8333,0.9583
aurus-nsga2-apportion|aurus,cross,round-robin-arbiter-aurus,26,27,0.2593,1.0,0.1481,0.8889
aurus-nsga2-apportion|aurus,ctrl_x,round-robin-arbiter-aurus,26,27,0.5556,0.9259,0.963,0.963
aurus-nsga2-apportion|aurus,ctrl_y,round-robin-arbiter-aurus,26,107,0.8505,0.8037,0.7664,0.8037
aurus-nsga2-apportion|aurus,cross,round-robin-arbiter-aurus,27,44,0.6818,0.7955,0.6364,0.8409
aurus-nsga2-apportion|aurus,cross,round-robin-arbiter-aurus,28,41,0.7073,0.9024,0.6585,0.878
aurus-nsga2-apportion|aurus,ctrl_x,round-robin-arbiter-aurus,28,34,0.6765,0.7353,0.9412,0.8235
aurus-nsga2-apportion|aurus,ctrl_y,round-robin-arbiter-aurus,28,117,0.7778,0.7692,0.735,0.6667
aurus-nsga2-apportion|aurus,cross,round-robin-arbiter-aurus,29,34,0.4706,0.9118,0.6471,0.9706
mrs-nsga2-apportion|aurus,cross,simple-arbiter-aurus,0,33,1.0,0.6667,0.7273,0.3333
mrs-nsga2-apportion|aurus,ctrl_x,simple-arbiter-aurus,0,33,0.8788,0.8182,0.9697,0.8485
mrs-nsga2-apportion|aurus,ctrl_y,simple-arbiter-aurus,0,50,0.94,0.88,0.98,0.9
mrs-nsga2-apportion|aurus,cross,simple-arbiter-aurus,1,34,0.8824,0.6471,0.6471,0.3529
mrs-nsga2-apportion|aurus,cross,simple-arbiter-aurus,2,35,0.6571,0.6286,0.4,0.3714
mrs-nsga2-apportion|aurus,ctrl_x,simple-arbiter-aurus,2,23,0.8261,1.0,0.9565,0.9565
mrs-nsga2-apportion|aurus,ctrl_y,simple-arbiter-aurus,2,53,0.8491,0.8679,0.7925,0.8302
mrs-nsga2-apportion|aurus,cross,simple-arbiter-aurus,3,23,1.0,0.6087,0.4783,0.2609
mrs-nsga2-apportion|aurus,cross,simple-arbiter-aurus,4,25,0.92,0.8,0.96,0.64
mrs-nsga2-apportion|aurus,ctrl_x,simple-arbiter-aurus,4,25,0.88,1.0,0.92,1.0
mrs-nsga2-apportion|aurus,ctrl_y,simple-arbiter-aurus,4,36,1.0,0.9444,1.0,0.9444
mrs-nsga2-apportion|aurus,cross,simple-arbiter-aurus,5,26,1.0,0.7692,0.8846,0.7308
mrs-nsga2-apportion|aurus,cross,simple-arbiter-aurus,6,27,0.963,0.5185,0.5556,0.4074
mrs-nsga2-apportion|aurus,ctrl_x,simple-arbiter-aurus,6,24,0.875,1.0,0.75,0.9583
mrs-nsga2-apportion|aurus,ctrl_y,simple-arbiter-aurus,6,46,0.8261,0.9565,0.7826,0.9783
mrs-nsga2-apportion|aurus,cross,simple-arbiter-aurus,7,24,1.0,0.9167,0.9583,0.6667
mrs-nsga2-apportion|aurus,cross,simple-arbiter-aurus,8,35,0.8,0.7429,0.6286,0.8286
mrs-nsga2-apportion|aurus,ctrl_x,simple-arbiter-aurus,8,29,0.7241,1.0,0.7931,0.931
mrs-nsga2-apportion|aurus,ctrl_y,simple-arbiter-aurus,8,52,0.9231,0.9808,0.9808,0.75
mrs-nsga2-apportion|aurus,cross,simple-arbiter-aurus,9,29,0.9655,0.6897,0.5862,0.2759
mrs-nsga2-apportion|aurus,cross,simple-arbiter-aurus,10,31,0.8387,0.7742,0.4516,0.4839
mrs-nsga2-apportion|aurus,ctrl_x,simple-arbiter-aurus,10,31,0.871,0.9032,0.9032,1.0
mrs-nsga2-apportion|aurus,ctrl_y,simple-arbiter-aurus,10,51,0.8431,0.902,0.8824,0.9216
mrs-nsga2-apportion|aurus,cross,simple-arbiter-aurus,11,33,0.9394,0.9091,0.3939,0.6061
mrs-nsga2-apportion|aurus,cross,simple-arbiter-aurus,12,28,1.0,0.7857,0.8214,0.6786
mrs-nsga2-apportion|aurus,ctrl_x,simple-arbiter-aurus,12,28,0.9286,1.0,0.8214,0.9286
mrs-nsga2-apportion|aurus,ctrl_y,simple-arbiter-aurus,12,51,0.902,0.9608,0.8627,0.9412
mrs-nsga2-apportion|aurus,cross,simple-arbiter-aurus,13,33,1.0,0.6364,0.5455,0.2727
mrs-nsga2-apportion|aurus,cross,simple-arbiter-aurus,14,34,0.8824,0.2941,0.6471,0.4412
mrs-nsga2-apportion|aurus,ctrl_x,simple-arbiter-aurus,14,30,1.0,0.9,0.9667,1.0
mrs-nsga2-apportion|aurus,cross,simple-arbiter-aurus,16,34,1.0,0.9412,0.8529,0.6176
mrs-nsga2-apportion|aurus,ctrl_x,simple-arbiter-aurus,16,23,0.6957,1.0,1.0,1.0
mrs-nsga2-apportion|aurus,ctrl_y,simple-arbiter-aurus,16,50,0.92,0.98,0.82,0.96
mrs-nsga2-apportion|aurus,cross,simple-arbiter-aurus,17,23,1.0,0.7391,1.0,0.913
mrs-nsga2-apportion|aurus,cross,simple-arbiter-aurus,18,21,1.0,0.7143,0.9048,0.7143
mrs-nsga2-apportion|aurus,ctrl_x,simple-arbiter-aurus,18,21,1.0,0.9524,1.0,1.0
mrs-nsga2-apportion|aurus,ctrl_y,simple-arbiter-aurus,18,35,0.9429,0.9714,1.0,1.0
mrs-nsga2-apportion|aurus,cross,simple-arbiter-aurus,19,33,1.0,0.697,0.8485,0.6364
mrs-nsga2-apportion|aurus,cross,simple-arbiter-aurus,20,32,0.625,0.8125,0.6562,0.7812
mrs-nsga2-apportion|aurus,ctrl_x,simple-arbiter-aurus,20,28,1.0,0.9286,0.9286,1.0
mrs-nsga2-apportion|aurus,ctrl_y,simple-arbiter-aurus,20,43,1.0,0.8605,1.0,0.814
mrs-nsga2-apportion|aurus,cross,simple-arbiter-aurus,21,28,0.6071,0.6429,0.6071,0.5
mrs-nsga2-apportion|aurus,cross,simple-arbiter-aurus,22,37,0.8649,0.6216,0.5676,0.3514
mrs-nsga2-apportion|aurus,ctrl_x,simple-arbiter-aurus,22,28,0.8929,0.9286,0.9286,0.9286
mrs-nsga2-apportion|aurus,ctrl_y,simple-arbiter-aurus,22,53,0.9434,0.8679,0.9623,0.9245
mrs-nsga2-apportion|aurus,cross,simple-arbiter-aurus,23,28,1.0,0.8571,0.6071,0.6429
mrs-nsga2-apportion|aurus,cross,simple-arbiter-aurus,24,27,0.8889,0.7407,0.5556,0.4815
mrs-nsga2-apportion|aurus,ctrl_x,simple-arbiter-aurus,24,27,1.0,0.8148,0.9259,0.7407
mrs-nsga2-apportion|aurus,ctrl_y,simple-arbiter-aurus,24,43,0.814,0.9535,0.8605,0.9302
mrs-nsga2-apportion|aurus,cross,simple-arbiter-aurus,25,28,1.0,0.8214,0.25,0.3929
mrs-nsga2-apportion|aurus,cross,simple-arbiter-aurus,26,26,0.9231,0.7308,0.9615,0.2308
mrs-nsga2-apportion|aurus,ctrl_x,simple-arbiter-aurus,26,21,0.9048,1.0,0.8571,1.0
mrs-nsga2-apportion|aurus,ctrl_y,simple-arbiter-aurus,26,63,0.873,0.8413,0.9048,0.9048
mrs-nsga2-apportion|aurus,cross,simple-arbiter-aurus,27,21,1.0,0.7143,0.7619,0.2857
mrs-nsga2-apportion|aurus,cross,simple-arbiter-aurus,28,40,0.675,0.65,0.7,0.7
mrs-nsga2-apportion|aurus,ctrl_x,simple-arbiter-aurus,28,35,0.6571,0.9714,1.0,0.9429
mrs-nsga2-apportion|aurus,ctrl_y,simple-arbiter-aurus,28,44,0.8182,0.9091,0.9773,0.7955
mrs-nsga2-apportion|aurus,cross,simple-arbiter-aurus,29,35,0.9143,0.6571,0.9714,0.6571
mrs-nsga2-apportion|aurus-nsga2-apportion,cross,simple-arbiter-aurus,0,33,0.9394,1.0,1.0,1.0
mrs-nsga2-apportion|aurus-nsga2-apportion,ctrl_x,simple-arbiter-aurus,0,33,0.8788,0.8182,0.9697,0.8485
mrs-nsga2-apportion|aurus-nsga2-apportion,ctrl_y,simple-arbiter-aurus,0,36,0.9722,0.9167,1.0,0.9444
mrs-nsga2-apportion|aurus-nsga2-apportion,cross,simple-arbiter-aurus,1,34,0.9118,0.9118,1.0,0.9706
mrs-nsga2-apportion|aurus-nsga2-apportion,cross,simple-arbiter-aurus,2,28,0.9286,0.9643,1.0,1.0
mrs-nsga2-apportion|aurus-nsga2-apportion,ctrl_x,simple-arbiter-aurus,2,23,0.8261,1.0,0.9565,1.0
mrs-nsga2-apportion|aurus-nsga2-apportion,ctrl_y,simple-arbiter-aurus,2,28,0.8929,1.0,1.0,0.9286
mrs-nsga2-apportion|aurus-nsga2-apportion,cross,simple-arbiter-aurus,3,23,0.9565,0.7391,1.0,0.9565
mrs-nsga2-apportion|aurus-nsga2-apportion,cross,simple-arbiter-aurus,4,25,0.96,1.0,1.0,1.0
mrs-nsga2-apportion|aurus-nsga2-apportion,ctrl_x,simple-arbiter-aurus,4,25,0.88,1.0,0.92,1.0
mrs-nsga2-apportion|aurus-nsga2-apportion,ctrl_y,simple-arbiter-aurus,4,25,0.92,0.96,1.0,0.84
mrs-nsga2-apportion|aurus-nsga2-apportion,cross,simple-arbiter-aurus,5,25,0.92,1.0,0.84,0.88
mrs-nsga2-apportion|aurus-nsga2-apportion,cross,simple-arbiter-aurus,6,24,1.0,0.875,1.0,1.0
mrs-nsga2-apportion|aurus-nsga2-apportion,ctrl_x,simple-arbiter-aurus,6,24,0.8333,1.0,0.8333,0.9167
mrs-nsga2-apportion|aurus-nsga2-apportion,ctrl_y,simple-arbiter-aurus,6,22,0.9545,1.0,1.0,1.0
mrs-nsga2-apportion|aurus-nsga2-apportion,cross,simple-arbiter-aurus,7,22,1.0,1.0,1.0,1.0
mrs-nsga2-apportion|aurus-nsga2-apportion,cross,simple-arbiter-aurus,8,31,1.0,0.9032,1.0,0.7742
mrs-nsga2-apportion|aurus-nsga2-apportion,ctrl_x,simple-arbiter-aurus,8,29,0.6552,1.0,0.7931,0.9655
mrs-nsga2-apportion|aurus-nsga2-apportion,ctrl_y,simple-arbiter-aurus,8,31,0.8065,0.9355,0.4839,0.7742
mrs-nsga2-apportion|aurus-nsga2-apportion,cross,simple-arbiter-aurus,9,29,1.0,1.0,0.8276,0.9655
mrs-nsga2-apportion|aurus-nsga2-apportion,cross,simple-arbiter-aurus,10,20,1.0,1.0,0.85,1.0
mrs-nsga2-apportion|aurus-nsga2-apportion,ctrl_x,simple-arbiter-aurus,10,31,0.9032,0.9032,0.9032,0.9677
mrs-nsga2-apportion|aurus-nsga2-apportion,ctrl_y,simple-arbiter-aurus,10,20,0.9,0.95,1.0,1.0
mrs-nsga2-apportion|aurus-nsga2-apportion,cross,simple-arbiter-aurus,11,24,0.9583,1.0,1.0,1.0
mrs-nsga2-apportion|aurus-nsga2-apportion,cross,simple-arbiter-aurus,12,28,0.9286,0.9286,0.9643,1.0
mrs-nsga2-apportion|aurus-nsga2-apportion,ctrl_x,simple-arbiter-aurus,12,28,0.9286,1.0,0.8214,0.9286
mrs-nsga2-apportion|aurus-nsga2-apportion,ctrl_y,simple-arbiter-aurus,12,31,0.9355,0.9677,0.9032,0.9032
mrs-nsga2-apportion|aurus-nsga2-apportion,cross,simple-arbiter-aurus,13,32,1.0,0.8438,0.8438,0.6875
mrs-nsga2-apportion|aurus-nsga2-apportion,cross,simple-arbiter-aurus,14,34,0.9706,0.9412,0.9706,0.9706
mrs-nsga2-apportion|aurus-nsga2-apportion,ctrl_x,simple-arbiter-aurus,14,30,1.0,0.9,0.9667,1.0
mrs-nsga2-apportion|aurus-nsga2-apportion,ctrl_y,simple-arbiter-aurus,14,15,1.0,1.0,1.0,0.9333
mrs-nsga2-apportion|aurus-nsga2-apportion,cross,simple-arbiter-aurus,15,15,1.0,1.0,1.0,1.0
mrs-nsga2-apportion|aurus-nsga2-apportion,cross,simple-arbiter-aurus,16,29,0.8966,0.931,0.9655,0.9655
mrs-nsga2-apportion|aurus-nsga2-apportion,ctrl_x,simple-arbiter-aurus,16,23,0.8261,1.0,0.9565,0.9565
mrs-nsga2-apportion|aurus-nsga2-apportion,ctrl_y,simple-arbiter-aurus,16,23,0.9565,1.0,0.9565,1.0
mrs-nsga2-apportion|aurus-nsga2-apportion,cross,simple-arbiter-aurus,17,23,1.0,1.0,1.0,1.0
mrs-nsga2-apportion|aurus-nsga2-apportion,cross,simple-arbiter-aurus,18,21,1.0,0.7619,1.0,1.0
mrs-nsga2-apportion|aurus-nsga2-apportion,ctrl_x,simple-arbiter-aurus,18,21,1.0,0.9524,1.0,1.0
mrs-nsga2-apportion|aurus-nsga2-apportion,ctrl_y,simple-arbiter-aurus,18,34,0.5882,0.9706,0.7647,0.9412
mrs-nsga2-apportion|aurus-nsga2-apportion,cross,simple-arbiter-aurus,19,33,1.0,0.7273,1.0,0.9091
mrs-nsga2-apportion|aurus-nsga2-apportion,cross,simple-arbiter-aurus,20,32,1.0,0.9375,1.0,0.9688
mrs-nsga2-apportion|aurus-nsga2-apportion,ctrl_x,simple-arbiter-aurus,20,28,1.0,0.9286,0.9286,1.0
mrs-nsga2-apportion|aurus-nsga2-apportion,ctrl_y,simple-arbiter-aurus,20,26,0.9615,0.9615,0.9231,1.0
mrs-nsga2-apportion|aurus-nsga2-apportion,cross,simple-arbiter-aurus,21,26,1.0,1.0,1.0,1.0
mrs-nsga2-apportion|aurus-nsga2-apportion,cross,simple-arbiter-aurus,22,29,1.0,1.0,1.0,1.0
mrs-nsga2-apportion|aurus-nsga2-apportion,ctrl_x,simple-arbiter-aurus,22,28,0.9286,0.9286,0.9286,1.0
mrs-nsga2-apportion|aurus-nsga2-apportion,ctrl_y,simple-arbiter-aurus,22,28,0.9286,0.9643,1.0,1.0
mrs-nsga2-apportion|aurus-nsga2-apportion,cross,simple-arbiter-aurus,23,28,0.9286,0.75,0.9643,1.0
mrs-nsga2-apportion|aurus-nsga2-apportion,cross,simple-arbiter-aurus,24,23,1.0,1.0,1.0,0.9565
mrs-nsga2-apportion|aurus-nsga2-apportion,ctrl_x,simple-arbiter-aurus,24,27,1.0,0.8148,0.9259,0.7407
mrs-nsga2-apportion|aurus-nsga2-apportion,ctrl_y,simple-arbiter-aurus,24,23,1.0,0.9565,1.0,0.9565
mrs-nsga2-apportion|aurus-nsga2-apportion,cross,simple-arbiter-aurus,25,28,0.8571,0.9286,0.9286,0.9643
mrs-nsga2-apportion|aurus-nsga2-apportion,cross,simple-arbiter-aurus,26,26,0.9615,1.0,1.0,0.9615
mrs-nsga2-apportion|aurus-nsga2-apportion,ctrl_x,simple-arbiter-aurus,26,21,0.9048,1.0,0.8571,1.0
mrs-nsga2-apportion|aurus-nsga2-apportion,ctrl_y,simple-arbiter-aurus,26,22,0.9545,0.9545,0.7727,0.7727
mrs-nsga2-apportion|aurus-nsga2-apportion,cross,simple-arbiter-aurus,27,21,1.0,1.0,1.0,1.0
mrs-nsga2-apportion|aurus-nsga2-apportion,cross,simple-arbiter-aurus,28,36,0.8889,0.9167,0.9722,1.0
mrs-nsga2-apportion|aurus-nsga2-apportion,ctrl_x,simple-arbiter-aurus,28,35,0.8286,0.9714,0.9714,0.9429
mrs-nsga2-apportion|aurus-nsga2-apportion,ctrl_y,simple-arbiter-aurus,28,36,0.7778,0.8611,0.75,0.8333
mrs-nsga2-apportion|aurus-nsga2-apportion,cross,simple-arbiter-aurus,29,35,0.9429,0.8286,1.0,0.7429
mrs-nsga2-apportion|mrs-weighted,cross,simple-arbiter-aurus,0,33,0.8788,1.0,0.8788,1.0
mrs-nsga2-apportion|mrs-weighted,ctrl_x,simple-arbiter-aurus,0,33,0.8788,0.8182,0.9697,0.8485
mrs-nsga2-apportion|mrs-weighted,ctrl_y,simple-arbiter-aurus,0,102,0.9118,0.8529,0.7059,0.6176
mrs-nsga2-apportion|mrs-weighted,cross,simple-arbiter-aurus,1,34,0.7059,1.0,0.8824,1.0
mrs-nsga2-apportion|mrs-weighted,cross,simple-arbiter-aurus,2,35,0.9143,0.9714,1.0,0.8286
mrs-nsga2-apportion|mrs-weighted,ctrl_x,simple-arbiter-aurus,2,23,0.8261,1.0,0.9565,0.9565
mrs-nsga2-apportion|mrs-weighted,ctrl_y,simple-arbiter-aurus,2,92,0.9348,0.75,0.5978,0.7935
mrs-nsga2-apportion|mrs-weighted,cross,simple-arbiter-aurus,3,23,1.0,0.913,1.0,1.0
mrs-nsga2-apportion|mrs-weighted,cross,simple-arbiter-aurus,4,25,0.88,1.0,0.64,1.0
mrs-nsga2-apportion|mrs-weighted,ctrl_x,simple-arbiter-aurus,4,25,0.88,1.0,0.92,1.0
mrs-nsga2-apportion|mrs-weighted,ctrl_y,simple-arbiter-aurus,4,73,0.8493,0.8904,0.6712,0.8082
mrs-nsga2-apportion|mrs-weighted,cross,simple-arbiter-aurus,5,26,0.9231,1.0,0.4615,1.0
mrs-nsga2-apportion|mrs-weighted,cross,simple-arbiter-aurus,6,27,0.963,1.0,0.7037,0.9259
mrs-nsga2-apportion|mrs-weighted,ctrl_x,simple-arbiter-aurus,6,24,0.875,1.0,0.75,0.9583
mrs-nsga2-apportion|mrs-weighted,ctrl_y,simple-arbiter-aurus,6,105,0.9143,0.7333,0.581,0.5619
mrs-nsga2-apportion|mrs-weighted,cross,simple-arbiter-aurus,7,24,1.0,1.0,0.5833,0.75
mrs-nsga2-apportion|mrs-weighted,cross,simple-arbiter-aurus,8,35,0.9143,0.8571,0.7429,0.9714
mrs-nsga2-apportion|mrs-weighted,ctrl_x,simple-arbiter-aurus,8,29,0.7241,1.0,0.7931,0.931
mrs-nsga2-apportion|mrs-weighted,ctrl_y,simple-arbiter-aurus,8,73,0.863,0.9315,0.5342,0.4384
mrs-nsga2-apportion|mrs-weighted,cross,simple-arbiter-aurus,9,29,0.931,0.9655,0.9655,0.6552
mrs-nsga2-apportion|mrs-weighted,cross,simple-arbiter-aurus,10,31,0.9355,1.0,0.8387,0.9355
mrs-nsga2-apportion|mrs-weighted,ctrl_x,simple-arbiter-aurus,10,31,0.871,0.9032,0.9032,1.0
mrs-nsga2-apportion|mrs-weighted,ctrl_y,simple-arbiter-aurus,10,79,0.8608,0.8987,1.0,0.8608
mrs-nsga2-apportion|mrs-weighted,cross,simple-arbiter-aurus,11,33,0.9394,1.0,0.6667,0.7879
mrs-nsga2-apportion|mrs-weighted,cross,simple-arbiter-aurus,12,28,0.9643,0.9643,0.8929,0.9643
mrs-nsga2-apportion|mrs-weighted,ctrl_x,simple-arbiter-aurus,12,28,0.9286,1.0,0.8214,0.9286
mrs-nsga2-apportion|mrs-weighted,ctrl_y,simple-arbiter-aurus,12,78,0.7821,0.9487,0.7692,0.7436
mrs-nsga2-apportion|mrs-weighted,cross,simple-arbiter-aurus,13,33,1.0,1.0,0.5758,0.9394
mrs-nsga2-apportion|mrs-weighted,cross,simple-arbiter-aurus,14,34,1.0,0.9412,1.0,0.9118
mrs-nsga2-apportion|mrs-weighted,ctrl_x,simple-arbiter-aurus,14,30,1.0,0.9,0.9667,1.0
mrs-nsga2-apportion|mrs-weighted,ctrl_y,simple-arbiter-aurus,14,99,0.899,0.8283,0.9091,0.6263
mrs-nsga2-apportion|mrs-weighted,cross,simple-arbiter-aurus,15,30,0.9333,1.0,0.9333,0.9667
mrs-nsga2-apportion|mrs-weighted,cross,simple-arbiter-aurus,16,34,0.8824,0.9706,0.7941,0.6471
mrs-nsga2-apportion|mrs-weighted,ctrl_x,simple-arbiter-aurus,16,23,0.6957,1.0,1.0,1.0
mrs-nsga2-apportion|mrs-weighted,ctrl_y,simple-arbiter-aurus,16,86,0.8837,0.9186,0.6279,0.7791
mrs-nsga2-apportion|mrs-weighted,cross,simple-arbiter-aurus,17,23,0.9565,0.913,0.913,0.9565
mrs-nsga2-apportion|mrs-weighted,cross,simple-arbiter-aurus,18,21,1.0,0.9524,1.0,1.0
mrs-nsga2-apportion|mrs-weighted,ctrl_x,simple-arbiter-aurus,18,21,1.0,0.9524,1.0,1.0
mrs-nsga2-apportion|mrs-weighted,ctrl_y,simple-arbiter-aurus,18,78,0.8846,0.9359,0.9615,0.8462
mrs-nsga2-apportion|mrs-weighted,cross,simple-arbiter-aurus,19,33,0.9394,0.9394,0.9394,0.9697
mrs-nsga2-apportion|mrs-weighted,cross,simple-arbiter-aurus,20,32,0.9688,1.0,0.7812,0.8438
mrs-nsga2-apportion|mrs-weighted,ctrl_x,simple-arbiter-aurus,20,28,1.0,0.9286,0.9286,1.0
mrs-nsga2-apportion|mrs-weighted,ctrl_y,simple-arbiter-aurus,20,89,0.8652,1.0,0.6067,0.6854
mrs-nsga2-apportion|mrs-weighted,cross,simple-arbiter-aurus,21,28,0.75,0.9643,0.6786,0.8571
mrs-nsga2-apportion|mrs-weighted,cross,simple-arbiter-aurus,22,37,0.8649,0.9459,0.6486,0.8919
mrs-nsga2-apportion|mrs-weighted,ctrl_x,simple-arbiter-aurus,22,28,0.8929,0.9286,0.9286,0.9286
mrs-nsga2-apportion|mrs-weighted,ctrl_y,simple-arbiter-aurus,22,92,0.9674,0.8043,0.8261,0.5435
mrs-nsga2-apportion|mrs-weighted,cross,simple-arbiter-aurus,23,28,0.9643,0.9643,0.5714,0.6786
mrs-nsga2-apportion|mrs-weighted,cross,simple-arbiter-aurus,24,27,0.9259,1.0,0.8889,1.0
mrs-nsga2-apportion|mrs-weighted,ctrl_x,simple-arbiter-aurus,24,27,1.0,0.8148,0.9259,0.7407
mrs-nsga2-apportion|mrs-weighted,ctrl_y,simple-arbiter-aurus,24,80,0.9375,0.875,0.725,0.95
mrs-nsga2-apportion|mrs-weighted,cross,simple-arbiter-aurus,25,28,0.7857,1.0,0.3571,0.8929
mrs-nsga2-apportion|mrs-weighted,cross,simple-arbiter-aurus,26,26,0.9231,0.8846,0.8462,0.6923
mrs-nsga2-apportion|mrs-weighted,ctrl_x,simple-arbiter-aurus,26,21,0.9048,1.0,0.8571,1.0
mrs-nsga2-apportion|mrs-weighted,ctrl_y,simple-arbiter-aurus,26,85,0.8941,0.9529,0.7529,0.7882
mrs-nsga2-apportion|mrs-weighted,cross,simple-arbiter-aurus,27,21,1.0,1.0,0.3333,0.9524
mrs-nsga2-apportion|mrs-weighted,cross,simple-arbiter-aurus,28,40,0.75,1.0,0.95,0.9
mrs-nsga2-apportion|mrs-weighted,ctrl_x,simple-arbiter-aurus,28,35,0.6571,0.9714,1.0,0.9429
mrs-nsga2-apportion|mrs-weighted,ctrl_y,simple-arbiter-aurus,28,101,0.802,0.8119,0.802,0.8515
mrs-nsga2-apportion|mrs-weighted,cross,simple-arbiter-aurus,29,35,0.8286,0.9714,0.9429,0.9714
aurus-nsga2-apportion|aurus,cross,simple-arbiter-aurus,0,36,1.0,0.8056,0.8056,0.3333
aurus-nsga2-apportion|aurus,ctrl_x,simple-arbiter-aurus,0,36,0.9722,0.9167,1.0,0.9444
aurus-nsga2-apportion|aurus,ctrl_y,simple-arbiter-aurus,0,50,0.9,0.88,0.98,0.9
aurus-nsga2-apportion|aurus,cross,simple-arbiter-aurus,1,36,0.6389,0.6111,0.5556,0.5556
aurus-nsga2-apportion|aurus,cross,simple-arbiter-aurus,2,28,0.9286,0.5357,0.5714,0.2857
aurus-nsga2-apportion|aurus,ctrl_x,simple-arbiter-aurus,2,28,0.8929,0.9286,1.0,1.0
aurus-nsga2-apportion|aurus,ctrl_y,simple-arbiter-aurus,2,53,0.8302,0.9623,0.7925,0.8868
aurus-nsga2-apportion|aurus,cross,simple-arbiter-aurus,3,40,0.825,0.65,0.775,0.225
aurus-nsga2-apportion|aurus,cross,simple-arbiter-aurus,4,33,0.7576,0.697,1.0,0.6667
aurus-nsga2-apportion|aurus,ctrl_x,simple-arbiter-aurus,4,25,0.96,1.0,1.0,0.84
aurus-nsga2-apportion|aurus,ctrl_y,simple-arbiter-aurus,4,36,0.9167,0.9722,1.0,1.0
aurus-nsga2-apportion|aurus,cross,simple-arbiter-aurus,5,25,1.0,0.56,0.68,0.92
aurus-nsga2-apportion|aurus,cross,simple-arbiter-aurus,6,24,0.9167,0.4583,0.875,0.5
aurus-nsga2-apportion|aurus,ctrl_x,simple-arbiter-aurus,6,22,0.9545,1.0,1.0,1.0
aurus-nsga2-apportion|aurus,ctrl_y,simple-arbiter-aurus,6,46,0.8261,0.9565,0.7826,0.9783
aurus-nsga2-apportion|aurus,cross,simple-arbiter-aurus,7,22,1.0,0.7273,0.8182,0.3636
aurus-nsga2-apportion|aurus,cross,simple-arbiter-aurus,8,31,0.9355,0.7419,0.6774,0.2258
aurus-nsga2-apportion|aurus,ctrl_x,simple-arbiter-aurus,8,31,0.7097,0.9355,0.4516,0.6452
aurus-nsga2-apportion|aurus,ctrl_y,simple-arbiter-aurus,8,52,0.9038,0.9808,1.0,0.7115
aurus-nsga2-apportion|aurus,cross,simple-arbiter-aurus,9,46,0.913,0.6087,0.7391,0.3478
aurus-nsga2-apportion|aurus,cross,simple-arbiter-aurus,10,20,0.9,1.0,0.45,0.9
aurus-nsga2-apportion|aurus,ctrl_x,simple-arbiter-aurus,10,20,0.9,1.0,1.0,1.0
aurus-nsga2-apportion|aurus,ctrl_y,simple-arbiter-aurus,10,51,0.8235,0.902,0.9412,0.902
aurus-nsga2-apportion|aurus,cross,simple-arbiter-aurus,11,24,0.9583,0.7083,0.8333,0.375
aurus-nsga2-apportion|aurus,cross,simple-arbiter-aurus,12,31,1.0,0.9032,0.6129,0.5806
aurus-nsga2-apportion|aurus,ctrl_x,simple-arbiter-aurus,12,31,0.9355,0.9677,0.9032,0.9032
aurus-nsga2-apportion|aurus,ctrl_y,simple-arbiter-aurus,12,51,0.902,0.9216,0.8627,0.9216
aurus-nsga2-apportion|aurus,cross,simple-arbiter-aurus,13,32,0.9375,0.25,0.5,0.1562
aurus-nsga2-apportion|aurus,cross,simple-arbiter-aurus,14,38,0.7105,0.3947,0.6842,0.4737
aurus-nsga2-apportion|aurus,ctrl_x,simple-arbiter-aurus,14,15,1.0,1.0,1.0,1.0
aurus-nsga2-apportion|aurus,cross,simple-arbiter-aurus,16,29,0.9655,0.931,0.9655,0.5172
aurus-nsga2-apportion|aurus,ctrl_x,simple-arbiter-aurus,16,23,0.8696,1.0,1.0,1.0
aurus-nsga2-apportion|aurus,ctrl_y,simple-arbiter-aurus,16,50,0.86,0.96,0.84,0.84
aurus-nsga2-apportion|aurus,cross,simple-arbiter-aurus,17,23,0.8261,0.8261,0.913,0.7391
aurus-nsga2-apportion|aurus,cross,simple-arbiter-aurus,18,34,0.2941,0.4706,0.1765,0.3824
aurus-nsga2-apportion|aurus,ctrl_x,simple-arbiter-aurus,18,34,0.6176,0.9706,0.7647,0.9706
aurus-nsga2-apportion|aurus,ctrl_y,simple-arbiter-aurus,18,35,0.7714,0.9429,0.9714,0.8286
aurus-nsga2-apportion|aurus,cross,simple-arbiter-aurus,19,35,0.9714,0.8,0.6857,0.5429
aurus-nsga2-apportion|aurus,cross,simple-arbiter-aurus,20,41,0.5854,0.8537,0.3659,0.7805
aurus-nsga2-apportion|aurus,ctrl_x,simple-arbiter-aurus,20,26,0.9231,0.9231,0.9231,1.0
aurus-nsga2-apportion|aurus,ctrl_y,simple-arbiter-aurus,20,43,1.0,0.8837,0.907,0.7209
aurus-nsga2-apportion|aurus,cross,simple-arbiter-aurus,21,26,0.9615,0.7692,0.5,0.4615
aurus-nsga2-apportion|aurus,cross,simple-arbiter-aurus,22,29,0.931,0.7241,0.7931,0.5862
aurus-nsga2-apportion|aurus,ctrl_x,simple-arbiter-aurus,22,28,0.9286,0.9643,0.7857,1.0
aurus-nsga2-apportion|aurus,ctrl_y,simple-arbiter-aurus,22,53,0.9623,0.8868,0.9811,0.9434
aurus-nsga2-apportion|aurus,cross,simple-arbiter-aurus,23,28,0.8214,0.75,0.3571,0.3571
aurus-nsga2-apportion|aurus,cross,simple-arbiter-aurus,24,23,1.0,0.4348,0.5217,0.1739
aurus-nsga2-apportion|aurus,ctrl_x,simple-arbiter-aurus,24,23,1.0,0.913,1.0,0.913
aurus-nsga2-apportion|aurus,ctrl_y,simple-arbiter-aurus,24,43,0.8605,0.9302,0.8372,0.9535
aurus-nsga2-apportion|aurus,cross,simple-arbiter-aurus,25,29,1.0,0.7931,0.6897,0.5862
aurus-nsga2-apportion|aurus,cross,simple-arbiter-aurus,26,48,0.625,0.1667,0.4167,0.2292
aurus-nsga2-apportion|aurus,ctrl_x,simple-arbiter-aurus,26,22,0.9545,0.9091,1.0,0.8182
aurus-nsga2-apportion|aurus,ctrl_y,simple-arbiter-aurus,26,63,0.873,0.7778,0.9048,0.8889
aurus-nsga2-apportion|aurus,cross,simple-arbiter-aurus,27,22,0.9091,0.5,0.4091,0.7273
aurus-nsga2-apportion|aurus,cross,simple-arbiter-aurus,28,36,0.6944,0.75,0.8889,0.3889
aurus-nsga2-apportion|aurus,ctrl_x,simple-arbiter-aurus,28,36,0.8611,0.6944,0.7222,0.75
aurus-nsga2-apportion|aurus,ctrl_y,simple-arbiter-aurus,28,44,0.7955,0.8864,0.8864,0.7955
aurus-nsga2-apportion|aurus,cross,simple-arbiter-aurus,29,44,0.8182,0.6591,0.75,0.6136
