comparison,kind,spec,seed,n,prec_y_in_x,prec_x_in_y,cov_x_by_y,cov_y_by_x
mrs-nsga2-apportion|aurus,cross,arbiter-aurus,0,33,1.0,0.7273,0.6061,0.3333
mrs-nsga2-apportion|aurus,cross,arbiter-aurus,1,33,0.7879,0.9697,0.4848,0.4242
mrs-nsga2-apportion|aurus,ctrl_x,arbiter-aurus,0,33,0.9697,0.8182,0.9091,0.8182
mrs-nsga2-apportion|aurus,ctrl_y,arbiter-aurus,0,33,0.6061,0.9394,0.6667,0.9091
mrs-nsga2-apportion|aurus,cross,arbiter-aurus,2,32,0.875,0.9062,0.625,0.75
mrs-nsga2-apportion|aurus,cross,arbiter-aurus,3,32,0.8125,0.9375,0.5,0.1562
mrs-nsga2-apportion|aurus,ctrl_x,arbiter-aurus,2,32,0.875,0.7812,0.9062,0.625
mrs-nsga2-apportion|aurus,ctrl_y,arbiter-aurus,2,32,0.9062,0.9375,0.9062,0.9375
mrs-nsga2-apportion|aurus,cross,arbiter-aurus,4,31,0.9677,0.9032,0.6129,0.8065
mrs-nsga2-apportion|aurus,cross,arbiter-aurus,5,31,0.8387,0.871,0.6774,0.4516
mrs-nsga2-apportion|aurus,ctrl_x,arbiter-aurus,4,31,0.9355,1.0,0.8065,1.0
mrs-nsga2-apportion|aurus,ctrl_y,arbiter-aurus,4,31,0.8387,0.8065,0.871,0.9355
mrs-nsga2-apportion|aurus,cross,arbiter-aurus,6,36,0.8611,0.8889,0.6944,0.8611
mrs-nsga2-apportion|aurus,cross,arbiter-aurus,7,36,0.8611,0.8056,0.5833,0.6111
mrs-nsga2-apportion|aurus,ctrl_x,arbiter-aurus,6,36,0.75,0.8889,0.8056,0.6944
mrs-nsga2-apportion|aurus,ctrl_y,arbiter-aurus,6,36,1.0,0.5,0.8056,0.5278
mrs-nsga2-apportion|aurus,cross,arbiter-aurus,8,28,1.0,0.1429,0.4643,0.3929
mrs-nsga2-apportion|aurus,cross,arbiter-aurus,9,28,0.7857,0.7143,0.8214,0.6786
mrs-nsga2-apportion|aurus,ctrl_x,arbiter-aurus,8,28,0.8571,0.9286,1.0,0.9643
mrs-nsga2-apportion|aurus,ctrl_y,arbiter-aurus,8,28,0.5714,0.9286,0.4286,0.7143
mrs-nsga2-apportion|aurus,cross,arbiter-aurus,10,26,0.8846,0.8462,0.9615,0.4231
mrs-nsga2-apportion|aurus,cross,arbiter-aurus,11,26,0.7692,0.8462,0.5385,0.5385
mrs-nsga2-apportion|aurus,ctrl_x,arbiter-aurus,10,26,0.8846,0.6154,1.0,0.9615
mrs-nsga2-apportion|aurus,ctrl_y,arbiter-aurus,10,26,0.8846,0.8077,0.9231,1.0
mrs-nsga2-apportion|aurus,cross,arbiter-aurus,12,35,0.9714,0.7143,0.6571,0.6571
mrs-nsga2-apportion|aurus,cross,arbiter-aurus,13,35,0.6571,0.6571,0.3714,0.1429
mrs-nsga2-apportion|aurus,ctrl_x,arbiter-aurus,12,35,0.8,0.7429,0.7143,0.5143
mrs-nsga2-apportion|aurus,ctrl_y,arbiter-aurus,12,35,0.8857,0.6286,0.8571,0.7714
mrs-nsga2-apportion|aurus,cross,arbiter-aurus,14,25,0.84,0.96,0.92,0.6
mrs-nsga2-apportion|aurus,cross,arbiter-aurus,15,25,1.0,0.2,0.32,0.48
mrs-nsga2-apportion|aurus,ctrl_x,arbiter-aurus,14,25,0.68,0.96,0.6,0.92
mrs-nsga2-apportion|aurus,ctrl_y,arbiter-aurus,14,25,0.96,0.68,0.96,1.0
mrs-nsga2-apportion|aurus,cross,arbiter-aurus,16,44,0.9773,0.5455,0.7727,0.4773
mrs-nsga2-apportion|aurus,cross,arbiter-aurus,17,44,0.8636,0.7955,0.2727,0.3636
mrs-nsga2-apportion|aurus,ctrl_x,arbiter-aurus,16,44,0.9318,0.7727,0.9318,0.8182
mrs-nsga2-apportion|aurus,ctrl_y,arbiter-aurus,16,44,0.6591,0.8409,0.8182,0.7727
mrs-nsga2-apportion|aurus,cross,arbiter-aurus,18,38,0.9737,0.9211,0.5789,0.3684
mrs-nsga2-apportion|aurus,cross,arbiter-aurus,19,38,0.7632,0.9211,0.8421,0.7632
mrs-nsga2-apportion|aurus,ctrl_x,arbiter-aurus,18,38,0.8947,0.8947,1.0,0.7368
mrs-nsga2-apportion|aurus,ctrl_y,arbiter-aurus,18,38,0.8158,0.9474,1.0,0.9737
mrs-nsga2-apportion|aurus,cross,arbiter-aurus,20,27,1.0,0.9259,0.7407,0.6296
mrs-nsga2-apportion|aurus,cross,arbiter-aurus,21,27,0.6667,0.963,0.8889,0.2963
mrs-nsga2-apportion|aurus,ctrl_x,arbiter-aurus,20,27,0.963,0.3333,0.8148,0.7778
mrs-nsga2-apportion|aurus,ctrl_y,arbiter-aurus,20,27,1.0,0.8889,1.0,0.8148
mrs-nsga2-apportion|aurus,cross,arbiter-aurus,22,32,0.8438,0.9688,0.5938,0.5312
mrs-nsga2-apportion|aurus,cross,arbiter-aurus,23,32,1.0,0.6875,0.8125,0.4062
mrs-nsga2-apportion|aurus,ctrl_x,arbiter-aurus,22,32,0.6562,1.0,0.75,0.9062
mrs-nsga2-apportion|aurus,ctrl_y,arbiter-aurus,22,32,0.9375,0.8438,0.7812,0.75
mrs-nsga2-apportion|aurus,cross,arbiter-aurus,24,36,0.7222,0.75,0.7222,0.5833
mrs-nsga2-apportion|aurus,cross,arbiter-aurus,25,36,0.9722,0.5,0.5556,0.3056
mrs-nsga2-apportion|aurus,ctrl_x,arbiter-aurus,24,36,0.8889,0.8889,0.9722,0.8889
mrs-nsga2-apportion|aurus,ctrl_y,arbiter-aurus,24,36,0.9444,0.8056,1.0,1.0
mrs-nsga2-apportion|aurus,cross,arbiter-aurus,26,38,0.7632,0.8158,0.5789,0.5789
mrs-nsga2-apportion|aurus,cross,arbiter-aurus,27,38,0.7632,0.6579,0.7895,0.4211
mrs-nsga2-apportion|aurus,ctrl_x,arbiter-aurus,26,38,0.8158,0.6316,0.6053,0.7895
mrs-nsga2-apportion|aurus,ctrl_y,arbiter-aurus,26,38,0.9211,0.8421,0.6579,0.9474
mrs-nsga2-apportion|aurus,cross,arbiter-aurus,28,27,0.963,0.8148,0.8519,0.5926
mrs-nsga2-apportion|aurus,cross,arbiter-aurus,29,27,0.963,0.8889,0.6667,0.8889
mrs-nsga2-apportion|aurus,ctrl_x,arbiter-aurus,28,27,0.8889,0.9259,0.8519,0.8889
mrs-nsga2-apportion|aurus,ctrl_y,arbiter-aurus,28,27,0.8148,0.8148,1.0,0.7037
mrs-nsga2-apportion|aurus-nsga2-apportion,cross,arbiter-aurus,0,18,0.9444,1.0,1.0,0.8889
mrs-nsga2-apportion|aurus-nsga2-apportion,cross,arbiter-aurus,1,18,0.9444,0.9444,1.0,1.0
mrs-nsga2-apportion|aurus-nsga2-apportion,ctrl_x,arbiter-aurus,0,18,1.0,0.8889,0.8889,0.8889
mrs-nsga2-apportion|aurus-nsga2-apportion,ctrl_y,arbiter-aurus,0,18,1.0,0.9444,0.8333,0.9444
mrs-nsga2-apportion|aurus-nsga2-apportion,cross,arbiter-aurus,2,21,0.9048,0.8571,1.0,0.619
mrs-nsga2-apportion|aurus-nsga2-apportion,cross,arbiter-aurus,3,21,0.7143,0.9524,0.8571,0.7619
mrs-nsga2-apportion|aurus-nsga2-apportion,ctrl_x,arbiter-aurus,2,21,0.8571,0.6667,0.9524,0.8095
mrs-nsga2-apportion|aurus-nsga2-apportion,ctrl_y,arbiter-aurus,2,21,0.9524,1.0,0.9048,0.9524
mrs-nsga2-apportion|aurus-nsga2-apportion,cross,arbiter-aurus,4,31,1.0,0.9355,0.8065,1.0
mrs-nsga2-apportion|aurus-nsga2-apportion,cross,arbiter-aurus,5,31,0.9677,0.9677,0.9032,0.9677
mrs-nsga2-apportion|aurus-nsga2-apportion,ctrl_x,arbiter-aurus,4,31,0.9355,1.0,0.8065,1.0
mrs-nsga2-apportion|aurus-nsga2-apportion,ctrl_y,arbiter-aurus,4,31,0.871,0.871,0.9032,1.0
mrs-nsga2-apportion|aurus-nsga2-apportion,cross,arbiter-aurus,6,23,0.8696,1.0,1.0,1.0
mrs-nsga2-apportion|aurus-nsga2-apportion,cross,arbiter-aurus,7,23,1.0,1.0,1.0,1.0
mrs-nsga2-apportion|aurus-nsga2-apportion,ctrl_x,arbiter-aurus,6,23,0.8696,0.913,1.0,1.0
mrs-nsga2-apportion|aurus-nsga2-apportion,ctrl_y,arbiter-aurus,6,23,1.0,0.913,1.0,0.8696
mrs-nsga2-apportion|aurus-nsga2-apportion,cross,arbiter-aurus,8,24,1.0,0.9583,1.0,1.0
mrs-nsga2-apportion|aurus-nsga2-apportion,cross,arbiter-aurus,9,24,0.9583,0.9583,0.75,1.0
mrs-nsga2-apportion|aurus-nsga2-apportion,ctrl_x,arbiter-aurus,8,24,1.0,1.0,1.0,1.0
mrs-nsga2-apportion|aurus-nsga2-apportion,ctrl_y,arbiter-aurus,8,24,1.0,0.7917,0.75,0.875
mrs-nsga2-apportion|aurus-nsga2-apportion,cross,arbiter-aurus,10,26,0.9231,0.9231,0.9615,0.7692
mrs-nsga2-apportion|aurus-nsga2-apportion,cross,arbiter-aurus,11,26,0.9615,0.9615,1.0,1.0
mrs-nsga2-apportion|aurus-nsga2-apportion,ctrl_x,arbiter-aurus,10,26,0.8846,0.6154,1.0,0.9615
mrs-nsga2-apportion|aurus-nsga2-apportion,ctrl_y,arbiter-aurus,10,26,0.9231,0.9231,0.9231,0.8077
mrs-nsga2-apportion|aurus-nsga2-apportion,cross,arbiter-aurus,12,24,0.9583,1.0,0.9583,1.0
mrs-nsga2-apportion|aurus-nsga2-apportion,cross,arbiter-aurus,13,24,0.7083,0.9167,1.0,0.9583
mrs-nsga2-apportion|aurus-nsga2-apportion,ctrl_x,arbiter-aurus,12,24,0.8333,0.8333,0.8333,0.75
mrs-nsga2-apportion|aurus-nsga2-apportion,ctrl_y,arbiter-aurus,12,24,0.9583,1.0,1.0,0.9167
mrs-nsga2-apportion|aurus-nsga2-apportion,cross,arbiter-aurus,14,35,0.9714,0.9429,0.9429,0.7143
mrs-nsga2-apportion|aurus-nsga2-apportion,cross,arbiter-aurus,15,35,0.9714,0.8857,0.9714,0.8286
mrs-nsga2-apportion|aurus-nsga2-apportion,ctrl_x,arbiter-aurus,14,35,0.7143,1.0,0.6571,0.8286
mrs-nsga2-apportion|aurus-nsga2-apportion,ctrl_y,arbiter-aurus,14,35,0.9429,1.0,0.4,0.6857
mrs-nsga2-apportion|aurus-nsga2-apportion,cross,arbiter-aurus,16,31,0.9677,0.6129,0.871,0.9355
mrs-nsga2-apportion|aurus-nsga2-apportion,cross,arbiter-aurus,17,31,0.9032,0.871,0.9677,0.9677
mrs-nsga2-apportion|aurus-nsga2-apportion,ctrl_x,arbiter-aurus,16,31,0.9355,0.871,0.9355,0.7419
mrs-nsga2-apportion|aurus-nsga2-apportion,ctrl_y,arbiter-aurus,16,31,0.9032,0.7419,1.0,1.0
mrs-nsga2-apportion|aurus-nsga2-apportion,cross,arbiter-aurus,18,18,1.0,0.8889,0.9444,1.0
mrs-nsga2-apportion|aurus-nsga2-apportion,cross,arbiter-aurus,19,18,0.9444,0.8889,1.0,1.0
mrs-nsga2-apportion|aurus-nsga2-apportion,ctrl_x,arbiter-aurus,18,18,0.9444,0.7222,0.9444,0.8889
mrs-nsga2-apportion|aurus-nsga2-apportion,ctrl_y,arbiter-aurus,18,18,0.9444,1.0,1.0,1.0
mrs-nsga2-apportion|aurus-nsga2-apportion,cross,arbiter-aurus,20,22,0.9545,0.7273,1.0,0.5455
mrs-nsga2-apportion|aurus-nsga2-apportion,cross,arbiter-aurus,21,22,0.9091,0.8636,1.0,1.0
mrs-nsga2-apportion|aurus-nsga2-apportion,ctrl_x,arbiter-aurus,20,22,1.0,0.7273,0.8636,0.8636
mrs-nsga2-apportion|aurus-nsga2-apportion,ctrl_y,arbiter-aurus,20,22,0.9545,0.9091,0.6818,0.6364
mrs-nsga2-apportion|aurus-nsga2-apportion,cross,arbiter-aurus,22,25,0.92,0.88,1.0,1.0
mrs-nsga2-apportion|aurus-nsga2-apportion,cross,arbiter-aurus,23,25,0.92,1.0,1.0,0.84
mrs-nsga2-apportion|aurus-nsga2-apportion,ctrl_x,arbiter-aurus,22,25,0.8,0.96,0.68,0.92
mrs-nsga2-apportion|aurus-nsga2-apportion,ctrl_y,arbiter-aurus,22,25,0.88,0.96,0.76,1.0
mrs-nsga2-apportion|aurus-nsga2-apportion,cross,arbiter-aurus,24,27,0.9259,0.9259,0.963,1.0
mrs-nsga2-apportion|aurus-nsga2-apportion,cross,arbiter-aurus,25,27,0.963,0.8519,1.0,0.7778
mrs-nsga2-apportion|aurus-nsga2-apportion,ctrl_x,arbiter-aurus,24,27,0.9259,0.963,1.0,1.0
mrs-nsga2-apportion|aurus-nsga2-apportion,ctrl_y,arbiter-aurus,24,27,0.963,0.8889,1.0,0.8148
mrs-nsga2-apportion|aurus-nsga2-apportion,cross,arbiter-aurus,26,29,0.7586,1.0,1.0,0.9655
mrs-nsga2-apportion|aurus-nsga2-apportion,cross,arbiter-aurus,27,29,0.9655,0.9655,1.0,0.7586
mrs-nsga2-apportion|aurus-nsga2-apportion,ctrl_x,arbiter-aurus,26,29,0.931,0.6207,0.6897,0.7241
mrs-nsga2-apportion|aurus-nsga2-apportion,ctrl_y,arbiter-aurus,26,29,0.8276,0.7931,0.9655,0.8621
mrs-nsga2-apportion|aurus-nsga2-apportion,cross,arbiter-aurus,28,24,1.0,0.625,0.9583,0.9583
mrs-nsga2-apportion|aurus-nsga2-apportion,cross,arbiter-aurus,29,24,0.8333,0.875,0.9167,0.875
mrs-nsga2-apportion|aurus-nsga2-apportion,ctrl_x,arbiter-aurus,28,24,0.9167,0.8333,0.7917,0.7083
mrs-nsga2-apportion|aurus-nsga2-apportion,ctrl_y,arbiter-aurus,28,24,0.4167,1.0,0.5833,0.875
mrs-nsga2-apportion|mrs-weighted,cross,arbiter-aurus,0,37,0.8108,0.9459,0.6216,0.6757
mrs-nsga2-apportion|mrs-weighted,cross,arbiter-aurus,1,37,0.7568,0.973,0.6486,0.9459
mrs-nsga2-apportion|mrs-weighted,ctrl_x,arbiter-aurus,0,37,0.9459,0.8378,0.8919,0.8919
mrs-nsga2-apportion|mrs-weighted,ctrl_y,arbiter-aurus,0,37,0.7568,0.7838,0.6486,0.8649
mrs-nsga2-apportion|mrs-weighted,cross,arbiter-aurus,2,42,0.9286,0.9048,0.6905,1.0
mrs-nsga2-apportion|mrs-weighted,cross,arbiter-aurus,3,42,0.5476,1.0,0.7143,0.7857
mrs-nsga2-apportion|mrs-weighted,ctrl_x,arbiter-aurus,2,42,0.9048,0.6905,0.9524,0.5714
mrs-nsga2-apportion|mrs-weighted,ctrl_y,arbiter-aurus,2,42,0.9048,0.9524,0.5476,0.6667
mrs-nsga2-apportion|mrs-weighted,cross,arbiter-aurus,4,39,0.6923,0.8974,0.5641,0.7692
mrs-nsga2-apportion|mrs-weighted,cross,arbiter-aurus,5,39,0.7949,0.9487,0.641,1.0
mrs-nsga2-apportion|mrs-weighted,ctrl_x,arbiter-aurus,4,39,0.8462,0.9744,0.8462,0.9231
mrs-nsga2-apportion|mrs-weighted,ctrl_y,arbiter-aurus,4,39,0.7179,0.8974,0.8205,0.5897
mrs-nsga2-apportion|mrs-weighted,cross,arbiter-aurus,6,36,0.8056,0.6944,0.9167,0.8056
mrs-nsga2-apportion|mrs-weighted,cross,arbiter-aurus,7,36,0.7222,0.9167,0.8333,0.9444
mrs-nsga2-apportion|mrs-weighted,ctrl_x,arbiter-aurus,6,36,0.75,0.8889,0.8056,0.6944
mrs-nsga2-apportion|mrs-weighted,ctrl_y,arbiter-aurus,6,36,0.7222,0.9167,0.3056,0.9722
mrs-nsga2-apportion|mrs-weighted,cross,arbiter-aurus,8,28,1.0,0.75,0.6429,1.0
mrs-nsga2-apportion|mrs-weighted,cross,arbiter-aurus,9,28,0.9286,0.9286,0.6071,0.8929
mrs-nsga2-apportion|mrs-weighted,ctrl_x,arbiter-aurus,8,28,0.8571,0.9286,1.0,0.9643
mrs-nsga2-apportion|mrs-weighted,ctrl_y,arbiter-aurus,8,28,1.0,0.6786,0.6429,0.7857
mrs-nsga2-apportion|mrs-weighted,cross,arbiter-aurus,10,26,0.8462,0.9231,0.6923,0.7308
mrs-nsga2-apportion|mrs-weighted,cross,arbiter-aurus,11,26,0.8846,0.9231,0.5,0.8846
mrs-nsga2-apportion|mrs-weighted,ctrl_x,arbiter-aurus,10,26,0.8846,0.6154,1.0,0.9615
mrs-nsga2-apportion|mrs-weighted,ctrl_y,arbiter-aurus,10,26,1.0,0.5,0.6923,0.5
mrs-nsga2-apportion|mrs-weighted,cross,arbiter-aurus,12,42,0.9524,0.5,0.6667,0.5952
mrs-nsga2-apportion|mrs-weighted,cross,arbiter-aurus,13,42,0.6667,0.9762,0.8571,0.9048
mrs-nsga2-apportion|mrs-weighted,ctrl_x,arbiter-aurus,12,42,0.7857,0.7143,0.7143,0.5714
mrs-nsga2-apportion|mrs-weighted,ctrl_y,arbiter-aurus,12,42,0.7619,1.0,0.8571,0.7143
mrs-nsga2-apportion|mrs-weighted,cross,arbiter-aurus,14,35,0.8286,0.9429,0.6571,1.0
mrs-nsga2-apportion|mrs-weighted,cross,arbiter-aurus,15,35,1.0,0.9429,0.4571,0.5143
mrs-nsga2-apportion|mrs-weighted,ctrl_x,arbiter-aurus,14,35,0.6571,1.0,0.6857,0.8857
mrs-nsga2-apportion|mrs-weighted,ctrl_y,arbiter-aurus,14,35,0.9143,0.9143,0.7143,1.0
mrs-nsga2-apportion|mrs-weighted,cross,arbiter-aurus,16,44,0.7955,0.7045,1.0,0.9773
mrs-nsga2-apportion|mrs-weighted,cross,arbiter-aurus,17,44,0.8636,0.8864,0.5455,0.8409
mrs-nsga2-apportion|mrs-weighted,ctrl_x,arbiter-aurus,16,44,0.9318,0.7727,0.9318,0.8182
mrs-nsga2-apportion|mrs-weighted,ctrl_y,arbiter-aurus,16,44,0.8182,0.8636,0.8636,0.7955
mrs-nsga2-apportion|mrs-weighted,cross,arbiter-aurus,18,38,0.9474,1.0,0.8684,0.9737
mrs-nsga2-apportion|mrs-weighted,cross,arbiter-aurus,19,38,0.7895,0.8684,0.6579,0.5263
mrs-nsga2-apportion|mrs-weighted,ctrl_x,arbiter-aurus,18,38,0.8947,0.8947,1.0,0.7368
mrs-nsga2-apportion|mrs-weighted,ctrl_y,arbiter-aurus,18,38,0.8421,0.7632,0.5263,0.6579
mrs-nsga2-apportion|mrs-weighted,cross,arbiter-aurus,20,43,0.8837,1.0,0.7209,0.9302
mrs-nsga2-apportion|mrs-weighted,cross,arbiter-aurus,21,43,0.6744,0.7674,0.4419,0.6512
mrs-nsga2-apportion|mrs-weighted,ctrl_x,arbiter-aurus,20,43,0.9302,0.3721,0.6744,0.6047
mrs-nsga2-apportion|mrs-weighted,ctrl_y,arbiter-aurus,20,43,1.0,0.4884,0.5581,0.2326
mrs-nsga2-apportion|mrs-weighted,cross,arbiter-aurus,22,32,0.9062,1.0,0.7188,0.8125
mrs-nsga2-apportion|mrs-weighted,cross,arbiter-aurus,23,32,0.9375,0.5938,0.9062,0.9688
mrs-nsga2-apportion|mrs-weighted,ctrl_x,arbiter-aurus,22,32,0.6562,1.0,0.75,0.9062
mrs-nsga2-apportion|mrs-weighted,ctrl_y,arbiter-aurus,22,32,1.0,0.75,0.8438,0.5938
mrs-nsga2-apportion|mrs-weighted,cross,arbiter-aurus,24,36,0.75,0.8333,0.8333,0.9722
mrs-nsga2-apportion|mrs-weighted,cross,arbiter-aurus,25,36,1.0,0.7778,0.6667,0.4722
mrs-nsga2-apportion|mrs-weighted,ctrl_x,arbiter-aurus,24,36,0.8889,0.8889,0.9722,0.8889
mrs-nsga2-apportion|mrs-weighted,ctrl_y,arbiter-aurus,24,36,0.9444,0.6944,1.0,0.75
mrs-nsga2-apportion|mrs-weighted,cross,arbiter-aurus,26,38,0.7105,1.0,1.0,0.9737
mrs-nsga2-apportion|mrs-weighted,cross,arbiter-aurus,27,38,0.9474,0.7895,1.0,0.8947
mrs-nsga2-apportion|mrs-weighted,ctrl_x,arbiter-aurus,26,38,0.8158,0.6316,0.6053,0.7895
mrs-nsga2-apportion|mrs-weighted,ctrl_y,arbiter-aurus,26,38,0.8947,0.8158,0.5789,0.5
mrs-nsga2-apportion|mrs-weighted,cross,arbiter-aurus,28,28,1.0,0.6429,0.8571,0.8571
mrs-nsga2-apportion|mrs-weighted,cross,arbiter-aurus,29,28,0.7143,0.9643,0.7857,0.9643
mrs-nsga2-apportion|mrs-weighted,ctrl_x,arbiter-aurus,28,28,0.8571,0.8929,0.8571,0.7143
mrs-nsga2-apportion|mrs-weighted,ctrl_y,arbiter-aurus,28,28,0.6786,0.9643,0.5,1.0
aurus-nsga2-apportion|aurus,cross,arbiter-aurus,0,18,0.9444,0.6111,0.2778,0.8889
aurus-nsga2-apportion|aurus,cross,arbiter-aurus,1,18,0.8889,0.8889,0.6111,0.8333
aurus-nsga2-apportion|aurus,ctrl_x,arbiter-aurus,0,18,1.0,0.9444,0.8333,0.9444
aurus-nsga2-apportion|aurus,ctrl_y,arbiter-aurus,0,18,0.8889,0.8889,0.9444,1.0
aurus-nsga2-apportion|aurus,cross,arbiter-aurus,2,21,0.8571,1.0,0.5714,0.8571
aurus-nsga2-apportion|aurus,cross,arbiter-aurus,3,21,0.7619,0.3333,0.4286,0.1429
aurus-nsga2-apportion|aurus,ctrl_x,arbiter-aurus,2,21,0.9524,1.0,0.9048,0.9524
aurus-nsga2-apportion|aurus,ctrl_y,arbiter-aurus,2,21,0.9524,0.8095,0.9524,0.9524
aurus-nsga2-apportion|aurus,cross,arbiter-aurus,4,31,0.9032,0.9677,0.8387,0.7742
aurus-nsga2-apportion|aurus,cross,arbiter-aurus,5,31,0.8387,0.871,0.871,0.7097
aurus-nsga2-apportion|aurus,ctrl_x,arbiter-aurus,4,31,0.871,0.871,1.0,1.0
aurus-nsga2-apportion|aurus,ctrl_y,arbiter-aurus,4,31,0.7419,0.9355,0.8387,0.9032
aurus-nsga2-apportion|aurus,cross,arbiter-aurus,6,23,1.0,0.913,0.3913,0.7391
aurus-nsga2-apportion|aurus,cross,arbiter-aurus,7,23,0.9565,0.8696,1.0,0.6522
aurus-nsga2-apportion|aurus,ctrl_x,arbiter-aurus,6,23,1.0,0.9565,1.0,0.9565
aurus-nsga2-apportion|aurus,ctrl_y,arbiter-aurus,6,23,0.9565,0.6087,0.8261,0.4783
aurus-nsga2-apportion|aurus,cross,arbiter-aurus,8,24,1.0,0.7083,0.7083,0.375
aurus-nsga2-apportion|aurus,cross,arbiter-aurus,9,24,0.7917,0.75,0.6667,0.4167
aurus-nsga2-apportion|aurus,ctrl_x,arbiter-aurus,8,24,1.0,0.7917,0.75,0.875
aurus-nsga2-apportion|aurus,ctrl_y,arbiter-aurus,8,24,0.6667,0.9583,0.5417,0.5833
aurus-nsga2-apportion|aurus,cross,arbiter-aurus,10,29,0.9655,0.9655,0.931,0.8276
aurus-nsga2-apportion|aurus,cross,arbiter-aurus,11,29,0.8966,0.8621,0.6897,0.8966
aurus-nsga2-apportion|aurus,ctrl_x,arbiter-aurus,10,29,0.931,0.931,0.8621,0.8276
aurus-nsga2-apportion|aurus,ctrl_y,arbiter-aurus,10,29,0.8621,0.7586,0.8966,0.9655
aurus-nsga2-apportion|aurus,cross,arbiter-aurus,12,24,1.0,0.75,0.7083,0.5833
aurus-nsga2-apportion|aurus,cross,arbiter-aurus,13,24,0.9167,0.4167,0.8333,0.25
aurus-nsga2-apportion|aurus,ctrl_x,arbiter-aurus,12,24,0.9583,0.9583,1.0,0.9583
aurus-nsga2-apportion|aurus,ctrl_y,arbiter-aurus,12,24,0.875,0.75,0.9583,0.875
aurus-nsga2-apportion|aurus,cross,arbiter-aurus,14,25,0.88,0.92,0.76,0.6
aurus-nsga2-apportion|aurus,cross,arbiter-aurus,15,25,1.0,0.36,0.68,0.4
aurus-nsga2-apportion|aurus,ctrl_x,arbiter-aurus,14,25,1.0,1.0,0.72,0.84
aurus-nsga2-apportion|aurus,ctrl_y,arbiter-aurus,14,25,0.96,0.68,0.96,1.0
aurus-nsga2-apportion|aurus,cross,arbiter-aurus,16,31,0.871,0.5806,0.7742,0.7097
aurus-nsga2-apportion|aurus,cross,arbiter-aurus,17,31,0.6774,0.8065,0.8387,0.8387
aurus-nsga2-apportion|aurus,ctrl_x,arbiter-aurus,16,31,0.9032,0.7419,1.0,1.0
aurus-nsga2-apportion|aurus,ctrl_y,arbiter-aurus,16,31,0.8065,0.6452,0.9032,0.8065
aurus-nsga2-apportion|aurus,cross,arbiter-aurus,18,18,1.0,0.3889,0.5,0.6667
aurus-nsga2-apportion|aurus,cross,arbiter-aurus,19,18,1.0,0.9444,0.6111,0.2778
aurus-nsga2-apportion|aurus,ctrl_x,arbiter-aurus,18,18,1.0,1.0,1.0,1.0
aurus-nsga2-apportion|aurus,ctrl_y,arbiter-aurus,18,18,0.8889,1.0,1.0,1.0
aurus-nsga2-apportion|aurus,cross,arbiter-aurus,20,22,0.9545,0.9091,0.5,0.4091
aurus-nsga2-apportion|aurus,cross,arbiter-aurus,21,22,0.7273,0.9545,0.6364,0.2727
aurus-nsga2-apportion|aurus,ctrl_x,arbiter-aurus,20,22,0.8182,0.9091,0.8182,0.6364
aurus-nsga2-apportion|aurus,ctrl_y,arbiter-aurus,20,22,0.9545,1.0,0.8636,1.0
aurus-nsga2-apportion|aurus,cross,arbiter-aurus,22,25,0.84,0.84,0.6,0.48
aurus-nsga2-apportion|aurus,cross,arbiter-aurus,23,25,1.0,0.92,0.8,0.44
aurus-nsga2-apportion|aurus,ctrl_x,arbiter-aurus,22,25,0.96,1.0,1.0,1.0
aurus-nsga2-apportion|aurus,ctrl_y,arbiter-aurus,22,25,1.0,0.6,0.76,0.96
aurus-nsga2-apportion|aurus,cross,arbiter-aurus,24,27,0.963,0.6667,0.9259,0.4444
aurus-nsga2-apportion|aurus,cross,arbiter-aurus,25,27,0.963,0.8148,0.6667,0.4444
aurus-nsga2-apportion|aurus,ctrl_x,arbiter-aurus,24,27,0.963,0.8889,1.0,0.7778
aurus-nsga2-apportion|aurus,ctrl_y,arbiter-aurus,24,27,0.963,0.7407,0.9259,1.0
aurus-nsga2-apportion|aurus,cross,arbiter-aurus,26,29,0.6897,0.8966,0.6897,0.4483
aurus-nsga2-apportion|aurus,cross,arbiter-aurus,27,29,0.8621,0.8276,0.7586,0.6207
aurus-nsga2-apportion|aurus,ctrl_x,arbiter-aurus,26,29,0.7586,0.7931,1.0,0.8621
aurus-nsga2-apportion|aurus,ctrl_y,arbiter-aurus,26,29,0.8966,0.7931,0.8966,0.8966
aurus-nsga2-apportion|aurus,cross,arbiter-aurus,28,24,0.5417,0.9167,0.5417,0.9583
aurus-nsga2-apportion|aurus,cross,arbiter-aurus,29,24,1.0,0.7083,0.6667,0.3333
aurus-nsga2-apportion|aurus,ctrl_x,arbiter-aurus,28,24,0.4167,1.0,0.5833,0.875
aurus-nsga2-apportion|aurus,ctrl_y,arbiter-aurus,28,24,0.7917,0.8333,0.9583,0.625
mrs-nsga2-apportion|aurus,cross,detector-aurus,0,12,1.0,1.0,0.9167,1.0
mrs-nsga2-apportion|aurus,cross,detector-aurus,1,12,1.0,1.0,0.8333,1.0
mrs-nsga2-apportion|aurus,ctrl_x,detector-aurus,0,12,1.0,1.0,1.0,1.0
mrs-nsga2-apportion|aurus,ctrl_y,detector-aurus,0,12,1.0,1.0,1.0,1.0
mrs-nsga2-apportion|aurus,cross,detector-aurus,2,13,1.0,0.8462,0.7692,0.9231
mrs-nsga2-apportion|aurus,cross,detector-aurus,3,13,1.0,0.9231,1.0,1.0
mrs-nsga2-apportion|aurus,ctrl_x,detector-aurus,2,13,1.0,0.9231,1.0,1.0
mrs-nsga2-apportion|aurus,ctrl_y,detector-aurus,2,13,1.0,0.7692,1.0,0.9231
mrs-nsga2-apportion|aurus,cross,detector-aurus,4,11,1.0,0.9091,0.5455,1.0
mrs-nsga2-apportion|aurus,cross,detector-aurus,5,11,1.0,0.9091,1.0,1.0
mrs-nsga2-apportion|aurus,ctrl_x,detector-aurus,4,11,1.0,0.9091,1.0,1.0
mrs-nsga2-apportion|aurus,ctrl_y,detector-aurus,4,11,0.8182,1.0,1.0,1.0
mrs-nsga2-apportion|aurus,cross,detector-aurus,6,32,0.8125,0.9688,0.7188,0.875
mrs-nsga2-apportion|aurus,cross,detector-aurus,7,32,0.8125,0.8125,0.6562,0.9062
mrs-nsga2-apportion|aurus,ctrl_x,detector-aurus,6,32,0.9062,0.8125,0.9375,0.9688
mrs-nsga2-apportion|aurus,ctrl_y,detector-aurus,6,32,0.7812,0.9375,1.0,1.0
mrs-nsga2-apportion|aurus,cross,detector-aurus,8,12,1.0,0.9167,1.0,0.9167
mrs-nsga2-apportion|aurus,cross,detector-aurus,9,12,1.0,1.0,1.0,1.0
mrs-nsga2-apportion|aurus,ctrl_x,detector-aurus,8,12,1.0,0.8333,0.9167,1.0
mrs-nsga2-apportion|aurus,ctrl_y,detector-aurus,8,12,0.9167,1.0,1.0,1.0
mrs-nsga2-apportion|aurus,cross,detector-aurus,10,15,0.8,0.9333,1.0,1.0
mrs-nsga2-apportion|aurus,cross,detector-aurus,11,15,1.0,0.9333,1.0,1.0
mrs-nsga2-apportion|aurus,ctrl_x,detector-aurus,10,15,1.0,1.0,1.0,1.0
mrs-nsga2-apportion|aurus,ctrl_y,detector-aurus,10,15,1.0,1.0,0.7333,0.9333
mrs-nsga2-apportion|aurus,cross,detector-aurus,12,11,1.0,1.0,1.0,1.0
mrs-nsga2-apportion|aurus,cross,detector-aurus,13,11,1.0,0.9091,0.9091,0.8182
mrs-nsga2-apportion|aurus,ctrl_x,detector-aurus,12,11,1.0,1.0,1.0,1.0
mrs-nsga2-apportion|aurus,ctrl_y,detector-aurus,12,11,1.0,1.0,1.0,1.0
mrs-nsga2-apportion|aurus,cross,detector-aurus,14,12,1.0,1.0,0.4167,0.8333
mrs-nsga2-apportion|aurus,cross,detector-aurus,15,12,1.0,1.0,1.0,0.9167
mrs-nsga2-apportion|aurus,ctrl_x,detector-aurus,14,12,1.0,1.0,1.0,1.0
mrs-nsga2-apportion|aurus,ctrl_y,detector-aurus,14,12,1.0,1.0,1.0,1.0
mrs-nsga2-apportion|aurus,cross,detector-aurus,16,21,1.0,0.9524,1.0,0.9048
mrs-nsga2-apportion|aurus,cross,detector-aurus,17,21,0.9048,0.8095,1.0,0.8571
mrs-nsga2-apportion|aurus,ctrl_x,detector-aurus,16,21,1.0,1.0,0.9524,1.0
mrs-nsga2-apportion|aurus,ctrl_y,detector-aurus,16,21,0.9524,1.0,1.0,1.0
mrs-nsga2-apportion|aurus,cross,detector-aurus,18,15,1.0,0.9333,1.0,1.0
mrs-nsga2-apportion|aurus,cross,detector-aurus,19,15,1.0,0.8,0.9333,0.9333
mrs-nsga2-apportion|aurus,ctrl_x,detector-aurus,18,15,0.9333,1.0,1.0,1.0
mrs-nsga2-apportion|aurus,ctrl_y,detector-aurus,18,15,1.0,1.0,0.9333,0.8667
mrs-nsga2-apportion|aurus,cross,detector-aurus,20,8,0.875,1.0,0.875,0.75
mrs-nsga2-apportion|aurus,cross,detector-aurus,21,8,1.0,1.0,1.0,1.0
mrs-nsga2-apportion|aurus,ctrl_x,detector-aurus,20,8,0.875,1.0,1.0,0.875
mrs-nsga2-apportion|aurus,ctrl_y,detector-aurus,20,8,1.0,1.0,1.0,1.0
mrs-nsga2-apportion|aurus,cross,detector-aurus,22,17,1.0,0.8824,0.8824,0.8235
mrs-nsga2-apportion|aurus,cross,detector-aurus,23,17,0.8235,0.9412,0.8824,0.9412
mrs-nsga2-apportion|aurus,ctrl_x,detector-aurus,22,17,1.0,0.8235,1.0,0.8235
mrs-nsga2-apportion|aurus,ctrl_y,detector-aurus,22,17,0.8824,1.0,0.7059,1.0
mrs-nsga2-apportion|aurus,cross,detector-aurus,24,17,1.0,1.0,0.9412,0.6471
mrs-nsga2-apportion|aurus,cross,detector-aurus,25,17,1.0,0.8824,0.8824,0.9412
mrs-nsga2-apportion|aurus,ctrl_x,detector-aurus,24,17,0.9412,1.0,0.9412,1.0
mrs-nsga2-apportion|aurus,ctrl_y,detector-aurus,24,17,1.0,0.9412,0.9412,0.8235
mrs-nsga2-apportion|aurus,cross,detector-aurus,26,10,1.0,1.0,1.0,1.0
mrs-nsga2-apportion|aurus,cross,detector-aurus,27,10,1.0,1.0,1.0,1.0
mrs-nsga2-apportion|aurus,ctrl_x,detector-aurus,26,10,1.0,1.0,1.0,0.6
mrs-nsga2-apportion|aurus,ctrl_y,detector-aurus,26,10,1.0,1.0,1.0,1.0
mrs-nsga2-apportion|aurus,cross,detector-aurus,28,10,1.0,1.0,1.0,1.0
mrs-nsga2-apportion|aurus,cross,detector-aurus,29,10,1.0,1.0,1.0,1.0
mrs-nsga2-apportion|aurus,ctrl_x,detector-aurus,28,10,1.0,1.0,1.0,1.0
mrs-nsga2-apportion|aurus,ctrl_y,detector-aurus,28,10,1.0,1.0,1.0,1.0
mrs-nsga2-apportion|aurus-nsga2-apportion,cross,detector-aurus,0,12,1.0,1.0,1.0,1.0
mrs-nsga2-apportion|aurus-nsga2-apportion,cross,detector-aurus,1,12,1.0,0.9167,1.0,0.9167
mrs-nsga2-apportion|aurus-nsga2-apportion,ctrl_x,detector-aurus,0,12,1.0,1.0,1.0,1.0
mrs-nsga2-apportion|aurus-nsga2-apportion,ctrl_y,detector-aurus,0,12,0.9167,1.0,1.0,1.0
mrs-nsga2-apportion|aurus-nsga2-apportion,cross,detector-aurus,2,13,1.0,1.0,1.0,1.0
mrs-nsga2-apportion|aurus-nsga2-apportion,cross,detector-aurus,3,13,1.0,1.0,1.0,1.0
mrs-nsga2-apportion|aurus-nsga2-apportion,ctrl_x,detector-aurus,2,13,1.0,0.9231,1.0,1.0
mrs-nsga2-apportion|aurus-nsga2-apportion,ctrl_y,detector-aurus,2,13,1.0,1.0,1.0,1.0
mrs-nsga2-apportion|aurus-nsga2-apportion,cross,detector-aurus,4,11,0.9091,1.0,1.0,1.0
mrs-nsga2-apportion|aurus-nsga2-apportion,cross,detector-aurus,5,11,1.0,1.0,1.0,1.0
mrs-nsga2-apportion|aurus-nsga2-apportion,ctrl_x,detector-aurus,4,11,1.0,0.9091,1.0,1.0
mrs-nsga2-apportion|aurus-nsga2-apportion,ctrl_y,detector-aurus,4,11,1.0,1.0,1.0,1.0
mrs-nsga2-apportion|aurus-nsga2-apportion,cross,detector-aurus,6,16,1.0,1.0,0.75,1.0
mrs-nsga2-apportion|aurus-nsga2-apportion,cross,detector-aurus,7,16,0.9375,1.0,0.875,0.9375
mrs-nsga2-apportion|aurus-nsga2-apportion,ctrl_x,detector-aurus,6,16,1.0,0.9375,1.0,1.0
mrs-nsga2-apportion|aurus-nsga2-apportion,ctrl_y,detector-aurus,6,16,1.0,0.9375,1.0,0.8125
mrs-nsga2-apportion|aurus-nsga2-apportion,cross,detector-aurus,8,12,1.0,0.8333,1.0,1.0
mrs-nsga2-apportion|aurus-nsga2-apportion,cross,detector-aurus,9,12,1.0,1.0,1.0,1.0
mrs-nsga2-apportion|aurus-nsga2-apportion,ctrl_x,detector-aurus,8,12,1.0,0.8333,0.9167,0.5833
mrs-nsga2-apportion|aurus-nsga2-apportion,ctrl_y,detector-aurus,8,12,1.0,1.0,1.0,1.0
mrs-nsga2-apportion|aurus-nsga2-apportion,cross,detector-aurus,10,8,1.0,1.0,1.0,1.0
mrs-nsga2-apportion|aurus-nsga2-apportion,cross,detector-aurus,11,8,1.0,1.0,1.0,1.0
mrs-nsga2-apportion|aurus-nsga2-apportion,ctrl_x,detector-aurus,10,8,1.0,1.0,1.0,1.0
mrs-nsga2-apportion|aurus-nsga2-apportion,ctrl_y,detector-aurus,10,8,1.0,1.0,1.0,1.0
mrs-nsga2-apportion|aurus-nsga2-apportion,cross,detector-aurus,12,11,1.0,1.0,1.0,1.0
mrs-nsga2-apportion|aurus-nsga2-apportion,cross,detector-aurus,13,11,1.0,0.9091,1.0,1.0
mrs-nsga2-apportion|aurus-nsga2-apportion,ctrl_x,detector-aurus,12,11,1.0,1.0,1.0,1.0
mrs-nsga2-apportion|aurus-nsga2-apportion,ctrl_y,detector-aurus,12,11,1.0,1.0,1.0,1.0
mrs-nsga2-apportion|aurus-nsga2-apportion,cross,detector-aurus,14,12,1.0,0.8333,1.0,1.0
mrs-nsga2-apportion|aurus-nsga2-apportion,cross,detector-aurus,15,12,1.0,0.9167,1.0,0.9167
mrs-nsga2-apportion|aurus-nsga2-apportion,ctrl_x,detector-aurus,14,12,1.0,1.0,1.0,1.0
mrs-nsga2-apportion|aurus-nsga2-apportion,ctrl_y,detector-aurus,14,12,0.9167,1.0,1.0,1.0
mrs-nsga2-apportion|aurus-nsga2-apportion,cross,detector-aurus,16,21,1.0,0.8095,0.9524,1.0
mrs-nsga2-apportion|aurus-nsga2-apportion,cross,detector-aurus,17,21,0.9524,0.8571,0.9524,0.9524
mrs-nsga2-apportion|aurus-nsga2-apportion,ctrl_x,detector-aurus,16,21,1.0,1.0,0.9524,1.0
mrs-nsga2-apportion|aurus-nsga2-apportion,ctrl_y,detector-aurus,16,21,0.8571,0.9524,0.9524,0.8571
mrs-nsga2-apportion|aurus-nsga2-apportion,cross,detector-aurus,18,13,0.9231,1.0,1.0,1.0
mrs-nsga2-apportion|aurus-nsga2-apportion,cross,detector-aurus,19,13,1.0,1.0,1.0,1.0
mrs-nsga2-apportion|aurus-nsga2-apportion,ctrl_x,detector-aurus,18,13,1.0,1.0,0.7692,1.0
mrs-nsga2-apportion|aurus-nsga2-apportion,ctrl_y,detector-aurus,18,13,1.0,1.0,1.0,1.0
mrs-nsga2-apportion|aurus-nsga2-apportion,cross,detector-aurus,20,8,1.0,1.0,1.0,1.0
mrs-nsga2-apportion|aurus-nsga2-apportion,cross,detector-aurus,21,8,1.0,1.0,1.0,1.0
mrs-nsga2-apportion|aurus-nsga2-apportion,ctrl_x,detector-aurus,20,8,0.875,1.0,1.0,0.875
mrs-nsga2-apportion|aurus-nsga2-apportion,ctrl_y,detector-aurus,20,8,1.0,0.875,1.0,1.0
mrs-nsga2-apportion|aurus-nsga2-apportion,cross,detector-aurus,22,18,0.9444,1.0,0.7222,0.5556
mrs-nsga2-apportion|aurus-nsga2-apportion,cross,detector-aurus,23,18,0.8333,1.0,0.8333,0.9444
mrs-nsga2-apportion|aurus-nsga2-apportion,ctrl_x,detector-aurus,22,18,0.8889,0.9444,1.0,0.9444
mrs-nsga2-apportion|aurus-nsga2-apportion,ctrl_y,detector-aurus,22,18,0.9444,0.8889,0.5556,0.9444
mrs-nsga2-apportion|aurus-nsga2-apportion,cross,detector-aurus,24,13,1.0,1.0,1.0,1.0
mrs-nsga2-apportion|aurus-nsga2-apportion,cross,detector-aurus,25,13,1.0,0.8462,1.0,1.0
mrs-nsga2-apportion|aurus-nsga2-apportion,ctrl_x,detector-aurus,24,13,0.9231,1.0,0.9231,1.0
mrs-nsga2-apportion|aurus-nsga2-apportion,ctrl_y,detector-aurus,24,13,0.9231,1.0,1.0,0.9231
mrs-nsga2-apportion|aurus-nsga2-apportion,cross,detector-aurus,26,8,1.0,1.0,1.0,1.0
mrs-nsga2-apportion|aurus-nsga2-apportion,cross,detector-aurus,27,8,1.0,1.0,1.0,1.0
mrs-nsga2-apportion|aurus-nsga2-apportion,ctrl_x,detector-aurus,26,8,1.0,1.0,1.0,1.0
mrs-nsga2-apportion|aurus-nsga2-apportion,ctrl_y,detector-aurus,26,8,1.0,1.0,1.0,1.0
mrs-nsga2-apportion|aurus-nsga2-apportion,cross,detector-aurus,28,8,0.875,1.0,1.0,1.0
mrs-nsga2-apportion|aurus-nsga2-apportion,cross,detector-aurus,29,8,1.0,1.0,1.0,1.0
mrs-nsga2-apportion|aurus-nsga2-apportion,ctrl_x,detector-aurus,28,8,1.0,0.875,1.0,1.0
mrs-nsga2-apportion|aurus-nsga2-apportion,ctrl_y,detector-aurus,28,8,1.0,1.0,1.0,1.0
mrs-nsga2-apportion|mrs-weighted,cross,detector-aurus,0,12,1.0,1.0,1.0,1.0
mrs-nsga2-apportion|mrs-weighted,cross,detector-aurus,1,12,1.0,0.9167,1.0,1.0
mrs-nsga2-apportion|mrs-weighted,ctrl_x,detector-aurus,0,12,1.0,1.0,1.0,1.0
mrs-nsga2-apportion|mrs-weighted,ctrl_y,detector-aurus,0,12,1.0,1.0,1.0,0.6667
mrs-nsga2-apportion|mrs-weighted,cross,detector-aurus,2,13,1.0,1.0,1.0,1.0
mrs-nsga2-apportion|mrs-weighted,cross,detector-aurus,3,13,0.8462,1.0,1.0,1.0
mrs-nsga2-apportion|mrs-weighted,ctrl_x,detector-aurus,2,13,1.0,0.9231,1.0,1.0
mrs-nsga2-apportion|mrs-weighted,ctrl_y,detector-aurus,2,13,1.0,1.0,1.0,0.8462
mrs-nsga2-apportion|mrs-weighted,cross,detector-aurus,4,11,1.0,1.0,1.0,1.0
mrs-nsga2-apportion|mrs-weighted,cross,detector-aurus,5,11,1.0,1.0,1.0,1.0
mrs-nsga2-apportion|mrs-weighted,ctrl_x,detector-aurus,4,11,1.0,0.9091,1.0,1.0
mrs-nsga2-apportion|mrs-weighted,ctrl_y,detector-aurus,4,11,1.0,0.2727,1.0,1.0
mrs-nsga2-apportion|mrs-weighted,cross,detector-aurus,6,32,0.5625,0.8438,0.6875,0.75
mrs-nsga2-apportion|mrs-weighted,cross,detector-aurus,7,32,0.3438,0.9375,0.5,0.6562
mrs-nsga2-apportion|mrs-weighted,ctrl_x,detector-aurus,6,32,0.9062,0.875,0.9375,1.0
mrs-nsga2-apportion|mrs-weighted,ctrl_y,detector-aurus,6,32,0.6875,0.9062,0.8125,0.9062
mrs-nsga2-apportion|mrs-weighted,cross,detector-aurus,8,12,1.0,0.75,1.0,1.0
mrs-nsga2-apportion|mrs-weighted,cross,detector-aurus,9,12,0.75,0.8333,0.8333,1.0
mrs-nsga2-apportion|mrs-weighted,ctrl_x,detector-aurus,8,12,1.0,0.8333,0.9167,1.0
mrs-nsga2-apportion|mrs-weighted,ctrl_y,detector-aurus,8,12,1.0,1.0,1.0,0.9167
mrs-nsga2-apportion|mrs-weighted,cross,detector-aurus,10,15,0.8667,1.0,0.8,1.0
mrs-nsga2-apportion|mrs-weighted,cross,detector-aurus,11,15,0.8,1.0,1.0,1.0
mrs-nsga2-apportion|mrs-weighted,ctrl_x,detector-aurus,10,15,1.0,1.0,1.0,1.0
mrs-nsga2-apportion|mrs-weighted,ctrl_y,detector-aurus,10,15,0.8667,1.0,1.0,1.0
mrs-nsga2-apportion|mrs-weighted,cross,detector-aurus,12,11,1.0,1.0,1.0,1.0
mrs-nsga2-apportion|mrs-weighted,cross,detector-aurus,13,11,1.0,0.9091,1.0,1.0
mrs-nsga2-apportion|mrs-weighted,ctrl_x,detector-aurus,12,11,1.0,1.0,1.0,1.0
mrs-nsga2-apportion|mrs-weighted,ctrl_y,detector-aurus,12,11,1.0,1.0,1.0,1.0
mrs-nsga2-apportion|mrs-weighted,cross,detector-aurus,14,12,0.8333,0.8333,1.0,1.0
mrs-nsga2-apportion|mrs-weighted,cross,detector-aurus,15,12,0.9167,0.9167,0.8333,1.0
mrs-nsga2-apportion|mrs-weighted,ctrl_x,detector-aurus,14,12,1.0,1.0,1.0,1.0
mrs-nsga2-apportion|mrs-weighted,ctrl_y,detector-aurus,14,12,0.9167,0.6667,1.0,1.0
mrs-nsga2-apportion|mrs-weighted,cross,detector-aurus,16,21,1.0,0.3333,0.4762,0.8095
mrs-nsga2-apportion|mrs-weighted,cross,detector-aurus,17,21,0.8571,0.8571,0.8571,1.0
mrs-nsga2-apportion|mrs-weighted,ctrl_x,detector-aurus,16,21,1.0,1.0,0.9524,1.0
mrs-nsga2-apportion|mrs-weighted,ctrl_y,detector-aurus,16,21,0.9524,0.9524,1.0,0.9524
mrs-nsga2-apportion|mrs-weighted,cross,detector-aurus,18,15,0.9333,0.9333,1.0,1.0
mrs-nsga2-apportion|mrs-weighted,cross,detector-aurus,19,15,1.0,1.0,0.8667,1.0
mrs-nsga2-apportion|mrs-weighted,ctrl_x,detector-aurus,18,15,0.9333,1.0,1.0,1.0
mrs-nsga2-apportion|mrs-weighted,ctrl_y,detector-aurus,18,15,1.0,0.7333,1.0,0.8667
mrs-nsga2-apportion|mrs-weighted,cross,detector-aurus,20,8,0.875,0.75,1.0,1.0
mrs-nsga2-apportion|mrs-weighted,cross,detector-aurus,21,8,1.0,0.125,0.625,0.375
mrs-nsga2-apportion|mrs-weighted,ctrl_x,detector-aurus,20,8,0.875,1.0,1.0,0.875
mrs-nsga2-apportion|mrs-weighted,ctrl_y,detector-aurus,20,8,0.625,1.0,1.0,1.0
mrs-nsga2-apportion|mrs-weighted,cross,detector-aurus,22,19,0.7895,1.0,1.0,0.7368
mrs-nsga2-apportion|mrs-weighted,cross,detector-aurus,23,19,0.8947,0.9474,1.0,0.9474
mrs-nsga2-apportion|mrs-weighted,ctrl_x,detector-aurus,22,19,0.9474,0.8947,1.0,1.0
mrs-nsga2-apportion|mrs-weighted,ctrl_y,detector-aurus,22,19,0.9474,0.5789,0.9474,0.6316
mrs-nsga2-apportion|mrs-weighted,cross,detector-aurus,24,17,0.9412,1.0,0.9412,1.0
mrs-nsga2-apportion|mrs-weighted,cross,detector-aurus,25,17,1.0,1.0,1.0,1.0
mrs-nsga2-apportion|mrs-weighted,ctrl_x,detector-aurus,24,17,0.9412,1.0,0.9412,1.0
mrs-nsga2-apportion|mrs-weighted,ctrl_y,detector-aurus,24,17,0.9412,1.0,1.0,1.0
mrs-nsga2-apportion|mrs-weighted,cross,detector-aurus,26,10,1.0,1.0,1.0,1.0
mrs-nsga2-apportion|mrs-weighted,cross,detector-aurus,27,10,1.0,0.8,0.7,1.0
mrs-nsga2-apportion|mrs-weighted,ctrl_x,detector-aurus,26,10,1.0,1.0,1.0,0.6
mrs-nsga2-apportion|mrs-weighted,ctrl_y,detector-aurus,26,10,1.0,0.6,1.0,0.9
mrs-nsga2-apportion|mrs-weighted,cross,detector-aurus,28,10,1.0,1.0,1.0,1.0
mrs-nsga2-apportion|mrs-weighted,cross,detector-aurus,29,10,1.0,1.0,1.0,1.0
mrs-nsga2-apportion|mrs-weighted,ctrl_x,detector-aurus,28,10,1.0,1.0,1.0,1.0
mrs-nsga2-apportion|mrs-weighted,ctrl_y,detector-aurus,28,10,0.9,1.0,1.0,1.0
aurus-nsga2-apportion|aurus,cross,detector-aurus,0,14,1.0,1.0,0.9286,1.0
aurus-nsga2-apportion|aurus,cross,detector-aurus,1,14,0.9286,1.0,1.0,1.0
aurus-nsga2-apportion|aurus,ctrl_x,detector-aurus,0,14,1.0,0.8571,1.0,1.0
aurus-nsga2-apportion|aurus,ctrl_y,detector-aurus,0,14,1.0,1.0,0.8571,1.0
aurus-nsga2-apportion|aurus,cross,detector-aurus,2,14,0.9286,0.9286,1.0,1.0
aurus-nsga2-apportion|aurus,cross,detector-aurus,3,14,1.0,0.9286,1.0,0.4286
aurus-nsga2-apportion|aurus,ctrl_x,detector-aurus,2,14,1.0,1.0,1.0,1.0
aurus-nsga2-apportion|aurus,ctrl_y,detector-aurus,2,14,1.0,1.0,1.0,0.9286
aurus-nsga2-apportion|aurus,cross,detector-aurus,4,11,1.0,0.8182,1.0,1.0
aurus-nsga2-apportion|aurus,cross,detector-aurus,5,11,1.0,1.0,1.0,1.0
aurus-nsga2-apportion|aurus,ctrl_x,detector-aurus,4,11,1.0,1.0,1.0,1.0
aurus-nsga2-apportion|aurus,ctrl_y,detector-aurus,4,11,0.8182,1.0,1.0,1.0
aurus-nsga2-apportion|aurus,cross,detector-aurus,6,16,0.9375,1.0,1.0,1.0
aurus-nsga2-apportion|aurus,cross,detector-aurus,7,16,1.0,0.875,0.9375,0.875
aurus-nsga2-apportion|aurus,ctrl_x,detector-aurus,6,16,1.0,0.9375,1.0,0.8125
aurus-nsga2-apportion|aurus,ctrl_y,detector-aurus,6,16,0.9375,0.9375,0.6875,1.0
aurus-nsga2-apportion|aurus,cross,detector-aurus,8,12,1.0,1.0,1.0,1.0
aurus-nsga2-apportion|aurus,cross,detector-aurus,9,12,1.0,1.0,0.9167,1.0
aurus-nsga2-apportion|aurus,ctrl_x,detector-aurus,8,12,1.0,1.0,1.0,1.0
aurus-nsga2-apportion|aurus,ctrl_y,detector-aurus,8,12,0.9167,1.0,1.0,1.0
aurus-nsga2-apportion|aurus,cross,detector-aurus,10,8,1.0,1.0,1.0,1.0
aurus-nsga2-apportion|aurus,cross,detector-aurus,11,8,1.0,1.0,1.0,1.0
aurus-nsga2-apportion|aurus,ctrl_x,detector-aurus,10,8,1.0,1.0,1.0,1.0
aurus-nsga2-apportion|aurus,ctrl_y,detector-aurus,10,8,0.875,1.0,1.0,1.0
aurus-nsga2-apportion|aurus,cross,detector-aurus,12,11,1.0,1.0,1.0,0.9091
aurus-nsga2-apportion|aurus,cross,detector-aurus,13,11,1.0,1.0,1.0,1.0
aurus-nsga2-apportion|aurus,ctrl_x,detector-aurus,12,11,1.0,1.0,1.0,1.0
aurus-nsga2-apportion|aurus,ctrl_y,detector-aurus,12,11,1.0,1.0,1.0,1.0
aurus-nsga2-apportion|aurus,cross,detector-aurus,14,13,1.0,1.0,1.0,1.0
aurus-nsga2-apportion|aurus,cross,detector-aurus,15,13,1.0,1.0,1.0,1.0
aurus-nsga2-apportion|aurus,ctrl_x,detector-aurus,14,13,1.0,1.0,1.0,1.0
aurus-nsga2-apportion|aurus,ctrl_y,detector-aurus,14,13,1.0,1.0,1.0,1.0
aurus-nsga2-apportion|aurus,cross,detector-aurus,16,23,0.8261,1.0,1.0,1.0
aurus-nsga2-apportion|aurus,cross,detector-aurus,17,23,1.0,1.0,1.0,0.9565
aurus-nsga2-apportion|aurus,ctrl_x,detector-aurus,16,23,0.8261,1.0,0.7826,0.7826
aurus-nsga2-apportion|aurus,ctrl_y,detector-aurus,16,23,0.913,0.913,1.0,1.0
aurus-nsga2-apportion|aurus,cross,detector-aurus,18,13,1.0,0.8462,1.0,1.0
aurus-nsga2-apportion|aurus,cross,detector-aurus,19,13,1.0,1.0,1.0,1.0
aurus-nsga2-apportion|aurus,ctrl_x,detector-aurus,18,13,1.0,1.0,1.0,1.0
aurus-nsga2-apportion|aurus,ctrl_y,detector-aurus,18,13,0.8462,1.0,1.0,0.8462
aurus-nsga2-apportion|aurus,cross,detector-aurus,20,11,1.0,1.0,1.0,1.0
aurus-nsga2-apportion|aurus,cross,detector-aurus,21,11,1.0,0.8182,1.0,1.0
aurus-nsga2-apportion|aurus,ctrl_x,detector-aurus,20,11,1.0,0.9091,1.0,1.0
aurus-nsga2-apportion|aurus,ctrl_y,detector-aurus,20,11,1.0,1.0,1.0,1.0
aurus-nsga2-apportion|aurus,cross,detector-aurus,22,17,1.0,0.8235,1.0,0.9412
aurus-nsga2-apportion|aurus,cross,detector-aurus,23,17,1.0,0.9412,0.9412,0.8824
aurus-nsga2-apportion|aurus,ctrl_x,detector-aurus,22,17,1.0,0.8824,0.7647,0.8235
aurus-nsga2-apportion|aurus,ctrl_y,detector-aurus,22,17,0.8824,1.0,0.7059,1.0
aurus-nsga2-apportion|aurus,cross,detector-aurus,24,13,1.0,1.0,1.0,0.9231
aurus-nsga2-apportion|aurus,cross,detector-aurus,25,13,1.0,1.0,0.2308,0.6923
aurus-nsga2-apportion|aurus,ctrl_x,detector-aurus,24,13,1.0,0.9231,1.0,0.8462
aurus-nsga2-apportion|aurus,ctrl_y,detector-aurus,24,13,1.0,1.0,1.0,1.0
aurus-nsga2-apportion|aurus,cross,detector-aurus,26,8,1.0,1.0,1.0,1.0
aurus-nsga2-apportion|aurus,cross,detector-aurus,27,8,1.0,1.0,1.0,1.0
aurus-nsga2-apportion|aurus,ctrl_x,detector-aurus,26,8,1.0,1.0,1.0,1.0
aurus-nsga2-apportion|aurus,ctrl_y,detector-aurus,26,8,1.0,1.0,1.0,1.0
aurus-nsga2-apportion|aurus,cross,detector-aurus,28,8,1.0,1.0,1.0,1.0
aurus-nsga2-apportion|aurus,cross,detector-aurus,29,8,1.0,1.0,1.0,1.0
aurus-nsga2-apportion|aurus,ctrl_x,detector-aurus,28,8,0.875,1.0,1.0,1.0
aurus-nsga2-apportion|aurus,ctrl_y,detector-aurus,28,8,1.0,0.875,1.0,1.0
mrs-nsga2-apportion|aurus-nsga2-apportion,cross,full-arbiter-aurus,10,8,1.0,1.0,1.0,1.0
mrs-nsga2-apportion|aurus-nsga2-apportion,cross,full-arbiter-aurus,11,8,1.0,1.0,1.0,1.0
mrs-nsga2-apportion|aurus-nsga2-apportion,ctrl_x,full-arbiter-aurus,10,8,1.0,1.0,0.625,1.0
mrs-nsga2-apportion|aurus-nsga2-apportion,ctrl_y,full-arbiter-aurus,10,8,1.0,1.0,1.0,1.0
mrs-nsga2-apportion|aurus-nsga2-apportion,cross,full-arbiter-aurus,24,14,0.9286,1.0,0.4286,0.9286
mrs-nsga2-apportion|aurus-nsga2-apportion,cross,full-arbiter-aurus,25,14,1.0,1.0,0.5714,0.2143
mrs-nsga2-apportion|aurus-nsga2-apportion,ctrl_x,full-arbiter-aurus,24,14,0.9286,1.0,0.4286,0.7857
mrs-nsga2-apportion|aurus-nsga2-apportion,ctrl_y,full-arbiter-aurus,24,14,1.0,1.0,0.5,0.2143
mrs-nsga2-apportion|aurus-nsga2-apportion,cross,full-arbiter-aurus,28,8,1.0,1.0,1.0,1.0
mrs-nsga2-apportion|aurus-nsga2-apportion,cross,full-arbiter-aurus,29,8,0.625,1.0,0.625,0.875
mrs-nsga2-apportion|aurus-nsga2-apportion,ctrl_x,full-arbiter-aurus,28,8,1.0,0.75,1.0,1.0
mrs-nsga2-apportion|aurus-nsga2-apportion,ctrl_y,full-arbiter-aurus,28,8,0.875,1.0,1.0,0.875
mrs-nsga2-apportion|mrs-weighted,cross,full-arbiter-aurus,6,6,1.0,0.8333,1.0,1.0
mrs-nsga2-apportion|mrs-weighted,cross,full-arbiter-aurus,7,6,1.0,1.0,1.0,1.0
mrs-nsga2-apportion|mrs-weighted,ctrl_x,full-arbiter-aurus,6,6,1.0,0.8333,1.0,1.0
mrs-nsga2-apportion|mrs-weighted,ctrl_y,full-arbiter-aurus,6,6,1.0,1.0,1.0,1.0
mrs-nsga2-apportion|mrs-weighted,cross,full-arbiter-aurus,14,12,1.0,1.0,0.3333,0.6667
mrs-nsga2-apportion|mrs-weighted,cross,full-arbiter-aurus,15,12,1.0,1.0,0.4167,0.25
mrs-nsga2-apportion|mrs-weighted,ctrl_x,full-arbiter-aurus,14,12,0.9167,1.0,0.4167,0.3333
mrs-nsga2-apportion|mrs-weighted,ctrl_y,full-arbiter-aurus,14,12,1.0,1.0,1.0,1.0
mrs-nsga2-apportion|mrs-weighted,cross,full-arbiter-aurus,22,14,1.0,0.7143,0.8571,0.7143
mrs-nsga2-apportion|mrs-weighted,cross,full-arbiter-aurus,23,14,1.0,1.0,0.5714,0.2857
mrs-nsga2-apportion|mrs-weighted,ctrl_x,full-arbiter-aurus,22,14,1.0,1.0,0.3571,0.7857
mrs-nsga2-apportion|mrs-weighted,ctrl_y,full-arbiter-aurus,22,14,1.0,0.2143,0.6429,0.1429
mrs-nsga2-apportion|aurus,cross,gyro-var1,0,23,0.9565,0.6087,1.0,0.4783
mrs-nsga2-apportion|aurus,cross,gyro-var1,1,23,1.0,0.913,0.6087,0.4783
mrs-nsga2-apportion|aurus,ctrl_x,gyro-var1,0,23,0.8261,0.8696,0.9565,0.7826
mrs-nsga2-apportion|aurus,ctrl_y,gyro-var1,0,23,0.7826,0.9565,0.7826,0.8261
mrs-nsga2-apportion|aurus,cross,gyro-var1,2,30,0.7667,0.6333,0.7,0.3
mrs-nsga2-apportion|aurus,cross,gyro-var1,3,30,0.8,0.9,0.5,0.5
mrs-nsga2-apportion|aurus,ctrl_x,gyro-var1,2,30,0.9,0.7667,1.0,1.0
mrs-nsga2-apportion|aurus,ctrl_y,gyro-var1,2,30,0.8667,1.0,0.8667,1.0
mrs-nsga2-apportion|aurus,cross,gyro-var1,4,26,0.9231,0.5769,0.9231,0.2308
mrs-nsga2-apportion|aurus,cross,gyro-var1,5,26,1.0,0.8846,0.7308,1.0
mrs-nsga2-apportion|aurus,ctrl_x,gyro-var1,4,26,0.8846,0.8077,1.0,1.0
mrs-nsga2-apportion|aurus,ctrl_y,gyro-var1,4,26,0.8846,0.9231,1.0,1.0
mrs-nsga2-apportion|aurus,cross,gyro-var1,6,17,1.0,0.6471,1.0,0.7059
mrs-nsga2-apportion|aurus,cross,gyro-var1,7,17,0.9412,0.7647,0.8824,0.5294
mrs-nsga2-apportion|aurus,ctrl_x,gyro-var1,6,17,0.8235,0.7647,1.0,1.0
mrs-nsga2-apportion|aurus,ctrl_y,gyro-var1,6,17,1.0,0.7647,1.0,0.7647
mrs-nsga2-apportion|aurus,cross,gyro-var1,8,22,0.9091,0.1364,0.0909,0.8182
mrs-nsga2-apportion|aurus,cross,gyro-var1,9,22,1.0,0.5455,0.9091,0.5455
mrs-nsga2-apportion|aurus,ctrl_x,gyro-var1,8,22,0.6818,0.8636,1.0,1.0
mrs-nsga2-apportion|aurus,ctrl_y,gyro-var1,8,22,0.9545,0.7273,1.0,1.0
mrs-nsga2-apportion|aurus,cross,gyro-var1,10,22,0.9545,0.7273,0.9091,0.5455
mrs-nsga2-apportion|aurus,cross,gyro-var1,11,22,1.0,0.8636,0.9545,0.5909
mrs-nsga2-apportion|aurus,ctrl_x,gyro-var1,10,22,0.9091,0.7727,1.0,0.7727
mrs-nsga2-apportion|aurus,ctrl_y,gyro-var1,10,22,1.0,0.5909,0.8182,1.0
mrs-nsga2-apportion|aurus,cross,gyro-var1,12,17,0.8824,0.8235,0.4706,0.8824
mrs-nsga2-apportion|aurus,cross,gyro-var1,13,17,0.7059,0.7647,0.3529,0.5882
mrs-nsga2-apportion|aurus,ctrl_x,gyro-var1,12,17,1.0,0.8824,1.0,1.0
mrs-nsga2-apportion|aurus,ctrl_y,gyro-var1,12,17,1.0,0.8235,1.0,1.0
mrs-nsga2-apportion|aurus,cross,gyro-var1,14,36,0.4444,0.6389,0.5833,0.3333
mrs-nsga2-apportion|aurus,cross,gyro-var1,15,36,0.6111,0.6944,0.3333,0.3333
mrs-nsga2-apportion|aurus,ctrl_x,gyro-var1,14,36,0.8056,0.8056,0.8889,0.8889
mrs-nsga2-apportion|aurus,ctrl_y,gyro-var1,14,36,0.8611,0.8333,0.9444,0.8611
mrs-nsga2-apportion|aurus,cross,gyro-var1,16,23,0.8261,0.7826,0.9565,0.3043
mrs-nsga2-apportion|aurus,cross,gyro-var1,17,23,0.8261,0.4348,1.0,0.8696
mrs-nsga2-apportion|aurus,ctrl_x,gyro-var1,16,23,0.9565,0.8696,1.0,1.0
mrs-nsga2-apportion|aurus,ctrl_y,gyro-var1,16,23,0.9565,1.0,1.0,0.9565
mrs-nsga2-apportion|aurus,cross,gyro-var1,18,31,0.7419,0.7097,0.8065,0.4839
mrs-nsga2-apportion|aurus,cross,gyro-var1,19,31,0.9355,0.7742,0.7097,0.3871
mrs-nsga2-apportion|aurus,ctrl_x,gyro-var1,18,31,0.9032,0.9677,1.0,1.0
mrs-nsga2-apportion|aurus,ctrl_y,gyro-var1,18,31,0.8387,0.871,0.7742,0.8387
mrs-nsga2-apportion|aurus,cross,gyro-var1,20,21,0.9048,0.0476,0.0952,0.7619
mrs-nsga2-apportion|aurus,cross,gyro-var1,21,21,0.5714,0.8095,0.2381,0.1905
mrs-nsga2-apportion|aurus,ctrl_x,gyro-var1,20,21,0.8571,0.7143,1.0,1.0
mrs-nsga2-apportion|aurus,ctrl_y,gyro-var1,20,21,0.6667,0.8095,0.619,0.7143
mrs-nsga2-apportion|aurus,cross,gyro-var1,24,17,0.9412,0.6471,1.0,0.8824
mrs-nsga2-apportion|aurus,cross,gyro-var1,25,17,0.8824,0.7647,0.6471,0.8235
mrs-nsga2-apportion|aurus,ctrl_x,gyro-var1,24,17,0.9412,0.7059,0.8235,1.0
mrs-nsga2-apportion|aurus,ctrl_y,gyro-var1,24,17,1.0,0.9412,1.0,1.0
mrs-nsga2-apportion|aurus,cross,gyro-var1,26,17,1.0,0.0588,0.2941,0.3529
mrs-nsga2-apportion|aurus,cross,gyro-var1,27,17,0.9412,0.6471,0.5294,0.9412
mrs-nsga2-apportion|aurus,ctrl_x,gyro-var1,26,17,0.8824,0.7647,1.0,0.9412
mrs-nsga2-apportion|aurus,ctrl_y,gyro-var1,26,17,1.0,0.8824,0.9412,0.7647
mrs-nsga2-apportion|aurus,cross,gyro-var1,28,16,0.9375,0.6875,0.6875,1.0
mrs-nsga2-apportion|aurus,cross,gyro-var1,29,16,0.9375,0.8125,0.3125,0.4375
mrs-nsga2-apportion|aurus,ctrl_x,gyro-var1,28,16,0.9375,0.9375,1.0,1.0
mrs-nsga2-apportion|aurus,ctrl_y,gyro-var1,28,16,0.8125,0.9375,1.0,1.0
mrs-nsga2-apportion|aurus-nsga2-apportion,cross,gyro-var1,0,11,0.8182,0.9091,1.0,1.0
mrs-nsga2-apportion|aurus-nsga2-apportion,cross,gyro-var1,1,11,0.8182,0.9091,1.0,1.0
mrs-nsga2-apportion|aurus-nsga2-apportion,ctrl_x,gyro-var1,0,11,0.8182,0.8182,1.0,1.0
mrs-nsga2-apportion|aurus-nsga2-apportion,ctrl_y,gyro-var1,0,11,1.0,0.9091,1.0,1.0
mrs-nsga2-apportion|aurus-nsga2-apportion,cross,gyro-var1,2,17,0.6471,0.8824,1.0,1.0
mrs-nsga2-apportion|aurus-nsga2-apportion,cross,gyro-var1,3,17,0.9412,0.8824,1.0,1.0
mrs-nsga2-apportion|aurus-nsga2-apportion,ctrl_x,gyro-var1,2,17,0.8824,0.6471,1.0,1.0
mrs-nsga2-apportion|aurus-nsga2-apportion,ctrl_y,gyro-var1,2,17,0.8824,0.7059,1.0,1.0
mrs-nsga2-apportion|aurus-nsga2-apportion,cross,gyro-var1,4,9,1.0,0.4444,1.0,1.0
mrs-nsga2-apportion|aurus-nsga2-apportion,cross,gyro-var1,5,9,1.0,1.0,1.0,1.0
mrs-nsga2-apportion|aurus-nsga2-apportion,ctrl_x,gyro-var1,4,9,0.5556,0.7778,1.0,1.0
mrs-nsga2-apportion|aurus-nsga2-apportion,ctrl_y,gyro-var1,4,9,1.0,0.5556,1.0,1.0
mrs-nsga2-apportion|aurus-nsga2-apportion,cross,gyro-var1,6,9,0.7778,0.7778,1.0,0.8889
mrs-nsga2-apportion|aurus-nsga2-apportion,cross,gyro-var1,7,9,0.8889,0.8889,1.0,1.0
mrs-nsga2-apportion|aurus-nsga2-apportion,ctrl_x,gyro-var1,6,9,0.7778,0.5556,1.0,1.0
mrs-nsga2-apportion|aurus-nsga2-apportion,ctrl_y,gyro-var1,6,9,0.6667,0.8889,1.0,1.0
mrs-nsga2-apportion|aurus-nsga2-apportion,cross,gyro-var1,8,6,1.0,0.5,1.0,1.0
mrs-nsga2-apportion|aurus-nsga2-apportion,cross,gyro-var1,9,6,1.0,0.6667,1.0,1.0
mrs-nsga2-apportion|aurus-nsga2-apportion,ctrl_x,gyro-var1,8,6,0.6667,1.0,1.0,1.0
mrs-nsga2-apportion|aurus-nsga2-apportion,ctrl_y,gyro-var1,8,6,1.0,0.8333,1.0,1.0
mrs-nsga2-apportion|aurus-nsga2-apportion,cross,gyro-var1,10,16,0.9375,0.9375,1.0,0.9375
mrs-nsga2-apportion|aurus-nsga2-apportion,cross,gyro-var1,11,16,1.0,0.875,1.0,1.0
mrs-nsga2-apportion|aurus-nsga2-apportion,ctrl_x,gyro-var1,10,16,0.8125,0.9375,1.0,0.875
mrs-nsga2-apportion|aurus-nsga2-apportion,ctrl_y,gyro-var1,10,16,1.0,0.625,1.0,1.0
mrs-nsga2-apportion|aurus-nsga2-apportion,cross,gyro-var1,12,10,0.6,1.0,1.0,1.0
mrs-nsga2-apportion|aurus-nsga2-apportion,cross,gyro-var1,13,10,0.8,0.4,1.0,1.0
mrs-nsga2-apportion|aurus-nsga2-apportion,ctrl_x,gyro-var1,12,10,0.9,0.8,1.0,1.0
mrs-nsga2-apportion|aurus-nsga2-apportion,ctrl_y,gyro-var1,12,10,0.9,0.8,1.0,1.0
mrs-nsga2-apportion|aurus-nsga2-apportion,cross,gyro-var1,14,9,0.8889,1.0,1.0,1.0
mrs-nsga2-apportion|aurus-nsga2-apportion,cross,gyro-var1,15,9,0.8889,0.8889,1.0,1.0
mrs-nsga2-apportion|aurus-nsga2-apportion,ctrl_x,gyro-var1,14,9,0.8889,1.0,1.0,1.0
mrs-nsga2-apportion|aurus-nsga2-apportion,ctrl_y,gyro-var1,14,9,0.8889,1.0,1.0,1.0
mrs-nsga2-apportion|aurus-nsga2-apportion,cross,gyro-var1,16,20,0.95,0.7,1.0,1.0
mrs-nsga2-apportion|aurus-nsga2-apportion,cross,gyro-var1,17,20,0.9,0.9,1.0,1.0
mrs-nsga2-apportion|aurus-nsga2-apportion,ctrl_x,gyro-var1,16,20,1.0,0.95,1.0,1.0
mrs-nsga2-apportion|aurus-nsga2-apportion,ctrl_y,gyro-var1,16,20,0.85,0.8,1.0,0.95
mrs-nsga2-apportion|aurus-nsga2-apportion,cross,gyro-var1,18,17,0.8824,0.8235,1.0,1.0
mrs-nsga2-apportion|aurus-nsga2-apportion,cross,gyro-var1,19,17,0.7059,1.0,1.0,1.0
mrs-nsga2-apportion|aurus-nsga2-apportion,ctrl_x,gyro-var1,18,17,0.8824,0.5882,1.0,1.0
mrs-nsga2-apportion|aurus-nsga2-apportion,ctrl_y,gyro-var1,18,17,0.8824,0.8824,1.0,1.0
mrs-nsga2-apportion|aurus-nsga2-apportion,cross,gyro-var1,20,6,1.0,0.8333,1.0,1.0
mrs-nsga2-apportion|aurus-nsga2-apportion,cross,gyro-var1,21,6,1.0,1.0,1.0,1.0
mrs-nsga2-apportion|aurus-nsga2-apportion,ctrl_x,gyro-var1,20,6,1.0,0.6667,1.0,1.0
mrs-nsga2-apportion|aurus-nsga2-apportion,ctrl_y,gyro-var1,20,6,0.6667,1.0,1.0,1.0
mrs-nsga2-apportion|aurus-nsga2-apportion,cross,gyro-var1,22,12,0.9167,0.9167,1.0,0.9167
mrs-nsga2-apportion|aurus-nsga2-apportion,cross,gyro-var1,23,12,0.75,1.0,1.0,1.0
mrs-nsga2-apportion|aurus-nsga2-apportion,ctrl_x,gyro-var1,22,12,1.0,0.6667,1.0,1.0
mrs-nsga2-apportion|aurus-nsga2-apportion,ctrl_y,gyro-var1,22,12,0.75,0.8333,1.0,1.0
mrs-nsga2-apportion|aurus-nsga2-apportion,cross,gyro-var1,24,7,1.0,0.5714,1.0,1.0
mrs-nsga2-apportion|aurus-nsga2-apportion,cross,gyro-var1,25,7,1.0,1.0,1.0,1.0
mrs-nsga2-apportion|aurus-nsga2-apportion,ctrl_x,gyro-var1,24,7,1.0,0.4286,1.0,1.0
mrs-nsga2-apportion|aurus-nsga2-apportion,ctrl_y,gyro-var1,24,7,0.7143,1.0,1.0,1.0
mrs-nsga2-apportion|aurus-nsga2-apportion,cross,gyro-var1,26,11,0.7273,0.7273,1.0,1.0
mrs-nsga2-apportion|aurus-nsga2-apportion,cross,gyro-var1,27,11,1.0,0.6364,1.0,1.0
mrs-nsga2-apportion|aurus-nsga2-apportion,ctrl_x,gyro-var1,26,11,0.8182,0.5455,1.0,1.0
mrs-nsga2-apportion|aurus-nsga2-apportion,ctrl_y,gyro-var1,26,11,0.9091,0.7273,1.0,1.0
mrs-nsga2-apportion|aurus-nsga2-apportion,cross,gyro-var1,28,10,0.9,0.8,1.0,1.0
mrs-nsga2-apportion|aurus-nsga2-apportion,cross,gyro-var1,29,10,0.8,1.0,1.0,1.0
mrs-nsga2-apportion|aurus-nsga2-apportion,ctrl_x,gyro-var1,28,10,0.9,1.0,1.0,1.0
mrs-nsga2-apportion|aurus-nsga2-apportion,ctrl_y,gyro-var1,28,10,0.3,0.9,1.0,1.0
mrs-nsga2-apportion|mrs-weighted,cross,gyro-var1,0,23,0.6957,1.0,1.0,1.0
mrs-nsga2-apportion|mrs-weighted,cross,gyro-var1,1,23,0.8261,0.7826,0.7826,1.0
mrs-nsga2-apportion|mrs-weighted,ctrl_x,gyro-var1,0,23,0.8261,0.8696,0.9565,0.7826
mrs-nsga2-apportion|mrs-weighted,ctrl_y,gyro-var1,0,23,1.0,0.6957,0.9565,0.3478
mrs-nsga2-apportion|mrs-weighted,cross,gyro-var1,2,30,0.7333,0.8333,1.0,1.0
mrs-nsga2-apportion|mrs-weighted,cross,gyro-var1,3,30,0.6,1.0,0.9333,0.9667
mrs-nsga2-apportion|mrs-weighted,ctrl_x,gyro-var1,2,30,0.9,0.7667,1.0,1.0
mrs-nsga2-apportion|mrs-weighted,ctrl_y,gyro-var1,2,30,1.0,0.8333,1.0,1.0
mrs-nsga2-apportion|mrs-weighted,cross,gyro-var1,4,26,0.5385,0.8462,0.9615,0.9615
mrs-nsga2-apportion|mrs-weighted,cross,gyro-var1,5,26,0.9231,0.9615,0.9615,0.9231
mrs-nsga2-apportion|mrs-weighted,ctrl_x,gyro-var1,4,26,0.8846,0.8077,1.0,1.0
mrs-nsga2-apportion|mrs-weighted,ctrl_y,gyro-var1,4,26,1.0,0.7692,1.0,1.0
mrs-nsga2-apportion|mrs-weighted,cross,gyro-var1,6,17,0.7059,1.0,1.0,1.0
mrs-nsga2-apportion|mrs-weighted,cross,gyro-var1,7,17,0.7647,0.8824,1.0,1.0
mrs-nsga2-apportion|mrs-weighted,ctrl_x,gyro-var1,6,17,0.8235,0.7647,1.0,1.0
mrs-nsga2-apportion|mrs-weighted,ctrl_y,gyro-var1,6,17,0.9412,0.8235,0.6471,0.8235
mrs-nsga2-apportion|mrs-weighted,cross,gyro-var1,8,22,0.6364,0.9091,1.0,1.0
mrs-nsga2-apportion|mrs-weighted,cross,gyro-var1,9,22,0.9091,1.0,0.9545,0.7727
mrs-nsga2-apportion|mrs-weighted,ctrl_x,gyro-var1,8,22,0.6818,0.8636,1.0,1.0
mrs-nsga2-apportion|mrs-weighted,ctrl_y,gyro-var1,8,22,0.8636,1.0,0.8182,0.5909
mrs-nsga2-apportion|mrs-weighted,cross,gyro-var1,10,22,0.6364,0.9091,1.0,1.0
mrs-nsga2-apportion|mrs-weighted,cross,gyro-var1,11,22,0.7273,0.9091,1.0,1.0
mrs-nsga2-apportion|mrs-weighted,ctrl_x,gyro-var1,10,22,0.9091,0.7727,1.0,0.7727
mrs-nsga2-apportion|mrs-weighted,ctrl_y,gyro-var1,10,22,0.8182,1.0,1.0,1.0
mrs-nsga2-apportion|mrs-weighted,cross,gyro-var1,12,17,0.8824,0.8235,1.0,1.0
mrs-nsga2-apportion|mrs-weighted,cross,gyro-var1,13,17,0.5882,1.0,1.0,1.0
mrs-nsga2-apportion|mrs-weighted,ctrl_x,gyro-var1,12,17,1.0,0.8824,1.0,1.0
mrs-nsga2-apportion|mrs-weighted,ctrl_y,gyro-var1,12,17,0.7647,0.9412,0.8824,1.0
mrs-nsga2-apportion|mrs-weighted,cross,gyro-var1,14,36,0.6667,0.9444,0.8889,0.6111
mrs-nsga2-apportion|mrs-weighted,cross,gyro-var1,15,36,0.8889,0.8611,0.7778,0.6667
mrs-nsga2-apportion|mrs-weighted,ctrl_x,gyro-var1,14,36,0.8056,0.8056,0.8889,0.8889
mrs-nsga2-apportion|mrs-weighted,ctrl_y,gyro-var1,14,36,0.9444,0.9167,0.9167,0.5556
mrs-nsga2-apportion|mrs-weighted,cross,gyro-var1,16,23,0.8261,0.8261,1.0,0.6522
mrs-nsga2-apportion|mrs-weighted,cross,gyro-var1,17,23,0.6522,1.0,0.7391,0.8261
mrs-nsga2-apportion|mrs-weighted,ctrl_x,gyro-var1,16,23,0.9565,0.8696,1.0,1.0
mrs-nsga2-apportion|mrs-weighted,ctrl_y,gyro-var1,16,23,1.0,0.7391,0.913,1.0
mrs-nsga2-apportion|mrs-weighted,cross,gyro-var1,18,31,0.7742,0.8065,1.0,0.9677
mrs-nsga2-apportion|mrs-weighted,cross,gyro-var1,19,31,0.9355,0.9355,1.0,0.9677
mrs-nsga2-apportion|mrs-weighted,ctrl_x,gyro-var1,18,31,0.9032,0.9677,1.0,1.0
mrs-nsga2-apportion|mrs-weighted,ctrl_y,gyro-var1,18,31,0.8387,0.9032,0.7419,1.0
mrs-nsga2-apportion|mrs-weighted,cross,gyro-var1,20,21,0.4762,0.7143,0.9524,0.9524
mrs-nsga2-apportion|mrs-weighted,cross,gyro-var1,21,21,0.4762,1.0,0.9524,1.0
mrs-nsga2-apportion|mrs-weighted,ctrl_x,gyro-var1,20,21,0.8571,0.7143,1.0,1.0
mrs-nsga2-apportion|mrs-weighted,ctrl_y,gyro-var1,20,21,1.0,0.619,0.9524,1.0
mrs-nsga2-apportion|mrs-weighted,cross,gyro-var1,22,26,0.6154,0.8077,1.0,0.8846
mrs-nsga2-apportion|mrs-weighted,cross,gyro-var1,23,26,0.6923,1.0,1.0,1.0
mrs-nsga2-apportion|mrs-weighted,ctrl_x,gyro-var1,22,26,1.0,0.8462,1.0,1.0
mrs-nsga2-apportion|mrs-weighted,ctrl_y,gyro-var1,22,26,0.7692,0.9615,1.0,1.0
mrs-nsga2-apportion|mrs-weighted,cross,gyro-var1,24,17,0.8235,1.0,1.0,1.0
mrs-nsga2-apportion|mrs-weighted,cross,gyro-var1,25,17,0.5882,1.0,0.7647,0.9412
mrs-nsga2-apportion|mrs-weighted,ctrl_x,gyro-var1,24,17,0.9412,0.7059,0.8235,1.0
mrs-nsga2-apportion|mrs-weighted,ctrl_y,gyro-var1,24,17,0.8824,0.9412,1.0,1.0
mrs-nsga2-apportion|mrs-weighted,cross,gyro-var1,26,17,0.8235,0.9412,1.0,1.0
mrs-nsga2-apportion|mrs-weighted,cross,gyro-var1,27,17,0.8235,1.0,0.4706,1.0
mrs-nsga2-apportion|mrs-weighted,ctrl_x,gyro-var1,26,17,0.8824,0.7647,1.0,0.9412
mrs-nsga2-apportion|mrs-weighted,ctrl_y,gyro-var1,26,17,1.0,0.8235,0.3529,0.3529
mrs-nsga2-apportion|mrs-weighted,cross,gyro-var1,28,16,0.5625,1.0,1.0,1.0
mrs-nsga2-apportion|mrs-weighted,cross,gyro-var1,29,16,0.875,0.9375,1.0,1.0
mrs-nsga2-apportion|mrs-weighted,ctrl_x,gyro-var1,28,16,0.9375,0.9375,1.0,1.0
mrs-nsga2-apportion|mrs-weighted,ctrl_y,gyro-var1,28,16,1.0,0.6875,1.0,1.0
aurus-nsga2-apportion|aurus,cross,gyro-var1,0,11,1.0,0.7273,0.9091,1.0
aurus-nsga2-apportion|aurus,cross,gyro-var1,1,11,0.2727,0.8182,0.7273,0.3636
aurus-nsga2-apportion|aurus,ctrl_x,gyro-var1,0,11,1.0,0.9091,1.0,0.8182
aurus-nsga2-apportion|aurus,ctrl_y,gyro-var1,0,11,1.0,1.0,1.0,1.0
aurus-nsga2-apportion|aurus,cross,gyro-var1,2,17,0.1765,0.7647,0.9412,0.1765
aurus-nsga2-apportion|aurus,cross,gyro-var1,3,17,0.7647,0.9412,0.1765,0.7059
aurus-nsga2-apportion|aurus,ctrl_x,gyro-var1,2,17,0.8824,0.6471,1.0,1.0
aurus-nsga2-apportion|aurus,ctrl_y,gyro-var1,2,17,0.6471,0.5882,0.6471,1.0
aurus-nsga2-apportion|aurus,cross,gyro-var1,4,9,1.0,0.8889,1.0,1.0
aurus-nsga2-apportion|aurus,cross,gyro-var1,5,9,0.8889,0.8889,1.0,1.0
aurus-nsga2-apportion|aurus,ctrl_x,gyro-var1,4,9,1.0,0.7778,1.0,1.0
aurus-nsga2-apportion|aurus,ctrl_y,gyro-var1,4,9,0.7778,1.0,1.0,1.0
aurus-nsga2-apportion|aurus,cross,gyro-var1,6,9,1.0,1.0,0.5556,0.7778
aurus-nsga2-apportion|aurus,cross,gyro-var1,7,9,1.0,0.2222,0.5556,1.0
aurus-nsga2-apportion|aurus,ctrl_x,gyro-var1,6,9,0.8889,0.8889,1.0,1.0
aurus-nsga2-apportion|aurus,ctrl_y,gyro-var1,6,9,1.0,1.0,1.0,0.8889
aurus-nsga2-apportion|aurus,cross,gyro-var1,8,6,0.1667,1.0,1.0,1.0
aurus-nsga2-apportion|aurus,cross,gyro-var1,9,6,0.0,1.0,0.0,1.0
aurus-nsga2-apportion|aurus,ctrl_x,gyro-var1,8,6,1.0,0.8333,1.0,1.0
aurus-nsga2-apportion|aurus,ctrl_y,gyro-var1,8,6,1.0,1.0,1.0,1.0
aurus-nsga2-apportion|aurus,cross,gyro-var1,10,16,0.6875,0.6875,0.9375,0.8125
aurus-nsga2-apportion|aurus,cross,gyro-var1,11,16,1.0,0.9375,1.0,0.5
aurus-nsga2-apportion|aurus,ctrl_x,gyro-var1,10,16,1.0,0.625,1.0,1.0
aurus-nsga2-apportion|aurus,ctrl_y,gyro-var1,10,16,1.0,0.75,1.0,1.0
aurus-nsga2-apportion|aurus,cross,gyro-var1,12,10,0.7,1.0,0.7,0.9
aurus-nsga2-apportion|aurus,cross,gyro-var1,13,10,0.0,0.0,0.0,0.0
aurus-nsga2-apportion|aurus,ctrl_x,gyro-var1,12,10,0.6,0.8,1.0,1.0
aurus-nsga2-apportion|aurus,ctrl_y,gyro-var1,12,10,0.8,1.0,1.0,1.0
aurus-nsga2-apportion|aurus,cross,gyro-var1,14,9,0.2222,1.0,0.2222,0.8889
aurus-nsga2-apportion|aurus,cross,gyro-var1,15,9,0.8889,0.8889,0.4444,1.0
aurus-nsga2-apportion|aurus,ctrl_x,gyro-var1,14,9,0.8889,1.0,1.0,1.0
aurus-nsga2-apportion|aurus,ctrl_y,gyro-var1,14,9,1.0,1.0,1.0,1.0
aurus-nsga2-apportion|aurus,cross,gyro-var1,16,20,0.85,0.8,0.85,0.8
aurus-nsga2-apportion|aurus,cross,gyro-var1,17,20,0.9,0.8,0.85,0.55
aurus-nsga2-apportion|aurus,ctrl_x,gyro-var1,16,20,0.85,0.8,1.0,1.0
aurus-nsga2-apportion|aurus,ctrl_y,gyro-var1,16,20,1.0,0.8,0.95,1.0
aurus-nsga2-apportion|aurus,cross,gyro-var1,18,17,0.7059,0.8824,0.5882,0.7647
aurus-nsga2-apportion|aurus,cross,gyro-var1,19,17,0.8235,0.7059,1.0,0.5882
aurus-nsga2-apportion|aurus,ctrl_x,gyro-var1,18,17,0.8235,0.8824,1.0,1.0
aurus-nsga2-apportion|aurus,ctrl_y,gyro-var1,18,17,0.9412,0.8235,0.8235,1.0
aurus-nsga2-apportion|aurus,cross,gyro-var1,20,6,1.0,0.3333,1.0,1.0
aurus-nsga2-apportion|aurus,cross,gyro-var1,21,6,1.0,0.5,1.0,1.0
aurus-nsga2-apportion|aurus,ctrl_x,gyro-var1,20,6,0.6667,1.0,1.0,1.0
aurus-nsga2-apportion|aurus,ctrl_y,gyro-var1,20,6,0.5,1.0,1.0,1.0
aurus-nsga2-apportion|aurus,cross,gyro-var1,24,7,1.0,0.8571,1.0,1.0
aurus-nsga2-apportion|aurus,cross,gyro-var1,25,7,1.0,0.5714,1.0,1.0
aurus-nsga2-apportion|aurus,ctrl_x,gyro-var1,24,7,0.7143,0.8571,1.0,1.0
aurus-nsga2-apportion|aurus,ctrl_y,gyro-var1,24,7,0.8571,1.0,1.0,1.0
aurus-nsga2-apportion|aurus,cross,gyro-var1,26,11,0.8182,0.8182,0.2727,1.0
aurus-nsga2-apportion|aurus,cross,gyro-var1,27,11,1.0,0.9091,1.0,0.9091
aurus-nsga2-apportion|aurus,ctrl_x,gyro-var1,26,11,0.9091,0.7273,1.0,1.0
aurus-nsga2-apportion|aurus,ctrl_y,gyro-var1,26,11,1.0,0.8182,1.0,1.0
aurus-nsga2-apportion|aurus,cross,gyro-var1,28,10,0.9,0.7,0.9,1.0
aurus-nsga2-apportion|aurus,cross,gyro-var1,29,10,0.9,0.7,0.1,0.2
aurus-nsga2-apportion|aurus,ctrl_x,gyro-var1,28,10,0.3,0.9,0.9,1.0
aurus-nsga2-apportion|aurus,ctrl_y,gyro-var1,28,10,0.8,0.8,1.0,1.0
mrs-nsga2-apportion|aurus,cross,gyro-var2,0,29,0.7586,0.931,1.0,0.8966
mrs-nsga2-apportion|aurus,cross,gyro-var2,1,29,0.931,0.5862,1.0,1.0
mrs-nsga2-apportion|aurus,ctrl_x,gyro-var2,0,29,0.7241,1.0,1.0,0.9655
mrs-nsga2-apportion|aurus,ctrl_y,gyro-var2,0,29,0.8966,0.7931,1.0,1.0
mrs-nsga2-apportion|aurus,cross,gyro-var2,2,20,0.8,0.9,0.4,0.9
mrs-nsga2-apportion|aurus,cross,gyro-var2,3,20,0.2,0.8,0.85,0.6
mrs-nsga2-apportion|aurus,ctrl_x,gyro-var2,2,20,0.5,0.9,1.0,1.0
mrs-nsga2-apportion|aurus,ctrl_y,gyro-var2,2,20,0.85,0.75,0.95,1.0
mrs-nsga2-apportion|aurus,cross,gyro-var2,6,20,0.7,0.6,1.0,0.95
mrs-nsga2-apportion|aurus,cross,gyro-var2,7,20,0.9,0.75,0.95,0.8
mrs-nsga2-apportion|aurus,ctrl_x,gyro-var2,6,20,0.8,1.0,1.0,1.0
mrs-nsga2-apportion|aurus,ctrl_y,gyro-var2,6,20,1.0,0.95,0.9,0.95
mrs-nsga2-apportion|aurus,cross,gyro-var2,8,24,0.5417,0.75,0.7083,0.6667
mrs-nsga2-apportion|aurus,cross,gyro-var2,9,24,0.9167,0.9583,1.0,1.0
mrs-nsga2-apportion|aurus,ctrl_x,gyro-var2,8,24,0.9167,0.875,0.9583,1.0
mrs-nsga2-apportion|aurus,ctrl_y,gyro-var2,8,24,0.875,0.9583,0.75,1.0
mrs-nsga2-apportion|aurus,cross,gyro-var2,10,21,0.8095,0.7143,1.0,1.0
mrs-nsga2-apportion|aurus,cross,gyro-var2,11,21,0.8095,0.9048,1.0,0.7143
mrs-nsga2-apportion|aurus,ctrl_x,gyro-var2,10,21,0.9048,0.9524,1.0,1.0
mrs-nsga2-apportion|aurus,ctrl_y,gyro-var2,10,21,0.619,0.9048,1.0,0.6667
mrs-nsga2-apportion|aurus,cross,gyro-var2,12,23,0.8261,0.8261,1.0,1.0
mrs-nsga2-apportion|aurus,cross,gyro-var2,13,23,0.9565,0.7826,1.0,0.6522
mrs-nsga2-apportion|aurus,ctrl_x,gyro-var2,12,23,0.913,0.913,0.9565,1.0
mrs-nsga2-apportion|aurus,ctrl_y,gyro-var2,12,23,1.0,0.9565,1.0,1.0
mrs-nsga2-apportion|aurus,cross,gyro-var2,14,20,0.85,0.9,1.0,1.0
mrs-nsga2-apportion|aurus,cross,gyro-var2,15,20,0.75,0.9,1.0,0.9
mrs-nsga2-apportion|aurus,ctrl_x,gyro-var2,14,20,0.95,0.9,1.0,1.0
mrs-nsga2-apportion|aurus,ctrl_y,gyro-var2,14,20,1.0,0.95,1.0,1.0
mrs-nsga2-apportion|aurus,cross,gyro-var2,16,19,0.7368,0.8421,1.0,0.9474
mrs-nsga2-apportion|aurus,cross,gyro-var2,17,19,0.8947,0.8947,1.0,0.9474
mrs-nsga2-apportion|aurus,ctrl_x,gyro-var2,16,19,0.8947,0.8947,1.0,1.0
mrs-nsga2-apportion|aurus,ctrl_y,gyro-var2,16,19,1.0,0.6316,1.0,0.8947
mrs-nsga2-apportion|aurus,cross,gyro-var2,18,22,0.7727,1.0,1.0,0.8182
mrs-nsga2-apportion|aurus,cross,gyro-var2,19,22,0.8182,0.9091,0.8636,0.8636
mrs-nsga2-apportion|aurus,ctrl_x,gyro-var2,18,22,0.5909,0.8636,1.0,0.9091
mrs-nsga2-apportion|aurus,ctrl_y,gyro-var2,18,22,0.9091,1.0,0.7727,0.9545
mrs-nsga2-apportion|aurus,cross,gyro-var2,20,13,0.6154,1.0,1.0,1.0
mrs-nsga2-apportion|aurus,cross,gyro-var2,21,13,0.9231,0.6154,1.0,1.0
mrs-nsga2-apportion|aurus,ctrl_x,gyro-var2,20,13,0.6154,0.9231,1.0,1.0
mrs-nsga2-apportion|aurus,ctrl_y,gyro-var2,20,13,1.0,0.6923,1.0,1.0
mrs-nsga2-apportion|aurus,cross,gyro-var2,22,18,0.7778,1.0,1.0,1.0
mrs-nsga2-apportion|aurus,cross,gyro-var2,23,18,0.5556,0.8889,1.0,1.0
mrs-nsga2-apportion|aurus,ctrl_x,gyro-var2,22,18,0.8889,0.9444,1.0,1.0
mrs-nsga2-apportion|aurus,ctrl_y,gyro-var2,22,18,1.0,0.9444,1.0,0.6111
mrs-nsga2-apportion|aurus,cross,gyro-var2,24,16,0.4375,1.0,0.25,0.625
mrs-nsga2-apportion|aurus,cross,gyro-var2,25,16,0.75,0.6875,1.0,1.0
mrs-nsga2-apportion|aurus,ctrl_x,gyro-var2,24,16,0.5625,0.75,1.0,1.0
mrs-nsga2-apportion|aurus,ctrl_y,gyro-var2,24,16,1.0,0.875,1.0,1.0
mrs-nsga2-apportion|aurus,cross,gyro-var2,26,20,0.75,0.85,0.9,1.0
mrs-nsga2-apportion|aurus,cross,gyro-var2,27,20,0.55,0.9,1.0,1.0
mrs-nsga2-apportion|aurus,ctrl_x,gyro-var2,26,20,1.0,0.8,0.55,1.0
mrs-nsga2-apportion|aurus,ctrl_y,gyro-var2,26,20,1.0,0.9,1.0,0.9
mrs-nsga2-apportion|aurus,cross,gyro-var2,28,22,0.9091,0.6364,0.9545,0.8636
mrs-nsga2-apportion|aurus,cross,gyro-var2,29,22,0.5,0.7727,1.0,0.9091
mrs-nsga2-apportion|aurus,ctrl_x,gyro-var2,28,22,0.9545,0.9545,1.0,1.0
mrs-nsga2-apportion|aurus,ctrl_y,gyro-var2,28,22,0.8636,1.0,1.0,0.9091
mrs-nsga2-apportion|aurus-nsga2-apportion,cross,gyro-var2,0,9,1.0,0.8889,1.0,1.0
mrs-nsga2-apportion|aurus-nsga2-apportion,cross,gyro-var2,1,9,0.8889,0.5556,1.0,1.0
mrs-nsga2-apportion|aurus-nsga2-apportion,ctrl_x,gyro-var2,0,9,0.8889,1.0,1.0,1.0
mrs-nsga2-apportion|aurus-nsga2-apportion,ctrl_y,gyro-var2,0,9,1.0,0.8889,1.0,1.0
mrs-nsga2-apportion|aurus-nsga2-apportion,cross,gyro-var2,2,17,0.6471,0.9412,1.0,1.0
mrs-nsga2-apportion|aurus-nsga2-apportion,cross,gyro-var2,3,17,1.0,0.7647,1.0,1.0
mrs-nsga2-apportion|aurus-nsga2-apportion,ctrl_x,gyro-var2,2,17,0.7647,0.7059,0.8824,0.9412
mrs-nsga2-apportion|aurus-nsga2-apportion,ctrl_y,gyro-var2,2,17,0.8235,0.7059,1.0,1.0
mrs-nsga2-apportion|aurus-nsga2-apportion,cross,gyro-var2,4,7,1.0,0.7143,1.0,1.0
mrs-nsga2-apportion|aurus-nsga2-apportion,cross,gyro-var2,5,7,0.7143,0.8571,1.0,1.0
mrs-nsga2-apportion|aurus-nsga2-apportion,ctrl_x,gyro-var2,4,7,1.0,0.8571,1.0,1.0
mrs-nsga2-apportion|aurus-nsga2-apportion,ctrl_y,gyro-var2,4,7,0.5714,0.8571,1.0,1.0
mrs-nsga2-apportion|aurus-nsga2-apportion,cross,gyro-var2,6,10,0.9,0.9,1.0,1.0
mrs-nsga2-apportion|aurus-nsga2-apportion,cross,gyro-var2,7,10,1.0,1.0,1.0,1.0
mrs-nsga2-apportion|aurus-nsga2-apportion,ctrl_x,gyro-var2,6,10,1.0,0.5,1.0,1.0
mrs-nsga2-apportion|aurus-nsga2-apportion,ctrl_y,gyro-var2,6,10,0.8,1.0,1.0,1.0
mrs-nsga2-apportion|aurus-nsga2-apportion,cross,gyro-var2,8,12,1.0,0.75,1.0,1.0
mrs-nsga2-apportion|aurus-nsga2-apportion,cross,gyro-var2,9,12,0.9167,0.9167,1.0,1.0
mrs-nsga2-apportion|aurus-nsga2-apportion,ctrl_x,gyro-var2,8,12,1.0,0.9167,1.0,1.0
mrs-nsga2-apportion|aurus-nsga2-apportion,ctrl_y,gyro-var2,8,12,0.5833,0.8333,1.0,1.0
mrs-nsga2-apportion|aurus-nsga2-apportion,cross,gyro-var2,10,8,1.0,0.625,1.0,1.0
mrs-nsga2-apportion|aurus-nsga2-apportion,cross,gyro-var2,11,8,0.625,0.875,1.0,1.0
mrs-nsga2-apportion|aurus-nsga2-apportion,ctrl_x,gyro-var2,10,8,0.875,0.625,1.0,1.0
mrs-nsga2-apportion|aurus-nsga2-apportion,ctrl_y,gyro-var2,10,8,0.625,0.75,1.0,1.0
mrs-nsga2-apportion|aurus-nsga2-apportion,cross,gyro-var2,12,16,0.8125,0.625,1.0,1.0
mrs-nsga2-apportion|aurus-nsga2-apportion,cross,gyro-var2,13,16,1.0,0.75,1.0,1.0
mrs-nsga2-apportion|aurus-nsga2-apportion,ctrl_x,gyro-var2,12,16,0.875,0.875,1.0,1.0
mrs-nsga2-apportion|aurus-nsga2-apportion,ctrl_y,gyro-var2,12,16,0.75,0.75,1.0,1.0
mrs-nsga2-apportion|aurus-nsga2-apportion,cross,gyro-var2,14,11,0.8182,1.0,1.0,1.0
mrs-nsga2-apportion|aurus-nsga2-apportion,cross,gyro-var2,15,11,1.0,0.8182,1.0,1.0
mrs-nsga2-apportion|aurus-nsga2-apportion,ctrl_x,gyro-var2,14,11,0.7273,0.9091,1.0,1.0
mrs-nsga2-apportion|aurus-nsga2-apportion,ctrl_y,gyro-var2,14,11,1.0,0.8182,1.0,1.0
mrs-nsga2-apportion|aurus-nsga2-apportion,cross,gyro-var2,16,19,1.0,0.7895,1.0,1.0
mrs-nsga2-apportion|aurus-nsga2-apportion,cross,gyro-var2,17,19,0.9474,1.0,1.0,1.0
mrs-nsga2-apportion|aurus-nsga2-apportion,ctrl_x,gyro-var2,16,19,0.8421,0.8947,1.0,1.0
mrs-nsga2-apportion|aurus-nsga2-apportion,ctrl_y,gyro-var2,16,19,0.4737,1.0,1.0,0.9474
mrs-nsga2-apportion|aurus-nsga2-apportion,cross,gyro-var2,18,18,0.8333,0.8889,1.0,1.0
mrs-nsga2-apportion|aurus-nsga2-apportion,cross,gyro-var2,19,18,1.0,0.8889,1.0,1.0
mrs-nsga2-apportion|aurus-nsga2-apportion,ctrl_x,gyro-var2,18,18,0.8333,0.8889,1.0,1.0
mrs-nsga2-apportion|aurus-nsga2-apportion,ctrl_y,gyro-var2,18,18,0.9444,0.8889,1.0,0.9444
mrs-nsga2-apportion|aurus-nsga2-apportion,cross,gyro-var2,20,13,0.8462,1.0,1.0,1.0
mrs-nsga2-apportion|aurus-nsga2-apportion,cross,gyro-var2,21,13,1.0,0.6923,1.0,1.0
mrs-nsga2-apportion|aurus-nsga2-apportion,ctrl_x,gyro-var2,20,13,0.6154,0.9231,1.0,1.0
mrs-nsga2-apportion|aurus-nsga2-apportion,ctrl_y,gyro-var2,20,13,0.9231,0.8462,1.0,1.0
mrs-nsga2-apportion|aurus-nsga2-apportion,cross,gyro-var2,22,11,0.4545,0.9091,1.0,1.0
mrs-nsga2-apportion|aurus-nsga2-apportion,cross,gyro-var2,23,11,0.9091,1.0,1.0,1.0
mrs-nsga2-apportion|aurus-nsga2-apportion,ctrl_x,gyro-var2,22,11,0.9091,0.8182,1.0,1.0
mrs-nsga2-apportion|aurus-nsga2-apportion,ctrl_y,gyro-var2,22,11,0.9091,1.0,1.0,1.0
mrs-nsga2-apportion|aurus-nsga2-apportion,cross,gyro-var2,24,13,0.6154,0.8462,1.0,1.0
mrs-nsga2-apportion|aurus-nsga2-apportion,cross,gyro-var2,25,13,1.0,0.7692,1.0,1.0
mrs-nsga2-apportion|aurus-nsga2-apportion,ctrl_x,gyro-var2,24,13,0.3077,0.6923,1.0,0.8462
mrs-nsga2-apportion|aurus-nsga2-apportion,ctrl_y,gyro-var2,24,13,0.7692,0.9231,1.0,1.0
mrs-nsga2-apportion|aurus-nsga2-apportion,cross,gyro-var2,26,15,0.9333,1.0,1.0,1.0
mrs-nsga2-apportion|aurus-nsga2-apportion,cross,gyro-var2,27,15,0.8667,0.8667,1.0,1.0
mrs-nsga2-apportion|aurus-nsga2-apportion,ctrl_x,gyro-var2,26,15,1.0,0.6,0.4667,0.9333
mrs-nsga2-apportion|aurus-nsga2-apportion,ctrl_y,gyro-var2,26,15,1.0,0.8,0.8667,1.0
mrs-nsga2-apportion|aurus-nsga2-apportion,cross,gyro-var2,28,15,0.9333,0.8,1.0,1.0
mrs-nsga2-apportion|aurus-nsga2-apportion,cross,gyro-var2,29,15,0.9333,0.8,1.0,1.0
mrs-nsga2-apportion|aurus-nsga2-apportion,ctrl_x,gyro-var2,28,15,0.6667,0.6667,1.0,1.0
mrs-nsga2-apportion|aurus-nsga2-apportion,ctrl_y,gyro-var2,28,15,0.9333,0.5333,0.8667,1.0
mrs-nsga2-apportion|mrs-weighted,cross,gyro-var2,0,29,0.4828,1.0,0.4828,0.931
mrs-nsga2-apportion|mrs-weighted,cross,gyro-var2,1,29,0.8621,0.9655,1.0,1.0
mrs-nsga2-apportion|mrs-weighted,ctrl_x,gyro-var2,0,29,0.7241,1.0,1.0,0.9655
mrs-nsga2-apportion|mrs-weighted,ctrl_y,gyro-var2,0,29,0.9655,0.9655,1.0,0.5517
mrs-nsga2-apportion|mrs-weighted,cross,gyro-var2,2,20,0.55,1.0,0.3,0.45
mrs-nsga2-apportion|mrs-weighted,cross,gyro-var2,3,20,0.55,0.8,0.8,1.0
mrs-nsga2-apportion|mrs-weighted,ctrl_x,gyro-var2,2,20,0.5,0.9,1.0,1.0
mrs-nsga2-apportion|mrs-weighted,ctrl_y,gyro-var2,2,20,0.8,0.8,0.35,0.9
mrs-nsga2-apportion|mrs-weighted,cross,gyro-var2,4,18,0.7222,0.8333,1.0,1.0
mrs-nsga2-apportion|mrs-weighted,cross,gyro-var2,5,18,0.6111,0.9444,1.0,1.0
mrs-nsga2-apportion|mrs-weighted,ctrl_x,gyro-var2,4,18,0.9444,0.7222,1.0,1.0
mrs-nsga2-apportion|mrs-weighted,ctrl_y,gyro-var2,4,18,0.8333,1.0,0.8889,1.0
mrs-nsga2-apportion|mrs-weighted,cross,gyro-var2,6,20,0.7,0.95,1.0,1.0
mrs-nsga2-apportion|mrs-weighted,cross,gyro-var2,7,20,0.85,1.0,1.0,1.0
mrs-nsga2-apportion|mrs-weighted,ctrl_x,gyro-var2,6,20,0.8,1.0,1.0,1.0
mrs-nsga2-apportion|mrs-weighted,ctrl_y,gyro-var2,6,20,0.7,1.0,1.0,1.0
mrs-nsga2-apportion|mrs-weighted,cross,gyro-var2,8,24,0.7917,0.8333,0.875,0.9583
mrs-nsga2-apportion|mrs-weighted,cross,gyro-var2,9,24,0.5,1.0,0.9583,1.0
mrs-nsga2-apportion|mrs-weighted,ctrl_x,gyro-var2,8,24,0.9167,0.875,0.9583,1.0
mrs-nsga2-apportion|mrs-weighted,ctrl_y,gyro-var2,8,24,0.625,0.9167,0.5417,0.9583
mrs-nsga2-apportion|mrs-weighted,cross,gyro-var2,10,21,0.8571,0.9048,1.0,1.0
mrs-nsga2-apportion|mrs-weighted,cross,gyro-var2,11,21,0.6667,1.0,0.9524,1.0
mrs-nsga2-apportion|mrs-weighted,ctrl_x,gyro-var2,10,21,0.9048,0.9524,1.0,1.0
mrs-nsga2-apportion|mrs-weighted,ctrl_y,gyro-var2,10,21,0.7619,1.0,1.0,1.0
mrs-nsga2-apportion|mrs-weighted,cross,gyro-var2,12,23,0.8261,1.0,1.0,1.0
mrs-nsga2-apportion|mrs-weighted,cross,gyro-var2,13,23,0.7826,1.0,1.0,1.0
mrs-nsga2-apportion|mrs-weighted,ctrl_x,gyro-var2,12,23,0.913,0.913,0.9565,1.0
mrs-nsga2-apportion|mrs-weighted,ctrl_y,gyro-var2,12,23,1.0,0.9565,1.0,1.0
mrs-nsga2-apportion|mrs-weighted,cross,gyro-var2,14,20,0.7,0.95,1.0,1.0
mrs-nsga2-apportion|mrs-weighted,cross,gyro-var2,15,20,0.7,0.95,1.0,1.0
mrs-nsga2-apportion|mrs-weighted,ctrl_x,gyro-var2,14,20,0.95,0.9,1.0,1.0
mrs-nsga2-apportion|mrs-weighted,ctrl_y,gyro-var2,14,20,0.95,0.8,1.0,1.0
mrs-nsga2-apportion|mrs-weighted,cross,gyro-var2,16,19,0.6842,1.0,0.3158,1.0
mrs-nsga2-apportion|mrs-weighted,cross,gyro-var2,17,19,0.8947,0.8947,1.0,1.0
mrs-nsga2-apportion|mrs-weighted,ctrl_x,gyro-var2,16,19,0.8947,0.8947,1.0,1.0
mrs-nsga2-apportion|mrs-weighted,ctrl_y,gyro-var2,16,19,0.8421,0.8947,0.2632,0.5789
mrs-nsga2-apportion|mrs-weighted,cross,gyro-var2,18,22,0.6364,1.0,0.1818,0.5
mrs-nsga2-apportion|mrs-weighted,cross,gyro-var2,19,22,0.6818,0.9091,0.9091,1.0
mrs-nsga2-apportion|mrs-weighted,ctrl_x,gyro-var2,18,22,0.5909,0.8636,1.0,0.9091
mrs-nsga2-apportion|mrs-weighted,ctrl_y,gyro-var2,18,22,0.8636,0.9545,1.0,1.0
mrs-nsga2-apportion|mrs-weighted,cross,gyro-var2,20,13,0.5385,1.0,1.0,1.0
mrs-nsga2-apportion|mrs-weighted,cross,gyro-var2,21,13,0.6154,0.7692,1.0,1.0
mrs-nsga2-apportion|mrs-weighted,ctrl_x,gyro-var2,20,13,0.6154,0.9231,1.0,1.0
mrs-nsga2-apportion|mrs-weighted,ctrl_y,gyro-var2,20,13,0.4615,0.7692,1.0,0.9231
mrs-nsga2-apportion|mrs-weighted,cross,gyro-var2,22,18,0.5,1.0,1.0,1.0
mrs-nsga2-apportion|mrs-weighted,cross,gyro-var2,23,18,0.6667,0.6111,0.8333,1.0
mrs-nsga2-apportion|mrs-weighted,ctrl_x,gyro-var2,22,18,0.8889,0.9444,1.0,1.0
mrs-nsga2-apportion|mrs-weighted,ctrl_y,gyro-var2,22,18,0.8889,0.8333,1.0,1.0
mrs-nsga2-apportion|mrs-weighted,cross,gyro-var2,24,16,0.5625,1.0,1.0,1.0
mrs-nsga2-apportion|mrs-weighted,cross,gyro-var2,25,16,0.625,1.0,1.0,1.0
mrs-nsga2-apportion|mrs-weighted,ctrl_x,gyro-var2,24,16,0.5625,0.75,1.0,1.0
mrs-nsga2-apportion|mrs-weighted,ctrl_y,gyro-var2,24,16,0.875,0.9375,1.0,1.0
mrs-nsga2-apportion|mrs-weighted,cross,gyro-var2,26,20,0.7,1.0,1.0,1.0
mrs-nsga2-apportion|mrs-weighted,cross,gyro-var2,27,20,0.65,0.95,1.0,1.0
mrs-nsga2-apportion|mrs-weighted,ctrl_x,gyro-var2,26,20,1.0,0.8,0.55,1.0
mrs-nsga2-apportion|mrs-weighted,ctrl_y,gyro-var2,26,20,0.8,0.85,0.45,0.9
mrs-nsga2-apportion|mrs-weighted,cross,gyro-var2,28,22,0.6818,1.0,1.0,0.9091
mrs-nsga2-apportion|mrs-weighted,cross,gyro-var2,29,22,0.6818,0.9091,0.9545,1.0
mrs-nsga2-apportion|mrs-weighted,ctrl_x,gyro-var2,28,22,0.9545,0.9545,1.0,1.0
mrs-nsga2-apportion|mrs-weighted,ctrl_y,gyro-var2,28,22,1.0,0.4545,1.0,1.0
aurus-nsga2-apportion|aurus,cross,gyro-var2,0,9,0.7778,0.6667,1.0,1.0
aurus-nsga2-apportion|aurus,cross,gyro-var2,1,9,0.7778,0.8889,1.0,1.0
aurus-nsga2-apportion|aurus,ctrl_x,gyro-var2,0,9,1.0,1.0,1.0,1.0
aurus-nsga2-apportion|aurus,ctrl_y,gyro-var2,0,9,1.0,0.8889,1.0,1.0
aurus-nsga2-apportion|aurus,cross,gyro-var2,2,17,0.9412,0.8824,1.0,1.0
aurus-nsga2-apportion|aurus,cross,gyro-var2,3,17,0.2941,0.8235,1.0,0.7647
aurus-nsga2-apportion|aurus,ctrl_x,gyro-var2,2,17,1.0,0.6471,1.0,0.5882
aurus-nsga2-apportion|aurus,ctrl_y,gyro-var2,2,17,0.9412,1.0,1.0,1.0
aurus-nsga2-apportion|aurus,cross,gyro-var2,6,10,0.2,1.0,1.0,1.0
aurus-nsga2-apportion|aurus,cross,gyro-var2,7,10,1.0,0.9,1.0,1.0
aurus-nsga2-apportion|aurus,ctrl_x,gyro-var2,6,10,0.8,1.0,1.0,1.0
aurus-nsga2-apportion|aurus,ctrl_y,gyro-var2,6,10,1.0,0.5,1.0,1.0
aurus-nsga2-apportion|aurus,cross,gyro-var2,8,12,0.5,0.9167,1.0,1.0
aurus-nsga2-apportion|aurus,cross,gyro-var2,9,12,0.8333,0.6667,1.0,1.0
aurus-nsga2-apportion|aurus,ctrl_x,gyro-var2,8,12,0.8333,0.75,1.0,1.0
aurus-nsga2-apportion|aurus,ctrl_y,gyro-var2,8,12,0.8333,1.0,1.0,1.0
aurus-nsga2-apportion|aurus,cross,gyro-var2,10,8,0.75,0.875,1.0,1.0
aurus-nsga2-apportion|aurus,cross,gyro-var2,11,8,1.0,0.625,1.0,1.0
aurus-nsga2-apportion|aurus,ctrl_x,gyro-var2,10,8,0.75,0.625,1.0,1.0
aurus-nsga2-apportion|aurus,ctrl_y,gyro-var2,10,8,0.5,1.0,1.0,1.0
aurus-nsga2-apportion|aurus,cross,gyro-var2,12,16,0.8125,0.9375,1.0,1.0
aurus-nsga2-apportion|aurus,cross,gyro-var2,13,16,0.625,0.9375,1.0,1.0
aurus-nsga2-apportion|aurus,ctrl_x,gyro-var2,12,16,0.9375,0.8125,1.0,1.0
aurus-nsga2-apportion|aurus,ctrl_y,gyro-var2,12,16,1.0,1.0,1.0,1.0
aurus-nsga2-apportion|aurus,cross,gyro-var2,14,11,0.6364,0.8182,1.0,1.0
aurus-nsga2-apportion|aurus,cross,gyro-var2,15,11,0.4545,1.0,1.0,0.9091
aurus-nsga2-apportion|aurus,ctrl_x,gyro-var2,14,11,1.0,0.8182,1.0,1.0
aurus-nsga2-apportion|aurus,ctrl_y,gyro-var2,14,11,0.9091,0.8182,1.0,1.0
aurus-nsga2-apportion|aurus,cross,gyro-var2,16,19,0.5789,0.9474,1.0,0.9474
aurus-nsga2-apportion|aurus,cross,gyro-var2,17,19,0.8947,0.6316,1.0,0.9474
aurus-nsga2-apportion|aurus,ctrl_x,gyro-var2,16,19,0.5263,1.0,1.0,1.0
aurus-nsga2-apportion|aurus,ctrl_y,gyro-var2,16,19,1.0,0.6316,1.0,0.8947
aurus-nsga2-apportion|aurus,cross,gyro-var2,18,18,0.3889,0.8889,1.0,0.5556
aurus-nsga2-apportion|aurus,cross,gyro-var2,19,18,0.7778,0.8333,0.8333,0.9444
aurus-nsga2-apportion|aurus,ctrl_x,gyro-var2,18,18,0.9444,0.8889,1.0,0.9444
aurus-nsga2-apportion|aurus,ctrl_y,gyro-var2,18,18,0.9444,0.9444,1.0,1.0
aurus-nsga2-apportion|aurus,cross,gyro-var2,20,19,0.8947,0.7895,1.0,1.0
aurus-nsga2-apportion|aurus,cross,gyro-var2,21,19,0.6316,0.8421,1.0,0.7368
aurus-nsga2-apportion|aurus,ctrl_x,gyro-var2,20,19,0.9474,0.9474,1.0,1.0
aurus-nsga2-apportion|aurus,ctrl_y,gyro-var2,20,19,1.0,0.8947,1.0,1.0
aurus-nsga2-apportion|aurus,cross,gyro-var2,22,11,0.9091,0.7273,1.0,1.0
aurus-nsga2-apportion|aurus,cross,gyro-var2,23,11,1.0,0.9091,1.0,1.0
aurus-nsga2-apportion|aurus,ctrl_x,gyro-var2,22,11,0.9091,1.0,1.0,1.0
aurus-nsga2-apportion|aurus,ctrl_y,gyro-var2,22,11,1.0,0.9091,1.0,1.0
aurus-nsga2-apportion|aurus,cross,gyro-var2,24,13,0.6154,1.0,1.0,1.0
aurus-nsga2-apportion|aurus,cross,gyro-var2,25,13,0.5385,0.7692,1.0,1.0
aurus-nsga2-apportion|aurus,ctrl_x,gyro-var2,24,13,0.6154,0.9231,1.0,1.0
aurus-nsga2-apportion|aurus,ctrl_y,gyro-var2,24,13,1.0,1.0,1.0,1.0
aurus-nsga2-apportion|aurus,cross,gyro-var2,26,15,0.8667,0.8,1.0,1.0
aurus-nsga2-apportion|aurus,cross,gyro-var2,27,15,0.8667,1.0,1.0,1.0
aurus-nsga2-apportion|aurus,ctrl_x,gyro-var2,26,15,0.9333,0.8,0.8,1.0
aurus-nsga2-apportion|aurus,ctrl_y,gyro-var2,26,15,0.8,1.0,1.0,1.0
aurus-nsga2-apportion|aurus,cross,gyro-var2,28,15,0.8667,0.6667,1.0,1.0
aurus-nsga2-apportion|aurus,cross,gyro-var2,29,15,0.9333,0.8667,1.0,0.9333
aurus-nsga2-apportion|aurus,ctrl_x,gyro-var2,28,15,1.0,0.6,1.0,1.0
aurus-nsga2-apportion|aurus,ctrl_y,gyro-var2,28,15,1.0,0.9333,1.0,0.8
mrs-nsga2-apportion|aurus,cross,humanoid-458,0,17,1.0,0.8824,1.0,1.0
mrs-nsga2-apportion|aurus,cross,humanoid-458,1,17,0.4118,0.2353,0.8235,0.5882
mrs-nsga2-apportion|aurus,ctrl_x,humanoid-458,0,17,0.8824,0.5294,0.7647,0.9412
mrs-nsga2-apportion|aurus,ctrl_y,humanoid-458,0,17,0.9412,0.8235,1.0,1.0
mrs-nsga2-apportion|aurus,cross,humanoid-458,2,15,0.9333,0.8,1.0,0.4667
mrs-nsga2-apportion|aurus,cross,humanoid-458,3,15,1.0,0.9333,1.0,0.4
mrs-nsga2-apportion|aurus,ctrl_x,humanoid-458,2,15,0.8,1.0,0.7333,1.0
mrs-nsga2-apportion|aurus,ctrl_y,humanoid-458,2,15,0.8667,0.9333,1.0,1.0
mrs-nsga2-apportion|aurus,cross,humanoid-458,4,13,0.9231,1.0,1.0,1.0
mrs-nsga2-apportion|aurus,cross,humanoid-458,5,13,1.0,1.0,1.0,0.7692
mrs-nsga2-apportion|aurus,ctrl_x,humanoid-458,4,13,0.8462,1.0,0.9231,1.0
mrs-nsga2-apportion|aurus,ctrl_y,humanoid-458,4,13,1.0,0.6154,1.0,1.0
mrs-nsga2-apportion|aurus,cross,humanoid-458,6,14,1.0,1.0,1.0,0.4286
mrs-nsga2-apportion|aurus,cross,humanoid-458,7,14,0.7143,0.9286,1.0,1.0
mrs-nsga2-apportion|aurus,ctrl_x,humanoid-458,6,14,0.7857,1.0,1.0,1.0
mrs-nsga2-apportion|aurus,ctrl_y,humanoid-458,6,14,1.0,1.0,0.8571,1.0
mrs-nsga2-apportion|aurus,cross,humanoid-458,8,10,1.0,1.0,1.0,1.0
mrs-nsga2-apportion|aurus,cross,humanoid-458,9,10,0.1,1.0,1.0,0.2
mrs-nsga2-apportion|aurus,ctrl_x,humanoid-458,8,10,1.0,1.0,1.0,1.0
mrs-nsga2-apportion|aurus,ctrl_y,humanoid-458,8,10,1.0,1.0,1.0,1.0
mrs-nsga2-apportion|aurus,cross,humanoid-458,10,12,0.25,0.9167,1.0,0.5
mrs-nsga2-apportion|aurus,cross,humanoid-458,11,12,1.0,0.75,1.0,1.0
mrs-nsga2-apportion|aurus,ctrl_x,humanoid-458,10,12,0.5833,1.0,1.0,1.0
mrs-nsga2-apportion|aurus,ctrl_y,humanoid-458,10,12,1.0,0.75,1.0,1.0
mrs-nsga2-apportion|aurus,cross,humanoid-458,12,14,1.0,0.7143,1.0,1.0
mrs-nsga2-apportion|aurus,cross,humanoid-458,13,14,0.9286,0.9286,1.0,0.5
mrs-nsga2-apportion|aurus,ctrl_x,humanoid-458,12,14,0.8571,0.9286,0.8571,0.9286
mrs-nsga2-apportion|aurus,ctrl_y,humanoid-458,12,14,0.9286,0.9286,1.0,1.0
mrs-nsga2-apportion|aurus,cross,humanoid-458,14,20,0.9,0.8,1.0,1.0
mrs-nsga2-apportion|aurus,cross,humanoid-458,15,20,0.8,0.75,0.95,0.75
mrs-nsga2-apportion|aurus,ctrl_x,humanoid-458,14,20,0.6,1.0,1.0,1.0
mrs-nsga2-apportion|aurus,ctrl_y,humanoid-458,14,20,0.85,0.65,1.0,0.6
mrs-nsga2-apportion|aurus,cross,humanoid-458,16,10,1.0,1.0,1.0,1.0
mrs-nsga2-apportion|aurus,cross,humanoid-458,17,10,1.0,1.0,1.0,1.0
mrs-nsga2-apportion|aurus,ctrl_x,humanoid-458,16,10,1.0,0.8,1.0,1.0
mrs-nsga2-apportion|aurus,ctrl_y,humanoid-458,16,10,1.0,1.0,1.0,1.0
mrs-nsga2-apportion|aurus,cross,humanoid-458,18,13,0.5385,0.9231,1.0,1.0
mrs-nsga2-apportion|aurus,cross,humanoid-458,19,13,1.0,0.2308,1.0,0.5385
mrs-nsga2-apportion|aurus,ctrl_x,humanoid-458,18,13,0.6923,1.0,1.0,1.0
mrs-nsga2-apportion|aurus,ctrl_y,humanoid-458,18,13,1.0,0.5385,1.0,1.0
mrs-nsga2-apportion|aurus,cross,humanoid-458,20,15,0.9333,0.9333,0.9333,0.2
mrs-nsga2-apportion|aurus,cross,humanoid-458,21,15,1.0,0.8,1.0,0.2667
mrs-nsga2-apportion|aurus,ctrl_x,humanoid-458,20,15,1.0,0.9333,1.0,1.0
mrs-nsga2-apportion|aurus,ctrl_y,humanoid-458,20,15,0.8667,1.0,0.9333,1.0
mrs-nsga2-apportion|aurus,cross,humanoid-458,22,17,1.0,0.2941,1.0,0.6471
mrs-nsga2-apportion|aurus,cross,humanoid-458,23,17,0.9412,0.4706,0.9412,1.0
mrs-nsga2-apportion|aurus,ctrl_x,humanoid-458,22,17,0.9412,1.0,1.0,0.9412
mrs-nsga2-apportion|aurus,ctrl_y,humanoid-458,22,17,0.7647,0.9412,1.0,1.0
mrs-nsga2-apportion|aurus,cross,humanoid-458,24,17,0.9412,0.7647,1.0,1.0
mrs-nsga2-apportion|aurus,cross,humanoid-458,25,17,0.4706,0.5294,1.0,0.6471
mrs-nsga2-apportion|aurus,ctrl_x,humanoid-458,24,17,0.5882,0.9412,1.0,1.0
mrs-nsga2-apportion|aurus,ctrl_y,humanoid-458,24,17,1.0,0.9412,1.0,1.0
mrs-nsga2-apportion|aurus,cross,humanoid-458,26,12,1.0,1.0,1.0,1.0
mrs-nsga2-apportion|aurus,cross,humanoid-458,27,12,1.0,1.0,1.0,0.4167
mrs-nsga2-apportion|aurus,ctrl_x,humanoid-458,26,12,1.0,0.25,0.5,1.0
mrs-nsga2-apportion|aurus,ctrl_y,humanoid-458,26,12,0.9167,1.0,1.0,1.0
mrs-nsga2-apportion|aurus,cross,humanoid-458,28,10,1.0,1.0,1.0,0.2
mrs-nsga2-apportion|aurus,cross,humanoid-458,29,10,1.0,0.8,1.0,1.0
mrs-nsga2-apportion|aurus,ctrl_x,humanoid-458,28,10,1.0,1.0,0.7,1.0
mrs-nsga2-apportion|aurus,ctrl_y,humanoid-458,28,10,1.0,1.0,0.7,1.0
mrs-nsga2-apportion|aurus-nsga2-apportion,cross,humanoid-458,0,13,1.0,0.7692,1.0,1.0
mrs-nsga2-apportion|aurus-nsga2-apportion,cross,humanoid-458,1,13,0.9231,1.0,1.0,1.0
mrs-nsga2-apportion|aurus-nsga2-apportion,ctrl_x,humanoid-458,0,13,0.8462,0.4615,0.8462,1.0
mrs-nsga2-apportion|aurus-nsga2-apportion,ctrl_y,humanoid-458,0,13,0.8462,1.0,1.0,1.0
mrs-nsga2-apportion|aurus-nsga2-apportion,cross,humanoid-458,2,16,1.0,0.9375,1.0,1.0
mrs-nsga2-apportion|aurus-nsga2-apportion,cross,humanoid-458,3,16,0.8125,0.9375,0.9375,1.0
mrs-nsga2-apportion|aurus-nsga2-apportion,ctrl_x,humanoid-458,2,16,1.0,0.75,0.625,1.0
mrs-nsga2-apportion|aurus-nsga2-apportion,ctrl_y,humanoid-458,2,16,0.9375,1.0,1.0,1.0
mrs-nsga2-apportion|aurus-nsga2-apportion,cross,humanoid-458,4,11,0.4545,1.0,1.0,1.0
mrs-nsga2-apportion|aurus-nsga2-apportion,cross,humanoid-458,5,11,0.9091,0.7273,1.0,1.0
mrs-nsga2-apportion|aurus-nsga2-apportion,ctrl_x,humanoid-458,4,11,0.8182,0.8182,1.0,1.0
mrs-nsga2-apportion|aurus-nsga2-apportion,ctrl_y,humanoid-458,4,11,1.0,0.5455,1.0,1.0
mrs-nsga2-apportion|aurus-nsga2-apportion,cross,humanoid-458,6,14,0.5714,0.7143,1.0,1.0
mrs-nsga2-apportion|aurus-nsga2-apportion,cross,humanoid-458,7,14,0.9286,0.2143,1.0,0.2143
mrs-nsga2-apportion|aurus-nsga2-apportion,ctrl_x,humanoid-458,6,14,0.7857,1.0,1.0,1.0
mrs-nsga2-apportion|aurus-nsga2-apportion,ctrl_y,humanoid-458,6,14,0.9286,0.3571,0.7857,1.0
mrs-nsga2-apportion|aurus-nsga2-apportion,cross,humanoid-458,8,10,1.0,0.5,1.0,1.0
mrs-nsga2-apportion|aurus-nsga2-apportion,cross,humanoid-458,9,10,0.4,1.0,1.0,1.0
mrs-nsga2-apportion|aurus-nsga2-apportion,ctrl_x,humanoid-458,8,10,1.0,1.0,1.0,1.0
mrs-nsga2-apportion|aurus-nsga2-apportion,ctrl_y,humanoid-458,8,10,0.6,1.0,1.0,1.0
mrs-nsga2-apportion|aurus-nsga2-apportion,cross,humanoid-458,10,8,0.75,1.0,1.0,1.0
mrs-nsga2-apportion|aurus-nsga2-apportion,cross,humanoid-458,11,8,0.875,0.875,1.0,1.0
mrs-nsga2-apportion|aurus-nsga2-apportion,ctrl_x,humanoid-458,10,8,0.375,1.0,0.875,0.875
mrs-nsga2-apportion|aurus-nsga2-apportion,ctrl_y,humanoid-458,10,8,0.75,0.75,1.0,1.0
mrs-nsga2-apportion|aurus-nsga2-apportion,cross,humanoid-458,12,9,0.7778,0.8889,1.0,1.0
mrs-nsga2-apportion|aurus-nsga2-apportion,cross,humanoid-458,13,9,1.0,0.5556,1.0,0.6667
mrs-nsga2-apportion|aurus-nsga2-apportion,ctrl_x,humanoid-458,12,9,1.0,1.0,1.0,1.0
mrs-nsga2-apportion|aurus-nsga2-apportion,ctrl_y,humanoid-458,12,9,1.0,0.5556,1.0,1.0
mrs-nsga2-apportion|aurus-nsga2-apportion,cross,humanoid-458,14,9,1.0,0.3333,1.0,1.0
mrs-nsga2-apportion|aurus-nsga2-apportion,cross,humanoid-458,15,9,1.0,0.8889,1.0,1.0
mrs-nsga2-apportion|aurus-nsga2-apportion,ctrl_x,humanoid-458,14,9,0.7778,1.0,1.0,1.0
mrs-nsga2-apportion|aurus-nsga2-apportion,ctrl_y,humanoid-458,14,9,0.7778,1.0,1.0,1.0
mrs-nsga2-apportion|aurus-nsga2-apportion,cross,humanoid-458,16,10,1.0,0.8,1.0,1.0
mrs-nsga2-apportion|aurus-nsga2-apportion,cross,humanoid-458,17,10,1.0,1.0,1.0,1.0
mrs-nsga2-apportion|aurus-nsga2-apportion,ctrl_x,humanoid-458,16,10,1.0,0.8,1.0,1.0
mrs-nsga2-apportion|aurus-nsga2-apportion,ctrl_y,humanoid-458,16,10,0.5,0.8,1.0,1.0
mrs-nsga2-apportion|aurus-nsga2-apportion,cross,humanoid-458,18,11,0.9091,0.7273,1.0,1.0
mrs-nsga2-apportion|aurus-nsga2-apportion,cross,humanoid-458,19,11,0.7273,1.0,1.0,1.0
mrs-nsga2-apportion|aurus-nsga2-apportion,ctrl_x,humanoid-458,18,11,0.5455,1.0,0.9091,1.0
mrs-nsga2-apportion|aurus-nsga2-apportion,ctrl_y,humanoid-458,18,11,0.5455,1.0,1.0,1.0
mrs-nsga2-apportion|aurus-nsga2-apportion,cross,humanoid-458,20,10,1.0,0.8,1.0,1.0
mrs-nsga2-apportion|aurus-nsga2-apportion,cross,humanoid-458,21,10,0.8,1.0,1.0,1.0
mrs-nsga2-apportion|aurus-nsga2-apportion,ctrl_x,humanoid-458,20,10,1.0,0.7,1.0,1.0
mrs-nsga2-apportion|aurus-nsga2-apportion,ctrl_y,humanoid-458,20,10,0.8,1.0,1.0,1.0
mrs-nsga2-apportion|aurus-nsga2-apportion,cross,humanoid-458,22,15,0.8667,1.0,1.0,1.0
mrs-nsga2-apportion|aurus-nsga2-apportion,cross,humanoid-458,23,15,1.0,1.0,1.0,1.0
mrs-nsga2-apportion|aurus-nsga2-apportion,ctrl_x,humanoid-458,22,15,0.8,1.0,1.0,1.0
mrs-nsga2-apportion|aurus-nsga2-apportion,ctrl_y,humanoid-458,22,15,1.0,0.8667,1.0,1.0
mrs-nsga2-apportion|aurus-nsga2-apportion,cross,humanoid-458,24,12,0.9167,1.0,1.0,1.0
mrs-nsga2-apportion|aurus-nsga2-apportion,cross,humanoid-458,25,12,0.6667,0.8333,1.0,1.0
mrs-nsga2-apportion|aurus-nsga2-apportion,ctrl_x,humanoid-458,24,12,0.5833,0.9167,1.0,1.0
mrs-nsga2-apportion|aurus-nsga2-apportion,ctrl_y,humanoid-458,24,12,0.8333,0.9167,1.0,1.0
mrs-nsga2-apportion|aurus-nsga2-apportion,cross,humanoid-458,26,11,1.0,0.8182,1.0,1.0
mrs-nsga2-apportion|aurus-nsga2-apportion,cross,humanoid-458,27,11,0.8182,0.6364,1.0,1.0
mrs-nsga2-apportion|aurus-nsga2-apportion,ctrl_x,humanoid-458,26,11,1.0,0.9091,1.0,1.0
mrs-nsga2-apportion|aurus-nsga2-apportion,ctrl_y,humanoid-458,26,11,0.9091,0.8182,1.0,1.0
mrs-nsga2-apportion|aurus-nsga2-apportion,cross,humanoid-458,28,9,1.0,0.4444,1.0,1.0
mrs-nsga2-apportion|aurus-nsga2-apportion,cross,humanoid-458,29,9,1.0,0.7778,1.0,1.0
mrs-nsga2-apportion|aurus-nsga2-apportion,ctrl_x,humanoid-458,28,9,1.0,1.0,1.0,0.3333
mrs-nsga2-apportion|aurus-nsga2-apportion,ctrl_y,humanoid-458,28,9,0.8889,1.0,1.0,1.0
mrs-nsga2-apportion|mrs-weighted,cross,humanoid-458,0,17,0.9412,0.9412,1.0,0.3529
mrs-nsga2-apportion|mrs-weighted,cross,humanoid-458,1,17,0.4706,0.8824,1.0,1.0
mrs-nsga2-apportion|mrs-weighted,ctrl_x,humanoid-458,0,17,0.9412,0.5294,1.0,0.9412
mrs-nsga2-apportion|mrs-weighted,ctrl_y,humanoid-458,0,17,0.8235,0.8824,0.8824,1.0
mrs-nsga2-apportion|mrs-weighted,cross,humanoid-458,2,21,0.8095,0.9524,0.5714,1.0
mrs-nsga2-apportion|mrs-weighted,cross,humanoid-458,3,21,0.9524,1.0,1.0,1.0
mrs-nsga2-apportion|mrs-weighted,ctrl_x,humanoid-458,2,21,0.9048,1.0,0.5714,1.0
mrs-nsga2-apportion|mrs-weighted,ctrl_y,humanoid-458,2,21,0.9048,0.7619,0.9524,1.0
mrs-nsga2-apportion|mrs-weighted,cross,humanoid-458,4,17,0.7059,1.0,1.0,1.0
mrs-nsga2-apportion|mrs-weighted,cross,humanoid-458,5,17,0.8235,1.0,1.0,1.0
mrs-nsga2-apportion|mrs-weighted,ctrl_x,humanoid-458,4,17,0.8235,1.0,0.9412,1.0
mrs-nsga2-apportion|mrs-weighted,ctrl_y,humanoid-458,4,17,0.7059,1.0,1.0,0.8235
mrs-nsga2-apportion|mrs-weighted,cross,humanoid-458,6,22,0.9091,1.0,1.0,1.0
mrs-nsga2-apportion|mrs-weighted,cross,humanoid-458,7,22,0.6818,0.8182,0.7727,0.7273
mrs-nsga2-apportion|mrs-weighted,ctrl_x,humanoid-458,6,22,0.9091,0.6818,1.0,0.6818
mrs-nsga2-apportion|mrs-weighted,ctrl_y,humanoid-458,6,22,0.7727,0.7727,0.8636,1.0
mrs-nsga2-apportion|mrs-weighted,cross,humanoid-458,8,13,1.0,1.0,0.4615,1.0
mrs-nsga2-apportion|mrs-weighted,cross,humanoid-458,9,13,0.6154,0.9231,1.0,1.0
mrs-nsga2-apportion|mrs-weighted,ctrl_x,humanoid-458,8,13,1.0,0.9231,0.4615,0.9231
mrs-nsga2-apportion|mrs-weighted,ctrl_y,humanoid-458,8,13,0.7692,0.8462,1.0,1.0
mrs-nsga2-apportion|mrs-weighted,cross,humanoid-458,10,18,0.6111,0.9444,0.2778,0.7778
mrs-nsga2-apportion|mrs-weighted,cross,humanoid-458,11,18,0.8889,0.9444,0.6111,1.0
mrs-nsga2-apportion|mrs-weighted,ctrl_x,humanoid-458,10,18,0.8333,0.9444,1.0,1.0
mrs-nsga2-apportion|mrs-weighted,ctrl_y,humanoid-458,10,18,0.9444,0.3333,0.7778,0.2778
mrs-nsga2-apportion|mrs-weighted,cross,humanoid-458,12,21,0.9048,0.8571,1.0,1.0
mrs-nsga2-apportion|mrs-weighted,cross,humanoid-458,13,21,0.8095,0.7143,0.9524,1.0
mrs-nsga2-apportion|mrs-weighted,ctrl_x,humanoid-458,12,21,0.7619,0.9048,1.0,0.9048
mrs-nsga2-apportion|mrs-weighted,ctrl_y,humanoid-458,12,21,0.9524,0.9524,1.0,1.0
mrs-nsga2-apportion|mrs-weighted,cross,humanoid-458,14,20,0.95,1.0,0.9,1.0
mrs-nsga2-apportion|mrs-weighted,cross,humanoid-458,15,20,0.9,0.95,0.7,1.0
mrs-nsga2-apportion|mrs-weighted,ctrl_x,humanoid-458,14,20,0.6,1.0,1.0,1.0
mrs-nsga2-apportion|mrs-weighted,ctrl_y,humanoid-458,14,20,0.8,1.0,0.85,0.85
mrs-nsga2-apportion|mrs-weighted,cross,humanoid-458,16,16,0.625,0.9375,1.0,0.75
mrs-nsga2-apportion|mrs-weighted,cross,humanoid-458,17,16,0.5,1.0,0.9375,1.0
mrs-nsga2-apportion|mrs-weighted,ctrl_x,humanoid-458,16,16,1.0,0.75,1.0,1.0
mrs-nsga2-apportion|mrs-weighted,ctrl_y,humanoid-458,16,16,0.8125,0.6875,1.0,1.0
mrs-nsga2-apportion|mrs-weighted,cross,humanoid-458,18,20,0.55,1.0,1.0,1.0
mrs-nsga2-apportion|mrs-weighted,cross,humanoid-458,19,20,0.95,0.6,1.0,1.0
mrs-nsga2-apportion|mrs-weighted,ctrl_x,humanoid-458,18,20,0.65,0.7,0.95,1.0
mrs-nsga2-apportion|mrs-weighted,ctrl_y,humanoid-458,18,20,0.95,0.7,1.0,1.0
mrs-nsga2-apportion|mrs-weighted,cross,humanoid-458,20,19,0.8421,1.0,1.0,1.0
mrs-nsga2-apportion|mrs-weighted,cross,humanoid-458,21,19,0.8947,1.0,1.0,1.0
mrs-nsga2-apportion|mrs-weighted,ctrl_x,humanoid-458,20,19,1.0,0.9474,1.0,1.0
mrs-nsga2-apportion|mrs-weighted,ctrl_y,humanoid-458,20,19,0.8421,0.6316,0.8421,0.4211
mrs-nsga2-apportion|mrs-weighted,cross,humanoid-458,22,17,0.8824,0.7059,0.7059,1.0
mrs-nsga2-apportion|mrs-weighted,cross,humanoid-458,23,17,0.8235,0.9412,1.0,1.0
mrs-nsga2-apportion|mrs-weighted,ctrl_x,humanoid-458,22,17,0.9412,1.0,1.0,1.0
mrs-nsga2-apportion|mrs-weighted,ctrl_y,humanoid-458,22,17,0.9412,0.7647,0.8235,0.5294
mrs-nsga2-apportion|mrs-weighted,cross,humanoid-458,24,17,0.9412,0.9412,1.0,1.0
mrs-nsga2-apportion|mrs-weighted,cross,humanoid-458,25,17,0.5882,0.7059,1.0,1.0
mrs-nsga2-apportion|mrs-weighted,ctrl_x,humanoid-458,24,17,0.5882,0.9412,1.0,1.0
mrs-nsga2-apportion|mrs-weighted,ctrl_y,humanoid-458,24,17,0.9412,0.7059,1.0,0.4706
mrs-nsga2-apportion|mrs-weighted,cross,humanoid-458,26,30,0.7667,0.9667,0.9333,0.9333
mrs-nsga2-apportion|mrs-weighted,cross,humanoid-458,27,30,0.9333,1.0,0.0333,0.0667
mrs-nsga2-apportion|mrs-weighted,ctrl_x,humanoid-458,26,30,0.9,0.9333,1.0,0.8667
mrs-nsga2-apportion|mrs-weighted,ctrl_y,humanoid-458,26,30,0.8667,0.7333,0.9,0.2333
mrs-nsga2-apportion|mrs-weighted,cross,humanoid-458,28,27,0.8889,0.963,0.9259,1.0
mrs-nsga2-apportion|mrs-weighted,cross,humanoid-458,29,27,0.8148,0.5926,0.9259,0.963
mrs-nsga2-apportion|mrs-weighted,ctrl_x,humanoid-458,28,27,0.8148,0.8519,0.6667,1.0
mrs-nsga2-apportion|mrs-weighted,ctrl_y,humanoid-458,28,27,0.8519,0.963,0.8148,1.0
aurus-nsga2-apportion|aurus,cross,humanoid-458,0,13,0.9231,0.9231,1.0,1.0
aurus-nsga2-apportion|aurus,cross,humanoid-458,1,13,0.8462,1.0,1.0,1.0
aurus-nsga2-apportion|aurus,ctrl_x,humanoid-458,0,13,0.9231,1.0,1.0,0.8462
aurus-nsga2-apportion|aurus,ctrl_y,humanoid-458,0,13,0.9231,0.9231,1.0,1.0
aurus-nsga2-apportion|aurus,cross,humanoid-458,2,15,1.0,1.0,1.0,1.0
aurus-nsga2-apportion|aurus,cross,humanoid-458,3,15,1.0,1.0,1.0,0.4
aurus-nsga2-apportion|aurus,ctrl_x,humanoid-458,2,15,0.8,1.0,1.0,1.0
aurus-nsga2-apportion|aurus,ctrl_y,humanoid-458,2,15,0.8667,0.9333,1.0,1.0
aurus-nsga2-apportion|aurus,cross,humanoid-458,4,11,1.0,1.0,1.0,1.0
aurus-nsga2-apportion|aurus,cross,humanoid-458,5,11,0.2727,1.0,1.0,0.4545
aurus-nsga2-apportion|aurus,ctrl_x,humanoid-458,4,11,1.0,0.4545,1.0,1.0
aurus-nsga2-apportion|aurus,ctrl_y,humanoid-458,4,11,1.0,1.0,1.0,1.0
aurus-nsga2-apportion|aurus,cross,humanoid-458,6,14,0.0714,1.0,0.8571,0.0714
aurus-nsga2-apportion|aurus,cross,humanoid-458,7,14,0.6429,0.9286,1.0,1.0
aurus-nsga2-apportion|aurus,ctrl_x,humanoid-458,6,14,0.8571,0.2857,0.3571,0.1429
aurus-nsga2-apportion|aurus,ctrl_y,humanoid-458,6,14,1.0,1.0,0.7857,1.0
aurus-nsga2-apportion|aurus,cross,humanoid-458,8,10,1.0,0.9,0.9,1.0
aurus-nsga2-apportion|aurus,cross,humanoid-458,9,10,1.0,1.0,1.0,0.8
aurus-nsga2-apportion|aurus,ctrl_x,humanoid-458,8,10,0.7,1.0,1.0,1.0
aurus-nsga2-apportion|aurus,ctrl_y,humanoid-458,8,10,1.0,1.0,1.0,1.0
aurus-nsga2-apportion|aurus,cross,humanoid-458,10,8,1.0,1.0,1.0,1.0
aurus-nsga2-apportion|aurus,cross,humanoid-458,11,8,1.0,1.0,1.0,1.0
aurus-nsga2-apportion|aurus,ctrl_x,humanoid-458,10,8,0.875,0.625,1.0,1.0
aurus-nsga2-apportion|aurus,ctrl_y,humanoid-458,10,8,1.0,1.0,1.0,1.0
aurus-nsga2-apportion|aurus,cross,humanoid-458,12,9,0.6667,0.7778,1.0,1.0
aurus-nsga2-apportion|aurus,cross,humanoid-458,13,9,0.3333,1.0,0.5556,1.0
aurus-nsga2-apportion|aurus,ctrl_x,humanoid-458,12,9,1.0,0.5556,1.0,1.0
aurus-nsga2-apportion|aurus,ctrl_y,humanoid-458,12,9,1.0,1.0,1.0,1.0
aurus-nsga2-apportion|aurus,cross,humanoid-458,14,9,0.6667,0.8889,1.0,1.0
aurus-nsga2-apportion|aurus,cross,humanoid-458,15,9,0.8889,1.0,1.0,1.0
aurus-nsga2-apportion|aurus,ctrl_x,humanoid-458,14,9,0.7778,1.0,1.0,1.0
aurus-nsga2-apportion|aurus,ctrl_y,humanoid-458,14,9,0.2222,1.0,1.0,0.2222
aurus-nsga2-apportion|aurus,cross,humanoid-458,16,10,0.9,1.0,1.0,0.9
aurus-nsga2-apportion|aurus,cross,humanoid-458,17,10,0.9,1.0,1.0,1.0
aurus-nsga2-apportion|aurus,ctrl_x,humanoid-458,16,10,0.6,0.8,1.0,1.0
aurus-nsga2-apportion|aurus,ctrl_y,humanoid-458,16,10,1.0,1.0,1.0,1.0
aurus-nsga2-apportion|aurus,cross,humanoid-458,18,11,1.0,1.0,1.0,0.8182
aurus-nsga2-apportion|aurus,cross,humanoid-458,19,11,1.0,0.9091,1.0,1.0
aurus-nsga2-apportion|aurus,ctrl_x,humanoid-458,18,11,0.5455,1.0,1.0,1.0
aurus-nsga2-apportion|aurus,ctrl_y,humanoid-458,18,11,1.0,1.0,1.0,1.0
aurus-nsga2-apportion|aurus,cross,humanoid-458,20,10,1.0,1.0,0.3,0.3
aurus-nsga2-apportion|aurus,cross,humanoid-458,21,10,1.0,0.9,0.6,0.2
aurus-nsga2-apportion|aurus,ctrl_x,humanoid-458,20,10,0.9,1.0,1.0,1.0
aurus-nsga2-apportion|aurus,ctrl_y,humanoid-458,20,10,1.0,1.0,1.0,1.0
aurus-nsga2-apportion|aurus,cross,humanoid-458,22,15,1.0,0.4667,1.0,1.0
aurus-nsga2-apportion|aurus,cross,humanoid-458,23,15,1.0,0.4667,1.0,1.0
aurus-nsga2-apportion|aurus,ctrl_x,humanoid-458,22,15,1.0,0.7333,1.0,1.0
aurus-nsga2-apportion|aurus,ctrl_y,humanoid-458,22,15,0.8,1.0,1.0,1.0
aurus-nsga2-apportion|aurus,cross,humanoid-458,24,12,0.75,1.0,1.0,1.0
aurus-nsga2-apportion|aurus,cross,humanoid-458,25,12,1.0,0.9167,1.0,1.0
aurus-nsga2-apportion|aurus,ctrl_x,humanoid-458,24,12,1.0,0.9167,1.0,1.0
aurus-nsga2-apportion|aurus,ctrl_y,humanoid-458,24,12,1.0,1.0,1.0,1.0
aurus-nsga2-apportion|aurus,cross,humanoid-458,26,11,0.8182,0.9091,1.0,1.0
aurus-nsga2-apportion|aurus,cross,humanoid-458,27,11,0.9091,0.9091,1.0,0.4545
aurus-nsga2-apportion|aurus,ctrl_x,humanoid-458,26,11,0.8182,0.9091,1.0,1.0
aurus-nsga2-apportion|aurus,ctrl_y,humanoid-458,26,11,0.9091,1.0,1.0,1.0
aurus-nsga2-apportion|aurus,cross,humanoid-458,28,9,0.2222,1.0,1.0,0.2222
aurus-nsga2-apportion|aurus,cross,humanoid-458,29,9,0.7778,1.0,1.0,1.0
aurus-nsga2-apportion|aurus,ctrl_x,humanoid-458,28,9,0.5556,0.8889,1.0,1.0
aurus-nsga2-apportion|aurus,ctrl_y,humanoid-458,28,9,1.0,1.0,0.8889,1.0
mrs-nsga2-apportion|mrs-weighted,cross,humanoid-503,2,6,1.0,1.0,1.0,1.0
mrs-nsga2-apportion|mrs-weighted,cross,humanoid-503,3,6,0.0,0.0,0.0,0.0
mrs-nsga2-apportion|mrs-weighted,ctrl_x,humanoid-503,2,6,1.0,0.8333,1.0,1.0
mrs-nsga2-apportion|mrs-weighted,ctrl_y,humanoid-503,2,6,1.0,0.0,1.0,0.0
mrs-nsga2-apportion|mrs-weighted,cross,humanoid-503,4,19,0.0,0.9474,0.0,0.2105
mrs-nsga2-apportion|mrs-weighted,cross,humanoid-503,5,19,0.2632,0.9474,0.6316,0.9474
mrs-nsga2-apportion|mrs-weighted,ctrl_x,humanoid-503,4,19,0.3684,0.6316,0.6316,0.2105
mrs-nsga2-apportion|mrs-weighted,ctrl_y,humanoid-503,4,19,1.0,0.1579,0.4211,0.2105
mrs-nsga2-apportion|mrs-weighted,cross,humanoid-503,6,18,1.0,0.5556,0.5556,0.1667
mrs-nsga2-apportion|mrs-weighted,cross,humanoid-503,7,18,0.8889,1.0,0.1667,0.3333
mrs-nsga2-apportion|mrs-weighted,ctrl_x,humanoid-503,6,18,1.0,0.8333,0.9444,0.2778
mrs-nsga2-apportion|mrs-weighted,ctrl_y,humanoid-503,6,18,0.0,1.0,0.0,0.2222
mrs-nsga2-apportion|mrs-weighted,cross,humanoid-503,8,18,1.0,0.0,0.0556,0.0
mrs-nsga2-apportion|mrs-weighted,cross,humanoid-503,9,18,1.0,0.6667,0.9444,1.0
mrs-nsga2-apportion|mrs-weighted,ctrl_x,humanoid-503,8,18,0.2222,1.0,0.8889,0.5556
mrs-nsga2-apportion|mrs-weighted,ctrl_y,humanoid-503,8,18,0.0,1.0,0.0,0.4444
mrs-nsga2-apportion|mrs-weighted,cross,humanoid-503,10,24,0.5833,0.8333,0.4583,0.25
mrs-nsga2-apportion|mrs-weighted,cross,humanoid-503,11,24,0.9167,0.9167,0.4167,0.9583
mrs-nsga2-apportion|mrs-weighted,ctrl_x,humanoid-503,10,24,0.75,0.9167,0.75,1.0
mrs-nsga2-apportion|mrs-weighted,ctrl_y,humanoid-503,10,24,1.0,0.7083,0.625,0.2083
mrs-nsga2-apportion|mrs-weighted,cross,humanoid-503,14,13,0.3077,0.9231,0.3077,0.1538
mrs-nsga2-apportion|mrs-weighted,cross,humanoid-503,15,13,1.0,0.6923,0.4615,0.9231
mrs-nsga2-apportion|mrs-weighted,ctrl_x,humanoid-503,14,13,0.7692,1.0,0.4615,1.0
mrs-nsga2-apportion|mrs-weighted,ctrl_y,humanoid-503,14,13,0.8462,0.6154,0.3077,0.3077
mrs-nsga2-apportion|mrs-weighted,cross,humanoid-503,18,18,0.7222,0.9444,1.0,1.0
mrs-nsga2-apportion|mrs-weighted,cross,humanoid-503,19,18,0.8889,0.8889,0.2778,0.3333
mrs-nsga2-apportion|mrs-weighted,ctrl_x,humanoid-503,18,18,0.4444,1.0,0.3889,0.6111
mrs-nsga2-apportion|mrs-weighted,ctrl_y,humanoid-503,18,18,1.0,0.8333,0.8889,1.0
mrs-nsga2-apportion|mrs-weighted,cross,humanoid-503,20,17,0.2353,1.0,0.1765,0.1765
mrs-nsga2-apportion|mrs-weighted,cross,humanoid-503,21,17,0.2941,0.6471,0.7647,0.5882
mrs-nsga2-apportion|mrs-weighted,ctrl_x,humanoid-503,20,17,0.8235,0.7059,0.2941,0.8235
mrs-nsga2-apportion|mrs-weighted,ctrl_y,humanoid-503,20,17,1.0,0.0588,0.1765,0.1176
mrs-nsga2-apportion|mrs-weighted,cross,humanoid-503,22,36,0.6667,0.3889,0.6111,0.8889
mrs-nsga2-apportion|mrs-weighted,cross,humanoid-503,23,36,0.9722,0.8056,0.0556,0.0278
mrs-nsga2-apportion|mrs-weighted,ctrl_x,humanoid-503,22,36,0.6111,0.9722,0.0556,0.1111
mrs-nsga2-apportion|mrs-weighted,ctrl_y,humanoid-503,22,36,0.7222,0.6667,0.2778,0.3611
mrs-nsga2-apportion|mrs-weighted,cross,humanoid-503,26,22,0.6818,1.0,1.0,0.9091
mrs-nsga2-apportion|mrs-weighted,cross,humanoid-503,27,22,1.0,0.0909,0.2727,0.2727
mrs-nsga2-apportion|mrs-weighted,ctrl_x,humanoid-503,26,22,0.7727,0.7273,0.0909,0.3636
mrs-nsga2-apportion|mrs-weighted,ctrl_y,humanoid-503,26,22,0.9091,0.4091,0.4545,0.5909
mrs-nsga2-apportion|aurus-nsga2-apportion,cross,humanoid-531,0,26,0.9231,0.9231,1.0,1.0
mrs-nsga2-apportion|aurus-nsga2-apportion,cross,humanoid-531,1,26,0.8077,0.9231,1.0,1.0
mrs-nsga2-apportion|aurus-nsga2-apportion,ctrl_x,humanoid-531,0,26,0.5769,0.9231,1.0,1.0
mrs-nsga2-apportion|aurus-nsga2-apportion,ctrl_y,humanoid-531,0,26,0.6923,1.0,1.0,1.0
mrs-nsga2-apportion|aurus-nsga2-apportion,cross,humanoid-531,2,35,0.9143,1.0,1.0,1.0
mrs-nsga2-apportion|aurus-nsga2-apportion,cross,humanoid-531,3,35,0.9429,0.9143,1.0,1.0
mrs-nsga2-apportion|aurus-nsga2-apportion,ctrl_x,humanoid-531,2,35,0.9429,0.8571,1.0,1.0
mrs-nsga2-apportion|aurus-nsga2-apportion,ctrl_y,humanoid-531,2,35,0.8571,0.8,1.0,1.0
mrs-nsga2-apportion|aurus-nsga2-apportion,cross,humanoid-531,4,38,0.8158,1.0,1.0,1.0
mrs-nsga2-apportion|aurus-nsga2-apportion,cross,humanoid-531,5,38,0.9737,0.8684,1.0,1.0
mrs-nsga2-apportion|aurus-nsga2-apportion,ctrl_x,humanoid-531,4,38,0.8421,0.8947,0.8947,0.8947
mrs-nsga2-apportion|aurus-nsga2-apportion,ctrl_y,humanoid-531,4,38,0.8947,0.7105,1.0,1.0
mrs-nsga2-apportion|aurus-nsga2-apportion,cross,humanoid-531,6,34,1.0,0.7941,1.0,1.0
mrs-nsga2-apportion|aurus-nsga2-apportion,cross,humanoid-531,7,34,0.9118,0.9118,1.0,1.0
mrs-nsga2-apportion|aurus-nsga2-apportion,ctrl_x,humanoid-531,6,34,0.9118,1.0,1.0,1.0
mrs-nsga2-apportion|aurus-nsga2-apportion,ctrl_y,humanoid-531,6,34,0.7941,0.9118,1.0,1.0
mrs-nsga2-apportion|aurus-nsga2-apportion,cross,humanoid-531,8,42,0.9286,0.9286,1.0,1.0
mrs-nsga2-apportion|aurus-nsga2-apportion,cross,humanoid-531,9,42,0.8571,0.8571,1.0,1.0
mrs-nsga2-apportion|aurus-nsga2-apportion,ctrl_x,humanoid-531,8,42,1.0,0.7381,1.0,0.8095
mrs-nsga2-apportion|aurus-nsga2-apportion,ctrl_y,humanoid-531,8,42,0.8095,0.7619,0.9524,1.0
mrs-nsga2-apportion|aurus-nsga2-apportion,cross,humanoid-531,10,41,0.9268,1.0,1.0,1.0
mrs-nsga2-apportion|aurus-nsga2-apportion,cross,humanoid-531,11,41,0.9756,0.8293,1.0,1.0
mrs-nsga2-apportion|aurus-nsga2-apportion,ctrl_x,humanoid-531,10,41,0.9268,0.9268,0.9756,1.0
mrs-nsga2-apportion|aurus-nsga2-apportion,ctrl_y,humanoid-531,10,41,0.9756,0.9024,1.0,1.0
mrs-nsga2-apportion|aurus-nsga2-apportion,cross,humanoid-531,12,42,0.9286,0.8333,1.0,1.0
mrs-nsga2-apportion|aurus-nsga2-apportion,cross,humanoid-531,13,42,1.0,0.9048,1.0,1.0
mrs-nsga2-apportion|aurus-nsga2-apportion,ctrl_x,humanoid-531,12,42,0.9048,0.8571,1.0,1.0
mrs-nsga2-apportion|aurus-nsga2-apportion,ctrl_y,humanoid-531,12,42,0.881,0.7143,0.8571,1.0
mrs-nsga2-apportion|aurus-nsga2-apportion,cross,humanoid-531,14,44,0.9773,0.9545,1.0,1.0
mrs-nsga2-apportion|aurus-nsga2-apportion,cross,humanoid-531,15,44,0.9091,0.9091,1.0,1.0
mrs-nsga2-apportion|aurus-nsga2-apportion,ctrl_x,humanoid-531,14,44,1.0,0.9773,1.0,1.0
mrs-nsga2-apportion|aurus-nsga2-apportion,ctrl_y,humanoid-531,14,44,1.0,0.8864,0.9091,1.0
mrs-nsga2-apportion|aurus-nsga2-apportion,cross,humanoid-531,16,39,0.9744,0.9744,1.0,1.0
mrs-nsga2-apportion|aurus-nsga2-apportion,cross,humanoid-531,17,39,0.9744,0.9744,0.8974,1.0
mrs-nsga2-apportion|aurus-nsga2-apportion,ctrl_x,humanoid-531,16,39,1.0,0.8462,1.0,1.0
mrs-nsga2-apportion|aurus-nsga2-apportion,ctrl_y,humanoid-531,16,39,0.9744,0.9744,1.0,1.0
mrs-nsga2-apportion|aurus-nsga2-apportion,cross,humanoid-531,18,46,0.913,1.0,1.0,1.0
mrs-nsga2-apportion|aurus-nsga2-apportion,cross,humanoid-531,19,46,0.8913,1.0,1.0,1.0
mrs-nsga2-apportion|aurus-nsga2-apportion,ctrl_x,humanoid-531,18,46,0.9783,0.8043,1.0,0.7826
mrs-nsga2-apportion|aurus-nsga2-apportion,ctrl_y,humanoid-531,18,46,0.9348,0.913,1.0,1.0
mrs-nsga2-apportion|aurus-nsga2-apportion,cross,humanoid-531,20,47,0.9574,0.8936,1.0,1.0
mrs-nsga2-apportion|aurus-nsga2-apportion,cross,humanoid-531,21,47,0.9574,1.0,1.0,1.0
mrs-nsga2-apportion|aurus-nsga2-apportion,ctrl_x,humanoid-531,20,47,0.9362,0.8936,0.9149,1.0
mrs-nsga2-apportion|aurus-nsga2-apportion,ctrl_y,humanoid-531,20,47,0.8936,0.9787,0.9574,1.0
mrs-nsga2-apportion|aurus-nsga2-apportion,cross,humanoid-531,22,40,0.825,0.975,1.0,1.0
mrs-nsga2-apportion|aurus-nsga2-apportion,cross,humanoid-531,23,40,0.95,0.95,1.0,1.0
mrs-nsga2-apportion|aurus-nsga2-apportion,ctrl_x,humanoid-531,22,40,0.9,1.0,0.95,1.0
mrs-nsga2-apportion|aurus-nsga2-apportion,ctrl_y,humanoid-531,22,40,0.975,0.925,1.0,1.0
mrs-nsga2-apportion|aurus-nsga2-apportion,cross,humanoid-531,24,38,0.9211,1.0,1.0,1.0
mrs-nsga2-apportion|aurus-nsga2-apportion,cross,humanoid-531,25,38,0.7895,0.9474,1.0,1.0
mrs-nsga2-apportion|aurus-nsga2-apportion,ctrl_x,humanoid-531,24,38,0.6842,1.0,1.0,0.9737
mrs-nsga2-apportion|aurus-nsga2-apportion,ctrl_y,humanoid-531,24,38,0.9737,0.8684,1.0,1.0
mrs-nsga2-apportion|aurus-nsga2-apportion,cross,humanoid-531,26,37,0.973,0.6216,0.9459,1.0
mrs-nsga2-apportion|aurus-nsga2-apportion,cross,humanoid-531,27,37,0.9459,0.9189,1.0,1.0
mrs-nsga2-apportion|aurus-nsga2-apportion,ctrl_x,humanoid-531,26,37,0.8919,0.7568,1.0,1.0
mrs-nsga2-apportion|aurus-nsga2-apportion,ctrl_y,humanoid-531,26,37,0.7838,0.973,1.0,1.0
mrs-nsga2-apportion|aurus-nsga2-apportion,cross,humanoid-531,28,40,0.95,0.95,1.0,1.0
mrs-nsga2-apportion|aurus-nsga2-apportion,cross,humanoid-531,29,40,0.95,0.925,1.0,1.0
mrs-nsga2-apportion|aurus-nsga2-apportion,ctrl_x,humanoid-531,28,40,0.975,0.95,1.0,1.0
mrs-nsga2-apportion|aurus-nsga2-apportion,ctrl_y,humanoid-531,28,40,0.85,0.95,1.0,1.0
mrs-nsga2-apportion|mrs-weighted,cross,humanoid-531,0,41,0.5854,0.9756,0.8049,0.9512
mrs-nsga2-apportion|mrs-weighted,cross,humanoid-531,1,41,0.7805,0.9756,0.3659,0.8537
mrs-nsga2-apportion|mrs-weighted,ctrl_x,humanoid-531,0,41,0.6829,0.9512,0.8049,1.0
mrs-nsga2-apportion|mrs-weighted,ctrl_y,humanoid-531,0,41,0.9512,0.8049,1.0,0.878
mrs-nsga2-apportion|mrs-weighted,cross,humanoid-531,2,42,0.8333,0.9286,1.0,1.0
mrs-nsga2-apportion|mrs-weighted,cross,humanoid-531,3,42,0.9048,0.9524,1.0,1.0
mrs-nsga2-apportion|mrs-weighted,ctrl_x,humanoid-531,2,42,0.9524,0.9286,1.0,1.0
mrs-nsga2-apportion|mrs-weighted,ctrl_y,humanoid-531,2,42,0.881,0.881,0.881,1.0
mrs-nsga2-apportion|mrs-weighted,cross,humanoid-531,4,50,0.72,0.94,0.98,1.0
mrs-nsga2-apportion|mrs-weighted,cross,humanoid-531,5,50,0.92,0.86,0.88,0.96
mrs-nsga2-apportion|mrs-weighted,ctrl_x,humanoid-531,4,50,0.84,0.84,0.8,0.88
mrs-nsga2-apportion|mrs-weighted,ctrl_y,humanoid-531,4,50,0.86,0.68,0.9,1.0
mrs-nsga2-apportion|mrs-weighted,cross,humanoid-531,6,41,0.7805,0.9024,1.0,0.9512
mrs-nsga2-apportion|mrs-weighted,cross,humanoid-531,7,41,1.0,0.878,1.0,0.7805
mrs-nsga2-apportion|mrs-weighted,ctrl_x,humanoid-531,6,41,1.0,0.9512,1.0,1.0
mrs-nsga2-apportion|mrs-weighted,ctrl_y,humanoid-531,6,41,0.878,0.7805,0.9756,1.0
mrs-nsga2-apportion|mrs-weighted,cross,humanoid-531,8,50,0.92,0.86,1.0,0.8
mrs-nsga2-apportion|mrs-weighted,cross,humanoid-531,9,50,0.9,1.0,1.0,1.0
mrs-nsga2-apportion|mrs-weighted,ctrl_x,humanoid-531,8,50,1.0,0.82,1.0,0.8
mrs-nsga2-apportion|mrs-weighted,ctrl_y,humanoid-531,8,50,0.8,0.88,0.92,0.98
mrs-nsga2-apportion|mrs-weighted,cross,humanoid-531,10,44,0.7727,0.9773,0.9773,1.0
mrs-nsga2-apportion|mrs-weighted,cross,humanoid-531,11,44,0.8409,0.8864,1.0,1.0
mrs-nsga2-apportion|mrs-weighted,ctrl_x,humanoid-531,10,44,0.8636,0.9773,0.9773,1.0
mrs-nsga2-apportion|mrs-weighted,ctrl_y,humanoid-531,10,44,0.8636,0.75,0.9091,0.9773
mrs-nsga2-apportion|mrs-weighted,cross,humanoid-531,12,63,0.7937,0.9683,1.0,0.9524
mrs-nsga2-apportion|mrs-weighted,cross,humanoid-531,13,63,0.8571,0.9206,0.873,1.0
mrs-nsga2-apportion|mrs-weighted,ctrl_x,humanoid-531,12,63,0.9206,0.9524,1.0,0.873
mrs-nsga2-apportion|mrs-weighted,ctrl_y,humanoid-531,12,63,0.7937,0.873,0.9841,0.9841
mrs-nsga2-apportion|mrs-weighted,cross,humanoid-531,14,64,0.8438,0.875,1.0,0.6875
mrs-nsga2-apportion|mrs-weighted,cross,humanoid-531,15,64,0.7969,0.9844,1.0,0.9688
mrs-nsga2-apportion|mrs-weighted,ctrl_x,humanoid-531,14,64,0.9062,0.9219,0.9844,1.0
mrs-nsga2-apportion|mrs-weighted,ctrl_y,humanoid-531,14,64,0.7344,0.9688,0.8906,1.0
mrs-nsga2-apportion|mrs-weighted,cross,humanoid-531,16,51,0.9412,0.8431,1.0,0.9216
mrs-nsga2-apportion|mrs-weighted,cross,humanoid-531,17,51,0.8431,0.9804,0.9216,0.7843
mrs-nsga2-apportion|mrs-weighted,ctrl_x,humanoid-531,16,51,0.9216,0.8039,1.0,1.0
mrs-nsga2-apportion|mrs-weighted,ctrl_y,humanoid-531,16,51,0.7059,0.9216,0.9608,0.9216
mrs-nsga2-apportion|mrs-weighted,cross,humanoid-531,18,53,0.9434,0.9623,1.0,0.9057
mrs-nsga2-apportion|mrs-weighted,cross,humanoid-531,19,53,0.8868,0.9623,0.9623,0.8679
mrs-nsga2-apportion|mrs-weighted,ctrl_x,humanoid-531,18,53,0.9623,0.9623,0.9811,0.7925
mrs-nsga2-apportion|mrs-weighted,ctrl_y,humanoid-531,18,53,0.8491,0.9811,0.9057,1.0
mrs-nsga2-apportion|mrs-weighted,cross,humanoid-531,20,47,0.8298,0.8723,1.0,0.7447
mrs-nsga2-apportion|mrs-weighted,cross,humanoid-531,21,47,0.8936,1.0,0.9787,0.7447
mrs-nsga2-apportion|mrs-weighted,ctrl_x,humanoid-531,20,47,0.9574,0.9149,0.8298,1.0
mrs-nsga2-apportion|mrs-weighted,ctrl_y,humanoid-531,20,47,0.7234,0.8298,0.9149,0.6809
mrs-nsga2-apportion|mrs-weighted,cross,humanoid-531,22,40,0.825,0.95,0.525,0.9
mrs-nsga2-apportion|mrs-weighted,cross,humanoid-531,23,40,0.825,0.975,1.0,1.0
mrs-nsga2-apportion|mrs-weighted,ctrl_x,humanoid-531,22,40,0.9,1.0,1.0,1.0
mrs-nsga2-apportion|mrs-weighted,ctrl_y,humanoid-531,22,40,0.8,0.75,0.875,1.0
mrs-nsga2-apportion|mrs-weighted,cross,humanoid-531,24,52,0.7885,0.9808,1.0,0.9423
mrs-nsga2-apportion|mrs-weighted,cross,humanoid-531,25,52,0.6154,1.0,1.0,0.8077
mrs-nsga2-apportion|mrs-weighted,ctrl_x,humanoid-531,24,52,0.9615,0.9615,1.0,0.8654
mrs-nsga2-apportion|mrs-weighted,ctrl_y,humanoid-531,24,52,0.8269,0.7308,0.8846,0.9808
mrs-nsga2-apportion|mrs-weighted,cross,humanoid-531,26,51,0.7451,0.9608,0.5686,0.8824
mrs-nsga2-apportion|mrs-weighted,cross,humanoid-531,27,51,0.9216,0.9608,1.0,0.9412
mrs-nsga2-apportion|mrs-weighted,ctrl_x,humanoid-531,26,51,0.9608,0.8431,0.8824,1.0
mrs-nsga2-apportion|mrs-weighted,ctrl_y,humanoid-531,26,51,0.902,0.9216,0.8824,1.0
mrs-nsga2-apportion|mrs-weighted,cross,humanoid-531,28,46,0.8913,0.9565,0.9783,0.9565
mrs-nsga2-apportion|mrs-weighted,cross,humanoid-531,29,46,0.913,0.8043,0.9348,0.8913
mrs-nsga2-apportion|mrs-weighted,ctrl_x,humanoid-531,28,46,0.9783,0.9565,1.0,1.0
mrs-nsga2-apportion|mrs-weighted,ctrl_y,humanoid-531,28,46,0.7826,0.9565,0.9783,0.9783
mrs-nsga2-apportion|aurus,cross,humanoid-742,0,35,0.8,0.2,0.3714,0.4857
mrs-nsga2-apportion|aurus,cross,humanoid-742,1,35,0.9429,0.2286,0.4286,0.6
mrs-nsga2-apportion|aurus,ctrl_x,humanoid-742,0,35,0.6,1.0,0.7714,0.8
mrs-nsga2-apportion|aurus,ctrl_y,humanoid-742,0,35,0.8571,1.0,1.0,0.9143
mrs-nsga2-apportion|aurus,cross,humanoid-742,2,42,0.8571,0.2857,0.3571,0.6429
mrs-nsga2-apportion|aurus,cross,humanoid-742,3,42,0.8571,0.3571,0.3095,0.6667
mrs-nsga2-apportion|aurus,ctrl_x,humanoid-742,2,42,0.7143,0.7143,0.9286,0.9524
mrs-nsga2-apportion|aurus,ctrl_y,humanoid-742,2,42,0.9048,0.9762,0.8095,0.9286
mrs-nsga2-apportion|aurus,cross,humanoid-742,4,44,1.0,0.1364,0.2045,0.3182
mrs-nsga2-apportion|aurus,cross,humanoid-742,5,44,1.0,0.3409,0.2727,0.3636
mrs-nsga2-apportion|aurus,ctrl_x,humanoid-742,4,44,1.0,0.6818,0.8182,0.9773
mrs-nsga2-apportion|aurus,ctrl_y,humanoid-742,4,44,0.9318,0.9545,0.9773,0.9545
mrs-nsga2-apportion|aurus,cross,humanoid-742,6,43,0.9535,0.186,0.2326,0.5116
mrs-nsga2-apportion|aurus,cross,humanoid-742,7,43,1.0,0.093,0.2326,0.7442
mrs-nsga2-apportion|aurus,ctrl_x,humanoid-742,6,43,0.6512,0.7674,0.6279,0.6279
mrs-nsga2-apportion|aurus,ctrl_y,humanoid-742,6,43,1.0,0.6744,0.8372,0.814
mrs-nsga2-apportion|aurus,cross,humanoid-742,8,36,0.8889,0.1944,0.3056,0.3611
mrs-nsga2-apportion|aurus,cross,humanoid-742,9,36,1.0,0.1667,0.2778,0.6389
mrs-nsga2-apportion|aurus,ctrl_x,humanoid-742,8,36,0.8333,0.6389,0.9722,0.8611
mrs-nsga2-apportion|aurus,ctrl_y,humanoid-742,8,36,1.0,1.0,1.0,1.0
mrs-nsga2-apportion|aurus,cross,humanoid-742,10,37,0.4324,0.2162,0.2973,0.4054
mrs-nsga2-apportion|aurus,cross,humanoid-742,11,37,1.0,0.2162,0.2703,0.6216
mrs-nsga2-apportion|aurus,ctrl_x,humanoid-742,10,37,0.6757,0.4595,0.8108,0.7297
mrs-nsga2-apportion|aurus,ctrl_y,humanoid-742,10,37,0.8649,0.973,0.973,1.0
mrs-nsga2-apportion|aurus,cross,humanoid-742,12,38,0.7895,0.4211,0.5526,0.7368
mrs-nsga2-apportion|aurus,cross,humanoid-742,13,38,0.5,0.3158,0.2632,0.6316
mrs-nsga2-apportion|aurus,ctrl_x,humanoid-742,12,38,0.4211,0.9211,0.9737,0.7895
mrs-nsga2-apportion|aurus,ctrl_y,humanoid-742,12,38,0.9211,1.0,0.9211,0.9211
mrs-nsga2-apportion|aurus,cross,humanoid-742,14,32,1.0,0.0312,0.0625,0.25
mrs-nsga2-apportion|aurus,cross,humanoid-742,15,32,0.7188,0.25,0.5312,0.5938
mrs-nsga2-apportion|aurus,ctrl_x,humanoid-742,14,32,0.5938,0.5312,0.5312,0.5625
mrs-nsga2-apportion|aurus,ctrl_y,humanoid-742,14,32,0.9062,0.9375,1.0,1.0
mrs-nsga2-apportion|aurus,cross,humanoid-742,16,38,1.0,0.1842,0.3947,0.7105
mrs-nsga2-apportion|aurus,cross,humanoid-742,17,38,1.0,0.1053,0.2368,0.3947
mrs-nsga2-apportion|aurus,ctrl_x,humanoid-742,16,38,1.0,0.9737,0.9211,0.9211
mrs-nsga2-apportion|aurus,ctrl_y,humanoid-742,16,38,1.0,0.8947,0.8947,0.9474
mrs-nsga2-apportion|aurus,cross,humanoid-742,18,38,0.6842,0.2632,0.3421,0.4474
mrs-nsga2-apportion|aurus,cross,humanoid-742,19,38,1.0,0.2368,0.3684,0.5526
mrs-nsga2-apportion|aurus,ctrl_x,humanoid-742,18,38,0.8158,0.8947,0.8421,0.7105
mrs-nsga2-apportion|aurus,ctrl_y,humanoid-742,18,38,1.0,0.9211,1.0,1.0
mrs-nsga2-apportion|aurus,cross,humanoid-742,20,41,0.6098,0.2439,0.439,0.5854
mrs-nsga2-apportion|aurus,cross,humanoid-742,21,41,0.8293,0.4878,0.5854,0.5366
mrs-nsga2-apportion|aurus,ctrl_x,humanoid-742,20,41,0.8049,0.561,0.9756,0.7317
mrs-nsga2-apportion|aurus,ctrl_y,humanoid-742,20,41,0.9268,0.8537,0.8537,0.878
mrs-nsga2-apportion|aurus,cross,humanoid-742,22,41,0.8049,0.3171,0.4878,0.8293
mrs-nsga2-apportion|aurus,cross,humanoid-742,23,41,1.0,0.439,0.5366,0.6341
mrs-nsga2-apportion|aurus,ctrl_x,humanoid-742,22,41,0.8293,1.0,0.6585,0.7561
mrs-nsga2-apportion|aurus,ctrl_y,humanoid-742,22,41,1.0,0.9512,0.8537,1.0
mrs-nsga2-apportion|aurus,cross,humanoid-742,24,33,0.9091,0.3333,0.5152,0.7273
mrs-nsga2-apportion|aurus,cross,humanoid-742,25,33,0.8788,0.2424,0.3939,0.3636
mrs-nsga2-apportion|aurus,ctrl_x,humanoid-742,24,33,0.8788,0.8182,1.0,0.9697
mrs-nsga2-apportion|aurus,ctrl_y,humanoid-742,24,33,0.9091,1.0,1.0,0.9394
mrs-nsga2-apportion|aurus,cross,humanoid-742,26,41,0.7561,0.3659,0.3902,0.561
mrs-nsga2-apportion|aurus,cross,humanoid-742,27,41,0.3171,0.3171,0.439,0.4878
mrs-nsga2-apportion|aurus,ctrl_x,humanoid-742,26,41,0.8537,0.7073,0.8049,0.4634
mrs-nsga2-apportion|aurus,ctrl_y,humanoid-742,26,41,0.9268,0.9756,0.8537,0.9756
mrs-nsga2-apportion|aurus,cross,humanoid-742,28,37,0.9459,0.3514,0.4324,0.5946
mrs-nsga2-apportion|aurus,cross,humanoid-742,29,37,0.9459,0.1622,0.4054,0.4595
mrs-nsga2-apportion|aurus,ctrl_x,humanoid-742,28,37,0.2432,0.973,0.5405,0.6486
mrs-nsga2-apportion|aurus,ctrl_y,humanoid-742,28,37,1.0,0.973,1.0,0.7838
mrs-nsga2-apportion|aurus-nsga2-apportion,cross,humanoid-742,0,32,0.625,0.9688,0.9375,0.9375
mrs-nsga2-apportion|aurus-nsga2-apportion,cross,humanoid-742,1,32,0.75,1.0,0.8438,0.9688
mrs-nsga2-apportion|aurus-nsga2-apportion,ctrl_x,humanoid-742,0,32,0.5312,0.7812,0.6875,0.8125
mrs-nsga2-apportion|aurus-nsga2-apportion,ctrl_y,humanoid-742,0,32,0.9688,1.0,0.8438,0.8438
mrs-nsga2-apportion|aurus-nsga2-apportion,cross,humanoid-742,2,40,0.85,1.0,0.95,1.0
mrs-nsga2-apportion|aurus-nsga2-apportion,cross,humanoid-742,3,40,0.7,0.825,0.95,0.9
mrs-nsga2-apportion|aurus-nsga2-apportion,ctrl_x,humanoid-742,2,40,0.575,0.725,0.7,0.975
mrs-nsga2-apportion|aurus-nsga2-apportion,ctrl_y,humanoid-742,2,40,1.0,0.7,0.325,0.725
mrs-nsga2-apportion|aurus-nsga2-apportion,cross,humanoid-742,4,37,1.0,1.0,0.7568,0.6486
mrs-nsga2-apportion|aurus-nsga2-apportion,cross,humanoid-742,5,37,0.8378,0.973,0.9459,1.0
mrs-nsga2-apportion|aurus-nsga2-apportion,ctrl_x,humanoid-742,4,37,1.0,0.7838,0.8649,0.7297
mrs-nsga2-apportion|aurus-nsga2-apportion,ctrl_y,humanoid-742,4,37,1.0,0.7568,0.7568,1.0
mrs-nsga2-apportion|aurus-nsga2-apportion,cross,humanoid-742,6,29,0.931,0.8276,1.0,1.0
mrs-nsga2-apportion|aurus-nsga2-apportion,cross,humanoid-742,7,29,0.8966,1.0,1.0,1.0
mrs-nsga2-apportion|aurus-nsga2-apportion,ctrl_x,humanoid-742,6,29,0.5172,0.7931,0.5172,0.7586
mrs-nsga2-apportion|aurus-nsga2-apportion,ctrl_y,humanoid-742,6,29,0.6897,0.8966,0.5862,0.6897
mrs-nsga2-apportion|aurus-nsga2-apportion,cross,humanoid-742,8,41,0.6585,1.0,0.9512,0.8537
mrs-nsga2-apportion|aurus-nsga2-apportion,cross,humanoid-742,9,41,0.6585,1.0,0.9268,1.0
mrs-nsga2-apportion|aurus-nsga2-apportion,ctrl_x,humanoid-742,8,41,0.8537,0.6341,1.0,0.8537
mrs-nsga2-apportion|aurus-nsga2-apportion,ctrl_y,humanoid-742,8,41,0.9268,1.0,0.8537,0.8537
mrs-nsga2-apportion|aurus-nsga2-apportion,cross,humanoid-742,10,29,0.7241,1.0,1.0,0.9655
mrs-nsga2-apportion|aurus-nsga2-apportion,cross,humanoid-742,11,29,0.7931,0.6207,1.0,1.0
mrs-nsga2-apportion|aurus-nsga2-apportion,ctrl_x,humanoid-742,10,29,0.6207,0.6897,1.0,0.7586
mrs-nsga2-apportion|aurus-nsga2-apportion,ctrl_y,humanoid-742,10,29,0.8276,0.6897,1.0,1.0
mrs-nsga2-apportion|aurus-nsga2-apportion,cross,humanoid-742,12,25,0.8,0.72,1.0,0.56
mrs-nsga2-apportion|aurus-nsga2-apportion,cross,humanoid-742,13,25,0.84,0.84,1.0,1.0
mrs-nsga2-apportion|aurus-nsga2-apportion,ctrl_x,humanoid-742,12,25,0.48,0.8,1.0,0.72
mrs-nsga2-apportion|aurus-nsga2-apportion,ctrl_y,humanoid-742,12,25,0.6,0.84,0.52,1.0
mrs-nsga2-apportion|aurus-nsga2-apportion,cross,humanoid-742,14,37,0.6216,0.7838,0.5405,0.5946
mrs-nsga2-apportion|aurus-nsga2-apportion,cross,humanoid-742,15,37,0.9189,0.8378,1.0,1.0
mrs-nsga2-apportion|aurus-nsga2-apportion,ctrl_x,humanoid-742,14,37,0.5135,0.973,0.2432,0.6486
mrs-nsga2-apportion|aurus-nsga2-apportion,ctrl_y,humanoid-742,14,37,0.7838,0.8649,0.6216,0.6216
mrs-nsga2-apportion|aurus-nsga2-apportion,cross,humanoid-742,16,32,0.7188,0.9062,0.9688,0.9062
mrs-nsga2-apportion|aurus-nsga2-apportion,cross,humanoid-742,17,32,0.8438,0.8438,0.875,0.875
mrs-nsga2-apportion|aurus-nsga2-apportion,ctrl_x,humanoid-742,16,32,1.0,0.8438,1.0,1.0
mrs-nsga2-apportion|aurus-nsga2-apportion,ctrl_y,humanoid-742,16,32,0.875,0.875,0.9688,0.8438
mrs-nsga2-apportion|aurus-nsga2-apportion,cross,humanoid-742,18,41,0.7805,0.6585,0.8293,0.7073
mrs-nsga2-apportion|aurus-nsga2-apportion,cross,humanoid-742,19,41,0.6098,0.8049,1.0,1.0
mrs-nsga2-apportion|aurus-nsga2-apportion,ctrl_x,humanoid-742,18,41,0.6341,0.6098,0.7561,0.9268
mrs-nsga2-apportion|aurus-nsga2-apportion,ctrl_y,humanoid-742,18,41,0.4634,0.8293,0.2927,0.9024
mrs-nsga2-apportion|aurus-nsga2-apportion,cross,humanoid-742,20,30,0.7667,0.6667,1.0,1.0
mrs-nsga2-apportion|aurus-nsga2-apportion,cross,humanoid-742,21,30,0.8667,0.8333,0.9667,1.0
mrs-nsga2-apportion|aurus-nsga2-apportion,ctrl_x,humanoid-742,20,30,0.7667,0.6333,0.8333,0.7
mrs-nsga2-apportion|aurus-nsga2-apportion,ctrl_y,humanoid-742,20,30,0.9333,0.6,0.9667,0.5333
mrs-nsga2-apportion|aurus-nsga2-apportion,cross,humanoid-742,22,26,0.9231,0.9615,1.0,1.0
mrs-nsga2-apportion|aurus-nsga2-apportion,cross,humanoid-742,23,26,1.0,0.9231,1.0,1.0
mrs-nsga2-apportion|aurus-nsga2-apportion,ctrl_x,humanoid-742,22,26,0.6538,1.0,0.7308,0.9615
mrs-nsga2-apportion|aurus-nsga2-apportion,ctrl_y,humanoid-742,22,26,0.8462,0.9615,1.0,1.0
mrs-nsga2-apportion|aurus-nsga2-apportion,cross,humanoid-742,24,19,0.8947,0.8421,1.0,1.0
mrs-nsga2-apportion|aurus-nsga2-apportion,cross,humanoid-742,25,19,0.7895,1.0,1.0,1.0
mrs-nsga2-apportion|aurus-nsga2-apportion,ctrl_x,humanoid-742,24,19,0.8947,0.8947,1.0,1.0
mrs-nsga2-apportion|aurus-nsga2-apportion,ctrl_y,humanoid-742,24,19,0.6842,0.6842,1.0,0.9474
mrs-nsga2-apportion|aurus-nsga2-apportion,cross,humanoid-742,26,31,0.871,0.871,0.9032,0.7742
mrs-nsga2-apportion|aurus-nsga2-apportion,cross,humanoid-742,27,31,0.9355,0.7097,0.9677,1.0
mrs-nsga2-apportion|aurus-nsga2-apportion,ctrl_x,humanoid-742,26,31,0.871,0.7742,0.6129,0.6452
mrs-nsga2-apportion|aurus-nsga2-apportion,ctrl_y,humanoid-742,26,31,0.871,0.3871,0.5806,0.2258
mrs-nsga2-apportion|aurus-nsga2-apportion,cross,humanoid-742,28,38,0.5789,0.7895,0.8158,0.8421
mrs-nsga2-apportion|aurus-nsga2-apportion,cross,humanoid-742,29,38,0.8947,1.0,1.0,0.9474
mrs-nsga2-apportion|aurus-nsga2-apportion,ctrl_x,humanoid-742,28,38,0.2632,0.9474,0.6053,0.7632
mrs-nsga2-apportion|aurus-nsga2-apportion,ctrl_y,humanoid-742,28,38,0.7368,1.0,0.7368,0.7632
mrs-nsga2-apportion|mrs-weighted,cross,humanoid-742,0,48,0.7708,0.7708,0.9792,0.8125
mrs-nsga2-apportion|mrs-weighted,cross,humanoid-742,1,48,1.0,1.0,1.0,0.7292
mrs-nsga2-apportion|mrs-weighted,ctrl_x,humanoid-742,0,48,0.4167,0.7917,0.7292,0.8125
mrs-nsga2-apportion|mrs-weighted,ctrl_y,humanoid-742,0,48,0.4583,1.0,0.7083,0.5833
mrs-nsga2-apportion|mrs-weighted,cross,humanoid-742,2,46,0.6739,0.6957,1.0,0.8261
mrs-nsga2-apportion|mrs-weighted,cross,humanoid-742,3,46,0.6957,0.7609,0.913,1.0
mrs-nsga2-apportion|mrs-weighted,ctrl_x,humanoid-742,2,46,0.6087,0.8478,1.0,0.9783
mrs-nsga2-apportion|mrs-weighted,ctrl_y,humanoid-742,2,46,0.7826,0.7826,0.5652,0.7174
mrs-nsga2-apportion|mrs-weighted,cross,humanoid-742,4,45,1.0,1.0,0.9556,0.9778
mrs-nsga2-apportion|mrs-weighted,cross,humanoid-742,5,45,0.8889,0.7333,0.9778,1.0
mrs-nsga2-apportion|mrs-weighted,ctrl_x,humanoid-742,4,45,0.8667,0.6889,0.8667,0.9778
mrs-nsga2-apportion|mrs-weighted,ctrl_y,humanoid-742,4,45,1.0,0.7778,0.9556,1.0
mrs-nsga2-apportion|mrs-weighted,cross,humanoid-742,6,45,0.6,0.8,0.9333,0.8222
mrs-nsga2-apportion|mrs-weighted,cross,humanoid-742,7,45,0.9333,0.6889,1.0,1.0
mrs-nsga2-apportion|mrs-weighted,ctrl_x,humanoid-742,6,45,0.6444,0.8,0.6444,0.6222
mrs-nsga2-apportion|mrs-weighted,ctrl_y,humanoid-742,6,45,0.5778,0.5111,0.7556,0.6222
mrs-nsga2-apportion|mrs-weighted,cross,humanoid-742,8,44,0.4545,1.0,0.5227,0.8864
mrs-nsga2-apportion|mrs-weighted,cross,humanoid-742,9,44,0.7273,0.7727,0.9091,1.0
mrs-nsga2-apportion|mrs-weighted,ctrl_x,humanoid-742,8,44,0.8636,0.6364,1.0,0.7955
mrs-nsga2-apportion|mrs-weighted,ctrl_y,humanoid-742,8,44,1.0,0.6364,0.6818,0.5909
mrs-nsga2-apportion|mrs-weighted,cross,humanoid-742,10,63,0.8095,0.6032,0.873,0.9841
mrs-nsga2-apportion|mrs-weighted,cross,humanoid-742,11,63,0.7143,0.4603,0.5556,0.7778
mrs-nsga2-apportion|mrs-weighted,ctrl_x,humanoid-742,10,63,0.5397,0.5556,0.8254,0.5873
mrs-nsga2-apportion|mrs-weighted,ctrl_y,humanoid-742,10,63,0.5714,0.3968,0.4286,0.3175
mrs-nsga2-apportion|mrs-weighted,cross,humanoid-742,12,43,0.8605,0.7442,0.9767,0.8605
mrs-nsga2-apportion|mrs-weighted,cross,humanoid-742,13,43,0.8837,0.8372,0.9767,0.7674
mrs-nsga2-apportion|mrs-weighted,ctrl_x,humanoid-742,12,43,0.4651,0.6512,1.0,0.8372
mrs-nsga2-apportion|mrs-weighted,ctrl_y,humanoid-742,12,43,0.7907,0.814,0.907,0.5814
mrs-nsga2-apportion|mrs-weighted,cross,humanoid-742,14,54,0.537,0.7778,0.7222,0.9444
mrs-nsga2-apportion|mrs-weighted,cross,humanoid-742,15,54,0.8519,1.0,0.9444,0.9259
mrs-nsga2-apportion|mrs-weighted,ctrl_x,humanoid-742,14,54,0.5185,0.5185,0.3704,0.7963
mrs-nsga2-apportion|mrs-weighted,ctrl_y,humanoid-742,14,54,0.8333,1.0,0.7593,0.8704
mrs-nsga2-apportion|mrs-weighted,cross,humanoid-742,16,42,1.0,0.5238,1.0,0.7619
mrs-nsga2-apportion|mrs-weighted,cross,humanoid-742,17,42,0.8571,1.0,0.8333,0.9048
mrs-nsga2-apportion|mrs-weighted,ctrl_x,humanoid-742,16,42,0.4524,0.6905,0.9762,0.8333
mrs-nsga2-apportion|mrs-weighted,ctrl_y,humanoid-742,16,42,1.0,1.0,0.5714,0.6667
mrs-nsga2-apportion|mrs-weighted,cross,humanoid-742,18,31,0.7742,0.9355,0.6774,1.0
mrs-nsga2-apportion|mrs-weighted,cross,humanoid-742,19,31,0.5806,0.871,0.9677,1.0
mrs-nsga2-apportion|mrs-weighted,ctrl_x,humanoid-742,18,31,0.7419,0.8387,0.9032,0.871
mrs-nsga2-apportion|mrs-weighted,ctrl_y,humanoid-742,18,31,0.7419,0.6774,1.0,0.871
mrs-nsga2-apportion|mrs-weighted,cross,humanoid-742,20,47,0.8085,0.5745,0.9149,0.7872
mrs-nsga2-apportion|mrs-weighted,cross,humanoid-742,21,47,0.6596,1.0,0.5532,0.5957
mrs-nsga2-apportion|mrs-weighted,ctrl_x,humanoid-742,20,47,0.6809,0.6596,0.7872,0.5319
mrs-nsga2-apportion|mrs-weighted,ctrl_y,humanoid-742,20,47,0.4043,0.8936,0.5319,0.8298
mrs-nsga2-apportion|mrs-weighted,cross,humanoid-742,22,60,0.8667,0.75,0.8667,0.9
mrs-nsga2-apportion|mrs-weighted,cross,humanoid-742,23,60,1.0,0.8833,0.8833,0.7667
mrs-nsga2-apportion|mrs-weighted,ctrl_x,humanoid-742,22,60,0.8167,1.0,0.65,0.6833
mrs-nsga2-apportion|mrs-weighted,ctrl_y,humanoid-742,22,60,1.0,0.6667,0.6,0.45
mrs-nsga2-apportion|mrs-weighted,cross,humanoid-742,24,51,0.7647,1.0,0.9608,0.7647
mrs-nsga2-apportion|mrs-weighted,cross,humanoid-742,25,51,0.7451,0.6275,0.8431,0.4314
mrs-nsga2-apportion|mrs-weighted,ctrl_x,humanoid-742,24,51,0.7647,0.8235,1.0,0.7059
mrs-nsga2-apportion|mrs-weighted,ctrl_y,humanoid-742,24,51,1.0,0.6863,0.6863,0.5098
mrs-nsga2-apportion|mrs-weighted,cross,humanoid-742,26,42,0.7857,0.9286,0.8571,1.0
mrs-nsga2-apportion|mrs-weighted,cross,humanoid-742,27,42,0.8333,0.8095,0.9524,1.0
mrs-nsga2-apportion|mrs-weighted,ctrl_x,humanoid-742,26,42,0.9762,0.6905,0.7143,0.6667
mrs-nsga2-apportion|mrs-weighted,ctrl_y,humanoid-742,26,42,0.7143,0.6905,0.9762,0.6429
mrs-nsga2-apportion|mrs-weighted,cross,humanoid-742,28,51,0.6275,1.0,0.902,1.0
mrs-nsga2-apportion|mrs-weighted,cross,humanoid-742,29,51,0.7451,0.6667,0.7255,0.6863
mrs-nsga2-apportion|mrs-weighted,ctrl_x,humanoid-742,28,51,0.3333,0.9412,0.4706,0.7451
mrs-nsga2-apportion|mrs-weighted,ctrl_y,humanoid-742,28,51,1.0,0.8824,0.6863,0.6667
aurus-nsga2-apportion|aurus,cross,humanoid-742,0,32,1.0,0.125,0.3125,0.4062
aurus-nsga2-apportion|aurus,cross,humanoid-742,1,32,1.0,0.2188,0.2812,0.5625
aurus-nsga2-apportion|aurus,ctrl_x,humanoid-742,0,32,0.9688,1.0,1.0,0.8438
aurus-nsga2-apportion|aurus,ctrl_y,humanoid-742,0,32,0.875,0.9375,0.9688,0.9375
aurus-nsga2-apportion|aurus,cross,humanoid-742,2,40,1.0,0.15,0.175,0.4
aurus-nsga2-apportion|aurus,cross,humanoid-742,3,40,1.0,0.15,0.3,0.525
aurus-nsga2-apportion|aurus,ctrl_x,humanoid-742,2,40,1.0,0.65,0.3,0.675
aurus-nsga2-apportion|aurus,ctrl_y,humanoid-742,2,40,0.95,1.0,0.85,0.875
aurus-nsga2-apportion|aurus,cross,humanoid-742,4,37,1.0,0.2973,0.4054,0.6216
aurus-nsga2-apportion|aurus,cross,humanoid-742,5,37,1.0,0.2703,0.2162,0.4865
aurus-nsga2-apportion|aurus,ctrl_x,humanoid-742,4,37,1.0,0.7297,0.7568,1.0
aurus-nsga2-apportion|aurus,ctrl_y,humanoid-742,4,37,0.9459,0.973,0.9459,0.8919
aurus-nsga2-apportion|aurus,cross,humanoid-742,6,29,0.3103,0.4483,0.2069,0.4483
aurus-nsga2-apportion|aurus,cross,humanoid-742,7,29,1.0,0.0345,0.2414,0.2414
aurus-nsga2-apportion|aurus,ctrl_x,humanoid-742,6,29,0.7586,1.0,0.6897,0.8276
aurus-nsga2-apportion|aurus,ctrl_y,humanoid-742,6,29,1.0,0.7931,1.0,0.931
aurus-nsga2-apportion|aurus,cross,humanoid-742,8,36,1.0,0.1667,0.5556,0.3889
aurus-nsga2-apportion|aurus,cross,humanoid-742,9,36,1.0,0.1667,0.25,0.3056
aurus-nsga2-apportion|aurus,ctrl_x,humanoid-742,8,36,1.0,1.0,0.8889,0.9167
aurus-nsga2-apportion|aurus,ctrl_y,humanoid-742,8,36,1.0,1.0,1.0,1.0
aurus-nsga2-apportion|aurus,cross,humanoid-742,10,29,1.0,0.3103,0.3448,0.5172
aurus-nsga2-apportion|aurus,cross,humanoid-742,11,29,1.0,0.2069,0.2414,0.4483
aurus-nsga2-apportion|aurus,ctrl_x,humanoid-742,10,29,0.9655,0.6207,0.9655,1.0
aurus-nsga2-apportion|aurus,ctrl_y,humanoid-742,10,29,0.931,1.0,0.8621,0.9655
aurus-nsga2-apportion|aurus,cross,humanoid-742,12,25,0.88,0.28,0.44,0.84
aurus-nsga2-apportion|aurus,cross,humanoid-742,13,25,0.76,0.24,0.56,0.56
aurus-nsga2-apportion|aurus,ctrl_x,humanoid-742,12,25,0.52,0.8,0.76,1.0
aurus-nsga2-apportion|aurus,ctrl_y,humanoid-742,12,25,1.0,0.92,0.88,1.0
aurus-nsga2-apportion|aurus,cross,humanoid-742,14,32,0.8125,0.3125,0.125,0.5312
aurus-nsga2-apportion|aurus,cross,humanoid-742,15,32,0.8125,0.375,0.3125,0.5938
aurus-nsga2-apportion|aurus,ctrl_x,humanoid-742,14,32,0.5,0.9062,0.4688,0.75
aurus-nsga2-apportion|aurus,ctrl_y,humanoid-742,14,32,0.9062,0.9375,1.0,1.0
aurus-nsga2-apportion|aurus,cross,humanoid-742,16,32,0.875,0.3438,0.5625,0.8125
aurus-nsga2-apportion|aurus,cross,humanoid-742,17,32,0.375,0.25,0.3125,0.3125
aurus-nsga2-apportion|aurus,ctrl_x,humanoid-742,16,32,0.875,0.9062,0.9375,0.7812
aurus-nsga2-apportion|aurus,ctrl_y,humanoid-742,16,32,1.0,0.8125,1.0,0.9688
aurus-nsga2-apportion|aurus,cross,humanoid-742,18,38,1.0,0.0789,0.0789,0.3421
aurus-nsga2-apportion|aurus,cross,humanoid-742,19,38,0.9737,0.2632,0.3947,0.7895
aurus-nsga2-apportion|aurus,ctrl_x,humanoid-742,18,38,0.6842,0.8684,0.5789,0.9474
aurus-nsga2-apportion|aurus,ctrl_y,humanoid-742,18,38,1.0,0.9211,1.0,1.0
aurus-nsga2-apportion|aurus,cross,humanoid-742,20,30,0.8333,0.2333,0.5667,0.8
aurus-nsga2-apportion|aurus,cross,humanoid-742,21,30,0.8,0.6333,0.3667,0.6667
aurus-nsga2-apportion|aurus,ctrl_x,humanoid-742,20,30,0.9333,0.5667,0.8,0.5333
aurus-nsga2-apportion|aurus,ctrl_y,humanoid-742,20,30,0.9333,0.9333,0.9667,0.9667
aurus-nsga2-apportion|aurus,cross,humanoid-742,22,26,0.8846,0.2692,0.4231,0.6923
aurus-nsga2-apportion|aurus,cross,humanoid-742,23,26,0.9615,0.4231,0.5,0.6154
aurus-nsga2-apportion|aurus,ctrl_x,humanoid-742,22,26,0.9231,1.0,0.9231,1.0
aurus-nsga2-apportion|aurus,ctrl_y,humanoid-742,22,26,0.9231,0.9231,0.9615,0.8462
aurus-nsga2-apportion|aurus,cross,humanoid-742,24,19,1.0,0.3684,0.5789,0.7368
aurus-nsga2-apportion|aurus,cross,humanoid-742,25,19,0.8421,0.4211,0.7895,0.6842
aurus-nsga2-apportion|aurus,ctrl_x,humanoid-742,24,19,0.6842,0.8421,1.0,1.0
aurus-nsga2-apportion|aurus,ctrl_y,humanoid-742,24,19,1.0,1.0,0.8947,1.0
aurus-nsga2-apportion|aurus,cross,humanoid-742,26,31,1.0,0.3871,0.3226,0.5806
aurus-nsga2-apportion|aurus,cross,humanoid-742,27,31,1.0,0.2903,0.3548,0.4516
aurus-nsga2-apportion|aurus,ctrl_x,humanoid-742,26,31,0.8065,1.0,0.4194,0.2903
aurus-nsga2-apportion|aurus,ctrl_y,humanoid-742,26,31,1.0,1.0,0.9355,0.9677
aurus-nsga2-apportion|aurus,cross,humanoid-742,28,37,0.9459,0.2973,0.2162,0.4054
aurus-nsga2-apportion|aurus,cross,humanoid-742,29,37,1.0,0.2162,0.2703,0.5676
aurus-nsga2-apportion|aurus,ctrl_x,humanoid-742,28,37,0.7297,1.0,0.7297,0.7568
aurus-nsga2-apportion|aurus,ctrl_y,humanoid-742,28,37,1.0,0.973,1.0,0.7838
mrs-nsga2-apportion|aurus,cross,lift,0,7,1.0,0.1429,1.0,1.0
mrs-nsga2-apportion|aurus,cross,lift,1,7,1.0,0.4286,1.0,1.0
mrs-nsga2-apportion|aurus,ctrl_x,lift,0,7,0.8571,0.8571,1.0,1.0
mrs-nsga2-apportion|aurus,ctrl_y,lift,0,7,1.0,1.0,1.0,1.0
mrs-nsga2-apportion|aurus,cross,lift,2,8,1.0,0.375,1.0,1.0
mrs-nsga2-apportion|aurus,cross,lift,3,8,1.0,0.625,1.0,1.0
mrs-nsga2-apportion|aurus,ctrl_x,lift,2,8,1.0,0.875,1.0,1.0
mrs-nsga2-apportion|aurus,ctrl_y,lift,2,8,1.0,1.0,1.0,1.0
mrs-nsga2-apportion|aurus,cross,lift,4,10,1.0,0.0,0.3,0.0
mrs-nsga2-apportion|aurus,cross,lift,5,10,1.0,0.1,0.9,0.4
mrs-nsga2-apportion|aurus,ctrl_x,lift,4,10,0.9,1.0,1.0,1.0
mrs-nsga2-apportion|aurus,ctrl_y,lift,4,10,1.0,1.0,1.0,1.0
mrs-nsga2-apportion|aurus,cross,lift,10,8,1.0,0.5,1.0,1.0
mrs-nsga2-apportion|aurus,cross,lift,11,8,1.0,0.5,1.0,1.0
mrs-nsga2-apportion|aurus,ctrl_x,lift,10,8,1.0,0.375,1.0,1.0
mrs-nsga2-apportion|aurus,ctrl_y,lift,10,8,0.875,1.0,0.5,1.0
mrs-nsga2-apportion|aurus,cross,lift,16,7,1.0,0.1429,1.0,0.2857
mrs-nsga2-apportion|aurus,cross,lift,17,7,1.0,0.0,0.8571,0.0
mrs-nsga2-apportion|aurus,ctrl_x,lift,16,7,1.0,0.7143,1.0,1.0
mrs-nsga2-apportion|aurus,ctrl_y,lift,16,7,1.0,1.0,1.0,1.0
mrs-nsga2-apportion|aurus,cross,lift,18,11,1.0,0.3636,0.7273,0.6364
mrs-nsga2-apportion|aurus,cross,lift,19,11,1.0,0.1818,0.9091,0.6364
mrs-nsga2-apportion|aurus,ctrl_x,lift,18,11,0.6364,0.6364,1.0,1.0
mrs-nsga2-apportion|aurus,ctrl_y,lift,18,11,1.0,1.0,0.8182,1.0
mrs-nsga2-apportion|aurus,cross,lift,20,7,1.0,0.2857,1.0,1.0
mrs-nsga2-apportion|aurus,cross,lift,21,7,1.0,0.5714,1.0,1.0
mrs-nsga2-apportion|aurus,ctrl_x,lift,20,7,1.0,0.4286,1.0,1.0
mrs-nsga2-apportion|aurus,ctrl_y,lift,20,7,1.0,1.0,1.0,1.0
mrs-nsga2-apportion|aurus,cross,lift,26,8,1.0,0.5,1.0,1.0
mrs-nsga2-apportion|aurus,cross,lift,27,8,1.0,0.25,1.0,1.0
mrs-nsga2-apportion|aurus,ctrl_x,lift,26,8,0.625,1.0,1.0,1.0
mrs-nsga2-apportion|aurus,ctrl_y,lift,26,8,1.0,1.0,1.0,1.0
mrs-nsga2-apportion|aurus,cross,lift,28,6,1.0,0.1667,1.0,0.6667
mrs-nsga2-apportion|aurus,cross,lift,29,6,1.0,0.3333,1.0,1.0
mrs-nsga2-apportion|aurus,ctrl_x,lift,28,6,1.0,1.0,1.0,1.0
mrs-nsga2-apportion|aurus,ctrl_y,lift,28,6,1.0,1.0,1.0,1.0
mrs-nsga2-apportion|aurus-nsga2-apportion,cross,lift,0,7,1.0,0.7143,1.0,1.0
mrs-nsga2-apportion|aurus-nsga2-apportion,cross,lift,1,7,1.0,0.5714,1.0,1.0
mrs-nsga2-apportion|aurus-nsga2-apportion,ctrl_x,lift,0,7,0.8571,0.8571,1.0,1.0
mrs-nsga2-apportion|aurus-nsga2-apportion,ctrl_y,lift,0,7,0.8571,0.8571,1.0,1.0
mrs-nsga2-apportion|aurus-nsga2-apportion,cross,lift,2,11,0.9091,0.9091,1.0,1.0
mrs-nsga2-apportion|aurus-nsga2-apportion,cross,lift,3,11,0.8182,0.9091,1.0,1.0
mrs-nsga2-apportion|aurus-nsga2-apportion,ctrl_x,lift,2,11,1.0,0.9091,1.0,1.0
mrs-nsga2-apportion|aurus-nsga2-apportion,ctrl_y,lift,2,11,0.8182,0.9091,1.0,1.0
mrs-nsga2-apportion|aurus-nsga2-apportion,cross,lift,4,11,0.9091,0.9091,1.0,1.0
mrs-nsga2-apportion|aurus-nsga2-apportion,cross,lift,5,11,0.9091,0.7273,1.0,1.0
mrs-nsga2-apportion|aurus-nsga2-apportion,ctrl_x,lift,4,11,1.0,1.0,1.0,1.0
mrs-nsga2-apportion|aurus-nsga2-apportion,ctrl_y,lift,4,11,1.0,0.6364,1.0,1.0
mrs-nsga2-apportion|aurus-nsga2-apportion,cross,lift,6,15,0.7333,1.0,0.9333,1.0
mrs-nsga2-apportion|aurus-nsga2-apportion,cross,lift,7,15,0.9333,0.6,1.0,1.0
mrs-nsga2-apportion|aurus-nsga2-apportion,ctrl_x,lift,6,15,0.6,0.7333,0.8667,1.0
mrs-nsga2-apportion|aurus-nsga2-apportion,ctrl_y,lift,6,15,1.0,0.6,1.0,1.0
mrs-nsga2-apportion|aurus-nsga2-apportion,cross,lift,10,14,0.8571,0.8571,1.0,1.0
mrs-nsga2-apportion|aurus-nsga2-apportion,cross,lift,11,14,0.8571,1.0,0.9286,1.0
mrs-nsga2-apportion|aurus-nsga2-apportion,ctrl_x,lift,10,14,0.8571,1.0,1.0,1.0
mrs-nsga2-apportion|aurus-nsga2-apportion,ctrl_y,lift,10,14,1.0,0.7857,1.0,1.0
mrs-nsga2-apportion|aurus-nsga2-apportion,cross,lift,12,11,0.8182,1.0,0.8182,1.0
mrs-nsga2-apportion|aurus-nsga2-apportion,cross,lift,13,11,0.5455,1.0,1.0,1.0
mrs-nsga2-apportion|aurus-nsga2-apportion,ctrl_x,lift,12,11,0.7273,0.9091,1.0,1.0
mrs-nsga2-apportion|aurus-nsga2-apportion,ctrl_y,lift,12,11,0.5455,1.0,0.9091,1.0
mrs-nsga2-apportion|aurus-nsga2-apportion,cross,lift,14,8,0.75,1.0,1.0,1.0
mrs-nsga2-apportion|aurus-nsga2-apportion,cross,lift,15,8,1.0,1.0,1.0,1.0
mrs-nsga2-apportion|aurus-nsga2-apportion,ctrl_x,lift,14,8,1.0,0.75,1.0,1.0
mrs-nsga2-apportion|aurus-nsga2-apportion,ctrl_y,lift,14,8,0.75,0.875,1.0,1.0
mrs-nsga2-apportion|aurus-nsga2-apportion,cross,lift,16,12,0.5,0.8333,1.0,1.0
mrs-nsga2-apportion|aurus-nsga2-apportion,cross,lift,17,12,0.9167,0.6667,1.0,1.0
mrs-nsga2-apportion|aurus-nsga2-apportion,ctrl_x,lift,16,12,0.75,0.8333,1.0,1.0
mrs-nsga2-apportion|aurus-nsga2-apportion,ctrl_y,lift,16,12,0.8333,0.8333,1.0,1.0
mrs-nsga2-apportion|aurus-nsga2-apportion,cross,lift,18,11,0.8182,1.0,1.0,1.0
mrs-nsga2-apportion|aurus-nsga2-apportion,cross,lift,19,11,0.3636,0.7273,1.0,1.0
mrs-nsga2-apportion|aurus-nsga2-apportion,ctrl_x,lift,18,11,0.3636,0.6364,1.0,0.9091
mrs-nsga2-apportion|aurus-nsga2-apportion,ctrl_y,lift,18,11,1.0,0.7273,0.8182,0.2727
mrs-nsga2-apportion|aurus-nsga2-apportion,cross,lift,20,13,0.8462,0.6923,1.0,1.0
mrs-nsga2-apportion|aurus-nsga2-apportion,cross,lift,21,13,0.6923,1.0,0.5385,1.0
mrs-nsga2-apportion|aurus-nsga2-apportion,ctrl_x,lift,20,13,0.9231,0.5385,1.0,1.0
mrs-nsga2-apportion|aurus-nsga2-apportion,ctrl_y,lift,20,13,0.9231,0.8462,1.0,1.0
mrs-nsga2-apportion|aurus-nsga2-apportion,cross,lift,22,12,0.5833,0.9167,1.0,1.0
mrs-nsga2-apportion|aurus-nsga2-apportion,cross,lift,23,12,0.6667,1.0,1.0,1.0
mrs-nsga2-apportion|aurus-nsga2-apportion,ctrl_x,lift,22,12,0.5833,0.9167,1.0,1.0
mrs-nsga2-apportion|aurus-nsga2-apportion,ctrl_y,lift,22,12,0.5833,1.0,1.0,1.0
mrs-nsga2-apportion|aurus-nsga2-apportion,cross,lift,24,14,1.0,0.9286,0.9286,1.0
mrs-nsga2-apportion|aurus-nsga2-apportion,cross,lift,25,14,0.7857,1.0,1.0,1.0
mrs-nsga2-apportion|aurus-nsga2-apportion,ctrl_x,lift,24,14,1.0,1.0,1.0,1.0
mrs-nsga2-apportion|aurus-nsga2-apportion,ctrl_y,lift,24,14,0.7857,1.0,1.0,1.0
mrs-nsga2-apportion|aurus-nsga2-apportion,cross,lift,26,7,0.8571,1.0,1.0,1.0
mrs-nsga2-apportion|aurus-nsga2-apportion,cross,lift,27,7,0.8571,1.0,1.0,1.0
mrs-nsga2-apportion|aurus-nsga2-apportion,ctrl_x,lift,26,7,0.2857,1.0,1.0,1.0
mrs-nsga2-apportion|aurus-nsga2-apportion,ctrl_y,lift,26,7,1.0,0.5714,1.0,1.0
mrs-nsga2-apportion|aurus-nsga2-apportion,cross,lift,28,10,0.9,0.8,1.0,1.0
mrs-nsga2-apportion|aurus-nsga2-apportion,cross,lift,29,10,0.9,1.0,1.0,1.0
mrs-nsga2-apportion|aurus-nsga2-apportion,ctrl_x,lift,28,10,0.8,1.0,1.0,1.0
mrs-nsga2-apportion|aurus-nsga2-apportion,ctrl_y,lift,28,10,0.9,1.0,1.0,1.0
mrs-nsga2-apportion|mrs-weighted,cross,lift,0,13,0.8462,0.6154,1.0,1.0
mrs-nsga2-apportion|mrs-weighted,cross,lift,1,13,0.7692,0.6923,1.0,1.0
mrs-nsga2-apportion|mrs-weighted,ctrl_x,lift,0,13,0.8462,0.7692,1.0,1.0
mrs-nsga2-apportion|mrs-weighted,ctrl_y,lift,0,13,0.6154,0.9231,0.5385,1.0
mrs-nsga2-apportion|mrs-weighted,cross,lift,2,11,0.7273,0.6364,1.0,1.0
mrs-nsga2-apportion|mrs-weighted,cross,lift,3,11,0.9091,0.6364,1.0,1.0
mrs-nsga2-apportion|mrs-weighted,ctrl_x,lift,2,11,1.0,0.9091,1.0,1.0
mrs-nsga2-apportion|mrs-weighted,ctrl_y,lift,2,11,0.1818,1.0,0.8182,1.0
mrs-nsga2-apportion|mrs-weighted,cross,lift,4,13,0.9231,0.9231,1.0,1.0
mrs-nsga2-apportion|mrs-weighted,cross,lift,5,13,0.9231,0.6923,1.0,0.8462
mrs-nsga2-apportion|mrs-weighted,ctrl_x,lift,4,13,0.8462,1.0,1.0,1.0
mrs-nsga2-apportion|mrs-weighted,ctrl_y,lift,4,13,0.8462,0.9231,1.0,1.0
mrs-nsga2-apportion|mrs-weighted,cross,lift,6,17,0.7059,0.7647,0.8235,1.0
mrs-nsga2-apportion|mrs-weighted,cross,lift,7,17,0.8824,0.9412,1.0,0.6471
mrs-nsga2-apportion|mrs-weighted,ctrl_x,lift,6,17,0.6471,0.7647,1.0,1.0
mrs-nsga2-apportion|mrs-weighted,ctrl_y,lift,6,17,0.7647,1.0,1.0,0.5882
mrs-nsga2-apportion|mrs-weighted,cross,lift,8,10,0.7,0.7,1.0,1.0
mrs-nsga2-apportion|mrs-weighted,cross,lift,9,10,0.9,0.9,1.0,1.0
mrs-nsga2-apportion|mrs-weighted,ctrl_x,lift,8,10,0.7,1.0,1.0,1.0
mrs-nsga2-apportion|mrs-weighted,ctrl_y,lift,8,10,0.7,0.9,0.9,1.0
mrs-nsga2-apportion|mrs-weighted,cross,lift,10,15,1.0,0.8667,0.9333,0.4667
mrs-nsga2-apportion|mrs-weighted,cross,lift,11,15,0.5333,0.9333,1.0,0.8667
mrs-nsga2-apportion|mrs-weighted,ctrl_x,lift,10,15,0.8667,0.8667,1.0,1.0
mrs-nsga2-apportion|mrs-weighted,ctrl_y,lift,10,15,0.8,0.7333,0.4,0.4667
mrs-nsga2-apportion|mrs-weighted,cross,lift,12,11,0.7273,0.9091,0.9091,1.0
mrs-nsga2-apportion|mrs-weighted,cross,lift,13,11,0.9091,1.0,1.0,1.0
mrs-nsga2-apportion|mrs-weighted,ctrl_x,lift,12,11,0.7273,0.9091,1.0,1.0
mrs-nsga2-apportion|mrs-weighted,ctrl_y,lift,12,11,0.5455,1.0,0.2727,0.6364
mrs-nsga2-apportion|mrs-weighted,cross,lift,14,8,0.75,1.0,1.0,1.0
mrs-nsga2-apportion|mrs-weighted,cross,lift,15,8,0.875,0.75,1.0,1.0
mrs-nsga2-apportion|mrs-weighted,ctrl_x,lift,14,8,1.0,0.75,1.0,1.0
mrs-nsga2-apportion|mrs-weighted,ctrl_y,lift,14,8,0.875,0.5,1.0,0.25
mrs-nsga2-apportion|mrs-weighted,cross,lift,16,19,0.8947,0.8421,0.7895,0.4737
mrs-nsga2-apportion|mrs-weighted,cross,lift,17,19,0.7368,0.8947,1.0,1.0
mrs-nsga2-apportion|mrs-weighted,ctrl_x,lift,16,19,0.8421,0.8421,1.0,0.6842
mrs-nsga2-apportion|mrs-weighted,ctrl_y,lift,16,19,0.8947,1.0,0.4211,0.9474
mrs-nsga2-apportion|mrs-weighted,cross,lift,18,11,0.8182,0.7273,1.0,1.0
mrs-nsga2-apportion|mrs-weighted,cross,lift,19,11,0.0909,0.6364,0.5455,0.2727
mrs-nsga2-apportion|mrs-weighted,ctrl_x,lift,18,11,0.3636,0.6364,1.0,0.9091
mrs-nsga2-apportion|mrs-weighted,ctrl_y,lift,18,11,0.3636,0.8182,1.0,0.3636
mrs-nsga2-apportion|mrs-weighted,cross,lift,20,13,0.9231,0.3846,1.0,1.0
mrs-nsga2-apportion|mrs-weighted,cross,lift,21,13,0.6154,1.0,0.6923,1.0
mrs-nsga2-apportion|mrs-weighted,ctrl_x,lift,20,13,0.9231,0.5385,1.0,1.0
mrs-nsga2-apportion|mrs-weighted,ctrl_y,lift,20,13,0.6923,0.9231,0.6154,1.0
mrs-nsga2-apportion|mrs-weighted,cross,lift,22,15,0.8667,0.9333,0.4667,1.0
mrs-nsga2-apportion|mrs-weighted,cross,lift,23,15,0.8,1.0,1.0,0.9333
mrs-nsga2-apportion|mrs-weighted,ctrl_x,lift,22,15,0.6667,0.9333,1.0,1.0
mrs-nsga2-apportion|mrs-weighted,ctrl_y,lift,22,15,0.8,1.0,0.9333,1.0
mrs-nsga2-apportion|mrs-weighted,cross,lift,24,15,0.8667,1.0,0.7333,0.7333
mrs-nsga2-apportion|mrs-weighted,cross,lift,25,15,1.0,0.8,1.0,1.0
mrs-nsga2-apportion|mrs-weighted,ctrl_x,lift,24,15,1.0,1.0,1.0,1.0
mrs-nsga2-apportion|mrs-weighted,ctrl_y,lift,24,15,1.0,0.9333,0.9333,0.6
mrs-nsga2-apportion|mrs-weighted,cross,lift,26,15,0.4,0.8667,1.0,1.0
mrs-nsga2-apportion|mrs-weighted,cross,lift,27,15,0.9333,1.0,1.0,1.0
mrs-nsga2-apportion|mrs-weighted,ctrl_x,lift,26,15,0.7333,0.9333,1.0,1.0
mrs-nsga2-apportion|mrs-weighted,ctrl_y,lift,26,15,0.8667,1.0,1.0,1.0
mrs-nsga2-apportion|mrs-weighted,cross,lift,28,10,0.7,0.9,1.0,1.0
mrs-nsga2-apportion|mrs-weighted,cross,lift,29,10,1.0,0.7,1.0,1.0
mrs-nsga2-apportion|mrs-weighted,ctrl_x,lift,28,10,0.8,1.0,1.0,1.0
mrs-nsga2-apportion|mrs-weighted,ctrl_y,lift,28,10,0.9,0.6,1.0,1.0
aurus-nsga2-apportion|aurus,cross,lift,0,7,1.0,0.1429,1.0,0.5714
aurus-nsga2-apportion|aurus,cross,lift,1,7,1.0,0.4286,1.0,1.0
aurus-nsga2-apportion|aurus,ctrl_x,lift,0,7,1.0,0.7143,1.0,1.0
aurus-nsga2-apportion|aurus,ctrl_y,lift,0,7,1.0,1.0,1.0,1.0
aurus-nsga2-apportion|aurus,cross,lift,2,8,1.0,0.25,0.875,0.25
aurus-nsga2-apportion|aurus,cross,lift,3,8,1.0,0.5,1.0,1.0
aurus-nsga2-apportion|aurus,ctrl_x,lift,2,8,0.875,1.0,1.0,1.0
aurus-nsga2-apportion|aurus,ctrl_y,lift,2,8,1.0,1.0,1.0,1.0
aurus-nsga2-apportion|aurus,cross,lift,4,10,1.0,0.3,1.0,0.9
aurus-nsga2-apportion|aurus,cross,lift,5,10,1.0,0.3,1.0,1.0
aurus-nsga2-apportion|aurus,ctrl_x,lift,4,10,0.8,0.9,1.0,1.0
aurus-nsga2-apportion|aurus,ctrl_y,lift,4,10,1.0,1.0,1.0,1.0
aurus-nsga2-apportion|aurus,cross,lift,10,8,1.0,0.375,1.0,0.875
aurus-nsga2-apportion|aurus,cross,lift,11,8,1.0,0.125,1.0,0.625
aurus-nsga2-apportion|aurus,ctrl_x,lift,10,8,1.0,1.0,1.0,1.0
aurus-nsga2-apportion|aurus,ctrl_y,lift,10,8,0.875,1.0,0.5,1.0
aurus-nsga2-apportion|aurus,cross,lift,16,7,1.0,0.1429,1.0,1.0
aurus-nsga2-apportion|aurus,cross,lift,17,7,1.0,0.1429,1.0,0.8571
aurus-nsga2-apportion|aurus,ctrl_x,lift,16,7,1.0,0.8571,1.0,1.0
aurus-nsga2-apportion|aurus,ctrl_y,lift,16,7,1.0,1.0,1.0,1.0
aurus-nsga2-apportion|aurus,cross,lift,18,11,1.0,0.0,0.6364,0.0
aurus-nsga2-apportion|aurus,cross,lift,19,11,1.0,0.3636,1.0,0.6364
aurus-nsga2-apportion|aurus,ctrl_x,lift,18,11,0.9091,0.9091,0.8182,1.0
aurus-nsga2-apportion|aurus,ctrl_y,lift,18,11,1.0,1.0,0.7273,1.0
aurus-nsga2-apportion|aurus,cross,lift,20,7,1.0,0.0,1.0,0.0
aurus-nsga2-apportion|aurus,cross,lift,21,7,1.0,0.4286,1.0,1.0
aurus-nsga2-apportion|aurus,ctrl_x,lift,20,7,1.0,0.8571,1.0,1.0
aurus-nsga2-apportion|aurus,ctrl_y,lift,20,7,1.0,1.0,1.0,1.0
aurus-nsga2-apportion|aurus,cross,lift,26,7,1.0,0.4286,1.0,1.0
aurus-nsga2-apportion|aurus,cross,lift,27,7,1.0,0.1429,1.0,1.0
aurus-nsga2-apportion|aurus,ctrl_x,lift,26,7,1.0,0.5714,1.0,1.0
aurus-nsga2-apportion|aurus,ctrl_y,lift,26,7,1.0,1.0,1.0,1.0
aurus-nsga2-apportion|aurus,cross,lift,28,6,1.0,0.5,1.0,1.0
aurus-nsga2-apportion|aurus,cross,lift,29,6,1.0,0.5,1.0,1.0
aurus-nsga2-apportion|aurus,ctrl_x,lift,28,6,1.0,0.6667,1.0,1.0
aurus-nsga2-apportion|aurus,ctrl_y,lift,28,6,1.0,1.0,1.0,1.0
mrs-nsga2-apportion|aurus,cross,lily02,0,21,1.0,1.0,0.3333,0.5714
mrs-nsga2-apportion|aurus,cross,lily02,1,21,1.0,0.9524,0.7619,0.8095
mrs-nsga2-apportion|aurus,ctrl_x,lily02,0,21,0.9524,1.0,0.8095,1.0
mrs-nsga2-apportion|aurus,ctrl_y,lily02,0,21,0.9524,0.5714,0.5714,0.381
mrs-nsga2-apportion|aurus,cross,lily02,2,30,0.9333,1.0,0.5667,0.7667
mrs-nsga2-apportion|aurus,cross,lily02,3,30,1.0,0.9667,0.8333,0.5667
mrs-nsga2-apportion|aurus,ctrl_x,lily02,2,30,0.8,1.0,0.8,1.0
mrs-nsga2-apportion|aurus,ctrl_y,lily02,2,30,0.9,0.9667,0.9667,0.8
mrs-nsga2-apportion|aurus,cross,lily02,4,29,1.0,0.931,0.6207,0.3103
mrs-nsga2-apportion|aurus,cross,lily02,5,29,0.9655,0.8966,0.6207,0.4828
mrs-nsga2-apportion|aurus,ctrl_x,lily02,4,29,0.9655,0.931,0.8621,0.8276
mrs-nsga2-apportion|aurus,ctrl_y,lily02,4,29,0.9655,0.931,0.8621,0.9655
mrs-nsga2-apportion|aurus,cross,lily02,6,19,1.0,0.7895,0.4737,0.1579
mrs-nsga2-apportion|aurus,cross,lily02,7,19,1.0,1.0,0.3158,0.3684
mrs-nsga2-apportion|aurus,ctrl_x,lily02,6,19,0.8421,1.0,0.5789,0.4737
mrs-nsga2-apportion|aurus,ctrl_y,lily02,6,19,0.9474,0.8947,0.7368,0.9474
mrs-nsga2-apportion|aurus,cross,lily02,8,19,1.0,1.0,0.6316,0.8947
mrs-nsga2-apportion|aurus,cross,lily02,9,19,1.0,0.9474,0.2632,0.6842
mrs-nsga2-apportion|aurus,ctrl_x,lily02,8,19,1.0,0.9474,0.9474,1.0
mrs-nsga2-apportion|aurus,ctrl_y,lily02,8,19,1.0,1.0,1.0,1.0
mrs-nsga2-apportion|aurus,cross,lily02,10,13,0.9231,1.0,0.2308,0.6154
mrs-nsga2-apportion|aurus,cross,lily02,11,13,1.0,1.0,0.9231,0.9231
mrs-nsga2-apportion|aurus,ctrl_x,lily02,10,13,1.0,1.0,1.0,1.0
mrs-nsga2-apportion|aurus,ctrl_y,lily02,10,13,1.0,1.0,1.0,1.0
mrs-nsga2-apportion|aurus,cross,lily02,12,19,1.0,0.8421,0.5789,0.3684
mrs-nsga2-apportion|aurus,cross,lily02,13,19,1.0,1.0,0.3158,0.2632
mrs-nsga2-apportion|aurus,ctrl_x,lily02,12,19,0.9474,1.0,1.0,1.0
mrs-nsga2-apportion|aurus,ctrl_y,lily02,12,19,1.0,1.0,1.0,1.0
mrs-nsga2-apportion|aurus,cross,lily02,14,31,1.0,0.9032,0.4194,0.1935
mrs-nsga2-apportion|aurus,cross,lily02,15,31,0.9032,0.9032,0.3226,0.8065
mrs-nsga2-apportion|aurus,ctrl_x,lily02,14,31,0.9355,1.0,0.9032,0.7097
mrs-nsga2-apportion|aurus,ctrl_y,lily02,14,31,0.7742,0.9355,0.4839,0.6774
mrs-nsga2-apportion|aurus,cross,lily02,16,7,1.0,1.0,1.0,1.0
mrs-nsga2-apportion|aurus,cross,lily02,17,7,1.0,1.0,1.0,1.0
mrs-nsga2-apportion|aurus,ctrl_x,lily02,16,7,1.0,1.0,1.0,1.0
mrs-nsga2-apportion|aurus,ctrl_y,lily02,16,7,1.0,1.0,1.0,1.0
mrs-nsga2-apportion|aurus,cross,lily02,20,18,1.0,0.6667,0.3333,1.0
mrs-nsga2-apportion|aurus,cross,lily02,21,18,1.0,0.9444,0.0556,0.3333
mrs-nsga2-apportion|aurus,ctrl_x,lily02,20,18,1.0,0.6111,1.0,1.0
mrs-nsga2-apportion|aurus,ctrl_y,lily02,20,18,0.8333,1.0,0.5,0.7778
mrs-nsga2-apportion|aurus,cross,lily02,22,9,1.0,1.0,1.0,1.0
mrs-nsga2-apportion|aurus,cross,lily02,23,9,1.0,1.0,1.0,0.2222
mrs-nsga2-apportion|aurus,ctrl_x,lily02,22,9,0.8889,1.0,1.0,1.0
mrs-nsga2-apportion|aurus,ctrl_y,lily02,22,9,1.0,1.0,1.0,1.0
mrs-nsga2-apportion|aurus,cross,lily02,24,18,0.9444,0.9444,0.6111,1.0
mrs-nsga2-apportion|aurus,cross,lily02,25,18,1.0,1.0,0.5,0.6667
mrs-nsga2-apportion|aurus,ctrl_x,lily02,24,18,1.0,1.0,1.0,0.8889
mrs-nsga2-apportion|aurus,ctrl_y,lily02,24,18,0.9444,1.0,1.0,0.9444
mrs-nsga2-apportion|aurus,cross,lily02,26,15,0.8667,1.0,0.4,0.4667
mrs-nsga2-apportion|aurus,cross,lily02,27,15,1.0,0.9333,0.8667,0.3333
mrs-nsga2-apportion|aurus,ctrl_x,lily02,26,15,1.0,1.0,1.0,1.0
mrs-nsga2-apportion|aurus,ctrl_y,lily02,26,15,1.0,1.0,1.0,1.0
mrs-nsga2-apportion|aurus,cross,lily02,28,17,1.0,0.8235,0.2353,0.7059
mrs-nsga2-apportion|aurus,cross,lily02,29,17,0.7059,1.0,0.5294,0.2941
mrs-nsga2-apportion|aurus,ctrl_x,lily02,28,17,1.0,0.8824,0.9412,0.9412
mrs-nsga2-apportion|aurus,ctrl_y,lily02,28,17,1.0,1.0,1.0,1.0
mrs-nsga2-apportion|aurus-nsga2-apportion,cross,lily02,0,14,0.4286,1.0,1.0,0.5714
mrs-nsga2-apportion|aurus-nsga2-apportion,cross,lily02,1,14,0.9286,1.0,1.0,1.0
mrs-nsga2-apportion|aurus-nsga2-apportion,ctrl_x,lily02,0,14,0.7143,1.0,0.9286,1.0
mrs-nsga2-apportion|aurus-nsga2-apportion,ctrl_y,lily02,0,14,1.0,1.0,0.8571,1.0
mrs-nsga2-apportion|aurus-nsga2-apportion,cross,lily02,2,19,1.0,1.0,1.0,0.9474
mrs-nsga2-apportion|aurus-nsga2-apportion,cross,lily02,3,19,1.0,0.8421,0.9474,0.6316
mrs-nsga2-apportion|aurus-nsga2-apportion,ctrl_x,lily02,2,19,0.9474,1.0,0.9474,1.0
mrs-nsga2-apportion|aurus-nsga2-apportion,ctrl_y,lily02,2,19,0.8947,0.9474,0.7368,0.9474
mrs-nsga2-apportion|aurus-nsga2-apportion,cross,lily02,4,12,1.0,0.5833,0.6667,0.3333
mrs-nsga2-apportion|aurus-nsga2-apportion,cross,lily02,5,12,1.0,1.0,1.0,1.0
mrs-nsga2-apportion|aurus-nsga2-apportion,ctrl_x,lily02,4,12,1.0,0.75,1.0,0.8333
mrs-nsga2-apportion|aurus-nsga2-apportion,ctrl_y,lily02,4,12,0.9167,1.0,0.4167,1.0
mrs-nsga2-apportion|aurus-nsga2-apportion,cross,lily02,6,14,1.0,0.7143,0.9286,0.4286
mrs-nsga2-apportion|aurus-nsga2-apportion,cross,lily02,7,14,0.6429,1.0,1.0,1.0
mrs-nsga2-apportion|aurus-nsga2-apportion,ctrl_x,lily02,6,14,0.8571,0.7143,0.9286,0.6429
mrs-nsga2-apportion|aurus-nsga2-apportion,ctrl_y,lily02,6,14,0.9286,1.0,1.0,1.0
mrs-nsga2-apportion|aurus-nsga2-apportion,cross,lily02,8,13,1.0,1.0,1.0,1.0
mrs-nsga2-apportion|aurus-nsga2-apportion,cross,lily02,9,13,1.0,1.0,1.0,0.9231
mrs-nsga2-apportion|aurus-nsga2-apportion,ctrl_x,lily02,8,13,0.8462,1.0,0.8462,1.0
mrs-nsga2-apportion|aurus-nsga2-apportion,ctrl_y,lily02,8,13,1.0,1.0,1.0,1.0
mrs-nsga2-apportion|aurus-nsga2-apportion,cross,lily02,10,11,0.9091,1.0,1.0,1.0
mrs-nsga2-apportion|aurus-nsga2-apportion,cross,lily02,11,11,1.0,1.0,1.0,1.0
mrs-nsga2-apportion|aurus-nsga2-apportion,ctrl_x,lily02,10,11,1.0,1.0,1.0,1.0
mrs-nsga2-apportion|aurus-nsga2-apportion,ctrl_y,lily02,10,11,1.0,1.0,1.0,1.0
mrs-nsga2-apportion|aurus-nsga2-apportion,cross,lily02,12,19,0.9474,1.0,1.0,1.0
mrs-nsga2-apportion|aurus-nsga2-apportion,cross,lily02,13,19,0.9474,1.0,0.8947,1.0
mrs-nsga2-apportion|aurus-nsga2-apportion,ctrl_x,lily02,12,19,0.9474,1.0,1.0,1.0
mrs-nsga2-apportion|aurus-nsga2-apportion,ctrl_y,lily02,12,19,0.9474,0.9474,0.6842,0.9474
mrs-nsga2-apportion|aurus-nsga2-apportion,cross,lily02,14,27,0.963,1.0,1.0,1.0
mrs-nsga2-apportion|aurus-nsga2-apportion,cross,lily02,15,27,0.963,0.963,0.7778,0.8889
mrs-nsga2-apportion|aurus-nsga2-apportion,ctrl_x,lily02,14,27,0.9259,1.0,0.8889,0.7407
mrs-nsga2-apportion|aurus-nsga2-apportion,ctrl_y,lily02,14,27,1.0,1.0,0.8889,0.963
mrs-nsga2-apportion|aurus-nsga2-apportion,cross,lily02,16,7,1.0,1.0,1.0,1.0
mrs-nsga2-apportion|aurus-nsga2-apportion,cross,lily02,17,7,1.0,1.0,1.0,1.0
mrs-nsga2-apportion|aurus-nsga2-apportion,ctrl_x,lily02,16,7,1.0,1.0,1.0,1.0
mrs-nsga2-apportion|aurus-nsga2-apportion,ctrl_y,lily02,16,7,1.0,1.0,1.0,1.0
mrs-nsga2-apportion|aurus-nsga2-apportion,cross,lily02,18,12,1.0,1.0,1.0,1.0
mrs-nsga2-apportion|aurus-nsga2-apportion,cross,lily02,19,12,0.5833,1.0,1.0,1.0
mrs-nsga2-apportion|aurus-nsga2-apportion,ctrl_x,lily02,18,12,1.0,1.0,1.0,1.0
mrs-nsga2-apportion|aurus-nsga2-apportion,ctrl_y,lily02,18,12,1.0,0.75,1.0,1.0
mrs-nsga2-apportion|aurus-nsga2-apportion,cross,lily02,20,13,1.0,1.0,1.0,1.0
mrs-nsga2-apportion|aurus-nsga2-apportion,cross,lily02,21,13,0.6154,1.0,0.9231,1.0
mrs-nsga2-apportion|aurus-nsga2-apportion,ctrl_x,lily02,20,13,1.0,0.6154,1.0,1.0
mrs-nsga2-apportion|aurus-nsga2-apportion,ctrl_y,lily02,20,13,1.0,1.0,1.0,1.0
mrs-nsga2-apportion|aurus-nsga2-apportion,cross,lily02,22,9,1.0,1.0,1.0,1.0
mrs-nsga2-apportion|aurus-nsga2-apportion,cross,lily02,23,9,1.0,1.0,1.0,1.0
mrs-nsga2-apportion|aurus-nsga2-apportion,ctrl_x,lily02,22,9,0.8889,1.0,1.0,1.0
mrs-nsga2-apportion|aurus-nsga2-apportion,ctrl_y,lily02,22,9,1.0,1.0,1.0,1.0
mrs-nsga2-apportion|aurus-nsga2-apportion,cross,lily02,24,12,0.9167,1.0,1.0,1.0
mrs-nsga2-apportion|aurus-nsga2-apportion,cross,lily02,25,12,0.9167,1.0,1.0,1.0
mrs-nsga2-apportion|aurus-nsga2-apportion,ctrl_x,lily02,24,12,1.0,1.0,1.0,1.0
mrs-nsga2-apportion|aurus-nsga2-apportion,ctrl_y,lily02,24,12,1.0,1.0,1.0,1.0
mrs-nsga2-apportion|aurus-nsga2-apportion,cross,lily02,26,15,1.0,1.0,1.0,1.0
mrs-nsga2-apportion|aurus-nsga2-apportion,cross,lily02,27,15,0.8667,0.7333,1.0,0.4
mrs-nsga2-apportion|aurus-nsga2-apportion,ctrl_x,lily02,26,15,1.0,1.0,1.0,1.0
mrs-nsga2-apportion|aurus-nsga2-apportion,ctrl_y,lily02,26,15,0.9333,0.7333,0.9333,0.5333
mrs-nsga2-apportion|aurus-nsga2-apportion,cross,lily02,28,17,1.0,1.0,1.0,1.0
mrs-nsga2-apportion|aurus-nsga2-apportion,cross,lily02,29,17,1.0,1.0,1.0,1.0
mrs-nsga2-apportion|aurus-nsga2-apportion,ctrl_x,lily02,28,17,1.0,0.8824,0.9412,0.9412
mrs-nsga2-apportion|aurus-nsga2-apportion,ctrl_y,lily02,28,17,1.0,1.0,1.0,1.0
mrs-nsga2-apportion|mrs-weighted,cross,lily02,0,21,1.0,0.8571,0.619,1.0
mrs-nsga2-apportion|mrs-weighted,cross,lily02,1,21,1.0,0.9524,1.0,1.0
mrs-nsga2-apportion|mrs-weighted,ctrl_x,lily02,0,21,0.9524,1.0,0.8095,1.0
mrs-nsga2-apportion|mrs-weighted,ctrl_y,lily02,0,21,0.9524,0.5238,0.619,0.9524
mrs-nsga2-apportion|mrs-weighted,cross,lily02,2,28,0.6429,0.9643,0.5357,1.0
mrs-nsga2-apportion|mrs-weighted,cross,lily02,3,28,0.8929,1.0,0.8214,0.9643
mrs-nsga2-apportion|mrs-weighted,ctrl_x,lily02,2,28,0.8929,1.0,0.8571,1.0
mrs-nsga2-apportion|mrs-weighted,ctrl_y,lily02,2,28,1.0,1.0,0.9643,1.0
mrs-nsga2-apportion|mrs-weighted,cross,lily02,4,29,1.0,0.9655,0.5172,1.0
mrs-nsga2-apportion|mrs-weighted,cross,lily02,5,29,0.9655,1.0,0.8621,0.9655
mrs-nsga2-apportion|mrs-weighted,ctrl_x,lily02,4,29,0.9655,0.931,0.8621,0.8276
mrs-nsga2-apportion|mrs-weighted,ctrl_y,lily02,4,29,1.0,0.8966,1.0,1.0
mrs-nsga2-apportion|mrs-weighted,cross,lily02,6,19,1.0,1.0,1.0,1.0
mrs-nsga2-apportion|mrs-weighted,cross,lily02,7,19,1.0,1.0,0.8947,0.7368
mrs-nsga2-apportion|mrs-weighted,ctrl_x,lily02,6,19,0.8421,1.0,0.5789,0.4737
mrs-nsga2-apportion|mrs-weighted,ctrl_y,lily02,6,19,0.9474,1.0,1.0,0.8947
mrs-nsga2-apportion|mrs-weighted,cross,lily02,8,19,1.0,1.0,0.7895,1.0
mrs-nsga2-apportion|mrs-weighted,cross,lily02,9,19,0.9474,0.9474,0.8421,1.0
mrs-nsga2-apportion|mrs-weighted,ctrl_x,lily02,8,19,1.0,0.9474,0.9474,1.0
mrs-nsga2-apportion|mrs-weighted,ctrl_y,lily02,8,19,1.0,0.7368,0.9474,1.0
mrs-nsga2-apportion|mrs-weighted,cross,lily02,10,13,1.0,1.0,1.0,1.0
mrs-nsga2-apportion|mrs-weighted,cross,lily02,11,13,1.0,1.0,1.0,1.0
mrs-nsga2-apportion|mrs-weighted,ctrl_x,lily02,10,13,1.0,1.0,1.0,1.0
mrs-nsga2-apportion|mrs-weighted,ctrl_y,lily02,10,13,1.0,1.0,1.0,1.0
mrs-nsga2-apportion|mrs-weighted,cross,lily02,12,19,0.9474,1.0,0.8947,0.9474
mrs-nsga2-apportion|mrs-weighted,cross,lily02,13,19,0.8421,1.0,1.0,1.0
mrs-nsga2-apportion|mrs-weighted,ctrl_x,lily02,12,19,0.9474,1.0,1.0,1.0
mrs-nsga2-apportion|mrs-weighted,ctrl_y,lily02,12,19,0.9474,1.0,0.7368,0.9474
mrs-nsga2-apportion|mrs-weighted,cross,lily02,14,31,0.9677,1.0,0.871,0.9355
mrs-nsga2-apportion|mrs-weighted,cross,lily02,15,31,0.7419,0.9677,0.3226,0.9032
mrs-nsga2-apportion|mrs-weighted,ctrl_x,lily02,14,31,0.9355,1.0,0.9032,0.7097
mrs-nsga2-apportion|mrs-weighted,ctrl_y,lily02,14,31,0.6774,0.9677,0.9032,0.8065
mrs-nsga2-apportion|mrs-weighted,cross,lily02,16,7,1.0,0.8571,1.0,1.0
mrs-nsga2-apportion|mrs-weighted,cross,lily02,17,7,1.0,0.7143,1.0,1.0
mrs-nsga2-apportion|mrs-weighted,ctrl_x,lily02,16,7,1.0,1.0,1.0,1.0
mrs-nsga2-apportion|mrs-weighted,ctrl_y,lily02,16,7,1.0,1.0,1.0,1.0
mrs-nsga2-apportion|mrs-weighted,cross,lily02,18,12,1.0,1.0,1.0,1.0
mrs-nsga2-apportion|mrs-weighted,cross,lily02,19,12,0.5833,1.0,1.0,1.0
mrs-nsga2-apportion|mrs-weighted,ctrl_x,lily02,18,12,1.0,1.0,1.0,1.0
mrs-nsga2-apportion|mrs-weighted,ctrl_y,lily02,18,12,1.0,1.0,1.0,1.0
mrs-nsga2-apportion|mrs-weighted,cross,lily02,20,18,1.0,0.9444,0.6667,1.0
mrs-nsga2-apportion|mrs-weighted,cross,lily02,21,18,1.0,1.0,0.5,0.6111
mrs-nsga2-apportion|mrs-weighted,ctrl_x,lily02,20,18,1.0,0.6111,1.0,1.0
mrs-nsga2-apportion|mrs-weighted,ctrl_y,lily02,20,18,0.9444,0.9444,1.0,1.0
mrs-nsga2-apportion|mrs-weighted,cross,lily02,22,9,1.0,1.0,1.0,1.0
mrs-nsga2-apportion|mrs-weighted,cross,lily02,23,9,1.0,1.0,1.0,1.0
mrs-nsga2-apportion|mrs-weighted,ctrl_x,lily02,22,9,0.8889,1.0,1.0,1.0
mrs-nsga2-apportion|mrs-weighted,ctrl_y,lily02,22,9,1.0,1.0,1.0,1.0
mrs-nsga2-apportion|mrs-weighted,cross,lily02,24,18,0.9444,1.0,0.5556,1.0
mrs-nsga2-apportion|mrs-weighted,cross,lily02,25,18,0.9444,1.0,0.8333,1.0
mrs-nsga2-apportion|mrs-weighted,ctrl_x,lily02,24,18,1.0,1.0,1.0,0.8889
mrs-nsga2-apportion|mrs-weighted,ctrl_y,lily02,24,18,0.9444,0.8889,0.9444,1.0
mrs-nsga2-apportion|mrs-weighted,cross,lily02,26,15,0.9333,1.0,0.8,0.9333
mrs-nsga2-apportion|mrs-weighted,cross,lily02,27,15,1.0,1.0,0.7333,0.4667
mrs-nsga2-apportion|mrs-weighted,ctrl_x,lily02,26,15,1.0,1.0,1.0,1.0
mrs-nsga2-apportion|mrs-weighted,ctrl_y,lily02,26,15,1.0,0.8667,1.0,1.0
mrs-nsga2-apportion|mrs-weighted,cross,lily02,28,17,1.0,1.0,0.9412,0.9412
mrs-nsga2-apportion|mrs-weighted,cross,lily02,29,17,0.8824,1.0,1.0,1.0
mrs-nsga2-apportion|mrs-weighted,ctrl_x,lily02,28,17,1.0,0.8824,0.9412,0.9412
mrs-nsga2-apportion|mrs-weighted,ctrl_y,lily02,28,17,1.0,1.0,1.0,1.0
aurus-nsga2-apportion|aurus,cross,lily02,0,14,1.0,0.7143,1.0,0.6429
aurus-nsga2-apportion|aurus,cross,lily02,1,14,1.0,0.9286,1.0,0.9286
aurus-nsga2-apportion|aurus,ctrl_x,lily02,0,14,1.0,1.0,0.7857,1.0
aurus-nsga2-apportion|aurus,ctrl_y,lily02,0,14,0.5714,1.0,0.5714,0.5714
aurus-nsga2-apportion|aurus,cross,lily02,2,19,1.0,1.0,0.2632,0.5263
aurus-nsga2-apportion|aurus,cross,lily02,3,19,0.7895,1.0,0.0526,0.5263
aurus-nsga2-apportion|aurus,ctrl_x,lily02,2,19,1.0,0.9474,0.9474,0.9474
aurus-nsga2-apportion|aurus,ctrl_y,lily02,2,19,0.9474,1.0,1.0,0.9474
aurus-nsga2-apportion|aurus,cross,lily02,4,12,1.0,0.9167,0.6667,0.1667
aurus-nsga2-apportion|aurus,cross,lily02,5,12,1.0,1.0,1.0,0.5
aurus-nsga2-apportion|aurus,ctrl_x,lily02,4,12,0.75,1.0,0.5,1.0
aurus-nsga2-apportion|aurus,ctrl_y,lily02,4,12,1.0,0.8333,1.0,1.0
aurus-nsga2-apportion|aurus,cross,lily02,6,14,1.0,0.9286,0.1429,0.2143
aurus-nsga2-apportion|aurus,cross,lily02,7,14,1.0,0.9286,1.0,0.7857
aurus-nsga2-apportion|aurus,ctrl_x,lily02,6,14,0.9286,1.0,1.0,1.0
aurus-nsga2-apportion|aurus,ctrl_y,lily02,6,14,0.8571,1.0,1.0,0.8571
aurus-nsga2-apportion|aurus,cross,lily02,8,13,1.0,1.0,1.0,1.0
aurus-nsga2-apportion|aurus,cross,lily02,9,13,0.9231,0.6154,0.3077,0.6154
aurus-nsga2-apportion|aurus,ctrl_x,lily02,8,13,1.0,1.0,1.0,1.0
aurus-nsga2-apportion|aurus,ctrl_y,lily02,8,13,1.0,1.0,1.0,1.0
aurus-nsga2-apportion|aurus,cross,lily02,10,11,0.3636,1.0,0.3636,0.5455
aurus-nsga2-apportion|aurus,cross,lily02,11,11,1.0,1.0,1.0,1.0
aurus-nsga2-apportion|aurus,ctrl_x,lily02,10,11,0.5455,1.0,0.5455,1.0
aurus-nsga2-apportion|aurus,ctrl_y,lily02,10,11,1.0,1.0,1.0,0.9091
aurus-nsga2-apportion|aurus,cross,lily02,12,25,0.96,1.0,0.4,0.28
aurus-nsga2-apportion|aurus,cross,lily02,13,25,1.0,0.88,0.4,0.76
aurus-nsga2-apportion|aurus,ctrl_x,lily02,12,25,0.88,1.0,0.8,0.96
aurus-nsga2-apportion|aurus,ctrl_y,lily02,12,25,0.88,0.96,0.96,0.96
aurus-nsga2-apportion|aurus,cross,lily02,14,27,1.0,0.7778,0.1852,0.037
aurus-nsga2-apportion|aurus,cross,lily02,15,27,0.9259,0.9259,0.8889,0.7778
aurus-nsga2-apportion|aurus,ctrl_x,lily02,14,27,1.0,1.0,0.8889,0.963
aurus-nsga2-apportion|aurus,ctrl_y,lily02,14,27,0.7778,1.0,0.3333,1.0
aurus-nsga2-apportion|aurus,cross,lily02,16,17,1.0,1.0,1.0,1.0
aurus-nsga2-apportion|aurus,cross,lily02,17,17,0.9412,0.9412,0.2941,0.6471
aurus-nsga2-apportion|aurus,ctrl_x,lily02,16,17,1.0,0.8824,0.8235,0.9412
aurus-nsga2-apportion|aurus,ctrl_y,lily02,16,17,1.0,1.0,1.0,1.0
aurus-nsga2-apportion|aurus,cross,lily02,20,13,1.0,0.6923,0.3077,0.7692
aurus-nsga2-apportion|aurus,cross,lily02,21,13,1.0,0.9231,0.1538,0.6923
aurus-nsga2-apportion|aurus,ctrl_x,lily02,20,13,1.0,1.0,1.0,1.0
aurus-nsga2-apportion|aurus,ctrl_y,lily02,20,13,0.8462,0.9231,0.6154,1.0
aurus-nsga2-apportion|aurus,cross,lily02,22,17,1.0,0.8824,0.9412,1.0
aurus-nsga2-apportion|aurus,cross,lily02,23,17,0.9412,1.0,0.2941,0.7059
aurus-nsga2-apportion|aurus,ctrl_x,lily02,22,17,1.0,0.9412,1.0,1.0
aurus-nsga2-apportion|aurus,ctrl_y,lily02,22,17,0.8824,0.9412,1.0,1.0
aurus-nsga2-apportion|aurus,cross,lily02,24,12,1.0,1.0,0.8333,0.3333
aurus-nsga2-apportion|aurus,cross,lily02,25,12,1.0,0.5,0.25,0.75
aurus-nsga2-apportion|aurus,ctrl_x,lily02,24,12,1.0,1.0,1.0,1.0
aurus-nsga2-apportion|aurus,ctrl_y,lily02,24,12,1.0,1.0,1.0,1.0
aurus-nsga2-apportion|aurus,cross,lily02,26,24,1.0,1.0,0.4167,0.625
aurus-nsga2-apportion|aurus,cross,lily02,27,24,0.9583,0.9167,0.375,1.0
aurus-nsga2-apportion|aurus,ctrl_x,lily02,26,24,0.9583,1.0,0.9583,0.6667
aurus-nsga2-apportion|aurus,ctrl_y,lily02,26,24,1.0,0.9583,0.7083,0.875
aurus-nsga2-apportion|aurus,cross,lily02,28,18,0.9444,1.0,0.5556,0.2222
aurus-nsga2-apportion|aurus,cross,lily02,29,18,0.8889,1.0,0.6667,1.0
aurus-nsga2-apportion|aurus,ctrl_x,lily02,28,18,1.0,0.5556,1.0,0.8889
aurus-nsga2-apportion|aurus,ctrl_y,lily02,28,18,1.0,1.0,1.0,1.0
mrs-nsga2-apportion|aurus,cross,lily11,0,41,0.8049,0.6829,0.9512,0.6585
mrs-nsga2-apportion|aurus,cross,lily11,1,41,0.6585,0.6098,0.9268,0.8537
mrs-nsga2-apportion|aurus,ctrl_x,lily11,0,41,0.8537,0.6341,1.0,0.9756
mrs-nsga2-apportion|aurus,ctrl_y,lily11,0,41,0.7317,0.8537,0.9756,1.0
mrs-nsga2-apportion|aurus,cross,lily11,2,19,1.0,0.4211,1.0,0.9474
mrs-nsga2-apportion|aurus,cross,lily11,3,19,0.9474,0.7895,1.0,1.0
mrs-nsga2-apportion|aurus,ctrl_x,lily11,2,19,1.0,0.7895,1.0,1.0
mrs-nsga2-apportion|aurus,ctrl_y,lily11,2,19,0.6842,1.0,1.0,1.0
mrs-nsga2-apportion|aurus,cross,lily11,4,33,0.9091,0.8788,0.9394,0.6364
mrs-nsga2-apportion|aurus,cross,lily11,5,33,0.5758,0.7273,1.0,1.0
mrs-nsga2-apportion|aurus,ctrl_x,lily11,4,33,0.8182,0.8182,1.0,1.0
mrs-nsga2-apportion|aurus,ctrl_y,lily11,4,33,0.9697,0.8485,0.9394,1.0
mrs-nsga2-apportion|aurus,cross,lily11,6,32,0.8438,0.875,0.875,0.9375
mrs-nsga2-apportion|aurus,cross,lily11,7,32,0.8125,0.75,0.9375,0.9688
mrs-nsga2-apportion|aurus,ctrl_x,lily11,6,32,0.7188,0.8125,0.9688,0.8438
mrs-nsga2-apportion|aurus,ctrl_y,lily11,6,32,0.9375,0.875,0.9375,0.9688
mrs-nsga2-apportion|aurus,cross,lily11,8,37,0.973,0.5135,0.973,0.8649
mrs-nsga2-apportion|aurus,cross,lily11,9,37,0.8378,0.8919,0.973,0.9189
mrs-nsga2-apportion|aurus,ctrl_x,lily11,8,37,0.9189,0.7838,1.0,1.0
mrs-nsga2-apportion|aurus,ctrl_y,lily11,8,37,0.8108,0.9189,1.0,1.0
mrs-nsga2-apportion|aurus,cross,lily11,10,36,0.8056,0.7222,0.9444,0.9722
mrs-nsga2-apportion|aurus,cross,lily11,11,36,0.6667,0.8889,0.8889,1.0
mrs-nsga2-apportion|aurus,ctrl_x,lily11,10,36,0.8333,0.75,0.9444,1.0
mrs-nsga2-apportion|aurus,ctrl_y,lily11,10,36,0.8333,0.8611,0.9722,1.0
mrs-nsga2-apportion|aurus,cross,lily11,12,32,0.8125,0.875,0.375,0.7812
mrs-nsga2-apportion|aurus,cross,lily11,13,32,0.6875,0.6562,0.9062,0.9375
mrs-nsga2-apportion|aurus,ctrl_x,lily11,12,32,0.9375,0.9375,0.8438,0.8438
mrs-nsga2-apportion|aurus,ctrl_y,lily11,12,32,1.0,0.9062,1.0,1.0
mrs-nsga2-apportion|aurus,cross,lily11,14,35,0.9429,0.7429,0.9714,0.8
mrs-nsga2-apportion|aurus,cross,lily11,15,35,0.9429,0.7714,0.9143,0.9714
mrs-nsga2-apportion|aurus,ctrl_x,lily11,14,35,0.8286,0.8286,0.9429,0.9714
mrs-nsga2-apportion|aurus,ctrl_y,lily11,14,35,0.9714,0.9143,0.9714,1.0
mrs-nsga2-apportion|aurus,cross,lily11,16,42,0.7143,0.619,1.0,0.9524
mrs-nsga2-apportion|aurus,cross,lily11,17,42,0.8571,0.8333,0.619,0.5476
mrs-nsga2-apportion|aurus,ctrl_x,lily11,16,42,0.7143,0.7619,0.8571,1.0
mrs-nsga2-apportion|aurus,ctrl_y,lily11,16,42,0.8571,0.8571,0.6429,0.9762
mrs-nsga2-apportion|aurus,cross,lily11,18,28,0.9643,0.6429,1.0,1.0
mrs-nsga2-apportion|aurus,cross,lily11,19,28,0.7857,0.8214,1.0,0.6786
mrs-nsga2-apportion|aurus,ctrl_x,lily11,18,28,0.7857,0.8929,1.0,1.0
mrs-nsga2-apportion|aurus,ctrl_y,lily11,18,28,0.8571,0.8929,1.0,0.9286
mrs-nsga2-apportion|aurus,cross,lily11,20,36,0.7222,0.75,0.7222,0.8889
mrs-nsga2-apportion|aurus,cross,lily11,21,36,0.9722,0.8056,1.0,0.9444
mrs-nsga2-apportion|aurus,ctrl_x,lily11,20,36,0.6667,0.9444,0.5278,1.0
mrs-nsga2-apportion|aurus,ctrl_y,lily11,20,36,0.6111,0.9444,0.9167,0.9444
mrs-nsga2-apportion|aurus,cross,lily11,22,33,0.697,0.8182,0.7273,0.9697
mrs-nsga2-apportion|aurus,cross,lily11,23,33,0.8485,0.7879,0.9394,1.0
mrs-nsga2-apportion|aurus,ctrl_x,lily11,22,33,0.7576,0.9091,1.0,0.8788
mrs-nsga2-apportion|aurus,ctrl_y,lily11,22,33,0.6667,0.9394,1.0,0.9697
mrs-nsga2-apportion|aurus,cross,lily11,24,43,0.7209,0.814,0.9302,0.8605
mrs-nsga2-apportion|aurus,cross,lily11,25,43,0.8605,0.6744,0.4884,0.6744
mrs-nsga2-apportion|aurus,ctrl_x,lily11,24,43,0.7907,0.814,0.7907,0.8605
mrs-nsga2-apportion|aurus,ctrl_y,lily11,24,43,0.8837,0.7907,0.907,1.0
mrs-nsga2-apportion|aurus,cross,lily11,26,35,0.8857,0.4857,1.0,0.8857
mrs-nsga2-apportion|aurus,cross,lily11,27,35,0.9429,0.6857,0.8,1.0
mrs-nsga2-apportion|aurus,ctrl_x,lily11,26,35,0.8,0.5714,0.7143,0.7714
mrs-nsga2-apportion|aurus,ctrl_y,lily11,26,35,0.9714,0.9714,1.0,1.0
mrs-nsga2-apportion|aurus,cross,lily11,28,30,0.9333,0.3,0.9,0.9333
mrs-nsga2-apportion|aurus,cross,lily11,29,30,0.9333,0.6667,1.0,0.7333
mrs-nsga2-apportion|aurus,ctrl_x,lily11,28,30,0.8667,0.9667,1.0,1.0
mrs-nsga2-apportion|aurus,ctrl_y,lily11,28,30,0.8333,0.9,0.8,0.9667
mrs-nsga2-apportion|aurus-nsga2-apportion,cross,lily11,0,41,0.9756,0.8537,1.0,1.0
mrs-nsga2-apportion|aurus-nsga2-apportion,cross,lily11,1,41,0.8293,0.8293,0.9512,1.0
mrs-nsga2-apportion|aurus-nsga2-apportion,ctrl_x,lily11,0,41,0.8537,0.6098,1.0,1.0
mrs-nsga2-apportion|aurus-nsga2-apportion,ctrl_y,lily11,0,41,0.9024,0.8293,0.9268,0.9756
mrs-nsga2-apportion|aurus-nsga2-apportion,cross,lily11,2,19,1.0,0.8947,1.0,1.0
mrs-nsga2-apportion|aurus-nsga2-apportion,cross,lily11,3,19,1.0,0.8947,1.0,1.0
mrs-nsga2-apportion|aurus-nsga2-apportion,ctrl_x,lily11,2,19,1.0,0.7895,1.0,1.0
mrs-nsga2-apportion|aurus-nsga2-apportion,ctrl_y,lily11,2,19,0.8947,0.8421,0.9474,1.0
mrs-nsga2-apportion|aurus-nsga2-apportion,cross,lily11,4,33,0.9697,0.9697,1.0,1.0
mrs-nsga2-apportion|aurus-nsga2-apportion,cross,lily11,5,33,0.7273,0.9091,1.0,1.0
mrs-nsga2-apportion|aurus-nsga2-apportion,ctrl_x,lily11,4,33,0.8182,0.8182,1.0,1.0
mrs-nsga2-apportion|aurus-nsga2-apportion,ctrl_y,lily11,4,33,0.7273,0.7879,1.0,0.9697
mrs-nsga2-apportion|aurus-nsga2-apportion,cross,lily11,6,28,0.9286,0.9643,0.9286,0.9643
mrs-nsga2-apportion|aurus-nsga2-apportion,cross,lily11,7,28,0.9643,0.8571,1.0,1.0
mrs-nsga2-apportion|aurus-nsga2-apportion,ctrl_x,lily11,6,28,0.6786,0.8929,0.8214,1.0
mrs-nsga2-apportion|aurus-nsga2-apportion,ctrl_y,lily11,6,28,0.75,0.8571,0.8929,0.7143
mrs-nsga2-apportion|aurus-nsga2-apportion,cross,lily11,8,37,0.8378,0.9459,0.973,1.0
mrs-nsga2-apportion|aurus-nsga2-apportion,cross,lily11,9,37,0.7568,0.8919,1.0,1.0
mrs-nsga2-apportion|aurus-nsga2-apportion,ctrl_x,lily11,8,37,0.9189,0.7838,1.0,1.0
mrs-nsga2-apportion|aurus-nsga2-apportion,ctrl_y,lily11,8,37,0.7297,0.8108,0.973,0.7838
mrs-nsga2-apportion|aurus-nsga2-apportion,cross,lily11,10,32,0.7188,0.9688,0.875,1.0
mrs-nsga2-apportion|aurus-nsga2-apportion,cross,lily11,11,32,0.9062,0.9062,1.0,1.0
mrs-nsga2-apportion|aurus-nsga2-apportion,ctrl_x,lily11,10,32,0.8438,0.8125,0.9688,1.0
mrs-nsga2-apportion|aurus-nsga2-apportion,ctrl_y,lily11,10,32,0.75,0.875,1.0,0.9688
mrs-nsga2-apportion|aurus-nsga2-apportion,cross,lily11,12,32,0.7812,0.8438,1.0,1.0
mrs-nsga2-apportion|aurus-nsga2-apportion,cross,lily11,13,32,0.9375,0.9062,1.0,0.9688
mrs-nsga2-apportion|aurus-nsga2-apportion,ctrl_x,lily11,12,32,0.9375,0.9375,0.9375,0.8125
mrs-nsga2-apportion|aurus-nsga2-apportion,ctrl_y,lily11,12,32,0.8125,0.75,1.0,0.9375
mrs-nsga2-apportion|aurus-nsga2-apportion,cross,lily11,14,32,0.875,0.7188,1.0,1.0
mrs-nsga2-apportion|aurus-nsga2-apportion,cross,lily11,15,32,0.9062,0.6562,1.0,0.9688
mrs-nsga2-apportion|aurus-nsga2-apportion,ctrl_x,lily11,14,32,0.75,0.7812,0.9688,0.9688
mrs-nsga2-apportion|aurus-nsga2-apportion,ctrl_y,lily11,14,32,0.7812,0.625,0.8438,1.0
mrs-nsga2-apportion|aurus-nsga2-apportion,cross,lily11,16,36,0.8889,0.9444,1.0,1.0
mrs-nsga2-apportion|aurus-nsga2-apportion,cross,lily11,17,36,0.9722,0.9722,1.0,1.0
mrs-nsga2-apportion|aurus-nsga2-apportion,ctrl_x,lily11,16,36,0.8611,0.8056,1.0,1.0
mrs-nsga2-apportion|aurus-nsga2-apportion,ctrl_y,lily11,16,36,0.6667,0.7778,0.9167,1.0
mrs-nsga2-apportion|aurus-nsga2-apportion,cross,lily11,18,28,0.8929,0.9286,1.0,1.0
mrs-nsga2-apportion|aurus-nsga2-apportion,cross,lily11,19,28,0.8929,1.0,1.0,1.0
mrs-nsga2-apportion|aurus-nsga2-apportion,ctrl_x,lily11,18,28,0.7857,0.8929,1.0,1.0
mrs-nsga2-apportion|aurus-nsga2-apportion,ctrl_y,lily11,18,28,0.75,0.9643,0.8571,1.0
mrs-nsga2-apportion|aurus-nsga2-apportion,cross,lily11,20,36,0.9444,0.8889,1.0,0.9444
mrs-nsga2-apportion|aurus-nsga2-apportion,cross,lily11,21,36,1.0,0.9722,1.0,1.0
mrs-nsga2-apportion|aurus-nsga2-apportion,ctrl_x,lily11,20,36,0.6667,0.9444,0.5278,1.0
mrs-nsga2-apportion|aurus-nsga2-apportion,ctrl_y,lily11,20,36,0.6667,0.9444,0.8889,1.0
mrs-nsga2-apportion|aurus-nsga2-apportion,cross,lily11,22,29,0.7931,0.8276,1.0,0.9655
mrs-nsga2-apportion|aurus-nsga2-apportion,cross,lily11,23,29,0.8621,0.931,0.9655,1.0
mrs-nsga2-apportion|aurus-nsga2-apportion,ctrl_x,lily11,22,29,0.7241,0.9655,1.0,0.9655
mrs-nsga2-apportion|aurus-nsga2-apportion,ctrl_y,lily11,22,29,0.7931,0.8966,1.0,1.0
mrs-nsga2-apportion|aurus-nsga2-apportion,cross,lily11,24,44,0.9318,0.7955,1.0,1.0
mrs-nsga2-apportion|aurus-nsga2-apportion,cross,lily11,25,44,0.8864,0.9773,1.0,1.0
mrs-nsga2-apportion|aurus-nsga2-apportion,ctrl_x,lily11,24,44,0.8409,0.8182,0.7955,0.8636
mrs-nsga2-apportion|aurus-nsga2-apportion,ctrl_y,lily11,24,44,0.6591,0.7727,0.8636,0.9545
mrs-nsga2-apportion|aurus-nsga2-apportion,cross,lily11,26,35,0.8857,0.9714,1.0,1.0
mrs-nsga2-apportion|aurus-nsga2-apportion,cross,lily11,27,35,0.9429,0.9714,1.0,1.0
mrs-nsga2-apportion|aurus-nsga2-apportion,ctrl_x,lily11,26,35,0.8,0.5714,0.7143,0.7714
mrs-nsga2-apportion|aurus-nsga2-apportion,ctrl_y,lily11,26,35,0.9143,0.7143,1.0,0.9429
mrs-nsga2-apportion|aurus-nsga2-apportion,cross,lily11,28,29,0.9655,1.0,1.0,1.0
mrs-nsga2-apportion|aurus-nsga2-apportion,cross,lily11,29,29,0.8966,0.8276,1.0,1.0
mrs-nsga2-apportion|aurus-nsga2-apportion,ctrl_x,lily11,28,29,0.8621,0.8966,1.0,1.0
mrs-nsga2-apportion|aurus-nsga2-apportion,ctrl_y,lily11,28,29,0.6897,0.8966,1.0,1.0
mrs-nsga2-apportion|mrs-weighted,cross,lily11,0,41,0.6829,0.9024,1.0,0.9512
mrs-nsga2-apportion|mrs-weighted,cross,lily11,1,41,0.5366,0.9756,0.5854,1.0
mrs-nsga2-apportion|mrs-weighted,ctrl_x,lily11,0,41,0.8537,0.6341,1.0,0.9756
mrs-nsga2-apportion|mrs-weighted,ctrl_y,lily11,0,41,0.8049,0.878,0.7805,0.9756
mrs-nsga2-apportion|mrs-weighted,cross,lily11,2,19,0.8421,0.8947,1.0,1.0
mrs-nsga2-apportion|mrs-weighted,cross,lily11,3,19,0.7895,1.0,0.6842,1.0
mrs-nsga2-apportion|mrs-weighted,ctrl_x,lily11,2,19,1.0,0.7895,1.0,1.0
mrs-nsga2-apportion|mrs-weighted,ctrl_y,lily11,2,19,0.7895,0.9474,1.0,1.0
mrs-nsga2-apportion|mrs-weighted,cross,lily11,4,37,0.7568,1.0,0.5676,0.973
mrs-nsga2-apportion|mrs-weighted,cross,lily11,5,37,0.5946,0.8378,0.6486,1.0
mrs-nsga2-apportion|mrs-weighted,ctrl_x,lily11,4,37,0.6486,0.8649,1.0,1.0
mrs-nsga2-apportion|mrs-weighted,ctrl_y,lily11,4,37,1.0,0.7568,1.0,0.7838
mrs-nsga2-apportion|mrs-weighted,cross,lily11,6,35,0.6286,0.9429,0.7143,0.9429
mrs-nsga2-apportion|mrs-weighted,cross,lily11,7,35,0.6286,0.9143,0.6857,1.0
mrs-nsga2-apportion|mrs-weighted,ctrl_x,lily11,6,35,0.7714,0.8,0.6571,0.8571
mrs-nsga2-apportion|mrs-weighted,ctrl_y,lily11,6,35,0.7429,0.9143,0.9143,1.0
mrs-nsga2-apportion|mrs-weighted,cross,lily11,8,37,0.5135,0.973,0.8649,0.973
mrs-nsga2-apportion|mrs-weighted,cross,lily11,9,37,0.5676,0.9459,0.9459,1.0
mrs-nsga2-apportion|mrs-weighted,ctrl_x,lily11,8,37,0.9189,0.7838,1.0,1.0
mrs-nsga2-apportion|mrs-weighted,ctrl_y,lily11,8,37,0.9459,0.8378,1.0,0.9459
mrs-nsga2-apportion|mrs-weighted,cross,lily11,10,39,0.7179,1.0,0.8718,1.0
mrs-nsga2-apportion|mrs-weighted,cross,lily11,11,39,0.7436,0.8718,0.9744,1.0
mrs-nsga2-apportion|mrs-weighted,ctrl_x,lily11,10,39,0.7436,0.7692,0.9744,1.0
mrs-nsga2-apportion|mrs-weighted,ctrl_y,lily11,10,39,0.9487,0.9231,1.0,0.9744
mrs-nsga2-apportion|mrs-weighted,cross,lily11,12,32,0.7188,0.9688,0.6875,1.0
mrs-nsga2-apportion|mrs-weighted,cross,lily11,13,32,0.8125,0.8438,0.7812,0.9375
mrs-nsga2-apportion|mrs-weighted,ctrl_x,lily11,12,32,0.9375,0.9375,0.8438,0.8438
mrs-nsga2-apportion|mrs-weighted,ctrl_y,lily11,12,32,0.9062,0.8438,0.9375,0.9688
mrs-nsga2-apportion|mrs-weighted,cross,lily11,14,35,0.7143,0.8,1.0,0.9714
mrs-nsga2-apportion|mrs-weighted,cross,lily11,15,35,0.7429,0.7429,0.9714,0.9714
mrs-nsga2-apportion|mrs-weighted,ctrl_x,lily11,14,35,0.8286,0.8,0.9429,0.9429
mrs-nsga2-apportion|mrs-weighted,ctrl_y,lily11,14,35,0.8286,0.8571,1.0,0.8571
mrs-nsga2-apportion|mrs-weighted,cross,lily11,16,35,0.7714,0.8286,0.9714,1.0
mrs-nsga2-apportion|mrs-weighted,cross,lily11,17,35,0.7714,0.8571,0.9143,1.0
mrs-nsga2-apportion|mrs-weighted,ctrl_x,lily11,16,35,0.7143,0.7429,0.9429,1.0
mrs-nsga2-apportion|mrs-weighted,ctrl_y,lily11,16,35,0.8286,0.8286,1.0,1.0
mrs-nsga2-apportion|mrs-weighted,cross,lily11,18,28,0.9643,1.0,1.0,0.9286
mrs-nsga2-apportion|mrs-weighted,cross,lily11,19,28,0.75,0.9643,0.9643,1.0
mrs-nsga2-apportion|mrs-weighted,ctrl_x,lily11,18,28,0.7857,0.8929,1.0,1.0
mrs-nsga2-apportion|mrs-weighted,ctrl_y,lily11,18,28,1.0,0.8929,1.0,1.0
mrs-nsga2-apportion|mrs-weighted,cross,lily11,20,36,0.7222,0.9167,0.5556,0.9167
mrs-nsga2-apportion|mrs-weighted,cross,lily11,21,36,0.8611,1.0,0.8611,0.9167
mrs-nsga2-apportion|mrs-weighted,ctrl_x,lily11,20,36,0.6667,0.9444,0.5278,1.0
mrs-nsga2-apportion|mrs-weighted,ctrl_y,lily11,20,36,0.9444,1.0,0.9444,1.0
mrs-nsga2-apportion|mrs-weighted,cross,lily11,22,33,0.7879,0.9697,0.8788,0.9091
mrs-nsga2-apportion|mrs-weighted,cross,lily11,23,33,0.7576,0.9394,0.9697,0.8788
mrs-nsga2-apportion|mrs-weighted,ctrl_x,lily11,22,33,0.7576,0.9091,1.0,0.8788
mrs-nsga2-apportion|mrs-weighted,ctrl_y,lily11,22,33,0.9091,0.8788,0.9394,0.8485
mrs-nsga2-apportion|mrs-weighted,cross,lily11,24,40,0.675,0.975,0.7,1.0
mrs-nsga2-apportion|mrs-weighted,cross,lily11,25,40,0.65,1.0,0.45,0.925
mrs-nsga2-apportion|mrs-weighted,ctrl_x,lily11,24,40,0.825,0.85,0.75,0.775
mrs-nsga2-apportion|mrs-weighted,ctrl_y,lily11,24,40,0.9,0.95,1.0,1.0
mrs-nsga2-apportion|mrs-weighted,cross,lily11,26,35,0.7143,1.0,0.5714,1.0
mrs-nsga2-apportion|mrs-weighted,cross,lily11,27,35,0.7429,0.9714,0.8286,0.9714
mrs-nsga2-apportion|mrs-weighted,ctrl_x,lily11,26,35,0.8,0.5714,0.7143,0.7714
mrs-nsga2-apportion|mrs-weighted,ctrl_y,lily11,26,35,1.0,0.8857,1.0,0.9714
mrs-nsga2-apportion|mrs-weighted,cross,lily11,28,30,0.7333,0.9,1.0,1.0
mrs-nsga2-apportion|mrs-weighted,cross,lily11,29,30,0.6333,0.9,0.8,1.0
mrs-nsga2-apportion|mrs-weighted,ctrl_x,lily11,28,30,0.8667,0.9667,1.0,1.0
mrs-nsga2-apportion|mrs-weighted,ctrl_y,lily11,28,30,0.7333,0.9667,1.0,1.0
aurus-nsga2-apportion|aurus,cross,lily11,0,41,0.8293,0.8293,0.9512,0.9024
aurus-nsga2-apportion|aurus,cross,lily11,1,41,0.7317,0.6341,0.9756,0.8049
aurus-nsga2-apportion|aurus,ctrl_x,lily11,0,41,0.8293,0.7805,1.0,1.0
aurus-nsga2-apportion|aurus,ctrl_y,lily11,0,41,0.7317,0.8537,0.9756,1.0
aurus-nsga2-apportion|aurus,cross,lily11,2,34,0.8529,0.5588,1.0,0.9412
aurus-nsga2-apportion|aurus,cross,lily11,3,34,0.6471,0.7647,0.9412,0.9706
aurus-nsga2-apportion|aurus,ctrl_x,lily11,2,34,0.9412,0.7353,0.9412,1.0
aurus-nsga2-apportion|aurus,ctrl_y,lily11,2,34,0.7647,0.9118,0.9706,1.0
aurus-nsga2-apportion|aurus,cross,lily11,4,33,0.8485,0.8788,0.9394,0.6667
aurus-nsga2-apportion|aurus,cross,lily11,5,33,0.8485,0.7273,1.0,1.0
aurus-nsga2-apportion|aurus,ctrl_x,lily11,4,33,0.7273,0.8485,1.0,1.0
aurus-nsga2-apportion|aurus,ctrl_y,lily11,4,33,0.9697,0.8485,0.9394,0.9394
aurus-nsga2-apportion|aurus,cross,lily11,6,28,0.8571,0.8214,0.9643,1.0
aurus-nsga2-apportion|aurus,cross,lily11,7,28,0.8214,0.6786,0.8929,0.9286
aurus-nsga2-apportion|aurus,ctrl_x,lily11,6,28,0.7857,0.8214,0.8929,0.9643
aurus-nsga2-apportion|aurus,ctrl_y,lily11,6,28,0.9286,0.9286,1.0,0.9643
aurus-nsga2-apportion|aurus,cross,lily11,8,42,0.9048,0.6667,0.9762,0.7381
aurus-nsga2-apportion|aurus,cross,lily11,9,42,0.8571,0.8571,0.881,0.6905
aurus-nsga2-apportion|aurus,ctrl_x,lily11,8,42,0.8333,0.7619,0.9524,0.5238
aurus-nsga2-apportion|aurus,ctrl_y,lily11,8,42,0.8095,0.9048,0.9762,0.9048
aurus-nsga2-apportion|aurus,cross,lily11,10,32,0.7188,0.75,0.9062,0.9688
aurus-nsga2-apportion|aurus,cross,lily11,11,32,0.6562,0.8438,0.9688,1.0
aurus-nsga2-apportion|aurus,ctrl_x,lily11,10,32,0.8125,0.875,1.0,0.9688
aurus-nsga2-apportion|aurus,ctrl_y,lily11,10,32,0.8125,0.9375,0.9688,1.0
aurus-nsga2-apportion|aurus,cross,lily11,12,32,0.9062,0.9062,0.375,0.75
aurus-nsga2-apportion|aurus,cross,lily11,13,32,0.9062,0.75,0.875,0.9375
aurus-nsga2-apportion|aurus,ctrl_x,lily11,12,32,0.8125,0.875,1.0,1.0
aurus-nsga2-apportion|aurus,ctrl_y,lily11,12,32,1.0,0.9062,1.0,1.0
aurus-nsga2-apportion|aurus,cross,lily11,14,32,0.8438,0.5938,0.8125,0.75
aurus-nsga2-apportion|aurus,cross,lily11,15,32,0.8438,0.8438,0.9375,1.0
aurus-nsga2-apportion|aurus,ctrl_x,lily11,14,32,0.8125,0.6562,0.9688,1.0
aurus-nsga2-apportion|aurus,ctrl_y,lily11,14,32,0.9375,0.8125,1.0,0.9062
aurus-nsga2-apportion|aurus,cross,lily11,16,36,0.9444,0.5833,0.9722,0.9167
aurus-nsga2-apportion|aurus,cross,lily11,17,36,0.8056,0.8333,0.4167,0.5556
aurus-nsga2-apportion|aurus,ctrl_x,lily11,16,36,0.6944,0.7778,0.9167,1.0
aurus-nsga2-apportion|aurus,ctrl_y,lily11,16,36,0.7222,0.8333,0.4722,0.9722
aurus-nsga2-apportion|aurus,cross,lily11,18,29,0.7586,0.8621,0.4828,1.0
aurus-nsga2-apportion|aurus,cross,lily11,19,29,0.8966,0.4483,1.0,0.7241
aurus-nsga2-apportion|aurus,ctrl_x,lily11,18,29,0.7931,0.9655,0.7241,1.0
aurus-nsga2-apportion|aurus,ctrl_y,lily11,18,29,0.7586,0.8276,0.931,1.0
aurus-nsga2-apportion|aurus,cross,lily11,20,42,0.7857,0.8095,0.9762,0.8095
aurus-nsga2-apportion|aurus,cross,lily11,21,42,0.8333,0.7857,1.0,0.9762
aurus-nsga2-apportion|aurus,ctrl_x,lily11,20,42,0.7143,0.9286,0.619,1.0
aurus-nsga2-apportion|aurus,ctrl_y,lily11,20,42,0.7381,0.9524,0.881,0.9762
aurus-nsga2-apportion|aurus,cross,lily11,22,29,0.7586,0.7241,0.7931,0.8966
aurus-nsga2-apportion|aurus,cross,lily11,23,29,0.8621,0.8966,0.4828,1.0
aurus-nsga2-apportion|aurus,ctrl_x,lily11,22,29,0.7931,0.8966,1.0,1.0
aurus-nsga2-apportion|aurus,ctrl_y,lily11,22,29,0.931,0.9655,0.931,0.931
aurus-nsga2-apportion|aurus,cross,lily11,24,43,0.6744,0.8837,0.8837,0.814
aurus-nsga2-apportion|aurus,cross,lily11,25,43,0.8372,0.6744,0.4884,0.5349
aurus-nsga2-apportion|aurus,ctrl_x,lily11,24,43,0.6512,0.6977,0.8605,0.9535
aurus-nsga2-apportion|aurus,ctrl_y,lily11,24,43,0.8837,0.7907,0.907,1.0
aurus-nsga2-apportion|aurus,cross,lily11,26,39,0.8462,0.5897,0.9744,0.8462
aurus-nsga2-apportion|aurus,cross,lily11,27,39,0.9744,0.7179,0.7692,0.9744
aurus-nsga2-apportion|aurus,ctrl_x,lily11,26,39,0.8718,0.6923,1.0,0.9487
aurus-nsga2-apportion|aurus,ctrl_y,lily11,26,39,0.9231,0.9231,0.9487,1.0
aurus-nsga2-apportion|aurus,cross,lily11,28,29,0.8276,0.3448,0.8966,0.8276
aurus-nsga2-apportion|aurus,cross,lily11,29,29,0.931,0.6897,1.0,0.8621
aurus-nsga2-apportion|aurus,ctrl_x,lily11,28,29,0.5517,1.0,1.0,1.0
aurus-nsga2-apportion|aurus,ctrl_y,lily11,28,29,0.8276,0.931,0.5517,1.0
mrs-nsga2-apportion|aurus,cross,lily15,0,17,0.9412,0.8824,0.4706,0.8824
mrs-nsga2-apportion|aurus,cross,lily15,1,17,1.0,0.8235,0.9412,0.4118
mrs-nsga2-apportion|aurus,ctrl_x,lily15,0,17,0.7647,1.0,0.7059,0.9412
mrs-nsga2-apportion|aurus,ctrl_y,lily15,0,17,1.0,1.0,0.9412,1.0
mrs-nsga2-apportion|aurus,cross,lily15,2,10,1.0,1.0,1.0,1.0
mrs-nsga2-apportion|aurus,cross,lily15,3,10,1.0,0.8,1.0,0.6
mrs-nsga2-apportion|aurus,ctrl_x,lily15,2,10,1.0,1.0,1.0,1.0
mrs-nsga2-apportion|aurus,ctrl_y,lily15,2,10,1.0,1.0,1.0,0.9
mrs-nsga2-apportion|aurus,cross,lily15,6,8,1.0,1.0,1.0,1.0
mrs-nsga2-apportion|aurus,cross,lily15,7,8,1.0,1.0,1.0,1.0
mrs-nsga2-apportion|aurus,ctrl_x,lily15,6,8,1.0,1.0,1.0,1.0
mrs-nsga2-apportion|aurus,ctrl_y,lily15,6,8,1.0,1.0,1.0,1.0
mrs-nsga2-apportion|aurus,cross,lily15,8,17,0.9412,0.7647,0.8824,0.4706
mrs-nsga2-apportion|aurus,cross,lily15,9,17,1.0,0.8824,0.9412,0.5882
mrs-nsga2-apportion|aurus,ctrl_x,lily15,8,17,1.0,1.0,0.7059,0.9412
mrs-nsga2-apportion|aurus,ctrl_y,lily15,8,17,0.8235,0.5882,0.7059,1.0
mrs-nsga2-apportion|aurus,cross,lily15,10,15,0.9333,1.0,1.0,1.0
mrs-nsga2-apportion|aurus,cross,lily15,11,15,1.0,0.8667,1.0,0.9333
mrs-nsga2-apportion|aurus,ctrl_x,lily15,10,15,1.0,1.0,1.0,0.8667
mrs-nsga2-apportion|aurus,ctrl_y,lily15,10,15,1.0,1.0,0.9333,1.0
mrs-nsga2-apportion|aurus,cross,lily15,12,21,1.0,0.8095,0.6667,1.0
mrs-nsga2-apportion|aurus,cross,lily15,13,21,0.9048,0.9048,0.7143,0.9524
mrs-nsga2-apportion|aurus,ctrl_x,lily15,12,21,1.0,1.0,0.7143,0.7143
mrs-nsga2-apportion|aurus,ctrl_y,lily15,12,21,0.9048,1.0,1.0,0.9524
mrs-nsga2-apportion|aurus,cross,lily15,14,19,1.0,0.8947,0.4737,0.3684
mrs-nsga2-apportion|aurus,cross,lily15,15,19,1.0,0.8947,0.8947,0.4737
mrs-nsga2-apportion|aurus,ctrl_x,lily15,14,19,1.0,1.0,0.7895,1.0
mrs-nsga2-apportion|aurus,ctrl_y,lily15,14,19,1.0,1.0,0.8421,1.0
mrs-nsga2-apportion|aurus,cross,lily15,16,14,1.0,0.7143,1.0,0.8571
mrs-nsga2-apportion|aurus,cross,lily15,17,14,1.0,0.7857,0.5714,0.5714
mrs-nsga2-apportion|aurus,ctrl_x,lily15,16,14,1.0,0.8571,0.6429,0.6429
mrs-nsga2-apportion|aurus,ctrl_y,lily15,16,14,1.0,0.9286,1.0,1.0
mrs-nsga2-apportion|aurus,cross,lily15,18,15,1.0,0.9333,1.0,0.7333
mrs-nsga2-apportion|aurus,cross,lily15,19,15,1.0,0.8667,0.9333,1.0
mrs-nsga2-apportion|aurus,ctrl_x,lily15,18,15,1.0,0.9333,1.0,1.0
mrs-nsga2-apportion|aurus,ctrl_y,lily15,18,15,1.0,1.0,1.0,1.0
mrs-nsga2-apportion|aurus,cross,lily15,20,14,1.0,0.5714,1.0,1.0
mrs-nsga2-apportion|aurus,cross,lily15,21,14,1.0,0.9286,0.8571,0.5714
mrs-nsga2-apportion|aurus,ctrl_x,lily15,20,14,1.0,0.3571,1.0,0.7857
mrs-nsga2-apportion|aurus,ctrl_y,lily15,20,14,0.8571,1.0,0.8571,1.0
mrs-nsga2-apportion|aurus,cross,lily15,22,10,1.0,1.0,1.0,1.0
mrs-nsga2-apportion|aurus,cross,lily15,23,10,1.0,1.0,1.0,1.0
mrs-nsga2-apportion|aurus,ctrl_x,lily15,22,10,1.0,1.0,1.0,1.0
mrs-nsga2-apportion|aurus,ctrl_y,lily15,22,10,1.0,1.0,1.0,1.0
mrs-nsga2-apportion|aurus,cross,lily15,24,23,1.0,0.5652,0.8696,0.8261
mrs-nsga2-apportion|aurus,cross,lily15,25,23,1.0,0.9565,0.3478,0.7391
mrs-nsga2-apportion|aurus,ctrl_x,lily15,24,23,1.0,1.0,0.913,0.5652
mrs-nsga2-apportion|aurus,ctrl_y,lily15,24,23,1.0,1.0,0.5652,1.0
mrs-nsga2-apportion|aurus,cross,lily15,26,17,0.7059,1.0,0.4118,0.6471
mrs-nsga2-apportion|aurus,cross,lily15,27,17,0.8824,1.0,0.8235,0.4118
mrs-nsga2-apportion|aurus,ctrl_x,lily15,26,17,1.0,1.0,0.5882,1.0
mrs-nsga2-apportion|aurus,ctrl_y,lily15,26,17,1.0,1.0,1.0,1.0
mrs-nsga2-apportion|aurus,cross,lily15,28,16,1.0,0.8125,1.0,1.0
mrs-nsga2-apportion|aurus,cross,lily15,29,16,1.0,0.875,1.0,0.9375
mrs-nsga2-apportion|aurus,ctrl_x,lily15,28,16,1.0,0.9375,0.9375,0.9375
mrs-nsga2-apportion|aurus,ctrl_y,lily15,28,16,0.9375,1.0,0.9375,0.8125
mrs-nsga2-apportion|aurus-nsga2-apportion,cross,lily15,0,16,0.75,0.9375,0.6875,0.75
mrs-nsga2-apportion|aurus-nsga2-apportion,cross,lily15,1,16,1.0,0.9375,1.0,1.0
mrs-nsga2-apportion|aurus-nsga2-apportion,ctrl_x,lily15,0,16,0.6875,1.0,0.75,0.9375
mrs-nsga2-apportion|aurus-nsga2-apportion,ctrl_y,lily15,0,16,1.0,0.9375,0.75,0.8125
mrs-nsga2-apportion|aurus-nsga2-apportion,cross,lily15,2,10,1.0,1.0,1.0,1.0
mrs-nsga2-apportion|aurus-nsga2-apportion,cross,lily15,3,10,1.0,0.9,1.0,1.0
mrs-nsga2-apportion|aurus-nsga2-apportion,ctrl_x,lily15,2,10,1.0,1.0,1.0,1.0
mrs-nsga2-apportion|aurus-nsga2-apportion,ctrl_y,lily15,2,10,1.0,1.0,1.0,1.0
mrs-nsga2-apportion|aurus-nsga2-apportion,cross,lily15,4,16,1.0,1.0,0.9375,1.0
mrs-nsga2-apportion|aurus-nsga2-apportion,cross,lily15,5,16,1.0,1.0,1.0,1.0
mrs-nsga2-apportion|aurus-nsga2-apportion,ctrl_x,lily15,4,16,1.0,0.9375,1.0,1.0
mrs-nsga2-apportion|aurus-nsga2-apportion,ctrl_y,lily15,4,16,1.0,1.0,0.6875,0.9375
mrs-nsga2-apportion|aurus-nsga2-apportion,cross,lily15,6,7,1.0,0.7143,1.0,1.0
mrs-nsga2-apportion|aurus-nsga2-apportion,cross,lily15,7,7,1.0,1.0,1.0,1.0
mrs-nsga2-apportion|aurus-nsga2-apportion,ctrl_x,lily15,6,7,1.0,1.0,1.0,1.0
mrs-nsga2-apportion|aurus-nsga2-apportion,ctrl_y,lily15,6,7,0.8571,1.0,1.0,1.0
mrs-nsga2-apportion|aurus-nsga2-apportion,cross,lily15,8,13,0.8462,1.0,1.0,0.9231
mrs-nsga2-apportion|aurus-nsga2-apportion,cross,lily15,9,13,1.0,1.0,0.9231,1.0
mrs-nsga2-apportion|aurus-nsga2-apportion,ctrl_x,lily15,8,13,1.0,1.0,0.6154,1.0
mrs-nsga2-apportion|aurus-nsga2-apportion,ctrl_y,lily15,8,13,1.0,1.0,0.6154,0.9231
mrs-nsga2-apportion|aurus-nsga2-apportion,cross,lily15,10,8,0.75,1.0,1.0,1.0
mrs-nsga2-apportion|aurus-nsga2-apportion,cross,lily15,11,8,0.75,1.0,1.0,1.0
mrs-nsga2-apportion|aurus-nsga2-apportion,ctrl_x,lily15,10,8,0.875,1.0,1.0,1.0
mrs-nsga2-apportion|aurus-nsga2-apportion,ctrl_y,lily15,10,8,1.0,1.0,1.0,1.0
mrs-nsga2-apportion|aurus-nsga2-apportion,cross,lily15,12,17,1.0,1.0,0.5882,0.9412
mrs-nsga2-apportion|aurus-nsga2-apportion,cross,lily15,13,17,1.0,1.0,1.0,1.0
mrs-nsga2-apportion|aurus-nsga2-apportion,ctrl_x,lily15,12,17,1.0,0.9412,1.0,0.9412
mrs-nsga2-apportion|aurus-nsga2-apportion,ctrl_y,lily15,12,17,1.0,0.9412,0.1765,0.4118
mrs-nsga2-apportion|aurus-nsga2-apportion,cross,lily15,14,15,0.9333,1.0,0.6667,1.0
mrs-nsga2-apportion|aurus-nsga2-apportion,cross,lily15,15,15,1.0,1.0,1.0,0.8667
mrs-nsga2-apportion|aurus-nsga2-apportion,ctrl_x,lily15,14,15,1.0,0.9333,1.0,1.0
mrs-nsga2-apportion|aurus-nsga2-apportion,ctrl_y,lily15,14,15,1.0,1.0,1.0,0.5333
mrs-nsga2-apportion|aurus-nsga2-apportion,cross,lily15,16,12,1.0,1.0,1.0,0.9167
mrs-nsga2-apportion|aurus-nsga2-apportion,cross,lily15,17,12,1.0,0.9167,1.0,0.9167
mrs-nsga2-apportion|aurus-nsga2-apportion,ctrl_x,lily15,16,12,0.8333,0.8333,0.75,0.9167
mrs-nsga2-apportion|aurus-nsga2-apportion,ctrl_y,lily15,16,12,1.0,1.0,0.9167,1.0
mrs-nsga2-apportion|aurus-nsga2-apportion,cross,lily15,18,14,1.0,1.0,1.0,1.0
mrs-nsga2-apportion|aurus-nsga2-apportion,cross,lily15,19,14,1.0,1.0,1.0,1.0
mrs-nsga2-apportion|aurus-nsga2-apportion,ctrl_x,lily15,18,14,1.0,1.0,1.0,1.0
mrs-nsga2-apportion|aurus-nsga2-apportion,ctrl_y,lily15,18,14,1.0,1.0,1.0,1.0
mrs-nsga2-apportion|aurus-nsga2-apportion,cross,lily15,20,9,1.0,0.8889,1.0,1.0
mrs-nsga2-apportion|aurus-nsga2-apportion,cross,lily15,21,9,0.8889,1.0,0.8889,1.0
mrs-nsga2-apportion|aurus-nsga2-apportion,ctrl_x,lily15,20,9,1.0,1.0,1.0,1.0
mrs-nsga2-apportion|aurus-nsga2-apportion,ctrl_y,lily15,20,9,1.0,1.0,1.0,1.0
mrs-nsga2-apportion|aurus-nsga2-apportion,cross,lily15,22,10,0.9,1.0,0.8,1.0
mrs-nsga2-apportion|aurus-nsga2-apportion,cross,lily15,23,10,1.0,1.0,1.0,1.0
mrs-nsga2-apportion|aurus-nsga2-apportion,ctrl_x,lily15,22,10,1.0,1.0,1.0,1.0
mrs-nsga2-apportion|aurus-nsga2-apportion,ctrl_y,lily15,22,10,0.9,1.0,0.4,1.0
mrs-nsga2-apportion|aurus-nsga2-apportion,cross,lily15,24,12,1.0,0.9167,1.0,1.0
mrs-nsga2-apportion|aurus-nsga2-apportion,cross,lily15,25,12,1.0,1.0,1.0,0.9167
mrs-nsga2-apportion|aurus-nsga2-apportion,ctrl_x,lily15,24,12,1.0,0.9167,1.0,0.8333
mrs-nsga2-apportion|aurus-nsga2-apportion,ctrl_y,lily15,24,12,1.0,1.0,1.0,1.0
mrs-nsga2-apportion|aurus-nsga2-apportion,cross,lily15,26,6,0.8333,1.0,1.0,1.0
mrs-nsga2-apportion|aurus-nsga2-apportion,cross,lily15,27,6,1.0,1.0,1.0,1.0
mrs-nsga2-apportion|aurus-nsga2-apportion,ctrl_x,lily15,26,6,1.0,1.0,1.0,1.0
mrs-nsga2-apportion|aurus-nsga2-apportion,ctrl_y,lily15,26,6,1.0,1.0,1.0,1.0
mrs-nsga2-apportion|aurus-nsga2-apportion,cross,lily15,28,16,1.0,1.0,1.0,1.0
mrs-nsga2-apportion|aurus-nsga2-apportion,cross,lily15,29,16,1.0,1.0,1.0,1.0
mrs-nsga2-apportion|aurus-nsga2-apportion,ctrl_x,lily15,28,16,1.0,0.9375,0.9375,0.9375
mrs-nsga2-apportion|aurus-nsga2-apportion,ctrl_y,lily15,28,16,1.0,1.0,1.0,0.875
mrs-nsga2-apportion|mrs-weighted,cross,lily15,0,17,0.7647,1.0,0.4118,0.5882
mrs-nsga2-apportion|mrs-weighted,cross,lily15,1,17,1.0,0.6471,0.4706,0.2941
mrs-nsga2-apportion|mrs-weighted,ctrl_x,lily15,0,17,0.7647,1.0,0.7059,0.9412
mrs-nsga2-apportion|mrs-weighted,ctrl_y,lily15,0,17,0.9412,0.8824,0.5882,0.4706
mrs-nsga2-apportion|mrs-weighted,cross,lily15,2,10,1.0,1.0,0.7,0.9
mrs-nsga2-apportion|mrs-weighted,cross,lily15,3,10,1.0,0.9,0.5,1.0
mrs-nsga2-apportion|mrs-weighted,ctrl_x,lily15,2,10,1.0,1.0,1.0,1.0
mrs-nsga2-apportion|mrs-weighted,ctrl_y,lily15,2,10,0.9,0.7,0.9,1.0
mrs-nsga2-apportion|mrs-weighted,cross,lily15,4,17,0.5882,1.0,0.7059,0.8235
mrs-nsga2-apportion|mrs-weighted,cross,lily15,5,17,1.0,1.0,0.8824,1.0
mrs-nsga2-apportion|mrs-weighted,ctrl_x,lily15,4,17,0.8824,0.9412,0.9412,1.0
mrs-nsga2-apportion|mrs-weighted,ctrl_y,lily15,4,17,1.0,1.0,1.0,0.9412
mrs-nsga2-apportion|mrs-weighted,cross,lily15,6,8,1.0,1.0,1.0,1.0
mrs-nsga2-apportion|mrs-weighted,cross,lily15,7,8,0.75,1.0,0.875,1.0
mrs-nsga2-apportion|mrs-weighted,ctrl_x,lily15,6,8,1.0,1.0,1.0,1.0
mrs-nsga2-apportion|mrs-weighted,ctrl_y,lily15,6,8,1.0,1.0,1.0,0.875
mrs-nsga2-apportion|mrs-weighted,cross,lily15,8,17,1.0,1.0,1.0,1.0
mrs-nsga2-apportion|mrs-weighted,cross,lily15,9,17,1.0,1.0,0.7059,0.9412
mrs-nsga2-apportion|mrs-weighted,ctrl_x,lily15,8,17,1.0,1.0,0.7059,0.9412
mrs-nsga2-apportion|mrs-weighted,ctrl_y,lily15,8,17,1.0,1.0,0.8824,0.5882
mrs-nsga2-apportion|mrs-weighted,cross,lily15,10,15,0.8667,1.0,1.0,1.0
mrs-nsga2-apportion|mrs-weighted,cross,lily15,11,15,1.0,0.8667,0.7333,0.8
mrs-nsga2-apportion|mrs-weighted,ctrl_x,lily15,10,15,1.0,1.0,1.0,0.8667
mrs-nsga2-apportion|mrs-weighted,ctrl_y,lily15,10,15,1.0,0.9333,0.9333,1.0
mrs-nsga2-apportion|mrs-weighted,cross,lily15,12,21,1.0,1.0,0.5714,0.9524
mrs-nsga2-apportion|mrs-weighted,cross,lily15,13,21,1.0,1.0,0.7143,0.9524
mrs-nsga2-apportion|mrs-weighted,ctrl_x,lily15,12,21,1.0,1.0,0.7143,0.7143
mrs-nsga2-apportion|mrs-weighted,ctrl_y,lily15,12,21,0.8095,0.9524,0.9048,0.8571
mrs-nsga2-apportion|mrs-weighted,cross,lily15,14,19,1.0,1.0,0.4737,1.0
mrs-nsga2-apportion|mrs-weighted,cross,lily15,15,19,1.0,1.0,0.8947,0.9474
mrs-nsga2-apportion|mrs-weighted,ctrl_x,lily15,14,19,1.0,1.0,0.7895,1.0
mrs-nsga2-apportion|mrs-weighted,ctrl_y,lily15,14,19,0.9474,1.0,0.8421,0.5789
mrs-nsga2-apportion|mrs-weighted,cross,lily15,16,14,1.0,0.8571,1.0,0.7143
mrs-nsga2-apportion|mrs-weighted,cross,lily15,17,14,1.0,0.6429,0.6429,0.3571
mrs-nsga2-apportion|mrs-weighted,ctrl_x,lily15,16,14,1.0,0.8571,0.6429,0.6429
mrs-nsga2-apportion|mrs-weighted,ctrl_y,lily15,16,14,1.0,1.0,1.0,0.9286
mrs-nsga2-apportion|mrs-weighted,cross,lily15,18,15,0.9333,1.0,1.0,1.0
mrs-nsga2-apportion|mrs-weighted,cross,lily15,19,15,1.0,1.0,1.0,1.0
mrs-nsga2-apportion|mrs-weighted,ctrl_x,lily15,18,15,1.0,0.9333,1.0,1.0
mrs-nsga2-apportion|mrs-weighted,ctrl_y,lily15,18,15,1.0,0.9333,0.9333,1.0
mrs-nsga2-apportion|mrs-weighted,cross,lily15,20,14,1.0,1.0,1.0,0.8571
mrs-nsga2-apportion|mrs-weighted,cross,lily15,21,14,1.0,0.6429,0.2143,0.8571
mrs-nsga2-apportion|mrs-weighted,ctrl_x,lily15,20,14,1.0,0.3571,1.0,0.7857
mrs-nsga2-apportion|mrs-weighted,ctrl_y,lily15,20,14,1.0,1.0,0.9286,1.0
mrs-nsga2-apportion|mrs-weighted,cross,lily15,22,10,0.5,1.0,0.7,0.8
mrs-nsga2-apportion|mrs-weighted,cross,lily15,23,10,1.0,1.0,1.0,0.3
mrs-nsga2-apportion|mrs-weighted,ctrl_x,lily15,22,10,1.0,1.0,1.0,1.0
mrs-nsga2-apportion|mrs-weighted,ctrl_y,lily15,22,10,1.0,0.4,0.8,0.4
mrs-nsga2-apportion|mrs-weighted,cross,lily15,24,16,1.0,1.0,0.8125,0.625
mrs-nsga2-apportion|mrs-weighted,cross,lily15,25,16,1.0,0.9375,0.1875,0.6875
mrs-nsga2-apportion|mrs-weighted,ctrl_x,lily15,24,16,1.0,1.0,1.0,0.75
mrs-nsga2-apportion|mrs-weighted,ctrl_y,lily15,24,16,1.0,1.0,0.75,0.6875
mrs-nsga2-apportion|mrs-weighted,cross,lily15,26,17,0.9412,0.1765,0.1176,0.5294
mrs-nsga2-apportion|mrs-weighted,cross,lily15,27,17,0.7059,1.0,0.7647,0.5882
mrs-nsga2-apportion|mrs-weighted,ctrl_x,lily15,26,17,1.0,1.0,0.5882,1.0
mrs-nsga2-apportion|mrs-weighted,ctrl_y,lily15,26,17,0.9412,1.0,0.4706,0.5294
mrs-nsga2-apportion|mrs-weighted,cross,lily15,28,16,0.9375,1.0,1.0,1.0
mrs-nsga2-apportion|mrs-weighted,cross,lily15,29,16,1.0,1.0,1.0,1.0
mrs-nsga2-apportion|mrs-weighted,ctrl_x,lily15,28,16,1.0,0.9375,0.9375,0.9375
mrs-nsga2-apportion|mrs-weighted,ctrl_y,lily15,28,16,1.0,0.9375,1.0,1.0
aurus-nsga2-apportion|aurus,cross,lily15,0,16,1.0,0.8125,0.75,1.0
aurus-nsga2-apportion|aurus,cross,lily15,1,16,1.0,0.875,0.625,0.5625
aurus-nsga2-apportion|aurus,ctrl_x,lily15,0,16,1.0,1.0,0.8125,0.875
aurus-nsga2-apportion|aurus,ctrl_y,lily15,0,16,1.0,0.75,1.0,0.9375
aurus-nsga2-apportion|aurus,cross,lily15,2,11,1.0,1.0,1.0,1.0
aurus-nsga2-apportion|aurus,cross,lily15,3,11,1.0,1.0,1.0,1.0
aurus-nsga2-apportion|aurus,ctrl_x,lily15,2,11,1.0,1.0,1.0,1.0
aurus-nsga2-apportion|aurus,ctrl_y,lily15,2,11,1.0,1.0,1.0,1.0
aurus-nsga2-apportion|aurus,cross,lily15,6,7,1.0,1.0,1.0,1.0
aurus-nsga2-apportion|aurus,cross,lily15,7,7,1.0,1.0,1.0,1.0
aurus-nsga2-apportion|aurus,ctrl_x,lily15,6,7,0.8571,1.0,1.0,1.0
aurus-nsga2-apportion|aurus,ctrl_y,lily15,6,7,1.0,0.8571,1.0,1.0
aurus-nsga2-apportion|aurus,cross,lily15,8,13,1.0,0.7692,1.0,0.9231
aurus-nsga2-apportion|aurus,cross,lily15,9,13,0.9231,0.6923,0.7692,1.0
aurus-nsga2-apportion|aurus,ctrl_x,lily15,8,13,1.0,1.0,0.6154,0.9231
aurus-nsga2-apportion|aurus,ctrl_y,lily15,8,13,0.8462,1.0,1.0,1.0
aurus-nsga2-apportion|aurus,cross,lily15,10,8,1.0,1.0,1.0,1.0
aurus-nsga2-apportion|aurus,cross,lily15,11,8,1.0,0.75,1.0,1.0
aurus-nsga2-apportion|aurus,ctrl_x,lily15,10,8,1.0,1.0,1.0,1.0
aurus-nsga2-apportion|aurus,ctrl_y,lily15,10,8,1.0,1.0,1.0,1.0
aurus-nsga2-apportion|aurus,cross,lily15,12,17,0.6471,0.9412,0.3529,0.2941
aurus-nsga2-apportion|aurus,cross,lily15,13,17,0.9412,1.0,1.0,0.9412
aurus-nsga2-apportion|aurus,ctrl_x,lily15,12,17,0.4118,1.0,0.1765,0.3529
aurus-nsga2-apportion|aurus,ctrl_y,lily15,12,17,1.0,1.0,1.0,1.0
aurus-nsga2-apportion|aurus,cross,lily15,14,15,1.0,1.0,1.0,0.6
aurus-nsga2-apportion|aurus,cross,lily15,15,15,1.0,0.9333,1.0,1.0
aurus-nsga2-apportion|aurus,ctrl_x,lily15,14,15,1.0,1.0,1.0,0.5333
aurus-nsga2-apportion|aurus,ctrl_y,lily15,14,15,1.0,1.0,1.0,1.0
aurus-nsga2-apportion|aurus,cross,lily15,16,12,1.0,0.75,0.9167,0.8333
aurus-nsga2-apportion|aurus,cross,lily15,17,12,1.0,0.8333,0.9167,0.9167
aurus-nsga2-apportion|aurus,ctrl_x,lily15,16,12,1.0,1.0,0.9167,1.0
aurus-nsga2-apportion|aurus,ctrl_y,lily15,16,12,1.0,0.9167,1.0,1.0
aurus-nsga2-apportion|aurus,cross,lily15,18,14,1.0,0.5,0.5,0.9286
aurus-nsga2-apportion|aurus,cross,lily15,19,14,1.0,0.9286,0.9286,0.9286
aurus-nsga2-apportion|aurus,ctrl_x,lily15,18,14,1.0,1.0,1.0,1.0
aurus-nsga2-apportion|aurus,ctrl_y,lily15,18,14,0.9286,1.0,0.9286,1.0
aurus-nsga2-apportion|aurus,cross,lily15,20,9,1.0,1.0,1.0,1.0
aurus-nsga2-apportion|aurus,cross,lily15,21,9,1.0,1.0,1.0,1.0
aurus-nsga2-apportion|aurus,ctrl_x,lily15,20,9,0.8889,1.0,0.7778,0.3333
aurus-nsga2-apportion|aurus,ctrl_y,lily15,20,9,1.0,1.0,1.0,1.0
aurus-nsga2-apportion|aurus,cross,lily15,22,15,1.0,0.9333,0.6,1.0
aurus-nsga2-apportion|aurus,cross,lily15,23,15,1.0,0.9333,1.0,0.6
aurus-nsga2-apportion|aurus,ctrl_x,lily15,22,15,1.0,1.0,0.4,0.7333
aurus-nsga2-apportion|aurus,ctrl_y,lily15,22,15,1.0,1.0,0.9333,0.7333
aurus-nsga2-apportion|aurus,cross,lily15,24,12,1.0,0.8333,0.8333,0.4167
aurus-nsga2-apportion|aurus,cross,lily15,25,12,1.0,0.9167,1.0,1.0
aurus-nsga2-apportion|aurus,ctrl_x,lily15,24,12,1.0,1.0,1.0,1.0
aurus-nsga2-apportion|aurus,ctrl_y,lily15,24,12,1.0,1.0,1.0,1.0
aurus-nsga2-apportion|aurus,cross,lily15,26,6,1.0,1.0,1.0,1.0
aurus-nsga2-apportion|aurus,cross,lily15,27,6,1.0,1.0,1.0,1.0
aurus-nsga2-apportion|aurus,ctrl_x,lily15,26,6,1.0,1.0,1.0,1.0
aurus-nsga2-apportion|aurus,ctrl_y,lily15,26,6,1.0,1.0,1.0,1.0
aurus-nsga2-apportion|aurus,cross,lily15,28,21,1.0,1.0,1.0,0.9048
aurus-nsga2-apportion|aurus,cross,lily15,29,21,0.9524,0.9048,0.9048,0.6667
aurus-nsga2-apportion|aurus,ctrl_x,lily15,28,21,1.0,1.0,1.0,0.9048
aurus-nsga2-apportion|aurus,ctrl_y,lily15,28,21,0.8571,1.0,1.0,1.0
mrs-nsga2-apportion|aurus,cross,lily16,0,16,0.9375,1.0,0.4375,0.8125
mrs-nsga2-apportion|aurus,cross,lily16,1,16,1.0,0.875,0.9375,1.0
mrs-nsga2-apportion|aurus,ctrl_x,lily16,0,16,0.875,1.0,0.4375,0.6875
mrs-nsga2-apportion|aurus,ctrl_y,lily16,0,16,1.0,1.0,0.9375,1.0
mrs-nsga2-apportion|aurus,cross,lily16,2,12,1.0,0.8333,0.8333,0.8333
mrs-nsga2-apportion|aurus,cross,lily16,3,12,1.0,0.8333,0.8333,1.0
mrs-nsga2-apportion|aurus,ctrl_x,lily16,2,12,0.8333,1.0,0.3333,1.0
mrs-nsga2-apportion|aurus,ctrl_y,lily16,2,12,1.0,1.0,1.0,0.8333
mrs-nsga2-apportion|aurus,cross,lily16,4,13,1.0,0.7692,0.3077,0.5385
mrs-nsga2-apportion|aurus,cross,lily16,5,13,1.0,0.6154,0.2308,0.0769
mrs-nsga2-apportion|aurus,ctrl_x,lily16,4,13,0.8462,1.0,0.0769,0.1538
mrs-nsga2-apportion|aurus,ctrl_y,lily16,4,13,1.0,1.0,1.0,0.6154
mrs-nsga2-apportion|aurus,cross,lily16,6,13,1.0,0.6923,0.5385,0.6923
mrs-nsga2-apportion|aurus,cross,lily16,7,13,1.0,0.7692,1.0,1.0
mrs-nsga2-apportion|aurus,ctrl_x,lily16,6,13,0.9231,1.0,1.0,0.7692
mrs-nsga2-apportion|aurus,ctrl_y,lily16,6,13,1.0,1.0,1.0,0.6923
mrs-nsga2-apportion|aurus,cross,lily16,8,7,1.0,1.0,1.0,1.0
mrs-nsga2-apportion|aurus,cross,lily16,9,7,1.0,0.0,1.0,0.0
mrs-nsga2-apportion|aurus,ctrl_x,lily16,8,7,1.0,1.0,1.0,1.0
mrs-nsga2-apportion|aurus,ctrl_y,lily16,8,7,1.0,1.0,1.0,1.0
mrs-nsga2-apportion|aurus,cross,lily16,10,6,1.0,1.0,1.0,1.0
mrs-nsga2-apportion|aurus,cross,lily16,11,6,1.0,0.1667,1.0,1.0
mrs-nsga2-apportion|aurus,ctrl_x,lily16,10,6,1.0,1.0,1.0,1.0
mrs-nsga2-apportion|aurus,ctrl_y,lily16,10,6,1.0,1.0,1.0,1.0
mrs-nsga2-apportion|aurus,cross,lily16,12,9,1.0,0.5556,0.8889,0.3333
mrs-nsga2-apportion|aurus,cross,lily16,13,9,1.0,0.6667,0.7778,1.0
mrs-nsga2-apportion|aurus,ctrl_x,lily16,12,9,1.0,1.0,0.8889,0.8889
mrs-nsga2-apportion|aurus,ctrl_y,lily16,12,9,1.0,1.0,1.0,1.0
mrs-nsga2-apportion|aurus,cross,lily16,16,11,1.0,1.0,0.0909,0.6364
mrs-nsga2-apportion|aurus,cross,lily16,17,11,1.0,0.8182,1.0,1.0
mrs-nsga2-apportion|aurus,ctrl_x,lily16,16,11,0.4545,1.0,0.1818,0.9091
mrs-nsga2-apportion|aurus,ctrl_y,lily16,16,11,1.0,0.5455,0.9091,1.0
mrs-nsga2-apportion|aurus,cross,lily16,18,7,1.0,0.5714,1.0,0.1429
mrs-nsga2-apportion|aurus,cross,lily16,19,7,1.0,1.0,1.0,0.7143
mrs-nsga2-apportion|aurus,ctrl_x,lily16,18,7,1.0,1.0,1.0,1.0
mrs-nsga2-apportion|aurus,ctrl_y,lily16,18,7,1.0,1.0,1.0,1.0
mrs-nsga2-apportion|aurus,cross,lily16,24,11,1.0,1.0,1.0,0.9091
mrs-nsga2-apportion|aurus,cross,lily16,25,11,1.0,0.7273,1.0,0.8182
mrs-nsga2-apportion|aurus,ctrl_x,lily16,24,11,1.0,0.8182,1.0,0.6364
mrs-nsga2-apportion|aurus,ctrl_y,lily16,24,11,1.0,0.9091,1.0,1.0
mrs-nsga2-apportion|aurus,cross,lily16,26,8,1.0,1.0,1.0,1.0
mrs-nsga2-apportion|aurus,cross,lily16,27,8,1.0,0.875,1.0,0.875
mrs-nsga2-apportion|aurus,ctrl_x,lily16,26,8,0.875,1.0,1.0,1.0
mrs-nsga2-apportion|aurus,ctrl_y,lily16,26,8,1.0,1.0,1.0,1.0
mrs-nsga2-apportion|aurus,cross,lily16,28,10,1.0,0.9,0.8,0.3
mrs-nsga2-apportion|aurus,cross,lily16,29,10,1.0,0.2,1.0,0.9
mrs-nsga2-apportion|aurus,ctrl_x,lily16,28,10,0.8,1.0,1.0,1.0
mrs-nsga2-apportion|aurus,ctrl_y,lily16,28,10,1.0,1.0,1.0,1.0
mrs-nsga2-apportion|mrs-weighted,cross,lily16,0,16,0.75,1.0,0.125,0.625
mrs-nsga2-apportion|mrs-weighted,cross,lily16,1,16,0.75,0.8125,0.9375,0.9375
mrs-nsga2-apportion|mrs-weighted,ctrl_x,lily16,0,16,0.875,1.0,0.4375,0.6875
mrs-nsga2-apportion|mrs-weighted,ctrl_y,lily16,0,16,1.0,0.8125,0.375,0.375
mrs-nsga2-apportion|mrs-weighted,cross,lily16,2,12,0.8333,1.0,0.9167,0.9167
mrs-nsga2-apportion|mrs-weighted,cross,lily16,3,12,1.0,1.0,1.0,1.0
mrs-nsga2-apportion|mrs-weighted,ctrl_x,lily16,2,12,0.8333,1.0,0.3333,1.0
mrs-nsga2-apportion|mrs-weighted,ctrl_y,lily16,2,12,0.8333,0.75,0.8333,0.6667
mrs-nsga2-apportion|mrs-weighted,cross,lily16,4,13,0.7692,0.9231,0.3077,1.0
mrs-nsga2-apportion|mrs-weighted,cross,lily16,5,13,1.0,1.0,0.5385,0.7692
mrs-nsga2-apportion|mrs-weighted,ctrl_x,lily16,4,13,0.8462,1.0,0.0769,0.1538
mrs-nsga2-apportion|mrs-weighted,ctrl_y,lily16,4,13,0.6923,1.0,0.0769,0.5385
mrs-nsga2-apportion|mrs-weighted,cross,lily16,6,13,1.0,1.0,0.3846,0.2308
mrs-nsga2-apportion|mrs-weighted,cross,lily16,7,13,0.9231,1.0,0.6923,1.0
mrs-nsga2-apportion|mrs-weighted,ctrl_x,lily16,6,13,0.9231,1.0,1.0,0.7692
mrs-nsga2-apportion|mrs-weighted,ctrl_y,lily16,6,13,0.7692,1.0,0.8462,0.6923
mrs-nsga2-apportion|mrs-weighted,cross,lily16,8,7,1.0,1.0,1.0,1.0
mrs-nsga2-apportion|mrs-weighted,cross,lily16,9,7,1.0,0.8571,1.0,0.1429
mrs-nsga2-apportion|mrs-weighted,ctrl_x,lily16,8,7,1.0,1.0,1.0,1.0
mrs-nsga2-apportion|mrs-weighted,ctrl_y,lily16,8,7,1.0,1.0,1.0,0.8571
mrs-nsga2-apportion|mrs-weighted,cross,lily16,10,6,1.0,0.6667,1.0,1.0
mrs-nsga2-apportion|mrs-weighted,cross,lily16,11,6,1.0,1.0,1.0,1.0
mrs-nsga2-apportion|mrs-weighted,ctrl_x,lily16,10,6,1.0,1.0,1.0,1.0
mrs-nsga2-apportion|mrs-weighted,ctrl_y,lily16,10,6,1.0,1.0,1.0,1.0
mrs-nsga2-apportion|mrs-weighted,cross,lily16,12,9,1.0,0.8889,1.0,1.0
mrs-nsga2-apportion|mrs-weighted,cross,lily16,13,9,1.0,0.7778,0.8889,0.3333
mrs-nsga2-apportion|mrs-weighted,ctrl_x,lily16,12,9,1.0,1.0,0.8889,0.8889
mrs-nsga2-apportion|mrs-weighted,ctrl_y,lily16,12,9,0.8889,0.8889,0.6667,1.0
mrs-nsga2-apportion|mrs-weighted,cross,lily16,16,11,0.3636,1.0,0.0909,1.0
mrs-nsga2-apportion|mrs-weighted,cross,lily16,17,11,0.9091,1.0,1.0,1.0
mrs-nsga2-apportion|mrs-weighted,ctrl_x,lily16,16,11,0.4545,1.0,0.1818,0.9091
mrs-nsga2-apportion|mrs-weighted,ctrl_y,lily16,16,11,0.3636,1.0,0.3636,0.7273
mrs-nsga2-apportion|mrs-weighted,cross,lily16,18,7,1.0,1.0,1.0,0.2857
mrs-nsga2-apportion|mrs-weighted,cross,lily16,19,7,1.0,1.0,1.0,0.7143
mrs-nsga2-apportion|mrs-weighted,ctrl_x,lily16,18,7,1.0,1.0,1.0,1.0
mrs-nsga2-apportion|mrs-weighted,ctrl_y,lily16,18,7,1.0,1.0,1.0,1.0
mrs-nsga2-apportion|mrs-weighted,cross,lily16,24,11,1.0,1.0,0.5455,0.4545
mrs-nsga2-apportion|mrs-weighted,cross,lily16,25,11,0.7273,1.0,0.8182,1.0
mrs-nsga2-apportion|mrs-weighted,ctrl_x,lily16,24,11,1.0,0.8182,1.0,0.6364
mrs-nsga2-apportion|mrs-weighted,ctrl_y,lily16,24,11,1.0,1.0,0.1818,0.5455
mrs-nsga2-apportion|mrs-weighted,cross,lily16,26,8,0.125,1.0,0.125,0.25
mrs-nsga2-apportion|mrs-weighted,cross,lily16,27,8,1.0,0.625,1.0,0.25
mrs-nsga2-apportion|mrs-weighted,ctrl_x,lily16,26,8,0.875,1.0,1.0,1.0
mrs-nsga2-apportion|mrs-weighted,ctrl_y,lily16,26,8,1.0,0.625,1.0,1.0
mrs-nsga2-apportion|mrs-weighted,cross,lily16,28,10,0.9,1.0,0.9,1.0
mrs-nsga2-apportion|mrs-weighted,cross,lily16,29,10,1.0,0.6,1.0,1.0
mrs-nsga2-apportion|mrs-weighted,ctrl_x,lily16,28,10,0.8,1.0,1.0,1.0
mrs-nsga2-apportion|mrs-weighted,ctrl_y,lily16,28,10,1.0,0.8,0.9,1.0
mrs-nsga2-apportion|aurus,cross,load-balancer-aurus,0,20,0.35,1.0,0.45,0.95
mrs-nsga2-apportion|aurus,cross,load-balancer-aurus,1,20,0.6,1.0,0.95,0.95
mrs-nsga2-apportion|aurus,ctrl_x,load-balancer-aurus,0,20,0.75,0.9,0.75,1.0
mrs-nsga2-apportion|aurus,ctrl_y,load-balancer-aurus,0,20,0.85,0.9,1.0,1.0
mrs-nsga2-apportion|aurus,cross,load-balancer-aurus,2,31,0.4516,0.9677,0.6129,0.871
mrs-nsga2-apportion|aurus,cross,load-balancer-aurus,3,31,0.6129,1.0,0.5806,0.5806
mrs-nsga2-apportion|aurus,ctrl_x,load-balancer-aurus,2,31,1.0,0.9355,1.0,0.8065
mrs-nsga2-apportion|aurus,ctrl_y,load-balancer-aurus,2,31,0.871,0.8387,0.9355,0.9355
mrs-nsga2-apportion|aurus,cross,load-balancer-aurus,4,32,0.5625,1.0,0.1562,0.875
mrs-nsga2-apportion|aurus,cross,load-balancer-aurus,5,32,0.6562,0.9688,0.7812,0.375
mrs-nsga2-apportion|aurus,ctrl_x,load-balancer-aurus,4,32,0.8438,0.8125,0.7812,0.875
mrs-nsga2-apportion|aurus,ctrl_y,load-balancer-aurus,4,32,0.875,0.75,1.0,0.8125
mrs-nsga2-apportion|aurus,cross,load-balancer-aurus,6,26,0.5769,1.0,0.1538,0.4231
mrs-nsga2-apportion|aurus,cross,load-balancer-aurus,7,26,0.5385,0.6538,0.6923,0.8462
mrs-nsga2-apportion|aurus,ctrl_x,load-balancer-aurus,6,26,0.7308,1.0,0.6538,0.5385
mrs-nsga2-apportion|aurus,ctrl_y,load-balancer-aurus,6,26,0.7692,0.8462,0.7692,0.8462
mrs-nsga2-apportion|aurus,cross,load-balancer-aurus,8,25,0.52,1.0,0.4,0.8
mrs-nsga2-apportion|aurus,cross,load-balancer-aurus,9,25,0.56,0.88,0.32,0.68
mrs-nsga2-apportion|aurus,ctrl_x,load-balancer-aurus,8,25,0.8,0.96,0.92,0.96
mrs-nsga2-apportion|aurus,ctrl_y,load-balancer-aurus,8,25,0.84,0.88,0.96,0.96
mrs-nsga2-apportion|aurus,cross,load-balancer-aurus,10,30,0.2,0.9667,0.1667,0.6667
mrs-nsga2-apportion|aurus,cross,load-balancer-aurus,11,30,0.3667,0.9,0.1333,0.6333
mrs-nsga2-apportion|aurus,ctrl_x,load-balancer-aurus,10,30,0.7,0.9,0.7,0.8667
mrs-nsga2-apportion|aurus,ctrl_y,load-balancer-aurus,10,30,0.9667,0.8333,0.9667,0.9667
mrs-nsga2-apportion|aurus,cross,load-balancer-aurus,12,25,0.64,0.96,0.36,0.72
mrs-nsga2-apportion|aurus,cross,load-balancer-aurus,13,25,0.4,1.0,0.76,0.72
mrs-nsga2-apportion|aurus,ctrl_x,load-balancer-aurus,12,25,1.0,0.8,0.88,0.96
mrs-nsga2-apportion|aurus,ctrl_y,load-balancer-aurus,12,25,0.88,0.8,0.92,1.0
mrs-nsga2-apportion|aurus,cross,load-balancer-aurus,14,22,0.7273,0.9091,0.7273,0.7273
mrs-nsga2-apportion|aurus,cross,load-balancer-aurus,15,22,0.6818,1.0,0.7273,0.8636
mrs-nsga2-apportion|aurus,ctrl_x,load-balancer-aurus,14,22,0.9545,0.9091,1.0,0.9545
mrs-nsga2-apportion|aurus,ctrl_y,load-balancer-aurus,14,22,0.9091,0.9545,0.9545,1.0
mrs-nsga2-apportion|aurus,cross,load-balancer-aurus,16,33,0.5758,1.0,0.303,0.7576
mrs-nsga2-apportion|aurus,cross,load-balancer-aurus,17,33,0.4848,0.9697,0.1515,0.5455
mrs-nsga2-apportion|aurus,ctrl_x,load-balancer-aurus,16,33,0.3636,0.7576,0.3636,0.3636
mrs-nsga2-apportion|aurus,ctrl_y,load-balancer-aurus,16,33,0.9394,0.8485,0.9697,0.7879
mrs-nsga2-apportion|aurus,cross,load-balancer-aurus,18,23,0.2174,1.0,0.2609,0.3913
mrs-nsga2-apportion|aurus,cross,load-balancer-aurus,19,23,0.6957,1.0,0.3913,0.5217
mrs-nsga2-apportion|aurus,ctrl_x,load-balancer-aurus,18,23,0.6522,0.8261,0.7391,0.3043
mrs-nsga2-apportion|aurus,ctrl_y,load-balancer-aurus,18,23,1.0,0.8261,1.0,0.8261
mrs-nsga2-apportion|aurus,cross,load-balancer-aurus,20,34,0.6471,0.9412,0.5,0.5294
mrs-nsga2-apportion|aurus,cross,load-balancer-aurus,21,34,0.5588,0.9706,0.2941,0.5882
mrs-nsga2-apportion|aurus,ctrl_x,load-balancer-aurus,20,34,0.9706,0.6471,0.8529,0.7059
mrs-nsga2-apportion|aurus,ctrl_y,load-balancer-aurus,20,34,0.7059,0.8824,0.8824,0.9412
mrs-nsga2-apportion|aurus,cross,load-balancer-aurus,22,18,0.6667,1.0,0.5,0.6111
mrs-nsga2-apportion|aurus,cross,load-balancer-aurus,23,18,0.2222,1.0,0.5,0.9444
mrs-nsga2-apportion|aurus,ctrl_x,load-balancer-aurus,22,18,0.9444,0.7222,0.4444,0.6111
mrs-nsga2-apportion|aurus,ctrl_y,load-balancer-aurus,22,18,0.8333,0.8333,0.9444,0.9444
mrs-nsga2-apportion|aurus,cross,load-balancer-aurus,24,20,0.5,1.0,0.95,1.0
mrs-nsga2-apportion|aurus,cross,load-balancer-aurus,25,20,0.1,1.0,0.2,0.75
mrs-nsga2-apportion|aurus,ctrl_x,load-balancer-aurus,24,20,1.0,0.75,1.0,0.55
mrs-nsga2-apportion|aurus,ctrl_y,load-balancer-aurus,24,20,0.9,0.95,0.75,1.0
mrs-nsga2-apportion|aurus,cross,load-balancer-aurus,26,29,0.5172,0.931,0.2414,0.3793
mrs-nsga2-apportion|aurus,cross,load-balancer-aurus,27,29,0.3103,0.9655,0.1379,0.5862
mrs-nsga2-apportion|aurus,ctrl_x,load-balancer-aurus,26,29,0.931,0.9655,0.5172,0.5172
mrs-nsga2-apportion|aurus,ctrl_y,load-balancer-aurus,26,29,0.9655,0.8966,1.0,1.0
mrs-nsga2-apportion|aurus,cross,load-balancer-aurus,28,21,0.7143,0.9524,0.381,0.9048
mrs-nsga2-apportion|aurus,cross,load-balancer-aurus,29,21,0.6667,1.0,0.619,0.5714
mrs-nsga2-apportion|aurus,ctrl_x,load-balancer-aurus,28,21,0.9048,0.6667,0.2857,1.0
mrs-nsga2-apportion|aurus,ctrl_y,load-balancer-aurus,28,21,0.619,1.0,0.6667,0.7619
mrs-nsga2-apportion|aurus-nsga2-apportion,cross,load-balancer-aurus,0,6,1.0,0.3333,1.0,1.0
mrs-nsga2-apportion|aurus-nsga2-apportion,cross,load-balancer-aurus,1,6,1.0,0.8333,1.0,1.0
mrs-nsga2-apportion|aurus-nsga2-apportion,ctrl_x,load-balancer-aurus,0,6,1.0,1.0,1.0,1.0
mrs-nsga2-apportion|aurus-nsga2-apportion,ctrl_y,load-balancer-aurus,0,6,1.0,0.8333,1.0,1.0
mrs-nsga2-apportion|aurus-nsga2-apportion,cross,load-balancer-aurus,2,6,1.0,1.0,1.0,1.0
mrs-nsga2-apportion|aurus-nsga2-apportion,cross,load-balancer-aurus,3,6,1.0,0.8333,1.0,1.0
mrs-nsga2-apportion|aurus-nsga2-apportion,ctrl_x,load-balancer-aurus,2,6,1.0,1.0,1.0,1.0
mrs-nsga2-apportion|aurus-nsga2-apportion,ctrl_y,load-balancer-aurus,2,6,1.0,0.8333,1.0,1.0
mrs-nsga2-apportion|aurus-nsga2-apportion,cross,load-balancer-aurus,12,8,1.0,0.875,1.0,1.0
mrs-nsga2-apportion|aurus-nsga2-apportion,cross,load-balancer-aurus,13,8,0.875,0.625,1.0,1.0
mrs-nsga2-apportion|aurus-nsga2-apportion,ctrl_x,load-balancer-aurus,12,8,1.0,0.75,1.0,0.75
mrs-nsga2-apportion|aurus-nsga2-apportion,ctrl_y,load-balancer-aurus,12,8,1.0,0.375,0.25,0.875
mrs-nsga2-apportion|aurus-nsga2-apportion,cross,load-balancer-aurus,22,11,0.9091,1.0,1.0,0.8182
mrs-nsga2-apportion|aurus-nsga2-apportion,cross,load-balancer-aurus,23,11,1.0,0.8182,1.0,0.9091
mrs-nsga2-apportion|aurus-nsga2-apportion,ctrl_x,load-balancer-aurus,22,11,1.0,0.8182,0.4545,0.9091
mrs-nsga2-apportion|aurus-nsga2-apportion,ctrl_y,load-balancer-aurus,22,11,1.0,0.4545,0.4545,0.1818
mrs-nsga2-apportion|mrs-weighted,cross,load-balancer-aurus,0,20,0.7,1.0,0.85,0.95
mrs-nsga2-apportion|mrs-weighted,cross,load-balancer-aurus,1,20,0.8,0.65,0.95,0.5
mrs-nsga2-apportion|mrs-weighted,ctrl_x,load-balancer-aurus,0,20,0.75,0.9,0.75,1.0
mrs-nsga2-apportion|mrs-weighted,ctrl_y,load-balancer-aurus,0,20,0.85,0.8,0.95,1.0
mrs-nsga2-apportion|mrs-weighted,cross,load-balancer-aurus,2,31,0.7097,0.9355,1.0,1.0
mrs-nsga2-apportion|mrs-weighted,cross,load-balancer-aurus,3,31,0.8387,1.0,0.5161,0.3871
mrs-nsga2-apportion|mrs-weighted,ctrl_x,load-balancer-aurus,2,31,1.0,0.9355,1.0,0.8065
mrs-nsga2-apportion|mrs-weighted,ctrl_y,load-balancer-aurus,2,31,0.8387,0.9355,0.4516,0.2258
mrs-nsga2-apportion|mrs-weighted,cross,load-balancer-aurus,4,32,0.7188,1.0,0.6562,0.875
mrs-nsga2-apportion|mrs-weighted,cross,load-balancer-aurus,5,32,0.5938,0.9375,0.6562,0.5
mrs-nsga2-apportion|mrs-weighted,ctrl_x,load-balancer-aurus,4,32,0.8438,0.8125,0.7812,0.875
mrs-nsga2-apportion|mrs-weighted,ctrl_y,load-balancer-aurus,4,32,0.875,0.9062,0.625,0.6875
mrs-nsga2-apportion|mrs-weighted,cross,load-balancer-aurus,6,26,0.8077,1.0,0.6923,1.0
mrs-nsga2-apportion|mrs-weighted,cross,load-balancer-aurus,7,26,0.3846,0.6538,0.4231,0.2308
mrs-nsga2-apportion|mrs-weighted,ctrl_x,load-balancer-aurus,6,26,0.7308,1.0,0.6538,0.5385
mrs-nsga2-apportion|mrs-weighted,ctrl_y,load-balancer-aurus,6,26,0.6538,0.7308,0.3846,0.1538
mrs-nsga2-apportion|mrs-weighted,cross,load-balancer-aurus,8,25,1.0,0.8,0.76,0.12
mrs-nsga2-apportion|mrs-weighted,cross,load-balancer-aurus,9,25,0.96,0.84,0.96,0.36
mrs-nsga2-apportion|mrs-weighted,ctrl_x,load-balancer-aurus,8,25,0.8,0.96,0.92,0.96
mrs-nsga2-apportion|mrs-weighted,ctrl_y,load-balancer-aurus,8,25,0.68,1.0,0.08,0.52
mrs-nsga2-apportion|mrs-weighted,cross,load-balancer-aurus,10,30,0.8333,0.9333,0.7,0.9667
mrs-nsga2-apportion|mrs-weighted,cross,load-balancer-aurus,11,30,0.7667,0.8333,0.9,1.0
mrs-nsga2-apportion|mrs-weighted,ctrl_x,load-balancer-aurus,10,30,0.7,0.9,0.7,0.8667
mrs-nsga2-apportion|mrs-weighted,ctrl_y,load-balancer-aurus,10,30,0.5333,0.8333,0.6667,0.9333
mrs-nsga2-apportion|mrs-weighted,cross,load-balancer-aurus,12,25,0.8,0.84,0.84,0.76
mrs-nsga2-apportion|mrs-weighted,cross,load-balancer-aurus,13,25,0.76,1.0,0.96,1.0
mrs-nsga2-apportion|mrs-weighted,ctrl_x,load-balancer-aurus,12,25,1.0,0.8,0.88,0.96
mrs-nsga2-apportion|mrs-weighted,ctrl_y,load-balancer-aurus,12,25,0.88,0.76,0.56,0.72
mrs-nsga2-apportion|mrs-weighted,cross,load-balancer-aurus,14,22,0.9091,0.8636,1.0,0.8636
mrs-nsga2-apportion|mrs-weighted,cross,load-balancer-aurus,15,22,0.8182,0.9545,0.8636,1.0
mrs-nsga2-apportion|mrs-weighted,ctrl_x,load-balancer-aurus,14,22,0.9545,0.9091,1.0,0.9545
mrs-nsga2-apportion|mrs-weighted,ctrl_y,load-balancer-aurus,14,22,0.8636,0.9545,1.0,0.8636
mrs-nsga2-apportion|mrs-weighted,cross,load-balancer-aurus,16,33,0.6667,0.9091,1.0,0.8182
mrs-nsga2-apportion|mrs-weighted,cross,load-balancer-aurus,17,33,0.8182,0.9394,0.4242,1.0
mrs-nsga2-apportion|mrs-weighted,ctrl_x,load-balancer-aurus,16,33,0.3636,0.7576,0.3636,0.3636
mrs-nsga2-apportion|mrs-weighted,ctrl_y,load-balancer-aurus,16,33,0.8788,0.8485,0.6061,0.9091
mrs-nsga2-apportion|mrs-weighted,cross,load-balancer-aurus,18,23,0.6957,0.7826,0.6087,0.3478
mrs-nsga2-apportion|mrs-weighted,cross,load-balancer-aurus,19,23,0.913,0.7826,0.6957,0.7826
mrs-nsga2-apportion|mrs-weighted,ctrl_x,load-balancer-aurus,18,23,0.6522,0.8261,0.7391,0.3043
mrs-nsga2-apportion|mrs-weighted,ctrl_y,load-balancer-aurus,18,23,0.3478,0.7391,0.3913,0.2174
mrs-nsga2-apportion|mrs-weighted,cross,load-balancer-aurus,20,34,0.9118,0.8824,0.9412,0.5294
mrs-nsga2-apportion|mrs-weighted,cross,load-balancer-aurus,21,34,0.7941,0.7647,0.9412,0.9706
mrs-nsga2-apportion|mrs-weighted,ctrl_x,load-balancer-aurus,20,34,0.9706,0.6471,0.8529,0.7059
mrs-nsga2-apportion|mrs-weighted,ctrl_y,load-balancer-aurus,20,34,0.8235,0.7353,0.5,0.4412
mrs-nsga2-apportion|mrs-weighted,cross,load-balancer-aurus,22,18,1.0,0.6667,0.7778,0.8889
mrs-nsga2-apportion|mrs-weighted,cross,load-balancer-aurus,23,18,0.9444,0.4444,0.6111,1.0
mrs-nsga2-apportion|mrs-weighted,ctrl_x,load-balancer-aurus,22,18,0.9444,0.7222,0.4444,0.6111
mrs-nsga2-apportion|mrs-weighted,ctrl_y,load-balancer-aurus,22,18,0.9444,0.0556,0.1111,0.0556
mrs-nsga2-apportion|mrs-weighted,cross,load-balancer-aurus,24,20,0.6,0.95,0.55,1.0
mrs-nsga2-apportion|mrs-weighted,cross,load-balancer-aurus,25,20,0.75,0.95,0.9,1.0
mrs-nsga2-apportion|mrs-weighted,ctrl_x,load-balancer-aurus,24,20,1.0,0.75,1.0,0.55
mrs-nsga2-apportion|mrs-weighted,ctrl_y,load-balancer-aurus,24,20,0.9,0.3,1.0,0.4
mrs-nsga2-apportion|mrs-weighted,cross,load-balancer-aurus,26,29,0.7586,1.0,0.9655,0.931
mrs-nsga2-apportion|mrs-weighted,cross,load-balancer-aurus,27,29,0.3448,0.9655,0.5862,0.5172
mrs-nsga2-apportion|mrs-weighted,ctrl_x,load-balancer-aurus,26,29,0.931,0.9655,0.5172,0.5172
mrs-nsga2-apportion|mrs-weighted,ctrl_y,load-balancer-aurus,26,29,0.8621,0.7931,0.3793,0.3793
mrs-nsga2-apportion|mrs-weighted,cross,load-balancer-aurus,28,21,0.7143,1.0,0.381,0.5714
mrs-nsga2-apportion|mrs-weighted,cross,load-balancer-aurus,29,21,1.0,0.2857,0.4762,1.0
mrs-nsga2-apportion|mrs-weighted,ctrl_x,load-balancer-aurus,28,21,0.9048,0.6667,0.2857,1.0
mrs-nsga2-apportion|mrs-weighted,ctrl_y,load-balancer-aurus,28,21,0.9048,0.8095,0.5238,0.2857
aurus-nsga2-apportion|aurus,cross,load-balancer-aurus,0,6,0.0,1.0,0.0,1.0
aurus-nsga2-apportion|aurus,cross,load-balancer-aurus,1,6,0.6667,1.0,1.0,1.0
aurus-nsga2-apportion|aurus,ctrl_x,load-balancer-aurus,0,6,1.0,0.8333,1.0,1.0
aurus-nsga2-apportion|aurus,ctrl_y,load-balancer-aurus,0,6,1.0,0.8333,1.0,1.0
aurus-nsga2-apportion|aurus,cross,load-balancer-aurus,2,6,0.6667,1.0,1.0,1.0
aurus-nsga2-apportion|aurus,cross,load-balancer-aurus,3,6,0.3333,1.0,1.0,1.0
aurus-nsga2-apportion|aurus,ctrl_x,load-balancer-aurus,2,6,1.0,0.8333,1.0,1.0
aurus-nsga2-apportion|aurus,ctrl_y,load-balancer-aurus,2,6,0.5,1.0,1.0,1.0
aurus-nsga2-apportion|aurus,cross,load-balancer-aurus,12,8,0.625,1.0,0.25,1.0
aurus-nsga2-apportion|aurus,cross,load-balancer-aurus,13,8,0.375,1.0,1.0,1.0
aurus-nsga2-apportion|aurus,ctrl_x,load-balancer-aurus,12,8,1.0,0.25,0.25,0.875
aurus-nsga2-apportion|aurus,ctrl_y,load-balancer-aurus,12,8,0.625,1.0,1.0,1.0
aurus-nsga2-apportion|aurus,cross,load-balancer-aurus,22,11,0.5455,1.0,0.4545,0.9091
aurus-nsga2-apportion|aurus,cross,load-balancer-aurus,23,11,0.1818,1.0,0.1818,0.9091
aurus-nsga2-apportion|aurus,ctrl_x,load-balancer-aurus,22,11,1.0,0.4545,0.4545,0.1818
aurus-nsga2-apportion|aurus,ctrl_y,load-balancer-aurus,22,11,1.0,0.8182,0.5455,0.9091
mrs-nsga2-apportion|aurus,cross,ltl2dba-r-2,0,17,1.0,0.5882,0.9412,1.0
mrs-nsga2-apportion|aurus,cross,ltl2dba-r-2,1,17,0.8824,0.8824,0.8824,1.0
mrs-nsga2-apportion|aurus,ctrl_x,ltl2dba-r-2,0,17,1.0,0.7059,1.0,1.0
mrs-nsga2-apportion|aurus,ctrl_y,ltl2dba-r-2,0,17,0.8824,1.0,0.9412,1.0
mrs-nsga2-apportion|aurus,cross,ltl2dba-r-2,2,27,0.9259,0.6296,1.0,0.9259
mrs-nsga2-apportion|aurus,cross,ltl2dba-r-2,3,27,0.4444,0.7407,0.963,0.8148
mrs-nsga2-apportion|aurus,ctrl_x,ltl2dba-r-2,2,27,0.9259,0.8148,0.963,1.0
mrs-nsga2-apportion|aurus,ctrl_y,ltl2dba-r-2,2,27,0.963,1.0,1.0,0.963
mrs-nsga2-apportion|aurus,cross,ltl2dba-r-2,4,20,0.95,0.8,0.95,1.0
mrs-nsga2-apportion|aurus,cross,ltl2dba-r-2,5,20,1.0,0.75,1.0,0.8
mrs-nsga2-apportion|aurus,ctrl_x,ltl2dba-r-2,4,20,0.95,0.95,0.95,1.0
mrs-nsga2-apportion|aurus,ctrl_y,ltl2dba-r-2,4,20,0.95,1.0,1.0,0.95
mrs-nsga2-apportion|aurus,cross,ltl2dba-r-2,6,29,0.931,0.8966,0.7586,1.0
mrs-nsga2-apportion|aurus,cross,ltl2dba-r-2,7,29,0.8276,0.6552,0.8621,0.8276
mrs-nsga2-apportion|aurus,ctrl_x,ltl2dba-r-2,6,29,0.931,0.8276,1.0,1.0
mrs-nsga2-apportion|aurus,ctrl_y,ltl2dba-r-2,6,29,0.8966,0.9655,1.0,1.0
mrs-nsga2-apportion|aurus,cross,ltl2dba-r-2,8,19,1.0,0.4211,1.0,0.8947
mrs-nsga2-apportion|aurus,cross,ltl2dba-r-2,9,19,0.9474,0.4211,0.9474,0.7368
mrs-nsga2-apportion|aurus,ctrl_x,ltl2dba-r-2,8,19,0.8947,1.0,1.0,1.0
mrs-nsga2-apportion|aurus,ctrl_y,ltl2dba-r-2,8,19,0.9474,0.6842,1.0,1.0
mrs-nsga2-apportion|aurus,cross,ltl2dba-r-2,10,26,0.9615,0.7692,1.0,0.8462
mrs-nsga2-apportion|aurus,cross,ltl2dba-r-2,11,26,0.9615,0.7692,1.0,1.0
mrs-nsga2-apportion|aurus,ctrl_x,ltl2dba-r-2,10,26,0.9615,0.8077,1.0,1.0
mrs-nsga2-apportion|aurus,ctrl_y,ltl2dba-r-2,10,26,1.0,0.8846,0.7308,0.8846
mrs-nsga2-apportion|aurus,cross,ltl2dba-r-2,12,18,1.0,0.8889,1.0,1.0
mrs-nsga2-apportion|aurus,cross,ltl2dba-r-2,13,18,1.0,0.8333,1.0,1.0
mrs-nsga2-apportion|aurus,ctrl_x,ltl2dba-r-2,12,18,0.6111,0.9444,1.0,1.0
mrs-nsga2-apportion|aurus,ctrl_y,ltl2dba-r-2,12,18,1.0,1.0,1.0,0.8889
mrs-nsga2-apportion|aurus,cross,ltl2dba-r-2,14,32,0.9375,0.8438,1.0,0.8438
mrs-nsga2-apportion|aurus,cross,ltl2dba-r-2,15,32,0.9375,0.7188,1.0,0.9688
mrs-nsga2-apportion|aurus,ctrl_x,ltl2dba-r-2,14,32,0.9062,0.9375,1.0,0.875
mrs-nsga2-apportion|aurus,ctrl_y,ltl2dba-r-2,14,32,1.0,0.9375,1.0,0.9375
mrs-nsga2-apportion|aurus,cross,ltl2dba-r-2,16,23,0.913,0.7391,1.0,0.9565
mrs-nsga2-apportion|aurus,cross,ltl2dba-r-2,17,23,0.9565,0.7391,0.9565,0.9565
mrs-nsga2-apportion|aurus,ctrl_x,ltl2dba-r-2,16,23,1.0,0.913,1.0,1.0
mrs-nsga2-apportion|aurus,ctrl_y,ltl2dba-r-2,16,23,0.8261,0.7826,1.0,0.8696
mrs-nsga2-apportion|aurus,cross,ltl2dba-r-2,18,12,0.9167,0.8333,1.0,0.9167
mrs-nsga2-apportion|aurus,cross,ltl2dba-r-2,19,12,1.0,0.6667,1.0,0.75
mrs-nsga2-apportion|aurus,ctrl_x,ltl2dba-r-2,18,12,0.5833,1.0,1.0,1.0
mrs-nsga2-apportion|aurus,ctrl_y,ltl2dba-r-2,18,12,1.0,0.8333,1.0,0.9167
mrs-nsga2-apportion|aurus,cross,ltl2dba-r-2,20,22,0.9545,0.7727,0.4091,0.7273
mrs-nsga2-apportion|aurus,cross,ltl2dba-r-2,21,22,0.9091,0.6364,1.0,1.0
mrs-nsga2-apportion|aurus,ctrl_x,ltl2dba-r-2,20,22,0.8636,0.9091,1.0,1.0
mrs-nsga2-apportion|aurus,ctrl_y,ltl2dba-r-2,20,22,0.8636,1.0,0.9545,0.5
mrs-nsga2-apportion|aurus,cross,ltl2dba-r-2,22,20,0.95,0.9,1.0,1.0
mrs-nsga2-apportion|aurus,cross,ltl2dba-r-2,23,20,0.9,1.0,1.0,0.95
mrs-nsga2-apportion|aurus,ctrl_x,ltl2dba-r-2,22,20,0.8,1.0,0.95,1.0
mrs-nsga2-apportion|aurus,ctrl_y,ltl2dba-r-2,22,20,1.0,1.0,1.0,1.0
mrs-nsga2-apportion|aurus,cross,ltl2dba-r-2,24,24,1.0,0.625,1.0,0.9583
mrs-nsga2-apportion|aurus,cross,ltl2dba-r-2,25,24,0.75,0.6667,0.8333,0.9167
mrs-nsga2-apportion|aurus,ctrl_x,ltl2dba-r-2,24,24,1.0,0.875,1.0,0.75
mrs-nsga2-apportion|aurus,ctrl_y,ltl2dba-r-2,24,24,1.0,1.0,1.0,1.0
mrs-nsga2-apportion|aurus,cross,ltl2dba-r-2,26,23,1.0,0.7391,0.913,0.9565
mrs-nsga2-apportion|aurus,cross,ltl2dba-r-2,27,23,0.8696,0.8261,1.0,1.0
mrs-nsga2-apportion|aurus,ctrl_x,ltl2dba-r-2,26,23,0.8696,0.913,1.0,1.0
mrs-nsga2-apportion|aurus,ctrl_y,ltl2dba-r-2,26,23,0.8696,0.8696,1.0,0.913
mrs-nsga2-apportion|aurus,cross,ltl2dba-r-2,28,17,1.0,0.7647,1.0,1.0
mrs-nsga2-apportion|aurus,cross,ltl2dba-r-2,29,17,1.0,0.4706,0.9412,1.0
mrs-nsga2-apportion|aurus,ctrl_x,ltl2dba-r-2,28,17,0.9412,1.0,1.0,1.0
mrs-nsga2-apportion|aurus,ctrl_y,ltl2dba-r-2,28,17,0.8824,0.7647,1.0,1.0
mrs-nsga2-apportion|aurus-nsga2-apportion,cross,ltl2dba-r-2,0,17,0.9412,0.9412,1.0,1.0
mrs-nsga2-apportion|aurus-nsga2-apportion,cross,ltl2dba-r-2,1,17,0.9412,0.9412,1.0,1.0
mrs-nsga2-apportion|aurus-nsga2-apportion,ctrl_x,ltl2dba-r-2,0,17,1.0,0.7059,1.0,1.0
mrs-nsga2-apportion|aurus-nsga2-apportion,ctrl_y,ltl2dba-r-2,0,17,0.8824,0.8235,1.0,1.0
mrs-nsga2-apportion|aurus-nsga2-apportion,cross,ltl2dba-r-2,2,28,0.9643,0.9286,1.0,0.9643
mrs-nsga2-apportion|aurus-nsga2-apportion,cross,ltl2dba-r-2,3,28,0.9286,0.9286,1.0,1.0
mrs-nsga2-apportion|aurus-nsga2-apportion,ctrl_x,ltl2dba-r-2,2,28,0.8929,0.8929,0.9643,0.9643
mrs-nsga2-apportion|aurus-nsga2-apportion,ctrl_y,ltl2dba-r-2,2,28,0.6071,0.8929,1.0,1.0
mrs-nsga2-apportion|aurus-nsga2-apportion,cross,ltl2dba-r-2,4,20,0.95,1.0,1.0,1.0
mrs-nsga2-apportion|aurus-nsga2-apportion,cross,ltl2dba-r-2,5,20,1.0,1.0,1.0,1.0
mrs-nsga2-apportion|aurus-nsga2-apportion,ctrl_x,ltl2dba-r-2,4,20,0.95,0.95,0.95,1.0
mrs-nsga2-apportion|aurus-nsga2-apportion,ctrl_y,ltl2dba-r-2,4,20,0.95,0.85,0.95,0.85
mrs-nsga2-apportion|aurus-nsga2-apportion,cross,ltl2dba-r-2,6,22,0.8636,1.0,0.9545,1.0
mrs-nsga2-apportion|aurus-nsga2-apportion,cross,ltl2dba-r-2,7,22,0.9091,1.0,1.0,1.0
mrs-nsga2-apportion|aurus-nsga2-apportion,ctrl_x,ltl2dba-r-2,6,22,0.9545,0.9545,1.0,1.0
mrs-nsga2-apportion|aurus-nsga2-apportion,ctrl_y,ltl2dba-r-2,6,22,0.8636,0.9545,1.0,1.0
mrs-nsga2-apportion|aurus-nsga2-apportion,cross,ltl2dba-r-2,8,19,1.0,0.9474,1.0,1.0
mrs-nsga2-apportion|aurus-nsga2-apportion,cross,ltl2dba-r-2,9,19,1.0,0.7368,1.0,0.9474
mrs-nsga2-apportion|aurus-nsga2-apportion,ctrl_x,ltl2dba-r-2,8,19,0.8947,1.0,1.0,1.0
mrs-nsga2-apportion|aurus-nsga2-apportion,ctrl_y,ltl2dba-r-2,8,19,0.7895,0.8421,1.0,1.0
mrs-nsga2-apportion|aurus-nsga2-apportion,cross,ltl2dba-r-2,10,26,0.9615,0.9615,1.0,0.9615
mrs-nsga2-apportion|aurus-nsga2-apportion,cross,ltl2dba-r-2,11,26,0.9615,0.9615,1.0,1.0
mrs-nsga2-apportion|aurus-nsga2-apportion,ctrl_x,ltl2dba-r-2,10,26,0.9615,0.8077,1.0,1.0
mrs-nsga2-apportion|aurus-nsga2-apportion,ctrl_y,ltl2dba-r-2,10,26,1.0,0.6923,0.9231,1.0
mrs-nsga2-apportion|aurus-nsga2-apportion,cross,ltl2dba-r-2,12,18,1.0,1.0,1.0,1.0
mrs-nsga2-apportion|aurus-nsga2-apportion,cross,ltl2dba-r-2,13,18,0.9444,1.0,1.0,1.0
mrs-nsga2-apportion|aurus-nsga2-apportion,ctrl_x,ltl2dba-r-2,12,18,0.6111,0.9444,1.0,1.0
mrs-nsga2-apportion|aurus-nsga2-apportion,ctrl_y,ltl2dba-r-2,12,18,0.8889,0.8333,1.0,1.0
mrs-nsga2-apportion|aurus-nsga2-apportion,cross,ltl2dba-r-2,14,24,0.9167,1.0,1.0,1.0
mrs-nsga2-apportion|aurus-nsga2-apportion,cross,ltl2dba-r-2,15,24,1.0,1.0,0.9167,1.0
mrs-nsga2-apportion|aurus-nsga2-apportion,ctrl_x,ltl2dba-r-2,14,24,0.875,0.9167,1.0,0.9583
mrs-nsga2-apportion|aurus-nsga2-apportion,ctrl_y,ltl2dba-r-2,14,24,0.875,0.9167,0.9167,1.0
mrs-nsga2-apportion|aurus-nsga2-apportion,cross,ltl2dba-r-2,16,16,1.0,1.0,1.0,1.0
mrs-nsga2-apportion|aurus-nsga2-apportion,cross,ltl2dba-r-2,17,16,0.9375,1.0,1.0,1.0
mrs-nsga2-apportion|aurus-nsga2-apportion,ctrl_x,ltl2dba-r-2,16,16,1.0,0.8125,1.0,1.0
mrs-nsga2-apportion|aurus-nsga2-apportion,ctrl_y,ltl2dba-r-2,16,16,1.0,0.9375,1.0,1.0
mrs-nsga2-apportion|aurus-nsga2-apportion,cross,ltl2dba-r-2,18,12,0.9167,1.0,1.0,1.0
mrs-nsga2-apportion|aurus-nsga2-apportion,cross,ltl2dba-r-2,19,12,1.0,1.0,1.0,1.0
mrs-nsga2-apportion|aurus-nsga2-apportion,ctrl_x,ltl2dba-r-2,18,12,0.5833,1.0,1.0,1.0
mrs-nsga2-apportion|aurus-nsga2-apportion,ctrl_y,ltl2dba-r-2,18,12,0.9167,1.0,1.0,1.0
mrs-nsga2-apportion|aurus-nsga2-apportion,cross,ltl2dba-r-2,20,22,1.0,1.0,1.0,1.0
mrs-nsga2-apportion|aurus-nsga2-apportion,cross,ltl2dba-r-2,21,22,1.0,0.8182,1.0,1.0
mrs-nsga2-apportion|aurus-nsga2-apportion,ctrl_x,ltl2dba-r-2,20,22,0.8636,0.9091,1.0,1.0
mrs-nsga2-apportion|aurus-nsga2-apportion,ctrl_y,ltl2dba-r-2,20,22,1.0,0.7273,1.0,0.9545
mrs-nsga2-apportion|aurus-nsga2-apportion,cross,ltl2dba-r-2,22,20,1.0,1.0,1.0,1.0
mrs-nsga2-apportion|aurus-nsga2-apportion,cross,ltl2dba-r-2,23,20,1.0,1.0,1.0,1.0
mrs-nsga2-apportion|aurus-nsga2-apportion,ctrl_x,ltl2dba-r-2,22,20,0.8,1.0,0.95,1.0
mrs-nsga2-apportion|aurus-nsga2-apportion,ctrl_y,ltl2dba-r-2,22,20,0.9,0.85,1.0,1.0
mrs-nsga2-apportion|aurus-nsga2-apportion,cross,ltl2dba-r-2,24,18,0.6667,1.0,1.0,1.0
mrs-nsga2-apportion|aurus-nsga2-apportion,cross,ltl2dba-r-2,25,18,0.8889,1.0,1.0,1.0
mrs-nsga2-apportion|aurus-nsga2-apportion,ctrl_x,ltl2dba-r-2,24,18,1.0,0.8889,1.0,0.7222
mrs-nsga2-apportion|aurus-nsga2-apportion,ctrl_y,ltl2dba-r-2,24,18,1.0,0.7778,1.0,1.0
mrs-nsga2-apportion|aurus-nsga2-apportion,cross,ltl2dba-r-2,26,28,0.8571,0.9643,1.0,1.0
mrs-nsga2-apportion|aurus-nsga2-apportion,cross,ltl2dba-r-2,27,28,1.0,0.8929,1.0,1.0
mrs-nsga2-apportion|aurus-nsga2-apportion,ctrl_x,ltl2dba-r-2,26,28,0.8929,0.8929,1.0,1.0
mrs-nsga2-apportion|aurus-nsga2-apportion,ctrl_y,ltl2dba-r-2,26,28,0.9286,0.75,1.0,0.9643
mrs-nsga2-apportion|aurus-nsga2-apportion,cross,ltl2dba-r-2,28,17,1.0,1.0,1.0,1.0
mrs-nsga2-apportion|aurus-nsga2-apportion,cross,ltl2dba-r-2,29,17,1.0,1.0,1.0,1.0
mrs-nsga2-apportion|aurus-nsga2-apportion,ctrl_x,ltl2dba-r-2,28,17,1.0,1.0,1.0,1.0
mrs-nsga2-apportion|aurus-nsga2-apportion,ctrl_y,ltl2dba-r-2,28,17,0.8824,0.9412,1.0,0.9412
mrs-nsga2-apportion|mrs-weighted,cross,ltl2dba-r-2,0,17,0.9412,0.9412,1.0,1.0
mrs-nsga2-apportion|mrs-weighted,cross,ltl2dba-r-2,1,17,0.8235,1.0,1.0,1.0
mrs-nsga2-apportion|mrs-weighted,ctrl_x,ltl2dba-r-2,0,17,1.0,0.7059,1.0,1.0
mrs-nsga2-apportion|mrs-weighted,ctrl_y,ltl2dba-r-2,0,17,1.0,1.0,0.9412,0.9412
mrs-nsga2-apportion|mrs-weighted,cross,ltl2dba-r-2,2,25,0.72,1.0,0.96,1.0
mrs-nsga2-apportion|mrs-weighted,cross,ltl2dba-r-2,3,25,0.68,1.0,0.88,0.96
mrs-nsga2-apportion|mrs-weighted,ctrl_x,ltl2dba-r-2,2,25,0.52,0.96,0.96,0.96
mrs-nsga2-apportion|mrs-weighted,ctrl_y,ltl2dba-r-2,2,25,0.96,0.96,0.96,1.0
mrs-nsga2-apportion|mrs-weighted,cross,ltl2dba-r-2,4,20,0.95,1.0,1.0,1.0
mrs-nsga2-apportion|mrs-weighted,cross,ltl2dba-r-2,5,20,0.95,1.0,1.0,1.0
mrs-nsga2-apportion|mrs-weighted,ctrl_x,ltl2dba-r-2,4,20,0.95,0.95,0.95,1.0
mrs-nsga2-apportion|mrs-weighted,ctrl_y,ltl2dba-r-2,4,20,1.0,0.95,0.95,0.75
mrs-nsga2-apportion|mrs-weighted,cross,ltl2dba-r-2,6,29,0.6207,1.0,0.4483,1.0
mrs-nsga2-apportion|mrs-weighted,cross,ltl2dba-r-2,7,29,0.8276,1.0,0.8621,0.9655
mrs-nsga2-apportion|mrs-weighted,ctrl_x,ltl2dba-r-2,6,29,0.931,0.8276,1.0,1.0
mrs-nsga2-apportion|mrs-weighted,ctrl_y,ltl2dba-r-2,6,29,1.0,0.931,1.0,0.931
mrs-nsga2-apportion|mrs-weighted,cross,ltl2dba-r-2,8,19,1.0,1.0,1.0,1.0
mrs-nsga2-apportion|mrs-weighted,cross,ltl2dba-r-2,9,19,0.9474,0.7895,1.0,0.7895
mrs-nsga2-apportion|mrs-weighted,ctrl_x,ltl2dba-r-2,8,19,0.8947,1.0,1.0,1.0
mrs-nsga2-apportion|mrs-weighted,ctrl_y,ltl2dba-r-2,8,19,0.8421,0.9474,1.0,1.0
mrs-nsga2-apportion|mrs-weighted,cross,ltl2dba-r-2,10,26,0.9615,0.9615,0.9615,1.0
mrs-nsga2-apportion|mrs-weighted,cross,ltl2dba-r-2,11,26,0.6923,1.0,1.0,1.0
mrs-nsga2-apportion|mrs-weighted,ctrl_x,ltl2dba-r-2,10,26,0.9615,0.8077,1.0,1.0
mrs-nsga2-apportion|mrs-weighted,ctrl_y,ltl2dba-r-2,10,26,0.8846,1.0,0.9615,1.0
mrs-nsga2-apportion|mrs-weighted,cross,ltl2dba-r-2,12,18,0.7778,0.8333,1.0,1.0
mrs-nsga2-apportion|mrs-weighted,cross,ltl2dba-r-2,13,18,0.8333,1.0,0.9444,1.0
mrs-nsga2-apportion|mrs-weighted,ctrl_x,ltl2dba-r-2,12,18,0.6111,0.9444,1.0,1.0
mrs-nsga2-apportion|mrs-weighted,ctrl_y,ltl2dba-r-2,12,18,0.8333,1.0,1.0,1.0
mrs-nsga2-apportion|mrs-weighted,cross,ltl2dba-r-2,14,32,0.75,0.9688,1.0,1.0
mrs-nsga2-apportion|mrs-weighted,cross,ltl2dba-r-2,15,32,0.7812,0.9688,0.8438,1.0
mrs-nsga2-apportion|mrs-weighted,ctrl_x,ltl2dba-r-2,14,32,0.9062,0.9375,1.0,0.9062
mrs-nsga2-apportion|mrs-weighted,ctrl_y,ltl2dba-r-2,14,32,0.875,0.875,0.8438,0.9688
mrs-nsga2-apportion|mrs-weighted,cross,ltl2dba-r-2,16,23,1.0,0.8696,0.913,1.0
mrs-nsga2-apportion|mrs-weighted,cross,ltl2dba-r-2,17,23,0.8261,1.0,1.0,1.0
mrs-nsga2-apportion|mrs-weighted,ctrl_x,ltl2dba-r-2,16,23,1.0,0.913,1.0,1.0
mrs-nsga2-apportion|mrs-weighted,ctrl_y,ltl2dba-r-2,16,23,0.8696,0.9565,1.0,1.0
mrs-nsga2-apportion|mrs-weighted,cross,ltl2dba-r-2,18,12,0.8333,1.0,1.0,1.0
mrs-nsga2-apportion|mrs-weighted,cross,ltl2dba-r-2,19,12,1.0,0.8333,1.0,0.8333
mrs-nsga2-apportion|mrs-weighted,ctrl_x,ltl2dba-r-2,18,12,0.5833,1.0,1.0,1.0
mrs-nsga2-apportion|mrs-weighted,ctrl_y,ltl2dba-r-2,18,12,1.0,0.9167,1.0,1.0
mrs-nsga2-apportion|mrs-weighted,cross,ltl2dba-r-2,20,21,0.7143,0.9524,0.381,1.0
mrs-nsga2-apportion|mrs-weighted,cross,ltl2dba-r-2,21,21,0.8095,1.0,1.0,1.0
mrs-nsga2-apportion|mrs-weighted,ctrl_x,ltl2dba-r-2,20,21,0.8571,0.9048,1.0,1.0
mrs-nsga2-apportion|mrs-weighted,ctrl_y,ltl2dba-r-2,20,21,1.0,0.9048,1.0,0.9524
mrs-nsga2-apportion|mrs-weighted,cross,ltl2dba-r-2,22,20,0.7,1.0,0.65,1.0
mrs-nsga2-apportion|mrs-weighted,cross,ltl2dba-r-2,23,20,0.9,1.0,1.0,0.9
mrs-nsga2-apportion|mrs-weighted,ctrl_x,ltl2dba-r-2,22,20,0.8,1.0,0.95,1.0
mrs-nsga2-apportion|mrs-weighted,ctrl_y,ltl2dba-r-2,22,20,0.95,1.0,1.0,0.9
mrs-nsga2-apportion|mrs-weighted,cross,ltl2dba-r-2,24,24,0.875,1.0,1.0,1.0
mrs-nsga2-apportion|mrs-weighted,cross,ltl2dba-r-2,25,24,0.75,0.9583,0.9167,1.0
mrs-nsga2-apportion|mrs-weighted,ctrl_x,ltl2dba-r-2,24,24,1.0,0.875,1.0,0.75
mrs-nsga2-apportion|mrs-weighted,ctrl_y,ltl2dba-r-2,24,24,0.9583,0.9167,1.0,0.9583
mrs-nsga2-apportion|mrs-weighted,cross,ltl2dba-r-2,26,28,0.75,0.9643,1.0,1.0
mrs-nsga2-apportion|mrs-weighted,cross,ltl2dba-r-2,27,28,0.8571,0.9286,0.8571,1.0
mrs-nsga2-apportion|mrs-weighted,ctrl_x,ltl2dba-r-2,26,28,0.8929,0.8929,1.0,1.0
mrs-nsga2-apportion|mrs-weighted,ctrl_y,ltl2dba-r-2,26,28,0.9286,0.8214,1.0,0.9286
mrs-nsga2-apportion|mrs-weighted,cross,ltl2dba-r-2,28,17,0.9412,1.0,0.9412,1.0
mrs-nsga2-apportion|mrs-weighted,cross,ltl2dba-r-2,29,17,0.8235,0.9412,1.0,1.0
mrs-nsga2-apportion|mrs-weighted,ctrl_x,ltl2dba-r-2,28,17,0.9412,1.0,1.0,1.0
mrs-nsga2-apportion|mrs-weighted,ctrl_y,ltl2dba-r-2,28,17,0.8824,0.8824,1.0,1.0
aurus-nsga2-apportion|aurus,cross,ltl2dba-r-2,0,22,1.0,0.3636,1.0,0.5909
aurus-nsga2-apportion|aurus,cross,ltl2dba-r-2,1,22,0.9545,0.9091,1.0,0.9545
aurus-nsga2-apportion|aurus,ctrl_x,ltl2dba-r-2,0,22,1.0,0.8636,1.0,0.9545
aurus-nsga2-apportion|aurus,ctrl_y,ltl2dba-r-2,0,22,0.9091,1.0,1.0,1.0
aurus-nsga2-apportion|aurus,cross,ltl2dba-r-2,2,27,1.0,0.6667,1.0,1.0
aurus-nsga2-apportion|aurus,cross,ltl2dba-r-2,3,27,0.8148,0.7778,1.0,1.0
aurus-nsga2-apportion|aurus,ctrl_x,ltl2dba-r-2,2,27,0.8519,0.8889,1.0,1.0
aurus-nsga2-apportion|aurus,ctrl_y,ltl2dba-r-2,2,27,0.963,1.0,1.0,0.963
aurus-nsga2-apportion|aurus,cross,ltl2dba-r-2,4,21,1.0,0.7143,0.8095,0.9524
aurus-nsga2-apportion|aurus,cross,ltl2dba-r-2,5,21,0.9048,0.8095,1.0,0.5238
aurus-nsga2-apportion|aurus,ctrl_x,ltl2dba-r-2,4,21,1.0,0.8095,1.0,0.9524
aurus-nsga2-apportion|aurus,ctrl_y,ltl2dba-r-2,4,21,0.8095,1.0,0.8571,0.9048
aurus-nsga2-apportion|aurus,cross,ltl2dba-r-2,6,22,0.8636,0.8636,0.9545,0.9091
aurus-nsga2-apportion|aurus,cross,ltl2dba-r-2,7,22,0.9545,0.5909,0.9545,0.9545
aurus-nsga2-apportion|aurus,ctrl_x,ltl2dba-r-2,6,22,0.8636,0.9545,1.0,1.0
aurus-nsga2-apportion|aurus,ctrl_y,ltl2dba-r-2,6,22,1.0,0.9545,0.9545,0.9091
aurus-nsga2-apportion|aurus,cross,ltl2dba-r-2,8,23,0.913,0.4783,0.9565,0.8696
aurus-nsga2-apportion|aurus,cross,ltl2dba-r-2,9,23,0.913,0.6957,0.8261,1.0
aurus-nsga2-apportion|aurus,ctrl_x,ltl2dba-r-2,8,23,0.8696,1.0,1.0,1.0
aurus-nsga2-apportion|aurus,ctrl_y,ltl2dba-r-2,8,23,0.913,0.913,1.0,1.0
aurus-nsga2-apportion|aurus,cross,ltl2dba-r-2,10,29,0.931,0.8276,0.7241,0.8966
aurus-nsga2-apportion|aurus,cross,ltl2dba-r-2,11,29,0.931,0.5862,0.9655,0.7931
aurus-nsga2-apportion|aurus,ctrl_x,ltl2dba-r-2,10,29,1.0,0.7241,0.931,1.0
aurus-nsga2-apportion|aurus,ctrl_y,ltl2dba-r-2,10,29,0.9655,0.8966,0.8276,1.0
aurus-nsga2-apportion|aurus,cross,ltl2dba-r-2,12,19,0.9474,0.7895,0.9474,1.0
aurus-nsga2-apportion|aurus,cross,ltl2dba-r-2,13,19,0.9474,0.7895,1.0,1.0
aurus-nsga2-apportion|aurus,ctrl_x,ltl2dba-r-2,12,19,0.8947,0.8421,1.0,1.0
aurus-nsga2-apportion|aurus,ctrl_y,ltl2dba-r-2,12,19,0.9474,1.0,1.0,0.9474
aurus-nsga2-apportion|aurus,cross,ltl2dba-r-2,14,24,0.9167,0.75,0.875,0.875
aurus-nsga2-apportion|aurus,cross,ltl2dba-r-2,15,24,0.9167,0.6667,0.875,0.8333
aurus-nsga2-apportion|aurus,ctrl_x,ltl2dba-r-2,14,24,0.9167,0.9583,0.9167,1.0
aurus-nsga2-apportion|aurus,ctrl_y,ltl2dba-r-2,14,24,0.9167,0.875,1.0,0.8333
aurus-nsga2-apportion|aurus,cross,ltl2dba-r-2,16,16,1.0,0.5,0.9375,0.8125
aurus-nsga2-apportion|aurus,cross,ltl2dba-r-2,17,16,1.0,0.4375,1.0,1.0
aurus-nsga2-apportion|aurus,ctrl_x,ltl2dba-r-2,16,16,1.0,0.9375,1.0,1.0
aurus-nsga2-apportion|aurus,ctrl_y,ltl2dba-r-2,16,16,0.9375,0.875,1.0,0.8125
aurus-nsga2-apportion|aurus,cross,ltl2dba-r-2,18,14,0.9286,0.9286,1.0,0.9286
aurus-nsga2-apportion|aurus,cross,ltl2dba-r-2,19,14,1.0,0.9286,1.0,1.0
aurus-nsga2-apportion|aurus,ctrl_x,ltl2dba-r-2,18,14,0.7857,1.0,1.0,1.0
aurus-nsga2-apportion|aurus,ctrl_y,ltl2dba-r-2,18,14,1.0,0.9286,1.0,1.0
aurus-nsga2-apportion|aurus,cross,ltl2dba-r-2,20,22,1.0,0.8182,0.4545,0.7273
aurus-nsga2-apportion|aurus,cross,ltl2dba-r-2,21,22,0.9091,0.6818,1.0,0.9545
aurus-nsga2-apportion|aurus,ctrl_x,ltl2dba-r-2,20,22,1.0,0.7273,1.0,0.9545
aurus-nsga2-apportion|aurus,ctrl_y,ltl2dba-r-2,20,22,0.8636,1.0,0.9545,0.5
aurus-nsga2-apportion|aurus,cross,ltl2dba-r-2,22,22,1.0,0.8636,1.0,0.9545
aurus-nsga2-apportion|aurus,cross,ltl2dba-r-2,23,22,0.9091,0.9545,1.0,1.0
aurus-nsga2-apportion|aurus,ctrl_x,ltl2dba-r-2,22,22,0.8636,0.9545,1.0,1.0
aurus-nsga2-apportion|aurus,ctrl_y,ltl2dba-r-2,22,22,0.8636,0.9545,1.0,1.0
aurus-nsga2-apportion|aurus,cross,ltl2dba-r-2,24,18,1.0,0.7222,1.0,1.0
aurus-nsga2-apportion|aurus,cross,ltl2dba-r-2,25,18,1.0,0.8333,1.0,0.8333
aurus-nsga2-apportion|aurus,ctrl_x,ltl2dba-r-2,24,18,1.0,0.8889,1.0,1.0
aurus-nsga2-apportion|aurus,ctrl_y,ltl2dba-r-2,24,18,1.0,0.9444,0.8889,1.0
aurus-nsga2-apportion|aurus,cross,ltl2dba-r-2,26,23,1.0,0.6522,1.0,1.0
aurus-nsga2-apportion|aurus,cross,ltl2dba-r-2,27,23,0.913,0.7826,1.0,0.913
aurus-nsga2-apportion|aurus,ctrl_x,ltl2dba-r-2,26,23,0.913,0.8261,1.0,1.0
aurus-nsga2-apportion|aurus,ctrl_y,ltl2dba-r-2,26,23,0.8696,0.8696,1.0,0.913
aurus-nsga2-apportion|aurus,cross,ltl2dba-r-2,28,17,1.0,0.7647,1.0,1.0
aurus-nsga2-apportion|aurus,cross,ltl2dba-r-2,29,17,1.0,0.5882,0.8824,1.0
aurus-nsga2-apportion|aurus,ctrl_x,ltl2dba-r-2,28,17,0.8824,1.0,1.0,1.0
aurus-nsga2-apportion|aurus,ctrl_y,ltl2dba-r-2,28,17,0.8824,0.7647,1.0,1.0
mrs-nsga2-apportion|aurus,cross,ltl2dba-theta-2,0,16,0.9375,0.875,1.0,1.0
mrs-nsga2-apportion|aurus,cross,ltl2dba-theta-2,1,16,1.0,0.9375,1.0,0.6875
mrs-nsga2-apportion|aurus,ctrl_x,ltl2dba-theta-2,0,16,0.8125,0.9375,1.0,1.0
mrs-nsga2-apportion|aurus,ctrl_y,ltl2dba-theta-2,0,16,1.0,1.0,0.9375,1.0
mrs-nsga2-apportion|aurus,cross,ltl2dba-theta-2,2,11,1.0,0.9091,1.0,1.0
mrs-nsga2-apportion|aurus,cross,ltl2dba-theta-2,3,11,1.0,1.0,1.0,1.0
mrs-nsga2-apportion|aurus,ctrl_x,ltl2dba-theta-2,2,11,1.0,1.0,1.0,1.0
mrs-nsga2-apportion|aurus,ctrl_y,ltl2dba-theta-2,2,11,0.9091,1.0,1.0,1.0
mrs-nsga2-apportion|aurus,cross,ltl2dba-theta-2,4,7,1.0,1.0,1.0,1.0
mrs-nsga2-apportion|aurus,cross,ltl2dba-theta-2,5,7,1.0,0.8571,1.0,1.0
mrs-nsga2-apportion|aurus,ctrl_x,ltl2dba-theta-2,4,7,1.0,1.0,1.0,1.0
mrs-nsga2-apportion|aurus,ctrl_y,ltl2dba-theta-2,4,7,1.0,0.4286,1.0,1.0
mrs-nsga2-apportion|aurus,cross,ltl2dba-theta-2,8,17,0.7059,1.0,0.3529,1.0
mrs-nsga2-apportion|aurus,cross,ltl2dba-theta-2,9,17,1.0,0.8824,0.9412,0.7647
mrs-nsga2-apportion|aurus,ctrl_x,ltl2dba-theta-2,8,17,0.7647,1.0,1.0,1.0
mrs-nsga2-apportion|aurus,ctrl_y,ltl2dba-theta-2,8,17,1.0,0.8824,1.0,1.0
mrs-nsga2-apportion|aurus,cross,ltl2dba-theta-2,10,16,1.0,0.6875,0.8125,0.9375
mrs-nsga2-apportion|aurus,cross,ltl2dba-theta-2,11,16,0.6875,0.8125,1.0,1.0
mrs-nsga2-apportion|aurus,ctrl_x,ltl2dba-theta-2,10,16,1.0,1.0,1.0,1.0
mrs-nsga2-apportion|aurus,ctrl_y,ltl2dba-theta-2,10,16,0.625,0.6875,0.9375,1.0
mrs-nsga2-apportion|aurus,cross,ltl2dba-theta-2,12,13,1.0,1.0,0.3077,1.0
mrs-nsga2-apportion|aurus,cross,ltl2dba-theta-2,13,13,1.0,0.8462,0.8462,1.0
mrs-nsga2-apportion|aurus,ctrl_x,ltl2dba-theta-2,12,13,1.0,1.0,1.0,1.0
mrs-nsga2-apportion|aurus,ctrl_y,ltl2dba-theta-2,12,13,1.0,0.9231,1.0,0.6923
mrs-nsga2-apportion|aurus,cross,ltl2dba-theta-2,14,12,0.8333,1.0,0.1667,1.0
mrs-nsga2-apportion|aurus,cross,ltl2dba-theta-2,15,12,0.4167,1.0,1.0,0.9167
mrs-nsga2-apportion|aurus,ctrl_x,ltl2dba-theta-2,14,12,1.0,0.75,1.0,1.0
mrs-nsga2-apportion|aurus,ctrl_y,ltl2dba-theta-2,14,12,1.0,1.0,1.0,1.0
mrs-nsga2-apportion|aurus,cross,ltl2dba-theta-2,16,15,0.8,1.0,1.0,0.6
mrs-nsga2-apportion|aurus,cross,ltl2dba-theta-2,17,15,0.8667,1.0,0.6,0.8667
mrs-nsga2-apportion|aurus,ctrl_x,ltl2dba-theta-2,16,15,0.9333,1.0,1.0,1.0
mrs-nsga2-apportion|aurus,ctrl_y,ltl2dba-theta-2,16,15,0.9333,1.0,1.0,1.0
mrs-nsga2-apportion|aurus,cross,ltl2dba-theta-2,18,11,1.0,0.8182,1.0,1.0
mrs-nsga2-apportion|aurus,cross,ltl2dba-theta-2,19,11,0.8182,1.0,0.4545,0.3636
mrs-nsga2-apportion|aurus,ctrl_x,ltl2dba-theta-2,18,11,1.0,0.9091,1.0,1.0
mrs-nsga2-apportion|aurus,ctrl_y,ltl2dba-theta-2,18,11,1.0,1.0,1.0,0.1818
mrs-nsga2-apportion|aurus,cross,ltl2dba-theta-2,20,10,1.0,1.0,1.0,1.0
mrs-nsga2-apportion|aurus,cross,ltl2dba-theta-2,21,10,1.0,0.9,1.0,1.0
mrs-nsga2-apportion|aurus,ctrl_x,ltl2dba-theta-2,20,10,0.8,1.0,1.0,1.0
mrs-nsga2-apportion|aurus,ctrl_y,ltl2dba-theta-2,20,10,1.0,0.8,1.0,1.0
mrs-nsga2-apportion|aurus,cross,ltl2dba-theta-2,22,12,0.9167,0.75,0.9167,1.0
mrs-nsga2-apportion|aurus,cross,ltl2dba-theta-2,23,12,0.8333,0.9167,1.0,1.0
mrs-nsga2-apportion|aurus,ctrl_x,ltl2dba-theta-2,22,12,0.75,0.8333,1.0,1.0
mrs-nsga2-apportion|aurus,ctrl_y,ltl2dba-theta-2,22,12,1.0,1.0,1.0,1.0
mrs-nsga2-apportion|aurus,cross,ltl2dba-theta-2,24,14,1.0,0.5,1.0,0.7143
mrs-nsga2-apportion|aurus,cross,ltl2dba-theta-2,25,14,1.0,0.5714,0.9286,0.3571
mrs-nsga2-apportion|aurus,ctrl_x,ltl2dba-theta-2,24,14,0.9286,1.0,1.0,1.0
mrs-nsga2-apportion|aurus,ctrl_y,ltl2dba-theta-2,24,14,0.9286,1.0,1.0,0.4286
mrs-nsga2-apportion|aurus,cross,ltl2dba-theta-2,26,17,1.0,0.4706,0.8824,1.0
mrs-nsga2-apportion|aurus,cross,ltl2dba-theta-2,27,17,0.9412,0.8235,1.0,0.9412
mrs-nsga2-apportion|aurus,ctrl_x,ltl2dba-theta-2,26,17,0.8824,0.8235,1.0,0.7647
mrs-nsga2-apportion|aurus,ctrl_y,ltl2dba-theta-2,26,17,0.8235,1.0,1.0,0.8824
mrs-nsga2-apportion|aurus,cross,ltl2dba-theta-2,28,11,0.1818,1.0,0.9091,0.4545
mrs-nsga2-apportion|aurus,cross,ltl2dba-theta-2,29,11,1.0,0.8182,1.0,0.9091
mrs-nsga2-apportion|aurus,ctrl_x,ltl2dba-theta-2,28,11,1.0,1.0,1.0,1.0
mrs-nsga2-apportion|aurus,ctrl_y,ltl2dba-theta-2,28,11,1.0,1.0,1.0,1.0
mrs-nsga2-apportion|aurus-nsga2-apportion,cross,ltl2dba-theta-2,0,14,0.7857,0.7857,1.0,1.0
mrs-nsga2-apportion|aurus-nsga2-apportion,cross,ltl2dba-theta-2,1,14,0.9286,1.0,1.0,1.0
mrs-nsga2-apportion|aurus-nsga2-apportion,ctrl_x,ltl2dba-theta-2,0,14,1.0,0.8571,0.7857,1.0
mrs-nsga2-apportion|aurus-nsga2-apportion,ctrl_y,ltl2dba-theta-2,0,14,0.7857,0.9286,1.0,1.0
mrs-nsga2-apportion|aurus-nsga2-apportion,cross,ltl2dba-theta-2,2,11,1.0,1.0,1.0,1.0
mrs-nsga2-apportion|aurus-nsga2-apportion,cross,ltl2dba-theta-2,3,11,1.0,1.0,1.0,1.0
mrs-nsga2-apportion|aurus-nsga2-apportion,ctrl_x,ltl2dba-theta-2,2,11,1.0,1.0,1.0,1.0
mrs-nsga2-apportion|aurus-nsga2-apportion,ctrl_y,ltl2dba-theta-2,2,11,1.0,1.0,1.0,1.0
mrs-nsga2-apportion|aurus-nsga2-apportion,cross,ltl2dba-theta-2,4,7,1.0,0.7143,1.0,1.0
mrs-nsga2-apportion|aurus-nsga2-apportion,cross,ltl2dba-theta-2,5,7,1.0,1.0,1.0,1.0
mrs-nsga2-apportion|aurus-nsga2-apportion,ctrl_x,ltl2dba-theta-2,4,7,1.0,1.0,1.0,1.0
mrs-nsga2-apportion|aurus-nsga2-apportion,ctrl_y,ltl2dba-theta-2,4,7,1.0,1.0,1.0,1.0
mrs-nsga2-apportion|aurus-nsga2-apportion,cross,ltl2dba-theta-2,6,9,1.0,1.0,1.0,1.0
mrs-nsga2-apportion|aurus-nsga2-apportion,cross,ltl2dba-theta-2,7,9,1.0,1.0,1.0,1.0
mrs-nsga2-apportion|aurus-nsga2-apportion,ctrl_x,ltl2dba-theta-2,6,9,1.0,0.6667,1.0,1.0
mrs-nsga2-apportion|aurus-nsga2-apportion,ctrl_y,ltl2dba-theta-2,6,9,1.0,1.0,1.0,1.0
mrs-nsga2-apportion|aurus-nsga2-apportion,cross,ltl2dba-theta-2,8,9,1.0,1.0,1.0,1.0
mrs-nsga2-apportion|aurus-nsga2-apportion,cross,ltl2dba-theta-2,9,9,1.0,1.0,1.0,1.0
mrs-nsga2-apportion|aurus-nsga2-apportion,ctrl_x,ltl2dba-theta-2,8,9,1.0,1.0,1.0,1.0
mrs-nsga2-apportion|aurus-nsga2-apportion,ctrl_y,ltl2dba-theta-2,8,9,1.0,1.0,1.0,1.0
mrs-nsga2-apportion|aurus-nsga2-apportion,cross,ltl2dba-theta-2,10,12,1.0,1.0,1.0,1.0
mrs-nsga2-apportion|aurus-nsga2-apportion,cross,ltl2dba-theta-2,11,12,1.0,1.0,1.0,1.0
mrs-nsga2-apportion|aurus-nsga2-apportion,ctrl_x,ltl2dba-theta-2,10,12,0.9167,1.0,1.0,1.0
mrs-nsga2-apportion|aurus-nsga2-apportion,ctrl_y,ltl2dba-theta-2,10,12,1.0,1.0,1.0,1.0
mrs-nsga2-apportion|aurus-nsga2-apportion,cross,ltl2dba-theta-2,12,13,1.0,1.0,1.0,1.0
mrs-nsga2-apportion|aurus-nsga2-apportion,cross,ltl2dba-theta-2,13,13,1.0,1.0,1.0,1.0
mrs-nsga2-apportion|aurus-nsga2-apportion,ctrl_x,ltl2dba-theta-2,12,13,1.0,1.0,1.0,1.0
mrs-nsga2-apportion|aurus-nsga2-apportion,ctrl_y,ltl2dba-theta-2,12,13,1.0,1.0,1.0,1.0
mrs-nsga2-apportion|aurus-nsga2-apportion,cross,ltl2dba-theta-2,14,17,0.9412,0.9412,1.0,1.0
mrs-nsga2-apportion|aurus-nsga2-apportion,cross,ltl2dba-theta-2,15,17,0.9412,0.8824,1.0,1.0
mrs-nsga2-apportion|aurus-nsga2-apportion,ctrl_x,ltl2dba-theta-2,14,17,0.7059,0.7647,0.8235,1.0
mrs-nsga2-apportion|aurus-nsga2-apportion,ctrl_y,ltl2dba-theta-2,14,17,0.7059,0.9412,0.7647,1.0
mrs-nsga2-apportion|aurus-nsga2-apportion,cross,ltl2dba-theta-2,16,15,1.0,1.0,1.0,1.0
mrs-nsga2-apportion|aurus-nsga2-apportion,cross,ltl2dba-theta-2,17,15,0.8667,0.9333,0.8667,1.0
mrs-nsga2-apportion|aurus-nsga2-apportion,ctrl_x,ltl2dba-theta-2,16,15,0.9333,1.0,1.0,1.0
mrs-nsga2-apportion|aurus-nsga2-apportion,ctrl_y,ltl2dba-theta-2,16,15,0.9333,0.8667,0.8667,0.9333
mrs-nsga2-apportion|aurus-nsga2-apportion,cross,ltl2dba-theta-2,18,10,1.0,0.7,1.0,1.0
mrs-nsga2-apportion|aurus-nsga2-apportion,cross,ltl2dba-theta-2,19,10,1.0,1.0,1.0,1.0
mrs-nsga2-apportion|aurus-nsga2-apportion,ctrl_x,ltl2dba-theta-2,18,10,1.0,0.7,1.0,1.0
mrs-nsga2-apportion|aurus-nsga2-apportion,ctrl_y,ltl2dba-theta-2,18,10,0.9,1.0,1.0,1.0
mrs-nsga2-apportion|aurus-nsga2-apportion,cross,ltl2dba-theta-2,20,10,1.0,1.0,1.0,1.0
mrs-nsga2-apportion|aurus-nsga2-apportion,cross,ltl2dba-theta-2,21,10,1.0,1.0,1.0,1.0
mrs-nsga2-apportion|aurus-nsga2-apportion,ctrl_x,ltl2dba-theta-2,20,10,0.6,1.0,1.0,1.0
mrs-nsga2-apportion|aurus-nsga2-apportion,ctrl_y,ltl2dba-theta-2,20,10,0.8,1.0,1.0,1.0
mrs-nsga2-apportion|aurus-nsga2-apportion,cross,ltl2dba-theta-2,22,12,0.9167,1.0,1.0,1.0
mrs-nsga2-apportion|aurus-nsga2-apportion,cross,ltl2dba-theta-2,23,12,0.8333,0.8333,1.0,1.0
mrs-nsga2-apportion|aurus-nsga2-apportion,ctrl_x,ltl2dba-theta-2,22,12,0.9167,1.0,1.0,1.0
mrs-nsga2-apportion|aurus-nsga2-apportion,ctrl_y,ltl2dba-theta-2,22,12,1.0,0.8333,1.0,1.0
mrs-nsga2-apportion|aurus-nsga2-apportion,cross,ltl2dba-theta-2,24,14,1.0,0.7857,1.0,1.0
mrs-nsga2-apportion|aurus-nsga2-apportion,cross,ltl2dba-theta-2,25,14,0.9286,0.9286,1.0,1.0
mrs-nsga2-apportion|aurus-nsga2-apportion,ctrl_x,ltl2dba-theta-2,24,14,0.9286,1.0,1.0,1.0
mrs-nsga2-apportion|aurus-nsga2-apportion,ctrl_y,ltl2dba-theta-2,24,14,0.7143,1.0,1.0,1.0
mrs-nsga2-apportion|aurus-nsga2-apportion,cross,ltl2dba-theta-2,26,13,1.0,1.0,1.0,1.0
mrs-nsga2-apportion|aurus-nsga2-apportion,cross,ltl2dba-theta-2,27,13,1.0,1.0,1.0,1.0
mrs-nsga2-apportion|aurus-nsga2-apportion,ctrl_x,ltl2dba-theta-2,26,13,1.0,0.6154,1.0,0.8462
mrs-nsga2-apportion|aurus-nsga2-apportion,ctrl_y,ltl2dba-theta-2,26,13,1.0,0.8462,1.0,1.0
mrs-nsga2-apportion|aurus-nsga2-apportion,cross,ltl2dba-theta-2,28,11,0.7273,0.8182,1.0,1.0
mrs-nsga2-apportion|aurus-nsga2-apportion,cross,ltl2dba-theta-2,29,11,1.0,0.9091,1.0,1.0
mrs-nsga2-apportion|aurus-nsga2-apportion,ctrl_x,ltl2dba-theta-2,28,11,1.0,1.0,1.0,1.0
mrs-nsga2-apportion|aurus-nsga2-apportion,ctrl_y,ltl2dba-theta-2,28,11,0.9091,0.9091,1.0,1.0
mrs-nsga2-apportion|mrs-weighted,cross,ltl2dba-theta-2,0,16,0.8125,1.0,1.0,1.0
mrs-nsga2-apportion|mrs-weighted,cross,ltl2dba-theta-2,1,16,1.0,1.0,1.0,1.0
mrs-nsga2-apportion|mrs-weighted,ctrl_x,ltl2dba-theta-2,0,16,0.8125,0.9375,1.0,1.0
mrs-nsga2-apportion|mrs-weighted,ctrl_y,ltl2dba-theta-2,0,16,0.5,0.9375,0.875,1.0
mrs-nsga2-apportion|mrs-weighted,cross,ltl2dba-theta-2,2,11,1.0,1.0,1.0,1.0
mrs-nsga2-apportion|mrs-weighted,cross,ltl2dba-theta-2,3,11,1.0,0.9091,1.0,1.0
mrs-nsga2-apportion|mrs-weighted,ctrl_x,ltl2dba-theta-2,2,11,1.0,1.0,1.0,1.0
mrs-nsga2-apportion|mrs-weighted,ctrl_y,ltl2dba-theta-2,2,11,0.9091,1.0,1.0,1.0
mrs-nsga2-apportion|mrs-weighted,cross,ltl2dba-theta-2,4,7,1.0,1.0,1.0,1.0
mrs-nsga2-apportion|mrs-weighted,cross,ltl2dba-theta-2,5,7,1.0,1.0,1.0,1.0
mrs-nsga2-apportion|mrs-weighted,ctrl_x,ltl2dba-theta-2,4,7,1.0,1.0,1.0,1.0
mrs-nsga2-apportion|mrs-weighted,ctrl_y,ltl2dba-theta-2,4,7,1.0,1.0,1.0,1.0
mrs-nsga2-apportion|mrs-weighted,cross,ltl2dba-theta-2,6,14,0.3571,1.0,0.6429,0.6429
mrs-nsga2-apportion|mrs-weighted,cross,ltl2dba-theta-2,7,14,1.0,1.0,1.0,1.0
mrs-nsga2-apportion|mrs-weighted,ctrl_x,ltl2dba-theta-2,6,14,0.9286,1.0,0.6429,0.2143
mrs-nsga2-apportion|mrs-weighted,ctrl_y,ltl2dba-theta-2,6,14,1.0,1.0,1.0,0.9286
mrs-nsga2-apportion|mrs-weighted,cross,ltl2dba-theta-2,8,17,0.8824,1.0,1.0,0.9412
mrs-nsga2-apportion|mrs-weighted,cross,ltl2dba-theta-2,9,17,0.8824,0.6471,0.8824,1.0
mrs-nsga2-apportion|mrs-weighted,ctrl_x,ltl2dba-theta-2,8,17,0.7647,1.0,1.0,1.0
mrs-nsga2-apportion|mrs-weighted,ctrl_y,ltl2dba-theta-2,8,17,1.0,0.8235,0.5882,1.0
mrs-nsga2-apportion|mrs-weighted,cross,ltl2dba-theta-2,10,16,1.0,1.0,0.9375,1.0
mrs-nsga2-apportion|mrs-weighted,cross,ltl2dba-theta-2,11,16,1.0,0.875,1.0,1.0
mrs-nsga2-apportion|mrs-weighted,ctrl_x,ltl2dba-theta-2,10,16,1.0,1.0,1.0,1.0
mrs-nsga2-apportion|mrs-weighted,ctrl_y,ltl2dba-theta-2,10,16,1.0,0.6875,1.0,1.0
mrs-nsga2-apportion|mrs-weighted,cross,ltl2dba-theta-2,12,13,0.9231,1.0,0.9231,1.0
mrs-nsga2-apportion|mrs-weighted,cross,ltl2dba-theta-2,13,13,1.0,1.0,1.0,1.0
mrs-nsga2-apportion|mrs-weighted,ctrl_x,ltl2dba-theta-2,12,13,1.0,1.0,1.0,1.0
mrs-nsga2-apportion|mrs-weighted,ctrl_y,ltl2dba-theta-2,12,13,0.8462,1.0,1.0,1.0
mrs-nsga2-apportion|mrs-weighted,cross,ltl2dba-theta-2,14,18,0.8889,1.0,0.3333,0.7778
mrs-nsga2-apportion|mrs-weighted,cross,ltl2dba-theta-2,15,18,0.8889,0.6667,1.0,0.7778
mrs-nsga2-apportion|mrs-weighted,ctrl_x,ltl2dba-theta-2,14,18,0.9444,1.0,0.8889,1.0
mrs-nsga2-apportion|mrs-weighted,ctrl_y,ltl2dba-theta-2,14,18,0.8333,0.7778,0.6667,0.5556
mrs-nsga2-apportion|mrs-weighted,cross,ltl2dba-theta-2,16,15,0.7333,0.9333,0.8667,1.0
mrs-nsga2-apportion|mrs-weighted,cross,ltl2dba-theta-2,17,15,1.0,1.0,0.9333,1.0
mrs-nsga2-apportion|mrs-weighted,ctrl_x,ltl2dba-theta-2,16,15,0.9333,1.0,1.0,1.0
mrs-nsga2-apportion|mrs-weighted,ctrl_y,ltl2dba-theta-2,16,15,0.9333,0.7333,1.0,1.0
mrs-nsga2-apportion|mrs-weighted,cross,ltl2dba-theta-2,18,11,1.0,0.9091,1.0,0.8182
mrs-nsga2-apportion|mrs-weighted,cross,ltl2dba-theta-2,19,11,0.9091,1.0,1.0,1.0
mrs-nsga2-apportion|mrs-weighted,ctrl_x,ltl2dba-theta-2,18,11,1.0,0.9091,1.0,1.0
mrs-nsga2-apportion|mrs-weighted,ctrl_y,ltl2dba-theta-2,18,11,0.6364,1.0,1.0,1.0
mrs-nsga2-apportion|mrs-weighted,cross,ltl2dba-theta-2,20,10,1.0,1.0,1.0,1.0
mrs-nsga2-apportion|mrs-weighted,cross,ltl2dba-theta-2,21,10,1.0,0.6,1.0,1.0
mrs-nsga2-apportion|mrs-weighted,ctrl_x,ltl2dba-theta-2,20,10,0.8,1.0,1.0,1.0
mrs-nsga2-apportion|mrs-weighted,ctrl_y,ltl2dba-theta-2,20,10,1.0,0.4,1.0,1.0
mrs-nsga2-apportion|mrs-weighted,cross,ltl2dba-theta-2,22,12,0.9167,1.0,1.0,1.0
mrs-nsga2-apportion|mrs-weighted,cross,ltl2dba-theta-2,23,12,0.5833,0.75,1.0,1.0
mrs-nsga2-apportion|mrs-weighted,ctrl_x,ltl2dba-theta-2,22,12,0.75,0.8333,1.0,1.0
mrs-nsga2-apportion|mrs-weighted,ctrl_y,ltl2dba-theta-2,22,12,1.0,0.5833,1.0,0.4167
mrs-nsga2-apportion|mrs-weighted,cross,ltl2dba-theta-2,24,14,1.0,0.8571,1.0,0.8571
mrs-nsga2-apportion|mrs-weighted,cross,ltl2dba-theta-2,25,14,0.9286,1.0,1.0,1.0
mrs-nsga2-apportion|mrs-weighted,ctrl_x,ltl2dba-theta-2,24,14,0.9286,1.0,1.0,1.0
mrs-nsga2-apportion|mrs-weighted,ctrl_y,ltl2dba-theta-2,24,14,1.0,0.8571,1.0,0.6429
mrs-nsga2-apportion|mrs-weighted,cross,ltl2dba-theta-2,26,17,0.9412,0.8824,1.0,1.0
mrs-nsga2-apportion|mrs-weighted,cross,ltl2dba-theta-2,27,17,0.8235,1.0,1.0,1.0
mrs-nsga2-apportion|mrs-weighted,ctrl_x,ltl2dba-theta-2,26,17,0.8824,0.8235,1.0,0.7647
mrs-nsga2-apportion|mrs-weighted,ctrl_y,ltl2dba-theta-2,26,17,0.8235,0.8824,0.5294,1.0
mrs-nsga2-apportion|mrs-weighted,cross,ltl2dba-theta-2,28,11,0.1818,1.0,0.1818,0.7273
mrs-nsga2-apportion|mrs-weighted,cross,ltl2dba-theta-2,29,11,1.0,0.9091,1.0,1.0
mrs-nsga2-apportion|mrs-weighted,ctrl_x,ltl2dba-theta-2,28,11,1.0,1.0,1.0,1.0
mrs-nsga2-apportion|mrs-weighted,ctrl_y,ltl2dba-theta-2,28,11,1.0,1.0,1.0,1.0
aurus-nsga2-apportion|aurus,cross,ltl2dba-theta-2,0,14,0.7857,0.7857,1.0,1.0
aurus-nsga2-apportion|aurus,cross,ltl2dba-theta-2,1,14,1.0,0.8571,1.0,0.5714
aurus-nsga2-apportion|aurus,ctrl_x,ltl2dba-theta-2,0,14,0.5714,0.9286,1.0,1.0
aurus-nsga2-apportion|aurus,ctrl_y,ltl2dba-theta-2,0,14,1.0,1.0,1.0,1.0
aurus-nsga2-apportion|aurus,cross,ltl2dba-theta-2,2,12,1.0,1.0,1.0,0.9167
aurus-nsga2-apportion|aurus,cross,ltl2dba-theta-2,3,12,1.0,0.3333,0.5833,1.0
aurus-nsga2-apportion|aurus,ctrl_x,ltl2dba-theta-2,2,12,1.0,1.0,1.0,1.0
aurus-nsga2-apportion|aurus,ctrl_y,ltl2dba-theta-2,2,12,0.9167,1.0,1.0,1.0
aurus-nsga2-apportion|aurus,cross,ltl2dba-theta-2,4,9,0.7778,1.0,0.6667,0.8889
aurus-nsga2-apportion|aurus,cross,ltl2dba-theta-2,5,9,1.0,0.4444,1.0,1.0
aurus-nsga2-apportion|aurus,ctrl_x,ltl2dba-theta-2,4,9,1.0,1.0,1.0,1.0
aurus-nsga2-apportion|aurus,ctrl_y,ltl2dba-theta-2,4,9,1.0,1.0,1.0,1.0
aurus-nsga2-apportion|aurus,cross,ltl2dba-theta-2,8,9,1.0,1.0,1.0,1.0
aurus-nsga2-apportion|aurus,cross,ltl2dba-theta-2,9,9,0.8889,0.8889,1.0,1.0
aurus-nsga2-apportion|aurus,ctrl_x,ltl2dba-theta-2,8,9,1.0,1.0,1.0,1.0
aurus-nsga2-apportion|aurus,ctrl_y,ltl2dba-theta-2,8,9,1.0,1.0,1.0,1.0
aurus-nsga2-apportion|aurus,cross,ltl2dba-theta-2,10,12,1.0,0.6667,1.0,0.9167
aurus-nsga2-apportion|aurus,cross,ltl2dba-theta-2,11,12,1.0,0.75,1.0,1.0
aurus-nsga2-apportion|aurus,ctrl_x,ltl2dba-theta-2,10,12,1.0,1.0,1.0,1.0
aurus-nsga2-apportion|aurus,ctrl_y,ltl2dba-theta-2,10,12,1.0,1.0,0.75,1.0
aurus-nsga2-apportion|aurus,cross,ltl2dba-theta-2,12,16,1.0,1.0,0.5,0.875
aurus-nsga2-apportion|aurus,cross,ltl2dba-theta-2,13,16,1.0,1.0,0.875,0.9375
aurus-nsga2-apportion|aurus,ctrl_x,ltl2dba-theta-2,12,16,1.0,1.0,0.9375,1.0
aurus-nsga2-apportion|aurus,ctrl_y,ltl2dba-theta-2,12,16,0.9375,1.0,1.0,0.875
aurus-nsga2-apportion|aurus,cross,ltl2dba-theta-2,14,12,0.8333,1.0,0.8333,1.0
aurus-nsga2-apportion|aurus,cross,ltl2dba-theta-2,15,12,0.5,1.0,1.0,0.9167
aurus-nsga2-apportion|aurus,ctrl_x,ltl2dba-theta-2,14,12,0.9167,0.6667,1.0,1.0
aurus-nsga2-apportion|aurus,ctrl_y,ltl2dba-theta-2,14,12,1.0,1.0,1.0,1.0
aurus-nsga2-apportion|aurus,cross,ltl2dba-theta-2,16,18,0.8333,0.7778,0.8333,0.5
aurus-nsga2-apportion|aurus,cross,ltl2dba-theta-2,17,18,0.8889,0.9444,1.0,0.8889
aurus-nsga2-apportion|aurus,ctrl_x,ltl2dba-theta-2,16,18,0.8889,0.8333,1.0,1.0
aurus-nsga2-apportion|aurus,ctrl_y,ltl2dba-theta-2,16,18,0.8889,1.0,1.0,1.0
aurus-nsga2-apportion|aurus,cross,ltl2dba-theta-2,18,10,1.0,0.8,1.0,1.0
aurus-nsga2-apportion|aurus,cross,ltl2dba-theta-2,19,10,1.0,0.1,0.6,0.1
aurus-nsga2-apportion|aurus,ctrl_x,ltl2dba-theta-2,18,10,0.9,1.0,1.0,1.0
aurus-nsga2-apportion|aurus,ctrl_y,ltl2dba-theta-2,18,10,1.0,1.0,1.0,0.2
aurus-nsga2-apportion|aurus,cross,ltl2dba-theta-2,20,10,0.7,1.0,0.9,1.0
aurus-nsga2-apportion|aurus,cross,ltl2dba-theta-2,21,10,1.0,0.9,1.0,1.0
aurus-nsga2-apportion|aurus,ctrl_x,ltl2dba-theta-2,20,10,1.0,1.0,1.0,1.0
aurus-nsga2-apportion|aurus,ctrl_y,ltl2dba-theta-2,20,10,1.0,0.8,1.0,1.0
aurus-nsga2-apportion|aurus,cross,ltl2dba-theta-2,22,12,0.9167,0.75,1.0,1.0
aurus-nsga2-apportion|aurus,cross,ltl2dba-theta-2,23,12,0.9167,0.8333,1.0,0.9167
aurus-nsga2-apportion|aurus,ctrl_x,ltl2dba-theta-2,22,12,0.9167,0.9167,1.0,1.0
aurus-nsga2-apportion|aurus,ctrl_y,ltl2dba-theta-2,22,12,1.0,1.0,1.0,1.0
aurus-nsga2-apportion|aurus,cross,ltl2dba-theta-2,24,14,1.0,0.5714,1.0,0.7857
aurus-nsga2-apportion|aurus,cross,ltl2dba-theta-2,25,14,1.0,0.5,0.9286,0.3571
aurus-nsga2-apportion|aurus,ctrl_x,ltl2dba-theta-2,24,14,0.7857,1.0,1.0,1.0
aurus-nsga2-apportion|aurus,ctrl_y,ltl2dba-theta-2,24,14,0.9286,1.0,1.0,0.4286
aurus-nsga2-apportion|aurus,cross,ltl2dba-theta-2,26,13,1.0,0.4615,1.0,0.6154
aurus-nsga2-apportion|aurus,cross,ltl2dba-theta-2,27,13,0.8462,0.9231,1.0,1.0
aurus-nsga2-apportion|aurus,ctrl_x,ltl2dba-theta-2,26,13,1.0,0.7692,1.0,1.0
aurus-nsga2-apportion|aurus,ctrl_y,ltl2dba-theta-2,26,13,1.0,1.0,1.0,1.0
aurus-nsga2-apportion|aurus,cross,ltl2dba-theta-2,28,15,0.9333,1.0,0.9333,1.0
aurus-nsga2-apportion|aurus,cross,ltl2dba-theta-2,29,15,1.0,0.3333,1.0,0.2667
aurus-nsga2-apportion|aurus,ctrl_x,ltl2dba-theta-2,28,15,0.6667,1.0,0.8667,1.0
aurus-nsga2-apportion|aurus,ctrl_y,ltl2dba-theta-2,28,15,1.0,0.7333,0.8,1.0
mrs-nsga2-apportion|aurus,cross,ltl2dba27,0,16,1.0,1.0,1.0,1.0
mrs-nsga2-apportion|aurus,cross,ltl2dba27,1,16,0.9375,1.0,0.9375,0.6875
mrs-nsga2-apportion|aurus,ctrl_x,ltl2dba27,0,16,1.0,1.0,1.0,1.0
mrs-nsga2-apportion|aurus,ctrl_y,ltl2dba27,0,16,1.0,1.0,1.0,1.0
mrs-nsga2-apportion|aurus,cross,ltl2dba27,2,11,1.0,1.0,1.0,1.0
mrs-nsga2-apportion|aurus,cross,ltl2dba27,3,11,1.0,0.9091,1.0,1.0
mrs-nsga2-apportion|aurus,ctrl_x,ltl2dba27,2,11,1.0,0.8182,0.9091,1.0
mrs-nsga2-apportion|aurus,ctrl_y,ltl2dba27,2,11,0.9091,1.0,1.0,1.0
mrs-nsga2-apportion|aurus,cross,ltl2dba27,4,10,1.0,1.0,1.0,1.0
mrs-nsga2-apportion|aurus,cross,ltl2dba27,5,10,1.0,1.0,1.0,1.0
mrs-nsga2-apportion|aurus,ctrl_x,ltl2dba27,4,10,1.0,1.0,1.0,1.0
mrs-nsga2-apportion|aurus,ctrl_y,ltl2dba27,4,10,1.0,1.0,1.0,1.0
mrs-nsga2-apportion|aurus,cross,ltl2dba27,6,18,0.5,1.0,0.7778,1.0
mrs-nsga2-apportion|aurus,cross,ltl2dba27,7,18,1.0,0.8889,1.0,1.0
mrs-nsga2-apportion|aurus,ctrl_x,ltl2dba27,6,18,0.7222,1.0,0.7222,1.0
mrs-nsga2-apportion|aurus,ctrl_y,ltl2dba27,6,18,1.0,0.7778,1.0,1.0
mrs-nsga2-apportion|aurus,cross,ltl2dba27,8,10,1.0,1.0,1.0,1.0
mrs-nsga2-apportion|aurus,cross,ltl2dba27,9,10,1.0,1.0,1.0,1.0
mrs-nsga2-apportion|aurus,ctrl_x,ltl2dba27,8,10,1.0,1.0,1.0,0.5
mrs-nsga2-apportion|aurus,ctrl_y,ltl2dba27,8,10,1.0,1.0,1.0,1.0
mrs-nsga2-apportion|aurus,cross,ltl2dba27,10,14,1.0,0.8571,1.0,0.8571
mrs-nsga2-apportion|aurus,cross,ltl2dba27,11,14,1.0,0.8571,1.0,1.0
mrs-nsga2-apportion|aurus,ctrl_x,ltl2dba27,10,14,0.9286,1.0,1.0,1.0
mrs-nsga2-apportion|aurus,ctrl_y,ltl2dba27,10,14,0.9286,1.0,1.0,1.0
mrs-nsga2-apportion|aurus,cross,ltl2dba27,12,10,1.0,1.0,1.0,1.0
mrs-nsga2-apportion|aurus,cross,ltl2dba27,13,10,1.0,1.0,1.0,1.0
mrs-nsga2-apportion|aurus,ctrl_x,ltl2dba27,12,10,1.0,1.0,1.0,1.0
mrs-nsga2-apportion|aurus,ctrl_y,ltl2dba27,12,10,1.0,0.9,0.9,1.0
mrs-nsga2-apportion|aurus,cross,ltl2dba27,14,14,0.9286,1.0,1.0,1.0
mrs-nsga2-apportion|aurus,cross,ltl2dba27,15,14,1.0,1.0,0.7857,0.9286
mrs-nsga2-apportion|aurus,ctrl_x,ltl2dba27,14,14,1.0,1.0,1.0,1.0
mrs-nsga2-apportion|aurus,ctrl_y,ltl2dba27,14,14,1.0,1.0,1.0,1.0
mrs-nsga2-apportion|aurus,cross,ltl2dba27,16,10,0.8,1.0,0.4,1.0
mrs-nsga2-apportion|aurus,cross,ltl2dba27,17,10,1.0,1.0,1.0,1.0
mrs-nsga2-apportion|aurus,ctrl_x,ltl2dba27,16,10,0.9,1.0,1.0,1.0
mrs-nsga2-apportion|aurus,ctrl_y,ltl2dba27,16,10,1.0,1.0,1.0,1.0
mrs-nsga2-apportion|aurus,cross,ltl2dba27,20,14,1.0,0.8571,0.9286,1.0
mrs-nsga2-apportion|aurus,cross,ltl2dba27,21,14,1.0,0.7857,0.9286,0.9286
mrs-nsga2-apportion|aurus,ctrl_x,ltl2dba27,20,14,1.0,1.0,1.0,1.0
mrs-nsga2-apportion|aurus,ctrl_y,ltl2dba27,20,14,1.0,0.7143,1.0,0.9286
mrs-nsga2-apportion|aurus,cross,ltl2dba27,22,7,1.0,0.8571,1.0,1.0
mrs-nsga2-apportion|aurus,cross,ltl2dba27,23,7,1.0,0.8571,1.0,1.0
mrs-nsga2-apportion|aurus,ctrl_x,ltl2dba27,22,7,1.0,1.0,1.0,1.0
mrs-nsga2-apportion|aurus,ctrl_y,ltl2dba27,22,7,1.0,1.0,1.0,1.0
mrs-nsga2-apportion|aurus,cross,ltl2dba27,24,15,1.0,0.9333,1.0,1.0
mrs-nsga2-apportion|aurus,cross,ltl2dba27,25,15,1.0,1.0,1.0,1.0
mrs-nsga2-apportion|aurus,ctrl_x,ltl2dba27,24,15,1.0,0.9333,1.0,1.0
mrs-nsga2-apportion|aurus,ctrl_y,ltl2dba27,24,15,1.0,1.0,1.0,0.9333
mrs-nsga2-apportion|aurus,cross,ltl2dba27,26,19,1.0,1.0,1.0,1.0
mrs-nsga2-apportion|aurus,cross,ltl2dba27,27,19,1.0,0.7895,0.8947,1.0
mrs-nsga2-apportion|aurus,ctrl_x,ltl2dba27,26,19,0.8947,0.9474,1.0,0.9474
mrs-nsga2-apportion|aurus,ctrl_y,ltl2dba27,26,19,1.0,1.0,1.0,1.0
mrs-nsga2-apportion|aurus-nsga2-apportion,cross,ltl2dba27,0,15,1.0,1.0,1.0,1.0
mrs-nsga2-apportion|aurus-nsga2-apportion,cross,ltl2dba27,1,15,0.9333,1.0,1.0,1.0
mrs-nsga2-apportion|aurus-nsga2-apportion,ctrl_x,ltl2dba27,0,15,1.0,1.0,1.0,1.0
mrs-nsga2-apportion|aurus-nsga2-apportion,ctrl_y,ltl2dba27,0,15,1.0,1.0,1.0,1.0
mrs-nsga2-apportion|aurus-nsga2-apportion,cross,ltl2dba27,2,10,1.0,1.0,1.0,1.0
mrs-nsga2-apportion|aurus-nsga2-apportion,cross,ltl2dba27,3,10,0.9,1.0,1.0,1.0
mrs-nsga2-apportion|aurus-nsga2-apportion,ctrl_x,ltl2dba27,2,10,0.9,0.9,1.0,1.0
mrs-nsga2-apportion|aurus-nsga2-apportion,ctrl_y,ltl2dba27,2,10,1.0,1.0,1.0,1.0
mrs-nsga2-apportion|aurus-nsga2-apportion,cross,ltl2dba27,4,10,1.0,0.9,1.0,1.0
mrs-nsga2-apportion|aurus-nsga2-apportion,cross,ltl2dba27,5,10,1.0,1.0,1.0,1.0
mrs-nsga2-apportion|aurus-nsga2-apportion,ctrl_x,ltl2dba27,4,10,1.0,1.0,1.0,1.0
mrs-nsga2-apportion|aurus-nsga2-apportion,ctrl_y,ltl2dba27,4,10,0.9,1.0,1.0,1.0
mrs-nsga2-apportion|aurus-nsga2-apportion,cross,ltl2dba27,6,16,1.0,1.0,1.0,1.0
mrs-nsga2-apportion|aurus-nsga2-apportion,cross,ltl2dba27,7,16,1.0,1.0,1.0,1.0
mrs-nsga2-apportion|aurus-nsga2-apportion,ctrl_x,ltl2dba27,6,16,0.625,1.0,1.0,1.0
mrs-nsga2-apportion|aurus-nsga2-apportion,ctrl_y,ltl2dba27,6,16,0.875,1.0,1.0,1.0
mrs-nsga2-apportion|aurus-nsga2-apportion,cross,ltl2dba27,8,10,1.0,0.9,1.0,0.9
mrs-nsga2-apportion|aurus-nsga2-apportion,cross,ltl2dba27,9,10,1.0,1.0,1.0,1.0
mrs-nsga2-apportion|aurus-nsga2-apportion,ctrl_x,ltl2dba27,8,10,1.0,1.0,1.0,0.5
mrs-nsga2-apportion|aurus-nsga2-apportion,ctrl_y,ltl2dba27,8,10,1.0,0.3,0.9,1.0
mrs-nsga2-apportion|aurus-nsga2-apportion,cross,ltl2dba27,10,8,0.5,1.0,1.0,1.0
mrs-nsga2-apportion|aurus-nsga2-apportion,cross,ltl2dba27,11,8,1.0,1.0,1.0,1.0
mrs-nsga2-apportion|aurus-nsga2-apportion,ctrl_x,ltl2dba27,10,8,0.5,1.0,1.0,1.0
mrs-nsga2-apportion|aurus-nsga2-apportion,ctrl_y,ltl2dba27,10,8,1.0,1.0,1.0,1.0
mrs-nsga2-apportion|aurus-nsga2-apportion,cross,ltl2dba27,12,9,1.0,1.0,1.0,1.0
mrs-nsga2-apportion|aurus-nsga2-apportion,cross,ltl2dba27,13,9,1.0,1.0,1.0,1.0
mrs-nsga2-apportion|aurus-nsga2-apportion,ctrl_x,ltl2dba27,12,9,1.0,1.0,1.0,1.0
mrs-nsga2-apportion|aurus-nsga2-apportion,ctrl_y,ltl2dba27,12,9,1.0,1.0,1.0,1.0
mrs-nsga2-apportion|aurus-nsga2-apportion,cross,ltl2dba27,14,9,1.0,1.0,0.8889,1.0
mrs-nsga2-apportion|aurus-nsga2-apportion,cross,ltl2dba27,15,9,1.0,1.0,1.0,1.0
mrs-nsga2-apportion|aurus-nsga2-apportion,ctrl_x,ltl2dba27,14,9,1.0,1.0,0.8889,1.0
mrs-nsga2-apportion|aurus-nsga2-apportion,ctrl_y,ltl2dba27,14,9,1.0,1.0,1.0,1.0
mrs-nsga2-apportion|aurus-nsga2-apportion,cross,ltl2dba27,16,10,1.0,0.9,1.0,1.0
mrs-nsga2-apportion|aurus-nsga2-apportion,cross,ltl2dba27,17,10,1.0,1.0,1.0,1.0
mrs-nsga2-apportion|aurus-nsga2-apportion,ctrl_x,ltl2dba27,16,10,0.9,1.0,1.0,1.0
mrs-nsga2-apportion|aurus-nsga2-apportion,ctrl_y,ltl2dba27,16,10,1.0,1.0,1.0,1.0
mrs-nsga2-apportion|aurus-nsga2-apportion,cross,ltl2dba27,18,15,0.7333,1.0,1.0,1.0
mrs-nsga2-apportion|aurus-nsga2-apportion,cross,ltl2dba27,19,15,1.0,0.9333,1.0,1.0
mrs-nsga2-apportion|aurus-nsga2-apportion,ctrl_x,ltl2dba27,18,15,0.8,1.0,1.0,1.0
mrs-nsga2-apportion|aurus-nsga2-apportion,ctrl_y,ltl2dba27,18,15,0.8667,1.0,1.0,1.0
mrs-nsga2-apportion|aurus-nsga2-apportion,cross,ltl2dba27,20,13,1.0,1.0,1.0,1.0
mrs-nsga2-apportion|aurus-nsga2-apportion,cross,ltl2dba27,21,13,0.9231,1.0,1.0,1.0
mrs-nsga2-apportion|aurus-nsga2-apportion,ctrl_x,ltl2dba27,20,13,1.0,1.0,0.9231,1.0
mrs-nsga2-apportion|aurus-nsga2-apportion,ctrl_y,ltl2dba27,20,13,0.9231,0.9231,1.0,1.0
mrs-nsga2-apportion|aurus-nsga2-apportion,cross,ltl2dba27,24,14,1.0,0.8571,1.0,1.0
mrs-nsga2-apportion|aurus-nsga2-apportion,cross,ltl2dba27,25,14,1.0,1.0,1.0,1.0
mrs-nsga2-apportion|aurus-nsga2-apportion,ctrl_x,ltl2dba27,24,14,1.0,0.9286,1.0,1.0
mrs-nsga2-apportion|aurus-nsga2-apportion,ctrl_y,ltl2dba27,24,14,1.0,1.0,1.0,1.0
mrs-nsga2-apportion|aurus-nsga2-apportion,cross,ltl2dba27,26,18,0.8333,0.7222,1.0,0.7778
mrs-nsga2-apportion|aurus-nsga2-apportion,cross,ltl2dba27,27,18,1.0,0.9444,1.0,1.0
mrs-nsga2-apportion|aurus-nsga2-apportion,ctrl_x,ltl2dba27,26,18,0.8889,0.9444,1.0,0.9444
mrs-nsga2-apportion|aurus-nsga2-apportion,ctrl_y,ltl2dba27,26,18,0.9444,0.9444,0.9444,1.0
mrs-nsga2-apportion|aurus-nsga2-apportion,cross,ltl2dba27,28,15,1.0,1.0,1.0,1.0
mrs-nsga2-apportion|aurus-nsga2-apportion,cross,ltl2dba27,29,15,0.9333,1.0,1.0,1.0
mrs-nsga2-apportion|aurus-nsga2-apportion,ctrl_x,ltl2dba27,28,15,1.0,0.9333,1.0,1.0
mrs-nsga2-apportion|aurus-nsga2-apportion,ctrl_y,ltl2dba27,28,15,0.9333,1.0,0.9333,1.0
mrs-nsga2-apportion|mrs-weighted,cross,ltl2dba27,0,6,0.8333,1.0,1.0,1.0
mrs-nsga2-apportion|mrs-weighted,cross,ltl2dba27,1,6,1.0,1.0,1.0,1.0
mrs-nsga2-apportion|mrs-weighted,ctrl_x,ltl2dba27,0,6,1.0,1.0,1.0,1.0
mrs-nsga2-apportion|mrs-weighted,ctrl_y,ltl2dba27,0,6,1.0,1.0,1.0,1.0
mrs-nsga2-apportion|mrs-weighted,cross,ltl2dba27,2,7,1.0,1.0,1.0,1.0
mrs-nsga2-apportion|mrs-weighted,cross,ltl2dba27,3,7,0.7143,1.0,1.0,1.0
mrs-nsga2-apportion|mrs-weighted,ctrl_x,ltl2dba27,2,7,1.0,0.8571,1.0,1.0
mrs-nsga2-apportion|mrs-weighted,ctrl_y,ltl2dba27,2,7,1.0,1.0,1.0,1.0
mrs-nsga2-apportion|mrs-weighted,cross,ltl2dba27,4,6,0.3333,1.0,1.0,1.0
mrs-nsga2-apportion|mrs-weighted,cross,ltl2dba27,5,6,0.8333,1.0,1.0,1.0
mrs-nsga2-apportion|mrs-weighted,ctrl_x,ltl2dba27,4,6,1.0,1.0,1.0,1.0
mrs-nsga2-apportion|mrs-weighted,ctrl_y,ltl2dba27,4,6,1.0,1.0,1.0,1.0
mrs-nsga2-apportion|mrs-weighted,cross,ltl2dba27,6,11,0.7273,1.0,1.0,1.0
mrs-nsga2-apportion|mrs-weighted,cross,ltl2dba27,7,11,0.9091,1.0,1.0,1.0
mrs-nsga2-apportion|mrs-weighted,ctrl_x,ltl2dba27,6,11,0.7273,1.0,1.0,1.0
mrs-nsga2-apportion|mrs-weighted,ctrl_y,ltl2dba27,6,11,1.0,1.0,1.0,1.0
mrs-nsga2-apportion|mrs-weighted,cross,ltl2dba27,8,10,1.0,1.0,1.0,1.0
mrs-nsga2-apportion|mrs-weighted,cross,ltl2dba27,9,10,1.0,1.0,1.0,1.0
mrs-nsga2-apportion|mrs-weighted,ctrl_x,ltl2dba27,8,10,1.0,1.0,1.0,0.5
mrs-nsga2-apportion|mrs-weighted,ctrl_y,ltl2dba27,8,10,1.0,1.0,1.0,1.0
mrs-nsga2-apportion|mrs-weighted,cross,ltl2dba27,10,7,0.5714,1.0,1.0,1.0
mrs-nsga2-apportion|mrs-weighted,cross,ltl2dba27,11,7,1.0,1.0,1.0,1.0
mrs-nsga2-apportion|mrs-weighted,ctrl_x,ltl2dba27,10,7,0.7143,1.0,1.0,1.0
mrs-nsga2-apportion|mrs-weighted,ctrl_y,ltl2dba27,10,7,1.0,1.0,1.0,1.0
mrs-nsga2-apportion|mrs-weighted,cross,ltl2dba27,12,8,0.75,1.0,1.0,1.0
mrs-nsga2-apportion|mrs-weighted,cross,ltl2dba27,13,8,0.875,1.0,1.0,1.0
mrs-nsga2-apportion|mrs-weighted,ctrl_x,ltl2dba27,12,8,1.0,1.0,1.0,1.0
mrs-nsga2-apportion|mrs-weighted,ctrl_y,ltl2dba27,12,8,1.0,1.0,1.0,1.0
mrs-nsga2-apportion|mrs-weighted,cross,ltl2dba27,14,11,0.9091,1.0,0.9091,1.0
mrs-nsga2-apportion|mrs-weighted,cross,ltl2dba27,15,11,1.0,1.0,1.0,1.0
mrs-nsga2-apportion|mrs-weighted,ctrl_x,ltl2dba27,14,11,0.9091,1.0,0.9091,1.0
mrs-nsga2-apportion|mrs-weighted,ctrl_y,ltl2dba27,14,11,1.0,1.0,1.0,1.0
mrs-nsga2-apportion|mrs-weighted,cross,ltl2dba27,16,10,1.0,1.0,1.0,1.0
mrs-nsga2-apportion|mrs-weighted,cross,ltl2dba27,17,10,1.0,1.0,0.9,1.0
mrs-nsga2-apportion|mrs-weighted,ctrl_x,ltl2dba27,16,10,0.9,1.0,1.0,1.0
mrs-nsga2-apportion|mrs-weighted,ctrl_y,ltl2dba27,16,10,1.0,1.0,0.9,0.9
mrs-nsga2-apportion|mrs-weighted,cross,ltl2dba27,18,8,0.625,1.0,1.0,1.0
mrs-nsga2-apportion|mrs-weighted,cross,ltl2dba27,19,8,0.625,1.0,1.0,1.0
mrs-nsga2-apportion|mrs-weighted,ctrl_x,ltl2dba27,18,8,1.0,1.0,1.0,1.0
mrs-nsga2-apportion|mrs-weighted,ctrl_y,ltl2dba27,18,8,1.0,1.0,1.0,1.0
mrs-nsga2-apportion|mrs-weighted,cross,ltl2dba27,20,9,1.0,1.0,1.0,1.0
mrs-nsga2-apportion|mrs-weighted,cross,ltl2dba27,21,9,0.5556,1.0,1.0,0.8889
mrs-nsga2-apportion|mrs-weighted,ctrl_x,ltl2dba27,20,9,0.8889,1.0,1.0,1.0
mrs-nsga2-apportion|mrs-weighted,ctrl_y,ltl2dba27,20,9,1.0,1.0,1.0,1.0
mrs-nsga2-apportion|mrs-weighted,cross,ltl2dba27,22,7,1.0,1.0,1.0,1.0
mrs-nsga2-apportion|mrs-weighted,cross,ltl2dba27,23,7,1.0,1.0,1.0,1.0
mrs-nsga2-apportion|mrs-weighted,ctrl_x,ltl2dba27,22,7,1.0,1.0,1.0,1.0
mrs-nsga2-apportion|mrs-weighted,ctrl_y,ltl2dba27,22,7,1.0,1.0,1.0,1.0
mrs-nsga2-apportion|mrs-weighted,cross,ltl2dba27,24,11,1.0,1.0,1.0,1.0
mrs-nsga2-apportion|mrs-weighted,cross,ltl2dba27,25,11,1.0,0.8182,1.0,1.0
mrs-nsga2-apportion|mrs-weighted,ctrl_x,ltl2dba27,24,11,1.0,0.9091,1.0,1.0
mrs-nsga2-apportion|mrs-weighted,ctrl_y,ltl2dba27,24,11,1.0,1.0,1.0,1.0
mrs-nsga2-apportion|mrs-weighted,cross,ltl2dba27,26,8,0.875,1.0,1.0,1.0
mrs-nsga2-apportion|mrs-weighted,cross,ltl2dba27,27,8,0.625,1.0,1.0,1.0
mrs-nsga2-apportion|mrs-weighted,ctrl_x,ltl2dba27,26,8,1.0,1.0,1.0,1.0
mrs-nsga2-apportion|mrs-weighted,ctrl_y,ltl2dba27,26,8,1.0,1.0,1.0,1.0
mrs-nsga2-apportion|mrs-weighted,cross,ltl2dba27,28,11,0.8182,1.0,1.0,1.0
mrs-nsga2-apportion|mrs-weighted,cross,ltl2dba27,29,11,0.9091,1.0,1.0,1.0
mrs-nsga2-apportion|mrs-weighted,ctrl_x,ltl2dba27,28,11,1.0,1.0,1.0,0.9091
mrs-nsga2-apportion|mrs-weighted,ctrl_y,ltl2dba27,28,11,1.0,1.0,1.0,1.0
aurus-nsga2-apportion|aurus,cross,ltl2dba27,0,15,1.0,0.9333,1.0,1.0
aurus-nsga2-apportion|aurus,cross,ltl2dba27,1,15,1.0,1.0,1.0,1.0
aurus-nsga2-apportion|aurus,ctrl_x,ltl2dba27,0,15,1.0,0.9333,1.0,1.0
aurus-nsga2-apportion|aurus,ctrl_y,ltl2dba27,0,15,1.0,1.0,1.0,1.0
aurus-nsga2-apportion|aurus,cross,ltl2dba27,2,10,1.0,0.7,1.0,0.8
aurus-nsga2-apportion|aurus,cross,ltl2dba27,3,10,1.0,0.9,1.0,1.0
aurus-nsga2-apportion|aurus,ctrl_x,ltl2dba27,2,10,1.0,1.0,1.0,1.0
aurus-nsga2-apportion|aurus,ctrl_y,ltl2dba27,2,10,1.0,1.0,1.0,1.0
aurus-nsga2-apportion|aurus,cross,ltl2dba27,4,15,0.8,1.0,1.0,1.0
aurus-nsga2-apportion|aurus,cross,ltl2dba27,5,15,1.0,1.0,1.0,1.0
aurus-nsga2-apportion|aurus,ctrl_x,ltl2dba27,4,15,0.9333,1.0,0.9333,1.0
aurus-nsga2-apportion|aurus,ctrl_y,ltl2dba27,4,15,1.0,0.9333,1.0,1.0
aurus-nsga2-apportion|aurus,cross,ltl2dba27,6,16,0.875,1.0,1.0,1.0
aurus-nsga2-apportion|aurus,cross,ltl2dba27,7,16,1.0,0.875,1.0,0.9375
aurus-nsga2-apportion|aurus,ctrl_x,ltl2dba27,6,16,0.8125,1.0,1.0,1.0
aurus-nsga2-apportion|aurus,ctrl_y,ltl2dba27,6,16,1.0,0.75,1.0,0.8125
aurus-nsga2-apportion|aurus,cross,ltl2dba27,8,15,0.9333,1.0,1.0,1.0
aurus-nsga2-apportion|aurus,cross,ltl2dba27,9,15,1.0,0.9333,1.0,1.0
aurus-nsga2-apportion|aurus,ctrl_x,ltl2dba27,8,15,0.9333,0.9333,1.0,1.0
aurus-nsga2-apportion|aurus,ctrl_y,ltl2dba27,8,15,1.0,1.0,0.9333,1.0
aurus-nsga2-apportion|aurus,cross,ltl2dba27,10,8,1.0,1.0,1.0,1.0
aurus-nsga2-apportion|aurus,cross,ltl2dba27,11,8,1.0,1.0,1.0,1.0
aurus-nsga2-apportion|aurus,ctrl_x,ltl2dba27,10,8,1.0,1.0,1.0,1.0
aurus-nsga2-apportion|aurus,ctrl_y,ltl2dba27,10,8,1.0,1.0,1.0,1.0
aurus-nsga2-apportion|aurus,cross,ltl2dba27,12,9,1.0,1.0,1.0,0.5556
aurus-nsga2-apportion|aurus,cross,ltl2dba27,13,9,1.0,0.8889,1.0,0.7778
aurus-nsga2-apportion|aurus,ctrl_x,ltl2dba27,12,9,1.0,1.0,1.0,1.0
aurus-nsga2-apportion|aurus,ctrl_y,ltl2dba27,12,9,1.0,1.0,1.0,1.0
aurus-nsga2-apportion|aurus,cross,ltl2dba27,14,9,1.0,1.0,1.0,1.0
aurus-nsga2-apportion|aurus,cross,ltl2dba27,15,9,1.0,1.0,1.0,1.0
aurus-nsga2-apportion|aurus,ctrl_x,ltl2dba27,14,9,1.0,1.0,1.0,1.0
aurus-nsga2-apportion|aurus,ctrl_y,ltl2dba27,14,9,1.0,0.8889,1.0,1.0
aurus-nsga2-apportion|aurus,cross,ltl2dba27,16,11,0.8182,1.0,0.7273,1.0
aurus-nsga2-apportion|aurus,cross,ltl2dba27,17,11,1.0,0.9091,1.0,1.0
aurus-nsga2-apportion|aurus,ctrl_x,ltl2dba27,16,11,1.0,1.0,1.0,0.9091
aurus-nsga2-apportion|aurus,ctrl_y,ltl2dba27,16,11,1.0,1.0,1.0,0.8182
aurus-nsga2-apportion|aurus,cross,ltl2dba27,20,13,0.9231,0.9231,1.0,1.0
aurus-nsga2-apportion|aurus,cross,ltl2dba27,21,13,1.0,1.0,1.0,1.0
aurus-nsga2-apportion|aurus,ctrl_x,ltl2dba27,20,13,0.9231,0.9231,1.0,1.0
aurus-nsga2-apportion|aurus,ctrl_y,ltl2dba27,20,13,1.0,0.9231,1.0,1.0
aurus-nsga2-apportion|aurus,cross,ltl2dba27,24,14,0.9286,1.0,0.9286,1.0
aurus-nsga2-apportion|aurus,cross,ltl2dba27,25,14,1.0,1.0,1.0,1.0
aurus-nsga2-apportion|aurus,ctrl_x,ltl2dba27,24,14,1.0,1.0,1.0,1.0
aurus-nsga2-apportion|aurus,ctrl_y,ltl2dba27,24,14,1.0,1.0,1.0,1.0
aurus-nsga2-apportion|aurus,cross,ltl2dba27,26,18,0.8889,0.8889,0.9444,1.0
aurus-nsga2-apportion|aurus,cross,ltl2dba27,27,18,1.0,0.9444,0.8333,1.0
aurus-nsga2-apportion|aurus,ctrl_x,ltl2dba27,26,18,1.0,0.8889,0.8889,1.0
aurus-nsga2-apportion|aurus,ctrl_y,ltl2dba27,26,18,1.0,1.0,1.0,1.0
mrs-nsga2-apportion|aurus,cross,minepump,0,28,0.8571,0.9286,1.0,0.9643
mrs-nsga2-apportion|aurus,cross,minepump,1,28,0.9643,0.8214,0.8929,0.6429
mrs-nsga2-apportion|aurus,ctrl_x,minepump,0,28,0.8929,0.9286,0.8571,1.0
mrs-nsga2-apportion|aurus,ctrl_y,minepump,0,28,0.9286,0.8571,1.0,1.0
mrs-nsga2-apportion|aurus,cross,minepump,2,22,0.9545,0.9091,1.0,0.5909
mrs-nsga2-apportion|aurus,cross,minepump,3,22,0.9091,0.9545,0.9091,0.9545
mrs-nsga2-apportion|aurus,ctrl_x,minepump,2,22,1.0,0.9091,1.0,1.0
mrs-nsga2-apportion|aurus,ctrl_y,minepump,2,22,0.9091,1.0,0.9545,1.0
mrs-nsga2-apportion|aurus,cross,minepump,4,22,0.9545,1.0,0.7273,0.5909
mrs-nsga2-apportion|aurus,cross,minepump,5,22,1.0,0.9091,1.0,0.5909
mrs-nsga2-apportion|aurus,ctrl_x,minepump,4,22,1.0,1.0,1.0,1.0
mrs-nsga2-apportion|aurus,ctrl_y,minepump,4,22,1.0,0.8636,1.0,1.0
mrs-nsga2-apportion|aurus,cross,minepump,6,12,1.0,1.0,0.9167,1.0
mrs-nsga2-apportion|aurus,cross,minepump,7,12,0.75,1.0,1.0,1.0
mrs-nsga2-apportion|aurus,ctrl_x,minepump,6,12,1.0,1.0,1.0,1.0
mrs-nsga2-apportion|aurus,ctrl_y,minepump,6,12,1.0,1.0,1.0,1.0
mrs-nsga2-apportion|aurus,cross,minepump,8,13,0.9231,1.0,1.0,1.0
mrs-nsga2-apportion|aurus,cross,minepump,9,13,1.0,1.0,1.0,1.0
mrs-nsga2-apportion|aurus,ctrl_x,minepump,8,13,1.0,1.0,1.0,1.0
mrs-nsga2-apportion|aurus,ctrl_y,minepump,8,13,1.0,1.0,1.0,1.0
mrs-nsga2-apportion|aurus,cross,minepump,10,18,1.0,1.0,0.8889,0.7778
mrs-nsga2-apportion|aurus,cross,minepump,11,18,1.0,0.8889,0.7222,0.3889
mrs-nsga2-apportion|aurus,ctrl_x,minepump,10,18,1.0,0.9444,1.0,1.0
mrs-nsga2-apportion|aurus,ctrl_y,minepump,10,18,1.0,1.0,1.0,1.0
mrs-nsga2-apportion|aurus,cross,minepump,12,35,0.9429,0.7429,0.8286,0.8857
mrs-nsga2-apportion|aurus,cross,minepump,13,35,0.8571,0.7714,0.7143,0.8857
mrs-nsga2-apportion|aurus,ctrl_x,minepump,12,35,0.9714,0.8,0.8857,0.8571
mrs-nsga2-apportion|aurus,ctrl_y,minepump,12,35,0.8857,1.0,1.0,0.9714
mrs-nsga2-apportion|aurus,cross,minepump,14,26,1.0,0.7692,0.9615,0.7308
mrs-nsga2-apportion|aurus,cross,minepump,15,26,0.8846,0.9231,0.8462,0.5769
mrs-nsga2-apportion|aurus,ctrl_x,minepump,14,26,1.0,1.0,1.0,0.9615
mrs-nsga2-apportion|aurus,ctrl_y,minepump,14,26,0.8846,0.8846,0.9231,0.9231
mrs-nsga2-apportion|aurus,cross,minepump,16,26,1.0,0.8462,0.6923,0.5
mrs-nsga2-apportion|aurus,cross,minepump,17,26,1.0,0.9231,0.6538,0.5769
mrs-nsga2-apportion|aurus,ctrl_x,minepump,16,26,1.0,0.6923,0.9615,0.7308
mrs-nsga2-apportion|aurus,ctrl_y,minepump,16,26,0.9615,0.8462,0.9615,0.9231
mrs-nsga2-apportion|aurus,cross,minepump,18,18,0.9444,0.8333,1.0,0.6667
mrs-nsga2-apportion|aurus,cross,minepump,19,18,1.0,0.9444,0.8333,0.5
mrs-nsga2-apportion|aurus,ctrl_x,minepump,18,18,1.0,1.0,1.0,1.0
mrs-nsga2-apportion|aurus,ctrl_y,minepump,18,18,0.9444,1.0,1.0,1.0
mrs-nsga2-apportion|aurus,cross,minepump,20,23,1.0,1.0,0.9565,0.6087
mrs-nsga2-apportion|aurus,cross,minepump,21,23,0.913,0.9565,0.913,0.7391
mrs-nsga2-apportion|aurus,ctrl_x,minepump,20,23,1.0,1.0,0.9565,1.0
mrs-nsga2-apportion|aurus,ctrl_y,minepump,20,23,0.9565,1.0,1.0,0.9565
mrs-nsga2-apportion|aurus,cross,minepump,22,25,0.96,0.84,0.84,0.72
mrs-nsga2-apportion|aurus,cross,minepump,23,25,0.96,0.96,1.0,1.0
mrs-nsga2-apportion|aurus,ctrl_x,minepump,22,25,0.72,1.0,0.8,0.76
mrs-nsga2-apportion|aurus,ctrl_y,minepump,22,25,0.84,0.92,1.0,0.92
mrs-nsga2-apportion|aurus,cross,minepump,24,20,0.9,1.0,0.8,0.7
mrs-nsga2-apportion|aurus,cross,minepump,25,20,1.0,1.0,0.75,0.95
mrs-nsga2-apportion|aurus,ctrl_x,minepump,24,20,1.0,1.0,1.0,0.8
mrs-nsga2-apportion|aurus,ctrl_y,minepump,24,20,0.95,1.0,1.0,1.0
mrs-nsga2-apportion|aurus,cross,minepump,26,27,1.0,0.8148,0.8519,0.963
mrs-nsga2-apportion|aurus,cross,minepump,27,27,0.7037,0.7778,0.9259,0.4444
mrs-nsga2-apportion|aurus,ctrl_x,minepump,26,27,0.8148,0.7407,0.9259,1.0
mrs-nsga2-apportion|aurus,ctrl_y,minepump,26,27,1.0,0.8889,0.8889,0.8519
mrs-nsga2-apportion|aurus,cross,minepump,28,37,0.9459,0.8378,0.8108,0.7297
mrs-nsga2-apportion|aurus,cross,minepump,29,37,0.8378,0.8649,0.8108,0.8108
mrs-nsga2-apportion|aurus,ctrl_x,minepump,28,37,0.9459,0.8108,1.0,0.8649
mrs-nsga2-apportion|aurus,ctrl_y,minepump,28,37,0.9189,0.8378,1.0,0.973
mrs-nsga2-apportion|aurus-nsga2-apportion,cross,minepump,0,28,0.9286,1.0,0.9643,1.0
mrs-nsga2-apportion|aurus-nsga2-apportion,cross,minepump,1,28,0.9643,0.75,1.0,0.8214
mrs-nsga2-apportion|aurus-nsga2-apportion,ctrl_x,minepump,0,28,0.8929,0.9286,0.8571,1.0
mrs-nsga2-apportion|aurus-nsga2-apportion,ctrl_y,minepump,0,28,1.0,0.5,0.8571,0.7143
mrs-nsga2-apportion|aurus-nsga2-apportion,cross,minepump,2,18,1.0,1.0,1.0,1.0
mrs-nsga2-apportion|aurus-nsga2-apportion,cross,minepump,3,18,0.8889,0.9444,1.0,1.0
mrs-nsga2-apportion|aurus-nsga2-apportion,ctrl_x,minepump,2,18,1.0,0.8889,1.0,0.9444
mrs-nsga2-apportion|aurus-nsga2-apportion,ctrl_y,minepump,2,18,1.0,0.8333,0.7222,0.6111
mrs-nsga2-apportion|aurus-nsga2-apportion,cross,minepump,4,20,1.0,1.0,1.0,1.0
mrs-nsga2-apportion|aurus-nsga2-apportion,cross,minepump,5,20,1.0,1.0,1.0,1.0
mrs-nsga2-apportion|aurus-nsga2-apportion,ctrl_x,minepump,4,20,1.0,1.0,0.7,1.0
mrs-nsga2-apportion|aurus-nsga2-apportion,ctrl_y,minepump,4,20,0.95,0.9,1.0,0.7
mrs-nsga2-apportion|aurus-nsga2-apportion,cross,minepump,6,19,0.9474,0.9474,1.0,1.0
mrs-nsga2-apportion|aurus-nsga2-apportion,cross,minepump,7,19,0.8947,0.8947,1.0,1.0
mrs-nsga2-apportion|aurus-nsga2-apportion,ctrl_x,minepump,6,19,0.8947,0.9474,0.9474,1.0
mrs-nsga2-apportion|aurus-nsga2-apportion,ctrl_y,minepump,6,19,1.0,0.8947,0.9474,0.8947
mrs-nsga2-apportion|aurus-nsga2-apportion,cross,minepump,8,23,1.0,0.913,0.9565,1.0
mrs-nsga2-apportion|aurus-nsga2-apportion,cross,minepump,9,23,1.0,1.0,1.0,1.0
mrs-nsga2-apportion|aurus-nsga2-apportion,ctrl_x,minepump,8,23,1.0,1.0,0.913,0.9565
mrs-nsga2-apportion|aurus-nsga2-apportion,ctrl_y,minepump,8,23,1.0,1.0,1.0,0.9565
mrs-nsga2-apportion|aurus-nsga2-apportion,cross,minepump,10,13,0.7692,1.0,1.0,1.0
mrs-nsga2-apportion|aurus-nsga2-apportion,cross,minepump,11,13,1.0,0.9231,1.0,0.8462
mrs-nsga2-apportion|aurus-nsga2-apportion,ctrl_x,minepump,10,13,1.0,1.0,1.0,1.0
mrs-nsga2-apportion|aurus-nsga2-apportion,ctrl_y,minepump,10,13,1.0,1.0,1.0,0.8462
mrs-nsga2-apportion|aurus-nsga2-apportion,cross,minepump,12,27,1.0,0.9259,1.0,1.0
mrs-nsga2-apportion|aurus-nsga2-apportion,cross,minepump,13,27,0.9259,0.963,0.963,0.963
mrs-nsga2-apportion|aurus-nsga2-apportion,ctrl_x,minepump,12,27,0.963,0.8519,0.7778,0.7778
mrs-nsga2-apportion|aurus-nsga2-apportion,ctrl_y,minepump,12,27,1.0,0.9259,1.0,1.0
mrs-nsga2-apportion|aurus-nsga2-apportion,cross,minepump,14,28,1.0,1.0,1.0,0.8214
mrs-nsga2-apportion|aurus-nsga2-apportion,cross,minepump,15,28,0.9286,0.9286,1.0,1.0
mrs-nsga2-apportion|aurus-nsga2-apportion,ctrl_x,minepump,14,28,0.9643,1.0,0.8571,0.8571
mrs-nsga2-apportion|aurus-nsga2-apportion,ctrl_y,minepump,14,28,0.8929,1.0,0.9643,0.8929
mrs-nsga2-apportion|aurus-nsga2-apportion,cross,minepump,16,34,1.0,0.9706,1.0,0.9118
mrs-nsga2-apportion|aurus-nsga2-apportion,cross,minepump,17,34,0.9412,0.9412,0.9706,1.0
mrs-nsga2-apportion|aurus-nsga2-apportion,ctrl_x,minepump,16,34,0.9706,0.9118,0.9412,1.0
mrs-nsga2-apportion|aurus-nsga2-apportion,ctrl_y,minepump,16,34,0.8824,0.8235,1.0,1.0
mrs-nsga2-apportion|aurus-nsga2-apportion,cross,minepump,18,30,1.0,0.9333,0.9333,0.9
mrs-nsga2-apportion|aurus-nsga2-apportion,cross,minepump,19,30,0.9667,0.9333,1.0,1.0
mrs-nsga2-apportion|aurus-nsga2-apportion,ctrl_x,minepump,18,30,0.9333,1.0,0.9667,0.9667
mrs-nsga2-apportion|aurus-nsga2-apportion,ctrl_y,minepump,18,30,0.9333,1.0,0.3333,0.9667
mrs-nsga2-apportion|aurus-nsga2-apportion,cross,minepump,20,20,0.95,1.0,1.0,1.0
mrs-nsga2-apportion|aurus-nsga2-apportion,cross,minepump,21,20,1.0,1.0,1.0,1.0
mrs-nsga2-apportion|aurus-nsga2-apportion,ctrl_x,minepump,20,20,1.0,0.9,0.9,1.0
mrs-nsga2-apportion|aurus-nsga2-apportion,ctrl_y,minepump,20,20,1.0,0.95,1.0,1.0
mrs-nsga2-apportion|aurus-nsga2-apportion,cross,minepump,22,14,0.9286,1.0,1.0,1.0
mrs-nsga2-apportion|aurus-nsga2-apportion,cross,minepump,23,14,1.0,1.0,1.0,1.0
mrs-nsga2-apportion|aurus-nsga2-apportion,ctrl_x,minepump,22,14,0.9286,1.0,0.6429,0.8571
mrs-nsga2-apportion|aurus-nsga2-apportion,ctrl_y,minepump,22,14,0.8571,1.0,1.0,1.0
mrs-nsga2-apportion|aurus-nsga2-apportion,cross,minepump,24,19,0.9474,1.0,1.0,1.0
mrs-nsga2-apportion|aurus-nsga2-apportion,cross,minepump,25,19,1.0,1.0,1.0,0.9474
mrs-nsga2-apportion|aurus-nsga2-apportion,ctrl_x,minepump,24,19,1.0,1.0,1.0,1.0
mrs-nsga2-apportion|aurus-nsga2-apportion,ctrl_y,minepump,24,19,1.0,1.0,1.0,1.0
mrs-nsga2-apportion|aurus-nsga2-apportion,cross,minepump,26,25,1.0,1.0,1.0,1.0
mrs-nsga2-apportion|aurus-nsga2-apportion,cross,minepump,27,25,1.0,0.88,1.0,0.96
mrs-nsga2-apportion|aurus-nsga2-apportion,ctrl_x,minepump,26,25,0.8,0.76,0.96,1.0
mrs-nsga2-apportion|aurus-nsga2-apportion,ctrl_y,minepump,26,25,0.92,0.76,1.0,1.0
mrs-nsga2-apportion|aurus-nsga2-apportion,cross,minepump,28,16,0.9375,0.9375,1.0,1.0
mrs-nsga2-apportion|aurus-nsga2-apportion,cross,minepump,29,16,0.8125,1.0,0.8125,1.0
mrs-nsga2-apportion|aurus-nsga2-apportion,ctrl_x,minepump,28,16,0.9375,0.9375,1.0,0.75
mrs-nsga2-apportion|aurus-nsga2-apportion,ctrl_y,minepump,28,16,1.0,1.0,1.0,1.0
mrs-nsga2-apportion|mrs-weighted,cross,minepump,0,28,0.8214,1.0,0.9643,0.8929
mrs-nsga2-apportion|mrs-weighted,cross,minepump,1,28,0.8929,0.75,0.8571,0.8571
mrs-nsga2-apportion|mrs-weighted,ctrl_x,minepump,0,28,0.8929,0.9286,0.8571,1.0
mrs-nsga2-apportion|mrs-weighted,ctrl_y,minepump,0,28,0.8571,0.75,0.8571,0.6071
mrs-nsga2-apportion|mrs-weighted,cross,minepump,2,30,0.9667,0.9333,1.0,0.9667
mrs-nsga2-apportion|mrs-weighted,cross,minepump,3,30,0.8667,0.9,0.8333,0.6333
mrs-nsga2-apportion|mrs-weighted,ctrl_x,minepump,2,30,0.9333,0.9333,0.9667,0.8333
mrs-nsga2-apportion|mrs-weighted,ctrl_y,minepump,2,30,0.9333,0.7333,0.7333,0.5667
mrs-nsga2-apportion|mrs-weighted,cross,minepump,4,35,0.8857,0.8857,0.5714,0.6857
mrs-nsga2-apportion|mrs-weighted,cross,minepump,5,35,0.8,0.9429,0.9429,0.8
mrs-nsga2-apportion|mrs-weighted,ctrl_x,minepump,4,35,0.9429,0.9429,1.0,1.0
mrs-nsga2-apportion|mrs-weighted,ctrl_y,minepump,4,35,0.8571,0.9143,0.8286,1.0
mrs-nsga2-apportion|mrs-weighted,cross,minepump,6,33,0.9091,0.9394,0.9091,0.9394
mrs-nsga2-apportion|mrs-weighted,cross,minepump,7,33,0.8485,0.8182,0.5152,0.303
mrs-nsga2-apportion|mrs-weighted,ctrl_x,minepump,6,33,0.8485,0.8788,0.8485,0.8788
mrs-nsga2-apportion|mrs-weighted,ctrl_y,minepump,6,33,0.7576,0.9394,0.9697,0.8788
mrs-nsga2-apportion|mrs-weighted,cross,minepump,8,32,0.8438,0.9688,0.5938,0.7812
mrs-nsga2-apportion|mrs-weighted,cross,minepump,9,32,0.9062,0.9688,0.7812,1.0
mrs-nsga2-apportion|mrs-weighted,ctrl_x,minepump,8,32,1.0,0.9375,1.0,0.875
mrs-nsga2-apportion|mrs-weighted,ctrl_y,minepump,8,32,0.9688,0.9062,0.9375,0.7812
mrs-nsga2-apportion|mrs-weighted,cross,minepump,10,30,1.0,0.9667,0.7,1.0
mrs-nsga2-apportion|mrs-weighted,cross,minepump,11,30,0.9,0.9333,0.7,0.9333
mrs-nsga2-apportion|mrs-weighted,ctrl_x,minepump,10,30,1.0,0.9,0.8333,0.8667
mrs-nsga2-apportion|mrs-weighted,ctrl_y,minepump,10,30,0.9667,0.8667,0.9,0.9333
mrs-nsga2-apportion|mrs-weighted,cross,minepump,12,37,0.9459,0.9459,0.6757,1.0
mrs-nsga2-apportion|mrs-weighted,cross,minepump,13,37,0.8919,0.8919,0.8378,0.9459
mrs-nsga2-apportion|mrs-weighted,ctrl_x,minepump,12,37,0.973,0.8108,0.8649,0.8649
mrs-nsga2-apportion|mrs-weighted,ctrl_y,minepump,12,37,0.9459,0.5135,0.973,0.9459
mrs-nsga2-apportion|mrs-weighted,cross,minepump,14,32,0.7812,1.0,0.7812,0.9062
mrs-nsga2-apportion|mrs-weighted,cross,minepump,15,32,0.875,0.9688,0.8438,0.75
mrs-nsga2-apportion|mrs-weighted,ctrl_x,minepump,14,32,0.9688,0.9375,0.9062,0.875
mrs-nsga2-apportion|mrs-weighted,ctrl_y,minepump,14,32,0.7188,0.9062,0.7812,0.75
mrs-nsga2-apportion|mrs-weighted,cross,minepump,16,35,0.9429,0.9429,0.7143,1.0
mrs-nsga2-apportion|mrs-weighted,cross,minepump,17,35,0.8286,1.0,0.6571,0.9143
mrs-nsga2-apportion|mrs-weighted,ctrl_x,minepump,16,35,0.9714,0.9429,0.9429,0.9143
mrs-nsga2-apportion|mrs-weighted,ctrl_y,minepump,16,35,1.0,1.0,0.9143,1.0
mrs-nsga2-apportion|mrs-weighted,cross,minepump,18,41,0.878,0.878,0.9268,0.9512
mrs-nsga2-apportion|mrs-weighted,cross,minepump,19,41,0.8293,0.7805,0.9024,0.8293
mrs-nsga2-apportion|mrs-weighted,ctrl_x,minepump,18,41,0.878,0.9756,0.8537,0.9756
mrs-nsga2-apportion|mrs-weighted,ctrl_y,minepump,18,41,0.9024,0.6098,0.878,0.8049
mrs-nsga2-apportion|mrs-weighted,cross,minepump,20,28,0.9286,0.8929,0.6429,0.8571
mrs-nsga2-apportion|mrs-weighted,cross,minepump,21,28,0.9286,1.0,0.4643,0.4286
mrs-nsga2-apportion|mrs-weighted,ctrl_x,minepump,20,28,0.9643,1.0,0.8929,1.0
mrs-nsga2-apportion|mrs-weighted,ctrl_y,minepump,20,28,0.9286,0.3571,0.6429,0.3214
mrs-nsga2-apportion|mrs-weighted,cross,minepump,22,37,0.9189,0.9189,0.9459,0.973
mrs-nsga2-apportion|mrs-weighted,cross,minepump,23,37,0.9459,0.9459,0.8378,1.0
mrs-nsga2-apportion|mrs-weighted,ctrl_x,minepump,22,37,0.9189,0.8919,0.8108,0.8378
mrs-nsga2-apportion|mrs-weighted,ctrl_y,minepump,22,37,0.8649,0.8378,0.973,0.9189
mrs-nsga2-apportion|mrs-weighted,cross,minepump,24,30,0.9,0.9667,0.7333,0.9667
mrs-nsga2-apportion|mrs-weighted,cross,minepump,25,30,0.8,0.9667,0.9667,1.0
mrs-nsga2-apportion|mrs-weighted,ctrl_x,minepump,24,30,0.9,0.9,0.9667,1.0
mrs-nsga2-apportion|mrs-weighted,ctrl_y,minepump,24,30,0.6667,0.9,1.0,1.0
mrs-nsga2-apportion|mrs-weighted,cross,minepump,26,27,1.0,1.0,0.6667,0.8519
mrs-nsga2-apportion|mrs-weighted,cross,minepump,27,27,0.7778,0.8148,0.8889,0.8148
mrs-nsga2-apportion|mrs-weighted,ctrl_x,minepump,26,27,0.8148,0.7407,0.9259,1.0
mrs-nsga2-apportion|mrs-weighted,ctrl_y,minepump,26,27,0.9259,0.963,0.7407,0.8519
mrs-nsga2-apportion|mrs-weighted,cross,minepump,28,37,0.7838,0.973,0.7838,0.8378
mrs-nsga2-apportion|mrs-weighted,cross,minepump,29,37,0.6757,0.9459,0.7838,1.0
mrs-nsga2-apportion|mrs-weighted,ctrl_x,minepump,28,37,0.9459,0.8108,1.0,0.8649
mrs-nsga2-apportion|mrs-weighted,ctrl_y,minepump,28,37,0.6486,0.8919,0.5946,1.0
aurus-nsga2-apportion|aurus,cross,minepump,0,29,0.8966,0.7931,1.0,0.5172
aurus-nsga2-apportion|aurus,cross,minepump,1,29,0.8621,0.8966,0.5517,0.4483
aurus-nsga2-apportion|aurus,ctrl_x,minepump,0,29,0.9655,0.4828,0.8621,0.7241
aurus-nsga2-apportion|aurus,ctrl_y,minepump,0,29,0.9655,0.7931,1.0,1.0
aurus-nsga2-apportion|aurus,cross,minepump,2,18,1.0,0.8889,0.8333,0.2222
aurus-nsga2-apportion|aurus,cross,minepump,3,18,1.0,1.0,1.0,1.0
aurus-nsga2-apportion|aurus,ctrl_x,minepump,2,18,1.0,0.7222,0.9444,0.7778
aurus-nsga2-apportion|aurus,ctrl_y,minepump,2,18,1.0,1.0,1.0,1.0
aurus-nsga2-apportion|aurus,cross,minepump,4,20,1.0,1.0,0.7,0.55
aurus-nsga2-apportion|aurus,cross,minepump,5,20,1.0,0.8,1.0,0.55
aurus-nsga2-apportion|aurus,ctrl_x,minepump,4,20,1.0,0.95,1.0,0.8
aurus-nsga2-apportion|aurus,ctrl_y,minepump,4,20,1.0,0.85,1.0,1.0
aurus-nsga2-apportion|aurus,cross,minepump,6,12,0.5833,1.0,0.75,0.6667
aurus-nsga2-apportion|aurus,cross,minepump,7,12,1.0,1.0,1.0,1.0
aurus-nsga2-apportion|aurus,ctrl_x,minepump,6,12,1.0,1.0,1.0,1.0
aurus-nsga2-apportion|aurus,ctrl_y,minepump,6,12,1.0,1.0,1.0,1.0
aurus-nsga2-apportion|aurus,cross,minepump,8,13,1.0,1.0,1.0,1.0
aurus-nsga2-apportion|aurus,cross,minepump,9,13,0.8462,1.0,1.0,1.0
aurus-nsga2-apportion|aurus,ctrl_x,minepump,8,13,0.8462,0.7692,0.9231,1.0
aurus-nsga2-apportion|aurus,ctrl_y,minepump,8,13,1.0,1.0,1.0,1.0
aurus-nsga2-apportion|aurus,cross,minepump,10,13,0.9231,0.9231,1.0,1.0
aurus-nsga2-apportion|aurus,cross,minepump,11,13,0.7692,1.0,1.0,0.7692
aurus-nsga2-apportion|aurus,ctrl_x,minepump,10,13,0.9231,0.7692,0.9231,0.8462
aurus-nsga2-apportion|aurus,ctrl_y,minepump,10,13,1.0,0.8462,1.0,1.0
aurus-nsga2-apportion|aurus,cross,minepump,12,27,1.0,0.8519,0.7407,0.7407
aurus-nsga2-apportion|aurus,cross,minepump,13,27,0.8519,0.7778,0.963,1.0
aurus-nsga2-apportion|aurus,ctrl_x,minepump,12,27,0.963,0.9259,1.0,1.0
aurus-nsga2-apportion|aurus,ctrl_y,minepump,12,27,0.9259,1.0,1.0,1.0
aurus-nsga2-apportion|aurus,cross,minepump,14,26,0.9615,0.8462,1.0,0.8077
aurus-nsga2-apportion|aurus,cross,minepump,15,26,1.0,0.8462,0.6923,0.6154
aurus-nsga2-apportion|aurus,ctrl_x,minepump,14,26,0.8846,1.0,0.9231,0.8077
aurus-nsga2-apportion|aurus,ctrl_y,minepump,14,26,0.8846,0.8846,0.9231,0.9231
aurus-nsga2-apportion|aurus,cross,minepump,16,26,0.7692,0.7308,1.0,0.3462
aurus-nsga2-apportion|aurus,cross,minepump,17,26,0.6923,0.8077,0.7308,0.6923
aurus-nsga2-apportion|aurus,ctrl_x,minepump,16,26,0.9615,0.8462,1.0,1.0
aurus-nsga2-apportion|aurus,ctrl_y,minepump,16,26,0.9615,0.8462,0.9615,0.9231
aurus-nsga2-apportion|aurus,cross,minepump,18,18,0.8889,0.7778,0.8889,1.0
aurus-nsga2-apportion|aurus,cross,minepump,19,18,1.0,1.0,0.8889,0.5
aurus-nsga2-apportion|aurus,ctrl_x,minepump,18,18,0.3333,1.0,0.4444,0.9444
aurus-nsga2-apportion|aurus,ctrl_y,minepump,18,18,0.9444,1.0,1.0,1.0
aurus-nsga2-apportion|aurus,cross,minepump,20,20,0.95,0.95,0.95,0.35
aurus-nsga2-apportion|aurus,cross,minepump,21,20,0.95,1.0,0.9,1.0
aurus-nsga2-apportion|aurus,ctrl_x,minepump,20,20,1.0,1.0,1.0,1.0
aurus-nsga2-apportion|aurus,ctrl_y,minepump,20,20,0.95,1.0,0.65,1.0
aurus-nsga2-apportion|aurus,cross,minepump,22,14,0.9286,1.0,0.9286,0.7857
aurus-nsga2-apportion|aurus,cross,minepump,23,14,1.0,1.0,1.0,1.0
aurus-nsga2-apportion|aurus,ctrl_x,minepump,22,14,0.7857,1.0,1.0,1.0
aurus-nsga2-apportion|aurus,ctrl_y,minepump,22,14,0.9286,1.0,1.0,1.0
aurus-nsga2-apportion|aurus,cross,minepump,24,19,1.0,0.8947,0.9474,1.0
aurus-nsga2-apportion|aurus,cross,minepump,25,19,1.0,1.0,0.9474,0.9474
aurus-nsga2-apportion|aurus,ctrl_x,minepump,24,19,1.0,1.0,1.0,0.8947
aurus-nsga2-apportion|aurus,ctrl_y,minepump,24,19,0.9474,0.9474,1.0,1.0
aurus-nsga2-apportion|aurus,cross,minepump,26,25,1.0,0.8,0.88,0.64
aurus-nsga2-apportion|aurus,cross,minepump,27,25,0.6,0.92,1.0,0.56
aurus-nsga2-apportion|aurus,ctrl_x,minepump,26,25,0.92,0.8,1.0,0.96
aurus-nsga2-apportion|aurus,ctrl_y,minepump,26,25,0.96,0.96,0.92,1.0
aurus-nsga2-apportion|aurus,cross,minepump,28,16,1.0,0.75,1.0,0.5
aurus-nsga2-apportion|aurus,cross,minepump,29,16,0.6875,1.0,0.9375,0.875
aurus-nsga2-apportion|aurus,ctrl_x,minepump,28,16,1.0,1.0,1.0,1.0
aurus-nsga2-apportion|aurus,ctrl_y,minepump,28,16,1.0,1.0,1.0,1.0
mrs-nsga2-apportion|aurus,cross,pcar-v2-888,6,10,1.0,0.0,0.7,0.0
mrs-nsga2-apportion|aurus,cross,pcar-v2-888,7,10,1.0,0.0,1.0,0.0
mrs-nsga2-apportion|aurus,ctrl_x,pcar-v2-888,6,10,0.7,1.0,1.0,1.0
mrs-nsga2-apportion|aurus,ctrl_y,pcar-v2-888,6,10,1.0,1.0,1.0,1.0
mrs-nsga2-apportion|aurus-nsga2-apportion,cross,pcar-v2-888,2,16,0.9375,0.8125,1.0,1.0
mrs-nsga2-apportion|aurus-nsga2-apportion,cross,pcar-v2-888,3,16,1.0,0.5625,0.9375,0.1875
mrs-nsga2-apportion|aurus-nsga2-apportion,ctrl_x,pcar-v2-888,2,16,0.9375,1.0,0.5625,0.375
mrs-nsga2-apportion|aurus-nsga2-apportion,ctrl_y,pcar-v2-888,2,16,1.0,0.25,0.5,0.125
mrs-nsga2-apportion|aurus-nsga2-apportion,cross,pcar-v2-888,6,8,1.0,0.875,1.0,1.0
mrs-nsga2-apportion|aurus-nsga2-apportion,cross,pcar-v2-888,7,8,0.75,0.875,1.0,1.0
mrs-nsga2-apportion|aurus-nsga2-apportion,ctrl_x,pcar-v2-888,6,8,0.625,1.0,0.875,1.0
mrs-nsga2-apportion|aurus-nsga2-apportion,ctrl_y,pcar-v2-888,6,8,0.5,1.0,0.875,1.0
mrs-nsga2-apportion|aurus-nsga2-apportion,cross,pcar-v2-888,8,9,0.0,0.0,0.0,0.0
mrs-nsga2-apportion|aurus-nsga2-apportion,cross,pcar-v2-888,9,9,0.6667,1.0,0.8889,1.0
mrs-nsga2-apportion|aurus-nsga2-apportion,ctrl_x,pcar-v2-888,8,9,0.8889,0.6667,0.1111,0.2222
mrs-nsga2-apportion|aurus-nsga2-apportion,ctrl_y,pcar-v2-888,8,9,0.5556,1.0,1.0,1.0
mrs-nsga2-apportion|aurus-nsga2-apportion,cross,pcar-v2-888,10,8,1.0,0.875,1.0,1.0
mrs-nsga2-apportion|aurus-nsga2-apportion,cross,pcar-v2-888,11,8,0.875,1.0,1.0,1.0
mrs-nsga2-apportion|aurus-nsga2-apportion,ctrl_x,pcar-v2-888,10,8,1.0,0.875,1.0,0.25
mrs-nsga2-apportion|aurus-nsga2-apportion,ctrl_y,pcar-v2-888,10,8,0.875,1.0,1.0,1.0
mrs-nsga2-apportion|aurus-nsga2-apportion,cross,pcar-v2-888,12,8,1.0,1.0,1.0,1.0
mrs-nsga2-apportion|aurus-nsga2-apportion,cross,pcar-v2-888,13,8,0.875,0.75,1.0,1.0
mrs-nsga2-apportion|aurus-nsga2-apportion,ctrl_x,pcar-v2-888,12,8,1.0,0.625,0.75,0.875
mrs-nsga2-apportion|aurus-nsga2-apportion,ctrl_y,pcar-v2-888,12,8,0.875,1.0,1.0,1.0
mrs-nsga2-apportion|aurus-nsga2-apportion,cross,pcar-v2-888,22,9,1.0,1.0,1.0,1.0
mrs-nsga2-apportion|aurus-nsga2-apportion,cross,pcar-v2-888,23,9,0.6667,1.0,0.4444,1.0
mrs-nsga2-apportion|aurus-nsga2-apportion,ctrl_x,pcar-v2-888,22,9,0.1111,1.0,0.1111,0.3333
mrs-nsga2-apportion|aurus-nsga2-apportion,ctrl_y,pcar-v2-888,22,9,0.6667,1.0,1.0,1.0
mrs-nsga2-apportion|aurus-nsga2-apportion,cross,pcar-v2-888,24,8,1.0,0.875,1.0,1.0
mrs-nsga2-apportion|aurus-nsga2-apportion,cross,pcar-v2-888,25,8,0.75,0.625,0.625,0.875
mrs-nsga2-apportion|aurus-nsga2-apportion,ctrl_x,pcar-v2-888,24,8,1.0,0.75,1.0,0.75
mrs-nsga2-apportion|aurus-nsga2-apportion,ctrl_y,pcar-v2-888,24,8,0.875,0.5,1.0,0.75
mrs-nsga2-apportion|aurus-nsga2-apportion,cross,pcar-v2-888,28,7,1.0,1.0,1.0,1.0
mrs-nsga2-apportion|aurus-nsga2-apportion,cross,pcar-v2-888,29,7,0.8571,0.8571,1.0,1.0
mrs-nsga2-apportion|aurus-nsga2-apportion,ctrl_x,pcar-v2-888,28,7,0.8571,1.0,1.0,1.0
mrs-nsga2-apportion|aurus-nsga2-apportion,ctrl_y,pcar-v2-888,28,7,1.0,1.0,0.8571,1.0
mrs-nsga2-apportion|mrs-weighted,cross,pcar-v2-888,0,11,0.2727,1.0,0.3636,1.0
mrs-nsga2-apportion|mrs-weighted,cross,pcar-v2-888,1,11,0.7273,0.9091,0.9091,0.6364
mrs-nsga2-apportion|mrs-weighted,ctrl_x,pcar-v2-888,0,11,0.7273,0.8182,1.0,0.5455
mrs-nsga2-apportion|mrs-weighted,ctrl_y,pcar-v2-888,0,11,0.9091,0.7273,0.8182,0.8182
mrs-nsga2-apportion|mrs-weighted,cross,pcar-v2-888,2,20,0.85,0.9,0.75,1.0
mrs-nsga2-apportion|mrs-weighted,cross,pcar-v2-888,3,20,0.8,1.0,0.5,0.95
mrs-nsga2-apportion|mrs-weighted,ctrl_x,pcar-v2-888,2,20,0.9,0.95,0.35,0.4
mrs-nsga2-apportion|mrs-weighted,ctrl_y,pcar-v2-888,2,20,0.5,1.0,0.1,0.6
mrs-nsga2-apportion|mrs-weighted,cross,pcar-v2-888,4,15,0.9333,1.0,1.0,1.0
mrs-nsga2-apportion|mrs-weighted,cross,pcar-v2-888,5,15,0.8,0.6,0.4667,0.2
mrs-nsga2-apportion|mrs-weighted,ctrl_x,pcar-v2-888,4,15,1.0,0.7333,0.9333,1.0
mrs-nsga2-apportion|mrs-weighted,ctrl_y,pcar-v2-888,4,15,1.0,0.8,0.4667,0.2
mrs-nsga2-apportion|mrs-weighted,cross,pcar-v2-888,6,20,0.8,0.95,0.5,0.95
mrs-nsga2-apportion|mrs-weighted,cross,pcar-v2-888,7,20,0.95,0.9,0.65,1.0
mrs-nsga2-apportion|mrs-weighted,ctrl_x,pcar-v2-888,6,20,0.85,0.8,0.5,0.2
mrs-nsga2-apportion|mrs-weighted,ctrl_y,pcar-v2-888,6,20,0.95,0.9,0.3,0.2
mrs-nsga2-apportion|mrs-weighted,cross,pcar-v2-888,8,23,0.913,1.0,0.4348,0.1304
mrs-nsga2-apportion|mrs-weighted,cross,pcar-v2-888,9,23,0.8696,1.0,0.3913,0.7391
mrs-nsga2-apportion|mrs-weighted,ctrl_x,pcar-v2-888,8,23,0.913,0.8696,0.3913,0.2609
mrs-nsga2-apportion|mrs-weighted,ctrl_y,pcar-v2-888,8,23,0.7391,0.9565,0.3043,0.5217
mrs-nsga2-apportion|mrs-weighted,cross,pcar-v2-888,10,26,0.8846,0.8846,0.4231,0.3846
mrs-nsga2-apportion|mrs-weighted,cross,pcar-v2-888,11,26,0.8462,1.0,0.5385,0.7308
mrs-nsga2-apportion|mrs-weighted,ctrl_x,pcar-v2-888,10,26,0.9231,0.7692,0.7692,0.5769
mrs-nsga2-apportion|mrs-weighted,ctrl_y,pcar-v2-888,10,26,0.8077,0.9231,0.1923,0.4615
mrs-nsga2-apportion|mrs-weighted,cross,pcar-v2-888,12,25,0.8,1.0,0.88,0.92
mrs-nsga2-apportion|mrs-weighted,cross,pcar-v2-888,13,25,0.92,0.8,0.96,1.0
mrs-nsga2-apportion|mrs-weighted,ctrl_x,pcar-v2-888,12,25,0.32,0.84,0.32,0.4
mrs-nsga2-apportion|mrs-weighted,ctrl_y,pcar-v2-888,12,25,0.92,0.88,0.96,0.4
mrs-nsga2-apportion|mrs-weighted,cross,pcar-v2-888,14,18,0.7778,1.0,0.9444,0.8333
mrs-nsga2-apportion|mrs-weighted,cross,pcar-v2-888,15,18,0.7222,1.0,1.0,1.0
mrs-nsga2-apportion|mrs-weighted,ctrl_x,pcar-v2-888,14,18,1.0,0.9444,0.7778,0.6111
mrs-nsga2-apportion|mrs-weighted,ctrl_y,pcar-v2-888,14,18,0.9444,1.0,0.4444,0.3333
mrs-nsga2-apportion|mrs-weighted,cross,pcar-v2-888,16,22,0.1818,0.9545,0.5455,0.9091
mrs-nsga2-apportion|mrs-weighted,cross,pcar-v2-888,17,22,0.8182,1.0,0.7273,0.9091
mrs-nsga2-apportion|mrs-weighted,ctrl_x,pcar-v2-888,16,22,0.0909,1.0,0.0909,0.4091
mrs-nsga2-apportion|mrs-weighted,ctrl_y,pcar-v2-888,16,22,0.9091,1.0,0.2727,0.3636
mrs-nsga2-apportion|mrs-weighted,cross,pcar-v2-888,18,24,0.9583,0.875,0.5,0.7083
mrs-nsga2-apportion|mrs-weighted,cross,pcar-v2-888,19,24,0.625,1.0,0.5,0.9583
mrs-nsga2-apportion|mrs-weighted,ctrl_x,pcar-v2-888,18,24,0.9583,0.625,0.625,0.375
mrs-nsga2-apportion|mrs-weighted,ctrl_y,pcar-v2-888,18,24,0.9167,0.9167,0.7083,0.5833
mrs-nsga2-apportion|mrs-weighted,cross,pcar-v2-888,20,8,1.0,0.75,1.0,1.0
mrs-nsga2-apportion|mrs-weighted,cross,pcar-v2-888,21,8,1.0,1.0,1.0,1.0
mrs-nsga2-apportion|mrs-weighted,ctrl_x,pcar-v2-888,20,8,1.0,0.875,1.0,1.0
mrs-nsga2-apportion|mrs-weighted,ctrl_y,pcar-v2-888,20,8,0.625,1.0,0.75,1.0
mrs-nsga2-apportion|mrs-weighted,cross,pcar-v2-888,22,31,0.6774,0.9032,0.4516,0.2258
mrs-nsga2-apportion|mrs-weighted,cross,pcar-v2-888,23,31,1.0,0.4194,0.5806,0.2903
mrs-nsga2-apportion|mrs-weighted,ctrl_x,pcar-v2-888,22,31,0.1613,0.9677,0.3871,0.2581
mrs-nsga2-apportion|mrs-weighted,ctrl_y,pcar-v2-888,22,31,0.9032,0.6452,0.4516,0.2258
mrs-nsga2-apportion|mrs-weighted,cross,pcar-v2-888,24,18,0.9444,1.0,1.0,1.0
mrs-nsga2-apportion|mrs-weighted,cross,pcar-v2-888,25,18,0.1111,1.0,0.1111,0.2222
mrs-nsga2-apportion|mrs-weighted,ctrl_x,pcar-v2-888,24,18,1.0,0.6667,0.3333,0.3333
mrs-nsga2-apportion|mrs-weighted,ctrl_y,pcar-v2-888,24,18,0.7222,1.0,0.5,1.0
mrs-nsga2-apportion|mrs-weighted,cross,pcar-v2-888,26,21,0.7143,0.9524,0.619,0.619
mrs-nsga2-apportion|mrs-weighted,cross,pcar-v2-888,27,21,0.9524,1.0,0.8095,1.0
mrs-nsga2-apportion|mrs-weighted,ctrl_x,pcar-v2-888,26,21,0.4286,0.619,0.6667,0.5714
mrs-nsga2-apportion|mrs-weighted,ctrl_y,pcar-v2-888,26,21,0.9048,0.8095,1.0,0.9524
mrs-nsga2-apportion|mrs-weighted,cross,pcar-v2-888,28,10,0.8,0.9,0.3,0.4
mrs-nsga2-apportion|mrs-weighted,cross,pcar-v2-888,29,10,0.5,1.0,1.0,1.0
mrs-nsga2-apportion|mrs-weighted,ctrl_x,pcar-v2-888,28,10,0.8,1.0,0.4,1.0
mrs-nsga2-apportion|mrs-weighted,ctrl_y,pcar-v2-888,28,10,0.8,0.9,0.7,0.8
aurus-nsga2-apportion|aurus,cross,pcar-v2-888,6,8,1.0,0.25,0.875,0.75
aurus-nsga2-apportion|aurus,cross,pcar-v2-888,7,8,1.0,0.0,1.0,0.0
aurus-nsga2-apportion|aurus,ctrl_x,pcar-v2-888,6,8,0.5,1.0,0.875,1.0
aurus-nsga2-apportion|aurus,ctrl_y,pcar-v2-888,6,8,1.0,1.0,1.0,1.0
mrs-nsga2-apportion|mrs-weighted,cross,prioritized-arbiter-aurus,0,28,0.8571,1.0,0.7857,0.6786
mrs-nsga2-apportion|mrs-weighted,cross,prioritized-arbiter-aurus,1,28,0.6429,0.8929,0.8214,0.75
mrs-nsga2-apportion|mrs-weighted,ctrl_x,prioritized-arbiter-aurus,0,28,0.8929,0.75,0.5714,0.6786
mrs-nsga2-apportion|mrs-weighted,ctrl_y,prioritized-arbiter-aurus,0,28,0.8929,0.9643,0.8929,0.7857
mrs-nsga2-apportion|mrs-weighted,cross,prioritized-arbiter-aurus,2,24,1.0,0.9583,1.0,1.0
mrs-nsga2-apportion|mrs-weighted,cross,prioritized-arbiter-aurus,3,24,0.75,0.9167,0.2917,0.6667
mrs-nsga2-apportion|mrs-weighted,ctrl_x,prioritized-arbiter-aurus,2,24,0.9583,0.8333,0.875,0.9583
mrs-nsga2-apportion|mrs-weighted,ctrl_y,prioritized-arbiter-aurus,2,24,0.6667,0.9167,0.5833,0.5833
mrs-nsga2-apportion|mrs-weighted,cross,prioritized-arbiter-aurus,4,26,0.3846,1.0,0.1538,0.3846
mrs-nsga2-apportion|mrs-weighted,cross,prioritized-arbiter-aurus,5,26,0.9231,0.8077,0.6154,0.3077
mrs-nsga2-apportion|mrs-weighted,ctrl_x,prioritized-arbiter-aurus,4,26,0.8462,1.0,0.3077,0.7692
mrs-nsga2-apportion|mrs-weighted,ctrl_y,prioritized-arbiter-aurus,4,26,0.8462,0.9615,0.8077,0.2308
mrs-nsga2-apportion|mrs-weighted,cross,prioritized-arbiter-aurus,6,23,0.913,1.0,0.7391,0.6522
mrs-nsga2-apportion|mrs-weighted,cross,prioritized-arbiter-aurus,7,23,0.7826,1.0,0.8261,0.4783
mrs-nsga2-apportion|mrs-weighted,ctrl_x,prioritized-arbiter-aurus,6,23,1.0,0.5652,0.4783,0.4348
mrs-nsga2-apportion|mrs-weighted,ctrl_y,prioritized-arbiter-aurus,6,23,0.913,1.0,0.9565,0.9565
mrs-nsga2-apportion|mrs-weighted,cross,prioritized-arbiter-aurus,8,19,0.3684,1.0,0.4737,0.6842
mrs-nsga2-apportion|mrs-weighted,cross,prioritized-arbiter-aurus,9,19,1.0,0.7368,1.0,0.6842
mrs-nsga2-apportion|mrs-weighted,ctrl_x,prioritized-arbiter-aurus,8,19,0.4737,1.0,0.9474,0.8947
mrs-nsga2-apportion|mrs-weighted,ctrl_y,prioritized-arbiter-aurus,8,19,0.9474,0.7895,0.8421,0.2632
mrs-nsga2-apportion|mrs-weighted,cross,prioritized-arbiter-aurus,10,14,1.0,0.9286,0.7857,0.9286
mrs-nsga2-apportion|mrs-weighted,cross,prioritized-arbiter-aurus,11,14,0.8571,1.0,0.0714,0.2143
mrs-nsga2-apportion|mrs-weighted,ctrl_x,prioritized-arbiter-aurus,10,14,1.0,0.9286,0.8571,1.0
mrs-nsga2-apportion|mrs-weighted,ctrl_y,prioritized-arbiter-aurus,10,14,1.0,1.0,0.8571,0.5
mrs-nsga2-apportion|mrs-weighted,cross,prioritized-arbiter-aurus,12,16,0.25,1.0,0.625,0.3125
mrs-nsga2-apportion|mrs-weighted,cross,prioritized-arbiter-aurus,13,16,0.5,1.0,1.0,0.75
mrs-nsga2-apportion|mrs-weighted,ctrl_x,prioritized-arbiter-aurus,12,16,0.625,0.75,0.75,0.875
mrs-nsga2-apportion|mrs-weighted,ctrl_y,prioritized-arbiter-aurus,12,16,1.0,0.8125,0.5625,0.9375
mrs-nsga2-apportion|mrs-weighted,cross,prioritized-arbiter-aurus,14,23,0.8261,0.9565,1.0,0.6957
mrs-nsga2-apportion|mrs-weighted,cross,prioritized-arbiter-aurus,15,23,0.9565,1.0,0.4348,0.8261
mrs-nsga2-apportion|mrs-weighted,ctrl_x,prioritized-arbiter-aurus,14,23,0.913,0.913,0.6957,0.6087
mrs-nsga2-apportion|mrs-weighted,ctrl_y,prioritized-arbiter-aurus,14,23,0.8261,0.7826,0.7391,0.9565
mrs-nsga2-apportion|mrs-weighted,cross,prioritized-arbiter-aurus,16,18,0.9444,1.0,0.8333,1.0
mrs-nsga2-apportion|mrs-weighted,cross,prioritized-arbiter-aurus,17,18,0.6667,1.0,0.3889,0.9444
mrs-nsga2-apportion|mrs-weighted,ctrl_x,prioritized-arbiter-aurus,16,18,0.9444,1.0,0.7778,0.6667
mrs-nsga2-apportion|mrs-weighted,ctrl_y,prioritized-arbiter-aurus,16,18,1.0,0.8333,1.0,0.9444
mrs-nsga2-apportion|mrs-weighted,cross,prioritized-arbiter-aurus,18,23,1.0,0.913,0.4783,0.5217
mrs-nsga2-apportion|mrs-weighted,cross,prioritized-arbiter-aurus,19,23,0.8696,0.4348,0.3913,0.3913
mrs-nsga2-apportion|mrs-weighted,ctrl_x,prioritized-arbiter-aurus,18,23,1.0,0.8696,0.8696,0.2609
mrs-nsga2-apportion|mrs-weighted,ctrl_y,prioritized-arbiter-aurus,18,23,1.0,0.8696,0.2609,0.3043
mrs-nsga2-apportion|mrs-weighted,cross,prioritized-arbiter-aurus,20,21,0.9524,0.6667,0.9048,0.8571
mrs-nsga2-apportion|mrs-weighted,cross,prioritized-arbiter-aurus,21,21,1.0,1.0,0.7143,0.8571
mrs-nsga2-apportion|mrs-weighted,ctrl_x,prioritized-arbiter-aurus,20,21,0.9048,0.9048,1.0,0.9048
mrs-nsga2-apportion|mrs-weighted,ctrl_y,prioritized-arbiter-aurus,20,21,1.0,0.2857,0.619,0.5238
mrs-nsga2-apportion|mrs-weighted,cross,prioritized-arbiter-aurus,22,25,0.96,1.0,0.72,0.64
mrs-nsga2-apportion|mrs-weighted,cross,prioritized-arbiter-aurus,23,25,1.0,0.96,0.8,1.0
mrs-nsga2-apportion|mrs-weighted,ctrl_x,prioritized-arbiter-aurus,22,25,0.96,0.96,0.64,0.52
mrs-nsga2-apportion|mrs-weighted,ctrl_y,prioritized-arbiter-aurus,22,25,0.96,0.44,0.76,0.48
mrs-nsga2-apportion|mrs-weighted,cross,prioritized-arbiter-aurus,24,20,0.9,0.85,0.65,0.8
mrs-nsga2-apportion|mrs-weighted,cross,prioritized-arbiter-aurus,25,20,0.75,0.55,0.55,0.45
mrs-nsga2-apportion|mrs-weighted,ctrl_x,prioritized-arbiter-aurus,24,20,0.7,0.95,0.5,0.9
mrs-nsga2-apportion|mrs-weighted,ctrl_y,prioritized-arbiter-aurus,24,20,0.75,0.95,0.85,0.4
mrs-nsga2-apportion|mrs-weighted,cross,prioritized-arbiter-aurus,26,15,1.0,1.0,0.2667,0.5333
mrs-nsga2-apportion|mrs-weighted,cross,prioritized-arbiter-aurus,27,15,0.3333,1.0,0.1333,0.2667
mrs-nsga2-apportion|mrs-weighted,ctrl_x,prioritized-arbiter-aurus,26,15,0.6667,0.8,0.6,0.6667
mrs-nsga2-apportion|mrs-weighted,ctrl_y,prioritized-arbiter-aurus,26,15,0.9333,1.0,0.5333,0.2
mrs-nsga2-apportion|mrs-weighted,cross,prioritized-arbiter-aurus,28,12,0.3333,1.0,0.0833,0.75
mrs-nsga2-apportion|mrs-weighted,cross,prioritized-arbiter-aurus,29,12,0.9167,0.75,0.9167,0.8333
mrs-nsga2-apportion|mrs-weighted,ctrl_x,prioritized-arbiter-aurus,28,12,0.5,1.0,0.5833,1.0
mrs-nsga2-apportion|mrs-weighted,ctrl_y,prioritized-arbiter-aurus,28,12,1.0,1.0,0.25,0.3333
mrs-nsga2-apportion|aurus,cross,rg1,0,23,0.913,0.913,0.6522,0.4783
mrs-nsga2-apportion|aurus,cross,rg1,1,23,1.0,0.5652,0.5217,0.6957
mrs-nsga2-apportion|aurus,ctrl_x,rg1,0,23,0.9565,1.0,0.6957,1.0
mrs-nsga2-apportion|aurus,ctrl_y,rg1,0,23,0.7391,0.913,0.7391,0.9565
mrs-nsga2-apportion|aurus,cross,rg1,2,31,0.9677,0.9677,0.4839,0.129
mrs-nsga2-apportion|aurus,cross,rg1,3,31,0.9677,0.9677,0.8065,0.4516
mrs-nsga2-apportion|aurus,ctrl_x,rg1,2,31,0.871,0.9355,0.7419,1.0
mrs-nsga2-apportion|aurus,ctrl_y,rg1,2,31,0.9677,0.9677,0.6774,0.9032
mrs-nsga2-apportion|aurus,cross,rg1,4,21,0.9524,0.9524,0.5238,0.4286
mrs-nsga2-apportion|aurus,cross,rg1,5,21,0.9048,1.0,0.619,0.619
mrs-nsga2-apportion|aurus,ctrl_x,rg1,4,21,0.9524,0.9048,1.0,1.0
mrs-nsga2-apportion|aurus,ctrl_y,rg1,4,21,0.8095,0.9524,1.0,1.0
mrs-nsga2-apportion|aurus,cross,rg1,6,16,0.6875,1.0,0.75,1.0
mrs-nsga2-apportion|aurus,cross,rg1,7,16,0.9375,0.875,0.9375,0.4375
mrs-nsga2-apportion|aurus,ctrl_x,rg1,6,16,0.75,1.0,1.0,1.0
mrs-nsga2-apportion|aurus,ctrl_y,rg1,6,16,0.875,1.0,1.0,1.0
mrs-nsga2-apportion|aurus,cross,rg1,8,22,0.8182,0.9545,0.7727,0.7273
mrs-nsga2-apportion|aurus,cross,rg1,9,22,0.8182,0.7727,1.0,0.5455
mrs-nsga2-apportion|aurus,ctrl_x,rg1,8,22,1.0,0.8636,1.0,1.0
mrs-nsga2-apportion|aurus,ctrl_y,rg1,8,22,0.9091,0.8182,0.9545,0.5909
mrs-nsga2-apportion|aurus,cross,rg1,10,22,0.9091,0.9545,0.9091,0.8636
mrs-nsga2-apportion|aurus,cross,rg1,11,22,0.9091,0.8182,0.9545,0.8636
mrs-nsga2-apportion|aurus,ctrl_x,rg1,10,22,0.9091,0.9091,1.0,1.0
mrs-nsga2-apportion|aurus,ctrl_y,rg1,10,22,0.9545,0.8636,1.0,1.0
mrs-nsga2-apportion|aurus,cross,rg1,12,12,0.9167,1.0,1.0,1.0
mrs-nsga2-apportion|aurus,cross,rg1,13,12,0.5,0.6667,0.9167,0.5
mrs-nsga2-apportion|aurus,ctrl_x,rg1,12,12,0.75,0.4167,0.9167,1.0
mrs-nsga2-apportion|aurus,ctrl_y,rg1,12,12,0.9167,0.9167,1.0,1.0
mrs-nsga2-apportion|aurus,cross,rg1,14,26,0.8846,0.6923,0.6923,0.4231
mrs-nsga2-apportion|aurus,cross,rg1,15,26,0.8846,0.9231,0.6923,0.8846
mrs-nsga2-apportion|aurus,ctrl_x,rg1,14,26,1.0,0.8846,0.9231,0.8077
mrs-nsga2-apportion|aurus,ctrl_y,rg1,14,26,0.8077,0.8846,1.0,0.9615
mrs-nsga2-apportion|aurus,cross,rg1,16,18,0.9444,0.9444,1.0,0.9444
mrs-nsga2-apportion|aurus,cross,rg1,17,18,1.0,0.7778,0.2778,0.3333
mrs-nsga2-apportion|aurus,ctrl_x,rg1,16,18,0.7778,0.9444,0.9444,1.0
mrs-nsga2-apportion|aurus,ctrl_y,rg1,16,18,0.9444,0.7778,1.0,1.0
mrs-nsga2-apportion|aurus,cross,rg1,18,21,0.6667,0.9524,0.4762,0.5714
mrs-nsga2-apportion|aurus,cross,rg1,19,21,1.0,0.619,0.4286,0.4286
mrs-nsga2-apportion|aurus,ctrl_x,rg1,18,21,0.8095,1.0,0.8571,1.0
mrs-nsga2-apportion|aurus,ctrl_y,rg1,18,21,1.0,0.8571,1.0,0.7619
mrs-nsga2-apportion|aurus,cross,rg1,20,28,0.8571,0.9643,0.5357,0.6429
mrs-nsga2-apportion|aurus,cross,rg1,21,28,0.8929,0.8929,0.7143,0.7857
mrs-nsga2-apportion|aurus,ctrl_x,rg1,20,28,0.8929,0.9286,0.9643,1.0
mrs-nsga2-apportion|aurus,ctrl_y,rg1,20,28,1.0,0.3929,0.5714,0.8214
mrs-nsga2-apportion|aurus,cross,rg1,22,27,0.963,0.8519,0.3333,0.7778
mrs-nsga2-apportion|aurus,cross,rg1,23,27,1.0,0.963,0.4815,0.4074
mrs-nsga2-apportion|aurus,ctrl_x,rg1,22,27,1.0,0.8889,1.0,0.963
mrs-nsga2-apportion|aurus,ctrl_y,rg1,22,27,0.8889,0.9259,0.8519,0.963
mrs-nsga2-apportion|aurus,cross,rg1,24,22,0.8182,1.0,0.7273,1.0
mrs-nsga2-apportion|aurus,cross,rg1,25,22,1.0,0.8636,0.8182,0.3182
mrs-nsga2-apportion|aurus,ctrl_x,rg1,24,22,0.8182,1.0,0.8636,1.0
mrs-nsga2-apportion|aurus,ctrl_y,rg1,24,22,0.9545,0.6818,1.0,1.0
mrs-nsga2-apportion|aurus,cross,rg1,26,22,1.0,0.8182,0.5909,0.1818
mrs-nsga2-apportion|aurus,cross,rg1,27,22,0.6818,0.9545,0.7273,0.5
mrs-nsga2-apportion|aurus,ctrl_x,rg1,26,22,0.9091,0.8636,0.8182,0.8182
mrs-nsga2-apportion|aurus,ctrl_y,rg1,26,22,0.7727,0.9545,0.8636,0.9545
mrs-nsga2-apportion|aurus,cross,rg1,28,21,1.0,0.9524,0.8095,0.9048
mrs-nsga2-apportion|aurus,cross,rg1,29,21,0.9048,0.8571,0.9048,1.0
mrs-nsga2-apportion|aurus,ctrl_x,rg1,28,21,1.0,0.9048,1.0,0.9048
mrs-nsga2-apportion|aurus,ctrl_y,rg1,28,21,1.0,0.8571,1.0,1.0
mrs-nsga2-apportion|aurus-nsga2-apportion,cross,rg1,0,6,0.8333,1.0,0.8333,1.0
mrs-nsga2-apportion|aurus-nsga2-apportion,cross,rg1,1,6,1.0,1.0,1.0,1.0
mrs-nsga2-apportion|aurus-nsga2-apportion,ctrl_x,rg1,0,6,1.0,1.0,1.0,1.0
mrs-nsga2-apportion|aurus-nsga2-apportion,ctrl_y,rg1,0,6,0.3333,1.0,1.0,1.0
mrs-nsga2-apportion|aurus-nsga2-apportion,cross,rg1,2,6,0.8333,1.0,1.0,1.0
mrs-nsga2-apportion|aurus-nsga2-apportion,cross,rg1,3,6,0.5,1.0,1.0,1.0
mrs-nsga2-apportion|aurus-nsga2-apportion,ctrl_x,rg1,2,6,1.0,1.0,1.0,1.0
mrs-nsga2-apportion|aurus-nsga2-apportion,ctrl_y,rg1,2,6,1.0,0.8333,1.0,1.0
mrs-nsga2-apportion|aurus-nsga2-apportion,cross,rg1,6,8,0.875,1.0,1.0,1.0
mrs-nsga2-apportion|aurus-nsga2-apportion,cross,rg1,7,8,1.0,0.875,0.875,1.0
mrs-nsga2-apportion|aurus-nsga2-apportion,ctrl_x,rg1,6,8,0.875,0.875,1.0,1.0
mrs-nsga2-apportion|aurus-nsga2-apportion,ctrl_y,rg1,6,8,1.0,1.0,1.0,1.0
mrs-nsga2-apportion|aurus-nsga2-apportion,cross,rg1,8,6,1.0,0.8333,1.0,1.0
mrs-nsga2-apportion|aurus-nsga2-apportion,cross,rg1,9,6,1.0,1.0,1.0,1.0
mrs-nsga2-apportion|aurus-nsga2-apportion,ctrl_x,rg1,8,6,1.0,1.0,1.0,1.0
mrs-nsga2-apportion|aurus-nsga2-apportion,ctrl_y,rg1,8,6,1.0,1.0,1.0,1.0
mrs-nsga2-apportion|aurus-nsga2-apportion,cross,rg1,14,11,0.5455,0.9091,1.0,1.0
mrs-nsga2-apportion|aurus-nsga2-apportion,cross,rg1,15,11,0.6364,1.0,0.9091,1.0
mrs-nsga2-apportion|aurus-nsga2-apportion,ctrl_x,rg1,14,11,1.0,0.9091,1.0,1.0
mrs-nsga2-apportion|aurus-nsga2-apportion,ctrl_y,rg1,14,11,1.0,1.0,1.0,1.0
mrs-nsga2-apportion|aurus-nsga2-apportion,cross,rg1,16,7,1.0,1.0,1.0,1.0
mrs-nsga2-apportion|aurus-nsga2-apportion,cross,rg1,17,7,0.7143,1.0,1.0,1.0
mrs-nsga2-apportion|aurus-nsga2-apportion,ctrl_x,rg1,16,7,1.0,1.0,1.0,1.0
mrs-nsga2-apportion|aurus-nsga2-apportion,ctrl_y,rg1,16,7,1.0,1.0,1.0,1.0
mrs-nsga2-apportion|aurus-nsga2-apportion,cross,rg1,18,11,1.0,1.0,1.0,1.0
mrs-nsga2-apportion|aurus-nsga2-apportion,cross,rg1,19,11,1.0,0.8182,1.0,1.0
mrs-nsga2-apportion|aurus-nsga2-apportion,ctrl_x,rg1,18,11,0.5455,1.0,0.7273,1.0
mrs-nsga2-apportion|aurus-nsga2-apportion,ctrl_y,rg1,18,11,1.0,0.8182,0.8182,1.0
mrs-nsga2-apportion|aurus-nsga2-apportion,cross,rg1,20,6,1.0,1.0,1.0,1.0
mrs-nsga2-apportion|aurus-nsga2-apportion,cross,rg1,21,6,1.0,1.0,1.0,1.0
mrs-nsga2-apportion|aurus-nsga2-apportion,ctrl_x,rg1,20,6,1.0,1.0,1.0,1.0
mrs-nsga2-apportion|aurus-nsga2-apportion,ctrl_y,rg1,20,6,0.6667,1.0,1.0,1.0
mrs-nsga2-apportion|aurus-nsga2-apportion,cross,rg1,22,14,0.9286,1.0,1.0,1.0
mrs-nsga2-apportion|aurus-nsga2-apportion,cross,rg1,23,14,1.0,0.9286,1.0,0.9286
mrs-nsga2-apportion|aurus-nsga2-apportion,ctrl_x,rg1,22,14,1.0,0.9286,1.0,1.0
mrs-nsga2-apportion|aurus-nsga2-apportion,ctrl_y,rg1,22,14,1.0,0.6429,1.0,1.0
mrs-nsga2-apportion|mrs-weighted,cross,rg1,0,23,0.913,1.0,0.6957,1.0
mrs-nsga2-apportion|mrs-weighted,cross,rg1,1,23,0.913,0.9565,1.0,1.0
mrs-nsga2-apportion|mrs-weighted,ctrl_x,rg1,0,23,0.9565,1.0,0.6957,1.0
mrs-nsga2-apportion|mrs-weighted,ctrl_y,rg1,0,23,1.0,0.7826,0.913,0.9565
mrs-nsga2-apportion|mrs-weighted,cross,rg1,2,34,0.7941,1.0,0.6176,1.0
mrs-nsga2-apportion|mrs-weighted,cross,rg1,3,34,0.8529,0.9412,0.9412,0.7941
mrs-nsga2-apportion|mrs-weighted,ctrl_x,rg1,2,34,0.8824,0.9412,0.7647,1.0
mrs-nsga2-apportion|mrs-weighted,ctrl_y,rg1,2,34,0.7647,0.8529,0.9706,0.7941
mrs-nsga2-apportion|mrs-weighted,cross,rg1,4,24,0.7083,0.8333,0.8333,0.8333
mrs-nsga2-apportion|mrs-weighted,cross,rg1,5,24,0.875,1.0,0.9583,1.0
mrs-nsga2-apportion|mrs-weighted,ctrl_x,rg1,4,24,0.9583,0.8333,1.0,1.0
mrs-nsga2-apportion|mrs-weighted,ctrl_y,rg1,4,24,0.875,0.8333,0.875,0.9167
mrs-nsga2-apportion|mrs-weighted,cross,rg1,6,16,0.5625,1.0,0.75,0.9375
mrs-nsga2-apportion|mrs-weighted,cross,rg1,7,16,0.9375,0.8125,1.0,0.9375
mrs-nsga2-apportion|mrs-weighted,ctrl_x,rg1,6,16,0.75,1.0,1.0,1.0
mrs-nsga2-apportion|mrs-weighted,ctrl_y,rg1,6,16,1.0,0.875,1.0,1.0
mrs-nsga2-apportion|mrs-weighted,cross,rg1,8,22,0.8636,1.0,0.9545,1.0
mrs-nsga2-apportion|mrs-weighted,cross,rg1,9,22,0.8182,0.9545,0.9545,1.0
mrs-nsga2-apportion|mrs-weighted,ctrl_x,rg1,8,22,1.0,0.8636,1.0,1.0
mrs-nsga2-apportion|mrs-weighted,ctrl_y,rg1,8,22,0.7273,0.9545,0.7273,0.8636
mrs-nsga2-apportion|mrs-weighted,cross,rg1,10,22,0.9545,0.8182,0.8182,0.7273
mrs-nsga2-apportion|mrs-weighted,cross,rg1,11,22,0.9545,0.8636,0.9545,1.0
mrs-nsga2-apportion|mrs-weighted,ctrl_x,rg1,10,22,0.9091,0.9091,1.0,1.0
mrs-nsga2-apportion|mrs-weighted,ctrl_y,rg1,10,22,0.7727,0.8636,0.3182,0.6364
mrs-nsga2-apportion|mrs-weighted,cross,rg1,12,12,1.0,0.9167,0.75,1.0
mrs-nsga2-apportion|mrs-weighted,cross,rg1,13,12,0.75,0.5833,0.8333,1.0
mrs-nsga2-apportion|mrs-weighted,ctrl_x,rg1,12,12,0.75,0.4167,0.9167,1.0
mrs-nsga2-apportion|mrs-weighted,ctrl_y,rg1,12,12,0.6667,1.0,0.0833,0.75
mrs-nsga2-apportion|mrs-weighted,cross,rg1,14,29,1.0,0.8621,0.1379,0.2414
mrs-nsga2-apportion|mrs-weighted,cross,rg1,15,29,0.8276,0.9655,0.7241,0.8966
mrs-nsga2-apportion|mrs-weighted,ctrl_x,rg1,14,29,1.0,0.8621,0.931,0.8276
mrs-nsga2-apportion|mrs-weighted,ctrl_y,rg1,14,29,0.5172,0.9655,0.7241,0.7586
mrs-nsga2-apportion|mrs-weighted,cross,rg1,16,18,0.7778,0.9444,0.9444,1.0
mrs-nsga2-apportion|mrs-weighted,cross,rg1,17,18,0.9444,1.0,0.8889,1.0
mrs-nsga2-apportion|mrs-weighted,ctrl_x,rg1,16,18,0.8333,0.9444,0.9444,1.0
mrs-nsga2-apportion|mrs-weighted,ctrl_y,rg1,16,18,0.9444,0.8889,0.4444,0.6111
mrs-nsga2-apportion|mrs-weighted,cross,rg1,18,38,0.6316,0.9737,0.8158,0.7368
mrs-nsga2-apportion|mrs-weighted,cross,rg1,19,38,1.0,0.9737,0.5526,0.5263
mrs-nsga2-apportion|mrs-weighted,ctrl_x,rg1,18,38,0.8421,0.9211,0.8158,0.7895
mrs-nsga2-apportion|mrs-weighted,ctrl_y,rg1,18,38,0.9737,1.0,0.5263,0.1842
mrs-nsga2-apportion|mrs-weighted,cross,rg1,20,28,0.75,0.8571,0.8929,0.9286
mrs-nsga2-apportion|mrs-weighted,cross,rg1,21,28,0.9286,1.0,0.8929,0.9643
mrs-nsga2-apportion|mrs-weighted,ctrl_x,rg1,20,28,0.8929,0.9286,0.9643,1.0
mrs-nsga2-apportion|mrs-weighted,ctrl_y,rg1,20,28,1.0,0.9643,0.7857,1.0
mrs-nsga2-apportion|mrs-weighted,cross,rg1,22,27,1.0,0.963,0.963,0.963
mrs-nsga2-apportion|mrs-weighted,cross,rg1,23,27,0.6667,1.0,0.7407,0.5185
mrs-nsga2-apportion|mrs-weighted,ctrl_x,rg1,22,27,1.0,0.8889,1.0,0.963
mrs-nsga2-apportion|mrs-weighted,ctrl_y,rg1,22,27,0.7778,0.963,0.8889,0.5185
mrs-nsga2-apportion|mrs-weighted,cross,rg1,24,32,0.8125,1.0,0.6875,0.9062
mrs-nsga2-apportion|mrs-weighted,cross,rg1,25,32,0.7812,1.0,0.9062,0.9688
mrs-nsga2-apportion|mrs-weighted,ctrl_x,rg1,24,32,0.8125,1.0,0.8438,1.0
mrs-nsga2-apportion|mrs-weighted,ctrl_y,rg1,24,32,0.8125,1.0,0.25,0.6562
mrs-nsga2-apportion|mrs-weighted,cross,rg1,26,22,0.8636,0.8636,0.5,0.5
mrs-nsga2-apportion|mrs-weighted,cross,rg1,27,22,0.9545,0.9545,0.4545,0.7727
mrs-nsga2-apportion|mrs-weighted,ctrl_x,rg1,26,22,0.9091,0.8636,0.8182,0.8182
mrs-nsga2-apportion|mrs-weighted,ctrl_y,rg1,26,22,0.9091,0.6364,0.5909,0.5455
mrs-nsga2-apportion|mrs-weighted,cross,rg1,28,21,0.9524,0.9524,0.619,0.4762
mrs-nsga2-apportion|mrs-weighted,cross,rg1,29,21,0.619,1.0,0.6667,0.5238
mrs-nsga2-apportion|mrs-weighted,ctrl_x,rg1,28,21,1.0,0.9048,1.0,0.9048
mrs-nsga2-apportion|mrs-weighted,ctrl_y,rg1,28,21,0.8095,1.0,0.9048,0.9048
aurus-nsga2-apportion|aurus,cross,rg1,0,6,0.3333,1.0,0.8333,1.0
aurus-nsga2-apportion|aurus,cross,rg1,1,6,1.0,1.0,1.0,1.0
aurus-nsga2-apportion|aurus,ctrl_x,rg1,0,6,0.6667,1.0,1.0,1.0
aurus-nsga2-apportion|aurus,ctrl_y,rg1,0,6,1.0,0.8333,1.0,1.0
aurus-nsga2-apportion|aurus,cross,rg1,2,6,1.0,1.0,1.0,1.0
aurus-nsga2-apportion|aurus,cross,rg1,3,6,0.6667,1.0,1.0,1.0
aurus-nsga2-apportion|aurus,ctrl_x,rg1,2,6,1.0,1.0,1.0,1.0
aurus-nsga2-apportion|aurus,ctrl_y,rg1,2,6,1.0,1.0,1.0,1.0
aurus-nsga2-apportion|aurus,cross,rg1,6,8,0.875,1.0,1.0,1.0
aurus-nsga2-apportion|aurus,cross,rg1,7,8,0.875,1.0,0.875,1.0
aurus-nsga2-apportion|aurus,ctrl_x,rg1,6,8,0.875,1.0,1.0,0.875
aurus-nsga2-apportion|aurus,ctrl_y,rg1,6,8,1.0,1.0,1.0,1.0
aurus-nsga2-apportion|aurus,cross,rg1,8,6,0.8333,1.0,1.0,1.0
aurus-nsga2-apportion|aurus,cross,rg1,9,6,1.0,1.0,1.0,1.0
aurus-nsga2-apportion|aurus,ctrl_x,rg1,8,6,1.0,1.0,1.0,1.0
aurus-nsga2-apportion|aurus,ctrl_y,rg1,8,6,1.0,1.0,1.0,1.0
aurus-nsga2-apportion|aurus,cross,rg1,14,11,0.9091,0.9091,0.9091,0.4545
aurus-nsga2-apportion|aurus,cross,rg1,15,11,0.7273,1.0,1.0,1.0
aurus-nsga2-apportion|aurus,ctrl_x,rg1,14,11,1.0,0.9091,1.0,1.0
aurus-nsga2-apportion|aurus,ctrl_y,rg1,14,11,0.9091,0.9091,0.9091,0.9091
aurus-nsga2-apportion|aurus,cross,rg1,16,7,0.8571,1.0,1.0,1.0
aurus-nsga2-apportion|aurus,cross,rg1,17,7,1.0,0.8571,1.0,1.0
aurus-nsga2-apportion|aurus,ctrl_x,rg1,16,7,0.8571,1.0,1.0,1.0
aurus-nsga2-apportion|aurus,ctrl_y,rg1,16,7,1.0,0.5714,1.0,1.0
aurus-nsga2-apportion|aurus,cross,rg1,18,11,0.8182,1.0,1.0,1.0
aurus-nsga2-apportion|aurus,cross,rg1,19,11,0.8182,0.9091,0.4545,0.0909
aurus-nsga2-apportion|aurus,ctrl_x,rg1,18,11,1.0,0.8182,1.0,1.0
aurus-nsga2-apportion|aurus,ctrl_y,rg1,18,11,1.0,0.9091,1.0,1.0
aurus-nsga2-apportion|aurus,cross,rg1,20,6,1.0,1.0,1.0,1.0
aurus-nsga2-apportion|aurus,cross,rg1,21,6,1.0,1.0,1.0,1.0
aurus-nsga2-apportion|aurus,ctrl_x,rg1,20,6,0.6667,1.0,1.0,1.0
aurus-nsga2-apportion|aurus,ctrl_y,rg1,20,6,1.0,0.8333,1.0,1.0
aurus-nsga2-apportion|aurus,cross,rg1,22,14,1.0,0.7857,1.0,0.8571
aurus-nsga2-apportion|aurus,cross,rg1,23,14,0.8571,1.0,0.5714,0.7857
aurus-nsga2-apportion|aurus,ctrl_x,rg1,22,14,1.0,0.5714,1.0,1.0
aurus-nsga2-apportion|aurus,ctrl_y,rg1,22,14,1.0,1.0,1.0,1.0
mrs-nsga2-apportion|aurus,cross,rg2,0,12,1.0,1.0,1.0,1.0
mrs-nsga2-apportion|aurus,cross,rg2,1,12,1.0,0.5,0.75,0.75
mrs-nsga2-apportion|aurus,ctrl_x,rg2,0,12,1.0,1.0,1.0,1.0
mrs-nsga2-apportion|aurus,ctrl_y,rg2,0,12,1.0,0.9167,1.0,1.0
mrs-nsga2-apportion|aurus,cross,rg2,2,14,1.0,0.9286,1.0,1.0
mrs-nsga2-apportion|aurus,cross,rg2,3,14,1.0,1.0,1.0,0.7143
mrs-nsga2-apportion|aurus,ctrl_x,rg2,2,14,1.0,1.0,1.0,1.0
mrs-nsga2-apportion|aurus,ctrl_y,rg2,2,14,0.9286,1.0,1.0,1.0
mrs-nsga2-apportion|aurus,cross,rg2,4,19,1.0,0.8421,0.6316,0.2632
mrs-nsga2-apportion|aurus,cross,rg2,5,19,1.0,1.0,0.7895,0.8947
mrs-nsga2-apportion|aurus,ctrl_x,rg2,4,19,1.0,0.9474,1.0,0.7368
mrs-nsga2-apportion|aurus,ctrl_y,rg2,4,19,0.9474,1.0,0.8421,1.0
mrs-nsga2-apportion|aurus,cross,rg2,6,13,1.0,1.0,0.7692,1.0
mrs-nsga2-apportion|aurus,cross,rg2,7,13,1.0,1.0,1.0,0.6154
mrs-nsga2-apportion|aurus,ctrl_x,rg2,6,13,0.9231,1.0,1.0,1.0
mrs-nsga2-apportion|aurus,ctrl_y,rg2,6,13,1.0,1.0,0.9231,1.0
mrs-nsga2-apportion|aurus,cross,rg2,8,16,0.9375,1.0,0.8125,1.0
mrs-nsga2-apportion|aurus,cross,rg2,9,16,1.0,1.0,0.9375,1.0
mrs-nsga2-apportion|aurus,ctrl_x,rg2,8,16,0.875,1.0,1.0,1.0
mrs-nsga2-apportion|aurus,ctrl_y,rg2,8,16,1.0,1.0,1.0,1.0
mrs-nsga2-apportion|aurus,cross,rg2,10,18,1.0,1.0,0.6111,1.0
mrs-nsga2-apportion|aurus,cross,rg2,11,18,1.0,1.0,0.8889,0.6111
mrs-nsga2-apportion|aurus,ctrl_x,rg2,10,18,1.0,1.0,1.0,1.0
mrs-nsga2-apportion|aurus,ctrl_y,rg2,10,18,1.0,1.0,1.0,1.0
mrs-nsga2-apportion|aurus,cross,rg2,12,15,1.0,1.0,1.0,0.4
mrs-nsga2-apportion|aurus,cross,rg2,13,15,1.0,0.9333,1.0,0.8667
mrs-nsga2-apportion|aurus,ctrl_x,rg2,12,15,0.9333,1.0,1.0,1.0
mrs-nsga2-apportion|aurus,ctrl_y,rg2,12,15,1.0,1.0,1.0,1.0
mrs-nsga2-apportion|aurus,cross,rg2,14,10,1.0,0.5,0.7,1.0
mrs-nsga2-apportion|aurus,cross,rg2,15,10,1.0,0.9,0.9,1.0
mrs-nsga2-apportion|aurus,ctrl_x,rg2,14,10,1.0,1.0,1.0,0.9
mrs-nsga2-apportion|aurus,ctrl_y,rg2,14,10,1.0,0.9,1.0,0.5
mrs-nsga2-apportion|aurus,cross,rg2,16,16,1.0,1.0,0.4375,1.0
mrs-nsga2-apportion|aurus,cross,rg2,17,16,1.0,1.0,1.0,1.0
mrs-nsga2-apportion|aurus,ctrl_x,rg2,16,16,1.0,1.0,0.75,1.0
mrs-nsga2-apportion|aurus,ctrl_y,rg2,16,16,1.0,1.0,1.0,0.8125
mrs-nsga2-apportion|aurus,cross,rg2,18,12,1.0,1.0,1.0,1.0
mrs-nsga2-apportion|aurus,cross,rg2,19,12,0.9167,0.9167,0.3333,0.3333
mrs-nsga2-apportion|aurus,ctrl_x,rg2,18,12,1.0,0.75,1.0,0.8333
mrs-nsga2-apportion|aurus,ctrl_y,rg2,18,12,1.0,1.0,1.0,1.0
mrs-nsga2-apportion|aurus,cross,rg2,20,21,1.0,1.0,1.0,0.9524
mrs-nsga2-apportion|aurus,cross,rg2,21,21,0.9524,1.0,0.8095,0.9048
mrs-nsga2-apportion|aurus,ctrl_x,rg2,20,21,1.0,0.9524,1.0,1.0
mrs-nsga2-apportion|aurus,ctrl_y,rg2,20,21,1.0,1.0,1.0,1.0
mrs-nsga2-apportion|aurus,cross,rg2,22,7,1.0,1.0,1.0,1.0
mrs-nsga2-apportion|aurus,cross,rg2,23,7,0.0,1.0,0.0,1.0
mrs-nsga2-apportion|aurus,ctrl_x,rg2,22,7,1.0,1.0,1.0,1.0
mrs-nsga2-apportion|aurus,ctrl_y,rg2,22,7,1.0,1.0,1.0,1.0
mrs-nsga2-apportion|aurus,cross,rg2,24,16,1.0,1.0,1.0,1.0
mrs-nsga2-apportion|aurus,cross,rg2,25,16,1.0,1.0,1.0,0.625
mrs-nsga2-apportion|aurus,ctrl_x,rg2,24,16,1.0,0.9375,1.0,1.0
mrs-nsga2-apportion|aurus,ctrl_y,rg2,24,16,1.0,0.9375,1.0,1.0
mrs-nsga2-apportion|aurus,cross,rg2,26,10,1.0,1.0,0.6,1.0
mrs-nsga2-apportion|aurus,cross,rg2,27,10,1.0,1.0,1.0,0.8
mrs-nsga2-apportion|aurus,ctrl_x,rg2,26,10,1.0,1.0,1.0,0.9
mrs-nsga2-apportion|aurus,ctrl_y,rg2,26,10,1.0,1.0,1.0,1.0
mrs-nsga2-apportion|aurus,cross,rg2,28,13,1.0,0.9231,1.0,1.0
mrs-nsga2-apportion|aurus,cross,rg2,29,13,1.0,0.9231,1.0,0.7692
mrs-nsga2-apportion|aurus,ctrl_x,rg2,28,13,0.8462,1.0,1.0,1.0
mrs-nsga2-apportion|aurus,ctrl_y,rg2,28,13,0.9231,1.0,1.0,1.0
mrs-nsga2-apportion|aurus-nsga2-apportion,cross,rg2,0,12,1.0,1.0,1.0,1.0
mrs-nsga2-apportion|aurus-nsga2-apportion,cross,rg2,1,12,1.0,1.0,1.0,1.0
mrs-nsga2-apportion|aurus-nsga2-apportion,ctrl_x,rg2,0,12,1.0,1.0,1.0,1.0
mrs-nsga2-apportion|aurus-nsga2-apportion,ctrl_y,rg2,0,12,1.0,1.0,1.0,0.8333
mrs-nsga2-apportion|aurus-nsga2-apportion,cross,rg2,2,14,1.0,1.0,1.0,1.0
mrs-nsga2-apportion|aurus-nsga2-apportion,cross,rg2,3,14,1.0,1.0,1.0,1.0
mrs-nsga2-apportion|aurus-nsga2-apportion,ctrl_x,rg2,2,14,1.0,1.0,1.0,1.0
mrs-nsga2-apportion|aurus-nsga2-apportion,ctrl_y,rg2,2,14,1.0,1.0,1.0,1.0
mrs-nsga2-apportion|aurus-nsga2-apportion,cross,rg2,4,13,1.0,1.0,1.0,1.0
mrs-nsga2-apportion|aurus-nsga2-apportion,cross,rg2,5,13,0.9231,0.9231,1.0,1.0
mrs-nsga2-apportion|aurus-nsga2-apportion,ctrl_x,rg2,4,13,1.0,1.0,1.0,1.0
mrs-nsga2-apportion|aurus-nsga2-apportion,ctrl_y,rg2,4,13,1.0,1.0,1.0,1.0
mrs-nsga2-apportion|aurus-nsga2-apportion,cross,rg2,6,22,0.9545,1.0,1.0,1.0
mrs-nsga2-apportion|aurus-nsga2-apportion,cross,rg2,7,22,1.0,0.9545,1.0,1.0
mrs-nsga2-apportion|aurus-nsga2-apportion,ctrl_x,rg2,6,22,0.9545,1.0,1.0,0.8182
mrs-nsga2-apportion|aurus-nsga2-apportion,ctrl_y,rg2,6,22,1.0,1.0,0.5455,0.9545
mrs-nsga2-apportion|aurus-nsga2-apportion,cross,rg2,8,16,1.0,1.0,1.0,1.0
mrs-nsga2-apportion|aurus-nsga2-apportion,cross,rg2,9,16,1.0,1.0,1.0,1.0
mrs-nsga2-apportion|aurus-nsga2-apportion,ctrl_x,rg2,8,16,0.875,1.0,1.0,1.0
mrs-nsga2-apportion|aurus-nsga2-apportion,ctrl_y,rg2,8,16,1.0,0.875,1.0,1.0
mrs-nsga2-apportion|aurus-nsga2-apportion,cross,rg2,10,18,1.0,1.0,1.0,1.0
mrs-nsga2-apportion|aurus-nsga2-apportion,cross,rg2,11,18,1.0,1.0,0.9444,1.0
mrs-nsga2-apportion|aurus-nsga2-apportion,ctrl_x,rg2,10,18,1.0,1.0,1.0,1.0
mrs-nsga2-apportion|aurus-nsga2-apportion,ctrl_y,rg2,10,18,1.0,1.0,1.0,1.0
mrs-nsga2-apportion|aurus-nsga2-apportion,cross,rg2,12,19,1.0,1.0,1.0,1.0
mrs-nsga2-apportion|aurus-nsga2-apportion,cross,rg2,13,19,1.0,0.9474,1.0,1.0
mrs-nsga2-apportion|aurus-nsga2-apportion,ctrl_x,rg2,12,19,1.0,1.0,1.0,1.0
mrs-nsga2-apportion|aurus-nsga2-apportion,ctrl_y,rg2,12,19,1.0,1.0,1.0,1.0
mrs-nsga2-apportion|aurus-nsga2-apportion,cross,rg2,14,10,1.0,1.0,1.0,1.0
mrs-nsga2-apportion|aurus-nsga2-apportion,cross,rg2,15,10,1.0,1.0,0.9,1.0
mrs-nsga2-apportion|aurus-nsga2-apportion,ctrl_x,rg2,14,10,1.0,1.0,1.0,0.9
mrs-nsga2-apportion|aurus-nsga2-apportion,ctrl_y,rg2,14,10,1.0,1.0,1.0,1.0
mrs-nsga2-apportion|aurus-nsga2-apportion,cross,rg2,16,17,1.0,1.0,1.0,1.0
mrs-nsga2-apportion|aurus-nsga2-apportion,cross,rg2,17,17,0.8824,0.9412,1.0,1.0
mrs-nsga2-apportion|aurus-nsga2-apportion,ctrl_x,rg2,16,17,1.0,1.0,0.8235,1.0
mrs-nsga2-apportion|aurus-nsga2-apportion,ctrl_y,rg2,16,17,1.0,1.0,0.8824,1.0
mrs-nsga2-apportion|aurus-nsga2-apportion,cross,rg2,18,12,1.0,1.0,1.0,1.0
mrs-nsga2-apportion|aurus-nsga2-apportion,cross,rg2,19,12,0.9167,0.9167,1.0,1.0
mrs-nsga2-apportion|aurus-nsga2-apportion,ctrl_x,rg2,18,12,1.0,0.75,1.0,0.8333
mrs-nsga2-apportion|aurus-nsga2-apportion,ctrl_y,rg2,18,12,1.0,1.0,1.0,1.0
mrs-nsga2-apportion|aurus-nsga2-apportion,cross,rg2,20,14,1.0,1.0,1.0,1.0
mrs-nsga2-apportion|aurus-nsga2-apportion,cross,rg2,21,14,1.0,1.0,1.0,1.0
mrs-nsga2-apportion|aurus-nsga2-apportion,ctrl_x,rg2,20,14,1.0,1.0,1.0,0.7143
mrs-nsga2-apportion|aurus-nsga2-apportion,ctrl_y,rg2,20,14,1.0,0.9286,1.0,1.0
mrs-nsga2-apportion|aurus-nsga2-apportion,cross,rg2,22,20,1.0,1.0,1.0,1.0
mrs-nsga2-apportion|aurus-nsga2-apportion,cross,rg2,23,20,0.9,0.9,1.0,1.0
mrs-nsga2-apportion|aurus-nsga2-apportion,ctrl_x,rg2,22,20,1.0,0.8,0.95,0.75
mrs-nsga2-apportion|aurus-nsga2-apportion,ctrl_y,rg2,22,20,1.0,1.0,1.0,1.0
mrs-nsga2-apportion|aurus-nsga2-apportion,cross,rg2,24,16,1.0,1.0,1.0,1.0
mrs-nsga2-apportion|aurus-nsga2-apportion,cross,rg2,25,16,1.0,0.875,1.0,1.0
mrs-nsga2-apportion|aurus-nsga2-apportion,ctrl_x,rg2,24,16,1.0,1.0,1.0,1.0
mrs-nsga2-apportion|aurus-nsga2-apportion,ctrl_y,rg2,24,16,1.0,0.9375,1.0,1.0
mrs-nsga2-apportion|aurus-nsga2-apportion,cross,rg2,26,22,1.0,0.9545,0.9545,0.6818
mrs-nsga2-apportion|aurus-nsga2-apportion,cross,rg2,27,22,1.0,0.9545,1.0,1.0
mrs-nsga2-apportion|aurus-nsga2-apportion,ctrl_x,rg2,26,22,0.9545,0.9091,1.0,1.0
mrs-nsga2-apportion|aurus-nsga2-apportion,ctrl_y,rg2,26,22,0.9545,1.0,0.6364,1.0
mrs-nsga2-apportion|aurus-nsga2-apportion,cross,rg2,28,16,1.0,1.0,1.0,1.0
mrs-nsga2-apportion|aurus-nsga2-apportion,cross,rg2,29,16,1.0,0.875,1.0,0.9375
mrs-nsga2-apportion|aurus-nsga2-apportion,ctrl_x,rg2,28,16,1.0,1.0,1.0,1.0
mrs-nsga2-apportion|aurus-nsga2-apportion,ctrl_y,rg2,28,16,0.9375,1.0,0.4375,0.5625
mrs-nsga2-apportion|mrs-weighted,cross,rg2,0,12,1.0,0.5,0.5,0.3333
mrs-nsga2-apportion|mrs-weighted,cross,rg2,1,12,1.0,1.0,0.9167,1.0
mrs-nsga2-apportion|mrs-weighted,ctrl_x,rg2,0,12,1.0,1.0,1.0,1.0
mrs-nsga2-apportion|mrs-weighted,ctrl_y,rg2,0,12,0.9167,1.0,1.0,1.0
mrs-nsga2-apportion|mrs-weighted,cross,rg2,2,14,1.0,1.0,1.0,1.0
mrs-nsga2-apportion|mrs-weighted,cross,rg2,3,14,1.0,1.0,1.0,0.8571
mrs-nsga2-apportion|mrs-weighted,ctrl_x,rg2,2,14,1.0,1.0,1.0,1.0
mrs-nsga2-apportion|mrs-weighted,ctrl_y,rg2,2,14,1.0,1.0,1.0,1.0
mrs-nsga2-apportion|mrs-weighted,cross,rg2,4,16,1.0,1.0,1.0,1.0
mrs-nsga2-apportion|mrs-weighted,cross,rg2,5,16,1.0,1.0,1.0,1.0
mrs-nsga2-apportion|mrs-weighted,ctrl_x,rg2,4,16,1.0,0.9375,1.0,1.0
mrs-nsga2-apportion|mrs-weighted,ctrl_y,rg2,4,16,1.0,1.0,1.0,1.0
mrs-nsga2-apportion|mrs-weighted,cross,rg2,6,22,0.8636,1.0,0.9545,0.8182
mrs-nsga2-apportion|mrs-weighted,cross,rg2,7,22,0.9091,1.0,0.5455,0.9091
mrs-nsga2-apportion|mrs-weighted,ctrl_x,rg2,6,22,0.9545,1.0,1.0,0.8182
mrs-nsga2-apportion|mrs-weighted,ctrl_y,rg2,6,22,1.0,0.9545,0.9091,0.7273
mrs-nsga2-apportion|mrs-weighted,cross,rg2,8,16,0.9375,1.0,1.0,1.0
mrs-nsga2-apportion|mrs-weighted,cross,rg2,9,16,1.0,1.0,1.0,1.0
mrs-nsga2-apportion|mrs-weighted,ctrl_x,rg2,8,16,0.875,1.0,1.0,1.0
mrs-nsga2-apportion|mrs-weighted,ctrl_y,rg2,8,16,0.875,1.0,0.9375,0.6875
mrs-nsga2-apportion|mrs-weighted,cross,rg2,10,18,1.0,1.0,1.0,1.0
mrs-nsga2-apportion|mrs-weighted,cross,rg2,11,18,1.0,1.0,0.8333,1.0
mrs-nsga2-apportion|mrs-weighted,ctrl_x,rg2,10,18,1.0,1.0,1.0,1.0
mrs-nsga2-apportion|mrs-weighted,ctrl_y,rg2,10,18,0.9444,1.0,1.0,1.0
mrs-nsga2-apportion|mrs-weighted,cross,rg2,12,22,1.0,0.9091,1.0,1.0
mrs-nsga2-apportion|mrs-weighted,cross,rg2,13,22,1.0,0.9091,1.0,1.0
mrs-nsga2-apportion|mrs-weighted,ctrl_x,rg2,12,22,0.9545,1.0,1.0,1.0
mrs-nsga2-apportion|mrs-weighted,ctrl_y,rg2,12,22,0.9545,1.0,1.0,1.0
mrs-nsga2-apportion|mrs-weighted,cross,rg2,14,10,1.0,1.0,1.0,1.0
mrs-nsga2-apportion|mrs-weighted,cross,rg2,15,10,1.0,1.0,1.0,1.0
mrs-nsga2-apportion|mrs-weighted,ctrl_x,rg2,14,10,1.0,1.0,1.0,0.9
mrs-nsga2-apportion|mrs-weighted,ctrl_y,rg2,14,10,1.0,1.0,1.0,1.0
mrs-nsga2-apportion|mrs-weighted,cross,rg2,16,17,1.0,1.0,0.3529,1.0
mrs-nsga2-apportion|mrs-weighted,cross,rg2,17,17,0.9412,1.0,1.0,1.0
mrs-nsga2-apportion|mrs-weighted,ctrl_x,rg2,16,17,1.0,1.0,0.8235,1.0
mrs-nsga2-apportion|mrs-weighted,ctrl_y,rg2,16,17,1.0,1.0,1.0,0.8824
mrs-nsga2-apportion|mrs-weighted,cross,rg2,18,12,1.0,1.0,1.0,1.0
mrs-nsga2-apportion|mrs-weighted,cross,rg2,19,12,0.9167,1.0,0.5833,1.0
mrs-nsga2-apportion|mrs-weighted,ctrl_x,rg2,18,12,1.0,0.75,1.0,0.8333
mrs-nsga2-apportion|mrs-weighted,ctrl_y,rg2,18,12,0.9167,1.0,1.0,1.0
mrs-nsga2-apportion|mrs-weighted,cross,rg2,20,21,0.9048,1.0,1.0,0.9524
mrs-nsga2-apportion|mrs-weighted,cross,rg2,21,21,1.0,1.0,0.4286,0.619
mrs-nsga2-apportion|mrs-weighted,ctrl_x,rg2,20,21,1.0,0.9524,1.0,1.0
mrs-nsga2-apportion|mrs-weighted,ctrl_y,rg2,20,21,1.0,1.0,1.0,0.7619
mrs-nsga2-apportion|mrs-weighted,cross,rg2,22,20,1.0,0.75,0.9,1.0
mrs-nsga2-apportion|mrs-weighted,cross,rg2,23,20,0.85,1.0,0.5,0.75
mrs-nsga2-apportion|mrs-weighted,ctrl_x,rg2,22,20,1.0,0.8,0.95,0.75
mrs-nsga2-apportion|mrs-weighted,ctrl_y,rg2,22,20,0.9,0.9,0.75,0.65
mrs-nsga2-apportion|mrs-weighted,cross,rg2,24,12,1.0,1.0,0.9167,1.0
mrs-nsga2-apportion|mrs-weighted,cross,rg2,25,12,1.0,1.0,1.0,1.0
mrs-nsga2-apportion|mrs-weighted,ctrl_x,rg2,24,12,1.0,1.0,1.0,1.0
mrs-nsga2-apportion|mrs-weighted,ctrl_y,rg2,24,12,1.0,1.0,1.0,1.0
mrs-nsga2-apportion|mrs-weighted,cross,rg2,26,23,0.913,1.0,1.0,1.0
mrs-nsga2-apportion|mrs-weighted,cross,rg2,27,23,0.9565,1.0,1.0,1.0
mrs-nsga2-apportion|mrs-weighted,ctrl_x,rg2,26,23,0.9565,0.913,1.0,1.0
mrs-nsga2-apportion|mrs-weighted,ctrl_y,rg2,26,23,1.0,0.9565,0.9565,1.0
mrs-nsga2-apportion|mrs-weighted,cross,rg2,28,16,1.0,1.0,1.0,1.0
mrs-nsga2-apportion|mrs-weighted,cross,rg2,29,16,1.0,1.0,1.0,1.0
mrs-nsga2-apportion|mrs-weighted,ctrl_x,rg2,28,16,1.0,1.0,1.0,1.0
mrs-nsga2-apportion|mrs-weighted,ctrl_y,rg2,28,16,1.0,1.0,0.875,1.0
aurus-nsga2-apportion|aurus,cross,rg2,0,14,0.9286,1.0,0.4286,1.0
aurus-nsga2-apportion|aurus,cross,rg2,1,14,1.0,1.0,1.0,0.8571
aurus-nsga2-apportion|aurus,ctrl_x,rg2,0,14,0.7857,1.0,1.0,0.7143
aurus-nsga2-apportion|aurus,ctrl_y,rg2,0,14,1.0,1.0,1.0,1.0
aurus-nsga2-apportion|aurus,cross,rg2,2,15,1.0,1.0,1.0,0.6
aurus-nsga2-apportion|aurus,cross,rg2,3,15,1.0,1.0,1.0,1.0
aurus-nsga2-apportion|aurus,ctrl_x,rg2,2,15,1.0,1.0,1.0,1.0
aurus-nsga2-apportion|aurus,ctrl_y,rg2,2,15,1.0,1.0,1.0,1.0
aurus-nsga2-apportion|aurus,cross,rg2,4,13,1.0,0.7692,1.0,0.4615
aurus-nsga2-apportion|aurus,cross,rg2,5,13,1.0,1.0,0.9231,1.0
aurus-nsga2-apportion|aurus,ctrl_x,rg2,4,13,1.0,1.0,1.0,1.0
aurus-nsga2-apportion|aurus,ctrl_y,rg2,4,13,0.8462,1.0,0.3077,0.9231
aurus-nsga2-apportion|aurus,cross,rg2,6,13,1.0,1.0,1.0,1.0
aurus-nsga2-apportion|aurus,cross,rg2,7,13,1.0,1.0,0.4615,0.3846
aurus-nsga2-apportion|aurus,ctrl_x,rg2,6,13,1.0,1.0,0.3846,0.9231
aurus-nsga2-apportion|aurus,ctrl_y,rg2,6,13,1.0,1.0,0.9231,1.0
aurus-nsga2-apportion|aurus,cross,rg2,8,21,1.0,1.0,0.8571,1.0
aurus-nsga2-apportion|aurus,cross,rg2,9,21,1.0,1.0,0.8095,0.9524
aurus-nsga2-apportion|aurus,ctrl_x,rg2,8,21,1.0,0.9048,1.0,1.0
aurus-nsga2-apportion|aurus,ctrl_y,rg2,8,21,1.0,1.0,1.0,1.0
aurus-nsga2-apportion|aurus,cross,rg2,10,21,0.8571,1.0,1.0,0.8571
aurus-nsga2-apportion|aurus,cross,rg2,11,21,0.8571,0.8571,1.0,0.5714
aurus-nsga2-apportion|aurus,ctrl_x,rg2,10,21,0.8095,1.0,0.9524,1.0
aurus-nsga2-apportion|aurus,ctrl_y,rg2,10,21,0.9048,1.0,1.0,1.0
aurus-nsga2-apportion|aurus,cross,rg2,12,15,1.0,1.0,1.0,0.3333
aurus-nsga2-apportion|aurus,cross,rg2,13,15,1.0,1.0,0.8667,0.4667
aurus-nsga2-apportion|aurus,ctrl_x,rg2,12,15,1.0,1.0,1.0,1.0
aurus-nsga2-apportion|aurus,ctrl_y,rg2,12,15,1.0,1.0,1.0,1.0
aurus-nsga2-apportion|aurus,cross,rg2,14,17,1.0,1.0,1.0,0.8824
aurus-nsga2-apportion|aurus,cross,rg2,15,17,1.0,1.0,0.5294,0.9412
aurus-nsga2-apportion|aurus,ctrl_x,rg2,14,17,1.0,1.0,1.0,0.9412
aurus-nsga2-apportion|aurus,ctrl_y,rg2,14,17,0.8824,0.9412,1.0,1.0
aurus-nsga2-apportion|aurus,cross,rg2,16,16,1.0,1.0,0.875,0.9375
aurus-nsga2-apportion|aurus,cross,rg2,17,16,1.0,1.0,1.0,1.0
aurus-nsga2-apportion|aurus,ctrl_x,rg2,16,16,1.0,1.0,1.0,1.0
aurus-nsga2-apportion|aurus,ctrl_y,rg2,16,16,1.0,1.0,1.0,0.8125
aurus-nsga2-apportion|aurus,cross,rg2,18,17,1.0,0.9412,1.0,0.3529
aurus-nsga2-apportion|aurus,cross,rg2,19,17,1.0,1.0,0.3529,0.4706
aurus-nsga2-apportion|aurus,ctrl_x,rg2,18,17,1.0,0.9412,1.0,0.6471
aurus-nsga2-apportion|aurus,ctrl_y,rg2,18,17,0.9412,1.0,1.0,1.0
aurus-nsga2-apportion|aurus,cross,rg2,20,14,1.0,1.0,1.0,1.0
aurus-nsga2-apportion|aurus,cross,rg2,21,14,1.0,1.0,1.0,1.0
aurus-nsga2-apportion|aurus,ctrl_x,rg2,20,14,1.0,1.0,1.0,1.0
aurus-nsga2-apportion|aurus,ctrl_y,rg2,20,14,1.0,1.0,1.0,1.0
aurus-nsga2-apportion|aurus,cross,rg2,22,7,1.0,1.0,1.0,1.0
aurus-nsga2-apportion|aurus,cross,rg2,23,7,1.0,1.0,1.0,1.0
aurus-nsga2-apportion|aurus,ctrl_x,rg2,22,7,1.0,1.0,1.0,1.0
aurus-nsga2-apportion|aurus,ctrl_y,rg2,22,7,1.0,1.0,1.0,1.0
aurus-nsga2-apportion|aurus,cross,rg2,24,16,1.0,1.0,1.0,0.5625
aurus-nsga2-apportion|aurus,cross,rg2,25,16,1.0,1.0,0.5625,0.9375
aurus-nsga2-apportion|aurus,ctrl_x,rg2,24,16,1.0,0.625,1.0,1.0
aurus-nsga2-apportion|aurus,ctrl_y,rg2,24,16,1.0,0.9375,1.0,1.0
aurus-nsga2-apportion|aurus,cross,rg2,26,10,1.0,1.0,1.0,1.0
aurus-nsga2-apportion|aurus,cross,rg2,27,10,1.0,1.0,1.0,1.0
aurus-nsga2-apportion|aurus,ctrl_x,rg2,26,10,1.0,0.8,1.0,1.0
aurus-nsga2-apportion|aurus,ctrl_y,rg2,26,10,1.0,1.0,1.0,1.0
aurus-nsga2-apportion|aurus,cross,rg2,28,13,1.0,0.9231,1.0,1.0
aurus-nsga2-apportion|aurus,cross,rg2,29,13,1.0,0.9231,0.4615,0.5385
aurus-nsga2-apportion|aurus,ctrl_x,rg2,28,13,1.0,1.0,0.6154,1.0
aurus-nsga2-apportion|aurus,ctrl_y,rg2,28,13,0.9231,1.0,1.0,1.0
mrs-nsga2-apportion|aurus,cross,round-robin-arbiter-aurus,0,45,0.4,0.9333,0.5333,0.9111
mrs-nsga2-apportion|aurus,cross,round-robin-arbiter-aurus,1,45,0.3111,0.8889,0.4,0.9333
mrs-nsga2-apportion|aurus,ctrl_x,round-robin-arbiter-aurus,0,45,0.8667,0.8,0.8889,0.9556
mrs-nsga2-apportion|aurus,ctrl_y,round-robin-arbiter-aurus,0,45,0.8667,0.8222,0.9778,0.8889
mrs-nsga2-apportion|aurus,cross,round-robin-arbiter-aurus,2,33,0.6061,0.9394,0.5152,1.0
mrs-nsga2-apportion|aurus,cross,round-robin-arbiter-aurus,3,33,0.5152,0.9091,0.7273,0.9394
mrs-nsga2-apportion|aurus,ctrl_x,round-robin-arbiter-aurus,2,33,0.8788,0.8182,0.9091,0.9697
mrs-nsga2-apportion|aurus,ctrl_y,round-robin-arbiter-aurus,2,33,0.8788,0.7879,1.0,0.9091
mrs-nsga2-apportion|aurus,cross,round-robin-arbiter-aurus,4,40,0.725,0.8,0.65,0.825
mrs-nsga2-apportion|aurus,cross,round-robin-arbiter-aurus,5,40,0.55,0.925,0.5,0.95
mrs-nsga2-apportion|aurus,ctrl_x,round-robin-arbiter-aurus,4,40,0.875,0.85,0.875,0.725
mrs-nsga2-apportion|aurus,ctrl_y,round-robin-arbiter-aurus,4,40,0.8,0.875,0.975,1.0
mrs-nsga2-apportion|aurus,cross,round-robin-arbiter-aurus,6,39,0.5641,0.9744,0.4615,0.9744
mrs-nsga2-apportion|aurus,cross,round-robin-arbiter-aurus,7,39,0.7692,0.4872,0.7949,0.8205
mrs-nsga2-apportion|aurus,ctrl_x,round-robin-arbiter-aurus,6,39,0.4359,0.8974,0.641,0.9231
mrs-nsga2-apportion|aurus,ctrl_y,round-robin-arbiter-aurus,6,39,0.8718,0.8205,1.0,0.9231
mrs-nsga2-apportion|aurus,cross,round-robin-arbiter-aurus,8,32,0.9688,0.6562,0.9375,0.9688
mrs-nsga2-apportion|aurus,cross,round-robin-arbiter-aurus,9,32,0.5312,0.9375,0.625,1.0
mrs-nsga2-apportion|aurus,ctrl_x,round-robin-arbiter-aurus,8,32,1.0,0.75,1.0,0.9688
mrs-nsga2-apportion|aurus,ctrl_y,round-robin-arbiter-aurus,8,32,0.8125,0.9062,0.8125,0.9375
mrs-nsga2-apportion|aurus,cross,round-robin-arbiter-aurus,10,36,0.6944,0.75,0.6667,0.8889
mrs-nsga2-apportion|aurus,cross,round-robin-arbiter-aurus,11,36,0.4444,0.6667,0.6944,0.9722
mrs-nsga2-apportion|aurus,ctrl_x,round-robin-arbiter-aurus,10,36,0.6944,0.8889,0.9167,1.0
mrs-nsga2-apportion|aurus,ctrl_y,round-robin-arbiter-aurus,10,36,0.8889,0.8889,0.9722,0.9722
mrs-nsga2-apportion|aurus,cross,round-robin-arbiter-aurus,12,39,0.8462,0.6667,0.6923,0.6667
mrs-nsga2-apportion|aurus,cross,round-robin-arbiter-aurus,13,39,0.7179,0.9231,0.6923,1.0
mrs-nsga2-apportion|aurus,ctrl_x,round-robin-arbiter-aurus,12,39,0.7692,0.8205,0.9231,0.8974
mrs-nsga2-apportion|aurus,ctrl_y,round-robin-arbiter-aurus,12,39,0.8205,0.9231,0.9231,1.0
mrs-nsga2-apportion|aurus,cross,round-robin-arbiter-aurus,14,45,0.7111,0.8889,0.5778,0.9556
mrs-nsga2-apportion|aurus,cross,round-robin-arbiter-aurus,15,45,0.5333,0.9111,0.6222,0.9111
mrs-nsga2-apportion|aurus,ctrl_x,round-robin-arbiter-aurus,14,45,0.9778,0.7333,0.9556,0.7778
mrs-nsga2-apportion|aurus,ctrl_y,round-robin-arbiter-aurus,14,45,0.8222,0.8444,0.9778,0.8444
mrs-nsga2-apportion|aurus,cross,round-robin-arbiter-aurus,16,36,0.5278,0.8333,0.5556,0.9722
mrs-nsga2-apportion|aurus,cross,round-robin-arbiter-aurus,17,36,0.6111,0.9167,0.3611,0.9167
mrs-nsga2-apportion|aurus,ctrl_x,round-robin-arbiter-aurus,16,36,0.75,0.8333,0.9444,0.8889
mrs-nsga2-apportion|aurus,ctrl_y,round-robin-arbiter-aurus,16,36,0.6389,0.6944,0.8056,0.9722
mrs-nsga2-apportion|aurus,cross,round-robin-arbiter-aurus,18,31,0.4839,0.871,0.5161,0.7742
mrs-nsga2-apportion|aurus,cross,round-robin-arbiter-aurus,19,31,0.8065,0.7742,0.7742,0.7097
mrs-nsga2-apportion|aurus,ctrl_x,round-robin-arbiter-aurus,18,31,0.7097,0.9032,0.7419,0.9677
mrs-nsga2-apportion|aurus,ctrl_y,round-robin-arbiter-aurus,18,31,0.9355,0.7742,0.7742,0.9355
mrs-nsga2-apportion|aurus,cross,round-robin-arbiter-aurus,20,56,0.6607,0.6964,0.7321,0.75
mrs-nsga2-apportion|aurus,cross,round-robin-arbiter-aurus,21,56,0.6429,0.8929,0.4464,0.8929
mrs-nsga2-apportion|aurus,ctrl_x,round-robin-arbiter-aurus,20,56,0.9464,0.6786,0.7143,0.6786
mrs-nsga2-apportion|aurus,ctrl_y,round-robin-arbiter-aurus,20,56,0.75,0.8571,0.8036,0.9286
mrs-nsga2-apportion|aurus,cross,round-robin-arbiter-aurus,22,36,0.4444,0.9167,0.6389,0.9167
mrs-nsga2-apportion|aurus,cross,round-robin-arbiter-aurus,23,36,0.8056,0.8889,0.5833,1.0
mrs-nsga2-apportion|aurus,ctrl_x,round-robin-arbiter-aurus,22,36,0.8889,0.7778,1.0,0.9722
mrs-nsga2-apportion|aurus,ctrl_y,round-robin-arbiter-aurus,22,36,0.9444,0.75,0.9444,0.9722
mrs-nsga2-apportion|aurus,cross,round-robin-arbiter-aurus,24,46,0.7391,0.8696,0.8478,0.913
mrs-nsga2-apportion|aurus,cross,round-robin-arbiter-aurus,25,46,0.6304,0.8696,0.6522,0.8043
mrs-nsga2-apportion|aurus,ctrl_x,round-robin-arbiter-aurus,24,46,0.8478,0.8261,0.913,0.9348
mrs-nsga2-apportion|aurus,ctrl_y,round-robin-arbiter-aurus,24,46,0.7826,0.913,0.9348,0.9565
mrs-nsga2-apportion|aurus,cross,round-robin-arbiter-aurus,26,63,0.5556,0.7937,0.746,0.7778
mrs-nsga2-apportion|aurus,cross,round-robin-arbiter-aurus,27,63,0.4762,0.8413,0.3968,0.7778
mrs-nsga2-apportion|aurus,ctrl_x,round-robin-arbiter-aurus,26,63,0.9206,0.7619,0.9683,0.8413
mrs-nsga2-apportion|aurus,ctrl_y,round-robin-arbiter-aurus,26,63,0.9048,0.7302,1.0,0.6825
mrs-nsga2-apportion|aurus,cross,round-robin-arbiter-aurus,28,46,0.6522,0.8478,0.7174,0.9565
mrs-nsga2-apportion|aurus,cross,round-robin-arbiter-aurus,29,46,0.6739,0.8696,0.6522,0.913
mrs-nsga2-apportion|aurus,ctrl_x,round-robin-arbiter-aurus,28,46,0.6739,0.7609,0.9783,0.7609
mrs-nsga2-apportion|aurus,ctrl_y,round-robin-arbiter-aurus,28,46,0.6957,0.7391,0.7826,0.6304
mrs-nsga2-apportion|aurus-nsga2-apportion,cross,round-robin-arbiter-aurus,0,26,0.9615,0.9231,1.0,1.0
mrs-nsga2-apportion|aurus-nsga2-apportion,cross,round-robin-arbiter-aurus,1,26,0.9615,0.8077,1.0,1.0
mrs-nsga2-apportion|aurus-nsga2-apportion,ctrl_x,round-robin-arbiter-aurus,0,26,1.0,0.8077,1.0,0.9231
mrs-nsga2-apportion|aurus-nsga2-apportion,ctrl_y,round-robin-arbiter-aurus,0,26,0.9615,0.8462,1.0,0.8846
mrs-nsga2-apportion|aurus-nsga2-apportion,cross,round-robin-arbiter-aurus,2,33,0.7879,0.9394,0.9697,0.9697
mrs-nsga2-apportion|aurus-nsga2-apportion,cross,round-robin-arbiter-aurus,3,33,0.8182,0.9394,0.9394,1.0
mrs-nsga2-apportion|aurus-nsga2-apportion,ctrl_x,round-robin-arbiter-aurus,2,33,0.8788,0.8182,0.9091,0.9697
mrs-nsga2-apportion|aurus-nsga2-apportion,ctrl_y,round-robin-arbiter-aurus,2,33,0.8788,0.9091,0.9697,0.9697
mrs-nsga2-apportion|aurus-nsga2-apportion,cross,round-robin-arbiter-aurus,4,22,0.8636,0.9091,1.0,0.9545
mrs-nsga2-apportion|aurus-nsga2-apportion,cross,round-robin-arbiter-aurus,5,22,0.9545,0.8636,1.0,0.9091
mrs-nsga2-apportion|aurus-nsga2-apportion,ctrl_x,round-robin-arbiter-aurus,4,22,0.8636,0.8636,0.7273,0.9091
mrs-nsga2-apportion|aurus-nsga2-apportion,ctrl_y,round-robin-arbiter-aurus,4,22,0.9091,0.8636,0.8636,0.9545
mrs-nsga2-apportion|aurus-nsga2-apportion,cross,round-robin-arbiter-aurus,6,25,0.8,0.92,0.92,0.88
mrs-nsga2-apportion|aurus-nsga2-apportion,cross,round-robin-arbiter-aurus,7,25,0.92,0.76,1.0,0.92
mrs-nsga2-apportion|aurus-nsga2-apportion,ctrl_x,round-robin-arbiter-aurus,6,25,0.36,0.92,0.8,0.96
mrs-nsga2-apportion|aurus-nsga2-apportion,ctrl_y,round-robin-arbiter-aurus,6,25,0.72,0.88,0.88,0.84
mrs-nsga2-apportion|aurus-nsga2-apportion,cross,round-robin-arbiter-aurus,8,27,1.0,0.5926,0.9259,0.9259
mrs-nsga2-apportion|aurus-nsga2-apportion,cross,round-robin-arbiter-aurus,9,27,1.0,0.8519,1.0,1.0
mrs-nsga2-apportion|aurus-nsga2-apportion,ctrl_x,round-robin-arbiter-aurus,8,27,0.8889,0.7778,1.0,0.8519
mrs-nsga2-apportion|aurus-nsga2-apportion,ctrl_y,round-robin-arbiter-aurus,8,27,0.8889,0.7778,1.0,1.0
mrs-nsga2-apportion|aurus-nsga2-apportion,cross,round-robin-arbiter-aurus,10,27,0.8889,0.8889,0.9259,1.0
mrs-nsga2-apportion|aurus-nsga2-apportion,cross,round-robin-arbiter-aurus,11,27,0.8519,0.7407,1.0,1.0
mrs-nsga2-apportion|aurus-nsga2-apportion,ctrl_x,round-robin-arbiter-aurus,10,27,0.7778,0.8148,0.963,0.963
mrs-nsga2-apportion|aurus-nsga2-apportion,ctrl_y,round-robin-arbiter-aurus,10,27,0.9259,0.7037,0.8889,0.8519
mrs-nsga2-apportion|aurus-nsga2-apportion,cross,round-robin-arbiter-aurus,12,24,0.75,0.7917,0.8333,0.9583
mrs-nsga2-apportion|aurus-nsga2-apportion,cross,round-robin-arbiter-aurus,13,24,0.9583,0.9583,1.0,1.0
mrs-nsga2-apportion|aurus-nsga2-apportion,ctrl_x,round-robin-arbiter-aurus,12,24,0.9167,0.7917,1.0,0.8333
mrs-nsga2-apportion|aurus-nsga2-apportion,ctrl_y,round-robin-arbiter-aurus,12,24,0.9167,0.625,1.0,0.9167
mrs-nsga2-apportion|aurus-nsga2-apportion,cross,round-robin-arbiter-aurus,14,19,0.7368,0.8947,0.9474,1.0
mrs-nsga2-apportion|aurus-nsga2-apportion,cross,round-robin-arbiter-aurus,15,19,0.7895,0.8947,0.9474,1.0
mrs-nsga2-apportion|aurus-nsga2-apportion,ctrl_x,round-robin-arbiter-aurus,14,19,1.0,0.6316,1.0,0.9474
mrs-nsga2-apportion|aurus-nsga2-apportion,ctrl_y,round-robin-arbiter-aurus,14,19,0.7368,0.7368,0.8947,0.9474
mrs-nsga2-apportion|aurus-nsga2-apportion,cross,round-robin-arbiter-aurus,16,25,0.8,0.84,1.0,0.96
mrs-nsga2-apportion|aurus-nsga2-apportion,cross,round-robin-arbiter-aurus,17,25,0.84,0.92,1.0,0.92
mrs-nsga2-apportion|aurus-nsga2-apportion,ctrl_x,round-robin-arbiter-aurus,16,25,0.68,0.76,0.96,0.84
mrs-nsga2-apportion|aurus-nsga2-apportion,ctrl_y,round-robin-arbiter-aurus,16,25,0.84,0.8,1.0,0.96
mrs-nsga2-apportion|aurus-nsga2-apportion,cross,round-robin-arbiter-aurus,18,31,0.9032,1.0,1.0,0.9677
mrs-nsga2-apportion|aurus-nsga2-apportion,cross,round-robin-arbiter-aurus,19,31,1.0,0.9032,0.9032,0.9355
mrs-nsga2-apportion|aurus-nsga2-apportion,ctrl_x,round-robin-arbiter-aurus,18,31,0.7097,0.9032,0.7419,0.9677
mrs-nsga2-apportion|aurus-nsga2-apportion,ctrl_y,round-robin-arbiter-aurus,18,31,0.7742,0.9032,1.0,1.0
mrs-nsga2-apportion|aurus-nsga2-apportion,cross,round-robin-arbiter-aurus,20,35,0.9429,0.7714,1.0,0.6857
mrs-nsga2-apportion|aurus-nsga2-apportion,cross,round-robin-arbiter-aurus,21,35,0.9429,0.8286,0.9714,0.9143
mrs-nsga2-apportion|aurus-nsga2-apportion,ctrl_x,round-robin-arbiter-aurus,20,35,0.8286,0.8,0.8286,0.8857
mrs-nsga2-apportion|aurus-nsga2-apportion,ctrl_y,round-robin-arbiter-aurus,20,35,0.8857,0.7714,0.9429,1.0
mrs-nsga2-apportion|aurus-nsga2-apportion,cross,round-robin-arbiter-aurus,22,35,0.6571,0.8857,1.0,1.0
mrs-nsga2-apportion|aurus-nsga2-apportion,cross,round-robin-arbiter-aurus,23,35,0.8857,0.9143,0.9143,1.0
mrs-nsga2-apportion|aurus-nsga2-apportion,ctrl_x,round-robin-arbiter-aurus,22,35,0.8857,0.7714,1.0,0.9714
mrs-nsga2-apportion|aurus-nsga2-apportion,ctrl_y,round-robin-arbiter-aurus,22,35,0.9429,0.7143,0.9143,0.7143
mrs-nsga2-apportion|aurus-nsga2-apportion,cross,round-robin-arbiter-aurus,24,24,0.8333,0.9167,0.7917,1.0
mrs-nsga2-apportion|aurus-nsga2-apportion,cross,round-robin-arbiter-aurus,25,24,0.875,0.8333,1.0,0.9167
mrs-nsga2-apportion|aurus-nsga2-apportion,ctrl_x,round-robin-arbiter-aurus,24,24,0.8333,0.8333,0.8333,0.9167
mrs-nsga2-apportion|aurus-nsga2-apportion,ctrl_y,round-robin-arbiter-aurus,24,24,0.8333,0.7917,1.0,0.9583
mrs-nsga2-apportion|aurus-nsga2-apportion,cross,round-robin-arbiter-aurus,26,27,0.963,0.6667,0.963,0.8889
mrs-nsga2-apportion|aurus-nsga2-apportion,cross,round-robin-arbiter-aurus,27,27,0.963,0.963,1.0,1.0
mrs-nsga2-apportion|aurus-nsga2-apportion,ctrl_x,round-robin-arbiter-aurus,26,27,0.8519,0.5926,0.8889,0.963
mrs-nsga2-apportion|aurus-nsga2-apportion,ctrl_y,round-robin-arbiter-aurus,26,27,0.5926,0.963,0.9259,0.963
mrs-nsga2-apportion|aurus-nsga2-apportion,cross,round-robin-arbiter-aurus,28,34,0.8529,0.8824,1.0,0.9706
mrs-nsga2-apportion|aurus-nsga2-apportion,cross,round-robin-arbiter-aurus,29,34,0.9412,0.9118,0.8824,0.8824
mrs-nsga2-apportion|aurus-nsga2-apportion,ctrl_x,round-robin-arbiter-aurus,28,34,0.6765,0.8529,0.9706,0.7941
mrs-nsga2-apportion|aurus-nsga2-apportion,ctrl_y,round-robin-arbiter-aurus,28,34,0.6765,0.7647,0.9412,0.8824
mrs-nsga2-apportion|mrs-weighted,cross,round-robin-arbiter-aurus,0,45,0.5333,0.8889,0.6444,0.9111
mrs-nsga2-apportion|mrs-weighted,cross,round-robin-arbiter-aurus,1,45,0.6222,0.9333,0.8667,0.9778
mrs-nsga2-apportion|mrs-weighted,ctrl_x,round-robin-arbiter-aurus,0,45,0.8667,0.8,0.8889,0.9556
mrs-nsga2-apportion|mrs-weighted,ctrl_y,round-robin-arbiter-aurus,0,45,0.9556,0.5778,0.5556,0.9111
mrs-nsga2-apportion|mrs-weighted,cross,round-robin-arbiter-aurus,2,33,0.6667,0.9394,0.9697,1.0
mrs-nsga2-apportion|mrs-weighted,cross,round-robin-arbiter-aurus,3,33,0.6667,0.8788,1.0,0.8788
mrs-nsga2-apportion|mrs-weighted,ctrl_x,round-robin-arbiter-aurus,2,33,0.8788,0.8182,0.9091,0.9697
mrs-nsga2-apportion|mrs-weighted,ctrl_y,round-robin-arbiter-aurus,2,33,0.7576,0.7273,0.9697,0.6364
mrs-nsga2-apportion|mrs-weighted,cross,round-robin-arbiter-aurus,4,40,0.775,0.925,0.8,0.9
mrs-nsga2-apportion|mrs-weighted,cross,round-robin-arbiter-aurus,5,40,0.725,0.925,0.875,0.975
mrs-nsga2-apportion|mrs-weighted,ctrl_x,round-robin-arbiter-aurus,4,40,0.875,0.85,0.875,0.725
mrs-nsga2-apportion|mrs-weighted,ctrl_y,round-robin-arbiter-aurus,4,40,0.9,0.95,0.875,1.0
mrs-nsga2-apportion|mrs-weighted,cross,round-robin-arbiter-aurus,6,39,0.7692,0.9231,0.5897,0.7949
mrs-nsga2-apportion|mrs-weighted,cross,round-robin-arbiter-aurus,7,39,0.8462,0.8462,0.8974,0.8974
mrs-nsga2-apportion|mrs-weighted,ctrl_x,round-robin-arbiter-aurus,6,39,0.4359,0.8974,0.641,0.9231
mrs-nsga2-apportion|mrs-weighted,ctrl_y,round-robin-arbiter-aurus,6,39,0.7436,0.9487,0.3846,0.8974
mrs-nsga2-apportion|mrs-weighted,cross,round-robin-arbiter-aurus,8,32,0.9688,0.7188,1.0,0.875
mrs-nsga2-apportion|mrs-weighted,cross,round-robin-arbiter-aurus,9,32,0.6875,0.9062,0.8438,1.0
mrs-nsga2-apportion|mrs-weighted,ctrl_x,round-robin-arbiter-aurus,8,32,1.0,0.75,1.0,0.9688
mrs-nsga2-apportion|mrs-weighted,ctrl_y,round-robin-arbiter-aurus,8,32,0.75,0.8438,0.8438,0.875
mrs-nsga2-apportion|mrs-weighted,cross,round-robin-arbiter-aurus,10,36,0.6667,0.9444,0.6667,0.9444
mrs-nsga2-apportion|mrs-weighted,cross,round-robin-arbiter-aurus,11,36,0.5556,0.6944,0.8056,0.7222
mrs-nsga2-apportion|mrs-weighted,ctrl_x,round-robin-arbiter-aurus,10,36,0.6944,0.8889,0.9167,1.0
mrs-nsga2-apportion|mrs-weighted,ctrl_y,round-robin-arbiter-aurus,10,36,0.8611,0.75,0.8611,0.9167
mrs-nsga2-apportion|mrs-weighted,cross,round-robin-arbiter-aurus,12,39,0.5897,0.8462,0.8205,0.9744
mrs-nsga2-apportion|mrs-weighted,cross,round-robin-arbiter-aurus,13,39,0.8205,0.8718,0.8205,0.8462
mrs-nsga2-apportion|mrs-weighted,ctrl_x,round-robin-arbiter-aurus,12,39,0.7692,0.8205,0.9231,0.8974
mrs-nsga2-apportion|mrs-weighted,ctrl_y,round-robin-arbiter-aurus,12,39,0.9231,0.6667,0.6923,0.4872
mrs-nsga2-apportion|mrs-weighted,cross,round-robin-arbiter-aurus,14,45,0.7111,0.9111,0.6889,0.9333
mrs-nsga2-apportion|mrs-weighted,cross,round-robin-arbiter-aurus,15,45,0.5111,0.9556,0.6889,0.7778
mrs-nsga2-apportion|mrs-weighted,ctrl_x,round-robin-arbiter-aurus,14,45,0.9778,0.7333,0.9556,0.7778
mrs-nsga2-apportion|mrs-weighted,ctrl_y,round-robin-arbiter-aurus,14,45,0.8889,0.7333,0.8444,0.8
mrs-nsga2-apportion|mrs-weighted,cross,round-robin-arbiter-aurus,16,36,0.6944,0.9444,0.9722,0.8611
mrs-nsga2-apportion|mrs-weighted,cross,round-robin-arbiter-aurus,17,36,0.75,0.9167,0.8889,0.8889
mrs-nsga2-apportion|mrs-weighted,ctrl_x,round-robin-arbiter-aurus,16,36,0.75,0.8333,0.9444,0.8889
mrs-nsga2-apportion|mrs-weighted,ctrl_y,round-robin-arbiter-aurus,16,36,0.8611,0.8889,0.9444,0.9722
mrs-nsga2-apportion|mrs-weighted,cross,round-robin-arbiter-aurus,18,31,0.5484,0.9677,0.9032,0.9032
mrs-nsga2-apportion|mrs-weighted,cross,round-robin-arbiter-aurus,19,31,0.7097,0.9677,0.8387,0.9677
mrs-nsga2-apportion|mrs-weighted,ctrl_x,round-robin-arbiter-aurus,18,31,0.7097,0.9032,0.7419,0.9677
mrs-nsga2-apportion|mrs-weighted,ctrl_y,round-robin-arbiter-aurus,18,31,0.7419,0.9032,1.0,0.9677
mrs-nsga2-apportion|mrs-weighted,cross,round-robin-arbiter-aurus,20,56,0.8571,0.875,0.8929,0.9821
mrs-nsga2-apportion|mrs-weighted,cross,round-robin-arbiter-aurus,21,56,0.8036,0.9286,0.9643,0.9821
mrs-nsga2-apportion|mrs-weighted,ctrl_x,round-robin-arbiter-aurus,20,56,0.9464,0.6786,0.7143,0.6786
mrs-nsga2-apportion|mrs-weighted,ctrl_y,round-robin-arbiter-aurus,20,56,0.9286,0.8929,0.9286,0.8036
mrs-nsga2-apportion|mrs-weighted,cross,round-robin-arbiter-aurus,22,36,0.6111,0.9444,0.6944,0.9444
mrs-nsga2-apportion|mrs-weighted,cross,round-robin-arbiter-aurus,23,36,0.6667,0.9167,0.8889,0.9167
mrs-nsga2-apportion|mrs-weighted,ctrl_x,round-robin-arbiter-aurus,22,36,0.8889,0.7778,1.0,0.9722
mrs-nsga2-apportion|mrs-weighted,ctrl_y,round-robin-arbiter-aurus,22,36,0.9167,0.8889,0.5833,0.75
mrs-nsga2-apportion|mrs-weighted,cross,round-robin-arbiter-aurus,24,46,0.6522,0.8913,0.8261,0.9565
mrs-nsga2-apportion|mrs-weighted,cross,round-robin-arbiter-aurus,25,46,0.6304,0.9348,0.5,0.7174
mrs-nsga2-apportion|mrs-weighted,ctrl_x,round-robin-arbiter-aurus,24,46,0.8478,0.8261,0.913,0.9348
mrs-nsga2-apportion|mrs-weighted,ctrl_y,round-robin-arbiter-aurus,24,46,0.7826,0.7609,0.8043,0.6957
mrs-nsga2-apportion|mrs-weighted,cross,round-robin-arbiter-aurus,26,63,0.7619,0.8254,0.8413,0.9524
mrs-nsga2-apportion|mrs-weighted,cross,round-robin-arbiter-aurus,27,63,0.5714,0.9683,0.3175,0.5873
mrs-nsga2-apportion|mrs-weighted,ctrl_x,round-robin-arbiter-aurus,26,63,0.9206,0.7619,0.9683,0.8413
mrs-nsga2-apportion|mrs-weighted,ctrl_y,round-robin-arbiter-aurus,26,63,0.9524,0.8571,0.7937,0.3651
mrs-nsga2-apportion|mrs-weighted,cross,round-robin-arbiter-aurus,28,46,0.5652,0.8478,0.7826,0.9783
mrs-nsga2-apportion|mrs-weighted,cross,round-robin-arbiter-aurus,29,46,0.7391,0.9783,0.7391,0.6739
mrs-nsga2-apportion|mrs-weighted,ctrl_x,round-robin-arbiter-aurus,28,46,0.6739,0.7609,0.9783,0.7609
mrs-nsga2-apportion|mrs-weighted,ctrl_y,round-robin-arbiter-aurus,28,46,0.6087,0.7609,0.8913,0.6522
aurus-nsga2-apportion|aurus,cross,round-robin-arbiter-aurus,0,26,0.6923,1.0,0.6154,0.9231
aurus-nsga2-apportion|aurus,cross,round-robin-arbiter-aurus,1,26,0.4231,0.9615,0.3846,0.9615
aurus-nsga2-apportion|aurus,ctrl_x,round-robin-arbiter-aurus,0,26,0.9615,0.8846,0.8462,0.7308
aurus-nsga2-apportion|aurus,ctrl_y,round-robin-arbiter-aurus,0,26,0.7692,1.0,0.8846,0.9615
aurus-nsga2-apportion|aurus,cross,round-robin-arbiter-aurus,2,34,0.7353,0.8529,0.5294,1.0
aurus-nsga2-apportion|aurus,cross,round-robin-arbiter-aurus,3,34,0.6471,0.8824,0.5882,1.0
aurus-nsga2-apportion|aurus,ctrl_x,round-robin-arbiter-aurus,2,34,0.8529,0.8824,0.9706,0.9706
aurus-nsga2-apportion|aurus,ctrl_y,round-robin-arbiter-aurus,2,34,0.8824,0.8824,0.8529,0.9118
aurus-nsga2-apportion|aurus,cross,round-robin-arbiter-aurus,4,22,0.5,0.9545,0.7273,1.0
aurus-nsga2-apportion|aurus,cross,round-robin-arbiter-aurus,5,22,0.4545,0.9091,0.5455,0.9545
aurus-nsga2-apportion|aurus,ctrl_x,round-robin-arbiter-aurus,4,22,0.9091,0.8182,1.0,0.9545
aurus-nsga2-apportion|aurus,ctrl_y,round-robin-arbiter-aurus,4,22,0.7727,0.8636,0.9545,1.0
aurus-nsga2-apportion|aurus,cross,round-robin-arbiter-aurus,6,25,0.4,1.0,0.28,1.0
aurus-nsga2-apportion|aurus,cross,round-robin-arbiter-aurus,7,25,0.6,0.76,0.84,1.0
aurus-nsga2-apportion|aurus,ctrl_x,round-robin-arbiter-aurus,6,25,0.72,0.88,0.92,0.84
aurus-nsga2-apportion|aurus,ctrl_y,round-robin-arbiter-aurus,6,25,0.92,0.72,1.0,0.88
aurus-nsga2-apportion|aurus,cross,round-robin-arbiter-aurus,8,27,0.5926,0.9259,0.6667,0.963
aurus-nsga2-apportion|aurus,cross,round-robin-arbiter-aurus,9,27,0.4815,0.963,0.4444,0.963
aurus-nsga2-apportion|aurus,ctrl_x,round-robin-arbiter-aurus,8,27,0.9259,0.7778,1.0,0.963
aurus-nsga2-apportion|aurus,ctrl_y,round-robin-arbiter-aurus,8,27,0.8889,0.7778,1.0,0.963
aurus-nsga2-apportion|aurus,cross,round-robin-arbiter-aurus,10,27,0.7407,0.8148,0.8519,0.8519
aurus-nsga2-apportion|aurus,cross,round-robin-arbiter-aurus,11,27,0.5556,0.8519,0.5556,0.963
aurus-nsga2-apportion|aurus,ctrl_x,round-robin-arbiter-aurus,10,27,0.9259,0.7778,0.9259,1.0
aurus-nsga2-apportion|aurus,ctrl_y,round-robin-arbiter-aurus,10,27,0.7407,0.7778,0.6667,1.0
aurus-nsga2-apportion|aurus,cross,round-robin-arbiter-aurus,12,24,1.0,0.7083,1.0,0.7917
aurus-nsga2-apportion|aurus,cross,round-robin-arbiter-aurus,13,24,0.6667,1.0,0.7917,0.9583
aurus-nsga2-apportion|aurus,ctrl_x,round-robin-arbiter-aurus,12,24,0.9583,0.625,1.0,0.875
aurus-nsga2-apportion|aurus,ctrl_y,round-robin-arbiter-aurus,12,24,0.7917,0.9583,1.0,0.9583
aurus-nsga2-apportion|aurus,cross,round-robin-arbiter-aurus,14,19,0.5263,0.7895,0.3158,1.0
aurus-nsga2-apportion|aurus,cross,round-robin-arbiter-aurus,15,19,0.7368,0.7895,0.8421,1.0
aurus-nsga2-apportion|aurus,ctrl_x,round-robin-arbiter-aurus,14,19,0.6842,0.7368,0.9474,0.8947
aurus-nsga2-apportion|aurus,ctrl_y,round-robin-arbiter-aurus,14,19,0.7368,0.9474,1.0,0.8947
aurus-nsga2-apportion|aurus,cross,round-robin-arbiter-aurus,16,25,0.52,0.84,0.8,1.0
aurus-nsga2-apportion|aurus,cross,round-robin-arbiter-aurus,17,25,0.6,0.88,0.76,1.0
aurus-nsga2-apportion|aurus,ctrl_x,round-robin-arbiter-aurus,16,25,0.84,0.8,1.0,0.88
aurus-nsga2-apportion|aurus,ctrl_y,round-robin-arbiter-aurus,16,25,0.76,0.8,1.0,1.0
aurus-nsga2-apportion|aurus,cross,round-robin-arbiter-aurus,18,39,0.5641,0.8462,0.5385,0.6154
aurus-nsga2-apportion|aurus,cross,round-robin-arbiter-aurus,19,39,0.7949,0.8974,0.4872,0.6923
aurus-nsga2-apportion|aurus,ctrl_x,round-robin-arbiter-aurus,18,39,0.6667,0.8974,1.0,0.8718
aurus-nsga2-apportion|aurus,ctrl_y,round-robin-arbiter-aurus,18,39,0.9487,0.7949,0.7692,0.9487
aurus-nsga2-apportion|aurus,cross,round-robin-arbiter-aurus,20,35,0.5429,0.8,0.4571,0.8571
aurus-nsga2-apportion|aurus,cross,round-robin-arbiter-aurus,21,35,0.4,0.9429,0.6286,0.9429
aurus-nsga2-apportion|aurus,ctrl_x,round-robin-arbiter-aurus,20,35,0.8857,0.8,0.9429,1.0
aurus-nsga2-apportion|aurus,ctrl_y,round-robin-arbiter-aurus,20,35,0.6286,0.8,0.8571,0.9143
aurus-nsga2-apportion|aurus,cross,round-robin-arbiter-aurus,22,35,0.7429,0.8286,0.7143,0.9714
aurus-nsga2-apportion|aurus,cross,round-robin-arbiter-aurus,23,35,0.5429,0.9143,0.3143,0.9714
aurus-nsga2-apportion|aurus,ctrl_x,round-robin-arbiter-aurus,22,35,0.9143,0.7714,0.9143,0.8
aurus-nsga2-apportion|aurus,ctrl_y,round-robin-arbiter-aurus,22,35,0.8857,0.9714,1.0,1.0
aurus-nsga2-apportion|aurus,cross,round-robin-arbiter-aurus,24,24,0.8333,0.9167,0.9583,1.0
aurus-nsga2-apportion|aurus,cross,round-robin-arbiter-aurus,25,24,0.6667,0.8333,0.75,0.9583
aurus-nsga2-apportion|aurus,ctrl_x,round-robin-arbiter-aurus,24,24,0.7917,0.875,0.8333,0.8333
aurus-nsga2-apportion|aurus,ctrl_y,round-robin-arbiter-aurus,24,24,0.8333,0.875,0.9167,0.9583
aurus-nsga2-apportion|aurus,cross,round-robin-arbiter-aurus,26,27,0.2593,1.0,0.1481,0.8889
aurus-nsga2-apportion|aurus,cross,round-robin-arbiter-aurus,27,27,0.6667,0.7778,0.5926,1.0
aurus-nsga2-apportion|aurus,ctrl_x,round-robin-arbiter-aurus,26,27,0.5556,0.8889,0.9259,0.9259
aurus-nsga2-apportion|aurus,ctrl_y,round-robin-arbiter-aurus,26,27,0.8148,0.8889,1.0,1.0
aurus-nsga2-apportion|aurus,cross,round-robin-arbiter-aurus,28,34,0.6765,0.9412,0.7647,0.9412
aurus-nsga2-apportion|aurus,cross,round-robin-arbiter-aurus,29,34,0.6765,0.8824,0.6176,0.8529
aurus-nsga2-apportion|aurus,ctrl_x,round-robin-arbiter-aurus,28,34,0.7353,0.7941,0.9412,0.8824
aurus-nsga2-apportion|aurus,ctrl_y,round-robin-arbiter-aurus,28,34,0.8235,0.7647,0.9706,0.5882
mrs-nsga2-apportion|aurus,cross,simple-arbiter-aurus,0,33,1.0,0.6667,0.7273,0.3333
mrs-nsga2-apportion|aurus,cross,simple-arbiter-aurus,1,33,0.8182,0.8182,0.6667,0.5758
mrs-nsga2-apportion|aurus,ctrl_x,simple-arbiter-aurus,0,33,0.8788,0.8182,0.9697,0.8485
mrs-nsga2-apportion|aurus,ctrl_y,simple-arbiter-aurus,0,33,0.8485,0.8788,0.9394,0.9697
mrs-nsga2-apportion|aurus,cross,simple-arbiter-aurus,2,23,0.913,0.5652,0.4783,0.3043
mrs-nsga2-apportion|aurus,cross,simple-arbiter-aurus,3,23,1.0,0.7391,0.8261,0.3478
mrs-nsga2-apportion|aurus,ctrl_x,simple-arbiter-aurus,2,23,0.8696,1.0,1.0,1.0
mrs-nsga2-apportion|aurus,ctrl_y,simple-arbiter-aurus,2,23,0.7826,0.8696,0.9565,1.0
mrs-nsga2-apportion|aurus,cross,simple-arbiter-aurus,4,25,0.92,0.8,0.96,0.64
mrs-nsga2-apportion|aurus,cross,simple-arbiter-aurus,5,25,1.0,0.72,1.0,0.84
mrs-nsga2-apportion|aurus,ctrl_x,simple-arbiter-aurus,4,25,0.88,1.0,0.92,1.0
mrs-nsga2-apportion|aurus,ctrl_y,simple-arbiter-aurus,4,25,0.92,1.0,1.0,1.0
mrs-nsga2-apportion|aurus,cross,simple-arbiter-aurus,6,24,1.0,0.375,0.7083,0.25
mrs-nsga2-apportion|aurus,cross,simple-arbiter-aurus,7,24,1.0,0.875,0.4583,0.5
mrs-nsga2-apportion|aurus,ctrl_x,simple-arbiter-aurus,6,24,0.875,1.0,1.0,0.9583
mrs-nsga2-apportion|aurus,ctrl_y,simple-arbiter-aurus,6,24,1.0,1.0,0.9583,1.0
mrs-nsga2-apportion|aurus,cross,simple-arbiter-aurus,8,29,0.7931,0.8966,0.5517,0.7931
mrs-nsga2-apportion|aurus,cross,simple-arbiter-aurus,9,29,0.8621,0.6897,0.931,0.3448
mrs-nsga2-apportion|aurus,ctrl_x,simple-arbiter-aurus,8,29,0.7241,1.0,0.8276,0.931
mrs-nsga2-apportion|aurus,ctrl_y,simple-arbiter-aurus,8,29,0.9655,1.0,0.9655,0.7931
mrs-nsga2-apportion|aurus,cross,simple-arbiter-aurus,10,31,0.8387,0.7742,0.4516,0.4839
mrs-nsga2-apportion|aurus,cross,simple-arbiter-aurus,11,31,0.9032,0.5806,0.4194,0.7419
mrs-nsga2-apportion|aurus,ctrl_x,simple-arbiter-aurus,10,31,0.871,0.9032,0.9032,0.9677
mrs-nsga2-apportion|aurus,ctrl_y,simple-arbiter-aurus,10,31,0.9677,0.9677,1.0,0.9355
mrs-nsga2-apportion|aurus,cross,simple-arbiter-aurus,12,28,1.0,0.7857,0.8214,0.6786
mrs-nsga2-apportion|aurus,cross,simple-arbiter-aurus,13,28,1.0,0.5714,0.25,0.2857
mrs-nsga2-apportion|aurus,ctrl_x,simple-arbiter-aurus,12,28,1.0,1.0,0.8214,0.9643
mrs-nsga2-apportion|aurus,ctrl_y,simple-arbiter-aurus,12,28,1.0,0.8929,0.9286,1.0
mrs-nsga2-apportion|aurus,cross,simple-arbiter-aurus,16,23,0.8261,0.9565,0.9565,0.6522
mrs-nsga2-apportion|aurus,cross,simple-arbiter-aurus,17,23,1.0,0.8261,0.913,0.913
mrs-nsga2-apportion|aurus,ctrl_x,simple-arbiter-aurus,16,23,0.7826,1.0,1.0,1.0
mrs-nsga2-apportion|aurus,ctrl_y,simple-arbiter-aurus,16,23,0.7391,1.0,0.913,1.0
mrs-nsga2-apportion|aurus,cross,simple-arbiter-aurus,18,21,1.0,0.7143,0.9048,0.7143
mrs-nsga2-apportion|aurus,cross,simple-arbiter-aurus,19,21,0.9524,0.7619,0.9048,0.5714
mrs-nsga2-apportion|aurus,ctrl_x,simple-arbiter-aurus,18,21,1.0,0.9524,0.9524,0.9048
mrs-nsga2-apportion|aurus,ctrl_y,simple-arbiter-aurus,18,21,0.9048,0.9524,1.0,1.0
mrs-nsga2-apportion|aurus,cross,simple-arbiter-aurus,20,28,0.75,0.75,0.5714,0.7857
mrs-nsga2-apportion|aurus,cross,simple-arbiter-aurus,21,28,0.6071,0.6071,0.4643,0.5
mrs-nsga2-apportion|aurus,ctrl_x,simple-arbiter-aurus,20,28,1.0,0.9286,0.9643,1.0
mrs-nsga2-apportion|aurus,ctrl_y,simple-arbiter-aurus,20,28,1.0,0.9643,1.0,1.0
mrs-nsga2-apportion|aurus,cross,simple-arbiter-aurus,22,28,0.8929,0.8214,0.7857,0.5
mrs-nsga2-apportion|aurus,cross,simple-arbiter-aurus,23,28,0.9643,0.6786,0.6071,0.3571
mrs-nsga2-apportion|aurus,ctrl_x,simple-arbiter-aurus,22,28,0.9286,0.9286,0.75,0.9286
mrs-nsga2-apportion|aurus,ctrl_y,simple-arbiter-aurus,22,28,1.0,0.7857,1.0,1.0
mrs-nsga2-apportion|aurus,cross,simple-arbiter-aurus,24,27,0.8889,0.7407,0.5556,0.4815
mrs-nsga2-apportion|aurus,cross,simple-arbiter-aurus,25,27,0.9259,0.6296,0.1852,0.1852
mrs-nsga2-apportion|aurus,ctrl_x,simple-arbiter-aurus,24,27,1.0,0.8148,0.9259,0.7037
mrs-nsga2-apportion|aurus,ctrl_y,simple-arbiter-aurus,24,27,0.9259,1.0,0.9259,1.0
mrs-nsga2-apportion|aurus,cross,simple-arbiter-aurus,26,21,0.8095,0.9048,0.8571,0.7619
mrs-nsga2-apportion|aurus,cross,simple-arbiter-aurus,27,21,1.0,0.9048,0.7619,0.3333
mrs-nsga2-apportion|aurus,ctrl_x,simple-arbiter-aurus,26,21,0.8571,1.0,0.9524,1.0
mrs-nsga2-apportion|aurus,ctrl_y,simple-arbiter-aurus,26,21,1.0,0.7619,1.0,0.9524
mrs-nsga2-apportion|aurus,cross,simple-arbiter-aurus,28,35,0.6571,0.6286,0.5429,0.7143
mrs-nsga2-apportion|aurus,cross,simple-arbiter-aurus,29,35,0.8857,0.7143,0.9429,0.6571
mrs-nsga2-apportion|aurus,ctrl_x,simple-arbiter-aurus,28,35,0.8286,0.9714,0.9714,0.9714
mrs-nsga2-apportion|aurus,ctrl_y,simple-arbiter-aurus,28,35,0.8286,0.8,0.9143,0.9714
mrs-nsga2-apportion|aurus-nsga2-apportion,cross,simple-arbiter-aurus,0,33,0.9394,1.0,1.0,1.0
mrs-nsga2-apportion|aurus-nsga2-apportion,cross,simple-arbiter-aurus,1,33,0.9394,0.8485,1.0,0.9697
mrs-nsga2-apportion|aurus-nsga2-apportion,ctrl_x,simple-arbiter-aurus,0,33,0.8788,0.8182,0.9697,0.8485
mrs-nsga2-apportion|aurus-nsga2-apportion,ctrl_y,simple-arbiter-aurus,0,33,0.9697,0.9091,1.0,1.0
mrs-nsga2-apportion|aurus-nsga2-apportion,cross,simple-arbiter-aurus,2,23,0.9565,0.9565,1.0,1.0
mrs-nsga2-apportion|aurus-nsga2-apportion,cross,simple-arbiter-aurus,3,23,0.9565,0.7826,0.9565,1.0
mrs-nsga2-apportion|aurus-nsga2-apportion,ctrl_x,simple-arbiter-aurus,2,23,0.8696,1.0,1.0,1.0
mrs-nsga2-apportion|aurus-nsga2-apportion,ctrl_y,simple-arbiter-aurus,2,23,0.9565,1.0,1.0,0.9565
mrs-nsga2-apportion|aurus-nsga2-apportion,cross,simple-arbiter-aurus,4,25,0.96,1.0,1.0,1.0
mrs-nsga2-apportion|aurus-nsga2-apportion,cross,simple-arbiter-aurus,5,25,0.92,1.0,0.88,0.84
mrs-nsga2-apportion|aurus-nsga2-apportion,ctrl_x,simple-arbiter-aurus,4,25,0.88,1.0,0.92,1.0
mrs-nsga2-apportion|aurus-nsga2-apportion,ctrl_y,simple-arbiter-aurus,4,25,0.96,0.96,0.96,0.84
mrs-nsga2-apportion|aurus-nsga2-apportion,cross,simple-arbiter-aurus,6,22,1.0,0.8636,1.0,1.0
mrs-nsga2-apportion|aurus-nsga2-apportion,cross,simple-arbiter-aurus,7,22,1.0,1.0,1.0,1.0
mrs-nsga2-apportion|aurus-nsga2-apportion,ctrl_x,simple-arbiter-aurus,6,22,0.8636,1.0,0.7727,0.9545
mrs-nsga2-apportion|aurus-nsga2-apportion,ctrl_y,simple-arbiter-aurus,6,22,0.9545,1.0,1.0,1.0
mrs-nsga2-apportion|aurus-nsga2-apportion,cross,simple-arbiter-aurus,8,29,1.0,0.931,0.8966,0.9655
mrs-nsga2-apportion|aurus-nsga2-apportion,cross,simple-arbiter-aurus,9,29,0.9655,1.0,1.0,0.9655
mrs-nsga2-apportion|aurus-nsga2-apportion,ctrl_x,simple-arbiter-aurus,8,29,0.7241,1.0,0.8276,0.931
mrs-nsga2-apportion|aurus-nsga2-apportion,ctrl_y,simple-arbiter-aurus,8,29,0.6552,0.8966,0.4138,0.8621
mrs-nsga2-apportion|aurus-nsga2-apportion,cross,simple-arbiter-aurus,10,20,1.0,1.0,0.85,1.0
mrs-nsga2-apportion|aurus-nsga2-apportion,cross,simple-arbiter-aurus,11,20,0.95,1.0,1.0,1.0
mrs-nsga2-apportion|aurus-nsga2-apportion,ctrl_x,simple-arbiter-aurus,10,20,1.0,0.95,1.0,1.0
mrs-nsga2-apportion|aurus-nsga2-apportion,ctrl_y,simple-arbiter-aurus,10,20,0.85,1.0,1.0,1.0
mrs-nsga2-apportion|aurus-nsga2-apportion,cross,simple-arbiter-aurus,12,28,0.9286,0.9286,0.9643,1.0
mrs-nsga2-apportion|aurus-nsga2-apportion,cross,simple-arbiter-aurus,13,28,1.0,0.9286,0.8214,0.6429
mrs-nsga2-apportion|aurus-nsga2-apportion,ctrl_x,simple-arbiter-aurus,12,28,1.0,1.0,0.8214,0.9643
mrs-nsga2-apportion|aurus-nsga2-apportion,ctrl_y,simple-arbiter-aurus,12,28,0.9643,0.9643,0.9643,0.8929
mrs-nsga2-apportion|aurus-nsga2-apportion,cross,simple-arbiter-aurus,14,15,0.9333,1.0,1.0,1.0
mrs-nsga2-apportion|aurus-nsga2-apportion,cross,simple-arbiter-aurus,15,15,1.0,1.0,1.0,1.0
mrs-nsga2-apportion|aurus-nsga2-apportion,ctrl_x,simple-arbiter-aurus,14,15,1.0,1.0,1.0,0.8667
mrs-nsga2-apportion|aurus-nsga2-apportion,ctrl_y,simple-arbiter-aurus,14,15,1.0,1.0,1.0,0.9333
mrs-nsga2-apportion|aurus-nsga2-apportion,cross,simple-arbiter-aurus,16,23,0.9565,0.8696,0.913,1.0
mrs-nsga2-apportion|aurus-nsga2-apportion,cross,simple-arbiter-aurus,17,23,1.0,1.0,1.0,1.0
mrs-nsga2-apportion|aurus-nsga2-apportion,ctrl_x,simple-arbiter-aurus,16,23,0.6957,1.0,0.913,0.9565
mrs-nsga2-apportion|aurus-nsga2-apportion,ctrl_y,simple-arbiter-aurus,16,23,0.9565,1.0,1.0,1.0
mrs-nsga2-apportion|aurus-nsga2-apportion,cross,simple-arbiter-aurus,18,21,1.0,0.7619,1.0,1.0
mrs-nsga2-apportion|aurus-nsga2-apportion,cross,simple-arbiter-aurus,19,21,1.0,1.0,1.0,1.0
mrs-nsga2-apportion|aurus-nsga2-apportion,ctrl_x,simple-arbiter-aurus,18,21,1.0,0.9524,0.9524,0.9048
mrs-nsga2-apportion|aurus-nsga2-apportion,ctrl_y,simple-arbiter-aurus,18,21,0.6667,1.0,0.8571,1.0
mrs-nsga2-apportion|aurus-nsga2-apportion,cross,simple-arbiter-aurus,20,26,1.0,0.9615,1.0,1.0
mrs-nsga2-apportion|aurus-nsga2-apportion,cross,simple-arbiter-aurus,21,26,1.0,1.0,1.0,1.0
mrs-nsga2-apportion|aurus-nsga2-apportion,ctrl_x,simple-arbiter-aurus,20,26,0.9615,0.9615,1.0,1.0
mrs-nsga2-apportion|aurus-nsga2-apportion,ctrl_y,simple-arbiter-aurus,20,26,0.9231,0.9615,0.9231,1.0
mrs-nsga2-apportion|aurus-nsga2-apportion,cross,simple-arbiter-aurus,22,28,1.0,1.0,1.0,0.9643
mrs-nsga2-apportion|aurus-nsga2-apportion,cross,simple-arbiter-aurus,23,28,0.9286,0.75,0.9643,1.0
mrs-nsga2-apportion|aurus-nsga2-apportion,ctrl_x,simple-arbiter-aurus,22,28,0.6071,0.9286,0.6429,1.0
mrs-nsga2-apportion|aurus-nsga2-apportion,ctrl_y,simple-arbiter-aurus,22,28,0.9286,0.9643,0.7857,0.9286
mrs-nsga2-apportion|aurus-nsga2-apportion,cross,simple-arbiter-aurus,24,23,1.0,1.0,1.0,0.9565
mrs-nsga2-apportion|aurus-nsga2-apportion,cross,simple-arbiter-aurus,25,23,0.9565,0.913,0.913,1.0
mrs-nsga2-apportion|aurus-nsga2-apportion,ctrl_x,simple-arbiter-aurus,24,23,0.8696,0.7826,0.8261,0.9565
mrs-nsga2-apportion|aurus-nsga2-apportion,ctrl_y,simple-arbiter-aurus,24,23,1.0,1.0,1.0,0.913
mrs-nsga2-apportion|aurus-nsga2-apportion,cross,simple-arbiter-aurus,26,21,0.9524,1.0,0.9048,0.9048
mrs-nsga2-apportion|aurus-nsga2-apportion,cross,simple-arbiter-aurus,27,21,1.0,1.0,1.0,1.0
mrs-nsga2-apportion|aurus-nsga2-apportion,ctrl_x,simple-arbiter-aurus,26,21,0.8571,1.0,0.9524,1.0
mrs-nsga2-apportion|aurus-nsga2-apportion,ctrl_y,simple-arbiter-aurus,26,21,1.0,0.9048,0.9048,1.0
mrs-nsga2-apportion|aurus-nsga2-apportion,cross,simple-arbiter-aurus,28,35,0.8286,0.9143,0.9714,1.0
mrs-nsga2-apportion|aurus-nsga2-apportion,cross,simple-arbiter-aurus,29,35,0.9714,0.8571,1.0,0.8286
mrs-nsga2-apportion|aurus-nsga2-apportion,ctrl_x,simple-arbiter-aurus,28,35,0.8286,0.9714,0.9714,0.9714
mrs-nsga2-apportion|aurus-nsga2-apportion,ctrl_y,simple-arbiter-aurus,28,35,0.7714,0.7714,0.9429,0.9429
mrs-nsga2-apportion|mrs-weighted,cross,simple-arbiter-aurus,0,33,0.8788,1.0,0.8788,1.0
mrs-nsga2-apportion|mrs-weighted,cross,simple-arbiter-aurus,1,33,0.8182,1.0,1.0,0.9091
mrs-nsga2-apportion|mrs-weighted,ctrl_x,simple-arbiter-aurus,0,33,0.8788,0.8182,0.9697,0.8485
mrs-nsga2-apportion|mrs-weighted,ctrl_y,simple-arbiter-aurus,0,33,1.0,1.0,0.8788,0.697
mrs-nsga2-apportion|mrs-weighted,cross,simple-arbiter-aurus,2,23,0.9565,1.0,0.9565,0.7826
mrs-nsga2-apportion|mrs-weighted,cross,simple-arbiter-aurus,3,23,0.8696,1.0,0.913,0.8261
mrs-nsga2-apportion|mrs-weighted,ctrl_x,simple-arbiter-aurus,2,23,0.8696,1.0,1.0,1.0
mrs-nsga2-apportion|mrs-weighted,ctrl_y,simple-arbiter-aurus,2,23,0.913,1.0,0.6522,1.0
mrs-nsga2-apportion|mrs-weighted,cross,simple-arbiter-aurus,4,25,0.88,1.0,0.64,1.0
mrs-nsga2-apportion|mrs-weighted,cross,simple-arbiter-aurus,5,25,0.92,1.0,0.48,0.6
mrs-nsga2-apportion|mrs-weighted,ctrl_x,simple-arbiter-aurus,4,25,0.88,1.0,0.92,1.0
mrs-nsga2-apportion|mrs-weighted,ctrl_y,simple-arbiter-aurus,4,25,0.96,0.8,0.72,1.0
mrs-nsga2-apportion|mrs-weighted,cross,simple-arbiter-aurus,6,24,0.9583,0.9167,0.9167,0.75
mrs-nsga2-apportion|mrs-weighted,cross,simple-arbiter-aurus,7,24,1.0,0.875,0.8333,1.0
mrs-nsga2-apportion|mrs-weighted,ctrl_x,simple-arbiter-aurus,6,24,0.875,1.0,1.0,0.9583
mrs-nsga2-apportion|mrs-weighted,ctrl_y,simple-arbiter-aurus,6,24,0.875,1.0,0.4583,1.0
mrs-nsga2-apportion|mrs-weighted,cross,simple-arbiter-aurus,8,29,0.9655,1.0,0.7931,0.9655
mrs-nsga2-apportion|mrs-weighted,cross,simple-arbiter-aurus,9,29,1.0,0.9655,1.0,0.7241
mrs-nsga2-apportion|mrs-weighted,ctrl_x,simple-arbiter-aurus,8,29,0.7241,1.0,0.8276,0.931
mrs-nsga2-apportion|mrs-weighted,ctrl_y,simple-arbiter-aurus,8,29,0.9655,0.931,0.5172,0.5517
mrs-nsga2-apportion|mrs-weighted,cross,simple-arbiter-aurus,10,31,0.9355,1.0,0.8387,0.9355
mrs-nsga2-apportion|mrs-weighted,cross,simple-arbiter-aurus,11,31,0.871,1.0,0.7097,0.9677
mrs-nsga2-apportion|mrs-weighted,ctrl_x,simple-arbiter-aurus,10,31,0.871,0.9032,0.9032,0.9677
mrs-nsga2-apportion|mrs-weighted,ctrl_y,simple-arbiter-aurus,10,31,1.0,0.9677,1.0,0.9677
mrs-nsga2-apportion|mrs-weighted,cross,simple-arbiter-aurus,12,28,0.9643,0.9643,0.8929,0.9643
mrs-nsga2-apportion|mrs-weighted,cross,simple-arbiter-aurus,13,28,1.0,1.0,0.5,0.7857
mrs-nsga2-apportion|mrs-weighted,ctrl_x,simple-arbiter-aurus,12,28,1.0,1.0,0.8214,0.9643
mrs-nsga2-apportion|mrs-weighted,ctrl_y,simple-arbiter-aurus,12,28,0.9643,0.9643,0.9286,1.0
mrs-nsga2-apportion|mrs-weighted,cross,simple-arbiter-aurus,14,30,1.0,0.9333,1.0,0.9333
mrs-nsga2-apportion|mrs-weighted,cross,simple-arbiter-aurus,15,30,0.9667,0.7667,0.7667,1.0
mrs-nsga2-apportion|mrs-weighted,ctrl_x,simple-arbiter-aurus,14,30,1.0,0.9,0.9667,0.8333
mrs-nsga2-apportion|mrs-weighted,ctrl_y,simple-arbiter-aurus,14,30,1.0,0.9,0.7333,0.9667
mrs-nsga2-apportion|mrs-weighted,cross,simple-arbiter-aurus,16,23,0.7826,0.9565,0.9565,0.9565
mrs-nsga2-apportion|mrs-weighted,cross,simple-arbiter-aurus,17,23,0.8696,0.9565,0.913,0.8261
mrs-nsga2-apportion|mrs-weighted,ctrl_x,simple-arbiter-aurus,16,23,0.7826,1.0,1.0,1.0
mrs-nsga2-apportion|mrs-weighted,ctrl_y,simple-arbiter-aurus,16,23,1.0,1.0,1.0,1.0
mrs-nsga2-apportion|mrs-weighted,cross,simple-arbiter-aurus,18,21,1.0,0.9524,1.0,1.0
mrs-nsga2-apportion|mrs-weighted,cross,simple-arbiter-aurus,19,21,0.8571,0.9524,0.9048,0.9524
mrs-nsga2-apportion|mrs-weighted,ctrl_x,simple-arbiter-aurus,18,21,1.0,0.9524,0.9524,0.9048
mrs-nsga2-apportion|mrs-weighted,ctrl_y,simple-arbiter-aurus,18,21,0.9524,1.0,0.7143,0.8095
mrs-nsga2-apportion|mrs-weighted,cross,simple-arbiter-aurus,20,28,0.9643,1.0,0.8929,1.0
mrs-nsga2-apportion|mrs-weighted,cross,simple-arbiter-aurus,21,28,0.75,0.9643,0.6786,1.0
mrs-nsga2-apportion|mrs-weighted,ctrl_x,simple-arbiter-aurus,20,28,1.0,0.9286,0.9643,1.0
mrs-nsga2-apportion|mrs-weighted,ctrl_y,simple-arbiter-aurus,20,28,0.9643,1.0,0.8571,0.9643
mrs-nsga2-apportion|mrs-weighted,cross,simple-arbiter-aurus,22,28,0.8929,0.8571,1.0,1.0
mrs-nsga2-apportion|mrs-weighted,cross,simple-arbiter-aurus,23,28,1.0,0.9643,0.6429,0.75
mrs-nsga2-apportion|mrs-weighted,ctrl_x,simple-arbiter-aurus,22,28,0.9286,0.9286,0.75,0.9286
mrs-nsga2-apportion|mrs-weighted,ctrl_y,simple-arbiter-aurus,22,28,0.8929,0.9286,0.9286,0.5714
mrs-nsga2-apportion|mrs-weighted,cross,simple-arbiter-aurus,24,27,0.9259,1.0,0.8889,1.0
mrs-nsga2-apportion|mrs-weighted,cross,simple-arbiter-aurus,25,27,0.8148,1.0,0.7037,0.9259
mrs-nsga2-apportion|mrs-weighted,ctrl_x,simple-arbiter-aurus,24,27,1.0,0.8148,0.9259,0.7037
mrs-nsga2-apportion|mrs-weighted,ctrl_y,simple-arbiter-aurus,24,27,1.0,1.0,0.9259,1.0
mrs-nsga2-apportion|mrs-weighted,cross,simple-arbiter-aurus,26,21,0.8095,1.0,0.9048,0.9048
mrs-nsga2-apportion|mrs-weighted,cross,simple-arbiter-aurus,27,21,1.0,1.0,0.3333,0.9524
mrs-nsga2-apportion|mrs-weighted,ctrl_x,simple-arbiter-aurus,26,21,0.8571,1.0,0.9524,1.0
mrs-nsga2-apportion|mrs-weighted,ctrl_y,simple-arbiter-aurus,26,21,1.0,0.9048,0.5238,0.9048
mrs-nsga2-apportion|mrs-weighted,cross,simple-arbiter-aurus,28,35,0.6857,1.0,0.7714,0.8571
mrs-nsga2-apportion|mrs-weighted,cross,simple-arbiter-aurus,29,35,0.8857,1.0,1.0,1.0
mrs-nsga2-apportion|mrs-weighted,ctrl_x,simple-arbiter-aurus,28,35,0.8286,0.9714,0.9714,0.9714
mrs-nsga2-apportion|mrs-weighted,ctrl_y,simple-arbiter-aurus,28,35,0.9714,0.9429,0.9429,0.9429
aurus-nsga2-apportion|aurus,cross,simple-arbiter-aurus,0,36,1.0,0.8056,0.8056,0.3333
aurus-nsga2-apportion|aurus,cross,simple-arbiter-aurus,1,36,0.5833,1.0,0.5833,0.5833
aurus-nsga2-apportion|aurus,ctrl_x,simple-arbiter-aurus,0,36,0.9722,0.9167,1.0,0.9444
aurus-nsga2-apportion|aurus,ctrl_y,simple-arbiter-aurus,0,36,0.9444,0.8889,0.9167,0.9167
aurus-nsga2-apportion|aurus,cross,simple-arbiter-aurus,2,28,0.9286,0.5357,0.5714,0.2857
aurus-nsga2-apportion|aurus,cross,simple-arbiter-aurus,3,28,0.8929,0.7857,0.8214,0.3929
aurus-nsga2-apportion|aurus,ctrl_x,simple-arbiter-aurus,2,28,0.9286,0.9643,1.0,0.9643
aurus-nsga2-apportion|aurus,ctrl_y,simple-arbiter-aurus,2,28,0.8571,0.8214,0.8929,0.9286
aurus-nsga2-apportion|aurus,cross,simple-arbiter-aurus,4,25,0.76,0.92,1.0,0.84
aurus-nsga2-apportion|aurus,cross,simple-arbiter-aurus,5,25,1.0,0.6,0.6,0.96
aurus-nsga2-apportion|aurus,ctrl_x,simple-arbiter-aurus,4,25,0.96,0.96,1.0,0.84
aurus-nsga2-apportion|aurus,ctrl_y,simple-arbiter-aurus,4,25,0.92,1.0,1.0,1.0
aurus-nsga2-apportion|aurus,cross,simple-arbiter-aurus,6,22,0.9091,0.4545,0.8636,0.5455
aurus-nsga2-apportion|aurus,cross,simple-arbiter-aurus,7,22,1.0,0.7273,1.0,0.5
aurus-nsga2-apportion|aurus,ctrl_x,simple-arbiter-aurus,6,22,0.9545,1.0,1.0,1.0
aurus-nsga2-apportion|aurus,ctrl_y,simple-arbiter-aurus,6,22,1.0,1.0,0.9545,1.0
aurus-nsga2-apportion|aurus,cross,simple-arbiter-aurus,8,31,0.9355,0.7419,0.6774,0.2258
aurus-nsga2-apportion|aurus,cross,simple-arbiter-aurus,9,31,0.9677,0.7742,0.9032,0.6774
aurus-nsga2-apportion|aurus,ctrl_x,simple-arbiter-aurus,8,31,0.7097,0.9677,0.4839,0.7419
aurus-nsga2-apportion|aurus,ctrl_y,simple-arbiter-aurus,8,31,0.9355,0.9355,0.9677,0.8065
aurus-nsga2-apportion|aurus,cross,simple-arbiter-aurus,10,20,0.9,1.0,0.45,0.9
aurus-nsga2-apportion|aurus,cross,simple-arbiter-aurus,11,20,1.0,0.9,0.9,0.35
aurus-nsga2-apportion|aurus,ctrl_x,simple-arbiter-aurus,10,20,0.85,1.0,1.0,1.0
aurus-nsga2-apportion|aurus,ctrl_y,simple-arbiter-aurus,10,20,1.0,0.9,0.85,0.85
aurus-nsga2-apportion|aurus,cross,simple-arbiter-aurus,12,31,1.0,0.9032,0.6129,0.5806
aurus-nsga2-apportion|aurus,cross,simple-arbiter-aurus,13,31,0.9032,0.5161,0.7742,0.1935
aurus-nsga2-apportion|aurus,ctrl_x,simple-arbiter-aurus,12,31,0.9355,0.9677,0.9032,0.9032
aurus-nsga2-apportion|aurus,ctrl_y,simple-arbiter-aurus,12,31,0.9355,0.8387,1.0,1.0
aurus-nsga2-apportion|aurus,cross,simple-arbiter-aurus,16,23,1.0,0.9565,0.8696,0.6522
aurus-nsga2-apportion|aurus,cross,simple-arbiter-aurus,17,23,0.913,0.8261,0.913,0.913
aurus-nsga2-apportion|aurus,ctrl_x,simple-arbiter-aurus,16,23,1.0,1.0,0.9565,0.7826
aurus-nsga2-apportion|aurus,ctrl_y,simple-arbiter-aurus,16,23,0.7391,1.0,0.913,1.0
aurus-nsga2-apportion|aurus,cross,simple-arbiter-aurus,18,34,0.2941,0.4706,0.1765,0.3824
aurus-nsga2-apportion|aurus,cross,simple-arbiter-aurus,19,34,0.9706,0.7941,0.6765,0.4412
aurus-nsga2-apportion|aurus,ctrl_x,simple-arbiter-aurus,18,34,0.5882,0.9706,0.7647,0.9412
aurus-nsga2-apportion|aurus,ctrl_y,simple-arbiter-aurus,18,34,0.9706,0.9706,1.0,1.0
aurus-nsga2-apportion|aurus,cross,simple-arbiter-aurus,20,26,0.7308,0.9615,0.5385,0.9615
aurus-nsga2-apportion|aurus,cross,simple-arbiter-aurus,21,26,0.9231,0.7308,0.4615,0.5769
aurus-nsga2-apportion|aurus,ctrl_x,simple-arbiter-aurus,20,26,0.8846,0.9615,0.9231,1.0
aurus-nsga2-apportion|aurus,ctrl_y,simple-arbiter-aurus,20,26,1.0,1.0,1.0,1.0
aurus-nsga2-apportion|aurus,cross,simple-arbiter-aurus,22,28,0.9643,0.8929,0.8214,0.6071
aurus-nsga2-apportion|aurus,cross,simple-arbiter-aurus,23,28,0.8214,0.6429,0.3571,0.2857
aurus-nsga2-apportion|aurus,ctrl_x,simple-arbiter-aurus,22,28,0.9286,0.9643,0.7857,1.0
aurus-nsga2-apportion|aurus,ctrl_y,simple-arbiter-aurus,22,28,1.0,0.7857,1.0,1.0
aurus-nsga2-apportion|aurus,cross,simple-arbiter-aurus,24,23,1.0,0.4348,0.5217,0.1739
aurus-nsga2-apportion|aurus,cross,simple-arbiter-aurus,25,23,1.0,0.6522,0.6087,0.7826
aurus-nsga2-apportion|aurus,ctrl_x,simple-arbiter-aurus,24,23,1.0,1.0,1.0,0.9565
aurus-nsga2-apportion|aurus,ctrl_y,simple-arbiter-aurus,24,23,0.8261,0.9565,0.9565,0.9565
aurus-nsga2-apportion|aurus,cross,simple-arbiter-aurus,26,22,0.8182,0.3636,0.6818,0.3636
aurus-nsga2-apportion|aurus,cross,simple-arbiter-aurus,27,22,0.7727,0.5,0.6364,0.5455
aurus-nsga2-apportion|aurus,ctrl_x,simple-arbiter-aurus,26,22,1.0,0.8636,1.0,1.0
aurus-nsga2-apportion|aurus,ctrl_y,simple-arbiter-aurus,26,22,0.8636,1.0,0.8636,0.9091
aurus-nsga2-apportion|aurus,cross,simple-arbiter-aurus,28,36,0.6944,0.75,0.8889,0.3889
aurus-nsga2-apportion|aurus,cross,simple-arbiter-aurus,29,36,0.8611,0.75,0.7778,0.6111
aurus-nsga2-apportion|aurus,ctrl_x,simple-arbiter-aurus,28,36,0.8056,0.8056,0.7778,0.8056
aurus-nsga2-apportion|aurus,ctrl_y,simple-arbiter-aurus,28,36,0.8056,0.8611,1.0,0.9444
