subject,d_class,u_class,d_path,u_path,d_implies_u,u_implies_d,relation
fsm,4,403,fsm/nodes/00004.json,fsm/nodes/00403.json,0,1,u_stronger
fsm,13,86,fsm/nodes/00013.json,fsm/nodes/00086.json,1,1,equivalent
fsm,36,777,fsm/nodes/00036.json,fsm/nodes/00777.json,1,0,d_stronger
fsm,48,612,fsm/nodes/00048.json,fsm/nodes/00612.json,0,1,u_stronger
fsm,56,56,fsm/nodes/00056.json,fsm/nodes/00056.json,1,1,equivalent
fsm,57,570,fsm/nodes/00057.json,fsm/nodes/00570.json,0,1,u_stronger
fsm,62,540,fsm/nodes/00062.json,fsm/nodes/00540.json,1,0,d_stronger
fsm,64,370,fsm/nodes/00064.json,fsm/nodes/00370.json,1,1,equivalent
fsm,65,443,fsm/nodes/00065.json,fsm/nodes/00443.json,1,0,d_stronger
fsm,65,451,fsm/nodes/00065.json,fsm/nodes/00451.json,1,0,d_stronger
fsm,65,455,fsm/nodes/00065.json,fsm/nodes/00455.json,1,0,d_stronger
fsm,80,582,fsm/nodes/00080.json,fsm/nodes/00582.json,0,1,u_stronger
fsm,87,703,fsm/nodes/00087.json,fsm/nodes/00703.json,1,0,d_stronger
fsm,88,570,fsm/nodes/00088.json,fsm/nodes/00570.json,0,1,u_stronger
fsm,108,448,fsm/nodes/00108.json,fsm/nodes/00448.json,1,1,equivalent
fsm,110,612,fsm/nodes/00110.json,fsm/nodes/00612.json,0,1,u_stronger
fsm,115,466,fsm/nodes/00115.json,fsm/nodes/00466.json,1,0,d_stronger
fsm,130,504,fsm/nodes/00130.json,fsm/nodes/00504.json,1,0,d_stronger
fsm,132,489,fsm/nodes/00132.json,fsm/nodes/00489.json,0,1,u_stronger
fsm,140,570,fsm/nodes/00140.json,fsm/nodes/00570.json,0,1,u_stronger
fsm,147,453,fsm/nodes/00147.json,fsm/nodes/00453.json,0,1,u_stronger
fsm,147,489,fsm/nodes/00147.json,fsm/nodes/00489.json,0,1,u_stronger
fsm,154,489,fsm/nodes/00154.json,fsm/nodes/00489.json,0,1,u_stronger
fsm,185,612,fsm/nodes/00185.json,fsm/nodes/00612.json,0,1,u_stronger
fsm,189,782,fsm/nodes/00189.json,fsm/nodes/00782.json,0,1,u_stronger
fsm,192,675,fsm/nodes/00192.json,fsm/nodes/00675.json,0,1,u_stronger
fsm,192,709,fsm/nodes/00192.json,fsm/nodes/00709.json,0,1,u_stronger
fsm,213,443,fsm/nodes/00213.json,fsm/nodes/00443.json,1,0,d_stronger
fsm,218,534,fsm/nodes/00218.json,fsm/nodes/00534.json,1,0,d_stronger
fsm,222,489,fsm/nodes/00222.json,fsm/nodes/00489.json,0,1,u_stronger
fsm,241,652,fsm/nodes/00241.json,fsm/nodes/00652.json,1,0,d_stronger
fsm,241,653,fsm/nodes/00241.json,fsm/nodes/00653.json,1,0,d_stronger
fsm,258,459,fsm/nodes/00258.json,fsm/nodes/00459.json,1,0,d_stronger
fsm,264,676,fsm/nodes/00264.json,fsm/nodes/00676.json,1,0,d_stronger
fsm,270,452,fsm/nodes/00270.json,fsm/nodes/00452.json,1,1,equivalent
fsm,273,428,fsm/nodes/00273.json,fsm/nodes/00428.json,1,0,d_stronger
fsm,275,607,fsm/nodes/00275.json,fsm/nodes/00607.json,0,1,u_stronger
fsm,275,711,fsm/nodes/00275.json,fsm/nodes/00711.json,0,1,u_stronger
fsm,275,763,fsm/nodes/00275.json,fsm/nodes/00763.json,0,1,u_stronger
fsm,276,489,fsm/nodes/00276.json,fsm/nodes/00489.json,0,1,u_stronger
fsm,277,443,fsm/nodes/00277.json,fsm/nodes/00443.json,1,0,d_stronger
fsm,282,570,fsm/nodes/00282.json,fsm/nodes/00570.json,0,1,u_stronger
fsm,283,570,fsm/nodes/00283.json,fsm/nodes/00570.json,0,1,u_stronger
fsm,285,726,fsm/nodes/00285.json,fsm/nodes/00726.json,1,1,equivalent
fsm,300,546,fsm/nodes/00300.json,fsm/nodes/00546.json,0,1,u_stronger
fsm,303,582,fsm/nodes/00303.json,fsm/nodes/00582.json,0,1,u_stronger
fsm,304,570,fsm/nodes/00304.json,fsm/nodes/00570.json,0,1,u_stronger
fsm,306,570,fsm/nodes/00306.json,fsm/nodes/00570.json,0,1,u_stronger
fsm,306,612,fsm/nodes/00306.json,fsm/nodes/00612.json,0,1,u_stronger
fsm,308,681,fsm/nodes/00308.json,fsm/nodes/00681.json,1,0,d_stronger
fsm,308,769,fsm/nodes/00308.json,fsm/nodes/00769.json,1,0,d_stronger
fsm,321,782,fsm/nodes/00321.json,fsm/nodes/00782.json,0,1,u_stronger
fsm,326,453,fsm/nodes/00326.json,fsm/nodes/00453.json,0,1,u_stronger
fsm,348,570,fsm/nodes/00348.json,fsm/nodes/00570.json,0,1,u_stronger
fsm,355,380,fsm/nodes/00355.json,fsm/nodes/00380.json,1,0,d_stronger
fsm,355,777,fsm/nodes/00355.json,fsm/nodes/00777.json,1,0,d_stronger
fsm-combined,1,1166,fsm-combined/nodes/00001.json,fsm-combined/nodes/01166.json,1,0,d_stronger
fsm-combined,17,1223,fsm-combined/nodes/00017.json,fsm-combined/nodes/01223.json,0,1,u_stronger
fsm-combined,23,926,fsm-combined/nodes/00023.json,fsm-combined/nodes/00926.json,0,1,u_stronger
fsm-combined,28,817,fsm-combined/nodes/00028.json,fsm-combined/nodes/00817.json,1,0,d_stronger
fsm-combined,28,821,fsm-combined/nodes/00028.json,fsm-combined/nodes/00821.json,1,0,d_stronger
fsm-combined,28,822,fsm-combined/nodes/00028.json,fsm-combined/nodes/00822.json,1,0,d_stronger
fsm-combined,28,1062,fsm-combined/nodes/00028.json,fsm-combined/nodes/01062.json,1,0,d_stronger
fsm-combined,28,1075,fsm-combined/nodes/00028.json,fsm-combined/nodes/01075.json,1,0,d_stronger
fsm-combined,33,845,fsm-combined/nodes/00033.json,fsm-combined/nodes/00845.json,1,0,d_stronger
fsm-combined,33,1282,fsm-combined/nodes/00033.json,fsm-combined/nodes/01282.json,1,0,d_stronger
fsm-combined,45,845,fsm-combined/nodes/00045.json,fsm-combined/nodes/00845.json,1,0,d_stronger
fsm-combined,45,1288,fsm-combined/nodes/00045.json,fsm-combined/nodes/01288.json,1,0,d_stronger
fsm-combined,69,845,fsm-combined/nodes/00069.json,fsm-combined/nodes/00845.json,1,0,d_stronger
fsm-combined,76,960,fsm-combined/nodes/00076.json,fsm-combined/nodes/00960.json,0,1,u_stronger
fsm-combined,80,926,fsm-combined/nodes/00080.json,fsm-combined/nodes/00926.json,0,1,u_stronger
fsm-combined,86,960,fsm-combined/nodes/00086.json,fsm-combined/nodes/00960.json,0,1,u_stronger
fsm-combined,93,960,fsm-combined/nodes/00093.json,fsm-combined/nodes/00960.json,0,1,u_stronger
fsm-combined,97,960,fsm-combined/nodes/00097.json,fsm-combined/nodes/00960.json,0,1,u_stronger
fsm-combined,101,960,fsm-combined/nodes/00101.json,fsm-combined/nodes/00960.json,0,1,u_stronger
fsm-combined,106,838,fsm-combined/nodes/00106.json,fsm-combined/nodes/00838.json,0,1,u_stronger
fsm-combined,106,1116,fsm-combined/nodes/00106.json,fsm-combined/nodes/01116.json,0,1,u_stronger
fsm-combined,106,1135,fsm-combined/nodes/00106.json,fsm-combined/nodes/01135.json,0,1,u_stronger
fsm-combined,106,1316,fsm-combined/nodes/00106.json,fsm-combined/nodes/01316.json,0,1,u_stronger
fsm-combined,106,1383,fsm-combined/nodes/00106.json,fsm-combined/nodes/01383.json,0,1,u_stronger
fsm-combined,106,1467,fsm-combined/nodes/00106.json,fsm-combined/nodes/01467.json,0,1,u_stronger
fsm-combined,106,1477,fsm-combined/nodes/00106.json,fsm-combined/nodes/01477.json,0,1,u_stronger
fsm-combined,106,1503,fsm-combined/nodes/00106.json,fsm-combined/nodes/01503.json,0,1,u_stronger
fsm-combined,107,838,fsm-combined/nodes/00107.json,fsm-combined/nodes/00838.json,0,1,u_stronger
fsm-combined,107,1116,fsm-combined/nodes/00107.json,fsm-combined/nodes/01116.json,0,1,u_stronger
fsm-combined,107,1135,fsm-combined/nodes/00107.json,fsm-combined/nodes/01135.json,0,1,u_stronger
fsm-combined,107,1316,fsm-combined/nodes/00107.json,fsm-combined/nodes/01316.json,0,1,u_stronger
fsm-combined,107,1383,fsm-combined/nodes/00107.json,fsm-combined/nodes/01383.json,0,1,u_stronger
fsm-combined,107,1467,fsm-combined/nodes/00107.json,fsm-combined/nodes/01467.json,0,1,u_stronger
fsm-combined,107,1477,fsm-combined/nodes/00107.json,fsm-combined/nodes/01477.json,0,1,u_stronger
fsm-combined,107,1503,fsm-combined/nodes/00107.json,fsm-combined/nodes/01503.json,0,1,u_stronger
fsm-combined,108,838,fsm-combined/nodes/00108.json,fsm-combined/nodes/00838.json,0,1,u_stronger
fsm-combined,108,1116,fsm-combined/nodes/00108.json,fsm-combined/nodes/01116.json,0,1,u_stronger
fsm-combined,108,1135,fsm-combined/nodes/00108.json,fsm-combined/nodes/01135.json,0,1,u_stronger
fsm-combined,108,1316,fsm-combined/nodes/00108.json,fsm-combined/nodes/01316.json,0,1,u_stronger
fsm-combined,108,1383,fsm-combined/nodes/00108.json,fsm-combined/nodes/01383.json,0,1,u_stronger
fsm-combined,108,1467,fsm-combined/nodes/00108.json,fsm-combined/nodes/01467.json,0,1,u_stronger
fsm-combined,108,1477,fsm-combined/nodes/00108.json,fsm-combined/nodes/01477.json,0,1,u_stronger
fsm-combined,108,1503,fsm-combined/nodes/00108.json,fsm-combined/nodes/01503.json,0,1,u_stronger
fsm-combined,113,838,fsm-combined/nodes/00113.json,fsm-combined/nodes/00838.json,0,1,u_stronger
fsm-combined,113,1316,fsm-combined/nodes/00113.json,fsm-combined/nodes/01316.json,0,1,u_stronger
fsm-combined,113,1467,fsm-combined/nodes/00113.json,fsm-combined/nodes/01467.json,0,1,u_stronger
fsm-combined,115,838,fsm-combined/nodes/00115.json,fsm-combined/nodes/00838.json,0,1,u_stronger
fsm-combined,115,1116,fsm-combined/nodes/00115.json,fsm-combined/nodes/01116.json,0,1,u_stronger
fsm-combined,115,1146,fsm-combined/nodes/00115.json,fsm-combined/nodes/01146.json,0,1,u_stronger
fsm-combined,127,1456,fsm-combined/nodes/00127.json,fsm-combined/nodes/01456.json,1,1,equivalent
fsm-combined,135,1108,fsm-combined/nodes/00135.json,fsm-combined/nodes/01108.json,1,0,d_stronger
fsm-combined,153,1284,fsm-combined/nodes/00153.json,fsm-combined/nodes/01284.json,1,0,d_stronger
fsm-combined,172,926,fsm-combined/nodes/00172.json,fsm-combined/nodes/00926.json,0,1,u_stronger
fsm-combined,172,1383,fsm-combined/nodes/00172.json,fsm-combined/nodes/01383.json,0,1,u_stronger
fsm-combined,172,1514,fsm-combined/nodes/00172.json,fsm-combined/nodes/01514.json,0,1,u_stronger
fsm-combined,172,1525,fsm-combined/nodes/00172.json,fsm-combined/nodes/01525.json,0,1,u_stronger
fsm-combined,173,850,fsm-combined/nodes/00173.json,fsm-combined/nodes/00850.json,0,1,u_stronger
fsm-combined,175,986,fsm-combined/nodes/00175.json,fsm-combined/nodes/00986.json,1,0,d_stronger
fsm-combined,180,1113,fsm-combined/nodes/00180.json,fsm-combined/nodes/01113.json,1,0,d_stronger
fsm-combined,180,1395,fsm-combined/nodes/00180.json,fsm-combined/nodes/01395.json,1,0,d_stronger
fsm-combined,182,1436,fsm-combined/nodes/00182.json,fsm-combined/nodes/01436.json,1,0,d_stronger
fsm-combined,190,845,fsm-combined/nodes/00190.json,fsm-combined/nodes/00845.json,1,0,d_stronger
fsm-combined,190,1282,fsm-combined/nodes/00190.json,fsm-combined/nodes/01282.json,1,0,d_stronger
fsm-combined,191,817,fsm-combined/nodes/00191.json,fsm-combined/nodes/00817.json,1,0,d_stronger
fsm-combined,191,821,fsm-combined/nodes/00191.json,fsm-combined/nodes/00821.json,1,0,d_stronger
fsm-combined,191,870,fsm-combined/nodes/00191.json,fsm-combined/nodes/00870.json,1,0,d_stronger
fsm-combined,191,875,fsm-combined/nodes/00191.json,fsm-combined/nodes/00875.json,1,0,d_stronger
fsm-combined,203,1610,fsm-combined/nodes/00203.json,fsm-combined/nodes/01610.json,0,1,u_stronger
fsm-combined,207,845,fsm-combined/nodes/00207.json,fsm-combined/nodes/00845.json,1,0,d_stronger
fsm-combined,207,1282,fsm-combined/nodes/00207.json,fsm-combined/nodes/01282.json,1,0,d_stronger
fsm-combined,211,1283,fsm-combined/nodes/00211.json,fsm-combined/nodes/01283.json,0,1,u_stronger
fsm-combined,211,1286,fsm-combined/nodes/00211.json,fsm-combined/nodes/01286.json,0,1,u_stronger
fsm-combined,211,1287,fsm-combined/nodes/00211.json,fsm-combined/nodes/01287.json,0,1,u_stronger
fsm-combined,211,1292,fsm-combined/nodes/00211.json,fsm-combined/nodes/01292.json,0,1,u_stronger
fsm-combined,213,1462,fsm-combined/nodes/00213.json,fsm-combined/nodes/01462.json,0,1,u_stronger
fsm-combined,216,1283,fsm-combined/nodes/00216.json,fsm-combined/nodes/01283.json,0,1,u_stronger
fsm-combined,216,1286,fsm-combined/nodes/00216.json,fsm-combined/nodes/01286.json,0,1,u_stronger
fsm-combined,216,1287,fsm-combined/nodes/00216.json,fsm-combined/nodes/01287.json,0,1,u_stronger
fsm-combined,216,1292,fsm-combined/nodes/00216.json,fsm-combined/nodes/01292.json,0,1,u_stronger
fsm-combined,219,1286,fsm-combined/nodes/00219.json,fsm-combined/nodes/01286.json,0,1,u_stronger
fsm-combined,220,1283,fsm-combined/nodes/00220.json,fsm-combined/nodes/01283.json,0,1,u_stronger
fsm-combined,220,1286,fsm-combined/nodes/00220.json,fsm-combined/nodes/01286.json,0,1,u_stronger
fsm-combined,220,1287,fsm-combined/nodes/00220.json,fsm-combined/nodes/01287.json,0,1,u_stronger
fsm-combined,220,1292,fsm-combined/nodes/00220.json,fsm-combined/nodes/01292.json,0,1,u_stronger
fsm-combined,231,1286,fsm-combined/nodes/00231.json,fsm-combined/nodes/01286.json,0,1,u_stronger
fsm-combined,232,1133,fsm-combined/nodes/00232.json,fsm-combined/nodes/01133.json,1,0,d_stronger
fsm-combined,237,1141,fsm-combined/nodes/00237.json,fsm-combined/nodes/01141.json,0,1,u_stronger
fsm-combined,240,1306,fsm-combined/nodes/00240.json,fsm-combined/nodes/01306.json,0,1,u_stronger
fsm-combined,252,845,fsm-combined/nodes/00252.json,fsm-combined/nodes/00845.json,1,0,d_stronger
fsm-combined,255,824,fsm-combined/nodes/00255.json,fsm-combined/nodes/00824.json,0,1,u_stronger
fsm-combined,255,1089,fsm-combined/nodes/00255.json,fsm-combined/nodes/01089.json,0,1,u_stronger
fsm-combined,266,810,fsm-combined/nodes/00266.json,fsm-combined/nodes/00810.json,1,0,d_stronger
fsm-combined,275,845,fsm-combined/nodes/00275.json,fsm-combined/nodes/00845.json,1,0,d_stronger
fsm-combined,300,1514,fsm-combined/nodes/00300.json,fsm-combined/nodes/01514.json,0,1,u_stronger
fsm-combined,316,1286,fsm-combined/nodes/00316.json,fsm-combined/nodes/01286.json,0,1,u_stronger
fsm-combined,328,1514,fsm-combined/nodes/00328.json,fsm-combined/nodes/01514.json,0,1,u_stronger
fsm-combined,330,845,fsm-combined/nodes/00330.json,fsm-combined/nodes/00845.json,1,0,d_stronger
fsm-combined,337,1330,fsm-combined/nodes/00337.json,fsm-combined/nodes/01330.json,1,0,d_stronger
fsm-combined,341,1405,fsm-combined/nodes/00341.json,fsm-combined/nodes/01405.json,1,0,d_stronger
fsm-combined,341,1412,fsm-combined/nodes/00341.json,fsm-combined/nodes/01412.json,1,0,d_stronger
fsm-combined,341,1424,fsm-combined/nodes/00341.json,fsm-combined/nodes/01424.json,1,0,d_stronger
fsm-combined,341,1430,fsm-combined/nodes/00341.json,fsm-combined/nodes/01430.json,1,0,d_stronger
fsm-combined,342,1430,fsm-combined/nodes/00342.json,fsm-combined/nodes/01430.json,1,0,d_stronger
fsm-combined,363,850,fsm-combined/nodes/00363.json,fsm-combined/nodes/00850.json,0,1,u_stronger
fsm-combined,364,845,fsm-combined/nodes/00364.json,fsm-combined/nodes/00845.json,1,0,d_stronger
fsm-combined,366,818,fsm-combined/nodes/00366.json,fsm-combined/nodes/00818.json,0,1,u_stronger
fsm-combined,366,833,fsm-combined/nodes/00366.json,fsm-combined/nodes/00833.json,0,1,u_stronger
fsm-combined,366,1462,fsm-combined/nodes/00366.json,fsm-combined/nodes/01462.json,0,1,u_stronger
fsm-combined,375,960,fsm-combined/nodes/00375.json,fsm-combined/nodes/00960.json,0,1,u_stronger
fsm-combined,375,1598,fsm-combined/nodes/00375.json,fsm-combined/nodes/01598.json,0,1,u_stronger
fsm-combined,379,1316,fsm-combined/nodes/00379.json,fsm-combined/nodes/01316.json,0,1,u_stronger
fsm-combined,379,1317,fsm-combined/nodes/00379.json,fsm-combined/nodes/01317.json,0,1,u_stronger
fsm-combined,382,960,fsm-combined/nodes/00382.json,fsm-combined/nodes/00960.json,0,1,u_stronger
fsm-combined,382,1598,fsm-combined/nodes/00382.json,fsm-combined/nodes/01598.json,0,1,u_stronger
fsm-combined,383,960,fsm-combined/nodes/00383.json,fsm-combined/nodes/00960.json,0,1,u_stronger
fsm-combined,385,960,fsm-combined/nodes/00385.json,fsm-combined/nodes/00960.json,0,1,u_stronger
fsm-combined,385,1598,fsm-combined/nodes/00385.json,fsm-combined/nodes/01598.json,0,1,u_stronger
fsm-combined,387,1283,fsm-combined/nodes/00387.json,fsm-combined/nodes/01283.json,0,1,u_stronger
fsm-combined,387,1292,fsm-combined/nodes/00387.json,fsm-combined/nodes/01292.json,0,1,u_stronger
fsm-combined,388,818,fsm-combined/nodes/00388.json,fsm-combined/nodes/00818.json,0,1,u_stronger
fsm-combined,388,1462,fsm-combined/nodes/00388.json,fsm-combined/nodes/01462.json,0,1,u_stronger
fsm-combined,392,1125,fsm-combined/nodes/00392.json,fsm-combined/nodes/01125.json,0,1,u_stronger
fsm-combined,400,1625,fsm-combined/nodes/00400.json,fsm-combined/nodes/01625.json,1,0,d_stronger
fsm-combined,404,1625,fsm-combined/nodes/00404.json,fsm-combined/nodes/01625.json,1,0,d_stronger
fsm-combined,411,902,fsm-combined/nodes/00411.json,fsm-combined/nodes/00902.json,1,0,d_stronger
fsm-combined,411,1166,fsm-combined/nodes/00411.json,fsm-combined/nodes/01166.json,1,0,d_stronger
fsm-combined,414,1625,fsm-combined/nodes/00414.json,fsm-combined/nodes/01625.json,1,0,d_stronger
fsm-combined,417,902,fsm-combined/nodes/00417.json,fsm-combined/nodes/00902.json,1,0,d_stronger
fsm-combined,417,1166,fsm-combined/nodes/00417.json,fsm-combined/nodes/01166.json,1,0,d_stronger
fsm-combined,418,838,fsm-combined/nodes/00418.json,fsm-combined/nodes/00838.json,0,1,u_stronger
fsm-combined,420,1625,fsm-combined/nodes/00420.json,fsm-combined/nodes/01625.json,1,0,d_stronger
fsm-combined,455,845,fsm-combined/nodes/00455.json,fsm-combined/nodes/00845.json,1,0,d_stronger
fsm-combined,460,1286,fsm-combined/nodes/00460.json,fsm-combined/nodes/01286.json,0,1,u_stronger
fsm-combined,467,1286,fsm-combined/nodes/00467.json,fsm-combined/nodes/01286.json,0,1,u_stronger
fsm-combined,498,1166,fsm-combined/nodes/00498.json,fsm-combined/nodes/01166.json,1,0,d_stronger
fsm-combined,501,817,fsm-combined/nodes/00501.json,fsm-combined/nodes/00817.json,1,0,d_stronger
fsm-combined,501,821,fsm-combined/nodes/00501.json,fsm-combined/nodes/00821.json,1,0,d_stronger
fsm-combined,501,877,fsm-combined/nodes/00501.json,fsm-combined/nodes/00877.json,1,0,d_stronger
fsm-combined,501,879,fsm-combined/nodes/00501.json,fsm-combined/nodes/00879.json,1,0,d_stronger
fsm-combined,501,883,fsm-combined/nodes/00501.json,fsm-combined/nodes/00883.json,1,0,d_stronger
fsm-combined,501,891,fsm-combined/nodes/00501.json,fsm-combined/nodes/00891.json,1,0,d_stronger
fsm-combined,501,902,fsm-combined/nodes/00501.json,fsm-combined/nodes/00902.json,1,0,d_stronger
fsm-combined,501,1166,fsm-combined/nodes/00501.json,fsm-combined/nodes/01166.json,1,0,d_stronger
fsm-combined,502,1166,fsm-combined/nodes/00502.json,fsm-combined/nodes/01166.json,1,0,d_stronger
fsm-combined,504,902,fsm-combined/nodes/00504.json,fsm-combined/nodes/00902.json,1,0,d_stronger
fsm-combined,504,918,fsm-combined/nodes/00504.json,fsm-combined/nodes/00918.json,1,0,d_stronger
fsm-combined,504,921,fsm-combined/nodes/00504.json,fsm-combined/nodes/00921.json,1,0,d_stronger
fsm-combined,504,1166,fsm-combined/nodes/00504.json,fsm-combined/nodes/01166.json,1,0,d_stronger
fsm-combined,504,1521,fsm-combined/nodes/00504.json,fsm-combined/nodes/01521.json,1,0,d_stronger
fsm-combined,507,817,fsm-combined/nodes/00507.json,fsm-combined/nodes/00817.json,1,0,d_stronger
fsm-combined,507,821,fsm-combined/nodes/00507.json,fsm-combined/nodes/00821.json,1,0,d_stronger
fsm-combined,507,883,fsm-combined/nodes/00507.json,fsm-combined/nodes/00883.json,1,0,d_stronger
fsm-combined,507,1166,fsm-combined/nodes/00507.json,fsm-combined/nodes/01166.json,1,0,d_stronger
fsm-combined,514,1503,fsm-combined/nodes/00514.json,fsm-combined/nodes/01503.json,0,1,u_stronger
fsm-combined,517,1610,fsm-combined/nodes/00517.json,fsm-combined/nodes/01610.json,0,1,u_stronger
fsm-combined,518,1089,fsm-combined/nodes/00518.json,fsm-combined/nodes/01089.json,0,1,u_stronger
fsm-combined,527,798,fsm-combined/nodes/00527.json,fsm-combined/nodes/00798.json,1,0,d_stronger
fsm-combined,543,991,fsm-combined/nodes/00543.json,fsm-combined/nodes/00991.json,1,0,d_stronger
fsm-combined,553,1286,fsm-combined/nodes/00553.json,fsm-combined/nodes/01286.json,0,1,u_stronger
fsm-combined,563,1343,fsm-combined/nodes/00563.json,fsm-combined/nodes/01343.json,1,0,d_stronger
fsm-combined,563,1351,fsm-combined/nodes/00563.json,fsm-combined/nodes/01351.json,1,0,d_stronger
fsm-combined,563,1362,fsm-combined/nodes/00563.json,fsm-combined/nodes/01362.json,1,0,d_stronger
fsm-combined,564,1292,fsm-combined/nodes/00564.json,fsm-combined/nodes/01292.json,0,1,u_stronger
fsm-combined,569,1292,fsm-combined/nodes/00569.json,fsm-combined/nodes/01292.json,0,1,u_stronger
fsm-combined,571,1286,fsm-combined/nodes/00571.json,fsm-combined/nodes/01286.json,0,1,u_stronger
fsm-combined,573,1286,fsm-combined/nodes/00573.json,fsm-combined/nodes/01286.json,0,1,u_stronger
fsm-combined,576,1292,fsm-combined/nodes/00576.json,fsm-combined/nodes/01292.json,0,1,u_stronger
fsm-combined,580,845,fsm-combined/nodes/00580.json,fsm-combined/nodes/00845.json,1,0,d_stronger
fsm-combined,580,1285,fsm-combined/nodes/00580.json,fsm-combined/nodes/01285.json,1,0,d_stronger
fsm-combined,582,845,fsm-combined/nodes/00582.json,fsm-combined/nodes/00845.json,1,0,d_stronger
fsm-combined,617,1462,fsm-combined/nodes/00617.json,fsm-combined/nodes/01462.json,0,1,u_stronger
fsm-combined,627,824,fsm-combined/nodes/00627.json,fsm-combined/nodes/00824.json,0,1,u_stronger
fsm-combined,627,1514,fsm-combined/nodes/00627.json,fsm-combined/nodes/01514.json,0,1,u_stronger
fsm-combined,627,1525,fsm-combined/nodes/00627.json,fsm-combined/nodes/01525.json,0,1,u_stronger
fsm-combined,629,845,fsm-combined/nodes/00629.json,fsm-combined/nodes/00845.json,1,0,d_stronger
fsm-combined,637,1470,fsm-combined/nodes/00637.json,fsm-combined/nodes/01470.json,1,0,d_stronger
fsm-combined,648,1462,fsm-combined/nodes/00648.json,fsm-combined/nodes/01462.json,0,1,u_stronger
fsm-combined,652,1470,fsm-combined/nodes/00652.json,fsm-combined/nodes/01470.json,1,0,d_stronger
fsm-combined,657,1470,fsm-combined/nodes/00657.json,fsm-combined/nodes/01470.json,1,0,d_stronger
fsm-combined,665,1089,fsm-combined/nodes/00665.json,fsm-combined/nodes/01089.json,0,1,u_stronger
fsm-combined,680,1286,fsm-combined/nodes/00680.json,fsm-combined/nodes/01286.json,0,1,u_stronger
fsm-combined,681,969,fsm-combined/nodes/00681.json,fsm-combined/nodes/00969.json,1,0,d_stronger
fsm-combined,683,1286,fsm-combined/nodes/00683.json,fsm-combined/nodes/01286.json,0,1,u_stronger
fsm-combined,689,1511,fsm-combined/nodes/00689.json,fsm-combined/nodes/01511.json,1,0,d_stronger
fsm-combined,700,948,fsm-combined/nodes/00700.json,fsm-combined/nodes/00948.json,0,1,u_stronger
fsm-combined,730,1462,fsm-combined/nodes/00730.json,fsm-combined/nodes/01462.json,0,1,u_stronger
fsm-combined,733,1462,fsm-combined/nodes/00733.json,fsm-combined/nodes/01462.json,0,1,u_stronger
fsm-combined,740,986,fsm-combined/nodes/00740.json,fsm-combined/nodes/00986.json,1,0,d_stronger
fsm-combined,745,1514,fsm-combined/nodes/00745.json,fsm-combined/nodes/01514.json,0,1,u_stronger
fsm-combined,745,1525,fsm-combined/nodes/00745.json,fsm-combined/nodes/01525.json,0,1,u_stronger
fsm-combined,750,1113,fsm-combined/nodes/00750.json,fsm-combined/nodes/01113.json,1,0,d_stronger
fsm-combined,750,1395,fsm-combined/nodes/00750.json,fsm-combined/nodes/01395.json,1,0,d_stronger
fsm-combined,754,1344,fsm-combined/nodes/00754.json,fsm-combined/nodes/01344.json,1,0,d_stronger
fsm-combined,754,1345,fsm-combined/nodes/00754.json,fsm-combined/nodes/01345.json,1,0,d_stronger
fsm-combined,754,1346,fsm-combined/nodes/00754.json,fsm-combined/nodes/01346.json,1,0,d_stronger
fsm-combined,754,1347,fsm-combined/nodes/00754.json,fsm-combined/nodes/01347.json,1,0,d_stronger
fsm-combined,754,1348,fsm-combined/nodes/00754.json,fsm-combined/nodes/01348.json,1,0,d_stronger
fsm-combined,756,1113,fsm-combined/nodes/00756.json,fsm-combined/nodes/01113.json,1,0,d_stronger
fsm-combined,756,1395,fsm-combined/nodes/00756.json,fsm-combined/nodes/01395.json,1,0,d_stronger
fsm-combined,759,960,fsm-combined/nodes/00759.json,fsm-combined/nodes/00960.json,0,1,u_stronger
fsm-combined,762,822,fsm-combined/nodes/00762.json,fsm-combined/nodes/00822.json,1,0,d_stronger
fsm-combined,762,1166,fsm-combined/nodes/00762.json,fsm-combined/nodes/01166.json,1,0,d_stronger
fsm-combined,769,860,fsm-combined/nodes/00769.json,fsm-combined/nodes/00860.json,0,1,u_stronger
fsm-timing,2,2223,fsm-timing/nodes/00002.json,fsm-timing/nodes/02223.json,0,1,u_stronger
fsm-timing,3,1862,fsm-timing/nodes/00003.json,fsm-timing/nodes/01862.json,0,1,u_stronger
fsm-timing,5,2223,fsm-timing/nodes/00005.json,fsm-timing/nodes/02223.json,0,1,u_stronger
fsm-timing,8,1831,fsm-timing/nodes/00008.json,fsm-timing/nodes/01831.json,0,1,u_stronger
fsm-timing,9,1429,fsm-timing/nodes/00009.json,fsm-timing/nodes/01429.json,0,1,u_stronger
fsm-timing,9,2078,fsm-timing/nodes/00009.json,fsm-timing/nodes/02078.json,0,1,u_stronger
fsm-timing,9,2154,fsm-timing/nodes/00009.json,fsm-timing/nodes/02154.json,0,1,u_stronger
fsm-timing,9,2190,fsm-timing/nodes/00009.json,fsm-timing/nodes/02190.json,0,1,u_stronger
fsm-timing,11,1494,fsm-timing/nodes/00011.json,fsm-timing/nodes/01494.json,0,1,u_stronger
fsm-timing,13,1710,fsm-timing/nodes/00013.json,fsm-timing/nodes/01710.json,0,1,u_stronger
fsm-timing,18,1247,fsm-timing/nodes/00018.json,fsm-timing/nodes/01247.json,1,0,d_stronger
fsm-timing,28,1494,fsm-timing/nodes/00028.json,fsm-timing/nodes/01494.json,0,1,u_stronger
fsm-timing,28,2153,fsm-timing/nodes/00028.json,fsm-timing/nodes/02153.json,0,1,u_stronger
fsm-timing,31,1494,fsm-timing/nodes/00031.json,fsm-timing/nodes/01494.json,0,1,u_stronger
fsm-timing,31,2153,fsm-timing/nodes/00031.json,fsm-timing/nodes/02153.json,0,1,u_stronger
fsm-timing,34,1715,fsm-timing/nodes/00034.json,fsm-timing/nodes/01715.json,1,0,d_stronger
fsm-timing,38,1241,fsm-timing/nodes/00038.json,fsm-timing/nodes/01241.json,0,1,u_stronger
fsm-timing,53,1682,fsm-timing/nodes/00053.json,fsm-timing/nodes/01682.json,0,1,u_stronger
fsm-timing,63,63,fsm-timing/nodes/00063.json,fsm-timing/nodes/00063.json,1,1,equivalent
fsm-timing,65,2223,fsm-timing/nodes/00065.json,fsm-timing/nodes/02223.json,0,1,u_stronger
fsm-timing,73,1429,fsm-timing/nodes/00073.json,fsm-timing/nodes/01429.json,0,1,u_stronger
fsm-timing,73,2190,fsm-timing/nodes/00073.json,fsm-timing/nodes/02190.json,0,1,u_stronger
fsm-timing,74,1429,fsm-timing/nodes/00074.json,fsm-timing/nodes/01429.json,0,1,u_stronger
fsm-timing,74,2190,fsm-timing/nodes/00074.json,fsm-timing/nodes/02190.json,0,1,u_stronger
fsm-timing,78,1877,fsm-timing/nodes/00078.json,fsm-timing/nodes/01877.json,1,0,d_stronger
fsm-timing,82,1217,fsm-timing/nodes/00082.json,fsm-timing/nodes/01217.json,0,1,u_stronger
fsm-timing,82,1494,fsm-timing/nodes/00082.json,fsm-timing/nodes/01494.json,0,1,u_stronger
fsm-timing,82,2078,fsm-timing/nodes/00082.json,fsm-timing/nodes/02078.json,0,1,u_stronger
fsm-timing,85,1536,fsm-timing/nodes/00085.json,fsm-timing/nodes/01536.json,1,0,d_stronger
fsm-timing,86,1715,fsm-timing/nodes/00086.json,fsm-timing/nodes/01715.json,1,0,d_stronger
fsm-timing,88,1475,fsm-timing/nodes/00088.json,fsm-timing/nodes/01475.json,1,0,d_stronger
fsm-timing,88,2061,fsm-timing/nodes/00088.json,fsm-timing/nodes/02061.json,1,0,d_stronger
fsm-timing,89,1688,fsm-timing/nodes/00089.json,fsm-timing/nodes/01688.json,0,1,u_stronger
fsm-timing,92,1748,fsm-timing/nodes/00092.json,fsm-timing/nodes/01748.json,1,0,d_stronger
fsm-timing,92,1857,fsm-timing/nodes/00092.json,fsm-timing/nodes/01857.json,1,0,d_stronger
fsm-timing,92,2106,fsm-timing/nodes/00092.json,fsm-timing/nodes/02106.json,1,0,d_stronger
fsm-timing,95,2196,fsm-timing/nodes/00095.json,fsm-timing/nodes/02196.json,0,1,u_stronger
fsm-timing,97,2035,fsm-timing/nodes/00097.json,fsm-timing/nodes/02035.json,0,1,u_stronger
fsm-timing,104,1322,fsm-timing/nodes/00104.json,fsm-timing/nodes/01322.json,1,0,d_stronger
fsm-timing,104,1576,fsm-timing/nodes/00104.json,fsm-timing/nodes/01576.json,1,0,d_stronger
fsm-timing,104,1715,fsm-timing/nodes/00104.json,fsm-timing/nodes/01715.json,1,0,d_stronger
fsm-timing,104,2013,fsm-timing/nodes/00104.json,fsm-timing/nodes/02013.json,1,0,d_stronger
fsm-timing,104,2067,fsm-timing/nodes/00104.json,fsm-timing/nodes/02067.json,1,0,d_stronger
fsm-timing,104,2222,fsm-timing/nodes/00104.json,fsm-timing/nodes/02222.json,1,0,d_stronger
fsm-timing,108,1266,fsm-timing/nodes/00108.json,fsm-timing/nodes/01266.json,1,0,d_stronger
fsm-timing,109,1429,fsm-timing/nodes/00109.json,fsm-timing/nodes/01429.json,0,1,u_stronger
fsm-timing,112,1387,fsm-timing/nodes/00112.json,fsm-timing/nodes/01387.json,0,1,u_stronger
fsm-timing,124,1688,fsm-timing/nodes/00124.json,fsm-timing/nodes/01688.json,0,1,u_stronger
fsm-timing,124,2223,fsm-timing/nodes/00124.json,fsm-timing/nodes/02223.json,0,1,u_stronger
fsm-timing,130,1178,fsm-timing/nodes/00130.json,fsm-timing/nodes/01178.json,0,1,u_stronger
fsm-timing,130,1217,fsm-timing/nodes/00130.json,fsm-timing/nodes/01217.json,0,1,u_stronger
fsm-timing,130,1429,fsm-timing/nodes/00130.json,fsm-timing/nodes/01429.json,0,1,u_stronger
fsm-timing,130,1532,fsm-timing/nodes/00130.json,fsm-timing/nodes/01532.json,0,1,u_stronger
fsm-timing,130,1682,fsm-timing/nodes/00130.json,fsm-timing/nodes/01682.json,0,1,u_stronger
fsm-timing,130,1732,fsm-timing/nodes/00130.json,fsm-timing/nodes/01732.json,0,1,u_stronger
fsm-timing,130,2078,fsm-timing/nodes/00130.json,fsm-timing/nodes/02078.json,0,1,u_stronger
fsm-timing,130,2153,fsm-timing/nodes/00130.json,fsm-timing/nodes/02153.json,0,1,u_stronger
fsm-timing,130,2154,fsm-timing/nodes/00130.json,fsm-timing/nodes/02154.json,0,1,u_stronger
fsm-timing,130,2190,fsm-timing/nodes/00130.json,fsm-timing/nodes/02190.json,0,1,u_stronger
fsm-timing,131,1429,fsm-timing/nodes/00131.json,fsm-timing/nodes/01429.json,0,1,u_stronger
fsm-timing,142,1178,fsm-timing/nodes/00142.json,fsm-timing/nodes/01178.json,0,1,u_stronger
fsm-timing,142,1217,fsm-timing/nodes/00142.json,fsm-timing/nodes/01217.json,0,1,u_stronger
fsm-timing,142,1429,fsm-timing/nodes/00142.json,fsm-timing/nodes/01429.json,0,1,u_stronger
fsm-timing,142,1532,fsm-timing/nodes/00142.json,fsm-timing/nodes/01532.json,0,1,u_stronger
fsm-timing,142,1682,fsm-timing/nodes/00142.json,fsm-timing/nodes/01682.json,0,1,u_stronger
fsm-timing,142,1732,fsm-timing/nodes/00142.json,fsm-timing/nodes/01732.json,0,1,u_stronger
fsm-timing,142,2078,fsm-timing/nodes/00142.json,fsm-timing/nodes/02078.json,0,1,u_stronger
fsm-timing,142,2153,fsm-timing/nodes/00142.json,fsm-timing/nodes/02153.json,0,1,u_stronger
fsm-timing,142,2154,fsm-timing/nodes/00142.json,fsm-timing/nodes/02154.json,0,1,u_stronger
fsm-timing,142,2190,fsm-timing/nodes/00142.json,fsm-timing/nodes/02190.json,0,1,u_stronger
fsm-timing,149,1429,fsm-timing/nodes/00149.json,fsm-timing/nodes/01429.json,0,1,u_stronger
fsm-timing,149,2043,fsm-timing/nodes/00149.json,fsm-timing/nodes/02043.json,0,1,u_stronger
fsm-timing,149,2190,fsm-timing/nodes/00149.json,fsm-timing/nodes/02190.json,0,1,u_stronger
fsm-timing,151,1429,fsm-timing/nodes/00151.json,fsm-timing/nodes/01429.json,0,1,u_stronger
fsm-timing,155,1330,fsm-timing/nodes/00155.json,fsm-timing/nodes/01330.json,1,1,equivalent
fsm-timing,157,1316,fsm-timing/nodes/00157.json,fsm-timing/nodes/01316.json,0,1,u_stronger
fsm-timing,157,2254,fsm-timing/nodes/00157.json,fsm-timing/nodes/02254.json,0,1,u_stronger
fsm-timing,164,1856,fsm-timing/nodes/00164.json,fsm-timing/nodes/01856.json,0,1,u_stronger
fsm-timing,164,2203,fsm-timing/nodes/00164.json,fsm-timing/nodes/02203.json,0,1,u_stronger
fsm-timing,168,1429,fsm-timing/nodes/00168.json,fsm-timing/nodes/01429.json,0,1,u_stronger
fsm-timing,174,1507,fsm-timing/nodes/00174.json,fsm-timing/nodes/01507.json,0,1,u_stronger
fsm-timing,174,1524,fsm-timing/nodes/00174.json,fsm-timing/nodes/01524.json,0,1,u_stronger
fsm-timing,176,1857,fsm-timing/nodes/00176.json,fsm-timing/nodes/01857.json,1,0,d_stronger
fsm-timing,176,2106,fsm-timing/nodes/00176.json,fsm-timing/nodes/02106.json,1,0,d_stronger
fsm-timing,183,1494,fsm-timing/nodes/00183.json,fsm-timing/nodes/01494.json,0,1,u_stronger
fsm-timing,183,2153,fsm-timing/nodes/00183.json,fsm-timing/nodes/02153.json,0,1,u_stronger
fsm-timing,185,1429,fsm-timing/nodes/00185.json,fsm-timing/nodes/01429.json,0,1,u_stronger
fsm-timing,186,1429,fsm-timing/nodes/00186.json,fsm-timing/nodes/01429.json,0,1,u_stronger
fsm-timing,186,2190,fsm-timing/nodes/00186.json,fsm-timing/nodes/02190.json,0,1,u_stronger
fsm-timing,192,1369,fsm-timing/nodes/00192.json,fsm-timing/nodes/01369.json,0,1,u_stronger
fsm-timing,194,2098,fsm-timing/nodes/00194.json,fsm-timing/nodes/02098.json,1,1,equivalent
fsm-timing,205,1217,fsm-timing/nodes/00205.json,fsm-timing/nodes/01217.json,0,1,u_stronger
fsm-timing,205,1494,fsm-timing/nodes/00205.json,fsm-timing/nodes/01494.json,0,1,u_stronger
fsm-timing,210,1217,fsm-timing/nodes/00210.json,fsm-timing/nodes/01217.json,0,1,u_stronger
fsm-timing,210,1532,fsm-timing/nodes/00210.json,fsm-timing/nodes/01532.json,0,1,u_stronger
fsm-timing,210,2078,fsm-timing/nodes/00210.json,fsm-timing/nodes/02078.json,0,1,u_stronger
fsm-timing,210,2190,fsm-timing/nodes/00210.json,fsm-timing/nodes/02190.json,0,1,u_stronger
fsm-timing,215,1178,fsm-timing/nodes/00215.json,fsm-timing/nodes/01178.json,0,1,u_stronger
fsm-timing,215,1217,fsm-timing/nodes/00215.json,fsm-timing/nodes/01217.json,0,1,u_stronger
fsm-timing,215,1429,fsm-timing/nodes/00215.json,fsm-timing/nodes/01429.json,0,1,u_stronger
fsm-timing,215,1532,fsm-timing/nodes/00215.json,fsm-timing/nodes/01532.json,0,1,u_stronger
fsm-timing,215,1682,fsm-timing/nodes/00215.json,fsm-timing/nodes/01682.json,0,1,u_stronger
fsm-timing,215,1732,fsm-timing/nodes/00215.json,fsm-timing/nodes/01732.json,0,1,u_stronger
fsm-timing,215,2078,fsm-timing/nodes/00215.json,fsm-timing/nodes/02078.json,0,1,u_stronger
fsm-timing,215,2153,fsm-timing/nodes/00215.json,fsm-timing/nodes/02153.json,0,1,u_stronger
fsm-timing,215,2154,fsm-timing/nodes/00215.json,fsm-timing/nodes/02154.json,0,1,u_stronger
fsm-timing,215,2190,fsm-timing/nodes/00215.json,fsm-timing/nodes/02190.json,0,1,u_stronger
fsm-timing,223,1178,fsm-timing/nodes/00223.json,fsm-timing/nodes/01178.json,0,1,u_stronger
fsm-timing,223,1217,fsm-timing/nodes/00223.json,fsm-timing/nodes/01217.json,0,1,u_stronger
fsm-timing,223,1429,fsm-timing/nodes/00223.json,fsm-timing/nodes/01429.json,0,1,u_stronger
fsm-timing,223,1532,fsm-timing/nodes/00223.json,fsm-timing/nodes/01532.json,0,1,u_stronger
fsm-timing,223,1682,fsm-timing/nodes/00223.json,fsm-timing/nodes/01682.json,0,1,u_stronger
fsm-timing,223,1732,fsm-timing/nodes/00223.json,fsm-timing/nodes/01732.json,0,1,u_stronger
fsm-timing,223,2078,fsm-timing/nodes/00223.json,fsm-timing/nodes/02078.json,0,1,u_stronger
fsm-timing,223,2153,fsm-timing/nodes/00223.json,fsm-timing/nodes/02153.json,0,1,u_stronger
fsm-timing,223,2154,fsm-timing/nodes/00223.json,fsm-timing/nodes/02154.json,0,1,u_stronger
fsm-timing,223,2190,fsm-timing/nodes/00223.json,fsm-timing/nodes/02190.json,0,1,u_stronger
fsm-timing,225,1447,fsm-timing/nodes/00225.json,fsm-timing/nodes/01447.json,1,0,d_stronger
fsm-timing,226,1466,fsm-timing/nodes/00226.json,fsm-timing/nodes/01466.json,0,1,u_stronger
fsm-timing,226,1688,fsm-timing/nodes/00226.json,fsm-timing/nodes/01688.json,0,1,u_stronger
fsm-timing,226,1831,fsm-timing/nodes/00226.json,fsm-timing/nodes/01831.json,0,1,u_stronger
fsm-timing,226,2223,fsm-timing/nodes/00226.json,fsm-timing/nodes/02223.json,0,1,u_stronger
fsm-timing,227,1831,fsm-timing/nodes/00227.json,fsm-timing/nodes/01831.json,0,1,u_stronger
fsm-timing,227,2223,fsm-timing/nodes/00227.json,fsm-timing/nodes/02223.json,0,1,u_stronger
fsm-timing,235,1466,fsm-timing/nodes/00235.json,fsm-timing/nodes/01466.json,0,1,u_stronger
fsm-timing,235,1688,fsm-timing/nodes/00235.json,fsm-timing/nodes/01688.json,0,1,u_stronger
fsm-timing,235,1831,fsm-timing/nodes/00235.json,fsm-timing/nodes/01831.json,0,1,u_stronger
fsm-timing,240,1387,fsm-timing/nodes/00240.json,fsm-timing/nodes/01387.json,0,1,u_stronger
fsm-timing,241,1466,fsm-timing/nodes/00241.json,fsm-timing/nodes/01466.json,0,1,u_stronger
fsm-timing,241,1688,fsm-timing/nodes/00241.json,fsm-timing/nodes/01688.json,0,1,u_stronger
fsm-timing,241,1831,fsm-timing/nodes/00241.json,fsm-timing/nodes/01831.json,0,1,u_stronger
fsm-timing,242,1466,fsm-timing/nodes/00242.json,fsm-timing/nodes/01466.json,0,1,u_stronger
fsm-timing,242,1688,fsm-timing/nodes/00242.json,fsm-timing/nodes/01688.json,0,1,u_stronger
fsm-timing,242,1831,fsm-timing/nodes/00242.json,fsm-timing/nodes/01831.json,0,1,u_stronger
fsm-timing,242,2223,fsm-timing/nodes/00242.json,fsm-timing/nodes/02223.json,0,1,u_stronger
fsm-timing,244,1466,fsm-timing/nodes/00244.json,fsm-timing/nodes/01466.json,0,1,u_stronger
fsm-timing,244,1688,fsm-timing/nodes/00244.json,fsm-timing/nodes/01688.json,0,1,u_stronger
fsm-timing,244,1831,fsm-timing/nodes/00244.json,fsm-timing/nodes/01831.json,0,1,u_stronger
fsm-timing,244,2223,fsm-timing/nodes/00244.json,fsm-timing/nodes/02223.json,0,1,u_stronger
fsm-timing,247,1688,fsm-timing/nodes/00247.json,fsm-timing/nodes/01688.json,0,1,u_stronger
fsm-timing,249,1831,fsm-timing/nodes/00249.json,fsm-timing/nodes/01831.json,0,1,u_stronger
fsm-timing,249,2223,fsm-timing/nodes/00249.json,fsm-timing/nodes/02223.json,0,1,u_stronger
fsm-timing,250,1466,fsm-timing/nodes/00250.json,fsm-timing/nodes/01466.json,0,1,u_stronger
fsm-timing,250,1688,fsm-timing/nodes/00250.json,fsm-timing/nodes/01688.json,0,1,u_stronger
fsm-timing,250,1831,fsm-timing/nodes/00250.json,fsm-timing/nodes/01831.json,0,1,u_stronger
fsm-timing,251,1681,fsm-timing/nodes/00251.json,fsm-timing/nodes/01681.json,0,1,u_stronger
fsm-timing,251,1831,fsm-timing/nodes/00251.json,fsm-timing/nodes/01831.json,0,1,u_stronger
fsm-timing,251,2223,fsm-timing/nodes/00251.json,fsm-timing/nodes/02223.json,0,1,u_stronger
fsm-timing,253,2223,fsm-timing/nodes/00253.json,fsm-timing/nodes/02223.json,0,1,u_stronger
fsm-timing,256,1466,fsm-timing/nodes/00256.json,fsm-timing/nodes/01466.json,0,1,u_stronger
fsm-timing,259,1681,fsm-timing/nodes/00259.json,fsm-timing/nodes/01681.json,0,1,u_stronger
fsm-timing,259,1831,fsm-timing/nodes/00259.json,fsm-timing/nodes/01831.json,0,1,u_stronger
fsm-timing,259,2223,fsm-timing/nodes/00259.json,fsm-timing/nodes/02223.json,0,1,u_stronger
fsm-timing,264,1715,fsm-timing/nodes/00264.json,fsm-timing/nodes/01715.json,1,0,d_stronger
fsm-timing,265,2223,fsm-timing/nodes/00265.json,fsm-timing/nodes/02223.json,0,1,u_stronger
fsm-timing,266,1466,fsm-timing/nodes/00266.json,fsm-timing/nodes/01466.json,0,1,u_stronger
fsm-timing,281,1429,fsm-timing/nodes/00281.json,fsm-timing/nodes/01429.json,0,1,u_stronger
fsm-timing,281,2190,fsm-timing/nodes/00281.json,fsm-timing/nodes/02190.json,0,1,u_stronger
fsm-timing,282,1429,fsm-timing/nodes/00282.json,fsm-timing/nodes/01429.json,0,1,u_stronger
fsm-timing,282,2190,fsm-timing/nodes/00282.json,fsm-timing/nodes/02190.json,0,1,u_stronger
fsm-timing,287,1429,fsm-timing/nodes/00287.json,fsm-timing/nodes/01429.json,0,1,u_stronger
fsm-timing,288,1178,fsm-timing/nodes/00288.json,fsm-timing/nodes/01178.json,0,1,u_stronger
fsm-timing,288,1532,fsm-timing/nodes/00288.json,fsm-timing/nodes/01532.json,0,1,u_stronger
fsm-timing,288,1732,fsm-timing/nodes/00288.json,fsm-timing/nodes/01732.json,0,1,u_stronger
fsm-timing,291,1429,fsm-timing/nodes/00291.json,fsm-timing/nodes/01429.json,0,1,u_stronger
fsm-timing,300,1217,fsm-timing/nodes/00300.json,fsm-timing/nodes/01217.json,0,1,u_stronger
fsm-timing,304,1440,fsm-timing/nodes/00304.json,fsm-timing/nodes/01440.json,0,1,u_stronger
fsm-timing,304,1597,fsm-timing/nodes/00304.json,fsm-timing/nodes/01597.json,0,1,u_stronger
fsm-timing,304,2049,fsm-timing/nodes/00304.json,fsm-timing/nodes/02049.json,0,1,u_stronger
fsm-timing,313,1178,fsm-timing/nodes/00313.json,fsm-timing/nodes/01178.json,0,1,u_stronger
fsm-timing,313,1217,fsm-timing/nodes/00313.json,fsm-timing/nodes/01217.json,0,1,u_stronger
fsm-timing,313,1429,fsm-timing/nodes/00313.json,fsm-timing/nodes/01429.json,0,1,u_stronger
fsm-timing,313,1532,fsm-timing/nodes/00313.json,fsm-timing/nodes/01532.json,0,1,u_stronger
fsm-timing,313,1682,fsm-timing/nodes/00313.json,fsm-timing/nodes/01682.json,0,1,u_stronger
fsm-timing,313,1732,fsm-timing/nodes/00313.json,fsm-timing/nodes/01732.json,0,1,u_stronger
fsm-timing,313,2078,fsm-timing/nodes/00313.json,fsm-timing/nodes/02078.json,0,1,u_stronger
fsm-timing,313,2153,fsm-timing/nodes/00313.json,fsm-timing/nodes/02153.json,0,1,u_stronger
fsm-timing,313,2154,fsm-timing/nodes/00313.json,fsm-timing/nodes/02154.json,0,1,u_stronger
fsm-timing,313,2190,fsm-timing/nodes/00313.json,fsm-timing/nodes/02190.json,0,1,u_stronger
fsm-timing,315,1429,fsm-timing/nodes/00315.json,fsm-timing/nodes/01429.json,0,1,u_stronger
fsm-timing,315,2078,fsm-timing/nodes/00315.json,fsm-timing/nodes/02078.json,0,1,u_stronger
fsm-timing,315,2154,fsm-timing/nodes/00315.json,fsm-timing/nodes/02154.json,0,1,u_stronger
fsm-timing,315,2190,fsm-timing/nodes/00315.json,fsm-timing/nodes/02190.json,0,1,u_stronger
fsm-timing,320,1429,fsm-timing/nodes/00320.json,fsm-timing/nodes/01429.json,0,1,u_stronger
fsm-timing,320,2078,fsm-timing/nodes/00320.json,fsm-timing/nodes/02078.json,0,1,u_stronger
fsm-timing,320,2154,fsm-timing/nodes/00320.json,fsm-timing/nodes/02154.json,0,1,u_stronger
fsm-timing,320,2190,fsm-timing/nodes/00320.json,fsm-timing/nodes/02190.json,0,1,u_stronger
fsm-timing,325,1205,fsm-timing/nodes/00325.json,fsm-timing/nodes/01205.json,1,0,d_stronger
fsm-timing,325,1282,fsm-timing/nodes/00325.json,fsm-timing/nodes/01282.json,1,0,d_stronger
fsm-timing,325,1715,fsm-timing/nodes/00325.json,fsm-timing/nodes/01715.json,1,0,d_stronger
fsm-timing,325,1944,fsm-timing/nodes/00325.json,fsm-timing/nodes/01944.json,1,0,d_stronger
fsm-timing,325,2009,fsm-timing/nodes/00325.json,fsm-timing/nodes/02009.json,1,0,d_stronger
fsm-timing,325,2086,fsm-timing/nodes/00325.json,fsm-timing/nodes/02086.json,1,0,d_stronger
fsm-timing,338,1217,fsm-timing/nodes/00338.json,fsm-timing/nodes/01217.json,0,1,u_stronger
fsm-timing,338,1494,fsm-timing/nodes/00338.json,fsm-timing/nodes/01494.json,0,1,u_stronger
fsm-timing,338,2153,fsm-timing/nodes/00338.json,fsm-timing/nodes/02153.json,0,1,u_stronger
fsm-timing,344,1376,fsm-timing/nodes/00344.json,fsm-timing/nodes/01376.json,1,0,d_stronger
fsm-timing,347,2223,fsm-timing/nodes/00347.json,fsm-timing/nodes/02223.json,0,1,u_stronger
fsm-timing,354,1536,fsm-timing/nodes/00354.json,fsm-timing/nodes/01536.json,1,0,d_stronger
fsm-timing,355,1429,fsm-timing/nodes/00355.json,fsm-timing/nodes/01429.json,0,1,u_stronger
fsm-timing,355,2190,fsm-timing/nodes/00355.json,fsm-timing/nodes/02190.json,0,1,u_stronger
fsm-timing,358,1429,fsm-timing/nodes/00358.json,fsm-timing/nodes/01429.json,0,1,u_stronger
fsm-timing,358,2190,fsm-timing/nodes/00358.json,fsm-timing/nodes/02190.json,0,1,u_stronger
fsm-timing,362,1429,fsm-timing/nodes/00362.json,fsm-timing/nodes/01429.json,0,1,u_stronger
fsm-timing,364,1429,fsm-timing/nodes/00364.json,fsm-timing/nodes/01429.json,0,1,u_stronger
fsm-timing,365,1429,fsm-timing/nodes/00365.json,fsm-timing/nodes/01429.json,0,1,u_stronger
fsm-timing,377,1429,fsm-timing/nodes/00377.json,fsm-timing/nodes/01429.json,0,1,u_stronger
fsm-timing,381,2153,fsm-timing/nodes/00381.json,fsm-timing/nodes/02153.json,0,1,u_stronger
fsm-timing,385,1429,fsm-timing/nodes/00385.json,fsm-timing/nodes/01429.json,0,1,u_stronger
fsm-timing,386,1475,fsm-timing/nodes/00386.json,fsm-timing/nodes/01475.json,1,0,d_stronger
fsm-timing,396,1715,fsm-timing/nodes/00396.json,fsm-timing/nodes/01715.json,1,0,d_stronger
fsm-timing,399,1710,fsm-timing/nodes/00399.json,fsm-timing/nodes/01710.json,0,1,u_stronger
fsm-timing,403,1217,fsm-timing/nodes/00403.json,fsm-timing/nodes/01217.json,0,1,u_stronger
fsm-timing,403,2154,fsm-timing/nodes/00403.json,fsm-timing/nodes/02154.json,0,1,u_stronger
fsm-timing,415,1831,fsm-timing/nodes/00415.json,fsm-timing/nodes/01831.json,0,1,u_stronger
fsm-timing,427,1366,fsm-timing/nodes/00427.json,fsm-timing/nodes/01366.json,0,1,u_stronger
fsm-timing,431,1217,fsm-timing/nodes/00431.json,fsm-timing/nodes/01217.json,0,1,u_stronger
fsm-timing,433,1217,fsm-timing/nodes/00433.json,fsm-timing/nodes/01217.json,0,1,u_stronger
fsm-timing,439,1366,fsm-timing/nodes/00439.json,fsm-timing/nodes/01366.json,0,1,u_stronger
fsm-timing,441,1798,fsm-timing/nodes/00441.json,fsm-timing/nodes/01798.json,1,0,d_stronger
fsm-timing,444,2090,fsm-timing/nodes/00444.json,fsm-timing/nodes/02090.json,0,1,u_stronger
fsm-timing,447,1217,fsm-timing/nodes/00447.json,fsm-timing/nodes/01217.json,0,1,u_stronger
fsm-timing,451,451,fsm-timing/nodes/00451.json,fsm-timing/nodes/00451.json,1,1,equivalent
fsm-timing,452,1494,fsm-timing/nodes/00452.json,fsm-timing/nodes/01494.json,0,1,u_stronger
fsm-timing,457,1803,fsm-timing/nodes/00457.json,fsm-timing/nodes/01803.json,1,0,d_stronger
fsm-timing,462,1217,fsm-timing/nodes/00462.json,fsm-timing/nodes/01217.json,0,1,u_stronger
fsm-timing,464,2196,fsm-timing/nodes/00464.json,fsm-timing/nodes/02196.json,0,1,u_stronger
fsm-timing,466,1791,fsm-timing/nodes/00466.json,fsm-timing/nodes/01791.json,0,1,u_stronger
fsm-timing,466,1831,fsm-timing/nodes/00466.json,fsm-timing/nodes/01831.json,0,1,u_stronger
fsm-timing,466,1908,fsm-timing/nodes/00466.json,fsm-timing/nodes/01908.json,0,1,u_stronger
fsm-timing,466,2223,fsm-timing/nodes/00466.json,fsm-timing/nodes/02223.json,0,1,u_stronger
fsm-timing,467,1791,fsm-timing/nodes/00467.json,fsm-timing/nodes/01791.json,0,1,u_stronger
fsm-timing,467,1831,fsm-timing/nodes/00467.json,fsm-timing/nodes/01831.json,0,1,u_stronger
fsm-timing,467,2223,fsm-timing/nodes/00467.json,fsm-timing/nodes/02223.json,0,1,u_stronger
fsm-timing,470,1831,fsm-timing/nodes/00470.json,fsm-timing/nodes/01831.json,0,1,u_stronger
fsm-timing,470,1908,fsm-timing/nodes/00470.json,fsm-timing/nodes/01908.json,0,1,u_stronger
fsm-timing,470,2223,fsm-timing/nodes/00470.json,fsm-timing/nodes/02223.json,0,1,u_stronger
fsm-timing,477,1831,fsm-timing/nodes/00477.json,fsm-timing/nodes/01831.json,0,1,u_stronger
fsm-timing,477,2223,fsm-timing/nodes/00477.json,fsm-timing/nodes/02223.json,0,1,u_stronger
fsm-timing,478,1452,fsm-timing/nodes/00478.json,fsm-timing/nodes/01452.json,0,1,u_stronger
fsm-timing,478,2203,fsm-timing/nodes/00478.json,fsm-timing/nodes/02203.json,0,1,u_stronger
fsm-timing,481,1831,fsm-timing/nodes/00481.json,fsm-timing/nodes/01831.json,0,1,u_stronger
fsm-timing,481,2223,fsm-timing/nodes/00481.json,fsm-timing/nodes/02223.json,0,1,u_stronger
fsm-timing,482,1831,fsm-timing/nodes/00482.json,fsm-timing/nodes/01831.json,0,1,u_stronger
fsm-timing,482,1916,fsm-timing/nodes/00482.json,fsm-timing/nodes/01916.json,0,1,u_stronger
fsm-timing,482,2223,fsm-timing/nodes/00482.json,fsm-timing/nodes/02223.json,0,1,u_stronger
fsm-timing,483,1452,fsm-timing/nodes/00483.json,fsm-timing/nodes/01452.json,0,1,u_stronger
fsm-timing,484,1831,fsm-timing/nodes/00484.json,fsm-timing/nodes/01831.json,0,1,u_stronger
fsm-timing,484,2223,fsm-timing/nodes/00484.json,fsm-timing/nodes/02223.json,0,1,u_stronger
fsm-timing,485,1741,fsm-timing/nodes/00485.json,fsm-timing/nodes/01741.json,0,1,u_stronger
fsm-timing,489,1250,fsm-timing/nodes/00489.json,fsm-timing/nodes/01250.json,0,1,u_stronger
fsm-timing,492,63,fsm-timing/nodes/00492.json,fsm-timing/nodes/00063.json,0,?,undecided
fsm-timing,492,451,fsm-timing/nodes/00492.json,fsm-timing/nodes/00451.json,0,?,undecided
fsm-timing,492,1178,fsm-timing/nodes/00492.json,fsm-timing/nodes/01178.json,0,?,undecided
fsm-timing,492,1181,fsm-timing/nodes/00492.json,fsm-timing/nodes/01181.json,0,?,undecided
fsm-timing,492,1204,fsm-timing/nodes/00492.json,fsm-timing/nodes/01204.json,0,?,undecided
fsm-timing,492,1208,fsm-timing/nodes/00492.json,fsm-timing/nodes/01208.json,0,?,undecided
fsm-timing,492,1217,fsm-timing/nodes/00492.json,fsm-timing/nodes/01217.json,0,?,undecided
fsm-timing,492,1241,fsm-timing/nodes/00492.json,fsm-timing/nodes/01241.json,0,?,undecided
fsm-timing,492,1249,fsm-timing/nodes/00492.json,fsm-timing/nodes/01249.json,0,?,undecided
fsm-timing,492,1250,fsm-timing/nodes/00492.json,fsm-timing/nodes/01250.json,0,?,undecided
fsm-timing,492,1253,fsm-timing/nodes/00492.json,fsm-timing/nodes/01253.json,0,?,undecided
fsm-timing,492,1254,fsm-timing/nodes/00492.json,fsm-timing/nodes/01254.json,0,?,undecided
fsm-timing,492,1257,fsm-timing/nodes/00492.json,fsm-timing/nodes/01257.json,0,?,undecided
fsm-timing,492,1265,fsm-timing/nodes/00492.json,fsm-timing/nodes/01265.json,0,?,undecided
fsm-timing,492,1269,fsm-timing/nodes/00492.json,fsm-timing/nodes/01269.json,0,?,undecided
fsm-timing,492,1361,fsm-timing/nodes/00492.json,fsm-timing/nodes/01361.json,0,?,undecided
fsm-timing,492,1368,fsm-timing/nodes/00492.json,fsm-timing/nodes/01368.json,0,?,undecided
fsm-timing,492,1376,fsm-timing/nodes/00492.json,fsm-timing/nodes/01376.json,0,?,undecided
fsm-timing,492,1387,fsm-timing/nodes/00492.json,fsm-timing/nodes/01387.json,0,?,undecided
fsm-timing,492,1429,fsm-timing/nodes/00492.json,fsm-timing/nodes/01429.json,0,?,undecided
fsm-timing,492,1440,fsm-timing/nodes/00492.json,fsm-timing/nodes/01440.json,0,?,undecided
fsm-timing,492,1468,fsm-timing/nodes/00492.json,fsm-timing/nodes/01468.json,0,?,undecided
fsm-timing,492,1472,fsm-timing/nodes/00492.json,fsm-timing/nodes/01472.json,0,?,undecided
fsm-timing,492,1494,fsm-timing/nodes/00492.json,fsm-timing/nodes/01494.json,0,?,undecided
fsm-timing,492,1517,fsm-timing/nodes/00492.json,fsm-timing/nodes/01517.json,0,?,undecided
fsm-timing,492,1532,fsm-timing/nodes/00492.json,fsm-timing/nodes/01532.json,0,?,undecided
fsm-timing,492,1549,fsm-timing/nodes/00492.json,fsm-timing/nodes/01549.json,0,?,undecided
fsm-timing,492,1557,fsm-timing/nodes/00492.json,fsm-timing/nodes/01557.json,0,?,undecided
fsm-timing,492,1597,fsm-timing/nodes/00492.json,fsm-timing/nodes/01597.json,0,?,undecided
fsm-timing,492,1642,fsm-timing/nodes/00492.json,fsm-timing/nodes/01642.json,0,?,undecided
fsm-timing,492,1682,fsm-timing/nodes/00492.json,fsm-timing/nodes/01682.json,0,?,undecided
fsm-timing,492,1687,fsm-timing/nodes/00492.json,fsm-timing/nodes/01687.json,0,?,undecided
fsm-timing,492,1698,fsm-timing/nodes/00492.json,fsm-timing/nodes/01698.json,0,?,undecided
fsm-timing,492,1705,fsm-timing/nodes/00492.json,fsm-timing/nodes/01705.json,0,?,undecided
fsm-timing,492,1732,fsm-timing/nodes/00492.json,fsm-timing/nodes/01732.json,0,?,undecided
fsm-timing,492,1742,fsm-timing/nodes/00492.json,fsm-timing/nodes/01742.json,0,?,undecided
fsm-timing,492,1748,fsm-timing/nodes/00492.json,fsm-timing/nodes/01748.json,0,?,undecided
fsm-timing,492,1753,fsm-timing/nodes/00492.json,fsm-timing/nodes/01753.json,0,?,undecided
fsm-timing,492,1759,fsm-timing/nodes/00492.json,fsm-timing/nodes/01759.json,0,?,undecided
fsm-timing,492,1766,fsm-timing/nodes/00492.json,fsm-timing/nodes/01766.json,0,?,undecided
fsm-timing,492,1790,fsm-timing/nodes/00492.json,fsm-timing/nodes/01790.json,0,?,undecided
fsm-timing,492,1839,fsm-timing/nodes/00492.json,fsm-timing/nodes/01839.json,0,?,undecided
fsm-timing,492,1841,fsm-timing/nodes/00492.json,fsm-timing/nodes/01841.json,0,?,undecided
fsm-timing,492,1845,fsm-timing/nodes/00492.json,fsm-timing/nodes/01845.json,0,?,undecided
fsm-timing,492,1857,fsm-timing/nodes/00492.json,fsm-timing/nodes/01857.json,0,?,undecided
fsm-timing,492,1862,fsm-timing/nodes/00492.json,fsm-timing/nodes/01862.json,0,?,undecided
fsm-timing,492,1863,fsm-timing/nodes/00492.json,fsm-timing/nodes/01863.json,0,?,undecided
fsm-timing,492,1864,fsm-timing/nodes/00492.json,fsm-timing/nodes/01864.json,0,?,undecided
fsm-timing,492,1869,fsm-timing/nodes/00492.json,fsm-timing/nodes/01869.json,0,?,undecided
fsm-timing,492,1877,fsm-timing/nodes/00492.json,fsm-timing/nodes/01877.json,0,?,undecided
fsm-timing,492,1884,fsm-timing/nodes/00492.json,fsm-timing/nodes/01884.json,0,?,undecided
fsm-timing,492,1886,fsm-timing/nodes/00492.json,fsm-timing/nodes/01886.json,0,?,undecided
fsm-timing,492,1898,fsm-timing/nodes/00492.json,fsm-timing/nodes/01898.json,0,?,undecided
fsm-timing,492,1917,fsm-timing/nodes/00492.json,fsm-timing/nodes/01917.json,0,?,undecided
fsm-timing,492,2049,fsm-timing/nodes/00492.json,fsm-timing/nodes/02049.json,0,?,undecided
fsm-timing,492,2078,fsm-timing/nodes/00492.json,fsm-timing/nodes/02078.json,0,?,undecided
fsm-timing,492,2081,fsm-timing/nodes/00492.json,fsm-timing/nodes/02081.json,0,?,undecided
fsm-timing,492,2084,fsm-timing/nodes/00492.json,fsm-timing/nodes/02084.json,0,?,undecided
fsm-timing,492,2090,fsm-timing/nodes/00492.json,fsm-timing/nodes/02090.json,0,?,undecided
fsm-timing,492,2098,fsm-timing/nodes/00492.json,fsm-timing/nodes/02098.json,0,?,undecided
fsm-timing,492,2106,fsm-timing/nodes/00492.json,fsm-timing/nodes/02106.json,0,?,undecided
fsm-timing,492,2153,fsm-timing/nodes/00492.json,fsm-timing/nodes/02153.json,0,?,undecided
fsm-timing,492,2154,fsm-timing/nodes/00492.json,fsm-timing/nodes/02154.json,0,?,undecided
fsm-timing,492,2174,fsm-timing/nodes/00492.json,fsm-timing/nodes/02174.json,0,?,undecided
fsm-timing,492,2190,fsm-timing/nodes/00492.json,fsm-timing/nodes/02190.json,0,?,undecided
fsm-timing,492,2196,fsm-timing/nodes/00492.json,fsm-timing/nodes/02196.json,0,?,undecided
fsm-timing,492,2211,fsm-timing/nodes/00492.json,fsm-timing/nodes/02211.json,0,?,undecided
fsm-timing,492,2218,fsm-timing/nodes/00492.json,fsm-timing/nodes/02218.json,0,?,undecided
fsm-timing,492,2233,fsm-timing/nodes/00492.json,fsm-timing/nodes/02233.json,0,?,undecided
fsm-timing,492,2263,fsm-timing/nodes/00492.json,fsm-timing/nodes/02263.json,0,?,undecided
fsm-timing,494,1282,fsm-timing/nodes/00494.json,fsm-timing/nodes/01282.json,1,0,d_stronger
fsm-timing,496,1429,fsm-timing/nodes/00496.json,fsm-timing/nodes/01429.json,0,1,u_stronger
fsm-timing,496,2078,fsm-timing/nodes/00496.json,fsm-timing/nodes/02078.json,0,1,u_stronger
fsm-timing,496,2190,fsm-timing/nodes/00496.json,fsm-timing/nodes/02190.json,0,1,u_stronger
fsm-timing,503,2223,fsm-timing/nodes/00503.json,fsm-timing/nodes/02223.json,0,1,u_stronger
fsm-timing,508,369,fsm-timing/nodes/00508.json,fsm-timing/nodes/00369.json,1,0,d_stronger
fsm-timing,509,2223,fsm-timing/nodes/00509.json,fsm-timing/nodes/02223.json,0,1,u_stronger
fsm-timing,512,1715,fsm-timing/nodes/00512.json,fsm-timing/nodes/01715.json,1,0,d_stronger
fsm-timing,515,1429,fsm-timing/nodes/00515.json,fsm-timing/nodes/01429.json,0,1,u_stronger
fsm-timing,518,63,fsm-timing/nodes/00518.json,fsm-timing/nodes/00063.json,0,?,undecided
fsm-timing,518,451,fsm-timing/nodes/00518.json,fsm-timing/nodes/00451.json,0,?,undecided
fsm-timing,518,1178,fsm-timing/nodes/00518.json,fsm-timing/nodes/01178.json,0,?,undecided
fsm-timing,518,1181,fsm-timing/nodes/00518.json,fsm-timing/nodes/01181.json,0,?,undecided
fsm-timing,518,1204,fsm-timing/nodes/00518.json,fsm-timing/nodes/01204.json,0,?,undecided
fsm-timing,518,1208,fsm-timing/nodes/00518.json,fsm-timing/nodes/01208.json,0,?,undecided
fsm-timing,518,1217,fsm-timing/nodes/00518.json,fsm-timing/nodes/01217.json,0,?,undecided
fsm-timing,518,1241,fsm-timing/nodes/00518.json,fsm-timing/nodes/01241.json,0,?,undecided
fsm-timing,518,1249,fsm-timing/nodes/00518.json,fsm-timing/nodes/01249.json,0,?,undecided
fsm-timing,518,1250,fsm-timing/nodes/00518.json,fsm-timing/nodes/01250.json,0,?,undecided
fsm-timing,518,1253,fsm-timing/nodes/00518.json,fsm-timing/nodes/01253.json,0,?,undecided
fsm-timing,518,1254,fsm-timing/nodes/00518.json,fsm-timing/nodes/01254.json,0,?,undecided
fsm-timing,518,1257,fsm-timing/nodes/00518.json,fsm-timing/nodes/01257.json,0,?,undecided
fsm-timing,518,1361,fsm-timing/nodes/00518.json,fsm-timing/nodes/01361.json,0,?,undecided
fsm-timing,518,1368,fsm-timing/nodes/00518.json,fsm-timing/nodes/01368.json,0,?,undecided
fsm-timing,518,1376,fsm-timing/nodes/00518.json,fsm-timing/nodes/01376.json,0,?,undecided
fsm-timing,518,1387,fsm-timing/nodes/00518.json,fsm-timing/nodes/01387.json,0,?,undecided
fsm-timing,518,1429,fsm-timing/nodes/00518.json,fsm-timing/nodes/01429.json,0,?,undecided
fsm-timing,518,1440,fsm-timing/nodes/00518.json,fsm-timing/nodes/01440.json,0,?,undecided
fsm-timing,518,1468,fsm-timing/nodes/00518.json,fsm-timing/nodes/01468.json,0,?,undecided
fsm-timing,518,1472,fsm-timing/nodes/00518.json,fsm-timing/nodes/01472.json,0,?,undecided
fsm-timing,518,1494,fsm-timing/nodes/00518.json,fsm-timing/nodes/01494.json,0,?,undecided
fsm-timing,518,1517,fsm-timing/nodes/00518.json,fsm-timing/nodes/01517.json,0,?,undecided
fsm-timing,518,1532,fsm-timing/nodes/00518.json,fsm-timing/nodes/01532.json,0,?,undecided
fsm-timing,518,1549,fsm-timing/nodes/00518.json,fsm-timing/nodes/01549.json,0,?,undecided
fsm-timing,518,1557,fsm-timing/nodes/00518.json,fsm-timing/nodes/01557.json,0,?,undecided
fsm-timing,518,1597,fsm-timing/nodes/00518.json,fsm-timing/nodes/01597.json,0,?,undecided
fsm-timing,518,1642,fsm-timing/nodes/00518.json,fsm-timing/nodes/01642.json,0,?,undecided
fsm-timing,518,1682,fsm-timing/nodes/00518.json,fsm-timing/nodes/01682.json,0,?,undecided
fsm-timing,518,1687,fsm-timing/nodes/00518.json,fsm-timing/nodes/01687.json,0,?,undecided
fsm-timing,518,1698,fsm-timing/nodes/00518.json,fsm-timing/nodes/01698.json,0,?,undecided
fsm-timing,518,1705,fsm-timing/nodes/00518.json,fsm-timing/nodes/01705.json,0,?,undecided
fsm-timing,518,1732,fsm-timing/nodes/00518.json,fsm-timing/nodes/01732.json,0,?,undecided
fsm-timing,518,1742,fsm-timing/nodes/00518.json,fsm-timing/nodes/01742.json,0,?,undecided
fsm-timing,518,1748,fsm-timing/nodes/00518.json,fsm-timing/nodes/01748.json,0,?,undecided
fsm-timing,518,1753,fsm-timing/nodes/00518.json,fsm-timing/nodes/01753.json,0,?,undecided
fsm-timing,518,1759,fsm-timing/nodes/00518.json,fsm-timing/nodes/01759.json,0,?,undecided
fsm-timing,518,1766,fsm-timing/nodes/00518.json,fsm-timing/nodes/01766.json,0,?,undecided
fsm-timing,518,1790,fsm-timing/nodes/00518.json,fsm-timing/nodes/01790.json,0,?,undecided
fsm-timing,518,1839,fsm-timing/nodes/00518.json,fsm-timing/nodes/01839.json,0,?,undecided
fsm-timing,518,1841,fsm-timing/nodes/00518.json,fsm-timing/nodes/01841.json,0,?,undecided
fsm-timing,518,1845,fsm-timing/nodes/00518.json,fsm-timing/nodes/01845.json,0,?,undecided
fsm-timing,518,1857,fsm-timing/nodes/00518.json,fsm-timing/nodes/01857.json,0,?,undecided
fsm-timing,518,1862,fsm-timing/nodes/00518.json,fsm-timing/nodes/01862.json,0,?,undecided
fsm-timing,518,1863,fsm-timing/nodes/00518.json,fsm-timing/nodes/01863.json,0,?,undecided
fsm-timing,518,1864,fsm-timing/nodes/00518.json,fsm-timing/nodes/01864.json,0,?,undecided
fsm-timing,518,1869,fsm-timing/nodes/00518.json,fsm-timing/nodes/01869.json,0,?,undecided
fsm-timing,518,1877,fsm-timing/nodes/00518.json,fsm-timing/nodes/01877.json,0,?,undecided
fsm-timing,518,1884,fsm-timing/nodes/00518.json,fsm-timing/nodes/01884.json,0,?,undecided
fsm-timing,518,1886,fsm-timing/nodes/00518.json,fsm-timing/nodes/01886.json,0,?,undecided
fsm-timing,518,1898,fsm-timing/nodes/00518.json,fsm-timing/nodes/01898.json,0,?,undecided
fsm-timing,518,1917,fsm-timing/nodes/00518.json,fsm-timing/nodes/01917.json,0,?,undecided
fsm-timing,518,2049,fsm-timing/nodes/00518.json,fsm-timing/nodes/02049.json,0,?,undecided
fsm-timing,518,2078,fsm-timing/nodes/00518.json,fsm-timing/nodes/02078.json,0,?,undecided
fsm-timing,518,2081,fsm-timing/nodes/00518.json,fsm-timing/nodes/02081.json,0,?,undecided
fsm-timing,518,2084,fsm-timing/nodes/00518.json,fsm-timing/nodes/02084.json,0,?,undecided
fsm-timing,518,2090,fsm-timing/nodes/00518.json,fsm-timing/nodes/02090.json,0,?,undecided
fsm-timing,518,2098,fsm-timing/nodes/00518.json,fsm-timing/nodes/02098.json,0,?,undecided
fsm-timing,518,2106,fsm-timing/nodes/00518.json,fsm-timing/nodes/02106.json,0,?,undecided
fsm-timing,518,2153,fsm-timing/nodes/00518.json,fsm-timing/nodes/02153.json,0,?,undecided
fsm-timing,518,2154,fsm-timing/nodes/00518.json,fsm-timing/nodes/02154.json,0,?,undecided
fsm-timing,518,2174,fsm-timing/nodes/00518.json,fsm-timing/nodes/02174.json,0,?,undecided
fsm-timing,518,2190,fsm-timing/nodes/00518.json,fsm-timing/nodes/02190.json,0,?,undecided
fsm-timing,518,2196,fsm-timing/nodes/00518.json,fsm-timing/nodes/02196.json,0,?,undecided
fsm-timing,518,2211,fsm-timing/nodes/00518.json,fsm-timing/nodes/02211.json,0,?,undecided
fsm-timing,518,2218,fsm-timing/nodes/00518.json,fsm-timing/nodes/02218.json,0,?,undecided
fsm-timing,518,2233,fsm-timing/nodes/00518.json,fsm-timing/nodes/02233.json,0,?,undecided
fsm-timing,518,2263,fsm-timing/nodes/00518.json,fsm-timing/nodes/02263.json,0,?,undecided
fsm-timing,521,1898,fsm-timing/nodes/00521.json,fsm-timing/nodes/01898.json,0,1,u_stronger
fsm-timing,523,1794,fsm-timing/nodes/00523.json,fsm-timing/nodes/01794.json,0,1,u_stronger
fsm-timing,526,1831,fsm-timing/nodes/00526.json,fsm-timing/nodes/01831.json,0,1,u_stronger
fsm-timing,526,1914,fsm-timing/nodes/00526.json,fsm-timing/nodes/01914.json,0,1,u_stronger
fsm-timing,526,2223,fsm-timing/nodes/00526.json,fsm-timing/nodes/02223.json,0,1,u_stronger
fsm-timing,530,1710,fsm-timing/nodes/00530.json,fsm-timing/nodes/01710.json,0,1,u_stronger
fsm-timing,540,1220,fsm-timing/nodes/00540.json,fsm-timing/nodes/01220.json,0,1,u_stronger
fsm-timing,540,1688,fsm-timing/nodes/00540.json,fsm-timing/nodes/01688.json,0,1,u_stronger
fsm-timing,540,1791,fsm-timing/nodes/00540.json,fsm-timing/nodes/01791.json,0,1,u_stronger
fsm-timing,544,1715,fsm-timing/nodes/00544.json,fsm-timing/nodes/01715.json,1,0,d_stronger
fsm-timing,547,1688,fsm-timing/nodes/00547.json,fsm-timing/nodes/01688.json,0,1,u_stronger
fsm-timing,547,1794,fsm-timing/nodes/00547.json,fsm-timing/nodes/01794.json,0,1,u_stronger
fsm-timing,547,2033,fsm-timing/nodes/00547.json,fsm-timing/nodes/02033.json,0,1,u_stronger
fsm-timing,547,2170,fsm-timing/nodes/00547.json,fsm-timing/nodes/02170.json,0,1,u_stronger
fsm-timing,547,2176,fsm-timing/nodes/00547.json,fsm-timing/nodes/02176.json,0,1,u_stronger
fsm-timing,552,1526,fsm-timing/nodes/00552.json,fsm-timing/nodes/01526.json,0,1,u_stronger
fsm-timing,555,1445,fsm-timing/nodes/00555.json,fsm-timing/nodes/01445.json,1,0,d_stronger
fsm-timing,574,1688,fsm-timing/nodes/00574.json,fsm-timing/nodes/01688.json,0,1,u_stronger
fsm-timing,582,1688,fsm-timing/nodes/00582.json,fsm-timing/nodes/01688.json,0,1,u_stronger
fsm-timing,587,1850,fsm-timing/nodes/00587.json,fsm-timing/nodes/01850.json,0,1,u_stronger
fsm-timing,597,1220,fsm-timing/nodes/00597.json,fsm-timing/nodes/01220.json,0,1,u_stronger
fsm-timing,597,1688,fsm-timing/nodes/00597.json,fsm-timing/nodes/01688.json,0,1,u_stronger
fsm-timing,597,1791,fsm-timing/nodes/00597.json,fsm-timing/nodes/01791.json,0,1,u_stronger
fsm-timing,603,1208,fsm-timing/nodes/00603.json,fsm-timing/nodes/01208.json,0,1,u_stronger
fsm-timing,603,1241,fsm-timing/nodes/00603.json,fsm-timing/nodes/01241.json,0,1,u_stronger
fsm-timing,616,1757,fsm-timing/nodes/00616.json,fsm-timing/nodes/01757.json,0,1,u_stronger
fsm-timing,618,1713,fsm-timing/nodes/00618.json,fsm-timing/nodes/01713.json,0,1,u_stronger
fsm-timing,620,1757,fsm-timing/nodes/00620.json,fsm-timing/nodes/01757.json,0,1,u_stronger
fsm-timing,621,2069,fsm-timing/nodes/00621.json,fsm-timing/nodes/02069.json,1,0,d_stronger
fsm-timing,622,1242,fsm-timing/nodes/00622.json,fsm-timing/nodes/01242.json,0,1,u_stronger
fsm-timing,622,1452,fsm-timing/nodes/00622.json,fsm-timing/nodes/01452.json,0,1,u_stronger
fsm-timing,622,1463,fsm-timing/nodes/00622.json,fsm-timing/nodes/01463.json,0,1,u_stronger
fsm-timing,622,1856,fsm-timing/nodes/00622.json,fsm-timing/nodes/01856.json,0,1,u_stronger
fsm-timing,623,1599,fsm-timing/nodes/00623.json,fsm-timing/nodes/01599.json,1,0,d_stronger
fsm-timing,623,1715,fsm-timing/nodes/00623.json,fsm-timing/nodes/01715.json,1,0,d_stronger
fsm-timing,627,1292,fsm-timing/nodes/00627.json,fsm-timing/nodes/01292.json,1,0,d_stronger
fsm-timing,627,1576,fsm-timing/nodes/00627.json,fsm-timing/nodes/01576.json,1,0,d_stronger
fsm-timing,627,1715,fsm-timing/nodes/00627.json,fsm-timing/nodes/01715.json,1,0,d_stronger
fsm-timing,628,2069,fsm-timing/nodes/00628.json,fsm-timing/nodes/02069.json,1,0,d_stronger
fsm-timing,628,2194,fsm-timing/nodes/00628.json,fsm-timing/nodes/02194.json,1,0,d_stronger
fsm-timing,629,1715,fsm-timing/nodes/00629.json,fsm-timing/nodes/01715.json,1,0,d_stronger
fsm-timing,632,1510,fsm-timing/nodes/00632.json,fsm-timing/nodes/01510.json,0,1,u_stronger
fsm-timing,633,1222,fsm-timing/nodes/00633.json,fsm-timing/nodes/01222.json,0,1,u_stronger
fsm-timing,633,1438,fsm-timing/nodes/00633.json,fsm-timing/nodes/01438.json,0,1,u_stronger
fsm-timing,634,1757,fsm-timing/nodes/00634.json,fsm-timing/nodes/01757.json,0,1,u_stronger
fsm-timing,638,1316,fsm-timing/nodes/00638.json,fsm-timing/nodes/01316.json,0,1,u_stronger
fsm-timing,638,2254,fsm-timing/nodes/00638.json,fsm-timing/nodes/02254.json,0,1,u_stronger
fsm-timing,642,1429,fsm-timing/nodes/00642.json,fsm-timing/nodes/01429.json,0,1,u_stronger
fsm-timing,642,1682,fsm-timing/nodes/00642.json,fsm-timing/nodes/01682.json,0,1,u_stronger
fsm-timing,642,1710,fsm-timing/nodes/00642.json,fsm-timing/nodes/01710.json,0,1,u_stronger
fsm-timing,642,2078,fsm-timing/nodes/00642.json,fsm-timing/nodes/02078.json,0,1,u_stronger
fsm-timing,642,2190,fsm-timing/nodes/00642.json,fsm-timing/nodes/02190.json,0,1,u_stronger
fsm-timing,647,1316,fsm-timing/nodes/00647.json,fsm-timing/nodes/01316.json,0,1,u_stronger
fsm-timing,647,2254,fsm-timing/nodes/00647.json,fsm-timing/nodes/02254.json,0,1,u_stronger
fsm-timing,649,1429,fsm-timing/nodes/00649.json,fsm-timing/nodes/01429.json,0,1,u_stronger
fsm-timing,666,1178,fsm-timing/nodes/00666.json,fsm-timing/nodes/01178.json,0,1,u_stronger
fsm-timing,666,1217,fsm-timing/nodes/00666.json,fsm-timing/nodes/01217.json,0,1,u_stronger
fsm-timing,666,1429,fsm-timing/nodes/00666.json,fsm-timing/nodes/01429.json,0,1,u_stronger
fsm-timing,666,1532,fsm-timing/nodes/00666.json,fsm-timing/nodes/01532.json,0,1,u_stronger
fsm-timing,666,1682,fsm-timing/nodes/00666.json,fsm-timing/nodes/01682.json,0,1,u_stronger
fsm-timing,666,1732,fsm-timing/nodes/00666.json,fsm-timing/nodes/01732.json,0,1,u_stronger
fsm-timing,666,2078,fsm-timing/nodes/00666.json,fsm-timing/nodes/02078.json,0,1,u_stronger
fsm-timing,666,2153,fsm-timing/nodes/00666.json,fsm-timing/nodes/02153.json,0,1,u_stronger
fsm-timing,666,2154,fsm-timing/nodes/00666.json,fsm-timing/nodes/02154.json,0,1,u_stronger
fsm-timing,666,2190,fsm-timing/nodes/00666.json,fsm-timing/nodes/02190.json,0,1,u_stronger
fsm-timing,670,1183,fsm-timing/nodes/00670.json,fsm-timing/nodes/01183.json,0,1,u_stronger
fsm-timing,670,1757,fsm-timing/nodes/00670.json,fsm-timing/nodes/01757.json,0,1,u_stronger
fsm-timing,672,1429,fsm-timing/nodes/00672.json,fsm-timing/nodes/01429.json,0,1,u_stronger
fsm-timing,676,2223,fsm-timing/nodes/00676.json,fsm-timing/nodes/02223.json,0,1,u_stronger
fsm-timing,680,1241,fsm-timing/nodes/00680.json,fsm-timing/nodes/01241.json,0,1,u_stronger
fsm-timing,680,1250,fsm-timing/nodes/00680.json,fsm-timing/nodes/01250.json,0,1,u_stronger
fsm-timing,680,1682,fsm-timing/nodes/00680.json,fsm-timing/nodes/01682.json,0,1,u_stronger
fsm-timing,698,1366,fsm-timing/nodes/00698.json,fsm-timing/nodes/01366.json,0,1,u_stronger
fsm-timing,700,1307,fsm-timing/nodes/00700.json,fsm-timing/nodes/01307.json,1,0,d_stronger
fsm-timing,700,1874,fsm-timing/nodes/00700.json,fsm-timing/nodes/01874.json,1,0,d_stronger
fsm-timing,704,1792,fsm-timing/nodes/00704.json,fsm-timing/nodes/01792.json,0,1,u_stronger
fsm-timing,706,1366,fsm-timing/nodes/00706.json,fsm-timing/nodes/01366.json,0,1,u_stronger
fsm-timing,706,1466,fsm-timing/nodes/00706.json,fsm-timing/nodes/01466.json,0,1,u_stronger
fsm-timing,706,1688,fsm-timing/nodes/00706.json,fsm-timing/nodes/01688.json,0,1,u_stronger
fsm-timing,706,1831,fsm-timing/nodes/00706.json,fsm-timing/nodes/01831.json,0,1,u_stronger
fsm-timing,706,2223,fsm-timing/nodes/00706.json,fsm-timing/nodes/02223.json,0,1,u_stronger
fsm-timing,707,1366,fsm-timing/nodes/00707.json,fsm-timing/nodes/01366.json,0,1,u_stronger
fsm-timing,708,1576,fsm-timing/nodes/00708.json,fsm-timing/nodes/01576.json,1,0,d_stronger
fsm-timing,708,1715,fsm-timing/nodes/00708.json,fsm-timing/nodes/01715.json,1,0,d_stronger
fsm-timing,710,1688,fsm-timing/nodes/00710.json,fsm-timing/nodes/01688.json,0,1,u_stronger
fsm-timing,711,1366,fsm-timing/nodes/00711.json,fsm-timing/nodes/01366.json,0,1,u_stronger
fsm-timing,714,1466,fsm-timing/nodes/00714.json,fsm-timing/nodes/01466.json,0,1,u_stronger
fsm-timing,714,1688,fsm-timing/nodes/00714.json,fsm-timing/nodes/01688.json,0,1,u_stronger
fsm-timing,714,1831,fsm-timing/nodes/00714.json,fsm-timing/nodes/01831.json,0,1,u_stronger
fsm-timing,714,2223,fsm-timing/nodes/00714.json,fsm-timing/nodes/02223.json,0,1,u_stronger
fsm-timing,719,1715,fsm-timing/nodes/00719.json,fsm-timing/nodes/01715.json,1,0,d_stronger
fsm-timing,721,1791,fsm-timing/nodes/00721.json,fsm-timing/nodes/01791.json,0,1,u_stronger
fsm-timing,723,1366,fsm-timing/nodes/00723.json,fsm-timing/nodes/01366.json,0,1,u_stronger
fsm-timing,724,1366,fsm-timing/nodes/00724.json,fsm-timing/nodes/01366.json,0,1,u_stronger
fsm-timing,724,1688,fsm-timing/nodes/00724.json,fsm-timing/nodes/01688.json,0,1,u_stronger
fsm-timing,733,1429,fsm-timing/nodes/00733.json,fsm-timing/nodes/01429.json,0,1,u_stronger
fsm-timing,733,2078,fsm-timing/nodes/00733.json,fsm-timing/nodes/02078.json,0,1,u_stronger
fsm-timing,733,2153,fsm-timing/nodes/00733.json,fsm-timing/nodes/02153.json,0,1,u_stronger
fsm-timing,733,2190,fsm-timing/nodes/00733.json,fsm-timing/nodes/02190.json,0,1,u_stronger
fsm-timing,734,1257,fsm-timing/nodes/00734.json,fsm-timing/nodes/01257.json,1,0,d_stronger
fsm-timing,734,1476,fsm-timing/nodes/00734.json,fsm-timing/nodes/01476.json,1,0,d_stronger
fsm-timing,734,1517,fsm-timing/nodes/00734.json,fsm-timing/nodes/01517.json,1,0,d_stronger
fsm-timing,735,1429,fsm-timing/nodes/00735.json,fsm-timing/nodes/01429.json,0,1,u_stronger
fsm-timing,735,1682,fsm-timing/nodes/00735.json,fsm-timing/nodes/01682.json,0,1,u_stronger
fsm-timing,735,2078,fsm-timing/nodes/00735.json,fsm-timing/nodes/02078.json,0,1,u_stronger
fsm-timing,735,2153,fsm-timing/nodes/00735.json,fsm-timing/nodes/02153.json,0,1,u_stronger
fsm-timing,735,2190,fsm-timing/nodes/00735.json,fsm-timing/nodes/02190.json,0,1,u_stronger
fsm-timing,736,1429,fsm-timing/nodes/00736.json,fsm-timing/nodes/01429.json,0,1,u_stronger
fsm-timing,736,1682,fsm-timing/nodes/00736.json,fsm-timing/nodes/01682.json,0,1,u_stronger
fsm-timing,736,2078,fsm-timing/nodes/00736.json,fsm-timing/nodes/02078.json,0,1,u_stronger
fsm-timing,736,2153,fsm-timing/nodes/00736.json,fsm-timing/nodes/02153.json,0,1,u_stronger
fsm-timing,736,2190,fsm-timing/nodes/00736.json,fsm-timing/nodes/02190.json,0,1,u_stronger
fsm-timing,737,1429,fsm-timing/nodes/00737.json,fsm-timing/nodes/01429.json,0,1,u_stronger
fsm-timing,737,1682,fsm-timing/nodes/00737.json,fsm-timing/nodes/01682.json,0,1,u_stronger
fsm-timing,737,2078,fsm-timing/nodes/00737.json,fsm-timing/nodes/02078.json,0,1,u_stronger
fsm-timing,737,2153,fsm-timing/nodes/00737.json,fsm-timing/nodes/02153.json,0,1,u_stronger
fsm-timing,737,2190,fsm-timing/nodes/00737.json,fsm-timing/nodes/02190.json,0,1,u_stronger
fsm-timing,757,1429,fsm-timing/nodes/00757.json,fsm-timing/nodes/01429.json,0,1,u_stronger
fsm-timing,760,2090,fsm-timing/nodes/00760.json,fsm-timing/nodes/02090.json,0,1,u_stronger
fsm-timing,763,1366,fsm-timing/nodes/00763.json,fsm-timing/nodes/01366.json,0,1,u_stronger
fsm-timing,763,1831,fsm-timing/nodes/00763.json,fsm-timing/nodes/01831.json,0,1,u_stronger
fsm-timing,763,2223,fsm-timing/nodes/00763.json,fsm-timing/nodes/02223.json,0,1,u_stronger
fsm-timing,766,2090,fsm-timing/nodes/00766.json,fsm-timing/nodes/02090.json,0,1,u_stronger
fsm-timing,773,1178,fsm-timing/nodes/00773.json,fsm-timing/nodes/01178.json,0,1,u_stronger
fsm-timing,793,1429,fsm-timing/nodes/00793.json,fsm-timing/nodes/01429.json,0,1,u_stronger
fsm-timing,793,2190,fsm-timing/nodes/00793.json,fsm-timing/nodes/02190.json,0,1,u_stronger
fsm-timing,799,1677,fsm-timing/nodes/00799.json,fsm-timing/nodes/01677.json,0,1,u_stronger
fsm-timing,806,1429,fsm-timing/nodes/00806.json,fsm-timing/nodes/01429.json,0,1,u_stronger
fsm-timing,816,1269,fsm-timing/nodes/00816.json,fsm-timing/nodes/01269.json,0,1,u_stronger
fsm-timing,816,2223,fsm-timing/nodes/00816.json,fsm-timing/nodes/02223.json,0,1,u_stronger
fsm-timing,817,1904,fsm-timing/nodes/00817.json,fsm-timing/nodes/01904.json,1,0,d_stronger
fsm-timing,819,2223,fsm-timing/nodes/00819.json,fsm-timing/nodes/02223.json,0,1,u_stronger
fsm-timing,827,2223,fsm-timing/nodes/00827.json,fsm-timing/nodes/02223.json,0,1,u_stronger
fsm-timing,830,1357,fsm-timing/nodes/00830.json,fsm-timing/nodes/01357.json,1,0,d_stronger
fsm-timing,830,1715,fsm-timing/nodes/00830.json,fsm-timing/nodes/01715.json,1,0,d_stronger
fsm-timing,832,1630,fsm-timing/nodes/00832.json,fsm-timing/nodes/01630.json,1,0,d_stronger
fsm-timing,833,2223,fsm-timing/nodes/00833.json,fsm-timing/nodes/02223.json,0,1,u_stronger
fsm-timing,834,1429,fsm-timing/nodes/00834.json,fsm-timing/nodes/01429.json,0,1,u_stronger
fsm-timing,834,2078,fsm-timing/nodes/00834.json,fsm-timing/nodes/02078.json,0,1,u_stronger
fsm-timing,834,2153,fsm-timing/nodes/00834.json,fsm-timing/nodes/02153.json,0,1,u_stronger
fsm-timing,834,2190,fsm-timing/nodes/00834.json,fsm-timing/nodes/02190.json,0,1,u_stronger
fsm-timing,835,1273,fsm-timing/nodes/00835.json,fsm-timing/nodes/01273.json,1,0,d_stronger
fsm-timing,840,1677,fsm-timing/nodes/00840.json,fsm-timing/nodes/01677.json,0,1,u_stronger
fsm-timing,840,1856,fsm-timing/nodes/00840.json,fsm-timing/nodes/01856.json,0,1,u_stronger
fsm-timing,840,2225,fsm-timing/nodes/00840.json,fsm-timing/nodes/02225.json,0,1,u_stronger
fsm-timing,851,1494,fsm-timing/nodes/00851.json,fsm-timing/nodes/01494.json,0,1,u_stronger
fsm-timing,852,1494,fsm-timing/nodes/00852.json,fsm-timing/nodes/01494.json,0,1,u_stronger
fsm-timing,853,2035,fsm-timing/nodes/00853.json,fsm-timing/nodes/02035.json,0,1,u_stronger
fsm-timing,856,1715,fsm-timing/nodes/00856.json,fsm-timing/nodes/01715.json,1,0,d_stronger
fsm-timing,859,1340,fsm-timing/nodes/00859.json,fsm-timing/nodes/01340.json,0,1,u_stronger
fsm-timing,859,2035,fsm-timing/nodes/00859.json,fsm-timing/nodes/02035.json,0,1,u_stronger
fsm-timing,863,1687,fsm-timing/nodes/00863.json,fsm-timing/nodes/01687.json,1,0,d_stronger
fsm-timing,866,1429,fsm-timing/nodes/00866.json,fsm-timing/nodes/01429.json,0,1,u_stronger
fsm-timing,869,1681,fsm-timing/nodes/00869.json,fsm-timing/nodes/01681.json,0,1,u_stronger
fsm-timing,869,1831,fsm-timing/nodes/00869.json,fsm-timing/nodes/01831.json,0,1,u_stronger
fsm-timing,870,1429,fsm-timing/nodes/00870.json,fsm-timing/nodes/01429.json,0,1,u_stronger
fsm-timing,870,2190,fsm-timing/nodes/00870.json,fsm-timing/nodes/02190.json,0,1,u_stronger
fsm-timing,873,1429,fsm-timing/nodes/00873.json,fsm-timing/nodes/01429.json,0,1,u_stronger
fsm-timing,876,1429,fsm-timing/nodes/00876.json,fsm-timing/nodes/01429.json,0,1,u_stronger
fsm-timing,876,2190,fsm-timing/nodes/00876.json,fsm-timing/nodes/02190.json,0,1,u_stronger
fsm-timing,879,1429,fsm-timing/nodes/00879.json,fsm-timing/nodes/01429.json,0,1,u_stronger
fsm-timing,879,2190,fsm-timing/nodes/00879.json,fsm-timing/nodes/02190.json,0,1,u_stronger
fsm-timing,888,1982,fsm-timing/nodes/00888.json,fsm-timing/nodes/01982.json,0,1,u_stronger
fsm-timing,889,1429,fsm-timing/nodes/00889.json,fsm-timing/nodes/01429.json,0,1,u_stronger
fsm-timing,889,1682,fsm-timing/nodes/00889.json,fsm-timing/nodes/01682.json,0,1,u_stronger
fsm-timing,889,2078,fsm-timing/nodes/00889.json,fsm-timing/nodes/02078.json,0,1,u_stronger
fsm-timing,889,2190,fsm-timing/nodes/00889.json,fsm-timing/nodes/02190.json,0,1,u_stronger
fsm-timing,892,1429,fsm-timing/nodes/00892.json,fsm-timing/nodes/01429.json,0,1,u_stronger
fsm-timing,892,1682,fsm-timing/nodes/00892.json,fsm-timing/nodes/01682.json,0,1,u_stronger
fsm-timing,892,2078,fsm-timing/nodes/00892.json,fsm-timing/nodes/02078.json,0,1,u_stronger
fsm-timing,892,2190,fsm-timing/nodes/00892.json,fsm-timing/nodes/02190.json,0,1,u_stronger
fsm-timing,895,2223,fsm-timing/nodes/00895.json,fsm-timing/nodes/02223.json,0,1,u_stronger
fsm-timing,896,1429,fsm-timing/nodes/00896.json,fsm-timing/nodes/01429.json,0,1,u_stronger
fsm-timing,897,1429,fsm-timing/nodes/00897.json,fsm-timing/nodes/01429.json,0,1,u_stronger
fsm-timing,899,1429,fsm-timing/nodes/00899.json,fsm-timing/nodes/01429.json,0,1,u_stronger
fsm-timing,902,2223,fsm-timing/nodes/00902.json,fsm-timing/nodes/02223.json,0,1,u_stronger
fsm-timing,906,1429,fsm-timing/nodes/00906.json,fsm-timing/nodes/01429.json,0,1,u_stronger
fsm-timing,906,1682,fsm-timing/nodes/00906.json,fsm-timing/nodes/01682.json,0,1,u_stronger
fsm-timing,906,2078,fsm-timing/nodes/00906.json,fsm-timing/nodes/02078.json,0,1,u_stronger
fsm-timing,906,2190,fsm-timing/nodes/00906.json,fsm-timing/nodes/02190.json,0,1,u_stronger
fsm-timing,915,1429,fsm-timing/nodes/00915.json,fsm-timing/nodes/01429.json,0,1,u_stronger
fsm-timing,916,1429,fsm-timing/nodes/00916.json,fsm-timing/nodes/01429.json,0,1,u_stronger
fsm-timing,948,1533,fsm-timing/nodes/00948.json,fsm-timing/nodes/01533.json,0,1,u_stronger
fsm-timing,949,1369,fsm-timing/nodes/00949.json,fsm-timing/nodes/01369.json,0,1,u_stronger
fsm-timing,949,1688,fsm-timing/nodes/00949.json,fsm-timing/nodes/01688.json,0,1,u_stronger
fsm-timing,949,1882,fsm-timing/nodes/00949.json,fsm-timing/nodes/01882.json,0,1,u_stronger
fsm-timing,949,2223,fsm-timing/nodes/00949.json,fsm-timing/nodes/02223.json,0,1,u_stronger
fsm-timing,962,1682,fsm-timing/nodes/00962.json,fsm-timing/nodes/01682.json,0,1,u_stronger
fsm-timing,974,2078,fsm-timing/nodes/00974.json,fsm-timing/nodes/02078.json,0,1,u_stronger
fsm-timing,974,2190,fsm-timing/nodes/00974.json,fsm-timing/nodes/02190.json,0,1,u_stronger
fsm-timing,979,2190,fsm-timing/nodes/00979.json,fsm-timing/nodes/02190.json,0,1,u_stronger
fsm-timing,987,2035,fsm-timing/nodes/00987.json,fsm-timing/nodes/02035.json,0,1,u_stronger
fsm-timing,989,2078,fsm-timing/nodes/00989.json,fsm-timing/nodes/02078.json,0,1,u_stronger
fsm-timing,993,1429,fsm-timing/nodes/00993.json,fsm-timing/nodes/01429.json,0,1,u_stronger
fsm-timing,993,2190,fsm-timing/nodes/00993.json,fsm-timing/nodes/02190.json,0,1,u_stronger
fsm-timing,995,1282,fsm-timing/nodes/00995.json,fsm-timing/nodes/01282.json,1,0,d_stronger
fsm-timing,1002,1429,fsm-timing/nodes/01002.json,fsm-timing/nodes/01429.json,0,1,u_stronger
fsm-timing,1002,2078,fsm-timing/nodes/01002.json,fsm-timing/nodes/02078.json,0,1,u_stronger
fsm-timing,1002,2190,fsm-timing/nodes/01002.json,fsm-timing/nodes/02190.json,0,1,u_stronger
fsm-timing,1003,1201,fsm-timing/nodes/01003.json,fsm-timing/nodes/01201.json,1,0,d_stronger
fsm-timing,1003,1549,fsm-timing/nodes/01003.json,fsm-timing/nodes/01549.json,1,0,d_stronger
fsm-timing,1004,2090,fsm-timing/nodes/01004.json,fsm-timing/nodes/02090.json,0,1,u_stronger
fsm-timing,1011,1429,fsm-timing/nodes/01011.json,fsm-timing/nodes/01429.json,0,1,u_stronger
fsm-timing,1019,1361,fsm-timing/nodes/01019.json,fsm-timing/nodes/01361.json,0,1,u_stronger
fsm-timing,1019,1494,fsm-timing/nodes/01019.json,fsm-timing/nodes/01494.json,0,1,u_stronger
fsm-timing,1019,1539,fsm-timing/nodes/01019.json,fsm-timing/nodes/01539.json,0,1,u_stronger
fsm-timing,1030,1297,fsm-timing/nodes/01030.json,fsm-timing/nodes/01297.json,1,0,d_stronger
fsm-timing,1034,2174,fsm-timing/nodes/01034.json,fsm-timing/nodes/02174.json,1,0,d_stronger
fsm-timing,1035,2222,fsm-timing/nodes/01035.json,fsm-timing/nodes/02222.json,1,0,d_stronger
fsm-timing,1056,1242,fsm-timing/nodes/01056.json,fsm-timing/nodes/01242.json,0,1,u_stronger
fsm-timing,1056,1452,fsm-timing/nodes/01056.json,fsm-timing/nodes/01452.json,0,1,u_stronger
fsm-timing,1056,1463,fsm-timing/nodes/01056.json,fsm-timing/nodes/01463.json,0,1,u_stronger
fsm-timing,1056,1856,fsm-timing/nodes/01056.json,fsm-timing/nodes/01856.json,0,1,u_stronger
fsm-timing,1059,1269,fsm-timing/nodes/01059.json,fsm-timing/nodes/01269.json,0,1,u_stronger
fsm-timing,1059,2223,fsm-timing/nodes/01059.json,fsm-timing/nodes/02223.json,0,1,u_stronger
fsm-timing,1061,1845,fsm-timing/nodes/01061.json,fsm-timing/nodes/01845.json,1,0,d_stronger
fsm-timing,1061,1917,fsm-timing/nodes/01061.json,fsm-timing/nodes/01917.json,1,0,d_stronger
fsm-timing,1063,1429,fsm-timing/nodes/01063.json,fsm-timing/nodes/01429.json,0,1,u_stronger
fsm-timing,1067,2223,fsm-timing/nodes/01067.json,fsm-timing/nodes/02223.json,0,1,u_stronger
fsm-timing,1072,1429,fsm-timing/nodes/01072.json,fsm-timing/nodes/01429.json,0,1,u_stronger
fsm-timing,1077,1429,fsm-timing/nodes/01077.json,fsm-timing/nodes/01429.json,0,1,u_stronger
fsm-timing,1084,1220,fsm-timing/nodes/01084.json,fsm-timing/nodes/01220.json,0,1,u_stronger
fsm-timing,1084,1369,fsm-timing/nodes/01084.json,fsm-timing/nodes/01369.json,0,1,u_stronger
fsm-timing,1086,2090,fsm-timing/nodes/01086.json,fsm-timing/nodes/02090.json,0,1,u_stronger
fsm-timing,1086,2153,fsm-timing/nodes/01086.json,fsm-timing/nodes/02153.json,0,1,u_stronger
fsm-timing,1086,2154,fsm-timing/nodes/01086.json,fsm-timing/nodes/02154.json,0,1,u_stronger
fsm-timing,1089,2170,fsm-timing/nodes/01089.json,fsm-timing/nodes/02170.json,0,1,u_stronger
fsm-timing,1090,1831,fsm-timing/nodes/01090.json,fsm-timing/nodes/01831.json,0,1,u_stronger
fsm-timing,1090,2223,fsm-timing/nodes/01090.json,fsm-timing/nodes/02223.json,0,1,u_stronger
fsm-timing,1094,1429,fsm-timing/nodes/01094.json,fsm-timing/nodes/01429.json,0,1,u_stronger
fsm-timing,1103,1217,fsm-timing/nodes/01103.json,fsm-timing/nodes/01217.json,0,1,u_stronger
fsm-timing,1103,1494,fsm-timing/nodes/01103.json,fsm-timing/nodes/01494.json,0,1,u_stronger
fsm-timing,1112,1429,fsm-timing/nodes/01112.json,fsm-timing/nodes/01429.json,0,1,u_stronger
fsm-timing,1119,1429,fsm-timing/nodes/01119.json,fsm-timing/nodes/01429.json,0,1,u_stronger
fsm-timing,1126,1599,fsm-timing/nodes/01126.json,fsm-timing/nodes/01599.json,1,0,d_stronger
fsm-timing,1126,1715,fsm-timing/nodes/01126.json,fsm-timing/nodes/01715.json,1,0,d_stronger
fsm-timing,1129,1429,fsm-timing/nodes/01129.json,fsm-timing/nodes/01429.json,0,1,u_stronger
fsm-timing,1129,2078,fsm-timing/nodes/01129.json,fsm-timing/nodes/02078.json,0,1,u_stronger
fsm-timing,1144,1429,fsm-timing/nodes/01144.json,fsm-timing/nodes/01429.json,0,1,u_stronger
fsm-timing,1156,2090,fsm-timing/nodes/01156.json,fsm-timing/nodes/02090.json,0,1,u_stronger
fsm-timing,1159,2078,fsm-timing/nodes/01159.json,fsm-timing/nodes/02078.json,0,1,u_stronger
fsm-timing,1159,2190,fsm-timing/nodes/01159.json,fsm-timing/nodes/02190.json,0,1,u_stronger
fsm-timing,1160,1217,fsm-timing/nodes/01160.json,fsm-timing/nodes/01217.json,0,1,u_stronger
fsm-timing,1160,1494,fsm-timing/nodes/01160.json,fsm-timing/nodes/01494.json,0,1,u_stronger
fsm-timing,1164,2090,fsm-timing/nodes/01164.json,fsm-timing/nodes/02090.json,0,1,u_stronger
fsm-timing,1175,1289,fsm-timing/nodes/01175.json,fsm-timing/nodes/01289.json,1,0,d_stronger
liquid-mixer,31,2562,liquid-mixer/nodes/00031.json,liquid-mixer/nodes/02562.json,0,1,u_stronger
liquid-mixer,31,2568,liquid-mixer/nodes/00031.json,liquid-mixer/nodes/02568.json,0,1,u_stronger
liquid-mixer,31,2747,liquid-mixer/nodes/00031.json,liquid-mixer/nodes/02747.json,0,1,u_stronger
liquid-mixer,31,2768,liquid-mixer/nodes/00031.json,liquid-mixer/nodes/02768.json,0,1,u_stronger
liquid-mixer,31,2772,liquid-mixer/nodes/00031.json,liquid-mixer/nodes/02772.json,0,1,u_stronger
liquid-mixer,31,2784,liquid-mixer/nodes/00031.json,liquid-mixer/nodes/02784.json,0,1,u_stronger
liquid-mixer,31,3160,liquid-mixer/nodes/00031.json,liquid-mixer/nodes/03160.json,0,1,u_stronger
liquid-mixer,45,2577,liquid-mixer/nodes/00045.json,liquid-mixer/nodes/02577.json,0,1,u_stronger
liquid-mixer,96,3454,liquid-mixer/nodes/00096.json,liquid-mixer/nodes/03454.json,1,0,d_stronger
liquid-mixer,159,3449,liquid-mixer/nodes/00159.json,liquid-mixer/nodes/03449.json,0,1,u_stronger
liquid-mixer,172,2692,liquid-mixer/nodes/00172.json,liquid-mixer/nodes/02692.json,0,1,u_stronger
liquid-mixer,175,2689,liquid-mixer/nodes/00175.json,liquid-mixer/nodes/02689.json,0,1,u_stronger
liquid-mixer,416,4102,liquid-mixer/nodes/00416.json,liquid-mixer/nodes/04102.json,1,0,d_stronger
liquid-mixer,447,3253,liquid-mixer/nodes/00447.json,liquid-mixer/nodes/03253.json,0,1,u_stronger
liquid-mixer,455,2691,liquid-mixer/nodes/00455.json,liquid-mixer/nodes/02691.json,0,1,u_stronger
liquid-mixer,492,3253,liquid-mixer/nodes/00492.json,liquid-mixer/nodes/03253.json,0,1,u_stronger
liquid-mixer,562,4407,liquid-mixer/nodes/00562.json,liquid-mixer/nodes/04407.json,1,0,d_stronger
liquid-mixer,565,2568,liquid-mixer/nodes/00565.json,liquid-mixer/nodes/02568.json,0,1,u_stronger
liquid-mixer,565,2747,liquid-mixer/nodes/00565.json,liquid-mixer/nodes/02747.json,0,1,u_stronger
liquid-mixer,565,2768,liquid-mixer/nodes/00565.json,liquid-mixer/nodes/02768.json,0,1,u_stronger
liquid-mixer,565,2772,liquid-mixer/nodes/00565.json,liquid-mixer/nodes/02772.json,0,1,u_stronger
liquid-mixer,569,3730,liquid-mixer/nodes/00569.json,liquid-mixer/nodes/03730.json,1,0,d_stronger
liquid-mixer,595,4407,liquid-mixer/nodes/00595.json,liquid-mixer/nodes/04407.json,1,0,d_stronger
liquid-mixer,658,3253,liquid-mixer/nodes/00658.json,liquid-mixer/nodes/03253.json,0,1,u_stronger
liquid-mixer,672,2989,liquid-mixer/nodes/00672.json,liquid-mixer/nodes/02989.json,1,0,d_stronger
liquid-mixer,697,4102,liquid-mixer/nodes/00697.json,liquid-mixer/nodes/04102.json,1,0,d_stronger
liquid-mixer,763,4125,liquid-mixer/nodes/00763.json,liquid-mixer/nodes/04125.json,0,1,u_stronger
liquid-mixer,775,3103,liquid-mixer/nodes/00775.json,liquid-mixer/nodes/03103.json,0,1,u_stronger
liquid-mixer,988,4438,liquid-mixer/nodes/00988.json,liquid-mixer/nodes/04438.json,1,0,d_stronger
liquid-mixer,1064,3735,liquid-mixer/nodes/01064.json,liquid-mixer/nodes/03735.json,0,1,u_stronger
liquid-mixer,1141,2568,liquid-mixer/nodes/01141.json,liquid-mixer/nodes/02568.json,0,1,u_stronger
liquid-mixer,1141,2747,liquid-mixer/nodes/01141.json,liquid-mixer/nodes/02747.json,0,1,u_stronger
liquid-mixer,1141,2768,liquid-mixer/nodes/01141.json,liquid-mixer/nodes/02768.json,0,1,u_stronger
liquid-mixer,1141,2772,liquid-mixer/nodes/01141.json,liquid-mixer/nodes/02772.json,0,1,u_stronger
liquid-mixer,1151,2732,liquid-mixer/nodes/01151.json,liquid-mixer/nodes/02732.json,0,1,u_stronger
liquid-mixer,1169,2915,liquid-mixer/nodes/01169.json,liquid-mixer/nodes/02915.json,1,0,d_stronger
liquid-mixer,1176,3688,liquid-mixer/nodes/01176.json,liquid-mixer/nodes/03688.json,0,1,u_stronger
liquid-mixer,1213,2840,liquid-mixer/nodes/01213.json,liquid-mixer/nodes/02840.json,0,1,u_stronger
liquid-mixer,1213,2857,liquid-mixer/nodes/01213.json,liquid-mixer/nodes/02857.json,0,1,u_stronger
liquid-mixer,1270,2550,liquid-mixer/nodes/01270.json,liquid-mixer/nodes/02550.json,1,0,d_stronger
liquid-mixer,1284,4305,liquid-mixer/nodes/01284.json,liquid-mixer/nodes/04305.json,1,0,d_stronger
liquid-mixer,1513,4538,liquid-mixer/nodes/01513.json,liquid-mixer/nodes/04538.json,0,1,u_stronger
liquid-mixer,1546,2629,liquid-mixer/nodes/01546.json,liquid-mixer/nodes/02629.json,0,1,u_stronger
liquid-mixer,1591,3253,liquid-mixer/nodes/01591.json,liquid-mixer/nodes/03253.json,0,1,u_stronger
liquid-mixer,1595,4407,liquid-mixer/nodes/01595.json,liquid-mixer/nodes/04407.json,1,0,d_stronger
liquid-mixer,1604,3724,liquid-mixer/nodes/01604.json,liquid-mixer/nodes/03724.json,0,1,u_stronger
liquid-mixer,1619,2541,liquid-mixer/nodes/01619.json,liquid-mixer/nodes/02541.json,1,0,d_stronger
liquid-mixer,1626,3160,liquid-mixer/nodes/01626.json,liquid-mixer/nodes/03160.json,0,1,u_stronger
liquid-mixer,1648,2768,liquid-mixer/nodes/01648.json,liquid-mixer/nodes/02768.json,0,1,u_stronger
liquid-mixer,1648,3152,liquid-mixer/nodes/01648.json,liquid-mixer/nodes/03152.json,0,1,u_stronger
liquid-mixer,1648,3196,liquid-mixer/nodes/01648.json,liquid-mixer/nodes/03196.json,0,1,u_stronger
liquid-mixer,1648,3203,liquid-mixer/nodes/01648.json,liquid-mixer/nodes/03203.json,0,1,u_stronger
liquid-mixer,1719,3238,liquid-mixer/nodes/01719.json,liquid-mixer/nodes/03238.json,0,1,u_stronger
liquid-mixer,1728,3381,liquid-mixer/nodes/01728.json,liquid-mixer/nodes/03381.json,0,1,u_stronger
liquid-mixer,1730,2927,liquid-mixer/nodes/01730.json,liquid-mixer/nodes/02927.json,0,1,u_stronger
liquid-mixer,1761,4022,liquid-mixer/nodes/01761.json,liquid-mixer/nodes/04022.json,0,1,u_stronger
liquid-mixer,1780,4407,liquid-mixer/nodes/01780.json,liquid-mixer/nodes/04407.json,1,0,d_stronger
liquid-mixer,1784,3381,liquid-mixer/nodes/01784.json,liquid-mixer/nodes/03381.json,0,1,u_stronger
liquid-mixer,1823,3928,liquid-mixer/nodes/01823.json,liquid-mixer/nodes/03928.json,0,1,u_stronger
liquid-mixer,1842,2569,liquid-mixer/nodes/01842.json,liquid-mixer/nodes/02569.json,0,1,u_stronger
liquid-mixer,1842,2732,liquid-mixer/nodes/01842.json,liquid-mixer/nodes/02732.json,0,1,u_stronger
liquid-mixer,1842,3160,liquid-mixer/nodes/01842.json,liquid-mixer/nodes/03160.json,0,1,u_stronger
liquid-mixer,1842,4497,liquid-mixer/nodes/01842.json,liquid-mixer/nodes/04497.json,0,1,u_stronger
liquid-mixer,1988,4021,liquid-mixer/nodes/01988.json,liquid-mixer/nodes/04021.json,1,0,d_stronger
liquid-mixer,2007,3688,liquid-mixer/nodes/02007.json,liquid-mixer/nodes/03688.json,0,1,u_stronger
liquid-mixer,2023,2691,liquid-mixer/nodes/02023.json,liquid-mixer/nodes/02691.json,0,1,u_stronger
liquid-mixer,2069,4497,liquid-mixer/nodes/02069.json,liquid-mixer/nodes/04497.json,0,1,u_stronger
liquid-mixer,2084,4343,liquid-mixer/nodes/02084.json,liquid-mixer/nodes/04343.json,1,0,d_stronger
liquid-mixer,2101,1237,liquid-mixer/nodes/02101.json,liquid-mixer/nodes/01237.json,1,0,d_stronger
liquid-mixer,2144,4348,liquid-mixer/nodes/02144.json,liquid-mixer/nodes/04348.json,1,0,d_stronger
liquid-mixer,2154,3730,liquid-mixer/nodes/02154.json,liquid-mixer/nodes/03730.json,1,0,d_stronger
liquid-mixer,2204,3176,liquid-mixer/nodes/02204.json,liquid-mixer/nodes/03176.json,0,1,u_stronger
liquid-mixer,2224,2669,liquid-mixer/nodes/02224.json,liquid-mixer/nodes/02669.json,0,1,u_stronger
liquid-mixer,2224,4529,liquid-mixer/nodes/02224.json,liquid-mixer/nodes/04529.json,0,1,u_stronger
liquid-mixer,2226,3688,liquid-mixer/nodes/02226.json,liquid-mixer/nodes/03688.json,0,1,u_stronger
liquid-mixer,2227,3520,liquid-mixer/nodes/02227.json,liquid-mixer/nodes/03520.json,0,1,u_stronger
liquid-mixer,2237,2747,liquid-mixer/nodes/02237.json,liquid-mixer/nodes/02747.json,0,1,u_stronger
liquid-mixer,2239,2768,liquid-mixer/nodes/02239.json,liquid-mixer/nodes/02768.json,0,1,u_stronger
liquid-mixer,2239,2772,liquid-mixer/nodes/02239.json,liquid-mixer/nodes/02772.json,0,1,u_stronger
liquid-mixer,2239,3196,liquid-mixer/nodes/02239.json,liquid-mixer/nodes/03196.json,0,1,u_stronger
liquid-mixer,2239,4054,liquid-mixer/nodes/02239.json,liquid-mixer/nodes/04054.json,0,1,u_stronger
liquid-mixer,2271,2575,liquid-mixer/nodes/02271.json,liquid-mixer/nodes/02575.json,1,0,d_stronger
liquid-mixer,2298,4322,liquid-mixer/nodes/02298.json,liquid-mixer/nodes/04322.json,0,1,u_stronger
liquid-mixer,2443,2795,liquid-mixer/nodes/02443.json,liquid-mixer/nodes/02795.json,0,1,u_stronger
liquid-mixer,2450,2640,liquid-mixer/nodes/02450.json,liquid-mixer/nodes/02640.json,0,1,u_stronger
liquid-mixer,2491,3114,liquid-mixer/nodes/02491.json,liquid-mixer/nodes/03114.json,0,1,u_stronger
liquid-mixer,2491,3123,liquid-mixer/nodes/02491.json,liquid-mixer/nodes/03123.json,0,1,u_stronger
liquid-mixer,2522,362,liquid-mixer/nodes/02522.json,liquid-mixer/nodes/00362.json,1,0,d_stronger
lpc-mini-core1,2,1866,lpc-mini-core1/nodes/00002.json,lpc-mini-core1/nodes/01866.json,0,1,u_stronger
lpc-mini-core1,5,1878,lpc-mini-core1/nodes/00005.json,lpc-mini-core1/nodes/01878.json,0,1,u_stronger
lpc-mini-core1,7,2462,lpc-mini-core1/nodes/00007.json,lpc-mini-core1/nodes/02462.json,0,1,u_stronger
lpc-mini-core1,7,3006,lpc-mini-core1/nodes/00007.json,lpc-mini-core1/nodes/03006.json,0,1,u_stronger
lpc-mini-core1,11,11,lpc-mini-core1/nodes/00011.json,lpc-mini-core1/nodes/00011.json,1,1,equivalent
lpc-mini-core1,38,2502,lpc-mini-core1/nodes/00038.json,lpc-mini-core1/nodes/02502.json,0,1,u_stronger
lpc-mini-core1,38,3464,lpc-mini-core1/nodes/00038.json,lpc-mini-core1/nodes/03464.json,0,1,u_stronger
lpc-mini-core1,39,1870,lpc-mini-core1/nodes/00039.json,lpc-mini-core1/nodes/01870.json,0,1,u_stronger
lpc-mini-core1,52,2406,lpc-mini-core1/nodes/00052.json,lpc-mini-core1/nodes/02406.json,0,1,u_stronger
lpc-mini-core1,52,3680,lpc-mini-core1/nodes/00052.json,lpc-mini-core1/nodes/03680.json,0,1,u_stronger
lpc-mini-core1,54,2259,lpc-mini-core1/nodes/00054.json,lpc-mini-core1/nodes/02259.json,1,0,d_stronger
lpc-mini-core1,59,2406,lpc-mini-core1/nodes/00059.json,lpc-mini-core1/nodes/02406.json,0,1,u_stronger
lpc-mini-core1,59,3680,lpc-mini-core1/nodes/00059.json,lpc-mini-core1/nodes/03680.json,0,1,u_stronger
lpc-mini-core1,67,1904,lpc-mini-core1/nodes/00067.json,lpc-mini-core1/nodes/01904.json,0,1,u_stronger
lpc-mini-core1,67,1905,lpc-mini-core1/nodes/00067.json,lpc-mini-core1/nodes/01905.json,0,1,u_stronger
lpc-mini-core1,67,3244,lpc-mini-core1/nodes/00067.json,lpc-mini-core1/nodes/03244.json,0,1,u_stronger
lpc-mini-core1,78,1973,lpc-mini-core1/nodes/00078.json,lpc-mini-core1/nodes/01973.json,0,1,u_stronger
lpc-mini-core1,79,2968,lpc-mini-core1/nodes/00079.json,lpc-mini-core1/nodes/02968.json,0,1,u_stronger
lpc-mini-core1,83,2869,lpc-mini-core1/nodes/00083.json,lpc-mini-core1/nodes/02869.json,0,1,u_stronger
lpc-mini-core1,84,2869,lpc-mini-core1/nodes/00084.json,lpc-mini-core1/nodes/02869.json,0,1,u_stronger
lpc-mini-core1,90,1540,lpc-mini-core1/nodes/00090.json,lpc-mini-core1/nodes/01540.json,1,0,d_stronger
lpc-mini-core1,104,2828,lpc-mini-core1/nodes/00104.json,lpc-mini-core1/nodes/02828.json,0,1,u_stronger
lpc-mini-core1,110,2211,lpc-mini-core1/nodes/00110.json,lpc-mini-core1/nodes/02211.json,0,1,u_stronger
lpc-mini-core1,110,2991,lpc-mini-core1/nodes/00110.json,lpc-mini-core1/nodes/02991.json,0,1,u_stronger
lpc-mini-core1,117,3568,lpc-mini-core1/nodes/00117.json,lpc-mini-core1/nodes/03568.json,1,0,d_stronger
lpc-mini-core1,122,2793,lpc-mini-core1/nodes/00122.json,lpc-mini-core1/nodes/02793.json,1,1,equivalent
lpc-mini-core1,124,1973,lpc-mini-core1/nodes/00124.json,lpc-mini-core1/nodes/01973.json,0,1,u_stronger
lpc-mini-core1,124,2507,lpc-mini-core1/nodes/00124.json,lpc-mini-core1/nodes/02507.json,0,?,undecided
lpc-mini-core1,124,2540,lpc-mini-core1/nodes/00124.json,lpc-mini-core1/nodes/02540.json,0,?,undecided
lpc-mini-core1,124,2545,lpc-mini-core1/nodes/00124.json,lpc-mini-core1/nodes/02545.json,0,?,undecided
lpc-mini-core1,124,2546,lpc-mini-core1/nodes/00124.json,lpc-mini-core1/nodes/02546.json,0,?,undecided
lpc-mini-core1,125,2002,lpc-mini-core1/nodes/00125.json,lpc-mini-core1/nodes/02002.json,0,1,u_stronger
lpc-mini-core1,126,2273,lpc-mini-core1/nodes/00126.json,lpc-mini-core1/nodes/02273.json,0,1,u_stronger
lpc-mini-core1,126,2510,lpc-mini-core1/nodes/00126.json,lpc-mini-core1/nodes/02510.json,0,?,undecided
lpc-mini-core1,126,2638,lpc-mini-core1/nodes/00126.json,lpc-mini-core1/nodes/02638.json,0,1,u_stronger
lpc-mini-core1,129,2002,lpc-mini-core1/nodes/00129.json,lpc-mini-core1/nodes/02002.json,0,1,u_stronger
lpc-mini-core1,130,2270,lpc-mini-core1/nodes/00130.json,lpc-mini-core1/nodes/02270.json,1,0,d_stronger
lpc-mini-core1,137,2060,lpc-mini-core1/nodes/00137.json,lpc-mini-core1/nodes/02060.json,0,1,u_stronger
lpc-mini-core1,137,3204,lpc-mini-core1/nodes/00137.json,lpc-mini-core1/nodes/03204.json,0,1,u_stronger
lpc-mini-core1,140,1985,lpc-mini-core1/nodes/00140.json,lpc-mini-core1/nodes/01985.json,0,1,u_stronger
lpc-mini-core1,141,2770,lpc-mini-core1/nodes/00141.json,lpc-mini-core1/nodes/02770.json,0,1,u_stronger
lpc-mini-core1,148,1981,lpc-mini-core1/nodes/00148.json,lpc-mini-core1/nodes/01981.json,0,1,u_stronger
lpc-mini-core1,149,2002,lpc-mini-core1/nodes/00149.json,lpc-mini-core1/nodes/02002.json,0,1,u_stronger
lpc-mini-core1,155,2257,lpc-mini-core1/nodes/00155.json,lpc-mini-core1/nodes/02257.json,0,1,u_stronger
lpc-mini-core1,162,2698,lpc-mini-core1/nodes/00162.json,lpc-mini-core1/nodes/02698.json,0,1,u_stronger
lpc-mini-core1,162,2869,lpc-mini-core1/nodes/00162.json,lpc-mini-core1/nodes/02869.json,0,1,u_stronger
lpc-mini-core1,162,3650,lpc-mini-core1/nodes/00162.json,lpc-mini-core1/nodes/03650.json,0,1,u_stronger
lpc-mini-core1,165,2002,lpc-mini-core1/nodes/00165.json,lpc-mini-core1/nodes/02002.json,0,1,u_stronger
lpc-mini-core1,176,2002,lpc-mini-core1/nodes/00176.json,lpc-mini-core1/nodes/02002.json,0,1,u_stronger
lpc-mini-core1,178,2002,lpc-mini-core1/nodes/00178.json,lpc-mini-core1/nodes/02002.json,0,1,u_stronger
lpc-mini-core1,180,3396,lpc-mini-core1/nodes/00180.json,lpc-mini-core1/nodes/03396.json,1,0,d_stronger
lpc-mini-core1,182,2002,lpc-mini-core1/nodes/00182.json,lpc-mini-core1/nodes/02002.json,0,1,u_stronger
lpc-mini-core1,192,2406,lpc-mini-core1/nodes/00192.json,lpc-mini-core1/nodes/02406.json,0,1,u_stronger
lpc-mini-core1,192,3680,lpc-mini-core1/nodes/00192.json,lpc-mini-core1/nodes/03680.json,0,1,u_stronger
lpc-mini-core1,194,2002,lpc-mini-core1/nodes/00194.json,lpc-mini-core1/nodes/02002.json,0,1,u_stronger
lpc-mini-core1,197,2002,lpc-mini-core1/nodes/00197.json,lpc-mini-core1/nodes/02002.json,0,1,u_stronger
lpc-mini-core1,199,2002,lpc-mini-core1/nodes/00199.json,lpc-mini-core1/nodes/02002.json,0,1,u_stronger
lpc-mini-core1,204,2002,lpc-mini-core1/nodes/00204.json,lpc-mini-core1/nodes/02002.json,0,1,u_stronger
lpc-mini-core1,204,3562,lpc-mini-core1/nodes/00204.json,lpc-mini-core1/nodes/03562.json,0,1,u_stronger
lpc-mini-core1,210,3380,lpc-mini-core1/nodes/00210.json,lpc-mini-core1/nodes/03380.json,?,0,undecided
lpc-mini-core1,212,2054,lpc-mini-core1/nodes/00212.json,lpc-mini-core1/nodes/02054.json,0,1,u_stronger
lpc-mini-core1,213,2257,lpc-mini-core1/nodes/00213.json,lpc-mini-core1/nodes/02257.json,0,1,u_stronger
lpc-mini-core1,216,2002,lpc-mini-core1/nodes/00216.json,lpc-mini-core1/nodes/02002.json,0,1,u_stronger
lpc-mini-core1,216,2593,lpc-mini-core1/nodes/00216.json,lpc-mini-core1/nodes/02593.json,0,1,u_stronger
lpc-mini-core1,220,2860,lpc-mini-core1/nodes/00220.json,lpc-mini-core1/nodes/02860.json,?,0,undecided
lpc-mini-core1,223,2054,lpc-mini-core1/nodes/00223.json,lpc-mini-core1/nodes/02054.json,0,1,u_stronger
lpc-mini-core1,232,2002,lpc-mini-core1/nodes/00232.json,lpc-mini-core1/nodes/02002.json,0,1,u_stronger
lpc-mini-core1,233,3380,lpc-mini-core1/nodes/00233.json,lpc-mini-core1/nodes/03380.json,?,0,undecided
lpc-mini-core1,239,2059,lpc-mini-core1/nodes/00239.json,lpc-mini-core1/nodes/02059.json,0,1,u_stronger
lpc-mini-core1,241,2054,lpc-mini-core1/nodes/00241.json,lpc-mini-core1/nodes/02054.json,0,1,u_stronger
lpc-mini-core1,242,1883,lpc-mini-core1/nodes/00242.json,lpc-mini-core1/nodes/01883.json,0,1,u_stronger
lpc-mini-core1,243,243,lpc-mini-core1/nodes/00243.json,lpc-mini-core1/nodes/00243.json,1,1,equivalent
lpc-mini-core1,255,2330,lpc-mini-core1/nodes/00255.json,lpc-mini-core1/nodes/02330.json,0,1,u_stronger
lpc-mini-core1,255,2406,lpc-mini-core1/nodes/00255.json,lpc-mini-core1/nodes/02406.json,0,1,u_stronger
lpc-mini-core1,255,3680,lpc-mini-core1/nodes/00255.json,lpc-mini-core1/nodes/03680.json,0,1,u_stronger
lpc-mini-core1,265,2406,lpc-mini-core1/nodes/00265.json,lpc-mini-core1/nodes/02406.json,0,1,u_stronger
lpc-mini-core1,265,3680,lpc-mini-core1/nodes/00265.json,lpc-mini-core1/nodes/03680.json,0,1,u_stronger
lpc-mini-core1,266,2417,lpc-mini-core1/nodes/00266.json,lpc-mini-core1/nodes/02417.json,1,0,d_stronger
lpc-mini-core1,270,940,lpc-mini-core1/nodes/00270.json,lpc-mini-core1/nodes/00940.json,1,0,d_stronger
lpc-mini-core1,274,2406,lpc-mini-core1/nodes/00274.json,lpc-mini-core1/nodes/02406.json,0,1,u_stronger
lpc-mini-core1,274,3680,lpc-mini-core1/nodes/00274.json,lpc-mini-core1/nodes/03680.json,0,1,u_stronger
lpc-mini-core1,275,3217,lpc-mini-core1/nodes/00275.json,lpc-mini-core1/nodes/03217.json,1,0,d_stronger
lpc-mini-core1,275,3221,lpc-mini-core1/nodes/00275.json,lpc-mini-core1/nodes/03221.json,1,0,d_stronger
lpc-mini-core1,280,2853,lpc-mini-core1/nodes/00280.json,lpc-mini-core1/nodes/02853.json,0,1,u_stronger
lpc-mini-core1,284,2406,lpc-mini-core1/nodes/00284.json,lpc-mini-core1/nodes/02406.json,0,1,u_stronger
lpc-mini-core1,284,3028,lpc-mini-core1/nodes/00284.json,lpc-mini-core1/nodes/03028.json,0,?,undecided
lpc-mini-core1,284,3680,lpc-mini-core1/nodes/00284.json,lpc-mini-core1/nodes/03680.json,0,1,u_stronger
lpc-mini-core1,285,2502,lpc-mini-core1/nodes/00285.json,lpc-mini-core1/nodes/02502.json,0,1,u_stronger
lpc-mini-core1,285,3464,lpc-mini-core1/nodes/00285.json,lpc-mini-core1/nodes/03464.json,0,1,u_stronger
lpc-mini-core1,292,3198,lpc-mini-core1/nodes/00292.json,lpc-mini-core1/nodes/03198.json,0,1,u_stronger
lpc-mini-core1,298,2111,lpc-mini-core1/nodes/00298.json,lpc-mini-core1/nodes/02111.json,0,1,u_stronger
lpc-mini-core1,298,2164,lpc-mini-core1/nodes/00298.json,lpc-mini-core1/nodes/02164.json,0,1,u_stronger
lpc-mini-core1,299,2121,lpc-mini-core1/nodes/00299.json,lpc-mini-core1/nodes/02121.json,1,1,equivalent
lpc-mini-core1,301,301,lpc-mini-core1/nodes/00301.json,lpc-mini-core1/nodes/00301.json,1,1,equivalent
lpc-mini-core1,307,1998,lpc-mini-core1/nodes/00307.json,lpc-mini-core1/nodes/01998.json,0,1,u_stronger
lpc-mini-core1,307,2502,lpc-mini-core1/nodes/00307.json,lpc-mini-core1/nodes/02502.json,0,1,u_stronger
lpc-mini-core1,307,3388,lpc-mini-core1/nodes/00307.json,lpc-mini-core1/nodes/03388.json,0,1,u_stronger
lpc-mini-core1,310,2589,lpc-mini-core1/nodes/00310.json,lpc-mini-core1/nodes/02589.json,0,1,u_stronger
lpc-mini-core1,310,2853,lpc-mini-core1/nodes/00310.json,lpc-mini-core1/nodes/02853.json,0,1,u_stronger
lpc-mini-core1,315,2110,lpc-mini-core1/nodes/00315.json,lpc-mini-core1/nodes/02110.json,0,1,u_stronger
lpc-mini-core1,319,3378,lpc-mini-core1/nodes/00319.json,lpc-mini-core1/nodes/03378.json,0,1,u_stronger
lpc-mini-core1,322,2589,lpc-mini-core1/nodes/00322.json,lpc-mini-core1/nodes/02589.json,0,1,u_stronger
lpc-mini-core1,327,2252,lpc-mini-core1/nodes/00327.json,lpc-mini-core1/nodes/02252.json,0,1,u_stronger
lpc-mini-core1,338,338,lpc-mini-core1/nodes/00338.json,lpc-mini-core1/nodes/00338.json,1,1,equivalent
lpc-mini-core1,341,2510,lpc-mini-core1/nodes/00341.json,lpc-mini-core1/nodes/02510.json,0,?,undecided
lpc-mini-core1,346,2947,lpc-mini-core1/nodes/00346.json,lpc-mini-core1/nodes/02947.json,0,1,u_stronger
lpc-mini-core1,347,1998,lpc-mini-core1/nodes/00347.json,lpc-mini-core1/nodes/01998.json,0,1,u_stronger
lpc-mini-core1,347,2502,lpc-mini-core1/nodes/00347.json,lpc-mini-core1/nodes/02502.json,0,1,u_stronger
lpc-mini-core1,347,3388,lpc-mini-core1/nodes/00347.json,lpc-mini-core1/nodes/03388.json,0,1,u_stronger
lpc-mini-core1,353,2610,lpc-mini-core1/nodes/00353.json,lpc-mini-core1/nodes/02610.json,0,1,u_stronger
lpc-mini-core1,353,2786,lpc-mini-core1/nodes/00353.json,lpc-mini-core1/nodes/02786.json,0,1,u_stronger
lpc-mini-core1,358,1215,lpc-mini-core1/nodes/00358.json,lpc-mini-core1/nodes/01215.json,1,1,equivalent
lpc-mini-core1,364,2466,lpc-mini-core1/nodes/00364.json,lpc-mini-core1/nodes/02466.json,1,0,d_stronger
lpc-mini-core1,364,3420,lpc-mini-core1/nodes/00364.json,lpc-mini-core1/nodes/03420.json,1,0,d_stronger
lpc-mini-core1,365,1998,lpc-mini-core1/nodes/00365.json,lpc-mini-core1/nodes/01998.json,0,1,u_stronger
lpc-mini-core1,365,2502,lpc-mini-core1/nodes/00365.json,lpc-mini-core1/nodes/02502.json,0,1,u_stronger
lpc-mini-core1,365,3388,lpc-mini-core1/nodes/00365.json,lpc-mini-core1/nodes/03388.json,0,1,u_stronger
lpc-mini-core1,384,3412,lpc-mini-core1/nodes/00384.json,lpc-mini-core1/nodes/03412.json,1,0,d_stronger
lpc-mini-core1,391,2217,lpc-mini-core1/nodes/00391.json,lpc-mini-core1/nodes/02217.json,0,1,u_stronger
lpc-mini-core1,392,3420,lpc-mini-core1/nodes/00392.json,lpc-mini-core1/nodes/03420.json,1,0,d_stronger
lpc-mini-core1,395,1851,lpc-mini-core1/nodes/00395.json,lpc-mini-core1/nodes/01851.json,1,0,d_stronger
lpc-mini-core1,395,2688,lpc-mini-core1/nodes/00395.json,lpc-mini-core1/nodes/02688.json,1,0,d_stronger
lpc-mini-core1,406,2669,lpc-mini-core1/nodes/00406.json,lpc-mini-core1/nodes/02669.json,0,1,u_stronger
lpc-mini-core1,406,2778,lpc-mini-core1/nodes/00406.json,lpc-mini-core1/nodes/02778.json,0,1,u_stronger
lpc-mini-core1,411,2778,lpc-mini-core1/nodes/00411.json,lpc-mini-core1/nodes/02778.json,0,1,u_stronger
lpc-mini-core1,412,2636,lpc-mini-core1/nodes/00412.json,lpc-mini-core1/nodes/02636.json,0,1,u_stronger
lpc-mini-core1,416,416,lpc-mini-core1/nodes/00416.json,lpc-mini-core1/nodes/00416.json,1,1,equivalent
lpc-mini-core1,419,3044,lpc-mini-core1/nodes/00419.json,lpc-mini-core1/nodes/03044.json,1,0,d_stronger
lpc-mini-core1,422,2252,lpc-mini-core1/nodes/00422.json,lpc-mini-core1/nodes/02252.json,0,1,u_stronger
lpc-mini-core1,422,2462,lpc-mini-core1/nodes/00422.json,lpc-mini-core1/nodes/02462.json,0,1,u_stronger
lpc-mini-core1,423,2252,lpc-mini-core1/nodes/00423.json,lpc-mini-core1/nodes/02252.json,0,1,u_stronger
lpc-mini-core1,423,3204,lpc-mini-core1/nodes/00423.json,lpc-mini-core1/nodes/03204.json,0,1,u_stronger
lpc-mini-core1,430,2391,lpc-mini-core1/nodes/00430.json,lpc-mini-core1/nodes/02391.json,0,1,u_stronger
lpc-mini-core1,431,2698,lpc-mini-core1/nodes/00431.json,lpc-mini-core1/nodes/02698.json,0,1,u_stronger
lpc-mini-core1,433,1872,lpc-mini-core1/nodes/00433.json,lpc-mini-core1/nodes/01872.json,0,1,u_stronger
lpc-mini-core1,433,1886,lpc-mini-core1/nodes/00433.json,lpc-mini-core1/nodes/01886.json,0,1,u_stronger
lpc-mini-core1,433,1892,lpc-mini-core1/nodes/00433.json,lpc-mini-core1/nodes/01892.json,0,1,u_stronger
lpc-mini-core1,433,2610,lpc-mini-core1/nodes/00433.json,lpc-mini-core1/nodes/02610.json,0,1,u_stronger
lpc-mini-core1,433,3138,lpc-mini-core1/nodes/00433.json,lpc-mini-core1/nodes/03138.json,0,1,u_stronger
lpc-mini-core1,433,3152,lpc-mini-core1/nodes/00433.json,lpc-mini-core1/nodes/03152.json,0,1,u_stronger
lpc-mini-core1,433,3155,lpc-mini-core1/nodes/00433.json,lpc-mini-core1/nodes/03155.json,0,1,u_stronger
lpc-mini-core1,433,3201,lpc-mini-core1/nodes/00433.json,lpc-mini-core1/nodes/03201.json,0,1,u_stronger
lpc-mini-core1,433,3203,lpc-mini-core1/nodes/00433.json,lpc-mini-core1/nodes/03203.json,0,1,u_stronger
lpc-mini-core1,433,3213,lpc-mini-core1/nodes/00433.json,lpc-mini-core1/nodes/03213.json,0,1,u_stronger
lpc-mini-core1,433,3255,lpc-mini-core1/nodes/00433.json,lpc-mini-core1/nodes/03255.json,0,1,u_stronger
lpc-mini-core1,433,3263,lpc-mini-core1/nodes/00433.json,lpc-mini-core1/nodes/03263.json,0,1,u_stronger
lpc-mini-core1,433,3272,lpc-mini-core1/nodes/00433.json,lpc-mini-core1/nodes/03272.json,0,1,u_stronger
lpc-mini-core1,433,3562,lpc-mini-core1/nodes/00433.json,lpc-mini-core1/nodes/03562.json,0,1,u_stronger
lpc-mini-core1,435,2819,lpc-mini-core1/nodes/00435.json,lpc-mini-core1/nodes/02819.json,0,1,u_stronger
lpc-mini-core1,438,1872,lpc-mini-core1/nodes/00438.json,lpc-mini-core1/nodes/01872.json,0,1,u_stronger
lpc-mini-core1,438,1886,lpc-mini-core1/nodes/00438.json,lpc-mini-core1/nodes/01886.json,0,1,u_stronger
lpc-mini-core1,438,1892,lpc-mini-core1/nodes/00438.json,lpc-mini-core1/nodes/01892.json,0,1,u_stronger
lpc-mini-core1,438,2610,lpc-mini-core1/nodes/00438.json,lpc-mini-core1/nodes/02610.json,0,1,u_stronger
lpc-mini-core1,438,3138,lpc-mini-core1/nodes/00438.json,lpc-mini-core1/nodes/03138.json,0,1,u_stronger
lpc-mini-core1,438,3152,lpc-mini-core1/nodes/00438.json,lpc-mini-core1/nodes/03152.json,0,1,u_stronger
lpc-mini-core1,438,3155,lpc-mini-core1/nodes/00438.json,lpc-mini-core1/nodes/03155.json,0,1,u_stronger
lpc-mini-core1,438,3201,lpc-mini-core1/nodes/00438.json,lpc-mini-core1/nodes/03201.json,0,1,u_stronger
lpc-mini-core1,438,3203,lpc-mini-core1/nodes/00438.json,lpc-mini-core1/nodes/03203.json,0,1,u_stronger
lpc-mini-core1,438,3213,lpc-mini-core1/nodes/00438.json,lpc-mini-core1/nodes/03213.json,0,1,u_stronger
lpc-mini-core1,438,3255,lpc-mini-core1/nodes/00438.json,lpc-mini-core1/nodes/03255.json,0,1,u_stronger
lpc-mini-core1,438,3263,lpc-mini-core1/nodes/00438.json,lpc-mini-core1/nodes/03263.json,0,1,u_stronger
lpc-mini-core1,438,3272,lpc-mini-core1/nodes/00438.json,lpc-mini-core1/nodes/03272.json,0,1,u_stronger
lpc-mini-core1,438,3562,lpc-mini-core1/nodes/00438.json,lpc-mini-core1/nodes/03562.json,0,1,u_stronger
lpc-mini-core1,439,3244,lpc-mini-core1/nodes/00439.json,lpc-mini-core1/nodes/03244.json,0,1,u_stronger
lpc-mini-core1,448,2698,lpc-mini-core1/nodes/00448.json,lpc-mini-core1/nodes/02698.json,0,1,u_stronger
lpc-mini-core1,452,2698,lpc-mini-core1/nodes/00452.json,lpc-mini-core1/nodes/02698.json,0,1,u_stronger
lpc-mini-core1,455,2182,lpc-mini-core1/nodes/00455.json,lpc-mini-core1/nodes/02182.json,0,1,u_stronger
lpc-mini-core1,457,2362,lpc-mini-core1/nodes/00457.json,lpc-mini-core1/nodes/02362.json,1,1,equivalent
lpc-mini-core1,459,2586,lpc-mini-core1/nodes/00459.json,lpc-mini-core1/nodes/02586.json,0,1,u_stronger
lpc-mini-core1,460,1872,lpc-mini-core1/nodes/00460.json,lpc-mini-core1/nodes/01872.json,0,1,u_stronger
lpc-mini-core1,460,1886,lpc-mini-core1/nodes/00460.json,lpc-mini-core1/nodes/01886.json,0,1,u_stronger
lpc-mini-core1,460,1892,lpc-mini-core1/nodes/00460.json,lpc-mini-core1/nodes/01892.json,0,1,u_stronger
lpc-mini-core1,460,2610,lpc-mini-core1/nodes/00460.json,lpc-mini-core1/nodes/02610.json,0,1,u_stronger
lpc-mini-core1,460,3138,lpc-mini-core1/nodes/00460.json,lpc-mini-core1/nodes/03138.json,0,1,u_stronger
lpc-mini-core1,460,3152,lpc-mini-core1/nodes/00460.json,lpc-mini-core1/nodes/03152.json,0,1,u_stronger
lpc-mini-core1,460,3155,lpc-mini-core1/nodes/00460.json,lpc-mini-core1/nodes/03155.json,0,1,u_stronger
lpc-mini-core1,460,3201,lpc-mini-core1/nodes/00460.json,lpc-mini-core1/nodes/03201.json,0,1,u_stronger
lpc-mini-core1,460,3203,lpc-mini-core1/nodes/00460.json,lpc-mini-core1/nodes/03203.json,0,1,u_stronger
lpc-mini-core1,460,3213,lpc-mini-core1/nodes/00460.json,lpc-mini-core1/nodes/03213.json,0,1,u_stronger
lpc-mini-core1,460,3255,lpc-mini-core1/nodes/00460.json,lpc-mini-core1/nodes/03255.json,0,1,u_stronger
lpc-mini-core1,460,3263,lpc-mini-core1/nodes/00460.json,lpc-mini-core1/nodes/03263.json,0,1,u_stronger
lpc-mini-core1,460,3272,lpc-mini-core1/nodes/00460.json,lpc-mini-core1/nodes/03272.json,0,1,u_stronger
lpc-mini-core1,460,3562,lpc-mini-core1/nodes/00460.json,lpc-mini-core1/nodes/03562.json,0,1,u_stronger
lpc-mini-core1,461,3095,lpc-mini-core1/nodes/00461.json,lpc-mini-core1/nodes/03095.json,0,1,u_stronger
lpc-mini-core1,462,2182,lpc-mini-core1/nodes/00462.json,lpc-mini-core1/nodes/02182.json,0,1,u_stronger
lpc-mini-core1,471,2061,lpc-mini-core1/nodes/00471.json,lpc-mini-core1/nodes/02061.json,0,1,u_stronger
lpc-mini-core1,471,3290,lpc-mini-core1/nodes/00471.json,lpc-mini-core1/nodes/03290.json,0,1,u_stronger
lpc-mini-core1,481,481,lpc-mini-core1/nodes/00481.json,lpc-mini-core1/nodes/00481.json,1,1,equivalent
lpc-mini-core1,484,2698,lpc-mini-core1/nodes/00484.json,lpc-mini-core1/nodes/02698.json,0,1,u_stronger
lpc-mini-core1,489,489,lpc-mini-core1/nodes/00489.json,lpc-mini-core1/nodes/00489.json,1,1,equivalent
lpc-mini-core1,500,500,lpc-mini-core1/nodes/00500.json,lpc-mini-core1/nodes/00500.json,1,1,equivalent
lpc-mini-core1,511,2002,lpc-mini-core1/nodes/00511.json,lpc-mini-core1/nodes/02002.json,0,1,u_stronger
lpc-mini-core1,514,2924,lpc-mini-core1/nodes/00514.json,lpc-mini-core1/nodes/02924.json,1,0,d_stronger
lpc-mini-core1,518,1998,lpc-mini-core1/nodes/00518.json,lpc-mini-core1/nodes/01998.json,0,1,u_stronger
lpc-mini-core1,520,2406,lpc-mini-core1/nodes/00520.json,lpc-mini-core1/nodes/02406.json,0,1,u_stronger
lpc-mini-core1,525,2074,lpc-mini-core1/nodes/00525.json,lpc-mini-core1/nodes/02074.json,1,0,d_stronger
lpc-mini-core1,527,3488,lpc-mini-core1/nodes/00527.json,lpc-mini-core1/nodes/03488.json,0,1,u_stronger
lpc-mini-core1,533,2360,lpc-mini-core1/nodes/00533.json,lpc-mini-core1/nodes/02360.json,0,1,u_stronger
lpc-mini-core1,559,2962,lpc-mini-core1/nodes/00559.json,lpc-mini-core1/nodes/02962.json,0,1,u_stronger
lpc-mini-core1,562,1973,lpc-mini-core1/nodes/00562.json,lpc-mini-core1/nodes/01973.json,0,1,u_stronger
lpc-mini-core1,565,2211,lpc-mini-core1/nodes/00565.json,lpc-mini-core1/nodes/02211.json,0,1,u_stronger
lpc-mini-core1,565,3489,lpc-mini-core1/nodes/00565.json,lpc-mini-core1/nodes/03489.json,0,1,u_stronger
lpc-mini-core1,566,2252,lpc-mini-core1/nodes/00566.json,lpc-mini-core1/nodes/02252.json,0,1,u_stronger
lpc-mini-core1,566,3056,lpc-mini-core1/nodes/00566.json,lpc-mini-core1/nodes/03056.json,0,1,u_stronger
lpc-mini-core1,567,3125,lpc-mini-core1/nodes/00567.json,lpc-mini-core1/nodes/03125.json,0,?,undecided
lpc-mini-core1,571,3198,lpc-mini-core1/nodes/00571.json,lpc-mini-core1/nodes/03198.json,0,1,u_stronger
lpc-mini-core1,571,3713,lpc-mini-core1/nodes/00571.json,lpc-mini-core1/nodes/03713.json,0,?,undecided
lpc-mini-core1,573,2376,lpc-mini-core1/nodes/00573.json,lpc-mini-core1/nodes/02376.json,?,0,undecided
lpc-mini-core1,576,2698,lpc-mini-core1/nodes/00576.json,lpc-mini-core1/nodes/02698.json,0,1,u_stronger
lpc-mini-core1,576,3198,lpc-mini-core1/nodes/00576.json,lpc-mini-core1/nodes/03198.json,0,1,u_stronger
lpc-mini-core1,576,3713,lpc-mini-core1/nodes/00576.json,lpc-mini-core1/nodes/03713.json,0,?,undecided
lpc-mini-core1,577,2853,lpc-mini-core1/nodes/00577.json,lpc-mini-core1/nodes/02853.json,0,1,u_stronger
lpc-mini-core1,578,3198,lpc-mini-core1/nodes/00578.json,lpc-mini-core1/nodes/03198.json,0,1,u_stronger
lpc-mini-core1,578,3713,lpc-mini-core1/nodes/00578.json,lpc-mini-core1/nodes/03713.json,0,?,undecided
lpc-mini-core1,581,3198,lpc-mini-core1/nodes/00581.json,lpc-mini-core1/nodes/03198.json,0,1,u_stronger
lpc-mini-core1,582,2698,lpc-mini-core1/nodes/00582.json,lpc-mini-core1/nodes/02698.json,0,1,u_stronger
lpc-mini-core1,582,3198,lpc-mini-core1/nodes/00582.json,lpc-mini-core1/nodes/03198.json,0,1,u_stronger
lpc-mini-core1,582,3713,lpc-mini-core1/nodes/00582.json,lpc-mini-core1/nodes/03713.json,0,?,undecided
lpc-mini-core1,583,2698,lpc-mini-core1/nodes/00583.json,lpc-mini-core1/nodes/02698.json,0,1,u_stronger
lpc-mini-core1,583,3198,lpc-mini-core1/nodes/00583.json,lpc-mini-core1/nodes/03198.json,0,1,u_stronger
lpc-mini-core1,583,3700,lpc-mini-core1/nodes/00583.json,lpc-mini-core1/nodes/03700.json,0,?,undecided
lpc-mini-core1,583,3706,lpc-mini-core1/nodes/00583.json,lpc-mini-core1/nodes/03706.json,0,?,undecided
lpc-mini-core1,584,2759,lpc-mini-core1/nodes/00584.json,lpc-mini-core1/nodes/02759.json,0,1,u_stronger
lpc-mini-core1,584,3198,lpc-mini-core1/nodes/00584.json,lpc-mini-core1/nodes/03198.json,0,1,u_stronger
lpc-mini-core1,584,3713,lpc-mini-core1/nodes/00584.json,lpc-mini-core1/nodes/03713.json,0,?,undecided
lpc-mini-core1,589,2065,lpc-mini-core1/nodes/00589.json,lpc-mini-core1/nodes/02065.json,0,1,u_stronger
lpc-mini-core1,590,2376,lpc-mini-core1/nodes/00590.json,lpc-mini-core1/nodes/02376.json,?,0,undecided
lpc-mini-core1,599,2390,lpc-mini-core1/nodes/00599.json,lpc-mini-core1/nodes/02390.json,0,1,u_stronger
lpc-mini-core1,601,601,lpc-mini-core1/nodes/00601.json,lpc-mini-core1/nodes/00601.json,1,1,equivalent
lpc-mini-core1,606,2182,lpc-mini-core1/nodes/00606.json,lpc-mini-core1/nodes/02182.json,0,1,u_stronger
lpc-mini-core1,611,1928,lpc-mini-core1/nodes/00611.json,lpc-mini-core1/nodes/01928.json,1,0,d_stronger
lpc-mini-core1,611,1948,lpc-mini-core1/nodes/00611.json,lpc-mini-core1/nodes/01948.json,1,0,d_stronger
lpc-mini-core1,611,2202,lpc-mini-core1/nodes/00611.json,lpc-mini-core1/nodes/02202.json,1,0,d_stronger
lpc-mini-core1,611,2237,lpc-mini-core1/nodes/00611.json,lpc-mini-core1/nodes/02237.json,1,0,d_stronger
lpc-mini-core1,611,2625,lpc-mini-core1/nodes/00611.json,lpc-mini-core1/nodes/02625.json,1,0,d_stronger
lpc-mini-core1,611,2630,lpc-mini-core1/nodes/00611.json,lpc-mini-core1/nodes/02630.json,1,0,d_stronger
lpc-mini-core1,611,2633,lpc-mini-core1/nodes/00611.json,lpc-mini-core1/nodes/02633.json,1,0,d_stronger
lpc-mini-core1,611,3039,lpc-mini-core1/nodes/00611.json,lpc-mini-core1/nodes/03039.json,1,0,d_stronger
lpc-mini-core1,611,3097,lpc-mini-core1/nodes/00611.json,lpc-mini-core1/nodes/03097.json,1,0,d_stronger
lpc-mini-core1,611,3146,lpc-mini-core1/nodes/00611.json,lpc-mini-core1/nodes/03146.json,1,0,d_stronger
lpc-mini-core1,611,3174,lpc-mini-core1/nodes/00611.json,lpc-mini-core1/nodes/03174.json,1,0,d_stronger
lpc-mini-core1,611,3180,lpc-mini-core1/nodes/00611.json,lpc-mini-core1/nodes/03180.json,1,0,d_stronger
lpc-mini-core1,611,3181,lpc-mini-core1/nodes/00611.json,lpc-mini-core1/nodes/03181.json,1,0,d_stronger
lpc-mini-core1,611,3182,lpc-mini-core1/nodes/00611.json,lpc-mini-core1/nodes/03182.json,1,0,d_stronger
lpc-mini-core1,611,3367,lpc-mini-core1/nodes/00611.json,lpc-mini-core1/nodes/03367.json,1,0,d_stronger
lpc-mini-core1,611,3550,lpc-mini-core1/nodes/00611.json,lpc-mini-core1/nodes/03550.json,1,0,d_stronger
lpc-mini-core1,611,3676,lpc-mini-core1/nodes/00611.json,lpc-mini-core1/nodes/03676.json,1,0,d_stronger
lpc-mini-core1,612,1483,lpc-mini-core1/nodes/00612.json,lpc-mini-core1/nodes/01483.json,1,1,equivalent
lpc-mini-core1,614,2778,lpc-mini-core1/nodes/00614.json,lpc-mini-core1/nodes/02778.json,0,1,u_stronger
lpc-mini-core1,617,3388,lpc-mini-core1/nodes/00617.json,lpc-mini-core1/nodes/03388.json,0,1,u_stronger
lpc-mini-core1,622,1483,lpc-mini-core1/nodes/00622.json,lpc-mini-core1/nodes/01483.json,?,0,undecided
lpc-mini-core1,622,1897,lpc-mini-core1/nodes/00622.json,lpc-mini-core1/nodes/01897.json,?,0,undecided
lpc-mini-core1,622,2416,lpc-mini-core1/nodes/00622.json,lpc-mini-core1/nodes/02416.json,?,0,undecided
lpc-mini-core1,635,1804,lpc-mini-core1/nodes/00635.json,lpc-mini-core1/nodes/01804.json,?,0,undecided
lpc-mini-core1,635,1968,lpc-mini-core1/nodes/00635.json,lpc-mini-core1/nodes/01968.json,?,0,undecided
lpc-mini-core1,635,3138,lpc-mini-core1/nodes/00635.json,lpc-mini-core1/nodes/03138.json,?,0,undecided
lpc-mini-core1,635,3203,lpc-mini-core1/nodes/00635.json,lpc-mini-core1/nodes/03203.json,?,0,undecided
lpc-mini-core1,635,3296,lpc-mini-core1/nodes/00635.json,lpc-mini-core1/nodes/03296.json,?,0,undecided
lpc-mini-core1,635,3409,lpc-mini-core1/nodes/00635.json,lpc-mini-core1/nodes/03409.json,?,0,undecided
lpc-mini-core1,635,3425,lpc-mini-core1/nodes/00635.json,lpc-mini-core1/nodes/03425.json,?,0,undecided
lpc-mini-core1,635,3672,lpc-mini-core1/nodes/00635.json,lpc-mini-core1/nodes/03672.json,?,0,undecided
lpc-mini-core1,642,2752,lpc-mini-core1/nodes/00642.json,lpc-mini-core1/nodes/02752.json,1,0,d_stronger
lpc-mini-core1,645,2593,lpc-mini-core1/nodes/00645.json,lpc-mini-core1/nodes/02593.json,0,1,u_stronger
lpc-mini-core1,646,2785,lpc-mini-core1/nodes/00646.json,lpc-mini-core1/nodes/02785.json,1,0,d_stronger
lpc-mini-core1,648,2330,lpc-mini-core1/nodes/00648.json,lpc-mini-core1/nodes/02330.json,0,1,u_stronger
lpc-mini-core1,653,2252,lpc-mini-core1/nodes/00653.json,lpc-mini-core1/nodes/02252.json,0,1,u_stronger
lpc-mini-core1,656,2869,lpc-mini-core1/nodes/00656.json,lpc-mini-core1/nodes/02869.json,0,1,u_stronger
lpc-mini-core1,656,3476,lpc-mini-core1/nodes/00656.json,lpc-mini-core1/nodes/03476.json,0,1,u_stronger
lpc-mini-core1,659,2061,lpc-mini-core1/nodes/00659.json,lpc-mini-core1/nodes/02061.json,0,1,u_stronger
lpc-mini-core1,659,2186,lpc-mini-core1/nodes/00659.json,lpc-mini-core1/nodes/02186.json,0,1,u_stronger
lpc-mini-core1,660,3129,lpc-mini-core1/nodes/00660.json,lpc-mini-core1/nodes/03129.json,1,0,d_stronger
lpc-mini-core1,670,2502,lpc-mini-core1/nodes/00670.json,lpc-mini-core1/nodes/02502.json,0,1,u_stronger
lpc-mini-core1,670,3464,lpc-mini-core1/nodes/00670.json,lpc-mini-core1/nodes/03464.json,0,1,u_stronger
lpc-mini-core1,677,2103,lpc-mini-core1/nodes/00677.json,lpc-mini-core1/nodes/02103.json,0,1,u_stronger
lpc-mini-core1,685,3631,lpc-mini-core1/nodes/00685.json,lpc-mini-core1/nodes/03631.json,1,1,equivalent
lpc-mini-core1,688,2778,lpc-mini-core1/nodes/00688.json,lpc-mini-core1/nodes/02778.json,0,1,u_stronger
lpc-mini-core1,696,2778,lpc-mini-core1/nodes/00696.json,lpc-mini-core1/nodes/02778.json,0,1,u_stronger
lpc-mini-core1,698,2516,lpc-mini-core1/nodes/00698.json,lpc-mini-core1/nodes/02516.json,0,1,u_stronger
lpc-mini-core1,713,2406,lpc-mini-core1/nodes/00713.json,lpc-mini-core1/nodes/02406.json,0,1,u_stronger
lpc-mini-core1,713,3198,lpc-mini-core1/nodes/00713.json,lpc-mini-core1/nodes/03198.json,0,1,u_stronger
lpc-mini-core1,742,3198,lpc-mini-core1/nodes/00742.json,lpc-mini-core1/nodes/03198.json,0,1,u_stronger
lpc-mini-core1,748,2778,lpc-mini-core1/nodes/00748.json,lpc-mini-core1/nodes/02778.json,0,1,u_stronger
lpc-mini-core1,758,2853,lpc-mini-core1/nodes/00758.json,lpc-mini-core1/nodes/02853.json,0,1,u_stronger
lpc-mini-core1,760,2574,lpc-mini-core1/nodes/00760.json,lpc-mini-core1/nodes/02574.json,1,0,d_stronger
lpc-mini-core1,763,1952,lpc-mini-core1/nodes/00763.json,lpc-mini-core1/nodes/01952.json,1,1,equivalent
lpc-mini-core1,768,3072,lpc-mini-core1/nodes/00768.json,lpc-mini-core1/nodes/03072.json,1,0,d_stronger
lpc-mini-core1,769,2869,lpc-mini-core1/nodes/00769.json,lpc-mini-core1/nodes/02869.json,0,1,u_stronger
lpc-mini-core1,769,3650,lpc-mini-core1/nodes/00769.json,lpc-mini-core1/nodes/03650.json,0,1,u_stronger
lpc-mini-core1,782,3464,lpc-mini-core1/nodes/00782.json,lpc-mini-core1/nodes/03464.json,0,1,u_stronger
lpc-mini-core1,786,2778,lpc-mini-core1/nodes/00786.json,lpc-mini-core1/nodes/02778.json,0,1,u_stronger
lpc-mini-core1,786,2828,lpc-mini-core1/nodes/00786.json,lpc-mini-core1/nodes/02828.json,0,1,u_stronger
lpc-mini-core1,787,3464,lpc-mini-core1/nodes/00787.json,lpc-mini-core1/nodes/03464.json,0,1,u_stronger
lpc-mini-core1,790,2486,lpc-mini-core1/nodes/00790.json,lpc-mini-core1/nodes/02486.json,1,0,d_stronger
lpc-mini-core1,798,2853,lpc-mini-core1/nodes/00798.json,lpc-mini-core1/nodes/02853.json,0,1,u_stronger
lpc-mini-core1,800,3464,lpc-mini-core1/nodes/00800.json,lpc-mini-core1/nodes/03464.json,0,1,u_stronger
lpc-mini-core1,801,2002,lpc-mini-core1/nodes/00801.json,lpc-mini-core1/nodes/02002.json,0,1,u_stronger
lpc-mini-core1,803,2778,lpc-mini-core1/nodes/00803.json,lpc-mini-core1/nodes/02778.json,0,1,u_stronger
lpc-mini-core1,803,3119,lpc-mini-core1/nodes/00803.json,lpc-mini-core1/nodes/03119.json,0,1,u_stronger
lpc-mini-core1,804,2778,lpc-mini-core1/nodes/00804.json,lpc-mini-core1/nodes/02778.json,0,1,u_stronger
lpc-mini-core1,807,2631,lpc-mini-core1/nodes/00807.json,lpc-mini-core1/nodes/02631.json,1,0,d_stronger
lpc-mini-core1,812,3706,lpc-mini-core1/nodes/00812.json,lpc-mini-core1/nodes/03706.json,0,?,undecided
lpc-mini-core1,816,816,lpc-mini-core1/nodes/00816.json,lpc-mini-core1/nodes/00816.json,1,1,equivalent
lpc-mini-core1,818,1973,lpc-mini-core1/nodes/00818.json,lpc-mini-core1/nodes/01973.json,0,1,u_stronger
lpc-mini-core1,818,2507,lpc-mini-core1/nodes/00818.json,lpc-mini-core1/nodes/02507.json,0,?,undecided
lpc-mini-core1,818,2540,lpc-mini-core1/nodes/00818.json,lpc-mini-core1/nodes/02540.json,0,?,undecided
lpc-mini-core1,818,2545,lpc-mini-core1/nodes/00818.json,lpc-mini-core1/nodes/02545.json,0,?,undecided
lpc-mini-core1,818,2546,lpc-mini-core1/nodes/00818.json,lpc-mini-core1/nodes/02546.json,0,?,undecided
lpc-mini-core1,833,2654,lpc-mini-core1/nodes/00833.json,lpc-mini-core1/nodes/02654.json,1,0,d_stronger
lpc-mini-core1,834,2309,lpc-mini-core1/nodes/00834.json,lpc-mini-core1/nodes/02309.json,1,0,d_stronger
lpc-mini-core1,834,3546,lpc-mini-core1/nodes/00834.json,lpc-mini-core1/nodes/03546.json,1,0,d_stronger
lpc-mini-core1,834,3565,lpc-mini-core1/nodes/00834.json,lpc-mini-core1/nodes/03565.json,1,0,d_stronger
lpc-mini-core1,835,2252,lpc-mini-core1/nodes/00835.json,lpc-mini-core1/nodes/02252.json,0,1,u_stronger
lpc-mini-core1,835,3056,lpc-mini-core1/nodes/00835.json,lpc-mini-core1/nodes/03056.json,0,1,u_stronger
lpc-mini-core1,853,1936,lpc-mini-core1/nodes/00853.json,lpc-mini-core1/nodes/01936.json,1,0,d_stronger
lpc-mini-core1,853,2376,lpc-mini-core1/nodes/00853.json,lpc-mini-core1/nodes/02376.json,1,0,d_stronger
lpc-mini-core1,854,3276,lpc-mini-core1/nodes/00854.json,lpc-mini-core1/nodes/03276.json,1,1,equivalent
lpc-mini-core1,856,1973,lpc-mini-core1/nodes/00856.json,lpc-mini-core1/nodes/01973.json,0,1,u_stronger
lpc-mini-core1,859,2663,lpc-mini-core1/nodes/00859.json,lpc-mini-core1/nodes/02663.json,1,1,equivalent
lpc-mini-core1,865,1802,lpc-mini-core1/nodes/00865.json,lpc-mini-core1/nodes/01802.json,1,0,d_stronger
lpc-mini-core1,865,1949,lpc-mini-core1/nodes/00865.json,lpc-mini-core1/nodes/01949.json,1,0,d_stronger
lpc-mini-core1,867,2705,lpc-mini-core1/nodes/00867.json,lpc-mini-core1/nodes/02705.json,0,1,u_stronger
lpc-mini-core1,876,2819,lpc-mini-core1/nodes/00876.json,lpc-mini-core1/nodes/02819.json,0,1,u_stronger
lpc-mini-core1,883,3702,lpc-mini-core1/nodes/00883.json,lpc-mini-core1/nodes/03702.json,0,1,u_stronger
lpc-mini-core1,885,2702,lpc-mini-core1/nodes/00885.json,lpc-mini-core1/nodes/02702.json,0,1,u_stronger
lpc-mini-core1,885,2703,lpc-mini-core1/nodes/00885.json,lpc-mini-core1/nodes/02703.json,0,1,u_stronger
lpc-mini-core1,886,2463,lpc-mini-core1/nodes/00886.json,lpc-mini-core1/nodes/02463.json,0,1,u_stronger
lpc-mini-core1,889,2463,lpc-mini-core1/nodes/00889.json,lpc-mini-core1/nodes/02463.json,0,1,u_stronger
lpc-mini-core1,892,2859,lpc-mini-core1/nodes/00892.json,lpc-mini-core1/nodes/02859.json,0,1,u_stronger
lpc-mini-core1,894,2252,lpc-mini-core1/nodes/00894.json,lpc-mini-core1/nodes/02252.json,0,1,u_stronger
lpc-mini-core1,894,3056,lpc-mini-core1/nodes/00894.json,lpc-mini-core1/nodes/03056.json,0,1,u_stronger
lpc-mini-core1,897,897,lpc-mini-core1/nodes/00897.json,lpc-mini-core1/nodes/00897.json,1,1,equivalent
lpc-mini-core1,899,3559,lpc-mini-core1/nodes/00899.json,lpc-mini-core1/nodes/03559.json,0,1,u_stronger
lpc-mini-core1,901,2526,lpc-mini-core1/nodes/00901.json,lpc-mini-core1/nodes/02526.json,0,1,u_stronger
lpc-mini-core1,909,2703,lpc-mini-core1/nodes/00909.json,lpc-mini-core1/nodes/02703.json,0,1,u_stronger
lpc-mini-core1,911,1980,lpc-mini-core1/nodes/00911.json,lpc-mini-core1/nodes/01980.json,0,1,u_stronger
lpc-mini-core1,914,2211,lpc-mini-core1/nodes/00914.json,lpc-mini-core1/nodes/02211.json,0,1,u_stronger
lpc-mini-core1,915,2717,lpc-mini-core1/nodes/00915.json,lpc-mini-core1/nodes/02717.json,0,1,u_stronger
lpc-mini-core1,915,2778,lpc-mini-core1/nodes/00915.json,lpc-mini-core1/nodes/02778.json,0,1,u_stronger
lpc-mini-core1,916,2717,lpc-mini-core1/nodes/00916.json,lpc-mini-core1/nodes/02717.json,0,1,u_stronger
lpc-mini-core1,917,917,lpc-mini-core1/nodes/00917.json,lpc-mini-core1/nodes/00917.json,1,1,equivalent
lpc-mini-core1,920,2252,lpc-mini-core1/nodes/00920.json,lpc-mini-core1/nodes/02252.json,0,1,u_stronger
lpc-mini-core1,925,2654,lpc-mini-core1/nodes/00925.json,lpc-mini-core1/nodes/02654.json,1,0,d_stronger
lpc-mini-core1,927,2654,lpc-mini-core1/nodes/00927.json,lpc-mini-core1/nodes/02654.json,1,0,d_stronger
lpc-mini-core1,933,2778,lpc-mini-core1/nodes/00933.json,lpc-mini-core1/nodes/02778.json,0,1,u_stronger
lpc-mini-core1,934,3378,lpc-mini-core1/nodes/00934.json,lpc-mini-core1/nodes/03378.json,0,1,u_stronger
lpc-mini-core1,935,2502,lpc-mini-core1/nodes/00935.json,lpc-mini-core1/nodes/02502.json,0,1,u_stronger
lpc-mini-core1,935,3464,lpc-mini-core1/nodes/00935.json,lpc-mini-core1/nodes/03464.json,0,1,u_stronger
lpc-mini-core1,946,946,lpc-mini-core1/nodes/00946.json,lpc-mini-core1/nodes/00946.json,1,1,equivalent
lpc-mini-core1,948,2564,lpc-mini-core1/nodes/00948.json,lpc-mini-core1/nodes/02564.json,1,0,d_stronger
lpc-mini-core1,950,2819,lpc-mini-core1/nodes/00950.json,lpc-mini-core1/nodes/02819.json,0,1,u_stronger
lpc-mini-core1,961,3559,lpc-mini-core1/nodes/00961.json,lpc-mini-core1/nodes/03559.json,0,1,u_stronger
lpc-mini-core1,963,2853,lpc-mini-core1/nodes/00963.json,lpc-mini-core1/nodes/02853.json,0,1,u_stronger
lpc-mini-core1,968,2291,lpc-mini-core1/nodes/00968.json,lpc-mini-core1/nodes/02291.json,0,1,u_stronger
lpc-mini-core1,974,2811,lpc-mini-core1/nodes/00974.json,lpc-mini-core1/nodes/02811.json,1,0,d_stronger
lpc-mini-core1,978,2698,lpc-mini-core1/nodes/00978.json,lpc-mini-core1/nodes/02698.json,0,1,u_stronger
lpc-mini-core1,984,2752,lpc-mini-core1/nodes/00984.json,lpc-mini-core1/nodes/02752.json,1,0,d_stronger
lpc-mini-core1,988,2809,lpc-mini-core1/nodes/00988.json,lpc-mini-core1/nodes/02809.json,1,1,equivalent
lpc-mini-core1,992,3207,lpc-mini-core1/nodes/00992.json,lpc-mini-core1/nodes/03207.json,0,1,u_stronger
lpc-mini-core1,992,3405,lpc-mini-core1/nodes/00992.json,lpc-mini-core1/nodes/03405.json,0,1,u_stronger
lpc-mini-core1,995,3204,lpc-mini-core1/nodes/00995.json,lpc-mini-core1/nodes/03204.json,0,1,u_stronger
lpc-mini-core1,1008,3650,lpc-mini-core1/nodes/01008.json,lpc-mini-core1/nodes/03650.json,0,1,u_stronger
lpc-mini-core1,1010,2391,lpc-mini-core1/nodes/01010.json,lpc-mini-core1/nodes/02391.json,0,1,u_stronger
lpc-mini-core1,1011,3577,lpc-mini-core1/nodes/01011.json,lpc-mini-core1/nodes/03577.json,1,0,d_stronger
lpc-mini-core1,1011,3590,lpc-mini-core1/nodes/01011.json,lpc-mini-core1/nodes/03590.json,1,0,d_stronger
lpc-mini-core1,1011,3604,lpc-mini-core1/nodes/01011.json,lpc-mini-core1/nodes/03604.json,1,0,d_stronger
lpc-mini-core1,1011,3610,lpc-mini-core1/nodes/01011.json,lpc-mini-core1/nodes/03610.json,1,0,d_stronger
lpc-mini-core1,1011,3619,lpc-mini-core1/nodes/01011.json,lpc-mini-core1/nodes/03619.json,1,0,d_stronger
lpc-mini-core1,1011,3620,lpc-mini-core1/nodes/01011.json,lpc-mini-core1/nodes/03620.json,1,0,d_stronger
lpc-mini-core1,1014,3204,lpc-mini-core1/nodes/01014.json,lpc-mini-core1/nodes/03204.json,0,1,u_stronger
lpc-mini-core1,1018,2156,lpc-mini-core1/nodes/01018.json,lpc-mini-core1/nodes/02156.json,0,1,u_stronger
lpc-mini-core1,1018,2852,lpc-mini-core1/nodes/01018.json,lpc-mini-core1/nodes/02852.json,0,1,u_stronger
lpc-mini-core1,1019,2385,lpc-mini-core1/nodes/01019.json,lpc-mini-core1/nodes/02385.json,0,1,u_stronger
lpc-mini-core1,1019,2510,lpc-mini-core1/nodes/01019.json,lpc-mini-core1/nodes/02510.json,0,?,undecided
lpc-mini-core1,1019,3019,lpc-mini-core1/nodes/01019.json,lpc-mini-core1/nodes/03019.json,0,1,u_stronger
lpc-mini-core1,1019,3204,lpc-mini-core1/nodes/01019.json,lpc-mini-core1/nodes/03204.json,0,1,u_stronger
lpc-mini-core1,1031,2060,lpc-mini-core1/nodes/01031.json,lpc-mini-core1/nodes/02060.json,0,1,u_stronger
lpc-mini-core1,1036,1892,lpc-mini-core1/nodes/01036.json,lpc-mini-core1/nodes/01892.json,0,1,u_stronger
lpc-mini-core1,1036,2510,lpc-mini-core1/nodes/01036.json,lpc-mini-core1/nodes/02510.json,0,?,undecided
lpc-mini-core1,1036,2610,lpc-mini-core1/nodes/01036.json,lpc-mini-core1/nodes/02610.json,0,1,u_stronger
lpc-mini-core1,1036,3562,lpc-mini-core1/nodes/01036.json,lpc-mini-core1/nodes/03562.json,0,1,u_stronger
lpc-mini-core1,1044,1973,lpc-mini-core1/nodes/01044.json,lpc-mini-core1/nodes/01973.json,0,1,u_stronger
lpc-mini-core1,1044,2002,lpc-mini-core1/nodes/01044.json,lpc-mini-core1/nodes/02002.json,0,1,u_stronger
lpc-mini-core1,1045,2252,lpc-mini-core1/nodes/01045.json,lpc-mini-core1/nodes/02252.json,0,1,u_stronger
lpc-mini-core1,1050,2230,lpc-mini-core1/nodes/01050.json,lpc-mini-core1/nodes/02230.json,0,?,undecided
lpc-mini-core1,1056,3204,lpc-mini-core1/nodes/01056.json,lpc-mini-core1/nodes/03204.json,0,1,u_stronger
lpc-mini-core1,1061,3650,lpc-mini-core1/nodes/01061.json,lpc-mini-core1/nodes/03650.json,0,1,u_stronger
lpc-mini-core1,1062,3650,lpc-mini-core1/nodes/01062.json,lpc-mini-core1/nodes/03650.json,0,1,u_stronger
lpc-mini-core1,1063,2786,lpc-mini-core1/nodes/01063.json,lpc-mini-core1/nodes/02786.json,0,1,u_stronger
lpc-mini-core1,1065,2828,lpc-mini-core1/nodes/01065.json,lpc-mini-core1/nodes/02828.json,0,1,u_stronger
lpc-mini-core1,1066,3480,lpc-mini-core1/nodes/01066.json,lpc-mini-core1/nodes/03480.json,0,1,u_stronger
lpc-mini-core1,1066,3483,lpc-mini-core1/nodes/01066.json,lpc-mini-core1/nodes/03483.json,0,1,u_stronger
lpc-mini-core1,1092,940,lpc-mini-core1/nodes/01092.json,lpc-mini-core1/nodes/00940.json,1,0,d_stronger
lpc-mini-core1,1110,2220,lpc-mini-core1/nodes/01110.json,lpc-mini-core1/nodes/02220.json,0,1,u_stronger
lpc-mini-core1,1128,69,lpc-mini-core1/nodes/01128.json,lpc-mini-core1/nodes/00069.json,1,0,d_stronger
lpc-mini-core1,1129,2947,lpc-mini-core1/nodes/01129.json,lpc-mini-core1/nodes/02947.json,0,1,u_stronger
lpc-mini-core1,1139,2502,lpc-mini-core1/nodes/01139.json,lpc-mini-core1/nodes/02502.json,0,1,u_stronger
lpc-mini-core1,1139,3464,lpc-mini-core1/nodes/01139.json,lpc-mini-core1/nodes/03464.json,0,1,u_stronger
lpc-mini-core1,1143,2074,lpc-mini-core1/nodes/01143.json,lpc-mini-core1/nodes/02074.json,1,0,d_stronger
lpc-mini-core1,1143,2628,lpc-mini-core1/nodes/01143.json,lpc-mini-core1/nodes/02628.json,1,0,d_stronger
lpc-mini-core1,1154,3204,lpc-mini-core1/nodes/01154.json,lpc-mini-core1/nodes/03204.json,0,1,u_stronger
lpc-mini-core1,1157,2069,lpc-mini-core1/nodes/01157.json,lpc-mini-core1/nodes/02069.json,?,0,undecided
lpc-mini-core1,1157,2078,lpc-mini-core1/nodes/01157.json,lpc-mini-core1/nodes/02078.json,?,0,undecided
lpc-mini-core1,1157,2759,lpc-mini-core1/nodes/01157.json,lpc-mini-core1/nodes/02759.json,?,0,undecided
lpc-mini-core1,1157,3713,lpc-mini-core1/nodes/01157.json,lpc-mini-core1/nodes/03713.json,?,0,undecided
lpc-mini-core1,1161,2252,lpc-mini-core1/nodes/01161.json,lpc-mini-core1/nodes/02252.json,0,1,u_stronger
lpc-mini-core1,1164,3204,lpc-mini-core1/nodes/01164.json,lpc-mini-core1/nodes/03204.json,0,1,u_stronger
lpc-mini-core1,1167,2828,lpc-mini-core1/nodes/01167.json,lpc-mini-core1/nodes/02828.json,0,1,u_stronger
lpc-mini-core1,1169,1893,lpc-mini-core1/nodes/01169.json,lpc-mini-core1/nodes/01893.json,1,0,d_stronger
lpc-mini-core1,1169,2874,lpc-mini-core1/nodes/01169.json,lpc-mini-core1/nodes/02874.json,1,0,d_stronger
lpc-mini-core1,1171,2510,lpc-mini-core1/nodes/01171.json,lpc-mini-core1/nodes/02510.json,0,?,undecided
lpc-mini-core1,1181,2486,lpc-mini-core1/nodes/01181.json,lpc-mini-core1/nodes/02486.json,1,0,d_stronger
lpc-mini-core1,1191,1973,lpc-mini-core1/nodes/01191.json,lpc-mini-core1/nodes/01973.json,0,1,u_stronger
lpc-mini-core1,1196,736,lpc-mini-core1/nodes/01196.json,lpc-mini-core1/nodes/00736.json,1,0,d_stronger
lpc-mini-core1,1196,2145,lpc-mini-core1/nodes/01196.json,lpc-mini-core1/nodes/02145.json,1,0,d_stronger
lpc-mini-core1,1196,2846,lpc-mini-core1/nodes/01196.json,lpc-mini-core1/nodes/02846.json,1,0,d_stronger
lpc-mini-core1,1196,3293,lpc-mini-core1/nodes/01196.json,lpc-mini-core1/nodes/03293.json,1,0,d_stronger
lpc-mini-core1,1196,3420,lpc-mini-core1/nodes/01196.json,lpc-mini-core1/nodes/03420.json,1,0,d_stronger
lpc-mini-core1,1202,1973,lpc-mini-core1/nodes/01202.json,lpc-mini-core1/nodes/01973.json,0,1,u_stronger
lpc-mini-core1,1213,2420,lpc-mini-core1/nodes/01213.json,lpc-mini-core1/nodes/02420.json,0,1,u_stronger
lpc-mini-core1,1213,2534,lpc-mini-core1/nodes/01213.json,lpc-mini-core1/nodes/02534.json,0,1,u_stronger
lpc-mini-core1,1214,1214,lpc-mini-core1/nodes/01214.json,lpc-mini-core1/nodes/01214.json,1,1,equivalent
lpc-mini-core1,1216,3125,lpc-mini-core1/nodes/01216.json,lpc-mini-core1/nodes/03125.json,0,?,undecided
lpc-mini-core1,1223,3464,lpc-mini-core1/nodes/01223.json,lpc-mini-core1/nodes/03464.json,0,1,u_stronger
lpc-mini-core1,1231,2605,lpc-mini-core1/nodes/01231.json,lpc-mini-core1/nodes/02605.json,1,0,d_stronger
lpc-mini-core1,1248,2632,lpc-mini-core1/nodes/01248.json,lpc-mini-core1/nodes/02632.json,0,1,u_stronger
lpc-mini-core1,1248,3347,lpc-mini-core1/nodes/01248.json,lpc-mini-core1/nodes/03347.json,0,1,u_stronger
lpc-mini-core1,1254,2502,lpc-mini-core1/nodes/01254.json,lpc-mini-core1/nodes/02502.json,0,1,u_stronger
lpc-mini-core1,1254,3464,lpc-mini-core1/nodes/01254.json,lpc-mini-core1/nodes/03464.json,0,1,u_stronger
lpc-mini-core1,1266,2778,lpc-mini-core1/nodes/01266.json,lpc-mini-core1/nodes/02778.json,0,1,u_stronger
lpc-mini-core1,1266,2979,lpc-mini-core1/nodes/01266.json,lpc-mini-core1/nodes/02979.json,0,1,u_stronger
lpc-mini-core1,1277,2252,lpc-mini-core1/nodes/01277.json,lpc-mini-core1/nodes/02252.json,0,1,u_stronger
lpc-mini-core1,1279,2585,lpc-mini-core1/nodes/01279.json,lpc-mini-core1/nodes/02585.json,0,1,u_stronger
lpc-mini-core1,1279,3313,lpc-mini-core1/nodes/01279.json,lpc-mini-core1/nodes/03313.json,0,1,u_stronger
lpc-mini-core1,1294,3476,lpc-mini-core1/nodes/01294.json,lpc-mini-core1/nodes/03476.json,0,1,u_stronger
lpc-mini-core1,1316,2502,lpc-mini-core1/nodes/01316.json,lpc-mini-core1/nodes/02502.json,0,1,u_stronger
lpc-mini-core1,1316,3464,lpc-mini-core1/nodes/01316.json,lpc-mini-core1/nodes/03464.json,0,1,u_stronger
lpc-mini-core1,1325,1948,lpc-mini-core1/nodes/01325.json,lpc-mini-core1/nodes/01948.json,1,0,d_stronger
lpc-mini-core1,1325,2270,lpc-mini-core1/nodes/01325.json,lpc-mini-core1/nodes/02270.json,1,0,d_stronger
lpc-mini-core1,1333,1973,lpc-mini-core1/nodes/01333.json,lpc-mini-core1/nodes/01973.json,0,1,u_stronger
lpc-mini-core1,1333,2406,lpc-mini-core1/nodes/01333.json,lpc-mini-core1/nodes/02406.json,0,1,u_stronger
lpc-mini-core1,1339,1339,lpc-mini-core1/nodes/01339.json,lpc-mini-core1/nodes/01339.json,1,1,equivalent
lpc-mini-core1,1349,1881,lpc-mini-core1/nodes/01349.json,lpc-mini-core1/nodes/01881.json,1,0,d_stronger
lpc-mini-core1,1349,2302,lpc-mini-core1/nodes/01349.json,lpc-mini-core1/nodes/02302.json,1,0,d_stronger
lpc-mini-core1,1349,2461,lpc-mini-core1/nodes/01349.json,lpc-mini-core1/nodes/02461.json,1,0,d_stronger
lpc-mini-core1,1351,2406,lpc-mini-core1/nodes/01351.json,lpc-mini-core1/nodes/02406.json,0,1,u_stronger
lpc-mini-core1,1351,3680,lpc-mini-core1/nodes/01351.json,lpc-mini-core1/nodes/03680.json,0,1,u_stronger
lpc-mini-core1,1352,2778,lpc-mini-core1/nodes/01352.json,lpc-mini-core1/nodes/02778.json,0,1,u_stronger
lpc-mini-core1,1365,2406,lpc-mini-core1/nodes/01365.json,lpc-mini-core1/nodes/02406.json,0,1,u_stronger
lpc-mini-core1,1365,3680,lpc-mini-core1/nodes/01365.json,lpc-mini-core1/nodes/03680.json,0,1,u_stronger
lpc-mini-core1,1368,2669,lpc-mini-core1/nodes/01368.json,lpc-mini-core1/nodes/02669.json,0,1,u_stronger
lpc-mini-core1,1376,2507,lpc-mini-core1/nodes/01376.json,lpc-mini-core1/nodes/02507.json,0,?,undecided
lpc-mini-core1,1376,2513,lpc-mini-core1/nodes/01376.json,lpc-mini-core1/nodes/02513.json,0,?,undecided
lpc-mini-core1,1376,2540,lpc-mini-core1/nodes/01376.json,lpc-mini-core1/nodes/02540.json,0,?,undecided
lpc-mini-core1,1376,2545,lpc-mini-core1/nodes/01376.json,lpc-mini-core1/nodes/02545.json,0,?,undecided
lpc-mini-core1,1376,2546,lpc-mini-core1/nodes/01376.json,lpc-mini-core1/nodes/02546.json,0,?,undecided
lpc-mini-core1,1376,2549,lpc-mini-core1/nodes/01376.json,lpc-mini-core1/nodes/02549.json,0,?,undecided
lpc-mini-core1,1376,3198,lpc-mini-core1/nodes/01376.json,lpc-mini-core1/nodes/03198.json,0,1,u_stronger
lpc-mini-core1,1379,3411,lpc-mini-core1/nodes/01379.json,lpc-mini-core1/nodes/03411.json,0,1,u_stronger
lpc-mini-core1,1383,3402,lpc-mini-core1/nodes/01383.json,lpc-mini-core1/nodes/03402.json,1,1,equivalent
lpc-mini-core1,1392,2406,lpc-mini-core1/nodes/01392.json,lpc-mini-core1/nodes/02406.json,0,1,u_stronger
lpc-mini-core1,1393,2406,lpc-mini-core1/nodes/01393.json,lpc-mini-core1/nodes/02406.json,0,1,u_stronger
lpc-mini-core1,1393,3680,lpc-mini-core1/nodes/01393.json,lpc-mini-core1/nodes/03680.json,0,1,u_stronger
lpc-mini-core1,1403,2406,lpc-mini-core1/nodes/01403.json,lpc-mini-core1/nodes/02406.json,0,1,u_stronger
lpc-mini-core1,1404,2406,lpc-mini-core1/nodes/01404.json,lpc-mini-core1/nodes/02406.json,0,1,u_stronger
lpc-mini-core1,1408,3464,lpc-mini-core1/nodes/01408.json,lpc-mini-core1/nodes/03464.json,0,1,u_stronger
lpc-mini-core1,1413,2463,lpc-mini-core1/nodes/01413.json,lpc-mini-core1/nodes/02463.json,0,1,u_stronger
lpc-mini-core1,1413,3028,lpc-mini-core1/nodes/01413.json,lpc-mini-core1/nodes/03028.json,0,?,undecided
lpc-mini-core1,1414,2819,lpc-mini-core1/nodes/01414.json,lpc-mini-core1/nodes/02819.json,0,1,u_stronger
lpc-mini-core1,1421,2698,lpc-mini-core1/nodes/01421.json,lpc-mini-core1/nodes/02698.json,0,1,u_stronger
lpc-mini-core1,1426,2724,lpc-mini-core1/nodes/01426.json,lpc-mini-core1/nodes/02724.json,1,0,d_stronger
lpc-mini-core1,1428,2576,lpc-mini-core1/nodes/01428.json,lpc-mini-core1/nodes/02576.json,0,1,u_stronger
lpc-mini-core1,1440,3205,lpc-mini-core1/nodes/01440.json,lpc-mini-core1/nodes/03205.json,0,1,u_stronger
lpc-mini-core1,1442,3072,lpc-mini-core1/nodes/01442.json,lpc-mini-core1/nodes/03072.json,1,0,d_stronger
lpc-mini-core1,1443,2698,lpc-mini-core1/nodes/01443.json,lpc-mini-core1/nodes/02698.json,0,1,u_stronger
lpc-mini-core1,1443,2869,lpc-mini-core1/nodes/01443.json,lpc-mini-core1/nodes/02869.json,0,1,u_stronger
lpc-mini-core1,1443,3259,lpc-mini-core1/nodes/01443.json,lpc-mini-core1/nodes/03259.json,0,1,u_stronger
lpc-mini-core1,1450,2240,lpc-mini-core1/nodes/01450.json,lpc-mini-core1/nodes/02240.json,1,0,d_stronger
lpc-mini-core1,1450,2329,lpc-mini-core1/nodes/01450.json,lpc-mini-core1/nodes/02329.json,1,0,d_stronger
lpc-mini-core1,1452,2002,lpc-mini-core1/nodes/01452.json,lpc-mini-core1/nodes/02002.json,0,1,u_stronger
lpc-mini-core1,1460,2002,lpc-mini-core1/nodes/01460.json,lpc-mini-core1/nodes/02002.json,0,1,u_stronger
lpc-mini-core1,1465,2385,lpc-mini-core1/nodes/01465.json,lpc-mini-core1/nodes/02385.json,0,1,u_stronger
lpc-mini-core1,1467,2002,lpc-mini-core1/nodes/01467.json,lpc-mini-core1/nodes/02002.json,0,1,u_stronger
lpc-mini-core1,1469,2002,lpc-mini-core1/nodes/01469.json,lpc-mini-core1/nodes/02002.json,0,1,u_stronger
lpc-mini-core1,1470,1998,lpc-mini-core1/nodes/01470.json,lpc-mini-core1/nodes/01998.json,0,1,u_stronger
lpc-mini-core1,1470,2502,lpc-mini-core1/nodes/01470.json,lpc-mini-core1/nodes/02502.json,0,1,u_stronger
lpc-mini-core1,1470,3388,lpc-mini-core1/nodes/01470.json,lpc-mini-core1/nodes/03388.json,0,1,u_stronger
lpc-mini-core1,1475,2222,lpc-mini-core1/nodes/01475.json,lpc-mini-core1/nodes/02222.json,0,1,u_stronger
lpc-mini-core1,1477,2199,lpc-mini-core1/nodes/01477.json,lpc-mini-core1/nodes/02199.json,0,1,u_stronger
lpc-mini-core1,1477,3152,lpc-mini-core1/nodes/01477.json,lpc-mini-core1/nodes/03152.json,0,1,u_stronger
lpc-mini-core1,1480,3399,lpc-mini-core1/nodes/01480.json,lpc-mini-core1/nodes/03399.json,0,1,u_stronger
lpc-mini-core1,1481,3650,lpc-mini-core1/nodes/01481.json,lpc-mini-core1/nodes/03650.json,0,1,u_stronger
lpc-mini-core1,1493,3617,lpc-mini-core1/nodes/01493.json,lpc-mini-core1/nodes/03617.json,1,0,d_stronger
lpc-mini-core1,1497,3539,lpc-mini-core1/nodes/01497.json,lpc-mini-core1/nodes/03539.json,1,0,d_stronger
lpc-mini-core1,1499,2468,lpc-mini-core1/nodes/01499.json,lpc-mini-core1/nodes/02468.json,0,1,u_stronger
lpc-mini-core1,1506,2406,lpc-mini-core1/nodes/01506.json,lpc-mini-core1/nodes/02406.json,0,1,u_stronger
lpc-mini-core1,1509,3599,lpc-mini-core1/nodes/01509.json,lpc-mini-core1/nodes/03599.json,0,1,u_stronger
lpc-mini-core1,1511,1998,lpc-mini-core1/nodes/01511.json,lpc-mini-core1/nodes/01998.json,0,1,u_stronger
lpc-mini-core1,1518,2257,lpc-mini-core1/nodes/01518.json,lpc-mini-core1/nodes/02257.json,0,1,u_stronger
lpc-mini-core1,1524,2252,lpc-mini-core1/nodes/01524.json,lpc-mini-core1/nodes/02252.json,0,1,u_stronger
lpc-mini-core1,1525,2211,lpc-mini-core1/nodes/01525.json,lpc-mini-core1/nodes/02211.json,0,1,u_stronger
lpc-mini-core1,1525,2573,lpc-mini-core1/nodes/01525.json,lpc-mini-core1/nodes/02573.json,0,1,u_stronger
lpc-mini-core1,1527,3400,lpc-mini-core1/nodes/01527.json,lpc-mini-core1/nodes/03400.json,0,1,u_stronger
lpc-mini-core1,1530,1530,lpc-mini-core1/nodes/01530.json,lpc-mini-core1/nodes/01530.json,1,1,equivalent
lpc-mini-core1,1531,3429,lpc-mini-core1/nodes/01531.json,lpc-mini-core1/nodes/03429.json,0,1,u_stronger
lpc-mini-core1,1532,1532,lpc-mini-core1/nodes/01532.json,lpc-mini-core1/nodes/01532.json,1,1,equivalent
lpc-mini-core1,1533,3369,lpc-mini-core1/nodes/01533.json,lpc-mini-core1/nodes/03369.json,1,1,equivalent
lpc-mini-core1,1537,3464,lpc-mini-core1/nodes/01537.json,lpc-mini-core1/nodes/03464.json,0,1,u_stronger
lpc-mini-core1,1546,3464,lpc-mini-core1/nodes/01546.json,lpc-mini-core1/nodes/03464.json,0,1,u_stronger
lpc-mini-core1,1551,3464,lpc-mini-core1/nodes/01551.json,lpc-mini-core1/nodes/03464.json,0,1,u_stronger
lpc-mini-core1,1553,3464,lpc-mini-core1/nodes/01553.json,lpc-mini-core1/nodes/03464.json,0,1,u_stronger
lpc-mini-core1,1554,2632,lpc-mini-core1/nodes/01554.json,lpc-mini-core1/nodes/02632.json,0,1,u_stronger
lpc-mini-core1,1557,3464,lpc-mini-core1/nodes/01557.json,lpc-mini-core1/nodes/03464.json,0,1,u_stronger
lpc-mini-core1,1562,2406,lpc-mini-core1/nodes/01562.json,lpc-mini-core1/nodes/02406.json,0,1,u_stronger
lpc-mini-core1,1562,3680,lpc-mini-core1/nodes/01562.json,lpc-mini-core1/nodes/03680.json,0,1,u_stronger
lpc-mini-core1,1563,2632,lpc-mini-core1/nodes/01563.json,lpc-mini-core1/nodes/02632.json,0,1,u_stronger
lpc-mini-core1,1571,3706,lpc-mini-core1/nodes/01571.json,lpc-mini-core1/nodes/03706.json,0,?,undecided
lpc-mini-core1,1586,2406,lpc-mini-core1/nodes/01586.json,lpc-mini-core1/nodes/02406.json,0,1,u_stronger
lpc-mini-core1,1590,2507,lpc-mini-core1/nodes/01590.json,lpc-mini-core1/nodes/02507.json,?,?,undecided
lpc-mini-core1,1590,2513,lpc-mini-core1/nodes/01590.json,lpc-mini-core1/nodes/02513.json,?,0,undecided
lpc-mini-core1,1590,2540,lpc-mini-core1/nodes/01590.json,lpc-mini-core1/nodes/02540.json,?,?,undecided
lpc-mini-core1,1590,2545,lpc-mini-core1/nodes/01590.json,lpc-mini-core1/nodes/02545.json,?,?,undecided
lpc-mini-core1,1590,2546,lpc-mini-core1/nodes/01590.json,lpc-mini-core1/nodes/02546.json,?,?,undecided
lpc-mini-core1,1590,2549,lpc-mini-core1/nodes/01590.json,lpc-mini-core1/nodes/02549.json,?,0,undecided
lpc-mini-core1,1590,3185,lpc-mini-core1/nodes/01590.json,lpc-mini-core1/nodes/03185.json,?,0,undecided
lpc-mini-core1,1590,3186,lpc-mini-core1/nodes/01590.json,lpc-mini-core1/nodes/03186.json,?,0,undecided
lpc-mini-core1,1593,2002,lpc-mini-core1/nodes/01593.json,lpc-mini-core1/nodes/02002.json,0,1,u_stronger
lpc-mini-core1,1596,1913,lpc-mini-core1/nodes/01596.json,lpc-mini-core1/nodes/01913.json,0,1,u_stronger
lpc-mini-core1,1596,2211,lpc-mini-core1/nodes/01596.json,lpc-mini-core1/nodes/02211.json,0,1,u_stronger
lpc-mini-core1,1600,2930,lpc-mini-core1/nodes/01600.json,lpc-mini-core1/nodes/02930.json,1,0,d_stronger
lpc-mini-core1,1601,1601,lpc-mini-core1/nodes/01601.json,lpc-mini-core1/nodes/01601.json,1,1,equivalent
lpc-mini-core1,1625,2252,lpc-mini-core1/nodes/01625.json,lpc-mini-core1/nodes/02252.json,0,1,u_stronger
lpc-mini-core1,1636,1998,lpc-mini-core1/nodes/01636.json,lpc-mini-core1/nodes/01998.json,0,1,u_stronger
lpc-mini-core1,1638,1638,lpc-mini-core1/nodes/01638.json,lpc-mini-core1/nodes/01638.json,1,1,equivalent
lpc-mini-core1,1640,2240,lpc-mini-core1/nodes/01640.json,lpc-mini-core1/nodes/02240.json,1,0,d_stronger
lpc-mini-core1,1644,1998,lpc-mini-core1/nodes/01644.json,lpc-mini-core1/nodes/01998.json,0,1,u_stronger
lpc-mini-core1,1644,2406,lpc-mini-core1/nodes/01644.json,lpc-mini-core1/nodes/02406.json,0,1,u_stronger
lpc-mini-core1,1644,2502,lpc-mini-core1/nodes/01644.json,lpc-mini-core1/nodes/02502.json,0,1,u_stronger
lpc-mini-core1,1644,3388,lpc-mini-core1/nodes/01644.json,lpc-mini-core1/nodes/03388.json,0,1,u_stronger
lpc-mini-core1,1651,1998,lpc-mini-core1/nodes/01651.json,lpc-mini-core1/nodes/01998.json,0,1,u_stronger
lpc-mini-core1,1651,2406,lpc-mini-core1/nodes/01651.json,lpc-mini-core1/nodes/02406.json,0,1,u_stronger
lpc-mini-core1,1651,2502,lpc-mini-core1/nodes/01651.json,lpc-mini-core1/nodes/02502.json,0,1,u_stronger
lpc-mini-core1,1651,3388,lpc-mini-core1/nodes/01651.json,lpc-mini-core1/nodes/03388.json,0,1,u_stronger
lpc-mini-core1,1657,2507,lpc-mini-core1/nodes/01657.json,lpc-mini-core1/nodes/02507.json,0,?,undecided
lpc-mini-core1,1657,2540,lpc-mini-core1/nodes/01657.json,lpc-mini-core1/nodes/02540.json,0,?,undecided
lpc-mini-core1,1657,2545,lpc-mini-core1/nodes/01657.json,lpc-mini-core1/nodes/02545.json,0,?,undecided
lpc-mini-core1,1657,2546,lpc-mini-core1/nodes/01657.json,lpc-mini-core1/nodes/02546.json,0,?,undecided
lpc-mini-core1,1664,2094,lpc-mini-core1/nodes/01664.json,lpc-mini-core1/nodes/02094.json,0,1,u_stronger
lpc-mini-core1,1664,2502,lpc-mini-core1/nodes/01664.json,lpc-mini-core1/nodes/02502.json,0,1,u_stronger
lpc-mini-core1,1664,3464,lpc-mini-core1/nodes/01664.json,lpc-mini-core1/nodes/03464.json,0,1,u_stronger
lpc-mini-core1,1665,2935,lpc-mini-core1/nodes/01665.json,lpc-mini-core1/nodes/02935.json,0,1,u_stronger
lpc-mini-core1,1670,3331,lpc-mini-core1/nodes/01670.json,lpc-mini-core1/nodes/03331.json,0,1,u_stronger
lpc-mini-core1,1670,3351,lpc-mini-core1/nodes/01670.json,lpc-mini-core1/nodes/03351.json,0,1,u_stronger
lpc-mini-core1,1671,2342,lpc-mini-core1/nodes/01671.json,lpc-mini-core1/nodes/02342.json,0,1,u_stronger
lpc-mini-core1,1672,1941,lpc-mini-core1/nodes/01672.json,lpc-mini-core1/nodes/01941.json,0,1,u_stronger
lpc-mini-core1,1673,1673,lpc-mini-core1/nodes/01673.json,lpc-mini-core1/nodes/01673.json,1,1,equivalent
lpc-mini-core1,1678,2342,lpc-mini-core1/nodes/01678.json,lpc-mini-core1/nodes/02342.json,0,1,u_stronger
lpc-mini-core1,1679,3197,lpc-mini-core1/nodes/01679.json,lpc-mini-core1/nodes/03197.json,1,1,equivalent
lpc-mini-core1,1681,2044,lpc-mini-core1/nodes/01681.json,lpc-mini-core1/nodes/02044.json,0,1,u_stronger
lpc-mini-core1,1681,2182,lpc-mini-core1/nodes/01681.json,lpc-mini-core1/nodes/02182.json,0,1,u_stronger
lpc-mini-core1,1681,2230,lpc-mini-core1/nodes/01681.json,lpc-mini-core1/nodes/02230.json,0,?,undecided
lpc-mini-core1,1681,2703,lpc-mini-core1/nodes/01681.json,lpc-mini-core1/nodes/02703.json,0,1,u_stronger
lpc-mini-core1,1681,2705,lpc-mini-core1/nodes/01681.json,lpc-mini-core1/nodes/02705.json,0,1,u_stronger
lpc-mini-core1,1682,3420,lpc-mini-core1/nodes/01682.json,lpc-mini-core1/nodes/03420.json,1,0,d_stronger
lpc-mini-core1,1682,3492,lpc-mini-core1/nodes/01682.json,lpc-mini-core1/nodes/03492.json,1,0,d_stronger
lpc-mini-core1,1682,3531,lpc-mini-core1/nodes/01682.json,lpc-mini-core1/nodes/03531.json,1,0,d_stronger
lpc-mini-core1,1682,3663,lpc-mini-core1/nodes/01682.json,lpc-mini-core1/nodes/03663.json,1,0,d_stronger
lpc-mini-core1,1691,3650,lpc-mini-core1/nodes/01691.json,lpc-mini-core1/nodes/03650.json,0,1,u_stronger
lpc-mini-core1,1695,2342,lpc-mini-core1/nodes/01695.json,lpc-mini-core1/nodes/02342.json,0,1,u_stronger
lpc-mini-core1,1699,3650,lpc-mini-core1/nodes/01699.json,lpc-mini-core1/nodes/03650.json,0,1,u_stronger
lpc-mini-core1,1704,2869,lpc-mini-core1/nodes/01704.json,lpc-mini-core1/nodes/02869.json,0,1,u_stronger
lpc-mini-core1,1708,69,lpc-mini-core1/nodes/01708.json,lpc-mini-core1/nodes/00069.json,1,0,d_stronger
lpc-mini-core1,1712,3689,lpc-mini-core1/nodes/01712.json,lpc-mini-core1/nodes/03689.json,0,1,u_stronger
lpc-mini-core1,1714,2778,lpc-mini-core1/nodes/01714.json,lpc-mini-core1/nodes/02778.json,0,1,u_stronger
lpc-mini-core1,1717,3509,lpc-mini-core1/nodes/01717.json,lpc-mini-core1/nodes/03509.json,0,1,u_stronger
lpc-mini-core1,1719,1870,lpc-mini-core1/nodes/01719.json,lpc-mini-core1/nodes/01870.json,0,1,u_stronger
lpc-mini-core1,1719,2306,lpc-mini-core1/nodes/01719.json,lpc-mini-core1/nodes/02306.json,0,1,u_stronger
lpc-mini-core1,1719,2463,lpc-mini-core1/nodes/01719.json,lpc-mini-core1/nodes/02463.json,0,1,u_stronger
lpc-mini-core1,1719,3261,lpc-mini-core1/nodes/01719.json,lpc-mini-core1/nodes/03261.json,0,1,u_stronger
lpc-mini-core1,1725,2778,lpc-mini-core1/nodes/01725.json,lpc-mini-core1/nodes/02778.json,0,1,u_stronger
lpc-mini-core1,1730,2786,lpc-mini-core1/nodes/01730.json,lpc-mini-core1/nodes/02786.json,0,1,u_stronger
lpc-mini-core1,1734,2924,lpc-mini-core1/nodes/01734.json,lpc-mini-core1/nodes/02924.json,1,0,d_stronger
lpc-mini-core1,1737,2669,lpc-mini-core1/nodes/01737.json,lpc-mini-core1/nodes/02669.json,0,1,u_stronger
lpc-mini-core1,1744,69,lpc-mini-core1/nodes/01744.json,lpc-mini-core1/nodes/00069.json,1,0,d_stronger
lpc-mini-core1,1750,2626,lpc-mini-core1/nodes/01750.json,lpc-mini-core1/nodes/02626.json,0,1,u_stronger
lpc-mini-core1,1751,2782,lpc-mini-core1/nodes/01751.json,lpc-mini-core1/nodes/02782.json,0,1,u_stronger
lpc-mini-core1,1752,3650,lpc-mini-core1/nodes/01752.json,lpc-mini-core1/nodes/03650.json,0,1,u_stronger
lpc-mini-core1,1759,1886,lpc-mini-core1/nodes/01759.json,lpc-mini-core1/nodes/01886.json,0,1,u_stronger
lpc-mini-core1,1760,3049,lpc-mini-core1/nodes/01760.json,lpc-mini-core1/nodes/03049.json,0,1,u_stronger
lpc-mini-core1,1764,2782,lpc-mini-core1/nodes/01764.json,lpc-mini-core1/nodes/02782.json,0,1,u_stronger
lpc-mini-core1,1768,2778,lpc-mini-core1/nodes/01768.json,lpc-mini-core1/nodes/02778.json,0,1,u_stronger
lpc-mini-core1,1772,2416,lpc-mini-core1/nodes/01772.json,lpc-mini-core1/nodes/02416.json,0,1,u_stronger
lpc-mini-core1,1772,2468,lpc-mini-core1/nodes/01772.json,lpc-mini-core1/nodes/02468.json,0,1,u_stronger
lpc-mini-core1,1772,2853,lpc-mini-core1/nodes/01772.json,lpc-mini-core1/nodes/02853.json,0,1,u_stronger
lpc-mini-core1,1773,3178,lpc-mini-core1/nodes/01773.json,lpc-mini-core1/nodes/03178.json,1,0,d_stronger
lpc-mini-core1,1774,2333,lpc-mini-core1/nodes/01774.json,lpc-mini-core1/nodes/02333.json,0,1,u_stronger
lpc-mini-core1,1774,3312,lpc-mini-core1/nodes/01774.json,lpc-mini-core1/nodes/03312.json,0,1,u_stronger
lpc-mini-core1,1797,1991,lpc-mini-core1/nodes/01797.json,lpc-mini-core1/nodes/01991.json,1,0,d_stronger
lpc-mini-core1,1804,1804,lpc-mini-core1/nodes/01804.json,lpc-mini-core1/nodes/01804.json,1,1,equivalent
lpc-mini-core1,1806,2179,lpc-mini-core1/nodes/01806.json,lpc-mini-core1/nodes/02179.json,0,1,u_stronger
lpc-mini-core1,1806,2576,lpc-mini-core1/nodes/01806.json,lpc-mini-core1/nodes/02576.json,0,1,u_stronger
lpc-mini-core1,1806,2589,lpc-mini-core1/nodes/01806.json,lpc-mini-core1/nodes/02589.json,0,1,u_stronger
lpc-mini-core1,1813,2468,lpc-mini-core1/nodes/01813.json,lpc-mini-core1/nodes/02468.json,0,1,u_stronger
lpc-mini-core1,1813,2655,lpc-mini-core1/nodes/01813.json,lpc-mini-core1/nodes/02655.json,0,1,u_stronger
lpc-mini-core1,1815,2220,lpc-mini-core1/nodes/01815.json,lpc-mini-core1/nodes/02220.json,0,1,u_stronger
lpc-mini-core1,1816,1944,lpc-mini-core1/nodes/01816.json,lpc-mini-core1/nodes/01944.json,0,1,u_stronger
lpc-mini-core1,1822,3650,lpc-mini-core1/nodes/01822.json,lpc-mini-core1/nodes/03650.json,0,1,u_stronger
lpc-mini-core1,1825,2463,lpc-mini-core1/nodes/01825.json,lpc-mini-core1/nodes/02463.json,0,1,u_stronger
lpc-mini-core1,1826,2179,lpc-mini-core1/nodes/01826.json,lpc-mini-core1/nodes/02179.json,0,1,u_stronger
lpc-mini-core1,1827,2406,lpc-mini-core1/nodes/01827.json,lpc-mini-core1/nodes/02406.json,0,1,u_stronger
lpc-mini-core1,1859,2406,lpc-mini-core1/nodes/01859.json,lpc-mini-core1/nodes/02406.json,0,1,u_stronger
lpc-mini-core1,1859,3680,lpc-mini-core1/nodes/01859.json,lpc-mini-core1/nodes/03680.json,0,1,u_stronger
mode-arbiter,7,568,mode-arbiter/nodes/00007.json,mode-arbiter/nodes/00568.json,0,1,u_stronger
mode-arbiter,10,904,mode-arbiter/nodes/00010.json,mode-arbiter/nodes/00904.json,0,1,u_stronger
mode-arbiter,23,804,mode-arbiter/nodes/00023.json,mode-arbiter/nodes/00804.json,0,1,u_stronger
mode-arbiter,23,1227,mode-arbiter/nodes/00023.json,mode-arbiter/nodes/01227.json,0,1,u_stronger
mode-arbiter,25,624,mode-arbiter/nodes/00025.json,mode-arbiter/nodes/00624.json,0,1,u_stronger
mode-arbiter,25,705,mode-arbiter/nodes/00025.json,mode-arbiter/nodes/00705.json,0,1,u_stronger
mode-arbiter,31,554,mode-arbiter/nodes/00031.json,mode-arbiter/nodes/00554.json,0,1,u_stronger
mode-arbiter,31,705,mode-arbiter/nodes/00031.json,mode-arbiter/nodes/00705.json,0,1,u_stronger
mode-arbiter,31,1079,mode-arbiter/nodes/00031.json,mode-arbiter/nodes/01079.json,0,1,u_stronger
mode-arbiter,39,1226,mode-arbiter/nodes/00039.json,mode-arbiter/nodes/01226.json,0,1,u_stronger
mode-arbiter,46,705,mode-arbiter/nodes/00046.json,mode-arbiter/nodes/00705.json,0,1,u_stronger
mode-arbiter,46,971,mode-arbiter/nodes/00046.json,mode-arbiter/nodes/00971.json,0,1,u_stronger
mode-arbiter,49,804,mode-arbiter/nodes/00049.json,mode-arbiter/nodes/00804.json,0,1,u_stronger
mode-arbiter,49,1227,mode-arbiter/nodes/00049.json,mode-arbiter/nodes/01227.json,0,1,u_stronger
mode-arbiter,51,526,mode-arbiter/nodes/00051.json,mode-arbiter/nodes/00526.json,0,1,u_stronger
mode-arbiter,51,1226,mode-arbiter/nodes/00051.json,mode-arbiter/nodes/01226.json,0,1,u_stronger
mode-arbiter,65,1226,mode-arbiter/nodes/00065.json,mode-arbiter/nodes/01226.json,0,1,u_stronger
mode-arbiter,71,616,mode-arbiter/nodes/00071.json,mode-arbiter/nodes/00616.json,1,1,equivalent
mode-arbiter,73,1154,mode-arbiter/nodes/00073.json,mode-arbiter/nodes/01154.json,0,1,u_stronger
mode-arbiter,81,804,mode-arbiter/nodes/00081.json,mode-arbiter/nodes/00804.json,0,1,u_stronger
mode-arbiter,81,1227,mode-arbiter/nodes/00081.json,mode-arbiter/nodes/01227.json,0,1,u_stronger
mode-arbiter,83,1226,mode-arbiter/nodes/00083.json,mode-arbiter/nodes/01226.json,0,1,u_stronger
mode-arbiter,86,804,mode-arbiter/nodes/00086.json,mode-arbiter/nodes/00804.json,0,1,u_stronger
mode-arbiter,86,1073,mode-arbiter/nodes/00086.json,mode-arbiter/nodes/01073.json,0,1,u_stronger
mode-arbiter,96,1227,mode-arbiter/nodes/00096.json,mode-arbiter/nodes/01227.json,0,1,u_stronger
mode-arbiter,104,884,mode-arbiter/nodes/00104.json,mode-arbiter/nodes/00884.json,0,1,u_stronger
mode-arbiter,104,1093,mode-arbiter/nodes/00104.json,mode-arbiter/nodes/01093.json,0,1,u_stronger
mode-arbiter,110,884,mode-arbiter/nodes/00110.json,mode-arbiter/nodes/00884.json,0,1,u_stronger
mode-arbiter,111,888,mode-arbiter/nodes/00111.json,mode-arbiter/nodes/00888.json,1,1,equivalent
mode-arbiter,115,526,mode-arbiter/nodes/00115.json,mode-arbiter/nodes/00526.json,0,1,u_stronger
mode-arbiter,115,1226,mode-arbiter/nodes/00115.json,mode-arbiter/nodes/01226.json,0,1,u_stronger
mode-arbiter,121,430,mode-arbiter/nodes/00121.json,mode-arbiter/nodes/00430.json,1,0,d_stronger
mode-arbiter,126,959,mode-arbiter/nodes/00126.json,mode-arbiter/nodes/00959.json,1,1,equivalent
mode-arbiter,156,1073,mode-arbiter/nodes/00156.json,mode-arbiter/nodes/01073.json,0,1,u_stronger
mode-arbiter,156,1226,mode-arbiter/nodes/00156.json,mode-arbiter/nodes/01226.json,0,1,u_stronger
mode-arbiter,172,336,mode-arbiter/nodes/00172.json,mode-arbiter/nodes/00336.json,1,1,equivalent
mode-arbiter,174,971,mode-arbiter/nodes/00174.json,mode-arbiter/nodes/00971.json,0,1,u_stronger
mode-arbiter,175,763,mode-arbiter/nodes/00175.json,mode-arbiter/nodes/00763.json,0,1,u_stronger
mode-arbiter,177,904,mode-arbiter/nodes/00177.json,mode-arbiter/nodes/00904.json,0,1,u_stronger
mode-arbiter,184,884,mode-arbiter/nodes/00184.json,mode-arbiter/nodes/00884.json,0,1,u_stronger
mode-arbiter,184,1093,mode-arbiter/nodes/00184.json,mode-arbiter/nodes/01093.json,0,1,u_stronger
mode-arbiter,199,1226,mode-arbiter/nodes/00199.json,mode-arbiter/nodes/01226.json,0,1,u_stronger
mode-arbiter,200,1226,mode-arbiter/nodes/00200.json,mode-arbiter/nodes/01226.json,0,1,u_stronger
mode-arbiter,224,1226,mode-arbiter/nodes/00224.json,mode-arbiter/nodes/01226.json,0,1,u_stronger
mode-arbiter,225,804,mode-arbiter/nodes/00225.json,mode-arbiter/nodes/00804.json,0,1,u_stronger
mode-arbiter,225,1227,mode-arbiter/nodes/00225.json,mode-arbiter/nodes/01227.json,0,1,u_stronger
mode-arbiter,229,1227,mode-arbiter/nodes/00229.json,mode-arbiter/nodes/01227.json,0,1,u_stronger
mode-arbiter,243,715,mode-arbiter/nodes/00243.json,mode-arbiter/nodes/00715.json,0,1,u_stronger
mode-arbiter,243,826,mode-arbiter/nodes/00243.json,mode-arbiter/nodes/00826.json,0,1,u_stronger
mode-arbiter,259,804,mode-arbiter/nodes/00259.json,mode-arbiter/nodes/00804.json,0,1,u_stronger
mode-arbiter,260,988,mode-arbiter/nodes/00260.json,mode-arbiter/nodes/00988.json,0,1,u_stronger
mode-arbiter,262,1226,mode-arbiter/nodes/00262.json,mode-arbiter/nodes/01226.json,0,1,u_stronger
mode-arbiter,271,1226,mode-arbiter/nodes/00271.json,mode-arbiter/nodes/01226.json,0,1,u_stronger
mode-arbiter,283,804,mode-arbiter/nodes/00283.json,mode-arbiter/nodes/00804.json,0,1,u_stronger
mode-arbiter,283,1227,mode-arbiter/nodes/00283.json,mode-arbiter/nodes/01227.json,0,1,u_stronger
mode-arbiter,284,1227,mode-arbiter/nodes/00284.json,mode-arbiter/nodes/01227.json,0,1,u_stronger
mode-arbiter,287,1073,mode-arbiter/nodes/00287.json,mode-arbiter/nodes/01073.json,0,1,u_stronger
mode-arbiter,288,641,mode-arbiter/nodes/00288.json,mode-arbiter/nodes/00641.json,0,1,u_stronger
mode-arbiter,288,1227,mode-arbiter/nodes/00288.json,mode-arbiter/nodes/01227.json,0,1,u_stronger
mode-arbiter,291,924,mode-arbiter/nodes/00291.json,mode-arbiter/nodes/00924.json,0,1,u_stronger
mode-arbiter,291,1227,mode-arbiter/nodes/00291.json,mode-arbiter/nodes/01227.json,0,1,u_stronger
mode-arbiter,293,624,mode-arbiter/nodes/00293.json,mode-arbiter/nodes/00624.json,0,1,u_stronger
mode-arbiter,312,1133,mode-arbiter/nodes/00312.json,mode-arbiter/nodes/01133.json,0,1,u_stronger
mode-arbiter,313,1226,mode-arbiter/nodes/00313.json,mode-arbiter/nodes/01226.json,0,1,u_stronger
mode-arbiter,316,1226,mode-arbiter/nodes/00316.json,mode-arbiter/nodes/01226.json,0,1,u_stronger
mode-arbiter,333,804,mode-arbiter/nodes/00333.json,mode-arbiter/nodes/00804.json,0,1,u_stronger
mode-arbiter,363,900,mode-arbiter/nodes/00363.json,mode-arbiter/nodes/00900.json,0,1,u_stronger
mode-arbiter,370,1226,mode-arbiter/nodes/00370.json,mode-arbiter/nodes/01226.json,0,1,u_stronger
mode-arbiter,372,978,mode-arbiter/nodes/00372.json,mode-arbiter/nodes/00978.json,0,1,u_stronger
mode-arbiter,373,987,mode-arbiter/nodes/00373.json,mode-arbiter/nodes/00987.json,0,1,u_stronger
mode-arbiter,383,624,mode-arbiter/nodes/00383.json,mode-arbiter/nodes/00624.json,0,1,u_stronger
mode-arbiter,388,971,mode-arbiter/nodes/00388.json,mode-arbiter/nodes/00971.json,0,1,u_stronger
mode-arbiter,394,751,mode-arbiter/nodes/00394.json,mode-arbiter/nodes/00751.json,0,1,u_stronger
mode-arbiter,394,1102,mode-arbiter/nodes/00394.json,mode-arbiter/nodes/01102.json,0,1,u_stronger
mode-arbiter,395,804,mode-arbiter/nodes/00395.json,mode-arbiter/nodes/00804.json,0,1,u_stronger
mode-arbiter,395,1227,mode-arbiter/nodes/00395.json,mode-arbiter/nodes/01227.json,0,1,u_stronger
mode-arbiter,403,1226,mode-arbiter/nodes/00403.json,mode-arbiter/nodes/01226.json,0,1,u_stronger
mode-arbiter,406,931,mode-arbiter/nodes/00406.json,mode-arbiter/nodes/00931.json,0,1,u_stronger
mode-arbiter,427,624,mode-arbiter/nodes/00427.json,mode-arbiter/nodes/00624.json,0,1,u_stronger
mode-arbiter,427,1045,mode-arbiter/nodes/00427.json,mode-arbiter/nodes/01045.json,0,1,u_stronger
mode-arbiter,462,1227,mode-arbiter/nodes/00462.json,mode-arbiter/nodes/01227.json,0,1,u_stronger
mode-arbiter,469,804,mode-arbiter/nodes/00469.json,mode-arbiter/nodes/00804.json,0,1,u_stronger
mode-arbiter,487,1075,mode-arbiter/nodes/00487.json,mode-arbiter/nodes/01075.json,1,1,equivalent
mode-arbiter,495,705,mode-arbiter/nodes/00495.json,mode-arbiter/nodes/00705.json,0,1,u_stronger
mode-arbiter,497,1233,mode-arbiter/nodes/00497.json,mode-arbiter/nodes/01233.json,0,1,u_stronger
rad-core-1-18,3,2747,rad-core-1-18/nodes/00003.json,rad-core-1-18/nodes/02747.json,0,1,u_stronger
rad-core-1-18,14,1694,rad-core-1-18/nodes/00014.json,rad-core-1-18/nodes/01694.json,0,1,u_stronger
rad-core-1-18,16,2269,rad-core-1-18/nodes/00016.json,rad-core-1-18/nodes/02269.json,0,1,u_stronger
rad-core-1-18,25,2269,rad-core-1-18/nodes/00025.json,rad-core-1-18/nodes/02269.json,0,1,u_stronger
rad-core-1-18,30,2608,rad-core-1-18/nodes/00030.json,rad-core-1-18/nodes/02608.json,0,1,u_stronger
rad-core-1-18,44,2608,rad-core-1-18/nodes/00044.json,rad-core-1-18/nodes/02608.json,0,1,u_stronger
rad-core-1-18,46,1891,rad-core-1-18/nodes/00046.json,rad-core-1-18/nodes/01891.json,0,1,u_stronger
rad-core-1-18,46,2959,rad-core-1-18/nodes/00046.json,rad-core-1-18/nodes/02959.json,0,1,u_stronger
rad-core-1-18,48,2724,rad-core-1-18/nodes/00048.json,rad-core-1-18/nodes/02724.json,0,1,u_stronger
rad-core-1-18,52,3037,rad-core-1-18/nodes/00052.json,rad-core-1-18/nodes/03037.json,1,0,d_stronger
rad-core-1-18,55,1641,rad-core-1-18/nodes/00055.json,rad-core-1-18/nodes/01641.json,0,1,u_stronger
rad-core-1-18,63,1628,rad-core-1-18/nodes/00063.json,rad-core-1-18/nodes/01628.json,1,0,d_stronger
rad-core-1-18,67,2446,rad-core-1-18/nodes/00067.json,rad-core-1-18/nodes/02446.json,1,0,d_stronger
rad-core-1-18,67,3020,rad-core-1-18/nodes/00067.json,rad-core-1-18/nodes/03020.json,1,0,d_stronger
rad-core-1-18,68,68,rad-core-1-18/nodes/00068.json,rad-core-1-18/nodes/00068.json,1,1,equivalent
rad-core-1-18,72,2665,rad-core-1-18/nodes/00072.json,rad-core-1-18/nodes/02665.json,0,1,u_stronger
rad-core-1-18,79,2231,rad-core-1-18/nodes/00079.json,rad-core-1-18/nodes/02231.json,0,1,u_stronger
rad-core-1-18,91,1675,rad-core-1-18/nodes/00091.json,rad-core-1-18/nodes/01675.json,1,0,d_stronger
rad-core-1-18,91,3077,rad-core-1-18/nodes/00091.json,rad-core-1-18/nodes/03077.json,1,0,d_stronger
rad-core-1-18,92,1746,rad-core-1-18/nodes/00092.json,rad-core-1-18/nodes/01746.json,1,0,d_stronger
rad-core-1-18,92,2369,rad-core-1-18/nodes/00092.json,rad-core-1-18/nodes/02369.json,1,0,d_stronger
rad-core-1-18,97,2677,rad-core-1-18/nodes/00097.json,rad-core-1-18/nodes/02677.json,0,1,u_stronger
rad-core-1-18,104,422,rad-core-1-18/nodes/00104.json,rad-core-1-18/nodes/00422.json,1,0,d_stronger
rad-core-1-18,104,1681,rad-core-1-18/nodes/00104.json,rad-core-1-18/nodes/01681.json,1,0,d_stronger
rad-core-1-18,104,1695,rad-core-1-18/nodes/00104.json,rad-core-1-18/nodes/01695.json,1,0,d_stronger
rad-core-1-18,104,1975,rad-core-1-18/nodes/00104.json,rad-core-1-18/nodes/01975.json,1,0,d_stronger
rad-core-1-18,104,1983,rad-core-1-18/nodes/00104.json,rad-core-1-18/nodes/01983.json,1,0,d_stronger
rad-core-1-18,104,2030,rad-core-1-18/nodes/00104.json,rad-core-1-18/nodes/02030.json,1,0,d_stronger
rad-core-1-18,104,2222,rad-core-1-18/nodes/00104.json,rad-core-1-18/nodes/02222.json,1,0,d_stronger
rad-core-1-18,104,2285,rad-core-1-18/nodes/00104.json,rad-core-1-18/nodes/02285.json,1,0,d_stronger
rad-core-1-18,104,2574,rad-core-1-18/nodes/00104.json,rad-core-1-18/nodes/02574.json,1,0,d_stronger
rad-core-1-18,104,2837,rad-core-1-18/nodes/00104.json,rad-core-1-18/nodes/02837.json,1,0,d_stronger
rad-core-1-18,104,2932,rad-core-1-18/nodes/00104.json,rad-core-1-18/nodes/02932.json,1,0,d_stronger
rad-core-1-18,104,2933,rad-core-1-18/nodes/00104.json,rad-core-1-18/nodes/02933.json,1,0,d_stronger
rad-core-1-18,111,2654,rad-core-1-18/nodes/00111.json,rad-core-1-18/nodes/02654.json,0,1,u_stronger
rad-core-1-18,112,2654,rad-core-1-18/nodes/00112.json,rad-core-1-18/nodes/02654.json,0,1,u_stronger
rad-core-1-18,113,2110,rad-core-1-18/nodes/00113.json,rad-core-1-18/nodes/02110.json,0,1,u_stronger
rad-core-1-18,116,1072,rad-core-1-18/nodes/00116.json,rad-core-1-18/nodes/01072.json,1,0,d_stronger
rad-core-1-18,116,1841,rad-core-1-18/nodes/00116.json,rad-core-1-18/nodes/01841.json,1,0,d_stronger
rad-core-1-18,116,1845,rad-core-1-18/nodes/00116.json,rad-core-1-18/nodes/01845.json,1,0,d_stronger
rad-core-1-18,116,2668,rad-core-1-18/nodes/00116.json,rad-core-1-18/nodes/02668.json,1,0,d_stronger
rad-core-1-18,116,2669,rad-core-1-18/nodes/00116.json,rad-core-1-18/nodes/02669.json,1,0,d_stronger
rad-core-1-18,116,2671,rad-core-1-18/nodes/00116.json,rad-core-1-18/nodes/02671.json,1,0,d_stronger
rad-core-1-18,116,2799,rad-core-1-18/nodes/00116.json,rad-core-1-18/nodes/02799.json,1,0,d_stronger
rad-core-1-18,128,128,rad-core-1-18/nodes/00128.json,rad-core-1-18/nodes/00128.json,1,1,equivalent
rad-core-1-18,129,2206,rad-core-1-18/nodes/00129.json,rad-core-1-18/nodes/02206.json,1,1,equivalent
rad-core-1-18,134,278,rad-core-1-18/nodes/00134.json,rad-core-1-18/nodes/00278.json,1,0,d_stronger
rad-core-1-18,140,3006,rad-core-1-18/nodes/00140.json,rad-core-1-18/nodes/03006.json,0,1,u_stronger
rad-core-1-18,151,1887,rad-core-1-18/nodes/00151.json,rad-core-1-18/nodes/01887.json,0,1,u_stronger
rad-core-1-18,172,2654,rad-core-1-18/nodes/00172.json,rad-core-1-18/nodes/02654.json,0,1,u_stronger
rad-core-1-18,182,1986,rad-core-1-18/nodes/00182.json,rad-core-1-18/nodes/01986.json,1,0,d_stronger
rad-core-1-18,183,183,rad-core-1-18/nodes/00183.json,rad-core-1-18/nodes/00183.json,1,1,equivalent
rad-core-1-18,185,2648,rad-core-1-18/nodes/00185.json,rad-core-1-18/nodes/02648.json,0,1,u_stronger
rad-core-1-18,220,220,rad-core-1-18/nodes/00220.json,rad-core-1-18/nodes/00220.json,1,1,equivalent
rad-core-1-18,222,1610,rad-core-1-18/nodes/00222.json,rad-core-1-18/nodes/01610.json,0,1,u_stronger
rad-core-1-18,222,2556,rad-core-1-18/nodes/00222.json,rad-core-1-18/nodes/02556.json,0,1,u_stronger
rad-core-1-18,222,2778,rad-core-1-18/nodes/00222.json,rad-core-1-18/nodes/02778.json,0,1,u_stronger
rad-core-1-18,222,2807,rad-core-1-18/nodes/00222.json,rad-core-1-18/nodes/02807.json,0,1,u_stronger
rad-core-1-18,222,2832,rad-core-1-18/nodes/00222.json,rad-core-1-18/nodes/02832.json,0,1,u_stronger
rad-core-1-18,222,2938,rad-core-1-18/nodes/00222.json,rad-core-1-18/nodes/02938.json,0,1,u_stronger
rad-core-1-18,222,2966,rad-core-1-18/nodes/00222.json,rad-core-1-18/nodes/02966.json,0,1,u_stronger
rad-core-1-18,237,1705,rad-core-1-18/nodes/00237.json,rad-core-1-18/nodes/01705.json,0,1,u_stronger
rad-core-1-18,246,2665,rad-core-1-18/nodes/00246.json,rad-core-1-18/nodes/02665.json,0,1,u_stronger
rad-core-1-18,247,2755,rad-core-1-18/nodes/00247.json,rad-core-1-18/nodes/02755.json,0,1,u_stronger
rad-core-1-18,247,2758,rad-core-1-18/nodes/00247.json,rad-core-1-18/nodes/02758.json,0,1,u_stronger
rad-core-1-18,282,1920,rad-core-1-18/nodes/00282.json,rad-core-1-18/nodes/01920.json,0,1,u_stronger
rad-core-1-18,287,287,rad-core-1-18/nodes/00287.json,rad-core-1-18/nodes/00287.json,1,1,equivalent
rad-core-1-18,304,2225,rad-core-1-18/nodes/00304.json,rad-core-1-18/nodes/02225.json,1,0,d_stronger
rad-core-1-18,304,2609,rad-core-1-18/nodes/00304.json,rad-core-1-18/nodes/02609.json,1,0,d_stronger
rad-core-1-18,304,2847,rad-core-1-18/nodes/00304.json,rad-core-1-18/nodes/02847.json,1,0,d_stronger
rad-core-1-18,312,2141,rad-core-1-18/nodes/00312.json,rad-core-1-18/nodes/02141.json,1,1,equivalent
rad-core-1-18,314,1589,rad-core-1-18/nodes/00314.json,rad-core-1-18/nodes/01589.json,1,0,d_stronger
rad-core-1-18,314,1652,rad-core-1-18/nodes/00314.json,rad-core-1-18/nodes/01652.json,1,0,d_stronger
rad-core-1-18,314,1969,rad-core-1-18/nodes/00314.json,rad-core-1-18/nodes/01969.json,1,0,d_stronger
rad-core-1-18,314,2680,rad-core-1-18/nodes/00314.json,rad-core-1-18/nodes/02680.json,1,0,d_stronger
rad-core-1-18,317,2515,rad-core-1-18/nodes/00317.json,rad-core-1-18/nodes/02515.json,1,0,d_stronger
rad-core-1-18,317,2652,rad-core-1-18/nodes/00317.json,rad-core-1-18/nodes/02652.json,1,0,d_stronger
rad-core-1-18,319,2814,rad-core-1-18/nodes/00319.json,rad-core-1-18/nodes/02814.json,1,0,d_stronger
rad-core-1-18,322,2572,rad-core-1-18/nodes/00322.json,rad-core-1-18/nodes/02572.json,1,0,d_stronger
rad-core-1-18,331,2888,rad-core-1-18/nodes/00331.json,rad-core-1-18/nodes/02888.json,0,1,u_stronger
rad-core-1-18,332,332,rad-core-1-18/nodes/00332.json,rad-core-1-18/nodes/00332.json,1,1,equivalent
rad-core-1-18,336,1765,rad-core-1-18/nodes/00336.json,rad-core-1-18/nodes/01765.json,0,1,u_stronger
rad-core-1-18,337,2225,rad-core-1-18/nodes/00337.json,rad-core-1-18/nodes/02225.json,1,0,d_stronger
rad-core-1-18,337,2609,rad-core-1-18/nodes/00337.json,rad-core-1-18/nodes/02609.json,1,0,d_stronger
rad-core-1-18,337,2847,rad-core-1-18/nodes/00337.json,rad-core-1-18/nodes/02847.json,1,0,d_stronger
rad-core-1-18,338,338,rad-core-1-18/nodes/00338.json,rad-core-1-18/nodes/00338.json,1,1,equivalent
rad-core-1-18,343,2523,rad-core-1-18/nodes/00343.json,rad-core-1-18/nodes/02523.json,0,1,u_stronger
rad-core-1-18,356,2392,rad-core-1-18/nodes/00356.json,rad-core-1-18/nodes/02392.json,1,0,d_stronger
rad-core-1-18,360,2512,rad-core-1-18/nodes/00360.json,rad-core-1-18/nodes/02512.json,0,1,u_stronger
rad-core-1-18,365,2390,rad-core-1-18/nodes/00365.json,rad-core-1-18/nodes/02390.json,1,0,d_stronger
rad-core-1-18,382,819,rad-core-1-18/nodes/00382.json,rad-core-1-18/nodes/00819.json,1,1,equivalent
rad-core-1-18,419,2383,rad-core-1-18/nodes/00419.json,rad-core-1-18/nodes/02383.json,1,0,d_stronger
rad-core-1-18,420,2028,rad-core-1-18/nodes/00420.json,rad-core-1-18/nodes/02028.json,0,1,u_stronger
rad-core-1-18,421,421,rad-core-1-18/nodes/00421.json,rad-core-1-18/nodes/00421.json,1,1,equivalent
rad-core-1-18,429,1506,rad-core-1-18/nodes/00429.json,rad-core-1-18/nodes/01506.json,1,0,d_stronger
rad-core-1-18,430,1836,rad-core-1-18/nodes/00430.json,rad-core-1-18/nodes/01836.json,1,0,d_stronger
rad-core-1-18,430,2340,rad-core-1-18/nodes/00430.json,rad-core-1-18/nodes/02340.json,1,0,d_stronger
rad-core-1-18,430,2436,rad-core-1-18/nodes/00430.json,rad-core-1-18/nodes/02436.json,1,0,d_stronger
rad-core-1-18,434,411,rad-core-1-18/nodes/00434.json,rad-core-1-18/nodes/00411.json,1,0,d_stronger
rad-core-1-18,446,446,rad-core-1-18/nodes/00446.json,rad-core-1-18/nodes/00446.json,1,1,equivalent
rad-core-1-18,466,1891,rad-core-1-18/nodes/00466.json,rad-core-1-18/nodes/01891.json,0,1,u_stronger
rad-core-1-18,466,2959,rad-core-1-18/nodes/00466.json,rad-core-1-18/nodes/02959.json,0,1,u_stronger
rad-core-1-18,476,2642,rad-core-1-18/nodes/00476.json,rad-core-1-18/nodes/02642.json,0,1,u_stronger
rad-core-1-18,477,1883,rad-core-1-18/nodes/00477.json,rad-core-1-18/nodes/01883.json,0,1,u_stronger
rad-core-1-18,485,3002,rad-core-1-18/nodes/00485.json,rad-core-1-18/nodes/03002.json,0,1,u_stronger
rad-core-1-18,493,2555,rad-core-1-18/nodes/00493.json,rad-core-1-18/nodes/02555.json,1,1,equivalent
rad-core-1-18,494,1768,rad-core-1-18/nodes/00494.json,rad-core-1-18/nodes/01768.json,1,1,equivalent
rad-core-1-18,501,2724,rad-core-1-18/nodes/00501.json,rad-core-1-18/nodes/02724.json,0,1,u_stronger
rad-core-1-18,505,447,rad-core-1-18/nodes/00505.json,rad-core-1-18/nodes/00447.json,1,0,d_stronger
rad-core-1-18,506,2550,rad-core-1-18/nodes/00506.json,rad-core-1-18/nodes/02550.json,0,1,u_stronger
rad-core-1-18,510,3054,rad-core-1-18/nodes/00510.json,rad-core-1-18/nodes/03054.json,1,0,d_stronger
rad-core-1-18,510,3082,rad-core-1-18/nodes/00510.json,rad-core-1-18/nodes/03082.json,1,0,d_stronger
rad-core-1-18,512,2383,rad-core-1-18/nodes/00512.json,rad-core-1-18/nodes/02383.json,1,0,d_stronger
rad-core-1-18,514,3014,rad-core-1-18/nodes/00514.json,rad-core-1-18/nodes/03014.json,1,0,d_stronger
rad-core-1-18,514,3021,rad-core-1-18/nodes/00514.json,rad-core-1-18/nodes/03021.json,1,0,d_stronger
rad-core-1-18,514,3024,rad-core-1-18/nodes/00514.json,rad-core-1-18/nodes/03024.json,1,0,d_stronger
rad-core-1-18,524,2532,rad-core-1-18/nodes/00524.json,rad-core-1-18/nodes/02532.json,0,1,u_stronger
rad-core-1-18,534,534,rad-core-1-18/nodes/00534.json,rad-core-1-18/nodes/00534.json,1,1,equivalent
rad-core-1-18,548,2677,rad-core-1-18/nodes/00548.json,rad-core-1-18/nodes/02677.json,0,1,u_stronger
rad-core-1-18,568,1658,rad-core-1-18/nodes/00568.json,rad-core-1-18/nodes/01658.json,0,1,u_stronger
rad-core-1-18,570,2521,rad-core-1-18/nodes/00570.json,rad-core-1-18/nodes/02521.json,0,1,u_stronger
rad-core-1-18,588,2521,rad-core-1-18/nodes/00588.json,rad-core-1-18/nodes/02521.json,0,1,u_stronger
rad-core-1-18,592,2521,rad-core-1-18/nodes/00592.json,rad-core-1-18/nodes/02521.json,0,1,u_stronger
rad-core-1-18,594,594,rad-core-1-18/nodes/00594.json,rad-core-1-18/nodes/00594.json,1,1,equivalent
rad-core-1-18,595,2674,rad-core-1-18/nodes/00595.json,rad-core-1-18/nodes/02674.json,1,1,equivalent
rad-core-1-18,596,1982,rad-core-1-18/nodes/00596.json,rad-core-1-18/nodes/01982.json,0,1,u_stronger
rad-core-1-18,596,2157,rad-core-1-18/nodes/00596.json,rad-core-1-18/nodes/02157.json,0,1,u_stronger
rad-core-1-18,617,1863,rad-core-1-18/nodes/00617.json,rad-core-1-18/nodes/01863.json,1,0,d_stronger
rad-core-1-18,624,2591,rad-core-1-18/nodes/00624.json,rad-core-1-18/nodes/02591.json,0,1,u_stronger
rad-core-1-18,628,2028,rad-core-1-18/nodes/00628.json,rad-core-1-18/nodes/02028.json,0,1,u_stronger
rad-core-1-18,633,1910,rad-core-1-18/nodes/00633.json,rad-core-1-18/nodes/01910.json,1,0,d_stronger
rad-core-1-18,633,1912,rad-core-1-18/nodes/00633.json,rad-core-1-18/nodes/01912.json,1,0,d_stronger
rad-core-1-18,633,2045,rad-core-1-18/nodes/00633.json,rad-core-1-18/nodes/02045.json,1,0,d_stronger
rad-core-1-18,635,2814,rad-core-1-18/nodes/00635.json,rad-core-1-18/nodes/02814.json,1,0,d_stronger
rad-core-1-18,639,1935,rad-core-1-18/nodes/00639.json,rad-core-1-18/nodes/01935.json,0,1,u_stronger
rad-core-1-18,657,2923,rad-core-1-18/nodes/00657.json,rad-core-1-18/nodes/02923.json,1,0,d_stronger
rad-core-1-18,658,1633,rad-core-1-18/nodes/00658.json,rad-core-1-18/nodes/01633.json,0,1,u_stronger
rad-core-1-18,658,3006,rad-core-1-18/nodes/00658.json,rad-core-1-18/nodes/03006.json,0,1,u_stronger
rad-core-1-18,663,2211,rad-core-1-18/nodes/00663.json,rad-core-1-18/nodes/02211.json,0,1,u_stronger
rad-core-1-18,680,3013,rad-core-1-18/nodes/00680.json,rad-core-1-18/nodes/03013.json,1,0,d_stronger
rad-core-1-18,697,2903,rad-core-1-18/nodes/00697.json,rad-core-1-18/nodes/02903.json,1,0,d_stronger
rad-core-1-18,704,3022,rad-core-1-18/nodes/00704.json,rad-core-1-18/nodes/03022.json,1,1,equivalent
rad-core-1-18,706,2602,rad-core-1-18/nodes/00706.json,rad-core-1-18/nodes/02602.json,0,1,u_stronger
rad-core-1-18,723,2513,rad-core-1-18/nodes/00723.json,rad-core-1-18/nodes/02513.json,0,1,u_stronger
rad-core-1-18,730,2277,rad-core-1-18/nodes/00730.json,rad-core-1-18/nodes/02277.json,0,1,u_stronger
rad-core-1-18,755,2006,rad-core-1-18/nodes/00755.json,rad-core-1-18/nodes/02006.json,0,1,u_stronger
rad-core-1-18,756,1717,rad-core-1-18/nodes/00756.json,rad-core-1-18/nodes/01717.json,0,1,u_stronger
rad-core-1-18,758,2514,rad-core-1-18/nodes/00758.json,rad-core-1-18/nodes/02514.json,1,0,d_stronger
rad-core-1-18,758,2522,rad-core-1-18/nodes/00758.json,rad-core-1-18/nodes/02522.json,1,0,d_stronger
rad-core-1-18,761,1883,rad-core-1-18/nodes/00761.json,rad-core-1-18/nodes/01883.json,0,1,u_stronger
rad-core-1-18,764,2529,rad-core-1-18/nodes/00764.json,rad-core-1-18/nodes/02529.json,0,1,u_stronger
rad-core-1-18,767,2529,rad-core-1-18/nodes/00767.json,rad-core-1-18/nodes/02529.json,0,1,u_stronger
rad-core-1-18,771,2945,rad-core-1-18/nodes/00771.json,rad-core-1-18/nodes/02945.json,1,0,d_stronger
rad-core-1-18,773,2136,rad-core-1-18/nodes/00773.json,rad-core-1-18/nodes/02136.json,1,0,d_stronger
rad-core-1-18,773,2533,rad-core-1-18/nodes/00773.json,rad-core-1-18/nodes/02533.json,1,0,d_stronger
rad-core-1-18,784,2189,rad-core-1-18/nodes/00784.json,rad-core-1-18/nodes/02189.json,1,1,equivalent
rad-core-1-18,794,2647,rad-core-1-18/nodes/00794.json,rad-core-1-18/nodes/02647.json,0,1,u_stronger
rad-core-1-18,796,2608,rad-core-1-18/nodes/00796.json,rad-core-1-18/nodes/02608.json,0,1,u_stronger
rad-core-1-18,824,2608,rad-core-1-18/nodes/00824.json,rad-core-1-18/nodes/02608.json,0,1,u_stronger
rad-core-1-18,827,827,rad-core-1-18/nodes/00827.json,rad-core-1-18/nodes/00827.json,1,1,equivalent
rad-core-1-18,828,2608,rad-core-1-18/nodes/00828.json,rad-core-1-18/nodes/02608.json,0,1,u_stronger
rad-core-1-18,829,1999,rad-core-1-18/nodes/00829.json,rad-core-1-18/nodes/01999.json,1,0,d_stronger
rad-core-1-18,831,2608,rad-core-1-18/nodes/00831.json,rad-core-1-18/nodes/02608.json,0,1,u_stronger
rad-core-1-18,841,2573,rad-core-1-18/nodes/00841.json,rad-core-1-18/nodes/02573.json,1,1,equivalent
rad-core-1-18,842,2110,rad-core-1-18/nodes/00842.json,rad-core-1-18/nodes/02110.json,0,1,u_stronger
rad-core-1-18,882,1883,rad-core-1-18/nodes/00882.json,rad-core-1-18/nodes/01883.json,0,1,u_stronger
rad-core-1-18,907,907,rad-core-1-18/nodes/00907.json,rad-core-1-18/nodes/00907.json,1,1,equivalent
rad-core-1-18,929,929,rad-core-1-18/nodes/00929.json,rad-core-1-18/nodes/00929.json,1,1,equivalent
rad-core-1-18,931,1814,rad-core-1-18/nodes/00931.json,rad-core-1-18/nodes/01814.json,1,0,d_stronger
rad-core-1-18,931,1823,rad-core-1-18/nodes/00931.json,rad-core-1-18/nodes/01823.json,1,0,d_stronger
rad-core-1-18,931,2103,rad-core-1-18/nodes/00931.json,rad-core-1-18/nodes/02103.json,1,0,d_stronger
rad-core-1-18,931,3036,rad-core-1-18/nodes/00931.json,rad-core-1-18/nodes/03036.json,1,0,d_stronger
rad-core-1-18,931,3053,rad-core-1-18/nodes/00931.json,rad-core-1-18/nodes/03053.json,1,0,d_stronger
rad-core-1-18,931,3063,rad-core-1-18/nodes/00931.json,rad-core-1-18/nodes/03063.json,1,0,d_stronger
rad-core-1-18,931,3064,rad-core-1-18/nodes/00931.json,rad-core-1-18/nodes/03064.json,1,0,d_stronger
rad-core-1-18,931,3075,rad-core-1-18/nodes/00931.json,rad-core-1-18/nodes/03075.json,1,0,d_stronger
rad-core-1-18,931,3081,rad-core-1-18/nodes/00931.json,rad-core-1-18/nodes/03081.json,1,0,d_stronger
rad-core-1-18,944,944,rad-core-1-18/nodes/00944.json,rad-core-1-18/nodes/00944.json,1,1,equivalent
rad-core-1-18,948,948,rad-core-1-18/nodes/00948.json,rad-core-1-18/nodes/00948.json,1,1,equivalent
rad-core-1-18,986,2591,rad-core-1-18/nodes/00986.json,rad-core-1-18/nodes/02591.json,0,1,u_stronger
rad-core-1-18,987,2836,rad-core-1-18/nodes/00987.json,rad-core-1-18/nodes/02836.json,0,1,u_stronger
rad-core-1-18,990,2836,rad-core-1-18/nodes/00990.json,rad-core-1-18/nodes/02836.json,0,1,u_stronger
rad-core-1-18,995,2836,rad-core-1-18/nodes/00995.json,rad-core-1-18/nodes/02836.json,0,1,u_stronger
rad-core-1-18,1001,2836,rad-core-1-18/nodes/01001.json,rad-core-1-18/nodes/02836.json,0,1,u_stronger
rad-core-1-18,1002,1002,rad-core-1-18/nodes/01002.json,rad-core-1-18/nodes/01002.json,1,1,equivalent
rad-core-1-18,1003,2836,rad-core-1-18/nodes/01003.json,rad-core-1-18/nodes/02836.json,0,1,u_stronger
rad-core-1-18,1005,2836,rad-core-1-18/nodes/01005.json,rad-core-1-18/nodes/02836.json,0,1,u_stronger
rad-core-1-18,1009,2836,rad-core-1-18/nodes/01009.json,rad-core-1-18/nodes/02836.json,0,1,u_stronger
rad-core-1-18,1011,1011,rad-core-1-18/nodes/01011.json,rad-core-1-18/nodes/01011.json,1,1,equivalent
rad-core-1-18,1016,2888,rad-core-1-18/nodes/01016.json,rad-core-1-18/nodes/02888.json,0,1,u_stronger
rad-core-1-18,1020,1920,rad-core-1-18/nodes/01020.json,rad-core-1-18/nodes/01920.json,0,1,u_stronger
rad-core-1-18,1024,2778,rad-core-1-18/nodes/01024.json,rad-core-1-18/nodes/02778.json,0,1,u_stronger
rad-core-1-18,1024,2938,rad-core-1-18/nodes/01024.json,rad-core-1-18/nodes/02938.json,0,1,u_stronger
rad-core-1-18,1024,2966,rad-core-1-18/nodes/01024.json,rad-core-1-18/nodes/02966.json,0,1,u_stronger
rad-core-1-18,1033,1717,rad-core-1-18/nodes/01033.json,rad-core-1-18/nodes/01717.json,0,1,u_stronger
rad-core-1-18,1034,2608,rad-core-1-18/nodes/01034.json,rad-core-1-18/nodes/02608.json,0,1,u_stronger
rad-core-1-18,1038,2888,rad-core-1-18/nodes/01038.json,rad-core-1-18/nodes/02888.json,0,1,u_stronger
rad-core-1-18,1047,1920,rad-core-1-18/nodes/01047.json,rad-core-1-18/nodes/01920.json,0,1,u_stronger
rad-core-1-18,1048,1920,rad-core-1-18/nodes/01048.json,rad-core-1-18/nodes/01920.json,0,1,u_stronger
rad-core-1-18,1053,2909,rad-core-1-18/nodes/01053.json,rad-core-1-18/nodes/02909.json,1,0,d_stronger
rad-core-1-18,1055,1920,rad-core-1-18/nodes/01055.json,rad-core-1-18/nodes/01920.json,0,1,u_stronger
rad-core-1-18,1062,1656,rad-core-1-18/nodes/01062.json,rad-core-1-18/nodes/01656.json,0,1,u_stronger
rad-core-1-18,1062,2714,rad-core-1-18/nodes/01062.json,rad-core-1-18/nodes/02714.json,0,1,u_stronger
rad-core-1-18,1063,2350,rad-core-1-18/nodes/01063.json,rad-core-1-18/nodes/02350.json,0,1,u_stronger
rad-core-1-18,1078,1078,rad-core-1-18/nodes/01078.json,rad-core-1-18/nodes/01078.json,1,1,equivalent
rad-core-1-18,1085,1928,rad-core-1-18/nodes/01085.json,rad-core-1-18/nodes/01928.json,0,1,u_stronger
rad-core-1-18,1085,2905,rad-core-1-18/nodes/01085.json,rad-core-1-18/nodes/02905.json,0,1,u_stronger
rad-core-1-18,1086,1086,rad-core-1-18/nodes/01086.json,rad-core-1-18/nodes/01086.json,1,1,equivalent
rad-core-1-18,1087,2591,rad-core-1-18/nodes/01087.json,rad-core-1-18/nodes/02591.json,0,1,u_stronger
rad-core-1-18,1088,1088,rad-core-1-18/nodes/01088.json,rad-core-1-18/nodes/01088.json,1,1,equivalent
rad-core-1-18,1089,1089,rad-core-1-18/nodes/01089.json,rad-core-1-18/nodes/01089.json,1,1,equivalent
rad-core-1-18,1090,1090,rad-core-1-18/nodes/01090.json,rad-core-1-18/nodes/01090.json,1,1,equivalent
rad-core-1-18,1091,2664,rad-core-1-18/nodes/01091.json,rad-core-1-18/nodes/02664.json,0,1,u_stronger
rad-core-1-18,1092,1092,rad-core-1-18/nodes/01092.json,rad-core-1-18/nodes/01092.json,1,1,equivalent
rad-core-1-18,1100,2591,rad-core-1-18/nodes/01100.json,rad-core-1-18/nodes/02591.json,0,1,u_stronger
rad-core-1-18,1107,2661,rad-core-1-18/nodes/01107.json,rad-core-1-18/nodes/02661.json,0,1,u_stronger
rad-core-1-18,1108,1987,rad-core-1-18/nodes/01108.json,rad-core-1-18/nodes/01987.json,1,0,d_stronger
rad-core-1-18,1108,1999,rad-core-1-18/nodes/01108.json,rad-core-1-18/nodes/01999.json,1,0,d_stronger
rad-core-1-18,1108,2792,rad-core-1-18/nodes/01108.json,rad-core-1-18/nodes/02792.json,1,0,d_stronger
rad-core-1-18,1111,2591,rad-core-1-18/nodes/01111.json,rad-core-1-18/nodes/02591.json,0,1,u_stronger
rad-core-1-18,1114,2591,rad-core-1-18/nodes/01114.json,rad-core-1-18/nodes/02591.json,0,1,u_stronger
rad-core-1-18,1115,2591,rad-core-1-18/nodes/01115.json,rad-core-1-18/nodes/02591.json,0,1,u_stronger
rad-core-1-18,1117,2591,rad-core-1-18/nodes/01117.json,rad-core-1-18/nodes/02591.json,0,1,u_stronger
rad-core-1-18,1119,1987,rad-core-1-18/nodes/01119.json,rad-core-1-18/nodes/01987.json,1,0,d_stronger
rad-core-1-18,1119,1999,rad-core-1-18/nodes/01119.json,rad-core-1-18/nodes/01999.json,1,0,d_stronger
rad-core-1-18,1119,2792,rad-core-1-18/nodes/01119.json,rad-core-1-18/nodes/02792.json,1,0,d_stronger
rad-core-1-18,1122,329,rad-core-1-18/nodes/01122.json,rad-core-1-18/nodes/00329.json,1,0,d_stronger
rad-core-1-18,1123,2591,rad-core-1-18/nodes/01123.json,rad-core-1-18/nodes/02591.json,0,1,u_stronger
rad-core-1-18,1125,1717,rad-core-1-18/nodes/01125.json,rad-core-1-18/nodes/01717.json,0,1,u_stronger
rad-core-1-18,1128,2134,rad-core-1-18/nodes/01128.json,rad-core-1-18/nodes/02134.json,1,0,d_stronger
rad-core-1-18,1129,2061,rad-core-1-18/nodes/01129.json,rad-core-1-18/nodes/02061.json,1,1,equivalent
rad-core-1-18,1132,2086,rad-core-1-18/nodes/01132.json,rad-core-1-18/nodes/02086.json,1,0,d_stronger
rad-core-1-18,1136,2481,rad-core-1-18/nodes/01136.json,rad-core-1-18/nodes/02481.json,0,1,u_stronger
rad-core-1-18,1147,2276,rad-core-1-18/nodes/01147.json,rad-core-1-18/nodes/02276.json,1,0,d_stronger
rad-core-1-18,1157,1848,rad-core-1-18/nodes/01157.json,rad-core-1-18/nodes/01848.json,1,0,d_stronger
rad-core-1-18,1157,2053,rad-core-1-18/nodes/01157.json,rad-core-1-18/nodes/02053.json,1,0,d_stronger
rad-core-1-18,1158,2947,rad-core-1-18/nodes/01158.json,rad-core-1-18/nodes/02947.json,1,0,d_stronger
rad-core-1-18,1158,2960,rad-core-1-18/nodes/01158.json,rad-core-1-18/nodes/02960.json,1,0,d_stronger
rad-core-1-18,1170,1072,rad-core-1-18/nodes/01170.json,rad-core-1-18/nodes/01072.json,1,0,d_stronger
rad-core-1-18,1172,1172,rad-core-1-18/nodes/01172.json,rad-core-1-18/nodes/01172.json,1,1,equivalent
rad-core-1-18,1173,1072,rad-core-1-18/nodes/01173.json,rad-core-1-18/nodes/01072.json,1,0,d_stronger
rad-core-1-18,1174,2172,rad-core-1-18/nodes/01174.json,rad-core-1-18/nodes/02172.json,1,0,d_stronger
rad-core-1-18,1174,2279,rad-core-1-18/nodes/01174.json,rad-core-1-18/nodes/02279.json,1,0,d_stronger
rad-core-1-18,1193,2884,rad-core-1-18/nodes/01193.json,rad-core-1-18/nodes/02884.json,1,0,d_stronger
rad-core-1-18,1201,2008,rad-core-1-18/nodes/01201.json,rad-core-1-18/nodes/02008.json,1,0,d_stronger
rad-core-1-18,1204,2512,rad-core-1-18/nodes/01204.json,rad-core-1-18/nodes/02512.json,0,1,u_stronger
rad-core-1-18,1209,1989,rad-core-1-18/nodes/01209.json,rad-core-1-18/nodes/01989.json,1,0,d_stronger
rad-core-1-18,1219,2521,rad-core-1-18/nodes/01219.json,rad-core-1-18/nodes/02521.json,0,1,u_stronger
rad-core-1-18,1228,2269,rad-core-1-18/nodes/01228.json,rad-core-1-18/nodes/02269.json,0,1,u_stronger
rad-core-1-18,1231,1883,rad-core-1-18/nodes/01231.json,rad-core-1-18/nodes/01883.json,0,1,u_stronger
rad-core-1-18,1234,1891,rad-core-1-18/nodes/01234.json,rad-core-1-18/nodes/01891.json,0,1,u_stronger
rad-core-1-18,1234,2959,rad-core-1-18/nodes/01234.json,rad-core-1-18/nodes/02959.json,0,1,u_stronger
rad-core-1-18,1235,1235,rad-core-1-18/nodes/01235.json,rad-core-1-18/nodes/01235.json,1,1,equivalent
rad-core-1-18,1237,2523,rad-core-1-18/nodes/01237.json,rad-core-1-18/nodes/02523.json,0,1,u_stronger
rad-core-1-18,1243,2956,rad-core-1-18/nodes/01243.json,rad-core-1-18/nodes/02956.json,0,1,u_stronger
rad-core-1-18,1247,3074,rad-core-1-18/nodes/01247.json,rad-core-1-18/nodes/03074.json,0,1,u_stronger
rad-core-1-18,1248,1920,rad-core-1-18/nodes/01248.json,rad-core-1-18/nodes/01920.json,0,1,u_stronger
rad-core-1-18,1253,1883,rad-core-1-18/nodes/01253.json,rad-core-1-18/nodes/01883.json,0,1,u_stronger
rad-core-1-18,1259,2529,rad-core-1-18/nodes/01259.json,rad-core-1-18/nodes/02529.json,0,1,u_stronger
rad-core-1-18,1280,2902,rad-core-1-18/nodes/01280.json,rad-core-1-18/nodes/02902.json,1,0,d_stronger
rad-core-1-18,1280,2913,rad-core-1-18/nodes/01280.json,rad-core-1-18/nodes/02913.json,1,0,d_stronger
rad-core-1-18,1280,2915,rad-core-1-18/nodes/01280.json,rad-core-1-18/nodes/02915.json,1,0,d_stronger
rad-core-1-18,1280,2916,rad-core-1-18/nodes/01280.json,rad-core-1-18/nodes/02916.json,1,0,d_stronger
rad-core-1-18,1280,2917,rad-core-1-18/nodes/01280.json,rad-core-1-18/nodes/02917.json,1,0,d_stronger
rad-core-1-18,1288,1710,rad-core-1-18/nodes/01288.json,rad-core-1-18/nodes/01710.json,0,1,u_stronger
rad-core-1-18,1289,2861,rad-core-1-18/nodes/01289.json,rad-core-1-18/nodes/02861.json,0,1,u_stronger
rad-core-1-18,1290,1290,rad-core-1-18/nodes/01290.json,rad-core-1-18/nodes/01290.json,1,1,equivalent
rad-core-1-18,1293,1720,rad-core-1-18/nodes/01293.json,rad-core-1-18/nodes/01720.json,1,0,d_stronger
rad-core-1-18,1297,1947,rad-core-1-18/nodes/01297.json,rad-core-1-18/nodes/01947.json,1,0,d_stronger
rad-core-1-18,1299,2591,rad-core-1-18/nodes/01299.json,rad-core-1-18/nodes/02591.json,0,1,u_stronger
rad-core-1-18,1301,2834,rad-core-1-18/nodes/01301.json,rad-core-1-18/nodes/02834.json,1,0,d_stronger
rad-core-1-18,1320,2270,rad-core-1-18/nodes/01320.json,rad-core-1-18/nodes/02270.json,0,1,u_stronger
rad-core-1-18,1328,2270,rad-core-1-18/nodes/01328.json,rad-core-1-18/nodes/02270.json,0,1,u_stronger
rad-core-1-18,1337,1766,rad-core-1-18/nodes/01337.json,rad-core-1-18/nodes/01766.json,1,0,d_stronger
rad-core-1-18,1337,2808,rad-core-1-18/nodes/01337.json,rad-core-1-18/nodes/02808.json,1,0,d_stronger
rad-core-1-18,1337,2967,rad-core-1-18/nodes/01337.json,rad-core-1-18/nodes/02967.json,1,0,d_stronger
rad-core-1-18,1340,1717,rad-core-1-18/nodes/01340.json,rad-core-1-18/nodes/01717.json,0,1,u_stronger
rad-core-1-18,1352,2836,rad-core-1-18/nodes/01352.json,rad-core-1-18/nodes/02836.json,0,1,u_stronger
rad-core-1-18,1353,2521,rad-core-1-18/nodes/01353.json,rad-core-1-18/nodes/02521.json,0,1,u_stronger
rad-core-1-18,1362,2836,rad-core-1-18/nodes/01362.json,rad-core-1-18/nodes/02836.json,0,1,u_stronger
rad-core-1-18,1377,2244,rad-core-1-18/nodes/01377.json,rad-core-1-18/nodes/02244.json,1,0,d_stronger
rad-core-1-18,1380,1934,rad-core-1-18/nodes/01380.json,rad-core-1-18/nodes/01934.json,0,1,u_stronger
rad-core-1-18,1380,2231,rad-core-1-18/nodes/01380.json,rad-core-1-18/nodes/02231.json,0,1,u_stronger
rad-core-1-18,1385,2836,rad-core-1-18/nodes/01385.json,rad-core-1-18/nodes/02836.json,0,1,u_stronger
rad-core-1-18,1386,2591,rad-core-1-18/nodes/01386.json,rad-core-1-18/nodes/02591.json,0,1,u_stronger
rad-core-1-18,1386,2836,rad-core-1-18/nodes/01386.json,rad-core-1-18/nodes/02836.json,0,1,u_stronger
rad-core-1-18,1391,2836,rad-core-1-18/nodes/01391.json,rad-core-1-18/nodes/02836.json,0,1,u_stronger
rad-core-1-18,1393,1980,rad-core-1-18/nodes/01393.json,rad-core-1-18/nodes/01980.json,1,1,equivalent
rad-core-1-18,1400,2836,rad-core-1-18/nodes/01400.json,rad-core-1-18/nodes/02836.json,0,1,u_stronger
rad-core-1-18,1401,2836,rad-core-1-18/nodes/01401.json,rad-core-1-18/nodes/02836.json,0,1,u_stronger
rad-core-1-18,1406,2836,rad-core-1-18/nodes/01406.json,rad-core-1-18/nodes/02836.json,0,1,u_stronger
rad-core-1-18,1408,2836,rad-core-1-18/nodes/01408.json,rad-core-1-18/nodes/02836.json,0,1,u_stronger
rad-core-1-18,1411,2836,rad-core-1-18/nodes/01411.json,rad-core-1-18/nodes/02836.json,0,1,u_stronger
rad-core-1-18,1415,1415,rad-core-1-18/nodes/01415.json,rad-core-1-18/nodes/01415.json,1,1,equivalent
rad-core-1-18,1417,2939,rad-core-1-18/nodes/01417.json,rad-core-1-18/nodes/02939.json,0,1,u_stronger
rad-core-1-18,1420,1420,rad-core-1-18/nodes/01420.json,rad-core-1-18/nodes/01420.json,1,1,equivalent
rad-core-1-18,1431,1829,rad-core-1-18/nodes/01431.json,rad-core-1-18/nodes/01829.json,1,0,d_stronger
rad-core-1-18,1447,2724,rad-core-1-18/nodes/01447.json,rad-core-1-18/nodes/02724.json,0,1,u_stronger
rad-core-1-18,1458,1730,rad-core-1-18/nodes/01458.json,rad-core-1-18/nodes/01730.json,1,0,d_stronger
rad-core-1-18,1459,1730,rad-core-1-18/nodes/01459.json,rad-core-1-18/nodes/01730.json,1,0,d_stronger
rad-core-1-18,1466,1718,rad-core-1-18/nodes/01466.json,rad-core-1-18/nodes/01718.json,1,1,equivalent
rad-core-1-18,1469,1469,rad-core-1-18/nodes/01469.json,rad-core-1-18/nodes/01469.json,1,1,equivalent
rad-core-1-18,1494,2974,rad-core-1-18/nodes/01494.json,rad-core-1-18/nodes/02974.json,1,1,equivalent
rad-core-1-18,1500,3082,rad-core-1-18/nodes/01500.json,rad-core-1-18/nodes/03082.json,1,0,d_stronger
rad-core-1-18,1501,1881,rad-core-1-18/nodes/01501.json,rad-core-1-18/nodes/01881.json,0,1,u_stronger
rad-core-1-18,1501,1891,rad-core-1-18/nodes/01501.json,rad-core-1-18/nodes/01891.json,0,1,u_stronger
rad-core-1-18,1501,2959,rad-core-1-18/nodes/01501.json,rad-core-1-18/nodes/02959.json,0,1,u_stronger
rad-core-1-18,1503,2513,rad-core-1-18/nodes/01503.json,rad-core-1-18/nodes/02513.json,0,1,u_stronger
rad-core-1-18,1511,2447,rad-core-1-18/nodes/01511.json,rad-core-1-18/nodes/02447.json,1,0,d_stronger
rad-core-1-18,1512,1840,rad-core-1-18/nodes/01512.json,rad-core-1-18/nodes/01840.json,0,1,u_stronger
rad-core-1-18,1515,1515,rad-core-1-18/nodes/01515.json,rad-core-1-18/nodes/01515.json,1,1,equivalent
rad-core-1-18,1516,1516,rad-core-1-18/nodes/01516.json,rad-core-1-18/nodes/01516.json,1,1,equivalent
rad-core-1-18,1517,2654,rad-core-1-18/nodes/01517.json,rad-core-1-18/nodes/02654.json,0,1,u_stronger
rad-core-1-18,1521,1935,rad-core-1-18/nodes/01521.json,rad-core-1-18/nodes/01935.json,0,1,u_stronger
rad-core-1-18,1522,1757,rad-core-1-18/nodes/01522.json,rad-core-1-18/nodes/01757.json,0,1,u_stronger
rad-core-1-18,1533,1891,rad-core-1-18/nodes/01533.json,rad-core-1-18/nodes/01891.json,0,1,u_stronger
rad-core-1-18,1533,2959,rad-core-1-18/nodes/01533.json,rad-core-1-18/nodes/02959.json,0,1,u_stronger
rad-core-1-18,1545,2665,rad-core-1-18/nodes/01545.json,rad-core-1-18/nodes/02665.json,0,1,u_stronger
rad-core-1-18,1558,3050,rad-core-1-18/nodes/01558.json,rad-core-1-18/nodes/03050.json,1,0,d_stronger
rad-core-10,1,52,rad-core-10/nodes/00001.json,rad-core-10/nodes/00052.json,0,1,u_stronger
rad-core-10,5,352,rad-core-10/nodes/00005.json,rad-core-10/nodes/00352.json,0,1,u_stronger
rad-core-10,6,364,rad-core-10/nodes/00006.json,rad-core-10/nodes/00364.json,0,1,u_stronger
rad-core-10,7,47,rad-core-10/nodes/00007.json,rad-core-10/nodes/00047.json,0,1,u_stronger
rad-core-10,8,47,rad-core-10/nodes/00008.json,rad-core-10/nodes/00047.json,0,1,u_stronger
rad-core-10,10,47,rad-core-10/nodes/00010.json,rad-core-10/nodes/00047.json,0,1,u_stronger
rad-core-10,13,47,rad-core-10/nodes/00013.json,rad-core-10/nodes/00047.json,0,1,u_stronger
rad-core-10,14,52,rad-core-10/nodes/00014.json,rad-core-10/nodes/00052.json,0,1,u_stronger
rad-core-10,16,47,rad-core-10/nodes/00016.json,rad-core-10/nodes/00047.json,0,1,u_stronger
rad-core-10,20,47,rad-core-10/nodes/00020.json,rad-core-10/nodes/00047.json,0,1,u_stronger
rad-core-10,45,352,rad-core-10/nodes/00045.json,rad-core-10/nodes/00352.json,0,1,u_stronger
rad-core-12-18,0,2297,rad-core-12-18/nodes/00000.json,rad-core-12-18/nodes/02297.json,0,1,u_stronger
rad-core-12-18,15,3410,rad-core-12-18/nodes/00015.json,rad-core-12-18/nodes/03410.json,0,1,u_stronger
rad-core-12-18,58,2214,rad-core-12-18/nodes/00058.json,rad-core-12-18/nodes/02214.json,0,1,u_stronger
rad-core-12-18,64,2214,rad-core-12-18/nodes/00064.json,rad-core-12-18/nodes/02214.json,0,1,u_stronger
rad-core-12-18,65,2214,rad-core-12-18/nodes/00065.json,rad-core-12-18/nodes/02214.json,0,1,u_stronger
rad-core-12-18,67,2214,rad-core-12-18/nodes/00067.json,rad-core-12-18/nodes/02214.json,0,1,u_stronger
rad-core-12-18,70,2040,rad-core-12-18/nodes/00070.json,rad-core-12-18/nodes/02040.json,1,0,d_stronger
rad-core-12-18,84,2214,rad-core-12-18/nodes/00084.json,rad-core-12-18/nodes/02214.json,0,1,u_stronger
rad-core-12-18,89,2214,rad-core-12-18/nodes/00089.json,rad-core-12-18/nodes/02214.json,0,1,u_stronger
rad-core-12-18,93,2214,rad-core-12-18/nodes/00093.json,rad-core-12-18/nodes/02214.json,0,1,u_stronger
rad-core-12-18,105,105,rad-core-12-18/nodes/00105.json,rad-core-12-18/nodes/00105.json,1,1,equivalent
rad-core-12-18,108,2214,rad-core-12-18/nodes/00108.json,rad-core-12-18/nodes/02214.json,0,1,u_stronger
rad-core-12-18,124,3009,rad-core-12-18/nodes/00124.json,rad-core-12-18/nodes/03009.json,0,1,u_stronger
rad-core-12-18,126,126,rad-core-12-18/nodes/00126.json,rad-core-12-18/nodes/00126.json,1,1,equivalent
rad-core-12-18,127,127,rad-core-12-18/nodes/00127.json,rad-core-12-18/nodes/00127.json,1,1,equivalent
rad-core-12-18,128,2214,rad-core-12-18/nodes/00128.json,rad-core-12-18/nodes/02214.json,0,1,u_stronger
rad-core-12-18,132,2214,rad-core-12-18/nodes/00132.json,rad-core-12-18/nodes/02214.json,0,1,u_stronger
rad-core-12-18,143,2214,rad-core-12-18/nodes/00143.json,rad-core-12-18/nodes/02214.json,0,1,u_stronger
rad-core-12-18,144,2214,rad-core-12-18/nodes/00144.json,rad-core-12-18/nodes/02214.json,0,1,u_stronger
rad-core-12-18,151,2214,rad-core-12-18/nodes/00151.json,rad-core-12-18/nodes/02214.json,0,1,u_stronger
rad-core-12-18,157,2214,rad-core-12-18/nodes/00157.json,rad-core-12-18/nodes/02214.json,0,1,u_stronger
rad-core-12-18,165,2916,rad-core-12-18/nodes/00165.json,rad-core-12-18/nodes/02916.json,1,0,d_stronger
rad-core-12-18,168,2214,rad-core-12-18/nodes/00168.json,rad-core-12-18/nodes/02214.json,0,1,u_stronger
rad-core-12-18,171,2297,rad-core-12-18/nodes/00171.json,rad-core-12-18/nodes/02297.json,0,1,u_stronger
rad-core-12-18,173,2297,rad-core-12-18/nodes/00173.json,rad-core-12-18/nodes/02297.json,0,1,u_stronger
rad-core-12-18,177,2297,rad-core-12-18/nodes/00177.json,rad-core-12-18/nodes/02297.json,0,1,u_stronger
rad-core-12-18,178,2297,rad-core-12-18/nodes/00178.json,rad-core-12-18/nodes/02297.json,0,1,u_stronger
rad-core-12-18,179,2297,rad-core-12-18/nodes/00179.json,rad-core-12-18/nodes/02297.json,0,1,u_stronger
rad-core-12-18,181,3738,rad-core-12-18/nodes/00181.json,rad-core-12-18/nodes/03738.json,1,0,d_stronger
rad-core-12-18,186,2297,rad-core-12-18/nodes/00186.json,rad-core-12-18/nodes/02297.json,0,1,u_stronger
rad-core-12-18,187,2297,rad-core-12-18/nodes/00187.json,rad-core-12-18/nodes/02297.json,0,1,u_stronger
rad-core-12-18,190,2297,rad-core-12-18/nodes/00190.json,rad-core-12-18/nodes/02297.json,0,1,u_stronger
rad-core-12-18,192,2297,rad-core-12-18/nodes/00192.json,rad-core-12-18/nodes/02297.json,0,1,u_stronger
rad-core-12-18,195,195,rad-core-12-18/nodes/00195.json,rad-core-12-18/nodes/00195.json,1,1,equivalent
rad-core-12-18,196,3727,rad-core-12-18/nodes/00196.json,rad-core-12-18/nodes/03727.json,1,0,d_stronger
rad-core-12-18,207,207,rad-core-12-18/nodes/00207.json,rad-core-12-18/nodes/00207.json,1,1,equivalent
rad-core-12-18,213,213,rad-core-12-18/nodes/00213.json,rad-core-12-18/nodes/00213.json,1,1,equivalent
rad-core-12-18,214,2895,rad-core-12-18/nodes/00214.json,rad-core-12-18/nodes/02895.json,1,0,d_stronger
rad-core-12-18,219,2266,rad-core-12-18/nodes/00219.json,rad-core-12-18/nodes/02266.json,1,0,d_stronger
rad-core-12-18,256,2203,rad-core-12-18/nodes/00256.json,rad-core-12-18/nodes/02203.json,0,1,u_stronger
rad-core-12-18,259,2214,rad-core-12-18/nodes/00259.json,rad-core-12-18/nodes/02214.json,0,1,u_stronger
rad-core-12-18,263,2214,rad-core-12-18/nodes/00263.json,rad-core-12-18/nodes/02214.json,0,1,u_stronger
rad-core-12-18,276,2404,rad-core-12-18/nodes/00276.json,rad-core-12-18/nodes/02404.json,0,1,u_stronger
rad-core-12-18,284,2214,rad-core-12-18/nodes/00284.json,rad-core-12-18/nodes/02214.json,0,1,u_stronger
rad-core-12-18,285,3527,rad-core-12-18/nodes/00285.json,rad-core-12-18/nodes/03527.json,0,1,u_stronger
rad-core-12-18,289,3686,rad-core-12-18/nodes/00289.json,rad-core-12-18/nodes/03686.json,0,1,u_stronger
rad-core-12-18,294,2214,rad-core-12-18/nodes/00294.json,rad-core-12-18/nodes/02214.json,0,1,u_stronger
rad-core-12-18,296,2214,rad-core-12-18/nodes/00296.json,rad-core-12-18/nodes/02214.json,0,1,u_stronger
rad-core-12-18,297,2630,rad-core-12-18/nodes/00297.json,rad-core-12-18/nodes/02630.json,1,0,d_stronger
rad-core-12-18,297,2668,rad-core-12-18/nodes/00297.json,rad-core-12-18/nodes/02668.json,1,0,d_stronger
rad-core-12-18,297,2669,rad-core-12-18/nodes/00297.json,rad-core-12-18/nodes/02669.json,1,0,d_stronger
rad-core-12-18,297,2676,rad-core-12-18/nodes/00297.json,rad-core-12-18/nodes/02676.json,1,0,d_stronger
rad-core-12-18,301,2404,rad-core-12-18/nodes/00301.json,rad-core-12-18/nodes/02404.json,0,1,u_stronger
rad-core-12-18,303,2607,rad-core-12-18/nodes/00303.json,rad-core-12-18/nodes/02607.json,0,1,u_stronger
rad-core-12-18,303,2610,rad-core-12-18/nodes/00303.json,rad-core-12-18/nodes/02610.json,0,1,u_stronger
rad-core-12-18,305,2214,rad-core-12-18/nodes/00305.json,rad-core-12-18/nodes/02214.json,0,1,u_stronger
rad-core-12-18,307,3527,rad-core-12-18/nodes/00307.json,rad-core-12-18/nodes/03527.json,0,1,u_stronger
rad-core-12-18,309,2214,rad-core-12-18/nodes/00309.json,rad-core-12-18/nodes/02214.json,0,1,u_stronger
rad-core-12-18,309,2561,rad-core-12-18/nodes/00309.json,rad-core-12-18/nodes/02561.json,0,1,u_stronger
rad-core-12-18,311,3095,rad-core-12-18/nodes/00311.json,rad-core-12-18/nodes/03095.json,1,0,d_stronger
rad-core-12-18,312,3229,rad-core-12-18/nodes/00312.json,rad-core-12-18/nodes/03229.json,1,0,d_stronger
rad-core-12-18,312,3259,rad-core-12-18/nodes/00312.json,rad-core-12-18/nodes/03259.json,1,0,d_stronger
rad-core-12-18,315,2678,rad-core-12-18/nodes/00315.json,rad-core-12-18/nodes/02678.json,1,0,d_stronger
rad-core-12-18,315,2691,rad-core-12-18/nodes/00315.json,rad-core-12-18/nodes/02691.json,1,0,d_stronger
rad-core-12-18,323,2214,rad-core-12-18/nodes/00323.json,rad-core-12-18/nodes/02214.json,0,1,u_stronger
rad-core-12-18,323,2847,rad-core-12-18/nodes/00323.json,rad-core-12-18/nodes/02847.json,0,1,u_stronger
rad-core-12-18,324,2297,rad-core-12-18/nodes/00324.json,rad-core-12-18/nodes/02297.json,0,1,u_stronger
rad-core-12-18,334,334,rad-core-12-18/nodes/00334.json,rad-core-12-18/nodes/00334.json,1,1,equivalent
rad-core-12-18,340,3255,rad-core-12-18/nodes/00340.json,rad-core-12-18/nodes/03255.json,0,1,u_stronger
rad-core-12-18,341,2297,rad-core-12-18/nodes/00341.json,rad-core-12-18/nodes/02297.json,0,1,u_stronger
rad-core-12-18,342,2297,rad-core-12-18/nodes/00342.json,rad-core-12-18/nodes/02297.json,0,1,u_stronger
rad-core-12-18,345,2353,rad-core-12-18/nodes/00345.json,rad-core-12-18/nodes/02353.json,1,0,d_stronger
rad-core-12-18,348,3255,rad-core-12-18/nodes/00348.json,rad-core-12-18/nodes/03255.json,0,1,u_stronger
rad-core-12-18,350,3255,rad-core-12-18/nodes/00350.json,rad-core-12-18/nodes/03255.json,0,1,u_stronger
rad-core-12-18,351,3255,rad-core-12-18/nodes/00351.json,rad-core-12-18/nodes/03255.json,0,1,u_stronger
rad-core-12-18,353,3255,rad-core-12-18/nodes/00353.json,rad-core-12-18/nodes/03255.json,0,1,u_stronger
rad-core-12-18,354,2297,rad-core-12-18/nodes/00354.json,rad-core-12-18/nodes/02297.json,0,1,u_stronger
rad-core-12-18,361,3209,rad-core-12-18/nodes/00361.json,rad-core-12-18/nodes/03209.json,0,1,u_stronger
rad-core-12-18,363,2297,rad-core-12-18/nodes/00363.json,rad-core-12-18/nodes/02297.json,0,1,u_stronger
rad-core-12-18,371,2035,rad-core-12-18/nodes/00371.json,rad-core-12-18/nodes/02035.json,0,1,u_stronger
rad-core-12-18,376,3060,rad-core-12-18/nodes/00376.json,rad-core-12-18/nodes/03060.json,0,1,u_stronger
rad-core-12-18,395,2214,rad-core-12-18/nodes/00395.json,rad-core-12-18/nodes/02214.json,0,1,u_stronger
rad-core-12-18,406,2214,rad-core-12-18/nodes/00406.json,rad-core-12-18/nodes/02214.json,0,1,u_stronger
rad-core-12-18,420,2214,rad-core-12-18/nodes/00420.json,rad-core-12-18/nodes/02214.json,0,1,u_stronger
rad-core-12-18,431,2214,rad-core-12-18/nodes/00431.json,rad-core-12-18/nodes/02214.json,0,1,u_stronger
rad-core-12-18,434,3562,rad-core-12-18/nodes/00434.json,rad-core-12-18/nodes/03562.json,1,0,d_stronger
rad-core-12-18,444,2214,rad-core-12-18/nodes/00444.json,rad-core-12-18/nodes/02214.json,0,1,u_stronger
rad-core-12-18,446,2760,rad-core-12-18/nodes/00446.json,rad-core-12-18/nodes/02760.json,0,1,u_stronger
rad-core-12-18,454,2214,rad-core-12-18/nodes/00454.json,rad-core-12-18/nodes/02214.json,0,1,u_stronger
rad-core-12-18,455,2022,rad-core-12-18/nodes/00455.json,rad-core-12-18/nodes/02022.json,1,0,d_stronger
rad-core-12-18,455,2434,rad-core-12-18/nodes/00455.json,rad-core-12-18/nodes/02434.json,1,0,d_stronger
rad-core-12-18,455,2475,rad-core-12-18/nodes/00455.json,rad-core-12-18/nodes/02475.json,1,0,d_stronger
rad-core-12-18,479,3020,rad-core-12-18/nodes/00479.json,rad-core-12-18/nodes/03020.json,1,0,d_stronger
rad-core-12-18,492,3492,rad-core-12-18/nodes/00492.json,rad-core-12-18/nodes/03492.json,1,0,d_stronger
rad-core-12-18,497,497,rad-core-12-18/nodes/00497.json,rad-core-12-18/nodes/00497.json,1,1,equivalent
rad-core-12-18,499,2394,rad-core-12-18/nodes/00499.json,rad-core-12-18/nodes/02394.json,0,1,u_stronger
rad-core-12-18,501,2214,rad-core-12-18/nodes/00501.json,rad-core-12-18/nodes/02214.json,0,1,u_stronger
rad-core-12-18,506,2358,rad-core-12-18/nodes/00506.json,rad-core-12-18/nodes/02358.json,0,1,u_stronger
rad-core-12-18,509,2214,rad-core-12-18/nodes/00509.json,rad-core-12-18/nodes/02214.json,0,1,u_stronger
rad-core-12-18,510,2297,rad-core-12-18/nodes/00510.json,rad-core-12-18/nodes/02297.json,0,1,u_stronger
rad-core-12-18,513,2214,rad-core-12-18/nodes/00513.json,rad-core-12-18/nodes/02214.json,0,1,u_stronger
rad-core-12-18,517,2388,rad-core-12-18/nodes/00517.json,rad-core-12-18/nodes/02388.json,0,1,u_stronger
rad-core-12-18,517,3618,rad-core-12-18/nodes/00517.json,rad-core-12-18/nodes/03618.json,0,1,u_stronger
rad-core-12-18,518,2358,rad-core-12-18/nodes/00518.json,rad-core-12-18/nodes/02358.json,0,1,u_stronger
rad-core-12-18,519,2297,rad-core-12-18/nodes/00519.json,rad-core-12-18/nodes/02297.json,0,1,u_stronger
rad-core-12-18,526,2214,rad-core-12-18/nodes/00526.json,rad-core-12-18/nodes/02214.json,0,1,u_stronger
rad-core-12-18,528,2297,rad-core-12-18/nodes/00528.json,rad-core-12-18/nodes/02297.json,0,1,u_stronger
rad-core-12-18,529,2214,rad-core-12-18/nodes/00529.json,rad-core-12-18/nodes/02214.json,0,1,u_stronger
rad-core-12-18,534,2214,rad-core-12-18/nodes/00534.json,rad-core-12-18/nodes/02214.json,0,1,u_stronger
rad-core-12-18,536,2214,rad-core-12-18/nodes/00536.json,rad-core-12-18/nodes/02214.json,0,1,u_stronger
rad-core-12-18,537,2090,rad-core-12-18/nodes/00537.json,rad-core-12-18/nodes/02090.json,1,0,d_stronger
rad-core-12-18,538,2214,rad-core-12-18/nodes/00538.json,rad-core-12-18/nodes/02214.json,0,1,u_stronger
rad-core-12-18,539,2962,rad-core-12-18/nodes/00539.json,rad-core-12-18/nodes/02962.json,0,1,u_stronger
rad-core-12-18,548,2214,rad-core-12-18/nodes/00548.json,rad-core-12-18/nodes/02214.json,0,1,u_stronger
rad-core-12-18,550,2214,rad-core-12-18/nodes/00550.json,rad-core-12-18/nodes/02214.json,0,1,u_stronger
rad-core-12-18,554,3527,rad-core-12-18/nodes/00554.json,rad-core-12-18/nodes/03527.json,0,1,u_stronger
rad-core-12-18,559,559,rad-core-12-18/nodes/00559.json,rad-core-12-18/nodes/00559.json,1,1,equivalent
rad-core-12-18,566,2297,rad-core-12-18/nodes/00566.json,rad-core-12-18/nodes/02297.json,0,1,u_stronger
rad-core-12-18,568,3250,rad-core-12-18/nodes/00568.json,rad-core-12-18/nodes/03250.json,0,1,u_stronger
rad-core-12-18,570,2297,rad-core-12-18/nodes/00570.json,rad-core-12-18/nodes/02297.json,0,1,u_stronger
rad-core-12-18,573,2297,rad-core-12-18/nodes/00573.json,rad-core-12-18/nodes/02297.json,0,1,u_stronger
rad-core-12-18,574,3288,rad-core-12-18/nodes/00574.json,rad-core-12-18/nodes/03288.json,0,1,u_stronger
rad-core-12-18,576,2297,rad-core-12-18/nodes/00576.json,rad-core-12-18/nodes/02297.json,0,1,u_stronger
rad-core-12-18,578,2297,rad-core-12-18/nodes/00578.json,rad-core-12-18/nodes/02297.json,0,1,u_stronger
rad-core-12-18,584,2214,rad-core-12-18/nodes/00584.json,rad-core-12-18/nodes/02214.json,0,1,u_stronger
rad-core-12-18,589,2214,rad-core-12-18/nodes/00589.json,rad-core-12-18/nodes/02214.json,0,1,u_stronger
rad-core-12-18,592,2297,rad-core-12-18/nodes/00592.json,rad-core-12-18/nodes/02297.json,0,1,u_stronger
rad-core-12-18,593,2297,rad-core-12-18/nodes/00593.json,rad-core-12-18/nodes/02297.json,0,1,u_stronger
rad-core-12-18,594,2297,rad-core-12-18/nodes/00594.json,rad-core-12-18/nodes/02297.json,0,1,u_stronger
rad-core-12-18,597,2297,rad-core-12-18/nodes/00597.json,rad-core-12-18/nodes/02297.json,0,1,u_stronger
rad-core-12-18,599,2297,rad-core-12-18/nodes/00599.json,rad-core-12-18/nodes/02297.json,0,1,u_stronger
rad-core-12-18,600,2297,rad-core-12-18/nodes/00600.json,rad-core-12-18/nodes/02297.json,0,1,u_stronger
rad-core-12-18,604,2214,rad-core-12-18/nodes/00604.json,rad-core-12-18/nodes/02214.json,0,1,u_stronger
rad-core-12-18,605,2297,rad-core-12-18/nodes/00605.json,rad-core-12-18/nodes/02297.json,0,1,u_stronger
rad-core-12-18,607,2297,rad-core-12-18/nodes/00607.json,rad-core-12-18/nodes/02297.json,0,1,u_stronger
rad-core-12-18,609,2297,rad-core-12-18/nodes/00609.json,rad-core-12-18/nodes/02297.json,0,1,u_stronger
rad-core-12-18,611,2872,rad-core-12-18/nodes/00611.json,rad-core-12-18/nodes/02872.json,0,1,u_stronger
rad-core-12-18,613,2214,rad-core-12-18/nodes/00613.json,rad-core-12-18/nodes/02214.json,0,1,u_stronger
rad-core-12-18,617,2214,rad-core-12-18/nodes/00617.json,rad-core-12-18/nodes/02214.json,0,1,u_stronger
rad-core-12-18,626,2297,rad-core-12-18/nodes/00626.json,rad-core-12-18/nodes/02297.json,0,1,u_stronger
rad-core-12-18,627,2297,rad-core-12-18/nodes/00627.json,rad-core-12-18/nodes/02297.json,0,1,u_stronger
rad-core-12-18,658,2214,rad-core-12-18/nodes/00658.json,rad-core-12-18/nodes/02214.json,0,1,u_stronger
rad-core-12-18,667,2214,rad-core-12-18/nodes/00667.json,rad-core-12-18/nodes/02214.json,0,1,u_stronger
rad-core-12-18,676,2536,rad-core-12-18/nodes/00676.json,rad-core-12-18/nodes/02536.json,0,1,u_stronger
rad-core-12-18,676,2582,rad-core-12-18/nodes/00676.json,rad-core-12-18/nodes/02582.json,0,1,u_stronger
rad-core-12-18,701,2214,rad-core-12-18/nodes/00701.json,rad-core-12-18/nodes/02214.json,0,1,u_stronger
rad-core-12-18,703,3771,rad-core-12-18/nodes/00703.json,rad-core-12-18/nodes/03771.json,1,0,d_stronger
rad-core-12-18,706,2214,rad-core-12-18/nodes/00706.json,rad-core-12-18/nodes/02214.json,0,1,u_stronger
rad-core-12-18,709,2214,rad-core-12-18/nodes/00709.json,rad-core-12-18/nodes/02214.json,0,1,u_stronger
rad-core-12-18,721,2214,rad-core-12-18/nodes/00721.json,rad-core-12-18/nodes/02214.json,0,1,u_stronger
rad-core-12-18,728,2214,rad-core-12-18/nodes/00728.json,rad-core-12-18/nodes/02214.json,0,1,u_stronger
rad-core-12-18,730,2214,rad-core-12-18/nodes/00730.json,rad-core-12-18/nodes/02214.json,0,1,u_stronger
rad-core-12-18,732,732,rad-core-12-18/nodes/00732.json,rad-core-12-18/nodes/00732.json,1,1,equivalent
rad-core-12-18,735,2601,rad-core-12-18/nodes/00735.json,rad-core-12-18/nodes/02601.json,0,1,u_stronger
rad-core-12-18,736,2873,rad-core-12-18/nodes/00736.json,rad-core-12-18/nodes/02873.json,1,0,d_stronger
rad-core-12-18,737,2214,rad-core-12-18/nodes/00737.json,rad-core-12-18/nodes/02214.json,0,1,u_stronger
rad-core-12-18,738,2029,rad-core-12-18/nodes/00738.json,rad-core-12-18/nodes/02029.json,0,1,u_stronger
rad-core-12-18,740,2297,rad-core-12-18/nodes/00740.json,rad-core-12-18/nodes/02297.json,0,1,u_stronger
rad-core-12-18,746,2297,rad-core-12-18/nodes/00746.json,rad-core-12-18/nodes/02297.json,0,1,u_stronger
rad-core-12-18,750,2962,rad-core-12-18/nodes/00750.json,rad-core-12-18/nodes/02962.json,0,1,u_stronger
rad-core-12-18,751,2297,rad-core-12-18/nodes/00751.json,rad-core-12-18/nodes/02297.json,0,1,u_stronger
rad-core-12-18,753,3532,rad-core-12-18/nodes/00753.json,rad-core-12-18/nodes/03532.json,1,0,d_stronger
rad-core-12-18,767,2214,rad-core-12-18/nodes/00767.json,rad-core-12-18/nodes/02214.json,0,1,u_stronger
rad-core-12-18,771,2297,rad-core-12-18/nodes/00771.json,rad-core-12-18/nodes/02297.json,0,1,u_stronger
rad-core-12-18,790,2153,rad-core-12-18/nodes/00790.json,rad-core-12-18/nodes/02153.json,0,1,u_stronger
rad-core-12-18,791,3141,rad-core-12-18/nodes/00791.json,rad-core-12-18/nodes/03141.json,1,0,d_stronger
rad-core-12-18,791,3148,rad-core-12-18/nodes/00791.json,rad-core-12-18/nodes/03148.json,1,0,d_stronger
rad-core-12-18,791,3153,rad-core-12-18/nodes/00791.json,rad-core-12-18/nodes/03153.json,1,0,d_stronger
rad-core-12-18,791,3161,rad-core-12-18/nodes/00791.json,rad-core-12-18/nodes/03161.json,1,0,d_stronger
rad-core-12-18,791,3182,rad-core-12-18/nodes/00791.json,rad-core-12-18/nodes/03182.json,1,0,d_stronger
rad-core-12-18,791,3212,rad-core-12-18/nodes/00791.json,rad-core-12-18/nodes/03212.json,1,0,d_stronger
rad-core-12-18,792,2398,rad-core-12-18/nodes/00792.json,rad-core-12-18/nodes/02398.json,0,1,u_stronger
rad-core-12-18,792,2411,rad-core-12-18/nodes/00792.json,rad-core-12-18/nodes/02411.json,0,1,u_stronger
rad-core-12-18,792,2464,rad-core-12-18/nodes/00792.json,rad-core-12-18/nodes/02464.json,0,1,u_stronger
rad-core-12-18,792,3219,rad-core-12-18/nodes/00792.json,rad-core-12-18/nodes/03219.json,0,1,u_stronger
rad-core-12-18,793,2268,rad-core-12-18/nodes/00793.json,rad-core-12-18/nodes/02268.json,1,0,d_stronger
rad-core-12-18,793,2272,rad-core-12-18/nodes/00793.json,rad-core-12-18/nodes/02272.json,1,0,d_stronger
rad-core-12-18,793,3020,rad-core-12-18/nodes/00793.json,rad-core-12-18/nodes/03020.json,1,0,d_stronger
rad-core-12-18,793,3441,rad-core-12-18/nodes/00793.json,rad-core-12-18/nodes/03441.json,1,0,d_stronger
rad-core-12-18,802,802,rad-core-12-18/nodes/00802.json,rad-core-12-18/nodes/00802.json,1,1,equivalent
rad-core-12-18,804,2214,rad-core-12-18/nodes/00804.json,rad-core-12-18/nodes/02214.json,0,1,u_stronger
rad-core-12-18,806,2506,rad-core-12-18/nodes/00806.json,rad-core-12-18/nodes/02506.json,1,1,equivalent
rad-core-12-18,807,1972,rad-core-12-18/nodes/00807.json,rad-core-12-18/nodes/01972.json,1,0,d_stronger
rad-core-12-18,816,3209,rad-core-12-18/nodes/00816.json,rad-core-12-18/nodes/03209.json,0,1,u_stronger
rad-core-12-18,821,2474,rad-core-12-18/nodes/00821.json,rad-core-12-18/nodes/02474.json,1,0,d_stronger
rad-core-12-18,827,2767,rad-core-12-18/nodes/00827.json,rad-core-12-18/nodes/02767.json,1,0,d_stronger
rad-core-12-18,839,2336,rad-core-12-18/nodes/00839.json,rad-core-12-18/nodes/02336.json,0,1,u_stronger
rad-core-12-18,849,3288,rad-core-12-18/nodes/00849.json,rad-core-12-18/nodes/03288.json,0,1,u_stronger
rad-core-12-18,855,2426,rad-core-12-18/nodes/00855.json,rad-core-12-18/nodes/02426.json,0,1,u_stronger
rad-core-12-18,855,2825,rad-core-12-18/nodes/00855.json,rad-core-12-18/nodes/02825.json,0,1,u_stronger
rad-core-12-18,855,3359,rad-core-12-18/nodes/00855.json,rad-core-12-18/nodes/03359.json,0,1,u_stronger
rad-core-12-18,855,3472,rad-core-12-18/nodes/00855.json,rad-core-12-18/nodes/03472.json,0,1,u_stronger
rad-core-12-18,860,2426,rad-core-12-18/nodes/00860.json,rad-core-12-18/nodes/02426.json,0,1,u_stronger
rad-core-12-18,860,2825,rad-core-12-18/nodes/00860.json,rad-core-12-18/nodes/02825.json,0,1,u_stronger
rad-core-12-18,860,3359,rad-core-12-18/nodes/00860.json,rad-core-12-18/nodes/03359.json,0,1,u_stronger
rad-core-12-18,860,3472,rad-core-12-18/nodes/00860.json,rad-core-12-18/nodes/03472.json,0,1,u_stronger
rad-core-12-18,865,2214,rad-core-12-18/nodes/00865.json,rad-core-12-18/nodes/02214.json,0,1,u_stronger
rad-core-12-18,879,879,rad-core-12-18/nodes/00879.json,rad-core-12-18/nodes/00879.json,1,1,equivalent
rad-core-12-18,903,3356,rad-core-12-18/nodes/00903.json,rad-core-12-18/nodes/03356.json,0,1,u_stronger
rad-core-12-18,906,2214,rad-core-12-18/nodes/00906.json,rad-core-12-18/nodes/02214.json,0,1,u_stronger
rad-core-12-18,910,2214,rad-core-12-18/nodes/00910.json,rad-core-12-18/nodes/02214.json,0,1,u_stronger
rad-core-12-18,923,2214,rad-core-12-18/nodes/00923.json,rad-core-12-18/nodes/02214.json,0,1,u_stronger
rad-core-12-18,926,3356,rad-core-12-18/nodes/00926.json,rad-core-12-18/nodes/03356.json,0,1,u_stronger
rad-core-12-18,935,2297,rad-core-12-18/nodes/00935.json,rad-core-12-18/nodes/02297.json,0,1,u_stronger
rad-core-12-18,941,2713,rad-core-12-18/nodes/00941.json,rad-core-12-18/nodes/02713.json,1,0,d_stronger
rad-core-12-18,941,2730,rad-core-12-18/nodes/00941.json,rad-core-12-18/nodes/02730.json,1,0,d_stronger
rad-core-12-18,941,2739,rad-core-12-18/nodes/00941.json,rad-core-12-18/nodes/02739.json,1,0,d_stronger
rad-core-12-18,943,2189,rad-core-12-18/nodes/00943.json,rad-core-12-18/nodes/02189.json,0,1,u_stronger
rad-core-12-18,945,2138,rad-core-12-18/nodes/00945.json,rad-core-12-18/nodes/02138.json,0,1,u_stronger
rad-core-12-18,949,949,rad-core-12-18/nodes/00949.json,rad-core-12-18/nodes/00949.json,1,1,equivalent
rad-core-12-18,952,3686,rad-core-12-18/nodes/00952.json,rad-core-12-18/nodes/03686.json,0,1,u_stronger
rad-core-12-18,952,3746,rad-core-12-18/nodes/00952.json,rad-core-12-18/nodes/03746.json,0,1,u_stronger
rad-core-12-18,953,2214,rad-core-12-18/nodes/00953.json,rad-core-12-18/nodes/02214.json,0,1,u_stronger
rad-core-12-18,960,2214,rad-core-12-18/nodes/00960.json,rad-core-12-18/nodes/02214.json,0,1,u_stronger
rad-core-12-18,969,2292,rad-core-12-18/nodes/00969.json,rad-core-12-18/nodes/02292.json,1,0,d_stronger
rad-core-12-18,969,2972,rad-core-12-18/nodes/00969.json,rad-core-12-18/nodes/02972.json,1,0,d_stronger
rad-core-12-18,974,2214,rad-core-12-18/nodes/00974.json,rad-core-12-18/nodes/02214.json,0,1,u_stronger
rad-core-12-18,976,2638,rad-core-12-18/nodes/00976.json,rad-core-12-18/nodes/02638.json,0,1,u_stronger
rad-core-12-18,988,3510,rad-core-12-18/nodes/00988.json,rad-core-12-18/nodes/03510.json,0,1,u_stronger
rad-core-12-18,997,3510,rad-core-12-18/nodes/00997.json,rad-core-12-18/nodes/03510.json,0,1,u_stronger
rad-core-12-18,1004,2536,rad-core-12-18/nodes/01004.json,rad-core-12-18/nodes/02536.json,0,1,u_stronger
rad-core-12-18,1004,2582,rad-core-12-18/nodes/01004.json,rad-core-12-18/nodes/02582.json,0,1,u_stronger
rad-core-12-18,1022,3424,rad-core-12-18/nodes/01022.json,rad-core-12-18/nodes/03424.json,0,1,u_stronger
rad-core-12-18,1030,2687,rad-core-12-18/nodes/01030.json,rad-core-12-18/nodes/02687.json,1,0,d_stronger
rad-core-12-18,1061,2214,rad-core-12-18/nodes/01061.json,rad-core-12-18/nodes/02214.json,0,1,u_stronger
rad-core-12-18,1070,2953,rad-core-12-18/nodes/01070.json,rad-core-12-18/nodes/02953.json,0,1,u_stronger
rad-core-12-18,1070,2960,rad-core-12-18/nodes/01070.json,rad-core-12-18/nodes/02960.json,0,1,u_stronger
rad-core-12-18,1072,2903,rad-core-12-18/nodes/01072.json,rad-core-12-18/nodes/02903.json,0,1,u_stronger
rad-core-12-18,1102,3410,rad-core-12-18/nodes/01102.json,rad-core-12-18/nodes/03410.json,0,1,u_stronger
rad-core-12-18,1107,2476,rad-core-12-18/nodes/01107.json,rad-core-12-18/nodes/02476.json,0,1,u_stronger
rad-core-12-18,1113,2305,rad-core-12-18/nodes/01113.json,rad-core-12-18/nodes/02305.json,1,0,d_stronger
rad-core-12-18,1119,3733,rad-core-12-18/nodes/01119.json,rad-core-12-18/nodes/03733.json,0,1,u_stronger
rad-core-12-18,1127,3371,rad-core-12-18/nodes/01127.json,rad-core-12-18/nodes/03371.json,0,1,u_stronger
rad-core-12-18,1136,2214,rad-core-12-18/nodes/01136.json,rad-core-12-18/nodes/02214.json,0,1,u_stronger
rad-core-12-18,1140,2214,rad-core-12-18/nodes/01140.json,rad-core-12-18/nodes/02214.json,0,1,u_stronger
rad-core-12-18,1145,2214,rad-core-12-18/nodes/01145.json,rad-core-12-18/nodes/02214.json,0,1,u_stronger
rad-core-12-18,1164,3237,rad-core-12-18/nodes/01164.json,rad-core-12-18/nodes/03237.json,1,0,d_stronger
rad-core-12-18,1184,3131,rad-core-12-18/nodes/01184.json,rad-core-12-18/nodes/03131.json,0,1,u_stronger
rad-core-12-18,1195,3129,rad-core-12-18/nodes/01195.json,rad-core-12-18/nodes/03129.json,0,1,u_stronger
rad-core-12-18,1205,2214,rad-core-12-18/nodes/01205.json,rad-core-12-18/nodes/02214.json,0,1,u_stronger
rad-core-12-18,1210,2214,rad-core-12-18/nodes/01210.json,rad-core-12-18/nodes/02214.json,0,1,u_stronger
rad-core-12-18,1215,2070,rad-core-12-18/nodes/01215.json,rad-core-12-18/nodes/02070.json,0,1,u_stronger
rad-core-12-18,1219,3258,rad-core-12-18/nodes/01219.json,rad-core-12-18/nodes/03258.json,1,0,d_stronger
rad-core-12-18,1220,2609,rad-core-12-18/nodes/01220.json,rad-core-12-18/nodes/02609.json,0,1,u_stronger
rad-core-12-18,1223,2297,rad-core-12-18/nodes/01223.json,rad-core-12-18/nodes/02297.json,0,1,u_stronger
rad-core-12-18,1230,2616,rad-core-12-18/nodes/01230.json,rad-core-12-18/nodes/02616.json,0,1,u_stronger
rad-core-12-18,1233,2909,rad-core-12-18/nodes/01233.json,rad-core-12-18/nodes/02909.json,1,0,d_stronger
rad-core-12-18,1235,2151,rad-core-12-18/nodes/01235.json,rad-core-12-18/nodes/02151.json,1,0,d_stronger
rad-core-12-18,1242,2601,rad-core-12-18/nodes/01242.json,rad-core-12-18/nodes/02601.json,0,1,u_stronger
rad-core-12-18,1245,2387,rad-core-12-18/nodes/01245.json,rad-core-12-18/nodes/02387.json,0,1,u_stronger
rad-core-12-18,1258,2297,rad-core-12-18/nodes/01258.json,rad-core-12-18/nodes/02297.json,0,1,u_stronger
rad-core-12-18,1271,2297,rad-core-12-18/nodes/01271.json,rad-core-12-18/nodes/02297.json,0,1,u_stronger
rad-core-12-18,1272,2595,rad-core-12-18/nodes/01272.json,rad-core-12-18/nodes/02595.json,0,1,u_stronger
rad-core-12-18,1278,2476,rad-core-12-18/nodes/01278.json,rad-core-12-18/nodes/02476.json,0,1,u_stronger
rad-core-12-18,1280,2595,rad-core-12-18/nodes/01280.json,rad-core-12-18/nodes/02595.json,0,1,u_stronger
rad-core-12-18,1282,1282,rad-core-12-18/nodes/01282.json,rad-core-12-18/nodes/01282.json,1,1,equivalent
rad-core-12-18,1284,2214,rad-core-12-18/nodes/01284.json,rad-core-12-18/nodes/02214.json,0,1,u_stronger
rad-core-12-18,1291,3178,rad-core-12-18/nodes/01291.json,rad-core-12-18/nodes/03178.json,1,0,d_stronger
rad-core-12-18,1311,3652,rad-core-12-18/nodes/01311.json,rad-core-12-18/nodes/03652.json,0,1,u_stronger
rad-core-12-18,1323,2300,rad-core-12-18/nodes/01323.json,rad-core-12-18/nodes/02300.json,0,1,u_stronger
rad-core-12-18,1324,2214,rad-core-12-18/nodes/01324.json,rad-core-12-18/nodes/02214.json,0,1,u_stronger
rad-core-12-18,1336,3508,rad-core-12-18/nodes/01336.json,rad-core-12-18/nodes/03508.json,1,0,d_stronger
rad-core-12-18,1336,3725,rad-core-12-18/nodes/01336.json,rad-core-12-18/nodes/03725.json,1,0,d_stronger
rad-core-12-18,1338,2300,rad-core-12-18/nodes/01338.json,rad-core-12-18/nodes/02300.json,0,1,u_stronger
rad-core-12-18,1340,2300,rad-core-12-18/nodes/01340.json,rad-core-12-18/nodes/02300.json,0,1,u_stronger
rad-core-12-18,1358,2214,rad-core-12-18/nodes/01358.json,rad-core-12-18/nodes/02214.json,0,1,u_stronger
rad-core-12-18,1359,2297,rad-core-12-18/nodes/01359.json,rad-core-12-18/nodes/02297.json,0,1,u_stronger
rad-core-12-18,1367,2214,rad-core-12-18/nodes/01367.json,rad-core-12-18/nodes/02214.json,0,1,u_stronger
rad-core-12-18,1373,2297,rad-core-12-18/nodes/01373.json,rad-core-12-18/nodes/02297.json,0,1,u_stronger
rad-core-12-18,1381,2297,rad-core-12-18/nodes/01381.json,rad-core-12-18/nodes/02297.json,0,1,u_stronger
rad-core-12-18,1384,2297,rad-core-12-18/nodes/01384.json,rad-core-12-18/nodes/02297.json,0,1,u_stronger
rad-core-12-18,1386,2297,rad-core-12-18/nodes/01386.json,rad-core-12-18/nodes/02297.json,0,1,u_stronger
rad-core-12-18,1410,2253,rad-core-12-18/nodes/01410.json,rad-core-12-18/nodes/02253.json,1,0,d_stronger
rad-core-12-18,1431,3242,rad-core-12-18/nodes/01431.json,rad-core-12-18/nodes/03242.json,0,1,u_stronger
rad-core-12-18,1436,3235,rad-core-12-18/nodes/01436.json,rad-core-12-18/nodes/03235.json,1,0,d_stronger
rad-core-12-18,1438,3499,rad-core-12-18/nodes/01438.json,rad-core-12-18/nodes/03499.json,0,1,u_stronger
rad-core-12-18,1460,3209,rad-core-12-18/nodes/01460.json,rad-core-12-18/nodes/03209.json,0,1,u_stronger
rad-core-12-18,1476,2336,rad-core-12-18/nodes/01476.json,rad-core-12-18/nodes/02336.json,0,1,u_stronger
rad-core-12-18,1488,2214,rad-core-12-18/nodes/01488.json,rad-core-12-18/nodes/02214.json,0,1,u_stronger
rad-core-12-18,1510,3327,rad-core-12-18/nodes/01510.json,rad-core-12-18/nodes/03327.json,1,0,d_stronger
rad-core-12-18,1510,3730,rad-core-12-18/nodes/01510.json,rad-core-12-18/nodes/03730.json,1,0,d_stronger
rad-core-12-18,1520,2070,rad-core-12-18/nodes/01520.json,rad-core-12-18/nodes/02070.json,0,1,u_stronger
rad-core-12-18,1528,2214,rad-core-12-18/nodes/01528.json,rad-core-12-18/nodes/02214.json,0,1,u_stronger
rad-core-12-18,1532,3467,rad-core-12-18/nodes/01532.json,rad-core-12-18/nodes/03467.json,1,0,d_stronger
rad-core-12-18,1536,2223,rad-core-12-18/nodes/01536.json,rad-core-12-18/nodes/02223.json,1,0,d_stronger
rad-core-12-18,1539,3289,rad-core-12-18/nodes/01539.json,rad-core-12-18/nodes/03289.json,0,1,u_stronger
rad-core-12-18,1540,3184,rad-core-12-18/nodes/01540.json,rad-core-12-18/nodes/03184.json,0,1,u_stronger
rad-core-12-18,1549,3214,rad-core-12-18/nodes/01549.json,rad-core-12-18/nodes/03214.json,0,1,u_stronger
rad-core-12-18,1551,2214,rad-core-12-18/nodes/01551.json,rad-core-12-18/nodes/02214.json,0,1,u_stronger
rad-core-12-18,1554,2214,rad-core-12-18/nodes/01554.json,rad-core-12-18/nodes/02214.json,0,1,u_stronger
rad-core-12-18,1557,2214,rad-core-12-18/nodes/01557.json,rad-core-12-18/nodes/02214.json,0,1,u_stronger
rad-core-12-18,1559,2214,rad-core-12-18/nodes/01559.json,rad-core-12-18/nodes/02214.json,0,1,u_stronger
rad-core-12-18,1562,2214,rad-core-12-18/nodes/01562.json,rad-core-12-18/nodes/02214.json,0,1,u_stronger
rad-core-12-18,1563,2214,rad-core-12-18/nodes/01563.json,rad-core-12-18/nodes/02214.json,0,1,u_stronger
rad-core-12-18,1564,2214,rad-core-12-18/nodes/01564.json,rad-core-12-18/nodes/02214.json,0,1,u_stronger
rad-core-12-18,1568,2214,rad-core-12-18/nodes/01568.json,rad-core-12-18/nodes/02214.json,0,1,u_stronger
rad-core-12-18,1589,3000,rad-core-12-18/nodes/01589.json,rad-core-12-18/nodes/03000.json,0,1,u_stronger
rad-core-12-18,1607,2214,rad-core-12-18/nodes/01607.json,rad-core-12-18/nodes/02214.json,0,1,u_stronger
rad-core-12-18,1609,2214,rad-core-12-18/nodes/01609.json,rad-core-12-18/nodes/02214.json,0,1,u_stronger
rad-core-12-18,1610,3060,rad-core-12-18/nodes/01610.json,rad-core-12-18/nodes/03060.json,0,1,u_stronger
rad-core-12-18,1623,3527,rad-core-12-18/nodes/01623.json,rad-core-12-18/nodes/03527.json,0,1,u_stronger
rad-core-12-18,1671,2609,rad-core-12-18/nodes/01671.json,rad-core-12-18/nodes/02609.json,0,1,u_stronger
rad-core-12-18,1674,2214,rad-core-12-18/nodes/01674.json,rad-core-12-18/nodes/02214.json,0,1,u_stronger
rad-core-12-18,1680,2214,rad-core-12-18/nodes/01680.json,rad-core-12-18/nodes/02214.json,0,1,u_stronger
rad-core-12-18,1682,3361,rad-core-12-18/nodes/01682.json,rad-core-12-18/nodes/03361.json,0,1,u_stronger
rad-core-12-18,1682,3377,rad-core-12-18/nodes/01682.json,rad-core-12-18/nodes/03377.json,0,1,u_stronger
rad-core-12-18,1682,3534,rad-core-12-18/nodes/01682.json,rad-core-12-18/nodes/03534.json,0,1,u_stronger
rad-core-12-18,1683,2607,rad-core-12-18/nodes/01683.json,rad-core-12-18/nodes/02607.json,0,1,u_stronger
rad-core-12-18,1683,2610,rad-core-12-18/nodes/01683.json,rad-core-12-18/nodes/02610.json,0,1,u_stronger
rad-core-12-18,1684,1684,rad-core-12-18/nodes/01684.json,rad-core-12-18/nodes/01684.json,1,1,equivalent
rad-core-12-18,1687,2607,rad-core-12-18/nodes/01687.json,rad-core-12-18/nodes/02607.json,0,1,u_stronger
rad-core-12-18,1687,2610,rad-core-12-18/nodes/01687.json,rad-core-12-18/nodes/02610.json,0,1,u_stronger
rad-core-12-18,1688,2297,rad-core-12-18/nodes/01688.json,rad-core-12-18/nodes/02297.json,0,1,u_stronger
rad-core-12-18,1690,2214,rad-core-12-18/nodes/01690.json,rad-core-12-18/nodes/02214.json,0,1,u_stronger
rad-core-12-18,1691,3361,rad-core-12-18/nodes/01691.json,rad-core-12-18/nodes/03361.json,0,1,u_stronger
rad-core-12-18,1693,2214,rad-core-12-18/nodes/01693.json,rad-core-12-18/nodes/02214.json,0,1,u_stronger
rad-core-12-18,1696,2297,rad-core-12-18/nodes/01696.json,rad-core-12-18/nodes/02297.json,0,1,u_stronger
rad-core-12-18,1699,2607,rad-core-12-18/nodes/01699.json,rad-core-12-18/nodes/02607.json,0,1,u_stronger
rad-core-12-18,1699,2610,rad-core-12-18/nodes/01699.json,rad-core-12-18/nodes/02610.json,0,1,u_stronger
rad-core-12-18,1701,3378,rad-core-12-18/nodes/01701.json,rad-core-12-18/nodes/03378.json,0,1,u_stronger
rad-core-12-18,1703,3140,rad-core-12-18/nodes/01703.json,rad-core-12-18/nodes/03140.json,0,1,u_stronger
rad-core-12-18,1707,3395,rad-core-12-18/nodes/01707.json,rad-core-12-18/nodes/03395.json,0,1,u_stronger
rad-core-12-18,1707,3554,rad-core-12-18/nodes/01707.json,rad-core-12-18/nodes/03554.json,0,1,u_stronger
rad-core-12-18,1735,3522,rad-core-12-18/nodes/01735.json,rad-core-12-18/nodes/03522.json,0,1,u_stronger
rad-core-12-18,1736,1736,rad-core-12-18/nodes/01736.json,rad-core-12-18/nodes/01736.json,1,1,equivalent
rad-core-12-18,1756,2476,rad-core-12-18/nodes/01756.json,rad-core-12-18/nodes/02476.json,0,1,u_stronger
rad-core-12-18,1759,3653,rad-core-12-18/nodes/01759.json,rad-core-12-18/nodes/03653.json,1,0,d_stronger
rad-core-12-18,1766,2138,rad-core-12-18/nodes/01766.json,rad-core-12-18/nodes/02138.json,0,1,u_stronger
rad-core-12-18,1787,1787,rad-core-12-18/nodes/01787.json,rad-core-12-18/nodes/01787.json,1,1,equivalent
rad-core-12-18,1796,1796,rad-core-12-18/nodes/01796.json,rad-core-12-18/nodes/01796.json,1,1,equivalent
rad-core-12-18,1797,2214,rad-core-12-18/nodes/01797.json,rad-core-12-18/nodes/02214.json,0,1,u_stronger
rad-core-12-18,1801,3255,rad-core-12-18/nodes/01801.json,rad-core-12-18/nodes/03255.json,0,1,u_stronger
rad-core-12-18,1828,2484,rad-core-12-18/nodes/01828.json,rad-core-12-18/nodes/02484.json,1,0,d_stronger
rad-core-12-18,1828,3462,rad-core-12-18/nodes/01828.json,rad-core-12-18/nodes/03462.json,1,0,d_stronger
rad-core-12-18,1880,2070,rad-core-12-18/nodes/01880.json,rad-core-12-18/nodes/02070.json,0,1,u_stronger
rad-core-12-18,1881,1881,rad-core-12-18/nodes/01881.json,rad-core-12-18/nodes/01881.json,1,1,equivalent
rad-core-12-18,1882,1882,rad-core-12-18/nodes/01882.json,rad-core-12-18/nodes/01882.json,1,1,equivalent
rad-core-12-18,1891,3252,rad-core-12-18/nodes/01891.json,rad-core-12-18/nodes/03252.json,1,0,d_stronger
rad-core-12-18,1900,2214,rad-core-12-18/nodes/01900.json,rad-core-12-18/nodes/02214.json,0,1,u_stronger
rad-core-12-18,1908,2214,rad-core-12-18/nodes/01908.json,rad-core-12-18/nodes/02214.json,0,1,u_stronger
rad-core-12-18,1914,2214,rad-core-12-18/nodes/01914.json,rad-core-12-18/nodes/02214.json,0,1,u_stronger
rad-core-12-18,1921,2214,rad-core-12-18/nodes/01921.json,rad-core-12-18/nodes/02214.json,0,1,u_stronger
rad-core-12-18,1922,2214,rad-core-12-18/nodes/01922.json,rad-core-12-18/nodes/02214.json,0,1,u_stronger
rad-core-12-18,1927,2214,rad-core-12-18/nodes/01927.json,rad-core-12-18/nodes/02214.json,0,1,u_stronger
rad-core-12-18,1928,2000,rad-core-12-18/nodes/01928.json,rad-core-12-18/nodes/02000.json,0,1,u_stronger
rad-core-12-18,1930,2753,rad-core-12-18/nodes/01930.json,rad-core-12-18/nodes/02753.json,0,1,u_stronger
rad-core-12-18,1948,2971,rad-core-12-18/nodes/01948.json,rad-core-12-18/nodes/02971.json,0,1,u_stronger
rad-core-12-18,1964,2214,rad-core-12-18/nodes/01964.json,rad-core-12-18/nodes/02214.json,0,1,u_stronger
rad-core-17-18,0,2268,rad-core-17-18/nodes/00000.json,rad-core-17-18/nodes/02268.json,0,1,u_stronger
rad-core-17-18,18,3437,rad-core-17-18/nodes/00018.json,rad-core-17-18/nodes/03437.json,0,1,u_stronger
rad-core-17-18,41,2182,rad-core-17-18/nodes/00041.json,rad-core-17-18/nodes/02182.json,0,1,u_stronger
rad-core-17-18,60,3165,rad-core-17-18/nodes/00060.json,rad-core-17-18/nodes/03165.json,1,0,d_stronger
rad-core-17-18,60,3823,rad-core-17-18/nodes/00060.json,rad-core-17-18/nodes/03823.json,1,0,d_stronger
rad-core-17-18,62,3665,rad-core-17-18/nodes/00062.json,rad-core-17-18/nodes/03665.json,0,1,u_stronger
rad-core-17-18,64,2182,rad-core-17-18/nodes/00064.json,rad-core-17-18/nodes/02182.json,0,1,u_stronger
rad-core-17-18,66,2182,rad-core-17-18/nodes/00066.json,rad-core-17-18/nodes/02182.json,0,1,u_stronger
rad-core-17-18,68,2017,rad-core-17-18/nodes/00068.json,rad-core-17-18/nodes/02017.json,0,1,u_stronger
rad-core-17-18,70,2182,rad-core-17-18/nodes/00070.json,rad-core-17-18/nodes/02182.json,0,1,u_stronger
rad-core-17-18,81,3447,rad-core-17-18/nodes/00081.json,rad-core-17-18/nodes/03447.json,1,0,d_stronger
rad-core-17-18,83,3373,rad-core-17-18/nodes/00083.json,rad-core-17-18/nodes/03373.json,0,1,u_stronger
rad-core-17-18,88,2182,rad-core-17-18/nodes/00088.json,rad-core-17-18/nodes/02182.json,0,1,u_stronger
rad-core-17-18,103,3256,rad-core-17-18/nodes/00103.json,rad-core-17-18/nodes/03256.json,1,0,d_stronger
rad-core-17-18,108,2182,rad-core-17-18/nodes/00108.json,rad-core-17-18/nodes/02182.json,0,1,u_stronger
rad-core-17-18,109,109,rad-core-17-18/nodes/00109.json,rad-core-17-18/nodes/00109.json,1,1,equivalent
rad-core-17-18,110,2182,rad-core-17-18/nodes/00110.json,rad-core-17-18/nodes/02182.json,0,1,u_stronger
rad-core-17-18,114,2182,rad-core-17-18/nodes/00114.json,rad-core-17-18/nodes/02182.json,0,1,u_stronger
rad-core-17-18,126,2182,rad-core-17-18/nodes/00126.json,rad-core-17-18/nodes/02182.json,0,1,u_stronger
rad-core-17-18,130,2182,rad-core-17-18/nodes/00130.json,rad-core-17-18/nodes/02182.json,0,1,u_stronger
rad-core-17-18,131,2182,rad-core-17-18/nodes/00131.json,rad-core-17-18/nodes/02182.json,0,1,u_stronger
rad-core-17-18,133,3698,rad-core-17-18/nodes/00133.json,rad-core-17-18/nodes/03698.json,1,0,d_stronger
rad-core-17-18,136,2182,rad-core-17-18/nodes/00136.json,rad-core-17-18/nodes/02182.json,0,1,u_stronger
rad-core-17-18,140,2182,rad-core-17-18/nodes/00140.json,rad-core-17-18/nodes/02182.json,0,1,u_stronger
rad-core-17-18,142,3437,rad-core-17-18/nodes/00142.json,rad-core-17-18/nodes/03437.json,0,1,u_stronger
rad-core-17-18,143,2182,rad-core-17-18/nodes/00143.json,rad-core-17-18/nodes/02182.json,0,1,u_stronger
rad-core-17-18,144,2032,rad-core-17-18/nodes/00144.json,rad-core-17-18/nodes/02032.json,1,0,d_stronger
rad-core-17-18,148,2764,rad-core-17-18/nodes/00148.json,rad-core-17-18/nodes/02764.json,1,0,d_stronger
rad-core-17-18,148,2780,rad-core-17-18/nodes/00148.json,rad-core-17-18/nodes/02780.json,1,0,d_stronger
rad-core-17-18,148,3056,rad-core-17-18/nodes/00148.json,rad-core-17-18/nodes/03056.json,1,0,d_stronger
rad-core-17-18,150,3333,rad-core-17-18/nodes/00150.json,rad-core-17-18/nodes/03333.json,1,0,d_stronger
rad-core-17-18,151,2182,rad-core-17-18/nodes/00151.json,rad-core-17-18/nodes/02182.json,0,1,u_stronger
rad-core-17-18,155,2182,rad-core-17-18/nodes/00155.json,rad-core-17-18/nodes/02182.json,0,1,u_stronger
rad-core-17-18,158,2268,rad-core-17-18/nodes/00158.json,rad-core-17-18/nodes/02268.json,0,1,u_stronger
rad-core-17-18,161,2810,rad-core-17-18/nodes/00161.json,rad-core-17-18/nodes/02810.json,0,1,u_stronger
rad-core-17-18,161,3389,rad-core-17-18/nodes/00161.json,rad-core-17-18/nodes/03389.json,0,1,u_stronger
rad-core-17-18,162,2182,rad-core-17-18/nodes/00162.json,rad-core-17-18/nodes/02182.json,0,1,u_stronger
rad-core-17-18,169,3623,rad-core-17-18/nodes/00169.json,rad-core-17-18/nodes/03623.json,0,1,u_stronger
rad-core-17-18,191,2207,rad-core-17-18/nodes/00191.json,rad-core-17-18/nodes/02207.json,1,0,d_stronger
rad-core-17-18,191,2218,rad-core-17-18/nodes/00191.json,rad-core-17-18/nodes/02218.json,1,0,d_stronger
rad-core-17-18,191,2219,rad-core-17-18/nodes/00191.json,rad-core-17-18/nodes/02219.json,1,0,d_stronger
rad-core-17-18,192,2182,rad-core-17-18/nodes/00192.json,rad-core-17-18/nodes/02182.json,0,1,u_stronger
rad-core-17-18,205,2275,rad-core-17-18/nodes/00205.json,rad-core-17-18/nodes/02275.json,1,0,d_stronger
rad-core-17-18,215,3167,rad-core-17-18/nodes/00215.json,rad-core-17-18/nodes/03167.json,0,1,u_stronger
rad-core-17-18,225,2171,rad-core-17-18/nodes/00225.json,rad-core-17-18/nodes/02171.json,0,1,u_stronger
rad-core-17-18,229,2182,rad-core-17-18/nodes/00229.json,rad-core-17-18/nodes/02182.json,0,1,u_stronger
rad-core-17-18,233,2182,rad-core-17-18/nodes/00233.json,rad-core-17-18/nodes/02182.json,0,1,u_stronger
rad-core-17-18,237,2630,rad-core-17-18/nodes/00237.json,rad-core-17-18/nodes/02630.json,1,0,d_stronger
rad-core-17-18,241,2182,rad-core-17-18/nodes/00241.json,rad-core-17-18/nodes/02182.json,0,1,u_stronger
rad-core-17-18,250,2182,rad-core-17-18/nodes/00250.json,rad-core-17-18/nodes/02182.json,0,1,u_stronger
rad-core-17-18,255,3079,rad-core-17-18/nodes/00255.json,rad-core-17-18/nodes/03079.json,1,0,d_stronger
rad-core-17-18,270,2182,rad-core-17-18/nodes/00270.json,rad-core-17-18/nodes/02182.json,0,1,u_stronger
rad-core-17-18,284,2268,rad-core-17-18/nodes/00284.json,rad-core-17-18/nodes/02268.json,0,1,u_stronger
rad-core-17-18,294,294,rad-core-17-18/nodes/00294.json,rad-core-17-18/nodes/00294.json,1,1,equivalent
rad-core-17-18,300,3266,rad-core-17-18/nodes/00300.json,rad-core-17-18/nodes/03266.json,0,1,u_stronger
rad-core-17-18,301,2268,rad-core-17-18/nodes/00301.json,rad-core-17-18/nodes/02268.json,0,1,u_stronger
rad-core-17-18,302,2268,rad-core-17-18/nodes/00302.json,rad-core-17-18/nodes/02268.json,0,1,u_stronger
rad-core-17-18,309,3266,rad-core-17-18/nodes/00309.json,rad-core-17-18/nodes/03266.json,0,1,u_stronger
rad-core-17-18,311,3266,rad-core-17-18/nodes/00311.json,rad-core-17-18/nodes/03266.json,0,1,u_stronger
rad-core-17-18,312,3266,rad-core-17-18/nodes/00312.json,rad-core-17-18/nodes/03266.json,0,1,u_stronger
rad-core-17-18,326,2268,rad-core-17-18/nodes/00326.json,rad-core-17-18/nodes/02268.json,0,1,u_stronger
rad-core-17-18,331,2020,rad-core-17-18/nodes/00331.json,rad-core-17-18/nodes/02020.json,1,0,d_stronger
rad-core-17-18,332,2252,rad-core-17-18/nodes/00332.json,rad-core-17-18/nodes/02252.json,0,1,u_stronger
rad-core-17-18,332,3536,rad-core-17-18/nodes/00332.json,rad-core-17-18/nodes/03536.json,0,1,u_stronger
rad-core-17-18,359,2182,rad-core-17-18/nodes/00359.json,rad-core-17-18/nodes/02182.json,0,1,u_stronger
rad-core-17-18,397,3456,rad-core-17-18/nodes/00397.json,rad-core-17-18/nodes/03456.json,1,0,d_stronger
rad-core-17-18,409,3747,rad-core-17-18/nodes/00409.json,rad-core-17-18/nodes/03747.json,0,1,u_stronger
rad-core-17-18,420,2182,rad-core-17-18/nodes/00420.json,rad-core-17-18/nodes/02182.json,0,1,u_stronger
rad-core-17-18,421,1975,rad-core-17-18/nodes/00421.json,rad-core-17-18/nodes/01975.json,1,0,d_stronger
rad-core-17-18,421,2486,rad-core-17-18/nodes/00421.json,rad-core-17-18/nodes/02486.json,1,0,d_stronger
rad-core-17-18,430,3686,rad-core-17-18/nodes/00430.json,rad-core-17-18/nodes/03686.json,1,0,d_stronger
rad-core-17-18,442,2182,rad-core-17-18/nodes/00442.json,rad-core-17-18/nodes/02182.json,0,1,u_stronger
rad-core-17-18,456,2182,rad-core-17-18/nodes/00456.json,rad-core-17-18/nodes/02182.json,0,1,u_stronger
rad-core-17-18,462,3685,rad-core-17-18/nodes/00462.json,rad-core-17-18/nodes/03685.json,0,1,u_stronger
rad-core-17-18,465,3651,rad-core-17-18/nodes/00465.json,rad-core-17-18/nodes/03651.json,1,0,d_stronger
rad-core-17-18,465,3664,rad-core-17-18/nodes/00465.json,rad-core-17-18/nodes/03664.json,1,0,d_stronger
rad-core-17-18,471,471,rad-core-17-18/nodes/00471.json,rad-core-17-18/nodes/00471.json,1,1,equivalent
rad-core-17-18,473,2411,rad-core-17-18/nodes/00473.json,rad-core-17-18/nodes/02411.json,0,1,u_stronger
rad-core-17-18,475,2182,rad-core-17-18/nodes/00475.json,rad-core-17-18/nodes/02182.json,0,1,u_stronger
rad-core-17-18,479,2027,rad-core-17-18/nodes/00479.json,rad-core-17-18/nodes/02027.json,1,0,d_stronger
rad-core-17-18,483,2182,rad-core-17-18/nodes/00483.json,rad-core-17-18/nodes/02182.json,0,1,u_stronger
rad-core-17-18,484,2268,rad-core-17-18/nodes/00484.json,rad-core-17-18/nodes/02268.json,0,1,u_stronger
rad-core-17-18,486,1947,rad-core-17-18/nodes/00486.json,rad-core-17-18/nodes/01947.json,0,1,u_stronger
rad-core-17-18,487,2182,rad-core-17-18/nodes/00487.json,rad-core-17-18/nodes/02182.json,0,1,u_stronger
rad-core-17-18,493,2268,rad-core-17-18/nodes/00493.json,rad-core-17-18/nodes/02268.json,0,1,u_stronger
rad-core-17-18,498,1994,rad-core-17-18/nodes/00498.json,rad-core-17-18/nodes/01994.json,1,0,d_stronger
rad-core-17-18,500,2182,rad-core-17-18/nodes/00500.json,rad-core-17-18/nodes/02182.json,0,1,u_stronger
rad-core-17-18,502,2268,rad-core-17-18/nodes/00502.json,rad-core-17-18/nodes/02268.json,0,1,u_stronger
rad-core-17-18,503,2182,rad-core-17-18/nodes/00503.json,rad-core-17-18/nodes/02182.json,0,1,u_stronger
rad-core-17-18,508,2182,rad-core-17-18/nodes/00508.json,rad-core-17-18/nodes/02182.json,0,1,u_stronger
rad-core-17-18,510,2182,rad-core-17-18/nodes/00510.json,rad-core-17-18/nodes/02182.json,0,1,u_stronger
rad-core-17-18,511,2036,rad-core-17-18/nodes/00511.json,rad-core-17-18/nodes/02036.json,1,0,d_stronger
rad-core-17-18,512,2182,rad-core-17-18/nodes/00512.json,rad-core-17-18/nodes/02182.json,0,1,u_stronger
rad-core-17-18,513,2963,rad-core-17-18/nodes/00513.json,rad-core-17-18/nodes/02963.json,0,1,u_stronger
rad-core-17-18,514,514,rad-core-17-18/nodes/00514.json,rad-core-17-18/nodes/00514.json,1,1,equivalent
rad-core-17-18,520,2182,rad-core-17-18/nodes/00520.json,rad-core-17-18/nodes/02182.json,0,1,u_stronger
rad-core-17-18,522,2182,rad-core-17-18/nodes/00522.json,rad-core-17-18/nodes/02182.json,0,1,u_stronger
rad-core-17-18,526,3541,rad-core-17-18/nodes/00526.json,rad-core-17-18/nodes/03541.json,0,1,u_stronger
rad-core-17-18,529,529,rad-core-17-18/nodes/00529.json,rad-core-17-18/nodes/00529.json,1,1,equivalent
rad-core-17-18,531,531,rad-core-17-18/nodes/00531.json,rad-core-17-18/nodes/00531.json,1,1,equivalent
rad-core-17-18,537,2268,rad-core-17-18/nodes/00537.json,rad-core-17-18/nodes/02268.json,0,1,u_stronger
rad-core-17-18,539,3262,rad-core-17-18/nodes/00539.json,rad-core-17-18/nodes/03262.json,0,1,u_stronger
rad-core-17-18,541,2268,rad-core-17-18/nodes/00541.json,rad-core-17-18/nodes/02268.json,0,1,u_stronger
rad-core-17-18,544,2268,rad-core-17-18/nodes/00544.json,rad-core-17-18/nodes/02268.json,0,1,u_stronger
rad-core-17-18,545,3314,rad-core-17-18/nodes/00545.json,rad-core-17-18/nodes/03314.json,0,1,u_stronger
rad-core-17-18,547,2268,rad-core-17-18/nodes/00547.json,rad-core-17-18/nodes/02268.json,0,1,u_stronger
rad-core-17-18,549,2268,rad-core-17-18/nodes/00549.json,rad-core-17-18/nodes/02268.json,0,1,u_stronger
rad-core-17-18,555,2182,rad-core-17-18/nodes/00555.json,rad-core-17-18/nodes/02182.json,0,1,u_stronger
rad-core-17-18,560,2182,rad-core-17-18/nodes/00560.json,rad-core-17-18/nodes/02182.json,0,1,u_stronger
rad-core-17-18,563,2268,rad-core-17-18/nodes/00563.json,rad-core-17-18/nodes/02268.json,0,1,u_stronger
rad-core-17-18,564,2268,rad-core-17-18/nodes/00564.json,rad-core-17-18/nodes/02268.json,0,1,u_stronger
rad-core-17-18,565,2268,rad-core-17-18/nodes/00565.json,rad-core-17-18/nodes/02268.json,0,1,u_stronger
rad-core-17-18,567,2268,rad-core-17-18/nodes/00567.json,rad-core-17-18/nodes/02268.json,0,1,u_stronger
rad-core-17-18,569,2268,rad-core-17-18/nodes/00569.json,rad-core-17-18/nodes/02268.json,0,1,u_stronger
rad-core-17-18,570,2268,rad-core-17-18/nodes/00570.json,rad-core-17-18/nodes/02268.json,0,1,u_stronger
rad-core-17-18,573,2268,rad-core-17-18/nodes/00573.json,rad-core-17-18/nodes/02268.json,0,1,u_stronger
rad-core-17-18,576,2268,rad-core-17-18/nodes/00576.json,rad-core-17-18/nodes/02268.json,0,1,u_stronger
rad-core-17-18,588,2268,rad-core-17-18/nodes/00588.json,rad-core-17-18/nodes/02268.json,0,1,u_stronger
rad-core-17-18,589,3266,rad-core-17-18/nodes/00589.json,rad-core-17-18/nodes/03266.json,0,1,u_stronger
rad-core-17-18,590,2268,rad-core-17-18/nodes/00590.json,rad-core-17-18/nodes/02268.json,0,1,u_stronger
rad-core-17-18,591,2268,rad-core-17-18/nodes/00591.json,rad-core-17-18/nodes/02268.json,0,1,u_stronger
rad-core-17-18,594,2346,rad-core-17-18/nodes/00594.json,rad-core-17-18/nodes/02346.json,0,1,u_stronger
rad-core-17-18,597,2346,rad-core-17-18/nodes/00597.json,rad-core-17-18/nodes/02346.json,0,1,u_stronger
rad-core-17-18,599,2268,rad-core-17-18/nodes/00599.json,rad-core-17-18/nodes/02268.json,0,1,u_stronger
rad-core-17-18,601,3314,rad-core-17-18/nodes/00601.json,rad-core-17-18/nodes/03314.json,0,1,u_stronger
rad-core-17-18,603,2346,rad-core-17-18/nodes/00603.json,rad-core-17-18/nodes/02346.json,0,1,u_stronger
rad-core-17-18,604,2268,rad-core-17-18/nodes/00604.json,rad-core-17-18/nodes/02268.json,0,1,u_stronger
rad-core-17-18,608,2963,rad-core-17-18/nodes/00608.json,rad-core-17-18/nodes/02963.json,0,1,u_stronger
rad-core-17-18,611,3266,rad-core-17-18/nodes/00611.json,rad-core-17-18/nodes/03266.json,0,1,u_stronger
rad-core-17-18,623,2182,rad-core-17-18/nodes/00623.json,rad-core-17-18/nodes/02182.json,0,1,u_stronger
rad-core-17-18,625,2182,rad-core-17-18/nodes/00625.json,rad-core-17-18/nodes/02182.json,0,1,u_stronger
rad-core-17-18,631,2182,rad-core-17-18/nodes/00631.json,rad-core-17-18/nodes/02182.json,0,1,u_stronger
rad-core-17-18,651,2182,rad-core-17-18/nodes/00651.json,rad-core-17-18/nodes/02182.json,0,1,u_stronger
rad-core-17-18,662,2182,rad-core-17-18/nodes/00662.json,rad-core-17-18/nodes/02182.json,0,1,u_stronger
rad-core-17-18,669,2182,rad-core-17-18/nodes/00669.json,rad-core-17-18/nodes/02182.json,0,1,u_stronger
rad-core-17-18,678,2182,rad-core-17-18/nodes/00678.json,rad-core-17-18/nodes/02182.json,0,1,u_stronger
rad-core-17-18,684,2268,rad-core-17-18/nodes/00684.json,rad-core-17-18/nodes/02268.json,0,1,u_stronger
rad-core-17-18,693,2182,rad-core-17-18/nodes/00693.json,rad-core-17-18/nodes/02182.json,0,1,u_stronger
rad-core-17-18,700,2182,rad-core-17-18/nodes/00700.json,rad-core-17-18/nodes/02182.json,0,1,u_stronger
rad-core-17-18,701,2182,rad-core-17-18/nodes/00701.json,rad-core-17-18/nodes/02182.json,0,1,u_stronger
rad-core-17-18,705,2182,rad-core-17-18/nodes/00705.json,rad-core-17-18/nodes/02182.json,0,1,u_stronger
rad-core-17-18,705,3247,rad-core-17-18/nodes/00705.json,rad-core-17-18/nodes/03247.json,0,1,u_stronger
rad-core-17-18,706,706,rad-core-17-18/nodes/00706.json,rad-core-17-18/nodes/00706.json,1,1,equivalent
rad-core-17-18,709,2607,rad-core-17-18/nodes/00709.json,rad-core-17-18/nodes/02607.json,0,1,u_stronger
rad-core-17-18,711,2182,rad-core-17-18/nodes/00711.json,rad-core-17-18/nodes/02182.json,0,1,u_stronger
rad-core-17-18,714,2268,rad-core-17-18/nodes/00714.json,rad-core-17-18/nodes/02268.json,0,1,u_stronger
rad-core-17-18,720,2268,rad-core-17-18/nodes/00720.json,rad-core-17-18/nodes/02268.json,0,1,u_stronger
rad-core-17-18,724,2268,rad-core-17-18/nodes/00724.json,rad-core-17-18/nodes/02268.json,0,1,u_stronger
rad-core-17-18,726,3546,rad-core-17-18/nodes/00726.json,rad-core-17-18/nodes/03546.json,1,0,d_stronger
rad-core-17-18,740,2182,rad-core-17-18/nodes/00740.json,rad-core-17-18/nodes/02182.json,0,1,u_stronger
rad-core-17-18,744,2268,rad-core-17-18/nodes/00744.json,rad-core-17-18/nodes/02268.json,0,1,u_stronger
rad-core-17-18,764,3152,rad-core-17-18/nodes/00764.json,rad-core-17-18/nodes/03152.json,1,0,d_stronger
rad-core-17-18,764,3166,rad-core-17-18/nodes/00764.json,rad-core-17-18/nodes/03166.json,1,0,d_stronger
rad-core-17-18,764,3170,rad-core-17-18/nodes/00764.json,rad-core-17-18/nodes/03170.json,1,0,d_stronger
rad-core-17-18,764,3174,rad-core-17-18/nodes/00764.json,rad-core-17-18/nodes/03174.json,1,0,d_stronger
rad-core-17-18,764,3185,rad-core-17-18/nodes/00764.json,rad-core-17-18/nodes/03185.json,1,0,d_stronger
rad-core-17-18,764,3194,rad-core-17-18/nodes/00764.json,rad-core-17-18/nodes/03194.json,1,0,d_stronger
rad-core-17-18,764,3199,rad-core-17-18/nodes/00764.json,rad-core-17-18/nodes/03199.json,1,0,d_stronger
rad-core-17-18,764,3201,rad-core-17-18/nodes/00764.json,rad-core-17-18/nodes/03201.json,1,0,d_stronger
rad-core-17-18,764,3202,rad-core-17-18/nodes/00764.json,rad-core-17-18/nodes/03202.json,1,0,d_stronger
rad-core-17-18,764,3215,rad-core-17-18/nodes/00764.json,rad-core-17-18/nodes/03215.json,1,0,d_stronger
rad-core-17-18,764,3216,rad-core-17-18/nodes/00764.json,rad-core-17-18/nodes/03216.json,1,0,d_stronger
rad-core-17-18,764,3220,rad-core-17-18/nodes/00764.json,rad-core-17-18/nodes/03220.json,1,0,d_stronger
rad-core-17-18,764,3517,rad-core-17-18/nodes/00764.json,rad-core-17-18/nodes/03517.json,1,0,d_stronger
rad-core-17-18,765,2415,rad-core-17-18/nodes/00765.json,rad-core-17-18/nodes/02415.json,0,1,u_stronger
rad-core-17-18,765,2428,rad-core-17-18/nodes/00765.json,rad-core-17-18/nodes/02428.json,0,1,u_stronger
rad-core-17-18,766,2240,rad-core-17-18/nodes/00766.json,rad-core-17-18/nodes/02240.json,1,0,d_stronger
rad-core-17-18,766,3028,rad-core-17-18/nodes/00766.json,rad-core-17-18/nodes/03028.json,1,0,d_stronger
rad-core-17-18,766,3037,rad-core-17-18/nodes/00766.json,rad-core-17-18/nodes/03037.json,1,0,d_stronger
rad-core-17-18,776,776,rad-core-17-18/nodes/00776.json,rad-core-17-18/nodes/00776.json,1,1,equivalent
rad-core-17-18,785,2182,rad-core-17-18/nodes/00785.json,rad-core-17-18/nodes/02182.json,0,1,u_stronger
rad-core-17-18,788,3314,rad-core-17-18/nodes/00788.json,rad-core-17-18/nodes/03314.json,0,1,u_stronger
rad-core-17-18,800,2866,rad-core-17-18/nodes/00800.json,rad-core-17-18/nodes/02866.json,1,0,d_stronger
rad-core-17-18,800,3147,rad-core-17-18/nodes/00800.json,rad-core-17-18/nodes/03147.json,1,0,d_stronger
rad-core-17-18,815,2268,rad-core-17-18/nodes/00815.json,rad-core-17-18/nodes/02268.json,0,1,u_stronger
rad-core-17-18,816,2268,rad-core-17-18/nodes/00816.json,rad-core-17-18/nodes/02268.json,0,1,u_stronger
rad-core-17-18,821,2268,rad-core-17-18/nodes/00821.json,rad-core-17-18/nodes/02268.json,0,1,u_stronger
rad-core-17-18,823,3314,rad-core-17-18/nodes/00823.json,rad-core-17-18/nodes/03314.json,0,1,u_stronger
rad-core-17-18,824,2268,rad-core-17-18/nodes/00824.json,rad-core-17-18/nodes/02268.json,0,1,u_stronger
rad-core-17-18,825,3702,rad-core-17-18/nodes/00825.json,rad-core-17-18/nodes/03702.json,1,0,d_stronger
rad-core-17-18,826,2268,rad-core-17-18/nodes/00826.json,rad-core-17-18/nodes/02268.json,0,1,u_stronger
rad-core-17-18,827,827,rad-core-17-18/nodes/00827.json,rad-core-17-18/nodes/00827.json,1,1,equivalent
rad-core-17-18,832,2268,rad-core-17-18/nodes/00832.json,rad-core-17-18/nodes/02268.json,0,1,u_stronger
rad-core-17-18,834,2268,rad-core-17-18/nodes/00834.json,rad-core-17-18/nodes/02268.json,0,1,u_stronger
rad-core-17-18,838,838,rad-core-17-18/nodes/00838.json,rad-core-17-18/nodes/00838.json,1,1,equivalent
rad-core-17-18,854,3383,rad-core-17-18/nodes/00854.json,rad-core-17-18/nodes/03383.json,0,1,u_stronger
rad-core-17-18,855,2182,rad-core-17-18/nodes/00855.json,rad-core-17-18/nodes/02182.json,0,1,u_stronger
rad-core-17-18,857,857,rad-core-17-18/nodes/00857.json,rad-core-17-18/nodes/00857.json,1,1,equivalent
rad-core-17-18,863,3315,rad-core-17-18/nodes/00863.json,rad-core-17-18/nodes/03315.json,0,1,u_stronger
rad-core-17-18,867,2268,rad-core-17-18/nodes/00867.json,rad-core-17-18/nodes/02268.json,0,1,u_stronger
rad-core-17-18,872,2810,rad-core-17-18/nodes/00872.json,rad-core-17-18/nodes/02810.json,0,1,u_stronger
rad-core-17-18,872,3389,rad-core-17-18/nodes/00872.json,rad-core-17-18/nodes/03389.json,0,1,u_stronger
rad-core-17-18,877,2789,rad-core-17-18/nodes/00877.json,rad-core-17-18/nodes/02789.json,0,1,u_stronger
rad-core-17-18,889,2736,rad-core-17-18/nodes/00889.json,rad-core-17-18/nodes/02736.json,0,1,u_stronger
rad-core-17-18,893,2182,rad-core-17-18/nodes/00893.json,rad-core-17-18/nodes/02182.json,0,1,u_stronger
rad-core-17-18,894,3230,rad-core-17-18/nodes/00894.json,rad-core-17-18/nodes/03230.json,0,1,u_stronger
rad-core-17-18,894,3237,rad-core-17-18/nodes/00894.json,rad-core-17-18/nodes/03237.json,0,1,u_stronger
rad-core-17-18,895,3553,rad-core-17-18/nodes/00895.json,rad-core-17-18/nodes/03553.json,1,0,d_stronger
rad-core-17-18,896,2182,rad-core-17-18/nodes/00896.json,rad-core-17-18/nodes/02182.json,0,1,u_stronger
rad-core-17-18,898,898,rad-core-17-18/nodes/00898.json,rad-core-17-18/nodes/00898.json,1,1,equivalent
rad-core-17-18,904,2182,rad-core-17-18/nodes/00904.json,rad-core-17-18/nodes/02182.json,0,1,u_stronger
rad-core-17-18,911,2182,rad-core-17-18/nodes/00911.json,rad-core-17-18/nodes/02182.json,0,1,u_stronger
rad-core-17-18,921,2263,rad-core-17-18/nodes/00921.json,rad-core-17-18/nodes/02263.json,1,0,d_stronger
rad-core-17-18,921,2972,rad-core-17-18/nodes/00921.json,rad-core-17-18/nodes/02972.json,1,0,d_stronger
rad-core-17-18,925,3140,rad-core-17-18/nodes/00925.json,rad-core-17-18/nodes/03140.json,0,1,u_stronger
rad-core-17-18,926,2182,rad-core-17-18/nodes/00926.json,rad-core-17-18/nodes/02182.json,0,1,u_stronger
rad-core-17-18,928,2648,rad-core-17-18/nodes/00928.json,rad-core-17-18/nodes/02648.json,0,1,u_stronger
rad-core-17-18,940,3218,rad-core-17-18/nodes/00940.json,rad-core-17-18/nodes/03218.json,0,1,u_stronger
rad-core-17-18,942,2182,rad-core-17-18/nodes/00942.json,rad-core-17-18/nodes/02182.json,0,1,u_stronger
rad-core-17-18,946,2170,rad-core-17-18/nodes/00946.json,rad-core-17-18/nodes/02170.json,0,1,u_stronger
rad-core-17-18,946,2628,rad-core-17-18/nodes/00946.json,rad-core-17-18/nodes/02628.json,0,1,u_stronger
rad-core-17-18,951,2182,rad-core-17-18/nodes/00951.json,rad-core-17-18/nodes/02182.json,0,1,u_stronger
rad-core-17-18,953,2615,rad-core-17-18/nodes/00953.json,rad-core-17-18/nodes/02615.json,0,1,u_stronger
rad-core-17-18,968,3147,rad-core-17-18/nodes/00968.json,rad-core-17-18/nodes/03147.json,1,0,d_stronger
rad-core-17-18,970,970,rad-core-17-18/nodes/00970.json,rad-core-17-18/nodes/00970.json,1,1,equivalent
rad-core-17-18,985,2004,rad-core-17-18/nodes/00985.json,rad-core-17-18/nodes/02004.json,0,1,u_stronger
rad-core-17-18,985,2982,rad-core-17-18/nodes/00985.json,rad-core-17-18/nodes/02982.json,0,1,u_stronger
rad-core-17-18,985,3492,rad-core-17-18/nodes/00985.json,rad-core-17-18/nodes/03492.json,0,1,u_stronger
rad-core-17-18,992,2182,rad-core-17-18/nodes/00992.json,rad-core-17-18/nodes/02182.json,0,1,u_stronger
rad-core-17-18,996,2182,rad-core-17-18/nodes/00996.json,rad-core-17-18/nodes/02182.json,0,1,u_stronger
rad-core-17-18,1006,2320,rad-core-17-18/nodes/01006.json,rad-core-17-18/nodes/02320.json,1,0,d_stronger
rad-core-17-18,1006,2899,rad-core-17-18/nodes/01006.json,rad-core-17-18/nodes/02899.json,1,0,d_stronger
rad-core-17-18,1008,2957,rad-core-17-18/nodes/01008.json,rad-core-17-18/nodes/02957.json,1,0,d_stronger
rad-core-17-18,1017,2904,rad-core-17-18/nodes/01017.json,rad-core-17-18/nodes/02904.json,0,1,u_stronger
rad-core-17-18,1023,3665,rad-core-17-18/nodes/01023.json,rad-core-17-18/nodes/03665.json,0,1,u_stronger
rad-core-17-18,1034,3665,rad-core-17-18/nodes/01034.json,rad-core-17-18/nodes/03665.json,0,1,u_stronger
rad-core-17-18,1047,3437,rad-core-17-18/nodes/01047.json,rad-core-17-18/nodes/03437.json,0,1,u_stronger
rad-core-17-18,1057,2805,rad-core-17-18/nodes/01057.json,rad-core-17-18/nodes/02805.json,0,1,u_stronger
rad-core-17-18,1059,2805,rad-core-17-18/nodes/01059.json,rad-core-17-18/nodes/02805.json,0,1,u_stronger
rad-core-17-18,1070,3398,rad-core-17-18/nodes/01070.json,rad-core-17-18/nodes/03398.json,0,1,u_stronger
rad-core-17-18,1077,2182,rad-core-17-18/nodes/01077.json,rad-core-17-18/nodes/02182.json,0,1,u_stronger
rad-core-17-18,1081,2182,rad-core-17-18/nodes/01081.json,rad-core-17-18/nodes/02182.json,0,1,u_stronger
rad-core-17-18,1086,2182,rad-core-17-18/nodes/01086.json,rad-core-17-18/nodes/02182.json,0,1,u_stronger
rad-core-17-18,1103,3248,rad-core-17-18/nodes/01103.json,rad-core-17-18/nodes/03248.json,1,0,d_stronger
rad-core-17-18,1106,3038,rad-core-17-18/nodes/01106.json,rad-core-17-18/nodes/03038.json,1,0,d_stronger
rad-core-17-18,1112,2320,rad-core-17-18/nodes/01112.json,rad-core-17-18/nodes/02320.json,1,0,d_stronger
rad-core-17-18,1120,3433,rad-core-17-18/nodes/01120.json,rad-core-17-18/nodes/03433.json,1,0,d_stronger
rad-core-17-18,1124,2309,rad-core-17-18/nodes/01124.json,rad-core-17-18/nodes/02309.json,0,1,u_stronger
rad-core-17-18,1124,3092,rad-core-17-18/nodes/01124.json,rad-core-17-18/nodes/03092.json,0,1,u_stronger
rad-core-17-18,1127,2268,rad-core-17-18/nodes/01127.json,rad-core-17-18/nodes/02268.json,0,1,u_stronger
rad-core-17-18,1137,2268,rad-core-17-18/nodes/01137.json,rad-core-17-18/nodes/02268.json,0,1,u_stronger
rad-core-17-18,1139,1139,rad-core-17-18/nodes/01139.json,rad-core-17-18/nodes/01139.json,1,1,equivalent
rad-core-17-18,1152,2268,rad-core-17-18/nodes/01152.json,rad-core-17-18/nodes/02268.json,0,1,u_stronger
rad-core-17-18,1155,3269,rad-core-17-18/nodes/01155.json,rad-core-17-18/nodes/03269.json,1,0,d_stronger
rad-core-17-18,1156,2615,rad-core-17-18/nodes/01156.json,rad-core-17-18/nodes/02615.json,0,1,u_stronger
rad-core-17-18,1157,2268,rad-core-17-18/nodes/01157.json,rad-core-17-18/nodes/02268.json,0,1,u_stronger
rad-core-17-18,1162,2126,rad-core-17-18/nodes/01162.json,rad-core-17-18/nodes/02126.json,1,0,d_stronger
rad-core-17-18,1162,2686,rad-core-17-18/nodes/01162.json,rad-core-17-18/nodes/02686.json,1,0,d_stronger
rad-core-17-18,1170,2237,rad-core-17-18/nodes/01170.json,rad-core-17-18/nodes/02237.json,1,0,d_stronger
rad-core-17-18,1187,2613,rad-core-17-18/nodes/01187.json,rad-core-17-18/nodes/02613.json,0,1,u_stronger
rad-core-17-18,1187,2616,rad-core-17-18/nodes/01187.json,rad-core-17-18/nodes/02616.json,0,1,u_stronger
rad-core-17-18,1204,2540,rad-core-17-18/nodes/01204.json,rad-core-17-18/nodes/02540.json,0,1,u_stronger
rad-core-17-18,1206,2649,rad-core-17-18/nodes/01206.json,rad-core-17-18/nodes/02649.json,1,0,d_stronger
rad-core-17-18,1206,2677,rad-core-17-18/nodes/01206.json,rad-core-17-18/nodes/02677.json,1,0,d_stronger
rad-core-17-18,1217,3576,rad-core-17-18/nodes/01217.json,rad-core-17-18/nodes/03576.json,1,0,d_stronger
rad-core-17-18,1222,2032,rad-core-17-18/nodes/01222.json,rad-core-17-18/nodes/02032.json,1,0,d_stronger
rad-core-17-18,1223,3268,rad-core-17-18/nodes/01223.json,rad-core-17-18/nodes/03268.json,0,1,u_stronger
rad-core-17-18,1223,3282,rad-core-17-18/nodes/01223.json,rad-core-17-18/nodes/03282.json,0,1,u_stronger
rad-core-17-18,1231,3383,rad-core-17-18/nodes/01231.json,rad-core-17-18/nodes/03383.json,0,1,u_stronger
rad-core-17-18,1238,1238,rad-core-17-18/nodes/01238.json,rad-core-17-18/nodes/01238.json,1,1,equivalent
rad-core-17-18,1240,2182,rad-core-17-18/nodes/01240.json,rad-core-17-18/nodes/02182.json,0,1,u_stronger
rad-core-17-18,1266,2336,rad-core-17-18/nodes/01266.json,rad-core-17-18/nodes/02336.json,1,0,d_stronger
rad-core-17-18,1266,2342,rad-core-17-18/nodes/01266.json,rad-core-17-18/nodes/02342.json,1,0,d_stronger
rad-core-17-18,1266,3141,rad-core-17-18/nodes/01266.json,rad-core-17-18/nodes/03141.json,1,0,d_stronger
rad-core-17-18,1279,2182,rad-core-17-18/nodes/01279.json,rad-core-17-18/nodes/02182.json,0,1,u_stronger
rad-core-17-18,1283,3141,rad-core-17-18/nodes/01283.json,rad-core-17-18/nodes/03141.json,1,0,d_stronger
rad-core-17-18,1284,3520,rad-core-17-18/nodes/01284.json,rad-core-17-18/nodes/03520.json,1,0,d_stronger
rad-core-17-18,1288,3665,rad-core-17-18/nodes/01288.json,rad-core-17-18/nodes/03665.json,0,1,u_stronger
rad-core-17-18,1290,3665,rad-core-17-18/nodes/01290.json,rad-core-17-18/nodes/03665.json,0,1,u_stronger
rad-core-17-18,1291,2789,rad-core-17-18/nodes/01291.json,rad-core-17-18/nodes/02789.json,0,1,u_stronger
rad-core-17-18,1297,3665,rad-core-17-18/nodes/01297.json,rad-core-17-18/nodes/03665.json,0,1,u_stronger
rad-core-17-18,1300,3665,rad-core-17-18/nodes/01300.json,rad-core-17-18/nodes/03665.json,0,1,u_stronger
rad-core-17-18,1315,2268,rad-core-17-18/nodes/01315.json,rad-core-17-18/nodes/02268.json,0,1,u_stronger
rad-core-17-18,1316,3671,rad-core-17-18/nodes/01316.json,rad-core-17-18/nodes/03671.json,0,1,u_stronger
rad-core-17-18,1317,2182,rad-core-17-18/nodes/01317.json,rad-core-17-18/nodes/02182.json,0,1,u_stronger
rad-core-17-18,1318,2268,rad-core-17-18/nodes/01318.json,rad-core-17-18/nodes/02268.json,0,1,u_stronger
rad-core-17-18,1326,2182,rad-core-17-18/nodes/01326.json,rad-core-17-18/nodes/02182.json,0,1,u_stronger
rad-core-17-18,1332,2268,rad-core-17-18/nodes/01332.json,rad-core-17-18/nodes/02268.json,0,1,u_stronger
rad-core-17-18,1339,2268,rad-core-17-18/nodes/01339.json,rad-core-17-18/nodes/02268.json,0,1,u_stronger
rad-core-17-18,1342,2268,rad-core-17-18/nodes/01342.json,rad-core-17-18/nodes/02268.json,0,1,u_stronger
rad-core-17-18,1344,2268,rad-core-17-18/nodes/01344.json,rad-core-17-18/nodes/02268.json,0,1,u_stronger
rad-core-17-18,1367,2214,rad-core-17-18/nodes/01367.json,rad-core-17-18/nodes/02214.json,1,0,d_stronger
rad-core-17-18,1383,2710,rad-core-17-18/nodes/01383.json,rad-core-17-18/nodes/02710.json,0,1,u_stronger
rad-core-17-18,1383,3299,rad-core-17-18/nodes/01383.json,rad-core-17-18/nodes/03299.json,0,1,u_stronger
rad-core-17-18,1390,3253,rad-core-17-18/nodes/01390.json,rad-core-17-18/nodes/03253.json,0,1,u_stronger
rad-core-17-18,1395,3246,rad-core-17-18/nodes/01395.json,rad-core-17-18/nodes/03246.json,1,0,d_stronger
rad-core-17-18,1403,3297,rad-core-17-18/nodes/01403.json,rad-core-17-18/nodes/03297.json,1,0,d_stronger
rad-core-17-18,1406,2789,rad-core-17-18/nodes/01406.json,rad-core-17-18/nodes/02789.json,0,1,u_stronger
rad-core-17-18,1408,2112,rad-core-17-18/nodes/01408.json,rad-core-17-18/nodes/02112.json,1,0,d_stronger
rad-core-17-18,1408,2678,rad-core-17-18/nodes/01408.json,rad-core-17-18/nodes/02678.json,1,0,d_stronger
rad-core-17-18,1408,2700,rad-core-17-18/nodes/01408.json,rad-core-17-18/nodes/02700.json,1,0,d_stronger
rad-core-17-18,1416,3299,rad-core-17-18/nodes/01416.json,rad-core-17-18/nodes/03299.json,0,1,u_stronger
rad-core-17-18,1420,3730,rad-core-17-18/nodes/01420.json,rad-core-17-18/nodes/03730.json,0,1,u_stronger
rad-core-17-18,1443,2182,rad-core-17-18/nodes/01443.json,rad-core-17-18/nodes/02182.json,0,1,u_stronger
rad-core-17-18,1463,2182,rad-core-17-18/nodes/01463.json,rad-core-17-18/nodes/02182.json,0,1,u_stronger
rad-core-17-18,1484,2032,rad-core-17-18/nodes/01484.json,rad-core-17-18/nodes/02032.json,1,0,d_stronger
rad-core-17-18,1486,3344,rad-core-17-18/nodes/01486.json,rad-core-17-18/nodes/03344.json,1,0,d_stronger
rad-core-17-18,1488,2182,rad-core-17-18/nodes/01488.json,rad-core-17-18/nodes/02182.json,0,1,u_stronger
rad-core-17-18,1490,2032,rad-core-17-18/nodes/01490.json,rad-core-17-18/nodes/02032.json,1,0,d_stronger
rad-core-17-18,1494,2182,rad-core-17-18/nodes/01494.json,rad-core-17-18/nodes/02182.json,0,1,u_stronger
rad-core-17-18,1498,2182,rad-core-17-18/nodes/01498.json,rad-core-17-18/nodes/02182.json,0,1,u_stronger
rad-core-17-18,1500,3218,rad-core-17-18/nodes/01500.json,rad-core-17-18/nodes/03218.json,0,1,u_stronger
rad-core-17-18,1501,2182,rad-core-17-18/nodes/01501.json,rad-core-17-18/nodes/02182.json,0,1,u_stronger
rad-core-17-18,1503,2182,rad-core-17-18/nodes/01503.json,rad-core-17-18/nodes/02182.json,0,1,u_stronger
rad-core-17-18,1506,2182,rad-core-17-18/nodes/01506.json,rad-core-17-18/nodes/02182.json,0,1,u_stronger
rad-core-17-18,1507,2182,rad-core-17-18/nodes/01507.json,rad-core-17-18/nodes/02182.json,0,1,u_stronger
rad-core-17-18,1508,2182,rad-core-17-18/nodes/01508.json,rad-core-17-18/nodes/02182.json,0,1,u_stronger
rad-core-17-18,1512,2182,rad-core-17-18/nodes/01512.json,rad-core-17-18/nodes/02182.json,0,1,u_stronger
rad-core-17-18,1518,2785,rad-core-17-18/nodes/01518.json,rad-core-17-18/nodes/02785.json,1,0,d_stronger
rad-core-17-18,1551,2182,rad-core-17-18/nodes/01551.json,rad-core-17-18/nodes/02182.json,0,1,u_stronger
rad-core-17-18,1554,2182,rad-core-17-18/nodes/01554.json,rad-core-17-18/nodes/02182.json,0,1,u_stronger
rad-core-17-18,1569,3541,rad-core-17-18/nodes/01569.json,rad-core-17-18/nodes/03541.json,0,1,u_stronger
rad-core-17-18,1626,2810,rad-core-17-18/nodes/01626.json,rad-core-17-18/nodes/02810.json,0,1,u_stronger
rad-core-17-18,1626,3389,rad-core-17-18/nodes/01626.json,rad-core-17-18/nodes/03389.json,0,1,u_stronger
rad-core-17-18,1626,3405,rad-core-17-18/nodes/01626.json,rad-core-17-18/nodes/03405.json,0,1,u_stronger
rad-core-17-18,1626,3548,rad-core-17-18/nodes/01626.json,rad-core-17-18/nodes/03548.json,0,1,u_stronger
rad-core-17-18,1627,2613,rad-core-17-18/nodes/01627.json,rad-core-17-18/nodes/02613.json,0,1,u_stronger
rad-core-17-18,1627,2616,rad-core-17-18/nodes/01627.json,rad-core-17-18/nodes/02616.json,0,1,u_stronger
rad-core-17-18,1628,1628,rad-core-17-18/nodes/01628.json,rad-core-17-18/nodes/01628.json,1,1,equivalent
rad-core-17-18,1631,2268,rad-core-17-18/nodes/01631.json,rad-core-17-18/nodes/02268.json,0,1,u_stronger
rad-core-17-18,1633,2182,rad-core-17-18/nodes/01633.json,rad-core-17-18/nodes/02182.json,0,1,u_stronger
rad-core-17-18,1633,3492,rad-core-17-18/nodes/01633.json,rad-core-17-18/nodes/03492.json,0,1,u_stronger
rad-core-17-18,1634,2810,rad-core-17-18/nodes/01634.json,rad-core-17-18/nodes/02810.json,0,1,u_stronger
rad-core-17-18,1634,3389,rad-core-17-18/nodes/01634.json,rad-core-17-18/nodes/03389.json,0,1,u_stronger
rad-core-17-18,1636,2182,rad-core-17-18/nodes/01636.json,rad-core-17-18/nodes/02182.json,0,1,u_stronger
rad-core-17-18,1639,2268,rad-core-17-18/nodes/01639.json,rad-core-17-18/nodes/02268.json,0,1,u_stronger
rad-core-17-18,1642,2613,rad-core-17-18/nodes/01642.json,rad-core-17-18/nodes/02613.json,0,1,u_stronger
rad-core-17-18,1642,2616,rad-core-17-18/nodes/01642.json,rad-core-17-18/nodes/02616.json,0,1,u_stronger
rad-core-17-18,1644,3406,rad-core-17-18/nodes/01644.json,rad-core-17-18/nodes/03406.json,0,1,u_stronger
rad-core-17-18,1650,3423,rad-core-17-18/nodes/01650.json,rad-core-17-18/nodes/03423.json,0,1,u_stronger
rad-core-17-18,1650,3568,rad-core-17-18/nodes/01650.json,rad-core-17-18/nodes/03568.json,0,1,u_stronger
rad-core-17-18,1679,1679,rad-core-17-18/nodes/01679.json,rad-core-17-18/nodes/01679.json,1,1,equivalent
rad-core-17-18,1698,3623,rad-core-17-18/nodes/01698.json,rad-core-17-18/nodes/03623.json,0,1,u_stronger
rad-core-17-18,1700,3566,rad-core-17-18/nodes/01700.json,rad-core-17-18/nodes/03566.json,1,1,equivalent
rad-core-17-18,1705,2182,rad-core-17-18/nodes/01705.json,rad-core-17-18/nodes/02182.json,0,1,u_stronger
rad-core-17-18,1709,3668,rad-core-17-18/nodes/01709.json,rad-core-17-18/nodes/03668.json,1,0,d_stronger
rad-core-17-18,1720,3650,rad-core-17-18/nodes/01720.json,rad-core-17-18/nodes/03650.json,1,0,d_stronger
rad-core-17-18,1723,3565,rad-core-17-18/nodes/01723.json,rad-core-17-18/nodes/03565.json,0,1,u_stronger
rad-core-17-18,1733,1733,rad-core-17-18/nodes/01733.json,rad-core-17-18/nodes/01733.json,1,1,equivalent
rad-core-17-18,1739,3665,rad-core-17-18/nodes/01739.json,rad-core-17-18/nodes/03665.json,0,1,u_stronger
rad-core-17-18,1747,3665,rad-core-17-18/nodes/01747.json,rad-core-17-18/nodes/03665.json,0,1,u_stronger
rad-core-17-18,1748,2182,rad-core-17-18/nodes/01748.json,rad-core-17-18/nodes/02182.json,0,1,u_stronger
rad-core-17-18,1752,3266,rad-core-17-18/nodes/01752.json,rad-core-17-18/nodes/03266.json,0,1,u_stronger
rad-core-17-18,1779,2306,rad-core-17-18/nodes/01779.json,rad-core-17-18/nodes/02306.json,1,0,d_stronger
rad-core-17-18,1794,2634,rad-core-17-18/nodes/01794.json,rad-core-17-18/nodes/02634.json,0,1,u_stronger
rad-core-17-18,1797,3665,rad-core-17-18/nodes/01797.json,rad-core-17-18/nodes/03665.json,0,1,u_stronger
rad-core-17-18,1828,2182,rad-core-17-18/nodes/01828.json,rad-core-17-18/nodes/02182.json,0,1,u_stronger
rad-core-17-18,1830,1830,rad-core-17-18/nodes/01830.json,rad-core-17-18/nodes/01830.json,1,1,equivalent
rad-core-17-18,1839,2034,rad-core-17-18/nodes/01839.json,rad-core-17-18/nodes/02034.json,0,1,u_stronger
rad-core-17-18,1848,2182,rad-core-17-18/nodes/01848.json,rad-core-17-18/nodes/02182.json,0,1,u_stronger
rad-core-17-18,1857,2182,rad-core-17-18/nodes/01857.json,rad-core-17-18/nodes/02182.json,0,1,u_stronger
rad-core-17-18,1862,2182,rad-core-17-18/nodes/01862.json,rad-core-17-18/nodes/02182.json,0,1,u_stronger
rad-core-17-18,1867,2182,rad-core-17-18/nodes/01867.json,rad-core-17-18/nodes/02182.json,0,1,u_stronger
rad-core-17-18,1869,2182,rad-core-17-18/nodes/01869.json,rad-core-17-18/nodes/02182.json,0,1,u_stronger
rad-core-17-18,1870,1870,rad-core-17-18/nodes/01870.json,rad-core-17-18/nodes/01870.json,1,1,equivalent
rad-core-17-18,1872,3685,rad-core-17-18/nodes/01872.json,rad-core-17-18/nodes/03685.json,0,1,u_stronger
rad-core-17-18,1890,3230,rad-core-17-18/nodes/01890.json,rad-core-17-18/nodes/03230.json,0,1,u_stronger
rad-core-17-18,1890,3237,rad-core-17-18/nodes/01890.json,rad-core-17-18/nodes/03237.json,0,1,u_stronger
rad-core-17-18,1906,2182,rad-core-17-18/nodes/01906.json,rad-core-17-18/nodes/02182.json,0,1,u_stronger
rad-core-33,1,3152,rad-core-33/nodes/00001.json,rad-core-33/nodes/03152.json,0,1,u_stronger
rad-core-33,3,3152,rad-core-33/nodes/00003.json,rad-core-33/nodes/03152.json,0,1,u_stronger
rad-core-33,4,3152,rad-core-33/nodes/00004.json,rad-core-33/nodes/03152.json,0,1,u_stronger
rad-core-33,6,3152,rad-core-33/nodes/00006.json,rad-core-33/nodes/03152.json,0,1,u_stronger
rad-core-33,7,3152,rad-core-33/nodes/00007.json,rad-core-33/nodes/03152.json,0,1,u_stronger
rad-core-33,9,3152,rad-core-33/nodes/00009.json,rad-core-33/nodes/03152.json,0,1,u_stronger
rad-core-33,11,3152,rad-core-33/nodes/00011.json,rad-core-33/nodes/03152.json,0,1,u_stronger
rad-core-33,15,3152,rad-core-33/nodes/00015.json,rad-core-33/nodes/03152.json,0,1,u_stronger
rad-core-33,16,3152,rad-core-33/nodes/00016.json,rad-core-33/nodes/03152.json,0,1,u_stronger
rad-core-33,17,3152,rad-core-33/nodes/00017.json,rad-core-33/nodes/03152.json,0,1,u_stronger
rad-core-33,20,3152,rad-core-33/nodes/00020.json,rad-core-33/nodes/03152.json,0,1,u_stronger
rad-core-33,20,5186,rad-core-33/nodes/00020.json,rad-core-33/nodes/05186.json,0,1,u_stronger
rad-core-33,24,3801,rad-core-33/nodes/00024.json,rad-core-33/nodes/03801.json,0,1,u_stronger
rad-core-33,24,5578,rad-core-33/nodes/00024.json,rad-core-33/nodes/05578.json,0,1,u_stronger
rad-core-33,25,3152,rad-core-33/nodes/00025.json,rad-core-33/nodes/03152.json,0,1,u_stronger
rad-core-33,30,3152,rad-core-33/nodes/00030.json,rad-core-33/nodes/03152.json,0,1,u_stronger
rad-core-33,32,3152,rad-core-33/nodes/00032.json,rad-core-33/nodes/03152.json,0,1,u_stronger
rad-core-33,35,3152,rad-core-33/nodes/00035.json,rad-core-33/nodes/03152.json,0,1,u_stronger
rad-core-33,38,3152,rad-core-33/nodes/00038.json,rad-core-33/nodes/03152.json,0,1,u_stronger
rad-core-33,50,3152,rad-core-33/nodes/00050.json,rad-core-33/nodes/03152.json,0,1,u_stronger
rad-core-33,57,3152,rad-core-33/nodes/00057.json,rad-core-33/nodes/03152.json,0,1,u_stronger
rad-core-33,81,5768,rad-core-33/nodes/00081.json,rad-core-33/nodes/05768.json,0,1,u_stronger
rad-core-33,85,3499,rad-core-33/nodes/00085.json,rad-core-33/nodes/03499.json,0,1,u_stronger
rad-core-33,125,3152,rad-core-33/nodes/00125.json,rad-core-33/nodes/03152.json,0,1,u_stronger
rad-core-33,131,3152,rad-core-33/nodes/00131.json,rad-core-33/nodes/03152.json,0,1,u_stronger
rad-core-33,131,3607,rad-core-33/nodes/00131.json,rad-core-33/nodes/03607.json,0,1,u_stronger
rad-core-33,131,5001,rad-core-33/nodes/00131.json,rad-core-33/nodes/05001.json,0,1,u_stronger
rad-core-33,131,5482,rad-core-33/nodes/00131.json,rad-core-33/nodes/05482.json,0,1,u_stronger
rad-core-33,132,3152,rad-core-33/nodes/00132.json,rad-core-33/nodes/03152.json,0,1,u_stronger
rad-core-33,133,3152,rad-core-33/nodes/00133.json,rad-core-33/nodes/03152.json,0,1,u_stronger
rad-core-33,133,3607,rad-core-33/nodes/00133.json,rad-core-33/nodes/03607.json,0,1,u_stronger
rad-core-33,133,5001,rad-core-33/nodes/00133.json,rad-core-33/nodes/05001.json,0,1,u_stronger
rad-core-33,136,3152,rad-core-33/nodes/00136.json,rad-core-33/nodes/03152.json,0,1,u_stronger
rad-core-33,136,3607,rad-core-33/nodes/00136.json,rad-core-33/nodes/03607.json,0,1,u_stronger
rad-core-33,136,5001,rad-core-33/nodes/00136.json,rad-core-33/nodes/05001.json,0,1,u_stronger
rad-core-33,136,5482,rad-core-33/nodes/00136.json,rad-core-33/nodes/05482.json,0,1,u_stronger
rad-core-33,139,3152,rad-core-33/nodes/00139.json,rad-core-33/nodes/03152.json,0,1,u_stronger
rad-core-33,144,3152,rad-core-33/nodes/00144.json,rad-core-33/nodes/03152.json,0,1,u_stronger
rad-core-33,147,3152,rad-core-33/nodes/00147.json,rad-core-33/nodes/03152.json,0,1,u_stronger
rad-core-33,147,3446,rad-core-33/nodes/00147.json,rad-core-33/nodes/03446.json,0,1,u_stronger
rad-core-33,147,3499,rad-core-33/nodes/00147.json,rad-core-33/nodes/03499.json,0,1,u_stronger
rad-core-33,147,4069,rad-core-33/nodes/00147.json,rad-core-33/nodes/04069.json,0,1,u_stronger
rad-core-33,148,3607,rad-core-33/nodes/00148.json,rad-core-33/nodes/03607.json,0,1,u_stronger
rad-core-33,148,5482,rad-core-33/nodes/00148.json,rad-core-33/nodes/05482.json,0,1,u_stronger
rad-core-33,149,3801,rad-core-33/nodes/00149.json,rad-core-33/nodes/03801.json,0,1,u_stronger
rad-core-33,149,5578,rad-core-33/nodes/00149.json,rad-core-33/nodes/05578.json,0,1,u_stronger
rad-core-33,154,3152,rad-core-33/nodes/00154.json,rad-core-33/nodes/03152.json,0,1,u_stronger
rad-core-33,156,3152,rad-core-33/nodes/00156.json,rad-core-33/nodes/03152.json,0,1,u_stronger
rad-core-33,156,3607,rad-core-33/nodes/00156.json,rad-core-33/nodes/03607.json,0,1,u_stronger
rad-core-33,156,5001,rad-core-33/nodes/00156.json,rad-core-33/nodes/05001.json,0,1,u_stronger
rad-core-33,156,5482,rad-core-33/nodes/00156.json,rad-core-33/nodes/05482.json,0,1,u_stronger
rad-core-33,160,3152,rad-core-33/nodes/00160.json,rad-core-33/nodes/03152.json,0,1,u_stronger
rad-core-33,180,3599,rad-core-33/nodes/00180.json,rad-core-33/nodes/03599.json,0,1,u_stronger
rad-core-33,180,3602,rad-core-33/nodes/00180.json,rad-core-33/nodes/03602.json,0,1,u_stronger
rad-core-33,180,3609,rad-core-33/nodes/00180.json,rad-core-33/nodes/03609.json,0,1,u_stronger
rad-core-33,181,3152,rad-core-33/nodes/00181.json,rad-core-33/nodes/03152.json,0,1,u_stronger
rad-core-33,190,3499,rad-core-33/nodes/00190.json,rad-core-33/nodes/03499.json,0,1,u_stronger
rad-core-33,192,3152,rad-core-33/nodes/00192.json,rad-core-33/nodes/03152.json,0,1,u_stronger
rad-core-33,203,3152,rad-core-33/nodes/00203.json,rad-core-33/nodes/03152.json,0,1,u_stronger
rad-core-33,206,3152,rad-core-33/nodes/00206.json,rad-core-33/nodes/03152.json,0,1,u_stronger
rad-core-33,213,3152,rad-core-33/nodes/00213.json,rad-core-33/nodes/03152.json,0,1,u_stronger
rad-core-33,234,3152,rad-core-33/nodes/00234.json,rad-core-33/nodes/03152.json,0,1,u_stronger
rad-core-33,235,3152,rad-core-33/nodes/00235.json,rad-core-33/nodes/03152.json,0,1,u_stronger
rad-core-33,238,3152,rad-core-33/nodes/00238.json,rad-core-33/nodes/03152.json,0,1,u_stronger
rad-core-33,238,3607,rad-core-33/nodes/00238.json,rad-core-33/nodes/03607.json,0,1,u_stronger
rad-core-33,238,5001,rad-core-33/nodes/00238.json,rad-core-33/nodes/05001.json,0,1,u_stronger
rad-core-33,238,5482,rad-core-33/nodes/00238.json,rad-core-33/nodes/05482.json,0,1,u_stronger
rad-core-33,242,3152,rad-core-33/nodes/00242.json,rad-core-33/nodes/03152.json,0,1,u_stronger
rad-core-33,251,3152,rad-core-33/nodes/00251.json,rad-core-33/nodes/03152.json,0,1,u_stronger
rad-core-33,259,3152,rad-core-33/nodes/00259.json,rad-core-33/nodes/03152.json,0,1,u_stronger
rad-core-33,261,3801,rad-core-33/nodes/00261.json,rad-core-33/nodes/03801.json,0,1,u_stronger
rad-core-33,261,4112,rad-core-33/nodes/00261.json,rad-core-33/nodes/04112.json,0,1,u_stronger
rad-core-33,261,4121,rad-core-33/nodes/00261.json,rad-core-33/nodes/04121.json,0,1,u_stronger
rad-core-33,261,5578,rad-core-33/nodes/00261.json,rad-core-33/nodes/05578.json,0,1,u_stronger
rad-core-33,262,3152,rad-core-33/nodes/00262.json,rad-core-33/nodes/03152.json,0,1,u_stronger
rad-core-33,267,3152,rad-core-33/nodes/00267.json,rad-core-33/nodes/03152.json,0,1,u_stronger
rad-core-33,268,3607,rad-core-33/nodes/00268.json,rad-core-33/nodes/03607.json,0,1,u_stronger
rad-core-33,268,4175,rad-core-33/nodes/00268.json,rad-core-33/nodes/04175.json,0,1,u_stronger
rad-core-33,268,4193,rad-core-33/nodes/00268.json,rad-core-33/nodes/04193.json,0,1,u_stronger
rad-core-33,268,5068,rad-core-33/nodes/00268.json,rad-core-33/nodes/05068.json,0,1,u_stronger
rad-core-33,268,5482,rad-core-33/nodes/00268.json,rad-core-33/nodes/05482.json,0,1,u_stronger
rad-core-33,274,3152,rad-core-33/nodes/00274.json,rad-core-33/nodes/03152.json,0,1,u_stronger
rad-core-33,275,3152,rad-core-33/nodes/00275.json,rad-core-33/nodes/03152.json,0,1,u_stronger
rad-core-33,280,3152,rad-core-33/nodes/00280.json,rad-core-33/nodes/03152.json,0,1,u_stronger
rad-core-33,281,3801,rad-core-33/nodes/00281.json,rad-core-33/nodes/03801.json,0,1,u_stronger
rad-core-33,281,4112,rad-core-33/nodes/00281.json,rad-core-33/nodes/04112.json,0,1,u_stronger
rad-core-33,281,4121,rad-core-33/nodes/00281.json,rad-core-33/nodes/04121.json,0,1,u_stronger
rad-core-33,281,5578,rad-core-33/nodes/00281.json,rad-core-33/nodes/05578.json,0,1,u_stronger
rad-core-33,282,3152,rad-core-33/nodes/00282.json,rad-core-33/nodes/03152.json,0,1,u_stronger
rad-core-33,283,3152,rad-core-33/nodes/00283.json,rad-core-33/nodes/03152.json,0,1,u_stronger
rad-core-33,284,3801,rad-core-33/nodes/00284.json,rad-core-33/nodes/03801.json,0,1,u_stronger
rad-core-33,284,4112,rad-core-33/nodes/00284.json,rad-core-33/nodes/04112.json,0,1,u_stronger
rad-core-33,284,4121,rad-core-33/nodes/00284.json,rad-core-33/nodes/04121.json,0,1,u_stronger
rad-core-33,284,5578,rad-core-33/nodes/00284.json,rad-core-33/nodes/05578.json,0,1,u_stronger
rad-core-33,285,3801,rad-core-33/nodes/00285.json,rad-core-33/nodes/03801.json,0,1,u_stronger
rad-core-33,285,4112,rad-core-33/nodes/00285.json,rad-core-33/nodes/04112.json,0,1,u_stronger
rad-core-33,285,4121,rad-core-33/nodes/00285.json,rad-core-33/nodes/04121.json,0,1,u_stronger
rad-core-33,285,5578,rad-core-33/nodes/00285.json,rad-core-33/nodes/05578.json,0,1,u_stronger
rad-core-33,286,3499,rad-core-33/nodes/00286.json,rad-core-33/nodes/03499.json,0,1,u_stronger
rad-core-33,286,5608,rad-core-33/nodes/00286.json,rad-core-33/nodes/05608.json,0,1,u_stronger
rad-core-33,289,3607,rad-core-33/nodes/00289.json,rad-core-33/nodes/03607.json,0,1,u_stronger
rad-core-33,289,4175,rad-core-33/nodes/00289.json,rad-core-33/nodes/04175.json,0,1,u_stronger
rad-core-33,289,4193,rad-core-33/nodes/00289.json,rad-core-33/nodes/04193.json,0,1,u_stronger
rad-core-33,289,5068,rad-core-33/nodes/00289.json,rad-core-33/nodes/05068.json,0,1,u_stronger
rad-core-33,289,5482,rad-core-33/nodes/00289.json,rad-core-33/nodes/05482.json,0,1,u_stronger
rad-core-33,290,3801,rad-core-33/nodes/00290.json,rad-core-33/nodes/03801.json,0,1,u_stronger
rad-core-33,290,4112,rad-core-33/nodes/00290.json,rad-core-33/nodes/04112.json,0,1,u_stronger
rad-core-33,290,4121,rad-core-33/nodes/00290.json,rad-core-33/nodes/04121.json,0,1,u_stronger
rad-core-33,290,5578,rad-core-33/nodes/00290.json,rad-core-33/nodes/05578.json,0,1,u_stronger
rad-core-33,292,3801,rad-core-33/nodes/00292.json,rad-core-33/nodes/03801.json,0,1,u_stronger
rad-core-33,292,4112,rad-core-33/nodes/00292.json,rad-core-33/nodes/04112.json,0,1,u_stronger
rad-core-33,292,4121,rad-core-33/nodes/00292.json,rad-core-33/nodes/04121.json,0,1,u_stronger
rad-core-33,292,5578,rad-core-33/nodes/00292.json,rad-core-33/nodes/05578.json,0,1,u_stronger
rad-core-33,293,3801,rad-core-33/nodes/00293.json,rad-core-33/nodes/03801.json,0,1,u_stronger
rad-core-33,293,4112,rad-core-33/nodes/00293.json,rad-core-33/nodes/04112.json,0,1,u_stronger
rad-core-33,293,4121,rad-core-33/nodes/00293.json,rad-core-33/nodes/04121.json,0,1,u_stronger
rad-core-33,293,5578,rad-core-33/nodes/00293.json,rad-core-33/nodes/05578.json,0,1,u_stronger
rad-core-33,296,3801,rad-core-33/nodes/00296.json,rad-core-33/nodes/03801.json,0,1,u_stronger
rad-core-33,296,4112,rad-core-33/nodes/00296.json,rad-core-33/nodes/04112.json,0,1,u_stronger
rad-core-33,296,4121,rad-core-33/nodes/00296.json,rad-core-33/nodes/04121.json,0,1,u_stronger
rad-core-33,296,5578,rad-core-33/nodes/00296.json,rad-core-33/nodes/05578.json,0,1,u_stronger
rad-core-33,301,3801,rad-core-33/nodes/00301.json,rad-core-33/nodes/03801.json,0,1,u_stronger
rad-core-33,301,4112,rad-core-33/nodes/00301.json,rad-core-33/nodes/04112.json,0,1,u_stronger
rad-core-33,301,4121,rad-core-33/nodes/00301.json,rad-core-33/nodes/04121.json,0,1,u_stronger
rad-core-33,301,5578,rad-core-33/nodes/00301.json,rad-core-33/nodes/05578.json,0,1,u_stronger
rad-core-33,303,3801,rad-core-33/nodes/00303.json,rad-core-33/nodes/03801.json,0,1,u_stronger
rad-core-33,303,4112,rad-core-33/nodes/00303.json,rad-core-33/nodes/04112.json,0,1,u_stronger
rad-core-33,303,4121,rad-core-33/nodes/00303.json,rad-core-33/nodes/04121.json,0,1,u_stronger
rad-core-33,303,5578,rad-core-33/nodes/00303.json,rad-core-33/nodes/05578.json,0,1,u_stronger
rad-core-33,309,3801,rad-core-33/nodes/00309.json,rad-core-33/nodes/03801.json,0,1,u_stronger
rad-core-33,309,4112,rad-core-33/nodes/00309.json,rad-core-33/nodes/04112.json,0,1,u_stronger
rad-core-33,309,4121,rad-core-33/nodes/00309.json,rad-core-33/nodes/04121.json,0,1,u_stronger
rad-core-33,309,5578,rad-core-33/nodes/00309.json,rad-core-33/nodes/05578.json,0,1,u_stronger
rad-core-33,311,3499,rad-core-33/nodes/00311.json,rad-core-33/nodes/03499.json,0,1,u_stronger
rad-core-33,311,5608,rad-core-33/nodes/00311.json,rad-core-33/nodes/05608.json,0,1,u_stronger
rad-core-33,313,3152,rad-core-33/nodes/00313.json,rad-core-33/nodes/03152.json,0,1,u_stronger
rad-core-33,313,3607,rad-core-33/nodes/00313.json,rad-core-33/nodes/03607.json,0,1,u_stronger
rad-core-33,313,5001,rad-core-33/nodes/00313.json,rad-core-33/nodes/05001.json,0,1,u_stronger
rad-core-33,313,5482,rad-core-33/nodes/00313.json,rad-core-33/nodes/05482.json,0,1,u_stronger
rad-core-33,315,3152,rad-core-33/nodes/00315.json,rad-core-33/nodes/03152.json,0,1,u_stronger
rad-core-33,315,3607,rad-core-33/nodes/00315.json,rad-core-33/nodes/03607.json,0,1,u_stronger
rad-core-33,315,3801,rad-core-33/nodes/00315.json,rad-core-33/nodes/03801.json,0,1,u_stronger
rad-core-33,315,4175,rad-core-33/nodes/00315.json,rad-core-33/nodes/04175.json,0,1,u_stronger
rad-core-33,315,4193,rad-core-33/nodes/00315.json,rad-core-33/nodes/04193.json,0,1,u_stronger
rad-core-33,315,4484,rad-core-33/nodes/00315.json,rad-core-33/nodes/04484.json,0,1,u_stronger
rad-core-33,315,5001,rad-core-33/nodes/00315.json,rad-core-33/nodes/05001.json,0,1,u_stronger
rad-core-33,315,5482,rad-core-33/nodes/00315.json,rad-core-33/nodes/05482.json,0,1,u_stronger
rad-core-33,315,5578,rad-core-33/nodes/00315.json,rad-core-33/nodes/05578.json,0,1,u_stronger
rad-core-33,321,3801,rad-core-33/nodes/00321.json,rad-core-33/nodes/03801.json,0,1,u_stronger
rad-core-33,321,4112,rad-core-33/nodes/00321.json,rad-core-33/nodes/04112.json,0,1,u_stronger
rad-core-33,321,4121,rad-core-33/nodes/00321.json,rad-core-33/nodes/04121.json,0,1,u_stronger
rad-core-33,321,5578,rad-core-33/nodes/00321.json,rad-core-33/nodes/05578.json,0,1,u_stronger
rad-core-33,326,3801,rad-core-33/nodes/00326.json,rad-core-33/nodes/03801.json,0,1,u_stronger
rad-core-33,326,4112,rad-core-33/nodes/00326.json,rad-core-33/nodes/04112.json,0,1,u_stronger
rad-core-33,326,4121,rad-core-33/nodes/00326.json,rad-core-33/nodes/04121.json,0,1,u_stronger
rad-core-33,326,5578,rad-core-33/nodes/00326.json,rad-core-33/nodes/05578.json,0,1,u_stronger
rad-core-33,327,3801,rad-core-33/nodes/00327.json,rad-core-33/nodes/03801.json,0,1,u_stronger
rad-core-33,327,4112,rad-core-33/nodes/00327.json,rad-core-33/nodes/04112.json,0,1,u_stronger
rad-core-33,327,4121,rad-core-33/nodes/00327.json,rad-core-33/nodes/04121.json,0,1,u_stronger
rad-core-33,327,5578,rad-core-33/nodes/00327.json,rad-core-33/nodes/05578.json,0,1,u_stronger
rad-core-33,328,3152,rad-core-33/nodes/00328.json,rad-core-33/nodes/03152.json,0,1,u_stronger
rad-core-33,329,3152,rad-core-33/nodes/00329.json,rad-core-33/nodes/03152.json,0,1,u_stronger
rad-core-33,329,4975,rad-core-33/nodes/00329.json,rad-core-33/nodes/04975.json,0,1,u_stronger
rad-core-33,332,3152,rad-core-33/nodes/00332.json,rad-core-33/nodes/03152.json,0,1,u_stronger
rad-core-33,335,3152,rad-core-33/nodes/00335.json,rad-core-33/nodes/03152.json,0,1,u_stronger
rad-core-33,337,3152,rad-core-33/nodes/00337.json,rad-core-33/nodes/03152.json,0,1,u_stronger
rad-core-33,340,3152,rad-core-33/nodes/00340.json,rad-core-33/nodes/03152.json,0,1,u_stronger
rad-core-33,341,3152,rad-core-33/nodes/00341.json,rad-core-33/nodes/03152.json,0,1,u_stronger
rad-core-33,342,3152,rad-core-33/nodes/00342.json,rad-core-33/nodes/03152.json,0,1,u_stronger
rad-core-33,346,3152,rad-core-33/nodes/00346.json,rad-core-33/nodes/03152.json,0,1,u_stronger
rad-core-33,347,3152,rad-core-33/nodes/00347.json,rad-core-33/nodes/03152.json,0,1,u_stronger
rad-core-33,348,3152,rad-core-33/nodes/00348.json,rad-core-33/nodes/03152.json,0,1,u_stronger
rad-core-33,348,3607,rad-core-33/nodes/00348.json,rad-core-33/nodes/03607.json,0,1,u_stronger
rad-core-33,348,5001,rad-core-33/nodes/00348.json,rad-core-33/nodes/05001.json,0,1,u_stronger
rad-core-33,348,5482,rad-core-33/nodes/00348.json,rad-core-33/nodes/05482.json,0,1,u_stronger
rad-core-33,352,3152,rad-core-33/nodes/00352.json,rad-core-33/nodes/03152.json,0,1,u_stronger
rad-core-33,358,3152,rad-core-33/nodes/00358.json,rad-core-33/nodes/03152.json,0,1,u_stronger
rad-core-33,364,3152,rad-core-33/nodes/00364.json,rad-core-33/nodes/03152.json,0,1,u_stronger
rad-core-33,367,3152,rad-core-33/nodes/00367.json,rad-core-33/nodes/03152.json,0,1,u_stronger
rad-core-33,375,3152,rad-core-33/nodes/00375.json,rad-core-33/nodes/03152.json,0,1,u_stronger
rad-core-33,376,3152,rad-core-33/nodes/00376.json,rad-core-33/nodes/03152.json,0,1,u_stronger
rad-core-33,377,3152,rad-core-33/nodes/00377.json,rad-core-33/nodes/03152.json,0,1,u_stronger
rad-core-33,383,3152,rad-core-33/nodes/00383.json,rad-core-33/nodes/03152.json,0,1,u_stronger
rad-core-33,383,3607,rad-core-33/nodes/00383.json,rad-core-33/nodes/03607.json,0,1,u_stronger
rad-core-33,383,5001,rad-core-33/nodes/00383.json,rad-core-33/nodes/05001.json,0,1,u_stronger
rad-core-33,383,5482,rad-core-33/nodes/00383.json,rad-core-33/nodes/05482.json,0,1,u_stronger
rad-core-33,386,3152,rad-core-33/nodes/00386.json,rad-core-33/nodes/03152.json,0,1,u_stronger
rad-core-33,387,3152,rad-core-33/nodes/00387.json,rad-core-33/nodes/03152.json,0,1,u_stronger
rad-core-33,389,3152,rad-core-33/nodes/00389.json,rad-core-33/nodes/03152.json,0,1,u_stronger
rad-core-33,389,3607,rad-core-33/nodes/00389.json,rad-core-33/nodes/03607.json,0,1,u_stronger
rad-core-33,389,5001,rad-core-33/nodes/00389.json,rad-core-33/nodes/05001.json,0,1,u_stronger
rad-core-33,389,5482,rad-core-33/nodes/00389.json,rad-core-33/nodes/05482.json,0,1,u_stronger
rad-core-33,392,3152,rad-core-33/nodes/00392.json,rad-core-33/nodes/03152.json,0,1,u_stronger
rad-core-33,392,3607,rad-core-33/nodes/00392.json,rad-core-33/nodes/03607.json,0,1,u_stronger
rad-core-33,392,5001,rad-core-33/nodes/00392.json,rad-core-33/nodes/05001.json,0,1,u_stronger
rad-core-33,392,5482,rad-core-33/nodes/00392.json,rad-core-33/nodes/05482.json,0,1,u_stronger
rad-core-33,393,3152,rad-core-33/nodes/00393.json,rad-core-33/nodes/03152.json,0,1,u_stronger
rad-core-33,395,3152,rad-core-33/nodes/00395.json,rad-core-33/nodes/03152.json,0,1,u_stronger
rad-core-33,397,3152,rad-core-33/nodes/00397.json,rad-core-33/nodes/03152.json,0,1,u_stronger
rad-core-33,397,3607,rad-core-33/nodes/00397.json,rad-core-33/nodes/03607.json,0,1,u_stronger
rad-core-33,397,5001,rad-core-33/nodes/00397.json,rad-core-33/nodes/05001.json,0,1,u_stronger
rad-core-33,397,5482,rad-core-33/nodes/00397.json,rad-core-33/nodes/05482.json,0,1,u_stronger
rad-core-33,401,3152,rad-core-33/nodes/00401.json,rad-core-33/nodes/03152.json,0,1,u_stronger
rad-core-33,406,3152,rad-core-33/nodes/00406.json,rad-core-33/nodes/03152.json,0,1,u_stronger
rad-core-33,409,3152,rad-core-33/nodes/00409.json,rad-core-33/nodes/03152.json,0,1,u_stronger
rad-core-33,414,3152,rad-core-33/nodes/00414.json,rad-core-33/nodes/03152.json,0,1,u_stronger
rad-core-33,418,3152,rad-core-33/nodes/00418.json,rad-core-33/nodes/03152.json,0,1,u_stronger
rad-core-33,418,3607,rad-core-33/nodes/00418.json,rad-core-33/nodes/03607.json,0,1,u_stronger
rad-core-33,418,5001,rad-core-33/nodes/00418.json,rad-core-33/nodes/05001.json,0,1,u_stronger
rad-core-33,418,5482,rad-core-33/nodes/00418.json,rad-core-33/nodes/05482.json,0,1,u_stronger
rad-core-33,419,3152,rad-core-33/nodes/00419.json,rad-core-33/nodes/03152.json,0,1,u_stronger
rad-core-33,423,3152,rad-core-33/nodes/00423.json,rad-core-33/nodes/03152.json,0,1,u_stronger
rad-core-33,429,3152,rad-core-33/nodes/00429.json,rad-core-33/nodes/03152.json,0,1,u_stronger
rad-core-33,433,4334,rad-core-33/nodes/00433.json,rad-core-33/nodes/04334.json,0,1,u_stronger
rad-core-33,435,3152,rad-core-33/nodes/00435.json,rad-core-33/nodes/03152.json,0,1,u_stronger
rad-core-33,438,3805,rad-core-33/nodes/00438.json,rad-core-33/nodes/03805.json,0,1,u_stronger
rad-core-33,439,3152,rad-core-33/nodes/00439.json,rad-core-33/nodes/03152.json,0,1,u_stronger
rad-core-33,440,4777,rad-core-33/nodes/00440.json,rad-core-33/nodes/04777.json,0,1,u_stronger
rad-core-33,441,3499,rad-core-33/nodes/00441.json,rad-core-33/nodes/03499.json,0,1,u_stronger
rad-core-33,444,3152,rad-core-33/nodes/00444.json,rad-core-33/nodes/03152.json,0,1,u_stronger
rad-core-33,445,3152,rad-core-33/nodes/00445.json,rad-core-33/nodes/03152.json,0,1,u_stronger
rad-core-33,447,3152,rad-core-33/nodes/00447.json,rad-core-33/nodes/03152.json,0,1,u_stronger
rad-core-33,449,3607,rad-core-33/nodes/00449.json,rad-core-33/nodes/03607.json,0,1,u_stronger
rad-core-33,449,5482,rad-core-33/nodes/00449.json,rad-core-33/nodes/05482.json,0,1,u_stronger
rad-core-33,451,3152,rad-core-33/nodes/00451.json,rad-core-33/nodes/03152.json,0,1,u_stronger
rad-core-33,453,3152,rad-core-33/nodes/00453.json,rad-core-33/nodes/03152.json,0,1,u_stronger
rad-core-33,455,3152,rad-core-33/nodes/00455.json,rad-core-33/nodes/03152.json,0,1,u_stronger
rad-core-33,457,3152,rad-core-33/nodes/00457.json,rad-core-33/nodes/03152.json,0,1,u_stronger
rad-core-33,464,3152,rad-core-33/nodes/00464.json,rad-core-33/nodes/03152.json,0,1,u_stronger
rad-core-33,468,5651,rad-core-33/nodes/00468.json,rad-core-33/nodes/05651.json,0,1,u_stronger
rad-core-33,473,3152,rad-core-33/nodes/00473.json,rad-core-33/nodes/03152.json,0,1,u_stronger
rad-core-33,475,3152,rad-core-33/nodes/00475.json,rad-core-33/nodes/03152.json,0,1,u_stronger
rad-core-33,475,3607,rad-core-33/nodes/00475.json,rad-core-33/nodes/03607.json,0,1,u_stronger
rad-core-33,475,5001,rad-core-33/nodes/00475.json,rad-core-33/nodes/05001.json,0,1,u_stronger
rad-core-33,475,5482,rad-core-33/nodes/00475.json,rad-core-33/nodes/05482.json,0,1,u_stronger
rad-core-33,478,3152,rad-core-33/nodes/00478.json,rad-core-33/nodes/03152.json,0,1,u_stronger
rad-core-33,486,3152,rad-core-33/nodes/00486.json,rad-core-33/nodes/03152.json,0,1,u_stronger
rad-core-33,487,3152,rad-core-33/nodes/00487.json,rad-core-33/nodes/03152.json,0,1,u_stronger
rad-core-33,494,3152,rad-core-33/nodes/00494.json,rad-core-33/nodes/03152.json,0,1,u_stronger
rad-core-33,499,3152,rad-core-33/nodes/00499.json,rad-core-33/nodes/03152.json,0,1,u_stronger
rad-core-33,501,3152,rad-core-33/nodes/00501.json,rad-core-33/nodes/03152.json,0,1,u_stronger
rad-core-33,504,3152,rad-core-33/nodes/00504.json,rad-core-33/nodes/03152.json,0,1,u_stronger
rad-core-33,504,3607,rad-core-33/nodes/00504.json,rad-core-33/nodes/03607.json,0,1,u_stronger
rad-core-33,504,5001,rad-core-33/nodes/00504.json,rad-core-33/nodes/05001.json,0,1,u_stronger
rad-core-33,504,5482,rad-core-33/nodes/00504.json,rad-core-33/nodes/05482.json,0,1,u_stronger
rad-core-33,510,3152,rad-core-33/nodes/00510.json,rad-core-33/nodes/03152.json,0,1,u_stronger
rad-core-33,515,3152,rad-core-33/nodes/00515.json,rad-core-33/nodes/03152.json,0,1,u_stronger
rad-core-33,515,3607,rad-core-33/nodes/00515.json,rad-core-33/nodes/03607.json,0,1,u_stronger
rad-core-33,515,5001,rad-core-33/nodes/00515.json,rad-core-33/nodes/05001.json,0,1,u_stronger
rad-core-33,515,5482,rad-core-33/nodes/00515.json,rad-core-33/nodes/05482.json,0,1,u_stronger
rad-core-33,541,3152,rad-core-33/nodes/00541.json,rad-core-33/nodes/03152.json,0,1,u_stronger
rad-core-33,541,3607,rad-core-33/nodes/00541.json,rad-core-33/nodes/03607.json,0,1,u_stronger
rad-core-33,541,5001,rad-core-33/nodes/00541.json,rad-core-33/nodes/05001.json,0,1,u_stronger
rad-core-33,541,5482,rad-core-33/nodes/00541.json,rad-core-33/nodes/05482.json,0,1,u_stronger
rad-core-33,543,4131,rad-core-33/nodes/00543.json,rad-core-33/nodes/04131.json,0,1,u_stronger
rad-core-33,543,4151,rad-core-33/nodes/00543.json,rad-core-33/nodes/04151.json,0,1,u_stronger
rad-core-33,543,5741,rad-core-33/nodes/00543.json,rad-core-33/nodes/05741.json,0,1,u_stronger
rad-core-33,548,3152,rad-core-33/nodes/00548.json,rad-core-33/nodes/03152.json,0,1,u_stronger
rad-core-33,549,3152,rad-core-33/nodes/00549.json,rad-core-33/nodes/03152.json,0,1,u_stronger
rad-core-33,551,3152,rad-core-33/nodes/00551.json,rad-core-33/nodes/03152.json,0,1,u_stronger
rad-core-33,555,3152,rad-core-33/nodes/00555.json,rad-core-33/nodes/03152.json,0,1,u_stronger
rad-core-33,556,3152,rad-core-33/nodes/00556.json,rad-core-33/nodes/03152.json,0,1,u_stronger
rad-core-33,562,3152,rad-core-33/nodes/00562.json,rad-core-33/nodes/03152.json,0,1,u_stronger
rad-core-33,575,3152,rad-core-33/nodes/00575.json,rad-core-33/nodes/03152.json,0,1,u_stronger
rad-core-33,576,5553,rad-core-33/nodes/00576.json,rad-core-33/nodes/05553.json,0,1,u_stronger
rad-core-33,578,3152,rad-core-33/nodes/00578.json,rad-core-33/nodes/03152.json,0,1,u_stronger
rad-core-33,580,3152,rad-core-33/nodes/00580.json,rad-core-33/nodes/03152.json,0,1,u_stronger
rad-core-33,582,3152,rad-core-33/nodes/00582.json,rad-core-33/nodes/03152.json,0,1,u_stronger
rad-core-33,592,3152,rad-core-33/nodes/00592.json,rad-core-33/nodes/03152.json,0,1,u_stronger
rad-core-33,593,3152,rad-core-33/nodes/00593.json,rad-core-33/nodes/03152.json,0,1,u_stronger
rad-core-33,609,3152,rad-core-33/nodes/00609.json,rad-core-33/nodes/03152.json,0,1,u_stronger
rad-core-33,616,3607,rad-core-33/nodes/00616.json,rad-core-33/nodes/03607.json,0,1,u_stronger
rad-core-33,616,3937,rad-core-33/nodes/00616.json,rad-core-33/nodes/03937.json,0,1,u_stronger
rad-core-33,616,5482,rad-core-33/nodes/00616.json,rad-core-33/nodes/05482.json,0,1,u_stronger
rad-core-33,620,3152,rad-core-33/nodes/00620.json,rad-core-33/nodes/03152.json,0,1,u_stronger
rad-core-33,622,3152,rad-core-33/nodes/00622.json,rad-core-33/nodes/03152.json,0,1,u_stronger
rad-core-33,622,3607,rad-core-33/nodes/00622.json,rad-core-33/nodes/03607.json,0,1,u_stronger
rad-core-33,622,5001,rad-core-33/nodes/00622.json,rad-core-33/nodes/05001.json,0,1,u_stronger
rad-core-33,622,5482,rad-core-33/nodes/00622.json,rad-core-33/nodes/05482.json,0,1,u_stronger
rad-core-33,629,3152,rad-core-33/nodes/00629.json,rad-core-33/nodes/03152.json,0,1,u_stronger
rad-core-33,629,3607,rad-core-33/nodes/00629.json,rad-core-33/nodes/03607.json,0,1,u_stronger
rad-core-33,629,5001,rad-core-33/nodes/00629.json,rad-core-33/nodes/05001.json,0,1,u_stronger
rad-core-33,629,5482,rad-core-33/nodes/00629.json,rad-core-33/nodes/05482.json,0,1,u_stronger
rad-core-33,634,3152,rad-core-33/nodes/00634.json,rad-core-33/nodes/03152.json,0,1,u_stronger
rad-core-33,634,3607,rad-core-33/nodes/00634.json,rad-core-33/nodes/03607.json,0,1,u_stronger
rad-core-33,634,5001,rad-core-33/nodes/00634.json,rad-core-33/nodes/05001.json,0,1,u_stronger
rad-core-33,634,5482,rad-core-33/nodes/00634.json,rad-core-33/nodes/05482.json,0,1,u_stronger
rad-core-33,643,3152,rad-core-33/nodes/00643.json,rad-core-33/nodes/03152.json,0,1,u_stronger
rad-core-33,649,3607,rad-core-33/nodes/00649.json,rad-core-33/nodes/03607.json,0,1,u_stronger
rad-core-33,649,3937,rad-core-33/nodes/00649.json,rad-core-33/nodes/03937.json,0,1,u_stronger
rad-core-33,649,5482,rad-core-33/nodes/00649.json,rad-core-33/nodes/05482.json,0,1,u_stronger
rad-core-33,653,3152,rad-core-33/nodes/00653.json,rad-core-33/nodes/03152.json,0,1,u_stronger
rad-core-33,654,654,rad-core-33/nodes/00654.json,rad-core-33/nodes/00654.json,1,1,equivalent
rad-core-33,658,3152,rad-core-33/nodes/00658.json,rad-core-33/nodes/03152.json,0,1,u_stronger
rad-core-33,659,3152,rad-core-33/nodes/00659.json,rad-core-33/nodes/03152.json,0,1,u_stronger
rad-core-33,663,3152,rad-core-33/nodes/00663.json,rad-core-33/nodes/03152.json,0,1,u_stronger
rad-core-33,663,3607,rad-core-33/nodes/00663.json,rad-core-33/nodes/03607.json,0,1,u_stronger
rad-core-33,663,5001,rad-core-33/nodes/00663.json,rad-core-33/nodes/05001.json,0,1,u_stronger
rad-core-33,663,5482,rad-core-33/nodes/00663.json,rad-core-33/nodes/05482.json,0,1,u_stronger
rad-core-33,670,3152,rad-core-33/nodes/00670.json,rad-core-33/nodes/03152.json,0,1,u_stronger
rad-core-33,673,3607,rad-core-33/nodes/00673.json,rad-core-33/nodes/03607.json,0,1,u_stronger
rad-core-33,673,3937,rad-core-33/nodes/00673.json,rad-core-33/nodes/03937.json,0,1,u_stronger
rad-core-33,673,5482,rad-core-33/nodes/00673.json,rad-core-33/nodes/05482.json,0,1,u_stronger
rad-core-33,676,3152,rad-core-33/nodes/00676.json,rad-core-33/nodes/03152.json,0,1,u_stronger
rad-core-33,681,3152,rad-core-33/nodes/00681.json,rad-core-33/nodes/03152.json,0,1,u_stronger
rad-core-33,682,682,rad-core-33/nodes/00682.json,rad-core-33/nodes/00682.json,1,1,equivalent
rad-core-33,683,3152,rad-core-33/nodes/00683.json,rad-core-33/nodes/03152.json,0,1,u_stronger
rad-core-33,683,3607,rad-core-33/nodes/00683.json,rad-core-33/nodes/03607.json,0,1,u_stronger
rad-core-33,683,5001,rad-core-33/nodes/00683.json,rad-core-33/nodes/05001.json,0,1,u_stronger
rad-core-33,683,5482,rad-core-33/nodes/00683.json,rad-core-33/nodes/05482.json,0,1,u_stronger
rad-core-33,684,3152,rad-core-33/nodes/00684.json,rad-core-33/nodes/03152.json,0,1,u_stronger
rad-core-33,684,4452,rad-core-33/nodes/00684.json,rad-core-33/nodes/04452.json,0,1,u_stronger
rad-core-33,688,3152,rad-core-33/nodes/00688.json,rad-core-33/nodes/03152.json,0,1,u_stronger
rad-core-33,689,3152,rad-core-33/nodes/00689.json,rad-core-33/nodes/03152.json,0,1,u_stronger
rad-core-33,689,4066,rad-core-33/nodes/00689.json,rad-core-33/nodes/04066.json,0,1,u_stronger
rad-core-33,690,3152,rad-core-33/nodes/00690.json,rad-core-33/nodes/03152.json,0,1,u_stronger
rad-core-33,694,3152,rad-core-33/nodes/00694.json,rad-core-33/nodes/03152.json,0,1,u_stronger
rad-core-33,694,3607,rad-core-33/nodes/00694.json,rad-core-33/nodes/03607.json,0,1,u_stronger
rad-core-33,694,3801,rad-core-33/nodes/00694.json,rad-core-33/nodes/03801.json,0,1,u_stronger
rad-core-33,694,4175,rad-core-33/nodes/00694.json,rad-core-33/nodes/04175.json,0,1,u_stronger
rad-core-33,694,4193,rad-core-33/nodes/00694.json,rad-core-33/nodes/04193.json,0,1,u_stronger
rad-core-33,694,4484,rad-core-33/nodes/00694.json,rad-core-33/nodes/04484.json,0,1,u_stronger
rad-core-33,694,5001,rad-core-33/nodes/00694.json,rad-core-33/nodes/05001.json,0,1,u_stronger
rad-core-33,694,5482,rad-core-33/nodes/00694.json,rad-core-33/nodes/05482.json,0,1,u_stronger
rad-core-33,694,5578,rad-core-33/nodes/00694.json,rad-core-33/nodes/05578.json,0,1,u_stronger
rad-core-33,695,3152,rad-core-33/nodes/00695.json,rad-core-33/nodes/03152.json,0,1,u_stronger
rad-core-33,696,3152,rad-core-33/nodes/00696.json,rad-core-33/nodes/03152.json,0,1,u_stronger
rad-core-33,697,3152,rad-core-33/nodes/00697.json,rad-core-33/nodes/03152.json,0,1,u_stronger
rad-core-33,699,3152,rad-core-33/nodes/00699.json,rad-core-33/nodes/03152.json,0,1,u_stronger
rad-core-33,700,3152,rad-core-33/nodes/00700.json,rad-core-33/nodes/03152.json,0,1,u_stronger
rad-core-33,701,3152,rad-core-33/nodes/00701.json,rad-core-33/nodes/03152.json,0,1,u_stronger
rad-core-33,702,3152,rad-core-33/nodes/00702.json,rad-core-33/nodes/03152.json,0,1,u_stronger
rad-core-33,703,3152,rad-core-33/nodes/00703.json,rad-core-33/nodes/03152.json,0,1,u_stronger
rad-core-33,703,3607,rad-core-33/nodes/00703.json,rad-core-33/nodes/03607.json,0,1,u_stronger
rad-core-33,703,5001,rad-core-33/nodes/00703.json,rad-core-33/nodes/05001.json,0,1,u_stronger
rad-core-33,703,5482,rad-core-33/nodes/00703.json,rad-core-33/nodes/05482.json,0,1,u_stronger
rad-core-33,704,3152,rad-core-33/nodes/00704.json,rad-core-33/nodes/03152.json,0,1,u_stronger
rad-core-33,705,3607,rad-core-33/nodes/00705.json,rad-core-33/nodes/03607.json,0,1,u_stronger
rad-core-33,705,5482,rad-core-33/nodes/00705.json,rad-core-33/nodes/05482.json,0,1,u_stronger
rad-core-33,707,3152,rad-core-33/nodes/00707.json,rad-core-33/nodes/03152.json,0,1,u_stronger
rad-core-33,709,3152,rad-core-33/nodes/00709.json,rad-core-33/nodes/03152.json,0,1,u_stronger
rad-core-33,710,3152,rad-core-33/nodes/00710.json,rad-core-33/nodes/03152.json,0,1,u_stronger
rad-core-33,712,3152,rad-core-33/nodes/00712.json,rad-core-33/nodes/03152.json,0,1,u_stronger
rad-core-33,713,3607,rad-core-33/nodes/00713.json,rad-core-33/nodes/03607.json,0,1,u_stronger
rad-core-33,713,3937,rad-core-33/nodes/00713.json,rad-core-33/nodes/03937.json,0,1,u_stronger
rad-core-33,713,4175,rad-core-33/nodes/00713.json,rad-core-33/nodes/04175.json,0,1,u_stronger
rad-core-33,713,4193,rad-core-33/nodes/00713.json,rad-core-33/nodes/04193.json,0,1,u_stronger
rad-core-33,713,5393,rad-core-33/nodes/00713.json,rad-core-33/nodes/05393.json,0,1,u_stronger
rad-core-33,713,5482,rad-core-33/nodes/00713.json,rad-core-33/nodes/05482.json,0,1,u_stronger
rad-core-33,719,3152,rad-core-33/nodes/00719.json,rad-core-33/nodes/03152.json,0,1,u_stronger
rad-core-33,722,3152,rad-core-33/nodes/00722.json,rad-core-33/nodes/03152.json,0,1,u_stronger
rad-core-33,725,3152,rad-core-33/nodes/00725.json,rad-core-33/nodes/03152.json,0,1,u_stronger
rad-core-33,727,3152,rad-core-33/nodes/00727.json,rad-core-33/nodes/03152.json,0,1,u_stronger
rad-core-33,727,3607,rad-core-33/nodes/00727.json,rad-core-33/nodes/03607.json,0,1,u_stronger
rad-core-33,727,5001,rad-core-33/nodes/00727.json,rad-core-33/nodes/05001.json,0,1,u_stronger
rad-core-33,727,5404,rad-core-33/nodes/00727.json,rad-core-33/nodes/05404.json,0,1,u_stronger
rad-core-33,727,5428,rad-core-33/nodes/00727.json,rad-core-33/nodes/05428.json,0,1,u_stronger
rad-core-33,727,5482,rad-core-33/nodes/00727.json,rad-core-33/nodes/05482.json,0,1,u_stronger
rad-core-33,730,3535,rad-core-33/nodes/00730.json,rad-core-33/nodes/03535.json,1,1,equivalent
rad-core-33,731,3152,rad-core-33/nodes/00731.json,rad-core-33/nodes/03152.json,0,1,u_stronger
rad-core-33,731,3607,rad-core-33/nodes/00731.json,rad-core-33/nodes/03607.json,0,1,u_stronger
rad-core-33,731,5001,rad-core-33/nodes/00731.json,rad-core-33/nodes/05001.json,0,1,u_stronger
rad-core-33,731,5482,rad-core-33/nodes/00731.json,rad-core-33/nodes/05482.json,0,1,u_stronger
rad-core-33,733,733,rad-core-33/nodes/00733.json,rad-core-33/nodes/00733.json,1,1,equivalent
rad-core-33,736,3607,rad-core-33/nodes/00736.json,rad-core-33/nodes/03607.json,0,1,u_stronger
rad-core-33,736,4496,rad-core-33/nodes/00736.json,rad-core-33/nodes/04496.json,0,1,u_stronger
rad-core-33,736,5482,rad-core-33/nodes/00736.json,rad-core-33/nodes/05482.json,0,1,u_stronger
rad-core-33,739,739,rad-core-33/nodes/00739.json,rad-core-33/nodes/00739.json,1,1,equivalent
rad-core-33,741,3937,rad-core-33/nodes/00741.json,rad-core-33/nodes/03937.json,0,1,u_stronger
rad-core-33,742,3152,rad-core-33/nodes/00742.json,rad-core-33/nodes/03152.json,0,1,u_stronger
rad-core-33,746,3152,rad-core-33/nodes/00746.json,rad-core-33/nodes/03152.json,0,1,u_stronger
rad-core-33,750,3226,rad-core-33/nodes/00750.json,rad-core-33/nodes/03226.json,0,1,u_stronger
rad-core-33,753,3152,rad-core-33/nodes/00753.json,rad-core-33/nodes/03152.json,0,1,u_stronger
rad-core-33,755,3152,rad-core-33/nodes/00755.json,rad-core-33/nodes/03152.json,0,1,u_stronger
rad-core-33,758,3152,rad-core-33/nodes/00758.json,rad-core-33/nodes/03152.json,0,1,u_stronger
rad-core-33,760,3152,rad-core-33/nodes/00760.json,rad-core-33/nodes/03152.json,0,1,u_stronger
rad-core-33,771,3152,rad-core-33/nodes/00771.json,rad-core-33/nodes/03152.json,0,1,u_stronger
rad-core-33,772,3152,rad-core-33/nodes/00772.json,rad-core-33/nodes/03152.json,0,1,u_stronger
rad-core-33,780,3152,rad-core-33/nodes/00780.json,rad-core-33/nodes/03152.json,0,1,u_stronger
rad-core-33,781,3148,rad-core-33/nodes/00781.json,rad-core-33/nodes/03148.json,0,1,u_stronger
rad-core-33,781,3176,rad-core-33/nodes/00781.json,rad-core-33/nodes/03176.json,0,1,u_stronger
rad-core-33,782,3152,rad-core-33/nodes/00782.json,rad-core-33/nodes/03152.json,0,1,u_stronger
rad-core-33,782,3607,rad-core-33/nodes/00782.json,rad-core-33/nodes/03607.json,0,1,u_stronger
rad-core-33,782,5001,rad-core-33/nodes/00782.json,rad-core-33/nodes/05001.json,0,1,u_stronger
rad-core-33,782,5482,rad-core-33/nodes/00782.json,rad-core-33/nodes/05482.json,0,1,u_stronger
rad-core-33,786,3152,rad-core-33/nodes/00786.json,rad-core-33/nodes/03152.json,0,1,u_stronger
rad-core-33,788,3152,rad-core-33/nodes/00788.json,rad-core-33/nodes/03152.json,0,1,u_stronger
rad-core-33,788,3607,rad-core-33/nodes/00788.json,rad-core-33/nodes/03607.json,0,1,u_stronger
rad-core-33,788,5001,rad-core-33/nodes/00788.json,rad-core-33/nodes/05001.json,0,1,u_stronger
rad-core-33,788,5482,rad-core-33/nodes/00788.json,rad-core-33/nodes/05482.json,0,1,u_stronger
rad-core-33,797,3152,rad-core-33/nodes/00797.json,rad-core-33/nodes/03152.json,0,1,u_stronger
rad-core-33,798,3152,rad-core-33/nodes/00798.json,rad-core-33/nodes/03152.json,0,1,u_stronger
rad-core-33,802,3152,rad-core-33/nodes/00802.json,rad-core-33/nodes/03152.json,0,1,u_stronger
rad-core-33,807,3152,rad-core-33/nodes/00807.json,rad-core-33/nodes/03152.json,0,1,u_stronger
rad-core-33,812,3152,rad-core-33/nodes/00812.json,rad-core-33/nodes/03152.json,0,1,u_stronger
rad-core-33,814,3152,rad-core-33/nodes/00814.json,rad-core-33/nodes/03152.json,0,1,u_stronger
rad-core-33,814,3607,rad-core-33/nodes/00814.json,rad-core-33/nodes/03607.json,0,1,u_stronger
rad-core-33,814,5001,rad-core-33/nodes/00814.json,rad-core-33/nodes/05001.json,0,1,u_stronger
rad-core-33,814,5482,rad-core-33/nodes/00814.json,rad-core-33/nodes/05482.json,0,1,u_stronger
rad-core-33,817,3152,rad-core-33/nodes/00817.json,rad-core-33/nodes/03152.json,0,1,u_stronger
rad-core-33,817,3607,rad-core-33/nodes/00817.json,rad-core-33/nodes/03607.json,0,1,u_stronger
rad-core-33,817,3801,rad-core-33/nodes/00817.json,rad-core-33/nodes/03801.json,0,1,u_stronger
rad-core-33,817,4112,rad-core-33/nodes/00817.json,rad-core-33/nodes/04112.json,0,1,u_stronger
rad-core-33,817,4121,rad-core-33/nodes/00817.json,rad-core-33/nodes/04121.json,0,1,u_stronger
rad-core-33,817,4175,rad-core-33/nodes/00817.json,rad-core-33/nodes/04175.json,0,1,u_stronger
rad-core-33,817,4193,rad-core-33/nodes/00817.json,rad-core-33/nodes/04193.json,0,1,u_stronger
rad-core-33,817,4484,rad-core-33/nodes/00817.json,rad-core-33/nodes/04484.json,0,1,u_stronger
rad-core-33,817,5001,rad-core-33/nodes/00817.json,rad-core-33/nodes/05001.json,0,1,u_stronger
rad-core-33,817,5482,rad-core-33/nodes/00817.json,rad-core-33/nodes/05482.json,0,1,u_stronger
rad-core-33,817,5578,rad-core-33/nodes/00817.json,rad-core-33/nodes/05578.json,0,1,u_stronger
rad-core-33,822,3152,rad-core-33/nodes/00822.json,rad-core-33/nodes/03152.json,0,1,u_stronger
rad-core-33,822,3607,rad-core-33/nodes/00822.json,rad-core-33/nodes/03607.json,0,1,u_stronger
rad-core-33,822,5001,rad-core-33/nodes/00822.json,rad-core-33/nodes/05001.json,0,1,u_stronger
rad-core-33,822,5482,rad-core-33/nodes/00822.json,rad-core-33/nodes/05482.json,0,1,u_stronger
rad-core-33,825,3152,rad-core-33/nodes/00825.json,rad-core-33/nodes/03152.json,0,1,u_stronger
rad-core-33,825,3607,rad-core-33/nodes/00825.json,rad-core-33/nodes/03607.json,0,1,u_stronger
rad-core-33,825,5001,rad-core-33/nodes/00825.json,rad-core-33/nodes/05001.json,0,1,u_stronger
rad-core-33,825,5482,rad-core-33/nodes/00825.json,rad-core-33/nodes/05482.json,0,1,u_stronger
rad-core-33,827,3152,rad-core-33/nodes/00827.json,rad-core-33/nodes/03152.json,0,1,u_stronger
rad-core-33,827,3607,rad-core-33/nodes/00827.json,rad-core-33/nodes/03607.json,0,1,u_stronger
rad-core-33,827,5001,rad-core-33/nodes/00827.json,rad-core-33/nodes/05001.json,0,1,u_stronger
rad-core-33,827,5482,rad-core-33/nodes/00827.json,rad-core-33/nodes/05482.json,0,1,u_stronger
rad-core-33,828,3152,rad-core-33/nodes/00828.json,rad-core-33/nodes/03152.json,0,1,u_stronger
rad-core-33,828,3607,rad-core-33/nodes/00828.json,rad-core-33/nodes/03607.json,0,1,u_stronger
rad-core-33,828,5001,rad-core-33/nodes/00828.json,rad-core-33/nodes/05001.json,0,1,u_stronger
rad-core-33,828,5482,rad-core-33/nodes/00828.json,rad-core-33/nodes/05482.json,0,1,u_stronger
rad-core-33,829,3152,rad-core-33/nodes/00829.json,rad-core-33/nodes/03152.json,0,1,u_stronger
rad-core-33,830,3152,rad-core-33/nodes/00830.json,rad-core-33/nodes/03152.json,0,1,u_stronger
rad-core-33,832,3152,rad-core-33/nodes/00832.json,rad-core-33/nodes/03152.json,0,1,u_stronger
rad-core-33,833,3152,rad-core-33/nodes/00833.json,rad-core-33/nodes/03152.json,0,1,u_stronger
rad-core-33,834,3152,rad-core-33/nodes/00834.json,rad-core-33/nodes/03152.json,0,1,u_stronger
rad-core-33,835,3607,rad-core-33/nodes/00835.json,rad-core-33/nodes/03607.json,0,1,u_stronger
rad-core-33,835,4175,rad-core-33/nodes/00835.json,rad-core-33/nodes/04175.json,0,1,u_stronger
rad-core-33,835,4193,rad-core-33/nodes/00835.json,rad-core-33/nodes/04193.json,0,1,u_stronger
rad-core-33,835,5482,rad-core-33/nodes/00835.json,rad-core-33/nodes/05482.json,0,1,u_stronger
rad-core-33,837,3152,rad-core-33/nodes/00837.json,rad-core-33/nodes/03152.json,0,1,u_stronger
rad-core-33,838,3152,rad-core-33/nodes/00838.json,rad-core-33/nodes/03152.json,0,1,u_stronger
rad-core-33,838,3607,rad-core-33/nodes/00838.json,rad-core-33/nodes/03607.json,0,1,u_stronger
rad-core-33,838,3847,rad-core-33/nodes/00838.json,rad-core-33/nodes/03847.json,0,1,u_stronger
rad-core-33,838,4019,rad-core-33/nodes/00838.json,rad-core-33/nodes/04019.json,0,1,u_stronger
rad-core-33,838,5001,rad-core-33/nodes/00838.json,rad-core-33/nodes/05001.json,0,1,u_stronger
rad-core-33,838,5153,rad-core-33/nodes/00838.json,rad-core-33/nodes/05153.json,0,1,u_stronger
rad-core-33,838,5482,rad-core-33/nodes/00838.json,rad-core-33/nodes/05482.json,0,1,u_stronger
rad-core-33,840,3152,rad-core-33/nodes/00840.json,rad-core-33/nodes/03152.json,0,1,u_stronger
rad-core-33,840,5482,rad-core-33/nodes/00840.json,rad-core-33/nodes/05482.json,0,1,u_stronger
rad-core-33,843,3152,rad-core-33/nodes/00843.json,rad-core-33/nodes/03152.json,0,1,u_stronger
rad-core-33,846,3152,rad-core-33/nodes/00846.json,rad-core-33/nodes/03152.json,0,1,u_stronger
rad-core-33,848,3152,rad-core-33/nodes/00848.json,rad-core-33/nodes/03152.json,0,1,u_stronger
rad-core-33,849,3152,rad-core-33/nodes/00849.json,rad-core-33/nodes/03152.json,0,1,u_stronger
rad-core-33,851,3152,rad-core-33/nodes/00851.json,rad-core-33/nodes/03152.json,0,1,u_stronger
rad-core-33,852,3152,rad-core-33/nodes/00852.json,rad-core-33/nodes/03152.json,0,1,u_stronger
rad-core-33,855,3152,rad-core-33/nodes/00855.json,rad-core-33/nodes/03152.json,0,1,u_stronger
rad-core-33,856,3607,rad-core-33/nodes/00856.json,rad-core-33/nodes/03607.json,0,1,u_stronger
rad-core-33,856,5482,rad-core-33/nodes/00856.json,rad-core-33/nodes/05482.json,0,1,u_stronger
rad-core-33,860,3152,rad-core-33/nodes/00860.json,rad-core-33/nodes/03152.json,0,1,u_stronger
rad-core-33,867,3152,rad-core-33/nodes/00867.json,rad-core-33/nodes/03152.json,0,1,u_stronger
rad-core-33,868,3152,rad-core-33/nodes/00868.json,rad-core-33/nodes/03152.json,0,1,u_stronger
rad-core-33,868,3607,rad-core-33/nodes/00868.json,rad-core-33/nodes/03607.json,0,1,u_stronger
rad-core-33,868,5001,rad-core-33/nodes/00868.json,rad-core-33/nodes/05001.json,0,1,u_stronger
rad-core-33,868,5482,rad-core-33/nodes/00868.json,rad-core-33/nodes/05482.json,0,1,u_stronger
rad-core-33,871,3152,rad-core-33/nodes/00871.json,rad-core-33/nodes/03152.json,0,1,u_stronger
rad-core-33,871,3607,rad-core-33/nodes/00871.json,rad-core-33/nodes/03607.json,0,1,u_stronger
rad-core-33,871,5001,rad-core-33/nodes/00871.json,rad-core-33/nodes/05001.json,0,1,u_stronger
rad-core-33,871,5482,rad-core-33/nodes/00871.json,rad-core-33/nodes/05482.json,0,1,u_stronger
rad-core-33,877,3152,rad-core-33/nodes/00877.json,rad-core-33/nodes/03152.json,0,1,u_stronger
rad-core-33,879,3607,rad-core-33/nodes/00879.json,rad-core-33/nodes/03607.json,0,1,u_stronger
rad-core-33,879,4496,rad-core-33/nodes/00879.json,rad-core-33/nodes/04496.json,0,1,u_stronger
rad-core-33,879,5482,rad-core-33/nodes/00879.json,rad-core-33/nodes/05482.json,0,1,u_stronger
rad-core-33,882,3152,rad-core-33/nodes/00882.json,rad-core-33/nodes/03152.json,0,1,u_stronger
rad-core-33,885,3148,rad-core-33/nodes/00885.json,rad-core-33/nodes/03148.json,0,1,u_stronger
rad-core-33,887,3152,rad-core-33/nodes/00887.json,rad-core-33/nodes/03152.json,0,1,u_stronger
rad-core-33,887,3607,rad-core-33/nodes/00887.json,rad-core-33/nodes/03607.json,0,1,u_stronger
rad-core-33,887,5001,rad-core-33/nodes/00887.json,rad-core-33/nodes/05001.json,0,1,u_stronger
rad-core-33,887,5482,rad-core-33/nodes/00887.json,rad-core-33/nodes/05482.json,0,1,u_stronger
rad-core-33,890,3152,rad-core-33/nodes/00890.json,rad-core-33/nodes/03152.json,0,1,u_stronger
rad-core-33,899,3152,rad-core-33/nodes/00899.json,rad-core-33/nodes/03152.json,0,1,u_stronger
rad-core-33,899,3607,rad-core-33/nodes/00899.json,rad-core-33/nodes/03607.json,0,1,u_stronger
rad-core-33,899,5001,rad-core-33/nodes/00899.json,rad-core-33/nodes/05001.json,0,1,u_stronger
rad-core-33,899,5482,rad-core-33/nodes/00899.json,rad-core-33/nodes/05482.json,0,1,u_stronger
rad-core-33,900,3152,rad-core-33/nodes/00900.json,rad-core-33/nodes/03152.json,0,1,u_stronger
rad-core-33,902,5393,rad-core-33/nodes/00902.json,rad-core-33/nodes/05393.json,0,1,u_stronger
rad-core-33,910,4061,rad-core-33/nodes/00910.json,rad-core-33/nodes/04061.json,0,1,u_stronger
rad-core-33,910,4499,rad-core-33/nodes/00910.json,rad-core-33/nodes/04499.json,0,1,u_stronger
rad-core-33,911,3152,rad-core-33/nodes/00911.json,rad-core-33/nodes/03152.json,0,1,u_stronger
rad-core-33,911,3607,rad-core-33/nodes/00911.json,rad-core-33/nodes/03607.json,0,1,u_stronger
rad-core-33,911,5001,rad-core-33/nodes/00911.json,rad-core-33/nodes/05001.json,0,1,u_stronger
rad-core-33,911,5482,rad-core-33/nodes/00911.json,rad-core-33/nodes/05482.json,0,1,u_stronger
rad-core-33,915,3152,rad-core-33/nodes/00915.json,rad-core-33/nodes/03152.json,0,1,u_stronger
rad-core-33,915,3607,rad-core-33/nodes/00915.json,rad-core-33/nodes/03607.json,0,1,u_stronger
rad-core-33,915,5001,rad-core-33/nodes/00915.json,rad-core-33/nodes/05001.json,0,1,u_stronger
rad-core-33,915,5482,rad-core-33/nodes/00915.json,rad-core-33/nodes/05482.json,0,1,u_stronger
rad-core-33,917,3152,rad-core-33/nodes/00917.json,rad-core-33/nodes/03152.json,0,1,u_stronger
rad-core-33,917,3607,rad-core-33/nodes/00917.json,rad-core-33/nodes/03607.json,0,1,u_stronger
rad-core-33,917,5001,rad-core-33/nodes/00917.json,rad-core-33/nodes/05001.json,0,1,u_stronger
rad-core-33,917,5482,rad-core-33/nodes/00917.json,rad-core-33/nodes/05482.json,0,1,u_stronger
rad-core-33,918,3499,rad-core-33/nodes/00918.json,rad-core-33/nodes/03499.json,0,1,u_stronger
rad-core-33,918,4069,rad-core-33/nodes/00918.json,rad-core-33/nodes/04069.json,0,1,u_stronger
rad-core-33,920,3607,rad-core-33/nodes/00920.json,rad-core-33/nodes/03607.json,0,1,u_stronger
rad-core-33,920,5482,rad-core-33/nodes/00920.json,rad-core-33/nodes/05482.json,0,1,u_stronger
rad-core-33,922,3607,rad-core-33/nodes/00922.json,rad-core-33/nodes/03607.json,0,1,u_stronger
rad-core-33,922,5482,rad-core-33/nodes/00922.json,rad-core-33/nodes/05482.json,0,1,u_stronger
rad-core-33,925,3148,rad-core-33/nodes/00925.json,rad-core-33/nodes/03148.json,0,1,u_stronger
rad-core-33,929,3607,rad-core-33/nodes/00929.json,rad-core-33/nodes/03607.json,0,1,u_stronger
rad-core-33,929,5482,rad-core-33/nodes/00929.json,rad-core-33/nodes/05482.json,0,1,u_stronger
rad-core-33,930,3152,rad-core-33/nodes/00930.json,rad-core-33/nodes/03152.json,0,1,u_stronger
rad-core-33,930,3607,rad-core-33/nodes/00930.json,rad-core-33/nodes/03607.json,0,1,u_stronger
rad-core-33,930,5001,rad-core-33/nodes/00930.json,rad-core-33/nodes/05001.json,0,1,u_stronger
rad-core-33,930,5482,rad-core-33/nodes/00930.json,rad-core-33/nodes/05482.json,0,1,u_stronger
rad-core-33,932,3152,rad-core-33/nodes/00932.json,rad-core-33/nodes/03152.json,0,1,u_stronger
rad-core-33,932,3607,rad-core-33/nodes/00932.json,rad-core-33/nodes/03607.json,0,1,u_stronger
rad-core-33,932,5001,rad-core-33/nodes/00932.json,rad-core-33/nodes/05001.json,0,1,u_stronger
rad-core-33,932,5482,rad-core-33/nodes/00932.json,rad-core-33/nodes/05482.json,0,1,u_stronger
rad-core-33,935,3677,rad-core-33/nodes/00935.json,rad-core-33/nodes/03677.json,0,1,u_stronger
rad-core-33,935,3789,rad-core-33/nodes/00935.json,rad-core-33/nodes/03789.json,0,1,u_stronger
rad-core-33,937,3152,rad-core-33/nodes/00937.json,rad-core-33/nodes/03152.json,0,1,u_stronger
rad-core-33,938,3801,rad-core-33/nodes/00938.json,rad-core-33/nodes/03801.json,0,1,u_stronger
rad-core-33,944,3152,rad-core-33/nodes/00944.json,rad-core-33/nodes/03152.json,0,1,u_stronger
rad-core-33,944,3829,rad-core-33/nodes/00944.json,rad-core-33/nodes/03829.json,0,1,u_stronger
rad-core-33,944,4194,rad-core-33/nodes/00944.json,rad-core-33/nodes/04194.json,0,1,u_stronger
rad-core-33,944,4486,rad-core-33/nodes/00944.json,rad-core-33/nodes/04486.json,0,1,u_stronger
rad-core-33,955,3152,rad-core-33/nodes/00955.json,rad-core-33/nodes/03152.json,0,1,u_stronger
rad-core-33,955,3607,rad-core-33/nodes/00955.json,rad-core-33/nodes/03607.json,0,1,u_stronger
rad-core-33,955,5001,rad-core-33/nodes/00955.json,rad-core-33/nodes/05001.json,0,1,u_stronger
rad-core-33,955,5482,rad-core-33/nodes/00955.json,rad-core-33/nodes/05482.json,0,1,u_stronger
rad-core-33,958,3152,rad-core-33/nodes/00958.json,rad-core-33/nodes/03152.json,0,1,u_stronger
rad-core-33,959,3152,rad-core-33/nodes/00959.json,rad-core-33/nodes/03152.json,0,1,u_stronger
rad-core-33,969,3152,rad-core-33/nodes/00969.json,rad-core-33/nodes/03152.json,0,1,u_stronger
rad-core-33,973,4597,rad-core-33/nodes/00973.json,rad-core-33/nodes/04597.json,0,1,u_stronger
rad-core-33,974,3152,rad-core-33/nodes/00974.json,rad-core-33/nodes/03152.json,0,1,u_stronger
rad-core-33,986,4597,rad-core-33/nodes/00986.json,rad-core-33/nodes/04597.json,0,1,u_stronger
rad-core-33,988,3152,rad-core-33/nodes/00988.json,rad-core-33/nodes/03152.json,0,1,u_stronger
rad-core-33,989,4591,rad-core-33/nodes/00989.json,rad-core-33/nodes/04591.json,0,1,u_stronger
rad-core-33,990,3607,rad-core-33/nodes/00990.json,rad-core-33/nodes/03607.json,0,1,u_stronger
rad-core-33,990,5482,rad-core-33/nodes/00990.json,rad-core-33/nodes/05482.json,0,1,u_stronger
rad-core-33,994,3152,rad-core-33/nodes/00994.json,rad-core-33/nodes/03152.json,0,1,u_stronger
rad-core-33,999,3152,rad-core-33/nodes/00999.json,rad-core-33/nodes/03152.json,0,1,u_stronger
rad-core-33,1001,3152,rad-core-33/nodes/01001.json,rad-core-33/nodes/03152.json,0,1,u_stronger
rad-core-33,1001,3607,rad-core-33/nodes/01001.json,rad-core-33/nodes/03607.json,0,1,u_stronger
rad-core-33,1001,3847,rad-core-33/nodes/01001.json,rad-core-33/nodes/03847.json,0,1,u_stronger
rad-core-33,1001,4019,rad-core-33/nodes/01001.json,rad-core-33/nodes/04019.json,0,1,u_stronger
rad-core-33,1001,5001,rad-core-33/nodes/01001.json,rad-core-33/nodes/05001.json,0,1,u_stronger
rad-core-33,1001,5153,rad-core-33/nodes/01001.json,rad-core-33/nodes/05153.json,0,1,u_stronger
rad-core-33,1001,5482,rad-core-33/nodes/01001.json,rad-core-33/nodes/05482.json,0,1,u_stronger
rad-core-33,1002,3152,rad-core-33/nodes/01002.json,rad-core-33/nodes/03152.json,0,1,u_stronger
rad-core-33,1002,3607,rad-core-33/nodes/01002.json,rad-core-33/nodes/03607.json,0,1,u_stronger
rad-core-33,1002,3847,rad-core-33/nodes/01002.json,rad-core-33/nodes/03847.json,0,1,u_stronger
rad-core-33,1002,4019,rad-core-33/nodes/01002.json,rad-core-33/nodes/04019.json,0,1,u_stronger
rad-core-33,1002,5001,rad-core-33/nodes/01002.json,rad-core-33/nodes/05001.json,0,1,u_stronger
rad-core-33,1002,5153,rad-core-33/nodes/01002.json,rad-core-33/nodes/05153.json,0,1,u_stronger
rad-core-33,1002,5482,rad-core-33/nodes/01002.json,rad-core-33/nodes/05482.json,0,1,u_stronger
rad-core-33,1004,3152,rad-core-33/nodes/01004.json,rad-core-33/nodes/03152.json,0,1,u_stronger
rad-core-33,1007,3607,rad-core-33/nodes/01007.json,rad-core-33/nodes/03607.json,0,1,u_stronger
rad-core-33,1007,5482,rad-core-33/nodes/01007.json,rad-core-33/nodes/05482.json,0,1,u_stronger
rad-core-33,1009,5798,rad-core-33/nodes/01009.json,rad-core-33/nodes/05798.json,0,1,u_stronger
rad-core-33,1009,5834,rad-core-33/nodes/01009.json,rad-core-33/nodes/05834.json,0,1,u_stronger
rad-core-33,1021,3607,rad-core-33/nodes/01021.json,rad-core-33/nodes/03607.json,0,1,u_stronger
rad-core-33,1021,5482,rad-core-33/nodes/01021.json,rad-core-33/nodes/05482.json,0,1,u_stronger
rad-core-33,1028,3152,rad-core-33/nodes/01028.json,rad-core-33/nodes/03152.json,0,1,u_stronger
rad-core-33,1029,3152,rad-core-33/nodes/01029.json,rad-core-33/nodes/03152.json,0,1,u_stronger
rad-core-33,1037,3152,rad-core-33/nodes/01037.json,rad-core-33/nodes/03152.json,0,1,u_stronger
rad-core-33,1043,3152,rad-core-33/nodes/01043.json,rad-core-33/nodes/03152.json,0,1,u_stronger
rad-core-33,1044,3152,rad-core-33/nodes/01044.json,rad-core-33/nodes/03152.json,0,1,u_stronger
rad-core-33,1048,3152,rad-core-33/nodes/01048.json,rad-core-33/nodes/03152.json,0,1,u_stronger
rad-core-33,1050,5511,rad-core-33/nodes/01050.json,rad-core-33/nodes/05511.json,0,1,u_stronger
rad-core-33,1057,3152,rad-core-33/nodes/01057.json,rad-core-33/nodes/03152.json,0,1,u_stronger
rad-core-33,1066,3607,rad-core-33/nodes/01066.json,rad-core-33/nodes/03607.json,0,1,u_stronger
rad-core-33,1066,5482,rad-core-33/nodes/01066.json,rad-core-33/nodes/05482.json,0,1,u_stronger
rad-core-33,1069,3607,rad-core-33/nodes/01069.json,rad-core-33/nodes/03607.json,0,1,u_stronger
rad-core-33,1069,4175,rad-core-33/nodes/01069.json,rad-core-33/nodes/04175.json,0,1,u_stronger
rad-core-33,1069,4193,rad-core-33/nodes/01069.json,rad-core-33/nodes/04193.json,0,1,u_stronger
rad-core-33,1069,5482,rad-core-33/nodes/01069.json,rad-core-33/nodes/05482.json,0,1,u_stronger
rad-core-33,1071,4513,rad-core-33/nodes/01071.json,rad-core-33/nodes/04513.json,0,1,u_stronger
rad-core-33,1079,3607,rad-core-33/nodes/01079.json,rad-core-33/nodes/03607.json,0,1,u_stronger
rad-core-33,1079,5482,rad-core-33/nodes/01079.json,rad-core-33/nodes/05482.json,0,1,u_stronger
rad-core-33,1080,4745,rad-core-33/nodes/01080.json,rad-core-33/nodes/04745.json,0,1,u_stronger
rad-core-33,1087,3152,rad-core-33/nodes/01087.json,rad-core-33/nodes/03152.json,0,1,u_stronger
rad-core-33,1105,3152,rad-core-33/nodes/01105.json,rad-core-33/nodes/03152.json,0,1,u_stronger
rad-core-33,1113,3152,rad-core-33/nodes/01113.json,rad-core-33/nodes/03152.json,0,1,u_stronger
rad-core-33,1113,3607,rad-core-33/nodes/01113.json,rad-core-33/nodes/03607.json,0,1,u_stronger
rad-core-33,1113,5001,rad-core-33/nodes/01113.json,rad-core-33/nodes/05001.json,0,1,u_stronger
rad-core-33,1113,5482,rad-core-33/nodes/01113.json,rad-core-33/nodes/05482.json,0,1,u_stronger
rad-core-33,1119,3152,rad-core-33/nodes/01119.json,rad-core-33/nodes/03152.json,0,1,u_stronger
rad-core-33,1119,3607,rad-core-33/nodes/01119.json,rad-core-33/nodes/03607.json,0,1,u_stronger
rad-core-33,1119,5001,rad-core-33/nodes/01119.json,rad-core-33/nodes/05001.json,0,1,u_stronger
rad-core-33,1119,5482,rad-core-33/nodes/01119.json,rad-core-33/nodes/05482.json,0,1,u_stronger
rad-core-33,1133,3152,rad-core-33/nodes/01133.json,rad-core-33/nodes/03152.json,0,1,u_stronger
rad-core-33,1133,3607,rad-core-33/nodes/01133.json,rad-core-33/nodes/03607.json,0,1,u_stronger
rad-core-33,1133,5001,rad-core-33/nodes/01133.json,rad-core-33/nodes/05001.json,0,1,u_stronger
rad-core-33,1133,5482,rad-core-33/nodes/01133.json,rad-core-33/nodes/05482.json,0,1,u_stronger
rad-core-33,1140,3152,rad-core-33/nodes/01140.json,rad-core-33/nodes/03152.json,0,1,u_stronger
rad-core-33,1141,3998,rad-core-33/nodes/01141.json,rad-core-33/nodes/03998.json,0,1,u_stronger
rad-core-33,1145,3152,rad-core-33/nodes/01145.json,rad-core-33/nodes/03152.json,0,1,u_stronger
rad-core-33,1148,3152,rad-core-33/nodes/01148.json,rad-core-33/nodes/03152.json,0,1,u_stronger
rad-core-33,1148,3607,rad-core-33/nodes/01148.json,rad-core-33/nodes/03607.json,0,1,u_stronger
rad-core-33,1148,3801,rad-core-33/nodes/01148.json,rad-core-33/nodes/03801.json,0,1,u_stronger
rad-core-33,1148,4172,rad-core-33/nodes/01148.json,rad-core-33/nodes/04172.json,0,1,u_stronger
rad-core-33,1148,4175,rad-core-33/nodes/01148.json,rad-core-33/nodes/04175.json,0,1,u_stronger
rad-core-33,1148,4193,rad-core-33/nodes/01148.json,rad-core-33/nodes/04193.json,0,1,u_stronger
rad-core-33,1148,4484,rad-core-33/nodes/01148.json,rad-core-33/nodes/04484.json,0,1,u_stronger
rad-core-33,1148,5001,rad-core-33/nodes/01148.json,rad-core-33/nodes/05001.json,0,1,u_stronger
rad-core-33,1148,5482,rad-core-33/nodes/01148.json,rad-core-33/nodes/05482.json,0,1,u_stronger
rad-core-33,1148,5578,rad-core-33/nodes/01148.json,rad-core-33/nodes/05578.json,0,1,u_stronger
rad-core-33,1151,5482,rad-core-33/nodes/01151.json,rad-core-33/nodes/05482.json,0,1,u_stronger
rad-core-33,1152,3607,rad-core-33/nodes/01152.json,rad-core-33/nodes/03607.json,0,1,u_stronger
rad-core-33,1152,5482,rad-core-33/nodes/01152.json,rad-core-33/nodes/05482.json,0,1,u_stronger
rad-core-33,1153,3937,rad-core-33/nodes/01153.json,rad-core-33/nodes/03937.json,0,1,u_stronger
rad-core-33,1154,3152,rad-core-33/nodes/01154.json,rad-core-33/nodes/03152.json,0,1,u_stronger
rad-core-33,1161,3152,rad-core-33/nodes/01161.json,rad-core-33/nodes/03152.json,0,1,u_stronger
rad-core-33,1169,3152,rad-core-33/nodes/01169.json,rad-core-33/nodes/03152.json,0,1,u_stronger
rad-core-33,1169,3607,rad-core-33/nodes/01169.json,rad-core-33/nodes/03607.json,0,1,u_stronger
rad-core-33,1169,3801,rad-core-33/nodes/01169.json,rad-core-33/nodes/03801.json,0,1,u_stronger
rad-core-33,1169,4175,rad-core-33/nodes/01169.json,rad-core-33/nodes/04175.json,0,1,u_stronger
rad-core-33,1169,4193,rad-core-33/nodes/01169.json,rad-core-33/nodes/04193.json,0,1,u_stronger
rad-core-33,1169,4484,rad-core-33/nodes/01169.json,rad-core-33/nodes/04484.json,0,1,u_stronger
rad-core-33,1169,4894,rad-core-33/nodes/01169.json,rad-core-33/nodes/04894.json,0,1,u_stronger
rad-core-33,1169,5001,rad-core-33/nodes/01169.json,rad-core-33/nodes/05001.json,0,1,u_stronger
rad-core-33,1169,5482,rad-core-33/nodes/01169.json,rad-core-33/nodes/05482.json,0,1,u_stronger
rad-core-33,1169,5578,rad-core-33/nodes/01169.json,rad-core-33/nodes/05578.json,0,1,u_stronger
rad-core-33,1170,3152,rad-core-33/nodes/01170.json,rad-core-33/nodes/03152.json,0,1,u_stronger
rad-core-33,1170,3607,rad-core-33/nodes/01170.json,rad-core-33/nodes/03607.json,0,1,u_stronger
rad-core-33,1170,5001,rad-core-33/nodes/01170.json,rad-core-33/nodes/05001.json,0,1,u_stronger
rad-core-33,1170,5482,rad-core-33/nodes/01170.json,rad-core-33/nodes/05482.json,0,1,u_stronger
rad-core-33,1172,3937,rad-core-33/nodes/01172.json,rad-core-33/nodes/03937.json,0,1,u_stronger
rad-core-33,1177,3152,rad-core-33/nodes/01177.json,rad-core-33/nodes/03152.json,0,1,u_stronger
rad-core-33,1180,3152,rad-core-33/nodes/01180.json,rad-core-33/nodes/03152.json,0,1,u_stronger
rad-core-33,1180,3607,rad-core-33/nodes/01180.json,rad-core-33/nodes/03607.json,0,1,u_stronger
rad-core-33,1180,5001,rad-core-33/nodes/01180.json,rad-core-33/nodes/05001.json,0,1,u_stronger
rad-core-33,1180,5482,rad-core-33/nodes/01180.json,rad-core-33/nodes/05482.json,0,1,u_stronger
rad-core-33,1198,1198,rad-core-33/nodes/01198.json,rad-core-33/nodes/01198.json,1,1,equivalent
rad-core-33,1217,3152,rad-core-33/nodes/01217.json,rad-core-33/nodes/03152.json,0,1,u_stronger
rad-core-33,1227,3566,rad-core-33/nodes/01227.json,rad-core-33/nodes/03566.json,1,0,d_stronger
rad-core-33,1229,3202,rad-core-33/nodes/01229.json,rad-core-33/nodes/03202.json,0,1,u_stronger
rad-core-33,1229,3217,rad-core-33/nodes/01229.json,rad-core-33/nodes/03217.json,0,1,u_stronger
rad-core-33,1231,3152,rad-core-33/nodes/01231.json,rad-core-33/nodes/03152.json,0,1,u_stronger
rad-core-33,1255,3152,rad-core-33/nodes/01255.json,rad-core-33/nodes/03152.json,0,1,u_stronger
rad-core-33,1269,3152,rad-core-33/nodes/01269.json,rad-core-33/nodes/03152.json,0,1,u_stronger
rad-core-33,1270,3152,rad-core-33/nodes/01270.json,rad-core-33/nodes/03152.json,0,1,u_stronger
rad-core-33,1271,3152,rad-core-33/nodes/01271.json,rad-core-33/nodes/03152.json,0,1,u_stronger
rad-core-33,1280,3152,rad-core-33/nodes/01280.json,rad-core-33/nodes/03152.json,0,1,u_stronger
rad-core-33,1283,3152,rad-core-33/nodes/01283.json,rad-core-33/nodes/03152.json,0,1,u_stronger
rad-core-33,1296,3152,rad-core-33/nodes/01296.json,rad-core-33/nodes/03152.json,0,1,u_stronger
rad-core-33,1310,3566,rad-core-33/nodes/01310.json,rad-core-33/nodes/03566.json,1,0,d_stronger
rad-core-33,1314,3152,rad-core-33/nodes/01314.json,rad-core-33/nodes/03152.json,0,1,u_stronger
rad-core-33,1316,3152,rad-core-33/nodes/01316.json,rad-core-33/nodes/03152.json,0,1,u_stronger
rad-core-33,1318,3152,rad-core-33/nodes/01318.json,rad-core-33/nodes/03152.json,0,1,u_stronger
rad-core-33,1327,4213,rad-core-33/nodes/01327.json,rad-core-33/nodes/04213.json,0,1,u_stronger
rad-core-33,1329,3152,rad-core-33/nodes/01329.json,rad-core-33/nodes/03152.json,0,1,u_stronger
rad-core-33,1331,3152,rad-core-33/nodes/01331.json,rad-core-33/nodes/03152.json,0,1,u_stronger
rad-core-33,1343,3152,rad-core-33/nodes/01343.json,rad-core-33/nodes/03152.json,0,1,u_stronger
rad-core-33,1343,5602,rad-core-33/nodes/01343.json,rad-core-33/nodes/05602.json,0,1,u_stronger
rad-core-33,1346,3152,rad-core-33/nodes/01346.json,rad-core-33/nodes/03152.json,0,1,u_stronger
rad-core-33,1349,3152,rad-core-33/nodes/01349.json,rad-core-33/nodes/03152.json,0,1,u_stronger
rad-core-33,1359,3152,rad-core-33/nodes/01359.json,rad-core-33/nodes/03152.json,0,1,u_stronger
rad-core-33,1360,3152,rad-core-33/nodes/01360.json,rad-core-33/nodes/03152.json,0,1,u_stronger
rad-core-33,1361,3607,rad-core-33/nodes/01361.json,rad-core-33/nodes/03607.json,0,1,u_stronger
rad-core-33,1361,5482,rad-core-33/nodes/01361.json,rad-core-33/nodes/05482.json,0,1,u_stronger
rad-core-33,1362,3499,rad-core-33/nodes/01362.json,rad-core-33/nodes/03499.json,0,1,u_stronger
rad-core-33,1366,3607,rad-core-33/nodes/01366.json,rad-core-33/nodes/03607.json,0,1,u_stronger
rad-core-33,1366,5482,rad-core-33/nodes/01366.json,rad-core-33/nodes/05482.json,0,1,u_stronger
rad-core-33,1368,3152,rad-core-33/nodes/01368.json,rad-core-33/nodes/03152.json,0,1,u_stronger
rad-core-33,1371,3152,rad-core-33/nodes/01371.json,rad-core-33/nodes/03152.json,0,1,u_stronger
rad-core-33,1371,3607,rad-core-33/nodes/01371.json,rad-core-33/nodes/03607.json,0,1,u_stronger
rad-core-33,1371,5001,rad-core-33/nodes/01371.json,rad-core-33/nodes/05001.json,0,1,u_stronger
rad-core-33,1371,5482,rad-core-33/nodes/01371.json,rad-core-33/nodes/05482.json,0,1,u_stronger
rad-core-33,1373,3499,rad-core-33/nodes/01373.json,rad-core-33/nodes/03499.json,0,1,u_stronger
rad-core-33,1373,4130,rad-core-33/nodes/01373.json,rad-core-33/nodes/04130.json,0,1,u_stronger
rad-core-33,1373,4213,rad-core-33/nodes/01373.json,rad-core-33/nodes/04213.json,0,1,u_stronger
rad-core-33,1373,4952,rad-core-33/nodes/01373.json,rad-core-33/nodes/04952.json,0,1,u_stronger
rad-core-33,1373,5387,rad-core-33/nodes/01373.json,rad-core-33/nodes/05387.json,0,1,u_stronger
rad-core-33,1373,5608,rad-core-33/nodes/01373.json,rad-core-33/nodes/05608.json,0,1,u_stronger
rad-core-33,1373,5760,rad-core-33/nodes/01373.json,rad-core-33/nodes/05760.json,0,1,u_stronger
rad-core-33,1374,3607,rad-core-33/nodes/01374.json,rad-core-33/nodes/03607.json,0,1,u_stronger
rad-core-33,1374,5482,rad-core-33/nodes/01374.json,rad-core-33/nodes/05482.json,0,1,u_stronger
rad-core-33,1377,4172,rad-core-33/nodes/01377.json,rad-core-33/nodes/04172.json,0,1,u_stronger
rad-core-33,1381,3607,rad-core-33/nodes/01381.json,rad-core-33/nodes/03607.json,0,1,u_stronger
rad-core-33,1381,5482,rad-core-33/nodes/01381.json,rad-core-33/nodes/05482.json,0,1,u_stronger
rad-core-33,1384,3152,rad-core-33/nodes/01384.json,rad-core-33/nodes/03152.json,0,1,u_stronger
rad-core-33,1386,3152,rad-core-33/nodes/01386.json,rad-core-33/nodes/03152.json,0,1,u_stronger
rad-core-33,1386,3607,rad-core-33/nodes/01386.json,rad-core-33/nodes/03607.json,0,1,u_stronger
rad-core-33,1386,5001,rad-core-33/nodes/01386.json,rad-core-33/nodes/05001.json,0,1,u_stronger
rad-core-33,1386,5482,rad-core-33/nodes/01386.json,rad-core-33/nodes/05482.json,0,1,u_stronger
rad-core-33,1387,3607,rad-core-33/nodes/01387.json,rad-core-33/nodes/03607.json,0,1,u_stronger
rad-core-33,1387,4172,rad-core-33/nodes/01387.json,rad-core-33/nodes/04172.json,0,1,u_stronger
rad-core-33,1387,4175,rad-core-33/nodes/01387.json,rad-core-33/nodes/04175.json,0,1,u_stronger
rad-core-33,1387,4193,rad-core-33/nodes/01387.json,rad-core-33/nodes/04193.json,0,1,u_stronger
rad-core-33,1387,5482,rad-core-33/nodes/01387.json,rad-core-33/nodes/05482.json,0,1,u_stronger
rad-core-33,1388,4334,rad-core-33/nodes/01388.json,rad-core-33/nodes/04334.json,0,1,u_stronger
rad-core-33,1392,3152,rad-core-33/nodes/01392.json,rad-core-33/nodes/03152.json,0,1,u_stronger
rad-core-33,1398,3607,rad-core-33/nodes/01398.json,rad-core-33/nodes/03607.json,0,1,u_stronger
rad-core-33,1398,5482,rad-core-33/nodes/01398.json,rad-core-33/nodes/05482.json,0,1,u_stronger
rad-core-33,1403,3607,rad-core-33/nodes/01403.json,rad-core-33/nodes/03607.json,0,1,u_stronger
rad-core-33,1403,5482,rad-core-33/nodes/01403.json,rad-core-33/nodes/05482.json,0,1,u_stronger
rad-core-33,1408,3607,rad-core-33/nodes/01408.json,rad-core-33/nodes/03607.json,0,1,u_stronger
rad-core-33,1408,5482,rad-core-33/nodes/01408.json,rad-core-33/nodes/05482.json,0,1,u_stronger
rad-core-33,1410,4172,rad-core-33/nodes/01410.json,rad-core-33/nodes/04172.json,0,1,u_stronger
rad-core-33,1411,3607,rad-core-33/nodes/01411.json,rad-core-33/nodes/03607.json,0,1,u_stronger
rad-core-33,1411,5482,rad-core-33/nodes/01411.json,rad-core-33/nodes/05482.json,0,1,u_stronger
rad-core-33,1414,3607,rad-core-33/nodes/01414.json,rad-core-33/nodes/03607.json,0,1,u_stronger
rad-core-33,1414,5482,rad-core-33/nodes/01414.json,rad-core-33/nodes/05482.json,0,1,u_stronger
rad-core-33,1415,3152,rad-core-33/nodes/01415.json,rad-core-33/nodes/03152.json,0,1,u_stronger
rad-core-33,1415,3607,rad-core-33/nodes/01415.json,rad-core-33/nodes/03607.json,0,1,u_stronger
rad-core-33,1415,5001,rad-core-33/nodes/01415.json,rad-core-33/nodes/05001.json,0,1,u_stronger
rad-core-33,1415,5482,rad-core-33/nodes/01415.json,rad-core-33/nodes/05482.json,0,1,u_stronger
rad-core-33,1416,3607,rad-core-33/nodes/01416.json,rad-core-33/nodes/03607.json,0,1,u_stronger
rad-core-33,1416,4175,rad-core-33/nodes/01416.json,rad-core-33/nodes/04175.json,0,1,u_stronger
rad-core-33,1416,4193,rad-core-33/nodes/01416.json,rad-core-33/nodes/04193.json,0,1,u_stronger
rad-core-33,1416,5482,rad-core-33/nodes/01416.json,rad-core-33/nodes/05482.json,0,1,u_stronger
rad-core-33,1417,3607,rad-core-33/nodes/01417.json,rad-core-33/nodes/03607.json,0,1,u_stronger
rad-core-33,1417,5482,rad-core-33/nodes/01417.json,rad-core-33/nodes/05482.json,0,1,u_stronger
rad-core-33,1418,3152,rad-core-33/nodes/01418.json,rad-core-33/nodes/03152.json,0,1,u_stronger
rad-core-33,1426,3152,rad-core-33/nodes/01426.json,rad-core-33/nodes/03152.json,0,1,u_stronger
rad-core-33,1427,3152,rad-core-33/nodes/01427.json,rad-core-33/nodes/03152.json,0,1,u_stronger
rad-core-33,1427,3607,rad-core-33/nodes/01427.json,rad-core-33/nodes/03607.json,0,1,u_stronger
rad-core-33,1427,5001,rad-core-33/nodes/01427.json,rad-core-33/nodes/05001.json,0,1,u_stronger
rad-core-33,1427,5482,rad-core-33/nodes/01427.json,rad-core-33/nodes/05482.json,0,1,u_stronger
rad-core-33,1433,3152,rad-core-33/nodes/01433.json,rad-core-33/nodes/03152.json,0,1,u_stronger
rad-core-33,1433,3607,rad-core-33/nodes/01433.json,rad-core-33/nodes/03607.json,0,1,u_stronger
rad-core-33,1433,5001,rad-core-33/nodes/01433.json,rad-core-33/nodes/05001.json,0,1,u_stronger
rad-core-33,1433,5482,rad-core-33/nodes/01433.json,rad-core-33/nodes/05482.json,0,1,u_stronger
rad-core-33,1434,3152,rad-core-33/nodes/01434.json,rad-core-33/nodes/03152.json,0,1,u_stronger
rad-core-33,1440,3152,rad-core-33/nodes/01440.json,rad-core-33/nodes/03152.json,0,1,u_stronger
rad-core-33,1440,3607,rad-core-33/nodes/01440.json,rad-core-33/nodes/03607.json,0,1,u_stronger
rad-core-33,1440,5001,rad-core-33/nodes/01440.json,rad-core-33/nodes/05001.json,0,1,u_stronger
rad-core-33,1440,5482,rad-core-33/nodes/01440.json,rad-core-33/nodes/05482.json,0,1,u_stronger
rad-core-33,1443,3152,rad-core-33/nodes/01443.json,rad-core-33/nodes/03152.json,0,1,u_stronger
rad-core-33,1446,3152,rad-core-33/nodes/01446.json,rad-core-33/nodes/03152.json,0,1,u_stronger
rad-core-33,1446,3607,rad-core-33/nodes/01446.json,rad-core-33/nodes/03607.json,0,1,u_stronger
rad-core-33,1446,5001,rad-core-33/nodes/01446.json,rad-core-33/nodes/05001.json,0,1,u_stronger
rad-core-33,1446,5482,rad-core-33/nodes/01446.json,rad-core-33/nodes/05482.json,0,1,u_stronger
rad-core-33,1448,3607,rad-core-33/nodes/01448.json,rad-core-33/nodes/03607.json,0,1,u_stronger
rad-core-33,1450,3152,rad-core-33/nodes/01450.json,rad-core-33/nodes/03152.json,0,1,u_stronger
rad-core-33,1459,3152,rad-core-33/nodes/01459.json,rad-core-33/nodes/03152.json,0,1,u_stronger
rad-core-33,1459,3607,rad-core-33/nodes/01459.json,rad-core-33/nodes/03607.json,0,1,u_stronger
rad-core-33,1459,5001,rad-core-33/nodes/01459.json,rad-core-33/nodes/05001.json,0,1,u_stronger
rad-core-33,1459,5482,rad-core-33/nodes/01459.json,rad-core-33/nodes/05482.json,0,1,u_stronger
rad-core-33,1470,3607,rad-core-33/nodes/01470.json,rad-core-33/nodes/03607.json,0,1,u_stronger
rad-core-33,1470,3937,rad-core-33/nodes/01470.json,rad-core-33/nodes/03937.json,0,1,u_stronger
rad-core-33,1470,5482,rad-core-33/nodes/01470.json,rad-core-33/nodes/05482.json,0,1,u_stronger
rad-core-33,1475,3152,rad-core-33/nodes/01475.json,rad-core-33/nodes/03152.json,0,1,u_stronger
rad-core-33,1480,3152,rad-core-33/nodes/01480.json,rad-core-33/nodes/03152.json,0,1,u_stronger
rad-core-33,1483,3152,rad-core-33/nodes/01483.json,rad-core-33/nodes/03152.json,0,1,u_stronger
rad-core-33,1511,3152,rad-core-33/nodes/01511.json,rad-core-33/nodes/03152.json,0,1,u_stronger
rad-core-33,1511,3607,rad-core-33/nodes/01511.json,rad-core-33/nodes/03607.json,0,1,u_stronger
rad-core-33,1511,5001,rad-core-33/nodes/01511.json,rad-core-33/nodes/05001.json,0,1,u_stronger
rad-core-33,1511,5482,rad-core-33/nodes/01511.json,rad-core-33/nodes/05482.json,0,1,u_stronger
rad-core-33,1523,3353,rad-core-33/nodes/01523.json,rad-core-33/nodes/03353.json,0,1,u_stronger
rad-core-33,1523,4112,rad-core-33/nodes/01523.json,rad-core-33/nodes/04112.json,0,1,u_stronger
rad-core-33,1539,3607,rad-core-33/nodes/01539.json,rad-core-33/nodes/03607.json,0,1,u_stronger
rad-core-33,1539,5482,rad-core-33/nodes/01539.json,rad-core-33/nodes/05482.json,0,1,u_stronger
rad-core-33,1540,3607,rad-core-33/nodes/01540.json,rad-core-33/nodes/03607.json,0,1,u_stronger
rad-core-33,1540,5482,rad-core-33/nodes/01540.json,rad-core-33/nodes/05482.json,0,1,u_stronger
rad-core-33,1542,3152,rad-core-33/nodes/01542.json,rad-core-33/nodes/03152.json,0,1,u_stronger
rad-core-33,1542,3607,rad-core-33/nodes/01542.json,rad-core-33/nodes/03607.json,0,1,u_stronger
rad-core-33,1542,5001,rad-core-33/nodes/01542.json,rad-core-33/nodes/05001.json,0,1,u_stronger
rad-core-33,1542,5482,rad-core-33/nodes/01542.json,rad-core-33/nodes/05482.json,0,1,u_stronger
rad-core-33,1549,3152,rad-core-33/nodes/01549.json,rad-core-33/nodes/03152.json,0,1,u_stronger
rad-core-33,1553,3152,rad-core-33/nodes/01553.json,rad-core-33/nodes/03152.json,0,1,u_stronger
rad-core-33,1557,3499,rad-core-33/nodes/01557.json,rad-core-33/nodes/03499.json,0,1,u_stronger
rad-core-33,1558,3152,rad-core-33/nodes/01558.json,rad-core-33/nodes/03152.json,0,1,u_stronger
rad-core-33,1560,3152,rad-core-33/nodes/01560.json,rad-core-33/nodes/03152.json,0,1,u_stronger
rad-core-33,1563,3152,rad-core-33/nodes/01563.json,rad-core-33/nodes/03152.json,0,1,u_stronger
rad-core-33,1566,3152,rad-core-33/nodes/01566.json,rad-core-33/nodes/03152.json,0,1,u_stronger
rad-core-33,1568,3607,rad-core-33/nodes/01568.json,rad-core-33/nodes/03607.json,0,1,u_stronger
rad-core-33,1568,5482,rad-core-33/nodes/01568.json,rad-core-33/nodes/05482.json,0,1,u_stronger
rad-core-33,1572,3152,rad-core-33/nodes/01572.json,rad-core-33/nodes/03152.json,0,1,u_stronger
rad-core-33,1572,3370,rad-core-33/nodes/01572.json,rad-core-33/nodes/03370.json,0,1,u_stronger
rad-core-33,1572,3520,rad-core-33/nodes/01572.json,rad-core-33/nodes/03520.json,0,1,u_stronger
rad-core-33,1572,3607,rad-core-33/nodes/01572.json,rad-core-33/nodes/03607.json,0,1,u_stronger
rad-core-33,1572,5001,rad-core-33/nodes/01572.json,rad-core-33/nodes/05001.json,0,1,u_stronger
rad-core-33,1572,5700,rad-core-33/nodes/01572.json,rad-core-33/nodes/05700.json,0,1,u_stronger
rad-core-33,1581,3152,rad-core-33/nodes/01581.json,rad-core-33/nodes/03152.json,0,1,u_stronger
rad-core-33,1582,3152,rad-core-33/nodes/01582.json,rad-core-33/nodes/03152.json,0,1,u_stronger
rad-core-33,1584,3152,rad-core-33/nodes/01584.json,rad-core-33/nodes/03152.json,0,1,u_stronger
rad-core-33,1584,3607,rad-core-33/nodes/01584.json,rad-core-33/nodes/03607.json,0,1,u_stronger
rad-core-33,1584,5001,rad-core-33/nodes/01584.json,rad-core-33/nodes/05001.json,0,1,u_stronger
rad-core-33,1584,5482,rad-core-33/nodes/01584.json,rad-core-33/nodes/05482.json,0,1,u_stronger
rad-core-33,1585,3607,rad-core-33/nodes/01585.json,rad-core-33/nodes/03607.json,0,1,u_stronger
rad-core-33,1585,5482,rad-core-33/nodes/01585.json,rad-core-33/nodes/05482.json,0,1,u_stronger
rad-core-33,1586,3152,rad-core-33/nodes/01586.json,rad-core-33/nodes/03152.json,0,1,u_stronger
rad-core-33,1591,3152,rad-core-33/nodes/01591.json,rad-core-33/nodes/03152.json,0,1,u_stronger
rad-core-33,1591,3607,rad-core-33/nodes/01591.json,rad-core-33/nodes/03607.json,0,1,u_stronger
rad-core-33,1591,5001,rad-core-33/nodes/01591.json,rad-core-33/nodes/05001.json,0,1,u_stronger
rad-core-33,1591,5482,rad-core-33/nodes/01591.json,rad-core-33/nodes/05482.json,0,1,u_stronger
rad-core-33,1609,3499,rad-core-33/nodes/01609.json,rad-core-33/nodes/03499.json,0,1,u_stronger
rad-core-33,1615,3607,rad-core-33/nodes/01615.json,rad-core-33/nodes/03607.json,0,1,u_stronger
rad-core-33,1615,4175,rad-core-33/nodes/01615.json,rad-core-33/nodes/04175.json,0,1,u_stronger
rad-core-33,1615,4193,rad-core-33/nodes/01615.json,rad-core-33/nodes/04193.json,0,1,u_stronger
rad-core-33,1615,5482,rad-core-33/nodes/01615.json,rad-core-33/nodes/05482.json,0,1,u_stronger
rad-core-33,1619,3152,rad-core-33/nodes/01619.json,rad-core-33/nodes/03152.json,0,1,u_stronger
rad-core-33,1622,3607,rad-core-33/nodes/01622.json,rad-core-33/nodes/03607.json,0,1,u_stronger
rad-core-33,1622,4175,rad-core-33/nodes/01622.json,rad-core-33/nodes/04175.json,0,1,u_stronger
rad-core-33,1622,4193,rad-core-33/nodes/01622.json,rad-core-33/nodes/04193.json,0,1,u_stronger
rad-core-33,1622,5482,rad-core-33/nodes/01622.json,rad-core-33/nodes/05482.json,0,1,u_stronger
rad-core-33,1623,3607,rad-core-33/nodes/01623.json,rad-core-33/nodes/03607.json,0,1,u_stronger
rad-core-33,1623,4175,rad-core-33/nodes/01623.json,rad-core-33/nodes/04175.json,0,1,u_stronger
rad-core-33,1623,4193,rad-core-33/nodes/01623.json,rad-core-33/nodes/04193.json,0,1,u_stronger
rad-core-33,1623,5482,rad-core-33/nodes/01623.json,rad-core-33/nodes/05482.json,0,1,u_stronger
rad-core-33,1630,5167,rad-core-33/nodes/01630.json,rad-core-33/nodes/05167.json,0,1,u_stronger
rad-core-33,1631,3152,rad-core-33/nodes/01631.json,rad-core-33/nodes/03152.json,0,1,u_stronger
rad-core-33,1634,3152,rad-core-33/nodes/01634.json,rad-core-33/nodes/03152.json,0,1,u_stronger
rad-core-33,1645,3152,rad-core-33/nodes/01645.json,rad-core-33/nodes/03152.json,0,1,u_stronger
rad-core-33,1647,3152,rad-core-33/nodes/01647.json,rad-core-33/nodes/03152.json,0,1,u_stronger
rad-core-33,1649,3152,rad-core-33/nodes/01649.json,rad-core-33/nodes/03152.json,0,1,u_stronger
rad-core-33,1650,3152,rad-core-33/nodes/01650.json,rad-core-33/nodes/03152.json,0,1,u_stronger
rad-core-33,1651,3152,rad-core-33/nodes/01651.json,rad-core-33/nodes/03152.json,0,1,u_stronger
rad-core-33,1653,3152,rad-core-33/nodes/01653.json,rad-core-33/nodes/03152.json,0,1,u_stronger
rad-core-33,1657,3152,rad-core-33/nodes/01657.json,rad-core-33/nodes/03152.json,0,1,u_stronger
rad-core-33,1662,3152,rad-core-33/nodes/01662.json,rad-core-33/nodes/03152.json,0,1,u_stronger
rad-core-33,1668,3152,rad-core-33/nodes/01668.json,rad-core-33/nodes/03152.json,0,1,u_stronger
rad-core-33,1673,3152,rad-core-33/nodes/01673.json,rad-core-33/nodes/03152.json,0,1,u_stronger
rad-core-33,1684,3152,rad-core-33/nodes/01684.json,rad-core-33/nodes/03152.json,0,1,u_stronger
rad-core-33,1692,3607,rad-core-33/nodes/01692.json,rad-core-33/nodes/03607.json,0,1,u_stronger
rad-core-33,1692,4175,rad-core-33/nodes/01692.json,rad-core-33/nodes/04175.json,0,1,u_stronger
rad-core-33,1692,4193,rad-core-33/nodes/01692.json,rad-core-33/nodes/04193.json,0,1,u_stronger
rad-core-33,1692,5482,rad-core-33/nodes/01692.json,rad-core-33/nodes/05482.json,0,1,u_stronger
rad-core-33,1700,3152,rad-core-33/nodes/01700.json,rad-core-33/nodes/03152.json,0,1,u_stronger
rad-core-33,1705,3152,rad-core-33/nodes/01705.json,rad-core-33/nodes/03152.json,0,1,u_stronger
rad-core-33,1708,3499,rad-core-33/nodes/01708.json,rad-core-33/nodes/03499.json,0,1,u_stronger
rad-core-33,1715,3152,rad-core-33/nodes/01715.json,rad-core-33/nodes/03152.json,0,1,u_stronger
rad-core-33,1715,3607,rad-core-33/nodes/01715.json,rad-core-33/nodes/03607.json,0,1,u_stronger
rad-core-33,1715,4524,rad-core-33/nodes/01715.json,rad-core-33/nodes/04524.json,0,1,u_stronger
rad-core-33,1715,4529,rad-core-33/nodes/01715.json,rad-core-33/nodes/04529.json,0,1,u_stronger
rad-core-33,1715,5001,rad-core-33/nodes/01715.json,rad-core-33/nodes/05001.json,0,1,u_stronger
rad-core-33,1715,5482,rad-core-33/nodes/01715.json,rad-core-33/nodes/05482.json,0,1,u_stronger
rad-core-33,1730,3152,rad-core-33/nodes/01730.json,rad-core-33/nodes/03152.json,0,1,u_stronger
rad-core-33,1737,3152,rad-core-33/nodes/01737.json,rad-core-33/nodes/03152.json,0,1,u_stronger
rad-core-33,1742,3152,rad-core-33/nodes/01742.json,rad-core-33/nodes/03152.json,0,1,u_stronger
rad-core-33,1746,3152,rad-core-33/nodes/01746.json,rad-core-33/nodes/03152.json,0,1,u_stronger
rad-core-33,1747,3152,rad-core-33/nodes/01747.json,rad-core-33/nodes/03152.json,0,1,u_stronger
rad-core-33,1747,3607,rad-core-33/nodes/01747.json,rad-core-33/nodes/03607.json,0,1,u_stronger
rad-core-33,1747,5001,rad-core-33/nodes/01747.json,rad-core-33/nodes/05001.json,0,1,u_stronger
rad-core-33,1747,5482,rad-core-33/nodes/01747.json,rad-core-33/nodes/05482.json,0,1,u_stronger
rad-core-33,1749,3152,rad-core-33/nodes/01749.json,rad-core-33/nodes/03152.json,0,1,u_stronger
rad-core-33,1751,3152,rad-core-33/nodes/01751.json,rad-core-33/nodes/03152.json,0,1,u_stronger
rad-core-33,1751,3607,rad-core-33/nodes/01751.json,rad-core-33/nodes/03607.json,0,1,u_stronger
rad-core-33,1751,5001,rad-core-33/nodes/01751.json,rad-core-33/nodes/05001.json,0,1,u_stronger
rad-core-33,1751,5482,rad-core-33/nodes/01751.json,rad-core-33/nodes/05482.json,0,1,u_stronger
rad-core-33,1761,3152,rad-core-33/nodes/01761.json,rad-core-33/nodes/03152.json,0,1,u_stronger
rad-core-33,1762,3152,rad-core-33/nodes/01762.json,rad-core-33/nodes/03152.json,0,1,u_stronger
rad-core-33,1765,3353,rad-core-33/nodes/01765.json,rad-core-33/nodes/03353.json,0,1,u_stronger
rad-core-33,1765,4112,rad-core-33/nodes/01765.json,rad-core-33/nodes/04112.json,0,1,u_stronger
rad-core-33,1766,3499,rad-core-33/nodes/01766.json,rad-core-33/nodes/03499.json,0,1,u_stronger
rad-core-33,1768,3152,rad-core-33/nodes/01768.json,rad-core-33/nodes/03152.json,0,1,u_stronger
rad-core-33,1769,3152,rad-core-33/nodes/01769.json,rad-core-33/nodes/03152.json,0,1,u_stronger
rad-core-33,1771,3499,rad-core-33/nodes/01771.json,rad-core-33/nodes/03499.json,0,1,u_stronger
rad-core-33,1772,3217,rad-core-33/nodes/01772.json,rad-core-33/nodes/03217.json,0,1,u_stronger
rad-core-33,1772,3499,rad-core-33/nodes/01772.json,rad-core-33/nodes/03499.json,0,1,u_stronger
rad-core-33,1772,4560,rad-core-33/nodes/01772.json,rad-core-33/nodes/04560.json,0,1,u_stronger
rad-core-33,1775,3607,rad-core-33/nodes/01775.json,rad-core-33/nodes/03607.json,0,1,u_stronger
rad-core-33,1775,5482,rad-core-33/nodes/01775.json,rad-core-33/nodes/05482.json,0,1,u_stronger
rad-core-33,1776,3152,rad-core-33/nodes/01776.json,rad-core-33/nodes/03152.json,0,1,u_stronger
rad-core-33,1778,3217,rad-core-33/nodes/01778.json,rad-core-33/nodes/03217.json,0,1,u_stronger
rad-core-33,1778,3499,rad-core-33/nodes/01778.json,rad-core-33/nodes/03499.json,0,1,u_stronger
rad-core-33,1778,4560,rad-core-33/nodes/01778.json,rad-core-33/nodes/04560.json,0,1,u_stronger
rad-core-33,1788,3353,rad-core-33/nodes/01788.json,rad-core-33/nodes/03353.json,0,1,u_stronger
rad-core-33,1788,4112,rad-core-33/nodes/01788.json,rad-core-33/nodes/04112.json,0,1,u_stronger
rad-core-33,1789,4061,rad-core-33/nodes/01789.json,rad-core-33/nodes/04061.json,0,1,u_stronger
rad-core-33,1789,4499,rad-core-33/nodes/01789.json,rad-core-33/nodes/04499.json,0,1,u_stronger
rad-core-33,1796,3152,rad-core-33/nodes/01796.json,rad-core-33/nodes/03152.json,0,1,u_stronger
rad-core-33,1796,3607,rad-core-33/nodes/01796.json,rad-core-33/nodes/03607.json,0,1,u_stronger
rad-core-33,1796,5001,rad-core-33/nodes/01796.json,rad-core-33/nodes/05001.json,0,1,u_stronger
rad-core-33,1796,5482,rad-core-33/nodes/01796.json,rad-core-33/nodes/05482.json,0,1,u_stronger
rad-core-33,1813,3607,rad-core-33/nodes/01813.json,rad-core-33/nodes/03607.json,0,1,u_stronger
rad-core-33,1813,5482,rad-core-33/nodes/01813.json,rad-core-33/nodes/05482.json,0,1,u_stronger
rad-core-33,1820,3152,rad-core-33/nodes/01820.json,rad-core-33/nodes/03152.json,0,1,u_stronger
rad-core-33,1849,3499,rad-core-33/nodes/01849.json,rad-core-33/nodes/03499.json,0,1,u_stronger
rad-core-33,1850,3152,rad-core-33/nodes/01850.json,rad-core-33/nodes/03152.json,0,1,u_stronger
rad-core-33,1851,3152,rad-core-33/nodes/01851.json,rad-core-33/nodes/03152.json,0,1,u_stronger
rad-core-33,1855,3152,rad-core-33/nodes/01855.json,rad-core-33/nodes/03152.json,0,1,u_stronger
rad-core-33,1858,3152,rad-core-33/nodes/01858.json,rad-core-33/nodes/03152.json,0,1,u_stronger
rad-core-33,1862,3152,rad-core-33/nodes/01862.json,rad-core-33/nodes/03152.json,0,1,u_stronger
rad-core-33,1864,3152,rad-core-33/nodes/01864.json,rad-core-33/nodes/03152.json,0,1,u_stronger
rad-core-33,1864,3607,rad-core-33/nodes/01864.json,rad-core-33/nodes/03607.json,0,1,u_stronger
rad-core-33,1864,3801,rad-core-33/nodes/01864.json,rad-core-33/nodes/03801.json,0,1,u_stronger
rad-core-33,1864,4175,rad-core-33/nodes/01864.json,rad-core-33/nodes/04175.json,0,1,u_stronger
rad-core-33,1864,4193,rad-core-33/nodes/01864.json,rad-core-33/nodes/04193.json,0,1,u_stronger
rad-core-33,1864,4484,rad-core-33/nodes/01864.json,rad-core-33/nodes/04484.json,0,1,u_stronger
rad-core-33,1864,5001,rad-core-33/nodes/01864.json,rad-core-33/nodes/05001.json,0,1,u_stronger
rad-core-33,1864,5482,rad-core-33/nodes/01864.json,rad-core-33/nodes/05482.json,0,1,u_stronger
rad-core-33,1864,5578,rad-core-33/nodes/01864.json,rad-core-33/nodes/05578.json,0,1,u_stronger
rad-core-33,1866,3801,rad-core-33/nodes/01866.json,rad-core-33/nodes/03801.json,0,1,u_stronger
rad-core-33,1866,5578,rad-core-33/nodes/01866.json,rad-core-33/nodes/05578.json,0,1,u_stronger
rad-core-33,1892,4151,rad-core-33/nodes/01892.json,rad-core-33/nodes/04151.json,0,1,u_stronger
rad-core-33,1914,3152,rad-core-33/nodes/01914.json,rad-core-33/nodes/03152.json,0,1,u_stronger
rad-core-33,1927,3152,rad-core-33/nodes/01927.json,rad-core-33/nodes/03152.json,0,1,u_stronger
rad-core-33,1933,3148,rad-core-33/nodes/01933.json,rad-core-33/nodes/03148.json,0,1,u_stronger
rad-core-33,1949,3499,rad-core-33/nodes/01949.json,rad-core-33/nodes/03499.json,0,1,u_stronger
rad-core-33,1951,3148,rad-core-33/nodes/01951.json,rad-core-33/nodes/03148.json,0,1,u_stronger
rad-core-33,1953,3566,rad-core-33/nodes/01953.json,rad-core-33/nodes/03566.json,1,0,d_stronger
rad-core-33,1954,3353,rad-core-33/nodes/01954.json,rad-core-33/nodes/03353.json,0,1,u_stronger
rad-core-33,1954,4112,rad-core-33/nodes/01954.json,rad-core-33/nodes/04112.json,0,1,u_stronger
rad-core-33,1954,4121,rad-core-33/nodes/01954.json,rad-core-33/nodes/04121.json,0,1,u_stronger
rad-core-33,1957,3499,rad-core-33/nodes/01957.json,rad-core-33/nodes/03499.json,0,1,u_stronger
rad-core-33,1967,3848,rad-core-33/nodes/01967.json,rad-core-33/nodes/03848.json,1,0,d_stronger
rad-core-33,1970,4019,rad-core-33/nodes/01970.json,rad-core-33/nodes/04019.json,0,1,u_stronger
rad-core-33,1970,5153,rad-core-33/nodes/01970.json,rad-core-33/nodes/05153.json,0,1,u_stronger
rad-core-33,1975,4019,rad-core-33/nodes/01975.json,rad-core-33/nodes/04019.json,0,1,u_stronger
rad-core-33,1975,5153,rad-core-33/nodes/01975.json,rad-core-33/nodes/05153.json,0,1,u_stronger
rad-core-33,1976,3152,rad-core-33/nodes/01976.json,rad-core-33/nodes/03152.json,0,1,u_stronger
rad-core-33,1980,3152,rad-core-33/nodes/01980.json,rad-core-33/nodes/03152.json,0,1,u_stronger
rad-core-33,1990,3152,rad-core-33/nodes/01990.json,rad-core-33/nodes/03152.json,0,1,u_stronger
rad-core-33,1995,3152,rad-core-33/nodes/01995.json,rad-core-33/nodes/03152.json,0,1,u_stronger
rad-core-33,1995,3446,rad-core-33/nodes/01995.json,rad-core-33/nodes/03446.json,0,1,u_stronger
rad-core-33,1995,3499,rad-core-33/nodes/01995.json,rad-core-33/nodes/03499.json,0,1,u_stronger
rad-core-33,1995,4069,rad-core-33/nodes/01995.json,rad-core-33/nodes/04069.json,0,1,u_stronger
rad-core-33,2000,5456,rad-core-33/nodes/02000.json,rad-core-33/nodes/05456.json,0,1,u_stronger
rad-core-33,2001,3152,rad-core-33/nodes/02001.json,rad-core-33/nodes/03152.json,0,1,u_stronger
rad-core-33,2002,3152,rad-core-33/nodes/02002.json,rad-core-33/nodes/03152.json,0,1,u_stronger
rad-core-33,2017,3152,rad-core-33/nodes/02017.json,rad-core-33/nodes/03152.json,0,1,u_stronger
rad-core-33,2019,3152,rad-core-33/nodes/02019.json,rad-core-33/nodes/03152.json,0,1,u_stronger
rad-core-33,2029,3848,rad-core-33/nodes/02029.json,rad-core-33/nodes/03848.json,1,0,d_stronger
rad-core-33,2046,3607,rad-core-33/nodes/02046.json,rad-core-33/nodes/03607.json,0,1,u_stronger
rad-core-33,2046,4175,rad-core-33/nodes/02046.json,rad-core-33/nodes/04175.json,0,1,u_stronger
rad-core-33,2046,4193,rad-core-33/nodes/02046.json,rad-core-33/nodes/04193.json,0,1,u_stronger
rad-core-33,2046,5482,rad-core-33/nodes/02046.json,rad-core-33/nodes/05482.json,0,1,u_stronger
rad-core-33,2048,3187,rad-core-33/nodes/02048.json,rad-core-33/nodes/03187.json,0,1,u_stronger
rad-core-33,2051,3152,rad-core-33/nodes/02051.json,rad-core-33/nodes/03152.json,0,1,u_stronger
rad-core-33,2051,3607,rad-core-33/nodes/02051.json,rad-core-33/nodes/03607.json,0,1,u_stronger
rad-core-33,2051,5001,rad-core-33/nodes/02051.json,rad-core-33/nodes/05001.json,0,1,u_stronger
rad-core-33,2051,5482,rad-core-33/nodes/02051.json,rad-core-33/nodes/05482.json,0,1,u_stronger
rad-core-33,2054,3152,rad-core-33/nodes/02054.json,rad-core-33/nodes/03152.json,0,1,u_stronger
rad-core-33,2056,4209,rad-core-33/nodes/02056.json,rad-core-33/nodes/04209.json,0,1,u_stronger
rad-core-33,2059,3152,rad-core-33/nodes/02059.json,rad-core-33/nodes/03152.json,0,1,u_stronger
rad-core-33,2061,3152,rad-core-33/nodes/02061.json,rad-core-33/nodes/03152.json,0,1,u_stronger
rad-core-33,2061,3575,rad-core-33/nodes/02061.json,rad-core-33/nodes/03575.json,0,1,u_stronger
rad-core-33,2061,3607,rad-core-33/nodes/02061.json,rad-core-33/nodes/03607.json,0,1,u_stronger
rad-core-33,2061,5001,rad-core-33/nodes/02061.json,rad-core-33/nodes/05001.json,0,1,u_stronger
rad-core-33,2061,5482,rad-core-33/nodes/02061.json,rad-core-33/nodes/05482.json,0,1,u_stronger
rad-core-33,2064,3152,rad-core-33/nodes/02064.json,rad-core-33/nodes/03152.json,0,1,u_stronger
rad-core-33,2068,3152,rad-core-33/nodes/02068.json,rad-core-33/nodes/03152.json,0,1,u_stronger
rad-core-33,2073,3152,rad-core-33/nodes/02073.json,rad-core-33/nodes/03152.json,0,1,u_stronger
rad-core-33,2078,3937,rad-core-33/nodes/02078.json,rad-core-33/nodes/03937.json,0,1,u_stronger
rad-core-33,2080,3152,rad-core-33/nodes/02080.json,rad-core-33/nodes/03152.json,0,1,u_stronger
rad-core-33,2082,3607,rad-core-33/nodes/02082.json,rad-core-33/nodes/03607.json,0,1,u_stronger
rad-core-33,2082,5068,rad-core-33/nodes/02082.json,rad-core-33/nodes/05068.json,0,1,u_stronger
rad-core-33,2082,5482,rad-core-33/nodes/02082.json,rad-core-33/nodes/05482.json,0,1,u_stronger
rad-core-33,2085,3152,rad-core-33/nodes/02085.json,rad-core-33/nodes/03152.json,0,1,u_stronger
rad-core-33,2086,3152,rad-core-33/nodes/02086.json,rad-core-33/nodes/03152.json,0,1,u_stronger
rad-core-33,2086,5602,rad-core-33/nodes/02086.json,rad-core-33/nodes/05602.json,0,1,u_stronger
rad-core-33,2088,3607,rad-core-33/nodes/02088.json,rad-core-33/nodes/03607.json,0,1,u_stronger
rad-core-33,2088,5068,rad-core-33/nodes/02088.json,rad-core-33/nodes/05068.json,0,1,u_stronger
rad-core-33,2088,5482,rad-core-33/nodes/02088.json,rad-core-33/nodes/05482.json,0,1,u_stronger
rad-core-33,2090,3152,rad-core-33/nodes/02090.json,rad-core-33/nodes/03152.json,0,1,u_stronger
rad-core-33,2091,3152,rad-core-33/nodes/02091.json,rad-core-33/nodes/03152.json,0,1,u_stronger
rad-core-33,2093,3152,rad-core-33/nodes/02093.json,rad-core-33/nodes/03152.json,0,1,u_stronger
rad-core-33,2095,3152,rad-core-33/nodes/02095.json,rad-core-33/nodes/03152.json,0,1,u_stronger
rad-core-33,2098,3152,rad-core-33/nodes/02098.json,rad-core-33/nodes/03152.json,0,1,u_stronger
rad-core-33,2100,3152,rad-core-33/nodes/02100.json,rad-core-33/nodes/03152.json,0,1,u_stronger
rad-core-33,2101,3152,rad-core-33/nodes/02101.json,rad-core-33/nodes/03152.json,0,1,u_stronger
rad-core-33,2103,3152,rad-core-33/nodes/02103.json,rad-core-33/nodes/03152.json,0,1,u_stronger
rad-core-33,2106,3152,rad-core-33/nodes/02106.json,rad-core-33/nodes/03152.json,0,1,u_stronger
rad-core-33,2109,3152,rad-core-33/nodes/02109.json,rad-core-33/nodes/03152.json,0,1,u_stronger
rad-core-33,2114,3152,rad-core-33/nodes/02114.json,rad-core-33/nodes/03152.json,0,1,u_stronger
rad-core-33,2116,3152,rad-core-33/nodes/02116.json,rad-core-33/nodes/03152.json,0,1,u_stronger
rad-core-33,2119,3152,rad-core-33/nodes/02119.json,rad-core-33/nodes/03152.json,0,1,u_stronger
rad-core-33,2120,3152,rad-core-33/nodes/02120.json,rad-core-33/nodes/03152.json,0,1,u_stronger
rad-core-33,2120,3607,rad-core-33/nodes/02120.json,rad-core-33/nodes/03607.json,0,1,u_stronger
rad-core-33,2120,3801,rad-core-33/nodes/02120.json,rad-core-33/nodes/03801.json,0,1,u_stronger
rad-core-33,2120,4175,rad-core-33/nodes/02120.json,rad-core-33/nodes/04175.json,0,1,u_stronger
rad-core-33,2120,4193,rad-core-33/nodes/02120.json,rad-core-33/nodes/04193.json,0,1,u_stronger
rad-core-33,2120,4484,rad-core-33/nodes/02120.json,rad-core-33/nodes/04484.json,0,1,u_stronger
rad-core-33,2120,5001,rad-core-33/nodes/02120.json,rad-core-33/nodes/05001.json,0,1,u_stronger
rad-core-33,2120,5482,rad-core-33/nodes/02120.json,rad-core-33/nodes/05482.json,0,1,u_stronger
rad-core-33,2120,5578,rad-core-33/nodes/02120.json,rad-core-33/nodes/05578.json,0,1,u_stronger
rad-core-33,2121,3152,rad-core-33/nodes/02121.json,rad-core-33/nodes/03152.json,0,1,u_stronger
rad-core-33,2123,3801,rad-core-33/nodes/02123.json,rad-core-33/nodes/03801.json,0,1,u_stronger
rad-core-33,2123,5578,rad-core-33/nodes/02123.json,rad-core-33/nodes/05578.json,0,1,u_stronger
rad-core-33,2126,3152,rad-core-33/nodes/02126.json,rad-core-33/nodes/03152.json,0,1,u_stronger
rad-core-33,2130,3152,rad-core-33/nodes/02130.json,rad-core-33/nodes/03152.json,0,1,u_stronger
rad-core-33,2130,3607,rad-core-33/nodes/02130.json,rad-core-33/nodes/03607.json,0,1,u_stronger
rad-core-33,2130,5001,rad-core-33/nodes/02130.json,rad-core-33/nodes/05001.json,0,1,u_stronger
rad-core-33,2130,5482,rad-core-33/nodes/02130.json,rad-core-33/nodes/05482.json,0,1,u_stronger
rad-core-33,2131,3152,rad-core-33/nodes/02131.json,rad-core-33/nodes/03152.json,0,1,u_stronger
rad-core-33,2132,3152,rad-core-33/nodes/02132.json,rad-core-33/nodes/03152.json,0,1,u_stronger
rad-core-33,2142,3607,rad-core-33/nodes/02142.json,rad-core-33/nodes/03607.json,0,1,u_stronger
rad-core-33,2142,5482,rad-core-33/nodes/02142.json,rad-core-33/nodes/05482.json,0,1,u_stronger
rad-core-33,2143,3545,rad-core-33/nodes/02143.json,rad-core-33/nodes/03545.json,1,1,equivalent
rad-core-33,2148,4151,rad-core-33/nodes/02148.json,rad-core-33/nodes/04151.json,0,1,u_stronger
rad-core-33,2149,4112,rad-core-33/nodes/02149.json,rad-core-33/nodes/04112.json,0,1,u_stronger
rad-core-33,2150,3152,rad-core-33/nodes/02150.json,rad-core-33/nodes/03152.json,0,1,u_stronger
rad-core-33,2150,3607,rad-core-33/nodes/02150.json,rad-core-33/nodes/03607.json,0,1,u_stronger
rad-core-33,2150,5001,rad-core-33/nodes/02150.json,rad-core-33/nodes/05001.json,0,1,u_stronger
rad-core-33,2150,5482,rad-core-33/nodes/02150.json,rad-core-33/nodes/05482.json,0,1,u_stronger
rad-core-33,2152,4968,rad-core-33/nodes/02152.json,rad-core-33/nodes/04968.json,0,1,u_stronger
rad-core-33,2153,3152,rad-core-33/nodes/02153.json,rad-core-33/nodes/03152.json,0,1,u_stronger
rad-core-33,2154,3152,rad-core-33/nodes/02154.json,rad-core-33/nodes/03152.json,0,1,u_stronger
rad-core-33,2155,3152,rad-core-33/nodes/02155.json,rad-core-33/nodes/03152.json,0,1,u_stronger
rad-core-33,2156,4982,rad-core-33/nodes/02156.json,rad-core-33/nodes/04982.json,0,1,u_stronger
rad-core-33,2157,5001,rad-core-33/nodes/02157.json,rad-core-33/nodes/05001.json,0,1,u_stronger
rad-core-33,2163,3152,rad-core-33/nodes/02163.json,rad-core-33/nodes/03152.json,0,1,u_stronger
rad-core-33,2164,3152,rad-core-33/nodes/02164.json,rad-core-33/nodes/03152.json,0,1,u_stronger
rad-core-33,2165,3152,rad-core-33/nodes/02165.json,rad-core-33/nodes/03152.json,0,1,u_stronger
rad-core-33,2165,4882,rad-core-33/nodes/02165.json,rad-core-33/nodes/04882.json,0,1,u_stronger
rad-core-33,2166,3152,rad-core-33/nodes/02166.json,rad-core-33/nodes/03152.json,0,1,u_stronger
rad-core-33,2170,3152,rad-core-33/nodes/02170.json,rad-core-33/nodes/03152.json,0,1,u_stronger
rad-core-33,2172,3152,rad-core-33/nodes/02172.json,rad-core-33/nodes/03152.json,0,1,u_stronger
rad-core-33,2172,3607,rad-core-33/nodes/02172.json,rad-core-33/nodes/03607.json,0,1,u_stronger
rad-core-33,2172,5001,rad-core-33/nodes/02172.json,rad-core-33/nodes/05001.json,0,1,u_stronger
rad-core-33,2172,5482,rad-core-33/nodes/02172.json,rad-core-33/nodes/05482.json,0,1,u_stronger
rad-core-33,2173,3152,rad-core-33/nodes/02173.json,rad-core-33/nodes/03152.json,0,1,u_stronger
rad-core-33,2178,4581,rad-core-33/nodes/02178.json,rad-core-33/nodes/04581.json,0,1,u_stronger
rad-core-33,2182,3152,rad-core-33/nodes/02182.json,rad-core-33/nodes/03152.json,0,1,u_stronger
rad-core-33,2183,3499,rad-core-33/nodes/02183.json,rad-core-33/nodes/03499.json,0,1,u_stronger
rad-core-33,2184,3152,rad-core-33/nodes/02184.json,rad-core-33/nodes/03152.json,0,1,u_stronger
rad-core-33,2185,3152,rad-core-33/nodes/02185.json,rad-core-33/nodes/03152.json,0,1,u_stronger
rad-core-33,2198,4591,rad-core-33/nodes/02198.json,rad-core-33/nodes/04591.json,0,1,u_stronger
rad-core-33,2211,3607,rad-core-33/nodes/02211.json,rad-core-33/nodes/03607.json,0,1,u_stronger
rad-core-33,2211,5482,rad-core-33/nodes/02211.json,rad-core-33/nodes/05482.json,0,1,u_stronger
rad-core-33,2212,3152,rad-core-33/nodes/02212.json,rad-core-33/nodes/03152.json,0,1,u_stronger
rad-core-33,2220,4969,rad-core-33/nodes/02220.json,rad-core-33/nodes/04969.json,1,0,d_stronger
rad-core-33,2221,3152,rad-core-33/nodes/02221.json,rad-core-33/nodes/03152.json,0,1,u_stronger
rad-core-33,2221,3607,rad-core-33/nodes/02221.json,rad-core-33/nodes/03607.json,0,1,u_stronger
rad-core-33,2221,5001,rad-core-33/nodes/02221.json,rad-core-33/nodes/05001.json,0,1,u_stronger
rad-core-33,2221,5482,rad-core-33/nodes/02221.json,rad-core-33/nodes/05482.json,0,1,u_stronger
rad-core-33,2222,3152,rad-core-33/nodes/02222.json,rad-core-33/nodes/03152.json,0,1,u_stronger
rad-core-33,2232,3152,rad-core-33/nodes/02232.json,rad-core-33/nodes/03152.json,0,1,u_stronger
rad-core-33,2270,3152,rad-core-33/nodes/02270.json,rad-core-33/nodes/03152.json,0,1,u_stronger
rad-core-33,2271,3152,rad-core-33/nodes/02271.json,rad-core-33/nodes/03152.json,0,1,u_stronger
rad-core-33,2272,3152,rad-core-33/nodes/02272.json,rad-core-33/nodes/03152.json,0,1,u_stronger
rad-core-33,2276,3152,rad-core-33/nodes/02276.json,rad-core-33/nodes/03152.json,0,1,u_stronger
rad-core-33,2277,3801,rad-core-33/nodes/02277.json,rad-core-33/nodes/03801.json,0,1,u_stronger
rad-core-33,2277,4112,rad-core-33/nodes/02277.json,rad-core-33/nodes/04112.json,0,1,u_stronger
rad-core-33,2277,4121,rad-core-33/nodes/02277.json,rad-core-33/nodes/04121.json,0,1,u_stronger
rad-core-33,2277,5578,rad-core-33/nodes/02277.json,rad-core-33/nodes/05578.json,0,1,u_stronger
rad-core-33,2281,3152,rad-core-33/nodes/02281.json,rad-core-33/nodes/03152.json,0,1,u_stronger
rad-core-33,2283,3607,rad-core-33/nodes/02283.json,rad-core-33/nodes/03607.json,0,1,u_stronger
rad-core-33,2283,4175,rad-core-33/nodes/02283.json,rad-core-33/nodes/04175.json,0,1,u_stronger
rad-core-33,2283,4193,rad-core-33/nodes/02283.json,rad-core-33/nodes/04193.json,0,1,u_stronger
rad-core-33,2283,5482,rad-core-33/nodes/02283.json,rad-core-33/nodes/05482.json,0,1,u_stronger
rad-core-33,2285,3152,rad-core-33/nodes/02285.json,rad-core-33/nodes/03152.json,0,1,u_stronger
rad-core-33,2295,3152,rad-core-33/nodes/02295.json,rad-core-33/nodes/03152.json,0,1,u_stronger
rad-core-33,2295,3607,rad-core-33/nodes/02295.json,rad-core-33/nodes/03607.json,0,1,u_stronger
rad-core-33,2295,3847,rad-core-33/nodes/02295.json,rad-core-33/nodes/03847.json,0,1,u_stronger
rad-core-33,2295,4019,rad-core-33/nodes/02295.json,rad-core-33/nodes/04019.json,0,1,u_stronger
rad-core-33,2295,5001,rad-core-33/nodes/02295.json,rad-core-33/nodes/05001.json,0,1,u_stronger
rad-core-33,2295,5153,rad-core-33/nodes/02295.json,rad-core-33/nodes/05153.json,0,1,u_stronger
rad-core-33,2295,5482,rad-core-33/nodes/02295.json,rad-core-33/nodes/05482.json,0,1,u_stronger
rad-core-33,2300,3607,rad-core-33/nodes/02300.json,rad-core-33/nodes/03607.json,0,1,u_stronger
rad-core-33,2300,4175,rad-core-33/nodes/02300.json,rad-core-33/nodes/04175.json,0,1,u_stronger
rad-core-33,2300,4193,rad-core-33/nodes/02300.json,rad-core-33/nodes/04193.json,0,1,u_stronger
rad-core-33,2300,5482,rad-core-33/nodes/02300.json,rad-core-33/nodes/05482.json,0,1,u_stronger
rad-core-33,2304,3607,rad-core-33/nodes/02304.json,rad-core-33/nodes/03607.json,0,1,u_stronger
rad-core-33,2304,4175,rad-core-33/nodes/02304.json,rad-core-33/nodes/04175.json,0,1,u_stronger
rad-core-33,2304,4193,rad-core-33/nodes/02304.json,rad-core-33/nodes/04193.json,0,1,u_stronger
rad-core-33,2304,5482,rad-core-33/nodes/02304.json,rad-core-33/nodes/05482.json,0,1,u_stronger
rad-core-33,2305,3152,rad-core-33/nodes/02305.json,rad-core-33/nodes/03152.json,0,1,u_stronger
rad-core-33,2336,3152,rad-core-33/nodes/02336.json,rad-core-33/nodes/03152.json,0,1,u_stronger
rad-core-33,2337,3607,rad-core-33/nodes/02337.json,rad-core-33/nodes/03607.json,0,1,u_stronger
rad-core-33,2337,4175,rad-core-33/nodes/02337.json,rad-core-33/nodes/04175.json,0,1,u_stronger
rad-core-33,2337,4193,rad-core-33/nodes/02337.json,rad-core-33/nodes/04193.json,0,1,u_stronger
rad-core-33,2337,5482,rad-core-33/nodes/02337.json,rad-core-33/nodes/05482.json,0,1,u_stronger
rad-core-33,2339,3152,rad-core-33/nodes/02339.json,rad-core-33/nodes/03152.json,0,1,u_stronger
rad-core-33,2341,3152,rad-core-33/nodes/02341.json,rad-core-33/nodes/03152.json,0,1,u_stronger
rad-core-33,2344,3152,rad-core-33/nodes/02344.json,rad-core-33/nodes/03152.json,0,1,u_stronger
rad-core-33,2345,3152,rad-core-33/nodes/02345.json,rad-core-33/nodes/03152.json,0,1,u_stronger
rad-core-33,2346,3607,rad-core-33/nodes/02346.json,rad-core-33/nodes/03607.json,0,1,u_stronger
rad-core-33,2346,4175,rad-core-33/nodes/02346.json,rad-core-33/nodes/04175.json,0,1,u_stronger
rad-core-33,2346,4193,rad-core-33/nodes/02346.json,rad-core-33/nodes/04193.json,0,1,u_stronger
rad-core-33,2346,5482,rad-core-33/nodes/02346.json,rad-core-33/nodes/05482.json,0,1,u_stronger
rad-core-33,2349,3152,rad-core-33/nodes/02349.json,rad-core-33/nodes/03152.json,0,1,u_stronger
rad-core-33,2353,3607,rad-core-33/nodes/02353.json,rad-core-33/nodes/03607.json,0,1,u_stronger
rad-core-33,2353,4175,rad-core-33/nodes/02353.json,rad-core-33/nodes/04175.json,0,1,u_stronger
rad-core-33,2353,4193,rad-core-33/nodes/02353.json,rad-core-33/nodes/04193.json,0,1,u_stronger
rad-core-33,2353,5482,rad-core-33/nodes/02353.json,rad-core-33/nodes/05482.json,0,1,u_stronger
rad-core-33,2356,3152,rad-core-33/nodes/02356.json,rad-core-33/nodes/03152.json,0,1,u_stronger
rad-core-33,2361,3607,rad-core-33/nodes/02361.json,rad-core-33/nodes/03607.json,0,1,u_stronger
rad-core-33,2361,5482,rad-core-33/nodes/02361.json,rad-core-33/nodes/05482.json,0,1,u_stronger
rad-core-33,2365,3607,rad-core-33/nodes/02365.json,rad-core-33/nodes/03607.json,0,1,u_stronger
rad-core-33,2365,5482,rad-core-33/nodes/02365.json,rad-core-33/nodes/05482.json,0,1,u_stronger
rad-core-33,2367,3152,rad-core-33/nodes/02367.json,rad-core-33/nodes/03152.json,0,1,u_stronger
rad-core-33,2367,3607,rad-core-33/nodes/02367.json,rad-core-33/nodes/03607.json,0,1,u_stronger
rad-core-33,2367,5001,rad-core-33/nodes/02367.json,rad-core-33/nodes/05001.json,0,1,u_stronger
rad-core-33,2367,5482,rad-core-33/nodes/02367.json,rad-core-33/nodes/05482.json,0,1,u_stronger
rad-core-33,2375,3152,rad-core-33/nodes/02375.json,rad-core-33/nodes/03152.json,0,1,u_stronger
rad-core-33,2378,3607,rad-core-33/nodes/02378.json,rad-core-33/nodes/03607.json,0,1,u_stronger
rad-core-33,2378,5482,rad-core-33/nodes/02378.json,rad-core-33/nodes/05482.json,0,1,u_stronger
rad-core-33,2379,3607,rad-core-33/nodes/02379.json,rad-core-33/nodes/03607.json,0,1,u_stronger
rad-core-33,2379,4175,rad-core-33/nodes/02379.json,rad-core-33/nodes/04175.json,0,1,u_stronger
rad-core-33,2379,4193,rad-core-33/nodes/02379.json,rad-core-33/nodes/04193.json,0,1,u_stronger
rad-core-33,2379,5482,rad-core-33/nodes/02379.json,rad-core-33/nodes/05482.json,0,1,u_stronger
rad-core-33,2383,3607,rad-core-33/nodes/02383.json,rad-core-33/nodes/03607.json,0,1,u_stronger
rad-core-33,2383,4175,rad-core-33/nodes/02383.json,rad-core-33/nodes/04175.json,0,1,u_stronger
rad-core-33,2383,4193,rad-core-33/nodes/02383.json,rad-core-33/nodes/04193.json,0,1,u_stronger
rad-core-33,2383,5482,rad-core-33/nodes/02383.json,rad-core-33/nodes/05482.json,0,1,u_stronger
rad-core-33,2390,5157,rad-core-33/nodes/02390.json,rad-core-33/nodes/05157.json,0,1,u_stronger
rad-core-33,2391,3152,rad-core-33/nodes/02391.json,rad-core-33/nodes/03152.json,0,1,u_stronger
rad-core-33,2392,3152,rad-core-33/nodes/02392.json,rad-core-33/nodes/03152.json,0,1,u_stronger
rad-core-33,2396,3152,rad-core-33/nodes/02396.json,rad-core-33/nodes/03152.json,0,1,u_stronger
rad-core-33,2397,3607,rad-core-33/nodes/02397.json,rad-core-33/nodes/03607.json,0,1,u_stronger
rad-core-33,2397,5482,rad-core-33/nodes/02397.json,rad-core-33/nodes/05482.json,0,1,u_stronger
rad-core-33,2398,3152,rad-core-33/nodes/02398.json,rad-core-33/nodes/03152.json,0,1,u_stronger
rad-core-33,2399,3152,rad-core-33/nodes/02399.json,rad-core-33/nodes/03152.json,0,1,u_stronger
rad-core-33,2401,3152,rad-core-33/nodes/02401.json,rad-core-33/nodes/03152.json,0,1,u_stronger
rad-core-33,2402,3152,rad-core-33/nodes/02402.json,rad-core-33/nodes/03152.json,0,1,u_stronger
rad-core-33,2403,3152,rad-core-33/nodes/02403.json,rad-core-33/nodes/03152.json,0,1,u_stronger
rad-core-33,2404,3152,rad-core-33/nodes/02404.json,rad-core-33/nodes/03152.json,0,1,u_stronger
rad-core-33,2411,3152,rad-core-33/nodes/02411.json,rad-core-33/nodes/03152.json,0,1,u_stronger
rad-core-33,2418,3152,rad-core-33/nodes/02418.json,rad-core-33/nodes/03152.json,0,1,u_stronger
rad-core-33,2419,3152,rad-core-33/nodes/02419.json,rad-core-33/nodes/03152.json,0,1,u_stronger
rad-core-33,2439,5001,rad-core-33/nodes/02439.json,rad-core-33/nodes/05001.json,0,1,u_stronger
rad-core-33,2455,3152,rad-core-33/nodes/02455.json,rad-core-33/nodes/03152.json,0,1,u_stronger
rad-core-33,2459,3152,rad-core-33/nodes/02459.json,rad-core-33/nodes/03152.json,0,1,u_stronger
rad-core-33,2460,3607,rad-core-33/nodes/02460.json,rad-core-33/nodes/03607.json,0,1,u_stronger
rad-core-33,2460,5482,rad-core-33/nodes/02460.json,rad-core-33/nodes/05482.json,0,1,u_stronger
rad-core-33,2467,3152,rad-core-33/nodes/02467.json,rad-core-33/nodes/03152.json,0,1,u_stronger
rad-core-33,2468,3152,rad-core-33/nodes/02468.json,rad-core-33/nodes/03152.json,0,1,u_stronger
rad-core-33,2470,3152,rad-core-33/nodes/02470.json,rad-core-33/nodes/03152.json,0,1,u_stronger
rad-core-33,2477,3152,rad-core-33/nodes/02477.json,rad-core-33/nodes/03152.json,0,1,u_stronger
rad-core-33,2484,3607,rad-core-33/nodes/02484.json,rad-core-33/nodes/03607.json,0,1,u_stronger
rad-core-33,2484,3937,rad-core-33/nodes/02484.json,rad-core-33/nodes/03937.json,0,1,u_stronger
rad-core-33,2484,4496,rad-core-33/nodes/02484.json,rad-core-33/nodes/04496.json,0,1,u_stronger
rad-core-33,2484,5447,rad-core-33/nodes/02484.json,rad-core-33/nodes/05447.json,0,1,u_stronger
rad-core-33,2484,5482,rad-core-33/nodes/02484.json,rad-core-33/nodes/05482.json,0,1,u_stronger
rad-core-33,2491,3152,rad-core-33/nodes/02491.json,rad-core-33/nodes/03152.json,0,1,u_stronger
rad-core-33,2493,3152,rad-core-33/nodes/02493.json,rad-core-33/nodes/03152.json,0,1,u_stronger
rad-core-33,2493,3607,rad-core-33/nodes/02493.json,rad-core-33/nodes/03607.json,0,1,u_stronger
rad-core-33,2493,5001,rad-core-33/nodes/02493.json,rad-core-33/nodes/05001.json,0,1,u_stronger
rad-core-33,2493,5482,rad-core-33/nodes/02493.json,rad-core-33/nodes/05482.json,0,1,u_stronger
rad-core-33,2495,3152,rad-core-33/nodes/02495.json,rad-core-33/nodes/03152.json,0,1,u_stronger
rad-core-33,2496,3152,rad-core-33/nodes/02496.json,rad-core-33/nodes/03152.json,0,1,u_stronger
rad-core-33,2498,3152,rad-core-33/nodes/02498.json,rad-core-33/nodes/03152.json,0,1,u_stronger
rad-core-33,2499,3152,rad-core-33/nodes/02499.json,rad-core-33/nodes/03152.json,0,1,u_stronger
rad-core-33,2500,3152,rad-core-33/nodes/02500.json,rad-core-33/nodes/03152.json,0,1,u_stronger
rad-core-33,2501,3152,rad-core-33/nodes/02501.json,rad-core-33/nodes/03152.json,0,1,u_stronger
rad-core-33,2502,3152,rad-core-33/nodes/02502.json,rad-core-33/nodes/03152.json,0,1,u_stronger
rad-core-33,2506,3152,rad-core-33/nodes/02506.json,rad-core-33/nodes/03152.json,0,1,u_stronger
rad-core-33,2507,3152,rad-core-33/nodes/02507.json,rad-core-33/nodes/03152.json,0,1,u_stronger
rad-core-33,2508,3152,rad-core-33/nodes/02508.json,rad-core-33/nodes/03152.json,0,1,u_stronger
rad-core-33,2512,3152,rad-core-33/nodes/02512.json,rad-core-33/nodes/03152.json,0,1,u_stronger
rad-core-33,2517,3152,rad-core-33/nodes/02517.json,rad-core-33/nodes/03152.json,0,1,u_stronger
rad-core-33,2518,3152,rad-core-33/nodes/02518.json,rad-core-33/nodes/03152.json,0,1,u_stronger
rad-core-33,2522,3152,rad-core-33/nodes/02522.json,rad-core-33/nodes/03152.json,0,1,u_stronger
rad-core-33,2523,3152,rad-core-33/nodes/02523.json,rad-core-33/nodes/03152.json,0,1,u_stronger
rad-core-33,2525,4452,rad-core-33/nodes/02525.json,rad-core-33/nodes/04452.json,0,1,u_stronger
rad-core-33,2526,4452,rad-core-33/nodes/02526.json,rad-core-33/nodes/04452.json,0,1,u_stronger
rad-core-33,2528,4452,rad-core-33/nodes/02528.json,rad-core-33/nodes/04452.json,0,1,u_stronger
rad-core-33,2529,3152,rad-core-33/nodes/02529.json,rad-core-33/nodes/03152.json,0,1,u_stronger
rad-core-33,2530,4452,rad-core-33/nodes/02530.json,rad-core-33/nodes/04452.json,0,1,u_stronger
rad-core-33,2531,4452,rad-core-33/nodes/02531.json,rad-core-33/nodes/04452.json,0,1,u_stronger
rad-core-33,2533,3152,rad-core-33/nodes/02533.json,rad-core-33/nodes/03152.json,0,1,u_stronger
rad-core-33,2535,4452,rad-core-33/nodes/02535.json,rad-core-33/nodes/04452.json,0,1,u_stronger
rad-core-33,2540,3152,rad-core-33/nodes/02540.json,rad-core-33/nodes/03152.json,0,1,u_stronger
rad-core-33,2545,4452,rad-core-33/nodes/02545.json,rad-core-33/nodes/04452.json,0,1,u_stronger
rad-core-33,2550,3607,rad-core-33/nodes/02550.json,rad-core-33/nodes/03607.json,0,1,u_stronger
rad-core-33,2550,4452,rad-core-33/nodes/02550.json,rad-core-33/nodes/04452.json,0,1,u_stronger
rad-core-33,2550,5482,rad-core-33/nodes/02550.json,rad-core-33/nodes/05482.json,0,1,u_stronger
rad-core-33,2553,3607,rad-core-33/nodes/02553.json,rad-core-33/nodes/03607.json,0,1,u_stronger
rad-core-33,2553,4496,rad-core-33/nodes/02553.json,rad-core-33/nodes/04496.json,0,1,u_stronger
rad-core-33,2553,5482,rad-core-33/nodes/02553.json,rad-core-33/nodes/05482.json,0,1,u_stronger
rad-core-33,2562,3152,rad-core-33/nodes/02562.json,rad-core-33/nodes/03152.json,0,1,u_stronger
rad-core-33,2575,3152,rad-core-33/nodes/02575.json,rad-core-33/nodes/03152.json,0,1,u_stronger
rad-core-33,2576,3152,rad-core-33/nodes/02576.json,rad-core-33/nodes/03152.json,0,1,u_stronger
rad-core-33,2576,3607,rad-core-33/nodes/02576.json,rad-core-33/nodes/03607.json,0,1,u_stronger
rad-core-33,2576,5001,rad-core-33/nodes/02576.json,rad-core-33/nodes/05001.json,0,1,u_stronger
rad-core-33,2576,5482,rad-core-33/nodes/02576.json,rad-core-33/nodes/05482.json,0,1,u_stronger
rad-core-33,2577,3152,rad-core-33/nodes/02577.json,rad-core-33/nodes/03152.json,0,1,u_stronger
rad-core-33,2579,3152,rad-core-33/nodes/02579.json,rad-core-33/nodes/03152.json,0,1,u_stronger
rad-core-33,2579,4469,rad-core-33/nodes/02579.json,rad-core-33/nodes/04469.json,0,1,u_stronger
rad-core-33,2581,3607,rad-core-33/nodes/02581.json,rad-core-33/nodes/03607.json,0,1,u_stronger
rad-core-33,2581,3937,rad-core-33/nodes/02581.json,rad-core-33/nodes/03937.json,0,1,u_stronger
rad-core-33,2581,5482,rad-core-33/nodes/02581.json,rad-core-33/nodes/05482.json,0,1,u_stronger
rad-core-33,2582,3152,rad-core-33/nodes/02582.json,rad-core-33/nodes/03152.json,0,1,u_stronger
rad-core-33,2582,4187,rad-core-33/nodes/02582.json,rad-core-33/nodes/04187.json,0,1,u_stronger
rad-core-33,2584,3152,rad-core-33/nodes/02584.json,rad-core-33/nodes/03152.json,0,1,u_stronger
rad-core-33,2584,3607,rad-core-33/nodes/02584.json,rad-core-33/nodes/03607.json,0,1,u_stronger
rad-core-33,2584,5001,rad-core-33/nodes/02584.json,rad-core-33/nodes/05001.json,0,1,u_stronger
rad-core-33,2584,5482,rad-core-33/nodes/02584.json,rad-core-33/nodes/05482.json,0,1,u_stronger
rad-core-33,2586,3152,rad-core-33/nodes/02586.json,rad-core-33/nodes/03152.json,0,1,u_stronger
rad-core-33,2587,3152,rad-core-33/nodes/02587.json,rad-core-33/nodes/03152.json,0,1,u_stronger
rad-core-33,2590,3152,rad-core-33/nodes/02590.json,rad-core-33/nodes/03152.json,0,1,u_stronger
rad-core-33,2591,3152,rad-core-33/nodes/02591.json,rad-core-33/nodes/03152.json,0,1,u_stronger
rad-core-33,2593,3152,rad-core-33/nodes/02593.json,rad-core-33/nodes/03152.json,0,1,u_stronger
rad-core-33,2596,3152,rad-core-33/nodes/02596.json,rad-core-33/nodes/03152.json,0,1,u_stronger
rad-core-33,2596,3607,rad-core-33/nodes/02596.json,rad-core-33/nodes/03607.json,0,1,u_stronger
rad-core-33,2596,5001,rad-core-33/nodes/02596.json,rad-core-33/nodes/05001.json,0,1,u_stronger
rad-core-33,2596,5482,rad-core-33/nodes/02596.json,rad-core-33/nodes/05482.json,0,1,u_stronger
rad-core-33,2598,3152,rad-core-33/nodes/02598.json,rad-core-33/nodes/03152.json,0,1,u_stronger
rad-core-33,2600,3607,rad-core-33/nodes/02600.json,rad-core-33/nodes/03607.json,0,1,u_stronger
rad-core-33,2600,5482,rad-core-33/nodes/02600.json,rad-core-33/nodes/05482.json,0,1,u_stronger
rad-core-33,2604,3152,rad-core-33/nodes/02604.json,rad-core-33/nodes/03152.json,0,1,u_stronger
rad-core-33,2606,3152,rad-core-33/nodes/02606.json,rad-core-33/nodes/03152.json,0,1,u_stronger
rad-core-33,2607,3607,rad-core-33/nodes/02607.json,rad-core-33/nodes/03607.json,0,1,u_stronger
rad-core-33,2607,3937,rad-core-33/nodes/02607.json,rad-core-33/nodes/03937.json,0,1,u_stronger
rad-core-33,2607,5482,rad-core-33/nodes/02607.json,rad-core-33/nodes/05482.json,0,1,u_stronger
rad-core-33,2608,3152,rad-core-33/nodes/02608.json,rad-core-33/nodes/03152.json,0,1,u_stronger
rad-core-33,2609,3152,rad-core-33/nodes/02609.json,rad-core-33/nodes/03152.json,0,1,u_stronger
rad-core-33,2611,3152,rad-core-33/nodes/02611.json,rad-core-33/nodes/03152.json,0,1,u_stronger
rad-core-33,2612,3152,rad-core-33/nodes/02612.json,rad-core-33/nodes/03152.json,0,1,u_stronger
rad-core-33,2615,3152,rad-core-33/nodes/02615.json,rad-core-33/nodes/03152.json,0,1,u_stronger
rad-core-33,2615,3607,rad-core-33/nodes/02615.json,rad-core-33/nodes/03607.json,0,1,u_stronger
rad-core-33,2615,5001,rad-core-33/nodes/02615.json,rad-core-33/nodes/05001.json,0,1,u_stronger
rad-core-33,2615,5482,rad-core-33/nodes/02615.json,rad-core-33/nodes/05482.json,0,1,u_stronger
rad-core-33,2617,3152,rad-core-33/nodes/02617.json,rad-core-33/nodes/03152.json,0,1,u_stronger
rad-core-33,2617,3607,rad-core-33/nodes/02617.json,rad-core-33/nodes/03607.json,0,1,u_stronger
rad-core-33,2617,5001,rad-core-33/nodes/02617.json,rad-core-33/nodes/05001.json,0,1,u_stronger
rad-core-33,2617,5482,rad-core-33/nodes/02617.json,rad-core-33/nodes/05482.json,0,1,u_stronger
rad-core-33,2618,3152,rad-core-33/nodes/02618.json,rad-core-33/nodes/03152.json,0,1,u_stronger
rad-core-33,2627,3152,rad-core-33/nodes/02627.json,rad-core-33/nodes/03152.json,0,1,u_stronger
rad-core-33,2630,3801,rad-core-33/nodes/02630.json,rad-core-33/nodes/03801.json,0,1,u_stronger
rad-core-33,2630,5578,rad-core-33/nodes/02630.json,rad-core-33/nodes/05578.json,0,1,u_stronger
rad-core-33,2631,3152,rad-core-33/nodes/02631.json,rad-core-33/nodes/03152.json,0,1,u_stronger
rad-core-33,2632,3152,rad-core-33/nodes/02632.json,rad-core-33/nodes/03152.json,0,1,u_stronger
rad-core-33,2632,3607,rad-core-33/nodes/02632.json,rad-core-33/nodes/03607.json,0,1,u_stronger
rad-core-33,2632,5001,rad-core-33/nodes/02632.json,rad-core-33/nodes/05001.json,0,1,u_stronger
rad-core-33,2632,5482,rad-core-33/nodes/02632.json,rad-core-33/nodes/05482.json,0,1,u_stronger
rad-core-33,2635,3152,rad-core-33/nodes/02635.json,rad-core-33/nodes/03152.json,0,1,u_stronger
rad-core-33,2636,3152,rad-core-33/nodes/02636.json,rad-core-33/nodes/03152.json,0,1,u_stronger
rad-core-33,2638,3152,rad-core-33/nodes/02638.json,rad-core-33/nodes/03152.json,0,1,u_stronger
rad-core-33,2640,3152,rad-core-33/nodes/02640.json,rad-core-33/nodes/03152.json,0,1,u_stronger
rad-core-33,2644,3152,rad-core-33/nodes/02644.json,rad-core-33/nodes/03152.json,0,1,u_stronger
rad-core-33,2646,3152,rad-core-33/nodes/02646.json,rad-core-33/nodes/03152.json,0,1,u_stronger
rad-core-33,2647,3607,rad-core-33/nodes/02647.json,rad-core-33/nodes/03607.json,0,1,u_stronger
rad-core-33,2647,3937,rad-core-33/nodes/02647.json,rad-core-33/nodes/03937.json,0,1,u_stronger
rad-core-33,2647,5482,rad-core-33/nodes/02647.json,rad-core-33/nodes/05482.json,0,1,u_stronger
rad-core-33,2648,3152,rad-core-33/nodes/02648.json,rad-core-33/nodes/03152.json,0,1,u_stronger
rad-core-33,2651,3152,rad-core-33/nodes/02651.json,rad-core-33/nodes/03152.json,0,1,u_stronger
rad-core-33,2651,3607,rad-core-33/nodes/02651.json,rad-core-33/nodes/03607.json,0,1,u_stronger
rad-core-33,2651,5001,rad-core-33/nodes/02651.json,rad-core-33/nodes/05001.json,0,1,u_stronger
rad-core-33,2651,5482,rad-core-33/nodes/02651.json,rad-core-33/nodes/05482.json,0,1,u_stronger
rad-core-33,2653,3152,rad-core-33/nodes/02653.json,rad-core-33/nodes/03152.json,0,1,u_stronger
rad-core-33,2655,3152,rad-core-33/nodes/02655.json,rad-core-33/nodes/03152.json,0,1,u_stronger
rad-core-33,2657,3152,rad-core-33/nodes/02657.json,rad-core-33/nodes/03152.json,0,1,u_stronger
rad-core-33,2658,3152,rad-core-33/nodes/02658.json,rad-core-33/nodes/03152.json,0,1,u_stronger
rad-core-33,2659,3152,rad-core-33/nodes/02659.json,rad-core-33/nodes/03152.json,0,1,u_stronger
rad-core-33,2659,3607,rad-core-33/nodes/02659.json,rad-core-33/nodes/03607.json,0,1,u_stronger
rad-core-33,2659,5001,rad-core-33/nodes/02659.json,rad-core-33/nodes/05001.json,0,1,u_stronger
rad-core-33,2659,5482,rad-core-33/nodes/02659.json,rad-core-33/nodes/05482.json,0,1,u_stronger
rad-core-33,2660,3152,rad-core-33/nodes/02660.json,rad-core-33/nodes/03152.json,0,1,u_stronger
rad-core-33,2661,3152,rad-core-33/nodes/02661.json,rad-core-33/nodes/03152.json,0,1,u_stronger
rad-core-33,2662,3152,rad-core-33/nodes/02662.json,rad-core-33/nodes/03152.json,0,1,u_stronger
rad-core-33,2664,3152,rad-core-33/nodes/02664.json,rad-core-33/nodes/03152.json,0,1,u_stronger
rad-core-33,2665,3152,rad-core-33/nodes/02665.json,rad-core-33/nodes/03152.json,0,1,u_stronger
rad-core-33,2673,3152,rad-core-33/nodes/02673.json,rad-core-33/nodes/03152.json,0,1,u_stronger
rad-core-33,2674,3152,rad-core-33/nodes/02674.json,rad-core-33/nodes/03152.json,0,1,u_stronger
rad-core-33,2678,3152,rad-core-33/nodes/02678.json,rad-core-33/nodes/03152.json,0,1,u_stronger
rad-core-33,2698,4917,rad-core-33/nodes/02698.json,rad-core-33/nodes/04917.json,0,1,u_stronger
rad-core-33,2701,3152,rad-core-33/nodes/02701.json,rad-core-33/nodes/03152.json,0,1,u_stronger
rad-core-33,2734,3152,rad-core-33/nodes/02734.json,rad-core-33/nodes/03152.json,0,1,u_stronger
rad-core-33,2734,3607,rad-core-33/nodes/02734.json,rad-core-33/nodes/03607.json,0,1,u_stronger
rad-core-33,2734,5001,rad-core-33/nodes/02734.json,rad-core-33/nodes/05001.json,0,1,u_stronger
rad-core-33,2734,5482,rad-core-33/nodes/02734.json,rad-core-33/nodes/05482.json,0,1,u_stronger
rad-core-33,2749,3607,rad-core-33/nodes/02749.json,rad-core-33/nodes/03607.json,0,1,u_stronger
rad-core-33,2749,5482,rad-core-33/nodes/02749.json,rad-core-33/nodes/05482.json,0,1,u_stronger
rad-core-33,2762,3607,rad-core-33/nodes/02762.json,rad-core-33/nodes/03607.json,0,1,u_stronger
rad-core-33,2762,5482,rad-core-33/nodes/02762.json,rad-core-33/nodes/05482.json,0,1,u_stronger
rad-core-33,2768,3152,rad-core-33/nodes/02768.json,rad-core-33/nodes/03152.json,0,1,u_stronger
rad-core-33,2769,3152,rad-core-33/nodes/02769.json,rad-core-33/nodes/03152.json,0,1,u_stronger
rad-core-33,2770,3152,rad-core-33/nodes/02770.json,rad-core-33/nodes/03152.json,0,1,u_stronger
rad-core-33,2771,3152,rad-core-33/nodes/02771.json,rad-core-33/nodes/03152.json,0,1,u_stronger
rad-core-33,2772,3152,rad-core-33/nodes/02772.json,rad-core-33/nodes/03152.json,0,1,u_stronger
rad-core-33,2772,3607,rad-core-33/nodes/02772.json,rad-core-33/nodes/03607.json,0,1,u_stronger
rad-core-33,2772,5001,rad-core-33/nodes/02772.json,rad-core-33/nodes/05001.json,0,1,u_stronger
rad-core-33,2772,5482,rad-core-33/nodes/02772.json,rad-core-33/nodes/05482.json,0,1,u_stronger
rad-core-33,2774,4228,rad-core-33/nodes/02774.json,rad-core-33/nodes/04228.json,0,1,u_stronger
rad-core-33,2775,3152,rad-core-33/nodes/02775.json,rad-core-33/nodes/03152.json,0,1,u_stronger
rad-core-33,2775,3607,rad-core-33/nodes/02775.json,rad-core-33/nodes/03607.json,0,1,u_stronger
rad-core-33,2775,5001,rad-core-33/nodes/02775.json,rad-core-33/nodes/05001.json,0,1,u_stronger
rad-core-33,2775,5482,rad-core-33/nodes/02775.json,rad-core-33/nodes/05482.json,0,1,u_stronger
rad-core-33,2776,3152,rad-core-33/nodes/02776.json,rad-core-33/nodes/03152.json,0,1,u_stronger
rad-core-33,2777,3152,rad-core-33/nodes/02777.json,rad-core-33/nodes/03152.json,0,1,u_stronger
rad-core-33,2778,3152,rad-core-33/nodes/02778.json,rad-core-33/nodes/03152.json,0,1,u_stronger
rad-core-33,2779,3152,rad-core-33/nodes/02779.json,rad-core-33/nodes/03152.json,0,1,u_stronger
rad-core-33,2780,3152,rad-core-33/nodes/02780.json,rad-core-33/nodes/03152.json,0,1,u_stronger
rad-core-33,2781,3152,rad-core-33/nodes/02781.json,rad-core-33/nodes/03152.json,0,1,u_stronger
rad-core-33,2782,3152,rad-core-33/nodes/02782.json,rad-core-33/nodes/03152.json,0,1,u_stronger
rad-core-33,2783,3152,rad-core-33/nodes/02783.json,rad-core-33/nodes/03152.json,0,1,u_stronger
rad-core-33,2784,3152,rad-core-33/nodes/02784.json,rad-core-33/nodes/03152.json,0,1,u_stronger
rad-core-33,2786,3152,rad-core-33/nodes/02786.json,rad-core-33/nodes/03152.json,0,1,u_stronger
rad-core-33,2789,3152,rad-core-33/nodes/02789.json,rad-core-33/nodes/03152.json,0,1,u_stronger
rad-core-33,2789,3607,rad-core-33/nodes/02789.json,rad-core-33/nodes/03607.json,0,1,u_stronger
rad-core-33,2789,5001,rad-core-33/nodes/02789.json,rad-core-33/nodes/05001.json,0,1,u_stronger
rad-core-33,2789,5482,rad-core-33/nodes/02789.json,rad-core-33/nodes/05482.json,0,1,u_stronger
rad-core-33,2792,3152,rad-core-33/nodes/02792.json,rad-core-33/nodes/03152.json,0,1,u_stronger
rad-core-33,2795,3152,rad-core-33/nodes/02795.json,rad-core-33/nodes/03152.json,0,1,u_stronger
rad-core-33,2799,3152,rad-core-33/nodes/02799.json,rad-core-33/nodes/03152.json,0,1,u_stronger
rad-core-33,2809,3152,rad-core-33/nodes/02809.json,rad-core-33/nodes/03152.json,0,1,u_stronger
rad-core-33,2813,3152,rad-core-33/nodes/02813.json,rad-core-33/nodes/03152.json,0,1,u_stronger
rad-core-33,2815,3152,rad-core-33/nodes/02815.json,rad-core-33/nodes/03152.json,0,1,u_stronger
rad-core-33,2816,3152,rad-core-33/nodes/02816.json,rad-core-33/nodes/03152.json,0,1,u_stronger
rad-core-33,2818,3152,rad-core-33/nodes/02818.json,rad-core-33/nodes/03152.json,0,1,u_stronger
rad-core-33,2821,3152,rad-core-33/nodes/02821.json,rad-core-33/nodes/03152.json,0,1,u_stronger
rad-core-33,2822,3152,rad-core-33/nodes/02822.json,rad-core-33/nodes/03152.json,0,1,u_stronger
rad-core-33,2823,3152,rad-core-33/nodes/02823.json,rad-core-33/nodes/03152.json,0,1,u_stronger
rad-core-33,2823,3607,rad-core-33/nodes/02823.json,rad-core-33/nodes/03607.json,0,1,u_stronger
rad-core-33,2823,5001,rad-core-33/nodes/02823.json,rad-core-33/nodes/05001.json,0,1,u_stronger
rad-core-33,2823,5482,rad-core-33/nodes/02823.json,rad-core-33/nodes/05482.json,0,1,u_stronger
rad-core-33,2826,3152,rad-core-33/nodes/02826.json,rad-core-33/nodes/03152.json,0,1,u_stronger
rad-core-33,2826,3537,rad-core-33/nodes/02826.json,rad-core-33/nodes/03537.json,0,1,u_stronger
rad-core-33,2826,3538,rad-core-33/nodes/02826.json,rad-core-33/nodes/03538.json,0,1,u_stronger
rad-core-33,2826,4061,rad-core-33/nodes/02826.json,rad-core-33/nodes/04061.json,0,1,u_stronger
rad-core-33,2826,4499,rad-core-33/nodes/02826.json,rad-core-33/nodes/04499.json,0,1,u_stronger
rad-core-33,2828,3152,rad-core-33/nodes/02828.json,rad-core-33/nodes/03152.json,0,1,u_stronger
rad-core-33,2831,3152,rad-core-33/nodes/02831.json,rad-core-33/nodes/03152.json,0,1,u_stronger
rad-core-33,2831,3607,rad-core-33/nodes/02831.json,rad-core-33/nodes/03607.json,0,1,u_stronger
rad-core-33,2831,5001,rad-core-33/nodes/02831.json,rad-core-33/nodes/05001.json,0,1,u_stronger
rad-core-33,2831,5482,rad-core-33/nodes/02831.json,rad-core-33/nodes/05482.json,0,1,u_stronger
rad-core-33,2835,3152,rad-core-33/nodes/02835.json,rad-core-33/nodes/03152.json,0,1,u_stronger
rad-core-33,2835,3607,rad-core-33/nodes/02835.json,rad-core-33/nodes/03607.json,0,1,u_stronger
rad-core-33,2835,5001,rad-core-33/nodes/02835.json,rad-core-33/nodes/05001.json,0,1,u_stronger
rad-core-33,2835,5482,rad-core-33/nodes/02835.json,rad-core-33/nodes/05482.json,0,1,u_stronger
rad-core-33,2837,3152,rad-core-33/nodes/02837.json,rad-core-33/nodes/03152.json,0,1,u_stronger
rad-core-33,2839,3152,rad-core-33/nodes/02839.json,rad-core-33/nodes/03152.json,0,1,u_stronger
rad-core-33,2840,3152,rad-core-33/nodes/02840.json,rad-core-33/nodes/03152.json,0,1,u_stronger
rad-core-33,2841,3152,rad-core-33/nodes/02841.json,rad-core-33/nodes/03152.json,0,1,u_stronger
rad-core-33,2843,3152,rad-core-33/nodes/02843.json,rad-core-33/nodes/03152.json,0,1,u_stronger
rad-core-33,2846,3152,rad-core-33/nodes/02846.json,rad-core-33/nodes/03152.json,0,1,u_stronger
rad-core-33,2847,3152,rad-core-33/nodes/02847.json,rad-core-33/nodes/03152.json,0,1,u_stronger
rad-core-33,2850,3152,rad-core-33/nodes/02850.json,rad-core-33/nodes/03152.json,0,1,u_stronger
rad-core-33,2860,3152,rad-core-33/nodes/02860.json,rad-core-33/nodes/03152.json,0,1,u_stronger
rad-core-33,2864,3152,rad-core-33/nodes/02864.json,rad-core-33/nodes/03152.json,0,1,u_stronger
rad-core-33,2865,3152,rad-core-33/nodes/02865.json,rad-core-33/nodes/03152.json,0,1,u_stronger
rad-core-33,2865,4106,rad-core-33/nodes/02865.json,rad-core-33/nodes/04106.json,0,1,u_stronger
rad-core-33,2874,3152,rad-core-33/nodes/02874.json,rad-core-33/nodes/03152.json,0,1,u_stronger
rad-core-33,2883,3152,rad-core-33/nodes/02883.json,rad-core-33/nodes/03152.json,0,1,u_stronger
rad-core-33,2885,3152,rad-core-33/nodes/02885.json,rad-core-33/nodes/03152.json,0,1,u_stronger
rad-core-33,2886,3152,rad-core-33/nodes/02886.json,rad-core-33/nodes/03152.json,0,1,u_stronger
rad-core-33,2893,3152,rad-core-33/nodes/02893.json,rad-core-33/nodes/03152.json,0,1,u_stronger
rad-core-33,2897,3152,rad-core-33/nodes/02897.json,rad-core-33/nodes/03152.json,0,1,u_stronger
rad-core-33,2902,3152,rad-core-33/nodes/02902.json,rad-core-33/nodes/03152.json,0,1,u_stronger
rad-core-33,2905,3607,rad-core-33/nodes/02905.json,rad-core-33/nodes/03607.json,0,1,u_stronger
rad-core-33,2905,3937,rad-core-33/nodes/02905.json,rad-core-33/nodes/03937.json,0,1,u_stronger
rad-core-33,2905,5482,rad-core-33/nodes/02905.json,rad-core-33/nodes/05482.json,0,1,u_stronger
rad-core-33,2914,3607,rad-core-33/nodes/02914.json,rad-core-33/nodes/03607.json,0,1,u_stronger
rad-core-33,2914,5482,rad-core-33/nodes/02914.json,rad-core-33/nodes/05482.json,0,1,u_stronger
rad-core-33,2915,3152,rad-core-33/nodes/02915.json,rad-core-33/nodes/03152.json,0,1,u_stronger
rad-core-33,2918,3607,rad-core-33/nodes/02918.json,rad-core-33/nodes/03607.json,0,1,u_stronger
rad-core-33,2918,3937,rad-core-33/nodes/02918.json,rad-core-33/nodes/03937.json,0,1,u_stronger
rad-core-33,2918,5482,rad-core-33/nodes/02918.json,rad-core-33/nodes/05482.json,0,1,u_stronger
rad-core-33,2919,3152,rad-core-33/nodes/02919.json,rad-core-33/nodes/03152.json,0,1,u_stronger
rad-core-33,2925,3152,rad-core-33/nodes/02925.json,rad-core-33/nodes/03152.json,0,1,u_stronger
rad-core-33,2933,3152,rad-core-33/nodes/02933.json,rad-core-33/nodes/03152.json,0,1,u_stronger
rad-core-33,2938,3152,rad-core-33/nodes/02938.json,rad-core-33/nodes/03152.json,0,1,u_stronger
rad-core-33,2939,3152,rad-core-33/nodes/02939.json,rad-core-33/nodes/03152.json,0,1,u_stronger
rad-core-33,2940,3607,rad-core-33/nodes/02940.json,rad-core-33/nodes/03607.json,0,1,u_stronger
rad-core-33,2940,5482,rad-core-33/nodes/02940.json,rad-core-33/nodes/05482.json,0,1,u_stronger
rad-core-33,2942,3152,rad-core-33/nodes/02942.json,rad-core-33/nodes/03152.json,0,1,u_stronger
rad-core-33,2942,3607,rad-core-33/nodes/02942.json,rad-core-33/nodes/03607.json,0,1,u_stronger
rad-core-33,2942,5001,rad-core-33/nodes/02942.json,rad-core-33/nodes/05001.json,0,1,u_stronger
rad-core-33,2942,5482,rad-core-33/nodes/02942.json,rad-core-33/nodes/05482.json,0,1,u_stronger
rad-core-33,2943,3152,rad-core-33/nodes/02943.json,rad-core-33/nodes/03152.json,0,1,u_stronger
rad-core-33,2944,3152,rad-core-33/nodes/02944.json,rad-core-33/nodes/03152.json,0,1,u_stronger
rad-core-33,2947,3152,rad-core-33/nodes/02947.json,rad-core-33/nodes/03152.json,0,1,u_stronger
rad-core-33,2947,3607,rad-core-33/nodes/02947.json,rad-core-33/nodes/03607.json,0,1,u_stronger
rad-core-33,2947,5001,rad-core-33/nodes/02947.json,rad-core-33/nodes/05001.json,0,1,u_stronger
rad-core-33,2947,5482,rad-core-33/nodes/02947.json,rad-core-33/nodes/05482.json,0,1,u_stronger
rad-core-33,2948,3152,rad-core-33/nodes/02948.json,rad-core-33/nodes/03152.json,0,1,u_stronger
rad-core-33,2949,3152,rad-core-33/nodes/02949.json,rad-core-33/nodes/03152.json,0,1,u_stronger
rad-core-33,2949,3607,rad-core-33/nodes/02949.json,rad-core-33/nodes/03607.json,0,1,u_stronger
rad-core-33,2949,5001,rad-core-33/nodes/02949.json,rad-core-33/nodes/05001.json,0,1,u_stronger
rad-core-33,2949,5482,rad-core-33/nodes/02949.json,rad-core-33/nodes/05482.json,0,1,u_stronger
rad-core-33,2952,3152,rad-core-33/nodes/02952.json,rad-core-33/nodes/03152.json,0,1,u_stronger
rad-core-33,2954,3152,rad-core-33/nodes/02954.json,rad-core-33/nodes/03152.json,0,1,u_stronger
rad-core-33,2954,3607,rad-core-33/nodes/02954.json,rad-core-33/nodes/03607.json,0,1,u_stronger
rad-core-33,2954,5001,rad-core-33/nodes/02954.json,rad-core-33/nodes/05001.json,0,1,u_stronger
rad-core-33,2954,5482,rad-core-33/nodes/02954.json,rad-core-33/nodes/05482.json,0,1,u_stronger
rad-core-33,2956,3152,rad-core-33/nodes/02956.json,rad-core-33/nodes/03152.json,0,1,u_stronger
rad-core-33,2959,3152,rad-core-33/nodes/02959.json,rad-core-33/nodes/03152.json,0,1,u_stronger
rad-core-33,2961,3152,rad-core-33/nodes/02961.json,rad-core-33/nodes/03152.json,0,1,u_stronger
rad-core-33,2964,3152,rad-core-33/nodes/02964.json,rad-core-33/nodes/03152.json,0,1,u_stronger
rad-core-33,2965,3152,rad-core-33/nodes/02965.json,rad-core-33/nodes/03152.json,0,1,u_stronger
rad-core-33,2968,3499,rad-core-33/nodes/02968.json,rad-core-33/nodes/03499.json,0,1,u_stronger
rad-core-33,2969,3152,rad-core-33/nodes/02969.json,rad-core-33/nodes/03152.json,0,1,u_stronger
rad-core-33,2972,3607,rad-core-33/nodes/02972.json,rad-core-33/nodes/03607.json,0,1,u_stronger
rad-core-33,2972,5482,rad-core-33/nodes/02972.json,rad-core-33/nodes/05482.json,0,1,u_stronger
rad-core-33,2976,4130,rad-core-33/nodes/02976.json,rad-core-33/nodes/04130.json,0,1,u_stronger
rad-core-33,2978,3152,rad-core-33/nodes/02978.json,rad-core-33/nodes/03152.json,0,1,u_stronger
rad-core-33,2984,3152,rad-core-33/nodes/02984.json,rad-core-33/nodes/03152.json,0,1,u_stronger
rad-core-33,2987,3152,rad-core-33/nodes/02987.json,rad-core-33/nodes/03152.json,0,1,u_stronger
rad-core-33,2990,3152,rad-core-33/nodes/02990.json,rad-core-33/nodes/03152.json,0,1,u_stronger
rad-core-33,2993,4187,rad-core-33/nodes/02993.json,rad-core-33/nodes/04187.json,0,1,u_stronger
rad-core-33,2998,3152,rad-core-33/nodes/02998.json,rad-core-33/nodes/03152.json,0,1,u_stronger
rad-core-33,2998,3607,rad-core-33/nodes/02998.json,rad-core-33/nodes/03607.json,0,1,u_stronger
rad-core-33,2998,5001,rad-core-33/nodes/02998.json,rad-core-33/nodes/05001.json,0,1,u_stronger
rad-core-33,2998,5482,rad-core-33/nodes/02998.json,rad-core-33/nodes/05482.json,0,1,u_stronger
rad-core-33,2999,3353,rad-core-33/nodes/02999.json,rad-core-33/nodes/03353.json,0,1,u_stronger
rad-core-33,2999,4112,rad-core-33/nodes/02999.json,rad-core-33/nodes/04112.json,0,1,u_stronger
rad-core-33,3003,3152,rad-core-33/nodes/03003.json,rad-core-33/nodes/03152.json,0,1,u_stronger
rad-core-33,3010,3152,rad-core-33/nodes/03010.json,rad-core-33/nodes/03152.json,0,1,u_stronger
rad-core-33,3011,3152,rad-core-33/nodes/03011.json,rad-core-33/nodes/03152.json,0,1,u_stronger
rad-core-33,3011,3607,rad-core-33/nodes/03011.json,rad-core-33/nodes/03607.json,0,1,u_stronger
rad-core-33,3011,5001,rad-core-33/nodes/03011.json,rad-core-33/nodes/05001.json,0,1,u_stronger
rad-core-33,3011,5482,rad-core-33/nodes/03011.json,rad-core-33/nodes/05482.json,0,1,u_stronger
rad-core-33,3019,3607,rad-core-33/nodes/03019.json,rad-core-33/nodes/03607.json,0,1,u_stronger
rad-core-33,3019,4175,rad-core-33/nodes/03019.json,rad-core-33/nodes/04175.json,0,1,u_stronger
rad-core-33,3019,4193,rad-core-33/nodes/03019.json,rad-core-33/nodes/04193.json,0,1,u_stronger
rad-core-33,3019,5482,rad-core-33/nodes/03019.json,rad-core-33/nodes/05482.json,0,1,u_stronger
rad-core-33,3021,3152,rad-core-33/nodes/03021.json,rad-core-33/nodes/03152.json,0,1,u_stronger
rad-core-33,3026,3217,rad-core-33/nodes/03026.json,rad-core-33/nodes/03217.json,0,1,u_stronger
rad-core-33,3033,3607,rad-core-33/nodes/03033.json,rad-core-33/nodes/03607.json,0,1,u_stronger
rad-core-33,3033,4175,rad-core-33/nodes/03033.json,rad-core-33/nodes/04175.json,0,1,u_stronger
rad-core-33,3033,4193,rad-core-33/nodes/03033.json,rad-core-33/nodes/04193.json,0,1,u_stronger
rad-core-33,3033,5482,rad-core-33/nodes/03033.json,rad-core-33/nodes/05482.json,0,1,u_stronger
rad-core-33,3037,3509,rad-core-33/nodes/03037.json,rad-core-33/nodes/03509.json,1,1,equivalent
rad-core-33,3043,3566,rad-core-33/nodes/03043.json,rad-core-33/nodes/03566.json,1,0,d_stronger
rad-core-33,3046,3607,rad-core-33/nodes/03046.json,rad-core-33/nodes/03607.json,0,1,u_stronger
rad-core-33,3046,4175,rad-core-33/nodes/03046.json,rad-core-33/nodes/04175.json,0,1,u_stronger
rad-core-33,3046,4193,rad-core-33/nodes/03046.json,rad-core-33/nodes/04193.json,0,1,u_stronger
rad-core-33,3046,5482,rad-core-33/nodes/03046.json,rad-core-33/nodes/05482.json,0,1,u_stronger
rad-core-45,2,2747,rad-core-45/nodes/00002.json,rad-core-45/nodes/02747.json,0,1,u_stronger
rad-core-45,4,1516,rad-core-45/nodes/00004.json,rad-core-45/nodes/01516.json,0,1,u_stronger
rad-core-45,4,1548,rad-core-45/nodes/00004.json,rad-core-45/nodes/01548.json,0,1,u_stronger
rad-core-45,4,1739,rad-core-45/nodes/00004.json,rad-core-45/nodes/01739.json,0,1,u_stronger
rad-core-45,15,2747,rad-core-45/nodes/00015.json,rad-core-45/nodes/02747.json,0,1,u_stronger
rad-core-45,25,2747,rad-core-45/nodes/00025.json,rad-core-45/nodes/02747.json,0,1,u_stronger
rad-core-45,34,2776,rad-core-45/nodes/00034.json,rad-core-45/nodes/02776.json,0,1,u_stronger
rad-core-45,46,2776,rad-core-45/nodes/00046.json,rad-core-45/nodes/02776.json,0,1,u_stronger
rad-core-45,50,2540,rad-core-45/nodes/00050.json,rad-core-45/nodes/02540.json,0,1,u_stronger
rad-core-45,55,2747,rad-core-45/nodes/00055.json,rad-core-45/nodes/02747.json,0,1,u_stronger
rad-core-45,56,1478,rad-core-45/nodes/00056.json,rad-core-45/nodes/01478.json,0,1,u_stronger
rad-core-45,58,2048,rad-core-45/nodes/00058.json,rad-core-45/nodes/02048.json,0,1,u_stronger
rad-core-45,58,2521,rad-core-45/nodes/00058.json,rad-core-45/nodes/02521.json,0,1,u_stronger
rad-core-45,68,2544,rad-core-45/nodes/00068.json,rad-core-45/nodes/02544.json,0,1,u_stronger
rad-core-45,71,2544,rad-core-45/nodes/00071.json,rad-core-45/nodes/02544.json,0,1,u_stronger
rad-core-45,78,2521,rad-core-45/nodes/00078.json,rad-core-45/nodes/02521.json,0,1,u_stronger
rad-core-45,88,2323,rad-core-45/nodes/00088.json,rad-core-45/nodes/02323.json,1,0,d_stronger
rad-core-45,88,2338,rad-core-45/nodes/00088.json,rad-core-45/nodes/02338.json,1,0,d_stronger
rad-core-45,90,1604,rad-core-45/nodes/00090.json,rad-core-45/nodes/01604.json,0,1,u_stronger
rad-core-45,102,2521,rad-core-45/nodes/00102.json,rad-core-45/nodes/02521.json,0,1,u_stronger
rad-core-45,120,2747,rad-core-45/nodes/00120.json,rad-core-45/nodes/02747.json,0,1,u_stronger
rad-core-45,133,1887,rad-core-45/nodes/00133.json,rad-core-45/nodes/01887.json,0,1,u_stronger
rad-core-45,151,1577,rad-core-45/nodes/00151.json,rad-core-45/nodes/01577.json,1,0,d_stronger
rad-core-45,151,2182,rad-core-45/nodes/00151.json,rad-core-45/nodes/02182.json,1,0,d_stronger
rad-core-45,163,2423,rad-core-45/nodes/00163.json,rad-core-45/nodes/02423.json,1,0,d_stronger
rad-core-45,163,2443,rad-core-45/nodes/00163.json,rad-core-45/nodes/02443.json,1,0,d_stronger
rad-core-45,165,1589,rad-core-45/nodes/00165.json,rad-core-45/nodes/01589.json,1,0,d_stronger
rad-core-45,165,2369,rad-core-45/nodes/00165.json,rad-core-45/nodes/02369.json,1,0,d_stronger
rad-core-45,165,2380,rad-core-45/nodes/00165.json,rad-core-45/nodes/02380.json,1,0,d_stronger
rad-core-45,169,2747,rad-core-45/nodes/00169.json,rad-core-45/nodes/02747.json,0,1,u_stronger
rad-core-45,171,2747,rad-core-45/nodes/00171.json,rad-core-45/nodes/02747.json,0,1,u_stronger
rad-core-45,175,2747,rad-core-45/nodes/00175.json,rad-core-45/nodes/02747.json,0,1,u_stronger
rad-core-45,180,1767,rad-core-45/nodes/00180.json,rad-core-45/nodes/01767.json,1,1,equivalent
rad-core-45,183,2369,rad-core-45/nodes/00183.json,rad-core-45/nodes/02369.json,1,0,d_stronger
rad-core-45,183,2380,rad-core-45/nodes/00183.json,rad-core-45/nodes/02380.json,1,0,d_stronger
rad-core-45,189,1940,rad-core-45/nodes/00189.json,rad-core-45/nodes/01940.json,1,1,equivalent
rad-core-45,200,1790,rad-core-45/nodes/00200.json,rad-core-45/nodes/01790.json,0,1,u_stronger
rad-core-45,202,1514,rad-core-45/nodes/00202.json,rad-core-45/nodes/01514.json,0,1,u_stronger
rad-core-45,207,1884,rad-core-45/nodes/00207.json,rad-core-45/nodes/01884.json,0,1,u_stronger
rad-core-45,208,1479,rad-core-45/nodes/00208.json,rad-core-45/nodes/01479.json,0,1,u_stronger
rad-core-45,209,2384,rad-core-45/nodes/00209.json,rad-core-45/nodes/02384.json,1,0,d_stronger
rad-core-45,209,2513,rad-core-45/nodes/00209.json,rad-core-45/nodes/02513.json,1,0,d_stronger
rad-core-45,223,1545,rad-core-45/nodes/00223.json,rad-core-45/nodes/01545.json,0,1,u_stronger
rad-core-45,226,2747,rad-core-45/nodes/00226.json,rad-core-45/nodes/02747.json,0,1,u_stronger
rad-core-45,236,2717,rad-core-45/nodes/00236.json,rad-core-45/nodes/02717.json,1,0,d_stronger
rad-core-45,236,2732,rad-core-45/nodes/00236.json,rad-core-45/nodes/02732.json,1,0,d_stronger
rad-core-45,247,2198,rad-core-45/nodes/00247.json,rad-core-45/nodes/02198.json,0,1,u_stronger
rad-core-45,262,2267,rad-core-45/nodes/00262.json,rad-core-45/nodes/02267.json,0,1,u_stronger
rad-core-45,274,2747,rad-core-45/nodes/00274.json,rad-core-45/nodes/02747.json,0,1,u_stronger
rad-core-45,275,2747,rad-core-45/nodes/00275.json,rad-core-45/nodes/02747.json,0,1,u_stronger
rad-core-45,284,2194,rad-core-45/nodes/00284.json,rad-core-45/nodes/02194.json,1,0,d_stronger
rad-core-45,284,2527,rad-core-45/nodes/00284.json,rad-core-45/nodes/02527.json,1,0,d_stronger
rad-core-45,287,2694,rad-core-45/nodes/00287.json,rad-core-45/nodes/02694.json,0,1,u_stronger
rad-core-45,291,2747,rad-core-45/nodes/00291.json,rad-core-45/nodes/02747.json,0,1,u_stronger
rad-core-45,295,2694,rad-core-45/nodes/00295.json,rad-core-45/nodes/02694.json,0,1,u_stronger
rad-core-45,328,2747,rad-core-45/nodes/00328.json,rad-core-45/nodes/02747.json,0,1,u_stronger
rad-core-45,334,2747,rad-core-45/nodes/00334.json,rad-core-45/nodes/02747.json,0,1,u_stronger
rad-core-45,338,2747,rad-core-45/nodes/00338.json,rad-core-45/nodes/02747.json,0,1,u_stronger
rad-core-45,341,2747,rad-core-45/nodes/00341.json,rad-core-45/nodes/02747.json,0,1,u_stronger
rad-core-45,351,1514,rad-core-45/nodes/00351.json,rad-core-45/nodes/01514.json,0,1,u_stronger
rad-core-45,351,1534,rad-core-45/nodes/00351.json,rad-core-45/nodes/01534.json,0,1,u_stronger
rad-core-45,351,2074,rad-core-45/nodes/00351.json,rad-core-45/nodes/02074.json,0,1,u_stronger
rad-core-45,362,2255,rad-core-45/nodes/00362.json,rad-core-45/nodes/02255.json,1,0,d_stronger
rad-core-45,375,2747,rad-core-45/nodes/00375.json,rad-core-45/nodes/02747.json,0,1,u_stronger
rad-core-45,381,2747,rad-core-45/nodes/00381.json,rad-core-45/nodes/02747.json,0,1,u_stronger
rad-core-45,396,2747,rad-core-45/nodes/00396.json,rad-core-45/nodes/02747.json,0,1,u_stronger
rad-core-45,397,2747,rad-core-45/nodes/00397.json,rad-core-45/nodes/02747.json,0,1,u_stronger
rad-core-45,398,2747,rad-core-45/nodes/00398.json,rad-core-45/nodes/02747.json,0,1,u_stronger
rad-core-45,401,2747,rad-core-45/nodes/00401.json,rad-core-45/nodes/02747.json,0,1,u_stronger
rad-core-45,403,2747,rad-core-45/nodes/00403.json,rad-core-45/nodes/02747.json,0,1,u_stronger
rad-core-45,405,2194,rad-core-45/nodes/00405.json,rad-core-45/nodes/02194.json,1,0,d_stronger
rad-core-45,406,2747,rad-core-45/nodes/00406.json,rad-core-45/nodes/02747.json,0,1,u_stronger
rad-core-45,411,2747,rad-core-45/nodes/00411.json,rad-core-45/nodes/02747.json,0,1,u_stronger
rad-core-45,414,2662,rad-core-45/nodes/00414.json,rad-core-45/nodes/02662.json,0,1,u_stronger
rad-core-45,419,1468,rad-core-45/nodes/00419.json,rad-core-45/nodes/01468.json,1,0,d_stronger
rad-core-45,419,1472,rad-core-45/nodes/00419.json,rad-core-45/nodes/01472.json,1,0,d_stronger
rad-core-45,419,1473,rad-core-45/nodes/00419.json,rad-core-45/nodes/01473.json,1,0,d_stronger
rad-core-45,419,1476,rad-core-45/nodes/00419.json,rad-core-45/nodes/01476.json,1,0,d_stronger
rad-core-45,419,1477,rad-core-45/nodes/00419.json,rad-core-45/nodes/01477.json,1,0,d_stronger
rad-core-45,419,1624,rad-core-45/nodes/00419.json,rad-core-45/nodes/01624.json,1,0,d_stronger
rad-core-45,419,2427,rad-core-45/nodes/00419.json,rad-core-45/nodes/02427.json,1,0,d_stronger
rad-core-45,428,1824,rad-core-45/nodes/00428.json,rad-core-45/nodes/01824.json,1,0,d_stronger
rad-core-45,428,1827,rad-core-45/nodes/00428.json,rad-core-45/nodes/01827.json,1,0,d_stronger
rad-core-45,428,1847,rad-core-45/nodes/00428.json,rad-core-45/nodes/01847.json,1,0,d_stronger
rad-core-45,429,429,rad-core-45/nodes/00429.json,rad-core-45/nodes/00429.json,1,1,equivalent
rad-core-45,436,2356,rad-core-45/nodes/00436.json,rad-core-45/nodes/02356.json,0,1,u_stronger
rad-core-45,463,1620,rad-core-45/nodes/00463.json,rad-core-45/nodes/01620.json,0,1,u_stronger
rad-core-45,466,1776,rad-core-45/nodes/00466.json,rad-core-45/nodes/01776.json,1,0,d_stronger
rad-core-45,468,1516,rad-core-45/nodes/00468.json,rad-core-45/nodes/01516.json,0,1,u_stronger
rad-core-45,472,2222,rad-core-45/nodes/00472.json,rad-core-45/nodes/02222.json,1,0,d_stronger
rad-core-45,473,2385,rad-core-45/nodes/00473.json,rad-core-45/nodes/02385.json,0,1,u_stronger
rad-core-45,475,1806,rad-core-45/nodes/00475.json,rad-core-45/nodes/01806.json,0,1,u_stronger
rad-core-45,477,1797,rad-core-45/nodes/00477.json,rad-core-45/nodes/01797.json,1,0,d_stronger
rad-core-45,487,2747,rad-core-45/nodes/00487.json,rad-core-45/nodes/02747.json,0,1,u_stronger
rad-core-45,490,2747,rad-core-45/nodes/00490.json,rad-core-45/nodes/02747.json,0,1,u_stronger
rad-core-45,506,506,rad-core-45/nodes/00506.json,rad-core-45/nodes/00506.json,1,1,equivalent
rad-core-45,509,1693,rad-core-45/nodes/00509.json,rad-core-45/nodes/01693.json,1,0,d_stronger
rad-core-45,509,1695,rad-core-45/nodes/00509.json,rad-core-45/nodes/01695.json,1,0,d_stronger
rad-core-45,509,1699,rad-core-45/nodes/00509.json,rad-core-45/nodes/01699.json,1,0,d_stronger
rad-core-45,521,1482,rad-core-45/nodes/00521.json,rad-core-45/nodes/01482.json,1,0,d_stronger
rad-core-45,522,522,rad-core-45/nodes/00522.json,rad-core-45/nodes/00522.json,1,1,equivalent
rad-core-45,523,523,rad-core-45/nodes/00523.json,rad-core-45/nodes/00523.json,1,1,equivalent
rad-core-45,524,1874,rad-core-45/nodes/00524.json,rad-core-45/nodes/01874.json,0,1,u_stronger
rad-core-45,524,2544,rad-core-45/nodes/00524.json,rad-core-45/nodes/02544.json,0,1,u_stronger
rad-core-45,533,1514,rad-core-45/nodes/00533.json,rad-core-45/nodes/01514.json,0,1,u_stronger
rad-core-45,548,2747,rad-core-45/nodes/00548.json,rad-core-45/nodes/02747.json,0,1,u_stronger
rad-core-45,549,2339,rad-core-45/nodes/00549.json,rad-core-45/nodes/02339.json,1,0,d_stronger
rad-core-45,577,1261,rad-core-45/nodes/00577.json,rad-core-45/nodes/01261.json,1,0,d_stronger
rad-core-45,585,1620,rad-core-45/nodes/00585.json,rad-core-45/nodes/01620.json,0,1,u_stronger
rad-core-45,585,2227,rad-core-45/nodes/00585.json,rad-core-45/nodes/02227.json,0,1,u_stronger
rad-core-45,594,1487,rad-core-45/nodes/00594.json,rad-core-45/nodes/01487.json,0,1,u_stronger
rad-core-45,598,2747,rad-core-45/nodes/00598.json,rad-core-45/nodes/02747.json,0,1,u_stronger
rad-core-45,607,1616,rad-core-45/nodes/00607.json,rad-core-45/nodes/01616.json,1,0,d_stronger
rad-core-45,607,2017,rad-core-45/nodes/00607.json,rad-core-45/nodes/02017.json,1,0,d_stronger
rad-core-45,607,2388,rad-core-45/nodes/00607.json,rad-core-45/nodes/02388.json,1,0,d_stronger
rad-core-45,607,2707,rad-core-45/nodes/00607.json,rad-core-45/nodes/02707.json,1,0,d_stronger
rad-core-45,610,1626,rad-core-45/nodes/00610.json,rad-core-45/nodes/01626.json,0,1,u_stronger
rad-core-45,624,624,rad-core-45/nodes/00624.json,rad-core-45/nodes/00624.json,1,1,equivalent
rad-core-45,635,1842,rad-core-45/nodes/00635.json,rad-core-45/nodes/01842.json,0,1,u_stronger
rad-core-45,635,2267,rad-core-45/nodes/00635.json,rad-core-45/nodes/02267.json,0,1,u_stronger
rad-core-45,641,1514,rad-core-45/nodes/00641.json,rad-core-45/nodes/01514.json,0,1,u_stronger
rad-core-45,660,2463,rad-core-45/nodes/00660.json,rad-core-45/nodes/02463.json,0,1,u_stronger
rad-core-45,672,2747,rad-core-45/nodes/00672.json,rad-core-45/nodes/02747.json,0,1,u_stronger
rad-core-45,680,2747,rad-core-45/nodes/00680.json,rad-core-45/nodes/02747.json,0,1,u_stronger
rad-core-45,685,2747,rad-core-45/nodes/00685.json,rad-core-45/nodes/02747.json,0,1,u_stronger
rad-core-45,700,1875,rad-core-45/nodes/00700.json,rad-core-45/nodes/01875.json,0,1,u_stronger
rad-core-45,701,1547,rad-core-45/nodes/00701.json,rad-core-45/nodes/01547.json,0,1,u_stronger
rad-core-45,704,2694,rad-core-45/nodes/00704.json,rad-core-45/nodes/02694.json,0,1,u_stronger
rad-core-45,707,2255,rad-core-45/nodes/00707.json,rad-core-45/nodes/02255.json,1,0,d_stronger
rad-core-45,709,1727,rad-core-45/nodes/00709.json,rad-core-45/nodes/01727.json,1,0,d_stronger
rad-core-45,715,2359,rad-core-45/nodes/00715.json,rad-core-45/nodes/02359.json,0,1,u_stronger
rad-core-45,720,1590,rad-core-45/nodes/00720.json,rad-core-45/nodes/01590.json,1,0,d_stronger
rad-core-45,731,2767,rad-core-45/nodes/00731.json,rad-core-45/nodes/02767.json,1,0,d_stronger
rad-core-45,731,2772,rad-core-45/nodes/00731.json,rad-core-45/nodes/02772.json,1,0,d_stronger
rad-core-45,758,2677,rad-core-45/nodes/00758.json,rad-core-45/nodes/02677.json,1,0,d_stronger
rad-core-45,760,2180,rad-core-45/nodes/00760.json,rad-core-45/nodes/02180.json,1,0,d_stronger
rad-core-45,769,769,rad-core-45/nodes/00769.json,rad-core-45/nodes/00769.json,1,1,equivalent
rad-core-45,772,772,rad-core-45/nodes/00772.json,rad-core-45/nodes/00772.json,1,1,equivalent
rad-core-45,773,2747,rad-core-45/nodes/00773.json,rad-core-45/nodes/02747.json,0,1,u_stronger
rad-core-45,775,1479,rad-core-45/nodes/00775.json,rad-core-45/nodes/01479.json,0,1,u_stronger
rad-core-45,776,1614,rad-core-45/nodes/00776.json,rad-core-45/nodes/01614.json,1,0,d_stronger
rad-core-45,776,1621,rad-core-45/nodes/00776.json,rad-core-45/nodes/01621.json,1,0,d_stronger
rad-core-45,776,2012,rad-core-45/nodes/00776.json,rad-core-45/nodes/02012.json,1,0,d_stronger
rad-core-45,776,2190,rad-core-45/nodes/00776.json,rad-core-45/nodes/02190.json,1,0,d_stronger
rad-core-45,781,2747,rad-core-45/nodes/00781.json,rad-core-45/nodes/02747.json,0,1,u_stronger
rad-core-45,784,2776,rad-core-45/nodes/00784.json,rad-core-45/nodes/02776.json,0,1,u_stronger
rad-core-45,785,1866,rad-core-45/nodes/00785.json,rad-core-45/nodes/01866.json,0,1,u_stronger
rad-core-45,785,2155,rad-core-45/nodes/00785.json,rad-core-45/nodes/02155.json,0,1,u_stronger
rad-core-45,787,2747,rad-core-45/nodes/00787.json,rad-core-45/nodes/02747.json,0,1,u_stronger
rad-core-45,794,2747,rad-core-45/nodes/00794.json,rad-core-45/nodes/02747.json,0,1,u_stronger
rad-core-45,796,2503,rad-core-45/nodes/00796.json,rad-core-45/nodes/02503.json,1,0,d_stronger
rad-core-45,808,808,rad-core-45/nodes/00808.json,rad-core-45/nodes/00808.json,1,1,equivalent
rad-core-45,809,809,rad-core-45/nodes/00809.json,rad-core-45/nodes/00809.json,1,1,equivalent
rad-core-45,820,2728,rad-core-45/nodes/00820.json,rad-core-45/nodes/02728.json,0,1,u_stronger
rad-core-45,829,1776,rad-core-45/nodes/00829.json,rad-core-45/nodes/01776.json,1,0,d_stronger
rad-core-45,831,2706,rad-core-45/nodes/00831.json,rad-core-45/nodes/02706.json,1,0,d_stronger
rad-core-45,832,832,rad-core-45/nodes/00832.json,rad-core-45/nodes/00832.json,1,1,equivalent
rad-core-45,843,2747,rad-core-45/nodes/00843.json,rad-core-45/nodes/02747.json,0,1,u_stronger
rad-core-45,848,2747,rad-core-45/nodes/00848.json,rad-core-45/nodes/02747.json,0,1,u_stronger
rad-core-45,854,2747,rad-core-45/nodes/00854.json,rad-core-45/nodes/02747.json,0,1,u_stronger
rad-core-45,857,2391,rad-core-45/nodes/00857.json,rad-core-45/nodes/02391.json,1,0,d_stronger
rad-core-45,857,2647,rad-core-45/nodes/00857.json,rad-core-45/nodes/02647.json,1,0,d_stronger
rad-core-45,867,2267,rad-core-45/nodes/00867.json,rad-core-45/nodes/02267.json,0,1,u_stronger
rad-core-45,869,2267,rad-core-45/nodes/00869.json,rad-core-45/nodes/02267.json,0,1,u_stronger
rad-core-45,872,2645,rad-core-45/nodes/00872.json,rad-core-45/nodes/02645.json,1,1,equivalent
rad-core-45,881,2521,rad-core-45/nodes/00881.json,rad-core-45/nodes/02521.json,0,1,u_stronger
rad-core-45,884,2173,rad-core-45/nodes/00884.json,rad-core-45/nodes/02173.json,0,1,u_stronger
rad-core-45,886,2401,rad-core-45/nodes/00886.json,rad-core-45/nodes/02401.json,1,0,d_stronger
rad-core-45,891,2747,rad-core-45/nodes/00891.json,rad-core-45/nodes/02747.json,0,1,u_stronger
rad-core-45,892,1089,rad-core-45/nodes/00892.json,rad-core-45/nodes/01089.json,1,0,d_stronger
rad-core-45,896,2747,rad-core-45/nodes/00896.json,rad-core-45/nodes/02747.json,0,1,u_stronger
rad-core-45,905,2602,rad-core-45/nodes/00905.json,rad-core-45/nodes/02602.json,1,0,d_stronger
rad-core-45,905,2642,rad-core-45/nodes/00905.json,rad-core-45/nodes/02642.json,1,0,d_stronger
rad-core-45,906,2747,rad-core-45/nodes/00906.json,rad-core-45/nodes/02747.json,0,1,u_stronger
rad-core-45,910,2747,rad-core-45/nodes/00910.json,rad-core-45/nodes/02747.json,0,1,u_stronger
rad-core-45,916,2747,rad-core-45/nodes/00916.json,rad-core-45/nodes/02747.json,0,1,u_stronger
rad-core-45,927,1828,rad-core-45/nodes/00927.json,rad-core-45/nodes/01828.json,0,1,u_stronger
rad-core-45,929,2200,rad-core-45/nodes/00929.json,rad-core-45/nodes/02200.json,0,1,u_stronger
rad-core-45,934,2747,rad-core-45/nodes/00934.json,rad-core-45/nodes/02747.json,0,1,u_stronger
rad-core-45,943,1553,rad-core-45/nodes/00943.json,rad-core-45/nodes/01553.json,0,1,u_stronger
rad-core-45,955,2089,rad-core-45/nodes/00955.json,rad-core-45/nodes/02089.json,1,0,d_stronger
rad-core-45,955,2225,rad-core-45/nodes/00955.json,rad-core-45/nodes/02225.json,1,0,d_stronger
rad-core-45,955,2557,rad-core-45/nodes/00955.json,rad-core-45/nodes/02557.json,1,0,d_stronger
rad-core-45,955,2701,rad-core-45/nodes/00955.json,rad-core-45/nodes/02701.json,1,0,d_stronger
rad-core-45,958,2089,rad-core-45/nodes/00958.json,rad-core-45/nodes/02089.json,1,0,d_stronger
rad-core-45,959,2381,rad-core-45/nodes/00959.json,rad-core-45/nodes/02381.json,0,1,u_stronger
rad-core-45,961,2381,rad-core-45/nodes/00961.json,rad-core-45/nodes/02381.json,0,1,u_stronger
rad-core-45,963,2655,rad-core-45/nodes/00963.json,rad-core-45/nodes/02655.json,1,1,equivalent
rad-core-45,965,2381,rad-core-45/nodes/00965.json,rad-core-45/nodes/02381.json,0,1,u_stronger
rad-core-45,966,2381,rad-core-45/nodes/00966.json,rad-core-45/nodes/02381.json,0,1,u_stronger
rad-core-45,967,2381,rad-core-45/nodes/00967.json,rad-core-45/nodes/02381.json,0,1,u_stronger
rad-core-45,968,2381,rad-core-45/nodes/00968.json,rad-core-45/nodes/02381.json,0,1,u_stronger
rad-core-45,971,2701,rad-core-45/nodes/00971.json,rad-core-45/nodes/02701.json,1,0,d_stronger
rad-core-45,972,2381,rad-core-45/nodes/00972.json,rad-core-45/nodes/02381.json,0,1,u_stronger
rad-core-45,973,2267,rad-core-45/nodes/00973.json,rad-core-45/nodes/02267.json,0,1,u_stronger
rad-core-45,984,2747,rad-core-45/nodes/00984.json,rad-core-45/nodes/02747.json,0,1,u_stronger
rad-core-45,986,2747,rad-core-45/nodes/00986.json,rad-core-45/nodes/02747.json,0,1,u_stronger
rad-core-45,996,1496,rad-core-45/nodes/00996.json,rad-core-45/nodes/01496.json,0,1,u_stronger
rad-core-45,1002,2320,rad-core-45/nodes/01002.json,rad-core-45/nodes/02320.json,1,0,d_stronger
rad-core-45,1009,2747,rad-core-45/nodes/01009.json,rad-core-45/nodes/02747.json,0,1,u_stronger
rad-core-45,1017,1017,rad-core-45/nodes/01017.json,rad-core-45/nodes/01017.json,1,1,equivalent
rad-core-45,1019,2291,rad-core-45/nodes/01019.json,rad-core-45/nodes/02291.json,1,0,d_stronger
rad-core-45,1029,1661,rad-core-45/nodes/01029.json,rad-core-45/nodes/01661.json,0,1,u_stronger
rad-core-45,1029,1671,rad-core-45/nodes/01029.json,rad-core-45/nodes/01671.json,0,1,u_stronger
rad-core-45,1037,1581,rad-core-45/nodes/01037.json,rad-core-45/nodes/01581.json,0,1,u_stronger
rad-core-45,1045,2115,rad-core-45/nodes/01045.json,rad-core-45/nodes/02115.json,1,0,d_stronger
rad-core-45,1055,1055,rad-core-45/nodes/01055.json,rad-core-45/nodes/01055.json,1,1,equivalent
rad-core-45,1057,1514,rad-core-45/nodes/01057.json,rad-core-45/nodes/01514.json,0,1,u_stronger
rad-core-45,1058,1545,rad-core-45/nodes/01058.json,rad-core-45/nodes/01545.json,0,1,u_stronger
rad-core-45,1061,2747,rad-core-45/nodes/01061.json,rad-core-45/nodes/02747.json,0,1,u_stronger
rad-core-45,1062,1882,rad-core-45/nodes/01062.json,rad-core-45/nodes/01882.json,1,0,d_stronger
rad-core-45,1063,2747,rad-core-45/nodes/01063.json,rad-core-45/nodes/02747.json,0,1,u_stronger
rad-core-45,1066,2478,rad-core-45/nodes/01066.json,rad-core-45/nodes/02478.json,1,0,d_stronger
rad-core-45,1073,1811,rad-core-45/nodes/01073.json,rad-core-45/nodes/01811.json,1,0,d_stronger
rad-core-45,1073,1813,rad-core-45/nodes/01073.json,rad-core-45/nodes/01813.json,1,0,d_stronger
rad-core-45,1073,1816,rad-core-45/nodes/01073.json,rad-core-45/nodes/01816.json,1,0,d_stronger
rad-core-45,1073,1819,rad-core-45/nodes/01073.json,rad-core-45/nodes/01819.json,1,0,d_stronger
rad-core-45,1073,1820,rad-core-45/nodes/01073.json,rad-core-45/nodes/01820.json,1,0,d_stronger
rad-core-45,1073,1821,rad-core-45/nodes/01073.json,rad-core-45/nodes/01821.json,1,0,d_stronger
rad-core-45,1073,1825,rad-core-45/nodes/01073.json,rad-core-45/nodes/01825.json,1,0,d_stronger
rad-core-45,1073,1829,rad-core-45/nodes/01073.json,rad-core-45/nodes/01829.json,1,0,d_stronger
rad-core-45,1073,1831,rad-core-45/nodes/01073.json,rad-core-45/nodes/01831.json,1,0,d_stronger
rad-core-45,1073,1832,rad-core-45/nodes/01073.json,rad-core-45/nodes/01832.json,1,0,d_stronger
rad-core-45,1073,1833,rad-core-45/nodes/01073.json,rad-core-45/nodes/01833.json,1,0,d_stronger
rad-core-45,1073,1834,rad-core-45/nodes/01073.json,rad-core-45/nodes/01834.json,1,0,d_stronger
rad-core-45,1073,1835,rad-core-45/nodes/01073.json,rad-core-45/nodes/01835.json,1,0,d_stronger
rad-core-45,1073,1836,rad-core-45/nodes/01073.json,rad-core-45/nodes/01836.json,1,0,d_stronger
rad-core-45,1073,1837,rad-core-45/nodes/01073.json,rad-core-45/nodes/01837.json,1,0,d_stronger
rad-core-45,1073,1839,rad-core-45/nodes/01073.json,rad-core-45/nodes/01839.json,1,0,d_stronger
rad-core-45,1073,1841,rad-core-45/nodes/01073.json,rad-core-45/nodes/01841.json,1,0,d_stronger
rad-core-45,1073,1843,rad-core-45/nodes/01073.json,rad-core-45/nodes/01843.json,1,0,d_stronger
rad-core-45,1073,1844,rad-core-45/nodes/01073.json,rad-core-45/nodes/01844.json,1,0,d_stronger
rad-core-45,1073,1845,rad-core-45/nodes/01073.json,rad-core-45/nodes/01845.json,1,0,d_stronger
rad-core-45,1073,1846,rad-core-45/nodes/01073.json,rad-core-45/nodes/01846.json,1,0,d_stronger
rad-core-45,1093,2747,rad-core-45/nodes/01093.json,rad-core-45/nodes/02747.json,0,1,u_stronger
rad-core-45,1100,2747,rad-core-45/nodes/01100.json,rad-core-45/nodes/02747.json,0,1,u_stronger
rad-core-45,1106,2476,rad-core-45/nodes/01106.json,rad-core-45/nodes/02476.json,0,1,u_stronger
rad-core-45,1106,2747,rad-core-45/nodes/01106.json,rad-core-45/nodes/02747.json,0,1,u_stronger
rad-core-45,1108,1623,rad-core-45/nodes/01108.json,rad-core-45/nodes/01623.json,1,0,d_stronger
rad-core-45,1108,1635,rad-core-45/nodes/01108.json,rad-core-45/nodes/01635.json,1,0,d_stronger
rad-core-45,1111,1111,rad-core-45/nodes/01111.json,rad-core-45/nodes/01111.json,1,1,equivalent
rad-core-45,1120,2747,rad-core-45/nodes/01120.json,rad-core-45/nodes/02747.json,0,1,u_stronger
rad-core-45,1123,1692,rad-core-45/nodes/01123.json,rad-core-45/nodes/01692.json,1,0,d_stronger
rad-core-45,1123,2741,rad-core-45/nodes/01123.json,rad-core-45/nodes/02741.json,1,0,d_stronger
rad-core-45,1123,2742,rad-core-45/nodes/01123.json,rad-core-45/nodes/02742.json,1,0,d_stronger
rad-core-45,1135,2747,rad-core-45/nodes/01135.json,rad-core-45/nodes/02747.json,0,1,u_stronger
rad-core-45,1138,1506,rad-core-45/nodes/01138.json,rad-core-45/nodes/01506.json,0,1,u_stronger
rad-core-45,1138,2230,rad-core-45/nodes/01138.json,rad-core-45/nodes/02230.json,0,1,u_stronger
rad-core-45,1138,2231,rad-core-45/nodes/01138.json,rad-core-45/nodes/02231.json,0,1,u_stronger
rad-core-45,1145,1506,rad-core-45/nodes/01145.json,rad-core-45/nodes/01506.json,0,1,u_stronger
rad-core-45,1145,2230,rad-core-45/nodes/01145.json,rad-core-45/nodes/02230.json,0,1,u_stronger
rad-core-45,1145,2231,rad-core-45/nodes/01145.json,rad-core-45/nodes/02231.json,0,1,u_stronger
rad-core-45,1156,1887,rad-core-45/nodes/01156.json,rad-core-45/nodes/01887.json,0,1,u_stronger
rad-core-45,1158,1887,rad-core-45/nodes/01158.json,rad-core-45/nodes/01887.json,0,1,u_stronger
rad-core-45,1159,1887,rad-core-45/nodes/01159.json,rad-core-45/nodes/01887.json,0,1,u_stronger
rad-core-45,1160,1858,rad-core-45/nodes/01160.json,rad-core-45/nodes/01858.json,1,1,equivalent
rad-core-45,1161,2747,rad-core-45/nodes/01161.json,rad-core-45/nodes/02747.json,0,1,u_stronger
rad-core-45,1166,1887,rad-core-45/nodes/01166.json,rad-core-45/nodes/01887.json,0,1,u_stronger
rad-core-45,1167,1887,rad-core-45/nodes/01167.json,rad-core-45/nodes/01887.json,0,1,u_stronger
rad-core-45,1174,2383,rad-core-45/nodes/01174.json,rad-core-45/nodes/02383.json,0,1,u_stronger
rad-core-45,1174,2628,rad-core-45/nodes/01174.json,rad-core-45/nodes/02628.json,0,1,u_stronger
rad-core-45,1175,1175,rad-core-45/nodes/01175.json,rad-core-45/nodes/01175.json,1,1,equivalent
rad-core-45,1192,2060,rad-core-45/nodes/01192.json,rad-core-45/nodes/02060.json,0,1,u_stronger
rad-core-45,1199,2060,rad-core-45/nodes/01199.json,rad-core-45/nodes/02060.json,0,1,u_stronger
rad-core-45,1207,2031,rad-core-45/nodes/01207.json,rad-core-45/nodes/02031.json,0,1,u_stronger
rad-core-45,1215,2060,rad-core-45/nodes/01215.json,rad-core-45/nodes/02060.json,0,1,u_stronger
rad-core-45,1220,2060,rad-core-45/nodes/01220.json,rad-core-45/nodes/02060.json,0,1,u_stronger
rad-core-45,1221,2060,rad-core-45/nodes/01221.json,rad-core-45/nodes/02060.json,0,1,u_stronger
rad-core-45,1222,2331,rad-core-45/nodes/01222.json,rad-core-45/nodes/02331.json,0,1,u_stronger
rad-core-45,1224,2577,rad-core-45/nodes/01224.json,rad-core-45/nodes/02577.json,1,1,equivalent
rad-core-45,1226,2747,rad-core-45/nodes/01226.json,rad-core-45/nodes/02747.json,0,1,u_stronger
rad-core-45,1231,1676,rad-core-45/nodes/01231.json,rad-core-45/nodes/01676.json,0,1,u_stronger
rad-core-45,1236,2412,rad-core-45/nodes/01236.json,rad-core-45/nodes/02412.json,1,0,d_stronger
rad-core-45,1240,2460,rad-core-45/nodes/01240.json,rad-core-45/nodes/02460.json,1,0,d_stronger
rad-core-45,1254,2582,rad-core-45/nodes/01254.json,rad-core-45/nodes/02582.json,1,0,d_stronger
rad-core-45,1254,2608,rad-core-45/nodes/01254.json,rad-core-45/nodes/02608.json,1,0,d_stronger
rad-core-45,1258,2574,rad-core-45/nodes/01258.json,rad-core-45/nodes/02574.json,1,0,d_stronger
rad-core-45,1262,2610,rad-core-45/nodes/01262.json,rad-core-45/nodes/02610.json,0,1,u_stronger
rad-core-45,1271,2747,rad-core-45/nodes/01271.json,rad-core-45/nodes/02747.json,0,1,u_stronger
rad-core-45,1280,2747,rad-core-45/nodes/01280.json,rad-core-45/nodes/02747.json,0,1,u_stronger
rad-core-45,1290,1479,rad-core-45/nodes/01290.json,rad-core-45/nodes/01479.json,0,1,u_stronger
rad-core-45,1291,1633,rad-core-45/nodes/01291.json,rad-core-45/nodes/01633.json,1,0,d_stronger
rad-core-45,1294,2694,rad-core-45/nodes/01294.json,rad-core-45/nodes/02694.json,0,1,u_stronger
rad-core-45,1297,1479,rad-core-45/nodes/01297.json,rad-core-45/nodes/01479.json,0,1,u_stronger
rad-core-45,1301,2668,rad-core-45/nodes/01301.json,rad-core-45/nodes/02668.json,0,1,u_stronger
rad-core-45,1305,1305,rad-core-45/nodes/01305.json,rad-core-45/nodes/01305.json,1,1,equivalent
rad-core-45,1310,2256,rad-core-45/nodes/01310.json,rad-core-45/nodes/02256.json,1,0,d_stronger
rad-core-45,1320,1704,rad-core-45/nodes/01320.json,rad-core-45/nodes/01704.json,0,1,u_stronger
rad-core-45,1325,1887,rad-core-45/nodes/01325.json,rad-core-45/nodes/01887.json,0,1,u_stronger
rad-core-45,1341,1546,rad-core-45/nodes/01341.json,rad-core-45/nodes/01546.json,0,1,u_stronger
rad-core-45,1344,1545,rad-core-45/nodes/01344.json,rad-core-45/nodes/01545.json,0,1,u_stronger
rad-core-45,1350,1546,rad-core-45/nodes/01350.json,rad-core-45/nodes/01546.json,0,1,u_stronger
rad-core-45,1351,1546,rad-core-45/nodes/01351.json,rad-core-45/nodes/01546.json,0,1,u_stronger
rad-core-45,1352,2198,rad-core-45/nodes/01352.json,rad-core-45/nodes/02198.json,0,1,u_stronger
rad-core-45,1353,2552,rad-core-45/nodes/01353.json,rad-core-45/nodes/02552.json,1,0,d_stronger
rad-core-45,1378,2262,rad-core-45/nodes/01378.json,rad-core-45/nodes/02262.json,1,0,d_stronger
rad-core-45,1381,2555,rad-core-45/nodes/01381.json,rad-core-45/nodes/02555.json,1,0,d_stronger
rad-core-45,1382,2747,rad-core-45/nodes/01382.json,rad-core-45/nodes/02747.json,0,1,u_stronger
rad-core-45,1389,2216,rad-core-45/nodes/01389.json,rad-core-45/nodes/02216.json,1,0,d_stronger
rad-core-45,1397,1397,rad-core-45/nodes/01397.json,rad-core-45/nodes/01397.json,1,1,equivalent
rad-core-45,1401,2747,rad-core-45/nodes/01401.json,rad-core-45/nodes/02747.json,0,1,u_stronger
rad-core-45,1405,2747,rad-core-45/nodes/01405.json,rad-core-45/nodes/02747.json,0,1,u_stronger
rad-core-45,1407,1478,rad-core-45/nodes/01407.json,rad-core-45/nodes/01478.json,0,1,u_stronger
rad-core-45,1410,2140,rad-core-45/nodes/01410.json,rad-core-45/nodes/02140.json,0,1,u_stronger
rad-core-45,1411,1676,rad-core-45/nodes/01411.json,rad-core-45/nodes/01676.json,0,1,u_stronger
rad-core-45,1411,1922,rad-core-45/nodes/01411.json,rad-core-45/nodes/01922.json,0,1,u_stronger
rad-core-45,1416,1496,rad-core-45/nodes/01416.json,rad-core-45/nodes/01496.json,0,1,u_stronger
rad-core-45,1420,2747,rad-core-45/nodes/01420.json,rad-core-45/nodes/02747.json,0,1,u_stronger
rad-core-45,1422,1496,rad-core-45/nodes/01422.json,rad-core-45/nodes/01496.json,0,1,u_stronger
rad-core-45,1424,1424,rad-core-45/nodes/01424.json,rad-core-45/nodes/01424.json,1,1,equivalent
rad-core-45,1425,1496,rad-core-45/nodes/01425.json,rad-core-45/nodes/01496.json,0,1,u_stronger
rad-core-45,1426,2227,rad-core-45/nodes/01426.json,rad-core-45/nodes/02227.json,0,1,u_stronger
rad-core-45,1427,2086,rad-core-45/nodes/01427.json,rad-core-45/nodes/02086.json,1,0,d_stronger
rad-core-55,0,2143,rad-core-55/nodes/00000.json,rad-core-55/nodes/02143.json,0,1,u_stronger
rad-core-55,0,2450,rad-core-55/nodes/00000.json,rad-core-55/nodes/02450.json,0,1,u_stronger
rad-core-55,4,2686,rad-core-55/nodes/00004.json,rad-core-55/nodes/02686.json,0,1,u_stronger
rad-core-55,9,2235,rad-core-55/nodes/00009.json,rad-core-55/nodes/02235.json,0,1,u_stronger
rad-core-55,10,2686,rad-core-55/nodes/00010.json,rad-core-55/nodes/02686.json,0,1,u_stronger
rad-core-55,12,2686,rad-core-55/nodes/00012.json,rad-core-55/nodes/02686.json,0,1,u_stronger
rad-core-55,16,2235,rad-core-55/nodes/00016.json,rad-core-55/nodes/02235.json,0,1,u_stronger
rad-core-55,34,2686,rad-core-55/nodes/00034.json,rad-core-55/nodes/02686.json,0,1,u_stronger
rad-core-55,39,2400,rad-core-55/nodes/00039.json,rad-core-55/nodes/02400.json,0,1,u_stronger
rad-core-55,42,2155,rad-core-55/nodes/00042.json,rad-core-55/nodes/02155.json,1,0,d_stronger
rad-core-55,43,2686,rad-core-55/nodes/00043.json,rad-core-55/nodes/02686.json,0,1,u_stronger
rad-core-55,46,2686,rad-core-55/nodes/00046.json,rad-core-55/nodes/02686.json,0,1,u_stronger
rad-core-55,47,2448,rad-core-55/nodes/00047.json,rad-core-55/nodes/02448.json,1,0,d_stronger
rad-core-55,49,3420,rad-core-55/nodes/00049.json,rad-core-55/nodes/03420.json,0,1,u_stronger
rad-core-55,52,52,rad-core-55/nodes/00052.json,rad-core-55/nodes/00052.json,1,1,equivalent
rad-core-55,53,2235,rad-core-55/nodes/00053.json,rad-core-55/nodes/02235.json,0,1,u_stronger
rad-core-55,60,2686,rad-core-55/nodes/00060.json,rad-core-55/nodes/02686.json,0,1,u_stronger
rad-core-55,60,2976,rad-core-55/nodes/00060.json,rad-core-55/nodes/02976.json,0,1,u_stronger
rad-core-55,61,2235,rad-core-55/nodes/00061.json,rad-core-55/nodes/02235.json,0,1,u_stronger
rad-core-55,67,2235,rad-core-55/nodes/00067.json,rad-core-55/nodes/02235.json,0,1,u_stronger
rad-core-55,73,2787,rad-core-55/nodes/00073.json,rad-core-55/nodes/02787.json,0,1,u_stronger
rad-core-55,77,2235,rad-core-55/nodes/00077.json,rad-core-55/nodes/02235.json,0,1,u_stronger
rad-core-55,80,2235,rad-core-55/nodes/00080.json,rad-core-55/nodes/02235.json,0,1,u_stronger
rad-core-55,84,2235,rad-core-55/nodes/00084.json,rad-core-55/nodes/02235.json,0,1,u_stronger
rad-core-55,86,2235,rad-core-55/nodes/00086.json,rad-core-55/nodes/02235.json,0,1,u_stronger
rad-core-55,86,2274,rad-core-55/nodes/00086.json,rad-core-55/nodes/02274.json,0,1,u_stronger
rad-core-55,86,3163,rad-core-55/nodes/00086.json,rad-core-55/nodes/03163.json,0,1,u_stronger
rad-core-55,86,3233,rad-core-55/nodes/00086.json,rad-core-55/nodes/03233.json,0,1,u_stronger
rad-core-55,88,2991,rad-core-55/nodes/00088.json,rad-core-55/nodes/02991.json,1,0,d_stronger
rad-core-55,88,2998,rad-core-55/nodes/00088.json,rad-core-55/nodes/02998.json,1,0,d_stronger
rad-core-55,88,3001,rad-core-55/nodes/00088.json,rad-core-55/nodes/03001.json,1,0,d_stronger
rad-core-55,88,3002,rad-core-55/nodes/00088.json,rad-core-55/nodes/03002.json,1,0,d_stronger
rad-core-55,88,3003,rad-core-55/nodes/00088.json,rad-core-55/nodes/03003.json,1,0,d_stronger
rad-core-55,88,3006,rad-core-55/nodes/00088.json,rad-core-55/nodes/03006.json,1,0,d_stronger
rad-core-55,88,3007,rad-core-55/nodes/00088.json,rad-core-55/nodes/03007.json,1,0,d_stronger
rad-core-55,88,3008,rad-core-55/nodes/00088.json,rad-core-55/nodes/03008.json,1,0,d_stronger
rad-core-55,88,3009,rad-core-55/nodes/00088.json,rad-core-55/nodes/03009.json,1,0,d_stronger
rad-core-55,88,3010,rad-core-55/nodes/00088.json,rad-core-55/nodes/03010.json,1,0,d_stronger
rad-core-55,88,3011,rad-core-55/nodes/00088.json,rad-core-55/nodes/03011.json,1,0,d_stronger
rad-core-55,88,3012,rad-core-55/nodes/00088.json,rad-core-55/nodes/03012.json,1,0,d_stronger
rad-core-55,88,3013,rad-core-55/nodes/00088.json,rad-core-55/nodes/03013.json,1,0,d_stronger
rad-core-55,88,3014,rad-core-55/nodes/00088.json,rad-core-55/nodes/03014.json,1,0,d_stronger
rad-core-55,88,3015,rad-core-55/nodes/00088.json,rad-core-55/nodes/03015.json,1,0,d_stronger
rad-core-55,88,3016,rad-core-55/nodes/00088.json,rad-core-55/nodes/03016.json,1,0,d_stronger
rad-core-55,88,3017,rad-core-55/nodes/00088.json,rad-core-55/nodes/03017.json,1,0,d_stronger
rad-core-55,88,3018,rad-core-55/nodes/00088.json,rad-core-55/nodes/03018.json,1,0,d_stronger
rad-core-55,88,3019,rad-core-55/nodes/00088.json,rad-core-55/nodes/03019.json,1,0,d_stronger
rad-core-55,88,3020,rad-core-55/nodes/00088.json,rad-core-55/nodes/03020.json,1,0,d_stronger
rad-core-55,88,3021,rad-core-55/nodes/00088.json,rad-core-55/nodes/03021.json,1,0,d_stronger
rad-core-55,88,3023,rad-core-55/nodes/00088.json,rad-core-55/nodes/03023.json,1,0,d_stronger
rad-core-55,88,3024,rad-core-55/nodes/00088.json,rad-core-55/nodes/03024.json,1,0,d_stronger
rad-core-55,88,3025,rad-core-55/nodes/00088.json,rad-core-55/nodes/03025.json,1,0,d_stronger
rad-core-55,88,3026,rad-core-55/nodes/00088.json,rad-core-55/nodes/03026.json,1,0,d_stronger
rad-core-55,88,3027,rad-core-55/nodes/00088.json,rad-core-55/nodes/03027.json,1,0,d_stronger
rad-core-55,88,3028,rad-core-55/nodes/00088.json,rad-core-55/nodes/03028.json,1,0,d_stronger
rad-core-55,88,3029,rad-core-55/nodes/00088.json,rad-core-55/nodes/03029.json,1,0,d_stronger
rad-core-55,88,3030,rad-core-55/nodes/00088.json,rad-core-55/nodes/03030.json,1,0,d_stronger
rad-core-55,88,3031,rad-core-55/nodes/00088.json,rad-core-55/nodes/03031.json,1,0,d_stronger
rad-core-55,88,3032,rad-core-55/nodes/00088.json,rad-core-55/nodes/03032.json,1,0,d_stronger
rad-core-55,88,3033,rad-core-55/nodes/00088.json,rad-core-55/nodes/03033.json,1,0,d_stronger
rad-core-55,88,3034,rad-core-55/nodes/00088.json,rad-core-55/nodes/03034.json,1,0,d_stronger
rad-core-55,88,3035,rad-core-55/nodes/00088.json,rad-core-55/nodes/03035.json,1,0,d_stronger
rad-core-55,88,3036,rad-core-55/nodes/00088.json,rad-core-55/nodes/03036.json,1,0,d_stronger
rad-core-55,92,2235,rad-core-55/nodes/00092.json,rad-core-55/nodes/02235.json,0,1,u_stronger
rad-core-55,93,2686,rad-core-55/nodes/00093.json,rad-core-55/nodes/02686.json,0,1,u_stronger
rad-core-55,95,2235,rad-core-55/nodes/00095.json,rad-core-55/nodes/02235.json,0,1,u_stronger
rad-core-55,97,2299,rad-core-55/nodes/00097.json,rad-core-55/nodes/02299.json,0,1,u_stronger
rad-core-55,97,2686,rad-core-55/nodes/00097.json,rad-core-55/nodes/02686.json,0,1,u_stronger
rad-core-55,97,2710,rad-core-55/nodes/00097.json,rad-core-55/nodes/02710.json,0,1,u_stronger
rad-core-55,97,3305,rad-core-55/nodes/00097.json,rad-core-55/nodes/03305.json,0,1,u_stronger
rad-core-55,99,2235,rad-core-55/nodes/00099.json,rad-core-55/nodes/02235.json,0,1,u_stronger
rad-core-55,101,2235,rad-core-55/nodes/00101.json,rad-core-55/nodes/02235.json,0,1,u_stronger
rad-core-55,109,2686,rad-core-55/nodes/00109.json,rad-core-55/nodes/02686.json,0,1,u_stronger
rad-core-55,110,2928,rad-core-55/nodes/00110.json,rad-core-55/nodes/02928.json,0,1,u_stronger
rad-core-55,116,1987,rad-core-55/nodes/00116.json,rad-core-55/nodes/01987.json,0,1,u_stronger
rad-core-55,116,2047,rad-core-55/nodes/00116.json,rad-core-55/nodes/02047.json,0,1,u_stronger
rad-core-55,116,2076,rad-core-55/nodes/00116.json,rad-core-55/nodes/02076.json,0,1,u_stronger
rad-core-55,116,2235,rad-core-55/nodes/00116.json,rad-core-55/nodes/02235.json,0,1,u_stronger
rad-core-55,116,2241,rad-core-55/nodes/00116.json,rad-core-55/nodes/02241.json,0,1,u_stronger
rad-core-55,116,2273,rad-core-55/nodes/00116.json,rad-core-55/nodes/02273.json,0,1,u_stronger
rad-core-55,116,2415,rad-core-55/nodes/00116.json,rad-core-55/nodes/02415.json,0,1,u_stronger
rad-core-55,116,2455,rad-core-55/nodes/00116.json,rad-core-55/nodes/02455.json,0,1,u_stronger
rad-core-55,116,2722,rad-core-55/nodes/00116.json,rad-core-55/nodes/02722.json,0,1,u_stronger
rad-core-55,116,2810,rad-core-55/nodes/00116.json,rad-core-55/nodes/02810.json,0,1,u_stronger
rad-core-55,116,2936,rad-core-55/nodes/00116.json,rad-core-55/nodes/02936.json,0,1,u_stronger
rad-core-55,116,3233,rad-core-55/nodes/00116.json,rad-core-55/nodes/03233.json,0,1,u_stronger
rad-core-55,117,2235,rad-core-55/nodes/00117.json,rad-core-55/nodes/02235.json,0,1,u_stronger
rad-core-55,119,2235,rad-core-55/nodes/00119.json,rad-core-55/nodes/02235.json,0,1,u_stronger
rad-core-55,121,121,rad-core-55/nodes/00121.json,rad-core-55/nodes/00121.json,1,1,equivalent
rad-core-55,122,2235,rad-core-55/nodes/00122.json,rad-core-55/nodes/02235.json,0,1,u_stronger
rad-core-55,124,1953,rad-core-55/nodes/00124.json,rad-core-55/nodes/01953.json,1,0,d_stronger
rad-core-55,124,1963,rad-core-55/nodes/00124.json,rad-core-55/nodes/01963.json,1,0,d_stronger
rad-core-55,124,1965,rad-core-55/nodes/00124.json,rad-core-55/nodes/01965.json,1,0,d_stronger
rad-core-55,124,1968,rad-core-55/nodes/00124.json,rad-core-55/nodes/01968.json,1,0,d_stronger
rad-core-55,124,1972,rad-core-55/nodes/00124.json,rad-core-55/nodes/01972.json,1,0,d_stronger
rad-core-55,125,2235,rad-core-55/nodes/00125.json,rad-core-55/nodes/02235.json,0,1,u_stronger
rad-core-55,126,2235,rad-core-55/nodes/00126.json,rad-core-55/nodes/02235.json,0,1,u_stronger
rad-core-55,127,1211,rad-core-55/nodes/00127.json,rad-core-55/nodes/01211.json,1,1,equivalent
rad-core-55,128,2235,rad-core-55/nodes/00128.json,rad-core-55/nodes/02235.json,0,1,u_stronger
rad-core-55,130,2044,rad-core-55/nodes/00130.json,rad-core-55/nodes/02044.json,0,1,u_stronger
rad-core-55,133,2235,rad-core-55/nodes/00133.json,rad-core-55/nodes/02235.json,0,1,u_stronger
rad-core-55,133,2455,rad-core-55/nodes/00133.json,rad-core-55/nodes/02455.json,0,1,u_stronger
rad-core-55,134,2235,rad-core-55/nodes/00134.json,rad-core-55/nodes/02235.json,0,1,u_stronger
rad-core-55,136,3200,rad-core-55/nodes/00136.json,rad-core-55/nodes/03200.json,0,1,u_stronger
rad-core-55,143,1987,rad-core-55/nodes/00143.json,rad-core-55/nodes/01987.json,0,1,u_stronger
rad-core-55,143,2047,rad-core-55/nodes/00143.json,rad-core-55/nodes/02047.json,0,1,u_stronger
rad-core-55,143,2076,rad-core-55/nodes/00143.json,rad-core-55/nodes/02076.json,0,1,u_stronger
rad-core-55,143,2235,rad-core-55/nodes/00143.json,rad-core-55/nodes/02235.json,0,1,u_stronger
rad-core-55,143,2241,rad-core-55/nodes/00143.json,rad-core-55/nodes/02241.json,0,1,u_stronger
rad-core-55,143,2273,rad-core-55/nodes/00143.json,rad-core-55/nodes/02273.json,0,1,u_stronger
rad-core-55,143,2274,rad-core-55/nodes/00143.json,rad-core-55/nodes/02274.json,0,1,u_stronger
rad-core-55,143,2710,rad-core-55/nodes/00143.json,rad-core-55/nodes/02710.json,0,1,u_stronger
rad-core-55,143,2714,rad-core-55/nodes/00143.json,rad-core-55/nodes/02714.json,0,1,u_stronger
rad-core-55,143,2722,rad-core-55/nodes/00143.json,rad-core-55/nodes/02722.json,0,1,u_stronger
rad-core-55,143,2731,rad-core-55/nodes/00143.json,rad-core-55/nodes/02731.json,0,1,u_stronger
rad-core-55,143,2936,rad-core-55/nodes/00143.json,rad-core-55/nodes/02936.json,0,1,u_stronger
rad-core-55,143,3117,rad-core-55/nodes/00143.json,rad-core-55/nodes/03117.json,0,1,u_stronger
rad-core-55,143,3374,rad-core-55/nodes/00143.json,rad-core-55/nodes/03374.json,0,1,u_stronger
rad-core-55,145,2388,rad-core-55/nodes/00145.json,rad-core-55/nodes/02388.json,1,0,d_stronger
rad-core-55,145,2462,rad-core-55/nodes/00145.json,rad-core-55/nodes/02462.json,1,0,d_stronger
rad-core-55,145,2465,rad-core-55/nodes/00145.json,rad-core-55/nodes/02465.json,1,0,d_stronger
rad-core-55,145,3193,rad-core-55/nodes/00145.json,rad-core-55/nodes/03193.json,1,0,d_stronger
rad-core-55,149,2525,rad-core-55/nodes/00149.json,rad-core-55/nodes/02525.json,1,0,d_stronger
rad-core-55,149,2531,rad-core-55/nodes/00149.json,rad-core-55/nodes/02531.json,1,0,d_stronger
rad-core-55,149,2532,rad-core-55/nodes/00149.json,rad-core-55/nodes/02532.json,1,0,d_stronger
rad-core-55,152,2235,rad-core-55/nodes/00152.json,rad-core-55/nodes/02235.json,0,1,u_stronger
rad-core-55,153,2235,rad-core-55/nodes/00153.json,rad-core-55/nodes/02235.json,0,1,u_stronger
rad-core-55,154,2225,rad-core-55/nodes/00154.json,rad-core-55/nodes/02225.json,1,0,d_stronger
rad-core-55,163,2979,rad-core-55/nodes/00163.json,rad-core-55/nodes/02979.json,0,1,u_stronger
rad-core-55,167,1987,rad-core-55/nodes/00167.json,rad-core-55/nodes/01987.json,0,1,u_stronger
rad-core-55,167,2047,rad-core-55/nodes/00167.json,rad-core-55/nodes/02047.json,0,1,u_stronger
rad-core-55,167,2076,rad-core-55/nodes/00167.json,rad-core-55/nodes/02076.json,0,1,u_stronger
rad-core-55,167,2235,rad-core-55/nodes/00167.json,rad-core-55/nodes/02235.json,0,1,u_stronger
rad-core-55,167,2241,rad-core-55/nodes/00167.json,rad-core-55/nodes/02241.json,0,1,u_stronger
rad-core-55,167,2273,rad-core-55/nodes/00167.json,rad-core-55/nodes/02273.json,0,1,u_stronger
rad-core-55,167,2710,rad-core-55/nodes/00167.json,rad-core-55/nodes/02710.json,0,1,u_stronger
rad-core-55,167,2714,rad-core-55/nodes/00167.json,rad-core-55/nodes/02714.json,0,1,u_stronger
rad-core-55,167,2722,rad-core-55/nodes/00167.json,rad-core-55/nodes/02722.json,0,1,u_stronger
rad-core-55,167,2731,rad-core-55/nodes/00167.json,rad-core-55/nodes/02731.json,0,1,u_stronger
rad-core-55,167,2936,rad-core-55/nodes/00167.json,rad-core-55/nodes/02936.json,0,1,u_stronger
rad-core-55,167,3117,rad-core-55/nodes/00167.json,rad-core-55/nodes/03117.json,0,1,u_stronger
rad-core-55,167,3374,rad-core-55/nodes/00167.json,rad-core-55/nodes/03374.json,0,1,u_stronger
rad-core-55,174,2657,rad-core-55/nodes/00174.json,rad-core-55/nodes/02657.json,1,0,d_stronger
rad-core-55,175,2299,rad-core-55/nodes/00175.json,rad-core-55/nodes/02299.json,0,1,u_stronger
rad-core-55,175,2686,rad-core-55/nodes/00175.json,rad-core-55/nodes/02686.json,0,1,u_stronger
rad-core-55,175,3305,rad-core-55/nodes/00175.json,rad-core-55/nodes/03305.json,0,1,u_stronger
rad-core-55,178,2678,rad-core-55/nodes/00178.json,rad-core-55/nodes/02678.json,0,1,u_stronger
rad-core-55,181,2524,rad-core-55/nodes/00181.json,rad-core-55/nodes/02524.json,1,0,d_stronger
rad-core-55,181,2590,rad-core-55/nodes/00181.json,rad-core-55/nodes/02590.json,1,0,d_stronger
rad-core-55,182,182,rad-core-55/nodes/00182.json,rad-core-55/nodes/00182.json,1,1,equivalent
rad-core-55,190,1987,rad-core-55/nodes/00190.json,rad-core-55/nodes/01987.json,0,1,u_stronger
rad-core-55,190,2047,rad-core-55/nodes/00190.json,rad-core-55/nodes/02047.json,0,1,u_stronger
rad-core-55,190,2076,rad-core-55/nodes/00190.json,rad-core-55/nodes/02076.json,0,1,u_stronger
rad-core-55,190,2235,rad-core-55/nodes/00190.json,rad-core-55/nodes/02235.json,0,1,u_stronger
rad-core-55,190,2241,rad-core-55/nodes/00190.json,rad-core-55/nodes/02241.json,0,1,u_stronger
rad-core-55,190,2273,rad-core-55/nodes/00190.json,rad-core-55/nodes/02273.json,0,1,u_stronger
rad-core-55,190,2714,rad-core-55/nodes/00190.json,rad-core-55/nodes/02714.json,0,1,u_stronger
rad-core-55,190,2722,rad-core-55/nodes/00190.json,rad-core-55/nodes/02722.json,0,1,u_stronger
rad-core-55,190,2731,rad-core-55/nodes/00190.json,rad-core-55/nodes/02731.json,0,1,u_stronger
rad-core-55,190,2936,rad-core-55/nodes/00190.json,rad-core-55/nodes/02936.json,0,1,u_stronger
rad-core-55,190,3117,rad-core-55/nodes/00190.json,rad-core-55/nodes/03117.json,0,1,u_stronger
rad-core-55,190,3374,rad-core-55/nodes/00190.json,rad-core-55/nodes/03374.json,0,1,u_stronger
rad-core-55,195,2235,rad-core-55/nodes/00195.json,rad-core-55/nodes/02235.json,0,1,u_stronger
rad-core-55,197,2686,rad-core-55/nodes/00197.json,rad-core-55/nodes/02686.json,0,1,u_stronger
rad-core-55,201,2267,rad-core-55/nodes/00201.json,rad-core-55/nodes/02267.json,0,1,u_stronger
rad-core-55,202,2235,rad-core-55/nodes/00202.json,rad-core-55/nodes/02235.json,0,1,u_stronger
rad-core-55,202,2415,rad-core-55/nodes/00202.json,rad-core-55/nodes/02415.json,0,1,u_stronger
rad-core-55,202,3233,rad-core-55/nodes/00202.json,rad-core-55/nodes/03233.json,0,1,u_stronger
rad-core-55,204,2095,rad-core-55/nodes/00204.json,rad-core-55/nodes/02095.json,0,1,u_stronger
rad-core-55,204,2235,rad-core-55/nodes/00204.json,rad-core-55/nodes/02235.json,0,1,u_stronger
rad-core-55,214,2710,rad-core-55/nodes/00214.json,rad-core-55/nodes/02710.json,0,1,u_stronger
rad-core-55,221,2476,rad-core-55/nodes/00221.json,rad-core-55/nodes/02476.json,1,0,d_stronger
rad-core-55,228,2686,rad-core-55/nodes/00228.json,rad-core-55/nodes/02686.json,0,1,u_stronger
rad-core-55,229,2638,rad-core-55/nodes/00229.json,rad-core-55/nodes/02638.json,1,0,d_stronger
rad-core-55,234,1987,rad-core-55/nodes/00234.json,rad-core-55/nodes/01987.json,0,1,u_stronger
rad-core-55,234,2047,rad-core-55/nodes/00234.json,rad-core-55/nodes/02047.json,0,1,u_stronger
rad-core-55,234,2076,rad-core-55/nodes/00234.json,rad-core-55/nodes/02076.json,0,1,u_stronger
rad-core-55,234,2235,rad-core-55/nodes/00234.json,rad-core-55/nodes/02235.json,0,1,u_stronger
rad-core-55,234,2241,rad-core-55/nodes/00234.json,rad-core-55/nodes/02241.json,0,1,u_stronger
rad-core-55,234,2273,rad-core-55/nodes/00234.json,rad-core-55/nodes/02273.json,0,1,u_stronger
rad-core-55,234,2714,rad-core-55/nodes/00234.json,rad-core-55/nodes/02714.json,0,1,u_stronger
rad-core-55,234,2722,rad-core-55/nodes/00234.json,rad-core-55/nodes/02722.json,0,1,u_stronger
rad-core-55,234,2731,rad-core-55/nodes/00234.json,rad-core-55/nodes/02731.json,0,1,u_stronger
rad-core-55,234,2936,rad-core-55/nodes/00234.json,rad-core-55/nodes/02936.json,0,1,u_stronger
rad-core-55,234,3117,rad-core-55/nodes/00234.json,rad-core-55/nodes/03117.json,0,1,u_stronger
rad-core-55,234,3374,rad-core-55/nodes/00234.json,rad-core-55/nodes/03374.json,0,1,u_stronger
rad-core-55,237,1987,rad-core-55/nodes/00237.json,rad-core-55/nodes/01987.json,0,1,u_stronger
rad-core-55,237,2265,rad-core-55/nodes/00237.json,rad-core-55/nodes/02265.json,0,1,u_stronger
rad-core-55,240,2235,rad-core-55/nodes/00240.json,rad-core-55/nodes/02235.json,0,1,u_stronger
rad-core-55,240,3163,rad-core-55/nodes/00240.json,rad-core-55/nodes/03163.json,0,1,u_stronger
rad-core-55,244,2997,rad-core-55/nodes/00244.json,rad-core-55/nodes/02997.json,1,0,d_stronger
rad-core-55,245,2505,rad-core-55/nodes/00245.json,rad-core-55/nodes/02505.json,0,1,u_stronger
rad-core-55,247,2505,rad-core-55/nodes/00247.json,rad-core-55/nodes/02505.json,0,1,u_stronger
rad-core-55,250,2710,rad-core-55/nodes/00250.json,rad-core-55/nodes/02710.json,0,1,u_stronger
rad-core-55,254,2235,rad-core-55/nodes/00254.json,rad-core-55/nodes/02235.json,0,1,u_stronger
rad-core-55,257,2505,rad-core-55/nodes/00257.json,rad-core-55/nodes/02505.json,0,1,u_stronger
rad-core-55,258,2505,rad-core-55/nodes/00258.json,rad-core-55/nodes/02505.json,0,1,u_stronger
rad-core-55,260,1987,rad-core-55/nodes/00260.json,rad-core-55/nodes/01987.json,0,1,u_stronger
rad-core-55,260,2265,rad-core-55/nodes/00260.json,rad-core-55/nodes/02265.json,0,1,u_stronger
rad-core-55,262,2686,rad-core-55/nodes/00262.json,rad-core-55/nodes/02686.json,0,1,u_stronger
rad-core-55,263,2505,rad-core-55/nodes/00263.json,rad-core-55/nodes/02505.json,0,1,u_stronger
rad-core-55,265,2505,rad-core-55/nodes/00265.json,rad-core-55/nodes/02505.json,0,1,u_stronger
rad-core-55,268,2505,rad-core-55/nodes/00268.json,rad-core-55/nodes/02505.json,0,1,u_stronger
rad-core-55,272,1987,rad-core-55/nodes/00272.json,rad-core-55/nodes/01987.json,0,1,u_stronger
rad-core-55,272,2265,rad-core-55/nodes/00272.json,rad-core-55/nodes/02265.json,0,1,u_stronger
rad-core-55,275,1987,rad-core-55/nodes/00275.json,rad-core-55/nodes/01987.json,0,1,u_stronger
rad-core-55,275,2047,rad-core-55/nodes/00275.json,rad-core-55/nodes/02047.json,0,1,u_stronger
rad-core-55,275,2076,rad-core-55/nodes/00275.json,rad-core-55/nodes/02076.json,0,1,u_stronger
rad-core-55,275,2235,rad-core-55/nodes/00275.json,rad-core-55/nodes/02235.json,0,1,u_stronger
rad-core-55,275,2241,rad-core-55/nodes/00275.json,rad-core-55/nodes/02241.json,0,1,u_stronger
rad-core-55,275,2273,rad-core-55/nodes/00275.json,rad-core-55/nodes/02273.json,0,1,u_stronger
rad-core-55,275,2722,rad-core-55/nodes/00275.json,rad-core-55/nodes/02722.json,0,1,u_stronger
rad-core-55,275,2936,rad-core-55/nodes/00275.json,rad-core-55/nodes/02936.json,0,1,u_stronger
rad-core-55,280,2505,rad-core-55/nodes/00280.json,rad-core-55/nodes/02505.json,0,1,u_stronger
rad-core-55,282,1987,rad-core-55/nodes/00282.json,rad-core-55/nodes/01987.json,0,1,u_stronger
rad-core-55,282,2265,rad-core-55/nodes/00282.json,rad-core-55/nodes/02265.json,0,1,u_stronger
rad-core-55,283,2505,rad-core-55/nodes/00283.json,rad-core-55/nodes/02505.json,0,1,u_stronger
rad-core-55,287,2505,rad-core-55/nodes/00287.json,rad-core-55/nodes/02505.json,0,1,u_stronger
rad-core-55,290,1987,rad-core-55/nodes/00290.json,rad-core-55/nodes/01987.json,0,1,u_stronger
rad-core-55,290,2265,rad-core-55/nodes/00290.json,rad-core-55/nodes/02265.json,0,1,u_stronger
rad-core-55,292,2505,rad-core-55/nodes/00292.json,rad-core-55/nodes/02505.json,0,1,u_stronger
rad-core-55,294,1987,rad-core-55/nodes/00294.json,rad-core-55/nodes/01987.json,0,1,u_stronger
rad-core-55,294,2265,rad-core-55/nodes/00294.json,rad-core-55/nodes/02265.json,0,1,u_stronger
rad-core-55,297,1987,rad-core-55/nodes/00297.json,rad-core-55/nodes/01987.json,0,1,u_stronger
rad-core-55,297,2265,rad-core-55/nodes/00297.json,rad-core-55/nodes/02265.json,0,1,u_stronger
rad-core-55,304,2143,rad-core-55/nodes/00304.json,rad-core-55/nodes/02143.json,0,1,u_stronger
rad-core-55,305,1987,rad-core-55/nodes/00305.json,rad-core-55/nodes/01987.json,0,1,u_stronger
rad-core-55,305,2265,rad-core-55/nodes/00305.json,rad-core-55/nodes/02265.json,0,1,u_stronger
rad-core-55,306,1987,rad-core-55/nodes/00306.json,rad-core-55/nodes/01987.json,0,1,u_stronger
rad-core-55,306,2265,rad-core-55/nodes/00306.json,rad-core-55/nodes/02265.json,0,1,u_stronger
rad-core-55,308,2505,rad-core-55/nodes/00308.json,rad-core-55/nodes/02505.json,0,1,u_stronger
rad-core-55,309,2235,rad-core-55/nodes/00309.json,rad-core-55/nodes/02235.json,0,1,u_stronger
rad-core-55,311,2188,rad-core-55/nodes/00311.json,rad-core-55/nodes/02188.json,0,1,u_stronger
rad-core-55,311,2211,rad-core-55/nodes/00311.json,rad-core-55/nodes/02211.json,0,1,u_stronger
rad-core-55,312,2235,rad-core-55/nodes/00312.json,rad-core-55/nodes/02235.json,0,1,u_stronger
rad-core-55,315,2686,rad-core-55/nodes/00315.json,rad-core-55/nodes/02686.json,0,1,u_stronger
rad-core-55,318,2235,rad-core-55/nodes/00318.json,rad-core-55/nodes/02235.json,0,1,u_stronger
rad-core-55,321,2235,rad-core-55/nodes/00321.json,rad-core-55/nodes/02235.json,0,1,u_stronger
rad-core-55,323,2235,rad-core-55/nodes/00323.json,rad-core-55/nodes/02235.json,0,1,u_stronger
rad-core-55,328,2235,rad-core-55/nodes/00328.json,rad-core-55/nodes/02235.json,0,1,u_stronger
rad-core-55,329,2235,rad-core-55/nodes/00329.json,rad-core-55/nodes/02235.json,0,1,u_stronger
rad-core-55,333,2686,rad-core-55/nodes/00333.json,rad-core-55/nodes/02686.json,0,1,u_stronger
rad-core-55,335,1582,rad-core-55/nodes/00335.json,rad-core-55/nodes/01582.json,1,0,d_stronger
rad-core-55,341,2235,rad-core-55/nodes/00341.json,rad-core-55/nodes/02235.json,0,1,u_stronger
rad-core-55,346,2686,rad-core-55/nodes/00346.json,rad-core-55/nodes/02686.json,0,1,u_stronger
rad-core-55,348,2235,rad-core-55/nodes/00348.json,rad-core-55/nodes/02235.json,0,1,u_stronger
rad-core-55,349,2235,rad-core-55/nodes/00349.json,rad-core-55/nodes/02235.json,0,1,u_stronger
rad-core-55,349,2455,rad-core-55/nodes/00349.json,rad-core-55/nodes/02455.json,0,1,u_stronger
rad-core-55,350,2686,rad-core-55/nodes/00350.json,rad-core-55/nodes/02686.json,0,1,u_stronger
rad-core-55,353,2235,rad-core-55/nodes/00353.json,rad-core-55/nodes/02235.json,0,1,u_stronger
rad-core-55,361,2235,rad-core-55/nodes/00361.json,rad-core-55/nodes/02235.json,0,1,u_stronger
rad-core-55,362,3387,rad-core-55/nodes/00362.json,rad-core-55/nodes/03387.json,0,1,u_stronger
rad-core-55,362,3420,rad-core-55/nodes/00362.json,rad-core-55/nodes/03420.json,0,1,u_stronger
rad-core-55,364,364,rad-core-55/nodes/00364.json,rad-core-55/nodes/00364.json,1,1,equivalent
rad-core-55,367,2235,rad-core-55/nodes/00367.json,rad-core-55/nodes/02235.json,0,1,u_stronger
rad-core-55,369,2235,rad-core-55/nodes/00369.json,rad-core-55/nodes/02235.json,0,1,u_stronger
rad-core-55,370,2235,rad-core-55/nodes/00370.json,rad-core-55/nodes/02235.json,0,1,u_stronger
rad-core-55,370,2714,rad-core-55/nodes/00370.json,rad-core-55/nodes/02714.json,0,1,u_stronger
rad-core-55,373,2235,rad-core-55/nodes/00373.json,rad-core-55/nodes/02235.json,0,1,u_stronger
rad-core-55,374,2235,rad-core-55/nodes/00374.json,rad-core-55/nodes/02235.json,0,1,u_stronger
rad-core-55,375,2235,rad-core-55/nodes/00375.json,rad-core-55/nodes/02235.json,0,1,u_stronger
rad-core-55,376,2235,rad-core-55/nodes/00376.json,rad-core-55/nodes/02235.json,0,1,u_stronger
rad-core-55,382,2805,rad-core-55/nodes/00382.json,rad-core-55/nodes/02805.json,1,0,d_stronger
rad-core-55,388,2235,rad-core-55/nodes/00388.json,rad-core-55/nodes/02235.json,0,1,u_stronger
rad-core-55,389,2235,rad-core-55/nodes/00389.json,rad-core-55/nodes/02235.json,0,1,u_stronger
rad-core-55,390,2235,rad-core-55/nodes/00390.json,rad-core-55/nodes/02235.json,0,1,u_stronger
rad-core-55,391,2235,rad-core-55/nodes/00391.json,rad-core-55/nodes/02235.json,0,1,u_stronger
rad-core-55,393,2299,rad-core-55/nodes/00393.json,rad-core-55/nodes/02299.json,0,1,u_stronger
rad-core-55,393,2686,rad-core-55/nodes/00393.json,rad-core-55/nodes/02686.json,0,1,u_stronger
rad-core-55,393,2710,rad-core-55/nodes/00393.json,rad-core-55/nodes/02710.json,0,1,u_stronger
rad-core-55,393,3305,rad-core-55/nodes/00393.json,rad-core-55/nodes/03305.json,0,1,u_stronger
rad-core-55,397,2235,rad-core-55/nodes/00397.json,rad-core-55/nodes/02235.json,0,1,u_stronger
rad-core-55,398,2686,rad-core-55/nodes/00398.json,rad-core-55/nodes/02686.json,0,1,u_stronger
rad-core-55,403,2235,rad-core-55/nodes/00403.json,rad-core-55/nodes/02235.json,0,1,u_stronger
rad-core-55,417,1937,rad-core-55/nodes/00417.json,rad-core-55/nodes/01937.json,1,1,equivalent
rad-core-55,432,2235,rad-core-55/nodes/00432.json,rad-core-55/nodes/02235.json,0,1,u_stronger
rad-core-55,446,446,rad-core-55/nodes/00446.json,rad-core-55/nodes/00446.json,1,1,equivalent
rad-core-55,449,2235,rad-core-55/nodes/00449.json,rad-core-55/nodes/02235.json,0,1,u_stronger
rad-core-55,450,2686,rad-core-55/nodes/00450.json,rad-core-55/nodes/02686.json,0,1,u_stronger
rad-core-55,454,2235,rad-core-55/nodes/00454.json,rad-core-55/nodes/02235.json,0,1,u_stronger
rad-core-55,456,2235,rad-core-55/nodes/00456.json,rad-core-55/nodes/02235.json,0,1,u_stronger
rad-core-55,458,2299,rad-core-55/nodes/00458.json,rad-core-55/nodes/02299.json,0,1,u_stronger
rad-core-55,458,2686,rad-core-55/nodes/00458.json,rad-core-55/nodes/02686.json,0,1,u_stronger
rad-core-55,458,3305,rad-core-55/nodes/00458.json,rad-core-55/nodes/03305.json,0,1,u_stronger
rad-core-55,463,2235,rad-core-55/nodes/00463.json,rad-core-55/nodes/02235.json,0,1,u_stronger
rad-core-55,467,2235,rad-core-55/nodes/00467.json,rad-core-55/nodes/02235.json,0,1,u_stronger
rad-core-55,473,2299,rad-core-55/nodes/00473.json,rad-core-55/nodes/02299.json,0,1,u_stronger
rad-core-55,473,2686,rad-core-55/nodes/00473.json,rad-core-55/nodes/02686.json,0,1,u_stronger
rad-core-55,473,3305,rad-core-55/nodes/00473.json,rad-core-55/nodes/03305.json,0,1,u_stronger
rad-core-55,479,2926,rad-core-55/nodes/00479.json,rad-core-55/nodes/02926.json,0,1,u_stronger
rad-core-55,480,2235,rad-core-55/nodes/00480.json,rad-core-55/nodes/02235.json,0,1,u_stronger
rad-core-55,483,2432,rad-core-55/nodes/00483.json,rad-core-55/nodes/02432.json,1,0,d_stronger
rad-core-55,483,2440,rad-core-55/nodes/00483.json,rad-core-55/nodes/02440.json,1,0,d_stronger
rad-core-55,483,2663,rad-core-55/nodes/00483.json,rad-core-55/nodes/02663.json,1,0,d_stronger
rad-core-55,483,2673,rad-core-55/nodes/00483.json,rad-core-55/nodes/02673.json,1,0,d_stronger
rad-core-55,486,1987,rad-core-55/nodes/00486.json,rad-core-55/nodes/01987.json,0,1,u_stronger
rad-core-55,486,2047,rad-core-55/nodes/00486.json,rad-core-55/nodes/02047.json,0,1,u_stronger
rad-core-55,486,2076,rad-core-55/nodes/00486.json,rad-core-55/nodes/02076.json,0,1,u_stronger
rad-core-55,486,2235,rad-core-55/nodes/00486.json,rad-core-55/nodes/02235.json,0,1,u_stronger
rad-core-55,486,2241,rad-core-55/nodes/00486.json,rad-core-55/nodes/02241.json,0,1,u_stronger
rad-core-55,486,2273,rad-core-55/nodes/00486.json,rad-core-55/nodes/02273.json,0,1,u_stronger
rad-core-55,486,2722,rad-core-55/nodes/00486.json,rad-core-55/nodes/02722.json,0,1,u_stronger
rad-core-55,486,2936,rad-core-55/nodes/00486.json,rad-core-55/nodes/02936.json,0,1,u_stronger
rad-core-55,490,2235,rad-core-55/nodes/00490.json,rad-core-55/nodes/02235.json,0,1,u_stronger
rad-core-55,501,2235,rad-core-55/nodes/00501.json,rad-core-55/nodes/02235.json,0,1,u_stronger
rad-core-55,502,2686,rad-core-55/nodes/00502.json,rad-core-55/nodes/02686.json,0,1,u_stronger
rad-core-55,505,2235,rad-core-55/nodes/00505.json,rad-core-55/nodes/02235.json,0,1,u_stronger
rad-core-55,509,1969,rad-core-55/nodes/00509.json,rad-core-55/nodes/01969.json,0,1,u_stronger
rad-core-55,512,2235,rad-core-55/nodes/00512.json,rad-core-55/nodes/02235.json,0,1,u_stronger
rad-core-55,514,2686,rad-core-55/nodes/00514.json,rad-core-55/nodes/02686.json,0,1,u_stronger
rad-core-55,517,2235,rad-core-55/nodes/00517.json,rad-core-55/nodes/02235.json,0,1,u_stronger
rad-core-55,520,2235,rad-core-55/nodes/00520.json,rad-core-55/nodes/02235.json,0,1,u_stronger
rad-core-55,521,2235,rad-core-55/nodes/00521.json,rad-core-55/nodes/02235.json,0,1,u_stronger
rad-core-55,521,2714,rad-core-55/nodes/00521.json,rad-core-55/nodes/02714.json,0,1,u_stronger
rad-core-55,521,3163,rad-core-55/nodes/00521.json,rad-core-55/nodes/03163.json,0,1,u_stronger
rad-core-55,524,2235,rad-core-55/nodes/00524.json,rad-core-55/nodes/02235.json,0,1,u_stronger
rad-core-55,527,2235,rad-core-55/nodes/00527.json,rad-core-55/nodes/02235.json,0,1,u_stronger
rad-core-55,532,2686,rad-core-55/nodes/00532.json,rad-core-55/nodes/02686.json,0,1,u_stronger
rad-core-55,534,1975,rad-core-55/nodes/00534.json,rad-core-55/nodes/01975.json,1,0,d_stronger
rad-core-55,534,2466,rad-core-55/nodes/00534.json,rad-core-55/nodes/02466.json,1,0,d_stronger
rad-core-55,537,2686,rad-core-55/nodes/00537.json,rad-core-55/nodes/02686.json,0,1,u_stronger
rad-core-55,544,2269,rad-core-55/nodes/00544.json,rad-core-55/nodes/02269.json,0,1,u_stronger
rad-core-55,544,2686,rad-core-55/nodes/00544.json,rad-core-55/nodes/02686.json,0,1,u_stronger
rad-core-55,545,2686,rad-core-55/nodes/00545.json,rad-core-55/nodes/02686.json,0,1,u_stronger
rad-core-55,554,2044,rad-core-55/nodes/00554.json,rad-core-55/nodes/02044.json,0,1,u_stronger
rad-core-55,558,2235,rad-core-55/nodes/00558.json,rad-core-55/nodes/02235.json,0,1,u_stronger
rad-core-55,559,2299,rad-core-55/nodes/00559.json,rad-core-55/nodes/02299.json,0,1,u_stronger
rad-core-55,559,2686,rad-core-55/nodes/00559.json,rad-core-55/nodes/02686.json,0,1,u_stronger
rad-core-55,559,2710,rad-core-55/nodes/00559.json,rad-core-55/nodes/02710.json,0,1,u_stronger
rad-core-55,559,3305,rad-core-55/nodes/00559.json,rad-core-55/nodes/03305.json,0,1,u_stronger
rad-core-55,561,2299,rad-core-55/nodes/00561.json,rad-core-55/nodes/02299.json,0,1,u_stronger
rad-core-55,561,2686,rad-core-55/nodes/00561.json,rad-core-55/nodes/02686.json,0,1,u_stronger
rad-core-55,561,2710,rad-core-55/nodes/00561.json,rad-core-55/nodes/02710.json,0,1,u_stronger
rad-core-55,561,3305,rad-core-55/nodes/00561.json,rad-core-55/nodes/03305.json,0,1,u_stronger
rad-core-55,563,2299,rad-core-55/nodes/00563.json,rad-core-55/nodes/02299.json,0,1,u_stronger
rad-core-55,563,2686,rad-core-55/nodes/00563.json,rad-core-55/nodes/02686.json,0,1,u_stronger
rad-core-55,563,2710,rad-core-55/nodes/00563.json,rad-core-55/nodes/02710.json,0,1,u_stronger
rad-core-55,563,3305,rad-core-55/nodes/00563.json,rad-core-55/nodes/03305.json,0,1,u_stronger
rad-core-55,565,2235,rad-core-55/nodes/00565.json,rad-core-55/nodes/02235.json,0,1,u_stronger
rad-core-55,573,2235,rad-core-55/nodes/00573.json,rad-core-55/nodes/02235.json,0,1,u_stronger
rad-core-55,575,2299,rad-core-55/nodes/00575.json,rad-core-55/nodes/02299.json,0,1,u_stronger
rad-core-55,575,2686,rad-core-55/nodes/00575.json,rad-core-55/nodes/02686.json,0,1,u_stronger
rad-core-55,575,2710,rad-core-55/nodes/00575.json,rad-core-55/nodes/02710.json,0,1,u_stronger
rad-core-55,575,3305,rad-core-55/nodes/00575.json,rad-core-55/nodes/03305.json,0,1,u_stronger
rad-core-55,577,2686,rad-core-55/nodes/00577.json,rad-core-55/nodes/02686.json,0,1,u_stronger
rad-core-55,580,2235,rad-core-55/nodes/00580.json,rad-core-55/nodes/02235.json,0,1,u_stronger
rad-core-55,583,2686,rad-core-55/nodes/00583.json,rad-core-55/nodes/02686.json,0,1,u_stronger
rad-core-55,589,2235,rad-core-55/nodes/00589.json,rad-core-55/nodes/02235.json,0,1,u_stronger
rad-core-55,593,3402,rad-core-55/nodes/00593.json,rad-core-55/nodes/03402.json,1,1,equivalent
rad-core-55,601,2299,rad-core-55/nodes/00601.json,rad-core-55/nodes/02299.json,0,1,u_stronger
rad-core-55,601,2686,rad-core-55/nodes/00601.json,rad-core-55/nodes/02686.json,0,1,u_stronger
rad-core-55,601,2710,rad-core-55/nodes/00601.json,rad-core-55/nodes/02710.json,0,1,u_stronger
rad-core-55,601,3305,rad-core-55/nodes/00601.json,rad-core-55/nodes/03305.json,0,1,u_stronger
rad-core-55,604,2235,rad-core-55/nodes/00604.json,rad-core-55/nodes/02235.json,0,1,u_stronger
rad-core-55,606,2235,rad-core-55/nodes/00606.json,rad-core-55/nodes/02235.json,0,1,u_stronger
rad-core-55,607,607,rad-core-55/nodes/00607.json,rad-core-55/nodes/00607.json,1,1,equivalent
rad-core-55,611,1987,rad-core-55/nodes/00611.json,rad-core-55/nodes/01987.json,0,1,u_stronger
rad-core-55,611,2047,rad-core-55/nodes/00611.json,rad-core-55/nodes/02047.json,0,1,u_stronger
rad-core-55,611,2076,rad-core-55/nodes/00611.json,rad-core-55/nodes/02076.json,0,1,u_stronger
rad-core-55,611,2235,rad-core-55/nodes/00611.json,rad-core-55/nodes/02235.json,0,1,u_stronger
rad-core-55,611,2241,rad-core-55/nodes/00611.json,rad-core-55/nodes/02241.json,0,1,u_stronger
rad-core-55,611,2273,rad-core-55/nodes/00611.json,rad-core-55/nodes/02273.json,0,1,u_stronger
rad-core-55,611,2714,rad-core-55/nodes/00611.json,rad-core-55/nodes/02714.json,0,1,u_stronger
rad-core-55,611,2722,rad-core-55/nodes/00611.json,rad-core-55/nodes/02722.json,0,1,u_stronger
rad-core-55,611,2731,rad-core-55/nodes/00611.json,rad-core-55/nodes/02731.json,0,1,u_stronger
rad-core-55,611,2936,rad-core-55/nodes/00611.json,rad-core-55/nodes/02936.json,0,1,u_stronger
rad-core-55,611,3117,rad-core-55/nodes/00611.json,rad-core-55/nodes/03117.json,0,1,u_stronger
rad-core-55,611,3374,rad-core-55/nodes/00611.json,rad-core-55/nodes/03374.json,0,1,u_stronger
rad-core-55,613,2686,rad-core-55/nodes/00613.json,rad-core-55/nodes/02686.json,0,1,u_stronger
rad-core-55,618,1987,rad-core-55/nodes/00618.json,rad-core-55/nodes/01987.json,0,1,u_stronger
rad-core-55,618,2047,rad-core-55/nodes/00618.json,rad-core-55/nodes/02047.json,0,1,u_stronger
rad-core-55,618,2076,rad-core-55/nodes/00618.json,rad-core-55/nodes/02076.json,0,1,u_stronger
rad-core-55,618,2235,rad-core-55/nodes/00618.json,rad-core-55/nodes/02235.json,0,1,u_stronger
rad-core-55,618,2241,rad-core-55/nodes/00618.json,rad-core-55/nodes/02241.json,0,1,u_stronger
rad-core-55,618,2273,rad-core-55/nodes/00618.json,rad-core-55/nodes/02273.json,0,1,u_stronger
rad-core-55,618,2415,rad-core-55/nodes/00618.json,rad-core-55/nodes/02415.json,0,1,u_stronger
rad-core-55,618,2455,rad-core-55/nodes/00618.json,rad-core-55/nodes/02455.json,0,1,u_stronger
rad-core-55,618,2722,rad-core-55/nodes/00618.json,rad-core-55/nodes/02722.json,0,1,u_stronger
rad-core-55,618,2810,rad-core-55/nodes/00618.json,rad-core-55/nodes/02810.json,0,1,u_stronger
rad-core-55,618,2936,rad-core-55/nodes/00618.json,rad-core-55/nodes/02936.json,0,1,u_stronger
rad-core-55,618,3233,rad-core-55/nodes/00618.json,rad-core-55/nodes/03233.json,0,1,u_stronger
rad-core-55,621,2235,rad-core-55/nodes/00621.json,rad-core-55/nodes/02235.json,0,1,u_stronger
rad-core-55,622,2235,rad-core-55/nodes/00622.json,rad-core-55/nodes/02235.json,0,1,u_stronger
rad-core-55,624,2686,rad-core-55/nodes/00624.json,rad-core-55/nodes/02686.json,0,1,u_stronger
rad-core-55,625,2686,rad-core-55/nodes/00625.json,rad-core-55/nodes/02686.json,0,1,u_stronger
rad-core-55,626,2235,rad-core-55/nodes/00626.json,rad-core-55/nodes/02235.json,0,1,u_stronger
rad-core-55,630,2995,rad-core-55/nodes/00630.json,rad-core-55/nodes/02995.json,0,1,u_stronger
rad-core-55,631,1987,rad-core-55/nodes/00631.json,rad-core-55/nodes/01987.json,0,1,u_stronger
rad-core-55,631,2047,rad-core-55/nodes/00631.json,rad-core-55/nodes/02047.json,0,1,u_stronger
rad-core-55,631,2076,rad-core-55/nodes/00631.json,rad-core-55/nodes/02076.json,0,1,u_stronger
rad-core-55,631,2235,rad-core-55/nodes/00631.json,rad-core-55/nodes/02235.json,0,1,u_stronger
rad-core-55,631,2241,rad-core-55/nodes/00631.json,rad-core-55/nodes/02241.json,0,1,u_stronger
rad-core-55,631,2273,rad-core-55/nodes/00631.json,rad-core-55/nodes/02273.json,0,1,u_stronger
rad-core-55,631,2714,rad-core-55/nodes/00631.json,rad-core-55/nodes/02714.json,0,1,u_stronger
rad-core-55,631,2722,rad-core-55/nodes/00631.json,rad-core-55/nodes/02722.json,0,1,u_stronger
rad-core-55,631,2731,rad-core-55/nodes/00631.json,rad-core-55/nodes/02731.json,0,1,u_stronger
rad-core-55,631,2936,rad-core-55/nodes/00631.json,rad-core-55/nodes/02936.json,0,1,u_stronger
rad-core-55,631,3117,rad-core-55/nodes/00631.json,rad-core-55/nodes/03117.json,0,1,u_stronger
rad-core-55,631,3374,rad-core-55/nodes/00631.json,rad-core-55/nodes/03374.json,0,1,u_stronger
rad-core-55,633,2235,rad-core-55/nodes/00633.json,rad-core-55/nodes/02235.json,0,1,u_stronger
rad-core-55,633,2731,rad-core-55/nodes/00633.json,rad-core-55/nodes/02731.json,0,1,u_stronger
rad-core-55,634,2235,rad-core-55/nodes/00634.json,rad-core-55/nodes/02235.json,0,1,u_stronger
rad-core-55,637,2235,rad-core-55/nodes/00637.json,rad-core-55/nodes/02235.json,0,1,u_stronger
rad-core-55,638,1916,rad-core-55/nodes/00638.json,rad-core-55/nodes/01916.json,1,0,d_stronger
rad-core-55,642,2235,rad-core-55/nodes/00642.json,rad-core-55/nodes/02235.json,0,1,u_stronger
rad-core-55,643,2235,rad-core-55/nodes/00643.json,rad-core-55/nodes/02235.json,0,1,u_stronger
rad-core-55,651,2235,rad-core-55/nodes/00651.json,rad-core-55/nodes/02235.json,0,1,u_stronger
rad-core-55,653,2265,rad-core-55/nodes/00653.json,rad-core-55/nodes/02265.json,0,1,u_stronger
rad-core-55,655,2235,rad-core-55/nodes/00655.json,rad-core-55/nodes/02235.json,0,1,u_stronger
rad-core-55,656,2235,rad-core-55/nodes/00656.json,rad-core-55/nodes/02235.json,0,1,u_stronger
rad-core-55,660,2235,rad-core-55/nodes/00660.json,rad-core-55/nodes/02235.json,0,1,u_stronger
rad-core-55,667,667,rad-core-55/nodes/00667.json,rad-core-55/nodes/00667.json,1,1,equivalent
rad-core-55,669,669,rad-core-55/nodes/00669.json,rad-core-55/nodes/00669.json,1,1,equivalent
rad-core-55,670,2686,rad-core-55/nodes/00670.json,rad-core-55/nodes/02686.json,0,1,u_stronger
rad-core-55,673,2686,rad-core-55/nodes/00673.json,rad-core-55/nodes/02686.json,0,1,u_stronger
rad-core-55,682,2235,rad-core-55/nodes/00682.json,rad-core-55/nodes/02235.json,0,1,u_stronger
rad-core-55,683,2686,rad-core-55/nodes/00683.json,rad-core-55/nodes/02686.json,0,1,u_stronger
rad-core-55,686,2235,rad-core-55/nodes/00686.json,rad-core-55/nodes/02235.json,0,1,u_stronger
rad-core-55,688,2686,rad-core-55/nodes/00688.json,rad-core-55/nodes/02686.json,0,1,u_stronger
rad-core-55,693,2235,rad-core-55/nodes/00693.json,rad-core-55/nodes/02235.json,0,1,u_stronger
rad-core-55,695,2686,rad-core-55/nodes/00695.json,rad-core-55/nodes/02686.json,0,1,u_stronger
rad-core-55,698,2686,rad-core-55/nodes/00698.json,rad-core-55/nodes/02686.json,0,1,u_stronger
rad-core-55,700,2235,rad-core-55/nodes/00700.json,rad-core-55/nodes/02235.json,0,1,u_stronger
rad-core-55,706,2235,rad-core-55/nodes/00706.json,rad-core-55/nodes/02235.json,0,1,u_stronger
rad-core-55,709,2533,rad-core-55/nodes/00709.json,rad-core-55/nodes/02533.json,1,0,d_stronger
rad-core-55,712,2323,rad-core-55/nodes/00712.json,rad-core-55/nodes/02323.json,0,1,u_stronger
rad-core-55,713,2235,rad-core-55/nodes/00713.json,rad-core-55/nodes/02235.json,0,1,u_stronger
rad-core-55,719,2686,rad-core-55/nodes/00719.json,rad-core-55/nodes/02686.json,0,1,u_stronger
rad-core-55,719,2779,rad-core-55/nodes/00719.json,rad-core-55/nodes/02779.json,0,1,u_stronger
rad-core-55,719,2974,rad-core-55/nodes/00719.json,rad-core-55/nodes/02974.json,0,1,u_stronger
rad-core-55,723,1987,rad-core-55/nodes/00723.json,rad-core-55/nodes/01987.json,0,1,u_stronger
rad-core-55,723,2047,rad-core-55/nodes/00723.json,rad-core-55/nodes/02047.json,0,1,u_stronger
rad-core-55,723,2076,rad-core-55/nodes/00723.json,rad-core-55/nodes/02076.json,0,1,u_stronger
rad-core-55,723,2235,rad-core-55/nodes/00723.json,rad-core-55/nodes/02235.json,0,1,u_stronger
rad-core-55,723,2241,rad-core-55/nodes/00723.json,rad-core-55/nodes/02241.json,0,1,u_stronger
rad-core-55,723,2273,rad-core-55/nodes/00723.json,rad-core-55/nodes/02273.json,0,1,u_stronger
rad-core-55,723,2722,rad-core-55/nodes/00723.json,rad-core-55/nodes/02722.json,0,1,u_stronger
rad-core-55,723,2936,rad-core-55/nodes/00723.json,rad-core-55/nodes/02936.json,0,1,u_stronger
rad-core-55,728,2047,rad-core-55/nodes/00728.json,rad-core-55/nodes/02047.json,0,1,u_stronger
rad-core-55,729,729,rad-core-55/nodes/00729.json,rad-core-55/nodes/00729.json,1,1,equivalent
rad-core-55,743,2235,rad-core-55/nodes/00743.json,rad-core-55/nodes/02235.json,0,1,u_stronger
rad-core-55,745,2235,rad-core-55/nodes/00745.json,rad-core-55/nodes/02235.json,0,1,u_stronger
rad-core-55,750,2686,rad-core-55/nodes/00750.json,rad-core-55/nodes/02686.json,0,1,u_stronger
rad-core-55,751,751,rad-core-55/nodes/00751.json,rad-core-55/nodes/00751.json,1,1,equivalent
rad-core-55,752,2235,rad-core-55/nodes/00752.json,rad-core-55/nodes/02235.json,0,1,u_stronger
rad-core-55,756,2235,rad-core-55/nodes/00756.json,rad-core-55/nodes/02235.json,0,1,u_stronger
rad-core-55,758,2235,rad-core-55/nodes/00758.json,rad-core-55/nodes/02235.json,0,1,u_stronger
rad-core-55,765,2235,rad-core-55/nodes/00765.json,rad-core-55/nodes/02235.json,0,1,u_stronger
rad-core-55,766,2235,rad-core-55/nodes/00766.json,rad-core-55/nodes/02235.json,0,1,u_stronger
rad-core-55,770,2926,rad-core-55/nodes/00770.json,rad-core-55/nodes/02926.json,0,1,u_stronger
rad-core-55,774,2235,rad-core-55/nodes/00774.json,rad-core-55/nodes/02235.json,0,1,u_stronger
rad-core-55,775,2235,rad-core-55/nodes/00775.json,rad-core-55/nodes/02235.json,0,1,u_stronger
rad-core-55,791,2686,rad-core-55/nodes/00791.json,rad-core-55/nodes/02686.json,0,1,u_stronger
rad-core-55,794,238,rad-core-55/nodes/00794.json,rad-core-55/nodes/00238.json,1,0,d_stronger
rad-core-55,795,3387,rad-core-55/nodes/00795.json,rad-core-55/nodes/03387.json,0,1,u_stronger
rad-core-55,796,2936,rad-core-55/nodes/00796.json,rad-core-55/nodes/02936.json,0,1,u_stronger
rad-core-55,797,2235,rad-core-55/nodes/00797.json,rad-core-55/nodes/02235.json,0,1,u_stronger
rad-core-55,798,2235,rad-core-55/nodes/00798.json,rad-core-55/nodes/02235.json,0,1,u_stronger
rad-core-55,799,1987,rad-core-55/nodes/00799.json,rad-core-55/nodes/01987.json,0,1,u_stronger
rad-core-55,799,2044,rad-core-55/nodes/00799.json,rad-core-55/nodes/02044.json,0,1,u_stronger
rad-core-55,799,2047,rad-core-55/nodes/00799.json,rad-core-55/nodes/02047.json,0,1,u_stronger
rad-core-55,799,2076,rad-core-55/nodes/00799.json,rad-core-55/nodes/02076.json,0,1,u_stronger
rad-core-55,799,2235,rad-core-55/nodes/00799.json,rad-core-55/nodes/02235.json,0,1,u_stronger
rad-core-55,799,2241,rad-core-55/nodes/00799.json,rad-core-55/nodes/02241.json,0,1,u_stronger
rad-core-55,799,2273,rad-core-55/nodes/00799.json,rad-core-55/nodes/02273.json,0,1,u_stronger
rad-core-55,799,2714,rad-core-55/nodes/00799.json,rad-core-55/nodes/02714.json,0,1,u_stronger
rad-core-55,799,2722,rad-core-55/nodes/00799.json,rad-core-55/nodes/02722.json,0,1,u_stronger
rad-core-55,799,2731,rad-core-55/nodes/00799.json,rad-core-55/nodes/02731.json,0,1,u_stronger
rad-core-55,799,2936,rad-core-55/nodes/00799.json,rad-core-55/nodes/02936.json,0,1,u_stronger
rad-core-55,799,3117,rad-core-55/nodes/00799.json,rad-core-55/nodes/03117.json,0,1,u_stronger
rad-core-55,799,3374,rad-core-55/nodes/00799.json,rad-core-55/nodes/03374.json,0,1,u_stronger
rad-core-55,801,2686,rad-core-55/nodes/00801.json,rad-core-55/nodes/02686.json,0,1,u_stronger
rad-core-55,802,2235,rad-core-55/nodes/00802.json,rad-core-55/nodes/02235.json,0,1,u_stronger
rad-core-55,803,2686,rad-core-55/nodes/00803.json,rad-core-55/nodes/02686.json,0,1,u_stronger
rad-core-55,804,2686,rad-core-55/nodes/00804.json,rad-core-55/nodes/02686.json,0,1,u_stronger
rad-core-55,805,2235,rad-core-55/nodes/00805.json,rad-core-55/nodes/02235.json,0,1,u_stronger
rad-core-55,806,2235,rad-core-55/nodes/00806.json,rad-core-55/nodes/02235.json,0,1,u_stronger
rad-core-55,807,2235,rad-core-55/nodes/00807.json,rad-core-55/nodes/02235.json,0,1,u_stronger
rad-core-55,808,2235,rad-core-55/nodes/00808.json,rad-core-55/nodes/02235.json,0,1,u_stronger
rad-core-55,812,2235,rad-core-55/nodes/00812.json,rad-core-55/nodes/02235.json,0,1,u_stronger
rad-core-55,816,2235,rad-core-55/nodes/00816.json,rad-core-55/nodes/02235.json,0,1,u_stronger
rad-core-55,818,2235,rad-core-55/nodes/00818.json,rad-core-55/nodes/02235.json,0,1,u_stronger
rad-core-55,820,2686,rad-core-55/nodes/00820.json,rad-core-55/nodes/02686.json,0,1,u_stronger
rad-core-55,820,3305,rad-core-55/nodes/00820.json,rad-core-55/nodes/03305.json,0,1,u_stronger
rad-core-55,821,2686,rad-core-55/nodes/00821.json,rad-core-55/nodes/02686.json,0,1,u_stronger
rad-core-55,822,1987,rad-core-55/nodes/00822.json,rad-core-55/nodes/01987.json,0,1,u_stronger
rad-core-55,822,2044,rad-core-55/nodes/00822.json,rad-core-55/nodes/02044.json,0,1,u_stronger
rad-core-55,822,2047,rad-core-55/nodes/00822.json,rad-core-55/nodes/02047.json,0,1,u_stronger
rad-core-55,822,2076,rad-core-55/nodes/00822.json,rad-core-55/nodes/02076.json,0,1,u_stronger
rad-core-55,822,2235,rad-core-55/nodes/00822.json,rad-core-55/nodes/02235.json,0,1,u_stronger
rad-core-55,822,2241,rad-core-55/nodes/00822.json,rad-core-55/nodes/02241.json,0,1,u_stronger
rad-core-55,822,2273,rad-core-55/nodes/00822.json,rad-core-55/nodes/02273.json,0,1,u_stronger
rad-core-55,822,2722,rad-core-55/nodes/00822.json,rad-core-55/nodes/02722.json,0,1,u_stronger
rad-core-55,822,2936,rad-core-55/nodes/00822.json,rad-core-55/nodes/02936.json,0,1,u_stronger
rad-core-55,823,2235,rad-core-55/nodes/00823.json,rad-core-55/nodes/02235.json,0,1,u_stronger
rad-core-55,824,2686,rad-core-55/nodes/00824.json,rad-core-55/nodes/02686.json,0,1,u_stronger
rad-core-55,825,2686,rad-core-55/nodes/00825.json,rad-core-55/nodes/02686.json,0,1,u_stronger
rad-core-55,826,2235,rad-core-55/nodes/00826.json,rad-core-55/nodes/02235.json,0,1,u_stronger
rad-core-55,826,2274,rad-core-55/nodes/00826.json,rad-core-55/nodes/02274.json,0,1,u_stronger
rad-core-55,826,3163,rad-core-55/nodes/00826.json,rad-core-55/nodes/03163.json,0,1,u_stronger
rad-core-55,826,3233,rad-core-55/nodes/00826.json,rad-core-55/nodes/03233.json,0,1,u_stronger
rad-core-55,831,2044,rad-core-55/nodes/00831.json,rad-core-55/nodes/02044.json,0,1,u_stronger
rad-core-55,831,2299,rad-core-55/nodes/00831.json,rad-core-55/nodes/02299.json,0,1,u_stronger
rad-core-55,831,2686,rad-core-55/nodes/00831.json,rad-core-55/nodes/02686.json,0,1,u_stronger
rad-core-55,831,3305,rad-core-55/nodes/00831.json,rad-core-55/nodes/03305.json,0,1,u_stronger
rad-core-55,832,2686,rad-core-55/nodes/00832.json,rad-core-55/nodes/02686.json,0,1,u_stronger
rad-core-55,838,2235,rad-core-55/nodes/00838.json,rad-core-55/nodes/02235.json,0,1,u_stronger
rad-core-55,842,2686,rad-core-55/nodes/00842.json,rad-core-55/nodes/02686.json,0,1,u_stronger
rad-core-55,843,2686,rad-core-55/nodes/00843.json,rad-core-55/nodes/02686.json,0,1,u_stronger
rad-core-55,845,2235,rad-core-55/nodes/00845.json,rad-core-55/nodes/02235.json,0,1,u_stronger
rad-core-55,846,2686,rad-core-55/nodes/00846.json,rad-core-55/nodes/02686.json,0,1,u_stronger
rad-core-55,848,2686,rad-core-55/nodes/00848.json,rad-core-55/nodes/02686.json,0,1,u_stronger
rad-core-55,852,2235,rad-core-55/nodes/00852.json,rad-core-55/nodes/02235.json,0,1,u_stronger
rad-core-55,853,2235,rad-core-55/nodes/00853.json,rad-core-55/nodes/02235.json,0,1,u_stronger
rad-core-55,855,2686,rad-core-55/nodes/00855.json,rad-core-55/nodes/02686.json,0,1,u_stronger
rad-core-55,857,2235,rad-core-55/nodes/00857.json,rad-core-55/nodes/02235.json,0,1,u_stronger
rad-core-55,858,2235,rad-core-55/nodes/00858.json,rad-core-55/nodes/02235.json,0,1,u_stronger
rad-core-55,860,2928,rad-core-55/nodes/00860.json,rad-core-55/nodes/02928.json,0,1,u_stronger
rad-core-55,861,2235,rad-core-55/nodes/00861.json,rad-core-55/nodes/02235.json,0,1,u_stronger
rad-core-55,866,2235,rad-core-55/nodes/00866.json,rad-core-55/nodes/02235.json,0,1,u_stronger
rad-core-55,867,2235,rad-core-55/nodes/00867.json,rad-core-55/nodes/02235.json,0,1,u_stronger
rad-core-55,873,2235,rad-core-55/nodes/00873.json,rad-core-55/nodes/02235.json,0,1,u_stronger
rad-core-55,877,2235,rad-core-55/nodes/00877.json,rad-core-55/nodes/02235.json,0,1,u_stronger
rad-core-55,879,2292,rad-core-55/nodes/00879.json,rad-core-55/nodes/02292.json,1,0,d_stronger
rad-core-55,879,2295,rad-core-55/nodes/00879.json,rad-core-55/nodes/02295.json,1,0,d_stronger
rad-core-55,879,3358,rad-core-55/nodes/00879.json,rad-core-55/nodes/03358.json,1,0,d_stronger
rad-core-55,881,2235,rad-core-55/nodes/00881.json,rad-core-55/nodes/02235.json,0,1,u_stronger
rad-core-55,882,2235,rad-core-55/nodes/00882.json,rad-core-55/nodes/02235.json,0,1,u_stronger
rad-core-55,883,2235,rad-core-55/nodes/00883.json,rad-core-55/nodes/02235.json,0,1,u_stronger
rad-core-55,885,2235,rad-core-55/nodes/00885.json,rad-core-55/nodes/02235.json,0,1,u_stronger
rad-core-55,886,886,rad-core-55/nodes/00886.json,rad-core-55/nodes/00886.json,1,1,equivalent
rad-core-55,895,2235,rad-core-55/nodes/00895.json,rad-core-55/nodes/02235.json,0,1,u_stronger
rad-core-55,896,2686,rad-core-55/nodes/00896.json,rad-core-55/nodes/02686.json,0,1,u_stronger
rad-core-55,898,2686,rad-core-55/nodes/00898.json,rad-core-55/nodes/02686.json,0,1,u_stronger
rad-core-55,900,2686,rad-core-55/nodes/00900.json,rad-core-55/nodes/02686.json,0,1,u_stronger
rad-core-55,902,2235,rad-core-55/nodes/00902.json,rad-core-55/nodes/02235.json,0,1,u_stronger
rad-core-55,903,2235,rad-core-55/nodes/00903.json,rad-core-55/nodes/02235.json,0,1,u_stronger
rad-core-55,907,2235,rad-core-55/nodes/00907.json,rad-core-55/nodes/02235.json,0,1,u_stronger
rad-core-55,913,2235,rad-core-55/nodes/00913.json,rad-core-55/nodes/02235.json,0,1,u_stronger
rad-core-55,915,2235,rad-core-55/nodes/00915.json,rad-core-55/nodes/02235.json,0,1,u_stronger
rad-core-55,921,2235,rad-core-55/nodes/00921.json,rad-core-55/nodes/02235.json,0,1,u_stronger
rad-core-55,922,1987,rad-core-55/nodes/00922.json,rad-core-55/nodes/01987.json,0,1,u_stronger
rad-core-55,922,2047,rad-core-55/nodes/00922.json,rad-core-55/nodes/02047.json,0,1,u_stronger
rad-core-55,922,2076,rad-core-55/nodes/00922.json,rad-core-55/nodes/02076.json,0,1,u_stronger
rad-core-55,922,2235,rad-core-55/nodes/00922.json,rad-core-55/nodes/02235.json,0,1,u_stronger
rad-core-55,922,2241,rad-core-55/nodes/00922.json,rad-core-55/nodes/02241.json,0,1,u_stronger
rad-core-55,922,2273,rad-core-55/nodes/00922.json,rad-core-55/nodes/02273.json,0,1,u_stronger
rad-core-55,922,2415,rad-core-55/nodes/00922.json,rad-core-55/nodes/02415.json,0,1,u_stronger
rad-core-55,922,2455,rad-core-55/nodes/00922.json,rad-core-55/nodes/02455.json,0,1,u_stronger
rad-core-55,922,2722,rad-core-55/nodes/00922.json,rad-core-55/nodes/02722.json,0,1,u_stronger
rad-core-55,922,2810,rad-core-55/nodes/00922.json,rad-core-55/nodes/02810.json,0,1,u_stronger
rad-core-55,922,2936,rad-core-55/nodes/00922.json,rad-core-55/nodes/02936.json,0,1,u_stronger
rad-core-55,922,3233,rad-core-55/nodes/00922.json,rad-core-55/nodes/03233.json,0,1,u_stronger
rad-core-55,924,2235,rad-core-55/nodes/00924.json,rad-core-55/nodes/02235.json,0,1,u_stronger
rad-core-55,925,2235,rad-core-55/nodes/00925.json,rad-core-55/nodes/02235.json,0,1,u_stronger
rad-core-55,927,2125,rad-core-55/nodes/00927.json,rad-core-55/nodes/02125.json,1,0,d_stronger
rad-core-55,927,2258,rad-core-55/nodes/00927.json,rad-core-55/nodes/02258.json,1,0,d_stronger
rad-core-55,927,2582,rad-core-55/nodes/00927.json,rad-core-55/nodes/02582.json,1,0,d_stronger
rad-core-55,928,2235,rad-core-55/nodes/00928.json,rad-core-55/nodes/02235.json,0,1,u_stronger
rad-core-55,932,2235,rad-core-55/nodes/00932.json,rad-core-55/nodes/02235.json,0,1,u_stronger
rad-core-55,934,2686,rad-core-55/nodes/00934.json,rad-core-55/nodes/02686.json,0,1,u_stronger
rad-core-55,937,2235,rad-core-55/nodes/00937.json,rad-core-55/nodes/02235.json,0,1,u_stronger
rad-core-55,937,2714,rad-core-55/nodes/00937.json,rad-core-55/nodes/02714.json,0,1,u_stronger
rad-core-55,938,2686,rad-core-55/nodes/00938.json,rad-core-55/nodes/02686.json,0,1,u_stronger
rad-core-55,941,2235,rad-core-55/nodes/00941.json,rad-core-55/nodes/02235.json,0,1,u_stronger
rad-core-55,941,2274,rad-core-55/nodes/00941.json,rad-core-55/nodes/02274.json,0,1,u_stronger
rad-core-55,941,3163,rad-core-55/nodes/00941.json,rad-core-55/nodes/03163.json,0,1,u_stronger
rad-core-55,941,3233,rad-core-55/nodes/00941.json,rad-core-55/nodes/03233.json,0,1,u_stronger
rad-core-55,942,2235,rad-core-55/nodes/00942.json,rad-core-55/nodes/02235.json,0,1,u_stronger
rad-core-55,946,2235,rad-core-55/nodes/00946.json,rad-core-55/nodes/02235.json,0,1,u_stronger
rad-core-55,947,2235,rad-core-55/nodes/00947.json,rad-core-55/nodes/02235.json,0,1,u_stronger
rad-core-55,949,2235,rad-core-55/nodes/00949.json,rad-core-55/nodes/02235.json,0,1,u_stronger
rad-core-55,950,2800,rad-core-55/nodes/00950.json,rad-core-55/nodes/02800.json,1,0,d_stronger
rad-core-55,958,2235,rad-core-55/nodes/00958.json,rad-core-55/nodes/02235.json,0,1,u_stronger
rad-core-55,965,2722,rad-core-55/nodes/00965.json,rad-core-55/nodes/02722.json,0,1,u_stronger
rad-core-55,974,2686,rad-core-55/nodes/00974.json,rad-core-55/nodes/02686.json,0,1,u_stronger
rad-core-55,977,2714,rad-core-55/nodes/00977.json,rad-core-55/nodes/02714.json,0,1,u_stronger
rad-core-55,977,2722,rad-core-55/nodes/00977.json,rad-core-55/nodes/02722.json,0,1,u_stronger
rad-core-55,980,2235,rad-core-55/nodes/00980.json,rad-core-55/nodes/02235.json,0,1,u_stronger
rad-core-55,990,2686,rad-core-55/nodes/00990.json,rad-core-55/nodes/02686.json,0,1,u_stronger
rad-core-55,993,2670,rad-core-55/nodes/00993.json,rad-core-55/nodes/02670.json,0,1,u_stronger
rad-core-55,997,2686,rad-core-55/nodes/00997.json,rad-core-55/nodes/02686.json,0,1,u_stronger
rad-core-55,998,2235,rad-core-55/nodes/00998.json,rad-core-55/nodes/02235.json,0,1,u_stronger
rad-core-55,1000,2235,rad-core-55/nodes/01000.json,rad-core-55/nodes/02235.json,0,1,u_stronger
rad-core-55,1003,2686,rad-core-55/nodes/01003.json,rad-core-55/nodes/02686.json,0,1,u_stronger
rad-core-55,1004,1004,rad-core-55/nodes/01004.json,rad-core-55/nodes/01004.json,1,1,equivalent
rad-core-55,1009,2670,rad-core-55/nodes/01009.json,rad-core-55/nodes/02670.json,0,1,u_stronger
rad-core-55,1012,2722,rad-core-55/nodes/01012.json,rad-core-55/nodes/02722.json,0,1,u_stronger
rad-core-55,1014,1987,rad-core-55/nodes/01014.json,rad-core-55/nodes/01987.json,0,1,u_stronger
rad-core-55,1014,2047,rad-core-55/nodes/01014.json,rad-core-55/nodes/02047.json,0,1,u_stronger
rad-core-55,1014,2076,rad-core-55/nodes/01014.json,rad-core-55/nodes/02076.json,0,1,u_stronger
rad-core-55,1014,2235,rad-core-55/nodes/01014.json,rad-core-55/nodes/02235.json,0,1,u_stronger
rad-core-55,1014,2241,rad-core-55/nodes/01014.json,rad-core-55/nodes/02241.json,0,1,u_stronger
rad-core-55,1014,2273,rad-core-55/nodes/01014.json,rad-core-55/nodes/02273.json,0,1,u_stronger
rad-core-55,1014,2722,rad-core-55/nodes/01014.json,rad-core-55/nodes/02722.json,0,1,u_stronger
rad-core-55,1014,2936,rad-core-55/nodes/01014.json,rad-core-55/nodes/02936.json,0,1,u_stronger
rad-core-55,1020,2235,rad-core-55/nodes/01020.json,rad-core-55/nodes/02235.json,0,1,u_stronger
rad-core-55,1022,2299,rad-core-55/nodes/01022.json,rad-core-55/nodes/02299.json,0,1,u_stronger
rad-core-55,1022,2686,rad-core-55/nodes/01022.json,rad-core-55/nodes/02686.json,0,1,u_stronger
rad-core-55,1022,2710,rad-core-55/nodes/01022.json,rad-core-55/nodes/02710.json,0,1,u_stronger
rad-core-55,1022,3305,rad-core-55/nodes/01022.json,rad-core-55/nodes/03305.json,0,1,u_stronger
rad-core-55,1031,2235,rad-core-55/nodes/01031.json,rad-core-55/nodes/02235.json,0,1,u_stronger
rad-core-55,1032,1987,rad-core-55/nodes/01032.json,rad-core-55/nodes/01987.json,0,1,u_stronger
rad-core-55,1032,2047,rad-core-55/nodes/01032.json,rad-core-55/nodes/02047.json,0,1,u_stronger
rad-core-55,1032,2076,rad-core-55/nodes/01032.json,rad-core-55/nodes/02076.json,0,1,u_stronger
rad-core-55,1032,2235,rad-core-55/nodes/01032.json,rad-core-55/nodes/02235.json,0,1,u_stronger
rad-core-55,1032,2241,rad-core-55/nodes/01032.json,rad-core-55/nodes/02241.json,0,1,u_stronger
rad-core-55,1032,2273,rad-core-55/nodes/01032.json,rad-core-55/nodes/02273.json,0,1,u_stronger
rad-core-55,1032,2722,rad-core-55/nodes/01032.json,rad-core-55/nodes/02722.json,0,1,u_stronger
rad-core-55,1032,2936,rad-core-55/nodes/01032.json,rad-core-55/nodes/02936.json,0,1,u_stronger
rad-core-55,1033,2722,rad-core-55/nodes/01033.json,rad-core-55/nodes/02722.json,0,1,u_stronger
rad-core-55,1035,2686,rad-core-55/nodes/01035.json,rad-core-55/nodes/02686.json,0,1,u_stronger
rad-core-55,1036,2714,rad-core-55/nodes/01036.json,rad-core-55/nodes/02714.json,0,1,u_stronger
rad-core-55,1041,2686,rad-core-55/nodes/01041.json,rad-core-55/nodes/02686.json,0,1,u_stronger
rad-core-55,1042,2686,rad-core-55/nodes/01042.json,rad-core-55/nodes/02686.json,0,1,u_stronger
rad-core-55,1043,2686,rad-core-55/nodes/01043.json,rad-core-55/nodes/02686.json,0,1,u_stronger
rad-core-55,1046,2235,rad-core-55/nodes/01046.json,rad-core-55/nodes/02235.json,0,1,u_stronger
rad-core-55,1047,2235,rad-core-55/nodes/01047.json,rad-core-55/nodes/02235.json,0,1,u_stronger
rad-core-55,1048,2686,rad-core-55/nodes/01048.json,rad-core-55/nodes/02686.json,0,1,u_stronger
rad-core-55,1050,2686,rad-core-55/nodes/01050.json,rad-core-55/nodes/02686.json,0,1,u_stronger
rad-core-55,1053,2235,rad-core-55/nodes/01053.json,rad-core-55/nodes/02235.json,0,1,u_stronger
rad-core-55,1055,2686,rad-core-55/nodes/01055.json,rad-core-55/nodes/02686.json,0,1,u_stronger
rad-core-55,1056,2061,rad-core-55/nodes/01056.json,rad-core-55/nodes/02061.json,0,1,u_stronger
rad-core-55,1057,2235,rad-core-55/nodes/01057.json,rad-core-55/nodes/02235.json,0,1,u_stronger
rad-core-55,1058,1987,rad-core-55/nodes/01058.json,rad-core-55/nodes/01987.json,0,1,u_stronger
rad-core-55,1058,2047,rad-core-55/nodes/01058.json,rad-core-55/nodes/02047.json,0,1,u_stronger
rad-core-55,1058,2076,rad-core-55/nodes/01058.json,rad-core-55/nodes/02076.json,0,1,u_stronger
rad-core-55,1058,2235,rad-core-55/nodes/01058.json,rad-core-55/nodes/02235.json,0,1,u_stronger
rad-core-55,1058,2241,rad-core-55/nodes/01058.json,rad-core-55/nodes/02241.json,0,1,u_stronger
rad-core-55,1058,2273,rad-core-55/nodes/01058.json,rad-core-55/nodes/02273.json,0,1,u_stronger
rad-core-55,1058,2714,rad-core-55/nodes/01058.json,rad-core-55/nodes/02714.json,0,1,u_stronger
rad-core-55,1058,2722,rad-core-55/nodes/01058.json,rad-core-55/nodes/02722.json,0,1,u_stronger
rad-core-55,1058,2731,rad-core-55/nodes/01058.json,rad-core-55/nodes/02731.json,0,1,u_stronger
rad-core-55,1058,2936,rad-core-55/nodes/01058.json,rad-core-55/nodes/02936.json,0,1,u_stronger
rad-core-55,1058,3117,rad-core-55/nodes/01058.json,rad-core-55/nodes/03117.json,0,1,u_stronger
rad-core-55,1058,3374,rad-core-55/nodes/01058.json,rad-core-55/nodes/03374.json,0,1,u_stronger
rad-core-55,1059,1987,rad-core-55/nodes/01059.json,rad-core-55/nodes/01987.json,0,1,u_stronger
rad-core-55,1059,2047,rad-core-55/nodes/01059.json,rad-core-55/nodes/02047.json,0,1,u_stronger
rad-core-55,1059,2076,rad-core-55/nodes/01059.json,rad-core-55/nodes/02076.json,0,1,u_stronger
rad-core-55,1059,2235,rad-core-55/nodes/01059.json,rad-core-55/nodes/02235.json,0,1,u_stronger
rad-core-55,1059,2241,rad-core-55/nodes/01059.json,rad-core-55/nodes/02241.json,0,1,u_stronger
rad-core-55,1059,2273,rad-core-55/nodes/01059.json,rad-core-55/nodes/02273.json,0,1,u_stronger
rad-core-55,1059,2722,rad-core-55/nodes/01059.json,rad-core-55/nodes/02722.json,0,1,u_stronger
rad-core-55,1059,2936,rad-core-55/nodes/01059.json,rad-core-55/nodes/02936.json,0,1,u_stronger
rad-core-55,1062,1987,rad-core-55/nodes/01062.json,rad-core-55/nodes/01987.json,0,1,u_stronger
rad-core-55,1062,2047,rad-core-55/nodes/01062.json,rad-core-55/nodes/02047.json,0,1,u_stronger
rad-core-55,1062,2076,rad-core-55/nodes/01062.json,rad-core-55/nodes/02076.json,0,1,u_stronger
rad-core-55,1062,2235,rad-core-55/nodes/01062.json,rad-core-55/nodes/02235.json,0,1,u_stronger
rad-core-55,1062,2241,rad-core-55/nodes/01062.json,rad-core-55/nodes/02241.json,0,1,u_stronger
rad-core-55,1062,2273,rad-core-55/nodes/01062.json,rad-core-55/nodes/02273.json,0,1,u_stronger
rad-core-55,1062,2714,rad-core-55/nodes/01062.json,rad-core-55/nodes/02714.json,0,1,u_stronger
rad-core-55,1062,2722,rad-core-55/nodes/01062.json,rad-core-55/nodes/02722.json,0,1,u_stronger
rad-core-55,1062,2731,rad-core-55/nodes/01062.json,rad-core-55/nodes/02731.json,0,1,u_stronger
rad-core-55,1062,2936,rad-core-55/nodes/01062.json,rad-core-55/nodes/02936.json,0,1,u_stronger
rad-core-55,1062,3117,rad-core-55/nodes/01062.json,rad-core-55/nodes/03117.json,0,1,u_stronger
rad-core-55,1062,3374,rad-core-55/nodes/01062.json,rad-core-55/nodes/03374.json,0,1,u_stronger
rad-core-55,1063,2235,rad-core-55/nodes/01063.json,rad-core-55/nodes/02235.json,0,1,u_stronger
rad-core-55,1066,2235,rad-core-55/nodes/01066.json,rad-core-55/nodes/02235.json,0,1,u_stronger
rad-core-55,1069,2235,rad-core-55/nodes/01069.json,rad-core-55/nodes/02235.json,0,1,u_stronger
rad-core-55,1071,2235,rad-core-55/nodes/01071.json,rad-core-55/nodes/02235.json,0,1,u_stronger
rad-core-55,1072,2235,rad-core-55/nodes/01072.json,rad-core-55/nodes/02235.json,0,1,u_stronger
rad-core-55,1073,2686,rad-core-55/nodes/01073.json,rad-core-55/nodes/02686.json,0,1,u_stronger
rad-core-55,1075,2686,rad-core-55/nodes/01075.json,rad-core-55/nodes/02686.json,0,1,u_stronger
rad-core-55,1077,2235,rad-core-55/nodes/01077.json,rad-core-55/nodes/02235.json,0,1,u_stronger
rad-core-55,1078,2235,rad-core-55/nodes/01078.json,rad-core-55/nodes/02235.json,0,1,u_stronger
rad-core-55,1085,2235,rad-core-55/nodes/01085.json,rad-core-55/nodes/02235.json,0,1,u_stronger
rad-core-55,1088,2235,rad-core-55/nodes/01088.json,rad-core-55/nodes/02235.json,0,1,u_stronger
rad-core-55,1089,1089,rad-core-55/nodes/01089.json,rad-core-55/nodes/01089.json,1,1,equivalent
rad-core-55,1097,2235,rad-core-55/nodes/01097.json,rad-core-55/nodes/02235.json,0,1,u_stronger
rad-core-55,1104,2686,rad-core-55/nodes/01104.json,rad-core-55/nodes/02686.json,0,1,u_stronger
rad-core-55,1107,2235,rad-core-55/nodes/01107.json,rad-core-55/nodes/02235.json,0,1,u_stronger
rad-core-55,1109,2235,rad-core-55/nodes/01109.json,rad-core-55/nodes/02235.json,0,1,u_stronger
rad-core-55,1110,2686,rad-core-55/nodes/01110.json,rad-core-55/nodes/02686.json,0,1,u_stronger
rad-core-55,1111,1111,rad-core-55/nodes/01111.json,rad-core-55/nodes/01111.json,1,1,equivalent
rad-core-55,1112,2235,rad-core-55/nodes/01112.json,rad-core-55/nodes/02235.json,0,1,u_stronger
rad-core-55,1114,2686,rad-core-55/nodes/01114.json,rad-core-55/nodes/02686.json,0,1,u_stronger
rad-core-55,1116,2686,rad-core-55/nodes/01116.json,rad-core-55/nodes/02686.json,0,1,u_stronger
rad-core-55,1117,1987,rad-core-55/nodes/01117.json,rad-core-55/nodes/01987.json,0,1,u_stronger
rad-core-55,1117,2047,rad-core-55/nodes/01117.json,rad-core-55/nodes/02047.json,0,1,u_stronger
rad-core-55,1117,2076,rad-core-55/nodes/01117.json,rad-core-55/nodes/02076.json,0,1,u_stronger
rad-core-55,1117,2235,rad-core-55/nodes/01117.json,rad-core-55/nodes/02235.json,0,1,u_stronger
rad-core-55,1117,2241,rad-core-55/nodes/01117.json,rad-core-55/nodes/02241.json,0,1,u_stronger
rad-core-55,1117,2273,rad-core-55/nodes/01117.json,rad-core-55/nodes/02273.json,0,1,u_stronger
rad-core-55,1117,2722,rad-core-55/nodes/01117.json,rad-core-55/nodes/02722.json,0,1,u_stronger
rad-core-55,1117,2936,rad-core-55/nodes/01117.json,rad-core-55/nodes/02936.json,0,1,u_stronger
rad-core-55,1119,2686,rad-core-55/nodes/01119.json,rad-core-55/nodes/02686.json,0,1,u_stronger
rad-core-55,1120,2235,rad-core-55/nodes/01120.json,rad-core-55/nodes/02235.json,0,1,u_stronger
rad-core-55,1121,2686,rad-core-55/nodes/01121.json,rad-core-55/nodes/02686.json,0,1,u_stronger
rad-core-55,1124,2235,rad-core-55/nodes/01124.json,rad-core-55/nodes/02235.json,0,1,u_stronger
rad-core-55,1126,2686,rad-core-55/nodes/01126.json,rad-core-55/nodes/02686.json,0,1,u_stronger
rad-core-55,1128,2235,rad-core-55/nodes/01128.json,rad-core-55/nodes/02235.json,0,1,u_stronger
rad-core-55,1129,2235,rad-core-55/nodes/01129.json,rad-core-55/nodes/02235.json,0,1,u_stronger
rad-core-55,1131,2433,rad-core-55/nodes/01131.json,rad-core-55/nodes/02433.json,0,1,u_stronger
rad-core-55,1133,2686,rad-core-55/nodes/01133.json,rad-core-55/nodes/02686.json,0,1,u_stronger
rad-core-55,1135,2235,rad-core-55/nodes/01135.json,rad-core-55/nodes/02235.json,0,1,u_stronger
rad-core-55,1137,2235,rad-core-55/nodes/01137.json,rad-core-55/nodes/02235.json,0,1,u_stronger
rad-core-55,1139,2235,rad-core-55/nodes/01139.json,rad-core-55/nodes/02235.json,0,1,u_stronger
rad-core-55,1146,2289,rad-core-55/nodes/01146.json,rad-core-55/nodes/02289.json,1,0,d_stronger
rad-core-55,1152,2596,rad-core-55/nodes/01152.json,rad-core-55/nodes/02596.json,0,1,u_stronger
rad-core-55,1153,2787,rad-core-55/nodes/01153.json,rad-core-55/nodes/02787.json,0,1,u_stronger
rad-core-55,1173,2235,rad-core-55/nodes/01173.json,rad-core-55/nodes/02235.json,0,1,u_stronger
rad-core-55,1176,2235,rad-core-55/nodes/01176.json,rad-core-55/nodes/02235.json,0,1,u_stronger
rad-core-55,1179,2235,rad-core-55/nodes/01179.json,rad-core-55/nodes/02235.json,0,1,u_stronger
rad-core-55,1182,2235,rad-core-55/nodes/01182.json,rad-core-55/nodes/02235.json,0,1,u_stronger
rad-core-55,1186,2235,rad-core-55/nodes/01186.json,rad-core-55/nodes/02235.json,0,1,u_stronger
rad-core-55,1191,2235,rad-core-55/nodes/01191.json,rad-core-55/nodes/02235.json,0,1,u_stronger
rad-core-55,1199,1890,rad-core-55/nodes/01199.json,rad-core-55/nodes/01890.json,0,1,u_stronger
rad-core-55,1199,3319,rad-core-55/nodes/01199.json,rad-core-55/nodes/03319.json,0,1,u_stronger
rad-core-55,1206,2650,rad-core-55/nodes/01206.json,rad-core-55/nodes/02650.json,1,0,d_stronger
rad-core-55,1213,1213,rad-core-55/nodes/01213.json,rad-core-55/nodes/01213.json,1,1,equivalent
rad-core-55,1218,2710,rad-core-55/nodes/01218.json,rad-core-55/nodes/02710.json,0,1,u_stronger
rad-core-55,1227,1987,rad-core-55/nodes/01227.json,rad-core-55/nodes/01987.json,0,1,u_stronger
rad-core-55,1227,2047,rad-core-55/nodes/01227.json,rad-core-55/nodes/02047.json,0,1,u_stronger
rad-core-55,1227,2076,rad-core-55/nodes/01227.json,rad-core-55/nodes/02076.json,0,1,u_stronger
rad-core-55,1227,2235,rad-core-55/nodes/01227.json,rad-core-55/nodes/02235.json,0,1,u_stronger
rad-core-55,1227,2241,rad-core-55/nodes/01227.json,rad-core-55/nodes/02241.json,0,1,u_stronger
rad-core-55,1227,2273,rad-core-55/nodes/01227.json,rad-core-55/nodes/02273.json,0,1,u_stronger
rad-core-55,1227,2722,rad-core-55/nodes/01227.json,rad-core-55/nodes/02722.json,0,1,u_stronger
rad-core-55,1227,2936,rad-core-55/nodes/01227.json,rad-core-55/nodes/02936.json,0,1,u_stronger
rad-core-55,1231,1904,rad-core-55/nodes/01231.json,rad-core-55/nodes/01904.json,0,1,u_stronger
rad-core-55,1236,2235,rad-core-55/nodes/01236.json,rad-core-55/nodes/02235.json,0,1,u_stronger
rad-core-55,1238,2686,rad-core-55/nodes/01238.json,rad-core-55/nodes/02686.json,0,1,u_stronger
rad-core-55,1239,2235,rad-core-55/nodes/01239.json,rad-core-55/nodes/02235.json,0,1,u_stronger
rad-core-55,1241,2044,rad-core-55/nodes/01241.json,rad-core-55/nodes/02044.json,0,1,u_stronger
rad-core-55,1242,1987,rad-core-55/nodes/01242.json,rad-core-55/nodes/01987.json,0,1,u_stronger
rad-core-55,1242,2047,rad-core-55/nodes/01242.json,rad-core-55/nodes/02047.json,0,1,u_stronger
rad-core-55,1242,2076,rad-core-55/nodes/01242.json,rad-core-55/nodes/02076.json,0,1,u_stronger
rad-core-55,1242,2235,rad-core-55/nodes/01242.json,rad-core-55/nodes/02235.json,0,1,u_stronger
rad-core-55,1242,2241,rad-core-55/nodes/01242.json,rad-core-55/nodes/02241.json,0,1,u_stronger
rad-core-55,1242,2273,rad-core-55/nodes/01242.json,rad-core-55/nodes/02273.json,0,1,u_stronger
rad-core-55,1242,2722,rad-core-55/nodes/01242.json,rad-core-55/nodes/02722.json,0,1,u_stronger
rad-core-55,1242,2936,rad-core-55/nodes/01242.json,rad-core-55/nodes/02936.json,0,1,u_stronger
rad-core-55,1244,2235,rad-core-55/nodes/01244.json,rad-core-55/nodes/02235.json,0,1,u_stronger
rad-core-55,1245,2686,rad-core-55/nodes/01245.json,rad-core-55/nodes/02686.json,0,1,u_stronger
rad-core-55,1248,2686,rad-core-55/nodes/01248.json,rad-core-55/nodes/02686.json,0,1,u_stronger
rad-core-55,1249,2936,rad-core-55/nodes/01249.json,rad-core-55/nodes/02936.json,0,1,u_stronger
rad-core-55,1250,2235,rad-core-55/nodes/01250.json,rad-core-55/nodes/02235.json,0,1,u_stronger
rad-core-55,1251,2235,rad-core-55/nodes/01251.json,rad-core-55/nodes/02235.json,0,1,u_stronger
rad-core-55,1252,2235,rad-core-55/nodes/01252.json,rad-core-55/nodes/02235.json,0,1,u_stronger
rad-core-55,1255,2235,rad-core-55/nodes/01255.json,rad-core-55/nodes/02235.json,0,1,u_stronger
rad-core-55,1256,2235,rad-core-55/nodes/01256.json,rad-core-55/nodes/02235.json,0,1,u_stronger
rad-core-55,1261,2235,rad-core-55/nodes/01261.json,rad-core-55/nodes/02235.json,0,1,u_stronger
rad-core-55,1262,2235,rad-core-55/nodes/01262.json,rad-core-55/nodes/02235.json,0,1,u_stronger
rad-core-55,1269,2413,rad-core-55/nodes/01269.json,rad-core-55/nodes/02413.json,1,0,d_stronger
rad-core-55,1271,1271,rad-core-55/nodes/01271.json,rad-core-55/nodes/01271.json,1,1,equivalent
rad-core-55,1273,2674,rad-core-55/nodes/01273.json,rad-core-55/nodes/02674.json,0,1,u_stronger
rad-core-55,1281,2235,rad-core-55/nodes/01281.json,rad-core-55/nodes/02235.json,0,1,u_stronger
rad-core-55,1282,2235,rad-core-55/nodes/01282.json,rad-core-55/nodes/02235.json,0,1,u_stronger
rad-core-55,1282,2731,rad-core-55/nodes/01282.json,rad-core-55/nodes/02731.json,0,1,u_stronger
rad-core-55,1285,2235,rad-core-55/nodes/01285.json,rad-core-55/nodes/02235.json,0,1,u_stronger
rad-core-55,1288,2686,rad-core-55/nodes/01288.json,rad-core-55/nodes/02686.json,0,1,u_stronger
rad-core-55,1291,2235,rad-core-55/nodes/01291.json,rad-core-55/nodes/02235.json,0,1,u_stronger
rad-core-55,1296,1296,rad-core-55/nodes/01296.json,rad-core-55/nodes/01296.json,1,1,equivalent
rad-core-55,1305,2235,rad-core-55/nodes/01305.json,rad-core-55/nodes/02235.json,0,1,u_stronger
rad-core-55,1305,2942,rad-core-55/nodes/01305.json,rad-core-55/nodes/02942.json,0,1,u_stronger
rad-core-55,1306,2235,rad-core-55/nodes/01306.json,rad-core-55/nodes/02235.json,0,1,u_stronger
rad-core-55,1308,2235,rad-core-55/nodes/01308.json,rad-core-55/nodes/02235.json,0,1,u_stronger
rad-core-55,1309,3272,rad-core-55/nodes/01309.json,rad-core-55/nodes/03272.json,0,1,u_stronger
rad-core-55,1310,2235,rad-core-55/nodes/01310.json,rad-core-55/nodes/02235.json,0,1,u_stronger
rad-core-55,1314,2235,rad-core-55/nodes/01314.json,rad-core-55/nodes/02235.json,0,1,u_stronger
rad-core-55,1316,2235,rad-core-55/nodes/01316.json,rad-core-55/nodes/02235.json,0,1,u_stronger
rad-core-55,1318,2258,rad-core-55/nodes/01318.json,rad-core-55/nodes/02258.json,1,0,d_stronger
rad-core-55,1318,2638,rad-core-55/nodes/01318.json,rad-core-55/nodes/02638.json,1,0,d_stronger
rad-core-55,1318,2709,rad-core-55/nodes/01318.json,rad-core-55/nodes/02709.json,1,0,d_stronger
rad-core-55,1325,2235,rad-core-55/nodes/01325.json,rad-core-55/nodes/02235.json,0,1,u_stronger
rad-core-55,1330,2235,rad-core-55/nodes/01330.json,rad-core-55/nodes/02235.json,0,1,u_stronger
rad-core-55,1331,2235,rad-core-55/nodes/01331.json,rad-core-55/nodes/02235.json,0,1,u_stronger
rad-core-55,1331,2744,rad-core-55/nodes/01331.json,rad-core-55/nodes/02744.json,0,1,u_stronger
rad-core-55,1343,2407,rad-core-55/nodes/01343.json,rad-core-55/nodes/02407.json,1,0,d_stronger
rad-core-55,1345,2289,rad-core-55/nodes/01345.json,rad-core-55/nodes/02289.json,1,0,d_stronger
rad-core-55,1348,1348,rad-core-55/nodes/01348.json,rad-core-55/nodes/01348.json,1,1,equivalent
rad-core-55,1349,2235,rad-core-55/nodes/01349.json,rad-core-55/nodes/02235.json,0,1,u_stronger
rad-core-55,1351,1987,rad-core-55/nodes/01351.json,rad-core-55/nodes/01987.json,0,1,u_stronger
rad-core-55,1351,2047,rad-core-55/nodes/01351.json,rad-core-55/nodes/02047.json,0,1,u_stronger
rad-core-55,1351,2076,rad-core-55/nodes/01351.json,rad-core-55/nodes/02076.json,0,1,u_stronger
rad-core-55,1351,2235,rad-core-55/nodes/01351.json,rad-core-55/nodes/02235.json,0,1,u_stronger
rad-core-55,1351,2241,rad-core-55/nodes/01351.json,rad-core-55/nodes/02241.json,0,1,u_stronger
rad-core-55,1351,2273,rad-core-55/nodes/01351.json,rad-core-55/nodes/02273.json,0,1,u_stronger
rad-core-55,1351,2722,rad-core-55/nodes/01351.json,rad-core-55/nodes/02722.json,0,1,u_stronger
rad-core-55,1351,2936,rad-core-55/nodes/01351.json,rad-core-55/nodes/02936.json,0,1,u_stronger
rad-core-55,1354,2235,rad-core-55/nodes/01354.json,rad-core-55/nodes/02235.json,0,1,u_stronger
rad-core-55,1359,2235,rad-core-55/nodes/01359.json,rad-core-55/nodes/02235.json,0,1,u_stronger
rad-core-55,1360,2235,rad-core-55/nodes/01360.json,rad-core-55/nodes/02235.json,0,1,u_stronger
rad-core-55,1365,3317,rad-core-55/nodes/01365.json,rad-core-55/nodes/03317.json,0,1,u_stronger
rad-core-55,1367,2235,rad-core-55/nodes/01367.json,rad-core-55/nodes/02235.json,0,1,u_stronger
rad-core-55,1368,2299,rad-core-55/nodes/01368.json,rad-core-55/nodes/02299.json,0,1,u_stronger
rad-core-55,1368,2686,rad-core-55/nodes/01368.json,rad-core-55/nodes/02686.json,0,1,u_stronger
rad-core-55,1368,3305,rad-core-55/nodes/01368.json,rad-core-55/nodes/03305.json,0,1,u_stronger
rad-core-55,1374,2299,rad-core-55/nodes/01374.json,rad-core-55/nodes/02299.json,0,1,u_stronger
rad-core-55,1374,2686,rad-core-55/nodes/01374.json,rad-core-55/nodes/02686.json,0,1,u_stronger
rad-core-55,1374,3305,rad-core-55/nodes/01374.json,rad-core-55/nodes/03305.json,0,1,u_stronger
rad-core-55,1375,2686,rad-core-55/nodes/01375.json,rad-core-55/nodes/02686.json,0,1,u_stronger
rad-core-55,1378,2235,rad-core-55/nodes/01378.json,rad-core-55/nodes/02235.json,0,1,u_stronger
rad-core-55,1379,1987,rad-core-55/nodes/01379.json,rad-core-55/nodes/01987.json,0,1,u_stronger
rad-core-55,1379,2047,rad-core-55/nodes/01379.json,rad-core-55/nodes/02047.json,0,1,u_stronger
rad-core-55,1379,2076,rad-core-55/nodes/01379.json,rad-core-55/nodes/02076.json,0,1,u_stronger
rad-core-55,1379,2235,rad-core-55/nodes/01379.json,rad-core-55/nodes/02235.json,0,1,u_stronger
rad-core-55,1379,2241,rad-core-55/nodes/01379.json,rad-core-55/nodes/02241.json,0,1,u_stronger
rad-core-55,1379,2273,rad-core-55/nodes/01379.json,rad-core-55/nodes/02273.json,0,1,u_stronger
rad-core-55,1379,2415,rad-core-55/nodes/01379.json,rad-core-55/nodes/02415.json,0,1,u_stronger
rad-core-55,1379,2455,rad-core-55/nodes/01379.json,rad-core-55/nodes/02455.json,0,1,u_stronger
rad-core-55,1379,2722,rad-core-55/nodes/01379.json,rad-core-55/nodes/02722.json,0,1,u_stronger
rad-core-55,1379,2810,rad-core-55/nodes/01379.json,rad-core-55/nodes/02810.json,0,1,u_stronger
rad-core-55,1379,2936,rad-core-55/nodes/01379.json,rad-core-55/nodes/02936.json,0,1,u_stronger
rad-core-55,1379,3233,rad-core-55/nodes/01379.json,rad-core-55/nodes/03233.json,0,1,u_stronger
rad-core-55,1386,3369,rad-core-55/nodes/01386.json,rad-core-55/nodes/03369.json,0,1,u_stronger
rad-core-55,1388,1987,rad-core-55/nodes/01388.json,rad-core-55/nodes/01987.json,0,1,u_stronger
rad-core-55,1388,2044,rad-core-55/nodes/01388.json,rad-core-55/nodes/02044.json,0,1,u_stronger
rad-core-55,1388,2047,rad-core-55/nodes/01388.json,rad-core-55/nodes/02047.json,0,1,u_stronger
rad-core-55,1388,2076,rad-core-55/nodes/01388.json,rad-core-55/nodes/02076.json,0,1,u_stronger
rad-core-55,1388,2235,rad-core-55/nodes/01388.json,rad-core-55/nodes/02235.json,0,1,u_stronger
rad-core-55,1388,2241,rad-core-55/nodes/01388.json,rad-core-55/nodes/02241.json,0,1,u_stronger
rad-core-55,1388,2273,rad-core-55/nodes/01388.json,rad-core-55/nodes/02273.json,0,1,u_stronger
rad-core-55,1388,2415,rad-core-55/nodes/01388.json,rad-core-55/nodes/02415.json,0,1,u_stronger
rad-core-55,1388,2455,rad-core-55/nodes/01388.json,rad-core-55/nodes/02455.json,0,1,u_stronger
rad-core-55,1388,2722,rad-core-55/nodes/01388.json,rad-core-55/nodes/02722.json,0,1,u_stronger
rad-core-55,1388,2810,rad-core-55/nodes/01388.json,rad-core-55/nodes/02810.json,0,1,u_stronger
rad-core-55,1388,2936,rad-core-55/nodes/01388.json,rad-core-55/nodes/02936.json,0,1,u_stronger
rad-core-55,1388,3233,rad-core-55/nodes/01388.json,rad-core-55/nodes/03233.json,0,1,u_stronger
rad-core-55,1393,1987,rad-core-55/nodes/01393.json,rad-core-55/nodes/01987.json,0,1,u_stronger
rad-core-55,1393,2047,rad-core-55/nodes/01393.json,rad-core-55/nodes/02047.json,0,1,u_stronger
rad-core-55,1393,2076,rad-core-55/nodes/01393.json,rad-core-55/nodes/02076.json,0,1,u_stronger
rad-core-55,1393,2235,rad-core-55/nodes/01393.json,rad-core-55/nodes/02235.json,0,1,u_stronger
rad-core-55,1393,2241,rad-core-55/nodes/01393.json,rad-core-55/nodes/02241.json,0,1,u_stronger
rad-core-55,1393,2273,rad-core-55/nodes/01393.json,rad-core-55/nodes/02273.json,0,1,u_stronger
rad-core-55,1393,2722,rad-core-55/nodes/01393.json,rad-core-55/nodes/02722.json,0,1,u_stronger
rad-core-55,1393,2936,rad-core-55/nodes/01393.json,rad-core-55/nodes/02936.json,0,1,u_stronger
rad-core-55,1398,2153,rad-core-55/nodes/01398.json,rad-core-55/nodes/02153.json,0,1,u_stronger
rad-core-55,1418,2235,rad-core-55/nodes/01418.json,rad-core-55/nodes/02235.json,0,1,u_stronger
rad-core-55,1426,2686,rad-core-55/nodes/01426.json,rad-core-55/nodes/02686.json,0,1,u_stronger
rad-core-55,1427,2686,rad-core-55/nodes/01427.json,rad-core-55/nodes/02686.json,0,1,u_stronger
rad-core-55,1428,2686,rad-core-55/nodes/01428.json,rad-core-55/nodes/02686.json,0,1,u_stronger
rad-core-55,1435,2686,rad-core-55/nodes/01435.json,rad-core-55/nodes/02686.json,0,1,u_stronger
rad-core-55,1451,2669,rad-core-55/nodes/01451.json,rad-core-55/nodes/02669.json,1,0,d_stronger
rad-core-55,1451,2671,rad-core-55/nodes/01451.json,rad-core-55/nodes/02671.json,1,0,d_stronger
rad-core-55,1456,2235,rad-core-55/nodes/01456.json,rad-core-55/nodes/02235.json,0,1,u_stronger
rad-core-55,1460,2686,rad-core-55/nodes/01460.json,rad-core-55/nodes/02686.json,0,1,u_stronger
rad-core-55,1467,1467,rad-core-55/nodes/01467.json,rad-core-55/nodes/01467.json,1,1,equivalent
rad-core-55,1468,2686,rad-core-55/nodes/01468.json,rad-core-55/nodes/02686.json,0,1,u_stronger
rad-core-55,1470,2686,rad-core-55/nodes/01470.json,rad-core-55/nodes/02686.json,0,1,u_stronger
rad-core-55,1472,1987,rad-core-55/nodes/01472.json,rad-core-55/nodes/01987.json,0,1,u_stronger
rad-core-55,1472,2047,rad-core-55/nodes/01472.json,rad-core-55/nodes/02047.json,0,1,u_stronger
rad-core-55,1472,2076,rad-core-55/nodes/01472.json,rad-core-55/nodes/02076.json,0,1,u_stronger
rad-core-55,1472,2235,rad-core-55/nodes/01472.json,rad-core-55/nodes/02235.json,0,1,u_stronger
rad-core-55,1472,2241,rad-core-55/nodes/01472.json,rad-core-55/nodes/02241.json,0,1,u_stronger
rad-core-55,1472,2273,rad-core-55/nodes/01472.json,rad-core-55/nodes/02273.json,0,1,u_stronger
rad-core-55,1472,2722,rad-core-55/nodes/01472.json,rad-core-55/nodes/02722.json,0,1,u_stronger
rad-core-55,1472,2936,rad-core-55/nodes/01472.json,rad-core-55/nodes/02936.json,0,1,u_stronger
rad-core-55,1475,2235,rad-core-55/nodes/01475.json,rad-core-55/nodes/02235.json,0,1,u_stronger
rad-core-55,1475,3233,rad-core-55/nodes/01475.json,rad-core-55/nodes/03233.json,0,1,u_stronger
rad-core-55,1486,2235,rad-core-55/nodes/01486.json,rad-core-55/nodes/02235.json,0,1,u_stronger
rad-core-55,1493,3066,rad-core-55/nodes/01493.json,rad-core-55/nodes/03066.json,0,1,u_stronger
rad-core-55,1495,2235,rad-core-55/nodes/01495.json,rad-core-55/nodes/02235.json,0,1,u_stronger
rad-core-55,1499,3066,rad-core-55/nodes/01499.json,rad-core-55/nodes/03066.json,0,1,u_stronger
rad-core-55,1502,1987,rad-core-55/nodes/01502.json,rad-core-55/nodes/01987.json,0,1,u_stronger
rad-core-55,1502,2047,rad-core-55/nodes/01502.json,rad-core-55/nodes/02047.json,0,1,u_stronger
rad-core-55,1502,2076,rad-core-55/nodes/01502.json,rad-core-55/nodes/02076.json,0,1,u_stronger
rad-core-55,1502,2235,rad-core-55/nodes/01502.json,rad-core-55/nodes/02235.json,0,1,u_stronger
rad-core-55,1502,2241,rad-core-55/nodes/01502.json,rad-core-55/nodes/02241.json,0,1,u_stronger
rad-core-55,1502,2273,rad-core-55/nodes/01502.json,rad-core-55/nodes/02273.json,0,1,u_stronger
rad-core-55,1502,2722,rad-core-55/nodes/01502.json,rad-core-55/nodes/02722.json,0,1,u_stronger
rad-core-55,1502,2936,rad-core-55/nodes/01502.json,rad-core-55/nodes/02936.json,0,1,u_stronger
rad-core-55,1508,2686,rad-core-55/nodes/01508.json,rad-core-55/nodes/02686.json,0,1,u_stronger
rad-core-55,1514,3066,rad-core-55/nodes/01514.json,rad-core-55/nodes/03066.json,0,1,u_stronger
rad-core-55,1516,2235,rad-core-55/nodes/01516.json,rad-core-55/nodes/02235.json,0,1,u_stronger
rad-core-55,1518,3066,rad-core-55/nodes/01518.json,rad-core-55/nodes/03066.json,0,1,u_stronger
rad-core-55,1519,1519,rad-core-55/nodes/01519.json,rad-core-55/nodes/01519.json,1,1,equivalent
rad-core-55,1525,2235,rad-core-55/nodes/01525.json,rad-core-55/nodes/02235.json,0,1,u_stronger
rad-core-55,1526,3066,rad-core-55/nodes/01526.json,rad-core-55/nodes/03066.json,0,1,u_stronger
rad-core-55,1528,2686,rad-core-55/nodes/01528.json,rad-core-55/nodes/02686.json,0,1,u_stronger
rad-core-55,1531,2235,rad-core-55/nodes/01531.json,rad-core-55/nodes/02235.json,0,1,u_stronger
rad-core-55,1533,1533,rad-core-55/nodes/01533.json,rad-core-55/nodes/01533.json,1,1,equivalent
rad-core-55,1534,3108,rad-core-55/nodes/01534.json,rad-core-55/nodes/03108.json,0,1,u_stronger
rad-core-55,1535,2235,rad-core-55/nodes/01535.json,rad-core-55/nodes/02235.json,0,1,u_stronger
rad-core-55,1540,2235,rad-core-55/nodes/01540.json,rad-core-55/nodes/02235.json,0,1,u_stronger
rad-core-55,1542,3108,rad-core-55/nodes/01542.json,rad-core-55/nodes/03108.json,0,1,u_stronger
rad-core-55,1544,2235,rad-core-55/nodes/01544.json,rad-core-55/nodes/02235.json,0,1,u_stronger
rad-core-55,1547,3390,rad-core-55/nodes/01547.json,rad-core-55/nodes/03390.json,1,0,d_stronger
rad-core-55,1550,3363,rad-core-55/nodes/01550.json,rad-core-55/nodes/03363.json,0,1,u_stronger
rad-core-55,1554,1987,rad-core-55/nodes/01554.json,rad-core-55/nodes/01987.json,0,1,u_stronger
rad-core-55,1554,2047,rad-core-55/nodes/01554.json,rad-core-55/nodes/02047.json,0,1,u_stronger
rad-core-55,1554,2076,rad-core-55/nodes/01554.json,rad-core-55/nodes/02076.json,0,1,u_stronger
rad-core-55,1554,2235,rad-core-55/nodes/01554.json,rad-core-55/nodes/02235.json,0,1,u_stronger
rad-core-55,1554,2241,rad-core-55/nodes/01554.json,rad-core-55/nodes/02241.json,0,1,u_stronger
rad-core-55,1554,2273,rad-core-55/nodes/01554.json,rad-core-55/nodes/02273.json,0,1,u_stronger
rad-core-55,1554,2722,rad-core-55/nodes/01554.json,rad-core-55/nodes/02722.json,0,1,u_stronger
rad-core-55,1554,2936,rad-core-55/nodes/01554.json,rad-core-55/nodes/02936.json,0,1,u_stronger
rad-core-55,1559,2686,rad-core-55/nodes/01559.json,rad-core-55/nodes/02686.json,0,1,u_stronger
rad-core-55,1560,1987,rad-core-55/nodes/01560.json,rad-core-55/nodes/01987.json,0,1,u_stronger
rad-core-55,1560,2047,rad-core-55/nodes/01560.json,rad-core-55/nodes/02047.json,0,1,u_stronger
rad-core-55,1560,2076,rad-core-55/nodes/01560.json,rad-core-55/nodes/02076.json,0,1,u_stronger
rad-core-55,1560,2235,rad-core-55/nodes/01560.json,rad-core-55/nodes/02235.json,0,1,u_stronger
rad-core-55,1560,2241,rad-core-55/nodes/01560.json,rad-core-55/nodes/02241.json,0,1,u_stronger
rad-core-55,1560,2273,rad-core-55/nodes/01560.json,rad-core-55/nodes/02273.json,0,1,u_stronger
rad-core-55,1560,2415,rad-core-55/nodes/01560.json,rad-core-55/nodes/02415.json,0,1,u_stronger
rad-core-55,1560,2455,rad-core-55/nodes/01560.json,rad-core-55/nodes/02455.json,0,1,u_stronger
rad-core-55,1560,2710,rad-core-55/nodes/01560.json,rad-core-55/nodes/02710.json,0,1,u_stronger
rad-core-55,1560,2722,rad-core-55/nodes/01560.json,rad-core-55/nodes/02722.json,0,1,u_stronger
rad-core-55,1560,2810,rad-core-55/nodes/01560.json,rad-core-55/nodes/02810.json,0,1,u_stronger
rad-core-55,1560,2936,rad-core-55/nodes/01560.json,rad-core-55/nodes/02936.json,0,1,u_stronger
rad-core-55,1560,3233,rad-core-55/nodes/01560.json,rad-core-55/nodes/03233.json,0,1,u_stronger
rad-core-55,1561,2235,rad-core-55/nodes/01561.json,rad-core-55/nodes/02235.json,0,1,u_stronger
rad-core-55,1562,2235,rad-core-55/nodes/01562.json,rad-core-55/nodes/02235.json,0,1,u_stronger
rad-core-55,1567,2235,rad-core-55/nodes/01567.json,rad-core-55/nodes/02235.json,0,1,u_stronger
rad-core-55,1568,2235,rad-core-55/nodes/01568.json,rad-core-55/nodes/02235.json,0,1,u_stronger
rad-core-55,1570,2674,rad-core-55/nodes/01570.json,rad-core-55/nodes/02674.json,0,1,u_stronger
rad-core-55,1572,2235,rad-core-55/nodes/01572.json,rad-core-55/nodes/02235.json,0,1,u_stronger
rad-core-55,1573,3160,rad-core-55/nodes/01573.json,rad-core-55/nodes/03160.json,0,1,u_stronger
rad-core-55,1575,2235,rad-core-55/nodes/01575.json,rad-core-55/nodes/02235.json,0,1,u_stronger
rad-core-55,1576,2235,rad-core-55/nodes/01576.json,rad-core-55/nodes/02235.json,0,1,u_stronger
rad-core-55,1577,2235,rad-core-55/nodes/01577.json,rad-core-55/nodes/02235.json,0,1,u_stronger
rad-core-55,1578,2235,rad-core-55/nodes/01578.json,rad-core-55/nodes/02235.json,0,1,u_stronger
rad-core-55,1579,2235,rad-core-55/nodes/01579.json,rad-core-55/nodes/02235.json,0,1,u_stronger
rad-core-55,1581,2235,rad-core-55/nodes/01581.json,rad-core-55/nodes/02235.json,0,1,u_stronger
rad-core-55,1583,2235,rad-core-55/nodes/01583.json,rad-core-55/nodes/02235.json,0,1,u_stronger
rad-core-55,1584,2265,rad-core-55/nodes/01584.json,rad-core-55/nodes/02265.json,0,1,u_stronger
rad-core-55,1586,2235,rad-core-55/nodes/01586.json,rad-core-55/nodes/02235.json,0,1,u_stronger
rad-core-55,1587,2686,rad-core-55/nodes/01587.json,rad-core-55/nodes/02686.json,0,1,u_stronger
rad-core-55,1591,2299,rad-core-55/nodes/01591.json,rad-core-55/nodes/02299.json,0,1,u_stronger
rad-core-55,1591,2686,rad-core-55/nodes/01591.json,rad-core-55/nodes/02686.json,0,1,u_stronger
rad-core-55,1591,2710,rad-core-55/nodes/01591.json,rad-core-55/nodes/02710.json,0,1,u_stronger
rad-core-55,1591,3305,rad-core-55/nodes/01591.json,rad-core-55/nodes/03305.json,0,1,u_stronger
rad-core-55,1592,2686,rad-core-55/nodes/01592.json,rad-core-55/nodes/02686.json,0,1,u_stronger
rad-core-55,1596,2686,rad-core-55/nodes/01596.json,rad-core-55/nodes/02686.json,0,1,u_stronger
rad-core-55,1597,2235,rad-core-55/nodes/01597.json,rad-core-55/nodes/02235.json,0,1,u_stronger
rad-core-55,1598,2686,rad-core-55/nodes/01598.json,rad-core-55/nodes/02686.json,0,1,u_stronger
rad-core-55,1601,2686,rad-core-55/nodes/01601.json,rad-core-55/nodes/02686.json,0,1,u_stronger
rad-core-55,1602,2686,rad-core-55/nodes/01602.json,rad-core-55/nodes/02686.json,0,1,u_stronger
rad-core-55,1606,2686,rad-core-55/nodes/01606.json,rad-core-55/nodes/02686.json,0,1,u_stronger
rad-core-55,1609,2235,rad-core-55/nodes/01609.json,rad-core-55/nodes/02235.json,0,1,u_stronger
rad-core-55,1610,3214,rad-core-55/nodes/01610.json,rad-core-55/nodes/03214.json,0,1,u_stronger
rad-core-55,1611,2055,rad-core-55/nodes/01611.json,rad-core-55/nodes/02055.json,0,1,u_stronger
rad-core-55,1615,2235,rad-core-55/nodes/01615.json,rad-core-55/nodes/02235.json,0,1,u_stronger
rad-core-55,1617,2235,rad-core-55/nodes/01617.json,rad-core-55/nodes/02235.json,0,1,u_stronger
rad-core-55,1621,2235,rad-core-55/nodes/01621.json,rad-core-55/nodes/02235.json,0,1,u_stronger
rad-core-55,1624,2235,rad-core-55/nodes/01624.json,rad-core-55/nodes/02235.json,0,1,u_stronger
rad-core-55,1624,2942,rad-core-55/nodes/01624.json,rad-core-55/nodes/02942.json,0,1,u_stronger
rad-core-55,1625,2235,rad-core-55/nodes/01625.json,rad-core-55/nodes/02235.json,0,1,u_stronger
rad-core-55,1626,2235,rad-core-55/nodes/01626.json,rad-core-55/nodes/02235.json,0,1,u_stronger
rad-core-55,1628,2265,rad-core-55/nodes/01628.json,rad-core-55/nodes/02265.json,0,1,u_stronger
rad-core-55,1629,2235,rad-core-55/nodes/01629.json,rad-core-55/nodes/02235.json,0,1,u_stronger
rad-core-55,1632,2235,rad-core-55/nodes/01632.json,rad-core-55/nodes/02235.json,0,1,u_stronger
rad-core-55,1634,2299,rad-core-55/nodes/01634.json,rad-core-55/nodes/02299.json,0,1,u_stronger
rad-core-55,1634,2686,rad-core-55/nodes/01634.json,rad-core-55/nodes/02686.json,0,1,u_stronger
rad-core-55,1634,3305,rad-core-55/nodes/01634.json,rad-core-55/nodes/03305.json,0,1,u_stronger
rad-core-55,1635,2271,rad-core-55/nodes/01635.json,rad-core-55/nodes/02271.json,0,1,u_stronger
rad-core-55,1640,2235,rad-core-55/nodes/01640.json,rad-core-55/nodes/02235.json,0,1,u_stronger
rad-core-55,1643,2235,rad-core-55/nodes/01643.json,rad-core-55/nodes/02235.json,0,1,u_stronger
rad-core-55,1645,2040,rad-core-55/nodes/01645.json,rad-core-55/nodes/02040.json,0,1,u_stronger
rad-core-55,1648,2235,rad-core-55/nodes/01648.json,rad-core-55/nodes/02235.json,0,1,u_stronger
rad-core-55,1651,2235,rad-core-55/nodes/01651.json,rad-core-55/nodes/02235.json,0,1,u_stronger
rad-core-55,1654,2235,rad-core-55/nodes/01654.json,rad-core-55/nodes/02235.json,0,1,u_stronger
rad-core-55,1655,2235,rad-core-55/nodes/01655.json,rad-core-55/nodes/02235.json,0,1,u_stronger
rad-core-55,1656,2686,rad-core-55/nodes/01656.json,rad-core-55/nodes/02686.json,0,1,u_stronger
rad-core-55,1660,2235,rad-core-55/nodes/01660.json,rad-core-55/nodes/02235.json,0,1,u_stronger
rad-core-55,1661,2235,rad-core-55/nodes/01661.json,rad-core-55/nodes/02235.json,0,1,u_stronger
rad-core-55,1662,2686,rad-core-55/nodes/01662.json,rad-core-55/nodes/02686.json,0,1,u_stronger
rad-core-55,1663,2235,rad-core-55/nodes/01663.json,rad-core-55/nodes/02235.json,0,1,u_stronger
rad-core-55,1665,2235,rad-core-55/nodes/01665.json,rad-core-55/nodes/02235.json,0,1,u_stronger
rad-core-55,1667,2235,rad-core-55/nodes/01667.json,rad-core-55/nodes/02235.json,0,1,u_stronger
rad-core-55,1667,2817,rad-core-55/nodes/01667.json,rad-core-55/nodes/02817.json,0,1,u_stronger
rad-core-55,1668,2235,rad-core-55/nodes/01668.json,rad-core-55/nodes/02235.json,0,1,u_stronger
rad-core-55,1673,2235,rad-core-55/nodes/01673.json,rad-core-55/nodes/02235.json,0,1,u_stronger
rad-core-55,1673,2817,rad-core-55/nodes/01673.json,rad-core-55/nodes/02817.json,0,1,u_stronger
rad-core-55,1676,3365,rad-core-55/nodes/01676.json,rad-core-55/nodes/03365.json,0,1,u_stronger
rad-core-55,1677,3186,rad-core-55/nodes/01677.json,rad-core-55/nodes/03186.json,1,0,d_stronger
rad-core-55,1679,2235,rad-core-55/nodes/01679.json,rad-core-55/nodes/02235.json,0,1,u_stronger
rad-core-55,1680,2235,rad-core-55/nodes/01680.json,rad-core-55/nodes/02235.json,0,1,u_stronger
rad-core-55,1680,2817,rad-core-55/nodes/01680.json,rad-core-55/nodes/02817.json,0,1,u_stronger
rad-core-55,1682,1951,rad-core-55/nodes/01682.json,rad-core-55/nodes/01951.json,1,0,d_stronger
rad-core-55,1682,2432,rad-core-55/nodes/01682.json,rad-core-55/nodes/02432.json,1,0,d_stronger
rad-core-55,1682,2440,rad-core-55/nodes/01682.json,rad-core-55/nodes/02440.json,1,0,d_stronger
rad-core-55,1682,2673,rad-core-55/nodes/01682.json,rad-core-55/nodes/02673.json,1,0,d_stronger
rad-core-55,1683,2235,rad-core-55/nodes/01683.json,rad-core-55/nodes/02235.json,0,1,u_stronger
rad-core-55,1684,2432,rad-core-55/nodes/01684.json,rad-core-55/nodes/02432.json,1,0,d_stronger
rad-core-55,1684,2440,rad-core-55/nodes/01684.json,rad-core-55/nodes/02440.json,1,0,d_stronger
rad-core-55,1684,2673,rad-core-55/nodes/01684.json,rad-core-55/nodes/02673.json,1,0,d_stronger
rad-core-55,1685,2616,rad-core-55/nodes/01685.json,rad-core-55/nodes/02616.json,0,1,u_stronger
rad-core-55,1687,2686,rad-core-55/nodes/01687.json,rad-core-55/nodes/02686.json,0,1,u_stronger
rad-core-55,1688,2235,rad-core-55/nodes/01688.json,rad-core-55/nodes/02235.json,0,1,u_stronger
rad-core-55,1690,1987,rad-core-55/nodes/01690.json,rad-core-55/nodes/01987.json,0,1,u_stronger
rad-core-55,1690,2044,rad-core-55/nodes/01690.json,rad-core-55/nodes/02044.json,0,1,u_stronger
rad-core-55,1690,2047,rad-core-55/nodes/01690.json,rad-core-55/nodes/02047.json,0,1,u_stronger
rad-core-55,1690,2076,rad-core-55/nodes/01690.json,rad-core-55/nodes/02076.json,0,1,u_stronger
rad-core-55,1690,2235,rad-core-55/nodes/01690.json,rad-core-55/nodes/02235.json,0,1,u_stronger
rad-core-55,1690,2241,rad-core-55/nodes/01690.json,rad-core-55/nodes/02241.json,0,1,u_stronger
rad-core-55,1690,2273,rad-core-55/nodes/01690.json,rad-core-55/nodes/02273.json,0,1,u_stronger
rad-core-55,1690,2415,rad-core-55/nodes/01690.json,rad-core-55/nodes/02415.json,0,1,u_stronger
rad-core-55,1690,2455,rad-core-55/nodes/01690.json,rad-core-55/nodes/02455.json,0,1,u_stronger
rad-core-55,1690,2722,rad-core-55/nodes/01690.json,rad-core-55/nodes/02722.json,0,1,u_stronger
rad-core-55,1690,2810,rad-core-55/nodes/01690.json,rad-core-55/nodes/02810.json,0,1,u_stronger
rad-core-55,1690,2936,rad-core-55/nodes/01690.json,rad-core-55/nodes/02936.json,0,1,u_stronger
rad-core-55,1690,3233,rad-core-55/nodes/01690.json,rad-core-55/nodes/03233.json,0,1,u_stronger
rad-core-55,1691,2686,rad-core-55/nodes/01691.json,rad-core-55/nodes/02686.json,0,1,u_stronger
rad-core-55,1692,1987,rad-core-55/nodes/01692.json,rad-core-55/nodes/01987.json,0,1,u_stronger
rad-core-55,1692,2047,rad-core-55/nodes/01692.json,rad-core-55/nodes/02047.json,0,1,u_stronger
rad-core-55,1692,2076,rad-core-55/nodes/01692.json,rad-core-55/nodes/02076.json,0,1,u_stronger
rad-core-55,1692,2235,rad-core-55/nodes/01692.json,rad-core-55/nodes/02235.json,0,1,u_stronger
rad-core-55,1692,2241,rad-core-55/nodes/01692.json,rad-core-55/nodes/02241.json,0,1,u_stronger
rad-core-55,1692,2273,rad-core-55/nodes/01692.json,rad-core-55/nodes/02273.json,0,1,u_stronger
rad-core-55,1692,2714,rad-core-55/nodes/01692.json,rad-core-55/nodes/02714.json,0,1,u_stronger
rad-core-55,1692,2722,rad-core-55/nodes/01692.json,rad-core-55/nodes/02722.json,0,1,u_stronger
rad-core-55,1692,2731,rad-core-55/nodes/01692.json,rad-core-55/nodes/02731.json,0,1,u_stronger
rad-core-55,1692,2936,rad-core-55/nodes/01692.json,rad-core-55/nodes/02936.json,0,1,u_stronger
rad-core-55,1692,3117,rad-core-55/nodes/01692.json,rad-core-55/nodes/03117.json,0,1,u_stronger
rad-core-55,1692,3374,rad-core-55/nodes/01692.json,rad-core-55/nodes/03374.json,0,1,u_stronger
rad-core-55,1694,2686,rad-core-55/nodes/01694.json,rad-core-55/nodes/02686.json,0,1,u_stronger
rad-core-55,1696,2235,rad-core-55/nodes/01696.json,rad-core-55/nodes/02235.json,0,1,u_stronger
rad-core-55,1697,2235,rad-core-55/nodes/01697.json,rad-core-55/nodes/02235.json,0,1,u_stronger
rad-core-55,1700,2235,rad-core-55/nodes/01700.json,rad-core-55/nodes/02235.json,0,1,u_stronger
rad-core-55,1705,3305,rad-core-55/nodes/01705.json,rad-core-55/nodes/03305.json,0,1,u_stronger
rad-core-55,1709,3305,rad-core-55/nodes/01709.json,rad-core-55/nodes/03305.json,0,1,u_stronger
rad-core-55,1714,2047,rad-core-55/nodes/01714.json,rad-core-55/nodes/02047.json,0,1,u_stronger
rad-core-55,1715,2710,rad-core-55/nodes/01715.json,rad-core-55/nodes/02710.json,0,1,u_stronger
rad-core-55,1716,2686,rad-core-55/nodes/01716.json,rad-core-55/nodes/02686.json,0,1,u_stronger
rad-core-55,1718,2235,rad-core-55/nodes/01718.json,rad-core-55/nodes/02235.json,0,1,u_stronger
rad-core-55,1719,2686,rad-core-55/nodes/01719.json,rad-core-55/nodes/02686.json,0,1,u_stronger
rad-core-55,1720,2235,rad-core-55/nodes/01720.json,rad-core-55/nodes/02235.json,0,1,u_stronger
rad-core-55,1725,2686,rad-core-55/nodes/01725.json,rad-core-55/nodes/02686.json,0,1,u_stronger
rad-core-55,1726,2686,rad-core-55/nodes/01726.json,rad-core-55/nodes/02686.json,0,1,u_stronger
rad-core-55,1727,1582,rad-core-55/nodes/01727.json,rad-core-55/nodes/01582.json,1,0,d_stronger
rad-core-55,1727,2449,rad-core-55/nodes/01727.json,rad-core-55/nodes/02449.json,1,0,d_stronger
rad-core-55,1727,2476,rad-core-55/nodes/01727.json,rad-core-55/nodes/02476.json,1,0,d_stronger
rad-core-55,1727,2477,rad-core-55/nodes/01727.json,rad-core-55/nodes/02477.json,1,0,d_stronger
rad-core-55,1728,2686,rad-core-55/nodes/01728.json,rad-core-55/nodes/02686.json,0,1,u_stronger
rad-core-55,1729,2686,rad-core-55/nodes/01729.json,rad-core-55/nodes/02686.json,0,1,u_stronger
rad-core-55,1733,2235,rad-core-55/nodes/01733.json,rad-core-55/nodes/02235.json,0,1,u_stronger
rad-core-55,1734,2686,rad-core-55/nodes/01734.json,rad-core-55/nodes/02686.json,0,1,u_stronger
rad-core-55,1735,2235,rad-core-55/nodes/01735.json,rad-core-55/nodes/02235.json,0,1,u_stronger
rad-core-55,1736,2686,rad-core-55/nodes/01736.json,rad-core-55/nodes/02686.json,0,1,u_stronger
rad-core-55,1738,2235,rad-core-55/nodes/01738.json,rad-core-55/nodes/02235.json,0,1,u_stronger
rad-core-55,1740,2235,rad-core-55/nodes/01740.json,rad-core-55/nodes/02235.json,0,1,u_stronger
rad-core-55,1741,2235,rad-core-55/nodes/01741.json,rad-core-55/nodes/02235.json,0,1,u_stronger
rad-core-55,1742,2235,rad-core-55/nodes/01742.json,rad-core-55/nodes/02235.json,0,1,u_stronger
rad-core-55,1745,2235,rad-core-55/nodes/01745.json,rad-core-55/nodes/02235.json,0,1,u_stronger
rad-core-55,1748,2686,rad-core-55/nodes/01748.json,rad-core-55/nodes/02686.json,0,1,u_stronger
rad-core-55,1751,1917,rad-core-55/nodes/01751.json,rad-core-55/nodes/01917.json,0,1,u_stronger
rad-core-55,1751,2863,rad-core-55/nodes/01751.json,rad-core-55/nodes/02863.json,0,1,u_stronger
rad-core-55,1751,3157,rad-core-55/nodes/01751.json,rad-core-55/nodes/03157.json,0,1,u_stronger
rad-core-55,1752,2235,rad-core-55/nodes/01752.json,rad-core-55/nodes/02235.json,0,1,u_stronger
rad-core-55,1754,2235,rad-core-55/nodes/01754.json,rad-core-55/nodes/02235.json,0,1,u_stronger
rad-core-55,1755,2235,rad-core-55/nodes/01755.json,rad-core-55/nodes/02235.json,0,1,u_stronger
rad-core-55,1756,1756,rad-core-55/nodes/01756.json,rad-core-55/nodes/01756.json,1,1,equivalent
rad-core-55,1762,2235,rad-core-55/nodes/01762.json,rad-core-55/nodes/02235.json,0,1,u_stronger
rad-core-55,1762,2714,rad-core-55/nodes/01762.json,rad-core-55/nodes/02714.json,0,1,u_stronger
rad-core-55,1764,1987,rad-core-55/nodes/01764.json,rad-core-55/nodes/01987.json,0,1,u_stronger
rad-core-55,1764,2047,rad-core-55/nodes/01764.json,rad-core-55/nodes/02047.json,0,1,u_stronger
rad-core-55,1764,2076,rad-core-55/nodes/01764.json,rad-core-55/nodes/02076.json,0,1,u_stronger
rad-core-55,1764,2235,rad-core-55/nodes/01764.json,rad-core-55/nodes/02235.json,0,1,u_stronger
rad-core-55,1764,2241,rad-core-55/nodes/01764.json,rad-core-55/nodes/02241.json,0,1,u_stronger
rad-core-55,1764,2273,rad-core-55/nodes/01764.json,rad-core-55/nodes/02273.json,0,1,u_stronger
rad-core-55,1764,2714,rad-core-55/nodes/01764.json,rad-core-55/nodes/02714.json,0,1,u_stronger
rad-core-55,1764,2722,rad-core-55/nodes/01764.json,rad-core-55/nodes/02722.json,0,1,u_stronger
rad-core-55,1764,2731,rad-core-55/nodes/01764.json,rad-core-55/nodes/02731.json,0,1,u_stronger
rad-core-55,1764,2936,rad-core-55/nodes/01764.json,rad-core-55/nodes/02936.json,0,1,u_stronger
rad-core-55,1764,3117,rad-core-55/nodes/01764.json,rad-core-55/nodes/03117.json,0,1,u_stronger
rad-core-55,1764,3374,rad-core-55/nodes/01764.json,rad-core-55/nodes/03374.json,0,1,u_stronger
rad-core-55,1768,3324,rad-core-55/nodes/01768.json,rad-core-55/nodes/03324.json,1,0,d_stronger
rad-core-55,1769,2235,rad-core-55/nodes/01769.json,rad-core-55/nodes/02235.json,0,1,u_stronger
rad-core-55,1772,2235,rad-core-55/nodes/01772.json,rad-core-55/nodes/02235.json,0,1,u_stronger
rad-core-55,1773,2235,rad-core-55/nodes/01773.json,rad-core-55/nodes/02235.json,0,1,u_stronger
rad-core-55,1776,2449,rad-core-55/nodes/01776.json,rad-core-55/nodes/02449.json,1,0,d_stronger
rad-core-55,1776,2476,rad-core-55/nodes/01776.json,rad-core-55/nodes/02476.json,1,0,d_stronger
rad-core-55,1776,2477,rad-core-55/nodes/01776.json,rad-core-55/nodes/02477.json,1,0,d_stronger
rad-core-55,1778,2235,rad-core-55/nodes/01778.json,rad-core-55/nodes/02235.json,0,1,u_stronger
rad-core-55,1782,2235,rad-core-55/nodes/01782.json,rad-core-55/nodes/02235.json,0,1,u_stronger
rad-core-55,1785,2686,rad-core-55/nodes/01785.json,rad-core-55/nodes/02686.json,0,1,u_stronger
rad-core-55,1789,1987,rad-core-55/nodes/01789.json,rad-core-55/nodes/01987.json,0,1,u_stronger
rad-core-55,1789,2047,rad-core-55/nodes/01789.json,rad-core-55/nodes/02047.json,0,1,u_stronger
rad-core-55,1789,2076,rad-core-55/nodes/01789.json,rad-core-55/nodes/02076.json,0,1,u_stronger
rad-core-55,1789,2235,rad-core-55/nodes/01789.json,rad-core-55/nodes/02235.json,0,1,u_stronger
rad-core-55,1789,2241,rad-core-55/nodes/01789.json,rad-core-55/nodes/02241.json,0,1,u_stronger
rad-core-55,1789,2273,rad-core-55/nodes/01789.json,rad-core-55/nodes/02273.json,0,1,u_stronger
rad-core-55,1789,2710,rad-core-55/nodes/01789.json,rad-core-55/nodes/02710.json,0,1,u_stronger
rad-core-55,1789,2714,rad-core-55/nodes/01789.json,rad-core-55/nodes/02714.json,0,1,u_stronger
rad-core-55,1789,2722,rad-core-55/nodes/01789.json,rad-core-55/nodes/02722.json,0,1,u_stronger
rad-core-55,1789,2731,rad-core-55/nodes/01789.json,rad-core-55/nodes/02731.json,0,1,u_stronger
rad-core-55,1789,2936,rad-core-55/nodes/01789.json,rad-core-55/nodes/02936.json,0,1,u_stronger
rad-core-55,1789,3117,rad-core-55/nodes/01789.json,rad-core-55/nodes/03117.json,0,1,u_stronger
rad-core-55,1789,3374,rad-core-55/nodes/01789.json,rad-core-55/nodes/03374.json,0,1,u_stronger
rad-core-55,1792,2235,rad-core-55/nodes/01792.json,rad-core-55/nodes/02235.json,0,1,u_stronger
rad-core-55,1794,2235,rad-core-55/nodes/01794.json,rad-core-55/nodes/02235.json,0,1,u_stronger
rad-core-55,1802,2235,rad-core-55/nodes/01802.json,rad-core-55/nodes/02235.json,0,1,u_stronger
rad-core-55,1806,2143,rad-core-55/nodes/01806.json,rad-core-55/nodes/02143.json,0,1,u_stronger
rad-core-55,1812,2235,rad-core-55/nodes/01812.json,rad-core-55/nodes/02235.json,0,1,u_stronger
rad-core-55,1814,2235,rad-core-55/nodes/01814.json,rad-core-55/nodes/02235.json,0,1,u_stronger
rad-core-55,1817,2235,rad-core-55/nodes/01817.json,rad-core-55/nodes/02235.json,0,1,u_stronger
rad-core-55,1820,2235,rad-core-55/nodes/01820.json,rad-core-55/nodes/02235.json,0,1,u_stronger
rad-core-55,1834,3364,rad-core-55/nodes/01834.json,rad-core-55/nodes/03364.json,0,1,u_stronger
rad-core-55,1835,2235,rad-core-55/nodes/01835.json,rad-core-55/nodes/02235.json,0,1,u_stronger
rad-core-55,1839,2235,rad-core-55/nodes/01839.json,rad-core-55/nodes/02235.json,0,1,u_stronger
rad-core-55,1839,2274,rad-core-55/nodes/01839.json,rad-core-55/nodes/02274.json,0,1,u_stronger
rad-core-55,1839,3163,rad-core-55/nodes/01839.json,rad-core-55/nodes/03163.json,0,1,u_stronger
rad-core-55,1839,3233,rad-core-55/nodes/01839.json,rad-core-55/nodes/03233.json,0,1,u_stronger
rad-core-55,1841,1987,rad-core-55/nodes/01841.json,rad-core-55/nodes/01987.json,0,1,u_stronger
rad-core-55,1841,2047,rad-core-55/nodes/01841.json,rad-core-55/nodes/02047.json,0,1,u_stronger
rad-core-55,1841,2076,rad-core-55/nodes/01841.json,rad-core-55/nodes/02076.json,0,1,u_stronger
rad-core-55,1841,2235,rad-core-55/nodes/01841.json,rad-core-55/nodes/02235.json,0,1,u_stronger
rad-core-55,1841,2241,rad-core-55/nodes/01841.json,rad-core-55/nodes/02241.json,0,1,u_stronger
rad-core-55,1841,2273,rad-core-55/nodes/01841.json,rad-core-55/nodes/02273.json,0,1,u_stronger
rad-core-55,1841,2722,rad-core-55/nodes/01841.json,rad-core-55/nodes/02722.json,0,1,u_stronger
rad-core-55,1841,2936,rad-core-55/nodes/01841.json,rad-core-55/nodes/02936.json,0,1,u_stronger
rad-core-55,1846,2686,rad-core-55/nodes/01846.json,rad-core-55/nodes/02686.json,0,1,u_stronger
rad-core-55,1848,2686,rad-core-55/nodes/01848.json,rad-core-55/nodes/02686.json,0,1,u_stronger
rad-core-55,1860,2896,rad-core-55/nodes/01860.json,rad-core-55/nodes/02896.json,1,1,equivalent
rad-core-55,1862,2686,rad-core-55/nodes/01862.json,rad-core-55/nodes/02686.json,0,1,u_stronger
rad-core-55,1863,2235,rad-core-55/nodes/01863.json,rad-core-55/nodes/02235.json,0,1,u_stronger
rad-core-55,1864,2927,rad-core-55/nodes/01864.json,rad-core-55/nodes/02927.json,0,1,u_stronger
rad-core-55,1865,2235,rad-core-55/nodes/01865.json,rad-core-55/nodes/02235.json,0,1,u_stronger
rad-core-55,1867,3192,rad-core-55/nodes/01867.json,rad-core-55/nodes/03192.json,1,0,d_stronger
rad-core-55,1870,2235,rad-core-55/nodes/01870.json,rad-core-55/nodes/02235.json,0,1,u_stronger
rad-core-55,1871,2317,rad-core-55/nodes/01871.json,rad-core-55/nodes/02317.json,1,0,d_stronger
rad-core-55,1871,2320,rad-core-55/nodes/01871.json,rad-core-55/nodes/02320.json,1,0,d_stronger
rad-core-55,1871,2804,rad-core-55/nodes/01871.json,rad-core-55/nodes/02804.json,1,0,d_stronger
rad-core-55,1874,2044,rad-core-55/nodes/01874.json,rad-core-55/nodes/02044.json,0,1,u_stronger
rad-core-55,1876,2235,rad-core-55/nodes/01876.json,rad-core-55/nodes/02235.json,0,1,u_stronger
rad-core-55,1887,2235,rad-core-55/nodes/01887.json,rad-core-55/nodes/02235.json,0,1,u_stronger
rad-core-61,0,2999,rad-core-61/nodes/00000.json,rad-core-61/nodes/02999.json,0,1,u_stronger
rad-core-61,2,2427,rad-core-61/nodes/00002.json,rad-core-61/nodes/02427.json,0,1,u_stronger
rad-core-61,4,4,rad-core-61/nodes/00004.json,rad-core-61/nodes/00004.json,1,1,equivalent
rad-core-61,6,3078,rad-core-61/nodes/00006.json,rad-core-61/nodes/03078.json,0,1,u_stronger
rad-core-61,17,17,rad-core-61/nodes/00017.json,rad-core-61/nodes/00017.json,1,1,equivalent
rad-core-61,18,3236,rad-core-61/nodes/00018.json,rad-core-61/nodes/03236.json,0,1,u_stronger
rad-core-61,19,19,rad-core-61/nodes/00019.json,rad-core-61/nodes/00019.json,1,1,equivalent
rad-core-61,20,2535,rad-core-61/nodes/00020.json,rad-core-61/nodes/02535.json,0,1,u_stronger
rad-core-61,28,28,rad-core-61/nodes/00028.json,rad-core-61/nodes/00028.json,1,1,equivalent
rad-core-61,30,3385,rad-core-61/nodes/00030.json,rad-core-61/nodes/03385.json,0,1,u_stronger
rad-core-61,34,2413,rad-core-61/nodes/00034.json,rad-core-61/nodes/02413.json,0,1,u_stronger
rad-core-61,34,3071,rad-core-61/nodes/00034.json,rad-core-61/nodes/03071.json,0,1,u_stronger
rad-core-61,35,3823,rad-core-61/nodes/00035.json,rad-core-61/nodes/03823.json,1,0,d_stronger
rad-core-61,38,3090,rad-core-61/nodes/00038.json,rad-core-61/nodes/03090.json,0,1,u_stronger
rad-core-61,46,46,rad-core-61/nodes/00046.json,rad-core-61/nodes/00046.json,1,1,equivalent
rad-core-61,47,47,rad-core-61/nodes/00047.json,rad-core-61/nodes/00047.json,1,1,equivalent
rad-core-61,48,48,rad-core-61/nodes/00048.json,rad-core-61/nodes/00048.json,1,1,equivalent
rad-core-61,74,2268,rad-core-61/nodes/00074.json,rad-core-61/nodes/02268.json,0,1,u_stronger
rad-core-61,75,2267,rad-core-61/nodes/00075.json,rad-core-61/nodes/02267.json,0,1,u_stronger
rad-core-61,76,76,rad-core-61/nodes/00076.json,rad-core-61/nodes/00076.json,1,1,equivalent
rad-core-61,81,2321,rad-core-61/nodes/00081.json,rad-core-61/nodes/02321.json,0,1,u_stronger
rad-core-61,88,2273,rad-core-61/nodes/00088.json,rad-core-61/nodes/02273.json,0,1,u_stronger
rad-core-61,92,2285,rad-core-61/nodes/00092.json,rad-core-61/nodes/02285.json,0,1,u_stronger
rad-core-61,93,2765,rad-core-61/nodes/00093.json,rad-core-61/nodes/02765.json,0,1,u_stronger
rad-core-61,93,3307,rad-core-61/nodes/00093.json,rad-core-61/nodes/03307.json,0,1,u_stronger
rad-core-61,102,2283,rad-core-61/nodes/00102.json,rad-core-61/nodes/02283.json,0,1,u_stronger
rad-core-61,103,2698,rad-core-61/nodes/00103.json,rad-core-61/nodes/02698.json,0,1,u_stronger
rad-core-61,103,2705,rad-core-61/nodes/00103.json,rad-core-61/nodes/02705.json,0,1,u_stronger
rad-core-61,110,2627,rad-core-61/nodes/00110.json,rad-core-61/nodes/02627.json,0,1,u_stronger
rad-core-61,112,2283,rad-core-61/nodes/00112.json,rad-core-61/nodes/02283.json,0,1,u_stronger
rad-core-61,139,139,rad-core-61/nodes/00139.json,rad-core-61/nodes/00139.json,1,1,equivalent
rad-core-61,143,143,rad-core-61/nodes/00143.json,rad-core-61/nodes/00143.json,1,1,equivalent
rad-core-61,144,2663,rad-core-61/nodes/00144.json,rad-core-61/nodes/02663.json,0,1,u_stronger
rad-core-61,145,2335,rad-core-61/nodes/00145.json,rad-core-61/nodes/02335.json,1,0,d_stronger
rad-core-61,146,2548,rad-core-61/nodes/00146.json,rad-core-61/nodes/02548.json,0,1,u_stronger
rad-core-61,146,2549,rad-core-61/nodes/00146.json,rad-core-61/nodes/02549.json,0,1,u_stronger
rad-core-61,147,3976,rad-core-61/nodes/00147.json,rad-core-61/nodes/03976.json,0,1,u_stronger
rad-core-61,149,149,rad-core-61/nodes/00149.json,rad-core-61/nodes/00149.json,1,1,equivalent
rad-core-61,150,2474,rad-core-61/nodes/00150.json,rad-core-61/nodes/02474.json,0,1,u_stronger
rad-core-61,157,2223,rad-core-61/nodes/00157.json,rad-core-61/nodes/02223.json,0,1,u_stronger
rad-core-61,163,2349,rad-core-61/nodes/00163.json,rad-core-61/nodes/02349.json,0,1,u_stronger
rad-core-61,164,164,rad-core-61/nodes/00164.json,rad-core-61/nodes/00164.json,1,1,equivalent
rad-core-61,170,2348,rad-core-61/nodes/00170.json,rad-core-61/nodes/02348.json,1,0,d_stronger
rad-core-61,174,3549,rad-core-61/nodes/00174.json,rad-core-61/nodes/03549.json,0,1,u_stronger
rad-core-61,180,2233,rad-core-61/nodes/00180.json,rad-core-61/nodes/02233.json,0,1,u_stronger
rad-core-61,181,3276,rad-core-61/nodes/00181.json,rad-core-61/nodes/03276.json,0,1,u_stronger
rad-core-61,181,3980,rad-core-61/nodes/00181.json,rad-core-61/nodes/03980.json,0,1,u_stronger
rad-core-61,185,2417,rad-core-61/nodes/00185.json,rad-core-61/nodes/02417.json,0,1,u_stronger
rad-core-61,186,2471,rad-core-61/nodes/00186.json,rad-core-61/nodes/02471.json,0,1,u_stronger
rad-core-61,186,2493,rad-core-61/nodes/00186.json,rad-core-61/nodes/02493.json,0,1,u_stronger
rad-core-61,194,194,rad-core-61/nodes/00194.json,rad-core-61/nodes/00194.json,1,1,equivalent
rad-core-61,200,200,rad-core-61/nodes/00200.json,rad-core-61/nodes/00200.json,1,1,equivalent
rad-core-61,201,2222,rad-core-61/nodes/00201.json,rad-core-61/nodes/02222.json,0,1,u_stronger
rad-core-61,201,2768,rad-core-61/nodes/00201.json,rad-core-61/nodes/02768.json,0,1,u_stronger
rad-core-61,206,206,rad-core-61/nodes/00206.json,rad-core-61/nodes/00206.json,1,1,equivalent
rad-core-61,212,212,rad-core-61/nodes/00212.json,rad-core-61/nodes/00212.json,1,1,equivalent
rad-core-61,223,2994,rad-core-61/nodes/00223.json,rad-core-61/nodes/02994.json,0,1,u_stronger
rad-core-61,227,3907,rad-core-61/nodes/00227.json,rad-core-61/nodes/03907.json,0,1,u_stronger
rad-core-61,229,3697,rad-core-61/nodes/00229.json,rad-core-61/nodes/03697.json,0,1,u_stronger
rad-core-61,238,238,rad-core-61/nodes/00238.json,rad-core-61/nodes/00238.json,1,1,equivalent
rad-core-61,258,3788,rad-core-61/nodes/00258.json,rad-core-61/nodes/03788.json,0,1,u_stronger
rad-core-61,268,2433,rad-core-61/nodes/00268.json,rad-core-61/nodes/02433.json,1,0,d_stronger
rad-core-61,273,3788,rad-core-61/nodes/00273.json,rad-core-61/nodes/03788.json,0,1,u_stronger
rad-core-61,288,2429,rad-core-61/nodes/00288.json,rad-core-61/nodes/02429.json,0,1,u_stronger
rad-core-61,292,292,rad-core-61/nodes/00292.json,rad-core-61/nodes/00292.json,1,1,equivalent
rad-core-61,304,304,rad-core-61/nodes/00304.json,rad-core-61/nodes/00304.json,1,1,equivalent
rad-core-61,305,2995,rad-core-61/nodes/00305.json,rad-core-61/nodes/02995.json,0,1,u_stronger
rad-core-61,306,306,rad-core-61/nodes/00306.json,rad-core-61/nodes/00306.json,1,1,equivalent
rad-core-61,307,307,rad-core-61/nodes/00307.json,rad-core-61/nodes/00307.json,1,1,equivalent
rad-core-61,311,2644,rad-core-61/nodes/00311.json,rad-core-61/nodes/02644.json,0,1,u_stronger
rad-core-61,312,3902,rad-core-61/nodes/00312.json,rad-core-61/nodes/03902.json,0,1,u_stronger
rad-core-61,316,2485,rad-core-61/nodes/00316.json,rad-core-61/nodes/02485.json,0,1,u_stronger
rad-core-61,317,317,rad-core-61/nodes/00317.json,rad-core-61/nodes/00317.json,1,1,equivalent
rad-core-61,322,322,rad-core-61/nodes/00322.json,rad-core-61/nodes/00322.json,1,1,equivalent
rad-core-61,324,2750,rad-core-61/nodes/00324.json,rad-core-61/nodes/02750.json,0,1,u_stronger
rad-core-61,324,3741,rad-core-61/nodes/00324.json,rad-core-61/nodes/03741.json,0,1,u_stronger
rad-core-61,331,2482,rad-core-61/nodes/00331.json,rad-core-61/nodes/02482.json,0,1,u_stronger
rad-core-61,332,3898,rad-core-61/nodes/00332.json,rad-core-61/nodes/03898.json,0,1,u_stronger
rad-core-61,340,340,rad-core-61/nodes/00340.json,rad-core-61/nodes/00340.json,1,1,equivalent
rad-core-61,341,341,rad-core-61/nodes/00341.json,rad-core-61/nodes/00341.json,1,1,equivalent
rad-core-61,344,2224,rad-core-61/nodes/00344.json,rad-core-61/nodes/02224.json,0,1,u_stronger
rad-core-61,348,348,rad-core-61/nodes/00348.json,rad-core-61/nodes/00348.json,1,1,equivalent
rad-core-61,349,349,rad-core-61/nodes/00349.json,rad-core-61/nodes/00349.json,1,1,equivalent
rad-core-61,351,351,rad-core-61/nodes/00351.json,rad-core-61/nodes/00351.json,1,1,equivalent
rad-core-61,353,353,rad-core-61/nodes/00353.json,rad-core-61/nodes/00353.json,1,1,equivalent
rad-core-61,355,355,rad-core-61/nodes/00355.json,rad-core-61/nodes/00355.json,1,1,equivalent
rad-core-61,356,356,rad-core-61/nodes/00356.json,rad-core-61/nodes/00356.json,1,1,equivalent
rad-core-61,358,358,rad-core-61/nodes/00358.json,rad-core-61/nodes/00358.json,1,1,equivalent
rad-core-61,364,364,rad-core-61/nodes/00364.json,rad-core-61/nodes/00364.json,1,1,equivalent
rad-core-61,365,365,rad-core-61/nodes/00365.json,rad-core-61/nodes/00365.json,1,1,equivalent
rad-core-61,367,367,rad-core-61/nodes/00367.json,rad-core-61/nodes/00367.json,1,1,equivalent
rad-core-61,368,368,rad-core-61/nodes/00368.json,rad-core-61/nodes/00368.json,1,1,equivalent
rad-core-61,372,372,rad-core-61/nodes/00372.json,rad-core-61/nodes/00372.json,1,1,equivalent
rad-core-61,373,373,rad-core-61/nodes/00373.json,rad-core-61/nodes/00373.json,1,1,equivalent
rad-core-61,374,3807,rad-core-61/nodes/00374.json,rad-core-61/nodes/03807.json,0,1,u_stronger
rad-core-61,375,375,rad-core-61/nodes/00375.json,rad-core-61/nodes/00375.json,1,1,equivalent
rad-core-61,378,378,rad-core-61/nodes/00378.json,rad-core-61/nodes/00378.json,1,1,equivalent
rad-core-61,379,2597,rad-core-61/nodes/00379.json,rad-core-61/nodes/02597.json,0,1,u_stronger
rad-core-61,379,3159,rad-core-61/nodes/00379.json,rad-core-61/nodes/03159.json,0,1,u_stronger
rad-core-61,384,3796,rad-core-61/nodes/00384.json,rad-core-61/nodes/03796.json,1,0,d_stronger
rad-core-61,384,3798,rad-core-61/nodes/00384.json,rad-core-61/nodes/03798.json,1,0,d_stronger
rad-core-61,384,3817,rad-core-61/nodes/00384.json,rad-core-61/nodes/03817.json,1,0,d_stronger
rad-core-61,387,2904,rad-core-61/nodes/00387.json,rad-core-61/nodes/02904.json,0,1,u_stronger
rad-core-61,388,3738,rad-core-61/nodes/00388.json,rad-core-61/nodes/03738.json,0,1,u_stronger
rad-core-61,390,2904,rad-core-61/nodes/00390.json,rad-core-61/nodes/02904.json,0,1,u_stronger
rad-core-61,392,2764,rad-core-61/nodes/00392.json,rad-core-61/nodes/02764.json,0,1,u_stronger
rad-core-61,392,3748,rad-core-61/nodes/00392.json,rad-core-61/nodes/03748.json,0,1,u_stronger
rad-core-61,393,3533,rad-core-61/nodes/00393.json,rad-core-61/nodes/03533.json,0,1,u_stronger
rad-core-61,394,2602,rad-core-61/nodes/00394.json,rad-core-61/nodes/02602.json,0,1,u_stronger
rad-core-61,399,2228,rad-core-61/nodes/00399.json,rad-core-61/nodes/02228.json,0,1,u_stronger
rad-core-61,400,3046,rad-core-61/nodes/00400.json,rad-core-61/nodes/03046.json,0,1,u_stronger
rad-core-61,412,3359,rad-core-61/nodes/00412.json,rad-core-61/nodes/03359.json,0,1,u_stronger
rad-core-61,418,418,rad-core-61/nodes/00418.json,rad-core-61/nodes/00418.json,1,1,equivalent
rad-core-61,425,425,rad-core-61/nodes/00425.json,rad-core-61/nodes/00425.json,1,1,equivalent
rad-core-61,463,463,rad-core-61/nodes/00463.json,rad-core-61/nodes/00463.json,1,1,equivalent
rad-core-61,470,2598,rad-core-61/nodes/00470.json,rad-core-61/nodes/02598.json,0,1,u_stronger
rad-core-61,473,2613,rad-core-61/nodes/00473.json,rad-core-61/nodes/02613.json,0,1,u_stronger
rad-core-61,474,2986,rad-core-61/nodes/00474.json,rad-core-61/nodes/02986.json,0,1,u_stronger
rad-core-61,475,475,rad-core-61/nodes/00475.json,rad-core-61/nodes/00475.json,1,1,equivalent
rad-core-61,477,3617,rad-core-61/nodes/00477.json,rad-core-61/nodes/03617.json,0,1,u_stronger
rad-core-61,480,3151,rad-core-61/nodes/00480.json,rad-core-61/nodes/03151.json,1,0,d_stronger
rad-core-61,485,485,rad-core-61/nodes/00485.json,rad-core-61/nodes/00485.json,1,1,equivalent
rad-core-61,487,3002,rad-core-61/nodes/00487.json,rad-core-61/nodes/03002.json,0,1,u_stronger
rad-core-61,487,3253,rad-core-61/nodes/00487.json,rad-core-61/nodes/03253.json,0,1,u_stronger
rad-core-61,489,3475,rad-core-61/nodes/00489.json,rad-core-61/nodes/03475.json,0,1,u_stronger
rad-core-61,493,493,rad-core-61/nodes/00493.json,rad-core-61/nodes/00493.json,1,1,equivalent
rad-core-61,501,2658,rad-core-61/nodes/00501.json,rad-core-61/nodes/02658.json,0,1,u_stronger
rad-core-61,502,2253,rad-core-61/nodes/00502.json,rad-core-61/nodes/02253.json,0,1,u_stronger
rad-core-61,508,3381,rad-core-61/nodes/00508.json,rad-core-61/nodes/03381.json,0,1,u_stronger
rad-core-61,512,512,rad-core-61/nodes/00512.json,rad-core-61/nodes/00512.json,1,1,equivalent
rad-core-61,514,514,rad-core-61/nodes/00514.json,rad-core-61/nodes/00514.json,1,1,equivalent
rad-core-61,515,2858,rad-core-61/nodes/00515.json,rad-core-61/nodes/02858.json,1,0,d_stronger
rad-core-61,516,516,rad-core-61/nodes/00516.json,rad-core-61/nodes/00516.json,1,1,equivalent
rad-core-61,518,518,rad-core-61/nodes/00518.json,rad-core-61/nodes/00518.json,1,1,equivalent
rad-core-61,523,3894,rad-core-61/nodes/00523.json,rad-core-61/nodes/03894.json,1,0,d_stronger
rad-core-61,523,3943,rad-core-61/nodes/00523.json,rad-core-61/nodes/03943.json,1,0,d_stronger
rad-core-61,526,3611,rad-core-61/nodes/00526.json,rad-core-61/nodes/03611.json,0,1,u_stronger
rad-core-61,528,3301,rad-core-61/nodes/00528.json,rad-core-61/nodes/03301.json,0,1,u_stronger
rad-core-61,536,536,rad-core-61/nodes/00536.json,rad-core-61/nodes/00536.json,1,1,equivalent
rad-core-61,538,3065,rad-core-61/nodes/00538.json,rad-core-61/nodes/03065.json,0,1,u_stronger
rad-core-61,540,2703,rad-core-61/nodes/00540.json,rad-core-61/nodes/02703.json,0,1,u_stronger
rad-core-61,560,3667,rad-core-61/nodes/00560.json,rad-core-61/nodes/03667.json,0,1,u_stronger
rad-core-61,566,2643,rad-core-61/nodes/00566.json,rad-core-61/nodes/02643.json,0,1,u_stronger
rad-core-61,571,571,rad-core-61/nodes/00571.json,rad-core-61/nodes/00571.json,1,1,equivalent
rad-core-61,588,588,rad-core-61/nodes/00588.json,rad-core-61/nodes/00588.json,1,1,equivalent
rad-core-61,595,2699,rad-core-61/nodes/00595.json,rad-core-61/nodes/02699.json,0,1,u_stronger
rad-core-61,595,3279,rad-core-61/nodes/00595.json,rad-core-61/nodes/03279.json,0,1,u_stronger
rad-core-61,596,2724,rad-core-61/nodes/00596.json,rad-core-61/nodes/02724.json,0,1,u_stronger
rad-core-61,602,3301,rad-core-61/nodes/00602.json,rad-core-61/nodes/03301.json,0,1,u_stronger
rad-core-61,606,2706,rad-core-61/nodes/00606.json,rad-core-61/nodes/02706.json,0,1,u_stronger
rad-core-61,609,3086,rad-core-61/nodes/00609.json,rad-core-61/nodes/03086.json,0,1,u_stronger
rad-core-61,617,617,rad-core-61/nodes/00617.json,rad-core-61/nodes/00617.json,1,1,equivalent
rad-core-61,621,2964,rad-core-61/nodes/00621.json,rad-core-61/nodes/02964.json,0,1,u_stronger
rad-core-61,635,635,rad-core-61/nodes/00635.json,rad-core-61/nodes/00635.json,1,1,equivalent
rad-core-61,636,636,rad-core-61/nodes/00636.json,rad-core-61/nodes/00636.json,1,1,equivalent
rad-core-61,638,3421,rad-core-61/nodes/00638.json,rad-core-61/nodes/03421.json,0,1,u_stronger
rad-core-61,642,642,rad-core-61/nodes/00642.json,rad-core-61/nodes/00642.json,1,1,equivalent
rad-core-61,643,643,rad-core-61/nodes/00643.json,rad-core-61/nodes/00643.json,1,1,equivalent
rad-core-61,652,652,rad-core-61/nodes/00652.json,rad-core-61/nodes/00652.json,1,1,equivalent
rad-core-61,664,664,rad-core-61/nodes/00664.json,rad-core-61/nodes/00664.json,1,1,equivalent
rad-core-61,677,677,rad-core-61/nodes/00677.json,rad-core-61/nodes/00677.json,1,1,equivalent
rad-core-61,679,2809,rad-core-61/nodes/00679.json,rad-core-61/nodes/02809.json,0,1,u_stronger
rad-core-61,679,2933,rad-core-61/nodes/00679.json,rad-core-61/nodes/02933.json,0,1,u_stronger
rad-core-61,680,680,rad-core-61/nodes/00680.json,rad-core-61/nodes/00680.json,1,1,equivalent
rad-core-61,681,681,rad-core-61/nodes/00681.json,rad-core-61/nodes/00681.json,1,1,equivalent
rad-core-61,692,3529,rad-core-61/nodes/00692.json,rad-core-61/nodes/03529.json,0,1,u_stronger
rad-core-61,710,3530,rad-core-61/nodes/00710.json,rad-core-61/nodes/03530.json,0,1,u_stronger
rad-core-61,721,721,rad-core-61/nodes/00721.json,rad-core-61/nodes/00721.json,1,1,equivalent
rad-core-61,731,731,rad-core-61/nodes/00731.json,rad-core-61/nodes/00731.json,1,1,equivalent
rad-core-61,732,732,rad-core-61/nodes/00732.json,rad-core-61/nodes/00732.json,1,1,equivalent
rad-core-61,740,740,rad-core-61/nodes/00740.json,rad-core-61/nodes/00740.json,1,1,equivalent
rad-core-61,743,2817,rad-core-61/nodes/00743.json,rad-core-61/nodes/02817.json,0,1,u_stronger
rad-core-61,744,744,rad-core-61/nodes/00744.json,rad-core-61/nodes/00744.json,1,1,equivalent
rad-core-61,746,746,rad-core-61/nodes/00746.json,rad-core-61/nodes/00746.json,1,1,equivalent
rad-core-61,747,2776,rad-core-61/nodes/00747.json,rad-core-61/nodes/02776.json,0,1,u_stronger
rad-core-61,748,748,rad-core-61/nodes/00748.json,rad-core-61/nodes/00748.json,1,1,equivalent
rad-core-61,749,749,rad-core-61/nodes/00749.json,rad-core-61/nodes/00749.json,1,1,equivalent
rad-core-61,752,752,rad-core-61/nodes/00752.json,rad-core-61/nodes/00752.json,1,1,equivalent
rad-core-61,753,753,rad-core-61/nodes/00753.json,rad-core-61/nodes/00753.json,1,1,equivalent
rad-core-61,754,2855,rad-core-61/nodes/00754.json,rad-core-61/nodes/02855.json,1,0,d_stronger
rad-core-61,758,3764,rad-core-61/nodes/00758.json,rad-core-61/nodes/03764.json,0,1,u_stronger
rad-core-61,765,3359,rad-core-61/nodes/00765.json,rad-core-61/nodes/03359.json,0,1,u_stronger
rad-core-61,772,3418,rad-core-61/nodes/00772.json,rad-core-61/nodes/03418.json,1,0,d_stronger
rad-core-61,772,3445,rad-core-61/nodes/00772.json,rad-core-61/nodes/03445.json,1,0,d_stronger
rad-core-61,777,777,rad-core-61/nodes/00777.json,rad-core-61/nodes/00777.json,1,1,equivalent
rad-core-61,781,3797,rad-core-61/nodes/00781.json,rad-core-61/nodes/03797.json,0,1,u_stronger
rad-core-61,788,3359,rad-core-61/nodes/00788.json,rad-core-61/nodes/03359.json,0,1,u_stronger
rad-core-61,789,2329,rad-core-61/nodes/00789.json,rad-core-61/nodes/02329.json,0,1,u_stronger
rad-core-61,795,3440,rad-core-61/nodes/00795.json,rad-core-61/nodes/03440.json,1,0,d_stronger
rad-core-61,797,797,rad-core-61/nodes/00797.json,rad-core-61/nodes/00797.json,1,1,equivalent
rad-core-61,803,2991,rad-core-61/nodes/00803.json,rad-core-61/nodes/02991.json,0,1,u_stronger
rad-core-61,803,3001,rad-core-61/nodes/00803.json,rad-core-61/nodes/03001.json,0,1,u_stronger
rad-core-61,804,2396,rad-core-61/nodes/00804.json,rad-core-61/nodes/02396.json,0,1,u_stronger
rad-core-61,807,3790,rad-core-61/nodes/00807.json,rad-core-61/nodes/03790.json,0,1,u_stronger
rad-core-61,813,813,rad-core-61/nodes/00813.json,rad-core-61/nodes/00813.json,1,1,equivalent
rad-core-61,815,2380,rad-core-61/nodes/00815.json,rad-core-61/nodes/02380.json,1,0,d_stronger
rad-core-61,816,816,rad-core-61/nodes/00816.json,rad-core-61/nodes/00816.json,1,1,equivalent
rad-core-61,817,817,rad-core-61/nodes/00817.json,rad-core-61/nodes/00817.json,1,1,equivalent
rad-core-61,824,824,rad-core-61/nodes/00824.json,rad-core-61/nodes/00824.json,1,1,equivalent
rad-core-61,832,3964,rad-core-61/nodes/00832.json,rad-core-61/nodes/03964.json,0,1,u_stronger
rad-core-61,836,2884,rad-core-61/nodes/00836.json,rad-core-61/nodes/02884.json,0,1,u_stronger
rad-core-61,837,837,rad-core-61/nodes/00837.json,rad-core-61/nodes/00837.json,1,1,equivalent
rad-core-61,839,3572,rad-core-61/nodes/00839.json,rad-core-61/nodes/03572.json,0,1,u_stronger
rad-core-61,842,842,rad-core-61/nodes/00842.json,rad-core-61/nodes/00842.json,1,1,equivalent
rad-core-61,844,2880,rad-core-61/nodes/00844.json,rad-core-61/nodes/02880.json,0,1,u_stronger
rad-core-61,845,845,rad-core-61/nodes/00845.json,rad-core-61/nodes/00845.json,1,1,equivalent
rad-core-61,859,2284,rad-core-61/nodes/00859.json,rad-core-61/nodes/02284.json,0,1,u_stronger
rad-core-61,863,863,rad-core-61/nodes/00863.json,rad-core-61/nodes/00863.json,1,1,equivalent
rad-core-61,866,866,rad-core-61/nodes/00866.json,rad-core-61/nodes/00866.json,1,1,equivalent
rad-core-61,874,2796,rad-core-61/nodes/00874.json,rad-core-61/nodes/02796.json,0,1,u_stronger
rad-core-61,879,3570,rad-core-61/nodes/00879.json,rad-core-61/nodes/03570.json,0,1,u_stronger
rad-core-61,883,3576,rad-core-61/nodes/00883.json,rad-core-61/nodes/03576.json,0,1,u_stronger
rad-core-61,884,3845,rad-core-61/nodes/00884.json,rad-core-61/nodes/03845.json,1,0,d_stronger
rad-core-61,884,3862,rad-core-61/nodes/00884.json,rad-core-61/nodes/03862.json,1,0,d_stronger
rad-core-61,891,2218,rad-core-61/nodes/00891.json,rad-core-61/nodes/02218.json,0,1,u_stronger
rad-core-61,893,3869,rad-core-61/nodes/00893.json,rad-core-61/nodes/03869.json,0,1,u_stronger
rad-core-61,894,3842,rad-core-61/nodes/00894.json,rad-core-61/nodes/03842.json,0,1,u_stronger
rad-core-61,899,899,rad-core-61/nodes/00899.json,rad-core-61/nodes/00899.json,1,1,equivalent
rad-core-61,905,3005,rad-core-61/nodes/00905.json,rad-core-61/nodes/03005.json,0,1,u_stronger
rad-core-61,907,907,rad-core-61/nodes/00907.json,rad-core-61/nodes/00907.json,1,1,equivalent
rad-core-61,909,2351,rad-core-61/nodes/00909.json,rad-core-61/nodes/02351.json,0,1,u_stronger
rad-core-61,911,911,rad-core-61/nodes/00911.json,rad-core-61/nodes/00911.json,1,1,equivalent
rad-core-61,912,2343,rad-core-61/nodes/00912.json,rad-core-61/nodes/02343.json,0,1,u_stronger
rad-core-61,914,914,rad-core-61/nodes/00914.json,rad-core-61/nodes/00914.json,1,1,equivalent
rad-core-61,917,917,rad-core-61/nodes/00917.json,rad-core-61/nodes/00917.json,1,1,equivalent
rad-core-61,918,3656,rad-core-61/nodes/00918.json,rad-core-61/nodes/03656.json,0,1,u_stronger
rad-core-61,922,922,rad-core-61/nodes/00922.json,rad-core-61/nodes/00922.json,1,1,equivalent
rad-core-61,923,3883,rad-core-61/nodes/00923.json,rad-core-61/nodes/03883.json,0,1,u_stronger
rad-core-61,925,2611,rad-core-61/nodes/00925.json,rad-core-61/nodes/02611.json,0,1,u_stronger
rad-core-61,929,3662,rad-core-61/nodes/00929.json,rad-core-61/nodes/03662.json,0,1,u_stronger
rad-core-61,936,936,rad-core-61/nodes/00936.json,rad-core-61/nodes/00936.json,1,1,equivalent
rad-core-61,937,2986,rad-core-61/nodes/00937.json,rad-core-61/nodes/02986.json,0,1,u_stronger
rad-core-61,938,938,rad-core-61/nodes/00938.json,rad-core-61/nodes/00938.json,1,1,equivalent
rad-core-61,940,940,rad-core-61/nodes/00940.json,rad-core-61/nodes/00940.json,1,1,equivalent
rad-core-61,944,2978,rad-core-61/nodes/00944.json,rad-core-61/nodes/02978.json,0,1,u_stronger
rad-core-61,946,946,rad-core-61/nodes/00946.json,rad-core-61/nodes/00946.json,1,1,equivalent
rad-core-61,947,947,rad-core-61/nodes/00947.json,rad-core-61/nodes/00947.json,1,1,equivalent
rad-core-61,954,954,rad-core-61/nodes/00954.json,rad-core-61/nodes/00954.json,1,1,equivalent
rad-core-61,963,3518,rad-core-61/nodes/00963.json,rad-core-61/nodes/03518.json,0,1,u_stronger
rad-core-61,972,972,rad-core-61/nodes/00972.json,rad-core-61/nodes/00972.json,1,1,equivalent
rad-core-61,974,2897,rad-core-61/nodes/00974.json,rad-core-61/nodes/02897.json,0,1,u_stronger
rad-core-61,978,3157,rad-core-61/nodes/00978.json,rad-core-61/nodes/03157.json,0,1,u_stronger
rad-core-61,980,2479,rad-core-61/nodes/00980.json,rad-core-61/nodes/02479.json,0,1,u_stronger
rad-core-61,987,987,rad-core-61/nodes/00987.json,rad-core-61/nodes/00987.json,1,1,equivalent
rad-core-61,993,993,rad-core-61/nodes/00993.json,rad-core-61/nodes/00993.json,1,1,equivalent
rad-core-61,997,997,rad-core-61/nodes/00997.json,rad-core-61/nodes/00997.json,1,1,equivalent
rad-core-61,1003,2601,rad-core-61/nodes/01003.json,rad-core-61/nodes/02601.json,0,1,u_stronger
rad-core-61,1003,2791,rad-core-61/nodes/01003.json,rad-core-61/nodes/02791.json,0,1,u_stronger
rad-core-61,1003,3278,rad-core-61/nodes/01003.json,rad-core-61/nodes/03278.json,0,1,u_stronger
rad-core-61,1017,1017,rad-core-61/nodes/01017.json,rad-core-61/nodes/01017.json,1,1,equivalent
rad-core-61,1018,2213,rad-core-61/nodes/01018.json,rad-core-61/nodes/02213.json,0,1,u_stronger
rad-core-61,1021,1021,rad-core-61/nodes/01021.json,rad-core-61/nodes/01021.json,1,1,equivalent
rad-core-61,1061,3392,rad-core-61/nodes/01061.json,rad-core-61/nodes/03392.json,0,1,u_stronger
rad-core-61,1064,1064,rad-core-61/nodes/01064.json,rad-core-61/nodes/01064.json,1,1,equivalent
rad-core-61,1069,3393,rad-core-61/nodes/01069.json,rad-core-61/nodes/03393.json,0,1,u_stronger
rad-core-61,1078,2866,rad-core-61/nodes/01078.json,rad-core-61/nodes/02866.json,1,0,d_stronger
rad-core-61,1084,1084,rad-core-61/nodes/01084.json,rad-core-61/nodes/01084.json,1,1,equivalent
rad-core-61,1092,2250,rad-core-61/nodes/01092.json,rad-core-61/nodes/02250.json,1,0,d_stronger
rad-core-61,1094,1094,rad-core-61/nodes/01094.json,rad-core-61/nodes/01094.json,1,1,equivalent
rad-core-61,1095,1095,rad-core-61/nodes/01095.json,rad-core-61/nodes/01095.json,1,1,equivalent
rad-core-61,1098,1098,rad-core-61/nodes/01098.json,rad-core-61/nodes/01098.json,1,1,equivalent
rad-core-61,1101,2844,rad-core-61/nodes/01101.json,rad-core-61/nodes/02844.json,1,0,d_stronger
rad-core-61,1101,2849,rad-core-61/nodes/01101.json,rad-core-61/nodes/02849.json,1,0,d_stronger
rad-core-61,1101,2859,rad-core-61/nodes/01101.json,rad-core-61/nodes/02859.json,1,0,d_stronger
rad-core-61,1104,2753,rad-core-61/nodes/01104.json,rad-core-61/nodes/02753.json,0,1,u_stronger
rad-core-61,1105,1105,rad-core-61/nodes/01105.json,rad-core-61/nodes/01105.json,1,1,equivalent
rad-core-61,1107,2903,rad-core-61/nodes/01107.json,rad-core-61/nodes/02903.json,0,1,u_stronger
rad-core-61,1112,2480,rad-core-61/nodes/01112.json,rad-core-61/nodes/02480.json,0,1,u_stronger
rad-core-61,1114,1114,rad-core-61/nodes/01114.json,rad-core-61/nodes/01114.json,1,1,equivalent
rad-core-61,1117,1117,rad-core-61/nodes/01117.json,rad-core-61/nodes/01117.json,1,1,equivalent
rad-core-61,1129,3165,rad-core-61/nodes/01129.json,rad-core-61/nodes/03165.json,1,0,d_stronger
rad-core-61,1130,2226,rad-core-61/nodes/01130.json,rad-core-61/nodes/02226.json,0,1,u_stronger
rad-core-61,1131,2610,rad-core-61/nodes/01131.json,rad-core-61/nodes/02610.json,0,1,u_stronger
rad-core-61,1131,2655,rad-core-61/nodes/01131.json,rad-core-61/nodes/02655.json,0,1,u_stronger
rad-core-61,1134,1134,rad-core-61/nodes/01134.json,rad-core-61/nodes/01134.json,1,1,equivalent
rad-core-61,1152,2596,rad-core-61/nodes/01152.json,rad-core-61/nodes/02596.json,0,1,u_stronger
rad-core-61,1159,1159,rad-core-61/nodes/01159.json,rad-core-61/nodes/01159.json,1,1,equivalent
rad-core-61,1175,3150,rad-core-61/nodes/01175.json,rad-core-61/nodes/03150.json,0,1,u_stronger
rad-core-61,1194,3806,rad-core-61/nodes/01194.json,rad-core-61/nodes/03806.json,1,0,d_stronger
rad-core-61,1194,3808,rad-core-61/nodes/01194.json,rad-core-61/nodes/03808.json,1,0,d_stronger
rad-core-61,1194,3809,rad-core-61/nodes/01194.json,rad-core-61/nodes/03809.json,1,0,d_stronger
rad-core-61,1199,2347,rad-core-61/nodes/01199.json,rad-core-61/nodes/02347.json,0,1,u_stronger
rad-core-61,1208,1208,rad-core-61/nodes/01208.json,rad-core-61/nodes/01208.json,1,1,equivalent
rad-core-61,1215,3978,rad-core-61/nodes/01215.json,rad-core-61/nodes/03978.json,0,1,u_stronger
rad-core-61,1216,2843,rad-core-61/nodes/01216.json,rad-core-61/nodes/02843.json,0,1,u_stronger
rad-core-61,1218,1218,rad-core-61/nodes/01218.json,rad-core-61/nodes/01218.json,1,1,equivalent
rad-core-61,1235,1235,rad-core-61/nodes/01235.json,rad-core-61/nodes/01235.json,1,1,equivalent
rad-core-61,1245,3875,rad-core-61/nodes/01245.json,rad-core-61/nodes/03875.json,0,1,u_stronger
rad-core-61,1251,1251,rad-core-61/nodes/01251.json,rad-core-61/nodes/01251.json,1,1,equivalent
rad-core-61,1257,3155,rad-core-61/nodes/01257.json,rad-core-61/nodes/03155.json,0,1,u_stronger
rad-core-61,1265,2626,rad-core-61/nodes/01265.json,rad-core-61/nodes/02626.json,0,1,u_stronger
rad-core-61,1268,3314,rad-core-61/nodes/01268.json,rad-core-61/nodes/03314.json,0,1,u_stronger
rad-core-61,1269,2484,rad-core-61/nodes/01269.json,rad-core-61/nodes/02484.json,0,1,u_stronger
rad-core-61,1270,3963,rad-core-61/nodes/01270.json,rad-core-61/nodes/03963.json,1,0,d_stronger
rad-core-61,1277,3699,rad-core-61/nodes/01277.json,rad-core-61/nodes/03699.json,1,0,d_stronger
rad-core-61,1284,1284,rad-core-61/nodes/01284.json,rad-core-61/nodes/01284.json,1,1,equivalent
rad-core-61,1289,3547,rad-core-61/nodes/01289.json,rad-core-61/nodes/03547.json,0,1,u_stronger
rad-core-61,1301,2770,rad-core-61/nodes/01301.json,rad-core-61/nodes/02770.json,0,1,u_stronger
rad-core-61,1304,3285,rad-core-61/nodes/01304.json,rad-core-61/nodes/03285.json,0,1,u_stronger
rad-core-61,1304,3974,rad-core-61/nodes/01304.json,rad-core-61/nodes/03974.json,0,1,u_stronger
rad-core-61,1309,2216,rad-core-61/nodes/01309.json,rad-core-61/nodes/02216.json,0,1,u_stronger
rad-core-61,1309,2890,rad-core-61/nodes/01309.json,rad-core-61/nodes/02890.json,0,1,u_stronger
rad-core-61,1312,3755,rad-core-61/nodes/01312.json,rad-core-61/nodes/03755.json,0,1,u_stronger
rad-core-61,1322,1322,rad-core-61/nodes/01322.json,rad-core-61/nodes/01322.json,1,1,equivalent
rad-core-61,1323,1323,rad-core-61/nodes/01323.json,rad-core-61/nodes/01323.json,1,1,equivalent
rad-core-61,1324,2272,rad-core-61/nodes/01324.json,rad-core-61/nodes/02272.json,0,1,u_stronger
rad-core-61,1325,3363,rad-core-61/nodes/01325.json,rad-core-61/nodes/03363.json,0,1,u_stronger
rad-core-61,1326,1326,rad-core-61/nodes/01326.json,rad-core-61/nodes/01326.json,1,1,equivalent
rad-core-61,1327,3621,rad-core-61/nodes/01327.json,rad-core-61/nodes/03621.json,0,1,u_stronger
rad-core-61,1337,2278,rad-core-61/nodes/01337.json,rad-core-61/nodes/02278.json,0,1,u_stronger
rad-core-61,1341,1341,rad-core-61/nodes/01341.json,rad-core-61/nodes/01341.json,1,1,equivalent
rad-core-61,1345,3637,rad-core-61/nodes/01345.json,rad-core-61/nodes/03637.json,0,1,u_stronger
rad-core-61,1350,1350,rad-core-61/nodes/01350.json,rad-core-61/nodes/01350.json,1,1,equivalent
rad-core-61,1362,3374,rad-core-61/nodes/01362.json,rad-core-61/nodes/03374.json,0,1,u_stronger
rad-core-61,1390,1390,rad-core-61/nodes/01390.json,rad-core-61/nodes/01390.json,1,1,equivalent
rad-core-61,1401,1401,rad-core-61/nodes/01401.json,rad-core-61/nodes/01401.json,1,1,equivalent
rad-core-61,1403,2702,rad-core-61/nodes/01403.json,rad-core-61/nodes/02702.json,0,1,u_stronger
rad-core-61,1409,3899,rad-core-61/nodes/01409.json,rad-core-61/nodes/03899.json,0,1,u_stronger
rad-core-61,1434,3482,rad-core-61/nodes/01434.json,rad-core-61/nodes/03482.json,0,1,u_stronger
rad-core-61,1446,1446,rad-core-61/nodes/01446.json,rad-core-61/nodes/01446.json,1,1,equivalent
rad-core-61,1477,2738,rad-core-61/nodes/01477.json,rad-core-61/nodes/02738.json,1,0,d_stronger
rad-core-61,1477,2740,rad-core-61/nodes/01477.json,rad-core-61/nodes/02740.json,1,0,d_stronger
rad-core-61,1490,1490,rad-core-61/nodes/01490.json,rad-core-61/nodes/01490.json,1,1,equivalent
rad-core-61,1491,2274,rad-core-61/nodes/01491.json,rad-core-61/nodes/02274.json,0,1,u_stronger
rad-core-61,1494,3496,rad-core-61/nodes/01494.json,rad-core-61/nodes/03496.json,0,1,u_stronger
rad-core-61,1495,1495,rad-core-61/nodes/01495.json,rad-core-61/nodes/01495.json,1,1,equivalent
rad-core-61,1517,2891,rad-core-61/nodes/01517.json,rad-core-61/nodes/02891.json,0,1,u_stronger
rad-core-61,1519,1519,rad-core-61/nodes/01519.json,rad-core-61/nodes/01519.json,1,1,equivalent
rad-core-61,1566,3979,rad-core-61/nodes/01566.json,rad-core-61/nodes/03979.json,0,1,u_stronger
rad-core-61,1578,2444,rad-core-61/nodes/01578.json,rad-core-61/nodes/02444.json,1,0,d_stronger
rad-core-61,1578,2459,rad-core-61/nodes/01578.json,rad-core-61/nodes/02459.json,1,0,d_stronger
rad-core-61,1580,2886,rad-core-61/nodes/01580.json,rad-core-61/nodes/02886.json,0,1,u_stronger
rad-core-61,1580,2992,rad-core-61/nodes/01580.json,rad-core-61/nodes/02992.json,0,1,u_stronger
rad-core-61,1582,1582,rad-core-61/nodes/01582.json,rad-core-61/nodes/01582.json,1,1,equivalent
rad-core-61,1583,1583,rad-core-61/nodes/01583.json,rad-core-61/nodes/01583.json,1,1,equivalent
rad-core-61,1591,1591,rad-core-61/nodes/01591.json,rad-core-61/nodes/01591.json,1,1,equivalent
rad-core-61,1593,1593,rad-core-61/nodes/01593.json,rad-core-61/nodes/01593.json,1,1,equivalent
rad-core-61,1620,1620,rad-core-61/nodes/01620.json,rad-core-61/nodes/01620.json,1,1,equivalent
rad-core-61,1623,1623,rad-core-61/nodes/01623.json,rad-core-61/nodes/01623.json,1,1,equivalent
rad-core-61,1634,2837,rad-core-61/nodes/01634.json,rad-core-61/nodes/02837.json,0,1,u_stronger
rad-core-61,1646,2837,rad-core-61/nodes/01646.json,rad-core-61/nodes/02837.json,0,1,u_stronger
rad-core-61,1647,1647,rad-core-61/nodes/01647.json,rad-core-61/nodes/01647.json,1,1,equivalent
rad-core-61,1667,3350,rad-core-61/nodes/01667.json,rad-core-61/nodes/03350.json,0,1,u_stronger
rad-core-61,1709,2926,rad-core-61/nodes/01709.json,rad-core-61/nodes/02926.json,0,1,u_stronger
rad-core-61,1723,1723,rad-core-61/nodes/01723.json,rad-core-61/nodes/01723.json,1,1,equivalent
rad-core-61,1727,1727,rad-core-61/nodes/01727.json,rad-core-61/nodes/01727.json,1,1,equivalent
rad-core-61,1757,3082,rad-core-61/nodes/01757.json,rad-core-61/nodes/03082.json,0,1,u_stronger
rad-core-61,1757,3811,rad-core-61/nodes/01757.json,rad-core-61/nodes/03811.json,0,1,u_stronger
rad-core-61,1767,1767,rad-core-61/nodes/01767.json,rad-core-61/nodes/01767.json,1,1,equivalent
rad-core-61,1768,3426,rad-core-61/nodes/01768.json,rad-core-61/nodes/03426.json,0,1,u_stronger
rad-core-61,1773,1773,rad-core-61/nodes/01773.json,rad-core-61/nodes/01773.json,1,1,equivalent
rad-core-61,1779,1779,rad-core-61/nodes/01779.json,rad-core-61/nodes/01779.json,1,1,equivalent
rad-core-61,1780,2823,rad-core-61/nodes/01780.json,rad-core-61/nodes/02823.json,0,1,u_stronger
rad-core-61,1787,3661,rad-core-61/nodes/01787.json,rad-core-61/nodes/03661.json,0,1,u_stronger
rad-core-61,1788,3582,rad-core-61/nodes/01788.json,rad-core-61/nodes/03582.json,0,1,u_stronger
rad-core-61,1803,1803,rad-core-61/nodes/01803.json,rad-core-61/nodes/01803.json,1,1,equivalent
rad-core-61,1815,3623,rad-core-61/nodes/01815.json,rad-core-61/nodes/03623.json,0,1,u_stronger
rad-core-61,1824,1824,rad-core-61/nodes/01824.json,rad-core-61/nodes/01824.json,1,1,equivalent
rad-core-61,1830,3581,rad-core-61/nodes/01830.json,rad-core-61/nodes/03581.json,0,1,u_stronger
rad-core-61,1838,3903,rad-core-61/nodes/01838.json,rad-core-61/nodes/03903.json,0,1,u_stronger
rad-core-61,1853,3757,rad-core-61/nodes/01853.json,rad-core-61/nodes/03757.json,1,0,d_stronger
rad-core-61,1855,3619,rad-core-61/nodes/01855.json,rad-core-61/nodes/03619.json,0,1,u_stronger
rad-core-61,1864,1864,rad-core-61/nodes/01864.json,rad-core-61/nodes/01864.json,1,1,equivalent
rad-core-61,1872,1872,rad-core-61/nodes/01872.json,rad-core-61/nodes/01872.json,1,1,equivalent
rad-core-61,1873,1873,rad-core-61/nodes/01873.json,rad-core-61/nodes/01873.json,1,1,equivalent
rad-core-61,1876,3804,rad-core-61/nodes/01876.json,rad-core-61/nodes/03804.json,0,1,u_stronger
rad-core-61,1877,1877,rad-core-61/nodes/01877.json,rad-core-61/nodes/01877.json,1,1,equivalent
rad-core-61,1881,1881,rad-core-61/nodes/01881.json,rad-core-61/nodes/01881.json,1,1,equivalent
rad-core-61,1887,1887,rad-core-61/nodes/01887.json,rad-core-61/nodes/01887.json,1,1,equivalent
rad-core-61,1888,1888,rad-core-61/nodes/01888.json,rad-core-61/nodes/01888.json,1,1,equivalent
rad-core-61,1893,1893,rad-core-61/nodes/01893.json,rad-core-61/nodes/01893.json,1,1,equivalent
rad-core-61,1896,1896,rad-core-61/nodes/01896.json,rad-core-61/nodes/01896.json,1,1,equivalent
rad-core-61,1899,1899,rad-core-61/nodes/01899.json,rad-core-61/nodes/01899.json,1,1,equivalent
rad-core-61,1905,1905,rad-core-61/nodes/01905.json,rad-core-61/nodes/01905.json,1,1,equivalent
rad-core-61,1911,1911,rad-core-61/nodes/01911.json,rad-core-61/nodes/01911.json,1,1,equivalent
rad-core-61,1917,2780,rad-core-61/nodes/01917.json,rad-core-61/nodes/02780.json,0,1,u_stronger
rad-core-61,1924,3854,rad-core-61/nodes/01924.json,rad-core-61/nodes/03854.json,0,1,u_stronger
rad-core-61,1977,1977,rad-core-61/nodes/01977.json,rad-core-61/nodes/01977.json,1,1,equivalent
rad-core-61,1978,3850,rad-core-61/nodes/01978.json,rad-core-61/nodes/03850.json,0,1,u_stronger
rad-core-61,1979,1979,rad-core-61/nodes/01979.json,rad-core-61/nodes/01979.json,1,1,equivalent
rad-core-61,1980,1980,rad-core-61/nodes/01980.json,rad-core-61/nodes/01980.json,1,1,equivalent
rad-core-61,1981,1981,rad-core-61/nodes/01981.json,rad-core-61/nodes/01981.json,1,1,equivalent
rad-core-61,1982,3876,rad-core-61/nodes/01982.json,rad-core-61/nodes/03876.json,0,1,u_stronger
rad-core-61,1988,1988,rad-core-61/nodes/01988.json,rad-core-61/nodes/01988.json,1,1,equivalent
rad-core-61,1992,1992,rad-core-61/nodes/01992.json,rad-core-61/nodes/01992.json,1,1,equivalent
rad-core-61,1996,3848,rad-core-61/nodes/01996.json,rad-core-61/nodes/03848.json,1,0,d_stronger
rad-core-61,1997,3853,rad-core-61/nodes/01997.json,rad-core-61/nodes/03853.json,0,1,u_stronger
rad-core-61,1998,3311,rad-core-61/nodes/01998.json,rad-core-61/nodes/03311.json,0,1,u_stronger
rad-core-61,2004,3793,rad-core-61/nodes/02004.json,rad-core-61/nodes/03793.json,0,1,u_stronger
rad-core-61,2007,2007,rad-core-61/nodes/02007.json,rad-core-61/nodes/02007.json,1,1,equivalent
rad-core-61,2030,3792,rad-core-61/nodes/02030.json,rad-core-61/nodes/03792.json,0,1,u_stronger
rad-core-61,2030,3795,rad-core-61/nodes/02030.json,rad-core-61/nodes/03795.json,0,1,u_stronger
rad-core-61,2035,2614,rad-core-61/nodes/02035.json,rad-core-61/nodes/02614.json,0,1,u_stronger
rad-core-61,2040,2838,rad-core-61/nodes/02040.json,rad-core-61/nodes/02838.json,0,1,u_stronger
rad-core-61,2040,3750,rad-core-61/nodes/02040.json,rad-core-61/nodes/03750.json,0,1,u_stronger
rad-core-61,2043,2043,rad-core-61/nodes/02043.json,rad-core-61/nodes/02043.json,1,1,equivalent
rad-core-61,2044,2891,rad-core-61/nodes/02044.json,rad-core-61/nodes/02891.json,0,1,u_stronger
rad-core-61,2050,3549,rad-core-61/nodes/02050.json,rad-core-61/nodes/03549.json,0,1,u_stronger
rad-core-61,2052,2052,rad-core-61/nodes/02052.json,rad-core-61/nodes/02052.json,1,1,equivalent
rad-core-61,2053,3339,rad-core-61/nodes/02053.json,rad-core-61/nodes/03339.json,0,1,u_stronger
rad-core-61,2056,2891,rad-core-61/nodes/02056.json,rad-core-61/nodes/02891.json,0,1,u_stronger
rad-core-61,2073,2729,rad-core-61/nodes/02073.json,rad-core-61/nodes/02729.json,1,0,d_stronger
rad-core-61,2080,2637,rad-core-61/nodes/02080.json,rad-core-61/nodes/02637.json,0,1,u_stronger
rad-core-61,2103,2637,rad-core-61/nodes/02103.json,rad-core-61/nodes/02637.json,0,1,u_stronger
rad-core-61,2117,2637,rad-core-61/nodes/02117.json,rad-core-61/nodes/02637.json,0,1,u_stronger
rad-core-61,2146,3535,rad-core-61/nodes/02146.json,rad-core-61/nodes/03535.json,0,1,u_stronger
rad-core-61,2160,2160,rad-core-61/nodes/02160.json,rad-core-61/nodes/02160.json,1,1,equivalent
rad-core-61,2173,2173,rad-core-61/nodes/02173.json,rad-core-61/nodes/02173.json,1,1,equivalent
rad-core-61,2175,2175,rad-core-61/nodes/02175.json,rad-core-61/nodes/02175.json,1,1,equivalent
rad-core-61,2202,2202,rad-core-61/nodes/02202.json,rad-core-61/nodes/02202.json,1,1,equivalent
rad-core-61,2209,2209,rad-core-61/nodes/02209.json,rad-core-61/nodes/02209.json,1,1,equivalent
rad-core-65,0,0,rad-core-65/nodes/00000.json,rad-core-65/nodes/00000.json,1,1,equivalent
rad-core-65,1,1,rad-core-65/nodes/00001.json,rad-core-65/nodes/00001.json,1,1,equivalent
rad-core-65,2,2,rad-core-65/nodes/00002.json,rad-core-65/nodes/00002.json,1,1,equivalent
rad-core-65,3,2549,rad-core-65/nodes/00003.json,rad-core-65/nodes/02549.json,1,0,d_stronger
rad-core-65,3,2550,rad-core-65/nodes/00003.json,rad-core-65/nodes/02550.json,1,0,d_stronger
rad-core-65,3,2551,rad-core-65/nodes/00003.json,rad-core-65/nodes/02551.json,1,0,d_stronger
rad-core-65,3,2562,rad-core-65/nodes/00003.json,rad-core-65/nodes/02562.json,1,0,d_stronger
rad-core-65,3,2586,rad-core-65/nodes/00003.json,rad-core-65/nodes/02586.json,1,0,d_stronger
rad-core-65,3,2592,rad-core-65/nodes/00003.json,rad-core-65/nodes/02592.json,1,0,d_stronger
rad-core-65,3,2594,rad-core-65/nodes/00003.json,rad-core-65/nodes/02594.json,1,0,d_stronger
rad-core-65,8,8,rad-core-65/nodes/00008.json,rad-core-65/nodes/00008.json,1,1,equivalent
rad-core-65,10,2877,rad-core-65/nodes/00010.json,rad-core-65/nodes/02877.json,0,1,u_stronger
rad-core-65,11,11,rad-core-65/nodes/00011.json,rad-core-65/nodes/00011.json,1,1,equivalent
rad-core-65,16,16,rad-core-65/nodes/00016.json,rad-core-65/nodes/00016.json,1,1,equivalent
rad-core-65,17,17,rad-core-65/nodes/00017.json,rad-core-65/nodes/00017.json,1,1,equivalent
rad-core-65,18,2877,rad-core-65/nodes/00018.json,rad-core-65/nodes/02877.json,0,1,u_stronger
rad-core-65,20,20,rad-core-65/nodes/00020.json,rad-core-65/nodes/00020.json,1,1,equivalent
rad-core-65,23,23,rad-core-65/nodes/00023.json,rad-core-65/nodes/00023.json,1,1,equivalent
rad-core-65,27,27,rad-core-65/nodes/00027.json,rad-core-65/nodes/00027.json,1,1,equivalent
rad-core-65,30,30,rad-core-65/nodes/00030.json,rad-core-65/nodes/00030.json,1,1,equivalent
rad-core-65,37,37,rad-core-65/nodes/00037.json,rad-core-65/nodes/00037.json,1,1,equivalent
rad-core-65,38,3100,rad-core-65/nodes/00038.json,rad-core-65/nodes/03100.json,0,1,u_stronger
rad-core-65,47,2306,rad-core-65/nodes/00047.json,rad-core-65/nodes/02306.json,1,0,d_stronger
rad-core-65,47,2311,rad-core-65/nodes/00047.json,rad-core-65/nodes/02311.json,1,0,d_stronger
rad-core-65,54,2569,rad-core-65/nodes/00054.json,rad-core-65/nodes/02569.json,1,0,d_stronger
rad-core-65,54,2576,rad-core-65/nodes/00054.json,rad-core-65/nodes/02576.json,1,0,d_stronger
rad-core-65,54,2587,rad-core-65/nodes/00054.json,rad-core-65/nodes/02587.json,1,0,d_stronger
rad-core-65,54,2600,rad-core-65/nodes/00054.json,rad-core-65/nodes/02600.json,1,0,d_stronger
rad-core-65,61,3242,rad-core-65/nodes/00061.json,rad-core-65/nodes/03242.json,1,0,d_stronger
rad-core-65,64,2928,rad-core-65/nodes/00064.json,rad-core-65/nodes/02928.json,0,1,u_stronger
rad-core-65,88,2839,rad-core-65/nodes/00088.json,rad-core-65/nodes/02839.json,1,0,d_stronger
rad-core-65,93,3324,rad-core-65/nodes/00093.json,rad-core-65/nodes/03324.json,0,1,u_stronger
rad-core-65,98,2863,rad-core-65/nodes/00098.json,rad-core-65/nodes/02863.json,0,1,u_stronger
rad-core-65,100,3103,rad-core-65/nodes/00100.json,rad-core-65/nodes/03103.json,0,1,u_stronger
rad-core-65,106,2168,rad-core-65/nodes/00106.json,rad-core-65/nodes/02168.json,1,0,d_stronger
rad-core-65,106,2869,rad-core-65/nodes/00106.json,rad-core-65/nodes/02869.json,1,0,d_stronger
rad-core-65,106,2875,rad-core-65/nodes/00106.json,rad-core-65/nodes/02875.json,1,0,d_stronger
rad-core-65,121,3324,rad-core-65/nodes/00121.json,rad-core-65/nodes/03324.json,0,1,u_stronger
rad-core-65,132,132,rad-core-65/nodes/00132.json,rad-core-65/nodes/00132.json,1,1,equivalent
rad-core-65,134,3395,rad-core-65/nodes/00134.json,rad-core-65/nodes/03395.json,1,0,d_stronger
rad-core-65,137,2863,rad-core-65/nodes/00137.json,rad-core-65/nodes/02863.json,0,1,u_stronger
rad-core-65,148,2498,rad-core-65/nodes/00148.json,rad-core-65/nodes/02498.json,0,1,u_stronger
rad-core-65,158,2865,rad-core-65/nodes/00158.json,rad-core-65/nodes/02865.json,0,1,u_stronger
rad-core-65,161,2863,rad-core-65/nodes/00161.json,rad-core-65/nodes/02863.json,0,1,u_stronger
rad-core-65,163,3219,rad-core-65/nodes/00163.json,rad-core-65/nodes/03219.json,0,1,u_stronger
rad-core-65,167,167,rad-core-65/nodes/00167.json,rad-core-65/nodes/00167.json,1,1,equivalent
rad-core-65,170,170,rad-core-65/nodes/00170.json,rad-core-65/nodes/00170.json,1,1,equivalent
rad-core-65,174,174,rad-core-65/nodes/00174.json,rad-core-65/nodes/00174.json,1,1,equivalent
rad-core-65,180,180,rad-core-65/nodes/00180.json,rad-core-65/nodes/00180.json,1,1,equivalent
rad-core-65,184,933,rad-core-65/nodes/00184.json,rad-core-65/nodes/00933.json,1,0,d_stronger
rad-core-65,188,188,rad-core-65/nodes/00188.json,rad-core-65/nodes/00188.json,1,1,equivalent
rad-core-65,214,3324,rad-core-65/nodes/00214.json,rad-core-65/nodes/03324.json,0,1,u_stronger
rad-core-65,242,242,rad-core-65/nodes/00242.json,rad-core-65/nodes/00242.json,1,1,equivalent
rad-core-65,267,267,rad-core-65/nodes/00267.json,rad-core-65/nodes/00267.json,1,1,equivalent
rad-core-65,268,3270,rad-core-65/nodes/00268.json,rad-core-65/nodes/03270.json,0,1,u_stronger
rad-core-65,300,2430,rad-core-65/nodes/00300.json,rad-core-65/nodes/02430.json,0,1,u_stronger
rad-core-65,302,2919,rad-core-65/nodes/00302.json,rad-core-65/nodes/02919.json,0,1,u_stronger
rad-core-65,303,2499,rad-core-65/nodes/00303.json,rad-core-65/nodes/02499.json,0,1,u_stronger
rad-core-65,304,3320,rad-core-65/nodes/00304.json,rad-core-65/nodes/03320.json,0,1,u_stronger
rad-core-65,310,2357,rad-core-65/nodes/00310.json,rad-core-65/nodes/02357.json,0,1,u_stronger
rad-core-65,312,2501,rad-core-65/nodes/00312.json,rad-core-65/nodes/02501.json,0,1,u_stronger
rad-core-65,317,317,rad-core-65/nodes/00317.json,rad-core-65/nodes/00317.json,1,1,equivalent
rad-core-65,319,319,rad-core-65/nodes/00319.json,rad-core-65/nodes/00319.json,1,1,equivalent
rad-core-65,320,320,rad-core-65/nodes/00320.json,rad-core-65/nodes/00320.json,1,1,equivalent
rad-core-65,326,326,rad-core-65/nodes/00326.json,rad-core-65/nodes/00326.json,1,1,equivalent
rad-core-65,331,331,rad-core-65/nodes/00331.json,rad-core-65/nodes/00331.json,1,1,equivalent
rad-core-65,344,344,rad-core-65/nodes/00344.json,rad-core-65/nodes/00344.json,1,1,equivalent
rad-core-65,346,2204,rad-core-65/nodes/00346.json,rad-core-65/nodes/02204.json,0,1,u_stronger
rad-core-65,356,3484,rad-core-65/nodes/00356.json,rad-core-65/nodes/03484.json,0,1,u_stronger
rad-core-65,366,2235,rad-core-65/nodes/00366.json,rad-core-65/nodes/02235.json,0,1,u_stronger
rad-core-65,369,369,rad-core-65/nodes/00369.json,rad-core-65/nodes/00369.json,1,1,equivalent
rad-core-65,376,376,rad-core-65/nodes/00376.json,rad-core-65/nodes/00376.json,1,1,equivalent
rad-core-65,381,2801,rad-core-65/nodes/00381.json,rad-core-65/nodes/02801.json,0,1,u_stronger
rad-core-65,382,2915,rad-core-65/nodes/00382.json,rad-core-65/nodes/02915.json,0,1,u_stronger
rad-core-65,383,383,rad-core-65/nodes/00383.json,rad-core-65/nodes/00383.json,1,1,equivalent
rad-core-65,389,2530,rad-core-65/nodes/00389.json,rad-core-65/nodes/02530.json,0,1,u_stronger
rad-core-65,397,2674,rad-core-65/nodes/00397.json,rad-core-65/nodes/02674.json,1,0,d_stronger
rad-core-65,403,2533,rad-core-65/nodes/00403.json,rad-core-65/nodes/02533.json,0,1,u_stronger
rad-core-65,406,2805,rad-core-65/nodes/00406.json,rad-core-65/nodes/02805.json,1,0,d_stronger
rad-core-65,411,866,rad-core-65/nodes/00411.json,rad-core-65/nodes/00866.json,1,0,d_stronger
rad-core-65,411,2613,rad-core-65/nodes/00411.json,rad-core-65/nodes/02613.json,1,0,d_stronger
rad-core-65,411,2747,rad-core-65/nodes/00411.json,rad-core-65/nodes/02747.json,1,0,d_stronger
rad-core-65,411,2751,rad-core-65/nodes/00411.json,rad-core-65/nodes/02751.json,1,0,d_stronger
rad-core-65,411,2752,rad-core-65/nodes/00411.json,rad-core-65/nodes/02752.json,1,0,d_stronger
rad-core-65,411,2773,rad-core-65/nodes/00411.json,rad-core-65/nodes/02773.json,1,0,d_stronger
rad-core-65,411,2776,rad-core-65/nodes/00411.json,rad-core-65/nodes/02776.json,1,0,d_stronger
rad-core-65,411,3011,rad-core-65/nodes/00411.json,rad-core-65/nodes/03011.json,1,0,d_stronger
rad-core-65,411,3012,rad-core-65/nodes/00411.json,rad-core-65/nodes/03012.json,1,0,d_stronger
rad-core-65,411,3016,rad-core-65/nodes/00411.json,rad-core-65/nodes/03016.json,1,0,d_stronger
rad-core-65,411,3024,rad-core-65/nodes/00411.json,rad-core-65/nodes/03024.json,1,0,d_stronger
rad-core-65,411,3040,rad-core-65/nodes/00411.json,rad-core-65/nodes/03040.json,1,0,d_stronger
rad-core-65,411,3041,rad-core-65/nodes/00411.json,rad-core-65/nodes/03041.json,1,0,d_stronger
rad-core-65,411,3567,rad-core-65/nodes/00411.json,rad-core-65/nodes/03567.json,1,0,d_stronger
rad-core-65,414,1912,rad-core-65/nodes/00414.json,rad-core-65/nodes/01912.json,1,0,d_stronger
rad-core-65,433,433,rad-core-65/nodes/00433.json,rad-core-65/nodes/00433.json,1,1,equivalent
rad-core-65,445,2661,rad-core-65/nodes/00445.json,rad-core-65/nodes/02661.json,0,1,u_stronger
rad-core-65,448,2578,rad-core-65/nodes/00448.json,rad-core-65/nodes/02578.json,0,1,u_stronger
rad-core-65,449,2647,rad-core-65/nodes/00449.json,rad-core-65/nodes/02647.json,0,1,u_stronger
rad-core-65,459,459,rad-core-65/nodes/00459.json,rad-core-65/nodes/00459.json,1,1,equivalent
rad-core-65,469,469,rad-core-65/nodes/00469.json,rad-core-65/nodes/00469.json,1,1,equivalent
rad-core-65,470,470,rad-core-65/nodes/00470.json,rad-core-65/nodes/00470.json,1,1,equivalent
rad-core-65,471,471,rad-core-65/nodes/00471.json,rad-core-65/nodes/00471.json,1,1,equivalent
rad-core-65,472,472,rad-core-65/nodes/00472.json,rad-core-65/nodes/00472.json,1,1,equivalent
rad-core-65,474,3648,rad-core-65/nodes/00474.json,rad-core-65/nodes/03648.json,1,0,d_stronger
rad-core-65,475,3015,rad-core-65/nodes/00475.json,rad-core-65/nodes/03015.json,0,1,u_stronger
rad-core-65,476,476,rad-core-65/nodes/00476.json,rad-core-65/nodes/00476.json,1,1,equivalent
rad-core-65,484,2449,rad-core-65/nodes/00484.json,rad-core-65/nodes/02449.json,0,1,u_stronger
rad-core-65,486,3484,rad-core-65/nodes/00486.json,rad-core-65/nodes/03484.json,0,1,u_stronger
rad-core-65,488,488,rad-core-65/nodes/00488.json,rad-core-65/nodes/00488.json,1,1,equivalent
rad-core-65,489,489,rad-core-65/nodes/00489.json,rad-core-65/nodes/00489.json,1,1,equivalent
rad-core-65,490,2915,rad-core-65/nodes/00490.json,rad-core-65/nodes/02915.json,0,1,u_stronger
rad-core-65,503,503,rad-core-65/nodes/00503.json,rad-core-65/nodes/00503.json,1,1,equivalent
rad-core-65,510,510,rad-core-65/nodes/00510.json,rad-core-65/nodes/00510.json,1,1,equivalent
rad-core-65,525,3145,rad-core-65/nodes/00525.json,rad-core-65/nodes/03145.json,0,1,u_stronger
rad-core-65,535,535,rad-core-65/nodes/00535.json,rad-core-65/nodes/00535.json,1,1,equivalent
rad-core-65,536,2811,rad-core-65/nodes/00536.json,rad-core-65/nodes/02811.json,1,0,d_stronger
rad-core-65,537,537,rad-core-65/nodes/00537.json,rad-core-65/nodes/00537.json,1,1,equivalent
rad-core-65,540,2877,rad-core-65/nodes/00540.json,rad-core-65/nodes/02877.json,0,1,u_stronger
rad-core-65,542,2866,rad-core-65/nodes/00542.json,rad-core-65/nodes/02866.json,0,1,u_stronger
rad-core-65,543,543,rad-core-65/nodes/00543.json,rad-core-65/nodes/00543.json,1,1,equivalent
rad-core-65,545,2877,rad-core-65/nodes/00545.json,rad-core-65/nodes/02877.json,0,1,u_stronger
rad-core-65,546,2521,rad-core-65/nodes/00546.json,rad-core-65/nodes/02521.json,0,1,u_stronger
rad-core-65,547,3020,rad-core-65/nodes/00547.json,rad-core-65/nodes/03020.json,1,0,d_stronger
rad-core-65,552,2877,rad-core-65/nodes/00552.json,rad-core-65/nodes/02877.json,0,1,u_stronger
rad-core-65,555,555,rad-core-65/nodes/00555.json,rad-core-65/nodes/00555.json,1,1,equivalent
rad-core-65,556,556,rad-core-65/nodes/00556.json,rad-core-65/nodes/00556.json,1,1,equivalent
rad-core-65,557,2414,rad-core-65/nodes/00557.json,rad-core-65/nodes/02414.json,0,1,u_stronger
rad-core-65,559,3116,rad-core-65/nodes/00559.json,rad-core-65/nodes/03116.json,0,1,u_stronger
rad-core-65,562,2866,rad-core-65/nodes/00562.json,rad-core-65/nodes/02866.json,0,1,u_stronger
rad-core-65,564,564,rad-core-65/nodes/00564.json,rad-core-65/nodes/00564.json,1,1,equivalent
rad-core-65,565,565,rad-core-65/nodes/00565.json,rad-core-65/nodes/00565.json,1,1,equivalent
rad-core-65,571,2968,rad-core-65/nodes/00571.json,rad-core-65/nodes/02968.json,1,0,d_stronger
rad-core-65,571,2974,rad-core-65/nodes/00571.json,rad-core-65/nodes/02974.json,1,0,d_stronger
rad-core-65,574,2256,rad-core-65/nodes/00574.json,rad-core-65/nodes/02256.json,0,1,u_stronger
rad-core-65,576,2258,rad-core-65/nodes/00576.json,rad-core-65/nodes/02258.json,0,1,u_stronger
rad-core-65,579,579,rad-core-65/nodes/00579.json,rad-core-65/nodes/00579.json,1,1,equivalent
rad-core-65,581,2513,rad-core-65/nodes/00581.json,rad-core-65/nodes/02513.json,0,1,u_stronger
rad-core-65,582,582,rad-core-65/nodes/00582.json,rad-core-65/nodes/00582.json,1,1,equivalent
rad-core-65,583,2866,rad-core-65/nodes/00583.json,rad-core-65/nodes/02866.json,0,1,u_stronger
rad-core-65,586,3380,rad-core-65/nodes/00586.json,rad-core-65/nodes/03380.json,0,1,u_stronger
rad-core-65,591,2866,rad-core-65/nodes/00591.json,rad-core-65/nodes/02866.json,0,1,u_stronger
rad-core-65,606,3215,rad-core-65/nodes/00606.json,rad-core-65/nodes/03215.json,0,1,u_stronger
rad-core-65,608,2866,rad-core-65/nodes/00608.json,rad-core-65/nodes/02866.json,0,1,u_stronger
rad-core-65,610,2531,rad-core-65/nodes/00610.json,rad-core-65/nodes/02531.json,0,1,u_stronger
rad-core-65,610,3215,rad-core-65/nodes/00610.json,rad-core-65/nodes/03215.json,0,1,u_stronger
rad-core-65,617,617,rad-core-65/nodes/00617.json,rad-core-65/nodes/00617.json,1,1,equivalent
rad-core-65,619,2701,rad-core-65/nodes/00619.json,rad-core-65/nodes/02701.json,0,1,u_stronger
rad-core-65,623,3124,rad-core-65/nodes/00623.json,rad-core-65/nodes/03124.json,0,1,u_stronger
rad-core-65,627,3156,rad-core-65/nodes/00627.json,rad-core-65/nodes/03156.json,0,1,u_stronger
rad-core-65,643,643,rad-core-65/nodes/00643.json,rad-core-65/nodes/00643.json,1,1,equivalent
rad-core-65,646,3033,rad-core-65/nodes/00646.json,rad-core-65/nodes/03033.json,0,1,u_stronger
rad-core-65,648,2701,rad-core-65/nodes/00648.json,rad-core-65/nodes/02701.json,0,1,u_stronger
rad-core-65,649,649,rad-core-65/nodes/00649.json,rad-core-65/nodes/00649.json,1,1,equivalent
rad-core-65,652,3215,rad-core-65/nodes/00652.json,rad-core-65/nodes/03215.json,0,1,u_stronger
rad-core-65,653,2758,rad-core-65/nodes/00653.json,rad-core-65/nodes/02758.json,1,0,d_stronger
rad-core-65,658,658,rad-core-65/nodes/00658.json,rad-core-65/nodes/00658.json,1,1,equivalent
rad-core-65,662,2866,rad-core-65/nodes/00662.json,rad-core-65/nodes/02866.json,0,1,u_stronger
rad-core-65,673,673,rad-core-65/nodes/00673.json,rad-core-65/nodes/00673.json,1,1,equivalent
rad-core-65,686,686,rad-core-65/nodes/00686.json,rad-core-65/nodes/00686.json,1,1,equivalent
rad-core-65,687,687,rad-core-65/nodes/00687.json,rad-core-65/nodes/00687.json,1,1,equivalent
rad-core-65,694,694,rad-core-65/nodes/00694.json,rad-core-65/nodes/00694.json,1,1,equivalent
rad-core-65,701,701,rad-core-65/nodes/00701.json,rad-core-65/nodes/00701.json,1,1,equivalent
rad-core-65,703,2635,rad-core-65/nodes/00703.json,rad-core-65/nodes/02635.json,1,0,d_stronger
rad-core-65,710,2637,rad-core-65/nodes/00710.json,rad-core-65/nodes/02637.json,0,1,u_stronger
rad-core-65,716,3107,rad-core-65/nodes/00716.json,rad-core-65/nodes/03107.json,0,1,u_stronger
rad-core-65,727,727,rad-core-65/nodes/00727.json,rad-core-65/nodes/00727.json,1,1,equivalent
rad-core-65,736,736,rad-core-65/nodes/00736.json,rad-core-65/nodes/00736.json,1,1,equivalent
rad-core-65,738,2918,rad-core-65/nodes/00738.json,rad-core-65/nodes/02918.json,0,1,u_stronger
rad-core-65,741,2319,rad-core-65/nodes/00741.json,rad-core-65/nodes/02319.json,0,1,u_stronger
rad-core-65,742,3682,rad-core-65/nodes/00742.json,rad-core-65/nodes/03682.json,0,1,u_stronger
rad-core-65,744,2546,rad-core-65/nodes/00744.json,rad-core-65/nodes/02546.json,0,1,u_stronger
rad-core-65,773,773,rad-core-65/nodes/00773.json,rad-core-65/nodes/00773.json,1,1,equivalent
rad-core-65,775,3283,rad-core-65/nodes/00775.json,rad-core-65/nodes/03283.json,0,1,u_stronger
rad-core-65,783,3484,rad-core-65/nodes/00783.json,rad-core-65/nodes/03484.json,0,1,u_stronger
rad-core-65,786,2509,rad-core-65/nodes/00786.json,rad-core-65/nodes/02509.json,0,1,u_stronger
rad-core-65,787,2661,rad-core-65/nodes/00787.json,rad-core-65/nodes/02661.json,0,1,u_stronger
rad-core-65,792,2380,rad-core-65/nodes/00792.json,rad-core-65/nodes/02380.json,0,1,u_stronger
rad-core-65,804,804,rad-core-65/nodes/00804.json,rad-core-65/nodes/00804.json,1,1,equivalent
rad-core-65,808,2552,rad-core-65/nodes/00808.json,rad-core-65/nodes/02552.json,1,0,d_stronger
rad-core-65,827,827,rad-core-65/nodes/00827.json,rad-core-65/nodes/00827.json,1,1,equivalent
rad-core-65,836,2480,rad-core-65/nodes/00836.json,rad-core-65/nodes/02480.json,0,1,u_stronger
rad-core-65,840,840,rad-core-65/nodes/00840.json,rad-core-65/nodes/00840.json,1,1,equivalent
rad-core-65,842,2780,rad-core-65/nodes/00842.json,rad-core-65/nodes/02780.json,0,1,u_stronger
rad-core-65,843,2877,rad-core-65/nodes/00843.json,rad-core-65/nodes/02877.json,0,1,u_stronger
rad-core-65,844,844,rad-core-65/nodes/00844.json,rad-core-65/nodes/00844.json,1,1,equivalent
rad-core-65,847,2877,rad-core-65/nodes/00847.json,rad-core-65/nodes/02877.json,0,1,u_stronger
rad-core-65,849,2877,rad-core-65/nodes/00849.json,rad-core-65/nodes/02877.json,0,1,u_stronger
rad-core-65,851,2877,rad-core-65/nodes/00851.json,rad-core-65/nodes/02877.json,0,1,u_stronger
rad-core-65,852,852,rad-core-65/nodes/00852.json,rad-core-65/nodes/00852.json,1,1,equivalent
rad-core-65,853,2748,rad-core-65/nodes/00853.json,rad-core-65/nodes/02748.json,0,1,u_stronger
rad-core-65,856,856,rad-core-65/nodes/00856.json,rad-core-65/nodes/00856.json,1,1,equivalent
rad-core-65,862,2763,rad-core-65/nodes/00862.json,rad-core-65/nodes/02763.json,0,1,u_stronger
rad-core-65,863,863,rad-core-65/nodes/00863.json,rad-core-65/nodes/00863.json,1,1,equivalent
rad-core-65,864,864,rad-core-65/nodes/00864.json,rad-core-65/nodes/00864.json,1,1,equivalent
rad-core-65,865,865,rad-core-65/nodes/00865.json,rad-core-65/nodes/00865.json,1,1,equivalent
rad-core-65,883,883,rad-core-65/nodes/00883.json,rad-core-65/nodes/00883.json,1,1,equivalent
rad-core-65,885,885,rad-core-65/nodes/00885.json,rad-core-65/nodes/00885.json,1,1,equivalent
rad-core-65,902,2877,rad-core-65/nodes/00902.json,rad-core-65/nodes/02877.json,0,1,u_stronger
rad-core-65,903,2877,rad-core-65/nodes/00903.json,rad-core-65/nodes/02877.json,0,1,u_stronger
rad-core-65,909,1040,rad-core-65/nodes/00909.json,rad-core-65/nodes/01040.json,1,0,d_stronger
rad-core-65,909,2557,rad-core-65/nodes/00909.json,rad-core-65/nodes/02557.json,1,0,d_stronger
rad-core-65,909,2559,rad-core-65/nodes/00909.json,rad-core-65/nodes/02559.json,1,0,d_stronger
rad-core-65,909,2585,rad-core-65/nodes/00909.json,rad-core-65/nodes/02585.json,1,0,d_stronger
rad-core-65,909,2593,rad-core-65/nodes/00909.json,rad-core-65/nodes/02593.json,1,0,d_stronger
rad-core-65,909,2731,rad-core-65/nodes/00909.json,rad-core-65/nodes/02731.json,1,0,d_stronger
rad-core-65,909,2953,rad-core-65/nodes/00909.json,rad-core-65/nodes/02953.json,1,0,d_stronger
rad-core-65,909,2955,rad-core-65/nodes/00909.json,rad-core-65/nodes/02955.json,1,0,d_stronger
rad-core-65,909,2958,rad-core-65/nodes/00909.json,rad-core-65/nodes/02958.json,1,0,d_stronger
rad-core-65,909,2976,rad-core-65/nodes/00909.json,rad-core-65/nodes/02976.json,1,0,d_stronger
rad-core-65,909,2987,rad-core-65/nodes/00909.json,rad-core-65/nodes/02987.json,1,0,d_stronger
rad-core-65,909,2999,rad-core-65/nodes/00909.json,rad-core-65/nodes/02999.json,1,0,d_stronger
rad-core-65,909,3009,rad-core-65/nodes/00909.json,rad-core-65/nodes/03009.json,1,0,d_stronger
rad-core-65,909,3010,rad-core-65/nodes/00909.json,rad-core-65/nodes/03010.json,1,0,d_stronger
rad-core-65,909,3013,rad-core-65/nodes/00909.json,rad-core-65/nodes/03013.json,1,0,d_stronger
rad-core-65,909,3042,rad-core-65/nodes/00909.json,rad-core-65/nodes/03042.json,1,0,d_stronger
rad-core-65,909,3106,rad-core-65/nodes/00909.json,rad-core-65/nodes/03106.json,1,0,d_stronger
rad-core-65,909,3328,rad-core-65/nodes/00909.json,rad-core-65/nodes/03328.json,1,0,d_stronger
rad-core-65,909,3329,rad-core-65/nodes/00909.json,rad-core-65/nodes/03329.json,1,0,d_stronger
rad-core-65,915,1186,rad-core-65/nodes/00915.json,rad-core-65/nodes/01186.json,1,0,d_stronger
rad-core-65,915,2243,rad-core-65/nodes/00915.json,rad-core-65/nodes/02243.json,1,0,d_stronger
rad-core-65,915,2249,rad-core-65/nodes/00915.json,rad-core-65/nodes/02249.json,1,0,d_stronger
rad-core-65,915,2251,rad-core-65/nodes/00915.json,rad-core-65/nodes/02251.json,1,0,d_stronger
rad-core-65,915,2367,rad-core-65/nodes/00915.json,rad-core-65/nodes/02367.json,1,0,d_stronger
rad-core-65,915,2370,rad-core-65/nodes/00915.json,rad-core-65/nodes/02370.json,1,0,d_stronger
rad-core-65,915,2386,rad-core-65/nodes/00915.json,rad-core-65/nodes/02386.json,1,0,d_stronger
rad-core-65,915,2657,rad-core-65/nodes/00915.json,rad-core-65/nodes/02657.json,1,0,d_stronger
rad-core-65,915,3570,rad-core-65/nodes/00915.json,rad-core-65/nodes/03570.json,1,0,d_stronger
rad-core-65,915,3606,rad-core-65/nodes/00915.json,rad-core-65/nodes/03606.json,1,0,d_stronger
rad-core-65,923,3639,rad-core-65/nodes/00923.json,rad-core-65/nodes/03639.json,0,1,u_stronger
rad-core-65,928,2971,rad-core-65/nodes/00928.json,rad-core-65/nodes/02971.json,1,0,d_stronger
rad-core-65,928,2978,rad-core-65/nodes/00928.json,rad-core-65/nodes/02978.json,1,0,d_stronger
rad-core-65,928,2981,rad-core-65/nodes/00928.json,rad-core-65/nodes/02981.json,1,0,d_stronger
rad-core-65,928,2984,rad-core-65/nodes/00928.json,rad-core-65/nodes/02984.json,1,0,d_stronger
rad-core-65,928,2988,rad-core-65/nodes/00928.json,rad-core-65/nodes/02988.json,1,0,d_stronger
rad-core-65,928,2996,rad-core-65/nodes/00928.json,rad-core-65/nodes/02996.json,1,0,d_stronger
rad-core-65,928,3000,rad-core-65/nodes/00928.json,rad-core-65/nodes/03000.json,1,0,d_stronger
rad-core-65,928,3004,rad-core-65/nodes/00928.json,rad-core-65/nodes/03004.json,1,0,d_stronger
rad-core-65,928,3006,rad-core-65/nodes/00928.json,rad-core-65/nodes/03006.json,1,0,d_stronger
rad-core-65,936,936,rad-core-65/nodes/00936.json,rad-core-65/nodes/00936.json,1,1,equivalent
rad-core-65,947,947,rad-core-65/nodes/00947.json,rad-core-65/nodes/00947.json,1,1,equivalent
rad-core-65,949,3006,rad-core-65/nodes/00949.json,rad-core-65/nodes/03006.json,1,0,d_stronger
rad-core-65,952,952,rad-core-65/nodes/00952.json,rad-core-65/nodes/00952.json,1,1,equivalent
rad-core-65,955,955,rad-core-65/nodes/00955.json,rad-core-65/nodes/00955.json,1,1,equivalent
rad-core-65,984,2877,rad-core-65/nodes/00984.json,rad-core-65/nodes/02877.json,0,1,u_stronger
rad-core-65,997,3356,rad-core-65/nodes/00997.json,rad-core-65/nodes/03356.json,1,0,d_stronger
rad-core-65,1008,2499,rad-core-65/nodes/01008.json,rad-core-65/nodes/02499.json,0,1,u_stronger
rad-core-65,1021,2173,rad-core-65/nodes/01021.json,rad-core-65/nodes/02173.json,1,0,d_stronger
rad-core-65,1043,2809,rad-core-65/nodes/01043.json,rad-core-65/nodes/02809.json,0,1,u_stronger
rad-core-65,1047,2863,rad-core-65/nodes/01047.json,rad-core-65/nodes/02863.json,0,1,u_stronger
rad-core-65,1057,1057,rad-core-65/nodes/01057.json,rad-core-65/nodes/01057.json,1,1,equivalent
rad-core-65,1059,2947,rad-core-65/nodes/01059.json,rad-core-65/nodes/02947.json,1,0,d_stronger
rad-core-65,1059,3113,rad-core-65/nodes/01059.json,rad-core-65/nodes/03113.json,1,0,d_stronger
rad-core-65,1060,1060,rad-core-65/nodes/01060.json,rad-core-65/nodes/01060.json,1,1,equivalent
rad-core-65,1061,2803,rad-core-65/nodes/01061.json,rad-core-65/nodes/02803.json,0,1,u_stronger
rad-core-65,1064,1064,rad-core-65/nodes/01064.json,rad-core-65/nodes/01064.json,1,1,equivalent
rad-core-65,1071,2863,rad-core-65/nodes/01071.json,rad-core-65/nodes/02863.json,0,1,u_stronger
rad-core-65,1073,3215,rad-core-65/nodes/01073.json,rad-core-65/nodes/03215.json,0,1,u_stronger
rad-core-65,1082,3235,rad-core-65/nodes/01082.json,rad-core-65/nodes/03235.json,1,0,d_stronger
rad-core-65,1091,3215,rad-core-65/nodes/01091.json,rad-core-65/nodes/03215.json,0,1,u_stronger
rad-core-65,1095,2800,rad-core-65/nodes/01095.json,rad-core-65/nodes/02800.json,0,1,u_stronger
rad-core-65,1095,3192,rad-core-65/nodes/01095.json,rad-core-65/nodes/03192.json,0,1,u_stronger
rad-core-65,1099,2863,rad-core-65/nodes/01099.json,rad-core-65/nodes/02863.json,0,1,u_stronger
rad-core-65,1112,2246,rad-core-65/nodes/01112.json,rad-core-65/nodes/02246.json,0,1,u_stronger
rad-core-65,1117,3283,rad-core-65/nodes/01117.json,rad-core-65/nodes/03283.json,0,1,u_stronger
rad-core-65,1122,3642,rad-core-65/nodes/01122.json,rad-core-65/nodes/03642.json,0,1,u_stronger
rad-core-65,1124,3290,rad-core-65/nodes/01124.json,rad-core-65/nodes/03290.json,0,1,u_stronger
rad-core-65,1128,3327,rad-core-65/nodes/01128.json,rad-core-65/nodes/03327.json,0,1,u_stronger
rad-core-65,1131,2548,rad-core-65/nodes/01131.json,rad-core-65/nodes/02548.json,0,1,u_stronger
rad-core-65,1134,1134,rad-core-65/nodes/01134.json,rad-core-65/nodes/01134.json,1,1,equivalent
rad-core-65,1144,3316,rad-core-65/nodes/01144.json,rad-core-65/nodes/03316.json,0,1,u_stronger
rad-core-65,1149,1149,rad-core-65/nodes/01149.json,rad-core-65/nodes/01149.json,1,1,equivalent
rad-core-65,1155,3334,rad-core-65/nodes/01155.json,rad-core-65/nodes/03334.json,0,1,u_stronger
rad-core-65,1159,2778,rad-core-65/nodes/01159.json,rad-core-65/nodes/02778.json,0,1,u_stronger
rad-core-65,1175,1175,rad-core-65/nodes/01175.json,rad-core-65/nodes/01175.json,1,1,equivalent
rad-core-65,1193,3215,rad-core-65/nodes/01193.json,rad-core-65/nodes/03215.json,0,1,u_stronger
rad-core-65,1204,1204,rad-core-65/nodes/01204.json,rad-core-65/nodes/01204.json,1,1,equivalent
rad-core-65,1212,1212,rad-core-65/nodes/01212.json,rad-core-65/nodes/01212.json,1,1,equivalent
rad-core-65,1216,2866,rad-core-65/nodes/01216.json,rad-core-65/nodes/02866.json,0,1,u_stronger
rad-core-65,1217,1217,rad-core-65/nodes/01217.json,rad-core-65/nodes/01217.json,1,1,equivalent
rad-core-65,1218,3105,rad-core-65/nodes/01218.json,rad-core-65/nodes/03105.json,0,1,u_stronger
rad-core-65,1220,2866,rad-core-65/nodes/01220.json,rad-core-65/nodes/02866.json,0,1,u_stronger
rad-core-65,1221,1221,rad-core-65/nodes/01221.json,rad-core-65/nodes/01221.json,1,1,equivalent
rad-core-65,1223,2866,rad-core-65/nodes/01223.json,rad-core-65/nodes/02866.json,0,1,u_stronger
rad-core-65,1224,1224,rad-core-65/nodes/01224.json,rad-core-65/nodes/01224.json,1,1,equivalent
rad-core-65,1225,2289,rad-core-65/nodes/01225.json,rad-core-65/nodes/02289.json,0,1,u_stronger
rad-core-65,1234,1234,rad-core-65/nodes/01234.json,rad-core-65/nodes/01234.json,1,1,equivalent
rad-core-65,1244,1244,rad-core-65/nodes/01244.json,rad-core-65/nodes/01244.json,1,1,equivalent
rad-core-65,1246,1246,rad-core-65/nodes/01246.json,rad-core-65/nodes/01246.json,1,1,equivalent
rad-core-65,1249,1249,rad-core-65/nodes/01249.json,rad-core-65/nodes/01249.json,1,1,equivalent
rad-core-65,1250,2649,rad-core-65/nodes/01250.json,rad-core-65/nodes/02649.json,0,1,u_stronger
rad-core-65,1255,2605,rad-core-65/nodes/01255.json,rad-core-65/nodes/02605.json,1,0,d_stronger
rad-core-65,1255,2620,rad-core-65/nodes/01255.json,rad-core-65/nodes/02620.json,1,0,d_stronger
rad-core-65,1257,1257,rad-core-65/nodes/01257.json,rad-core-65/nodes/01257.json,1,1,equivalent
rad-core-65,1258,1258,rad-core-65/nodes/01258.json,rad-core-65/nodes/01258.json,1,1,equivalent
rad-core-65,1267,1267,rad-core-65/nodes/01267.json,rad-core-65/nodes/01267.json,1,1,equivalent
rad-core-65,1268,2924,rad-core-65/nodes/01268.json,rad-core-65/nodes/02924.json,0,1,u_stronger
rad-core-65,1270,2928,rad-core-65/nodes/01270.json,rad-core-65/nodes/02928.json,0,1,u_stronger
rad-core-65,1271,2928,rad-core-65/nodes/01271.json,rad-core-65/nodes/02928.json,0,1,u_stronger
rad-core-65,1273,2924,rad-core-65/nodes/01273.json,rad-core-65/nodes/02924.json,0,1,u_stronger
rad-core-65,1277,1277,rad-core-65/nodes/01277.json,rad-core-65/nodes/01277.json,1,1,equivalent
rad-core-65,1281,1281,rad-core-65/nodes/01281.json,rad-core-65/nodes/01281.json,1,1,equivalent
rad-core-65,1282,2928,rad-core-65/nodes/01282.json,rad-core-65/nodes/02928.json,0,1,u_stronger
rad-core-65,1285,1285,rad-core-65/nodes/01285.json,rad-core-65/nodes/01285.json,1,1,equivalent
rad-core-65,1287,2928,rad-core-65/nodes/01287.json,rad-core-65/nodes/02928.json,0,1,u_stronger
rad-core-65,1290,2924,rad-core-65/nodes/01290.json,rad-core-65/nodes/02924.json,0,1,u_stronger
rad-core-65,1292,2928,rad-core-65/nodes/01292.json,rad-core-65/nodes/02928.json,0,1,u_stronger
rad-core-65,1293,2928,rad-core-65/nodes/01293.json,rad-core-65/nodes/02928.json,0,1,u_stronger
rad-core-65,1297,2924,rad-core-65/nodes/01297.json,rad-core-65/nodes/02924.json,0,1,u_stronger
rad-core-65,1299,2924,rad-core-65/nodes/01299.json,rad-core-65/nodes/02924.json,0,1,u_stronger
rad-core-65,1301,2334,rad-core-65/nodes/01301.json,rad-core-65/nodes/02334.json,0,1,u_stronger
rad-core-65,1304,2928,rad-core-65/nodes/01304.json,rad-core-65/nodes/02928.json,0,1,u_stronger
rad-core-65,1306,3632,rad-core-65/nodes/01306.json,rad-core-65/nodes/03632.json,1,0,d_stronger
rad-core-65,1308,3066,rad-core-65/nodes/01308.json,rad-core-65/nodes/03066.json,1,0,d_stronger
rad-core-65,1309,3215,rad-core-65/nodes/01309.json,rad-core-65/nodes/03215.json,0,1,u_stronger
rad-core-65,1317,1317,rad-core-65/nodes/01317.json,rad-core-65/nodes/01317.json,1,1,equivalent
rad-core-65,1318,2500,rad-core-65/nodes/01318.json,rad-core-65/nodes/02500.json,0,1,u_stronger
rad-core-65,1322,1322,rad-core-65/nodes/01322.json,rad-core-65/nodes/01322.json,1,1,equivalent
rad-core-65,1323,2924,rad-core-65/nodes/01323.json,rad-core-65/nodes/02924.json,0,1,u_stronger
rad-core-65,1326,1326,rad-core-65/nodes/01326.json,rad-core-65/nodes/01326.json,1,1,equivalent
rad-core-65,1327,3463,rad-core-65/nodes/01327.json,rad-core-65/nodes/03463.json,0,1,u_stronger
rad-core-65,1330,1330,rad-core-65/nodes/01330.json,rad-core-65/nodes/01330.json,1,1,equivalent
rad-core-65,1331,2778,rad-core-65/nodes/01331.json,rad-core-65/nodes/02778.json,0,1,u_stronger
rad-core-65,1338,3470,rad-core-65/nodes/01338.json,rad-core-65/nodes/03470.json,0,1,u_stronger
rad-core-65,1340,2778,rad-core-65/nodes/01340.json,rad-core-65/nodes/02778.json,0,1,u_stronger
rad-core-65,1353,1353,rad-core-65/nodes/01353.json,rad-core-65/nodes/01353.json,1,1,equivalent
rad-core-65,1358,2928,rad-core-65/nodes/01358.json,rad-core-65/nodes/02928.json,0,1,u_stronger
rad-core-65,1371,2866,rad-core-65/nodes/01371.json,rad-core-65/nodes/02866.json,0,1,u_stronger
rad-core-65,1373,2866,rad-core-65/nodes/01373.json,rad-core-65/nodes/02866.json,0,1,u_stronger
rad-core-65,1380,2743,rad-core-65/nodes/01380.json,rad-core-65/nodes/02743.json,0,1,u_stronger
rad-core-65,1386,1386,rad-core-65/nodes/01386.json,rad-core-65/nodes/01386.json,1,1,equivalent
rad-core-65,1388,1388,rad-core-65/nodes/01388.json,rad-core-65/nodes/01388.json,1,1,equivalent
rad-core-65,1390,2330,rad-core-65/nodes/01390.json,rad-core-65/nodes/02330.json,0,1,u_stronger
rad-core-65,1394,1394,rad-core-65/nodes/01394.json,rad-core-65/nodes/01394.json,1,1,equivalent
rad-core-65,1399,2580,rad-core-65/nodes/01399.json,rad-core-65/nodes/02580.json,0,1,u_stronger
rad-core-65,1402,1402,rad-core-65/nodes/01402.json,rad-core-65/nodes/01402.json,1,1,equivalent
rad-core-65,1413,1413,rad-core-65/nodes/01413.json,rad-core-65/nodes/01413.json,1,1,equivalent
rad-core-65,1420,2536,rad-core-65/nodes/01420.json,rad-core-65/nodes/02536.json,0,1,u_stronger
rad-core-65,1422,3193,rad-core-65/nodes/01422.json,rad-core-65/nodes/03193.json,0,1,u_stronger
rad-core-65,1422,3195,rad-core-65/nodes/01422.json,rad-core-65/nodes/03195.json,0,1,u_stronger
rad-core-65,1440,1440,rad-core-65/nodes/01440.json,rad-core-65/nodes/01440.json,1,1,equivalent
rad-core-65,1446,1446,rad-core-65/nodes/01446.json,rad-core-65/nodes/01446.json,1,1,equivalent
rad-core-65,1447,3634,rad-core-65/nodes/01447.json,rad-core-65/nodes/03634.json,0,1,u_stronger
rad-core-65,1459,3489,rad-core-65/nodes/01459.json,rad-core-65/nodes/03489.json,0,1,u_stronger
rad-core-65,1461,1461,rad-core-65/nodes/01461.json,rad-core-65/nodes/01461.json,1,1,equivalent
rad-core-65,1463,3592,rad-core-65/nodes/01463.json,rad-core-65/nodes/03592.json,0,1,u_stronger
rad-core-65,1467,2924,rad-core-65/nodes/01467.json,rad-core-65/nodes/02924.json,0,1,u_stronger
rad-core-65,1468,3489,rad-core-65/nodes/01468.json,rad-core-65/nodes/03489.json,0,1,u_stronger
rad-core-65,1471,1471,rad-core-65/nodes/01471.json,rad-core-65/nodes/01471.json,1,1,equivalent
rad-core-65,1477,3252,rad-core-65/nodes/01477.json,rad-core-65/nodes/03252.json,1,0,d_stronger
rad-core-65,1477,3260,rad-core-65/nodes/01477.json,rad-core-65/nodes/03260.json,1,0,d_stronger
rad-core-65,1478,2928,rad-core-65/nodes/01478.json,rad-core-65/nodes/02928.json,0,1,u_stronger
rad-core-65,1479,2924,rad-core-65/nodes/01479.json,rad-core-65/nodes/02924.json,0,1,u_stronger
rad-core-65,1483,1483,rad-core-65/nodes/01483.json,rad-core-65/nodes/01483.json,1,1,equivalent
rad-core-65,1503,2184,rad-core-65/nodes/01503.json,rad-core-65/nodes/02184.json,1,0,d_stronger
rad-core-65,1516,2863,rad-core-65/nodes/01516.json,rad-core-65/nodes/02863.json,0,1,u_stronger
rad-core-65,1518,2865,rad-core-65/nodes/01518.json,rad-core-65/nodes/02865.json,0,1,u_stronger
rad-core-65,1521,2863,rad-core-65/nodes/01521.json,rad-core-65/nodes/02863.json,0,1,u_stronger
rad-core-65,1523,2865,rad-core-65/nodes/01523.json,rad-core-65/nodes/02865.json,0,1,u_stronger
rad-core-65,1524,1524,rad-core-65/nodes/01524.json,rad-core-65/nodes/01524.json,1,1,equivalent
rad-core-65,1526,3270,rad-core-65/nodes/01526.json,rad-core-65/nodes/03270.json,0,1,u_stronger
rad-core-65,1528,2865,rad-core-65/nodes/01528.json,rad-core-65/nodes/02865.json,0,1,u_stronger
rad-core-65,1529,1529,rad-core-65/nodes/01529.json,rad-core-65/nodes/01529.json,1,1,equivalent
rad-core-65,1537,1537,rad-core-65/nodes/01537.json,rad-core-65/nodes/01537.json,1,1,equivalent
rad-core-65,1540,2863,rad-core-65/nodes/01540.json,rad-core-65/nodes/02863.json,0,1,u_stronger
rad-core-65,1541,2212,rad-core-65/nodes/01541.json,rad-core-65/nodes/02212.json,1,0,d_stronger
rad-core-65,1564,3215,rad-core-65/nodes/01564.json,rad-core-65/nodes/03215.json,0,1,u_stronger
rad-core-65,1566,2199,rad-core-65/nodes/01566.json,rad-core-65/nodes/02199.json,1,0,d_stronger
rad-core-65,1566,3184,rad-core-65/nodes/01566.json,rad-core-65/nodes/03184.json,1,0,d_stronger
rad-core-65,1580,1580,rad-core-65/nodes/01580.json,rad-core-65/nodes/01580.json,1,1,equivalent
rad-core-65,1581,3021,rad-core-65/nodes/01581.json,rad-core-65/nodes/03021.json,0,1,u_stronger
rad-core-65,1585,1585,rad-core-65/nodes/01585.json,rad-core-65/nodes/01585.json,1,1,equivalent
rad-core-65,1590,1590,rad-core-65/nodes/01590.json,rad-core-65/nodes/01590.json,1,1,equivalent
rad-core-65,1606,3034,rad-core-65/nodes/01606.json,rad-core-65/nodes/03034.json,0,1,u_stronger
rad-core-65,1608,2397,rad-core-65/nodes/01608.json,rad-core-65/nodes/02397.json,0,1,u_stronger
rad-core-65,1620,2863,rad-core-65/nodes/01620.json,rad-core-65/nodes/02863.json,0,1,u_stronger
rad-core-65,1623,1623,rad-core-65/nodes/01623.json,rad-core-65/nodes/01623.json,1,1,equivalent
rad-core-65,1627,2745,rad-core-65/nodes/01627.json,rad-core-65/nodes/02745.json,0,1,u_stronger
rad-core-65,1631,2337,rad-core-65/nodes/01631.json,rad-core-65/nodes/02337.json,0,1,u_stronger
rad-core-65,1638,1638,rad-core-65/nodes/01638.json,rad-core-65/nodes/01638.json,1,1,equivalent
rad-core-65,1651,2895,rad-core-65/nodes/01651.json,rad-core-65/nodes/02895.json,0,1,u_stronger
rad-core-65,1658,2532,rad-core-65/nodes/01658.json,rad-core-65/nodes/02532.json,0,1,u_stronger
rad-core-65,1658,2544,rad-core-65/nodes/01658.json,rad-core-65/nodes/02544.json,0,1,u_stronger
rad-core-65,1659,2760,rad-core-65/nodes/01659.json,rad-core-65/nodes/02760.json,0,1,u_stronger
rad-core-65,1660,3352,rad-core-65/nodes/01660.json,rad-core-65/nodes/03352.json,0,1,u_stronger
rad-core-65,1662,2377,rad-core-65/nodes/01662.json,rad-core-65/nodes/02377.json,1,0,d_stronger
rad-core-65,1662,3032,rad-core-65/nodes/01662.json,rad-core-65/nodes/03032.json,1,0,d_stronger
rad-core-65,1662,3039,rad-core-65/nodes/01662.json,rad-core-65/nodes/03039.json,1,0,d_stronger
rad-core-65,1662,3045,rad-core-65/nodes/01662.json,rad-core-65/nodes/03045.json,1,0,d_stronger
rad-core-65,1662,3052,rad-core-65/nodes/01662.json,rad-core-65/nodes/03052.json,1,0,d_stronger
rad-core-65,1662,3060,rad-core-65/nodes/01662.json,rad-core-65/nodes/03060.json,1,0,d_stronger
rad-core-65,1662,3061,rad-core-65/nodes/01662.json,rad-core-65/nodes/03061.json,1,0,d_stronger
rad-core-65,1663,3356,rad-core-65/nodes/01663.json,rad-core-65/nodes/03356.json,1,0,d_stronger
rad-core-65,1670,2481,rad-core-65/nodes/01670.json,rad-core-65/nodes/02481.json,0,1,u_stronger
rad-core-65,1672,3484,rad-core-65/nodes/01672.json,rad-core-65/nodes/03484.json,0,1,u_stronger
rad-core-65,1691,2531,rad-core-65/nodes/01691.json,rad-core-65/nodes/02531.json,0,1,u_stronger
rad-core-65,1721,2488,rad-core-65/nodes/01721.json,rad-core-65/nodes/02488.json,1,0,d_stronger
rad-core-65,1732,3339,rad-core-65/nodes/01732.json,rad-core-65/nodes/03339.json,0,1,u_stronger
rad-core-65,1749,1749,rad-core-65/nodes/01749.json,rad-core-65/nodes/01749.json,1,1,equivalent
rad-core-65,1751,1751,rad-core-65/nodes/01751.json,rad-core-65/nodes/01751.json,1,1,equivalent
rad-core-65,1754,1754,rad-core-65/nodes/01754.json,rad-core-65/nodes/01754.json,1,1,equivalent
rad-core-65,1759,3076,rad-core-65/nodes/01759.json,rad-core-65/nodes/03076.json,1,0,d_stronger
rad-core-65,1784,1784,rad-core-65/nodes/01784.json,rad-core-65/nodes/01784.json,1,1,equivalent
rad-core-65,1794,1794,rad-core-65/nodes/01794.json,rad-core-65/nodes/01794.json,1,1,equivalent
rad-core-65,1798,1798,rad-core-65/nodes/01798.json,rad-core-65/nodes/01798.json,1,1,equivalent
rad-core-65,1805,1805,rad-core-65/nodes/01805.json,rad-core-65/nodes/01805.json,1,1,equivalent
rad-core-65,1814,2863,rad-core-65/nodes/01814.json,rad-core-65/nodes/02863.json,0,1,u_stronger
rad-core-65,1820,3092,rad-core-65/nodes/01820.json,rad-core-65/nodes/03092.json,0,1,u_stronger
rad-core-65,1821,1821,rad-core-65/nodes/01821.json,rad-core-65/nodes/01821.json,1,1,equivalent
rad-core-65,1823,2952,rad-core-65/nodes/01823.json,rad-core-65/nodes/02952.json,0,1,u_stronger
rad-core-65,1852,1852,rad-core-65/nodes/01852.json,rad-core-65/nodes/01852.json,1,1,equivalent
rad-core-65,1853,1853,rad-core-65/nodes/01853.json,rad-core-65/nodes/01853.json,1,1,equivalent
rad-core-65,1854,2800,rad-core-65/nodes/01854.json,rad-core-65/nodes/02800.json,0,1,u_stronger
rad-core-65,1862,2877,rad-core-65/nodes/01862.json,rad-core-65/nodes/02877.json,0,1,u_stronger
rad-core-65,1867,3483,rad-core-65/nodes/01867.json,rad-core-65/nodes/03483.json,0,1,u_stronger
rad-core-65,1873,2952,rad-core-65/nodes/01873.json,rad-core-65/nodes/02952.json,0,1,u_stronger
rad-core-65,1877,2877,rad-core-65/nodes/01877.json,rad-core-65/nodes/02877.json,0,1,u_stronger
rad-core-65,1878,1878,rad-core-65/nodes/01878.json,rad-core-65/nodes/01878.json,1,1,equivalent
rad-core-65,1879,2800,rad-core-65/nodes/01879.json,rad-core-65/nodes/02800.json,0,1,u_stronger
rad-core-65,1881,3625,rad-core-65/nodes/01881.json,rad-core-65/nodes/03625.json,0,1,u_stronger
rad-core-65,1896,1896,rad-core-65/nodes/01896.json,rad-core-65/nodes/01896.json,1,1,equivalent
rad-core-65,1899,1899,rad-core-65/nodes/01899.json,rad-core-65/nodes/01899.json,1,1,equivalent
rad-core-65,1900,1900,rad-core-65/nodes/01900.json,rad-core-65/nodes/01900.json,1,1,equivalent
rad-core-65,1901,2802,rad-core-65/nodes/01901.json,rad-core-65/nodes/02802.json,1,0,d_stronger
rad-core-65,1901,2804,rad-core-65/nodes/01901.json,rad-core-65/nodes/02804.json,1,0,d_stronger
rad-core-65,1902,1902,rad-core-65/nodes/01902.json,rad-core-65/nodes/01902.json,1,1,equivalent
rad-core-65,1904,1904,rad-core-65/nodes/01904.json,rad-core-65/nodes/01904.json,1,1,equivalent
rad-core-65,1909,3642,rad-core-65/nodes/01909.json,rad-core-65/nodes/03642.json,0,1,u_stronger
rad-core-65,1910,3109,rad-core-65/nodes/01910.json,rad-core-65/nodes/03109.json,0,1,u_stronger
rad-core-65,1916,2289,rad-core-65/nodes/01916.json,rad-core-65/nodes/02289.json,0,1,u_stronger
rad-core-65,1919,1919,rad-core-65/nodes/01919.json,rad-core-65/nodes/01919.json,1,1,equivalent
rad-core-65,1922,3145,rad-core-65/nodes/01922.json,rad-core-65/nodes/03145.json,0,1,u_stronger
rad-core-65,1924,3127,rad-core-65/nodes/01924.json,rad-core-65/nodes/03127.json,0,1,u_stronger
rad-core-65,1930,1930,rad-core-65/nodes/01930.json,rad-core-65/nodes/01930.json,1,1,equivalent
rad-core-65,1931,3145,rad-core-65/nodes/01931.json,rad-core-65/nodes/03145.json,0,1,u_stronger
rad-core-65,1933,1933,rad-core-65/nodes/01933.json,rad-core-65/nodes/01933.json,1,1,equivalent
rad-core-65,1936,1936,rad-core-65/nodes/01936.json,rad-core-65/nodes/01936.json,1,1,equivalent
rad-core-65,1958,3472,rad-core-65/nodes/01958.json,rad-core-65/nodes/03472.json,0,1,u_stronger
rad-core-65,1966,1966,rad-core-65/nodes/01966.json,rad-core-65/nodes/01966.json,1,1,equivalent
rad-core-65,1970,2863,rad-core-65/nodes/01970.json,rad-core-65/nodes/02863.json,0,1,u_stronger
rad-core-65,1976,2753,rad-core-65/nodes/01976.json,rad-core-65/nodes/02753.json,0,1,u_stronger
rad-core-65,1984,1984,rad-core-65/nodes/01984.json,rad-core-65/nodes/01984.json,1,1,equivalent
rad-core-65,1986,2863,rad-core-65/nodes/01986.json,rad-core-65/nodes/02863.json,0,1,u_stronger
rad-core-65,1991,3360,rad-core-65/nodes/01991.json,rad-core-65/nodes/03360.json,1,0,d_stronger
rad-core-65,1992,2877,rad-core-65/nodes/01992.json,rad-core-65/nodes/02877.json,0,1,u_stronger
rad-core-65,1996,2382,rad-core-65/nodes/01996.json,rad-core-65/nodes/02382.json,0,1,u_stronger
rad-core-65,1997,3364,rad-core-65/nodes/01997.json,rad-core-65/nodes/03364.json,1,0,d_stronger
rad-core-65,2013,3223,rad-core-65/nodes/02013.json,rad-core-65/nodes/03223.json,0,1,u_stronger
rad-core-65,2018,3086,rad-core-65/nodes/02018.json,rad-core-65/nodes/03086.json,1,0,d_stronger
rad-core-65,2038,2924,rad-core-65/nodes/02038.json,rad-core-65/nodes/02924.json,0,1,u_stronger
rad-core-65,2040,3139,rad-core-65/nodes/02040.json,rad-core-65/nodes/03139.json,0,1,u_stronger
rad-core-65,2044,3333,rad-core-65/nodes/02044.json,rad-core-65/nodes/03333.json,0,1,u_stronger
rad-core-65,2045,2174,rad-core-65/nodes/02045.json,rad-core-65/nodes/02174.json,0,1,u_stronger
rad-core-65,2053,2501,rad-core-65/nodes/02053.json,rad-core-65/nodes/02501.json,0,1,u_stronger
rad-core-65,2054,3547,rad-core-65/nodes/02054.json,rad-core-65/nodes/03547.json,1,0,d_stronger
rad-core-65,2054,3562,rad-core-65/nodes/02054.json,rad-core-65/nodes/03562.json,1,0,d_stronger
rad-core-65,2067,2924,rad-core-65/nodes/02067.json,rad-core-65/nodes/02924.json,0,1,u_stronger
rad-core-65,2080,2924,rad-core-65/nodes/02080.json,rad-core-65/nodes/02924.json,0,1,u_stronger
rad-core-65,2084,2924,rad-core-65/nodes/02084.json,rad-core-65/nodes/02924.json,0,1,u_stronger
rad-core-65,2098,2098,rad-core-65/nodes/02098.json,rad-core-65/nodes/02098.json,1,1,equivalent
rad-core-65,2104,3539,rad-core-65/nodes/02104.json,rad-core-65/nodes/03539.json,0,1,u_stronger
rad-core-65,2108,906,rad-core-65/nodes/02108.json,rad-core-65/nodes/00906.json,1,0,d_stronger
rad-core-65,2108,3206,rad-core-65/nodes/02108.json,rad-core-65/nodes/03206.json,1,0,d_stronger
rad-core-65,2118,3616,rad-core-65/nodes/02118.json,rad-core-65/nodes/03616.json,1,0,d_stronger
rad-core-65,2129,2766,rad-core-65/nodes/02129.json,rad-core-65/nodes/02766.json,1,0,d_stronger
rad-core-65,2141,2141,rad-core-65/nodes/02141.json,rad-core-65/nodes/02141.json,1,1,equivalent
rad-core-65,2142,2142,rad-core-65/nodes/02142.json,rad-core-65/nodes/02142.json,1,1,equivalent
rad-core-65,2145,2145,rad-core-65/nodes/02145.json,rad-core-65/nodes/02145.json,1,1,equivalent
rad-core-65,2156,2728,rad-core-65/nodes/02156.json,rad-core-65/nodes/02728.json,0,1,u_stronger
rad-core-65,2163,3499,rad-core-65/nodes/02163.json,rad-core-65/nodes/03499.json,0,1,u_stronger
rad-core-68,11,1414,rad-core-68/nodes/00011.json,rad-core-68/nodes/01414.json,0,1,u_stronger
rad-core-68,11,1818,rad-core-68/nodes/00011.json,rad-core-68/nodes/01818.json,0,1,u_stronger
rad-core-68,20,2288,rad-core-68/nodes/00020.json,rad-core-68/nodes/02288.json,0,1,u_stronger
rad-core-68,22,22,rad-core-68/nodes/00022.json,rad-core-68/nodes/00022.json,1,1,equivalent
rad-core-68,26,1774,rad-core-68/nodes/00026.json,rad-core-68/nodes/01774.json,0,1,u_stronger
rad-core-68,38,2019,rad-core-68/nodes/00038.json,rad-core-68/nodes/02019.json,0,1,u_stronger
rad-core-68,38,2102,rad-core-68/nodes/00038.json,rad-core-68/nodes/02102.json,0,1,u_stronger
rad-core-68,43,2447,rad-core-68/nodes/00043.json,rad-core-68/nodes/02447.json,1,0,d_stronger
rad-core-68,54,2149,rad-core-68/nodes/00054.json,rad-core-68/nodes/02149.json,1,0,d_stronger
rad-core-68,69,2253,rad-core-68/nodes/00069.json,rad-core-68/nodes/02253.json,1,0,d_stronger
rad-core-68,69,2643,rad-core-68/nodes/00069.json,rad-core-68/nodes/02643.json,1,0,d_stronger
rad-core-68,72,1730,rad-core-68/nodes/00072.json,rad-core-68/nodes/01730.json,0,1,u_stronger
rad-core-68,72,2693,rad-core-68/nodes/00072.json,rad-core-68/nodes/02693.json,0,1,u_stronger
rad-core-68,74,1389,rad-core-68/nodes/00074.json,rad-core-68/nodes/01389.json,0,1,u_stronger
rad-core-68,82,1730,rad-core-68/nodes/00082.json,rad-core-68/nodes/01730.json,0,1,u_stronger
rad-core-68,84,1730,rad-core-68/nodes/00084.json,rad-core-68/nodes/01730.json,0,1,u_stronger
rad-core-68,86,1730,rad-core-68/nodes/00086.json,rad-core-68/nodes/01730.json,0,1,u_stronger
rad-core-68,90,2290,rad-core-68/nodes/00090.json,rad-core-68/nodes/02290.json,0,1,u_stronger
rad-core-68,94,1730,rad-core-68/nodes/00094.json,rad-core-68/nodes/01730.json,0,1,u_stronger
rad-core-68,95,1730,rad-core-68/nodes/00095.json,rad-core-68/nodes/01730.json,0,1,u_stronger
rad-core-68,97,1047,rad-core-68/nodes/00097.json,rad-core-68/nodes/01047.json,1,0,d_stronger
rad-core-68,97,2198,rad-core-68/nodes/00097.json,rad-core-68/nodes/02198.json,1,0,d_stronger
rad-core-68,97,2433,rad-core-68/nodes/00097.json,rad-core-68/nodes/02433.json,1,0,d_stronger
rad-core-68,107,1767,rad-core-68/nodes/00107.json,rad-core-68/nodes/01767.json,0,1,u_stronger
rad-core-68,107,2531,rad-core-68/nodes/00107.json,rad-core-68/nodes/02531.json,0,1,u_stronger
rad-core-68,116,2193,rad-core-68/nodes/00116.json,rad-core-68/nodes/02193.json,1,0,d_stronger
rad-core-68,144,2023,rad-core-68/nodes/00144.json,rad-core-68/nodes/02023.json,0,1,u_stronger
rad-core-68,146,2023,rad-core-68/nodes/00146.json,rad-core-68/nodes/02023.json,0,1,u_stronger
rad-core-68,183,2691,rad-core-68/nodes/00183.json,rad-core-68/nodes/02691.json,0,1,u_stronger
rad-core-68,211,1528,rad-core-68/nodes/00211.json,rad-core-68/nodes/01528.json,0,1,u_stronger
rad-core-68,212,1453,rad-core-68/nodes/00212.json,rad-core-68/nodes/01453.json,0,1,u_stronger
rad-core-68,213,1902,rad-core-68/nodes/00213.json,rad-core-68/nodes/01902.json,1,0,d_stronger
rad-core-68,213,2515,rad-core-68/nodes/00213.json,rad-core-68/nodes/02515.json,1,0,d_stronger
rad-core-68,213,2525,rad-core-68/nodes/00213.json,rad-core-68/nodes/02525.json,1,0,d_stronger
rad-core-68,213,2534,rad-core-68/nodes/00213.json,rad-core-68/nodes/02534.json,1,0,d_stronger
rad-core-68,213,2538,rad-core-68/nodes/00213.json,rad-core-68/nodes/02538.json,1,0,d_stronger
rad-core-68,213,2539,rad-core-68/nodes/00213.json,rad-core-68/nodes/02539.json,1,0,d_stronger
rad-core-68,213,2540,rad-core-68/nodes/00213.json,rad-core-68/nodes/02540.json,1,0,d_stronger
rad-core-68,213,2541,rad-core-68/nodes/00213.json,rad-core-68/nodes/02541.json,1,0,d_stronger
rad-core-68,213,2542,rad-core-68/nodes/00213.json,rad-core-68/nodes/02542.json,1,0,d_stronger
rad-core-68,213,2543,rad-core-68/nodes/00213.json,rad-core-68/nodes/02543.json,1,0,d_stronger
rad-core-68,213,2544,rad-core-68/nodes/00213.json,rad-core-68/nodes/02544.json,1,0,d_stronger
rad-core-68,213,2546,rad-core-68/nodes/00213.json,rad-core-68/nodes/02546.json,1,0,d_stronger
rad-core-68,213,2548,rad-core-68/nodes/00213.json,rad-core-68/nodes/02548.json,1,0,d_stronger
rad-core-68,213,2550,rad-core-68/nodes/00213.json,rad-core-68/nodes/02550.json,1,0,d_stronger
rad-core-68,213,2551,rad-core-68/nodes/00213.json,rad-core-68/nodes/02551.json,1,0,d_stronger
rad-core-68,213,2552,rad-core-68/nodes/00213.json,rad-core-68/nodes/02552.json,1,0,d_stronger
rad-core-68,214,1674,rad-core-68/nodes/00214.json,rad-core-68/nodes/01674.json,1,1,equivalent
rad-core-68,221,1392,rad-core-68/nodes/00221.json,rad-core-68/nodes/01392.json,0,1,u_stronger
rad-core-68,229,1392,rad-core-68/nodes/00229.json,rad-core-68/nodes/01392.json,0,1,u_stronger
rad-core-68,234,2493,rad-core-68/nodes/00234.json,rad-core-68/nodes/02493.json,0,1,u_stronger
rad-core-68,235,2493,rad-core-68/nodes/00235.json,rad-core-68/nodes/02493.json,0,1,u_stronger
rad-core-68,237,2493,rad-core-68/nodes/00237.json,rad-core-68/nodes/02493.json,0,1,u_stronger
rad-core-68,239,2495,rad-core-68/nodes/00239.json,rad-core-68/nodes/02495.json,0,1,u_stronger
rad-core-68,244,2527,rad-core-68/nodes/00244.json,rad-core-68/nodes/02527.json,0,1,u_stronger
rad-core-68,247,1737,rad-core-68/nodes/00247.json,rad-core-68/nodes/01737.json,0,1,u_stronger
rad-core-68,249,2674,rad-core-68/nodes/00249.json,rad-core-68/nodes/02674.json,1,0,d_stronger
rad-core-68,255,1767,rad-core-68/nodes/00255.json,rad-core-68/nodes/01767.json,0,1,u_stronger
rad-core-68,268,540,rad-core-68/nodes/00268.json,rad-core-68/nodes/00540.json,1,0,d_stronger
rad-core-68,273,1322,rad-core-68/nodes/00273.json,rad-core-68/nodes/01322.json,0,1,u_stronger
rad-core-68,280,1685,rad-core-68/nodes/00280.json,rad-core-68/nodes/01685.json,1,0,d_stronger
rad-core-68,281,281,rad-core-68/nodes/00281.json,rad-core-68/nodes/00281.json,1,1,equivalent
rad-core-68,284,1689,rad-core-68/nodes/00284.json,rad-core-68/nodes/01689.json,1,0,d_stronger
rad-core-68,308,1456,rad-core-68/nodes/00308.json,rad-core-68/nodes/01456.json,0,1,u_stronger
rad-core-68,308,1467,rad-core-68/nodes/00308.json,rad-core-68/nodes/01467.json,0,1,u_stronger
rad-core-68,311,1800,rad-core-68/nodes/00311.json,rad-core-68/nodes/01800.json,1,0,d_stronger
rad-core-68,322,1770,rad-core-68/nodes/00322.json,rad-core-68/nodes/01770.json,0,1,u_stronger
rad-core-68,325,2531,rad-core-68/nodes/00325.json,rad-core-68/nodes/02531.json,0,1,u_stronger
rad-core-68,330,1757,rad-core-68/nodes/00330.json,rad-core-68/nodes/01757.json,0,1,u_stronger
rad-core-68,330,1766,rad-core-68/nodes/00330.json,rad-core-68/nodes/01766.json,0,1,u_stronger
rad-core-68,333,2494,rad-core-68/nodes/00333.json,rad-core-68/nodes/02494.json,0,1,u_stronger
rad-core-68,335,2578,rad-core-68/nodes/00335.json,rad-core-68/nodes/02578.json,0,1,u_stronger
rad-core-68,336,2578,rad-core-68/nodes/00336.json,rad-core-68/nodes/02578.json,0,1,u_stronger
rad-core-68,375,2018,rad-core-68/nodes/00375.json,rad-core-68/nodes/02018.json,1,0,d_stronger
rad-core-68,380,380,rad-core-68/nodes/00380.json,rad-core-68/nodes/00380.json,1,1,equivalent
rad-core-68,395,2495,rad-core-68/nodes/00395.json,rad-core-68/nodes/02495.json,0,1,u_stronger
rad-core-68,398,1793,rad-core-68/nodes/00398.json,rad-core-68/nodes/01793.json,0,1,u_stronger
rad-core-68,402,2130,rad-core-68/nodes/00402.json,rad-core-68/nodes/02130.json,1,0,d_stronger
rad-core-68,406,2258,rad-core-68/nodes/00406.json,rad-core-68/nodes/02258.json,1,0,d_stronger
rad-core-68,416,2529,rad-core-68/nodes/00416.json,rad-core-68/nodes/02529.json,1,0,d_stronger
rad-core-68,419,419,rad-core-68/nodes/00419.json,rad-core-68/nodes/00419.json,1,1,equivalent
rad-core-68,422,1696,rad-core-68/nodes/00422.json,rad-core-68/nodes/01696.json,1,0,d_stronger
rad-core-68,424,2203,rad-core-68/nodes/00424.json,rad-core-68/nodes/02203.json,1,0,d_stronger
rad-core-68,424,2205,rad-core-68/nodes/00424.json,rad-core-68/nodes/02205.json,1,0,d_stronger
rad-core-68,426,2049,rad-core-68/nodes/00426.json,rad-core-68/nodes/02049.json,1,0,d_stronger
rad-core-68,427,1707,rad-core-68/nodes/00427.json,rad-core-68/nodes/01707.json,0,1,u_stronger
rad-core-68,430,2049,rad-core-68/nodes/00430.json,rad-core-68/nodes/02049.json,1,0,d_stronger
rad-core-68,431,431,rad-core-68/nodes/00431.json,rad-core-68/nodes/00431.json,1,1,equivalent
rad-core-68,433,433,rad-core-68/nodes/00433.json,rad-core-68/nodes/00433.json,1,1,equivalent
rad-core-68,448,448,rad-core-68/nodes/00448.json,rad-core-68/nodes/00448.json,1,1,equivalent
rad-core-68,449,2385,rad-core-68/nodes/00449.json,rad-core-68/nodes/02385.json,0,1,u_stronger
rad-core-68,457,2302,rad-core-68/nodes/00457.json,rad-core-68/nodes/02302.json,1,0,d_stronger
rad-core-68,457,2659,rad-core-68/nodes/00457.json,rad-core-68/nodes/02659.json,1,0,d_stronger
rad-core-68,458,1660,rad-core-68/nodes/00458.json,rad-core-68/nodes/01660.json,0,1,u_stronger
rad-core-68,458,2332,rad-core-68/nodes/00458.json,rad-core-68/nodes/02332.json,0,1,u_stronger
rad-core-68,467,1603,rad-core-68/nodes/00467.json,rad-core-68/nodes/01603.json,1,0,d_stronger
rad-core-68,480,2108,rad-core-68/nodes/00480.json,rad-core-68/nodes/02108.json,1,0,d_stronger
rad-core-68,481,2061,rad-core-68/nodes/00481.json,rad-core-68/nodes/02061.json,1,0,d_stronger
rad-core-68,487,1603,rad-core-68/nodes/00487.json,rad-core-68/nodes/01603.json,1,0,d_stronger
rad-core-68,488,2108,rad-core-68/nodes/00488.json,rad-core-68/nodes/02108.json,1,0,d_stronger
rad-core-68,490,1774,rad-core-68/nodes/00490.json,rad-core-68/nodes/01774.json,0,1,u_stronger
rad-core-68,490,1782,rad-core-68/nodes/00490.json,rad-core-68/nodes/01782.json,0,1,u_stronger
rad-core-68,490,1803,rad-core-68/nodes/00490.json,rad-core-68/nodes/01803.json,0,1,u_stronger
rad-core-68,513,1848,rad-core-68/nodes/00513.json,rad-core-68/nodes/01848.json,1,0,d_stronger
rad-core-68,513,2412,rad-core-68/nodes/00513.json,rad-core-68/nodes/02412.json,1,0,d_stronger
rad-core-68,513,2415,rad-core-68/nodes/00513.json,rad-core-68/nodes/02415.json,1,0,d_stronger
rad-core-68,519,2494,rad-core-68/nodes/00519.json,rad-core-68/nodes/02494.json,0,1,u_stronger
rad-core-68,524,2494,rad-core-68/nodes/00524.json,rad-core-68/nodes/02494.json,0,1,u_stronger
rad-core-68,527,2119,rad-core-68/nodes/00527.json,rad-core-68/nodes/02119.json,1,0,d_stronger
rad-core-68,530,2494,rad-core-68/nodes/00530.json,rad-core-68/nodes/02494.json,0,1,u_stronger
rad-core-68,535,2494,rad-core-68/nodes/00535.json,rad-core-68/nodes/02494.json,0,1,u_stronger
rad-core-68,553,2373,rad-core-68/nodes/00553.json,rad-core-68/nodes/02373.json,1,0,d_stronger
rad-core-68,554,1688,rad-core-68/nodes/00554.json,rad-core-68/nodes/01688.json,0,1,u_stronger
rad-core-68,560,2049,rad-core-68/nodes/00560.json,rad-core-68/nodes/02049.json,1,0,d_stronger
rad-core-68,570,1872,rad-core-68/nodes/00570.json,rad-core-68/nodes/01872.json,0,1,u_stronger
rad-core-68,571,349,rad-core-68/nodes/00571.json,rad-core-68/nodes/00349.json,1,0,d_stronger
rad-core-68,580,2006,rad-core-68/nodes/00580.json,rad-core-68/nodes/02006.json,1,0,d_stronger
rad-core-68,583,1336,rad-core-68/nodes/00583.json,rad-core-68/nodes/01336.json,0,1,u_stronger
rad-core-68,585,2006,rad-core-68/nodes/00585.json,rad-core-68/nodes/02006.json,1,0,d_stronger
rad-core-68,590,2498,rad-core-68/nodes/00590.json,rad-core-68/nodes/02498.json,0,1,u_stronger
rad-core-68,590,2587,rad-core-68/nodes/00590.json,rad-core-68/nodes/02587.json,0,1,u_stronger
rad-core-68,598,2006,rad-core-68/nodes/00598.json,rad-core-68/nodes/02006.json,1,0,d_stronger
rad-core-68,598,2018,rad-core-68/nodes/00598.json,rad-core-68/nodes/02018.json,1,0,d_stronger
rad-core-68,600,2649,rad-core-68/nodes/00600.json,rad-core-68/nodes/02649.json,1,0,d_stronger
rad-core-68,603,2010,rad-core-68/nodes/00603.json,rad-core-68/nodes/02010.json,1,0,d_stronger
rad-core-68,641,1757,rad-core-68/nodes/00641.json,rad-core-68/nodes/01757.json,0,1,u_stronger
rad-core-68,641,1766,rad-core-68/nodes/00641.json,rad-core-68/nodes/01766.json,0,1,u_stronger
rad-core-68,658,2405,rad-core-68/nodes/00658.json,rad-core-68/nodes/02405.json,0,1,u_stronger
rad-core-68,680,1392,rad-core-68/nodes/00680.json,rad-core-68/nodes/01392.json,0,1,u_stronger
rad-core-68,680,1673,rad-core-68/nodes/00680.json,rad-core-68/nodes/01673.json,0,1,u_stronger
rad-core-68,680,1813,rad-core-68/nodes/00680.json,rad-core-68/nodes/01813.json,0,1,u_stronger
rad-core-68,681,2130,rad-core-68/nodes/00681.json,rad-core-68/nodes/02130.json,1,0,d_stronger
rad-core-68,693,2495,rad-core-68/nodes/00693.json,rad-core-68/nodes/02495.json,0,1,u_stronger
rad-core-68,694,1385,rad-core-68/nodes/00694.json,rad-core-68/nodes/01385.json,0,1,u_stronger
rad-core-68,698,2130,rad-core-68/nodes/00698.json,rad-core-68/nodes/02130.json,1,0,d_stronger
rad-core-68,700,1889,rad-core-68/nodes/00700.json,rad-core-68/nodes/01889.json,0,1,u_stronger
rad-core-68,706,1528,rad-core-68/nodes/00706.json,rad-core-68/nodes/01528.json,0,1,u_stronger
rad-core-68,712,2452,rad-core-68/nodes/00712.json,rad-core-68/nodes/02452.json,1,0,d_stronger
rad-core-68,712,2455,rad-core-68/nodes/00712.json,rad-core-68/nodes/02455.json,1,0,d_stronger
rad-core-68,725,2404,rad-core-68/nodes/00725.json,rad-core-68/nodes/02404.json,1,0,d_stronger
rad-core-68,735,2404,rad-core-68/nodes/00735.json,rad-core-68/nodes/02404.json,1,0,d_stronger
rad-core-68,738,2404,rad-core-68/nodes/00738.json,rad-core-68/nodes/02404.json,1,0,d_stronger
rad-core-68,744,2404,rad-core-68/nodes/00744.json,rad-core-68/nodes/02404.json,1,0,d_stronger
rad-core-68,747,747,rad-core-68/nodes/00747.json,rad-core-68/nodes/00747.json,1,1,equivalent
rad-core-68,755,1854,rad-core-68/nodes/00755.json,rad-core-68/nodes/01854.json,0,1,u_stronger
rad-core-68,755,1876,rad-core-68/nodes/00755.json,rad-core-68/nodes/01876.json,0,1,u_stronger
rad-core-68,755,2001,rad-core-68/nodes/00755.json,rad-core-68/nodes/02001.json,0,1,u_stronger
rad-core-68,755,2666,rad-core-68/nodes/00755.json,rad-core-68/nodes/02666.json,0,1,u_stronger
rad-core-68,780,2545,rad-core-68/nodes/00780.json,rad-core-68/nodes/02545.json,0,1,u_stronger
rad-core-68,781,2545,rad-core-68/nodes/00781.json,rad-core-68/nodes/02545.json,0,1,u_stronger
rad-core-68,783,2545,rad-core-68/nodes/00783.json,rad-core-68/nodes/02545.json,0,1,u_stronger
rad-core-68,784,2545,rad-core-68/nodes/00784.json,rad-core-68/nodes/02545.json,0,1,u_stronger
rad-core-68,787,1531,rad-core-68/nodes/00787.json,rad-core-68/nodes/01531.json,0,1,u_stronger
rad-core-68,790,1342,rad-core-68/nodes/00790.json,rad-core-68/nodes/01342.json,1,0,d_stronger
rad-core-68,790,1669,rad-core-68/nodes/00790.json,rad-core-68/nodes/01669.json,1,0,d_stronger
rad-core-68,790,1670,rad-core-68/nodes/00790.json,rad-core-68/nodes/01670.json,1,0,d_stronger
rad-core-68,793,2137,rad-core-68/nodes/00793.json,rad-core-68/nodes/02137.json,0,1,u_stronger
rad-core-68,802,1499,rad-core-68/nodes/00802.json,rad-core-68/nodes/01499.json,1,0,d_stronger
rad-core-68,814,2238,rad-core-68/nodes/00814.json,rad-core-68/nodes/02238.json,1,0,d_stronger
rad-core-68,819,2286,rad-core-68/nodes/00819.json,rad-core-68/nodes/02286.json,0,1,u_stronger
rad-core-68,842,2465,rad-core-68/nodes/00842.json,rad-core-68/nodes/02465.json,0,1,u_stronger
rad-core-68,842,2468,rad-core-68/nodes/00842.json,rad-core-68/nodes/02468.json,0,1,u_stronger
rad-core-68,843,2207,rad-core-68/nodes/00843.json,rad-core-68/nodes/02207.json,1,0,d_stronger
rad-core-68,843,2529,rad-core-68/nodes/00843.json,rad-core-68/nodes/02529.json,1,0,d_stronger
rad-core-68,844,844,rad-core-68/nodes/00844.json,rad-core-68/nodes/00844.json,1,1,equivalent
rad-core-68,845,2493,rad-core-68/nodes/00845.json,rad-core-68/nodes/02493.json,0,1,u_stronger
rad-core-68,848,2152,rad-core-68/nodes/00848.json,rad-core-68/nodes/02152.json,1,0,d_stronger
rad-core-68,853,853,rad-core-68/nodes/00853.json,rad-core-68/nodes/00853.json,1,1,equivalent
rad-core-68,863,1516,rad-core-68/nodes/00863.json,rad-core-68/nodes/01516.json,1,0,d_stronger
rad-core-68,863,1525,rad-core-68/nodes/00863.json,rad-core-68/nodes/01525.json,1,0,d_stronger
rad-core-68,863,1527,rad-core-68/nodes/00863.json,rad-core-68/nodes/01527.json,1,0,d_stronger
rad-core-68,863,1533,rad-core-68/nodes/00863.json,rad-core-68/nodes/01533.json,1,0,d_stronger
rad-core-68,863,2130,rad-core-68/nodes/00863.json,rad-core-68/nodes/02130.json,1,0,d_stronger
rad-core-68,870,2477,rad-core-68/nodes/00870.json,rad-core-68/nodes/02477.json,0,1,u_stronger
rad-core-68,872,1516,rad-core-68/nodes/00872.json,rad-core-68/nodes/01516.json,1,0,d_stronger
rad-core-68,872,1525,rad-core-68/nodes/00872.json,rad-core-68/nodes/01525.json,1,0,d_stronger
rad-core-68,872,1527,rad-core-68/nodes/00872.json,rad-core-68/nodes/01527.json,1,0,d_stronger
rad-core-68,872,1533,rad-core-68/nodes/00872.json,rad-core-68/nodes/01533.json,1,0,d_stronger
rad-core-68,872,2130,rad-core-68/nodes/00872.json,rad-core-68/nodes/02130.json,1,0,d_stronger
rad-core-68,874,2356,rad-core-68/nodes/00874.json,rad-core-68/nodes/02356.json,1,0,d_stronger
rad-core-68,877,2283,rad-core-68/nodes/00877.json,rad-core-68/nodes/02283.json,0,1,u_stronger
rad-core-68,908,1977,rad-core-68/nodes/00908.json,rad-core-68/nodes/01977.json,1,0,d_stronger
rad-core-68,908,1980,rad-core-68/nodes/00908.json,rad-core-68/nodes/01980.json,1,0,d_stronger
rad-core-68,908,2051,rad-core-68/nodes/00908.json,rad-core-68/nodes/02051.json,1,0,d_stronger
rad-core-68,908,2205,rad-core-68/nodes/00908.json,rad-core-68/nodes/02205.json,1,0,d_stronger
rad-core-68,916,1631,rad-core-68/nodes/00916.json,rad-core-68/nodes/01631.json,0,1,u_stronger
rad-core-68,918,1631,rad-core-68/nodes/00918.json,rad-core-68/nodes/01631.json,0,1,u_stronger
rad-core-68,921,1631,rad-core-68/nodes/00921.json,rad-core-68/nodes/01631.json,0,1,u_stronger
rad-core-68,926,1631,rad-core-68/nodes/00926.json,rad-core-68/nodes/01631.json,0,1,u_stronger
rad-core-68,929,1707,rad-core-68/nodes/00929.json,rad-core-68/nodes/01707.json,0,1,u_stronger
rad-core-68,929,2257,rad-core-68/nodes/00929.json,rad-core-68/nodes/02257.json,0,1,u_stronger
rad-core-68,941,2692,rad-core-68/nodes/00941.json,rad-core-68/nodes/02692.json,1,0,d_stronger
rad-core-68,944,1707,rad-core-68/nodes/00944.json,rad-core-68/nodes/01707.json,0,1,u_stronger
rad-core-68,944,2257,rad-core-68/nodes/00944.json,rad-core-68/nodes/02257.json,0,1,u_stronger
rad-core-68,948,1707,rad-core-68/nodes/00948.json,rad-core-68/nodes/01707.json,0,1,u_stronger
rad-core-68,948,2257,rad-core-68/nodes/00948.json,rad-core-68/nodes/02257.json,0,1,u_stronger
rad-core-68,949,1707,rad-core-68/nodes/00949.json,rad-core-68/nodes/01707.json,0,1,u_stronger
rad-core-68,949,2257,rad-core-68/nodes/00949.json,rad-core-68/nodes/02257.json,0,1,u_stronger
rad-core-68,950,1707,rad-core-68/nodes/00950.json,rad-core-68/nodes/01707.json,0,1,u_stronger
rad-core-68,950,2257,rad-core-68/nodes/00950.json,rad-core-68/nodes/02257.json,0,1,u_stronger
rad-core-68,951,1707,rad-core-68/nodes/00951.json,rad-core-68/nodes/01707.json,0,1,u_stronger
rad-core-68,951,2257,rad-core-68/nodes/00951.json,rad-core-68/nodes/02257.json,0,1,u_stronger
rad-core-68,952,1707,rad-core-68/nodes/00952.json,rad-core-68/nodes/01707.json,0,1,u_stronger
rad-core-68,952,2257,rad-core-68/nodes/00952.json,rad-core-68/nodes/02257.json,0,1,u_stronger
rad-core-68,955,1707,rad-core-68/nodes/00955.json,rad-core-68/nodes/01707.json,0,1,u_stronger
rad-core-68,955,2257,rad-core-68/nodes/00955.json,rad-core-68/nodes/02257.json,0,1,u_stronger
rad-core-68,960,2304,rad-core-68/nodes/00960.json,rad-core-68/nodes/02304.json,1,0,d_stronger
rad-core-68,966,2476,rad-core-68/nodes/00966.json,rad-core-68/nodes/02476.json,0,1,u_stronger
rad-core-68,974,2286,rad-core-68/nodes/00974.json,rad-core-68/nodes/02286.json,0,1,u_stronger
rad-core-68,982,1537,rad-core-68/nodes/00982.json,rad-core-68/nodes/01537.json,0,1,u_stronger
rad-core-68,988,1668,rad-core-68/nodes/00988.json,rad-core-68/nodes/01668.json,0,1,u_stronger
rad-core-68,988,2578,rad-core-68/nodes/00988.json,rad-core-68/nodes/02578.json,0,1,u_stronger
rad-core-68,990,2535,rad-core-68/nodes/00990.json,rad-core-68/nodes/02535.json,1,0,d_stronger
rad-core-68,992,992,rad-core-68/nodes/00992.json,rad-core-68/nodes/00992.json,1,1,equivalent
rad-core-68,994,2535,rad-core-68/nodes/00994.json,rad-core-68/nodes/02535.json,1,0,d_stronger
rad-core-68,998,1979,rad-core-68/nodes/00998.json,rad-core-68/nodes/01979.json,1,0,d_stronger
rad-core-68,998,1981,rad-core-68/nodes/00998.json,rad-core-68/nodes/01981.json,1,0,d_stronger
rad-core-68,999,1981,rad-core-68/nodes/00999.json,rad-core-68/nodes/01981.json,1,0,d_stronger
rad-core-68,1000,2413,rad-core-68/nodes/01000.json,rad-core-68/nodes/02413.json,1,0,d_stronger
rad-core-68,1001,1571,rad-core-68/nodes/01001.json,rad-core-68/nodes/01571.json,1,0,d_stronger
rad-core-68,1001,1618,rad-core-68/nodes/01001.json,rad-core-68/nodes/01618.json,1,0,d_stronger
rad-core-68,1001,1964,rad-core-68/nodes/01001.json,rad-core-68/nodes/01964.json,1,0,d_stronger
rad-core-68,1004,1004,rad-core-68/nodes/01004.json,rad-core-68/nodes/01004.json,1,1,equivalent
rad-core-68,1019,1580,rad-core-68/nodes/01019.json,rad-core-68/nodes/01580.json,0,1,u_stronger
rad-core-68,1042,2527,rad-core-68/nodes/01042.json,rad-core-68/nodes/02527.json,0,1,u_stronger
rad-core-68,1046,2436,rad-core-68/nodes/01046.json,rad-core-68/nodes/02436.json,0,1,u_stronger
rad-core-68,1063,1063,rad-core-68/nodes/01063.json,rad-core-68/nodes/01063.json,1,1,equivalent
rad-core-68,1093,1531,rad-core-68/nodes/01093.json,rad-core-68/nodes/01531.json,0,1,u_stronger
rad-core-68,1103,1484,rad-core-68/nodes/01103.json,rad-core-68/nodes/01484.json,1,0,d_stronger
rad-core-68,1111,1730,rad-core-68/nodes/01111.json,rad-core-68/nodes/01730.json,0,1,u_stronger
rad-core-68,1111,2497,rad-core-68/nodes/01111.json,rad-core-68/nodes/02497.json,0,1,u_stronger
rad-core-68,1113,2496,rad-core-68/nodes/01113.json,rad-core-68/nodes/02496.json,1,0,d_stronger
rad-core-68,1117,2314,rad-core-68/nodes/01117.json,rad-core-68/nodes/02314.json,0,1,u_stronger
rad-core-68,1122,2380,rad-core-68/nodes/01122.json,rad-core-68/nodes/02380.json,0,1,u_stronger
rad-core-68,1125,2314,rad-core-68/nodes/01125.json,rad-core-68/nodes/02314.json,0,1,u_stronger
rad-core-68,1129,2545,rad-core-68/nodes/01129.json,rad-core-68/nodes/02545.json,0,1,u_stronger
rad-core-68,1138,2303,rad-core-68/nodes/01138.json,rad-core-68/nodes/02303.json,0,1,u_stronger
rad-core-68,1140,2524,rad-core-68/nodes/01140.json,rad-core-68/nodes/02524.json,1,1,equivalent
rad-core-68,1141,2102,rad-core-68/nodes/01141.json,rad-core-68/nodes/02102.json,0,1,u_stronger
rad-core-68,1150,2335,rad-core-68/nodes/01150.json,rad-core-68/nodes/02335.json,1,1,equivalent
rad-core-68,1159,1159,rad-core-68/nodes/01159.json,rad-core-68/nodes/01159.json,1,1,equivalent
rad-core-68,1167,1693,rad-core-68/nodes/01167.json,rad-core-68/nodes/01693.json,1,0,d_stronger
rad-core-68,1175,2553,rad-core-68/nodes/01175.json,rad-core-68/nodes/02553.json,1,0,d_stronger
rad-core-68,1182,2258,rad-core-68/nodes/01182.json,rad-core-68/nodes/02258.json,1,0,d_stronger
rad-core-68,1185,1767,rad-core-68/nodes/01185.json,rad-core-68/nodes/01767.json,0,1,u_stronger
rad-core-68,1189,2258,rad-core-68/nodes/01189.json,rad-core-68/nodes/02258.json,1,0,d_stronger
rad-core-68,1191,1571,rad-core-68/nodes/01191.json,rad-core-68/nodes/01571.json,1,0,d_stronger
rad-core-68,1193,1693,rad-core-68/nodes/01193.json,rad-core-68/nodes/01693.json,1,0,d_stronger
rad-core-68,1205,2617,rad-core-68/nodes/01205.json,rad-core-68/nodes/02617.json,0,1,u_stronger
rad-core-68,1218,2419,rad-core-68/nodes/01218.json,rad-core-68/nodes/02419.json,1,0,d_stronger
rad-core-68,1219,1363,rad-core-68/nodes/01219.json,rad-core-68/nodes/01363.json,1,0,d_stronger
rad-core-68,1227,2275,rad-core-68/nodes/01227.json,rad-core-68/nodes/02275.json,1,0,d_stronger
rad-core-68,1234,1516,rad-core-68/nodes/01234.json,rad-core-68/nodes/01516.json,1,0,d_stronger
rad-core-68,1234,1525,rad-core-68/nodes/01234.json,rad-core-68/nodes/01525.json,1,0,d_stronger
rad-core-68,1234,1527,rad-core-68/nodes/01234.json,rad-core-68/nodes/01527.json,1,0,d_stronger
rad-core-68,1234,1533,rad-core-68/nodes/01234.json,rad-core-68/nodes/01533.json,1,0,d_stronger
rad-core-68,1234,2130,rad-core-68/nodes/01234.json,rad-core-68/nodes/02130.json,1,0,d_stronger
rad-core-68,1241,956,rad-core-68/nodes/01241.json,rad-core-68/nodes/00956.json,1,0,d_stronger
rad-core-68,1241,2333,rad-core-68/nodes/01241.json,rad-core-68/nodes/02333.json,1,0,d_stronger
rad-core-68,1253,2583,rad-core-68/nodes/01253.json,rad-core-68/nodes/02583.json,0,1,u_stronger
rad-core-68,1261,1261,rad-core-68/nodes/01261.json,rad-core-68/nodes/01261.json,1,1,equivalent
rad-core-68,1273,349,rad-core-68/nodes/01273.json,rad-core-68/nodes/00349.json,1,0,d_stronger
rad-core-68,1281,2214,rad-core-68/nodes/01281.json,rad-core-68/nodes/02214.json,0,1,u_stronger
rad-core-68,1283,1889,rad-core-68/nodes/01283.json,rad-core-68/nodes/01889.json,0,1,u_stronger
rad-core-68,1284,2256,rad-core-68/nodes/01284.json,rad-core-68/nodes/02256.json,0,1,u_stronger
rad-core-68,1289,1889,rad-core-68/nodes/01289.json,rad-core-68/nodes/01889.json,0,1,u_stronger
rad-core-68,1295,2692,rad-core-68/nodes/01295.json,rad-core-68/nodes/02692.json,1,0,d_stronger
rad-core-68,1306,1471,rad-core-68/nodes/01306.json,rad-core-68/nodes/01471.json,1,0,d_stronger
rad-core-68,1306,1485,rad-core-68/nodes/01306.json,rad-core-68/nodes/01485.json,1,0,d_stronger
rad-core-68,1308,1343,rad-core-68/nodes/01308.json,rad-core-68/nodes/01343.json,0,1,u_stronger
takeoff,20,1118,takeoff/nodes/00020.json,takeoff/nodes/01118.json,0,1,u_stronger
takeoff,24,85,takeoff/nodes/00024.json,takeoff/nodes/00085.json,1,0,d_stronger
takeoff,27,461,takeoff/nodes/00027.json,takeoff/nodes/00461.json,1,1,equivalent
takeoff,38,990,takeoff/nodes/00038.json,takeoff/nodes/00990.json,1,1,equivalent
takeoff,44,884,takeoff/nodes/00044.json,takeoff/nodes/00884.json,1,0,d_stronger
takeoff,48,676,takeoff/nodes/00048.json,takeoff/nodes/00676.json,1,1,equivalent
takeoff,53,1067,takeoff/nodes/00053.json,takeoff/nodes/01067.json,0,1,u_stronger
takeoff,60,1050,takeoff/nodes/00060.json,takeoff/nodes/01050.json,0,1,u_stronger
takeoff,68,693,takeoff/nodes/00068.json,takeoff/nodes/00693.json,1,1,equivalent
takeoff,77,774,takeoff/nodes/00077.json,takeoff/nodes/00774.json,0,1,u_stronger
takeoff,96,1146,takeoff/nodes/00096.json,takeoff/nodes/01146.json,0,1,u_stronger
takeoff,97,687,takeoff/nodes/00097.json,takeoff/nodes/00687.json,0,1,u_stronger
takeoff,105,756,takeoff/nodes/00105.json,takeoff/nodes/00756.json,0,1,u_stronger
takeoff,105,1084,takeoff/nodes/00105.json,takeoff/nodes/01084.json,0,1,u_stronger
takeoff,106,1034,takeoff/nodes/00106.json,takeoff/nodes/01034.json,1,0,d_stronger
takeoff,108,942,takeoff/nodes/00108.json,takeoff/nodes/00942.json,0,1,u_stronger
takeoff,110,738,takeoff/nodes/00110.json,takeoff/nodes/00738.json,0,1,u_stronger
takeoff,122,1042,takeoff/nodes/00122.json,takeoff/nodes/01042.json,1,0,d_stronger
takeoff,138,738,takeoff/nodes/00138.json,takeoff/nodes/00738.json,0,1,u_stronger
takeoff,139,460,takeoff/nodes/00139.json,takeoff/nodes/00460.json,1,0,d_stronger
takeoff,139,701,takeoff/nodes/00139.json,takeoff/nodes/00701.json,1,0,d_stronger
takeoff,140,169,takeoff/nodes/00140.json,takeoff/nodes/00169.json,1,0,d_stronger
takeoff,146,942,takeoff/nodes/00146.json,takeoff/nodes/00942.json,0,1,u_stronger
takeoff,151,690,takeoff/nodes/00151.json,takeoff/nodes/00690.json,0,1,u_stronger
takeoff,153,885,takeoff/nodes/00153.json,takeoff/nodes/00885.json,1,1,equivalent
takeoff,155,996,takeoff/nodes/00155.json,takeoff/nodes/00996.json,1,1,equivalent
takeoff,159,942,takeoff/nodes/00159.json,takeoff/nodes/00942.json,0,1,u_stronger
takeoff,164,1050,takeoff/nodes/00164.json,takeoff/nodes/01050.json,0,1,u_stronger
takeoff,173,942,takeoff/nodes/00173.json,takeoff/nodes/00942.json,0,1,u_stronger
takeoff,177,745,takeoff/nodes/00177.json,takeoff/nodes/00745.json,0,1,u_stronger
takeoff,180,796,takeoff/nodes/00180.json,takeoff/nodes/00796.json,0,1,u_stronger
takeoff,180,942,takeoff/nodes/00180.json,takeoff/nodes/00942.json,0,1,u_stronger
takeoff,186,1125,takeoff/nodes/00186.json,takeoff/nodes/01125.json,1,1,equivalent
takeoff,191,942,takeoff/nodes/00191.json,takeoff/nodes/00942.json,0,1,u_stronger
takeoff,193,967,takeoff/nodes/00193.json,takeoff/nodes/00967.json,0,1,u_stronger
takeoff,201,1193,takeoff/nodes/00201.json,takeoff/nodes/01193.json,1,0,d_stronger
takeoff,242,169,takeoff/nodes/00242.json,takeoff/nodes/00169.json,1,0,d_stronger
takeoff,248,679,takeoff/nodes/00248.json,takeoff/nodes/00679.json,0,1,u_stronger
takeoff,261,745,takeoff/nodes/00261.json,takeoff/nodes/00745.json,0,1,u_stronger
takeoff,270,270,takeoff/nodes/00270.json,takeoff/nodes/00270.json,1,1,equivalent
takeoff,285,887,takeoff/nodes/00285.json,takeoff/nodes/00887.json,1,0,d_stronger
takeoff,295,690,takeoff/nodes/00295.json,takeoff/nodes/00690.json,0,1,u_stronger
takeoff,295,942,takeoff/nodes/00295.json,takeoff/nodes/00942.json,0,1,u_stronger
takeoff,299,299,takeoff/nodes/00299.json,takeoff/nodes/00299.json,1,1,equivalent
takeoff,301,470,takeoff/nodes/00301.json,takeoff/nodes/00470.json,1,0,d_stronger
takeoff,301,1100,takeoff/nodes/00301.json,takeoff/nodes/01100.json,1,0,d_stronger
takeoff,302,745,takeoff/nodes/00302.json,takeoff/nodes/00745.json,0,1,u_stronger
takeoff,311,857,takeoff/nodes/00311.json,takeoff/nodes/00857.json,1,0,d_stronger
takeoff,313,313,takeoff/nodes/00313.json,takeoff/nodes/00313.json,1,1,equivalent
takeoff,315,745,takeoff/nodes/00315.json,takeoff/nodes/00745.json,0,1,u_stronger
takeoff,315,1104,takeoff/nodes/00315.json,takeoff/nodes/01104.json,0,1,u_stronger
takeoff,350,745,takeoff/nodes/00350.json,takeoff/nodes/00745.json,0,1,u_stronger
takeoff,357,673,takeoff/nodes/00357.json,takeoff/nodes/00673.json,1,0,d_stronger
takeoff,368,756,takeoff/nodes/00368.json,takeoff/nodes/00756.json,0,1,u_stronger
takeoff,368,1084,takeoff/nodes/00368.json,takeoff/nodes/01084.json,0,1,u_stronger
takeoff,368,1085,takeoff/nodes/00368.json,takeoff/nodes/01085.json,0,1,u_stronger
takeoff,377,731,takeoff/nodes/00377.json,takeoff/nodes/00731.json,1,1,equivalent
takeoff,393,456,takeoff/nodes/00393.json,takeoff/nodes/00456.json,1,1,equivalent
takeoff,398,401,takeoff/nodes/00398.json,takeoff/nodes/00401.json,1,0,d_stronger
takeoff,411,1050,takeoff/nodes/00411.json,takeoff/nodes/01050.json,0,1,u_stronger
takeoff,425,401,takeoff/nodes/00425.json,takeoff/nodes/00401.json,1,0,d_stronger
takeoff,433,793,takeoff/nodes/00433.json,takeoff/nodes/00793.json,0,1,u_stronger
takeoff,433,924,takeoff/nodes/00433.json,takeoff/nodes/00924.json,0,1,u_stronger
takeoff,433,1148,takeoff/nodes/00433.json,takeoff/nodes/01148.json,0,1,u_stronger
takeoff,435,688,takeoff/nodes/00435.json,takeoff/nodes/00688.json,1,1,equivalent
takeoff,438,1027,takeoff/nodes/00438.json,takeoff/nodes/01027.json,0,1,u_stronger
takeoff,439,896,takeoff/nodes/00439.json,takeoff/nodes/00896.json,0,1,u_stronger
takeoff,450,1069,takeoff/nodes/00450.json,takeoff/nodes/01069.json,0,1,u_stronger
takeoff,450,1082,takeoff/nodes/00450.json,takeoff/nodes/01082.json,0,1,u_stronger
takeoff,459,696,takeoff/nodes/00459.json,takeoff/nodes/00696.json,1,1,equivalent
takeoff,480,1133,takeoff/nodes/00480.json,takeoff/nodes/01133.json,0,1,u_stronger
takeoff,518,942,takeoff/nodes/00518.json,takeoff/nodes/00942.json,0,1,u_stronger
takeoff,518,1199,takeoff/nodes/00518.json,takeoff/nodes/01199.json,0,1,u_stronger
takeoff,531,745,takeoff/nodes/00531.json,takeoff/nodes/00745.json,0,1,u_stronger
takeoff,534,845,takeoff/nodes/00534.json,takeoff/nodes/00845.json,0,1,u_stronger
takeoff,537,1030,takeoff/nodes/00537.json,takeoff/nodes/01030.json,1,0,d_stronger
takeoff,537,1064,takeoff/nodes/00537.json,takeoff/nodes/01064.json,1,0,d_stronger
takeoff,550,573,takeoff/nodes/00550.json,takeoff/nodes/00573.json,1,0,d_stronger
takeoff,550,850,takeoff/nodes/00550.json,takeoff/nodes/00850.json,1,0,d_stronger
takeoff,553,942,takeoff/nodes/00553.json,takeoff/nodes/00942.json,0,1,u_stronger
takeoff,567,567,takeoff/nodes/00567.json,takeoff/nodes/00567.json,1,1,equivalent
takeoff,568,745,takeoff/nodes/00568.json,takeoff/nodes/00745.json,0,1,u_stronger
takeoff,582,689,takeoff/nodes/00582.json,takeoff/nodes/00689.json,1,0,d_stronger
takeoff,582,839,takeoff/nodes/00582.json,takeoff/nodes/00839.json,1,0,d_stronger
takeoff,592,698,takeoff/nodes/00592.json,takeoff/nodes/00698.json,0,1,u_stronger
takeoff,596,745,takeoff/nodes/00596.json,takeoff/nodes/00745.json,0,1,u_stronger
takeoff,601,745,takeoff/nodes/00601.json,takeoff/nodes/00745.json,0,1,u_stronger
takeoff,601,822,takeoff/nodes/00601.json,takeoff/nodes/00822.json,0,1,u_stronger
takeoff,608,673,takeoff/nodes/00608.json,takeoff/nodes/00673.json,1,0,d_stronger
takeoff,621,927,takeoff/nodes/00621.json,takeoff/nodes/00927.json,1,0,d_stronger
takeoff,622,745,takeoff/nodes/00622.json,takeoff/nodes/00745.json,0,1,u_stronger
takeoff,625,757,takeoff/nodes/00625.json,takeoff/nodes/00757.json,0,1,u_stronger
takeoff,634,918,takeoff/nodes/00634.json,takeoff/nodes/00918.json,0,1,u_stronger
takeoff,665,866,takeoff/nodes/00665.json,takeoff/nodes/00866.json,0,1,u_stronger
