spec,md5,host,seed,file,path,group_size
arbiter-aurus,010633b3811efb2bbb56ea1bc9d13cad,av2,6,spec380.tlsf,experiments/results-aurus-curves/aurus_arbiter-aurus_seed06/accumulated/spec380.tlsf,1
arbiter-aurus,01d8954359301ba19694df067aef5c2f,av2,6,spec102.tlsf,experiments/results-aurus-curves/aurus_arbiter-aurus_seed06/accumulated/spec102.tlsf,1
arbiter-aurus,02038edbec73dce8257e4c3a76f9ecc2,av2,5,spec256.tlsf,experiments/results-aurus-curves/aurus_arbiter-aurus_seed05/accumulated/spec256.tlsf,1
arbiter-aurus,0246c561bffe3a07d067248ba4745e72,av2,11,spec25.tlsf,experiments/results-aurus-curves/aurus_arbiter-aurus_seed11/accumulated/spec25.tlsf,1
arbiter-aurus,02581a644531296f85c25ac76077cf3e,av3,17,spec291.tlsf,experiments/results-aurus-curves/aurus_arbiter-aurus_seed17/accumulated/spec291.tlsf,1
arbiter-aurus,02773603cb0ad43d248bcb95dbe45c4e,av2,0,spec174.tlsf,experiments/results-aurus-curves/aurus_arbiter-aurus_seed00/accumulated/spec174.tlsf,1
arbiter-aurus,03463c8921fa46a4539850c0ebbee38c,av3,15,spec227.tlsf,experiments/results-aurus-curves/aurus_arbiter-aurus_seed15/accumulated/spec227.tlsf,1
arbiter-aurus,03f8e9c0dffdace400f6496169360040,av3,25,spec310.tlsf,experiments/results-aurus-curves/aurus_arbiter-aurus_seed25/accumulated/spec310.tlsf,1
arbiter-aurus,050f1556463f1673a68346b62d10cad7,av2,6,spec325.tlsf,experiments/results-aurus-curves/aurus_arbiter-aurus_seed06/accumulated/spec325.tlsf,1
arbiter-aurus,063dd46208f59e76a81e941f3445b702,av2,1,spec77.tlsf,experiments/results-aurus-curves/aurus_arbiter-aurus_seed01/accumulated/spec77.tlsf,1
arbiter-aurus,0752eb7313079398eb05cc48f00fa621,av3,17,spec109.tlsf,experiments/results-aurus-curves/aurus_arbiter-aurus_seed17/accumulated/spec109.tlsf,1
arbiter-aurus,08a3089b42507d33e6c0b3cc20c85151,av3,26,spec312.tlsf,experiments/results-aurus-curves/aurus_arbiter-aurus_seed26/accumulated/spec312.tlsf,1
arbiter-aurus,08e4ca157570543e33138d94032ce2ea,av2,5,spec45.tlsf,experiments/results-aurus-curves/aurus_arbiter-aurus_seed05/accumulated/spec45.tlsf,1
arbiter-aurus,0a0bb8a44e440b40f107f8a946905817,av3,21,spec34.tlsf,experiments/results-aurus-curves/aurus_arbiter-aurus_seed21/accumulated/spec34.tlsf,1
arbiter-aurus,0a5099e437c4ad80e9b9223923f6b5b9,av3,18,spec99.tlsf,experiments/results-aurus-curves/aurus_arbiter-aurus_seed18/accumulated/spec99.tlsf,1
arbiter-aurus,0a7e7f4e932dbde7bd37116dfacffa91,av3,17,spec234.tlsf,experiments/results-aurus-curves/aurus_arbiter-aurus_seed17/accumulated/spec234.tlsf,1
arbiter-aurus,0aaa74b4a8c7e65582f45139f3603912,av2,0,spec86.tlsf,experiments/results-aurus-curves/aurus_arbiter-aurus_seed00/accumulated/spec86.tlsf,1
arbiter-aurus,0cfc193948c686f1def45960addf9546,av2,6,spec151.tlsf,experiments/results-aurus-curves/aurus_arbiter-aurus_seed06/accumulated/spec151.tlsf,1
arbiter-aurus,0ea034c5569f2f6f2f31e7debe09d48a,av3,18,spec179.tlsf,experiments/results-aurus-curves/aurus_arbiter-aurus_seed18/accumulated/spec179.tlsf,1
arbiter-aurus,0edb9850fb4b61f93769e07828677308,av2,1,spec54.tlsf,experiments/results-aurus-curves/aurus_arbiter-aurus_seed01/accumulated/spec54.tlsf,1
arbiter-aurus,10e290b2a2435f4048bb3790e6c66e9f,av3,23,spec185.tlsf,experiments/results-aurus-curves/aurus_arbiter-aurus_seed23/accumulated/spec185.tlsf,1
arbiter-aurus,145ba9a86371d8ee1c013fd1fd140e99,av2,7,spec381.tlsf,experiments/results-aurus-curves/aurus_arbiter-aurus_seed07/accumulated/spec381.tlsf,1
arbiter-aurus,14f733b3c2404b1c074842a3018ccf59,av3,26,spec175.tlsf,experiments/results-aurus-curves/aurus_arbiter-aurus_seed26/accumulated/spec175.tlsf,1
arbiter-aurus,1562927428707b37ad0faaf01cf52fe0,av2,5,spec291.tlsf,experiments/results-aurus-curves/aurus_arbiter-aurus_seed05/accumulated/spec291.tlsf,1
arbiter-aurus,15e8e85e48250b86cb05c5d6a74d393f,av3,26,spec89.tlsf,experiments/results-aurus-curves/aurus_arbiter-aurus_seed26/accumulated/spec89.tlsf,1
arbiter-aurus,16503486424e95c0cb40e60423c24bcc,av2,1,spec216.tlsf,experiments/results-aurus-curves/aurus_arbiter-aurus_seed01/accumulated/spec216.tlsf,1
arbiter-aurus,166efa859cd8a3ee1da493dfe2a8c96f,av2,0,spec227.tlsf,experiments/results-aurus-curves/aurus_arbiter-aurus_seed00/accumulated/spec227.tlsf,1
arbiter-aurus,17444f5e6f49f16a59699caaaeb1a67a,av2,6,spec150.tlsf,experiments/results-aurus-curves/aurus_arbiter-aurus_seed06/accumulated/spec150.tlsf,1
arbiter-aurus,1797e444bb432d555f0cdb99648bec92,av3,16,spec22.tlsf,experiments/results-aurus-curves/aurus_arbiter-aurus_seed16/accumulated/spec22.tlsf,1
arbiter-aurus,186c33a713f014bfc171deba8d3c00bb,av3,18,spec28.tlsf,experiments/results-aurus-curves/aurus_arbiter-aurus_seed18/accumulated/spec28.tlsf,1
arbiter-aurus,198aa8e24b734787ecdc77b127f46ea8,av3,28,spec77.tlsf,experiments/results-aurus-curves/aurus_arbiter-aurus_seed28/accumulated/spec77.tlsf,1
arbiter-aurus,19f25da13cd90934c0fb640e7dd9160a,av3,24,spec293.tlsf,experiments/results-aurus-curves/aurus_arbiter-aurus_seed24/accumulated/spec293.tlsf,1
arbiter-aurus,19fc66fece41ff41e0883f9716c5f328,av2,11,spec119.tlsf,experiments/results-aurus-curves/aurus_arbiter-aurus_seed11/accumulated/spec119.tlsf,1
arbiter-aurus,1a01fcd3a4ef64197fcc908e397d6e95,av2,6,spec243.tlsf,experiments/results-aurus-curves/aurus_arbiter-aurus_seed06/accumulated/spec243.tlsf,1
arbiter-aurus,1acd31337e9b1c82b3907eefff16d015,av2,2,spec48.tlsf,experiments/results-aurus-curves/aurus_arbiter-aurus_seed02/accumulated/spec48.tlsf,1
arbiter-aurus,1ae788c8137fc19d699dca8838a88b5a,av2,4,spec205.tlsf,experiments/results-aurus-curves/aurus_arbiter-aurus_seed04/accumulated/spec205.tlsf,1
arbiter-aurus,1bfcabcf8f029905a17ac0363c7e8026,av3,25,spec46.tlsf,experiments/results-aurus-curves/aurus_arbiter-aurus_seed25/accumulated/spec46.tlsf,1
arbiter-aurus,1c1172e58460a930918bc70766872033,av3,29,spec115.tlsf,experiments/results-aurus-curves/aurus_arbiter-aurus_seed29/accumulated/spec115.tlsf,1
arbiter-aurus,1c2cdc589924d3359759861e737b9885,av2,2,spec106.tlsf,experiments/results-aurus-curves/aurus_arbiter-aurus_seed02/accumulated/spec106.tlsf,1
arbiter-aurus,1c6b600da94a51259fb63d205831566c,av2,5,spec289.tlsf,experiments/results-aurus-curves/aurus_arbiter-aurus_seed05/accumulated/spec289.tlsf,1
arbiter-aurus,1e0d4c53afb97fc38ede611b09fa1825,av2,5,spec355.tlsf,experiments/results-aurus-curves/aurus_arbiter-aurus_seed05/accumulated/spec355.tlsf,2
arbiter-aurus,1e65b5903e31bfc06c7ce72eddbd5e50,av3,16,spec52.tlsf,experiments/results-aurus-curves/aurus_arbiter-aurus_seed16/accumulated/spec52.tlsf,1
arbiter-aurus,1ea6f7b4c892b6a36e29eaad28b92d0a,av3,29,spec355.tlsf,experiments/results-aurus-curves/aurus_arbiter-aurus_seed29/accumulated/spec355.tlsf,1
arbiter-aurus,1ee4e150e4d7d6815238800b6aa63913,av3,25,spec48.tlsf,experiments/results-aurus-curves/aurus_arbiter-aurus_seed25/accumulated/spec48.tlsf,1
arbiter-aurus,1f22b5968c20940de5ffbc031166cb28,av3,22,spec253.tlsf,experiments/results-aurus-curves/aurus_arbiter-aurus_seed22/accumulated/spec253.tlsf,1
arbiter-aurus,20415b351cd8dc6ad13a2b173ec53ceb,av3,28,spec37.tlsf,experiments/results-aurus-curves/aurus_arbiter-aurus_seed28/accumulated/spec37.tlsf,1
arbiter-aurus,2086f7e33a0632df38f8c00d0496c091,av2,2,spec224.tlsf,experiments/results-aurus-curves/aurus_arbiter-aurus_seed02/accumulated/spec224.tlsf,1
arbiter-aurus,20aa650a0f8b90149c6b2677983164ff,av2,13,spec252.tlsf,experiments/results-aurus-curves/aurus_arbiter-aurus_seed13/accumulated/spec252.tlsf,1
arbiter-aurus,20e23570c0abe1c4fe8d5b4a2158133c,av2,6,spec405.tlsf,experiments/results-aurus-curves/aurus_arbiter-aurus_seed06/accumulated/spec405.tlsf,1
arbiter-aurus,234da6a99ad8741cc4759d2f1d79db03,av2,1,spec199.tlsf,experiments/results-aurus-curves/aurus_arbiter-aurus_seed01/accumulated/spec199.tlsf,1
arbiter-aurus,2353527f52225337e296303855433472,av2,6,spec187.tlsf,experiments/results-aurus-curves/aurus_arbiter-aurus_seed06/accumulated/spec187.tlsf,1
arbiter-aurus,24d8eeac737d7cf9d9a3f66de2637980,av2,13,spec165.tlsf,experiments/results-aurus-curves/aurus_arbiter-aurus_seed13/accumulated/spec165.tlsf,1
arbiter-aurus,258f9d80b5b0048af315607be1cb1bde,av2,10,spec328.tlsf,experiments/results-aurus-curves/aurus_arbiter-aurus_seed10/accumulated/spec328.tlsf,1
arbiter-aurus,267a008971903f5999793047724c14c8,av3,24,spec372.tlsf,experiments/results-aurus-curves/aurus_arbiter-aurus_seed24/accumulated/spec372.tlsf,1
arbiter-aurus,2692a1d5e2439200c16f6eec55152b71,av2,2,spec31.tlsf,experiments/results-aurus-curves/aurus_arbiter-aurus_seed02/accumulated/spec31.tlsf,1
arbiter-aurus,26b20a8902c25e0bbbb9c858ed0e4c71,av2,7,spec102.tlsf,experiments/results-aurus-curves/aurus_arbiter-aurus_seed07/accumulated/spec102.tlsf,1
arbiter-aurus,26d01f50227be6e5594d9ed06a93e425,av3,26,spec131.tlsf,experiments/results-aurus-curves/aurus_arbiter-aurus_seed26/accumulated/spec131.tlsf,1
arbiter-aurus,27ab32a556b45c4349a974d97f759e8a,av2,7,spec7.tlsf,experiments/results-aurus-curves/aurus_arbiter-aurus_seed07/accumulated/spec7.tlsf,1
arbiter-aurus,28427aca46e0facfdac00739766d4e8d,av3,29,spec25.tlsf,experiments/results-aurus-curves/aurus_arbiter-aurus_seed29/accumulated/spec25.tlsf,1
arbiter-aurus,295dc4c89f4e7ad322b1ee67c87d92d3,av3,28,spec313.tlsf,experiments/results-aurus-curves/aurus_arbiter-aurus_seed28/accumulated/spec313.tlsf,1
arbiter-aurus,29769b0414878edf9ee9d1f994caaa68,av3,24,spec251.tlsf,experiments/results-aurus-curves/aurus_arbiter-aurus_seed24/accumulated/spec251.tlsf,1
arbiter-aurus,2bc48dbb870aa5488077ead557fb347d,av2,9,spec117.tlsf,experiments/results-aurus-curves/aurus_arbiter-aurus_seed09/accumulated/spec117.tlsf,1
arbiter-aurus,2c0380c393f71ed10527851969e93b1d,av2,5,spec333.tlsf,experiments/results-aurus-curves/aurus_arbiter-aurus_seed05/accumulated/spec333.tlsf,1
arbiter-aurus,2c191dbce444d0a165fe249f1fdd01c0,av2,13,spec54.tlsf,experiments/results-aurus-curves/aurus_arbiter-aurus_seed13/accumulated/spec54.tlsf,1
arbiter-aurus,2eb814501424dfbca81d82b4bdc46319,av2,1,spec222.tlsf,experiments/results-aurus-curves/aurus_arbiter-aurus_seed01/accumulated/spec222.tlsf,1
arbiter-aurus,2ff1504563af34d5a0c6e7afbb7746fd,av2,6,spec466.tlsf,experiments/results-aurus-curves/aurus_arbiter-aurus_seed06/accumulated/spec466.tlsf,1
arbiter-aurus,2ff8043b6961324d3ebe7d98165a99f4,av3,24,spec129.tlsf,experiments/results-aurus-curves/aurus_arbiter-aurus_seed24/accumulated/spec129.tlsf,1
arbiter-aurus,2ffc413fad0b58687a865f7f6e075e75,av3,28,spec106.tlsf,experiments/results-aurus-curves/aurus_arbiter-aurus_seed28/accumulated/spec106.tlsf,1
arbiter-aurus,30718341b14f117e92008907f25cf9b0,av2,5,spec293.tlsf,experiments/results-aurus-curves/aurus_arbiter-aurus_seed05/accumulated/spec293.tlsf,2
arbiter-aurus,310b9d10415d4783beacc54c5c9a4b30,av2,6,spec155.tlsf,experiments/results-aurus-curves/aurus_arbiter-aurus_seed06/accumulated/spec155.tlsf,1
arbiter-aurus,314106f3abc7e00fb977b614323c98df,av3,26,spec88.tlsf,experiments/results-aurus-curves/aurus_arbiter-aurus_seed26/accumulated/spec88.tlsf,1
arbiter-aurus,32fb0d6256d1b74184d825f77bc8979b,av2,7,spec112.tlsf,experiments/results-aurus-curves/aurus_arbiter-aurus_seed07/accumulated/spec112.tlsf,1
arbiter-aurus,32fc55aad3b66f5fb3bd3b0e8f02d5d4,av2,7,spec290.tlsf,experiments/results-aurus-curves/aurus_arbiter-aurus_seed07/accumulated/spec290.tlsf,1
arbiter-aurus,348117a1340c62123f42bc838e43ebd3,av2,4,spec140.tlsf,experiments/results-aurus-curves/aurus_arbiter-aurus_seed04/accumulated/spec140.tlsf,1
arbiter-aurus,34a44901c9997c8a638122268422a84c,av3,16,spec190.tlsf,experiments/results-aurus-curves/aurus_arbiter-aurus_seed16/accumulated/spec190.tlsf,1
arbiter-aurus,358ab827cdca2afb689409745c326a28,av2,6,spec9.tlsf,experiments/results-aurus-curves/aurus_arbiter-aurus_seed06/accumulated/spec9.tlsf,1
arbiter-aurus,36b4be7a0f2f1246c99823ee880c7a9e,av2,2,spec97.tlsf,experiments/results-aurus-curves/aurus_arbiter-aurus_seed02/accumulated/spec97.tlsf,2
arbiter-aurus,36c19ecd32de29f55f281e51bbc202db,av3,29,spec270.tlsf,experiments/results-aurus-curves/aurus_arbiter-aurus_seed29/accumulated/spec270.tlsf,1
arbiter-aurus,3729d96c319472c3fad6aafe5e091056,av2,2,spec147.tlsf,experiments/results-aurus-curves/aurus_arbiter-aurus_seed02/accumulated/spec147.tlsf,1
arbiter-aurus,385acd7dde833635bf267deb7a26f284,av3,15,spec114.tlsf,experiments/results-aurus-curves/aurus_arbiter-aurus_seed15/accumulated/spec114.tlsf,1
arbiter-aurus,3907c91b8b9564bb1d70b60e1f30a94e,av3,23,spec63.tlsf,experiments/results-aurus-curves/aurus_arbiter-aurus_seed23/accumulated/spec63.tlsf,1
arbiter-aurus,3936abd0babed5a10a2a0674bfd06d17,av2,8,spec78.tlsf,experiments/results-aurus-curves/aurus_arbiter-aurus_seed08/accumulated/spec78.tlsf,1
arbiter-aurus,3a389b56bf742f48ed281f0da7823a8f,av2,2,spec176.tlsf,experiments/results-aurus-curves/aurus_arbiter-aurus_seed02/accumulated/spec176.tlsf,1
arbiter-aurus,3ac0c89eed0e2277bd0e2945dedc1cef,av3,17,spec183.tlsf,experiments/results-aurus-curves/aurus_arbiter-aurus_seed17/accumulated/spec183.tlsf,1
arbiter-aurus,3ad36a46923b633cfc50b965763dd8d1,av2,5,spec156.tlsf,experiments/results-aurus-curves/aurus_arbiter-aurus_seed05/accumulated/spec156.tlsf,1
arbiter-aurus,3ba1241229073e014797ec3a63321ead,av2,12,spec83.tlsf,experiments/results-aurus-curves/aurus_arbiter-aurus_seed12/accumulated/spec83.tlsf,1
arbiter-aurus,3dc181b5fec7a7b10a078aafdc391198,av2,1,spec308.tlsf,experiments/results-aurus-curves/aurus_arbiter-aurus_seed01/accumulated/spec308.tlsf,1
arbiter-aurus,3e8ea069c8f6aa63d769e5b23d0bc970,av2,1,spec362.tlsf,experiments/results-aurus-curves/aurus_arbiter-aurus_seed01/accumulated/spec362.tlsf,1
arbiter-aurus,3efdacaa02fd70ae7e31a8feb3b8fac5,av3,29,spec30.tlsf,experiments/results-aurus-curves/aurus_arbiter-aurus_seed29/accumulated/spec30.tlsf,1
arbiter-aurus,40ff5bdfb517ae0685c6d9a6119f8cee,av2,6,spec278.tlsf,experiments/results-aurus-curves/aurus_arbiter-aurus_seed06/accumulated/spec278.tlsf,1
arbiter-aurus,4105750d64d2cfc3e6680511ced71a6f,av3,28,spec80.tlsf,experiments/results-aurus-curves/aurus_arbiter-aurus_seed28/accumulated/spec80.tlsf,1
arbiter-aurus,4168ded968c7b09df4c4ead8c9502fa7,av3,16,spec153.tlsf,experiments/results-aurus-curves/aurus_arbiter-aurus_seed16/accumulated/spec153.tlsf,1
arbiter-aurus,421420cff5f4817f5aef7fed52c9cdb4,av3,29,spec241.tlsf,experiments/results-aurus-curves/aurus_arbiter-aurus_seed29/accumulated/spec241.tlsf,1
arbiter-aurus,42967001ea0d6924c8cae23f38b67f1b,av2,7,spec221.tlsf,experiments/results-aurus-curves/aurus_arbiter-aurus_seed07/accumulated/spec221.tlsf,1
arbiter-aurus,45126febc45434d683e18c0355529f13,av2,3,spec212.tlsf,experiments/results-aurus-curves/aurus_arbiter-aurus_seed03/accumulated/spec212.tlsf,1
arbiter-aurus,47c43b5ed57eedf5bab912c68824f1e4,av2,7,spec207.tlsf,experiments/results-aurus-curves/aurus_arbiter-aurus_seed07/accumulated/spec207.tlsf,1
arbiter-aurus,47f711d47d83e1a2363d1593d2db9bc8,av2,4,spec238.tlsf,experiments/results-aurus-curves/aurus_arbiter-aurus_seed04/accumulated/spec238.tlsf,1
arbiter-aurus,482822c05731468dad208df342362363,av3,22,spec66.tlsf,experiments/results-aurus-curves/aurus_arbiter-aurus_seed22/accumulated/spec66.tlsf,1
arbiter-aurus,48c641e3fa6a4384830b5e956e8911c9,av2,4,spec305.tlsf,experiments/results-aurus-curves/aurus_arbiter-aurus_seed04/accumulated/spec305.tlsf,1
arbiter-aurus,4ad3dea12eac491e5ef56bf6d832cc2b,av2,2,spec189.tlsf,experiments/results-aurus-curves/aurus_arbiter-aurus_seed02/accumulated/spec189.tlsf,1
arbiter-aurus,4b953d1ddeac54c8d8e3c2a5f1e5a98e,av3,23,spec126.tlsf,experiments/results-aurus-curves/aurus_arbiter-aurus_seed23/accumulated/spec126.tlsf,1
arbiter-aurus,4c470c6d3b03dba1c0ec2fe5cfc8eb06,av2,10,spec325.tlsf,experiments/results-aurus-curves/aurus_arbiter-aurus_seed10/accumulated/spec325.tlsf,1
arbiter-aurus,4d01a331ee0445ddb49c5899b1f89ca8,av2,2,spec107.tlsf,experiments/results-aurus-curves/aurus_arbiter-aurus_seed02/accumulated/spec107.tlsf,1
arbiter-aurus,4d26d8bdf19f765ed0c5ae8ecb47ee0d,av3,24,spec88.tlsf,experiments/results-aurus-curves/aurus_arbiter-aurus_seed24/accumulated/spec88.tlsf,1
arbiter-aurus,4dc25bc5dbaab7cb660b88b28c28f4e7,av2,5,spec73.tlsf,experiments/results-aurus-curves/aurus_arbiter-aurus_seed05/accumulated/spec73.tlsf,1
arbiter-aurus,501780ba389768bfc7316b17d35a40da,av2,8,spec87.tlsf,experiments/results-aurus-curves/aurus_arbiter-aurus_seed08/accumulated/spec87.tlsf,1
arbiter-aurus,514b21dcc41c2e9ff2683f9418422993,av2,5,spec296.tlsf,experiments/results-aurus-curves/aurus_arbiter-aurus_seed05/accumulated/spec296.tlsf,1
arbiter-aurus,51c3e8fa8a88b45b49eb520e7a84e406,av3,24,spec171.tlsf,experiments/results-aurus-curves/aurus_arbiter-aurus_seed24/accumulated/spec171.tlsf,1
arbiter-aurus,5463dc67e5b5465321af756065888c35,av2,1,spec265.tlsf,experiments/results-aurus-curves/aurus_arbiter-aurus_seed01/accumulated/spec265.tlsf,1
arbiter-aurus,57250260f812952ba74211eb0de265be,av2,0,spec5.tlsf,experiments/results-aurus-curves/aurus_arbiter-aurus_seed00/accumulated/spec5.tlsf,1
arbiter-aurus,57dc395f4b7ec7cda37e7b1ec35a6651,av3,16,spec107.tlsf,experiments/results-aurus-curves/aurus_arbiter-aurus_seed16/accumulated/spec107.tlsf,1
arbiter-aurus,583e4da8712d12ac608262a1f1c55840,av2,13,spec298.tlsf,experiments/results-aurus-curves/aurus_arbiter-aurus_seed13/accumulated/spec298.tlsf,1
arbiter-aurus,59a35e83269b1225c755b459e1461c0e,av2,1,spec213.tlsf,experiments/results-aurus-curves/aurus_arbiter-aurus_seed01/accumulated/spec213.tlsf,1
arbiter-aurus,59c1393a20a5836d3a4a839d1a399606,av3,20,spec97.tlsf,experiments/results-aurus-curves/aurus_arbiter-aurus_seed20/accumulated/spec97.tlsf,1
arbiter-aurus,5a2b2c4aef2d1d262b537b8f790efaca,av2,10,spec63.tlsf,experiments/results-aurus-curves/aurus_arbiter-aurus_seed10/accumulated/spec63.tlsf,1
arbiter-aurus,5b876087b654c484d50e2c6615e6cb4e,av2,4,spec96.tlsf,experiments/results-aurus-curves/aurus_arbiter-aurus_seed04/accumulated/spec96.tlsf,1
arbiter-aurus,5c770b1b30d2f15406af25af606d6c91,av2,6,spec281.tlsf,experiments/results-aurus-curves/aurus_arbiter-aurus_seed06/accumulated/spec281.tlsf,1
arbiter-aurus,5cf5647330f9dbfee72b9cfca4666d10,av2,0,spec122.tlsf,experiments/results-aurus-curves/aurus_arbiter-aurus_seed00/accumulated/spec122.tlsf,1
arbiter-aurus,5d1df42ec776eecbed262c0de10db5c0,av3,28,spec127.tlsf,experiments/results-aurus-curves/aurus_arbiter-aurus_seed28/accumulated/spec127.tlsf,1
arbiter-aurus,5ed5ba454fd5e9098aaa83393a5aecee,av3,16,spec108.tlsf,experiments/results-aurus-curves/aurus_arbiter-aurus_seed16/accumulated/spec108.tlsf,1
arbiter-aurus,5f5bae03e341d4489afd35ad64648361,av2,2,spec105.tlsf,experiments/results-aurus-curves/aurus_arbiter-aurus_seed02/accumulated/spec105.tlsf,1
arbiter-aurus,5f68df8cc93231bcb6488dd5f0d077d7,av2,0,spec94.tlsf,experiments/results-aurus-curves/aurus_arbiter-aurus_seed00/accumulated/spec94.tlsf,1
arbiter-aurus,5fc2faa575c9d85d1aebe6bbac1ca574,av2,10,spec197.tlsf,experiments/results-aurus-curves/aurus_arbiter-aurus_seed10/accumulated/spec197.tlsf,1
arbiter-aurus,60157c5b783531e9d27c22d3d4ac351a,av3,26,spec17.tlsf,experiments/results-aurus-curves/aurus_arbiter-aurus_seed26/accumulated/spec17.tlsf,1
arbiter-aurus,605175a1de17b1889302429a8a6d8df6,av3,26,spec281.tlsf,experiments/results-aurus-curves/aurus_arbiter-aurus_seed26/accumulated/spec281.tlsf,1
arbiter-aurus,620d00d4c9e7b096919de77484605c95,av3,28,spec107.tlsf,experiments/results-aurus-curves/aurus_arbiter-aurus_seed28/accumulated/spec107.tlsf,1
arbiter-aurus,62e13b44fb9979ef0e09ac60407c310f,av3,16,spec231.tlsf,experiments/results-aurus-curves/aurus_arbiter-aurus_seed16/accumulated/spec231.tlsf,1
arbiter-aurus,6350e65bb974db807ff4ad2d27e3439d,av2,6,spec441.tlsf,experiments/results-aurus-curves/aurus_arbiter-aurus_seed06/accumulated/spec441.tlsf,1
arbiter-aurus,63c48530a21e66b1d2e89310f102fff5,av2,7,spec261.tlsf,experiments/results-aurus-curves/aurus_arbiter-aurus_seed07/accumulated/spec261.tlsf,1
arbiter-aurus,64a31a685f531f388c1b7b539c5201a6,av3,25,spec166.tlsf,experiments/results-aurus-curves/aurus_arbiter-aurus_seed25/accumulated/spec166.tlsf,1
arbiter-aurus,65b48c32ac5bdf2816c3838fa71f81a1,av3,28,spec168.tlsf,experiments/results-aurus-curves/aurus_arbiter-aurus_seed28/accumulated/spec168.tlsf,1
arbiter-aurus,663fa66befc817664de8409bb30668a2,av3,27,spec359.tlsf,experiments/results-aurus-curves/aurus_arbiter-aurus_seed27/accumulated/spec359.tlsf,1
arbiter-aurus,664f03e228c7bef6cd8e81146954c9e0,av3,26,spec8.tlsf,experiments/results-aurus-curves/aurus_arbiter-aurus_seed26/accumulated/spec8.tlsf,1
arbiter-aurus,6659c8a079ccfc1c59827be40bbaacee,av3,29,spec137.tlsf,experiments/results-aurus-curves/aurus_arbiter-aurus_seed29/accumulated/spec137.tlsf,1
arbiter-aurus,6885796d0599e8d2a127517a99cf2e88,av3,26,spec59.tlsf,experiments/results-aurus-curves/aurus_arbiter-aurus_seed26/accumulated/spec59.tlsf,1
arbiter-aurus,69eff516df68533157e28a6e8be946e3,av3,17,spec158.tlsf,experiments/results-aurus-curves/aurus_arbiter-aurus_seed17/accumulated/spec158.tlsf,1
arbiter-aurus,6a0fe4b5ad3a0abb7f92a4d973b4d087,av3,26,spec356.tlsf,experiments/results-aurus-curves/aurus_arbiter-aurus_seed26/accumulated/spec356.tlsf,1
arbiter-aurus,6dbbb1a06b533f6b62f24f4cfed601d2,av2,6,spec472.tlsf,experiments/results-aurus-curves/aurus_arbiter-aurus_seed06/accumulated/spec472.tlsf,1
arbiter-aurus,6ef4ee17f9554b64adbce84baef88d75,av3,21,spec157.tlsf,experiments/results-aurus-curves/aurus_arbiter-aurus_seed21/accumulated/spec157.tlsf,1
arbiter-aurus,6f0dbb08d37d8c44ec19344499f87d89,av2,9,spec120.tlsf,experiments/results-aurus-curves/aurus_arbiter-aurus_seed09/accumulated/spec120.tlsf,1
arbiter-aurus,6f465b035f988556a4536d5196f850da,av2,4,spec173.tlsf,experiments/results-aurus-curves/aurus_arbiter-aurus_seed04/accumulated/spec173.tlsf,1
arbiter-aurus,6f76ccc7c6edeaf62d692af3fb4e81c7,av2,8,spec272.tlsf,experiments/results-aurus-curves/aurus_arbiter-aurus_seed08/accumulated/spec272.tlsf,1
arbiter-aurus,7101d059f07b869ff28bb2bed1d382c0,av2,0,spec92.tlsf,experiments/results-aurus-curves/aurus_arbiter-aurus_seed00/accumulated/spec92.tlsf,1
arbiter-aurus,7123d68afbd24fbd09fb1380d51685da,av3,22,spec39.tlsf,experiments/results-aurus-curves/aurus_arbiter-aurus_seed22/accumulated/spec39.tlsf,1
arbiter-aurus,7139a71a60943fd336e3b7fae142a9ed,av2,1,spec47.tlsf,experiments/results-aurus-curves/aurus_arbiter-aurus_seed01/accumulated/spec47.tlsf,1
arbiter-aurus,713dc85617ba15a1e2626a3ceabc947b,av3,23,spec324.tlsf,experiments/results-aurus-curves/aurus_arbiter-aurus_seed23/accumulated/spec324.tlsf,1
arbiter-aurus,717de6e5799f9bee08645f9101867bb1,av2,1,spec262.tlsf,experiments/results-aurus-curves/aurus_arbiter-aurus_seed01/accumulated/spec262.tlsf,1
arbiter-aurus,71e60b2ce3089aea16a9c199cc696e8e,av2,6,spec156.tlsf,experiments/results-aurus-curves/aurus_arbiter-aurus_seed06/accumulated/spec156.tlsf,1
arbiter-aurus,722a3438d6e75fa05bde65c84cee5d57,av2,10,spec359.tlsf,experiments/results-aurus-curves/aurus_arbiter-aurus_seed10/accumulated/spec359.tlsf,1
arbiter-aurus,724955bda2e7f7ba43d26e376b87bc44,av3,16,spec75.tlsf,experiments/results-aurus-curves/aurus_arbiter-aurus_seed16/accumulated/spec75.tlsf,1
arbiter-aurus,7293b4126e622784ec20804ecd45eece,av3,29,spec311.tlsf,experiments/results-aurus-curves/aurus_arbiter-aurus_seed29/accumulated/spec311.tlsf,1
arbiter-aurus,7468edc190df1756cf0df48d86664be0,av2,6,spec471.tlsf,experiments/results-aurus-curves/aurus_arbiter-aurus_seed06/accumulated/spec471.tlsf,1
arbiter-aurus,74e3232aa304f7a9402e0f03699b528d,av3,23,spec84.tlsf,experiments/results-aurus-curves/aurus_arbiter-aurus_seed23/accumulated/spec84.tlsf,1
arbiter-aurus,754dc8d12d35eb4cd34d8e95a04ba134,av3,26,spec113.tlsf,experiments/results-aurus-curves/aurus_arbiter-aurus_seed26/accumulated/spec113.tlsf,1
arbiter-aurus,757357c87826d7a87324dd7af280f6d5,av3,27,spec17.tlsf,experiments/results-aurus-curves/aurus_arbiter-aurus_seed27/accumulated/spec17.tlsf,1
arbiter-aurus,75ee1af273af07da1211f120bcc7e37d,av3,20,spec224.tlsf,experiments/results-aurus-curves/aurus_arbiter-aurus_seed20/accumulated/spec224.tlsf,1
arbiter-aurus,7621740ead523bf1d1b32d51767ec4ed,av2,6,spec24.tlsf,experiments/results-aurus-curves/aurus_arbiter-aurus_seed06/accumulated/spec24.tlsf,1
arbiter-aurus,7626c3d6d8f058e79f3eb15a69a5fa44,av2,6,spec282.tlsf,experiments/results-aurus-curves/aurus_arbiter-aurus_seed06/accumulated/spec282.tlsf,1
arbiter-aurus,770899b765e0db1e464cac77be2f68f9,av3,16,spec143.tlsf,experiments/results-aurus-curves/aurus_arbiter-aurus_seed16/accumulated/spec143.tlsf,1
arbiter-aurus,775c685b583e9783087399c5b524ce62,av3,21,spec151.tlsf,experiments/results-aurus-curves/aurus_arbiter-aurus_seed21/accumulated/spec151.tlsf,1
arbiter-aurus,778503b9de74dedc11134d330857d430,av3,26,spec361.tlsf,experiments/results-aurus-curves/aurus_arbiter-aurus_seed26/accumulated/spec361.tlsf,1
arbiter-aurus,7821525012211e94f98eabe183c73a13,av2,12,spec65.tlsf,experiments/results-aurus-curves/aurus_arbiter-aurus_seed12/accumulated/spec65.tlsf,1
arbiter-aurus,79610ace168723c992aeafc58646a2e1,av2,5,spec85.tlsf,experiments/results-aurus-curves/aurus_arbiter-aurus_seed05/accumulated/spec85.tlsf,1
arbiter-aurus,7a8f543a3ca34f7847cba684c04c90ba,av2,6,spec91.tlsf,experiments/results-aurus-curves/aurus_arbiter-aurus_seed06/accumulated/spec91.tlsf,1
arbiter-aurus,7c0de6d1ed193dc1f69f7e75474238c1,av3,28,spec78.tlsf,experiments/results-aurus-curves/aurus_arbiter-aurus_seed28/accumulated/spec78.tlsf,1
arbiter-aurus,7c17920c8210227946fcad3154f0b5c4,av3,21,spec204.tlsf,experiments/results-aurus-curves/aurus_arbiter-aurus_seed21/accumulated/spec204.tlsf,1
arbiter-aurus,7c197cb3fd393a6f01fc8bee8a8e13fb,av3,25,spec105.tlsf,experiments/results-aurus-curves/aurus_arbiter-aurus_seed25/accumulated/spec105.tlsf,1
arbiter-aurus,7c4e3e75711002ba08df6ee745dfca38,av2,1,spec83.tlsf,experiments/results-aurus-curves/aurus_arbiter-aurus_seed01/accumulated/spec83.tlsf,1
arbiter-aurus,7c56f6236d583a661b558e78dc837edc,av2,6,spec85.tlsf,experiments/results-aurus-curves/aurus_arbiter-aurus_seed06/accumulated/spec85.tlsf,1
arbiter-aurus,7d87f6ea63af565bcda691e930d3033c,av2,6,spec8.tlsf,experiments/results-aurus-curves/aurus_arbiter-aurus_seed06/accumulated/spec8.tlsf,1
arbiter-aurus,7ddbfebf9f35ab0596a552e8031bf062,av2,0,spec135.tlsf,experiments/results-aurus-curves/aurus_arbiter-aurus_seed00/accumulated/spec135.tlsf,1
arbiter-aurus,7de79c5227fa62a1b5a47ec0bb20ea4b,av2,12,spec213.tlsf,experiments/results-aurus-curves/aurus_arbiter-aurus_seed12/accumulated/spec213.tlsf,1
arbiter-aurus,805fe6d35ee541aee908ff4b8dc126c0,av3,29,spec334.tlsf,experiments/results-aurus-curves/aurus_arbiter-aurus_seed29/accumulated/spec334.tlsf,1
arbiter-aurus,81c5ddfbdc940a2adbf9b53cbb9f79b5,av3,23,spec211.tlsf,experiments/results-aurus-curves/aurus_arbiter-aurus_seed23/accumulated/spec211.tlsf,1
arbiter-aurus,83e25a92261943a51bcb493a45db6708,av2,6,spec442.tlsf,experiments/results-aurus-curves/aurus_arbiter-aurus_seed06/accumulated/spec442.tlsf,1
arbiter-aurus,840187e7dfd628d69a7d0629a1459f1c,av3,16,spec76.tlsf,experiments/results-aurus-curves/aurus_arbiter-aurus_seed16/accumulated/spec76.tlsf,1
arbiter-aurus,86e3530151fd82be45c8fa05fe5cbb91,av3,26,spec119.tlsf,experiments/results-aurus-curves/aurus_arbiter-aurus_seed26/accumulated/spec119.tlsf,1
arbiter-aurus,86fc95f91155f1c9b997ca45fa53acec,av3,21,spec110.tlsf,experiments/results-aurus-curves/aurus_arbiter-aurus_seed21/accumulated/spec110.tlsf,1
arbiter-aurus,87255fe8112baebbaaa5c4a1b2cd3dd7,av2,7,spec329.tlsf,experiments/results-aurus-curves/aurus_arbiter-aurus_seed07/accumulated/spec329.tlsf,1
arbiter-aurus,87f54486ab035795530a2ab526ae7cd5,av2,14,spec180.tlsf,experiments/results-aurus-curves/aurus_arbiter-aurus_seed14/accumulated/spec180.tlsf,1
arbiter-aurus,880f5f4c1c3cdc4ad223ae3cec2ec354,av2,6,spec105.tlsf,experiments/results-aurus-curves/aurus_arbiter-aurus_seed06/accumulated/spec105.tlsf,1
arbiter-aurus,88df683d80b08e8d841a1bca45d58bb6,av2,2,spec110.tlsf,experiments/results-aurus-curves/aurus_arbiter-aurus_seed02/accumulated/spec110.tlsf,1
arbiter-aurus,895e7ddeabe8965c529e585d1d415652,av2,7,spec110.tlsf,experiments/results-aurus-curves/aurus_arbiter-aurus_seed07/accumulated/spec110.tlsf,1
arbiter-aurus,89b164e571c854445200017431064b4c,av2,10,spec68.tlsf,experiments/results-aurus-curves/aurus_arbiter-aurus_seed10/accumulated/spec68.tlsf,1
arbiter-aurus,8a3a9f42202e994d8171b00b5aff0310,av3,15,spec152.tlsf,experiments/results-aurus-curves/aurus_arbiter-aurus_seed15/accumulated/spec152.tlsf,1
arbiter-aurus,8a6c31574031aecaf7b5e351dc9b1b0a,av2,1,spec215.tlsf,experiments/results-aurus-curves/aurus_arbiter-aurus_seed01/accumulated/spec215.tlsf,1
arbiter-aurus,8a9d1b1fcb582717f724a7bf41531de1,av2,1,spec439.tlsf,experiments/results-aurus-curves/aurus_arbiter-aurus_seed01/accumulated/spec439.tlsf,1
arbiter-aurus,8aa65c447e1871a2e6c731a8a489e69a,av2,8,spec301.tlsf,experiments/results-aurus-curves/aurus_arbiter-aurus_seed08/accumulated/spec301.tlsf,1
arbiter-aurus,8bfa109dc9c62c99f1ea76034a4f1821,av2,1,spec363.tlsf,experiments/results-aurus-curves/aurus_arbiter-aurus_seed01/accumulated/spec363.tlsf,1
arbiter-aurus,8d2ba39a7a618d6129177839f96451ec,av2,5,spec257.tlsf,experiments/results-aurus-curves/aurus_arbiter-aurus_seed05/accumulated/spec257.tlsf,1
arbiter-aurus,8d3578c2d24312cd2a50008070120203,av2,1,spec167.tlsf,experiments/results-aurus-curves/aurus_arbiter-aurus_seed01/accumulated/spec167.tlsf,1
arbiter-aurus,8dadd850cc790317d879f013247f530f,av3,20,spec65.tlsf,experiments/results-aurus-curves/aurus_arbiter-aurus_seed20/accumulated/spec65.tlsf,1
arbiter-aurus,8e13cdc0ba4dcbdc74057c037c8c1ab0,av2,6,spec148.tlsf,experiments/results-aurus-curves/aurus_arbiter-aurus_seed06/accumulated/spec148.tlsf,1
arbiter-aurus,9028350417fc6b382b6e72f221a6731c,av3,20,spec284.tlsf,experiments/results-aurus-curves/aurus_arbiter-aurus_seed20/accumulated/spec284.tlsf,1
arbiter-aurus,9145bce8b42835d6fed378435db1e328,av2,2,spec193.tlsf,experiments/results-aurus-curves/aurus_arbiter-aurus_seed02/accumulated/spec193.tlsf,1
arbiter-aurus,91f401a68281342adc4478fc466be88f,av2,6,spec280.tlsf,experiments/results-aurus-curves/aurus_arbiter-aurus_seed06/accumulated/spec280.tlsf,1
arbiter-aurus,9388c986090a1ff9af591c5191dd3fa8,av2,1,spec214.tlsf,experiments/results-aurus-curves/aurus_arbiter-aurus_seed01/accumulated/spec214.tlsf,1
arbiter-aurus,939048103a54b426d249342c2adf65eb,av2,6,spec279.tlsf,experiments/results-aurus-curves/aurus_arbiter-aurus_seed06/accumulated/spec279.tlsf,1
arbiter-aurus,94f2c454e8e73c967a0a3698c2275422,av2,6,spec115.tlsf,experiments/results-aurus-curves/aurus_arbiter-aurus_seed06/accumulated/spec115.tlsf,1
arbiter-aurus,95009c0ee3e889b335469eceabee6be9,av2,6,spec62.tlsf,experiments/results-aurus-curves/aurus_arbiter-aurus_seed06/accumulated/spec62.tlsf,1
arbiter-aurus,9552ab90d1c87cd69f3d2f5379632a33,av3,15,spec186.tlsf,experiments/results-aurus-curves/aurus_arbiter-aurus_seed15/accumulated/spec186.tlsf,1
arbiter-aurus,9770beefc5189d041049ecc16fa7d7f3,av2,2,spec149.tlsf,experiments/results-aurus-curves/aurus_arbiter-aurus_seed02/accumulated/spec149.tlsf,1
arbiter-aurus,9a2dc2c5141b7ee1995cf9b9a44cf2b8,av2,2,spec386.tlsf,experiments/results-aurus-curves/aurus_arbiter-aurus_seed02/accumulated/spec386.tlsf,1
arbiter-aurus,9acc939c9d9c4a8eac9121fa64b064db,av2,5,spec253.tlsf,experiments/results-aurus-curves/aurus_arbiter-aurus_seed05/accumulated/spec253.tlsf,1
arbiter-aurus,9ba03ed98200de7fbb613028ae86d983,av2,2,spec234.tlsf,experiments/results-aurus-curves/aurus_arbiter-aurus_seed02/accumulated/spec234.tlsf,1
arbiter-aurus,9bd25980ad2ec42f73e4c6a4453c6b5e,av2,6,spec149.tlsf,experiments/results-aurus-curves/aurus_arbiter-aurus_seed06/accumulated/spec149.tlsf,1
arbiter-aurus,9c9810ec5140be670ad60e17600def8d,av2,9,spec114.tlsf,experiments/results-aurus-curves/aurus_arbiter-aurus_seed09/accumulated/spec114.tlsf,1
arbiter-aurus,9f13b556751a2bbcdbefeff0cde28ea7,av2,6,spec241.tlsf,experiments/results-aurus-curves/aurus_arbiter-aurus_seed06/accumulated/spec241.tlsf,1
arbiter-aurus,9f6be456d742a27302b6624a6cad9360,av3,16,spec154.tlsf,experiments/results-aurus-curves/aurus_arbiter-aurus_seed16/accumulated/spec154.tlsf,1
arbiter-aurus,9fb8cf4955236ef724a7a258146820d4,av3,18,spec128.tlsf,experiments/results-aurus-curves/aurus_arbiter-aurus_seed18/accumulated/spec128.tlsf,1
arbiter-aurus,9ffefe1d8b3e5260489688970a83dfda,av2,5,spec204.tlsf,experiments/results-aurus-curves/aurus_arbiter-aurus_seed05/accumulated/spec204.tlsf,1
arbiter-aurus,a40ba9d83b319f2d4ba8b0bf765b26a6,av3,24,spec91.tlsf,experiments/results-aurus-curves/aurus_arbiter-aurus_seed24/accumulated/spec91.tlsf,1
arbiter-aurus,a58d0805ed8f01d0399091cddc43a396,av2,7,spec111.tlsf,experiments/results-aurus-curves/aurus_arbiter-aurus_seed07/accumulated/spec111.tlsf,1
arbiter-aurus,a596af7f031e3c103735a87d67997743,av2,6,spec114.tlsf,experiments/results-aurus-curves/aurus_arbiter-aurus_seed06/accumulated/spec114.tlsf,1
arbiter-aurus,a5cca7c19f5f774687f6d2d0b22e9e74,av2,2,spec49.tlsf,experiments/results-aurus-curves/aurus_arbiter-aurus_seed02/accumulated/spec49.tlsf,1
arbiter-aurus,a816f85d89aa8828b6ad36c9f4ee4aad,av3,29,spec67.tlsf,experiments/results-aurus-curves/aurus_arbiter-aurus_seed29/accumulated/spec67.tlsf,1
arbiter-aurus,aa0b39db3b6c86e7e4aa1935f9b682d0,av2,13,spec56.tlsf,experiments/results-aurus-curves/aurus_arbiter-aurus_seed13/accumulated/spec56.tlsf,1
arbiter-aurus,aa83960ad0d76bb621b3295380249c9c,av3,29,spec304.tlsf,experiments/results-aurus-curves/aurus_arbiter-aurus_seed29/accumulated/spec304.tlsf,1
arbiter-aurus,aa87c94a570c21b90e16945eb3fe9d2e,av3,27,spec327.tlsf,experiments/results-aurus-curves/aurus_arbiter-aurus_seed27/accumulated/spec327.tlsf,1
arbiter-aurus,aacab819562f21ae4b7af11336372a03,av2,1,spec166.tlsf,experiments/results-aurus-curves/aurus_arbiter-aurus_seed01/accumulated/spec166.tlsf,1
arbiter-aurus,aaed69232811a078f1a87653314cece2,av3,28,spec72.tlsf,experiments/results-aurus-curves/aurus_arbiter-aurus_seed28/accumulated/spec72.tlsf,1
arbiter-aurus,aafc0a65b8aa10b99ac9805fcce74709,av3,20,spec126.tlsf,experiments/results-aurus-curves/aurus_arbiter-aurus_seed20/accumulated/spec126.tlsf,1
arbiter-aurus,ab28358068f50302a1636c1df4c1b33c,av3,16,spec350.tlsf,experiments/results-aurus-curves/aurus_arbiter-aurus_seed16/accumulated/spec350.tlsf,1
arbiter-aurus,aca3c0b4f15eb4a0938b902dfd30745b,av2,6,spec112.tlsf,experiments/results-aurus-curves/aurus_arbiter-aurus_seed06/accumulated/spec112.tlsf,1
arbiter-aurus,b0d0e2ee350970b0446e862c1587ca90,av3,23,spec22.tlsf,experiments/results-aurus-curves/aurus_arbiter-aurus_seed23/accumulated/spec22.tlsf,1
arbiter-aurus,b273ee2a637c7440ca0f24aa34349603,av2,4,spec170.tlsf,experiments/results-aurus-curves/aurus_arbiter-aurus_seed04/accumulated/spec170.tlsf,1
arbiter-aurus,b2bc92adc0e41f14a06b1e5a75cd35d7,av3,26,spec319.tlsf,experiments/results-aurus-curves/aurus_arbiter-aurus_seed26/accumulated/spec319.tlsf,1
arbiter-aurus,b485e2bab8ee96f7e29af3d8e674a303,av3,24,spec373.tlsf,experiments/results-aurus-curves/aurus_arbiter-aurus_seed24/accumulated/spec373.tlsf,1
arbiter-aurus,b5306878f88a78d0db311731a4f4e741,av2,5,spec332.tlsf,experiments/results-aurus-curves/aurus_arbiter-aurus_seed05/accumulated/spec332.tlsf,1
arbiter-aurus,b6024933f154d626a12024b75ebbac68,av3,26,spec358.tlsf,experiments/results-aurus-curves/aurus_arbiter-aurus_seed26/accumulated/spec358.tlsf,1
arbiter-aurus,b727bad790cfdd80a4ae6de5de28b235,av3,17,spec330.tlsf,experiments/results-aurus-curves/aurus_arbiter-aurus_seed17/accumulated/spec330.tlsf,1
arbiter-aurus,b7a1a88fe38600146023670fc6b6ede4,av3,28,spec124.tlsf,experiments/results-aurus-curves/aurus_arbiter-aurus_seed28/accumulated/spec124.tlsf,1
arbiter-aurus,b8de9a9043b31409b27c2de1977b890c,av2,6,spec29.tlsf,experiments/results-aurus-curves/aurus_arbiter-aurus_seed06/accumulated/spec29.tlsf,1
arbiter-aurus,bdfd91328fa17e2e3a9fc09405ac22b7,av3,25,spec72.tlsf,experiments/results-aurus-curves/aurus_arbiter-aurus_seed25/accumulated/spec72.tlsf,1
arbiter-aurus,c03141324100fed9009911fdf577a5ce,av2,1,spec207.tlsf,experiments/results-aurus-curves/aurus_arbiter-aurus_seed01/accumulated/spec207.tlsf,1
arbiter-aurus,c3f8f34fda909c7900fb4a91c7f83d65,av3,21,spec375.tlsf,experiments/results-aurus-curves/aurus_arbiter-aurus_seed21/accumulated/spec375.tlsf,1
arbiter-aurus,c3fb1e83bac0c429ce84b07149c3eb20,av3,27,spec135.tlsf,experiments/results-aurus-curves/aurus_arbiter-aurus_seed27/accumulated/spec135.tlsf,1
arbiter-aurus,c46dfc12591e22fd8364b6f27bcd14f4,av2,4,spec167.tlsf,experiments/results-aurus-curves/aurus_arbiter-aurus_seed04/accumulated/spec167.tlsf,1
arbiter-aurus,c50c8f1662c89933802cc88dc3bbce29,av2,4,spec133.tlsf,experiments/results-aurus-curves/aurus_arbiter-aurus_seed04/accumulated/spec133.tlsf,1
arbiter-aurus,c55f2b928e910fc2826739a94daf27ed,av3,19,spec105.tlsf,experiments/results-aurus-curves/aurus_arbiter-aurus_seed19/accumulated/spec105.tlsf,1
arbiter-aurus,c64c700d2c00aa00a15ba5314f4cfa42,av2,4,spec176.tlsf,experiments/results-aurus-curves/aurus_arbiter-aurus_seed04/accumulated/spec176.tlsf,1
arbiter-aurus,c77ac94443728968077a4e730bcc514e,av2,0,spec47.tlsf,experiments/results-aurus-curves/aurus_arbiter-aurus_seed00/accumulated/spec47.tlsf,1
arbiter-aurus,c79b04e2262d45085879d67ea0d8d6b3,av2,6,spec113.tlsf,experiments/results-aurus-curves/aurus_arbiter-aurus_seed06/accumulated/spec113.tlsf,1
arbiter-aurus,c89ba23b40ac061b8968d8d37783599f,av2,0,spec245.tlsf,experiments/results-aurus-curves/aurus_arbiter-aurus_seed00/accumulated/spec245.tlsf,1
arbiter-aurus,c91974d33de37e346ea87fa5e6d769f6,av2,2,spec269.tlsf,experiments/results-aurus-curves/aurus_arbiter-aurus_seed02/accumulated/spec269.tlsf,1
arbiter-aurus,c943999007a63eb9218e426df09e3b43,av2,4,spec169.tlsf,experiments/results-aurus-curves/aurus_arbiter-aurus_seed04/accumulated/spec169.tlsf,1
arbiter-aurus,caa69215421e8ebe216008316acdc945,av2,13,spec124.tlsf,experiments/results-aurus-curves/aurus_arbiter-aurus_seed13/accumulated/spec124.tlsf,1
arbiter-aurus,cc5dd6d50b78c6f275d2a2f8c9d8c9dd,av3,23,spec288.tlsf,experiments/results-aurus-curves/aurus_arbiter-aurus_seed23/accumulated/spec288.tlsf,1
arbiter-aurus,ccee3bd6e6de7027991b97609f83a911,av3,29,spec203.tlsf,experiments/results-aurus-curves/aurus_arbiter-aurus_seed29/accumulated/spec203.tlsf,1
arbiter-aurus,cd1b5a8c974a517e2061a05f6f5cb259,av2,12,spec61.tlsf,experiments/results-aurus-curves/aurus_arbiter-aurus_seed12/accumulated/spec61.tlsf,1
arbiter-aurus,cd269d00ae8ba2f66ac44546aed5866a,av3,22,spec40.tlsf,experiments/results-aurus-curves/aurus_arbiter-aurus_seed22/accumulated/spec40.tlsf,1
arbiter-aurus,ce0ee875786da2dd5763162d861e7a78,av2,6,spec92.tlsf,experiments/results-aurus-curves/aurus_arbiter-aurus_seed06/accumulated/spec92.tlsf,1
arbiter-aurus,cece9e0be6fffeabff9428ce1168916e,av2,13,spec169.tlsf,experiments/results-aurus-curves/aurus_arbiter-aurus_seed13/accumulated/spec169.tlsf,1
arbiter-aurus,d187d44c793f78f263b9b9d68f6158b5,av2,2,spec143.tlsf,experiments/results-aurus-curves/aurus_arbiter-aurus_seed02/accumulated/spec143.tlsf,1
arbiter-aurus,d32732da63c9461041309e6531d1ded2,av3,16,spec155.tlsf,experiments/results-aurus-curves/aurus_arbiter-aurus_seed16/accumulated/spec155.tlsf,1
arbiter-aurus,d444b64406c63a35745cc2070f47b977,av2,6,spec236.tlsf,experiments/results-aurus-curves/aurus_arbiter-aurus_seed06/accumulated/spec236.tlsf,1
arbiter-aurus,d499a7eb0e39a3135732d21a3c845a0a,av2,5,spec144.tlsf,experiments/results-aurus-curves/aurus_arbiter-aurus_seed05/accumulated/spec144.tlsf,1
arbiter-aurus,d5119500a7b8dca63444b0a29392b09c,av2,1,spec360.tlsf,experiments/results-aurus-curves/aurus_arbiter-aurus_seed01/accumulated/spec360.tlsf,1
arbiter-aurus,d5fceb5397b3d1642f5c7f050cbdad13,av2,4,spec172.tlsf,experiments/results-aurus-curves/aurus_arbiter-aurus_seed04/accumulated/spec172.tlsf,1
arbiter-aurus,d6966d8d1667cf34cc980aa3fc0982c4,av2,1,spec359.tlsf,experiments/results-aurus-curves/aurus_arbiter-aurus_seed01/accumulated/spec359.tlsf,1
arbiter-aurus,d78c9b88a2a88c1b1f383ffe05f3c25b,av3,15,spec10.tlsf,experiments/results-aurus-curves/aurus_arbiter-aurus_seed15/accumulated/spec10.tlsf,1
arbiter-aurus,d7aab19b8b7eb2bb95ce580ce6f5d03c,av2,6,spec63.tlsf,experiments/results-aurus-curves/aurus_arbiter-aurus_seed06/accumulated/spec63.tlsf,1
arbiter-aurus,d9f9ac90114e84ad887cbfc4dc94c551,av2,10,spec309.tlsf,experiments/results-aurus-curves/aurus_arbiter-aurus_seed10/accumulated/spec309.tlsf,1
arbiter-aurus,db488eec43c9a4d1d9a70cd4582c6887,av2,5,spec284.tlsf,experiments/results-aurus-curves/aurus_arbiter-aurus_seed05/accumulated/spec284.tlsf,1
arbiter-aurus,dba65b24e0ccc792d9265581e2b8d5f5,av2,4,spec174.tlsf,experiments/results-aurus-curves/aurus_arbiter-aurus_seed04/accumulated/spec174.tlsf,1
arbiter-aurus,dc527802a30fcef2fe22bb7c892ef985,av3,23,spec86.tlsf,experiments/results-aurus-curves/aurus_arbiter-aurus_seed23/accumulated/spec86.tlsf,1
arbiter-aurus,dd0628dd826e674725debbf13f08c1fa,av2,10,spec88.tlsf,experiments/results-aurus-curves/aurus_arbiter-aurus_seed10/accumulated/spec88.tlsf,1
arbiter-aurus,dd42801fac4bc2851c9cbb59cde9643b,av3,21,spec159.tlsf,experiments/results-aurus-curves/aurus_arbiter-aurus_seed21/accumulated/spec159.tlsf,1
arbiter-aurus,ddfa2eac7df1ac8fded49b9d17928116,av3,15,spec193.tlsf,experiments/results-aurus-curves/aurus_arbiter-aurus_seed15/accumulated/spec193.tlsf,1
arbiter-aurus,de376f88ee649aadb18472054461412b,av3,28,spec17.tlsf,experiments/results-aurus-curves/aurus_arbiter-aurus_seed28/accumulated/spec17.tlsf,1
arbiter-aurus,de3ab9ccc6a70abfb77b9fa8fc35b539,av2,10,spec402.tlsf,experiments/results-aurus-curves/aurus_arbiter-aurus_seed10/accumulated/spec402.tlsf,1
arbiter-aurus,dea9fe9a9985be00c8f46a9e0a487f43,av2,6,spec3.tlsf,experiments/results-aurus-curves/aurus_arbiter-aurus_seed06/accumulated/spec3.tlsf,1
arbiter-aurus,dfb8eb1aa4d28684441455f7a4f8ba43,av3,16,spec105.tlsf,experiments/results-aurus-curves/aurus_arbiter-aurus_seed16/accumulated/spec105.tlsf,1
arbiter-aurus,e017454611452d5525beb99aa7fc4a27,av2,0,spec261.tlsf,experiments/results-aurus-curves/aurus_arbiter-aurus_seed00/accumulated/spec261.tlsf,1
arbiter-aurus,e08794c1ae1bf0e86aac1636079bba6d,av3,25,spec349.tlsf,experiments/results-aurus-curves/aurus_arbiter-aurus_seed25/accumulated/spec349.tlsf,1
arbiter-aurus,e1b01506e31361428149ed864abb0a54,av2,6,spec332.tlsf,experiments/results-aurus-curves/aurus_arbiter-aurus_seed06/accumulated/spec332.tlsf,1
arbiter-aurus,e20462c4939897a08d60150d8f63d5ee,av3,24,spec65.tlsf,experiments/results-aurus-curves/aurus_arbiter-aurus_seed24/accumulated/spec65.tlsf,1
arbiter-aurus,e403444c9e57b3a829b52a178f2a75f8,av2,5,spec108.tlsf,experiments/results-aurus-curves/aurus_arbiter-aurus_seed05/accumulated/spec108.tlsf,1
arbiter-aurus,e4bf3d133a1ac7a6ebcafd61b4918079,av2,3,spec201.tlsf,experiments/results-aurus-curves/aurus_arbiter-aurus_seed03/accumulated/spec201.tlsf,1
arbiter-aurus,e4f2bbc61e9c63a67c458deb55ba75d0,av3,23,spec62.tlsf,experiments/results-aurus-curves/aurus_arbiter-aurus_seed23/accumulated/spec62.tlsf,1
arbiter-aurus,e56b38f4b90065962c708578131269dd,av3,19,spec71.tlsf,experiments/results-aurus-curves/aurus_arbiter-aurus_seed19/accumulated/spec71.tlsf,1
arbiter-aurus,e599fdecd4574f4d36810e742369b6fe,av2,7,spec332.tlsf,experiments/results-aurus-curves/aurus_arbiter-aurus_seed07/accumulated/spec332.tlsf,1
arbiter-aurus,e702d1d872b2175196aaa0c7ff6f9281,av2,11,spec157.tlsf,experiments/results-aurus-curves/aurus_arbiter-aurus_seed11/accumulated/spec157.tlsf,1
arbiter-aurus,e74a26ac85545c3babb903125f09adb5,av3,29,spec133.tlsf,experiments/results-aurus-curves/aurus_arbiter-aurus_seed29/accumulated/spec133.tlsf,1
arbiter-aurus,e80c260c652df9537bf948b369ef6e3e,av2,5,spec342.tlsf,experiments/results-aurus-curves/aurus_arbiter-aurus_seed05/accumulated/spec342.tlsf,1
arbiter-aurus,e861b8fac190375f2168f877270829b4,av2,12,spec244.tlsf,experiments/results-aurus-curves/aurus_arbiter-aurus_seed12/accumulated/spec244.tlsf,1
arbiter-aurus,e8b705d4542eeb7d8ee66e88a830b5ec,av3,23,spec284.tlsf,experiments/results-aurus-curves/aurus_arbiter-aurus_seed23/accumulated/spec284.tlsf,1
arbiter-aurus,e96b6b07a2f96caea15ff2a3e8b4964e,av2,2,spec136.tlsf,experiments/results-aurus-curves/aurus_arbiter-aurus_seed02/accumulated/spec136.tlsf,1
arbiter-aurus,ea6f189fdc7a62f6460f675fb7e2be6d,av2,5,spec104.tlsf,experiments/results-aurus-curves/aurus_arbiter-aurus_seed05/accumulated/spec104.tlsf,1
arbiter-aurus,eb28403343bb94c9541fd020a4e0741a,av3,22,spec148.tlsf,experiments/results-aurus-curves/aurus_arbiter-aurus_seed22/accumulated/spec148.tlsf,1
arbiter-aurus,eb3989c87ffdbc77eb4eac377f1ad0a3,av2,11,spec62.tlsf,experiments/results-aurus-curves/aurus_arbiter-aurus_seed11/accumulated/spec62.tlsf,1
arbiter-aurus,eb60ed44abd32ac48284f0e5f71b2f0e,av3,23,spec210.tlsf,experiments/results-aurus-curves/aurus_arbiter-aurus_seed23/accumulated/spec210.tlsf,1
arbiter-aurus,ecf6362120f6612fd277fbe91d658839,av3,18,spec133.tlsf,experiments/results-aurus-curves/aurus_arbiter-aurus_seed18/accumulated/spec133.tlsf,1
arbiter-aurus,ed6084e7cef0d95d34659f79491e97c5,av2,13,spec330.tlsf,experiments/results-aurus-curves/aurus_arbiter-aurus_seed13/accumulated/spec330.tlsf,1
arbiter-aurus,eeddd9019b27b61cb8cbcf968f5575b8,av3,24,spec18.tlsf,experiments/results-aurus-curves/aurus_arbiter-aurus_seed24/accumulated/spec18.tlsf,1
arbiter-aurus,eee6b1eac18312a59adfea7d76b81d07,av3,29,spec273.tlsf,experiments/results-aurus-curves/aurus_arbiter-aurus_seed29/accumulated/spec273.tlsf,1
arbiter-aurus,efb2fdac2671d2163f0c166fa72277a2,av2,11,spec24.tlsf,experiments/results-aurus-curves/aurus_arbiter-aurus_seed11/accumulated/spec24.tlsf,1
arbiter-aurus,f01a77ac3a2cc3c0dcf10994478067ee,av3,24,spec278.tlsf,experiments/results-aurus-curves/aurus_arbiter-aurus_seed24/accumulated/spec278.tlsf,1
arbiter-aurus,f12db9d69a92006420a59d17edf4cd36,av2,0,spec127.tlsf,experiments/results-aurus-curves/aurus_arbiter-aurus_seed00/accumulated/spec127.tlsf,1
arbiter-aurus,f1fa6b7c8a0daa83c6d6e821148c2ee5,av2,8,spec273.tlsf,experiments/results-aurus-curves/aurus_arbiter-aurus_seed08/accumulated/spec273.tlsf,1
arbiter-aurus,f30217198802ee0a5a0b5bd3e4198dee,av2,6,spec66.tlsf,experiments/results-aurus-curves/aurus_arbiter-aurus_seed06/accumulated/spec66.tlsf,1
arbiter-aurus,f3be4ea31ded17005a8ece09715f2be3,av3,29,spec199.tlsf,experiments/results-aurus-curves/aurus_arbiter-aurus_seed29/accumulated/spec199.tlsf,1
arbiter-aurus,f3becb245fe38bc5dc7483bfe3524a58,av3,19,spec144.tlsf,experiments/results-aurus-curves/aurus_arbiter-aurus_seed19/accumulated/spec144.tlsf,1
arbiter-aurus,f4a61fa5b8ddd6b83bc5b9270e4d9777,av2,12,spec249.tlsf,experiments/results-aurus-curves/aurus_arbiter-aurus_seed12/accumulated/spec249.tlsf,1
arbiter-aurus,f550e5c915385aacd3d42b53e3765d46,av2,11,spec253.tlsf,experiments/results-aurus-curves/aurus_arbiter-aurus_seed11/accumulated/spec253.tlsf,1
arbiter-aurus,f593e1f4d0445a585fefd51ce2c3442b,av2,11,spec94.tlsf,experiments/results-aurus-curves/aurus_arbiter-aurus_seed11/accumulated/spec94.tlsf,1
arbiter-aurus,f701221850ea62a42cc6fbc495dcc80f,av2,4,spec92.tlsf,experiments/results-aurus-curves/aurus_arbiter-aurus_seed04/accumulated/spec92.tlsf,1
arbiter-aurus,f738050f5bbc67b15d982e77e0d7cf05,av3,16,spec50.tlsf,experiments/results-aurus-curves/aurus_arbiter-aurus_seed16/accumulated/spec50.tlsf,1
arbiter-aurus,f885d96079d8907b77e68568d5d712e1,av2,2,spec194.tlsf,experiments/results-aurus-curves/aurus_arbiter-aurus_seed02/accumulated/spec194.tlsf,1
arbiter-aurus,f8d97f435bb06197e751ee05dff70a64,av2,6,spec404.tlsf,experiments/results-aurus-curves/aurus_arbiter-aurus_seed06/accumulated/spec404.tlsf,1
arbiter-aurus,f8fd0ea5bdc7bb8a20ceab325c0f81e1,av2,10,spec399.tlsf,experiments/results-aurus-curves/aurus_arbiter-aurus_seed10/accumulated/spec399.tlsf,1
arbiter-aurus,f95b55b94f59c29d223813a8bfb8b70c,av2,2,spec350.tlsf,experiments/results-aurus-curves/aurus_arbiter-aurus_seed02/accumulated/spec350.tlsf,1
arbiter-aurus,fa2e70a2a9eb075a2fc2b71266c3ca90,av2,13,spec16.tlsf,experiments/results-aurus-curves/aurus_arbiter-aurus_seed13/accumulated/spec16.tlsf,1
arbiter-aurus,fb3eaa7e9a682647a402756cd0c2fa3c,av3,26,spec174.tlsf,experiments/results-aurus-curves/aurus_arbiter-aurus_seed26/accumulated/spec174.tlsf,1
arbiter-aurus,fc7fc956377e593d17eaa70ef31e58e9,av2,2,spec294.tlsf,experiments/results-aurus-curves/aurus_arbiter-aurus_seed02/accumulated/spec294.tlsf,1
arbiter-aurus,fde68acdde203ed53c09fa935d435c7d,av2,2,spec267.tlsf,experiments/results-aurus-curves/aurus_arbiter-aurus_seed02/accumulated/spec267.tlsf,1
arbiter-aurus,fe3572db6a82d46a286437eb39e0ef14,av3,22,spec255.tlsf,experiments/results-aurus-curves/aurus_arbiter-aurus_seed22/accumulated/spec255.tlsf,1
arbiter-aurus,feb7b37d25f4749900e47576f4570991,av3,17,spec150.tlsf,experiments/results-aurus-curves/aurus_arbiter-aurus_seed17/accumulated/spec150.tlsf,1
arbiter-aurus,ff19c34154a839953a12e57154a033b4,av2,2,spec217.tlsf,experiments/results-aurus-curves/aurus_arbiter-aurus_seed02/accumulated/spec217.tlsf,1
arbiter-aurus,ff907cd6a5daae8c94c096a6f65549b5,av2,1,spec208.tlsf,experiments/results-aurus-curves/aurus_arbiter-aurus_seed01/accumulated/spec208.tlsf,1
arbiter-aurus,ffb645fc292caf9318db3e689c1212fe,av2,10,spec299.tlsf,experiments/results-aurus-curves/aurus_arbiter-aurus_seed10/accumulated/spec299.tlsf,1
detector-aurus,0201e70f3ed0c929e0bd88eb1c94358c,av2,2,spec93.tlsf,experiments/results-aurus-curves/aurus_detector-aurus_seed02/accumulated/spec93.tlsf,1
detector-aurus,06062945c66a1ac1775893f36f54cc3e,av3,21,spec358.tlsf,experiments/results-aurus-curves/aurus_detector-aurus_seed21/accumulated/spec358.tlsf,1
detector-aurus,0684270208a6fc93c0eb9c914a074b77,av2,10,spec218.tlsf,experiments/results-aurus-curves/aurus_detector-aurus_seed10/accumulated/spec218.tlsf,1
detector-aurus,0a5970a3f20ad5d0793cc75bfd80142e,av3,16,spec300.tlsf,experiments/results-aurus-curves/aurus_detector-aurus_seed16/accumulated/spec300.tlsf,2
detector-aurus,0b2d5fee5ba865889f4924cab7a1fa5a,av3,19,spec67.tlsf,experiments/results-aurus-curves/aurus_detector-aurus_seed19/accumulated/spec67.tlsf,1
detector-aurus,0bf2e72ff162c1eafd397e9d9efa35d1,av3,26,spec139.tlsf,experiments/results-aurus-curves/aurus_detector-aurus_seed26/accumulated/spec139.tlsf,1
detector-aurus,0c63c0ba51b21cdf5390c5cb6b18079d,av3,23,spec341.tlsf,experiments/results-aurus-curves/aurus_detector-aurus_seed23/accumulated/spec341.tlsf,2
detector-aurus,0da6a74efc0b239c3d9a13550b50a7c4,av3,22,spec529.tlsf,experiments/results-aurus-curves/aurus_detector-aurus_seed22/accumulated/spec529.tlsf,5
detector-aurus,0e1dce5e2c26f7d41323c937183f4eb6,av2,2,spec94.tlsf,experiments/results-aurus-curves/aurus_detector-aurus_seed02/accumulated/spec94.tlsf,1
detector-aurus,0f9455dd00ad9d712b7019eb341c3368,av2,4,spec105.tlsf,experiments/results-aurus-curves/aurus_detector-aurus_seed04/accumulated/spec105.tlsf,1
detector-aurus,10d9727a6af0dc032aee05af603e9cc3,av3,20,spec134.tlsf,experiments/results-aurus-curves/aurus_detector-aurus_seed20/accumulated/spec134.tlsf,1
detector-aurus,1216016d8d8c9d3a724b696fcd6b92af,av2,0,spec95.tlsf,experiments/results-aurus-curves/aurus_detector-aurus_seed00/accumulated/spec95.tlsf,1
detector-aurus,12cccd671e02247c569cf41a769c3a6f,av3,21,spec270.tlsf,experiments/results-aurus-curves/aurus_detector-aurus_seed21/accumulated/spec270.tlsf,1
detector-aurus,1325bd0f5a82a4a6f2ff8ea4601e2014,av2,1,spec238.tlsf,experiments/results-aurus-curves/aurus_detector-aurus_seed01/accumulated/spec238.tlsf,1
detector-aurus,1385f43682915016b93a893859238223,av2,7,spec400.tlsf,experiments/results-aurus-curves/aurus_detector-aurus_seed07/accumulated/spec400.tlsf,1
detector-aurus,13f32953dfe70a04766e85cde86c7b24,av3,24,spec196.tlsf,experiments/results-aurus-curves/aurus_detector-aurus_seed24/accumulated/spec196.tlsf,1
detector-aurus,14bd2f33b99efc0ed5fcda5b02c86419,av3,25,spec35.tlsf,experiments/results-aurus-curves/aurus_detector-aurus_seed25/accumulated/spec35.tlsf,1
detector-aurus,19401d89ee10cdfe469df189f7b2f41f,av2,11,spec47.tlsf,experiments/results-aurus-curves/aurus_detector-aurus_seed11/accumulated/spec47.tlsf,1
detector-aurus,1a520f29ab777dd2f4ab0522582d5a88,av3,19,spec63.tlsf,experiments/results-aurus-curves/aurus_detector-aurus_seed19/accumulated/spec63.tlsf,1
detector-aurus,1cd3f31be8191573c99258c02cfe26db,av2,6,spec428.tlsf,experiments/results-aurus-curves/aurus_detector-aurus_seed06/accumulated/spec428.tlsf,1
detector-aurus,1d8692852094553324b0d6ea377847b5,av2,7,spec77.tlsf,experiments/results-aurus-curves/aurus_detector-aurus_seed07/accumulated/spec77.tlsf,1
detector-aurus,1e92ba5bfa1a8c2d698815dc7552dbb7,av2,5,spec17.tlsf,experiments/results-aurus-curves/aurus_detector-aurus_seed05/accumulated/spec17.tlsf,1
detector-aurus,1eb666949b0808c2826e6835aa0567ea,av2,5,spec61.tlsf,experiments/results-aurus-curves/aurus_detector-aurus_seed05/accumulated/spec61.tlsf,1
detector-aurus,1ed26860838bd27cc3f6fc134c599b58,av2,0,spec159.tlsf,experiments/results-aurus-curves/aurus_detector-aurus_seed00/accumulated/spec159.tlsf,1
detector-aurus,1f85b045945c8721dfa4bc43372aa8d6,av2,4,spec176.tlsf,experiments/results-aurus-curves/aurus_detector-aurus_seed04/accumulated/spec176.tlsf,1
detector-aurus,205b4563acb3c6be0b108e1bc3640b33,av2,10,spec91.tlsf,experiments/results-aurus-curves/aurus_detector-aurus_seed10/accumulated/spec91.tlsf,1
detector-aurus,20b2449ca7005924da2ba30a55b55e73,av3,29,spec295.tlsf,experiments/results-aurus-curves/aurus_detector-aurus_seed29/accumulated/spec295.tlsf,1
detector-aurus,232933878dc68c54b71c176024b1b4e0,av3,26,spec114.tlsf,experiments/results-aurus-curves/aurus_detector-aurus_seed26/accumulated/spec114.tlsf,1
detector-aurus,23cd1fd25ebd2c74735f890f2f556791,av2,2,spec415.tlsf,experiments/results-aurus-curves/aurus_detector-aurus_seed02/accumulated/spec415.tlsf,2
detector-aurus,24f19c5858aef3640953a5aca5291132,av3,16,spec514.tlsf,experiments/results-aurus-curves/aurus_detector-aurus_seed16/accumulated/spec514.tlsf,1
detector-aurus,251814e6f8f57ae26edc077846e0c12e,av3,26,spec316.tlsf,experiments/results-aurus-curves/aurus_detector-aurus_seed26/accumulated/spec316.tlsf,1
detector-aurus,265d21602de0b9c6ae98a4218ca92de5,av2,2,spec373.tlsf,experiments/results-aurus-curves/aurus_detector-aurus_seed02/accumulated/spec373.tlsf,1
detector-aurus,285e33181617e250fa9e79a4f84000ec,av2,3,spec90.tlsf,experiments/results-aurus-curves/aurus_detector-aurus_seed03/accumulated/spec90.tlsf,1
detector-aurus,2bc98d0a3c774dc0f00bf394aa524fa5,av2,0,spec47.tlsf,experiments/results-aurus-curves/aurus_detector-aurus_seed00/accumulated/spec47.tlsf,1
detector-aurus,2d52ed36b7849e1bb1db0010cc8cda61,av3,25,spec466.tlsf,experiments/results-aurus-curves/aurus_detector-aurus_seed25/accumulated/spec466.tlsf,1
detector-aurus,2fa844675c1343b03fef44875882b57c,av3,20,spec140.tlsf,experiments/results-aurus-curves/aurus_detector-aurus_seed20/accumulated/spec140.tlsf,1
detector-aurus,31c1bc3dfe8890931a6ab8236e94ceae,av2,10,spec54.tlsf,experiments/results-aurus-curves/aurus_detector-aurus_seed10/accumulated/spec54.tlsf,1
detector-aurus,3380e5cd9612cc238650167505c5f715,av3,20,spec466.tlsf,experiments/results-aurus-curves/aurus_detector-aurus_seed20/accumulated/spec466.tlsf,1
detector-aurus,3423c422004c297709510632f3916dc6,av2,0,spec302.tlsf,experiments/results-aurus-curves/aurus_detector-aurus_seed00/accumulated/spec302.tlsf,1
detector-aurus,34ed994081d746f18063c7a930986ea6,av2,0,spec207.tlsf,experiments/results-aurus-curves/aurus_detector-aurus_seed00/accumulated/spec207.tlsf,1
detector-aurus,37e152ee1cd6d0c4e0b42764836f6848,av3,22,spec25.tlsf,experiments/results-aurus-curves/aurus_detector-aurus_seed22/accumulated/spec25.tlsf,1
detector-aurus,38c121fd78b95fb36ba5bb683d8dba00,av2,13,spec129.tlsf,experiments/results-aurus-curves/aurus_detector-aurus_seed13/accumulated/spec129.tlsf,4
detector-aurus,3a312c97ec388c1309f9618b417ca2ac,av3,15,spec132.tlsf,experiments/results-aurus-curves/aurus_detector-aurus_seed15/accumulated/spec132.tlsf,1
detector-aurus,40bda84a46a3e49d2a5144cd83c19d7a,av2,3,spec36.tlsf,experiments/results-aurus-curves/aurus_detector-aurus_seed03/accumulated/spec36.tlsf,1
detector-aurus,419f5d38c4e6c8d4ad992888185d1723,av3,15,spec155.tlsf,experiments/results-aurus-curves/aurus_detector-aurus_seed15/accumulated/spec155.tlsf,1
detector-aurus,42393093d41e778b55f4dc08af1288fd,av3,23,spec65.tlsf,experiments/results-aurus-curves/aurus_detector-aurus_seed23/accumulated/spec65.tlsf,1
detector-aurus,42bf0699ad09ae9600c8729972843251,av2,6,spec6.tlsf,experiments/results-aurus-curves/aurus_detector-aurus_seed06/accumulated/spec6.tlsf,1
detector-aurus,431a1de849ddf62106b1c844c08716cf,av2,2,spec432.tlsf,experiments/results-aurus-curves/aurus_detector-aurus_seed02/accumulated/spec432.tlsf,1
detector-aurus,48120aafbb79b0a83d4d961bc309154a,av2,5,spec485.tlsf,experiments/results-aurus-curves/aurus_detector-aurus_seed05/accumulated/spec485.tlsf,1
detector-aurus,4843ef6255afeb3c74ad14912cc67579,av2,2,spec134.tlsf,experiments/results-aurus-curves/aurus_detector-aurus_seed02/accumulated/spec134.tlsf,1
detector-aurus,4915a75fd8e2bf772a27910a5b1dcd5a,av3,23,spec224.tlsf,experiments/results-aurus-curves/aurus_detector-aurus_seed23/accumulated/spec224.tlsf,1
detector-aurus,4a93ac20f789c5502c1b80d49df30e01,av2,2,spec162.tlsf,experiments/results-aurus-curves/aurus_detector-aurus_seed02/accumulated/spec162.tlsf,1
detector-aurus,5139d03b93dfe4a1c4aa60df0ed17fb5,av2,0,spec93.tlsf,experiments/results-aurus-curves/aurus_detector-aurus_seed00/accumulated/spec93.tlsf,1
detector-aurus,514e1e675d57260512fd7fcb56bb7736,av2,4,spec505.tlsf,experiments/results-aurus-curves/aurus_detector-aurus_seed04/accumulated/spec505.tlsf,1
detector-aurus,538ca6891214a4f60ddb3df1f702cc8d,av2,1,spec402.tlsf,experiments/results-aurus-curves/aurus_detector-aurus_seed01/accumulated/spec402.tlsf,1
detector-aurus,53f43581e7904df7c639278b55a7bdfe,av3,17,spec60.tlsf,experiments/results-aurus-curves/aurus_detector-aurus_seed17/accumulated/spec60.tlsf,1
detector-aurus,56881e62c026aa0b3584df6c1beb1787,av2,10,spec289.tlsf,experiments/results-aurus-curves/aurus_detector-aurus_seed10/accumulated/spec289.tlsf,1
detector-aurus,573bc0f3ffff2967dbcaf7255a6b2bef,av3,19,spec189.tlsf,experiments/results-aurus-curves/aurus_detector-aurus_seed19/accumulated/spec189.tlsf,1
detector-aurus,5761c30a62dd08cff9bd6589f5735be1,av3,29,spec332.tlsf,experiments/results-aurus-curves/aurus_detector-aurus_seed29/accumulated/spec332.tlsf,1
detector-aurus,58c86bbd79a819ec207b0508c1021980,av3,16,spec327.tlsf,experiments/results-aurus-curves/aurus_detector-aurus_seed16/accumulated/spec327.tlsf,1
detector-aurus,5de87698b695e3e580b0009cc02b552e,av3,15,spec125.tlsf,experiments/results-aurus-curves/aurus_detector-aurus_seed15/accumulated/spec125.tlsf,1
detector-aurus,5e9cc9ba6bcf72a4c92fd8c00420f188,av2,7,spec371.tlsf,experiments/results-aurus-curves/aurus_detector-aurus_seed07/accumulated/spec371.tlsf,1
detector-aurus,5fa7409ba11ccac8ca6a6b8cbb70351d,av3,23,spec216.tlsf,experiments/results-aurus-curves/aurus_detector-aurus_seed23/accumulated/spec216.tlsf,1
detector-aurus,60d4c512c10781b5389bdc94ec7a3d62,av3,24,spec477.tlsf,experiments/results-aurus-curves/aurus_detector-aurus_seed24/accumulated/spec477.tlsf,1
detector-aurus,63f3a72db04262ac1dd7fee200f85363,av2,0,spec281.tlsf,experiments/results-aurus-curves/aurus_detector-aurus_seed00/accumulated/spec281.tlsf,1
detector-aurus,67334f4671a7865683e0166e4a59ed04,av2,14,spec92.tlsf,experiments/results-aurus-curves/aurus_detector-aurus_seed14/accumulated/spec92.tlsf,1
detector-aurus,685893d8bb438accf5cc8f84f0b20b93,av2,6,spec126.tlsf,experiments/results-aurus-curves/aurus_detector-aurus_seed06/accumulated/spec126.tlsf,1
detector-aurus,686eccc65c389c79ac7b5554660e783b,av3,25,spec4.tlsf,experiments/results-aurus-curves/aurus_detector-aurus_seed25/accumulated/spec4.tlsf,1
detector-aurus,6880b1ad0fa8949cf09512229099208f,av3,19,spec105.tlsf,experiments/results-aurus-curves/aurus_detector-aurus_seed19/accumulated/spec105.tlsf,1
detector-aurus,6da4af38205ab1ddafc5eb3bf20ee174,av2,0,spec170.tlsf,experiments/results-aurus-curves/aurus_detector-aurus_seed00/accumulated/spec170.tlsf,1
detector-aurus,6f8ffcf7c1ab81028329ddc54be3f5dd,av2,10,spec427.tlsf,experiments/results-aurus-curves/aurus_detector-aurus_seed10/accumulated/spec427.tlsf,1
detector-aurus,700d4c7a41bf27a3f2e1a9b2bfd8ded9,av3,15,spec96.tlsf,experiments/results-aurus-curves/aurus_detector-aurus_seed15/accumulated/spec96.tlsf,1
detector-aurus,70499ffc154f34134c822a3a17780605,av3,28,spec217.tlsf,experiments/results-aurus-curves/aurus_detector-aurus_seed28/accumulated/spec217.tlsf,1
detector-aurus,710b3d426b2cae675667fa54c0f5658c,av2,0,spec49.tlsf,experiments/results-aurus-curves/aurus_detector-aurus_seed00/accumulated/spec49.tlsf,1
detector-aurus,72d64d7ba9f6762114eb49a8a8a0c4e6,av3,15,spec250.tlsf,experiments/results-aurus-curves/aurus_detector-aurus_seed15/accumulated/spec250.tlsf,1
detector-aurus,73616a921b43b3c074f5252d9d64768f,av3,28,spec245.tlsf,experiments/results-aurus-curves/aurus_detector-aurus_seed28/accumulated/spec245.tlsf,1
detector-aurus,7619fdbad9a71292013727d817845a2a,av3,24,spec368.tlsf,experiments/results-aurus-curves/aurus_detector-aurus_seed24/accumulated/spec368.tlsf,1
detector-aurus,7665b5b5f000d9e9a2a381723dd8ed8d,av2,9,spec162.tlsf,experiments/results-aurus-curves/aurus_detector-aurus_seed09/accumulated/spec162.tlsf,1
detector-aurus,78f004a09c0e5e6859d24dbb02f0232e,av2,11,spec495.tlsf,experiments/results-aurus-curves/aurus_detector-aurus_seed11/accumulated/spec495.tlsf,1
detector-aurus,79430e5edd09bb716e44f11cd5bbdea0,av3,25,spec195.tlsf,experiments/results-aurus-curves/aurus_detector-aurus_seed25/accumulated/spec195.tlsf,1
detector-aurus,799d9fe3a89c816878d17c482dc65489,av2,2,spec183.tlsf,experiments/results-aurus-curves/aurus_detector-aurus_seed02/accumulated/spec183.tlsf,1
detector-aurus,7a4707ce0d9716579231c2638e612bae,av3,28,spec364.tlsf,experiments/results-aurus-curves/aurus_detector-aurus_seed28/accumulated/spec364.tlsf,2
detector-aurus,81bd7cf460e84298ff685b7ba9d82c48,av2,6,spec263.tlsf,experiments/results-aurus-curves/aurus_detector-aurus_seed06/accumulated/spec263.tlsf,1
detector-aurus,824b69aa1b506db217f19778eaff7cac,av2,5,spec246.tlsf,experiments/results-aurus-curves/aurus_detector-aurus_seed05/accumulated/spec246.tlsf,1
detector-aurus,83df80c43d5dad6a7f4ad7bf6f75f750,av2,10,spec253.tlsf,experiments/results-aurus-curves/aurus_detector-aurus_seed10/accumulated/spec253.tlsf,1
detector-aurus,841de439f1a311be718a3cd0f34b110d,av2,0,spec92.tlsf,experiments/results-aurus-curves/aurus_detector-aurus_seed00/accumulated/spec92.tlsf,1
detector-aurus,848dc7be01d3e647ae396e33eded88e3,av2,9,spec147.tlsf,experiments/results-aurus-curves/aurus_detector-aurus_seed09/accumulated/spec147.tlsf,1
detector-aurus,858e4bba5ace63e7502c366e0d6cf565,av3,27,spec6.tlsf,experiments/results-aurus-curves/aurus_detector-aurus_seed27/accumulated/spec6.tlsf,1
detector-aurus,86a610bd72b5f9bbda5162fc9fe0a7b6,av3,29,spec2.tlsf,experiments/results-aurus-curves/aurus_detector-aurus_seed29/accumulated/spec2.tlsf,1
detector-aurus,86ee83311898d2a7b90554b4d92f3964,av2,6,spec122.tlsf,experiments/results-aurus-curves/aurus_detector-aurus_seed06/accumulated/spec122.tlsf,1
detector-aurus,870accac9b62e79f81031b7a4c22f65f,av2,11,spec225.tlsf,experiments/results-aurus-curves/aurus_detector-aurus_seed11/accumulated/spec225.tlsf,1
detector-aurus,88e844ef8fa621042445cc930a3a3977,av3,23,spec87.tlsf,experiments/results-aurus-curves/aurus_detector-aurus_seed23/accumulated/spec87.tlsf,1
detector-aurus,89f22fd63eb97bc58ff30d103fcfaa3f,av3,18,spec576.tlsf,experiments/results-aurus-curves/aurus_detector-aurus_seed18/accumulated/spec576.tlsf,1
detector-aurus,8a20395bdbfae72f3542510e3f8808e6,av3,20,spec178.tlsf,experiments/results-aurus-curves/aurus_detector-aurus_seed20/accumulated/spec178.tlsf,1
detector-aurus,8a466b733c432ae4b4d3dafa59412459,av2,1,spec175.tlsf,experiments/results-aurus-curves/aurus_detector-aurus_seed01/accumulated/spec175.tlsf,1
detector-aurus,8d00b5a9bc4e1354fe10d08e43d3186e,av3,23,spec197.tlsf,experiments/results-aurus-curves/aurus_detector-aurus_seed23/accumulated/spec197.tlsf,1
detector-aurus,8f892344816b65fb732adfc74c3e67ac,av2,7,spec136.tlsf,experiments/results-aurus-curves/aurus_detector-aurus_seed07/accumulated/spec136.tlsf,1
detector-aurus,944aca34ff0044ac3771c02513742348,av2,0,spec29.tlsf,experiments/results-aurus-curves/aurus_detector-aurus_seed00/accumulated/spec29.tlsf,1
detector-aurus,947e7b46ee200e80a7f686842029b6d4,av2,5,spec138.tlsf,experiments/results-aurus-curves/aurus_detector-aurus_seed05/accumulated/spec138.tlsf,1
detector-aurus,948f849a3ef1893528efdb0bef51745f,av2,3,spec439.tlsf,experiments/results-aurus-curves/aurus_detector-aurus_seed03/accumulated/spec439.tlsf,1
detector-aurus,94c8a73e9ad7efa3074d2db8c54443cf,av3,26,spec91.tlsf,experiments/results-aurus-curves/aurus_detector-aurus_seed26/accumulated/spec91.tlsf,1
detector-aurus,9518bbd2e5df85c856d8a5d5d1f8f390,av2,2,spec178.tlsf,experiments/results-aurus-curves/aurus_detector-aurus_seed02/accumulated/spec178.tlsf,1
detector-aurus,96d616e88aeab73957c933b9c3976f99,av2,7,spec106.tlsf,experiments/results-aurus-curves/aurus_detector-aurus_seed07/accumulated/spec106.tlsf,1
detector-aurus,98412b22c82e41a7a0bd29277fc9c798,av2,4,spec154.tlsf,experiments/results-aurus-curves/aurus_detector-aurus_seed04/accumulated/spec154.tlsf,1
detector-aurus,985a965d45023aa6341c98318b99619c,av2,5,spec36.tlsf,experiments/results-aurus-curves/aurus_detector-aurus_seed05/accumulated/spec36.tlsf,1
detector-aurus,9afc9034e79724af87ef529d0c520069,av2,14,spec446.tlsf,experiments/results-aurus-curves/aurus_detector-aurus_seed14/accumulated/spec446.tlsf,1
detector-aurus,9b3f4f3032235831edcef715b1b11114,av2,2,spec410.tlsf,experiments/results-aurus-curves/aurus_detector-aurus_seed02/accumulated/spec410.tlsf,1
detector-aurus,9d3bfede32c1851adad13df256727e38,av3,15,spec375.tlsf,experiments/results-aurus-curves/aurus_detector-aurus_seed15/accumulated/spec375.tlsf,1
detector-aurus,9da5962f900e4c0ae845ecc17b23b737,av2,9,spec45.tlsf,experiments/results-aurus-curves/aurus_detector-aurus_seed09/accumulated/spec45.tlsf,1
detector-aurus,9e3e90fad393954acaa17fb27ddf245d,av2,10,spec103.tlsf,experiments/results-aurus-curves/aurus_detector-aurus_seed10/accumulated/spec103.tlsf,1
detector-aurus,a07e9ed7ad0c0e078d0591f1ead2da64,av3,21,spec282.tlsf,experiments/results-aurus-curves/aurus_detector-aurus_seed21/accumulated/spec282.tlsf,1
detector-aurus,a0f6ffc9913184c52012e962cdebbcab,av3,26,spec211.tlsf,experiments/results-aurus-curves/aurus_detector-aurus_seed26/accumulated/spec211.tlsf,1
detector-aurus,a19d483489b6202672ae1d8df56e9bc1,av2,7,spec1.tlsf,experiments/results-aurus-curves/aurus_detector-aurus_seed07/accumulated/spec1.tlsf,1
detector-aurus,a49c951fe26bdad05ead81bec6ce999c,av2,3,spec182.tlsf,experiments/results-aurus-curves/aurus_detector-aurus_seed03/accumulated/spec182.tlsf,1
detector-aurus,a8b6b001b2e0e733aca5e2acab5423b0,av3,16,spec403.tlsf,experiments/results-aurus-curves/aurus_detector-aurus_seed16/accumulated/spec403.tlsf,1
detector-aurus,aa4cf3d05bf716117ef83d7afb876736,av2,13,spec411.tlsf,experiments/results-aurus-curves/aurus_detector-aurus_seed13/accumulated/spec411.tlsf,1
detector-aurus,ad7e082cb93feb36aa9b875bced2ae5c,av3,21,spec423.tlsf,experiments/results-aurus-curves/aurus_detector-aurus_seed21/accumulated/spec423.tlsf,1
detector-aurus,af6acdac38c868b2f0fa8ec6c1a09993,av2,2,spec68.tlsf,experiments/results-aurus-curves/aurus_detector-aurus_seed02/accumulated/spec68.tlsf,1
detector-aurus,af8e1e9aa44f8214ad38fc4113a1803f,av2,5,spec395.tlsf,experiments/results-aurus-curves/aurus_detector-aurus_seed05/accumulated/spec395.tlsf,1
detector-aurus,b2130af4e2e82be25755374f8cd2e7fd,av3,21,spec325.tlsf,experiments/results-aurus-curves/aurus_detector-aurus_seed21/accumulated/spec325.tlsf,1
detector-aurus,b2f5f6b0b3113a3155030a5d6a746d0f,av3,25,spec68.tlsf,experiments/results-aurus-curves/aurus_detector-aurus_seed25/accumulated/spec68.tlsf,1
detector-aurus,b4bd83cfafc11adbac1e1071df15c2c8,av2,2,spec297.tlsf,experiments/results-aurus-curves/aurus_detector-aurus_seed02/accumulated/spec297.tlsf,1
detector-aurus,b57a570f80c9cf28887c4f419c9f4c30,av3,19,spec223.tlsf,experiments/results-aurus-curves/aurus_detector-aurus_seed19/accumulated/spec223.tlsf,1
detector-aurus,b91728a7079ea13bcd2079586b645463,av3,21,spec406.tlsf,experiments/results-aurus-curves/aurus_detector-aurus_seed21/accumulated/spec406.tlsf,1
detector-aurus,baee284069d95c13b804a378777f794b,av3,20,spec97.tlsf,experiments/results-aurus-curves/aurus_detector-aurus_seed20/accumulated/spec97.tlsf,1
detector-aurus,bf09f6fcdb61cf6390ee20846058ef6a,av3,19,spec110.tlsf,experiments/results-aurus-curves/aurus_detector-aurus_seed19/accumulated/spec110.tlsf,1
detector-aurus,c68871f60bcdfb00e72e2317a0090ef2,av3,25,spec67.tlsf,experiments/results-aurus-curves/aurus_detector-aurus_seed25/accumulated/spec67.tlsf,1
detector-aurus,c6a9a8d3864e1076d2e7ed4063e5a722,av2,2,spec131.tlsf,experiments/results-aurus-curves/aurus_detector-aurus_seed02/accumulated/spec131.tlsf,1
detector-aurus,ca8881007179135f8c0a4a55f795dfa5,av2,5,spec8.tlsf,experiments/results-aurus-curves/aurus_detector-aurus_seed05/accumulated/spec8.tlsf,1
detector-aurus,ca95db8a725201938b950d56d653742d,av3,23,spec88.tlsf,experiments/results-aurus-curves/aurus_detector-aurus_seed23/accumulated/spec88.tlsf,1
detector-aurus,cc517006d657231f099e5e1173bf2351,av2,2,spec229.tlsf,experiments/results-aurus-curves/aurus_detector-aurus_seed02/accumulated/spec229.tlsf,1
detector-aurus,d073cb80253d98c37b69429b0ef5ba60,av3,29,spec245.tlsf,experiments/results-aurus-curves/aurus_detector-aurus_seed29/accumulated/spec245.tlsf,1
detector-aurus,d223bcbf9f2a3340f50277ef6068e032,av3,22,spec237.tlsf,experiments/results-aurus-curves/aurus_detector-aurus_seed22/accumulated/spec237.tlsf,1
detector-aurus,d2281aef86de51301aa5e84b942c5bf1,av2,4,spec93.tlsf,experiments/results-aurus-curves/aurus_detector-aurus_seed04/accumulated/spec93.tlsf,1
detector-aurus,d46f1d3e69f1f3cdc4d21074e70faee9,av2,7,spec320.tlsf,experiments/results-aurus-curves/aurus_detector-aurus_seed07/accumulated/spec320.tlsf,1
detector-aurus,d4e142e0fb217361322cb6549d3b9c45,av2,8,spec28.tlsf,experiments/results-aurus-curves/aurus_detector-aurus_seed08/accumulated/spec28.tlsf,1
detector-aurus,d6d91b6a55c7f2de44383bbaa29a6313,av2,1,spec438.tlsf,experiments/results-aurus-curves/aurus_detector-aurus_seed01/accumulated/spec438.tlsf,1
detector-aurus,db4517cbcff97271e1b1e19cde388761,av2,4,spec213.tlsf,experiments/results-aurus-curves/aurus_detector-aurus_seed04/accumulated/spec213.tlsf,1
detector-aurus,db48a4ca13eb40d0287288c3c77c3328,av3,19,spec347.tlsf,experiments/results-aurus-curves/aurus_detector-aurus_seed19/accumulated/spec347.tlsf,1
detector-aurus,dc96b6287ed3a6147870791baddaabe2,av3,15,spec253.tlsf,experiments/results-aurus-curves/aurus_detector-aurus_seed15/accumulated/spec253.tlsf,1
detector-aurus,dde4151d70a4c9c8aefcf95fe102fd2d,av3,26,spec164.tlsf,experiments/results-aurus-curves/aurus_detector-aurus_seed26/accumulated/spec164.tlsf,1
detector-aurus,e1b3df516e8f3d93351f3f374b6c3ef8,av3,29,spec430.tlsf,experiments/results-aurus-curves/aurus_detector-aurus_seed29/accumulated/spec430.tlsf,1
detector-aurus,e2faff15da1afa437c25070b35c3302c,av2,2,spec19.tlsf,experiments/results-aurus-curves/aurus_detector-aurus_seed02/accumulated/spec19.tlsf,1
detector-aurus,e2fcab9d520643f27955459b101afc2a,av3,21,spec166.tlsf,experiments/results-aurus-curves/aurus_detector-aurus_seed21/accumulated/spec166.tlsf,1
detector-aurus,e64ec66f1914436c810a82b125d12bd2,av2,4,spec270.tlsf,experiments/results-aurus-curves/aurus_detector-aurus_seed04/accumulated/spec270.tlsf,1
detector-aurus,e6529ff4eb59abfe7be34181b5e65e4a,av2,6,spec183.tlsf,experiments/results-aurus-curves/aurus_detector-aurus_seed06/accumulated/spec183.tlsf,1
detector-aurus,e6c71e56c1a08d4eff8d20b98115c891,av2,6,spec157.tlsf,experiments/results-aurus-curves/aurus_detector-aurus_seed06/accumulated/spec157.tlsf,1
detector-aurus,e9a1f14b6cd518eb2c82d3ca3114b1d3,av2,8,spec136.tlsf,experiments/results-aurus-curves/aurus_detector-aurus_seed08/accumulated/spec136.tlsf,1
detector-aurus,eb0725f97495ccfde165536eb274596d,av3,28,spec218.tlsf,experiments/results-aurus-curves/aurus_detector-aurus_seed28/accumulated/spec218.tlsf,1
detector-aurus,ec1459e3d38c552177c1cc6af117beee,av3,26,spec344.tlsf,experiments/results-aurus-curves/aurus_detector-aurus_seed26/accumulated/spec344.tlsf,1
detector-aurus,ed26571ea672b203c5558f813033735d,av2,1,spec483.tlsf,experiments/results-aurus-curves/aurus_detector-aurus_seed01/accumulated/spec483.tlsf,1
detector-aurus,edb71e0b6d50f9bab44b26356523f33e,av2,4,spec455.tlsf,experiments/results-aurus-curves/aurus_detector-aurus_seed04/accumulated/spec455.tlsf,1
detector-aurus,ef88885e19fa31317bf35537def703cc,av3,26,spec61.tlsf,experiments/results-aurus-curves/aurus_detector-aurus_seed26/accumulated/spec61.tlsf,1
detector-aurus,f5e140600593807b2da216c29cfabe6a,av2,1,spec208.tlsf,experiments/results-aurus-curves/aurus_detector-aurus_seed01/accumulated/spec208.tlsf,1
detector-aurus,f8553caad416a2586d11e5e3769e3b20,av2,10,spec90.tlsf,experiments/results-aurus-curves/aurus_detector-aurus_seed10/accumulated/spec90.tlsf,1
detector-aurus,f9066470d393727f6ebdfd292dda18ca,av2,0,spec132.tlsf,experiments/results-aurus-curves/aurus_detector-aurus_seed00/accumulated/spec132.tlsf,1
detector-aurus,f95df0ea368d21b230b933b489c9d2f9,av2,14,spec283.tlsf,experiments/results-aurus-curves/aurus_detector-aurus_seed14/accumulated/spec283.tlsf,1
detector-aurus,fdaae7b61d5a1807e1acda6d3dce96f0,av2,10,spec53.tlsf,experiments/results-aurus-curves/aurus_detector-aurus_seed10/accumulated/spec53.tlsf,1
detector-aurus,ff9e71966d4f5e257a732d3d03afd12e,av3,26,spec331.tlsf,experiments/results-aurus-curves/aurus_detector-aurus_seed26/accumulated/spec331.tlsf,1
gyro-var1,00d492840ac983f5944f82f856144b5a,av2,2,spec354.tlsf,experiments/results-aurus-curves/aurus_gyro-var1_seed02/accumulated/spec354.tlsf,3
gyro-var1,019597314752bc8743e7dafe7fd24097,av3,21,spec262.tlsf,experiments/results-aurus-curves/aurus_gyro-var1_seed21/accumulated/spec262.tlsf,1
gyro-var1,02b27f42bb756a628ae318b53faad169,av2,9,spec92.tlsf,experiments/results-aurus-curves/aurus_gyro-var1_seed09/accumulated/spec92.tlsf,1
gyro-var1,02f6995ae5cdb64f7c7ecc313e0c68ef,av3,16,spec352.tlsf,experiments/results-aurus-curves/aurus_gyro-var1_seed16/accumulated/spec352.tlsf,1
gyro-var1,033c0af14c9b083f27a99d54bd44920d,av3,20,spec375.tlsf,experiments/results-aurus-curves/aurus_gyro-var1_seed20/accumulated/spec375.tlsf,1
gyro-var1,0340d43fb7ce073cfd61accd6f91951f,av3,18,spec278.tlsf,experiments/results-aurus-curves/aurus_gyro-var1_seed18/accumulated/spec278.tlsf,1
gyro-var1,03d761831f6c97a0e4dbf12b88d64563,av3,29,spec501.tlsf,experiments/results-aurus-curves/aurus_gyro-var1_seed29/accumulated/spec501.tlsf,1
gyro-var1,0596403e81a07feef8a007d1f4ede5f2,av3,20,spec181.tlsf,experiments/results-aurus-curves/aurus_gyro-var1_seed20/accumulated/spec181.tlsf,1
gyro-var1,0656e6aba7383abd62b480769fdc09c7,av2,6,spec188.tlsf,experiments/results-aurus-curves/aurus_gyro-var1_seed06/accumulated/spec188.tlsf,1
gyro-var1,066132053e9bccdd39b9235467dcc300,av2,0,spec413.tlsf,experiments/results-aurus-curves/aurus_gyro-var1_seed00/accumulated/spec413.tlsf,1
gyro-var1,074eb5b2d46d4cec5a79da1a8279979c,av3,19,spec349.tlsf,experiments/results-aurus-curves/aurus_gyro-var1_seed19/accumulated/spec349.tlsf,1
gyro-var1,09463dd488604d1bf7830eb0daf40970,av3,25,spec402.tlsf,experiments/results-aurus-curves/aurus_gyro-var1_seed25/accumulated/spec402.tlsf,1
gyro-var1,0a0058557fc8c476153e76e4c40e9ecc,av2,3,spec322.tlsf,experiments/results-aurus-curves/aurus_gyro-var1_seed03/accumulated/spec322.tlsf,1
gyro-var1,0a31e0ed7ba4791c9a98caebf06b2b8d,av3,22,spec388.tlsf,experiments/results-aurus-curves/aurus_gyro-var1_seed22/accumulated/spec388.tlsf,1
gyro-var1,0be1c667a22d3b32a313af2e27a9c00b,av2,5,spec418.tlsf,experiments/results-aurus-curves/aurus_gyro-var1_seed05/accumulated/spec418.tlsf,1
gyro-var1,0be5820dc6101bdfff5484a6c6bce4e6,av3,20,spec326.tlsf,experiments/results-aurus-curves/aurus_gyro-var1_seed20/accumulated/spec326.tlsf,1
gyro-var1,0c4da4aa97753bc3454b8757528873c7,av2,14,spec329.tlsf,experiments/results-aurus-curves/aurus_gyro-var1_seed14/accumulated/spec329.tlsf,1
gyro-var1,0c6c312fa00665ef20b700a3031e48b5,av2,4,spec295.tlsf,experiments/results-aurus-curves/aurus_gyro-var1_seed04/accumulated/spec295.tlsf,1
gyro-var1,0cda970e993444403f5a09e57ce0f938,av3,28,spec435.tlsf,experiments/results-aurus-curves/aurus_gyro-var1_seed28/accumulated/spec435.tlsf,2
gyro-var1,0cef37e2d83c5577f541f71a9189b318,av3,20,spec174.tlsf,experiments/results-aurus-curves/aurus_gyro-var1_seed20/accumulated/spec174.tlsf,1
gyro-var1,0d3ba2624fa943d567b100a74d1088a5,av2,9,spec90.tlsf,experiments/results-aurus-curves/aurus_gyro-var1_seed09/accumulated/spec90.tlsf,1
gyro-var1,0dd20a79be1fc032712e6ddd111895ff,av2,4,spec80.tlsf,experiments/results-aurus-curves/aurus_gyro-var1_seed04/accumulated/spec80.tlsf,1
gyro-var1,0dd3b6bca6281c5909337e04440f6c0c,av2,2,spec50.tlsf,experiments/results-aurus-curves/aurus_gyro-var1_seed02/accumulated/spec50.tlsf,1
gyro-var1,104c4c63ab00d9258097b4b2e8f332d0,av2,5,spec83.tlsf,experiments/results-aurus-curves/aurus_gyro-var1_seed05/accumulated/spec83.tlsf,1
gyro-var1,135408bf57d87d0777dd3c10025c0f7d,av2,11,spec371.tlsf,experiments/results-aurus-curves/aurus_gyro-var1_seed11/accumulated/spec371.tlsf,1
gyro-var1,13f2563e750d1e4d27d1c6d95b2d6fbe,av2,2,spec127.tlsf,experiments/results-aurus-curves/aurus_gyro-var1_seed02/accumulated/spec127.tlsf,1
gyro-var1,14a6201af01747ebb384316d6c743bd3,av3,18,spec435.tlsf,experiments/results-aurus-curves/aurus_gyro-var1_seed18/accumulated/spec435.tlsf,1
gyro-var1,14d8ffb7c23ee3f33b1929e1f7d7c6e7,av2,14,spec148.tlsf,experiments/results-aurus-curves/aurus_gyro-var1_seed14/accumulated/spec148.tlsf,1
gyro-var1,15f0dd04310a45429ea825a1f87fd9d3,av3,18,spec338.tlsf,experiments/results-aurus-curves/aurus_gyro-var1_seed18/accumulated/spec338.tlsf,1
gyro-var1,162c9b8c5e5e74cee94bb6b08234f616,av3,25,spec117.tlsf,experiments/results-aurus-curves/aurus_gyro-var1_seed25/accumulated/spec117.tlsf,1
gyro-var1,194b92a9ec254bc4a87431cc66bdd058,av2,7,spec139.tlsf,experiments/results-aurus-curves/aurus_gyro-var1_seed07/accumulated/spec139.tlsf,1
gyro-var1,1998dff39a5a0033908e56c97b853f60,av2,9,spec606.tlsf,experiments/results-aurus-curves/aurus_gyro-var1_seed09/accumulated/spec606.tlsf,1
gyro-var1,19ff4e1d8c37008e060666abd7013379,av2,5,spec188.tlsf,experiments/results-aurus-curves/aurus_gyro-var1_seed05/accumulated/spec188.tlsf,1
gyro-var1,1d46e7ef0d83b0e7f2934a0bb2360ca6,av3,25,spec29.tlsf,experiments/results-aurus-curves/aurus_gyro-var1_seed25/accumulated/spec29.tlsf,1
gyro-var1,1d824beb2a54fb68dc3e61fb5ad04bf8,av2,9,spec531.tlsf,experiments/results-aurus-curves/aurus_gyro-var1_seed09/accumulated/spec531.tlsf,1
gyro-var1,1deeae8c674111d05ff38157b0b33b87,av3,18,spec155.tlsf,experiments/results-aurus-curves/aurus_gyro-var1_seed18/accumulated/spec155.tlsf,1
gyro-var1,1ebf4b0ddd01ff0667ccc60544100d62,av3,20,spec120.tlsf,experiments/results-aurus-curves/aurus_gyro-var1_seed20/accumulated/spec120.tlsf,1
gyro-var1,1fb792d1b895e9a6069db7fa08c2f735,av2,3,spec161.tlsf,experiments/results-aurus-curves/aurus_gyro-var1_seed03/accumulated/spec161.tlsf,1
gyro-var1,20a8b1ae9002dd30a6523ae6a19a54e8,av3,15,spec304.tlsf,experiments/results-aurus-curves/aurus_gyro-var1_seed15/accumulated/spec304.tlsf,2
gyro-var1,20b840e9765e89f0446a72a2a0a61a44,av2,12,spec233.tlsf,experiments/results-aurus-curves/aurus_gyro-var1_seed12/accumulated/spec233.tlsf,1
gyro-var1,2158649620ef64d21a7d87a4a2f4fb2a,av3,19,spec444.tlsf,experiments/results-aurus-curves/aurus_gyro-var1_seed19/accumulated/spec444.tlsf,1
gyro-var1,22ad51e3080e13ce863cb77459c1dbe9,av3,29,spec167.tlsf,experiments/results-aurus-curves/aurus_gyro-var1_seed29/accumulated/spec167.tlsf,1
gyro-var1,22c494aafbeb3de6480fec87807e1db8,av2,12,spec551.tlsf,experiments/results-aurus-curves/aurus_gyro-var1_seed12/accumulated/spec551.tlsf,1
gyro-var1,22c72791ec4f237031f0d39b180ae8b3,av3,20,spec443.tlsf,experiments/results-aurus-curves/aurus_gyro-var1_seed20/accumulated/spec443.tlsf,1
gyro-var1,2372523b961db09c396c1f6935d268fa,av3,18,spec553.tlsf,experiments/results-aurus-curves/aurus_gyro-var1_seed18/accumulated/spec553.tlsf,1
gyro-var1,23753c7f359066c91ffcd176fac4a75a,av2,9,spec397.tlsf,experiments/results-aurus-curves/aurus_gyro-var1_seed09/accumulated/spec397.tlsf,1
gyro-var1,27157dff7f3a83d7948df6151309ffe1,av2,6,spec127.tlsf,experiments/results-aurus-curves/aurus_gyro-var1_seed06/accumulated/spec127.tlsf,1
gyro-var1,277f00cf53439c6c952b576a8447c51b,av2,8,spec197.tlsf,experiments/results-aurus-curves/aurus_gyro-var1_seed08/accumulated/spec197.tlsf,1
gyro-var1,2831e454e98f687ff6d3c84d564656ff,av3,28,spec101.tlsf,experiments/results-aurus-curves/aurus_gyro-var1_seed28/accumulated/spec101.tlsf,1
gyro-var1,285c0d40d96aba98c2c5cff3cfb6ef46,av3,29,spec91.tlsf,experiments/results-aurus-curves/aurus_gyro-var1_seed29/accumulated/spec91.tlsf,1
gyro-var1,2be93dea8749117be9895729e7479e25,av3,18,spec84.tlsf,experiments/results-aurus-curves/aurus_gyro-var1_seed18/accumulated/spec84.tlsf,1
gyro-var1,2d78ad6afc7fbc80beb83056d758ccc9,av3,19,spec471.tlsf,experiments/results-aurus-curves/aurus_gyro-var1_seed19/accumulated/spec471.tlsf,1
gyro-var1,2daf38350e2a5fc50f5cc27045c2c39b,av2,1,spec360.tlsf,experiments/results-aurus-curves/aurus_gyro-var1_seed01/accumulated/spec360.tlsf,1
gyro-var1,2fbe04cc0b7f9020a4f5318daf3cc0e8,av3,24,spec167.tlsf,experiments/results-aurus-curves/aurus_gyro-var1_seed24/accumulated/spec167.tlsf,1
gyro-var1,2fc4741faeb36313ce564ab566fc8019,av2,13,spec158.tlsf,experiments/results-aurus-curves/aurus_gyro-var1_seed13/accumulated/spec158.tlsf,1
gyro-var1,30582b91ef94fc6247d4ff5c23681f64,av2,11,spec462.tlsf,experiments/results-aurus-curves/aurus_gyro-var1_seed11/accumulated/spec462.tlsf,1
gyro-var1,30cfe2776ad3b26dedd034b60cb81a2a,av3,20,spec220.tlsf,experiments/results-aurus-curves/aurus_gyro-var1_seed20/accumulated/spec220.tlsf,1
gyro-var1,30d9e559b5535077325deedae588b103,av2,6,spec438.tlsf,experiments/results-aurus-curves/aurus_gyro-var1_seed06/accumulated/spec438.tlsf,1
gyro-var1,30fac27ff4eb9cc7b47be058c62603bf,av2,11,spec494.tlsf,experiments/results-aurus-curves/aurus_gyro-var1_seed11/accumulated/spec494.tlsf,1
gyro-var1,32740415072e1fd4b8a48a96519dafc9,av3,16,spec188.tlsf,experiments/results-aurus-curves/aurus_gyro-var1_seed16/accumulated/spec188.tlsf,1
gyro-var1,32f33f893fffcb2d97d05ff2dcb2052a,av2,1,spec25.tlsf,experiments/results-aurus-curves/aurus_gyro-var1_seed01/accumulated/spec25.tlsf,1
gyro-var1,3533afbd068eb65ffa07742a3eff5e79,av3,16,spec157.tlsf,experiments/results-aurus-curves/aurus_gyro-var1_seed16/accumulated/spec157.tlsf,1
gyro-var1,3741475c553e64de42f6a74d34a92960,av2,10,spec321.tlsf,experiments/results-aurus-curves/aurus_gyro-var1_seed10/accumulated/spec321.tlsf,1
gyro-var1,3766ecdcfd1b53795ac7b062965ac3c2,av3,16,spec166.tlsf,experiments/results-aurus-curves/aurus_gyro-var1_seed16/accumulated/spec166.tlsf,1
gyro-var1,38db323b2b22e9ae12d4ed6545a0d853,av3,25,spec115.tlsf,experiments/results-aurus-curves/aurus_gyro-var1_seed25/accumulated/spec115.tlsf,1
gyro-var1,3a99c17597e3ff9169f5e61fd3808367,av3,20,spec177.tlsf,experiments/results-aurus-curves/aurus_gyro-var1_seed20/accumulated/spec177.tlsf,1
gyro-var1,3b716ba7e822c2b1d78236b772438c1d,av3,27,spec392.tlsf,experiments/results-aurus-curves/aurus_gyro-var1_seed27/accumulated/spec392.tlsf,1
gyro-var1,3d943830f098ffa544febd4ca2a7b7d5,av2,13,spec373.tlsf,experiments/results-aurus-curves/aurus_gyro-var1_seed13/accumulated/spec373.tlsf,1
gyro-var1,3f0eac40ed28be3f0ef8ca17fbd318b4,av2,10,spec103.tlsf,experiments/results-aurus-curves/aurus_gyro-var1_seed10/accumulated/spec103.tlsf,1
gyro-var1,405b5c22f61a1a3289c4a923e499d260,av2,6,spec171.tlsf,experiments/results-aurus-curves/aurus_gyro-var1_seed06/accumulated/spec171.tlsf,1
gyro-var1,4062b1fa892474edf19802ea7fe5a72b,av2,1,spec457.tlsf,experiments/results-aurus-curves/aurus_gyro-var1_seed01/accumulated/spec457.tlsf,1
gyro-var1,41eb9aff200112e7f7be8f5fa4c29db1,av2,2,spec459.tlsf,experiments/results-aurus-curves/aurus_gyro-var1_seed02/accumulated/spec459.tlsf,1
gyro-var1,44579688b32272627e5997e72c744c38,av2,2,spec275.tlsf,experiments/results-aurus-curves/aurus_gyro-var1_seed02/accumulated/spec275.tlsf,1
gyro-var1,452fce65429bef4c5b6e4cf1775b955c,av2,4,spec122.tlsf,experiments/results-aurus-curves/aurus_gyro-var1_seed04/accumulated/spec122.tlsf,1
gyro-var1,455ddd8f67d17cfd23fb461adbb3623a,av3,16,spec205.tlsf,experiments/results-aurus-curves/aurus_gyro-var1_seed16/accumulated/spec205.tlsf,1
gyro-var1,476a82742d053f6fdd41a999f6941e70,av3,20,spec325.tlsf,experiments/results-aurus-curves/aurus_gyro-var1_seed20/accumulated/spec325.tlsf,1
gyro-var1,49848a2cfa8213ab1969428722e1d22c,av3,18,spec283.tlsf,experiments/results-aurus-curves/aurus_gyro-var1_seed18/accumulated/spec283.tlsf,1
gyro-var1,49da16aea1061aef8c63c5bf7cc5bb19,av2,14,spec347.tlsf,experiments/results-aurus-curves/aurus_gyro-var1_seed14/accumulated/spec347.tlsf,1
gyro-var1,49ea53dbc0b4c1da817a9e14d9c659f8,av2,7,spec263.tlsf,experiments/results-aurus-curves/aurus_gyro-var1_seed07/accumulated/spec263.tlsf,1
gyro-var1,4ac442db219ae821ba4c494ab9731768,av2,5,spec32.tlsf,experiments/results-aurus-curves/aurus_gyro-var1_seed05/accumulated/spec32.tlsf,1
gyro-var1,4b0baf92c5ac65d34e860a5892ff7e96,av2,6,spec440.tlsf,experiments/results-aurus-curves/aurus_gyro-var1_seed06/accumulated/spec440.tlsf,1
gyro-var1,4c61d0e222d5bb48c096258bda0f3a31,av3,21,spec430.tlsf,experiments/results-aurus-curves/aurus_gyro-var1_seed21/accumulated/spec430.tlsf,1
gyro-var1,4cee0a8117667e42cf023c47d4ac6fcd,av2,4,spec265.tlsf,experiments/results-aurus-curves/aurus_gyro-var1_seed04/accumulated/spec265.tlsf,1
gyro-var1,4f196353392614de0182a012a4d76ec4,av2,0,spec84.tlsf,experiments/results-aurus-curves/aurus_gyro-var1_seed00/accumulated/spec84.tlsf,1
gyro-var1,4f69a20662e55e6fa70c1c399ca59899,av2,14,spec196.tlsf,experiments/results-aurus-curves/aurus_gyro-var1_seed14/accumulated/spec196.tlsf,1
gyro-var1,54cebcaa2d4059f95e5756ac0c0896d4,av3,25,spec165.tlsf,experiments/results-aurus-curves/aurus_gyro-var1_seed25/accumulated/spec165.tlsf,1
gyro-var1,5594a3f472e1ce8317b34c405a7dfa51,av2,14,spec101.tlsf,experiments/results-aurus-curves/aurus_gyro-var1_seed14/accumulated/spec101.tlsf,1
gyro-var1,58b8f4bdf5997a7997f0db5c48ead469,av2,3,spec257.tlsf,experiments/results-aurus-curves/aurus_gyro-var1_seed03/accumulated/spec257.tlsf,1
gyro-var1,5978f52960399a270cc2a139899142ff,av3,28,spec207.tlsf,experiments/results-aurus-curves/aurus_gyro-var1_seed28/accumulated/spec207.tlsf,1
gyro-var1,59c0dadb5ae510b9752fa1a12c7bbc47,av2,14,spec176.tlsf,experiments/results-aurus-curves/aurus_gyro-var1_seed14/accumulated/spec176.tlsf,1
gyro-var1,5d2eeb7d0dbeedf7d0c079db6bc6c08c,av3,25,spec106.tlsf,experiments/results-aurus-curves/aurus_gyro-var1_seed25/accumulated/spec106.tlsf,1
gyro-var1,5dc28113264338e5fba949dabd3bdc3d,av2,13,spec212.tlsf,experiments/results-aurus-curves/aurus_gyro-var1_seed13/accumulated/spec212.tlsf,1
gyro-var1,5f0a79a70a6267dd16280dab266fb1ad,av3,25,spec15.tlsf,experiments/results-aurus-curves/aurus_gyro-var1_seed25/accumulated/spec15.tlsf,1
gyro-var1,5f4f194ae7b29ff6549f73a9ad6d1956,av2,14,spec403.tlsf,experiments/results-aurus-curves/aurus_gyro-var1_seed14/accumulated/spec403.tlsf,1
gyro-var1,5f5d87f919470b05ce0cec4e414a8bbb,av2,11,spec440.tlsf,experiments/results-aurus-curves/aurus_gyro-var1_seed11/accumulated/spec440.tlsf,1
gyro-var1,600744183f08870b5a72632103d7ea1e,av2,11,spec269.tlsf,experiments/results-aurus-curves/aurus_gyro-var1_seed11/accumulated/spec269.tlsf,2
gyro-var1,6118884195e1fccf3f46dcb5f468541e,av3,26,spec365.tlsf,experiments/results-aurus-curves/aurus_gyro-var1_seed26/accumulated/spec365.tlsf,1
gyro-var1,612dbd4af6aa33a55f4f6f58b7dfe5f5,av2,2,spec277.tlsf,experiments/results-aurus-curves/aurus_gyro-var1_seed02/accumulated/spec277.tlsf,1
gyro-var1,61f6bf40ab2c9d0f697e321957d534f1,av2,2,spec442.tlsf,experiments/results-aurus-curves/aurus_gyro-var1_seed02/accumulated/spec442.tlsf,1
gyro-var1,62e33284c6ff87230e474c5fcd563cd7,av2,5,spec262.tlsf,experiments/results-aurus-curves/aurus_gyro-var1_seed05/accumulated/spec262.tlsf,1
gyro-var1,63151e0576fa4988fb79b5cd986a68fe,av2,2,spec508.tlsf,experiments/results-aurus-curves/aurus_gyro-var1_seed02/accumulated/spec508.tlsf,1
gyro-var1,65408a9255b6a089eba29c5185504897,av3,24,spec422.tlsf,experiments/results-aurus-curves/aurus_gyro-var1_seed24/accumulated/spec422.tlsf,1
gyro-var1,65bd472a2542b496901bec36e280e807,av3,16,spec342.tlsf,experiments/results-aurus-curves/aurus_gyro-var1_seed16/accumulated/spec342.tlsf,1
gyro-var1,66497f8dcaa05dd36d6b51fd773f2eb0,av2,6,spec437.tlsf,experiments/results-aurus-curves/aurus_gyro-var1_seed06/accumulated/spec437.tlsf,1
gyro-var1,6784dbbf291429ab06aee0779bc79381,av2,10,spec200.tlsf,experiments/results-aurus-curves/aurus_gyro-var1_seed10/accumulated/spec200.tlsf,1
gyro-var1,67f0a65fd3ff2527aefd8975b8371825,av2,1,spec421.tlsf,experiments/results-aurus-curves/aurus_gyro-var1_seed01/accumulated/spec421.tlsf,1
gyro-var1,6927a877c72585491797fb5e09d2eccd,av2,9,spec383.tlsf,experiments/results-aurus-curves/aurus_gyro-var1_seed09/accumulated/spec383.tlsf,1
gyro-var1,69c269cc88af3ae29735ae6abf630b19,av3,16,spec357.tlsf,experiments/results-aurus-curves/aurus_gyro-var1_seed16/accumulated/spec357.tlsf,1
gyro-var1,6a03dc9a67e2862694c3829a47827214,av3,25,spec46.tlsf,experiments/results-aurus-curves/aurus_gyro-var1_seed25/accumulated/spec46.tlsf,1
gyro-var1,6b09dc2b949720a93a34a150f232a45f,av2,8,spec132.tlsf,experiments/results-aurus-curves/aurus_gyro-var1_seed08/accumulated/spec132.tlsf,1
gyro-var1,6b0eac177852fd8914a8e3086fe958d4,av2,14,spec293.tlsf,experiments/results-aurus-curves/aurus_gyro-var1_seed14/accumulated/spec293.tlsf,1
gyro-var1,6cc235d09d6e1e806923ddc30c99ab2c,av2,2,spec180.tlsf,experiments/results-aurus-curves/aurus_gyro-var1_seed02/accumulated/spec180.tlsf,1
gyro-var1,6da24b05e978954a14167ea0b85d7aaa,av3,20,spec185.tlsf,experiments/results-aurus-curves/aurus_gyro-var1_seed20/accumulated/spec185.tlsf,1
gyro-var1,70215195d8ff6abb163a9a85531c377d,av3,20,spec98.tlsf,experiments/results-aurus-curves/aurus_gyro-var1_seed20/accumulated/spec98.tlsf,1
gyro-var1,7687d0a2e8849c4ff4408420f00f1cbe,av3,24,spec201.tlsf,experiments/results-aurus-curves/aurus_gyro-var1_seed24/accumulated/spec201.tlsf,1
gyro-var1,76a5102497cd57fc860291dd73c75bb8,av2,0,spec94.tlsf,experiments/results-aurus-curves/aurus_gyro-var1_seed00/accumulated/spec94.tlsf,1
gyro-var1,77066ad9281ed331888753ddd3d7a685,av2,12,spec112.tlsf,experiments/results-aurus-curves/aurus_gyro-var1_seed12/accumulated/spec112.tlsf,1
gyro-var1,79044f21d33d31121006a94fb1c52e39,av3,29,spec516.tlsf,experiments/results-aurus-curves/aurus_gyro-var1_seed29/accumulated/spec516.tlsf,1
gyro-var1,7a2e01601164d98cb8024f9200020c97,av3,20,spec345.tlsf,experiments/results-aurus-curves/aurus_gyro-var1_seed20/accumulated/spec345.tlsf,1
gyro-var1,7c588d5f731a75113cf7f96143fbce11,av3,24,spec153.tlsf,experiments/results-aurus-curves/aurus_gyro-var1_seed24/accumulated/spec153.tlsf,1
gyro-var1,7ca031d14f0f1c3b395d0d9471d11fd0,av3,20,spec399.tlsf,experiments/results-aurus-curves/aurus_gyro-var1_seed20/accumulated/spec399.tlsf,1
gyro-var1,7d2a54bd25e29afaa5ec3ada3ad4b2c3,av3,20,spec199.tlsf,experiments/results-aurus-curves/aurus_gyro-var1_seed20/accumulated/spec199.tlsf,1
gyro-var1,7ea9ef94a62b566a616db23ff3afec8e,av2,10,spec393.tlsf,experiments/results-aurus-curves/aurus_gyro-var1_seed10/accumulated/spec393.tlsf,1
gyro-var1,7f3ce7aa103aba0195248396d62adcae,av2,10,spec197.tlsf,experiments/results-aurus-curves/aurus_gyro-var1_seed10/accumulated/spec197.tlsf,1
gyro-var1,83de239a24bee9bf526df3e5dca7d5d0,av3,16,spec117.tlsf,experiments/results-aurus-curves/aurus_gyro-var1_seed16/accumulated/spec117.tlsf,1
gyro-var1,84e29d5734bd85180e16c68a66f6efeb,av2,13,spec370.tlsf,experiments/results-aurus-curves/aurus_gyro-var1_seed13/accumulated/spec370.tlsf,1
gyro-var1,85677567eb5dba85a4914d62d433c5c4,av3,27,spec104.tlsf,experiments/results-aurus-curves/aurus_gyro-var1_seed27/accumulated/spec104.tlsf,1
gyro-var1,86319901791780d8a12c29e9279b877c,av3,19,spec422.tlsf,experiments/results-aurus-curves/aurus_gyro-var1_seed19/accumulated/spec422.tlsf,1
gyro-var1,8844988834ce415a0cc817f6719768d8,av3,24,spec329.tlsf,experiments/results-aurus-curves/aurus_gyro-var1_seed24/accumulated/spec329.tlsf,1
gyro-var1,89619d0a705c6d796ce6b275fc604263,av2,13,spec204.tlsf,experiments/results-aurus-curves/aurus_gyro-var1_seed13/accumulated/spec204.tlsf,1
gyro-var1,8a8acd2b78dde0e4db1c754606672de4,av3,24,spec294.tlsf,experiments/results-aurus-curves/aurus_gyro-var1_seed24/accumulated/spec294.tlsf,1
gyro-var1,8b734f138b507ec04fa907cd675f2736,av3,28,spec261.tlsf,experiments/results-aurus-curves/aurus_gyro-var1_seed28/accumulated/spec261.tlsf,1
gyro-var1,8c146c8a9db9f6722aa85657948bff35,av2,6,spec475.tlsf,experiments/results-aurus-curves/aurus_gyro-var1_seed06/accumulated/spec475.tlsf,1
gyro-var1,8df8e632abe8549f7ff608ae65a824e4,av2,3,spec310.tlsf,experiments/results-aurus-curves/aurus_gyro-var1_seed03/accumulated/spec310.tlsf,1
gyro-var1,8e055539a51c39349d7ae555806b7cbb,av2,4,spec278.tlsf,experiments/results-aurus-curves/aurus_gyro-var1_seed04/accumulated/spec278.tlsf,1
gyro-var1,8e86ad2591375cd677e00058b2091054,av3,29,spec223.tlsf,experiments/results-aurus-curves/aurus_gyro-var1_seed29/accumulated/spec223.tlsf,1
gyro-var1,8fdc1b33d62e8fd9b7441c94d032e005,av2,0,spec258.tlsf,experiments/results-aurus-curves/aurus_gyro-var1_seed00/accumulated/spec258.tlsf,1
gyro-var1,93f0de80fd1b45c1850e61c5cd88cc11,av2,12,spec385.tlsf,experiments/results-aurus-curves/aurus_gyro-var1_seed12/accumulated/spec385.tlsf,1
gyro-var1,94d04b76a759e831a19106b99bfca934,av3,18,spec105.tlsf,experiments/results-aurus-curves/aurus_gyro-var1_seed18/accumulated/spec105.tlsf,1
gyro-var1,956b8bd432dbc86cadd59f8cc94e15ef,av2,12,spec320.tlsf,experiments/results-aurus-curves/aurus_gyro-var1_seed12/accumulated/spec320.tlsf,1
gyro-var1,96f189f2a52b9dad6253a5ce45a249a5,av2,9,spec227.tlsf,experiments/results-aurus-curves/aurus_gyro-var1_seed09/accumulated/spec227.tlsf,1
gyro-var1,97b405be19406c8cf762934d11591525,av3,18,spec148.tlsf,experiments/results-aurus-curves/aurus_gyro-var1_seed18/accumulated/spec148.tlsf,1
gyro-var1,994d563116df259017460530a3b8879d,av3,24,spec254.tlsf,experiments/results-aurus-curves/aurus_gyro-var1_seed24/accumulated/spec254.tlsf,1
gyro-var1,9d91e30f0d8a66e6711075c7faa6206d,av3,16,spec433.tlsf,experiments/results-aurus-curves/aurus_gyro-var1_seed16/accumulated/spec433.tlsf,1
gyro-var1,9da7a5a0e56f74032c5e508c2ca294fd,av3,20,spec358.tlsf,experiments/results-aurus-curves/aurus_gyro-var1_seed20/accumulated/spec358.tlsf,1
gyro-var1,9e72a5722d9bea130b49bdd1c80148cf,av3,27,spec484.tlsf,experiments/results-aurus-curves/aurus_gyro-var1_seed27/accumulated/spec484.tlsf,1
gyro-var1,9e8040c0a27a2dbbaf0489e996b525ab,av2,6,spec93.tlsf,experiments/results-aurus-curves/aurus_gyro-var1_seed06/accumulated/spec93.tlsf,1
gyro-var1,a04a1722241b86e2239cbbbcae3b4892,av3,20,spec339.tlsf,experiments/results-aurus-curves/aurus_gyro-var1_seed20/accumulated/spec339.tlsf,1
gyro-var1,a3763ccd6f21b9465c661091420c6fa3,av2,14,spec10.tlsf,experiments/results-aurus-curves/aurus_gyro-var1_seed14/accumulated/spec10.tlsf,1
gyro-var1,a4149569600c927ea007d1b509ca0b2c,av3,20,spec267.tlsf,experiments/results-aurus-curves/aurus_gyro-var1_seed20/accumulated/spec267.tlsf,1
gyro-var1,a5610807318aec31c8d2b65a700e3b12,av2,2,spec226.tlsf,experiments/results-aurus-curves/aurus_gyro-var1_seed02/accumulated/spec226.tlsf,1
gyro-var1,a56c759769eb010bc8b89fc0b0618a3e,av2,4,spec486.tlsf,experiments/results-aurus-curves/aurus_gyro-var1_seed04/accumulated/spec486.tlsf,1
gyro-var1,a5923fae851ec4fc583d1e63036a022f,av3,26,spec269.tlsf,experiments/results-aurus-curves/aurus_gyro-var1_seed26/accumulated/spec269.tlsf,1
gyro-var1,a64a52040ecb2ea64f5418c817d41d6b,av3,20,spec94.tlsf,experiments/results-aurus-curves/aurus_gyro-var1_seed20/accumulated/spec94.tlsf,1
gyro-var1,a652166a4938149493f3cffb31c576d1,av2,14,spec95.tlsf,experiments/results-aurus-curves/aurus_gyro-var1_seed14/accumulated/spec95.tlsf,1
gyro-var1,a6c7196d74abccb827f864f1b2981da6,av2,0,spec251.tlsf,experiments/results-aurus-curves/aurus_gyro-var1_seed00/accumulated/spec251.tlsf,1
gyro-var1,a7e9191db87a9589bdcaf5a71ff42f2c,av3,27,spec429.tlsf,experiments/results-aurus-curves/aurus_gyro-var1_seed27/accumulated/spec429.tlsf,1
gyro-var1,a984c5fcfb5b62b7f4ca0003bc3df32e,av2,10,spec151.tlsf,experiments/results-aurus-curves/aurus_gyro-var1_seed10/accumulated/spec151.tlsf,1
gyro-var1,ab6ee3e362511a49c493719625beeda0,av2,12,spec282.tlsf,experiments/results-aurus-curves/aurus_gyro-var1_seed12/accumulated/spec282.tlsf,1
gyro-var1,ab85d1961c0f55e87d80996bc45b7f6f,av3,24,spec420.tlsf,experiments/results-aurus-curves/aurus_gyro-var1_seed24/accumulated/spec420.tlsf,1
gyro-var1,ad36d4bd10bae177ccf0b57402b4a058,av2,7,spec47.tlsf,experiments/results-aurus-curves/aurus_gyro-var1_seed07/accumulated/spec47.tlsf,1
gyro-var1,adb81e337d5714bfa9b2a3567f45e360,av2,8,spec163.tlsf,experiments/results-aurus-curves/aurus_gyro-var1_seed08/accumulated/spec163.tlsf,1
gyro-var1,b00b8c91036b602d18943cfb9f225845,av3,17,spec163.tlsf,experiments/results-aurus-curves/aurus_gyro-var1_seed17/accumulated/spec163.tlsf,1
gyro-var1,b1603c91c696d95f502c75cc853d538b,av3,20,spec92.tlsf,experiments/results-aurus-curves/aurus_gyro-var1_seed20/accumulated/spec92.tlsf,1
gyro-var1,b249abd652cfd5433ceaa08d9ab71d4e,av3,16,spec239.tlsf,experiments/results-aurus-curves/aurus_gyro-var1_seed16/accumulated/spec239.tlsf,1
gyro-var1,b2e38eec787495f38065c1980af81e34,av2,11,spec501.tlsf,experiments/results-aurus-curves/aurus_gyro-var1_seed11/accumulated/spec501.tlsf,1
gyro-var1,b3a824c82ac147439d06be8a2fcc5d12,av3,24,spec483.tlsf,experiments/results-aurus-curves/aurus_gyro-var1_seed24/accumulated/spec483.tlsf,1
gyro-var1,b4235c31d3438cf898d84d730a4a5b8a,av3,25,spec128.tlsf,experiments/results-aurus-curves/aurus_gyro-var1_seed25/accumulated/spec128.tlsf,1
gyro-var1,b46c4543def186e8de38d327cf1e4b9e,av3,27,spec98.tlsf,experiments/results-aurus-curves/aurus_gyro-var1_seed27/accumulated/spec98.tlsf,1
gyro-var1,b4838becbb85d849a5ea8cd883ac497d,av2,3,spec146.tlsf,experiments/results-aurus-curves/aurus_gyro-var1_seed03/accumulated/spec146.tlsf,1
gyro-var1,b49e1b6cdf62214d54c7aa68624b3fe4,av2,9,spec429.tlsf,experiments/results-aurus-curves/aurus_gyro-var1_seed09/accumulated/spec429.tlsf,1
gyro-var1,b4bd551e4acb9cd49a7e17f86e7e95ce,av3,29,spec184.tlsf,experiments/results-aurus-curves/aurus_gyro-var1_seed29/accumulated/spec184.tlsf,1
gyro-var1,b59cd0d7170756d0d2fc1208d985aedc,av3,20,spec300.tlsf,experiments/results-aurus-curves/aurus_gyro-var1_seed20/accumulated/spec300.tlsf,1
gyro-var1,b5f9e828737b089b92cf50c53f09c592,av2,10,spec417.tlsf,experiments/results-aurus-curves/aurus_gyro-var1_seed10/accumulated/spec417.tlsf,1
gyro-var1,b93f8daf6e75761f99b6257a974cdf9d,av2,10,spec261.tlsf,experiments/results-aurus-curves/aurus_gyro-var1_seed10/accumulated/spec261.tlsf,1
gyro-var1,b9c98738aa710b3633aadfcfd01d8609,av2,9,spec271.tlsf,experiments/results-aurus-curves/aurus_gyro-var1_seed09/accumulated/spec271.tlsf,1
gyro-var1,ba33007ab1f9de39d89c09b58e7005e8,av3,16,spec175.tlsf,experiments/results-aurus-curves/aurus_gyro-var1_seed16/accumulated/spec175.tlsf,1
gyro-var1,be487d8c2e8b19bd1707656d7aca2f5d,av2,14,spec376.tlsf,experiments/results-aurus-curves/aurus_gyro-var1_seed14/accumulated/spec376.tlsf,1
gyro-var1,be6ef4d44cdcf55fdd49e52f667a5eda,av2,3,spec74.tlsf,experiments/results-aurus-curves/aurus_gyro-var1_seed03/accumulated/spec74.tlsf,1
gyro-var1,bfc6a14984d970b5661b00515d2b5ccb,av3,28,spec94.tlsf,experiments/results-aurus-curves/aurus_gyro-var1_seed28/accumulated/spec94.tlsf,1
gyro-var1,bfdd8ddebada24131364ad304e8fa9fb,av3,28,spec478.tlsf,experiments/results-aurus-curves/aurus_gyro-var1_seed28/accumulated/spec478.tlsf,1
gyro-var1,c12826795af129802392fb63cf057f3d,av2,11,spec190.tlsf,experiments/results-aurus-curves/aurus_gyro-var1_seed11/accumulated/spec190.tlsf,1
gyro-var1,c35f7484e7b1cc42c9de68f0821ba063,av2,6,spec374.tlsf,experiments/results-aurus-curves/aurus_gyro-var1_seed06/accumulated/spec374.tlsf,1
gyro-var1,c3b57b20d649a9f93e071d13d9a09860,av2,2,spec172.tlsf,experiments/results-aurus-curves/aurus_gyro-var1_seed02/accumulated/spec172.tlsf,1
gyro-var1,c4f398eed53571b6f2c1cdec32aa4926,av3,25,spec143.tlsf,experiments/results-aurus-curves/aurus_gyro-var1_seed25/accumulated/spec143.tlsf,1
gyro-var1,c6b1652a9962f40fcf164f5e9dcfb550,av3,29,spec262.tlsf,experiments/results-aurus-curves/aurus_gyro-var1_seed29/accumulated/spec262.tlsf,1
gyro-var1,c6c09d4986229d532508df5624ab8ef5,av3,19,spec527.tlsf,experiments/results-aurus-curves/aurus_gyro-var1_seed19/accumulated/spec527.tlsf,1
gyro-var1,c84fc2f3fda1c1d63e81cca2a6a01d67,av3,15,spec453.tlsf,experiments/results-aurus-curves/aurus_gyro-var1_seed15/accumulated/spec453.tlsf,1
gyro-var1,cba59236bc9bf8b61734902ae6a41f4c,av2,13,spec255.tlsf,experiments/results-aurus-curves/aurus_gyro-var1_seed13/accumulated/spec255.tlsf,1
gyro-var1,cbd7c3754fffde588bbda5e1897b2459,av2,11,spec162.tlsf,experiments/results-aurus-curves/aurus_gyro-var1_seed11/accumulated/spec162.tlsf,1
gyro-var1,ccb87abd443a7f152ff475380206f71d,av3,22,spec453.tlsf,experiments/results-aurus-curves/aurus_gyro-var1_seed22/accumulated/spec453.tlsf,1
gyro-var1,cd0a664922295bed9a191c39935b6229,av3,20,spec213.tlsf,experiments/results-aurus-curves/aurus_gyro-var1_seed20/accumulated/spec213.tlsf,1
gyro-var1,ce6a663700a7df4a0d07a46a09d7d14b,av3,21,spec410.tlsf,experiments/results-aurus-curves/aurus_gyro-var1_seed21/accumulated/spec410.tlsf,1
gyro-var1,cf0d0a2ad8706d25ba481843045a2745,av2,13,spec344.tlsf,experiments/results-aurus-curves/aurus_gyro-var1_seed13/accumulated/spec344.tlsf,1
gyro-var1,d02047e08bc7b820e3901cab3145754e,av2,3,spec353.tlsf,experiments/results-aurus-curves/aurus_gyro-var1_seed03/accumulated/spec353.tlsf,1
gyro-var1,d0b848753ec47c37cb7b0d02d7d2c9b8,av3,29,spec364.tlsf,experiments/results-aurus-curves/aurus_gyro-var1_seed29/accumulated/spec364.tlsf,1
gyro-var1,d16297a672b2679a7d339cbd16c12134,av2,0,spec115.tlsf,experiments/results-aurus-curves/aurus_gyro-var1_seed00/accumulated/spec115.tlsf,1
gyro-var1,d52db6f43ffe12b5c2270a1e2e04cc6d,av3,25,spec298.tlsf,experiments/results-aurus-curves/aurus_gyro-var1_seed25/accumulated/spec298.tlsf,1
gyro-var1,d544dee95cfaf77d668fe19832843988,av2,5,spec141.tlsf,experiments/results-aurus-curves/aurus_gyro-var1_seed05/accumulated/spec141.tlsf,1
gyro-var1,d73f7f49584ecf7c1656acbf444d5f77,av3,27,spec100.tlsf,experiments/results-aurus-curves/aurus_gyro-var1_seed27/accumulated/spec100.tlsf,1
gyro-var1,d8977c9e972212ae5500331069761923,av2,8,spec139.tlsf,experiments/results-aurus-curves/aurus_gyro-var1_seed08/accumulated/spec139.tlsf,1
gyro-var1,d8eebbf8b06f3d87e3d2eb05f86cef7e,av3,17,spec242.tlsf,experiments/results-aurus-curves/aurus_gyro-var1_seed17/accumulated/spec242.tlsf,1
gyro-var1,d8fa3b4b37f982bebf654d129b46f6b9,av2,0,spec244.tlsf,experiments/results-aurus-curves/aurus_gyro-var1_seed00/accumulated/spec244.tlsf,1
gyro-var1,da9a680ac94cb91f7ba031c8a4143ac6,av3,20,spec117.tlsf,experiments/results-aurus-curves/aurus_gyro-var1_seed20/accumulated/spec117.tlsf,1
gyro-var1,dac148e0398706bbe7d3d3c98697700c,av3,18,spec128.tlsf,experiments/results-aurus-curves/aurus_gyro-var1_seed18/accumulated/spec128.tlsf,1
gyro-var1,dc0cc89e9da5c615899b811c67388e36,av3,21,spec318.tlsf,experiments/results-aurus-curves/aurus_gyro-var1_seed21/accumulated/spec318.tlsf,1
gyro-var1,dce4b8029bbcec82949d086d9d88d728,av2,7,spec181.tlsf,experiments/results-aurus-curves/aurus_gyro-var1_seed07/accumulated/spec181.tlsf,1
gyro-var1,df61f90d79a0f7aeb78e97590060de66,av2,11,spec390.tlsf,experiments/results-aurus-curves/aurus_gyro-var1_seed11/accumulated/spec390.tlsf,1
gyro-var1,e2a4e022a593e9a9fb6d81d2296af3c2,av2,4,spec78.tlsf,experiments/results-aurus-curves/aurus_gyro-var1_seed04/accumulated/spec78.tlsf,1
gyro-var1,e5ead5e3210fa9fd8e05c47b8d25a8a0,av2,0,spec281.tlsf,experiments/results-aurus-curves/aurus_gyro-var1_seed00/accumulated/spec281.tlsf,1
gyro-var1,e66d11458b715a46e0bdb41c104cbcf9,av2,0,spec396.tlsf,experiments/results-aurus-curves/aurus_gyro-var1_seed00/accumulated/spec396.tlsf,1
gyro-var1,ec2b95095a38589ce57c8d3caa6737f0,av3,15,spec201.tlsf,experiments/results-aurus-curves/aurus_gyro-var1_seed15/accumulated/spec201.tlsf,1
gyro-var1,ed58ddd9c39fceaace31c8d9d3736997,av2,12,spec317.tlsf,experiments/results-aurus-curves/aurus_gyro-var1_seed12/accumulated/spec317.tlsf,1
gyro-var1,ee2b06eeb0839fc3f27603eebc8159f4,av2,8,spec285.tlsf,experiments/results-aurus-curves/aurus_gyro-var1_seed08/accumulated/spec285.tlsf,1
gyro-var1,eef31cb3d718d70328f079ef96b2ffed,av2,2,spec230.tlsf,experiments/results-aurus-curves/aurus_gyro-var1_seed02/accumulated/spec230.tlsf,1
gyro-var1,f0ac9a9416e65966f6741d2e783b31b6,av3,29,spec376.tlsf,experiments/results-aurus-curves/aurus_gyro-var1_seed29/accumulated/spec376.tlsf,1
gyro-var1,f34a845fd2774a002db70420c8673136,av2,10,spec410.tlsf,experiments/results-aurus-curves/aurus_gyro-var1_seed10/accumulated/spec410.tlsf,1
gyro-var1,f35574d2810aa20d8b746abf8ce67a5e,av2,5,spec56.tlsf,experiments/results-aurus-curves/aurus_gyro-var1_seed05/accumulated/spec56.tlsf,1
gyro-var1,f97953c80c69b08c4b755f3411364c20,av3,29,spec121.tlsf,experiments/results-aurus-curves/aurus_gyro-var1_seed29/accumulated/spec121.tlsf,1
gyro-var1,fac05215bac37c2d7b1b7463da56360d,av3,20,spec333.tlsf,experiments/results-aurus-curves/aurus_gyro-var1_seed20/accumulated/spec333.tlsf,1
gyro-var1,fac81462069d81d6fef6d3fea93048b7,av3,20,spec397.tlsf,experiments/results-aurus-curves/aurus_gyro-var1_seed20/accumulated/spec397.tlsf,1
gyro-var1,fbf3f00a3b420017e22d20e2e0ab383a,av3,28,spec493.tlsf,experiments/results-aurus-curves/aurus_gyro-var1_seed28/accumulated/spec493.tlsf,1
gyro-var1,fc5748d9eb3a87fcccda194dcdaa47df,av3,21,spec501.tlsf,experiments/results-aurus-curves/aurus_gyro-var1_seed21/accumulated/spec501.tlsf,1
gyro-var1,fcca55d326e2573b96618d91ebe8c838,av3,21,spec193.tlsf,experiments/results-aurus-curves/aurus_gyro-var1_seed21/accumulated/spec193.tlsf,1
gyro-var1,feadc024697fc646d69448dd3d7c0c7d,av3,20,spec281.tlsf,experiments/results-aurus-curves/aurus_gyro-var1_seed20/accumulated/spec281.tlsf,1
gyro-var2,008ec4237b609c98f0f2eed6730c1290,av3,27,spec638.tlsf,experiments/results-aurus-curves/aurus_gyro-var2_seed27/accumulated/spec638.tlsf,1
gyro-var2,00a7698aa1c02e381dfdba7abddc7601,av3,27,spec522.tlsf,experiments/results-aurus-curves/aurus_gyro-var2_seed27/accumulated/spec522.tlsf,1
gyro-var2,00c585db583b9165f5f26271efeaa0d0,av3,22,spec431.tlsf,experiments/results-aurus-curves/aurus_gyro-var2_seed22/accumulated/spec431.tlsf,1
gyro-var2,01fad66cc32bcf62872c12dbb59640e5,av3,26,spec559.tlsf,experiments/results-aurus-curves/aurus_gyro-var2_seed26/accumulated/spec559.tlsf,1
gyro-var2,0209f5a8ef8aca4d23d20ef44baffb00,av3,21,spec593.tlsf,experiments/results-aurus-curves/aurus_gyro-var2_seed21/accumulated/spec593.tlsf,1
gyro-var2,02926165ae6045142b0f9990274608cb,av3,23,spec343.tlsf,experiments/results-aurus-curves/aurus_gyro-var2_seed23/accumulated/spec343.tlsf,1
gyro-var2,0303ebe9cacd8fe55d91fa35c6172085,av3,26,spec98.tlsf,experiments/results-aurus-curves/aurus_gyro-var2_seed26/accumulated/spec98.tlsf,1
gyro-var2,045dd72a8ffc8f440eed21c0638e4e1e,av2,14,spec33.tlsf,experiments/results-aurus-curves/aurus_gyro-var2_seed14/accumulated/spec33.tlsf,1
gyro-var2,05551a2440e11eac62ccfd1303ef9614,av2,3,spec263.tlsf,experiments/results-aurus-curves/aurus_gyro-var2_seed03/accumulated/spec263.tlsf,1
gyro-var2,056d7c4b243a5420242e24e1e3aee994,av2,2,spec333.tlsf,experiments/results-aurus-curves/aurus_gyro-var2_seed02/accumulated/spec333.tlsf,2
gyro-var2,059788366f34feed38b8ba974aeb5c50,av3,24,spec279.tlsf,experiments/results-aurus-curves/aurus_gyro-var2_seed24/accumulated/spec279.tlsf,1
gyro-var2,05e7d0391b5fcc5aef50a39007243ab9,av3,17,spec200.tlsf,experiments/results-aurus-curves/aurus_gyro-var2_seed17/accumulated/spec200.tlsf,1
gyro-var2,0699e85e4580120368d54f39efc234f8,av3,28,spec463.tlsf,experiments/results-aurus-curves/aurus_gyro-var2_seed28/accumulated/spec463.tlsf,1
gyro-var2,06cc9478e415e464ab899324f8ff549c,av3,16,spec415.tlsf,experiments/results-aurus-curves/aurus_gyro-var2_seed16/accumulated/spec415.tlsf,1
gyro-var2,092959905c76843b63a57b852887aa54,av3,18,spec238.tlsf,experiments/results-aurus-curves/aurus_gyro-var2_seed18/accumulated/spec238.tlsf,1
gyro-var2,0cd4ee77a54445ca2a1503750409a17c,av3,16,spec202.tlsf,experiments/results-aurus-curves/aurus_gyro-var2_seed16/accumulated/spec202.tlsf,3
gyro-var2,0f10fe0059acdc16dc7ca54b01f359a5,av2,10,spec448.tlsf,experiments/results-aurus-curves/aurus_gyro-var2_seed10/accumulated/spec448.tlsf,1
gyro-var2,101eac51e54674f92d656790b276cd43,av2,3,spec373.tlsf,experiments/results-aurus-curves/aurus_gyro-var2_seed03/accumulated/spec373.tlsf,1
gyro-var2,115ba9f19b391ddc02018888d210c0aa,av2,12,spec600.tlsf,experiments/results-aurus-curves/aurus_gyro-var2_seed12/accumulated/spec600.tlsf,1
gyro-var2,12815817758bd8947006cd0d7a51e142,av3,21,spec378.tlsf,experiments/results-aurus-curves/aurus_gyro-var2_seed21/accumulated/spec378.tlsf,1
gyro-var2,158d2e02c068dd8465ff51f9b8d9d468,av3,15,spec190.tlsf,experiments/results-aurus-curves/aurus_gyro-var2_seed15/accumulated/spec190.tlsf,1
gyro-var2,178678ef8679a815402c4a8f8a900ed1,av3,21,spec541.tlsf,experiments/results-aurus-curves/aurus_gyro-var2_seed21/accumulated/spec541.tlsf,7
gyro-var2,178c055094ae0241ce0545d50a0b6136,av2,7,spec114.tlsf,experiments/results-aurus-curves/aurus_gyro-var2_seed07/accumulated/spec114.tlsf,1
gyro-var2,17bcd7c20f2dc8a2b4a7a1e5c1e492b3,av2,9,spec566.tlsf,experiments/results-aurus-curves/aurus_gyro-var2_seed09/accumulated/spec566.tlsf,1
gyro-var2,1952c962b421afff28bc060f74c4a77d,av3,24,spec466.tlsf,experiments/results-aurus-curves/aurus_gyro-var2_seed24/accumulated/spec466.tlsf,1
gyro-var2,19894e7dfd58a0a1a00e5a6783d05d4d,av3,29,spec261.tlsf,experiments/results-aurus-curves/aurus_gyro-var2_seed29/accumulated/spec261.tlsf,1
gyro-var2,199c458669b57b17be5effff2ba7bb13,av3,25,spec513.tlsf,experiments/results-aurus-curves/aurus_gyro-var2_seed25/accumulated/spec513.tlsf,1
gyro-var2,1b6bff43b303fb26eb210943fe2f2d93,av3,21,spec120.tlsf,experiments/results-aurus-curves/aurus_gyro-var2_seed21/accumulated/spec120.tlsf,1
gyro-var2,1d053be1fc38a188b608843baee0ccbf,av2,8,spec450.tlsf,experiments/results-aurus-curves/aurus_gyro-var2_seed08/accumulated/spec450.tlsf,1
gyro-var2,1e7bc2c86faeb809b3d36e21d47a01b2,av2,1,spec239.tlsf,experiments/results-aurus-curves/aurus_gyro-var2_seed01/accumulated/spec239.tlsf,1
gyro-var2,1ec647048a975ab52d00a838bf552d9c,av2,6,spec27.tlsf,experiments/results-aurus-curves/aurus_gyro-var2_seed06/accumulated/spec27.tlsf,1
gyro-var2,20186c06719c30ec206df850cee3f59e,av2,0,spec281.tlsf,experiments/results-aurus-curves/aurus_gyro-var2_seed00/accumulated/spec281.tlsf,1
gyro-var2,20b051ff676f1bd666d62009160a0ea1,av3,23,spec371.tlsf,experiments/results-aurus-curves/aurus_gyro-var2_seed23/accumulated/spec371.tlsf,1
gyro-var2,20f233543bd037b0165aa23970032989,av2,7,spec416.tlsf,experiments/results-aurus-curves/aurus_gyro-var2_seed07/accumulated/spec416.tlsf,1
gyro-var2,252438923152af7726bc774a55dd7a5b,av3,29,spec34.tlsf,experiments/results-aurus-curves/aurus_gyro-var2_seed29/accumulated/spec34.tlsf,1
gyro-var2,259274dfc8416ebe00185d484e4a2575,av2,4,spec182.tlsf,experiments/results-aurus-curves/aurus_gyro-var2_seed04/accumulated/spec182.tlsf,1
gyro-var2,25f549a6afb66a318766763bcc8d004c,av2,4,spec343.tlsf,experiments/results-aurus-curves/aurus_gyro-var2_seed04/accumulated/spec343.tlsf,1
gyro-var2,294b60a0c7a8740af1a82efc55986405,av3,22,spec555.tlsf,experiments/results-aurus-curves/aurus_gyro-var2_seed22/accumulated/spec555.tlsf,1
gyro-var2,29c068ddd7d958acd3a6f522a6c6bbac,av2,12,spec299.tlsf,experiments/results-aurus-curves/aurus_gyro-var2_seed12/accumulated/spec299.tlsf,1
gyro-var2,2b2c2bd59bcd66d3d026c004d37ac90a,av2,11,spec517.tlsf,experiments/results-aurus-curves/aurus_gyro-var2_seed11/accumulated/spec517.tlsf,1
gyro-var2,2e3ef3e53925841eb0c784cdad960cb3,av3,17,spec540.tlsf,experiments/results-aurus-curves/aurus_gyro-var2_seed17/accumulated/spec540.tlsf,1
gyro-var2,2e6c44e20f8740ec258b1414a8c48865,av3,21,spec139.tlsf,experiments/results-aurus-curves/aurus_gyro-var2_seed21/accumulated/spec139.tlsf,1
gyro-var2,2eaa5d1302a110816b4c339db6d81119,av2,9,spec41.tlsf,experiments/results-aurus-curves/aurus_gyro-var2_seed09/accumulated/spec41.tlsf,1
gyro-var2,2f9d09169a78441bcacf77114e4356f2,av3,27,spec100.tlsf,experiments/results-aurus-curves/aurus_gyro-var2_seed27/accumulated/spec100.tlsf,1
gyro-var2,30a8ec14bf819c2cc8126dbab5992501,av3,15,spec363.tlsf,experiments/results-aurus-curves/aurus_gyro-var2_seed15/accumulated/spec363.tlsf,1
gyro-var2,310b523981ca390ec5630cfcd6f4e82d,av2,8,spec367.tlsf,experiments/results-aurus-curves/aurus_gyro-var2_seed08/accumulated/spec367.tlsf,1
gyro-var2,31a10fda11995bd4ad4d7623c6633a97,av2,13,spec63.tlsf,experiments/results-aurus-curves/aurus_gyro-var2_seed13/accumulated/spec63.tlsf,1
gyro-var2,32f5e9c22eb5e2cc553db4e9d050748f,av3,28,spec453.tlsf,experiments/results-aurus-curves/aurus_gyro-var2_seed28/accumulated/spec453.tlsf,1
gyro-var2,35149a09b557fd51e9880ba730ea8bb5,av3,27,spec448.tlsf,experiments/results-aurus-curves/aurus_gyro-var2_seed27/accumulated/spec448.tlsf,1
gyro-var2,35dc5f7cf165f6f973bdb03c5b36fa74,av2,8,spec281.tlsf,experiments/results-aurus-curves/aurus_gyro-var2_seed08/accumulated/spec281.tlsf,1
gyro-var2,384c4b380ff9b45eb051b5dd1698af92,av2,13,spec288.tlsf,experiments/results-aurus-curves/aurus_gyro-var2_seed13/accumulated/spec288.tlsf,1
gyro-var2,3979523f66d053fa9deb6c57880bcfea,av3,18,spec353.tlsf,experiments/results-aurus-curves/aurus_gyro-var2_seed18/accumulated/spec353.tlsf,1
gyro-var2,3a96d082995f6073f9dad0f9028c2c96,av3,25,spec305.tlsf,experiments/results-aurus-curves/aurus_gyro-var2_seed25/accumulated/spec305.tlsf,2
gyro-var2,3b8abd2cba6d96e7e219279223d9b89b,av3,19,spec10.tlsf,experiments/results-aurus-curves/aurus_gyro-var2_seed19/accumulated/spec10.tlsf,1
gyro-var2,3ba214b494d07707a3079b6d124faa45,av2,8,spec141.tlsf,experiments/results-aurus-curves/aurus_gyro-var2_seed08/accumulated/spec141.tlsf,1
gyro-var2,3c11eb664220280397ec03a2250ea1a6,av3,19,spec77.tlsf,experiments/results-aurus-curves/aurus_gyro-var2_seed19/accumulated/spec77.tlsf,1
gyro-var2,3f613aa98c245ed40db098107f3d64af,av3,22,spec487.tlsf,experiments/results-aurus-curves/aurus_gyro-var2_seed22/accumulated/spec487.tlsf,1
gyro-var2,419cdd672015262883875854ea8fa8e3,av3,17,spec117.tlsf,experiments/results-aurus-curves/aurus_gyro-var2_seed17/accumulated/spec117.tlsf,1
gyro-var2,420c3239b1bd0a86998956093c318ad2,av3,23,spec211.tlsf,experiments/results-aurus-curves/aurus_gyro-var2_seed23/accumulated/spec211.tlsf,1
gyro-var2,44195d1b423084eb01832796b6070fe7,av3,27,spec477.tlsf,experiments/results-aurus-curves/aurus_gyro-var2_seed27/accumulated/spec477.tlsf,1
gyro-var2,457201f7a071a1d4bcd79ee7e267700a,av3,19,spec289.tlsf,experiments/results-aurus-curves/aurus_gyro-var2_seed19/accumulated/spec289.tlsf,1
gyro-var2,45a6a265a2704720ba01a4d9f2d86053,av3,29,spec159.tlsf,experiments/results-aurus-curves/aurus_gyro-var2_seed29/accumulated/spec159.tlsf,1
gyro-var2,477cd107bebea6895589d67fd61fa3c5,av3,25,spec113.tlsf,experiments/results-aurus-curves/aurus_gyro-var2_seed25/accumulated/spec113.tlsf,1
gyro-var2,48686fe4ee46d2a1c49d6b160270e1d4,av2,0,spec180.tlsf,experiments/results-aurus-curves/aurus_gyro-var2_seed00/accumulated/spec180.tlsf,1
gyro-var2,4b0ec3763e56368c8f678a0654b54e0d,av2,4,spec464.tlsf,experiments/results-aurus-curves/aurus_gyro-var2_seed04/accumulated/spec464.tlsf,1
gyro-var2,4e50d8cb1cfa807a3b098c17e936ecdc,av3,22,spec45.tlsf,experiments/results-aurus-curves/aurus_gyro-var2_seed22/accumulated/spec45.tlsf,1
gyro-var2,4e8fef9a0700d700916d551a03d0ec38,av3,27,spec436.tlsf,experiments/results-aurus-curves/aurus_gyro-var2_seed27/accumulated/spec436.tlsf,1
gyro-var2,4fa75e7295c8024caf12a07a12d3f28d,av3,25,spec114.tlsf,experiments/results-aurus-curves/aurus_gyro-var2_seed25/accumulated/spec114.tlsf,1
gyro-var2,508aa55475e2aa1ea608b979917b7d7d,av2,4,spec322.tlsf,experiments/results-aurus-curves/aurus_gyro-var2_seed04/accumulated/spec322.tlsf,1
gyro-var2,5154f8e5043da3f13d9a0bd994da05d7,av2,14,spec230.tlsf,experiments/results-aurus-curves/aurus_gyro-var2_seed14/accumulated/spec230.tlsf,3
gyro-var2,517bc738f9d4292af9742297f3be64c1,av3,18,spec79.tlsf,experiments/results-aurus-curves/aurus_gyro-var2_seed18/accumulated/spec79.tlsf,1
gyro-var2,52cb51a29b62cf01fedbcf7381e1519a,av3,21,spec290.tlsf,experiments/results-aurus-curves/aurus_gyro-var2_seed21/accumulated/spec290.tlsf,1
gyro-var2,5370635d27200aef93d9e0eddb5633fc,av3,28,spec564.tlsf,experiments/results-aurus-curves/aurus_gyro-var2_seed28/accumulated/spec564.tlsf,1
gyro-var2,54955f026686cce742a6a8b62811b38c,av3,18,spec521.tlsf,experiments/results-aurus-curves/aurus_gyro-var2_seed18/accumulated/spec521.tlsf,1
gyro-var2,55a564a7e76fde2c8ba4ca7478494afa,av3,23,spec37.tlsf,experiments/results-aurus-curves/aurus_gyro-var2_seed23/accumulated/spec37.tlsf,1
gyro-var2,5683d0030ecf046c185f39cbfc39a04b,av2,8,spec402.tlsf,experiments/results-aurus-curves/aurus_gyro-var2_seed08/accumulated/spec402.tlsf,1
gyro-var2,574030ed3067f6693a9cb01dccf74e06,av2,8,spec290.tlsf,experiments/results-aurus-curves/aurus_gyro-var2_seed08/accumulated/spec290.tlsf,1
gyro-var2,576bc7d34bc980a90478ebcf57d60b1f,av2,11,spec367.tlsf,experiments/results-aurus-curves/aurus_gyro-var2_seed11/accumulated/spec367.tlsf,1
gyro-var2,57bc6a68551c4657b153d6cd4950bc89,av3,24,spec354.tlsf,experiments/results-aurus-curves/aurus_gyro-var2_seed24/accumulated/spec354.tlsf,1
gyro-var2,57df8d7c7300c97054f55422d98b2879,av3,15,spec290.tlsf,experiments/results-aurus-curves/aurus_gyro-var2_seed15/accumulated/spec290.tlsf,1
gyro-var2,5aa595e400b9932a44d548cd59dc9f3e,av2,8,spec78.tlsf,experiments/results-aurus-curves/aurus_gyro-var2_seed08/accumulated/spec78.tlsf,1
gyro-var2,5bacb4b8774d164581f508144f8eb326,av3,17,spec365.tlsf,experiments/results-aurus-curves/aurus_gyro-var2_seed17/accumulated/spec365.tlsf,1
gyro-var2,5e8f9909a0b894f7262f0af9588b6183,av2,6,spec197.tlsf,experiments/results-aurus-curves/aurus_gyro-var2_seed06/accumulated/spec197.tlsf,1
gyro-var2,5eabcd9eb55de653eb2759bd9666ee0f,av2,6,spec481.tlsf,experiments/results-aurus-curves/aurus_gyro-var2_seed06/accumulated/spec481.tlsf,1
gyro-var2,5f4d3d5c28b288a170f10a06714c283a,av3,27,spec186.tlsf,experiments/results-aurus-curves/aurus_gyro-var2_seed27/accumulated/spec186.tlsf,1
gyro-var2,6060a4ae2fde03dbf16684055c6fe483,av2,10,spec400.tlsf,experiments/results-aurus-curves/aurus_gyro-var2_seed10/accumulated/spec400.tlsf,1
gyro-var2,609a39e0cf1f98dd5844f86039596b55,av2,12,spec421.tlsf,experiments/results-aurus-curves/aurus_gyro-var2_seed12/accumulated/spec421.tlsf,1
gyro-var2,62f9f69c3241f659469b4221e6b67e90,av3,28,spec359.tlsf,experiments/results-aurus-curves/aurus_gyro-var2_seed28/accumulated/spec359.tlsf,1
gyro-var2,6407415aa3359b79e85f4d8c9f9cc506,av2,9,spec259.tlsf,experiments/results-aurus-curves/aurus_gyro-var2_seed09/accumulated/spec259.tlsf,1
gyro-var2,655a3f4ce9bc28506b32acfeb0a53527,av2,13,spec248.tlsf,experiments/results-aurus-curves/aurus_gyro-var2_seed13/accumulated/spec248.tlsf,1
gyro-var2,657b075268b395035b74905477592dea,av3,17,spec337.tlsf,experiments/results-aurus-curves/aurus_gyro-var2_seed17/accumulated/spec337.tlsf,1
gyro-var2,658dc9ed76c4376c95db0ee31adb68db,av2,13,spec467.tlsf,experiments/results-aurus-curves/aurus_gyro-var2_seed13/accumulated/spec467.tlsf,1
gyro-var2,659f9586b3ae85531491b632b51896b5,av2,4,spec77.tlsf,experiments/results-aurus-curves/aurus_gyro-var2_seed04/accumulated/spec77.tlsf,1
gyro-var2,6669f2d236eb297dd6b2a8c232772684,av2,12,spec484.tlsf,experiments/results-aurus-curves/aurus_gyro-var2_seed12/accumulated/spec484.tlsf,1
gyro-var2,67bc24c647b9d620b68fbcf727ce20cf,av3,20,spec442.tlsf,experiments/results-aurus-curves/aurus_gyro-var2_seed20/accumulated/spec442.tlsf,1
gyro-var2,68373ea771f3d3a19cf2ee0b43e1d98a,av3,18,spec369.tlsf,experiments/results-aurus-curves/aurus_gyro-var2_seed18/accumulated/spec369.tlsf,1
gyro-var2,68444eaef92052974125f3c733ee6267,av2,4,spec75.tlsf,experiments/results-aurus-curves/aurus_gyro-var2_seed04/accumulated/spec75.tlsf,1
gyro-var2,68b66966d846c5d96a9ab596346896d1,av3,22,spec200.tlsf,experiments/results-aurus-curves/aurus_gyro-var2_seed22/accumulated/spec200.tlsf,1
gyro-var2,6976f96defe993b08fc76be9fd0a2f7f,av2,10,spec213.tlsf,experiments/results-aurus-curves/aurus_gyro-var2_seed10/accumulated/spec213.tlsf,1
gyro-var2,6a144d71de5fdf2c977fae15d683430f,av3,27,spec619.tlsf,experiments/results-aurus-curves/aurus_gyro-var2_seed27/accumulated/spec619.tlsf,1
gyro-var2,6b1ef78d1c200b019dacb64213065cc1,av3,17,spec199.tlsf,experiments/results-aurus-curves/aurus_gyro-var2_seed17/accumulated/spec199.tlsf,1
gyro-var2,6bd1cb84304a45eb515b6d1ea950dfec,av2,0,spec409.tlsf,experiments/results-aurus-curves/aurus_gyro-var2_seed00/accumulated/spec409.tlsf,1
gyro-var2,6c558cb297d5f3d50fc11ef9cd172fca,av2,8,spec110.tlsf,experiments/results-aurus-curves/aurus_gyro-var2_seed08/accumulated/spec110.tlsf,1
gyro-var2,6c79fe40ab4c299408320e662eb63cf4,av2,9,spec103.tlsf,experiments/results-aurus-curves/aurus_gyro-var2_seed09/accumulated/spec103.tlsf,1
gyro-var2,6d08ccf1019f150658ec72b3f3aa8a25,av3,26,spec239.tlsf,experiments/results-aurus-curves/aurus_gyro-var2_seed26/accumulated/spec239.tlsf,1
gyro-var2,708689a2f5a4a295890107de1bd24304,av2,1,spec349.tlsf,experiments/results-aurus-curves/aurus_gyro-var2_seed01/accumulated/spec349.tlsf,1
gyro-var2,710c7c3ccb51694c606b9134e4230d37,av3,25,spec416.tlsf,experiments/results-aurus-curves/aurus_gyro-var2_seed25/accumulated/spec416.tlsf,2
gyro-var2,7208416f8136c5b010fbd0ab0833bda5,av2,9,spec377.tlsf,experiments/results-aurus-curves/aurus_gyro-var2_seed09/accumulated/spec377.tlsf,1
gyro-var2,72cdd8935ec4e32977149a76024fd24d,av2,3,spec174.tlsf,experiments/results-aurus-curves/aurus_gyro-var2_seed03/accumulated/spec174.tlsf,1
gyro-var2,742e73aedfcbfd3e7c8fd838a3a35bb8,av3,22,spec133.tlsf,experiments/results-aurus-curves/aurus_gyro-var2_seed22/accumulated/spec133.tlsf,1
gyro-var2,74d4a64e923fe50403205dc73c3cc016,av3,22,spec148.tlsf,experiments/results-aurus-curves/aurus_gyro-var2_seed22/accumulated/spec148.tlsf,1
gyro-var2,75006ee04a6c25ee78c1d2d2247e110a,av3,23,spec383.tlsf,experiments/results-aurus-curves/aurus_gyro-var2_seed23/accumulated/spec383.tlsf,1
gyro-var2,7517ef38364fb78e0773388c9af355ae,av3,15,spec235.tlsf,experiments/results-aurus-curves/aurus_gyro-var2_seed15/accumulated/spec235.tlsf,1
gyro-var2,75f4f1d77090fa075912cf3ccee3b634,av2,10,spec261.tlsf,experiments/results-aurus-curves/aurus_gyro-var2_seed10/accumulated/spec261.tlsf,1
gyro-var2,77a1be8f97ae93c38373a3c6f095816d,av3,27,spec547.tlsf,experiments/results-aurus-curves/aurus_gyro-var2_seed27/accumulated/spec547.tlsf,1
gyro-var2,77d76d65e96901744198e421479cc768,av3,21,spec401.tlsf,experiments/results-aurus-curves/aurus_gyro-var2_seed21/accumulated/spec401.tlsf,1
gyro-var2,793442d52b4fdd4204bfaf9fba9d42d4,av3,19,spec156.tlsf,experiments/results-aurus-curves/aurus_gyro-var2_seed19/accumulated/spec156.tlsf,1
gyro-var2,7995a4b99ae27da18542053b39670b7d,av2,14,spec437.tlsf,experiments/results-aurus-curves/aurus_gyro-var2_seed14/accumulated/spec437.tlsf,2
gyro-var2,7a4bde5b2ea607fc84c81a02f19c3182,av3,19,spec208.tlsf,experiments/results-aurus-curves/aurus_gyro-var2_seed19/accumulated/spec208.tlsf,1
gyro-var2,7b3b18ddeb912f6fd8faf12d1d00b64e,av3,24,spec309.tlsf,experiments/results-aurus-curves/aurus_gyro-var2_seed24/accumulated/spec309.tlsf,1
gyro-var2,7ddea9b61b0c5a30d155371c3ddaef66,av2,11,spec107.tlsf,experiments/results-aurus-curves/aurus_gyro-var2_seed11/accumulated/spec107.tlsf,1
gyro-var2,7eed2f1dc4b98222df50f715ae4f1240,av2,2,spec325.tlsf,experiments/results-aurus-curves/aurus_gyro-var2_seed02/accumulated/spec325.tlsf,1
gyro-var2,7f52576923ed1a8afe173e68daaa3e63,av3,18,spec189.tlsf,experiments/results-aurus-curves/aurus_gyro-var2_seed18/accumulated/spec189.tlsf,1
gyro-var2,7fa529d2e17b6431e7ecb4fe5b7e9dbd,av3,22,spec537.tlsf,experiments/results-aurus-curves/aurus_gyro-var2_seed22/accumulated/spec537.tlsf,1
gyro-var2,836c7fc3e547c80e2641be3758724bb3,av2,12,spec244.tlsf,experiments/results-aurus-curves/aurus_gyro-var2_seed12/accumulated/spec244.tlsf,1
gyro-var2,83f9b852e9953a7b4a36168d4f52d7e1,av3,20,spec83.tlsf,experiments/results-aurus-curves/aurus_gyro-var2_seed20/accumulated/spec83.tlsf,1
gyro-var2,842c523681fbac596ef5d08e9f9fbdfe,av3,22,spec177.tlsf,experiments/results-aurus-curves/aurus_gyro-var2_seed22/accumulated/spec177.tlsf,1
gyro-var2,844797451a1fd1e0b8dd6fac57cd197c,av2,6,spec315.tlsf,experiments/results-aurus-curves/aurus_gyro-var2_seed06/accumulated/spec315.tlsf,1
gyro-var2,84813b0d5ae4211c5bf7b68ee6ad9c28,av3,25,spec295.tlsf,experiments/results-aurus-curves/aurus_gyro-var2_seed25/accumulated/spec295.tlsf,1
gyro-var2,8610fa40204b1f4282d139f4f3bc3d21,av3,24,spec302.tlsf,experiments/results-aurus-curves/aurus_gyro-var2_seed24/accumulated/spec302.tlsf,1
gyro-var2,88b1f9b0b3d034151f7cce0e2a0689d7,av3,27,spec280.tlsf,experiments/results-aurus-curves/aurus_gyro-var2_seed27/accumulated/spec280.tlsf,1
gyro-var2,890164dcbb31b0cbbd503ecda7ed14b2,av3,26,spec92.tlsf,experiments/results-aurus-curves/aurus_gyro-var2_seed26/accumulated/spec92.tlsf,1
gyro-var2,8ba1444060efa60a292ca2cbfe9aa387,av2,3,spec445.tlsf,experiments/results-aurus-curves/aurus_gyro-var2_seed03/accumulated/spec445.tlsf,1
gyro-var2,8c6ee3734637246a460df24fc2e6578c,av2,13,spec341.tlsf,experiments/results-aurus-curves/aurus_gyro-var2_seed13/accumulated/spec341.tlsf,1
gyro-var2,8d412bf40c490cce661f63da0a15b4ed,av3,18,spec261.tlsf,experiments/results-aurus-curves/aurus_gyro-var2_seed18/accumulated/spec261.tlsf,1
gyro-var2,8dc4c6e7b48b3532faeddf6a56d2fe2f,av2,0,spec239.tlsf,experiments/results-aurus-curves/aurus_gyro-var2_seed00/accumulated/spec239.tlsf,1
gyro-var2,8e493086cf1c6bc377899ec29190e7f7,av3,22,spec327.tlsf,experiments/results-aurus-curves/aurus_gyro-var2_seed22/accumulated/spec327.tlsf,1
gyro-var2,8ed1112440d22b7c1137870b81217146,av2,1,spec116.tlsf,experiments/results-aurus-curves/aurus_gyro-var2_seed01/accumulated/spec116.tlsf,1
gyro-var2,8f7a21b7bb0c9f0b229df6c1c96cfec0,av2,1,spec351.tlsf,experiments/results-aurus-curves/aurus_gyro-var2_seed01/accumulated/spec351.tlsf,1
gyro-var2,9236d4d9345384b0eafbc0971f8f3b0a,av3,22,spec460.tlsf,experiments/results-aurus-curves/aurus_gyro-var2_seed22/accumulated/spec460.tlsf,1
gyro-var2,9297f1ce6a842bdb7f945ddb11e5d5a8,av3,23,spec366.tlsf,experiments/results-aurus-curves/aurus_gyro-var2_seed23/accumulated/spec366.tlsf,1
gyro-var2,92a6592ef4865fcada419cf6a96e06e7,av2,8,spec151.tlsf,experiments/results-aurus-curves/aurus_gyro-var2_seed08/accumulated/spec151.tlsf,1
gyro-var2,9314a877f84ef73272947e226bd4806c,av3,22,spec64.tlsf,experiments/results-aurus-curves/aurus_gyro-var2_seed22/accumulated/spec64.tlsf,1
gyro-var2,94c7fc0c502a7ebbd9b6b8bc7490cec9,av2,10,spec337.tlsf,experiments/results-aurus-curves/aurus_gyro-var2_seed10/accumulated/spec337.tlsf,1
gyro-var2,968a0dc6f98683d211582554b0121c7c,av2,8,spec167.tlsf,experiments/results-aurus-curves/aurus_gyro-var2_seed08/accumulated/spec167.tlsf,1
gyro-var2,9742412538395875d586575ccf4dfc2b,av2,4,spec98.tlsf,experiments/results-aurus-curves/aurus_gyro-var2_seed04/accumulated/spec98.tlsf,1
gyro-var2,995f40adbad9151ba55982a8a467b714,av2,8,spec342.tlsf,experiments/results-aurus-curves/aurus_gyro-var2_seed08/accumulated/spec342.tlsf,1
gyro-var2,9a71994cbca81a10b6a047319eafcd6d,av3,19,spec107.tlsf,experiments/results-aurus-curves/aurus_gyro-var2_seed19/accumulated/spec107.tlsf,1
gyro-var2,9a979b2c063896dd667ac52fd9655e14,av3,18,spec272.tlsf,experiments/results-aurus-curves/aurus_gyro-var2_seed18/accumulated/spec272.tlsf,3
gyro-var2,9ccca60a1b5bd89713b1b53749f51c5e,av3,18,spec195.tlsf,experiments/results-aurus-curves/aurus_gyro-var2_seed18/accumulated/spec195.tlsf,1
gyro-var2,9cd0e57fb6a7ad42d79c9d6d43b00fb9,av2,4,spec237.tlsf,experiments/results-aurus-curves/aurus_gyro-var2_seed04/accumulated/spec237.tlsf,1
gyro-var2,9ce53dadef96505f34e84c624e4486d5,av3,28,spec509.tlsf,experiments/results-aurus-curves/aurus_gyro-var2_seed28/accumulated/spec509.tlsf,1
gyro-var2,9f78766f6c618fdcc276bd7db001ccb7,av3,19,spec80.tlsf,experiments/results-aurus-curves/aurus_gyro-var2_seed19/accumulated/spec80.tlsf,1
gyro-var2,a0e833d026425285be8704f40d37a1ba,av3,24,spec589.tlsf,experiments/results-aurus-curves/aurus_gyro-var2_seed24/accumulated/spec589.tlsf,1
gyro-var2,a5bd3186f11cbd559cf167719c3a2c1d,av3,22,spec407.tlsf,experiments/results-aurus-curves/aurus_gyro-var2_seed22/accumulated/spec407.tlsf,1
gyro-var2,a5c33f8ccd96a36d337be4257ac0fb55,av3,22,spec485.tlsf,experiments/results-aurus-curves/aurus_gyro-var2_seed22/accumulated/spec485.tlsf,1
gyro-var2,a95e72bf497eddf96d66804ccd9467fb,av3,27,spec52.tlsf,experiments/results-aurus-curves/aurus_gyro-var2_seed27/accumulated/spec52.tlsf,1
gyro-var2,aa076b349bdd77e00082b48f5dafc60d,av2,1,spec415.tlsf,experiments/results-aurus-curves/aurus_gyro-var2_seed01/accumulated/spec415.tlsf,1
gyro-var2,ab584c8d0b5e9e6eedd46299019147e2,av3,20,spec387.tlsf,experiments/results-aurus-curves/aurus_gyro-var2_seed20/accumulated/spec387.tlsf,1
gyro-var2,ab692fb0bb306a9850b932218302e839,av3,27,spec177.tlsf,experiments/results-aurus-curves/aurus_gyro-var2_seed27/accumulated/spec177.tlsf,1
gyro-var2,abd58b80ad17b97210405bf9fdcd6071,av3,29,spec366.tlsf,experiments/results-aurus-curves/aurus_gyro-var2_seed29/accumulated/spec366.tlsf,1
gyro-var2,af3891ad78bc1f7da7ed19a46f4d5c28,av2,12,spec409.tlsf,experiments/results-aurus-curves/aurus_gyro-var2_seed12/accumulated/spec409.tlsf,1
gyro-var2,b1964f92f87aaadf427539aaa5a7becd,av3,28,spec312.tlsf,experiments/results-aurus-curves/aurus_gyro-var2_seed28/accumulated/spec312.tlsf,1
gyro-var2,b32d1ae1d890e2a8ce314b1f259fd725,av3,22,spec623.tlsf,experiments/results-aurus-curves/aurus_gyro-var2_seed22/accumulated/spec623.tlsf,1
gyro-var2,b6ce3454789184803e9d64c0beb6050a,av3,28,spec355.tlsf,experiments/results-aurus-curves/aurus_gyro-var2_seed28/accumulated/spec355.tlsf,1
gyro-var2,b7213d2061640945ef50d65176fd7362,av3,23,spec393.tlsf,experiments/results-aurus-curves/aurus_gyro-var2_seed23/accumulated/spec393.tlsf,1
gyro-var2,b86ba453b44a604aa0626555b6c2dee3,av3,28,spec305.tlsf,experiments/results-aurus-curves/aurus_gyro-var2_seed28/accumulated/spec305.tlsf,1
gyro-var2,b885f3b5ed5ed8f6561c24dd5b4bc6c9,av2,4,spec328.tlsf,experiments/results-aurus-curves/aurus_gyro-var2_seed04/accumulated/spec328.tlsf,1
gyro-var2,b9cb52a3ac0394ddc5abda05312302c7,av2,12,spec107.tlsf,experiments/results-aurus-curves/aurus_gyro-var2_seed12/accumulated/spec107.tlsf,1
gyro-var2,bb29777b08ddf7ea1db5f0715df0afbe,av3,29,spec496.tlsf,experiments/results-aurus-curves/aurus_gyro-var2_seed29/accumulated/spec496.tlsf,1
gyro-var2,bc7c84451d745218ae4a01c7a4821ced,av2,11,spec540.tlsf,experiments/results-aurus-curves/aurus_gyro-var2_seed11/accumulated/spec540.tlsf,1
gyro-var2,be3478caee887fc1408bb5fde771255e,av3,21,spec137.tlsf,experiments/results-aurus-curves/aurus_gyro-var2_seed21/accumulated/spec137.tlsf,1
gyro-var2,bf0f8bcc3744b2538d771e49e2c78a9d,av3,16,spec462.tlsf,experiments/results-aurus-curves/aurus_gyro-var2_seed16/accumulated/spec462.tlsf,1
gyro-var2,c109dac61ea88d835f865f8b713592da,av3,17,spec196.tlsf,experiments/results-aurus-curves/aurus_gyro-var2_seed17/accumulated/spec196.tlsf,1
gyro-var2,c166a088a4331a2de70a78a2224a2763,av2,1,spec578.tlsf,experiments/results-aurus-curves/aurus_gyro-var2_seed01/accumulated/spec578.tlsf,1
gyro-var2,c1bda3f96f292c9b9622bb6eeefe29fb,av3,18,spec265.tlsf,experiments/results-aurus-curves/aurus_gyro-var2_seed18/accumulated/spec265.tlsf,1
gyro-var2,c2f5f0ff87d2468667509aefa40cf72e,av2,12,spec223.tlsf,experiments/results-aurus-curves/aurus_gyro-var2_seed12/accumulated/spec223.tlsf,1
gyro-var2,c30a730340d7915cca20e4506d8e6fba,av3,18,spec463.tlsf,experiments/results-aurus-curves/aurus_gyro-var2_seed18/accumulated/spec463.tlsf,1
gyro-var2,c343b7356f6ae88e2657c2232b651668,av3,22,spec526.tlsf,experiments/results-aurus-curves/aurus_gyro-var2_seed22/accumulated/spec526.tlsf,1
gyro-var2,c35c46caebf0efbd69c4ac6f0c21d15f,av2,8,spec112.tlsf,experiments/results-aurus-curves/aurus_gyro-var2_seed08/accumulated/spec112.tlsf,1
gyro-var2,c3b7ade266eb622bf3b87a8a57d4fbbc,av3,21,spec587.tlsf,experiments/results-aurus-curves/aurus_gyro-var2_seed21/accumulated/spec587.tlsf,1
gyro-var2,c4255956b14b40fff700fe922738e7e3,av2,10,spec265.tlsf,experiments/results-aurus-curves/aurus_gyro-var2_seed10/accumulated/spec265.tlsf,1
gyro-var2,c4caf7ac830e43fa5b54752a2ca17a1e,av3,23,spec269.tlsf,experiments/results-aurus-curves/aurus_gyro-var2_seed23/accumulated/spec269.tlsf,1
gyro-var2,c4fe235db4b96b76b46d75c9668e4ee0,av3,29,spec182.tlsf,experiments/results-aurus-curves/aurus_gyro-var2_seed29/accumulated/spec182.tlsf,1
gyro-var2,c5569077ecd2225dcf266f79758f3c66,av3,22,spec82.tlsf,experiments/results-aurus-curves/aurus_gyro-var2_seed22/accumulated/spec82.tlsf,1
gyro-var2,c5a772cf7c2c4f50b060bf5cff57757e,av3,22,spec538.tlsf,experiments/results-aurus-curves/aurus_gyro-var2_seed22/accumulated/spec538.tlsf,1
gyro-var2,c7d309fc793ae8adee665cf7c05375ba,av2,2,spec123.tlsf,experiments/results-aurus-curves/aurus_gyro-var2_seed02/accumulated/spec123.tlsf,1
gyro-var2,c8fd2961e67d7561b7c57ad0f31ada83,av3,20,spec189.tlsf,experiments/results-aurus-curves/aurus_gyro-var2_seed20/accumulated/spec189.tlsf,1
gyro-var2,c91f3f31c154fc3b58cda44f703681ed,av3,18,spec504.tlsf,experiments/results-aurus-curves/aurus_gyro-var2_seed18/accumulated/spec504.tlsf,1
gyro-var2,ce775c5f4623f84d4fff30c0799a02ea,av3,18,spec457.tlsf,experiments/results-aurus-curves/aurus_gyro-var2_seed18/accumulated/spec457.tlsf,1
gyro-var2,cef48b0e139291a36fde24697769e3a8,av3,21,spec416.tlsf,experiments/results-aurus-curves/aurus_gyro-var2_seed21/accumulated/spec416.tlsf,1
gyro-var2,d178c0f4a08fd7beef4fa70ac3959b82,av3,21,spec304.tlsf,experiments/results-aurus-curves/aurus_gyro-var2_seed21/accumulated/spec304.tlsf,1
gyro-var2,d29acc10706e102b83d97fb076cf1f27,av3,21,spec407.tlsf,experiments/results-aurus-curves/aurus_gyro-var2_seed21/accumulated/spec407.tlsf,1
gyro-var2,d55f201b6e67f68aaafbb4095d63b185,av2,14,spec468.tlsf,experiments/results-aurus-curves/aurus_gyro-var2_seed14/accumulated/spec468.tlsf,1
gyro-var2,d784733be28e19c868fd8b19d42db09a,av2,12,spec176.tlsf,experiments/results-aurus-curves/aurus_gyro-var2_seed12/accumulated/spec176.tlsf,1
gyro-var2,d806a3ce4af7db73db6521d85c1f6fca,av2,2,spec376.tlsf,experiments/results-aurus-curves/aurus_gyro-var2_seed02/accumulated/spec376.tlsf,1
gyro-var2,d96abdfa70b50902fadcd2863872b545,av3,26,spec167.tlsf,experiments/results-aurus-curves/aurus_gyro-var2_seed26/accumulated/spec167.tlsf,2
gyro-var2,da0aa49fa8a7b676f85cced892b3d844,av3,29,spec203.tlsf,experiments/results-aurus-curves/aurus_gyro-var2_seed29/accumulated/spec203.tlsf,1
gyro-var2,daae102e21c73d50b7c11daefa2886c0,av2,1,spec401.tlsf,experiments/results-aurus-curves/aurus_gyro-var2_seed01/accumulated/spec401.tlsf,1
gyro-var2,dae2e0e0d7225c3ed21286629fae233c,av3,21,spec244.tlsf,experiments/results-aurus-curves/aurus_gyro-var2_seed21/accumulated/spec244.tlsf,1
gyro-var2,dbfd64893c27171401a7ded522e89e34,av2,2,spec192.tlsf,experiments/results-aurus-curves/aurus_gyro-var2_seed02/accumulated/spec192.tlsf,1
gyro-var2,dd79e3aa587388624da59e24294a1071,av3,27,spec117.tlsf,experiments/results-aurus-curves/aurus_gyro-var2_seed27/accumulated/spec117.tlsf,1
gyro-var2,df0b79887f5135e6dfcf186c060e5359,av3,24,spec111.tlsf,experiments/results-aurus-curves/aurus_gyro-var2_seed24/accumulated/spec111.tlsf,1
gyro-var2,df3ea57013c08cd00e236a54a00ed96d,av3,28,spec316.tlsf,experiments/results-aurus-curves/aurus_gyro-var2_seed28/accumulated/spec316.tlsf,1
gyro-var2,df93adc0885d393edbe161c90def4791,av2,8,spec313.tlsf,experiments/results-aurus-curves/aurus_gyro-var2_seed08/accumulated/spec313.tlsf,1
gyro-var2,dfae0b5662d1b8b2107cdc679b92e511,av2,11,spec310.tlsf,experiments/results-aurus-curves/aurus_gyro-var2_seed11/accumulated/spec310.tlsf,1
gyro-var2,e19b22518f7e5c2ac981b58526ac69fd,av2,7,spec160.tlsf,experiments/results-aurus-curves/aurus_gyro-var2_seed07/accumulated/spec160.tlsf,1
gyro-var2,e5c0e34b8c71d7bcf4dc71fc407d7e1f,av3,23,spec539.tlsf,experiments/results-aurus-curves/aurus_gyro-var2_seed23/accumulated/spec539.tlsf,1
gyro-var2,e63e2ef8008e5c94ddc830ba354c5557,av3,17,spec159.tlsf,experiments/results-aurus-curves/aurus_gyro-var2_seed17/accumulated/spec159.tlsf,1
gyro-var2,e878f8e5e49565919a41fcd5117aa410,av2,10,spec26.tlsf,experiments/results-aurus-curves/aurus_gyro-var2_seed10/accumulated/spec26.tlsf,1
gyro-var2,ea44733c0bb238cf66f1293c1e41c5ec,av2,1,spec370.tlsf,experiments/results-aurus-curves/aurus_gyro-var2_seed01/accumulated/spec370.tlsf,1
gyro-var2,ec4fbf9094e8ace1fb9cbfb9ebc610ca,av3,28,spec572.tlsf,experiments/results-aurus-curves/aurus_gyro-var2_seed28/accumulated/spec572.tlsf,1
gyro-var2,ed16527981c905aa0a46db9689569730,av3,27,spec245.tlsf,experiments/results-aurus-curves/aurus_gyro-var2_seed27/accumulated/spec245.tlsf,1
gyro-var2,ee802738b555638d781bfd407acefbbc,av3,17,spec201.tlsf,experiments/results-aurus-curves/aurus_gyro-var2_seed17/accumulated/spec201.tlsf,1
gyro-var2,eed4d91ee2d48afa6b177ea0ed73b227,av2,13,spec107.tlsf,experiments/results-aurus-curves/aurus_gyro-var2_seed13/accumulated/spec107.tlsf,1
gyro-var2,ef8458327a05abfa18eeba219855cec9,av3,27,spec478.tlsf,experiments/results-aurus-curves/aurus_gyro-var2_seed27/accumulated/spec478.tlsf,1
gyro-var2,f1d05163ee2ce1345b9c6ba9043ce77c,av2,2,spec519.tlsf,experiments/results-aurus-curves/aurus_gyro-var2_seed02/accumulated/spec519.tlsf,1
gyro-var2,f498fc2fb8595029d6b2813369e8cc18,av3,23,spec136.tlsf,experiments/results-aurus-curves/aurus_gyro-var2_seed23/accumulated/spec136.tlsf,1
gyro-var2,f5e6ac08f8cf9f0d1260400a714ba838,av3,22,spec451.tlsf,experiments/results-aurus-curves/aurus_gyro-var2_seed22/accumulated/spec451.tlsf,1
gyro-var2,f7ec82a2e8b185daeb737fba52acad2c,av3,19,spec565.tlsf,experiments/results-aurus-curves/aurus_gyro-var2_seed19/accumulated/spec565.tlsf,1
gyro-var2,f945182216d9171252f1deb6d726acb7,av2,8,spec222.tlsf,experiments/results-aurus-curves/aurus_gyro-var2_seed08/accumulated/spec222.tlsf,1
gyro-var2,f952762a10aaeb48c2bb18978dc43d3e,av2,2,spec584.tlsf,experiments/results-aurus-curves/aurus_gyro-var2_seed02/accumulated/spec584.tlsf,1
gyro-var2,f97616d36006462c8c4d4ad086fb91f0,av3,21,spec391.tlsf,experiments/results-aurus-curves/aurus_gyro-var2_seed21/accumulated/spec391.tlsf,1
gyro-var2,f9bf129902e7f1b21bd3365e62bcf6be,av2,13,spec255.tlsf,experiments/results-aurus-curves/aurus_gyro-var2_seed13/accumulated/spec255.tlsf,1
gyro-var2,faa45b929c03b1e4595919fd85aff9ae,av3,23,spec285.tlsf,experiments/results-aurus-curves/aurus_gyro-var2_seed23/accumulated/spec285.tlsf,1
gyro-var2,fc328c822a8a8ed2512448d24a15fe15,av3,17,spec87.tlsf,experiments/results-aurus-curves/aurus_gyro-var2_seed17/accumulated/spec87.tlsf,1
gyro-var2,fd6190d5871e65b8b92fe72c61211aae,av2,14,spec143.tlsf,experiments/results-aurus-curves/aurus_gyro-var2_seed14/accumulated/spec143.tlsf,1
gyro-var2,fdd4acd02f4a923b9240196e45b322a7,av2,3,spec330.tlsf,experiments/results-aurus-curves/aurus_gyro-var2_seed03/accumulated/spec330.tlsf,1
gyro-var2,ff686ef8af5ffdcfaea8c2ed09c94a6e,av3,19,spec366.tlsf,experiments/results-aurus-curves/aurus_gyro-var2_seed19/accumulated/spec366.tlsf,1
humanoid-458,0042959cf862b95c2d3b9fcf40519c03,av3,24,spec20.tlsf,experiments/results-aurus-curves/aurus_humanoid-458_seed24/accumulated/spec20.tlsf,1
humanoid-458,04b3922bae8e4cbb9c252c18c5d11af8,av3,20,spec282.tlsf,experiments/results-aurus-curves/aurus_humanoid-458_seed20/accumulated/spec282.tlsf,1
humanoid-458,05ae2a59a85300316c0c8ffee5cdbc3d,av2,0,spec14.tlsf,experiments/results-aurus-curves/aurus_humanoid-458_seed00/accumulated/spec14.tlsf,1
humanoid-458,087b79dd2bd69f3cad7079a6f9294e13,av2,5,spec124.tlsf,experiments/results-aurus-curves/aurus_humanoid-458_seed05/accumulated/spec124.tlsf,1
humanoid-458,08f3d55c6c53bbbd8fa8dd3e8d60c8c7,av2,1,spec202.tlsf,experiments/results-aurus-curves/aurus_humanoid-458_seed01/accumulated/spec202.tlsf,1
humanoid-458,0991693143e0e0650a847bfde7ce3a3a,av2,14,spec28.tlsf,experiments/results-aurus-curves/aurus_humanoid-458_seed14/accumulated/spec28.tlsf,1
humanoid-458,0bceb5989133e876e91e71984c011028,av3,24,spec82.tlsf,experiments/results-aurus-curves/aurus_humanoid-458_seed24/accumulated/spec82.tlsf,1
humanoid-458,0c2c04894b4f3b8bb054db8766063fdb,av2,11,spec303.tlsf,experiments/results-aurus-curves/aurus_humanoid-458_seed11/accumulated/spec303.tlsf,3
humanoid-458,0ea66cc4ad63caa909bd16ebb80e9d0f,av3,28,spec261.tlsf,experiments/results-aurus-curves/aurus_humanoid-458_seed28/accumulated/spec261.tlsf,1
humanoid-458,0ee6bccb8bae4a4790b55297b96b8fae,av2,4,spec112.tlsf,experiments/results-aurus-curves/aurus_humanoid-458_seed04/accumulated/spec112.tlsf,1
humanoid-458,10d69c2585512fd25167fd5105a46deb,av3,26,spec298.tlsf,experiments/results-aurus-curves/aurus_humanoid-458_seed26/accumulated/spec298.tlsf,1
humanoid-458,1139aa61fa2f2631f665f0e13212a9ec,av2,11,spec299.tlsf,experiments/results-aurus-curves/aurus_humanoid-458_seed11/accumulated/spec299.tlsf,1
humanoid-458,11942774f8b72c12be400bad115f8ecf,av3,25,spec207.tlsf,experiments/results-aurus-curves/aurus_humanoid-458_seed25/accumulated/spec207.tlsf,1
humanoid-458,159eec7effba80f95d369c5c026ca2f6,av2,7,spec271.tlsf,experiments/results-aurus-curves/aurus_humanoid-458_seed07/accumulated/spec271.tlsf,3
humanoid-458,18a4579213442126b07b3ff1319333cd,av2,7,spec183.tlsf,experiments/results-aurus-curves/aurus_humanoid-458_seed07/accumulated/spec183.tlsf,1
humanoid-458,1c6a0a2bed5b79764b75e1ff706643df,av3,27,spec77.tlsf,experiments/results-aurus-curves/aurus_humanoid-458_seed27/accumulated/spec77.tlsf,1
humanoid-458,1cd0c8545ff9f60ccc4e6b0ad855bdb7,av3,24,spec316.tlsf,experiments/results-aurus-curves/aurus_humanoid-458_seed24/accumulated/spec316.tlsf,1
humanoid-458,1e4a8d6ab878af2423987ac8d84959fd,av2,14,spec48.tlsf,experiments/results-aurus-curves/aurus_humanoid-458_seed14/accumulated/spec48.tlsf,1
humanoid-458,2000e7610cfce7cec3129da3c45484de,av2,0,spec239.tlsf,experiments/results-aurus-curves/aurus_humanoid-458_seed00/accumulated/spec239.tlsf,1
humanoid-458,23d24b919068315fb83928a621bb6399,av3,24,spec285.tlsf,experiments/results-aurus-curves/aurus_humanoid-458_seed24/accumulated/spec285.tlsf,1
humanoid-458,2660f8d6eb2fa73ab0a3da96b387ca13,av3,29,spec24.tlsf,experiments/results-aurus-curves/aurus_humanoid-458_seed29/accumulated/spec24.tlsf,1
humanoid-458,295b8f5a30b109179b5fb64399cd9bf7,av3,18,spec300.tlsf,experiments/results-aurus-curves/aurus_humanoid-458_seed18/accumulated/spec300.tlsf,1
humanoid-458,2cb157a851912dcbc1e7ffc7ab9a30fa,av2,14,spec179.tlsf,experiments/results-aurus-curves/aurus_humanoid-458_seed14/accumulated/spec179.tlsf,1
humanoid-458,2d883f3243392fd7a6bc92cd50cb30ee,av2,10,spec134.tlsf,experiments/results-aurus-curves/aurus_humanoid-458_seed10/accumulated/spec134.tlsf,1
humanoid-458,2df009d76a1321045ecc7ad2c037f668,av3,29,spec115.tlsf,experiments/results-aurus-curves/aurus_humanoid-458_seed29/accumulated/spec115.tlsf,1
humanoid-458,2eb68485963c86ff7acf76e437d8fc20,av3,24,spec432.tlsf,experiments/results-aurus-curves/aurus_humanoid-458_seed24/accumulated/spec432.tlsf,1
humanoid-458,2ee20f53c47f7655fd6daca2a369980a,av2,14,spec366.tlsf,experiments/results-aurus-curves/aurus_humanoid-458_seed14/accumulated/spec366.tlsf,1
humanoid-458,3446bfb7b41978e151e1e6c24fe39c76,av2,11,spec118.tlsf,experiments/results-aurus-curves/aurus_humanoid-458_seed11/accumulated/spec118.tlsf,1
humanoid-458,3b06980d4839aaef1b76633382927564,av2,11,spec406.tlsf,experiments/results-aurus-curves/aurus_humanoid-458_seed11/accumulated/spec406.tlsf,1
humanoid-458,3c325dedea178484bd762ca93ae2291c,av2,7,spec307.tlsf,experiments/results-aurus-curves/aurus_humanoid-458_seed07/accumulated/spec307.tlsf,1
humanoid-458,3cdbbae36e43a1e789eb3939896c1157,av2,11,spec422.tlsf,experiments/results-aurus-curves/aurus_humanoid-458_seed11/accumulated/spec422.tlsf,2
humanoid-458,3f81d7f3c68ec21d7273eb70c367a469,av3,23,spec154.tlsf,experiments/results-aurus-curves/aurus_humanoid-458_seed23/accumulated/spec154.tlsf,1
humanoid-458,41940b8ca06687e9e4957a2db2f25296,av2,4,spec341.tlsf,experiments/results-aurus-curves/aurus_humanoid-458_seed04/accumulated/spec341.tlsf,1
humanoid-458,47318c4c3d23f0dbea22a6a7df63f5de,av2,7,spec398.tlsf,experiments/results-aurus-curves/aurus_humanoid-458_seed07/accumulated/spec398.tlsf,1
humanoid-458,47fb0405a11bd734c8a1291ed80c768d,av2,14,spec136.tlsf,experiments/results-aurus-curves/aurus_humanoid-458_seed14/accumulated/spec136.tlsf,1
humanoid-458,48c70b10590a0a711c77e6bff39588df,av3,25,spec57.tlsf,experiments/results-aurus-curves/aurus_humanoid-458_seed25/accumulated/spec57.tlsf,1
humanoid-458,4cd05ae8c72bf47edff92b1bf3380307,av3,18,spec67.tlsf,experiments/results-aurus-curves/aurus_humanoid-458_seed18/accumulated/spec67.tlsf,1
humanoid-458,4f73bd97c859ee08b48827bfe6f88567,av2,0,spec339.tlsf,experiments/results-aurus-curves/aurus_humanoid-458_seed00/accumulated/spec339.tlsf,1
humanoid-458,507efb26e285c87200319afe21946c16,av2,14,spec58.tlsf,experiments/results-aurus-curves/aurus_humanoid-458_seed14/accumulated/spec58.tlsf,1
humanoid-458,5256745694545b81a6d7d1d05ce26ecf,av3,25,spec256.tlsf,experiments/results-aurus-curves/aurus_humanoid-458_seed25/accumulated/spec256.tlsf,1
humanoid-458,52f0b89180b8d33935f2c1e95964ffc0,av3,18,spec401.tlsf,experiments/results-aurus-curves/aurus_humanoid-458_seed18/accumulated/spec401.tlsf,4
humanoid-458,5641608e05f13be4055d561d621c9c83,av3,24,spec425.tlsf,experiments/results-aurus-curves/aurus_humanoid-458_seed24/accumulated/spec425.tlsf,1
humanoid-458,5931d46ba41ccfb54ba9db5d4f9ca16a,av2,7,spec397.tlsf,experiments/results-aurus-curves/aurus_humanoid-458_seed07/accumulated/spec397.tlsf,1
humanoid-458,5a960777e8fb1ee4464813087c92db64,av3,26,spec105.tlsf,experiments/results-aurus-curves/aurus_humanoid-458_seed26/accumulated/spec105.tlsf,1
humanoid-458,5abe6f7f432bf4d30741cda87e91d349,av3,21,spec151.tlsf,experiments/results-aurus-curves/aurus_humanoid-458_seed21/accumulated/spec151.tlsf,1
humanoid-458,5e5c2d5b735dd968aa443966ffa4e8e8,av3,28,spec316.tlsf,experiments/results-aurus-curves/aurus_humanoid-458_seed28/accumulated/spec316.tlsf,1
humanoid-458,63e2e8cb9278521a7abb2382f8f412d2,av3,24,spec50.tlsf,experiments/results-aurus-curves/aurus_humanoid-458_seed24/accumulated/spec50.tlsf,1
humanoid-458,68303af5a8d76a2a7b3a07f47a6aaf44,av3,25,spec196.tlsf,experiments/results-aurus-curves/aurus_humanoid-458_seed25/accumulated/spec196.tlsf,1
humanoid-458,6be7d7e4d1bbbf3b3a214d4c8415d788,av2,3,spec164.tlsf,experiments/results-aurus-curves/aurus_humanoid-458_seed03/accumulated/spec164.tlsf,1
humanoid-458,6c8cb83f2133a099bad5b95eadddde2e,av3,22,spec391.tlsf,experiments/results-aurus-curves/aurus_humanoid-458_seed22/accumulated/spec391.tlsf,1
humanoid-458,6d609522d0e641823810a9e6102daef0,av2,8,spec237.tlsf,experiments/results-aurus-curves/aurus_humanoid-458_seed08/accumulated/spec237.tlsf,1
humanoid-458,6e427772857fa0a53e1633aecd893ae1,av3,25,spec194.tlsf,experiments/results-aurus-curves/aurus_humanoid-458_seed25/accumulated/spec194.tlsf,1
humanoid-458,7472ea1aa605fa6f515d30126ad8bcdc,av3,25,spec146.tlsf,experiments/results-aurus-curves/aurus_humanoid-458_seed25/accumulated/spec146.tlsf,1
humanoid-458,7713a82f162306aeb36d38b082da9dda,av3,26,spec239.tlsf,experiments/results-aurus-curves/aurus_humanoid-458_seed26/accumulated/spec239.tlsf,1
humanoid-458,77c114072e2f0193e94f4d4fe69932cd,av2,14,spec241.tlsf,experiments/results-aurus-curves/aurus_humanoid-458_seed14/accumulated/spec241.tlsf,1
humanoid-458,78a66802f993a5b92aae03ee5fa45671,av3,28,spec253.tlsf,experiments/results-aurus-curves/aurus_humanoid-458_seed28/accumulated/spec253.tlsf,1
humanoid-458,79aa26f3a2b99b11a9664586be3226c4,av3,28,spec51.tlsf,experiments/results-aurus-curves/aurus_humanoid-458_seed28/accumulated/spec51.tlsf,1
humanoid-458,7ab926acaa968ceeb70554157821189e,av2,8,spec335.tlsf,experiments/results-aurus-curves/aurus_humanoid-458_seed08/accumulated/spec335.tlsf,1
humanoid-458,7e47af522782acbcf758555e96b86195,av2,2,spec395.tlsf,experiments/results-aurus-curves/aurus_humanoid-458_seed02/accumulated/spec395.tlsf,1
humanoid-458,7e66e231d986f5afdd9e4b4eb7ef004d,av2,1,spec150.tlsf,experiments/results-aurus-curves/aurus_humanoid-458_seed01/accumulated/spec150.tlsf,1
humanoid-458,87aa9f10204c96d9c919ae9596e8bb69,av2,6,spec126.tlsf,experiments/results-aurus-curves/aurus_humanoid-458_seed06/accumulated/spec126.tlsf,1
humanoid-458,88433fdd5fbcb996b7553e8c7d8be64c,av3,25,spec197.tlsf,experiments/results-aurus-curves/aurus_humanoid-458_seed25/accumulated/spec197.tlsf,1
humanoid-458,8a8fddf09ab13779c2ad2aa9ac6df556,av3,24,spec324.tlsf,experiments/results-aurus-curves/aurus_humanoid-458_seed24/accumulated/spec324.tlsf,1
humanoid-458,8af1f72c4b2eee0c1b1afeee5c4168cd,av3,24,spec413.tlsf,experiments/results-aurus-curves/aurus_humanoid-458_seed24/accumulated/spec413.tlsf,1
humanoid-458,8b7fb97cc838713d26f493a33a76cb0a,av2,12,spec208.tlsf,experiments/results-aurus-curves/aurus_humanoid-458_seed12/accumulated/spec208.tlsf,1
humanoid-458,8cd5f3c59858a8b1362a7596ff912af8,av3,28,spec118.tlsf,experiments/results-aurus-curves/aurus_humanoid-458_seed28/accumulated/spec118.tlsf,1
humanoid-458,8d3136dae25ff8b044618a948073b4ba,av2,7,spec92.tlsf,experiments/results-aurus-curves/aurus_humanoid-458_seed07/accumulated/spec92.tlsf,1
humanoid-458,8dcf63748844b9035d24c680ab235381,av2,13,spec28.tlsf,experiments/results-aurus-curves/aurus_humanoid-458_seed13/accumulated/spec28.tlsf,1
humanoid-458,8ea439f81130c43269f1f2493f0423bc,av2,14,spec60.tlsf,experiments/results-aurus-curves/aurus_humanoid-458_seed14/accumulated/spec60.tlsf,1
humanoid-458,91846045413fa70656511f8a929d9af9,av3,29,spec187.tlsf,experiments/results-aurus-curves/aurus_humanoid-458_seed29/accumulated/spec187.tlsf,1
humanoid-458,9236b48e650636b67659274b9d290a1e,av2,1,spec347.tlsf,experiments/results-aurus-curves/aurus_humanoid-458_seed01/accumulated/spec347.tlsf,2
humanoid-458,92ec980683d022c8fd39506253a12b2a,av2,5,spec123.tlsf,experiments/results-aurus-curves/aurus_humanoid-458_seed05/accumulated/spec123.tlsf,1
humanoid-458,93233f4c6298da55861c5c6ed9b14cbc,av2,0,spec299.tlsf,experiments/results-aurus-curves/aurus_humanoid-458_seed00/accumulated/spec299.tlsf,1
humanoid-458,9336e0d838daa2111db13fd979d974a4,av3,23,spec463.tlsf,experiments/results-aurus-curves/aurus_humanoid-458_seed23/accumulated/spec463.tlsf,1
humanoid-458,9368f70f1fa4c5b8323a04877a1a605e,av2,0,spec264.tlsf,experiments/results-aurus-curves/aurus_humanoid-458_seed00/accumulated/spec264.tlsf,1
humanoid-458,942805e430cc61530a91ac61310717c4,av2,14,spec393.tlsf,experiments/results-aurus-curves/aurus_humanoid-458_seed14/accumulated/spec393.tlsf,1
humanoid-458,95184e43777e9127426b048481948140,av3,20,spec129.tlsf,experiments/results-aurus-curves/aurus_humanoid-458_seed20/accumulated/spec129.tlsf,1
humanoid-458,965bcebd0d5cde91a8a7df26062a4275,av3,21,spec209.tlsf,experiments/results-aurus-curves/aurus_humanoid-458_seed21/accumulated/spec209.tlsf,1
humanoid-458,970807b98af489822465c3a379256ceb,av2,3,spec179.tlsf,experiments/results-aurus-curves/aurus_humanoid-458_seed03/accumulated/spec179.tlsf,1
humanoid-458,98bb9d2d015796d7414cb934a3b077f2,av3,24,spec427.tlsf,experiments/results-aurus-curves/aurus_humanoid-458_seed24/accumulated/spec427.tlsf,1
humanoid-458,9a20a03bbe3aeb4cb05f5cdbebc0faa9,av3,24,spec365.tlsf,experiments/results-aurus-curves/aurus_humanoid-458_seed24/accumulated/spec365.tlsf,1
humanoid-458,9b9a4f946be094242e95ce9fbbaf197e,av2,12,spec310.tlsf,experiments/results-aurus-curves/aurus_humanoid-458_seed12/accumulated/spec310.tlsf,1
humanoid-458,9eb96e0819b6d0af0350a4aaebed610c,av2,4,spec342.tlsf,experiments/results-aurus-curves/aurus_humanoid-458_seed04/accumulated/spec342.tlsf,1
humanoid-458,a034b7655404ca8cd93f2c1f15649b91,av2,2,spec146.tlsf,experiments/results-aurus-curves/aurus_humanoid-458_seed02/accumulated/spec146.tlsf,1
humanoid-458,a1ae1821cc8de6254f7efd1d2e176541,av2,0,spec193.tlsf,experiments/results-aurus-curves/aurus_humanoid-458_seed00/accumulated/spec193.tlsf,1
humanoid-458,a274178f4de629fc82b75f4542ca7bae,av3,17,spec340.tlsf,experiments/results-aurus-curves/aurus_humanoid-458_seed17/accumulated/spec340.tlsf,1
humanoid-458,a3174e5efd5be28bb27d515254063a48,av3,17,spec338.tlsf,experiments/results-aurus-curves/aurus_humanoid-458_seed17/accumulated/spec338.tlsf,1
humanoid-458,a3cf6af3a4dc202b1efbd0718f5bd8be,av2,2,spec134.tlsf,experiments/results-aurus-curves/aurus_humanoid-458_seed02/accumulated/spec134.tlsf,1
humanoid-458,a4a282b5ad732ddfd320c6ab1f0e1b75,av3,20,spec397.tlsf,experiments/results-aurus-curves/aurus_humanoid-458_seed20/accumulated/spec397.tlsf,1
humanoid-458,a93cbaf291d32f79818ee8155bc8a85a,av3,24,spec424.tlsf,experiments/results-aurus-curves/aurus_humanoid-458_seed24/accumulated/spec424.tlsf,1
humanoid-458,abd5826ec3129e26d474945b84ec9743,av2,6,spec254.tlsf,experiments/results-aurus-curves/aurus_humanoid-458_seed06/accumulated/spec254.tlsf,1
humanoid-458,abd710fd759d6f946e905cc75bbc8b55,av2,11,spec47.tlsf,experiments/results-aurus-curves/aurus_humanoid-458_seed11/accumulated/spec47.tlsf,1
humanoid-458,ad8c79abc47de930d6df05d0687b12d1,av3,17,spec366.tlsf,experiments/results-aurus-curves/aurus_humanoid-458_seed17/accumulated/spec366.tlsf,1
humanoid-458,add0db8faebd6935e8e2d94465725ee2,av3,24,spec335.tlsf,experiments/results-aurus-curves/aurus_humanoid-458_seed24/accumulated/spec335.tlsf,1
humanoid-458,ae368271ad84433176882eccdea29938,av3,29,spec130.tlsf,experiments/results-aurus-curves/aurus_humanoid-458_seed29/accumulated/spec130.tlsf,1
humanoid-458,b32d59f5c0bcdf6b6e28262500bf2528,av3,26,spec151.tlsf,experiments/results-aurus-curves/aurus_humanoid-458_seed26/accumulated/spec151.tlsf,1
humanoid-458,b602613b6ec81442c41663200f02cc72,av3,18,spec111.tlsf,experiments/results-aurus-curves/aurus_humanoid-458_seed18/accumulated/spec111.tlsf,1
humanoid-458,b93571755fb0e4267c8fe488cbcc36ff,av2,7,spec329.tlsf,experiments/results-aurus-curves/aurus_humanoid-458_seed07/accumulated/spec329.tlsf,1
humanoid-458,c08fb8d5c1f71436e5a232c33b278c48,av2,14,spec78.tlsf,experiments/results-aurus-curves/aurus_humanoid-458_seed14/accumulated/spec78.tlsf,1
humanoid-458,c2407ecc13d96014d3dfdbd9d92f363c,av2,3,spec200.tlsf,experiments/results-aurus-curves/aurus_humanoid-458_seed03/accumulated/spec200.tlsf,1
humanoid-458,c349dd14ba05c7b676a495cedebd55ee,av3,18,spec400.tlsf,experiments/results-aurus-curves/aurus_humanoid-458_seed18/accumulated/spec400.tlsf,1
humanoid-458,c3549b81af17b9d23fea31a2d230ee26,av2,10,spec189.tlsf,experiments/results-aurus-curves/aurus_humanoid-458_seed10/accumulated/spec189.tlsf,1
humanoid-458,c3893fbebd0dc1593be066316f6371ec,av2,6,spec43.tlsf,experiments/results-aurus-curves/aurus_humanoid-458_seed06/accumulated/spec43.tlsf,1
humanoid-458,cba513db6f1ea721c028baee49d16b5e,av2,1,spec217.tlsf,experiments/results-aurus-curves/aurus_humanoid-458_seed01/accumulated/spec217.tlsf,1
humanoid-458,cdcd9ec74cf62c36896d665b123196e8,av3,20,spec149.tlsf,experiments/results-aurus-curves/aurus_humanoid-458_seed20/accumulated/spec149.tlsf,1
humanoid-458,d11ed2caf6db634569d6c4e30274c309,av2,3,spec105.tlsf,experiments/results-aurus-curves/aurus_humanoid-458_seed03/accumulated/spec105.tlsf,1
humanoid-458,d5877d163f4f0fa5056cc7821ddb9c99,av3,18,spec113.tlsf,experiments/results-aurus-curves/aurus_humanoid-458_seed18/accumulated/spec113.tlsf,1
humanoid-458,d58cc58c6f01255456bb8c994866a0d7,av3,20,spec371.tlsf,experiments/results-aurus-curves/aurus_humanoid-458_seed20/accumulated/spec371.tlsf,1
humanoid-458,d60a96aee772dcc4b3b1ba1347bea46a,av3,24,spec388.tlsf,experiments/results-aurus-curves/aurus_humanoid-458_seed24/accumulated/spec388.tlsf,1
humanoid-458,d92f5176ffac987d1e9496d056a4e1ed,av3,23,spec266.tlsf,experiments/results-aurus-curves/aurus_humanoid-458_seed23/accumulated/spec266.tlsf,1
humanoid-458,da1833c1efb5101b522bbc629054fa61,av3,24,spec121.tlsf,experiments/results-aurus-curves/aurus_humanoid-458_seed24/accumulated/spec121.tlsf,1
humanoid-458,dc3971c4db94b716c3d0d06e1ca50526,av3,24,spec169.tlsf,experiments/results-aurus-curves/aurus_humanoid-458_seed24/accumulated/spec169.tlsf,1
humanoid-458,dc6781e1b7e808a6fb1776e760c5441c,av3,24,spec115.tlsf,experiments/results-aurus-curves/aurus_humanoid-458_seed24/accumulated/spec115.tlsf,1
humanoid-458,dddbc24460f736bb1be5c55fbda64321,av3,29,spec205.tlsf,experiments/results-aurus-curves/aurus_humanoid-458_seed29/accumulated/spec205.tlsf,1
humanoid-458,e191cd457bac5e0f802a611343626e25,av2,14,spec234.tlsf,experiments/results-aurus-curves/aurus_humanoid-458_seed14/accumulated/spec234.tlsf,1
humanoid-458,e20a7e46adb82ec59825a6e3425dd33b,av2,7,spec272.tlsf,experiments/results-aurus-curves/aurus_humanoid-458_seed07/accumulated/spec272.tlsf,1
humanoid-458,e4a12d43b2a8544abbe10c0e6e892b14,av3,15,spec152.tlsf,experiments/results-aurus-curves/aurus_humanoid-458_seed15/accumulated/spec152.tlsf,1
humanoid-458,e89518e853fd56e3d141bd1de29603b1,av2,4,spec343.tlsf,experiments/results-aurus-curves/aurus_humanoid-458_seed04/accumulated/spec343.tlsf,1
humanoid-458,e89f8c8e27ae2d3c2c7ed4bd5b6b8c67,av3,26,spec288.tlsf,experiments/results-aurus-curves/aurus_humanoid-458_seed26/accumulated/spec288.tlsf,1
humanoid-458,ead12d23e8c5bcd8daeab91e32d56e81,av3,29,spec79.tlsf,experiments/results-aurus-curves/aurus_humanoid-458_seed29/accumulated/spec79.tlsf,1
humanoid-458,ecdbfe32b01df6e790717227f47f40c5,av3,29,spec80.tlsf,experiments/results-aurus-curves/aurus_humanoid-458_seed29/accumulated/spec80.tlsf,1
humanoid-458,ed3f7569fe71b33e3194ebd6655c79fc,av3,23,spec220.tlsf,experiments/results-aurus-curves/aurus_humanoid-458_seed23/accumulated/spec220.tlsf,1
humanoid-458,ee1095e072f77505ea46e062bbf6d6f8,av3,23,spec317.tlsf,experiments/results-aurus-curves/aurus_humanoid-458_seed23/accumulated/spec317.tlsf,1
humanoid-458,f143b560e10f841b8b9198274b42404a,av2,11,spec112.tlsf,experiments/results-aurus-curves/aurus_humanoid-458_seed11/accumulated/spec112.tlsf,1
humanoid-458,f5d8f191a5c7f3f9abd08ee0d22f1d28,av2,8,spec365.tlsf,experiments/results-aurus-curves/aurus_humanoid-458_seed08/accumulated/spec365.tlsf,1
humanoid-458,f8720430cd8b563e322e385d4cafbdce,av3,24,spec448.tlsf,experiments/results-aurus-curves/aurus_humanoid-458_seed24/accumulated/spec448.tlsf,1
humanoid-458,f949e3f975d52698ff915a6cd1ee6f0b,av3,25,spec101.tlsf,experiments/results-aurus-curves/aurus_humanoid-458_seed25/accumulated/spec101.tlsf,1
humanoid-458,faa193e1463b62969b705695e924773c,av3,28,spec74.tlsf,experiments/results-aurus-curves/aurus_humanoid-458_seed28/accumulated/spec74.tlsf,1
humanoid-458,fd275c6250f02476729a9a9e2256ee4e,av3,18,spec166.tlsf,experiments/results-aurus-curves/aurus_humanoid-458_seed18/accumulated/spec166.tlsf,1
humanoid-458,ffae02f889777a530994eddc2d26f8c2,av3,15,spec245.tlsf,experiments/results-aurus-curves/aurus_humanoid-458_seed15/accumulated/spec245.tlsf,1
humanoid-742,0064e2e14c3a92ca5709446b720e1335,av3,27,spec156.tlsf,experiments/results-aurus-curves/aurus_humanoid-742_seed27/accumulated/spec156.tlsf,1
humanoid-742,0065280c976ea6a7e9672c265fffed9b,av2,13,spec174.tlsf,experiments/results-aurus-curves/aurus_humanoid-742_seed13/accumulated/spec174.tlsf,1
humanoid-742,0153f4c0e936506b2cdd5e39e8235ee7,av3,18,spec51.tlsf,experiments/results-aurus-curves/aurus_humanoid-742_seed18/accumulated/spec51.tlsf,1
humanoid-742,01bea2b6fd0419eda4764d5303d9b023,av2,7,spec133.tlsf,experiments/results-aurus-curves/aurus_humanoid-742_seed07/accumulated/spec133.tlsf,1
humanoid-742,020d64eb28b7925ef92f937371b755e3,av3,25,spec43.tlsf,experiments/results-aurus-curves/aurus_humanoid-742_seed25/accumulated/spec43.tlsf,1
humanoid-742,024c4a62ddcbf044a9699a956df8e626,av3,19,spec38.tlsf,experiments/results-aurus-curves/aurus_humanoid-742_seed19/accumulated/spec38.tlsf,1
humanoid-742,0279d24aa64286813eba57f7a4a2f5d1,av3,20,spec205.tlsf,experiments/results-aurus-curves/aurus_humanoid-742_seed20/accumulated/spec205.tlsf,1
humanoid-742,0295eee3e7584ef5850d7b2a2c6af85f,av2,10,spec174.tlsf,experiments/results-aurus-curves/aurus_humanoid-742_seed10/accumulated/spec174.tlsf,1
humanoid-742,02b16311b81e51ea0a0abe73721bc666,av3,22,spec114.tlsf,experiments/results-aurus-curves/aurus_humanoid-742_seed22/accumulated/spec114.tlsf,1
humanoid-742,03ccfaf9ca12cc655031bcfdf842381d,av3,15,spec144.tlsf,experiments/results-aurus-curves/aurus_humanoid-742_seed15/accumulated/spec144.tlsf,1
humanoid-742,03d8027e821212f91a7b4773f2acb921,av2,12,spec147.tlsf,experiments/results-aurus-curves/aurus_humanoid-742_seed12/accumulated/spec147.tlsf,1
humanoid-742,0468631a4900cf914b8d579b718d6b55,av3,15,spec197.tlsf,experiments/results-aurus-curves/aurus_humanoid-742_seed15/accumulated/spec197.tlsf,1
humanoid-742,05a162cba189d9e6641f9a042af6c722,av3,22,spec99.tlsf,experiments/results-aurus-curves/aurus_humanoid-742_seed22/accumulated/spec99.tlsf,1
humanoid-742,06274c653fa761d620343edbd959eb06,av2,7,spec67.tlsf,experiments/results-aurus-curves/aurus_humanoid-742_seed07/accumulated/spec67.tlsf,1
humanoid-742,065ef8d3fab1cf61804417f4fc38921b,av2,8,spec106.tlsf,experiments/results-aurus-curves/aurus_humanoid-742_seed08/accumulated/spec106.tlsf,1
humanoid-742,068da3c16e5488a7f0ea4a56f0b9ea9d,av3,22,spec423.tlsf,experiments/results-aurus-curves/aurus_humanoid-742_seed22/accumulated/spec423.tlsf,1
humanoid-742,06af0506e08588f05626816cd8a34e11,av2,14,spec199.tlsf,experiments/results-aurus-curves/aurus_humanoid-742_seed14/accumulated/spec199.tlsf,1
humanoid-742,06c173b3b70ab9dc6d96e70865795abd,av2,6,spec136.tlsf,experiments/results-aurus-curves/aurus_humanoid-742_seed06/accumulated/spec136.tlsf,1
humanoid-742,06ea28aeb95c1c0551aca6379743d7a7,av3,16,spec197.tlsf,experiments/results-aurus-curves/aurus_humanoid-742_seed16/accumulated/spec197.tlsf,1
humanoid-742,0790c9bc6e6d064497a129c9a7dff0b4,av3,20,spec218.tlsf,experiments/results-aurus-curves/aurus_humanoid-742_seed20/accumulated/spec218.tlsf,1
humanoid-742,0864b685ebddcdcfc557dbce0b48ec8a,av3,24,spec75.tlsf,experiments/results-aurus-curves/aurus_humanoid-742_seed24/accumulated/spec75.tlsf,1
humanoid-742,08cacf95e16c2e6ada39f632b7a54ec6,av2,1,spec204.tlsf,experiments/results-aurus-curves/aurus_humanoid-742_seed01/accumulated/spec204.tlsf,1
humanoid-742,08d831e0691388e75b8f3930eeb05fb5,av3,22,spec363.tlsf,experiments/results-aurus-curves/aurus_humanoid-742_seed22/accumulated/spec363.tlsf,1
humanoid-742,08f1e096e9be0090c55a1d3b67055a0f,av3,23,spec153.tlsf,experiments/results-aurus-curves/aurus_humanoid-742_seed23/accumulated/spec153.tlsf,1
humanoid-742,0978f447414c057196a0e85b10004909,av3,20,spec118.tlsf,experiments/results-aurus-curves/aurus_humanoid-742_seed20/accumulated/spec118.tlsf,1
humanoid-742,09ee67ec1013f23ac73bc4a96e24921a,av3,22,spec344.tlsf,experiments/results-aurus-curves/aurus_humanoid-742_seed22/accumulated/spec344.tlsf,1
humanoid-742,0a2f830ea0b956b5a794f5aaa05f9a93,av2,11,spec29.tlsf,experiments/results-aurus-curves/aurus_humanoid-742_seed11/accumulated/spec29.tlsf,1
humanoid-742,0a6270e984ba7db5a752f88a87981541,av3,24,spec111.tlsf,experiments/results-aurus-curves/aurus_humanoid-742_seed24/accumulated/spec111.tlsf,1
humanoid-742,0a9576527708223668b43722d3620088,av3,22,spec117.tlsf,experiments/results-aurus-curves/aurus_humanoid-742_seed22/accumulated/spec117.tlsf,1
humanoid-742,0aa2db5d22b343777fef71e93bb56930,av2,3,spec226.tlsf,experiments/results-aurus-curves/aurus_humanoid-742_seed03/accumulated/spec226.tlsf,1
humanoid-742,0ac25891679552b06c94be193348d3fd,av3,22,spec64.tlsf,experiments/results-aurus-curves/aurus_humanoid-742_seed22/accumulated/spec64.tlsf,1
humanoid-742,0b06d20bf3c331d23ef500e170e25eb5,av3,16,spec163.tlsf,experiments/results-aurus-curves/aurus_humanoid-742_seed16/accumulated/spec163.tlsf,1
humanoid-742,0b1f54b024e1f2a36d7510a03ef062fc,av3,25,spec160.tlsf,experiments/results-aurus-curves/aurus_humanoid-742_seed25/accumulated/spec160.tlsf,1
humanoid-742,0b5cb307cb03bf38d9849f7165341de6,av2,12,spec73.tlsf,experiments/results-aurus-curves/aurus_humanoid-742_seed12/accumulated/spec73.tlsf,1
humanoid-742,0c09254476d23718d3c8b405e4b6f4be,av3,29,spec161.tlsf,experiments/results-aurus-curves/aurus_humanoid-742_seed29/accumulated/spec161.tlsf,1
humanoid-742,0c1b38603b041d219fc438e9ddecad57,av2,12,spec78.tlsf,experiments/results-aurus-curves/aurus_humanoid-742_seed12/accumulated/spec78.tlsf,1
humanoid-742,0c31320380ec84fa0bb462c28ba6e688,av2,6,spec217.tlsf,experiments/results-aurus-curves/aurus_humanoid-742_seed06/accumulated/spec217.tlsf,1
humanoid-742,0c6c91f59782996d0635f21c9457be04,av3,28,spec77.tlsf,experiments/results-aurus-curves/aurus_humanoid-742_seed28/accumulated/spec77.tlsf,1
humanoid-742,0c7484f15a445818d647c4b2cb9d2569,av2,9,spec116.tlsf,experiments/results-aurus-curves/aurus_humanoid-742_seed09/accumulated/spec116.tlsf,1
humanoid-742,0d12046b492b301cabf6b3d549dbb0a6,av3,28,spec209.tlsf,experiments/results-aurus-curves/aurus_humanoid-742_seed28/accumulated/spec209.tlsf,1
humanoid-742,0d292b1606fa5cb5cf94e2ebea1a8428,av2,5,spec98.tlsf,experiments/results-aurus-curves/aurus_humanoid-742_seed05/accumulated/spec98.tlsf,1
humanoid-742,0d8537cca631c92226c1d504d7d0dbd8,av3,29,spec142.tlsf,experiments/results-aurus-curves/aurus_humanoid-742_seed29/accumulated/spec142.tlsf,1
humanoid-742,0d8609460d6d258dd473502445a4dadb,av3,26,spec221.tlsf,experiments/results-aurus-curves/aurus_humanoid-742_seed26/accumulated/spec221.tlsf,1
humanoid-742,0d8e7330a5b5825053298ea6fd2a0bd5,av3,28,spec248.tlsf,experiments/results-aurus-curves/aurus_humanoid-742_seed28/accumulated/spec248.tlsf,1
humanoid-742,0dd07b7ee70b745d9a459962edff06b8,av2,7,spec79.tlsf,experiments/results-aurus-curves/aurus_humanoid-742_seed07/accumulated/spec79.tlsf,1
humanoid-742,0e82a444f52184b3e49734a045ada5b1,av3,19,spec218.tlsf,experiments/results-aurus-curves/aurus_humanoid-742_seed19/accumulated/spec218.tlsf,1
humanoid-742,0fd5d83eca140b8e5f6a35ed3dcbb398,av3,23,spec198.tlsf,experiments/results-aurus-curves/aurus_humanoid-742_seed23/accumulated/spec198.tlsf,1
humanoid-742,100881018654ecea6843fc474e5e7229,av2,6,spec190.tlsf,experiments/results-aurus-curves/aurus_humanoid-742_seed06/accumulated/spec190.tlsf,1
humanoid-742,103370b0c1527a7cb9014e2637d99748,av2,11,spec96.tlsf,experiments/results-aurus-curves/aurus_humanoid-742_seed11/accumulated/spec96.tlsf,1
humanoid-742,1086d1600e153824c94d5cb927085ca6,av3,28,spec124.tlsf,experiments/results-aurus-curves/aurus_humanoid-742_seed28/accumulated/spec124.tlsf,1
humanoid-742,1114182183cc3ccf58183e6c3a9f0564,av3,19,spec16.tlsf,experiments/results-aurus-curves/aurus_humanoid-742_seed19/accumulated/spec16.tlsf,1
humanoid-742,117ffa1fee2d972372a02f87b23a77f8,av3,19,spec73.tlsf,experiments/results-aurus-curves/aurus_humanoid-742_seed19/accumulated/spec73.tlsf,1
humanoid-742,11e60625d6f349bee0cb237dcc2cae13,av2,6,spec119.tlsf,experiments/results-aurus-curves/aurus_humanoid-742_seed06/accumulated/spec119.tlsf,1
humanoid-742,11ebcf41f72cd4860352f3693e9ca380,av2,13,spec50.tlsf,experiments/results-aurus-curves/aurus_humanoid-742_seed13/accumulated/spec50.tlsf,1
humanoid-742,124c5718c379e1b3fc37407f2751d6c0,av2,5,spec143.tlsf,experiments/results-aurus-curves/aurus_humanoid-742_seed05/accumulated/spec143.tlsf,1
humanoid-742,12724d736734e91f54c9e951ea68fd80,av2,9,spec166.tlsf,experiments/results-aurus-curves/aurus_humanoid-742_seed09/accumulated/spec166.tlsf,1
humanoid-742,12946f57cd473fe8198096aa72a7bc7b,av3,16,spec211.tlsf,experiments/results-aurus-curves/aurus_humanoid-742_seed16/accumulated/spec211.tlsf,1
humanoid-742,13861965476459cdaa90dc3ff16265a9,av3,15,spec61.tlsf,experiments/results-aurus-curves/aurus_humanoid-742_seed15/accumulated/spec61.tlsf,1
humanoid-742,13b5d912fd3ed279653606f03701e5a2,av3,24,spec142.tlsf,experiments/results-aurus-curves/aurus_humanoid-742_seed24/accumulated/spec142.tlsf,1
humanoid-742,13ff96afd37a931bc4931c42478de47f,av2,5,spec136.tlsf,experiments/results-aurus-curves/aurus_humanoid-742_seed05/accumulated/spec136.tlsf,1
humanoid-742,14076627186f61db16fe3d1ac426f7ab,av3,25,spec3.tlsf,experiments/results-aurus-curves/aurus_humanoid-742_seed25/accumulated/spec3.tlsf,1
humanoid-742,14a1ee4969298ff479c3b1c1d404a3a3,av3,29,spec182.tlsf,experiments/results-aurus-curves/aurus_humanoid-742_seed29/accumulated/spec182.tlsf,1
humanoid-742,14eeacf178b0c79044535a0b0316ce1d,av3,16,spec143.tlsf,experiments/results-aurus-curves/aurus_humanoid-742_seed16/accumulated/spec143.tlsf,1
humanoid-742,1539a423c20153b6888a6d520c25f3f3,av3,26,spec11.tlsf,experiments/results-aurus-curves/aurus_humanoid-742_seed26/accumulated/spec11.tlsf,1
humanoid-742,15837f5d505a030a67cae62839df895d,av3,29,spec69.tlsf,experiments/results-aurus-curves/aurus_humanoid-742_seed29/accumulated/spec69.tlsf,1
humanoid-742,15ad09a7ab994a4fea81ec02d5a9fe72,av2,7,spec129.tlsf,experiments/results-aurus-curves/aurus_humanoid-742_seed07/accumulated/spec129.tlsf,1
humanoid-742,15f037319ad9d9ca733af1cf248f1860,av2,6,spec218.tlsf,experiments/results-aurus-curves/aurus_humanoid-742_seed06/accumulated/spec218.tlsf,1
humanoid-742,162fd991bd32bd2fb5c1a04acdf3bdfa,av2,2,spec6.tlsf,experiments/results-aurus-curves/aurus_humanoid-742_seed02/accumulated/spec6.tlsf,1
humanoid-742,1635c61902a0aa6643c6704289f39313,av2,2,spec24.tlsf,experiments/results-aurus-curves/aurus_humanoid-742_seed02/accumulated/spec24.tlsf,1
humanoid-742,164ad56530a19c9ff3330dc17eb36b63,av2,0,spec22.tlsf,experiments/results-aurus-curves/aurus_humanoid-742_seed00/accumulated/spec22.tlsf,1
humanoid-742,17076f8df27b136e7cb9219c0d8609d8,av2,7,spec103.tlsf,experiments/results-aurus-curves/aurus_humanoid-742_seed07/accumulated/spec103.tlsf,1
humanoid-742,1747c8bb5215ba3ae1b5477c2b765103,av3,18,spec126.tlsf,experiments/results-aurus-curves/aurus_humanoid-742_seed18/accumulated/spec126.tlsf,1
humanoid-742,175d65d51c75eb931c8d9d352ebb5af6,av3,19,spec226.tlsf,experiments/results-aurus-curves/aurus_humanoid-742_seed19/accumulated/spec226.tlsf,1
humanoid-742,17f44e7406f0b641a6a3b75b62b93e17,av2,7,spec144.tlsf,experiments/results-aurus-curves/aurus_humanoid-742_seed07/accumulated/spec144.tlsf,1
humanoid-742,1865e4466490d8d7e0ebcdb357c53eb5,av2,13,spec82.tlsf,experiments/results-aurus-curves/aurus_humanoid-742_seed13/accumulated/spec82.tlsf,1
humanoid-742,187a71111ae8fe902f269827e11cc3ca,av3,20,spec199.tlsf,experiments/results-aurus-curves/aurus_humanoid-742_seed20/accumulated/spec199.tlsf,1
humanoid-742,196cfee46b7088bc115190c50f76b9b7,av2,11,spec42.tlsf,experiments/results-aurus-curves/aurus_humanoid-742_seed11/accumulated/spec42.tlsf,1
humanoid-742,1995176609501eaf803fcacc09d6bbb0,av2,3,spec327.tlsf,experiments/results-aurus-curves/aurus_humanoid-742_seed03/accumulated/spec327.tlsf,1
humanoid-742,19bcb629b7722036e9b3dc91bdf32187,av2,4,spec222.tlsf,experiments/results-aurus-curves/aurus_humanoid-742_seed04/accumulated/spec222.tlsf,1
humanoid-742,1a45f475e7c673f410c9f8d998c23d60,av3,23,spec50.tlsf,experiments/results-aurus-curves/aurus_humanoid-742_seed23/accumulated/spec50.tlsf,1
humanoid-742,1ae9e201964281b519ce582d1b2cf57c,av2,13,spec6.tlsf,experiments/results-aurus-curves/aurus_humanoid-742_seed13/accumulated/spec6.tlsf,1
humanoid-742,1af34f8d99045f2bed6a2b2dcee6b98a,av3,16,spec84.tlsf,experiments/results-aurus-curves/aurus_humanoid-742_seed16/accumulated/spec84.tlsf,1
humanoid-742,1b5aa79ec4d0602960c8fd5dd338f837,av3,24,spec118.tlsf,experiments/results-aurus-curves/aurus_humanoid-742_seed24/accumulated/spec118.tlsf,1
humanoid-742,1be323e50462eb174979e6d152612cfd,av3,23,spec68.tlsf,experiments/results-aurus-curves/aurus_humanoid-742_seed23/accumulated/spec68.tlsf,1
humanoid-742,1beb8bbcc22f64f6547026a12acaa2bb,av2,10,spec166.tlsf,experiments/results-aurus-curves/aurus_humanoid-742_seed10/accumulated/spec166.tlsf,1
humanoid-742,1beea9017f0cae2b4a49783d860fff03,av2,5,spec78.tlsf,experiments/results-aurus-curves/aurus_humanoid-742_seed05/accumulated/spec78.tlsf,1
humanoid-742,1d7bf69741f4e4bf1748f83dce8420ab,av2,2,spec52.tlsf,experiments/results-aurus-curves/aurus_humanoid-742_seed02/accumulated/spec52.tlsf,1
humanoid-742,1d8ab9d32f901d9d5c6ced426900b2c5,av2,5,spec154.tlsf,experiments/results-aurus-curves/aurus_humanoid-742_seed05/accumulated/spec154.tlsf,1
humanoid-742,1dad0eee97e8a88aa40abb5884a1df0f,av2,12,spec201.tlsf,experiments/results-aurus-curves/aurus_humanoid-742_seed12/accumulated/spec201.tlsf,1
humanoid-742,1e6cc5f17cb62522e614797f854c7453,av2,10,spec233.tlsf,experiments/results-aurus-curves/aurus_humanoid-742_seed10/accumulated/spec233.tlsf,1
humanoid-742,1ee2c2764ee953bb986a8654951da42d,av2,0,spec66.tlsf,experiments/results-aurus-curves/aurus_humanoid-742_seed00/accumulated/spec66.tlsf,1
humanoid-742,2023061dc0a1317c42801e696fe194a5,av2,4,spec247.tlsf,experiments/results-aurus-curves/aurus_humanoid-742_seed04/accumulated/spec247.tlsf,1
humanoid-742,203b71bfdf0e9153b77aaed537a1726b,av3,22,spec201.tlsf,experiments/results-aurus-curves/aurus_humanoid-742_seed22/accumulated/spec201.tlsf,1
humanoid-742,206fe2cdaca2c1c5bc7a62dea9006928,av2,11,spec127.tlsf,experiments/results-aurus-curves/aurus_humanoid-742_seed11/accumulated/spec127.tlsf,1
humanoid-742,20743f7a9a1f7caf3a8a91c238ca82e0,av2,7,spec9.tlsf,experiments/results-aurus-curves/aurus_humanoid-742_seed07/accumulated/spec9.tlsf,1
humanoid-742,2116f7d7e9d9ec2aaa0b3ef5e23a1b6e,av2,0,spec93.tlsf,experiments/results-aurus-curves/aurus_humanoid-742_seed00/accumulated/spec93.tlsf,1
humanoid-742,219055bf3d95953f8256684c55ee786d,av2,10,spec103.tlsf,experiments/results-aurus-curves/aurus_humanoid-742_seed10/accumulated/spec103.tlsf,1
humanoid-742,21a50bc48a35d36340760618ebf25cb2,av3,17,spec187.tlsf,experiments/results-aurus-curves/aurus_humanoid-742_seed17/accumulated/spec187.tlsf,1
humanoid-742,21be1f2b6c763eb6147d2426f782279b,av3,26,spec226.tlsf,experiments/results-aurus-curves/aurus_humanoid-742_seed26/accumulated/spec226.tlsf,1
humanoid-742,21ec2516d17eb16831aaaa701b5b4a23,av3,26,spec210.tlsf,experiments/results-aurus-curves/aurus_humanoid-742_seed26/accumulated/spec210.tlsf,1
humanoid-742,2263bbb5cf5fb1589e7dedddf373f92f,av2,7,spec27.tlsf,experiments/results-aurus-curves/aurus_humanoid-742_seed07/accumulated/spec27.tlsf,1
humanoid-742,22bd8d763278ccecd8d3957262a0ca4e,av3,20,spec33.tlsf,experiments/results-aurus-curves/aurus_humanoid-742_seed20/accumulated/spec33.tlsf,1
humanoid-742,22bdd43848201fb23c417508ae1d8e1e,av3,22,spec105.tlsf,experiments/results-aurus-curves/aurus_humanoid-742_seed22/accumulated/spec105.tlsf,1
humanoid-742,23da7916cf26eafc4cca9b6c9b50833d,av2,12,spec74.tlsf,experiments/results-aurus-curves/aurus_humanoid-742_seed12/accumulated/spec74.tlsf,1
humanoid-742,246cb7b0723829a1dcde92927a56b00f,av2,1,spec100.tlsf,experiments/results-aurus-curves/aurus_humanoid-742_seed01/accumulated/spec100.tlsf,1
humanoid-742,246e2477d559dab8b9d128affe93d347,av2,12,spec103.tlsf,experiments/results-aurus-curves/aurus_humanoid-742_seed12/accumulated/spec103.tlsf,1
humanoid-742,259c0f3de275912b655d1c9342e14177,av3,28,spec44.tlsf,experiments/results-aurus-curves/aurus_humanoid-742_seed28/accumulated/spec44.tlsf,1
humanoid-742,25d2848438f1a83bcb4549a3f7911d3a,av2,8,spec149.tlsf,experiments/results-aurus-curves/aurus_humanoid-742_seed08/accumulated/spec149.tlsf,1
humanoid-742,26e17daccafb462bc5dc95706e85e074,av2,0,spec75.tlsf,experiments/results-aurus-curves/aurus_humanoid-742_seed00/accumulated/spec75.tlsf,1
humanoid-742,270e80d6697217e24e66b50142ba4ca4,av2,8,spec124.tlsf,experiments/results-aurus-curves/aurus_humanoid-742_seed08/accumulated/spec124.tlsf,1
humanoid-742,28055a682e04cc9a19b88496d45a8f50,av3,17,spec207.tlsf,experiments/results-aurus-curves/aurus_humanoid-742_seed17/accumulated/spec207.tlsf,1
humanoid-742,282c691d81735b33d3fc3a8b67c0fa74,av2,2,spec236.tlsf,experiments/results-aurus-curves/aurus_humanoid-742_seed02/accumulated/spec236.tlsf,1
humanoid-742,2841b8790bc8b9fbc6eec4fb68ed61dd,av2,6,spec126.tlsf,experiments/results-aurus-curves/aurus_humanoid-742_seed06/accumulated/spec126.tlsf,1
humanoid-742,28f7260c6de031562066d55b4502f74b,av2,6,spec130.tlsf,experiments/results-aurus-curves/aurus_humanoid-742_seed06/accumulated/spec130.tlsf,1
humanoid-742,2974d76b10b4459a76b9ce519ace12fa,av3,26,spec254.tlsf,experiments/results-aurus-curves/aurus_humanoid-742_seed26/accumulated/spec254.tlsf,1
humanoid-742,29bf6e57b4bd5f0c3a2a0f64b319db67,av3,17,spec143.tlsf,experiments/results-aurus-curves/aurus_humanoid-742_seed17/accumulated/spec143.tlsf,1
humanoid-742,29fdfdfdca261ff6b8e2c83216729ba4,av3,26,spec89.tlsf,experiments/results-aurus-curves/aurus_humanoid-742_seed26/accumulated/spec89.tlsf,1
humanoid-742,2ac5dcfdbce455e9c3c9b8bd32e86fe6,av3,27,spec155.tlsf,experiments/results-aurus-curves/aurus_humanoid-742_seed27/accumulated/spec155.tlsf,1
humanoid-742,2c19910afca51fab8a99ef39de8dd582,av3,23,spec72.tlsf,experiments/results-aurus-curves/aurus_humanoid-742_seed23/accumulated/spec72.tlsf,1
humanoid-742,2c8fd0f56d0a9c8dff4f7d9af9710837,av3,28,spec86.tlsf,experiments/results-aurus-curves/aurus_humanoid-742_seed28/accumulated/spec86.tlsf,1
humanoid-742,2cd1ba176b4168ed4f3999a9a4b839df,av2,11,spec165.tlsf,experiments/results-aurus-curves/aurus_humanoid-742_seed11/accumulated/spec165.tlsf,1
humanoid-742,2d319c68644c322b31d89e54ce83824c,av2,13,spec168.tlsf,experiments/results-aurus-curves/aurus_humanoid-742_seed13/accumulated/spec168.tlsf,1
humanoid-742,2e2a41e29fb8f897936349a2bcf295c6,av2,12,spec224.tlsf,experiments/results-aurus-curves/aurus_humanoid-742_seed12/accumulated/spec224.tlsf,1
humanoid-742,2eae053697090020dae399cd25d7c710,av2,14,spec8.tlsf,experiments/results-aurus-curves/aurus_humanoid-742_seed14/accumulated/spec8.tlsf,1
humanoid-742,2eb4c340e645d2e95841f065bdf933de,av2,2,spec212.tlsf,experiments/results-aurus-curves/aurus_humanoid-742_seed02/accumulated/spec212.tlsf,1
humanoid-742,2ed3735774ebefd284fcad4fc2f27585,av3,16,spec174.tlsf,experiments/results-aurus-curves/aurus_humanoid-742_seed16/accumulated/spec174.tlsf,1
humanoid-742,2f235b4a64e6a0f860c362189c719b3c,av2,6,spec61.tlsf,experiments/results-aurus-curves/aurus_humanoid-742_seed06/accumulated/spec61.tlsf,1
humanoid-742,2f4ce0c97e24f00c476325f89c4cad64,av3,25,spec56.tlsf,experiments/results-aurus-curves/aurus_humanoid-742_seed25/accumulated/spec56.tlsf,1
humanoid-742,2f6587a71c894202dab1304f751bff63,av2,14,spec125.tlsf,experiments/results-aurus-curves/aurus_humanoid-742_seed14/accumulated/spec125.tlsf,1
humanoid-742,2f95c8d44de0ad07092665af32d921ec,av2,7,spec150.tlsf,experiments/results-aurus-curves/aurus_humanoid-742_seed07/accumulated/spec150.tlsf,1
humanoid-742,303373552d8c31942faf4668f7473f67,av2,7,spec29.tlsf,experiments/results-aurus-curves/aurus_humanoid-742_seed07/accumulated/spec29.tlsf,1
humanoid-742,305178e9d7b45e4252f7a4f6b9003da0,av2,5,spec150.tlsf,experiments/results-aurus-curves/aurus_humanoid-742_seed05/accumulated/spec150.tlsf,1
humanoid-742,30ad2f9d39b94e0c77effdf387cc8e17,av2,13,spec69.tlsf,experiments/results-aurus-curves/aurus_humanoid-742_seed13/accumulated/spec69.tlsf,1
humanoid-742,31b730e124afc7c5d66df48813e86b66,av2,1,spec92.tlsf,experiments/results-aurus-curves/aurus_humanoid-742_seed01/accumulated/spec92.tlsf,1
humanoid-742,33381a7e644c320d9dd38633228ccf4d,av2,11,spec161.tlsf,experiments/results-aurus-curves/aurus_humanoid-742_seed11/accumulated/spec161.tlsf,1
humanoid-742,33969b363af01f56e7b7d8cd5232f7d5,av2,1,spec243.tlsf,experiments/results-aurus-curves/aurus_humanoid-742_seed01/accumulated/spec243.tlsf,1
humanoid-742,339cde4c8d8a5e5b1496eb31599f0541,av3,24,spec12.tlsf,experiments/results-aurus-curves/aurus_humanoid-742_seed24/accumulated/spec12.tlsf,1
humanoid-742,343ceec82a80dc9779b1f23ed01feaef,av3,28,spec246.tlsf,experiments/results-aurus-curves/aurus_humanoid-742_seed28/accumulated/spec246.tlsf,1
humanoid-742,34e15a3fd81424a0aa4fb35d503042d9,av3,22,spec263.tlsf,experiments/results-aurus-curves/aurus_humanoid-742_seed22/accumulated/spec263.tlsf,1
humanoid-742,35500b378bbef5e0b7673763f03b6c7b,av2,12,spec9.tlsf,experiments/results-aurus-curves/aurus_humanoid-742_seed12/accumulated/spec9.tlsf,1
humanoid-742,356f33679bedb656658b095d518022a4,av3,19,spec196.tlsf,experiments/results-aurus-curves/aurus_humanoid-742_seed19/accumulated/spec196.tlsf,1
humanoid-742,35cfc59749b37cf559ea07c3abfc8888,av2,2,spec20.tlsf,experiments/results-aurus-curves/aurus_humanoid-742_seed02/accumulated/spec20.tlsf,1
humanoid-742,36052cba94cb35e699b9f662f89bbf13,av2,11,spec138.tlsf,experiments/results-aurus-curves/aurus_humanoid-742_seed11/accumulated/spec138.tlsf,1
humanoid-742,36c5c4259b629fd2fbf30cde691c195c,av3,24,spec153.tlsf,experiments/results-aurus-curves/aurus_humanoid-742_seed24/accumulated/spec153.tlsf,1
humanoid-742,373f92ecddf464ed598befcbf15a4fe3,av2,2,spec82.tlsf,experiments/results-aurus-curves/aurus_humanoid-742_seed02/accumulated/spec82.tlsf,1
humanoid-742,3751ead9d50e24664e32335f6844ae94,av3,21,spec212.tlsf,experiments/results-aurus-curves/aurus_humanoid-742_seed21/accumulated/spec212.tlsf,1
humanoid-742,37b98529bd4914723e5df7c37bdf0d91,av2,12,spec180.tlsf,experiments/results-aurus-curves/aurus_humanoid-742_seed12/accumulated/spec180.tlsf,1
humanoid-742,3873cdb950a46f8fa37045e6c183686d,av3,25,spec159.tlsf,experiments/results-aurus-curves/aurus_humanoid-742_seed25/accumulated/spec159.tlsf,1
humanoid-742,3974dd0a2df529f6b306f0623b4d555b,av2,4,spec189.tlsf,experiments/results-aurus-curves/aurus_humanoid-742_seed04/accumulated/spec189.tlsf,1
humanoid-742,3975e48ffc7fad4e56cabcb519266b8d,av3,21,spec51.tlsf,experiments/results-aurus-curves/aurus_humanoid-742_seed21/accumulated/spec51.tlsf,1
humanoid-742,39c400039d3553b57a78080b472bad3a,av2,14,spec92.tlsf,experiments/results-aurus-curves/aurus_humanoid-742_seed14/accumulated/spec92.tlsf,1
humanoid-742,3a879a511d862ff519922f2d66d650c0,av3,21,spec55.tlsf,experiments/results-aurus-curves/aurus_humanoid-742_seed21/accumulated/spec55.tlsf,1
humanoid-742,3c013acaeb92b7d09c9bafa8efde7a28,av2,12,spec142.tlsf,experiments/results-aurus-curves/aurus_humanoid-742_seed12/accumulated/spec142.tlsf,1
humanoid-742,3c3b2d2b61db0e628e2576a3a4545d07,av2,8,spec30.tlsf,experiments/results-aurus-curves/aurus_humanoid-742_seed08/accumulated/spec30.tlsf,1
humanoid-742,3cf10617783c8dbe5b830c88d69a3651,av3,17,spec257.tlsf,experiments/results-aurus-curves/aurus_humanoid-742_seed17/accumulated/spec257.tlsf,1
humanoid-742,3d40aefe7f4f0355fd874b6f59b12a57,av2,11,spec15.tlsf,experiments/results-aurus-curves/aurus_humanoid-742_seed11/accumulated/spec15.tlsf,1
humanoid-742,3d7fe9a9b39c7bc5c0bf6ba083975d90,av2,12,spec254.tlsf,experiments/results-aurus-curves/aurus_humanoid-742_seed12/accumulated/spec254.tlsf,1
humanoid-742,3d8811d7aff699eea5a26ecc916b7f94,av2,9,spec315.tlsf,experiments/results-aurus-curves/aurus_humanoid-742_seed09/accumulated/spec315.tlsf,1
humanoid-742,3e25be6c50ec16b7300b0a7a58d26899,av3,15,spec100.tlsf,experiments/results-aurus-curves/aurus_humanoid-742_seed15/accumulated/spec100.tlsf,1
humanoid-742,3e628d7d51a6aef76556d8aa60b09ebd,av3,22,spec84.tlsf,experiments/results-aurus-curves/aurus_humanoid-742_seed22/accumulated/spec84.tlsf,1
humanoid-742,3e9ec2295487c8700a88e7fc30af667b,av3,27,spec207.tlsf,experiments/results-aurus-curves/aurus_humanoid-742_seed27/accumulated/spec207.tlsf,1
humanoid-742,3ec986ded8264f851d43482b97bbce9b,av3,28,spec190.tlsf,experiments/results-aurus-curves/aurus_humanoid-742_seed28/accumulated/spec190.tlsf,1
humanoid-742,3f84b04f6e631aa630fa6e20979253c6,av3,27,spec278.tlsf,experiments/results-aurus-curves/aurus_humanoid-742_seed27/accumulated/spec278.tlsf,1
humanoid-742,3ff2194a7f085ad92e7bdb0de4ff2db1,av3,25,spec35.tlsf,experiments/results-aurus-curves/aurus_humanoid-742_seed25/accumulated/spec35.tlsf,1
humanoid-742,4006f9765c3cc1d92a3eea49ba1d923a,av3,22,spec147.tlsf,experiments/results-aurus-curves/aurus_humanoid-742_seed22/accumulated/spec147.tlsf,1
humanoid-742,4100be4eaa7c7e6ddc8cb44a5182bb53,av3,24,spec149.tlsf,experiments/results-aurus-curves/aurus_humanoid-742_seed24/accumulated/spec149.tlsf,1
humanoid-742,410ac544ddca142a9e51eab1c5b4e851,av2,11,spec101.tlsf,experiments/results-aurus-curves/aurus_humanoid-742_seed11/accumulated/spec101.tlsf,1
humanoid-742,411bc90f74405fbfddb81c47424b39f6,av2,5,spec142.tlsf,experiments/results-aurus-curves/aurus_humanoid-742_seed05/accumulated/spec142.tlsf,1
humanoid-742,41744959cbab92a3abec0c5de38076ce,av2,14,spec195.tlsf,experiments/results-aurus-curves/aurus_humanoid-742_seed14/accumulated/spec195.tlsf,1
humanoid-742,41f9a5aea4cb3441f8547ed4de117be0,av2,10,spec162.tlsf,experiments/results-aurus-curves/aurus_humanoid-742_seed10/accumulated/spec162.tlsf,1
humanoid-742,42431f780970a2e555b7225695bf55ef,av3,19,spec239.tlsf,experiments/results-aurus-curves/aurus_humanoid-742_seed19/accumulated/spec239.tlsf,1
humanoid-742,426e98d96eb423ad7d227a976853fb63,av2,0,spec71.tlsf,experiments/results-aurus-curves/aurus_humanoid-742_seed00/accumulated/spec71.tlsf,1
humanoid-742,42c3b19778a83f80265823b7324d39f1,av2,6,spec141.tlsf,experiments/results-aurus-curves/aurus_humanoid-742_seed06/accumulated/spec141.tlsf,1
humanoid-742,42cc8534c4b90f7bc32a6d241971a99e,av2,8,spec68.tlsf,experiments/results-aurus-curves/aurus_humanoid-742_seed08/accumulated/spec68.tlsf,1
humanoid-742,43157c15db75304eaf4ba4837de10e68,av3,15,spec112.tlsf,experiments/results-aurus-curves/aurus_humanoid-742_seed15/accumulated/spec112.tlsf,1
humanoid-742,433780e6cf5acc30761a9dd3e940fbb1,av2,5,spec10.tlsf,experiments/results-aurus-curves/aurus_humanoid-742_seed05/accumulated/spec10.tlsf,1
humanoid-742,4349ceee18182f66a72dcb8a408ccd9d,av3,23,spec31.tlsf,experiments/results-aurus-curves/aurus_humanoid-742_seed23/accumulated/spec31.tlsf,1
humanoid-742,437768eafc2784205d8dd9ebb51e0be3,av2,14,spec15.tlsf,experiments/results-aurus-curves/aurus_humanoid-742_seed14/accumulated/spec15.tlsf,1
humanoid-742,4391407531dd77f59d940bd694b9015b,av2,14,spec219.tlsf,experiments/results-aurus-curves/aurus_humanoid-742_seed14/accumulated/spec219.tlsf,1
humanoid-742,43c46ce18b2d192e4226c7be4f346521,av2,11,spec152.tlsf,experiments/results-aurus-curves/aurus_humanoid-742_seed11/accumulated/spec152.tlsf,1
humanoid-742,43fc68a35865e64b6d51a4672408d0cc,av2,4,spec217.tlsf,experiments/results-aurus-curves/aurus_humanoid-742_seed04/accumulated/spec217.tlsf,1
humanoid-742,4409752e582bf83f9172c698147bb34c,av2,5,spec127.tlsf,experiments/results-aurus-curves/aurus_humanoid-742_seed05/accumulated/spec127.tlsf,1
humanoid-742,449edd0d963153e3bc19bb79e44ec02b,av2,5,spec183.tlsf,experiments/results-aurus-curves/aurus_humanoid-742_seed05/accumulated/spec183.tlsf,1
humanoid-742,44a015f3a9d38efb5e5297b10a421d6f,av2,4,spec19.tlsf,experiments/results-aurus-curves/aurus_humanoid-742_seed04/accumulated/spec19.tlsf,1
humanoid-742,44c739462b1248e3491c975fd13b2a49,av2,13,spec73.tlsf,experiments/results-aurus-curves/aurus_humanoid-742_seed13/accumulated/spec73.tlsf,1
humanoid-742,44da08a37340cd3f49f8b1ea1163273e,av2,4,spec211.tlsf,experiments/results-aurus-curves/aurus_humanoid-742_seed04/accumulated/spec211.tlsf,1
humanoid-742,450d35b69204325fd785fa2688a5a6ba,av3,21,spec150.tlsf,experiments/results-aurus-curves/aurus_humanoid-742_seed21/accumulated/spec150.tlsf,1
humanoid-742,457f1ce628a4a2c8d386a17ef20bc8a9,av3,15,spec208.tlsf,experiments/results-aurus-curves/aurus_humanoid-742_seed15/accumulated/spec208.tlsf,1
humanoid-742,4583f654933795c69ca9d2c64d9abd79,av3,21,spec54.tlsf,experiments/results-aurus-curves/aurus_humanoid-742_seed21/accumulated/spec54.tlsf,1
humanoid-742,45c7d3ed5f8f250f05ef223dab347002,av2,9,spec147.tlsf,experiments/results-aurus-curves/aurus_humanoid-742_seed09/accumulated/spec147.tlsf,1
humanoid-742,45eb1c2e3482303d715c2bfa07f6c4d4,av3,17,spec134.tlsf,experiments/results-aurus-curves/aurus_humanoid-742_seed17/accumulated/spec134.tlsf,1
humanoid-742,4626744161a05fdd3c4f043be80637a1,av2,4,spec119.tlsf,experiments/results-aurus-curves/aurus_humanoid-742_seed04/accumulated/spec119.tlsf,1
humanoid-742,46443407b9aa2ba33a9914678a4e4647,av2,6,spec155.tlsf,experiments/results-aurus-curves/aurus_humanoid-742_seed06/accumulated/spec155.tlsf,1
humanoid-742,4651d8ec3ae931e1acb7a7aa44282bc1,av3,20,spec106.tlsf,experiments/results-aurus-curves/aurus_humanoid-742_seed20/accumulated/spec106.tlsf,1
humanoid-742,46dae451b835e5f88d7d5ec39693ae7c,av3,17,spec282.tlsf,experiments/results-aurus-curves/aurus_humanoid-742_seed17/accumulated/spec282.tlsf,1
humanoid-742,473e2be424903183d96fe30c7ea58133,av3,29,spec39.tlsf,experiments/results-aurus-curves/aurus_humanoid-742_seed29/accumulated/spec39.tlsf,1
humanoid-742,4764a0845f6b5c4d0343c73e06dae3a5,av3,15,spec147.tlsf,experiments/results-aurus-curves/aurus_humanoid-742_seed15/accumulated/spec147.tlsf,1
humanoid-742,479ed35bf26c6be9fea2ab55bbf0a3d0,av2,10,spec126.tlsf,experiments/results-aurus-curves/aurus_humanoid-742_seed10/accumulated/spec126.tlsf,1
humanoid-742,48aec7b0eeecd9ee7bd7769abd5b4195,av3,16,spec31.tlsf,experiments/results-aurus-curves/aurus_humanoid-742_seed16/accumulated/spec31.tlsf,1
humanoid-742,496924daa152a1f4bc90a5f99dab77aa,av2,13,spec134.tlsf,experiments/results-aurus-curves/aurus_humanoid-742_seed13/accumulated/spec134.tlsf,1
humanoid-742,4a05837aa66c5f1e268d1cb7dbd2e73d,av3,22,spec374.tlsf,experiments/results-aurus-curves/aurus_humanoid-742_seed22/accumulated/spec374.tlsf,1
humanoid-742,4a45c18a0a3d50cffd47e07b21af7643,av3,26,spec3.tlsf,experiments/results-aurus-curves/aurus_humanoid-742_seed26/accumulated/spec3.tlsf,1
humanoid-742,4a481f949fce240aee77b6ffd67392cd,av2,9,spec268.tlsf,experiments/results-aurus-curves/aurus_humanoid-742_seed09/accumulated/spec268.tlsf,1
humanoid-742,4ae62e4055deac0eadb2645a4dcc69af,av3,17,spec128.tlsf,experiments/results-aurus-curves/aurus_humanoid-742_seed17/accumulated/spec128.tlsf,1
humanoid-742,4b5a02dbeb03214b45542b0523220e4a,av2,8,spec6.tlsf,experiments/results-aurus-curves/aurus_humanoid-742_seed08/accumulated/spec6.tlsf,1
humanoid-742,4bd9f1703c3a590e56c1f4a25162b62b,av2,4,spec197.tlsf,experiments/results-aurus-curves/aurus_humanoid-742_seed04/accumulated/spec197.tlsf,1
humanoid-742,4cc33c2ef16f07dd18dfec69d99ce01e,av2,5,spec14.tlsf,experiments/results-aurus-curves/aurus_humanoid-742_seed05/accumulated/spec14.tlsf,1
humanoid-742,4db07e6c200035536b166a43cf384eed,av3,24,spec38.tlsf,experiments/results-aurus-curves/aurus_humanoid-742_seed24/accumulated/spec38.tlsf,1
humanoid-742,4dbacf3c05093e6d1180e17ebf467c0b,av2,4,spec118.tlsf,experiments/results-aurus-curves/aurus_humanoid-742_seed04/accumulated/spec118.tlsf,1
humanoid-742,4ea8465d57b222aedb40dafc570eb2f0,av2,2,spec118.tlsf,experiments/results-aurus-curves/aurus_humanoid-742_seed02/accumulated/spec118.tlsf,1
humanoid-742,4ef0af953a4effa543f6c35cf5487641,av3,22,spec44.tlsf,experiments/results-aurus-curves/aurus_humanoid-742_seed22/accumulated/spec44.tlsf,1
humanoid-742,4f6f8a825af68bad287e9c276f5f5baf,av2,14,spec158.tlsf,experiments/results-aurus-curves/aurus_humanoid-742_seed14/accumulated/spec158.tlsf,1
humanoid-742,4faf301f6b959f222f7276a243e30f9d,av3,27,spec74.tlsf,experiments/results-aurus-curves/aurus_humanoid-742_seed27/accumulated/spec74.tlsf,1
humanoid-742,4fb61c7c105da8bed3d58be4aa0d564b,av3,25,spec54.tlsf,experiments/results-aurus-curves/aurus_humanoid-742_seed25/accumulated/spec54.tlsf,1
humanoid-742,506251fad8842dd3e8f5f3f27f74866b,av2,5,spec83.tlsf,experiments/results-aurus-curves/aurus_humanoid-742_seed05/accumulated/spec83.tlsf,1
humanoid-742,50970df9f41621c758849a8bc1bf14aa,av3,22,spec69.tlsf,experiments/results-aurus-curves/aurus_humanoid-742_seed22/accumulated/spec69.tlsf,1
humanoid-742,50ffa9796e5171c4b8792ac9d625e950,av3,18,spec71.tlsf,experiments/results-aurus-curves/aurus_humanoid-742_seed18/accumulated/spec71.tlsf,1
humanoid-742,510365d4b3343af8bc988adc3f31347b,av3,17,spec289.tlsf,experiments/results-aurus-curves/aurus_humanoid-742_seed17/accumulated/spec289.tlsf,1
humanoid-742,510aaa396880ea652761f08321d2aeaf,av2,2,spec108.tlsf,experiments/results-aurus-curves/aurus_humanoid-742_seed02/accumulated/spec108.tlsf,1
humanoid-742,51e4ad14fcc4326004129b24a686c6a0,av3,18,spec153.tlsf,experiments/results-aurus-curves/aurus_humanoid-742_seed18/accumulated/spec153.tlsf,1
humanoid-742,5217e03143d805b240642a16c233bf5a,av2,0,spec17.tlsf,experiments/results-aurus-curves/aurus_humanoid-742_seed00/accumulated/spec17.tlsf,1
humanoid-742,521f27826cbdf0b30eb7ce57b1d749d4,av3,18,spec53.tlsf,experiments/results-aurus-curves/aurus_humanoid-742_seed18/accumulated/spec53.tlsf,1
humanoid-742,52b59d6499833bec584729b45a4d0634,av3,28,spec120.tlsf,experiments/results-aurus-curves/aurus_humanoid-742_seed28/accumulated/spec120.tlsf,1
humanoid-742,52b94a70f9a0b658b7f4d82560e97dbb,av2,12,spec5.tlsf,experiments/results-aurus-curves/aurus_humanoid-742_seed12/accumulated/spec5.tlsf,1
humanoid-742,52cdfb66a0229438e1f944655c2cbbba,av2,0,spec128.tlsf,experiments/results-aurus-curves/aurus_humanoid-742_seed00/accumulated/spec128.tlsf,1
humanoid-742,531363d88dc30e705d8d8e91b27fc32f,av2,5,spec108.tlsf,experiments/results-aurus-curves/aurus_humanoid-742_seed05/accumulated/spec108.tlsf,1
humanoid-742,5324d919a0792ad64c083cf63577a34a,av2,13,spec97.tlsf,experiments/results-aurus-curves/aurus_humanoid-742_seed13/accumulated/spec97.tlsf,1
humanoid-742,53b04f9c48395865c84bc892f5968b73,av2,2,spec63.tlsf,experiments/results-aurus-curves/aurus_humanoid-742_seed02/accumulated/spec63.tlsf,1
humanoid-742,54523a266544ad9f2fae64042a615acc,av3,24,spec3.tlsf,experiments/results-aurus-curves/aurus_humanoid-742_seed24/accumulated/spec3.tlsf,1
humanoid-742,549c4234d90e328729a314a1eed9acbf,av3,26,spec167.tlsf,experiments/results-aurus-curves/aurus_humanoid-742_seed26/accumulated/spec167.tlsf,1
humanoid-742,54a18833f4d1e3ac852f7a8f07b26d78,av3,28,spec103.tlsf,experiments/results-aurus-curves/aurus_humanoid-742_seed28/accumulated/spec103.tlsf,1
humanoid-742,54d207234714d39f0d99dfd8d46b05d7,av2,14,spec194.tlsf,experiments/results-aurus-curves/aurus_humanoid-742_seed14/accumulated/spec194.tlsf,1
humanoid-742,54d305a1d7ed66ce1ecd3f1dd00c2061,av2,6,spec33.tlsf,experiments/results-aurus-curves/aurus_humanoid-742_seed06/accumulated/spec33.tlsf,1
humanoid-742,54e442fed7307c06c8af4aa220a23acd,av2,2,spec270.tlsf,experiments/results-aurus-curves/aurus_humanoid-742_seed02/accumulated/spec270.tlsf,1
humanoid-742,55033c4db005ad0bf20a686aa9509e42,av3,26,spec205.tlsf,experiments/results-aurus-curves/aurus_humanoid-742_seed26/accumulated/spec205.tlsf,1
humanoid-742,55370b6cfeaa7afb6953ce25fba6b462,av2,9,spec197.tlsf,experiments/results-aurus-curves/aurus_humanoid-742_seed09/accumulated/spec197.tlsf,1
humanoid-742,553c1ae7b384ffb6099d49d5cb23e5ad,av2,7,spec95.tlsf,experiments/results-aurus-curves/aurus_humanoid-742_seed07/accumulated/spec95.tlsf,1
humanoid-742,5553b9fb93723082ce9dcec85df93531,av3,21,spec8.tlsf,experiments/results-aurus-curves/aurus_humanoid-742_seed21/accumulated/spec8.tlsf,1
humanoid-742,55637bd98720a557f82c411af32190c6,av2,7,spec55.tlsf,experiments/results-aurus-curves/aurus_humanoid-742_seed07/accumulated/spec55.tlsf,1
humanoid-742,55efa881898861cc59c5e0576057b281,av3,18,spec88.tlsf,experiments/results-aurus-curves/aurus_humanoid-742_seed18/accumulated/spec88.tlsf,1
humanoid-742,5629cafcd974bef3d77296dff57525fd,av3,17,spec19.tlsf,experiments/results-aurus-curves/aurus_humanoid-742_seed17/accumulated/spec19.tlsf,1
humanoid-742,5633f0f42f7f0b725e57353c660c0080,av2,3,spec275.tlsf,experiments/results-aurus-curves/aurus_humanoid-742_seed03/accumulated/spec275.tlsf,1
humanoid-742,56b6b308acb86fe8e2928504109ba33a,av3,29,spec212.tlsf,experiments/results-aurus-curves/aurus_humanoid-742_seed29/accumulated/spec212.tlsf,1
humanoid-742,56d66827c830c14841bb5afce0974a2a,av3,24,spec124.tlsf,experiments/results-aurus-curves/aurus_humanoid-742_seed24/accumulated/spec124.tlsf,1
humanoid-742,57249da68f961d0ae9f37ac1fef6ba3d,av2,10,spec148.tlsf,experiments/results-aurus-curves/aurus_humanoid-742_seed10/accumulated/spec148.tlsf,1
humanoid-742,573dcec571ccbf585d9a9511ca1c2949,av3,22,spec204.tlsf,experiments/results-aurus-curves/aurus_humanoid-742_seed22/accumulated/spec204.tlsf,1
humanoid-742,57790a0487a029f38d2804a674578f81,av3,22,spec43.tlsf,experiments/results-aurus-curves/aurus_humanoid-742_seed22/accumulated/spec43.tlsf,1
humanoid-742,5787c99d55aa08e97c7312a126e430d7,av2,5,spec33.tlsf,experiments/results-aurus-curves/aurus_humanoid-742_seed05/accumulated/spec33.tlsf,1
humanoid-742,57d0fa7e58c5a703171435bacb7f8160,av2,12,spec97.tlsf,experiments/results-aurus-curves/aurus_humanoid-742_seed12/accumulated/spec97.tlsf,1
humanoid-742,58208463a4de6f18ff9f0b90b45c4445,av2,14,spec143.tlsf,experiments/results-aurus-curves/aurus_humanoid-742_seed14/accumulated/spec143.tlsf,1
humanoid-742,5826653b79ccb9903050fa65e4ed8dc4,av2,5,spec163.tlsf,experiments/results-aurus-curves/aurus_humanoid-742_seed05/accumulated/spec163.tlsf,1
humanoid-742,5834dabc5ebe9de0dfb6b6598c9bcfe4,av2,14,spec198.tlsf,experiments/results-aurus-curves/aurus_humanoid-742_seed14/accumulated/spec198.tlsf,1
humanoid-742,589c11575366b3570f52ab14ef9e9bc8,av2,1,spec200.tlsf,experiments/results-aurus-curves/aurus_humanoid-742_seed01/accumulated/spec200.tlsf,1
humanoid-742,58cd97f461c26df4aa0286c345c05643,av2,6,spec209.tlsf,experiments/results-aurus-curves/aurus_humanoid-742_seed06/accumulated/spec209.tlsf,1
humanoid-742,58def301cef57e6d75100125846ccbd8,av3,29,spec206.tlsf,experiments/results-aurus-curves/aurus_humanoid-742_seed29/accumulated/spec206.tlsf,1
humanoid-742,591a20b53e31c91e150fcba709adcd46,av2,2,spec109.tlsf,experiments/results-aurus-curves/aurus_humanoid-742_seed02/accumulated/spec109.tlsf,1
humanoid-742,598f91228fd300225900b6e27e90d808,av2,7,spec104.tlsf,experiments/results-aurus-curves/aurus_humanoid-742_seed07/accumulated/spec104.tlsf,1
humanoid-742,59e340ec9428aa9503d04d5bf86777af,av3,22,spec36.tlsf,experiments/results-aurus-curves/aurus_humanoid-742_seed22/accumulated/spec36.tlsf,1
humanoid-742,5a04d67b4c661f656da99038b9a893b9,av2,14,spec59.tlsf,experiments/results-aurus-curves/aurus_humanoid-742_seed14/accumulated/spec59.tlsf,1
humanoid-742,5a876a65a3d826b9377d165a3db17609,av3,22,spec301.tlsf,experiments/results-aurus-curves/aurus_humanoid-742_seed22/accumulated/spec301.tlsf,1
humanoid-742,5ac740e9af49a10dd4228b9c4164006f,av2,2,spec136.tlsf,experiments/results-aurus-curves/aurus_humanoid-742_seed02/accumulated/spec136.tlsf,1
humanoid-742,5b52aeaba533df02ba7036104d7199c4,av3,22,spec389.tlsf,experiments/results-aurus-curves/aurus_humanoid-742_seed22/accumulated/spec389.tlsf,1
humanoid-742,5b8117305b1862a7444d1406b04252eb,av3,27,spec111.tlsf,experiments/results-aurus-curves/aurus_humanoid-742_seed27/accumulated/spec111.tlsf,1
humanoid-742,5cb054765056da168de3bccccf99c03f,av3,20,spec181.tlsf,experiments/results-aurus-curves/aurus_humanoid-742_seed20/accumulated/spec181.tlsf,1
humanoid-742,5cb95dab9163925b9d2881f8a9e8f3e4,av2,9,spec205.tlsf,experiments/results-aurus-curves/aurus_humanoid-742_seed09/accumulated/spec205.tlsf,1
humanoid-742,5cdf1eb34167fe7487e2ac5be2003619,av3,19,spec231.tlsf,experiments/results-aurus-curves/aurus_humanoid-742_seed19/accumulated/spec231.tlsf,1
humanoid-742,5d2f04aa5c5491538fcb85e5b0c8473a,av2,5,spec87.tlsf,experiments/results-aurus-curves/aurus_humanoid-742_seed05/accumulated/spec87.tlsf,1
humanoid-742,5d68eec5c6a8a421d9eaa87b38646366,av3,15,spec114.tlsf,experiments/results-aurus-curves/aurus_humanoid-742_seed15/accumulated/spec114.tlsf,1
humanoid-742,5dfba5ea38b879839cdd5ee3d08df3c1,av3,25,spec115.tlsf,experiments/results-aurus-curves/aurus_humanoid-742_seed25/accumulated/spec115.tlsf,1
humanoid-742,5f5c92ae936e8a104439452acd2dc860,av2,2,spec75.tlsf,experiments/results-aurus-curves/aurus_humanoid-742_seed02/accumulated/spec75.tlsf,1
humanoid-742,5fdd69e2f2bad45449fb7ac66e2c93f4,av3,15,spec38.tlsf,experiments/results-aurus-curves/aurus_humanoid-742_seed15/accumulated/spec38.tlsf,1
humanoid-742,6052ee6fee5789f6ef5bf7fc7d0ed75b,av3,29,spec141.tlsf,experiments/results-aurus-curves/aurus_humanoid-742_seed29/accumulated/spec141.tlsf,1
humanoid-742,6058176983a4929225e53805d6984de4,av2,7,spec118.tlsf,experiments/results-aurus-curves/aurus_humanoid-742_seed07/accumulated/spec118.tlsf,1
humanoid-742,60ba8a90fd7374787062affcca1e71ae,av3,20,spec208.tlsf,experiments/results-aurus-curves/aurus_humanoid-742_seed20/accumulated/spec208.tlsf,1
humanoid-742,6125ac3e6532d78eedbdc1921df1c3da,av2,11,spec132.tlsf,experiments/results-aurus-curves/aurus_humanoid-742_seed11/accumulated/spec132.tlsf,1
humanoid-742,61d10da756dd9bf1a4088eb28998ba1e,av2,5,spec120.tlsf,experiments/results-aurus-curves/aurus_humanoid-742_seed05/accumulated/spec120.tlsf,1
humanoid-742,625e0e64d4656bd1acb50e4d48e98e17,av3,26,spec94.tlsf,experiments/results-aurus-curves/aurus_humanoid-742_seed26/accumulated/spec94.tlsf,1
humanoid-742,627660d42fd407e315812ee910cdca53,av3,25,spec158.tlsf,experiments/results-aurus-curves/aurus_humanoid-742_seed25/accumulated/spec158.tlsf,1
humanoid-742,63104813e5c013c313a4f490c64e421a,av3,19,spec101.tlsf,experiments/results-aurus-curves/aurus_humanoid-742_seed19/accumulated/spec101.tlsf,1
humanoid-742,63346b15b538dfe43be8a56aad1fc822,av3,18,spec197.tlsf,experiments/results-aurus-curves/aurus_humanoid-742_seed18/accumulated/spec197.tlsf,1
humanoid-742,634e26f5ff4f0fefeac2cd71574056e6,av2,9,spec71.tlsf,experiments/results-aurus-curves/aurus_humanoid-742_seed09/accumulated/spec71.tlsf,1
humanoid-742,64382dc37dfcd6daaa1d9b39fe1cfa23,av3,16,spec220.tlsf,experiments/results-aurus-curves/aurus_humanoid-742_seed16/accumulated/spec220.tlsf,1
humanoid-742,64a734dcaaf6340b4f9437c8652fcfd1,av3,25,spec12.tlsf,experiments/results-aurus-curves/aurus_humanoid-742_seed25/accumulated/spec12.tlsf,1
humanoid-742,65a0be3a3515bcf42aa8a385943772b2,av2,9,spec94.tlsf,experiments/results-aurus-curves/aurus_humanoid-742_seed09/accumulated/spec94.tlsf,1
humanoid-742,65d814aa07621bfa71f1f8cf517087fa,av2,4,spec111.tlsf,experiments/results-aurus-curves/aurus_humanoid-742_seed04/accumulated/spec111.tlsf,1
humanoid-742,65eadb2aa9520a491dac09abb6060068,av3,23,spec78.tlsf,experiments/results-aurus-curves/aurus_humanoid-742_seed23/accumulated/spec78.tlsf,1
humanoid-742,65fbc054200cc69df65071ccb88c5f06,av2,11,spec148.tlsf,experiments/results-aurus-curves/aurus_humanoid-742_seed11/accumulated/spec148.tlsf,1
humanoid-742,662a7bc15a0e40d890ef771634011a16,av3,19,spec43.tlsf,experiments/results-aurus-curves/aurus_humanoid-742_seed19/accumulated/spec43.tlsf,1
humanoid-742,6683590a604a16764bdb7ae78773e9f6,av3,23,spec82.tlsf,experiments/results-aurus-curves/aurus_humanoid-742_seed23/accumulated/spec82.tlsf,1
humanoid-742,6690a9abd5c2047b5f055228ea5f1e10,av3,29,spec65.tlsf,experiments/results-aurus-curves/aurus_humanoid-742_seed29/accumulated/spec65.tlsf,1
humanoid-742,66b6d288a9c5c325ec67b815e1544be9,av3,19,spec82.tlsf,experiments/results-aurus-curves/aurus_humanoid-742_seed19/accumulated/spec82.tlsf,1
humanoid-742,66c9a4dae8ce96249e49746831ada09b,av3,20,spec53.tlsf,experiments/results-aurus-curves/aurus_humanoid-742_seed20/accumulated/spec53.tlsf,1
humanoid-742,66f366151776d010a15c88539c449b1a,av3,22,spec206.tlsf,experiments/results-aurus-curves/aurus_humanoid-742_seed22/accumulated/spec206.tlsf,1
humanoid-742,670760a820d77583fa53b26c2a6d5dbe,av2,3,spec233.tlsf,experiments/results-aurus-curves/aurus_humanoid-742_seed03/accumulated/spec233.tlsf,1
humanoid-742,673133e9992c357427a6bf22c36eff28,av3,15,spec62.tlsf,experiments/results-aurus-curves/aurus_humanoid-742_seed15/accumulated/spec62.tlsf,1
humanoid-742,673c1be3835234ef81e5475beb6a3ae8,av2,4,spec39.tlsf,experiments/results-aurus-curves/aurus_humanoid-742_seed04/accumulated/spec39.tlsf,1
humanoid-742,6785a67e23ad252d222ce9e19a3d31a8,av3,28,spec75.tlsf,experiments/results-aurus-curves/aurus_humanoid-742_seed28/accumulated/spec75.tlsf,1
humanoid-742,67a161d6b14ca2d22b19e6e8498a679e,av2,5,spec180.tlsf,experiments/results-aurus-curves/aurus_humanoid-742_seed05/accumulated/spec180.tlsf,1
humanoid-742,683cad8f979324d427c18aa9a4f64094,av3,17,spec137.tlsf,experiments/results-aurus-curves/aurus_humanoid-742_seed17/accumulated/spec137.tlsf,1
humanoid-742,6937e1510c587ca827ac9e344a7493ac,av2,4,spec223.tlsf,experiments/results-aurus-curves/aurus_humanoid-742_seed04/accumulated/spec223.tlsf,1
humanoid-742,693b9b807aa23d15e8b5095b07f709e6,av2,13,spec127.tlsf,experiments/results-aurus-curves/aurus_humanoid-742_seed13/accumulated/spec127.tlsf,1
humanoid-742,6a7d122a7fff9e405c0dd1671ea89121,av3,29,spec98.tlsf,experiments/results-aurus-curves/aurus_humanoid-742_seed29/accumulated/spec98.tlsf,1
humanoid-742,6aaa89c38f28a0d4dedd583e76838662,av2,4,spec23.tlsf,experiments/results-aurus-curves/aurus_humanoid-742_seed04/accumulated/spec23.tlsf,1
humanoid-742,6ab5c105e506ac3f42f0025bdf4754cf,av2,9,spec4.tlsf,experiments/results-aurus-curves/aurus_humanoid-742_seed09/accumulated/spec4.tlsf,1
humanoid-742,6abdc972a8aebd0d555d81857da2386a,av2,12,spec207.tlsf,experiments/results-aurus-curves/aurus_humanoid-742_seed12/accumulated/spec207.tlsf,1
humanoid-742,6b63a946fc074f1a492298217a694859,av3,22,spec281.tlsf,experiments/results-aurus-curves/aurus_humanoid-742_seed22/accumulated/spec281.tlsf,1
humanoid-742,6bac252f33ac2b74b9559733400e250f,av2,4,spec86.tlsf,experiments/results-aurus-curves/aurus_humanoid-742_seed04/accumulated/spec86.tlsf,1
humanoid-742,6bdb0c4516ecb4a7dfd3039e69f1c16e,av3,17,spec73.tlsf,experiments/results-aurus-curves/aurus_humanoid-742_seed17/accumulated/spec73.tlsf,1
humanoid-742,6c1c8b32d437eebc7f71fe53317fe2ae,av3,22,spec405.tlsf,experiments/results-aurus-curves/aurus_humanoid-742_seed22/accumulated/spec405.tlsf,1
humanoid-742,6c22fa91188137c3afa989e9cade61b7,av2,12,spec21.tlsf,experiments/results-aurus-curves/aurus_humanoid-742_seed12/accumulated/spec21.tlsf,1
humanoid-742,6d2ff033862ece53a403cc0ab78727e0,av2,11,spec184.tlsf,experiments/results-aurus-curves/aurus_humanoid-742_seed11/accumulated/spec184.tlsf,1
humanoid-742,6d5eb952b205dc8f6e3f3cf8b9b5c3e0,av2,7,spec111.tlsf,experiments/results-aurus-curves/aurus_humanoid-742_seed07/accumulated/spec111.tlsf,1
humanoid-742,6d63933978569510a57ae903dd9de249,av2,11,spec162.tlsf,experiments/results-aurus-curves/aurus_humanoid-742_seed11/accumulated/spec162.tlsf,1
humanoid-742,6dd2638992b64f49d8199bd44de54aaf,av2,4,spec33.tlsf,experiments/results-aurus-curves/aurus_humanoid-742_seed04/accumulated/spec33.tlsf,1
humanoid-742,6e2147e636aeee09c0e3de11a0012e57,av3,16,spec127.tlsf,experiments/results-aurus-curves/aurus_humanoid-742_seed16/accumulated/spec127.tlsf,1
humanoid-742,6e46b0d328c272bca1c80fcd63be7273,av2,14,spec51.tlsf,experiments/results-aurus-curves/aurus_humanoid-742_seed14/accumulated/spec51.tlsf,1
humanoid-742,6e87b5ccfb14652e6d260102834502b6,av2,11,spec53.tlsf,experiments/results-aurus-curves/aurus_humanoid-742_seed11/accumulated/spec53.tlsf,1
humanoid-742,6e96f3214b54a881fe016e826bc3513e,av3,28,spec76.tlsf,experiments/results-aurus-curves/aurus_humanoid-742_seed28/accumulated/spec76.tlsf,1
humanoid-742,6eea14b37662094bdbef20fae86337ec,av3,18,spec113.tlsf,experiments/results-aurus-curves/aurus_humanoid-742_seed18/accumulated/spec113.tlsf,1
humanoid-742,6eff0db5f5a93fb7ef6695ed8ade6012,av3,20,spec83.tlsf,experiments/results-aurus-curves/aurus_humanoid-742_seed20/accumulated/spec83.tlsf,1
humanoid-742,6f838ced13075d97cc2cc114f352f11d,av2,6,spec235.tlsf,experiments/results-aurus-curves/aurus_humanoid-742_seed06/accumulated/spec235.tlsf,1
humanoid-742,6fad969a65759b09df158ea928db5838,av2,10,spec161.tlsf,experiments/results-aurus-curves/aurus_humanoid-742_seed10/accumulated/spec161.tlsf,1
humanoid-742,6fd1a92622587be4f75325d60ddd79b5,av3,18,spec199.tlsf,experiments/results-aurus-curves/aurus_humanoid-742_seed18/accumulated/spec199.tlsf,1
humanoid-742,6ffde0bd056289d1cf2b34e7d10d1fb0,av2,12,spec152.tlsf,experiments/results-aurus-curves/aurus_humanoid-742_seed12/accumulated/spec152.tlsf,1
humanoid-742,704bfb49e3c884841be8b8867de61d6e,av3,16,spec109.tlsf,experiments/results-aurus-curves/aurus_humanoid-742_seed16/accumulated/spec109.tlsf,1
humanoid-742,71cee6a1fc63980faa53e24b171a2e31,av2,11,spec130.tlsf,experiments/results-aurus-curves/aurus_humanoid-742_seed11/accumulated/spec130.tlsf,1
humanoid-742,71d5236b5a7b3e3b9783ead6bb044d4b,av3,26,spec182.tlsf,experiments/results-aurus-curves/aurus_humanoid-742_seed26/accumulated/spec182.tlsf,1
humanoid-742,72baf3638a6c83d6164c2ca1b751fc06,av2,10,spec101.tlsf,experiments/results-aurus-curves/aurus_humanoid-742_seed10/accumulated/spec101.tlsf,1
humanoid-742,7311327b27a29b35223ab31cfeef1dbe,av2,5,spec125.tlsf,experiments/results-aurus-curves/aurus_humanoid-742_seed05/accumulated/spec125.tlsf,1
humanoid-742,739e36488d42b06e00e295effb5d8ee2,av2,1,spec189.tlsf,experiments/results-aurus-curves/aurus_humanoid-742_seed01/accumulated/spec189.tlsf,1
humanoid-742,73df39be81634115f402d8abbbd7ebde,av2,14,spec253.tlsf,experiments/results-aurus-curves/aurus_humanoid-742_seed14/accumulated/spec253.tlsf,1
humanoid-742,741219bc3b368b05048924793481d156,av3,22,spec388.tlsf,experiments/results-aurus-curves/aurus_humanoid-742_seed22/accumulated/spec388.tlsf,1
humanoid-742,750bc09d8e227478ed85a7c250519e16,av2,14,spec233.tlsf,experiments/results-aurus-curves/aurus_humanoid-742_seed14/accumulated/spec233.tlsf,1
humanoid-742,75363a41cf6609d746dbd92db9371b2f,av2,6,spec124.tlsf,experiments/results-aurus-curves/aurus_humanoid-742_seed06/accumulated/spec124.tlsf,1
humanoid-742,753cc1dd124423ab0d2dfd44535c9daf,av3,20,spec64.tlsf,experiments/results-aurus-curves/aurus_humanoid-742_seed20/accumulated/spec64.tlsf,1
humanoid-742,75ddf34721efda1468a30011bb2a4984,av3,24,spec157.tlsf,experiments/results-aurus-curves/aurus_humanoid-742_seed24/accumulated/spec157.tlsf,1
humanoid-742,76c0558338297821f7ad687c1f37a36d,av2,9,spec303.tlsf,experiments/results-aurus-curves/aurus_humanoid-742_seed09/accumulated/spec303.tlsf,1
humanoid-742,770adafff910021c8a660417f9e1c334,av3,15,spec23.tlsf,experiments/results-aurus-curves/aurus_humanoid-742_seed15/accumulated/spec23.tlsf,1
humanoid-742,776c1eff21251e5e225961d0330cd906,av3,29,spec82.tlsf,experiments/results-aurus-curves/aurus_humanoid-742_seed29/accumulated/spec82.tlsf,1
humanoid-742,77836777e68dfd5a0be829f1543cff9b,av2,1,spec151.tlsf,experiments/results-aurus-curves/aurus_humanoid-742_seed01/accumulated/spec151.tlsf,1
humanoid-742,77acb7a629a34730ef8a05aa5e7cce35,av3,27,spec157.tlsf,experiments/results-aurus-curves/aurus_humanoid-742_seed27/accumulated/spec157.tlsf,1
humanoid-742,77c978e1c40c67128b8acb8bb65fb91e,av2,12,spec93.tlsf,experiments/results-aurus-curves/aurus_humanoid-742_seed12/accumulated/spec93.tlsf,1
humanoid-742,7898cba214f3a76cb8c376a124b78460,av2,5,spec72.tlsf,experiments/results-aurus-curves/aurus_humanoid-742_seed05/accumulated/spec72.tlsf,1
humanoid-742,78bf57a81e944e45d304f149f88a8995,av2,7,spec54.tlsf,experiments/results-aurus-curves/aurus_humanoid-742_seed07/accumulated/spec54.tlsf,1
humanoid-742,792390f572d5bee0092c84279415e19d,av3,16,spec191.tlsf,experiments/results-aurus-curves/aurus_humanoid-742_seed16/accumulated/spec191.tlsf,1
humanoid-742,79268a1463a722575b8b0b4ab1c9473d,av2,6,spec168.tlsf,experiments/results-aurus-curves/aurus_humanoid-742_seed06/accumulated/spec168.tlsf,1
humanoid-742,79848df6dc38a8f41dc24a0b67b553c9,av2,1,spec146.tlsf,experiments/results-aurus-curves/aurus_humanoid-742_seed01/accumulated/spec146.tlsf,1
humanoid-742,799c41ad5cb82da876e4e11e674d1c3c,av3,15,spec92.tlsf,experiments/results-aurus-curves/aurus_humanoid-742_seed15/accumulated/spec92.tlsf,1
humanoid-742,79b20b6553ea7b50156c1f7ac291f2aa,av2,0,spec110.tlsf,experiments/results-aurus-curves/aurus_humanoid-742_seed00/accumulated/spec110.tlsf,1
humanoid-742,79cecbe2bd811ec5ccfe5ef152198709,av3,17,spec255.tlsf,experiments/results-aurus-curves/aurus_humanoid-742_seed17/accumulated/spec255.tlsf,1
humanoid-742,7a6a5c3c6a860c72d24b4794be1bf003,av3,21,spec229.tlsf,experiments/results-aurus-curves/aurus_humanoid-742_seed21/accumulated/spec229.tlsf,1
humanoid-742,7a8fc7f46232bb46ae9c4aefb0a498c0,av2,3,spec316.tlsf,experiments/results-aurus-curves/aurus_humanoid-742_seed03/accumulated/spec316.tlsf,1
humanoid-742,7acde849d1b153a5321262c4dba9956d,av2,8,spec127.tlsf,experiments/results-aurus-curves/aurus_humanoid-742_seed08/accumulated/spec127.tlsf,1
humanoid-742,7bca87c6eb062d36304fbab33cf0c4fd,av2,11,spec196.tlsf,experiments/results-aurus-curves/aurus_humanoid-742_seed11/accumulated/spec196.tlsf,1
humanoid-742,7bf3e4eb4b908d63225ee9e9b9b9a94e,av2,12,spec81.tlsf,experiments/results-aurus-curves/aurus_humanoid-742_seed12/accumulated/spec81.tlsf,1
humanoid-742,7c45d17f6dceb31d51434077ad7d64eb,av3,25,spec82.tlsf,experiments/results-aurus-curves/aurus_humanoid-742_seed25/accumulated/spec82.tlsf,1
humanoid-742,7c7f6c2f0a486b80a48d7445b3efe317,av3,29,spec132.tlsf,experiments/results-aurus-curves/aurus_humanoid-742_seed29/accumulated/spec132.tlsf,1
humanoid-742,7d35b8c79e32a25ef84afa45e97d8253,av2,3,spec124.tlsf,experiments/results-aurus-curves/aurus_humanoid-742_seed03/accumulated/spec124.tlsf,1
humanoid-742,7dd12ee39710ab22d3c511c7149715a3,av2,1,spec51.tlsf,experiments/results-aurus-curves/aurus_humanoid-742_seed01/accumulated/spec51.tlsf,1
humanoid-742,7dd38e593e4600779d9abda6748f01d9,av2,10,spec218.tlsf,experiments/results-aurus-curves/aurus_humanoid-742_seed10/accumulated/spec218.tlsf,1
humanoid-742,7e67b9d603e2b8b4ffdaf706eda46213,av3,21,spec176.tlsf,experiments/results-aurus-curves/aurus_humanoid-742_seed21/accumulated/spec176.tlsf,1
humanoid-742,7eadbb57eed389ecebda841bf117ee79,av2,4,spec224.tlsf,experiments/results-aurus-curves/aurus_humanoid-742_seed04/accumulated/spec224.tlsf,1
humanoid-742,7ec2d8ef5f02f70d12d02f7b409263b7,av2,1,spec182.tlsf,experiments/results-aurus-curves/aurus_humanoid-742_seed01/accumulated/spec182.tlsf,1
humanoid-742,7f38cbf3ec267d969613cff349f5876d,av2,8,spec20.tlsf,experiments/results-aurus-curves/aurus_humanoid-742_seed08/accumulated/spec20.tlsf,1
humanoid-742,802b38f3e5131c5679f3e66f1fa21819,av3,17,spec171.tlsf,experiments/results-aurus-curves/aurus_humanoid-742_seed17/accumulated/spec171.tlsf,1
humanoid-742,80c1cc75f062a6c2270ae1628c77ecf6,av3,24,spec80.tlsf,experiments/results-aurus-curves/aurus_humanoid-742_seed24/accumulated/spec80.tlsf,1
humanoid-742,80c7a539f2e8ec29f7644d40ddb88b30,av2,7,spec122.tlsf,experiments/results-aurus-curves/aurus_humanoid-742_seed07/accumulated/spec122.tlsf,1
humanoid-742,819dea0bb44da6b3f13c80211dad04be,av3,21,spec170.tlsf,experiments/results-aurus-curves/aurus_humanoid-742_seed21/accumulated/spec170.tlsf,1
humanoid-742,81c0d4655e67e1eadcbfbd81ac9b603a,av2,0,spec88.tlsf,experiments/results-aurus-curves/aurus_humanoid-742_seed00/accumulated/spec88.tlsf,1
humanoid-742,81ff14336bd5ccc923df5b1ac88a3b42,av3,23,spec148.tlsf,experiments/results-aurus-curves/aurus_humanoid-742_seed23/accumulated/spec148.tlsf,1
humanoid-742,82037f486e09c2af0a6bebc400c74af8,av3,16,spec188.tlsf,experiments/results-aurus-curves/aurus_humanoid-742_seed16/accumulated/spec188.tlsf,1
humanoid-742,837e01cc372aa7319f9f664b9de84f46,av2,14,spec160.tlsf,experiments/results-aurus-curves/aurus_humanoid-742_seed14/accumulated/spec160.tlsf,1
humanoid-742,83e16a7be3382ab8491ea478a524e4a1,av3,22,spec26.tlsf,experiments/results-aurus-curves/aurus_humanoid-742_seed22/accumulated/spec26.tlsf,1
humanoid-742,83f5957de9d6e5da7a50f47292ed876c,av3,16,spec158.tlsf,experiments/results-aurus-curves/aurus_humanoid-742_seed16/accumulated/spec158.tlsf,1
humanoid-742,8430817b2ffa3e0bbcaed39a88423d45,av2,0,spec89.tlsf,experiments/results-aurus-curves/aurus_humanoid-742_seed00/accumulated/spec89.tlsf,1
humanoid-742,844d003bd9e8cc4d70051a372f6f9c37,av2,6,spec237.tlsf,experiments/results-aurus-curves/aurus_humanoid-742_seed06/accumulated/spec237.tlsf,1
humanoid-742,847ef0cbc47fa0366e151ac825c1b794,av3,24,spec71.tlsf,experiments/results-aurus-curves/aurus_humanoid-742_seed24/accumulated/spec71.tlsf,1
humanoid-742,85229f7e5775960e88b7df3afea6c973,av2,6,spec107.tlsf,experiments/results-aurus-curves/aurus_humanoid-742_seed06/accumulated/spec107.tlsf,1
humanoid-742,85449f5d517bf722768598c420e2e640,av2,5,spec114.tlsf,experiments/results-aurus-curves/aurus_humanoid-742_seed05/accumulated/spec114.tlsf,1
humanoid-742,855003941ccb083ed302d2053d2c5d4b,av3,28,spec33.tlsf,experiments/results-aurus-curves/aurus_humanoid-742_seed28/accumulated/spec33.tlsf,1
humanoid-742,85fec05e8b50cf7432ccfbb33f7411ed,av2,9,spec287.tlsf,experiments/results-aurus-curves/aurus_humanoid-742_seed09/accumulated/spec287.tlsf,1
humanoid-742,8685f43a64ebd66ac7b7458b0c41c50f,av3,24,spec15.tlsf,experiments/results-aurus-curves/aurus_humanoid-742_seed24/accumulated/spec15.tlsf,1
humanoid-742,87976daabdb2236e9b87ad8e2de71d46,av3,18,spec65.tlsf,experiments/results-aurus-curves/aurus_humanoid-742_seed18/accumulated/spec65.tlsf,1
humanoid-742,87cdc5e5b29c8f9899079aa992532316,av3,16,spec114.tlsf,experiments/results-aurus-curves/aurus_humanoid-742_seed16/accumulated/spec114.tlsf,1
humanoid-742,88312f7cac717d3368547580d5b2525c,av3,23,spec186.tlsf,experiments/results-aurus-curves/aurus_humanoid-742_seed23/accumulated/spec186.tlsf,1
humanoid-742,88392b08aac60bb58d431b43ad65a2b9,av2,6,spec185.tlsf,experiments/results-aurus-curves/aurus_humanoid-742_seed06/accumulated/spec185.tlsf,1
humanoid-742,8940e089ffe54919f1afbb33e095e284,av3,26,spec40.tlsf,experiments/results-aurus-curves/aurus_humanoid-742_seed26/accumulated/spec40.tlsf,1
humanoid-742,8a3c46639597980d9360a6f2f877612c,av2,3,spec110.tlsf,experiments/results-aurus-curves/aurus_humanoid-742_seed03/accumulated/spec110.tlsf,1
humanoid-742,8b00b160f96a590968fb6d2ff132a148,av2,8,spec84.tlsf,experiments/results-aurus-curves/aurus_humanoid-742_seed08/accumulated/spec84.tlsf,1
humanoid-742,8b35c22f2e6b4d7a74749665252b5983,av2,12,spec208.tlsf,experiments/results-aurus-curves/aurus_humanoid-742_seed12/accumulated/spec208.tlsf,1
humanoid-742,8c70b7b6017f335550abc166930a106b,av2,14,spec102.tlsf,experiments/results-aurus-curves/aurus_humanoid-742_seed14/accumulated/spec102.tlsf,1
humanoid-742,8c845d223a15e62e4d711753b07dd51c,av3,15,spec34.tlsf,experiments/results-aurus-curves/aurus_humanoid-742_seed15/accumulated/spec34.tlsf,1
humanoid-742,8d228dc36f8a65427b2844f2b7a89da1,av2,13,spec129.tlsf,experiments/results-aurus-curves/aurus_humanoid-742_seed13/accumulated/spec129.tlsf,1
humanoid-742,8dc11111665d00cdb2dfaa2eb4fb5c56,av3,25,spec31.tlsf,experiments/results-aurus-curves/aurus_humanoid-742_seed25/accumulated/spec31.tlsf,1
humanoid-742,8e52e8771d1ade7b46c8c5609e54d3ef,av3,24,spec115.tlsf,experiments/results-aurus-curves/aurus_humanoid-742_seed24/accumulated/spec115.tlsf,1
humanoid-742,8e597e5ded783cbbf3c8d10f5ed6cd3a,av3,28,spec204.tlsf,experiments/results-aurus-curves/aurus_humanoid-742_seed28/accumulated/spec204.tlsf,1
humanoid-742,8e654242d9efa6f4cbdbc7a475bba7d1,av3,26,spec191.tlsf,experiments/results-aurus-curves/aurus_humanoid-742_seed26/accumulated/spec191.tlsf,1
humanoid-742,8f0682d89300eadc41068a43286f8071,av3,20,spec63.tlsf,experiments/results-aurus-curves/aurus_humanoid-742_seed20/accumulated/spec63.tlsf,1
humanoid-742,8f8dc85a508744c67aa63f1b4b2ef62b,av3,22,spec298.tlsf,experiments/results-aurus-curves/aurus_humanoid-742_seed22/accumulated/spec298.tlsf,1
humanoid-742,906b28a8bd61b929028cb41db5f431b1,av3,27,spec241.tlsf,experiments/results-aurus-curves/aurus_humanoid-742_seed27/accumulated/spec241.tlsf,1
humanoid-742,909ea6b2cd2e41dcc42ec9471ef21d9e,av2,8,spec87.tlsf,experiments/results-aurus-curves/aurus_humanoid-742_seed08/accumulated/spec87.tlsf,1
humanoid-742,90ee9c8fe21184ae2be2267e37367f81,av3,16,spec181.tlsf,experiments/results-aurus-curves/aurus_humanoid-742_seed16/accumulated/spec181.tlsf,1
humanoid-742,9106b913d478a6a763feb33e405d7556,av2,12,spec148.tlsf,experiments/results-aurus-curves/aurus_humanoid-742_seed12/accumulated/spec148.tlsf,1
humanoid-742,91b7bdc952d071202763feaa2d1fb895,av3,20,spec122.tlsf,experiments/results-aurus-curves/aurus_humanoid-742_seed20/accumulated/spec122.tlsf,1
humanoid-742,92edfb82f31d181a44fbe9138be3cb4f,av2,2,spec37.tlsf,experiments/results-aurus-curves/aurus_humanoid-742_seed02/accumulated/spec37.tlsf,1
humanoid-742,931fb3e71f0cf1b05dc0ca5c1560db3f,av2,10,spec104.tlsf,experiments/results-aurus-curves/aurus_humanoid-742_seed10/accumulated/spec104.tlsf,1
humanoid-742,93488a3626d8e7d8509e6e2e5ef476f0,av2,10,spec172.tlsf,experiments/results-aurus-curves/aurus_humanoid-742_seed10/accumulated/spec172.tlsf,1
humanoid-742,93932917367b14766dcd803924de135f,av3,15,spec9.tlsf,experiments/results-aurus-curves/aurus_humanoid-742_seed15/accumulated/spec9.tlsf,1
humanoid-742,9393c407c1afd27a080782993a9e10c2,av3,21,spec138.tlsf,experiments/results-aurus-curves/aurus_humanoid-742_seed21/accumulated/spec138.tlsf,1
humanoid-742,940f8ee869a53c600b240cf27949dafc,av3,22,spec186.tlsf,experiments/results-aurus-curves/aurus_humanoid-742_seed22/accumulated/spec186.tlsf,1
humanoid-742,943ced6096927a913ef4151606f79967,av2,9,spec126.tlsf,experiments/results-aurus-curves/aurus_humanoid-742_seed09/accumulated/spec126.tlsf,1
humanoid-742,944b9c1f34876cf6d0330b4398201c66,av3,24,spec34.tlsf,experiments/results-aurus-curves/aurus_humanoid-742_seed24/accumulated/spec34.tlsf,1
humanoid-742,94a8605d90fde5882bd6ead9f1fa002f,av2,4,spec182.tlsf,experiments/results-aurus-curves/aurus_humanoid-742_seed04/accumulated/spec182.tlsf,1
humanoid-742,954de9d4b5d4123a1b970d28e233e509,av2,6,spec200.tlsf,experiments/results-aurus-curves/aurus_humanoid-742_seed06/accumulated/spec200.tlsf,1
humanoid-742,95f6fc102662f8aeecf4ca738e35c800,av3,22,spec413.tlsf,experiments/results-aurus-curves/aurus_humanoid-742_seed22/accumulated/spec413.tlsf,1
humanoid-742,964c8c9278bcfa1025dd2b447ef6cde6,av3,16,spec62.tlsf,experiments/results-aurus-curves/aurus_humanoid-742_seed16/accumulated/spec62.tlsf,1
humanoid-742,9685fa4ab6696b3461f8ebc26975e1b9,av2,5,spec48.tlsf,experiments/results-aurus-curves/aurus_humanoid-742_seed05/accumulated/spec48.tlsf,1
humanoid-742,969de03fdea1e6fc92cf73c35d979449,av2,14,spec56.tlsf,experiments/results-aurus-curves/aurus_humanoid-742_seed14/accumulated/spec56.tlsf,1
humanoid-742,96b94f4b7bc669e3b3384b427f688e89,av3,18,spec7.tlsf,experiments/results-aurus-curves/aurus_humanoid-742_seed18/accumulated/spec7.tlsf,1
humanoid-742,96d2c3b9c0a4a6054cd93e20b72d9d58,av2,4,spec179.tlsf,experiments/results-aurus-curves/aurus_humanoid-742_seed04/accumulated/spec179.tlsf,1
humanoid-742,96d31c6199a1f6eeb6609be29a091478,av2,13,spec149.tlsf,experiments/results-aurus-curves/aurus_humanoid-742_seed13/accumulated/spec149.tlsf,1
humanoid-742,9737495a52a92feab5d3c6f00228c437,av3,29,spec203.tlsf,experiments/results-aurus-curves/aurus_humanoid-742_seed29/accumulated/spec203.tlsf,1
humanoid-742,9787c9d476ed078be09aa317baf44a9b,av3,22,spec4.tlsf,experiments/results-aurus-curves/aurus_humanoid-742_seed22/accumulated/spec4.tlsf,1
humanoid-742,97fcc1613e23348a585d63c0b4f07950,av2,3,spec338.tlsf,experiments/results-aurus-curves/aurus_humanoid-742_seed03/accumulated/spec338.tlsf,1
humanoid-742,9821c91418208a220b5b2f4a641b3be1,av3,17,spec265.tlsf,experiments/results-aurus-curves/aurus_humanoid-742_seed17/accumulated/spec265.tlsf,1
humanoid-742,99418996a45b0e3178da82652a954412,av2,9,spec62.tlsf,experiments/results-aurus-curves/aurus_humanoid-742_seed09/accumulated/spec62.tlsf,1
humanoid-742,99894d4c2f524722a624044c0be29c1f,av3,15,spec19.tlsf,experiments/results-aurus-curves/aurus_humanoid-742_seed15/accumulated/spec19.tlsf,1
humanoid-742,99ca1a38cb82bf29a706527efa7c09ac,av2,3,spec336.tlsf,experiments/results-aurus-curves/aurus_humanoid-742_seed03/accumulated/spec336.tlsf,1
humanoid-742,99f32250cfff1b153c4ecd3e85bd16f4,av2,0,spec46.tlsf,experiments/results-aurus-curves/aurus_humanoid-742_seed00/accumulated/spec46.tlsf,1
humanoid-742,9a35453d69fa4343a210c1f538ff0e99,av3,26,spec41.tlsf,experiments/results-aurus-curves/aurus_humanoid-742_seed26/accumulated/spec41.tlsf,1
humanoid-742,9a4b1cc32c8f20b8798baff91e2eadeb,av3,27,spec38.tlsf,experiments/results-aurus-curves/aurus_humanoid-742_seed27/accumulated/spec38.tlsf,1
humanoid-742,9a944855dcaa55a0f74bdb7ef4db989a,av3,29,spec108.tlsf,experiments/results-aurus-curves/aurus_humanoid-742_seed29/accumulated/spec108.tlsf,1
humanoid-742,9ac6c992904b4e41e8752f9c9b71b48b,av2,11,spec143.tlsf,experiments/results-aurus-curves/aurus_humanoid-742_seed11/accumulated/spec143.tlsf,1
humanoid-742,9acb4d227c7045978f379d2c56040e54,av2,12,spec90.tlsf,experiments/results-aurus-curves/aurus_humanoid-742_seed12/accumulated/spec90.tlsf,1
humanoid-742,9ad3400cc8c108170db27bf880d219dc,av2,14,spec180.tlsf,experiments/results-aurus-curves/aurus_humanoid-742_seed14/accumulated/spec180.tlsf,1
humanoid-742,9bcb32643ca60a93d3ef53c14221421b,av3,28,spec188.tlsf,experiments/results-aurus-curves/aurus_humanoid-742_seed28/accumulated/spec188.tlsf,1
humanoid-742,9c02d80fce5d0b68cd2c15baa8aad027,av2,11,spec207.tlsf,experiments/results-aurus-curves/aurus_humanoid-742_seed11/accumulated/spec207.tlsf,1
humanoid-742,9c2c057523e0023ff2773bae31fbd9f6,av3,21,spec182.tlsf,experiments/results-aurus-curves/aurus_humanoid-742_seed21/accumulated/spec182.tlsf,1
humanoid-742,9d61f733c807a5ba17336577f61ae0f6,av2,8,spec161.tlsf,experiments/results-aurus-curves/aurus_humanoid-742_seed08/accumulated/spec161.tlsf,1
humanoid-742,9dd246bc7de9af9936ab3f0aa0ef5da6,av3,24,spec83.tlsf,experiments/results-aurus-curves/aurus_humanoid-742_seed24/accumulated/spec83.tlsf,1
humanoid-742,9ddeef0effd46109d6088ba1c5b82aa3,av2,6,spec8.tlsf,experiments/results-aurus-curves/aurus_humanoid-742_seed06/accumulated/spec8.tlsf,1
humanoid-742,9df1743685a83b8d22812836f693a18d,av3,21,spec94.tlsf,experiments/results-aurus-curves/aurus_humanoid-742_seed21/accumulated/spec94.tlsf,1
humanoid-742,9e4dd57ebc9a133f6c77395c186b1c8c,av2,14,spec179.tlsf,experiments/results-aurus-curves/aurus_humanoid-742_seed14/accumulated/spec179.tlsf,1
humanoid-742,9e5447d68da09eb8dbd74a47e73e6aa1,av2,1,spec186.tlsf,experiments/results-aurus-curves/aurus_humanoid-742_seed01/accumulated/spec186.tlsf,1
humanoid-742,9e68888aaef41ce8bbc80298ae4a1d28,av3,18,spec196.tlsf,experiments/results-aurus-curves/aurus_humanoid-742_seed18/accumulated/spec196.tlsf,1
humanoid-742,9e8f316a1c9a9ee8b12c5ee0363bf580,av2,10,spec171.tlsf,experiments/results-aurus-curves/aurus_humanoid-742_seed10/accumulated/spec171.tlsf,1
humanoid-742,9f22464ca85f4343f148012c20e7c5fb,av2,3,spec42.tlsf,experiments/results-aurus-curves/aurus_humanoid-742_seed03/accumulated/spec42.tlsf,1
humanoid-742,9f3abdf21428374e13a820c7c1eb418f,av2,4,spec130.tlsf,experiments/results-aurus-curves/aurus_humanoid-742_seed04/accumulated/spec130.tlsf,1
humanoid-742,9fa0133a8f0974068a68be5ed3ab51a9,av2,12,spec20.tlsf,experiments/results-aurus-curves/aurus_humanoid-742_seed12/accumulated/spec20.tlsf,1
humanoid-742,9ff154d4cda622e12e207d021809ccf3,av3,20,spec101.tlsf,experiments/results-aurus-curves/aurus_humanoid-742_seed20/accumulated/spec101.tlsf,1
humanoid-742,9ffa9c25b9697ed94a78675a41b0bfce,av3,27,spec47.tlsf,experiments/results-aurus-curves/aurus_humanoid-742_seed27/accumulated/spec47.tlsf,1
humanoid-742,a073f368c6ded9ac07dfa6f4f17dad1f,av3,17,spec58.tlsf,experiments/results-aurus-curves/aurus_humanoid-742_seed17/accumulated/spec58.tlsf,1
humanoid-742,a0e7515dfd0c3879d6a5893b7dd774cd,av2,13,spec39.tlsf,experiments/results-aurus-curves/aurus_humanoid-742_seed13/accumulated/spec39.tlsf,1
humanoid-742,a115499d92a8e7e0cc3a94cbe209a113,av3,15,spec66.tlsf,experiments/results-aurus-curves/aurus_humanoid-742_seed15/accumulated/spec66.tlsf,1
humanoid-742,a1e20083d05a54ac2505721f79cc5f57,av3,25,spec55.tlsf,experiments/results-aurus-curves/aurus_humanoid-742_seed25/accumulated/spec55.tlsf,1
humanoid-742,a2fbd4bda0178e643f91692639c45503,av2,14,spec107.tlsf,experiments/results-aurus-curves/aurus_humanoid-742_seed14/accumulated/spec107.tlsf,1
humanoid-742,a313e4ee0df548f76fc4dc5a0f9f84fa,av2,13,spec58.tlsf,experiments/results-aurus-curves/aurus_humanoid-742_seed13/accumulated/spec58.tlsf,1
humanoid-742,a36241828bc7462dbc39f9be3fdb0fc2,av2,12,spec172.tlsf,experiments/results-aurus-curves/aurus_humanoid-742_seed12/accumulated/spec172.tlsf,1
humanoid-742,a3815060abb971e3e1c1f8dfd190f2fc,av2,13,spec170.tlsf,experiments/results-aurus-curves/aurus_humanoid-742_seed13/accumulated/spec170.tlsf,1
humanoid-742,a387508afad499c50e122b4a0a568d1d,av3,18,spec121.tlsf,experiments/results-aurus-curves/aurus_humanoid-742_seed18/accumulated/spec121.tlsf,1
humanoid-742,a39936496167daa86824046ed0a2be95,av2,7,spec123.tlsf,experiments/results-aurus-curves/aurus_humanoid-742_seed07/accumulated/spec123.tlsf,1
humanoid-742,a3a2a241816bc837de4581379d4dc8f4,av3,25,spec88.tlsf,experiments/results-aurus-curves/aurus_humanoid-742_seed25/accumulated/spec88.tlsf,1
humanoid-742,a56ea8f0e1f28a985c63d72513ef743b,av3,16,spec144.tlsf,experiments/results-aurus-curves/aurus_humanoid-742_seed16/accumulated/spec144.tlsf,1
humanoid-742,a6bc08b7ebe6a0358ea78ab8beb45124,av2,7,spec127.tlsf,experiments/results-aurus-curves/aurus_humanoid-742_seed07/accumulated/spec127.tlsf,1
humanoid-742,a6d945ea5236f1acb4659aacf479fb91,av2,1,spec71.tlsf,experiments/results-aurus-curves/aurus_humanoid-742_seed01/accumulated/spec71.tlsf,1
humanoid-742,a7192b53851a5ce2ce83be57009086d8,av3,19,spec221.tlsf,experiments/results-aurus-curves/aurus_humanoid-742_seed19/accumulated/spec221.tlsf,1
humanoid-742,a7243ace69e887144e58aae96beab27b,av2,4,spec175.tlsf,experiments/results-aurus-curves/aurus_humanoid-742_seed04/accumulated/spec175.tlsf,1
humanoid-742,a72f9913ac65dc6dcc10a30a81066915,av2,3,spec299.tlsf,experiments/results-aurus-curves/aurus_humanoid-742_seed03/accumulated/spec299.tlsf,1
humanoid-742,a7d3313beed5bbe29d79f17f999fa02c,av3,18,spec76.tlsf,experiments/results-aurus-curves/aurus_humanoid-742_seed18/accumulated/spec76.tlsf,1
humanoid-742,a819aca9f84c1b9a2eff67638614fa2c,av2,7,spec31.tlsf,experiments/results-aurus-curves/aurus_humanoid-742_seed07/accumulated/spec31.tlsf,1
humanoid-742,a85d44e25325433d8d9c9fb363042402,av3,21,spec116.tlsf,experiments/results-aurus-curves/aurus_humanoid-742_seed21/accumulated/spec116.tlsf,1
humanoid-742,a8ad2b8da33085df23e51b80bff8084a,av2,7,spec120.tlsf,experiments/results-aurus-curves/aurus_humanoid-742_seed07/accumulated/spec120.tlsf,1
humanoid-742,a8cbf14f7cc9061d94b42941ae865392,av3,26,spec196.tlsf,experiments/results-aurus-curves/aurus_humanoid-742_seed26/accumulated/spec196.tlsf,1
humanoid-742,a8d98dc0fd2cd3b9151a7b245cb92bf4,av2,7,spec145.tlsf,experiments/results-aurus-curves/aurus_humanoid-742_seed07/accumulated/spec145.tlsf,1
humanoid-742,a980efd40eea6781b702672edc4480f6,av2,0,spec32.tlsf,experiments/results-aurus-curves/aurus_humanoid-742_seed00/accumulated/spec32.tlsf,1
humanoid-742,a9d1fd26dcd3fb3d5d102054e2765e43,av2,0,spec70.tlsf,experiments/results-aurus-curves/aurus_humanoid-742_seed00/accumulated/spec70.tlsf,1
humanoid-742,aa3ea17329f4ea7cffe5317d797c2f65,av3,24,spec136.tlsf,experiments/results-aurus-curves/aurus_humanoid-742_seed24/accumulated/spec136.tlsf,1
humanoid-742,aac69f0a6b336ee1d7905a8abe58c85c,av2,11,spec181.tlsf,experiments/results-aurus-curves/aurus_humanoid-742_seed11/accumulated/spec181.tlsf,1
humanoid-742,ab0c9177802f69adac9a8f07414bf006,av3,17,spec221.tlsf,experiments/results-aurus-curves/aurus_humanoid-742_seed17/accumulated/spec221.tlsf,1
humanoid-742,ab5edebb5569b90f486168065ac966b0,av3,22,spec124.tlsf,experiments/results-aurus-curves/aurus_humanoid-742_seed22/accumulated/spec124.tlsf,1
humanoid-742,ab64695d542b095ea51142881af150aa,av2,12,spec19.tlsf,experiments/results-aurus-curves/aurus_humanoid-742_seed12/accumulated/spec19.tlsf,1
humanoid-742,ab668c315c65c8b0bb7c86064e29e981,av3,25,spec71.tlsf,experiments/results-aurus-curves/aurus_humanoid-742_seed25/accumulated/spec71.tlsf,1
humanoid-742,acde790e8ed56f3bdbf13bc71eca48bc,av3,17,spec292.tlsf,experiments/results-aurus-curves/aurus_humanoid-742_seed17/accumulated/spec292.tlsf,1
humanoid-742,acf096bac5d2b85a0d1e529899dccd1e,av2,14,spec124.tlsf,experiments/results-aurus-curves/aurus_humanoid-742_seed14/accumulated/spec124.tlsf,1
humanoid-742,ad3d1a1bc5e58f54958612d17fbac77f,av3,25,spec83.tlsf,experiments/results-aurus-curves/aurus_humanoid-742_seed25/accumulated/spec83.tlsf,1
humanoid-742,ad4557b18a9e0c5f741df05098d97e2e,av2,0,spec121.tlsf,experiments/results-aurus-curves/aurus_humanoid-742_seed00/accumulated/spec121.tlsf,1
humanoid-742,ad7026b68967120c6c9a3c98063f8b03,av3,15,spec111.tlsf,experiments/results-aurus-curves/aurus_humanoid-742_seed15/accumulated/spec111.tlsf,1
humanoid-742,ada337b9ebebfa482361b528485f71cf,av2,1,spec287.tlsf,experiments/results-aurus-curves/aurus_humanoid-742_seed01/accumulated/spec287.tlsf,1
humanoid-742,adf10978a8e191e43bfc381ffc27158a,av2,13,spec56.tlsf,experiments/results-aurus-curves/aurus_humanoid-742_seed13/accumulated/spec56.tlsf,1
humanoid-742,ae019d40b378d6fb43df4747d008d28a,av3,29,spec80.tlsf,experiments/results-aurus-curves/aurus_humanoid-742_seed29/accumulated/spec80.tlsf,1
humanoid-742,aecc9051ddaceeee25678efdff3f3fdb,av3,22,spec376.tlsf,experiments/results-aurus-curves/aurus_humanoid-742_seed22/accumulated/spec376.tlsf,1
humanoid-742,af3013ea9d0400d956b5cf850b3d5155,av2,12,spec44.tlsf,experiments/results-aurus-curves/aurus_humanoid-742_seed12/accumulated/spec44.tlsf,1
humanoid-742,af3f366987bb15ff8f9969ad67bf3f6c,av3,15,spec14.tlsf,experiments/results-aurus-curves/aurus_humanoid-742_seed15/accumulated/spec14.tlsf,1
humanoid-742,af77e282eb71f1324edceb6930a66783,av3,21,spec202.tlsf,experiments/results-aurus-curves/aurus_humanoid-742_seed21/accumulated/spec202.tlsf,1
humanoid-742,afb881fb5853084a69f2deb6ca5f2266,av3,18,spec178.tlsf,experiments/results-aurus-curves/aurus_humanoid-742_seed18/accumulated/spec178.tlsf,1
humanoid-742,b0098db27a63b1af004a56a7ba0141af,av2,4,spec148.tlsf,experiments/results-aurus-curves/aurus_humanoid-742_seed04/accumulated/spec148.tlsf,1
humanoid-742,b1020e5c801968bce75d09635e819fc2,av3,18,spec58.tlsf,experiments/results-aurus-curves/aurus_humanoid-742_seed18/accumulated/spec58.tlsf,1
humanoid-742,b1b9207a0f98df24bcd839543453753a,av2,2,spec115.tlsf,experiments/results-aurus-curves/aurus_humanoid-742_seed02/accumulated/spec115.tlsf,1
humanoid-742,b1cfe132f87d4c4326d5d3315d1d2af8,av2,11,spec117.tlsf,experiments/results-aurus-curves/aurus_humanoid-742_seed11/accumulated/spec117.tlsf,1
humanoid-742,b1d0c743166ab7757810b525fbde4779,av2,0,spec29.tlsf,experiments/results-aurus-curves/aurus_humanoid-742_seed00/accumulated/spec29.tlsf,1
humanoid-742,b1f40e8d7132480705ee66ba37c1f310,av3,22,spec300.tlsf,experiments/results-aurus-curves/aurus_humanoid-742_seed22/accumulated/spec300.tlsf,1
humanoid-742,b22f1809b4df5b3b8a87ac68414c7114,av2,12,spec139.tlsf,experiments/results-aurus-curves/aurus_humanoid-742_seed12/accumulated/spec139.tlsf,1
humanoid-742,b247b2951e08af5c42fc48d6f9c796fe,av3,28,spec105.tlsf,experiments/results-aurus-curves/aurus_humanoid-742_seed28/accumulated/spec105.tlsf,1
humanoid-742,b28deafe780edacd699015bcb48a4f2e,av2,7,spec96.tlsf,experiments/results-aurus-curves/aurus_humanoid-742_seed07/accumulated/spec96.tlsf,1
humanoid-742,b30808314d26c3b3e6863c3c8fbfd3e8,av2,5,spec39.tlsf,experiments/results-aurus-curves/aurus_humanoid-742_seed05/accumulated/spec39.tlsf,1
humanoid-742,b367605916cd521c593be7643bd95486,av2,3,spec315.tlsf,experiments/results-aurus-curves/aurus_humanoid-742_seed03/accumulated/spec315.tlsf,1
humanoid-742,b396a24ce81235b225ba7137b83dc7d8,av2,14,spec220.tlsf,experiments/results-aurus-curves/aurus_humanoid-742_seed14/accumulated/spec220.tlsf,1
humanoid-742,b3b985a311d8f5c15a5a4539992d79b0,av2,2,spec32.tlsf,experiments/results-aurus-curves/aurus_humanoid-742_seed02/accumulated/spec32.tlsf,1
humanoid-742,b4305a7fad4d2c401667cdf04db35d97,av2,14,spec85.tlsf,experiments/results-aurus-curves/aurus_humanoid-742_seed14/accumulated/spec85.tlsf,1
humanoid-742,b48242bc77e1161f90cedd381d317f6a,av2,0,spec84.tlsf,experiments/results-aurus-curves/aurus_humanoid-742_seed00/accumulated/spec84.tlsf,1
humanoid-742,b54ffe57d9af9e9a5f3994b5e2743f57,av3,21,spec87.tlsf,experiments/results-aurus-curves/aurus_humanoid-742_seed21/accumulated/spec87.tlsf,1
humanoid-742,b5b6032457a5705c4fa8d057c305bafa,av2,5,spec160.tlsf,experiments/results-aurus-curves/aurus_humanoid-742_seed05/accumulated/spec160.tlsf,1
humanoid-742,b5fb5c27fd89ef72c52f529f377bc1ff,av2,13,spec179.tlsf,experiments/results-aurus-curves/aurus_humanoid-742_seed13/accumulated/spec179.tlsf,1
humanoid-742,b5ff334db2434dcbe61ea2afa39ddaef,av3,20,spec137.tlsf,experiments/results-aurus-curves/aurus_humanoid-742_seed20/accumulated/spec137.tlsf,1
humanoid-742,b61a8e8bb33959f4d51b566a6ddc568d,av3,15,spec199.tlsf,experiments/results-aurus-curves/aurus_humanoid-742_seed15/accumulated/spec199.tlsf,1
humanoid-742,b63aa8a619a62a46bf494d6226f4b072,av2,7,spec38.tlsf,experiments/results-aurus-curves/aurus_humanoid-742_seed07/accumulated/spec38.tlsf,1
humanoid-742,b63ed6871dcb8d0bc68cfb41f826f54b,av2,7,spec36.tlsf,experiments/results-aurus-curves/aurus_humanoid-742_seed07/accumulated/spec36.tlsf,1
humanoid-742,b663117fc0ae6fbbb4f36a3e78936a03,av3,22,spec68.tlsf,experiments/results-aurus-curves/aurus_humanoid-742_seed22/accumulated/spec68.tlsf,1
humanoid-742,b694edb4d7d73e5162d095ffc8da4e23,av2,13,spec68.tlsf,experiments/results-aurus-curves/aurus_humanoid-742_seed13/accumulated/spec68.tlsf,1
humanoid-742,b6c6678695981616351e528c5ea6ac58,av3,19,spec92.tlsf,experiments/results-aurus-curves/aurus_humanoid-742_seed19/accumulated/spec92.tlsf,1
humanoid-742,b6f8f340a0c6ed7d83602bd8b2bd5a30,av2,3,spec96.tlsf,experiments/results-aurus-curves/aurus_humanoid-742_seed03/accumulated/spec96.tlsf,1
humanoid-742,b7848c6a33a3a272cecc0dc33b7c4995,av3,24,spec130.tlsf,experiments/results-aurus-curves/aurus_humanoid-742_seed24/accumulated/spec130.tlsf,1
humanoid-742,b79b1b0dfcb1852ffc28518f784ed7cf,av3,25,spec93.tlsf,experiments/results-aurus-curves/aurus_humanoid-742_seed25/accumulated/spec93.tlsf,1
humanoid-742,b7cb6fdb4cf9ceec6308517ff31c63c5,av3,17,spec122.tlsf,experiments/results-aurus-curves/aurus_humanoid-742_seed17/accumulated/spec122.tlsf,1
humanoid-742,b80d3bc768203da1cff589e583a85011,av2,9,spec152.tlsf,experiments/results-aurus-curves/aurus_humanoid-742_seed09/accumulated/spec152.tlsf,1
humanoid-742,b84f7a526e8bff5ed7ba3886fba23267,av2,14,spec27.tlsf,experiments/results-aurus-curves/aurus_humanoid-742_seed14/accumulated/spec27.tlsf,1
humanoid-742,b934939dc45aae6108511bf80b53208e,av3,18,spec160.tlsf,experiments/results-aurus-curves/aurus_humanoid-742_seed18/accumulated/spec160.tlsf,1
humanoid-742,b9796a3503b56ba8f741ddd731c5b41c,av3,18,spec78.tlsf,experiments/results-aurus-curves/aurus_humanoid-742_seed18/accumulated/spec78.tlsf,1
humanoid-742,b99fa2d3f8e487cbb0777cc6e1abfd23,av3,26,spec70.tlsf,experiments/results-aurus-curves/aurus_humanoid-742_seed26/accumulated/spec70.tlsf,1
humanoid-742,ba1f290eba39a5609056534943a953b6,av3,16,spec168.tlsf,experiments/results-aurus-curves/aurus_humanoid-742_seed16/accumulated/spec168.tlsf,1
humanoid-742,ba310342af1526d515479aa70c5d77e0,av3,27,spec217.tlsf,experiments/results-aurus-curves/aurus_humanoid-742_seed27/accumulated/spec217.tlsf,1
humanoid-742,bacf4370e0052492aef0dbbca38df38e,av3,18,spec198.tlsf,experiments/results-aurus-curves/aurus_humanoid-742_seed18/accumulated/spec198.tlsf,1
humanoid-742,bb0c970d48e9c8dc3e90c23cc98e000b,av2,14,spec175.tlsf,experiments/results-aurus-curves/aurus_humanoid-742_seed14/accumulated/spec175.tlsf,1
humanoid-742,bbc3e3ca2555ab1293944dcb21a5585a,av3,21,spec171.tlsf,experiments/results-aurus-curves/aurus_humanoid-742_seed21/accumulated/spec171.tlsf,1
humanoid-742,bc56a31fc5bab76f262fe0921249246c,av3,19,spec201.tlsf,experiments/results-aurus-curves/aurus_humanoid-742_seed19/accumulated/spec201.tlsf,1
humanoid-742,bd00188623056f28f9dc98048e52758a,av2,6,spec239.tlsf,experiments/results-aurus-curves/aurus_humanoid-742_seed06/accumulated/spec239.tlsf,1
humanoid-742,bd0d38a1c77f615d238f7e86ce087e7f,av3,23,spec128.tlsf,experiments/results-aurus-curves/aurus_humanoid-742_seed23/accumulated/spec128.tlsf,1
humanoid-742,bd632c75eb2a6d72fd30377bb2aaf8ff,av3,27,spec234.tlsf,experiments/results-aurus-curves/aurus_humanoid-742_seed27/accumulated/spec234.tlsf,1
humanoid-742,bd6dba57f944ea39fb9ae3a0e613ba5c,av2,11,spec108.tlsf,experiments/results-aurus-curves/aurus_humanoid-742_seed11/accumulated/spec108.tlsf,1
humanoid-742,bd7649095d60012cd159f6e3811407bb,av2,9,spec279.tlsf,experiments/results-aurus-curves/aurus_humanoid-742_seed09/accumulated/spec279.tlsf,1
humanoid-742,bd908860dd420b5185458b9db88f99a3,av3,18,spec123.tlsf,experiments/results-aurus-curves/aurus_humanoid-742_seed18/accumulated/spec123.tlsf,1
humanoid-742,bdabe0ec2a37e991293f9717741684ba,av3,15,spec156.tlsf,experiments/results-aurus-curves/aurus_humanoid-742_seed15/accumulated/spec156.tlsf,1
humanoid-742,be7bd85d6f1c22779e300c2723b2f20e,av2,2,spec38.tlsf,experiments/results-aurus-curves/aurus_humanoid-742_seed02/accumulated/spec38.tlsf,1
humanoid-742,be9a76502c82b8f7421c960826cfa01d,av2,9,spec80.tlsf,experiments/results-aurus-curves/aurus_humanoid-742_seed09/accumulated/spec80.tlsf,1
humanoid-742,bea2ec27d3a1f744bce5af9587bd2486,av3,23,spec163.tlsf,experiments/results-aurus-curves/aurus_humanoid-742_seed23/accumulated/spec163.tlsf,1
humanoid-742,bf11d7d93334b6819d8ee95057ee0fd1,av3,20,spec110.tlsf,experiments/results-aurus-curves/aurus_humanoid-742_seed20/accumulated/spec110.tlsf,1
humanoid-742,bf47c74feb08ed9ccf921c387276547d,av3,26,spec124.tlsf,experiments/results-aurus-curves/aurus_humanoid-742_seed26/accumulated/spec124.tlsf,1
humanoid-742,bf9cf16be025ee08af367ec29dae52ac,av2,12,spec11.tlsf,experiments/results-aurus-curves/aurus_humanoid-742_seed12/accumulated/spec11.tlsf,1
humanoid-742,c039df919898386397647e66398512e8,av2,11,spec139.tlsf,experiments/results-aurus-curves/aurus_humanoid-742_seed11/accumulated/spec139.tlsf,1
humanoid-742,c04af9b4b7b5d79a30475b913a9f4c9b,av2,3,spec106.tlsf,experiments/results-aurus-curves/aurus_humanoid-742_seed03/accumulated/spec106.tlsf,1
humanoid-742,c105b81f5f8c0d2c2f4cb8fd4fb75d67,av3,27,spec117.tlsf,experiments/results-aurus-curves/aurus_humanoid-742_seed27/accumulated/spec117.tlsf,1
humanoid-742,c1a3156d09e484ac72a7b1ab22b4c594,av3,22,spec379.tlsf,experiments/results-aurus-curves/aurus_humanoid-742_seed22/accumulated/spec379.tlsf,1
humanoid-742,c267638212906f04663c9f18a8331bb3,av3,22,spec163.tlsf,experiments/results-aurus-curves/aurus_humanoid-742_seed22/accumulated/spec163.tlsf,1
humanoid-742,c2f06cfebfb40c46847fccdcc3fe8d86,av2,12,spec67.tlsf,experiments/results-aurus-curves/aurus_humanoid-742_seed12/accumulated/spec67.tlsf,1
humanoid-742,c30e0b70571035d8a64be524ca18de7c,av2,5,spec171.tlsf,experiments/results-aurus-curves/aurus_humanoid-742_seed05/accumulated/spec171.tlsf,1
humanoid-742,c333dcbc04005969e73c1e2508b09af0,av2,8,spec37.tlsf,experiments/results-aurus-curves/aurus_humanoid-742_seed08/accumulated/spec37.tlsf,1
humanoid-742,c356a5d86bb080c69468125e9b88513d,av3,28,spec262.tlsf,experiments/results-aurus-curves/aurus_humanoid-742_seed28/accumulated/spec262.tlsf,1
humanoid-742,c4a0f2534360afcefef358fb22810a60,av3,28,spec53.tlsf,experiments/results-aurus-curves/aurus_humanoid-742_seed28/accumulated/spec53.tlsf,1
humanoid-742,c50d9ead3e5e6150f8f32e685bd3e155,av2,5,spec167.tlsf,experiments/results-aurus-curves/aurus_humanoid-742_seed05/accumulated/spec167.tlsf,1
humanoid-742,c522dd27dbdb99bcd417dd898467ec70,av3,21,spec149.tlsf,experiments/results-aurus-curves/aurus_humanoid-742_seed21/accumulated/spec149.tlsf,1
humanoid-742,c586e1e7ac34d775a0aa924175c92fc0,av2,7,spec2.tlsf,experiments/results-aurus-curves/aurus_humanoid-742_seed07/accumulated/spec2.tlsf,1
humanoid-742,c5cabf7ca3d888e2510504e4851b8958,av3,20,spec209.tlsf,experiments/results-aurus-curves/aurus_humanoid-742_seed20/accumulated/spec209.tlsf,1
humanoid-742,c67e0853f6c4010213b370b2392929d8,av2,7,spec116.tlsf,experiments/results-aurus-curves/aurus_humanoid-742_seed07/accumulated/spec116.tlsf,1
humanoid-742,c78bb0a3dd561dd3ae35c32144ac8496,av3,19,spec109.tlsf,experiments/results-aurus-curves/aurus_humanoid-742_seed19/accumulated/spec109.tlsf,1
humanoid-742,c7bb804721e5235d2fa0ca878ff6239b,av2,7,spec84.tlsf,experiments/results-aurus-curves/aurus_humanoid-742_seed07/accumulated/spec84.tlsf,1
humanoid-742,c7d684f3d5deffb24410fe7d289be643,av2,3,spec137.tlsf,experiments/results-aurus-curves/aurus_humanoid-742_seed03/accumulated/spec137.tlsf,1
humanoid-742,c7d7da9f6db304053b09fd93cd0735d2,av3,15,spec80.tlsf,experiments/results-aurus-curves/aurus_humanoid-742_seed15/accumulated/spec80.tlsf,1
humanoid-742,c80307a57f7320235e35bad5d3372dd1,av3,22,spec148.tlsf,experiments/results-aurus-curves/aurus_humanoid-742_seed22/accumulated/spec148.tlsf,1
humanoid-742,c8a1967bbd8bdfc6f51d2fc93a018549,av2,0,spec25.tlsf,experiments/results-aurus-curves/aurus_humanoid-742_seed00/accumulated/spec25.tlsf,1
humanoid-742,c8b2c7e294662b3e950707b489dd12c9,av3,20,spec175.tlsf,experiments/results-aurus-curves/aurus_humanoid-742_seed20/accumulated/spec175.tlsf,1
humanoid-742,c909b37e3e6204be2c419e46b5a64354,av2,12,spec68.tlsf,experiments/results-aurus-curves/aurus_humanoid-742_seed12/accumulated/spec68.tlsf,1
humanoid-742,ca6f4a527edf7d28e157d76952c00216,av2,1,spec31.tlsf,experiments/results-aurus-curves/aurus_humanoid-742_seed01/accumulated/spec31.tlsf,1
humanoid-742,cac2e88d191609efae7471ae0a7b5319,av2,5,spec79.tlsf,experiments/results-aurus-curves/aurus_humanoid-742_seed05/accumulated/spec79.tlsf,1
humanoid-742,caea0c8c10fb04f129af1e696caf0a2e,av3,23,spec136.tlsf,experiments/results-aurus-curves/aurus_humanoid-742_seed23/accumulated/spec136.tlsf,1
humanoid-742,cbd7bcda6a1234cc5c8daab47beffd9c,av2,1,spec72.tlsf,experiments/results-aurus-curves/aurus_humanoid-742_seed01/accumulated/spec72.tlsf,1
humanoid-742,cbec8e13eaecefb259679b695a58b5dc,av2,3,spec63.tlsf,experiments/results-aurus-curves/aurus_humanoid-742_seed03/accumulated/spec63.tlsf,1
humanoid-742,cc2ef76f8e5937d2930313145515a10a,av2,13,spec35.tlsf,experiments/results-aurus-curves/aurus_humanoid-742_seed13/accumulated/spec35.tlsf,1
humanoid-742,cdda806715c325338e14a5f7fccaccb8,av2,13,spec27.tlsf,experiments/results-aurus-curves/aurus_humanoid-742_seed13/accumulated/spec27.tlsf,1
humanoid-742,ce959256daec406f11bd6826240fa1d9,av2,7,spec58.tlsf,experiments/results-aurus-curves/aurus_humanoid-742_seed07/accumulated/spec58.tlsf,1
humanoid-742,d013380fdd84c5bd196a0f2e7db2fa1b,av2,4,spec231.tlsf,experiments/results-aurus-curves/aurus_humanoid-742_seed04/accumulated/spec231.tlsf,1
humanoid-742,d0453eec00c174fc08a0a1410deff0e0,av2,5,spec92.tlsf,experiments/results-aurus-curves/aurus_humanoid-742_seed05/accumulated/spec92.tlsf,1
humanoid-742,d0db977a43bb0bf454da0dd14cc3a1a1,av2,1,spec174.tlsf,experiments/results-aurus-curves/aurus_humanoid-742_seed01/accumulated/spec174.tlsf,1
humanoid-742,d145c41ac9072734f65cbb2762ec5b62,av3,17,spec288.tlsf,experiments/results-aurus-curves/aurus_humanoid-742_seed17/accumulated/spec288.tlsf,1
humanoid-742,d14cec58eb71020e9f3547f9ba3ce52c,av2,7,spec6.tlsf,experiments/results-aurus-curves/aurus_humanoid-742_seed07/accumulated/spec6.tlsf,1
humanoid-742,d16795621502108c59207d156b76741c,av2,1,spec58.tlsf,experiments/results-aurus-curves/aurus_humanoid-742_seed01/accumulated/spec58.tlsf,1
humanoid-742,d4face7a3ac249b91307130c2f7a89c7,av2,12,spec188.tlsf,experiments/results-aurus-curves/aurus_humanoid-742_seed12/accumulated/spec188.tlsf,1
humanoid-742,d5499707dd68d9bd68fe90539e0027ae,av3,15,spec191.tlsf,experiments/results-aurus-curves/aurus_humanoid-742_seed15/accumulated/spec191.tlsf,1
humanoid-742,d5b5f94ff8f3bf8a99569a139272b4c4,av2,8,spec137.tlsf,experiments/results-aurus-curves/aurus_humanoid-742_seed08/accumulated/spec137.tlsf,1
humanoid-742,d5ba4c0f64e1ca3426cf096fcff2e0e5,av3,20,spec156.tlsf,experiments/results-aurus-curves/aurus_humanoid-742_seed20/accumulated/spec156.tlsf,1
humanoid-742,d5e0925049686d1c1c5c0f3773e2e2ff,av2,12,spec39.tlsf,experiments/results-aurus-curves/aurus_humanoid-742_seed12/accumulated/spec39.tlsf,1
humanoid-742,d661402de04c03ca6c259903e3192a33,av3,16,spec213.tlsf,experiments/results-aurus-curves/aurus_humanoid-742_seed16/accumulated/spec213.tlsf,1
humanoid-742,d6f76642f2c075e8a880d13651c01624,av2,4,spec198.tlsf,experiments/results-aurus-curves/aurus_humanoid-742_seed04/accumulated/spec198.tlsf,1
humanoid-742,d76b73839b925699bc4852a1a423d802,av3,23,spec120.tlsf,experiments/results-aurus-curves/aurus_humanoid-742_seed23/accumulated/spec120.tlsf,1
humanoid-742,d7a46cf9b4e6a0c86d467485fc291b74,av3,23,spec162.tlsf,experiments/results-aurus-curves/aurus_humanoid-742_seed23/accumulated/spec162.tlsf,1
humanoid-742,d82d7ca083f3d65449b15371afaeef0b,av3,23,spec168.tlsf,experiments/results-aurus-curves/aurus_humanoid-742_seed23/accumulated/spec168.tlsf,1
humanoid-742,d886192c23745d2fd0d7e6afe72a5248,av3,26,spec51.tlsf,experiments/results-aurus-curves/aurus_humanoid-742_seed26/accumulated/spec51.tlsf,1
humanoid-742,d94fa72f76a0286f137f5fe7a3b59744,av2,10,spec164.tlsf,experiments/results-aurus-curves/aurus_humanoid-742_seed10/accumulated/spec164.tlsf,1
humanoid-742,d9be711581ee6864fd2035f4daf4c4d6,av3,23,spec154.tlsf,experiments/results-aurus-curves/aurus_humanoid-742_seed23/accumulated/spec154.tlsf,1
humanoid-742,d9c7dd0d766d4a392bc77cca17cccb46,av3,25,spec140.tlsf,experiments/results-aurus-curves/aurus_humanoid-742_seed25/accumulated/spec140.tlsf,1
humanoid-742,da0ead9eda1eb31683955711cee239ed,av3,15,spec155.tlsf,experiments/results-aurus-curves/aurus_humanoid-742_seed15/accumulated/spec155.tlsf,1
humanoid-742,da2cb690afa46b78bd04d033563fa7f4,av3,24,spec106.tlsf,experiments/results-aurus-curves/aurus_humanoid-742_seed24/accumulated/spec106.tlsf,1
humanoid-742,da4249041ff528cf5bcf85c309420270,av2,9,spec70.tlsf,experiments/results-aurus-curves/aurus_humanoid-742_seed09/accumulated/spec70.tlsf,1
humanoid-742,db66c94b30a43cdd15b712c6e1dc41dc,av2,4,spec140.tlsf,experiments/results-aurus-curves/aurus_humanoid-742_seed04/accumulated/spec140.tlsf,1
humanoid-742,dba15727ce387c22f43ef30f4db9c97a,av3,28,spec81.tlsf,experiments/results-aurus-curves/aurus_humanoid-742_seed28/accumulated/spec81.tlsf,1
humanoid-742,dc578fb953199fd1e1df45f611eb2516,av2,12,spec197.tlsf,experiments/results-aurus-curves/aurus_humanoid-742_seed12/accumulated/spec197.tlsf,1
humanoid-742,dd0f594650167d2d0de8065ee8652ee4,av2,4,spec188.tlsf,experiments/results-aurus-curves/aurus_humanoid-742_seed04/accumulated/spec188.tlsf,1
humanoid-742,dd30f6158614db59463a930bf8f8ae07,av3,22,spec237.tlsf,experiments/results-aurus-curves/aurus_humanoid-742_seed22/accumulated/spec237.tlsf,1
humanoid-742,dd435eed6463ccd99ae2cccbd4819d82,av3,15,spec20.tlsf,experiments/results-aurus-curves/aurus_humanoid-742_seed15/accumulated/spec20.tlsf,1
humanoid-742,dd71791125ace7670aa7e3d1eb2950bd,av3,22,spec76.tlsf,experiments/results-aurus-curves/aurus_humanoid-742_seed22/accumulated/spec76.tlsf,1
humanoid-742,de46cb1e9309b991f87817cde154a402,av2,8,spec153.tlsf,experiments/results-aurus-curves/aurus_humanoid-742_seed08/accumulated/spec153.tlsf,1
humanoid-742,deb96991a7c50ec79291cb32ae66364b,av2,2,spec110.tlsf,experiments/results-aurus-curves/aurus_humanoid-742_seed02/accumulated/spec110.tlsf,1
humanoid-742,df503415869e835a1f7d665592d53864,av2,12,spec235.tlsf,experiments/results-aurus-curves/aurus_humanoid-742_seed12/accumulated/spec235.tlsf,1
humanoid-742,df55ea2582a49f2f5ecbd8734bea5778,av2,0,spec119.tlsf,experiments/results-aurus-curves/aurus_humanoid-742_seed00/accumulated/spec119.tlsf,1
humanoid-742,df68306b86f3507e6a1167d5e1976cf4,av3,26,spec38.tlsf,experiments/results-aurus-curves/aurus_humanoid-742_seed26/accumulated/spec38.tlsf,1
humanoid-742,e0790632eb71c10c84877962fa0ed45e,av2,9,spec50.tlsf,experiments/results-aurus-curves/aurus_humanoid-742_seed09/accumulated/spec50.tlsf,1
humanoid-742,e0a0fdc1a7457026681b89a43e3bdebd,av2,13,spec88.tlsf,experiments/results-aurus-curves/aurus_humanoid-742_seed13/accumulated/spec88.tlsf,1
humanoid-742,e0d1bbf075f4d00d16bde1ff4f40ca3c,av2,7,spec109.tlsf,experiments/results-aurus-curves/aurus_humanoid-742_seed07/accumulated/spec109.tlsf,1
humanoid-742,e1cc577c3519c3198051591acb3711d8,av3,26,spec194.tlsf,experiments/results-aurus-curves/aurus_humanoid-742_seed26/accumulated/spec194.tlsf,1
humanoid-742,e2097e6a688b9512a620529f94b5c9a6,av3,23,spec16.tlsf,experiments/results-aurus-curves/aurus_humanoid-742_seed23/accumulated/spec16.tlsf,1
humanoid-742,e2f1f30c5a55ef3d28332c07a702e623,av3,27,spec90.tlsf,experiments/results-aurus-curves/aurus_humanoid-742_seed27/accumulated/spec90.tlsf,1
humanoid-742,e30cdabf18356f503dd15123dd725cbf,av2,9,spec184.tlsf,experiments/results-aurus-curves/aurus_humanoid-742_seed09/accumulated/spec184.tlsf,1
humanoid-742,e31b9b7f86b00e2d93f1f1f04fac4cbc,av3,22,spec108.tlsf,experiments/results-aurus-curves/aurus_humanoid-742_seed22/accumulated/spec108.tlsf,1
humanoid-742,e3404c4bcbf68ba72d8bb4168a98d6ff,av2,0,spec13.tlsf,experiments/results-aurus-curves/aurus_humanoid-742_seed00/accumulated/spec13.tlsf,1
humanoid-742,e34e46ec7da3b4c0dfe1774337bc9ed7,av3,15,spec229.tlsf,experiments/results-aurus-curves/aurus_humanoid-742_seed15/accumulated/spec229.tlsf,1
humanoid-742,e352f91d948e0e0dd2543fa4de207143,av3,26,spec215.tlsf,experiments/results-aurus-curves/aurus_humanoid-742_seed26/accumulated/spec215.tlsf,1
humanoid-742,e3c031929d8c430146b4c5ae44d3e7df,av2,5,spec137.tlsf,experiments/results-aurus-curves/aurus_humanoid-742_seed05/accumulated/spec137.tlsf,1
humanoid-742,e4d644477f638d0b0de5494d2ee726ca,av2,6,spec95.tlsf,experiments/results-aurus-curves/aurus_humanoid-742_seed06/accumulated/spec95.tlsf,1
humanoid-742,e5499cb6d45c4a00ddea472ef8101439,av3,15,spec174.tlsf,experiments/results-aurus-curves/aurus_humanoid-742_seed15/accumulated/spec174.tlsf,1
humanoid-742,e5ca03cf7ac8055bd1480c1d39094177,av3,24,spec42.tlsf,experiments/results-aurus-curves/aurus_humanoid-742_seed24/accumulated/spec42.tlsf,1
humanoid-742,e77be83432458c98fc94a401b4bae2fe,av2,1,spec93.tlsf,experiments/results-aurus-curves/aurus_humanoid-742_seed01/accumulated/spec93.tlsf,1
humanoid-742,e795b22da098f6b517ecb6ab7be254fe,av3,20,spec166.tlsf,experiments/results-aurus-curves/aurus_humanoid-742_seed20/accumulated/spec166.tlsf,1
humanoid-742,e7c379219ed800d9683911cb815e7a17,av2,1,spec145.tlsf,experiments/results-aurus-curves/aurus_humanoid-742_seed01/accumulated/spec145.tlsf,1
humanoid-742,e7dc30dbce267264a830a6148e9b890b,av3,27,spec98.tlsf,experiments/results-aurus-curves/aurus_humanoid-742_seed27/accumulated/spec98.tlsf,1
humanoid-742,e8357502205405afadc6e317db9c41de,av2,9,spec132.tlsf,experiments/results-aurus-curves/aurus_humanoid-742_seed09/accumulated/spec132.tlsf,1
humanoid-742,e837dbffb174febeae701521d159dc45,av2,10,spec37.tlsf,experiments/results-aurus-curves/aurus_humanoid-742_seed10/accumulated/spec37.tlsf,1
humanoid-742,e857105f14250918c983b78fc0610747,av3,23,spec171.tlsf,experiments/results-aurus-curves/aurus_humanoid-742_seed23/accumulated/spec171.tlsf,1
humanoid-742,e8be5be092ebd6fef51c5f1b590c1084,av2,14,spec152.tlsf,experiments/results-aurus-curves/aurus_humanoid-742_seed14/accumulated/spec152.tlsf,1
humanoid-742,e8ca265346d284047d46a1159d919fc8,av3,18,spec94.tlsf,experiments/results-aurus-curves/aurus_humanoid-742_seed18/accumulated/spec94.tlsf,1
humanoid-742,e9bae8881ee635761f2f609f8e0b5847,av2,14,spec202.tlsf,experiments/results-aurus-curves/aurus_humanoid-742_seed14/accumulated/spec202.tlsf,1
humanoid-742,eaa935270c4b5b7bd58dc423cfb11ee2,av3,20,spec67.tlsf,experiments/results-aurus-curves/aurus_humanoid-742_seed20/accumulated/spec67.tlsf,1
humanoid-742,ead9b25d0303492ece01fcebcecf1c05,av3,22,spec200.tlsf,experiments/results-aurus-curves/aurus_humanoid-742_seed22/accumulated/spec200.tlsf,1
humanoid-742,eb110fa49ba269a38d90219590568a05,av3,25,spec91.tlsf,experiments/results-aurus-curves/aurus_humanoid-742_seed25/accumulated/spec91.tlsf,1
humanoid-742,eb14be704523fd5db2ac9431faad7f3f,av3,15,spec117.tlsf,experiments/results-aurus-curves/aurus_humanoid-742_seed15/accumulated/spec117.tlsf,1
humanoid-742,eb17b12e04f5a94936a0dd5d788470ca,av3,18,spec120.tlsf,experiments/results-aurus-curves/aurus_humanoid-742_seed18/accumulated/spec120.tlsf,1
humanoid-742,eb9221300920a1afe3a1dfbeb509a06d,av3,24,spec141.tlsf,experiments/results-aurus-curves/aurus_humanoid-742_seed24/accumulated/spec141.tlsf,1
humanoid-742,ebb9d338922464d97e381df7a069857e,av2,1,spec68.tlsf,experiments/results-aurus-curves/aurus_humanoid-742_seed01/accumulated/spec68.tlsf,1
humanoid-742,ebc95c93e8d630832b48c87003a31bd4,av2,4,spec21.tlsf,experiments/results-aurus-curves/aurus_humanoid-742_seed04/accumulated/spec21.tlsf,1
humanoid-742,ebcf7a60983bd85b6f6c5c6c6cd838d0,av3,15,spec58.tlsf,experiments/results-aurus-curves/aurus_humanoid-742_seed15/accumulated/spec58.tlsf,1
humanoid-742,ebf1544818367b3646c9a20a7c790b93,av2,1,spec32.tlsf,experiments/results-aurus-curves/aurus_humanoid-742_seed01/accumulated/spec32.tlsf,1
humanoid-742,ec35e8e8d5dca9b9aefa9214ec23d0c6,av2,7,spec101.tlsf,experiments/results-aurus-curves/aurus_humanoid-742_seed07/accumulated/spec101.tlsf,1
humanoid-742,ec54615e1c66af0b52de58652180acc3,av3,28,spec238.tlsf,experiments/results-aurus-curves/aurus_humanoid-742_seed28/accumulated/spec238.tlsf,1
humanoid-742,ec5a428e2e93c051c7d0b87c57693f22,av2,8,spec116.tlsf,experiments/results-aurus-curves/aurus_humanoid-742_seed08/accumulated/spec116.tlsf,1
humanoid-742,ec6eb526bd715fae76427160a17ecb15,av3,16,spec112.tlsf,experiments/results-aurus-curves/aurus_humanoid-742_seed16/accumulated/spec112.tlsf,1
humanoid-742,ec8d0ac7983e723ead44ad37ec8a81e3,av3,22,spec368.tlsf,experiments/results-aurus-curves/aurus_humanoid-742_seed22/accumulated/spec368.tlsf,1
humanoid-742,ecb0d077e19e38bb8b62715f781ccb6d,av3,18,spec75.tlsf,experiments/results-aurus-curves/aurus_humanoid-742_seed18/accumulated/spec75.tlsf,1
humanoid-742,edcb0d35e34b147bb58c69de17859385,av3,19,spec100.tlsf,experiments/results-aurus-curves/aurus_humanoid-742_seed19/accumulated/spec100.tlsf,1
humanoid-742,eea0325a8edb9b4a813a80aad53570b8,av3,15,spec65.tlsf,experiments/results-aurus-curves/aurus_humanoid-742_seed15/accumulated/spec65.tlsf,1
humanoid-742,eea67dd321650f881020108048a3995b,av3,27,spec279.tlsf,experiments/results-aurus-curves/aurus_humanoid-742_seed27/accumulated/spec279.tlsf,1
humanoid-742,eea8bf1e7c46794caf90cbb55b196d52,av2,3,spec247.tlsf,experiments/results-aurus-curves/aurus_humanoid-742_seed03/accumulated/spec247.tlsf,1
humanoid-742,eee44f6e2bd6b2fd5eff1f530a9981f9,av2,5,spec71.tlsf,experiments/results-aurus-curves/aurus_humanoid-742_seed05/accumulated/spec71.tlsf,1
humanoid-742,ef812ab987d93889669692b8e6f78c9f,av2,4,spec66.tlsf,experiments/results-aurus-curves/aurus_humanoid-742_seed04/accumulated/spec66.tlsf,1
humanoid-742,ef8b0536e7ca4cf69391345e4949a4de,av3,24,spec40.tlsf,experiments/results-aurus-curves/aurus_humanoid-742_seed24/accumulated/spec40.tlsf,1
humanoid-742,efea749e10401aa27cdf8bb880fe6546,av2,2,spec261.tlsf,experiments/results-aurus-curves/aurus_humanoid-742_seed02/accumulated/spec261.tlsf,1
humanoid-742,effc4974ffa2292ce17dc21d2e56fadc,av2,12,spec240.tlsf,experiments/results-aurus-curves/aurus_humanoid-742_seed12/accumulated/spec240.tlsf,1
humanoid-742,f0249ac307e812824e3ae3b80f82f251,av3,28,spec186.tlsf,experiments/results-aurus-curves/aurus_humanoid-742_seed28/accumulated/spec186.tlsf,1
humanoid-742,f02c2b614793104b3396c7cddd615f10,av2,4,spec161.tlsf,experiments/results-aurus-curves/aurus_humanoid-742_seed04/accumulated/spec161.tlsf,1
humanoid-742,f03e120d8260d7895d999fa02c375169,av3,24,spec58.tlsf,experiments/results-aurus-curves/aurus_humanoid-742_seed24/accumulated/spec58.tlsf,1
humanoid-742,f16db07181f05531ca1033add486441b,av3,25,spec169.tlsf,experiments/results-aurus-curves/aurus_humanoid-742_seed25/accumulated/spec169.tlsf,1
humanoid-742,f19cf5178d4f87f63782b17d071e51a5,av2,3,spec61.tlsf,experiments/results-aurus-curves/aurus_humanoid-742_seed03/accumulated/spec61.tlsf,1
humanoid-742,f1cc1e6624cbdf5c613b8a9c67e3200d,av2,5,spec36.tlsf,experiments/results-aurus-curves/aurus_humanoid-742_seed05/accumulated/spec36.tlsf,1
humanoid-742,f1d9cf03019108edb2292cc0a4f13d5f,av2,4,spec80.tlsf,experiments/results-aurus-curves/aurus_humanoid-742_seed04/accumulated/spec80.tlsf,1
humanoid-742,f1fb00e43e727578471d007631d15c68,av3,17,spec273.tlsf,experiments/results-aurus-curves/aurus_humanoid-742_seed17/accumulated/spec273.tlsf,1
humanoid-742,f41de8ff85b650617e6ee7036059796e,av2,4,spec82.tlsf,experiments/results-aurus-curves/aurus_humanoid-742_seed04/accumulated/spec82.tlsf,1
humanoid-742,f5df691d854b173003bf5fe2b1f25651,av3,19,spec195.tlsf,experiments/results-aurus-curves/aurus_humanoid-742_seed19/accumulated/spec195.tlsf,1
humanoid-742,f5f674e69db7430d22d05cca533a9ab6,av3,21,spec131.tlsf,experiments/results-aurus-curves/aurus_humanoid-742_seed21/accumulated/spec131.tlsf,1
humanoid-742,f6019ac6bcec58fbdc21ea63ea5c040f,av3,28,spec295.tlsf,experiments/results-aurus-curves/aurus_humanoid-742_seed28/accumulated/spec295.tlsf,1
humanoid-742,f668b7898285ebd7c3528cf7a6291a76,av2,1,spec10.tlsf,experiments/results-aurus-curves/aurus_humanoid-742_seed01/accumulated/spec10.tlsf,1
humanoid-742,f67102e26a8255412c631b1a2ce3683d,av2,7,spec13.tlsf,experiments/results-aurus-curves/aurus_humanoid-742_seed07/accumulated/spec13.tlsf,1
humanoid-742,f6ddf7121548cfc8204fd358e3327053,av2,7,spec82.tlsf,experiments/results-aurus-curves/aurus_humanoid-742_seed07/accumulated/spec82.tlsf,1
humanoid-742,f6f73da4d8e87914ff44d1aab048829b,av3,17,spec185.tlsf,experiments/results-aurus-curves/aurus_humanoid-742_seed17/accumulated/spec185.tlsf,1
humanoid-742,f77325b9aa5003ef330a41038e63f114,av2,14,spec117.tlsf,experiments/results-aurus-curves/aurus_humanoid-742_seed14/accumulated/spec117.tlsf,1
humanoid-742,f8218b501bbab8f1f4f7b501e8d225e1,av2,11,spec110.tlsf,experiments/results-aurus-curves/aurus_humanoid-742_seed11/accumulated/spec110.tlsf,1
humanoid-742,f82dc9454d1f40e587a6a2aa5987d3ff,av2,1,spec89.tlsf,experiments/results-aurus-curves/aurus_humanoid-742_seed01/accumulated/spec89.tlsf,1
humanoid-742,f8c0f0ad128b2f5edc4263ad5a922b6c,av2,9,spec73.tlsf,experiments/results-aurus-curves/aurus_humanoid-742_seed09/accumulated/spec73.tlsf,1
humanoid-742,f93018c591edc467330d282a8a14c6b7,av3,19,spec179.tlsf,experiments/results-aurus-curves/aurus_humanoid-742_seed19/accumulated/spec179.tlsf,1
humanoid-742,f9a0a4caf3b4cb3a4bdbb968292fac93,av2,7,spec78.tlsf,experiments/results-aurus-curves/aurus_humanoid-742_seed07/accumulated/spec78.tlsf,1
humanoid-742,f9a63526ec84866e6782b8e224f99d08,av2,8,spec110.tlsf,experiments/results-aurus-curves/aurus_humanoid-742_seed08/accumulated/spec110.tlsf,1
humanoid-742,f9ae642738d00e4a9aee4dd23ff1a444,av3,19,spec55.tlsf,experiments/results-aurus-curves/aurus_humanoid-742_seed19/accumulated/spec55.tlsf,1
humanoid-742,f9b1f73217cba88db87d0e65193dde8d,av3,28,spec99.tlsf,experiments/results-aurus-curves/aurus_humanoid-742_seed28/accumulated/spec99.tlsf,1
humanoid-742,f9b79c28e956c47ec1c2d4a236ac12b3,av2,14,spec91.tlsf,experiments/results-aurus-curves/aurus_humanoid-742_seed14/accumulated/spec91.tlsf,1
humanoid-742,f9fee41cb0473a1bb343ea5e733da0db,av3,26,spec229.tlsf,experiments/results-aurus-curves/aurus_humanoid-742_seed26/accumulated/spec229.tlsf,1
humanoid-742,fa721b430e317741a3dee74ce6f8e537,av2,4,spec128.tlsf,experiments/results-aurus-curves/aurus_humanoid-742_seed04/accumulated/spec128.tlsf,1
humanoid-742,fb07457db2289969b6bf0896fa5ed19c,av3,26,spec129.tlsf,experiments/results-aurus-curves/aurus_humanoid-742_seed26/accumulated/spec129.tlsf,1
humanoid-742,fb90a6fc5a419bcb44340d08993ffbd5,av2,2,spec104.tlsf,experiments/results-aurus-curves/aurus_humanoid-742_seed02/accumulated/spec104.tlsf,1
humanoid-742,fbd31fa0cf1f716f1f0b8e39288a7305,av2,11,spec37.tlsf,experiments/results-aurus-curves/aurus_humanoid-742_seed11/accumulated/spec37.tlsf,1
humanoid-742,fbd41565b24fe6dab5810d1caf6b633d,av3,24,spec19.tlsf,experiments/results-aurus-curves/aurus_humanoid-742_seed24/accumulated/spec19.tlsf,1
humanoid-742,fbf4935ac81900077f83a6239cd508db,av2,13,spec151.tlsf,experiments/results-aurus-curves/aurus_humanoid-742_seed13/accumulated/spec151.tlsf,1
humanoid-742,fc352ab5ba05d5fdcf08335612117175,av3,26,spec166.tlsf,experiments/results-aurus-curves/aurus_humanoid-742_seed26/accumulated/spec166.tlsf,1
humanoid-742,fd06534d106e5f9d24a8b72bf412ffe8,av3,21,spec68.tlsf,experiments/results-aurus-curves/aurus_humanoid-742_seed21/accumulated/spec68.tlsf,1
humanoid-742,fd126935e7a455bcdb282cde12ad0536,av3,22,spec96.tlsf,experiments/results-aurus-curves/aurus_humanoid-742_seed22/accumulated/spec96.tlsf,1
humanoid-742,fd734778431fcbf00382af7b5ff7d6d4,av3,18,spec143.tlsf,experiments/results-aurus-curves/aurus_humanoid-742_seed18/accumulated/spec143.tlsf,1
humanoid-742,fdb55480c4fec6c58fada54cb4544e0d,av2,4,spec251.tlsf,experiments/results-aurus-curves/aurus_humanoid-742_seed04/accumulated/spec251.tlsf,1
humanoid-742,fe83104d01459310e899e28677cb5727,av2,9,spec115.tlsf,experiments/results-aurus-curves/aurus_humanoid-742_seed09/accumulated/spec115.tlsf,1
humanoid-742,fe94a99e1546f7b7881ed39642b68886,av3,17,spec138.tlsf,experiments/results-aurus-curves/aurus_humanoid-742_seed17/accumulated/spec138.tlsf,1
humanoid-742,fe9e8a108b3c561da02bcd80ebb1e206,av2,6,spec44.tlsf,experiments/results-aurus-curves/aurus_humanoid-742_seed06/accumulated/spec44.tlsf,1
humanoid-742,ff2492581196775fa3b25591b643e6e3,av3,20,spec226.tlsf,experiments/results-aurus-curves/aurus_humanoid-742_seed20/accumulated/spec226.tlsf,1
humanoid-742,ff70cab3dea9f99ca6dc65e625e7d2b5,av3,18,spec195.tlsf,experiments/results-aurus-curves/aurus_humanoid-742_seed18/accumulated/spec195.tlsf,1
humanoid-742,fff095e268a4093e8093d34211812c1f,av2,5,spec109.tlsf,experiments/results-aurus-curves/aurus_humanoid-742_seed05/accumulated/spec109.tlsf,1
lift,03b7afa8cb9b93d32b2f649034e56201,av2,13,spec28.tlsf,experiments/results-aurus-curves/aurus_lift_seed13/accumulated/spec28.tlsf,1
lift,07f33c8926800238daaf3b771f0feef4,av2,2,spec34.tlsf,experiments/results-aurus-curves/aurus_lift_seed02/accumulated/spec34.tlsf,1
lift,0bd4a2d829960d51e3e14e1d00f3a76b,av2,11,spec162.tlsf,experiments/results-aurus-curves/aurus_lift_seed11/accumulated/spec162.tlsf,1
lift,0e40333ebe51a9ffa88ea28db7110c2d,av3,28,spec205.tlsf,experiments/results-aurus-curves/aurus_lift_seed28/accumulated/spec205.tlsf,1
lift,0f1bcbc300111bd43bd5aef59a53ddcf,av2,13,spec103.tlsf,experiments/results-aurus-curves/aurus_lift_seed13/accumulated/spec103.tlsf,1
lift,0f2a1abe7e762448447146c67c2ce7e4,av2,3,spec218.tlsf,experiments/results-aurus-curves/aurus_lift_seed03/accumulated/spec218.tlsf,1
lift,17719d53aebf9653b670d8c50225f0c2,av3,15,spec240.tlsf,experiments/results-aurus-curves/aurus_lift_seed15/accumulated/spec240.tlsf,3
lift,1a610282a007d91e19fb66932ce45825,av3,24,spec248.tlsf,experiments/results-aurus-curves/aurus_lift_seed24/accumulated/spec248.tlsf,2
lift,1f2bf385ba28552e042a871e562f76be,av2,11,spec140.tlsf,experiments/results-aurus-curves/aurus_lift_seed11/accumulated/spec140.tlsf,1
lift,20f9ceb944decb21fb18332824351d4d,av2,7,spec67.tlsf,experiments/results-aurus-curves/aurus_lift_seed07/accumulated/spec67.tlsf,1
lift,2c0a42b2497f7ea5ff840c4989f2a451,av3,17,spec42.tlsf,experiments/results-aurus-curves/aurus_lift_seed17/accumulated/spec42.tlsf,1
lift,2fe971b6d914f875e50dbeef2ef5ebe8,av2,13,spec40.tlsf,experiments/results-aurus-curves/aurus_lift_seed13/accumulated/spec40.tlsf,2
lift,33eb6d89780adcafa728b6f49e01f28f,av3,16,spec191.tlsf,experiments/results-aurus-curves/aurus_lift_seed16/accumulated/spec191.tlsf,1
lift,36251872906676dfdf57094ce4f0a134,av2,11,spec136.tlsf,experiments/results-aurus-curves/aurus_lift_seed11/accumulated/spec136.tlsf,1
lift,370390315e122e4429c0eaac444040f8,av2,10,spec255.tlsf,experiments/results-aurus-curves/aurus_lift_seed10/accumulated/spec255.tlsf,1
lift,39d20c8c377e620576c5ec2d467842ea,av3,27,spec118.tlsf,experiments/results-aurus-curves/aurus_lift_seed27/accumulated/spec118.tlsf,1
lift,45764e396cbeeaac2387f2043eca63ea,av2,9,spec106.tlsf,experiments/results-aurus-curves/aurus_lift_seed09/accumulated/spec106.tlsf,1
lift,540793f72e28e84d4e2f8e5dcae68b02,av3,26,spec101.tlsf,experiments/results-aurus-curves/aurus_lift_seed26/accumulated/spec101.tlsf,1
lift,648b1f05224e489464fdeb2089e9648f,av2,10,spec232.tlsf,experiments/results-aurus-curves/aurus_lift_seed10/accumulated/spec232.tlsf,1
lift,649315be1ce666f0de395eeb4b866a5e,av2,0,spec144.tlsf,experiments/results-aurus-curves/aurus_lift_seed00/accumulated/spec144.tlsf,1
lift,66306773e5181e8f19f37b0e06113bfc,av2,3,spec107.tlsf,experiments/results-aurus-curves/aurus_lift_seed03/accumulated/spec107.tlsf,1
lift,670db03dc935b00cf2175068987b2211,av3,16,spec138.tlsf,experiments/results-aurus-curves/aurus_lift_seed16/accumulated/spec138.tlsf,2
lift,6afffcd7b5f1d1ad6e702f4d930d74e7,av3,15,spec147.tlsf,experiments/results-aurus-curves/aurus_lift_seed15/accumulated/spec147.tlsf,1
lift,6c2849c146f299712106894b9924a7bc,av3,22,spec141.tlsf,experiments/results-aurus-curves/aurus_lift_seed22/accumulated/spec141.tlsf,1
lift,6d19190d425125d4d9397af674f4fd5e,av3,16,spec147.tlsf,experiments/results-aurus-curves/aurus_lift_seed16/accumulated/spec147.tlsf,1
lift,6e316aac9d03adf5e8df895679e5cce1,av2,3,spec141.tlsf,experiments/results-aurus-curves/aurus_lift_seed03/accumulated/spec141.tlsf,1
lift,7014d480bf022daed40ad26e76f58b97,av2,0,spec34.tlsf,experiments/results-aurus-curves/aurus_lift_seed00/accumulated/spec34.tlsf,1
lift,75ba4d5e434a84ffe78d41e07d9e71a8,av3,29,spec112.tlsf,experiments/results-aurus-curves/aurus_lift_seed29/accumulated/spec112.tlsf,1
lift,78d6410a257f30cc6171fe663ccc9a9e,av3,29,spec80.tlsf,experiments/results-aurus-curves/aurus_lift_seed29/accumulated/spec80.tlsf,1
lift,7a21a7bf00b3822845a10f9fe219da30,av3,18,spec129.tlsf,experiments/results-aurus-curves/aurus_lift_seed18/accumulated/spec129.tlsf,1
lift,7c23ac682f5b7064ce0702f3220650a4,av3,27,spec109.tlsf,experiments/results-aurus-curves/aurus_lift_seed27/accumulated/spec109.tlsf,2
lift,83de09e2be86839850ac271433888942,av3,16,spec252.tlsf,experiments/results-aurus-curves/aurus_lift_seed16/accumulated/spec252.tlsf,1
lift,840d9aa5d6bd42852cc23aedb8443016,av3,19,spec291.tlsf,experiments/results-aurus-curves/aurus_lift_seed19/accumulated/spec291.tlsf,1
lift,86bc0c2d2bdf5ea8384cd86af604b99b,av3,25,spec92.tlsf,experiments/results-aurus-curves/aurus_lift_seed25/accumulated/spec92.tlsf,1
lift,8a1aef89db2608b5ceac7560b17eb23e,av2,3,spec129.tlsf,experiments/results-aurus-curves/aurus_lift_seed03/accumulated/spec129.tlsf,1
lift,8bfe4afb071a425026853fb52ff35345,av3,29,spec139.tlsf,experiments/results-aurus-curves/aurus_lift_seed29/accumulated/spec139.tlsf,1
lift,90708402f6e2c8e0b2af60a976db059d,av2,9,spec148.tlsf,experiments/results-aurus-curves/aurus_lift_seed09/accumulated/spec148.tlsf,1
lift,907443f67af958489437115234a39258,av2,2,spec141.tlsf,experiments/results-aurus-curves/aurus_lift_seed02/accumulated/spec141.tlsf,1
lift,921aa81b105bac2186f54a0069e240bd,av3,16,spec47.tlsf,experiments/results-aurus-curves/aurus_lift_seed16/accumulated/spec47.tlsf,2
lift,996cd8432466dc3a917acd1ef714c93a,av2,14,spec198.tlsf,experiments/results-aurus-curves/aurus_lift_seed14/accumulated/spec198.tlsf,1
lift,9d0a94ef78b98aee23054386b871ced0,av2,7,spec147.tlsf,experiments/results-aurus-curves/aurus_lift_seed07/accumulated/spec147.tlsf,1
lift,9d1a35c2cd5ffe20816702b667ccd9e3,av2,4,spec85.tlsf,experiments/results-aurus-curves/aurus_lift_seed04/accumulated/spec85.tlsf,1
lift,9df5a589995a941edf2463562c7d17ca,av2,5,spec173.tlsf,experiments/results-aurus-curves/aurus_lift_seed05/accumulated/spec173.tlsf,1
lift,a150133f2e0f2886f2d95b905151e9d4,av2,12,spec116.tlsf,experiments/results-aurus-curves/aurus_lift_seed12/accumulated/spec116.tlsf,3
lift,a683e69fb43a04ba36a676b425a3544b,av3,15,spec170.tlsf,experiments/results-aurus-curves/aurus_lift_seed15/accumulated/spec170.tlsf,1
lift,b02cbca406d99184c7579f9bbd0b12cd,av3,26,spec141.tlsf,experiments/results-aurus-curves/aurus_lift_seed26/accumulated/spec141.tlsf,1
lift,ba30ff0a4c8a6bb3f5f1ef49286c7f2e,av3,26,spec195.tlsf,experiments/results-aurus-curves/aurus_lift_seed26/accumulated/spec195.tlsf,1
lift,c5185b86464573f5f4e4ee590a089464,av2,10,spec248.tlsf,experiments/results-aurus-curves/aurus_lift_seed10/accumulated/spec248.tlsf,1
lift,c88901ce9944d88007a201b1e377b20b,av2,4,spec105.tlsf,experiments/results-aurus-curves/aurus_lift_seed04/accumulated/spec105.tlsf,1
lift,d193d2760435bc55227f4d839f7af397,av3,21,spec192.tlsf,experiments/results-aurus-curves/aurus_lift_seed21/accumulated/spec192.tlsf,2
lift,f04bb5cf8f779033931c07c96a958540,av2,5,spec42.tlsf,experiments/results-aurus-curves/aurus_lift_seed05/accumulated/spec42.tlsf,1
lift,f90977912a8e944526e672febc4322be,av2,14,spec214.tlsf,experiments/results-aurus-curves/aurus_lift_seed14/accumulated/spec214.tlsf,1
lily02,0142191fbc4f812696682a5f92192c14,av3,22,spec279.tlsf,experiments/results-aurus-curves/aurus_lily02_seed22/accumulated/spec279.tlsf,1
lily02,0368d252937eec854bc38dc144b044ce,av2,12,spec353.tlsf,experiments/results-aurus-curves/aurus_lily02_seed12/accumulated/spec353.tlsf,1
lily02,03d1eb00fef68a3a34380ef6199d0e36,av3,24,spec244.tlsf,experiments/results-aurus-curves/aurus_lily02_seed24/accumulated/spec244.tlsf,1
lily02,04dadc755c48eeca255fb92ace779009,av3,16,spec175.tlsf,experiments/results-aurus-curves/aurus_lily02_seed16/accumulated/spec175.tlsf,1
lily02,0541fbd033a39b887cc8339b7a1f506e,av2,12,spec13.tlsf,experiments/results-aurus-curves/aurus_lily02_seed12/accumulated/spec13.tlsf,1
lily02,054a6e680ce4f3a8c02999f4aa98b151,av3,29,spec23.tlsf,experiments/results-aurus-curves/aurus_lily02_seed29/accumulated/spec23.tlsf,1
lily02,089748b1a13fa4fa72f99e4a241bcfe8,av3,23,spec15.tlsf,experiments/results-aurus-curves/aurus_lily02_seed23/accumulated/spec15.tlsf,1
lily02,09011c1717daf9dd2a98438fe1593e9c,av2,1,spec151.tlsf,experiments/results-aurus-curves/aurus_lily02_seed01/accumulated/spec151.tlsf,1
lily02,098498b988f0e5ac387fe7360fa296d2,av2,10,spec379.tlsf,experiments/results-aurus-curves/aurus_lily02_seed10/accumulated/spec379.tlsf,1
lily02,0c3288a6d73ec252c4676ca3fa0213cc,av2,2,spec273.tlsf,experiments/results-aurus-curves/aurus_lily02_seed02/accumulated/spec273.tlsf,3
lily02,0fdb91b9e228d6b7033de2b2a71e94a6,av3,29,spec183.tlsf,experiments/results-aurus-curves/aurus_lily02_seed29/accumulated/spec183.tlsf,1
lily02,12839a83b626fac87abbe9f7ac50e4c9,av3,15,spec192.tlsf,experiments/results-aurus-curves/aurus_lily02_seed15/accumulated/spec192.tlsf,1
lily02,1459bf8d39d3cac37bb97e641aa01b35,av2,14,spec152.tlsf,experiments/results-aurus-curves/aurus_lily02_seed14/accumulated/spec152.tlsf,1
lily02,148cff1b033f5614f9d138ef954bd5f0,av3,22,spec187.tlsf,experiments/results-aurus-curves/aurus_lily02_seed22/accumulated/spec187.tlsf,1
lily02,1803158fb7411fd572fc33f93035ee37,av2,3,spec199.tlsf,experiments/results-aurus-curves/aurus_lily02_seed03/accumulated/spec199.tlsf,1
lily02,19138491194a86de0279bed51140cbca,av2,11,spec50.tlsf,experiments/results-aurus-curves/aurus_lily02_seed11/accumulated/spec50.tlsf,1
lily02,1a6a4f58d5e12685c0b6aac77b58f393,av3,15,spec80.tlsf,experiments/results-aurus-curves/aurus_lily02_seed15/accumulated/spec80.tlsf,1
lily02,1c0a0421344a110bdc398d981c9ee98f,av3,19,spec82.tlsf,experiments/results-aurus-curves/aurus_lily02_seed19/accumulated/spec82.tlsf,1
lily02,1d17d4e8fafee2f494bb23d555bedc45,av3,27,spec274.tlsf,experiments/results-aurus-curves/aurus_lily02_seed27/accumulated/spec274.tlsf,1
lily02,227e0b2029b111e03559b03c5572d3ea,av3,29,spec225.tlsf,experiments/results-aurus-curves/aurus_lily02_seed29/accumulated/spec225.tlsf,1
lily02,231e81e0c34774d600ee328d39376825,av2,14,spec158.tlsf,experiments/results-aurus-curves/aurus_lily02_seed14/accumulated/spec158.tlsf,1
lily02,24f06c7618b78356d56db203051a1435,av3,25,spec339.tlsf,experiments/results-aurus-curves/aurus_lily02_seed25/accumulated/spec339.tlsf,1
lily02,2563f9b5caec91dd0d7bfa53ec923ab9,av3,19,spec148.tlsf,experiments/results-aurus-curves/aurus_lily02_seed19/accumulated/spec148.tlsf,1
lily02,2581d60b72f48de6b1f4c7cff4d5b936,av2,13,spec225.tlsf,experiments/results-aurus-curves/aurus_lily02_seed13/accumulated/spec225.tlsf,1
lily02,258a58ab91e780edd5eef64e9ed9d6e0,av3,29,spec298.tlsf,experiments/results-aurus-curves/aurus_lily02_seed29/accumulated/spec298.tlsf,1
lily02,2715c590e62cd692eda1ac093d6af8f2,av3,22,spec125.tlsf,experiments/results-aurus-curves/aurus_lily02_seed22/accumulated/spec125.tlsf,1
lily02,2795ca4ea7dce26937ce64c0d50a38ce,av3,20,spec257.tlsf,experiments/results-aurus-curves/aurus_lily02_seed20/accumulated/spec257.tlsf,1
lily02,2888440442bb56bc17de5bfdcb49efa6,av3,19,spec276.tlsf,experiments/results-aurus-curves/aurus_lily02_seed19/accumulated/spec276.tlsf,1
lily02,29aa5ca43cc398d907b0239a981b754f,av3,20,spec162.tlsf,experiments/results-aurus-curves/aurus_lily02_seed20/accumulated/spec162.tlsf,1
lily02,2d1414756781dd7504f98cbffd099455,av2,8,spec76.tlsf,experiments/results-aurus-curves/aurus_lily02_seed08/accumulated/spec76.tlsf,1
lily02,2ef9054a3c91363aa0d8d4ba0bc2ab21,av2,12,spec253.tlsf,experiments/results-aurus-curves/aurus_lily02_seed12/accumulated/spec253.tlsf,1
lily02,2f95bfda19ebcdf17ed6335662ee5c84,av3,23,spec195.tlsf,experiments/results-aurus-curves/aurus_lily02_seed23/accumulated/spec195.tlsf,1
lily02,30083aad40d38b97b1e227ad8120a1b6,av2,10,spec354.tlsf,experiments/results-aurus-curves/aurus_lily02_seed10/accumulated/spec354.tlsf,1
lily02,309b2924ff18b8661c5b650a06717743,av2,13,spec134.tlsf,experiments/results-aurus-curves/aurus_lily02_seed13/accumulated/spec134.tlsf,1
lily02,318909765dac2ca7badf5fd4b1923cdd,av2,7,spec103.tlsf,experiments/results-aurus-curves/aurus_lily02_seed07/accumulated/spec103.tlsf,1
lily02,34795e1bc188b9d33e5753d8c24f47af,av3,19,spec95.tlsf,experiments/results-aurus-curves/aurus_lily02_seed19/accumulated/spec95.tlsf,1
lily02,36db82fe50e746087815a4678354a22f,av2,11,spec112.tlsf,experiments/results-aurus-curves/aurus_lily02_seed11/accumulated/spec112.tlsf,1
lily02,3a9ed202b1183175ad6fc73a3913817d,av2,8,spec384.tlsf,experiments/results-aurus-curves/aurus_lily02_seed08/accumulated/spec384.tlsf,1
lily02,3b88deed56ef49a38c62157cb1f43ffe,av2,6,spec62.tlsf,experiments/results-aurus-curves/aurus_lily02_seed06/accumulated/spec62.tlsf,1
lily02,3daeb26fe85f2fbbd4ef7d2186f3fc15,av3,21,spec216.tlsf,experiments/results-aurus-curves/aurus_lily02_seed21/accumulated/spec216.tlsf,1
lily02,3e711d8430321e59328ec53c48a4717f,av3,27,spec299.tlsf,experiments/results-aurus-curves/aurus_lily02_seed27/accumulated/spec299.tlsf,1
lily02,3f52282fc08f92193b1c05220a6d3a19,av2,1,spec116.tlsf,experiments/results-aurus-curves/aurus_lily02_seed01/accumulated/spec116.tlsf,1
lily02,3f5f2015dba77e9645606859c062156f,av2,7,spec51.tlsf,experiments/results-aurus-curves/aurus_lily02_seed07/accumulated/spec51.tlsf,1
lily02,40c1fb129cf4bfa3fd7d59b18ab6efb3,av3,15,spec193.tlsf,experiments/results-aurus-curves/aurus_lily02_seed15/accumulated/spec193.tlsf,1
lily02,45c8cd65204baa0eae668b9b05c2a51c,av2,8,spec84.tlsf,experiments/results-aurus-curves/aurus_lily02_seed08/accumulated/spec84.tlsf,1
lily02,4754bf9c28c620104e1c3b805536cda5,av3,23,spec188.tlsf,experiments/results-aurus-curves/aurus_lily02_seed23/accumulated/spec188.tlsf,1
lily02,4d5d3b3ca829111b27019b76b6f8e8c6,av3,21,spec289.tlsf,experiments/results-aurus-curves/aurus_lily02_seed21/accumulated/spec289.tlsf,1
lily02,53355bcd7a710d0da0e21904cf1d96d1,av3,22,spec221.tlsf,experiments/results-aurus-curves/aurus_lily02_seed22/accumulated/spec221.tlsf,1
lily02,53eea0ac372dff1c79b51d23ad0f213a,av2,11,spec103.tlsf,experiments/results-aurus-curves/aurus_lily02_seed11/accumulated/spec103.tlsf,1
lily02,54bf3cb111871a6716df19060c70f8e3,av2,8,spec168.tlsf,experiments/results-aurus-curves/aurus_lily02_seed08/accumulated/spec168.tlsf,1
lily02,57a4e7bc43a46693dcb1b48cedbf9eda,av3,19,spec162.tlsf,experiments/results-aurus-curves/aurus_lily02_seed19/accumulated/spec162.tlsf,1
lily02,588061d1f152d5a876337a12d6e5b752,av3,23,spec106.tlsf,experiments/results-aurus-curves/aurus_lily02_seed23/accumulated/spec106.tlsf,1
lily02,5c81742391cea12dc78dd3c64a450519,av2,14,spec128.tlsf,experiments/results-aurus-curves/aurus_lily02_seed14/accumulated/spec128.tlsf,1
lily02,5f17078697bb7401f271f3b94a8d7e91,av3,15,spec111.tlsf,experiments/results-aurus-curves/aurus_lily02_seed15/accumulated/spec111.tlsf,1
lily02,6027eaeaf62aad62a8ca7605d03ba2e3,av2,14,spec306.tlsf,experiments/results-aurus-curves/aurus_lily02_seed14/accumulated/spec306.tlsf,1
lily02,63681789d76e90430b3eb65258abcd06,av2,13,spec258.tlsf,experiments/results-aurus-curves/aurus_lily02_seed13/accumulated/spec258.tlsf,1
lily02,681e3a69c11b5b0645d450a18ffb81cb,av3,21,spec23.tlsf,experiments/results-aurus-curves/aurus_lily02_seed21/accumulated/spec23.tlsf,1
lily02,6842e7028f313af1e5b5ded9c134146e,av3,15,spec7.tlsf,experiments/results-aurus-curves/aurus_lily02_seed15/accumulated/spec7.tlsf,1
lily02,68ddc37ddfbeed257a26ef0066ee0ef9,av2,11,spec76.tlsf,experiments/results-aurus-curves/aurus_lily02_seed11/accumulated/spec76.tlsf,1
lily02,6c2c4b4e31932092efce3cb2bf521d03,av2,8,spec12.tlsf,experiments/results-aurus-curves/aurus_lily02_seed08/accumulated/spec12.tlsf,1
lily02,6cb260ba8b865b8612d4a7c18fc553eb,av2,11,spec234.tlsf,experiments/results-aurus-curves/aurus_lily02_seed11/accumulated/spec234.tlsf,1
lily02,6fcd44c466360b49b553b332b33f4b83,av2,11,spec241.tlsf,experiments/results-aurus-curves/aurus_lily02_seed11/accumulated/spec241.tlsf,1
lily02,70c0c61b3b6305411e11b9d8ec6e7cbd,av3,29,spec170.tlsf,experiments/results-aurus-curves/aurus_lily02_seed29/accumulated/spec170.tlsf,1
lily02,70c6cadc90b07c983322de3b063cbdf6,av2,14,spec62.tlsf,experiments/results-aurus-curves/aurus_lily02_seed14/accumulated/spec62.tlsf,1
lily02,753e979aeff3007672f8fc9acf9f6971,av3,22,spec128.tlsf,experiments/results-aurus-curves/aurus_lily02_seed22/accumulated/spec128.tlsf,1
lily02,76e63993c324c49a64af4f7218ef5c01,av2,14,spec218.tlsf,experiments/results-aurus-curves/aurus_lily02_seed14/accumulated/spec218.tlsf,1
lily02,78bb07677c8d159e2bd0537ef878d401,av3,29,spec284.tlsf,experiments/results-aurus-curves/aurus_lily02_seed29/accumulated/spec284.tlsf,1
lily02,7920c2c2ba9d2be6550f2dfdeef72a1d,av2,13,spec312.tlsf,experiments/results-aurus-curves/aurus_lily02_seed13/accumulated/spec312.tlsf,1
lily02,79b02c41ca17517995804ff4f14768f6,av2,1,spec268.tlsf,experiments/results-aurus-curves/aurus_lily02_seed01/accumulated/spec268.tlsf,1
lily02,7a28594220a78dfdd983cba1303a956d,av2,13,spec350.tlsf,experiments/results-aurus-curves/aurus_lily02_seed13/accumulated/spec350.tlsf,1
lily02,7c52762c2acf6b4fcc8724e7f7389cff,av3,29,spec17.tlsf,experiments/results-aurus-curves/aurus_lily02_seed29/accumulated/spec17.tlsf,1
lily02,7cb3cec2c07118bb1d2fcedeb6c82e96,av2,7,spec303.tlsf,experiments/results-aurus-curves/aurus_lily02_seed07/accumulated/spec303.tlsf,1
lily02,81849993d6a9c900b332b797b55fd6f0,av2,2,spec294.tlsf,experiments/results-aurus-curves/aurus_lily02_seed02/accumulated/spec294.tlsf,1
lily02,8218a335b2a0ab6ab6144135a965dff5,av2,12,spec131.tlsf,experiments/results-aurus-curves/aurus_lily02_seed12/accumulated/spec131.tlsf,1
lily02,826652968bd0bf77a9d6a0fe88bf9ee8,av2,7,spec301.tlsf,experiments/results-aurus-curves/aurus_lily02_seed07/accumulated/spec301.tlsf,1
lily02,8441fc022b14f866478282c57ce76eaa,av2,13,spec229.tlsf,experiments/results-aurus-curves/aurus_lily02_seed13/accumulated/spec229.tlsf,1
lily02,84de8786de8efb26d7054b41e37747c0,av2,10,spec97.tlsf,experiments/results-aurus-curves/aurus_lily02_seed10/accumulated/spec97.tlsf,1
lily02,88ef8abd7455314971deee2f047b5931,av3,28,spec210.tlsf,experiments/results-aurus-curves/aurus_lily02_seed28/accumulated/spec210.tlsf,1
lily02,8e8781cc291220bb6b6d7905678239dd,av3,20,spec364.tlsf,experiments/results-aurus-curves/aurus_lily02_seed20/accumulated/spec364.tlsf,1
lily02,90316ddff1940905b7f28d57b6ca75b3,av2,1,spec118.tlsf,experiments/results-aurus-curves/aurus_lily02_seed01/accumulated/spec118.tlsf,1
lily02,90c1db3502d899280b8141b67ce91887,av2,8,spec82.tlsf,experiments/results-aurus-curves/aurus_lily02_seed08/accumulated/spec82.tlsf,1
lily02,925aca9ab552f3d13e9df113d3945c63,av2,14,spec173.tlsf,experiments/results-aurus-curves/aurus_lily02_seed14/accumulated/spec173.tlsf,1
lily02,92a891efa032b187a3829281b3913c53,av3,29,spec135.tlsf,experiments/results-aurus-curves/aurus_lily02_seed29/accumulated/spec135.tlsf,1
lily02,9c56820856ac9274663f6c63b8c78c2f,av3,20,spec328.tlsf,experiments/results-aurus-curves/aurus_lily02_seed20/accumulated/spec328.tlsf,1
lily02,9d2ebc05b85aaf130dc1d822ce788fb8,av3,20,spec200.tlsf,experiments/results-aurus-curves/aurus_lily02_seed20/accumulated/spec200.tlsf,1
lily02,a1a772acf6435c55ba60c66a7b4e9482,av2,2,spec73.tlsf,experiments/results-aurus-curves/aurus_lily02_seed02/accumulated/spec73.tlsf,1
lily02,a2697dcf518b3051300fbd1d7a9dac50,av2,14,spec358.tlsf,experiments/results-aurus-curves/aurus_lily02_seed14/accumulated/spec358.tlsf,1
lily02,a41c789559cc04e7b15ecf1f037256f7,av3,21,spec178.tlsf,experiments/results-aurus-curves/aurus_lily02_seed21/accumulated/spec178.tlsf,1
lily02,a476f6c6a140f29de81339bce2c37bed,av3,27,spec267.tlsf,experiments/results-aurus-curves/aurus_lily02_seed27/accumulated/spec267.tlsf,1
lily02,a616816a728a9c37e74edcad9d4956a2,av3,22,spec203.tlsf,experiments/results-aurus-curves/aurus_lily02_seed22/accumulated/spec203.tlsf,1
lily02,a66457dc68a10a51daccc259ac846616,av2,0,spec179.tlsf,experiments/results-aurus-curves/aurus_lily02_seed00/accumulated/spec179.tlsf,1
lily02,a807349ee060ee54bb5350ab2cdb239a,av2,9,spec145.tlsf,experiments/results-aurus-curves/aurus_lily02_seed09/accumulated/spec145.tlsf,1
lily02,aa6cbe5d96542b214192e59c4d681847,av3,27,spec134.tlsf,experiments/results-aurus-curves/aurus_lily02_seed27/accumulated/spec134.tlsf,1
lily02,ad0bcc63a0f01901b975714057a0301f,av3,27,spec94.tlsf,experiments/results-aurus-curves/aurus_lily02_seed27/accumulated/spec94.tlsf,1
lily02,ad7c6b6133d116ce6601b225035af6d7,av3,19,spec52.tlsf,experiments/results-aurus-curves/aurus_lily02_seed19/accumulated/spec52.tlsf,1
lily02,ae5c06b4c4958fdc24bcf1e92e7448c8,av2,2,spec148.tlsf,experiments/results-aurus-curves/aurus_lily02_seed02/accumulated/spec148.tlsf,1
lily02,af7366009cc965437df5c2959bbd1187,av3,24,spec23.tlsf,experiments/results-aurus-curves/aurus_lily02_seed24/accumulated/spec23.tlsf,1
lily02,b2a2c5cfa30c072c7f8b3ae1b253fdcb,av2,2,spec24.tlsf,experiments/results-aurus-curves/aurus_lily02_seed02/accumulated/spec24.tlsf,1
lily02,b378549095c85411e91c01d27a6fada4,av3,29,spec139.tlsf,experiments/results-aurus-curves/aurus_lily02_seed29/accumulated/spec139.tlsf,1
lily02,b5c7d08a1d56f7d0aea4e9aa2c99f8af,av3,26,spec274.tlsf,experiments/results-aurus-curves/aurus_lily02_seed26/accumulated/spec274.tlsf,1
lily02,b81ba117f7a979efee94b321bf198a40,av2,8,spec120.tlsf,experiments/results-aurus-curves/aurus_lily02_seed08/accumulated/spec120.tlsf,1
lily02,b88ed1fe7a5a737e8386f384afdd7e9f,av2,2,spec22.tlsf,experiments/results-aurus-curves/aurus_lily02_seed02/accumulated/spec22.tlsf,1
lily02,bc63073f4fbf7447f6ca90b549ea2599,av2,9,spec22.tlsf,experiments/results-aurus-curves/aurus_lily02_seed09/accumulated/spec22.tlsf,1
lily02,bd853d43cde01e92c82cd1d4e9f101f9,av2,3,spec48.tlsf,experiments/results-aurus-curves/aurus_lily02_seed03/accumulated/spec48.tlsf,1
lily02,be2a9ead7898a476ccb8810a1ac7e668,av2,8,spec38.tlsf,experiments/results-aurus-curves/aurus_lily02_seed08/accumulated/spec38.tlsf,1
lily02,c44b33c8b0ab2dfde9860f290f17d835,av2,4,spec240.tlsf,experiments/results-aurus-curves/aurus_lily02_seed04/accumulated/spec240.tlsf,1
lily02,c838be48a1dee63f7634d17ed4aa3e01,av3,15,spec236.tlsf,experiments/results-aurus-curves/aurus_lily02_seed15/accumulated/spec236.tlsf,1
lily02,c8dc7082736a87699a08024388d3a8c4,av3,24,spec331.tlsf,experiments/results-aurus-curves/aurus_lily02_seed24/accumulated/spec331.tlsf,1
lily02,cab01b35a7fcccd23e2daab74b45afa6,av2,13,spec99.tlsf,experiments/results-aurus-curves/aurus_lily02_seed13/accumulated/spec99.tlsf,1
lily02,cd04fdd00480a144bcf8fc3cdcd5fc57,av3,19,spec225.tlsf,experiments/results-aurus-curves/aurus_lily02_seed19/accumulated/spec225.tlsf,1
lily02,d078645d299edfce2896c6895beb8f7a,av2,1,spec181.tlsf,experiments/results-aurus-curves/aurus_lily02_seed01/accumulated/spec181.tlsf,1
lily02,d09418d72b3b5f52360c7e38cfd0b5f4,av2,13,spec218.tlsf,experiments/results-aurus-curves/aurus_lily02_seed13/accumulated/spec218.tlsf,1
lily02,d338d2036be2319e3a7182b28013c4e8,av2,8,spec151.tlsf,experiments/results-aurus-curves/aurus_lily02_seed08/accumulated/spec151.tlsf,1
lily02,d60d16b83b401014d8cbf13d276bdc54,av3,15,spec232.tlsf,experiments/results-aurus-curves/aurus_lily02_seed15/accumulated/spec232.tlsf,1
lily02,d7150f1fe7295cd74bbdd92d35c0990c,av3,16,spec14.tlsf,experiments/results-aurus-curves/aurus_lily02_seed16/accumulated/spec14.tlsf,1
lily02,d80f820414bcec37e3dd1807de8463fe,av2,2,spec198.tlsf,experiments/results-aurus-curves/aurus_lily02_seed02/accumulated/spec198.tlsf,1
lily02,d9367cf8008bb0b26131531746e89ba7,av2,2,spec212.tlsf,experiments/results-aurus-curves/aurus_lily02_seed02/accumulated/spec212.tlsf,1
lily02,db7b4948ed5e7182fd0dbc5667aa3a44,av2,12,spec343.tlsf,experiments/results-aurus-curves/aurus_lily02_seed12/accumulated/spec343.tlsf,1
lily02,dfdc290c56f7d0e2de1ad395fb43b685,av3,19,spec283.tlsf,experiments/results-aurus-curves/aurus_lily02_seed19/accumulated/spec283.tlsf,1
lily02,e4a6064aa9e393e1224ebab1830c609d,av2,13,spec151.tlsf,experiments/results-aurus-curves/aurus_lily02_seed13/accumulated/spec151.tlsf,1
lily02,e5741c78d6e303b1b713001c493b6f91,av2,13,spec227.tlsf,experiments/results-aurus-curves/aurus_lily02_seed13/accumulated/spec227.tlsf,1
lily02,e8094565aa025b23424fde9b62f74271,av2,10,spec211.tlsf,experiments/results-aurus-curves/aurus_lily02_seed10/accumulated/spec211.tlsf,1
lily02,e94b1672e68aedc3d3e2c261536c9f4d,av3,16,spec111.tlsf,experiments/results-aurus-curves/aurus_lily02_seed16/accumulated/spec111.tlsf,1
lily02,e9ddab1ca910e404b17476ca1eb09ff5,av2,7,spec180.tlsf,experiments/results-aurus-curves/aurus_lily02_seed07/accumulated/spec180.tlsf,1
lily02,ea2bc5e75ce72a6d770c4395c184a29d,av3,15,spec14.tlsf,experiments/results-aurus-curves/aurus_lily02_seed15/accumulated/spec14.tlsf,1
lily02,ea97d722ce5e735c3d2565b017c4bb7e,av2,2,spec156.tlsf,experiments/results-aurus-curves/aurus_lily02_seed02/accumulated/spec156.tlsf,1
lily02,eb52a724ddb249efcd87c0b5d214576f,av3,27,spec238.tlsf,experiments/results-aurus-curves/aurus_lily02_seed27/accumulated/spec238.tlsf,1
lily02,ee58211ecb1f7b26af90306b00fbb17f,av3,15,spec137.tlsf,experiments/results-aurus-curves/aurus_lily02_seed15/accumulated/spec137.tlsf,1
lily02,ee5dc65991e9e60e721daa70dbf64911,av3,27,spec58.tlsf,experiments/results-aurus-curves/aurus_lily02_seed27/accumulated/spec58.tlsf,1
lily02,ef436d2e08e423d1216bc7d04f03b0da,av2,14,spec117.tlsf,experiments/results-aurus-curves/aurus_lily02_seed14/accumulated/spec117.tlsf,1
lily02,efabba31433c8c118adf4364fe348026,av2,2,spec63.tlsf,experiments/results-aurus-curves/aurus_lily02_seed02/accumulated/spec63.tlsf,1
lily02,f029b9265a1d9274c2f1499feb994582,av3,22,spec153.tlsf,experiments/results-aurus-curves/aurus_lily02_seed22/accumulated/spec153.tlsf,1
lily02,f2098cdc6efe19dc5d512158027f1804,av3,15,spec44.tlsf,experiments/results-aurus-curves/aurus_lily02_seed15/accumulated/spec44.tlsf,1
lily02,f2620f2e0ddf4460196900ad5845af72,av2,5,spec1.tlsf,experiments/results-aurus-curves/aurus_lily02_seed05/accumulated/spec1.tlsf,1
lily02,f27cd45442e9e9e39b7a2aa5c9735c91,av2,7,spec39.tlsf,experiments/results-aurus-curves/aurus_lily02_seed07/accumulated/spec39.tlsf,1
lily02,f3a8577534d50fce1dceb83f462b9f32,av3,20,spec160.tlsf,experiments/results-aurus-curves/aurus_lily02_seed20/accumulated/spec160.tlsf,1
lily02,f841f648a355c90a945a9afad6b59822,av3,19,spec312.tlsf,experiments/results-aurus-curves/aurus_lily02_seed19/accumulated/spec312.tlsf,1
lily02,fa4e55f152d1cbd831c5237b045bcc77,av3,20,spec108.tlsf,experiments/results-aurus-curves/aurus_lily02_seed20/accumulated/spec108.tlsf,1
lily02,fcfc9d7c1ae69eb7eef5ad0041b09e63,av2,2,spec116.tlsf,experiments/results-aurus-curves/aurus_lily02_seed02/accumulated/spec116.tlsf,1
lily11,009326fe1653db08f16d97664d477789,av2,13,spec291.tlsf,experiments/results-aurus-curves/aurus_lily11_seed13/accumulated/spec291.tlsf,1
lily11,00feff9ebe3f9c08e660e74229e35dc7,av2,13,spec501.tlsf,experiments/results-aurus-curves/aurus_lily11_seed13/accumulated/spec501.tlsf,1
lily11,02b51d66c0a67919092c12e41d581da5,av2,5,spec626.tlsf,experiments/results-aurus-curves/aurus_lily11_seed05/accumulated/spec626.tlsf,1
lily11,03bc8400f52b393f287ad49f5e34ddf0,av2,9,spec15.tlsf,experiments/results-aurus-curves/aurus_lily11_seed09/accumulated/spec15.tlsf,1
lily11,0450914b5e66cedc873f5fb39843abd1,av2,3,spec309.tlsf,experiments/results-aurus-curves/aurus_lily11_seed03/accumulated/spec309.tlsf,1
lily11,046823321553a0fa590a3570dc0c40e3,av2,7,spec211.tlsf,experiments/results-aurus-curves/aurus_lily11_seed07/accumulated/spec211.tlsf,1
lily11,068a892a29cf6f836c727357d9078b4b,av2,3,spec664.tlsf,experiments/results-aurus-curves/aurus_lily11_seed03/accumulated/spec664.tlsf,1
lily11,07bd8815230a34e3cba4d2583f537154,av2,1,spec270.tlsf,experiments/results-aurus-curves/aurus_lily11_seed01/accumulated/spec270.tlsf,1
lily11,0809de53e79ba32c7cafa2b80371a385,av3,25,spec435.tlsf,experiments/results-aurus-curves/aurus_lily11_seed25/accumulated/spec435.tlsf,1
lily11,09d9c2cb177040b503f55f3124eef128,av2,4,spec522.tlsf,experiments/results-aurus-curves/aurus_lily11_seed04/accumulated/spec522.tlsf,1
lily11,0bf6a8bb7c653c1a31ff9f30da48b860,av2,5,spec147.tlsf,experiments/results-aurus-curves/aurus_lily11_seed05/accumulated/spec147.tlsf,1
lily11,0c86de4cac1e48a668fbe3a25cd3d69a,av3,17,spec352.tlsf,experiments/results-aurus-curves/aurus_lily11_seed17/accumulated/spec352.tlsf,1
lily11,0e3d63c4087840903b832f95505236a3,av2,5,spec372.tlsf,experiments/results-aurus-curves/aurus_lily11_seed05/accumulated/spec372.tlsf,2
lily11,12e45777ee7dd0f748148878e1d4c7ca,av3,25,spec641.tlsf,experiments/results-aurus-curves/aurus_lily11_seed25/accumulated/spec641.tlsf,2
lily11,159a02bbd65eec3b2c799d3e2badd6b8,av2,13,spec264.tlsf,experiments/results-aurus-curves/aurus_lily11_seed13/accumulated/spec264.tlsf,1
lily11,163f9a74bd723bef77e6a015ca73bebc,av2,10,spec575.tlsf,experiments/results-aurus-curves/aurus_lily11_seed10/accumulated/spec575.tlsf,1
lily11,168f3f96a247868ec44a1bb329f0897b,av2,14,spec325.tlsf,experiments/results-aurus-curves/aurus_lily11_seed14/accumulated/spec325.tlsf,1
lily11,17a2c954ec68834a17362f2acb57beb2,av2,8,spec635.tlsf,experiments/results-aurus-curves/aurus_lily11_seed08/accumulated/spec635.tlsf,1
lily11,185c1083ec179716a16f8cf56aed0beb,av3,16,spec130.tlsf,experiments/results-aurus-curves/aurus_lily11_seed16/accumulated/spec130.tlsf,1
lily11,1b8eebbb6228454a20288292e4e067b9,av2,2,spec271.tlsf,experiments/results-aurus-curves/aurus_lily11_seed02/accumulated/spec271.tlsf,1
lily11,1c500858c6b54c236fec3472b9828c9f,av2,5,spec281.tlsf,experiments/results-aurus-curves/aurus_lily11_seed05/accumulated/spec281.tlsf,1
lily11,1c9f890e9561428c95d67d748293f802,av3,16,spec511.tlsf,experiments/results-aurus-curves/aurus_lily11_seed16/accumulated/spec511.tlsf,1
lily11,1cf560f89916c7ed6a85f40551f999a2,av2,9,spec467.tlsf,experiments/results-aurus-curves/aurus_lily11_seed09/accumulated/spec467.tlsf,1
lily11,1e07225f54d65ae215619db0521afa62,av2,14,spec395.tlsf,experiments/results-aurus-curves/aurus_lily11_seed14/accumulated/spec395.tlsf,1
lily11,1e0bd76e0fb8f4db8b48083ab0975088,av2,2,spec552.tlsf,experiments/results-aurus-curves/aurus_lily11_seed02/accumulated/spec552.tlsf,1
lily11,21f00944f75db802f9c1d01503b1e35b,av2,1,spec546.tlsf,experiments/results-aurus-curves/aurus_lily11_seed01/accumulated/spec546.tlsf,1
lily11,228b2cd5ede22fa017ca40574c2f3322,av2,5,spec646.tlsf,experiments/results-aurus-curves/aurus_lily11_seed05/accumulated/spec646.tlsf,1
lily11,2376e15a9d947bd4b326848488c4e942,av2,9,spec136.tlsf,experiments/results-aurus-curves/aurus_lily11_seed09/accumulated/spec136.tlsf,1
lily11,23856db3901178f47de8569eb025c392,av2,11,spec505.tlsf,experiments/results-aurus-curves/aurus_lily11_seed11/accumulated/spec505.tlsf,1
lily11,23e1fa3824859d56dd301248a8938c53,av2,5,spec212.tlsf,experiments/results-aurus-curves/aurus_lily11_seed05/accumulated/spec212.tlsf,1
lily11,260fb29706ff14f7cb5c7135a18b96f4,av2,8,spec172.tlsf,experiments/results-aurus-curves/aurus_lily11_seed08/accumulated/spec172.tlsf,1
lily11,263e78209f284fc353803090070adeef,av3,15,spec474.tlsf,experiments/results-aurus-curves/aurus_lily11_seed15/accumulated/spec474.tlsf,4
lily11,26c8fac4483c35b7e8ff90ec5c15a1f9,av3,20,spec131.tlsf,experiments/results-aurus-curves/aurus_lily11_seed20/accumulated/spec131.tlsf,1
lily11,2773c67bdadc84243fcd818b7c604fc5,av3,22,spec373.tlsf,experiments/results-aurus-curves/aurus_lily11_seed22/accumulated/spec373.tlsf,1
lily11,281c412793c4ad713a60ad67137649a2,av3,27,spec504.tlsf,experiments/results-aurus-curves/aurus_lily11_seed27/accumulated/spec504.tlsf,1
lily11,284ff22d60ed8471c5b13af4e10d20e8,av3,27,spec360.tlsf,experiments/results-aurus-curves/aurus_lily11_seed27/accumulated/spec360.tlsf,2
lily11,2c47360049c6c37f13c90c91514048a3,av3,17,spec633.tlsf,experiments/results-aurus-curves/aurus_lily11_seed17/accumulated/spec633.tlsf,1
lily11,2c4edd5c00ef8b2c16f5c19407cc5868,av2,10,spec114.tlsf,experiments/results-aurus-curves/aurus_lily11_seed10/accumulated/spec114.tlsf,1
lily11,2fe33ffe24696268ffa0958557ce5080,av3,22,spec187.tlsf,experiments/results-aurus-curves/aurus_lily11_seed22/accumulated/spec187.tlsf,1
lily11,30ad87279083f18fa3b436753586d9aa,av3,18,spec348.tlsf,experiments/results-aurus-curves/aurus_lily11_seed18/accumulated/spec348.tlsf,1
lily11,3377c240daefc93540ec73cf7aa8ecda,av2,13,spec577.tlsf,experiments/results-aurus-curves/aurus_lily11_seed13/accumulated/spec577.tlsf,1
lily11,3486fa8fd724c2f7cafdc6be21393699,av3,24,spec211.tlsf,experiments/results-aurus-curves/aurus_lily11_seed24/accumulated/spec211.tlsf,1
lily11,35418a43056ef8135cbfe5062010f393,av3,26,spec187.tlsf,experiments/results-aurus-curves/aurus_lily11_seed26/accumulated/spec187.tlsf,1
lily11,358cbcabceb3aea306baeeff1a4ec049,av3,22,spec510.tlsf,experiments/results-aurus-curves/aurus_lily11_seed22/accumulated/spec510.tlsf,1
lily11,36345e18eb7d597f6d52808fd3c5ad90,av2,3,spec373.tlsf,experiments/results-aurus-curves/aurus_lily11_seed03/accumulated/spec373.tlsf,1
lily11,369071841d910f017ba844de54b082c5,av2,5,spec619.tlsf,experiments/results-aurus-curves/aurus_lily11_seed05/accumulated/spec619.tlsf,1
lily11,36a6f4a4fd9f42e2142609e38f63ccb4,av3,16,spec451.tlsf,experiments/results-aurus-curves/aurus_lily11_seed16/accumulated/spec451.tlsf,1
lily11,36ab923bae1defb7b0c7aa534006c421,av3,27,spec133.tlsf,experiments/results-aurus-curves/aurus_lily11_seed27/accumulated/spec133.tlsf,1
lily11,37621fe00add4048c988e44d5f331aa6,av2,2,spec158.tlsf,experiments/results-aurus-curves/aurus_lily11_seed02/accumulated/spec158.tlsf,1
lily11,3797554404fd852930d0d25031e7c86a,av2,2,spec422.tlsf,experiments/results-aurus-curves/aurus_lily11_seed02/accumulated/spec422.tlsf,1
lily11,3adc9669332bfc1c35b25748bc58df3c,av3,22,spec199.tlsf,experiments/results-aurus-curves/aurus_lily11_seed22/accumulated/spec199.tlsf,2
lily11,3af58d993fd2017169cead0e140a5d32,av2,12,spec147.tlsf,experiments/results-aurus-curves/aurus_lily11_seed12/accumulated/spec147.tlsf,1
lily11,3cee11e5eb995ed3395eaee8e83d6239,av3,15,spec186.tlsf,experiments/results-aurus-curves/aurus_lily11_seed15/accumulated/spec186.tlsf,1
lily11,3d1c338f8141a0f40efe4d0680f90790,av3,29,spec584.tlsf,experiments/results-aurus-curves/aurus_lily11_seed29/accumulated/spec584.tlsf,1
lily11,3f2e8bdf587001c76ca8459e20cdaf3d,av3,27,spec558.tlsf,experiments/results-aurus-curves/aurus_lily11_seed27/accumulated/spec558.tlsf,1
lily11,41feb48c3d54b343e0edfe0ce1756af8,av3,19,spec573.tlsf,experiments/results-aurus-curves/aurus_lily11_seed19/accumulated/spec573.tlsf,1
lily11,47ddf3b7a1f1db0fd4f20df6e297c001,av2,4,spec257.tlsf,experiments/results-aurus-curves/aurus_lily11_seed04/accumulated/spec257.tlsf,1
lily11,4a53c215090df5dc2b582f9c768453ff,av2,1,spec298.tlsf,experiments/results-aurus-curves/aurus_lily11_seed01/accumulated/spec298.tlsf,1
lily11,4ae5b393b944ae65c2b206b6ab31aae2,av3,22,spec194.tlsf,experiments/results-aurus-curves/aurus_lily11_seed22/accumulated/spec194.tlsf,1
lily11,4d66f53fc5be5c1041b1f9a55db428e9,av2,7,spec456.tlsf,experiments/results-aurus-curves/aurus_lily11_seed07/accumulated/spec456.tlsf,1
lily11,4e22742fb33b9dd3ffb0dd846615d9aa,av3,15,spec228.tlsf,experiments/results-aurus-curves/aurus_lily11_seed15/accumulated/spec228.tlsf,1
lily11,4ecbfad01e3093489472b26361b73941,av2,5,spec431.tlsf,experiments/results-aurus-curves/aurus_lily11_seed05/accumulated/spec431.tlsf,1
lily11,500a9c397a84c0d8d5007b6d37b0e88b,av3,16,spec463.tlsf,experiments/results-aurus-curves/aurus_lily11_seed16/accumulated/spec463.tlsf,1
lily11,517847bc8d9677ddd6cb66dbf456bb3a,av2,13,spec317.tlsf,experiments/results-aurus-curves/aurus_lily11_seed13/accumulated/spec317.tlsf,1
lily11,5219dc8e39f7ac4741ea880622e261f7,av2,13,spec207.tlsf,experiments/results-aurus-curves/aurus_lily11_seed13/accumulated/spec207.tlsf,1
lily11,522968e6fe625b26ab057280be9da454,av2,8,spec521.tlsf,experiments/results-aurus-curves/aurus_lily11_seed08/accumulated/spec521.tlsf,2
lily11,52b51e8fe9e56199395f71a8b2ef585e,av3,15,spec230.tlsf,experiments/results-aurus-curves/aurus_lily11_seed15/accumulated/spec230.tlsf,1
lily11,58d29bd0973b44a1194df76a2ae9e622,av2,2,spec417.tlsf,experiments/results-aurus-curves/aurus_lily11_seed02/accumulated/spec417.tlsf,1
lily11,59c85bda6306142a66ef16a929ab62af,av2,6,spec257.tlsf,experiments/results-aurus-curves/aurus_lily11_seed06/accumulated/spec257.tlsf,1
lily11,5ac1fd1f86a0a3b51a17e92c0b75e9dd,av3,24,spec100.tlsf,experiments/results-aurus-curves/aurus_lily11_seed24/accumulated/spec100.tlsf,1
lily11,5b2cf680c4f51996666b0da016592122,av3,15,spec493.tlsf,experiments/results-aurus-curves/aurus_lily11_seed15/accumulated/spec493.tlsf,1
lily11,5b3b2eb7655bd8897bf98e7b3e6aa628,av2,12,spec636.tlsf,experiments/results-aurus-curves/aurus_lily11_seed12/accumulated/spec636.tlsf,1
lily11,5ba0236361ac556d13ce09f135cf8235,av3,27,spec152.tlsf,experiments/results-aurus-curves/aurus_lily11_seed27/accumulated/spec152.tlsf,1
lily11,5f87c5d6c0a187dfd554025dc4432699,av2,4,spec143.tlsf,experiments/results-aurus-curves/aurus_lily11_seed04/accumulated/spec143.tlsf,1
lily11,5fb157a69b3c61ff171274f8595f8b37,av3,15,spec141.tlsf,experiments/results-aurus-curves/aurus_lily11_seed15/accumulated/spec141.tlsf,2
lily11,616b396b8640bcc9e053db7c6b6ba37d,av3,24,spec522.tlsf,experiments/results-aurus-curves/aurus_lily11_seed24/accumulated/spec522.tlsf,1
lily11,61fe2e3c4cd4528a4712fd49de7a2819,av2,6,spec273.tlsf,experiments/results-aurus-curves/aurus_lily11_seed06/accumulated/spec273.tlsf,1
lily11,633bd8a64bbde162e7f8899eb5b2c1ba,av3,16,spec580.tlsf,experiments/results-aurus-curves/aurus_lily11_seed16/accumulated/spec580.tlsf,1
lily11,65c29d19a513a51dd75c1b5529bca012,av3,20,spec252.tlsf,experiments/results-aurus-curves/aurus_lily11_seed20/accumulated/spec252.tlsf,1
lily11,6771765f253be68c81c02b270c0d4533,av2,4,spec608.tlsf,experiments/results-aurus-curves/aurus_lily11_seed04/accumulated/spec608.tlsf,1
lily11,68358d59c2ffd3612c01d540bb1b6bd5,av3,18,spec264.tlsf,experiments/results-aurus-curves/aurus_lily11_seed18/accumulated/spec264.tlsf,1
lily11,699b68af8ee808267c2db1d880b8a125,av2,9,spec628.tlsf,experiments/results-aurus-curves/aurus_lily11_seed09/accumulated/spec628.tlsf,1
lily11,6a45a16a6239192d85deb89bce4a04a6,av2,14,spec71.tlsf,experiments/results-aurus-curves/aurus_lily11_seed14/accumulated/spec71.tlsf,3
lily11,6c0037bcca5bac6a78bdef44283605d8,av3,24,spec106.tlsf,experiments/results-aurus-curves/aurus_lily11_seed24/accumulated/spec106.tlsf,1
lily11,6e0acd0cdcc9ac6cec388963706126e7,av3,25,spec634.tlsf,experiments/results-aurus-curves/aurus_lily11_seed25/accumulated/spec634.tlsf,1
lily11,6eb440f5adfc82478fc2b21252d5f66c,av2,9,spec87.tlsf,experiments/results-aurus-curves/aurus_lily11_seed09/accumulated/spec87.tlsf,1
lily11,6ecf2e93f608e62ca69afc4af4e21401,av2,10,spec443.tlsf,experiments/results-aurus-curves/aurus_lily11_seed10/accumulated/spec443.tlsf,1
lily11,6edae2457efae458dc710d01134a3f9f,av2,6,spec596.tlsf,experiments/results-aurus-curves/aurus_lily11_seed06/accumulated/spec596.tlsf,2
lily11,6f683f1625fb4fb2931d1ad9f84f5b76,av2,13,spec527.tlsf,experiments/results-aurus-curves/aurus_lily11_seed13/accumulated/spec527.tlsf,1
lily11,713966df62a011642e8a49bc4e12caa6,av2,12,spec713.tlsf,experiments/results-aurus-curves/aurus_lily11_seed12/accumulated/spec713.tlsf,1
lily11,72c3a7cf74edc91a133f26b9459d2cfa,av2,13,spec468.tlsf,experiments/results-aurus-curves/aurus_lily11_seed13/accumulated/spec468.tlsf,1
lily11,74e47f885f7968140a30858647700245,av3,17,spec607.tlsf,experiments/results-aurus-curves/aurus_lily11_seed17/accumulated/spec607.tlsf,1
lily11,75d58b10f9dbb0345f64166265b453a6,av2,5,spec343.tlsf,experiments/results-aurus-curves/aurus_lily11_seed05/accumulated/spec343.tlsf,1
lily11,75f6ac5ce2b247ca451922f915310d8a,av2,10,spec364.tlsf,experiments/results-aurus-curves/aurus_lily11_seed10/accumulated/spec364.tlsf,1
lily11,77111d27ba986458a489aea6d294182d,av3,20,spec559.tlsf,experiments/results-aurus-curves/aurus_lily11_seed20/accumulated/spec559.tlsf,1
lily11,7781a37e4638391f3bf2bdeb20519b11,av3,15,spec355.tlsf,experiments/results-aurus-curves/aurus_lily11_seed15/accumulated/spec355.tlsf,1
lily11,787f948d691bbb656491ab7c1bd7049f,av2,5,spec198.tlsf,experiments/results-aurus-curves/aurus_lily11_seed05/accumulated/spec198.tlsf,1
lily11,7cb1e0ed6dc0cd4fe69d5e8436f4f1d8,av2,3,spec424.tlsf,experiments/results-aurus-curves/aurus_lily11_seed03/accumulated/spec424.tlsf,1
lily11,7ec122e3061f7781ebc68d7e18f26823,av2,3,spec210.tlsf,experiments/results-aurus-curves/aurus_lily11_seed03/accumulated/spec210.tlsf,1
lily11,80d0239c1f81bfa4f6b124fd6801e546,av3,29,spec601.tlsf,experiments/results-aurus-curves/aurus_lily11_seed29/accumulated/spec601.tlsf,1
lily11,8101f17386df864f679ad7b39c138652,av2,3,spec668.tlsf,experiments/results-aurus-curves/aurus_lily11_seed03/accumulated/spec668.tlsf,1
lily11,8259e5507c88ca487201d52fad7a4692,av3,16,spec77.tlsf,experiments/results-aurus-curves/aurus_lily11_seed16/accumulated/spec77.tlsf,1
lily11,83d2d230fcac265afa460036f74ed423,av2,0,spec157.tlsf,experiments/results-aurus-curves/aurus_lily11_seed00/accumulated/spec157.tlsf,1
lily11,87e97d6382aef1f316859912858523f6,av3,17,spec495.tlsf,experiments/results-aurus-curves/aurus_lily11_seed17/accumulated/spec495.tlsf,1
lily11,88f1630509319c732630f8a085c5ee54,av3,23,spec91.tlsf,experiments/results-aurus-curves/aurus_lily11_seed23/accumulated/spec91.tlsf,1
lily11,8a45ca2164e09c1515e3b949bb7ea5ee,av3,26,spec492.tlsf,experiments/results-aurus-curves/aurus_lily11_seed26/accumulated/spec492.tlsf,1
lily11,8c7a78569a7730a39f4fc8fd2a448040,av2,11,spec579.tlsf,experiments/results-aurus-curves/aurus_lily11_seed11/accumulated/spec579.tlsf,1
lily11,8c844658f6fc2c911d03d61ab81fcf92,av3,25,spec464.tlsf,experiments/results-aurus-curves/aurus_lily11_seed25/accumulated/spec464.tlsf,1
lily11,8de21a1fda2704f6c987ae49f940bed4,av3,25,spec343.tlsf,experiments/results-aurus-curves/aurus_lily11_seed25/accumulated/spec343.tlsf,1
lily11,8e232f11c4b90381d241ad500bc0b226,av2,14,spec536.tlsf,experiments/results-aurus-curves/aurus_lily11_seed14/accumulated/spec536.tlsf,1
lily11,9008b00c8be0d1580d342f0c9df3a96e,av3,26,spec478.tlsf,experiments/results-aurus-curves/aurus_lily11_seed26/accumulated/spec478.tlsf,1
lily11,92778af77bf1e0f40f2e086ad88d266d,av3,29,spec354.tlsf,experiments/results-aurus-curves/aurus_lily11_seed29/accumulated/spec354.tlsf,1
lily11,9330f8197ea56bd63d0d5ed0a14b3396,av2,10,spec363.tlsf,experiments/results-aurus-curves/aurus_lily11_seed10/accumulated/spec363.tlsf,1
lily11,93c94b184a1e04452dabe2cd16740922,av3,15,spec295.tlsf,experiments/results-aurus-curves/aurus_lily11_seed15/accumulated/spec295.tlsf,1
lily11,94c55597231ccbe34da5a7c86309696e,av2,1,spec102.tlsf,experiments/results-aurus-curves/aurus_lily11_seed01/accumulated/spec102.tlsf,1
lily11,956b8ba0af9f1fbef72a3858d7f21fdb,av2,4,spec612.tlsf,experiments/results-aurus-curves/aurus_lily11_seed04/accumulated/spec612.tlsf,1
lily11,98b86383c0397caacb939f561b740e19,av3,21,spec368.tlsf,experiments/results-aurus-curves/aurus_lily11_seed21/accumulated/spec368.tlsf,1
lily11,9b99795d8ceafc75d26472504e66cfae,av2,9,spec52.tlsf,experiments/results-aurus-curves/aurus_lily11_seed09/accumulated/spec52.tlsf,1
lily11,9c53ea1bd22bfe49356d75fdf97e21b6,av3,24,spec626.tlsf,experiments/results-aurus-curves/aurus_lily11_seed24/accumulated/spec626.tlsf,1
lily11,9c8e612567d4b7282355c8366a60807f,av2,2,spec588.tlsf,experiments/results-aurus-curves/aurus_lily11_seed02/accumulated/spec588.tlsf,1
lily11,9cc6108b76ff34ce31057a32b9c0e30e,av2,8,spec629.tlsf,experiments/results-aurus-curves/aurus_lily11_seed08/accumulated/spec629.tlsf,1
lily11,9da01b8c2f8408adbe4bbc98f7691b4d,av2,14,spec159.tlsf,experiments/results-aurus-curves/aurus_lily11_seed14/accumulated/spec159.tlsf,1
lily11,9edd9760549b23996c8a134008dea368,av2,6,spec424.tlsf,experiments/results-aurus-curves/aurus_lily11_seed06/accumulated/spec424.tlsf,1
lily11,9f0c52351a391eaaa5c2c3b12101644c,av3,26,spec96.tlsf,experiments/results-aurus-curves/aurus_lily11_seed26/accumulated/spec96.tlsf,1
lily11,9fc6ed1633dd63165702abb886e76780,av3,23,spec582.tlsf,experiments/results-aurus-curves/aurus_lily11_seed23/accumulated/spec582.tlsf,1
lily11,a4b7a62a793475b4d4418908e7ed017e,av3,21,spec153.tlsf,experiments/results-aurus-curves/aurus_lily11_seed21/accumulated/spec153.tlsf,1
lily11,a5cf9bbbe243dcaca5e506f64ba7c2ca,av2,5,spec495.tlsf,experiments/results-aurus-curves/aurus_lily11_seed05/accumulated/spec495.tlsf,1
lily11,ada4a9884e8f6d57bfb34ea9f78d0c06,av3,15,spec73.tlsf,experiments/results-aurus-curves/aurus_lily11_seed15/accumulated/spec73.tlsf,1
lily11,ae27ede7c4b9ef64232efe63b04a1b24,av3,21,spec290.tlsf,experiments/results-aurus-curves/aurus_lily11_seed21/accumulated/spec290.tlsf,1
lily11,ae58538ec7f88da4cf787e03f628a86d,av2,2,spec575.tlsf,experiments/results-aurus-curves/aurus_lily11_seed02/accumulated/spec575.tlsf,1
lily11,afda505f0a94914ed9e35e4d94f1b72e,av3,29,spec638.tlsf,experiments/results-aurus-curves/aurus_lily11_seed29/accumulated/spec638.tlsf,1
lily11,b01fe6c829f58b562ba3985dc36b7fd3,av3,20,spec155.tlsf,experiments/results-aurus-curves/aurus_lily11_seed20/accumulated/spec155.tlsf,1
lily11,b0339ddba3cd800f067c5bf5bfd55698,av2,3,spec219.tlsf,experiments/results-aurus-curves/aurus_lily11_seed03/accumulated/spec219.tlsf,1
lily11,b0e1b7e2756706ce8bd63f9933ed09e3,av3,21,spec456.tlsf,experiments/results-aurus-curves/aurus_lily11_seed21/accumulated/spec456.tlsf,1
lily11,b14a2d2dbed7b95ae1a7d06f3efc0531,av2,6,spec529.tlsf,experiments/results-aurus-curves/aurus_lily11_seed06/accumulated/spec529.tlsf,1
lily11,b747b71d5baaef3fc4319f379ed460b5,av2,3,spec185.tlsf,experiments/results-aurus-curves/aurus_lily11_seed03/accumulated/spec185.tlsf,1
lily11,b839cb237f6e8d6a9800f82ab6481258,av2,8,spec632.tlsf,experiments/results-aurus-curves/aurus_lily11_seed08/accumulated/spec632.tlsf,1
lily11,b8f896a18661b6447fddc92ef6c6f4e5,av2,7,spec621.tlsf,experiments/results-aurus-curves/aurus_lily11_seed07/accumulated/spec621.tlsf,1
lily11,b953e1c4f315c3dc06c6a886f51d259a,av3,22,spec311.tlsf,experiments/results-aurus-curves/aurus_lily11_seed22/accumulated/spec311.tlsf,1
lily11,bba9930f558e0e5ed24bcf89e12221b2,av2,3,spec299.tlsf,experiments/results-aurus-curves/aurus_lily11_seed03/accumulated/spec299.tlsf,1
lily11,bc2efd59eeb5ce88edd1b735a351d3d4,av2,0,spec123.tlsf,experiments/results-aurus-curves/aurus_lily11_seed00/accumulated/spec123.tlsf,1
lily11,bd874154f83abd9b314666eac98d85b9,av2,5,spec539.tlsf,experiments/results-aurus-curves/aurus_lily11_seed05/accumulated/spec539.tlsf,1
lily11,bda7b5ecc8ec5ce07177bb5d87b20e32,av3,23,spec395.tlsf,experiments/results-aurus-curves/aurus_lily11_seed23/accumulated/spec395.tlsf,1
lily11,bde664c525a1ac81f7474289e582d1b5,av2,9,spec453.tlsf,experiments/results-aurus-curves/aurus_lily11_seed09/accumulated/spec453.tlsf,1
lily11,c180fc71f97f386be0f20dc646885723,av3,23,spec169.tlsf,experiments/results-aurus-curves/aurus_lily11_seed23/accumulated/spec169.tlsf,1
lily11,c2281e578b73cfd29e4f132da1c95506,av3,25,spec30.tlsf,experiments/results-aurus-curves/aurus_lily11_seed25/accumulated/spec30.tlsf,1
lily11,c3b276e25dcc8bcdd2e7614ac2d6c7f1,av3,23,spec53.tlsf,experiments/results-aurus-curves/aurus_lily11_seed23/accumulated/spec53.tlsf,1
lily11,c4f58435aa1cfd16d911ce36be8500be,av2,5,spec491.tlsf,experiments/results-aurus-curves/aurus_lily11_seed05/accumulated/spec491.tlsf,1
lily11,c531b48fabc61ffb65d183604353cb18,av2,2,spec581.tlsf,experiments/results-aurus-curves/aurus_lily11_seed02/accumulated/spec581.tlsf,1
lily11,c531f16090352faaab5b4756799c77f2,av3,29,spec364.tlsf,experiments/results-aurus-curves/aurus_lily11_seed29/accumulated/spec364.tlsf,1
lily11,c53d3a7ec64d11afa3ed2e07a434d793,av3,26,spec106.tlsf,experiments/results-aurus-curves/aurus_lily11_seed26/accumulated/spec106.tlsf,1
lily11,c6d045aef43a426daecfc58d57f7a5a6,av2,3,spec106.tlsf,experiments/results-aurus-curves/aurus_lily11_seed03/accumulated/spec106.tlsf,1
lily11,c7ba7f1580a5574918d0bbbbae2ca0e1,av2,7,spec173.tlsf,experiments/results-aurus-curves/aurus_lily11_seed07/accumulated/spec173.tlsf,1
lily11,ca29a31f404d9741abd6125a9b1b1e2f,av2,7,spec444.tlsf,experiments/results-aurus-curves/aurus_lily11_seed07/accumulated/spec444.tlsf,1
lily11,cc7c8d385c1a7ae428764132d7f205ba,av2,2,spec321.tlsf,experiments/results-aurus-curves/aurus_lily11_seed02/accumulated/spec321.tlsf,1
lily11,cdeff8deefce653db59d6bf4f899df76,av2,5,spec645.tlsf,experiments/results-aurus-curves/aurus_lily11_seed05/accumulated/spec645.tlsf,1
lily11,cfaf57344267c43e1630b0ca83863327,av3,15,spec466.tlsf,experiments/results-aurus-curves/aurus_lily11_seed15/accumulated/spec466.tlsf,1
lily11,d18ca23f4f18e58cf1d697dbef967f01,av2,9,spec217.tlsf,experiments/results-aurus-curves/aurus_lily11_seed09/accumulated/spec217.tlsf,1
lily11,d1a726d22a754d88216636214f562b8b,av2,13,spec324.tlsf,experiments/results-aurus-curves/aurus_lily11_seed13/accumulated/spec324.tlsf,1
lily11,d2e847784f04c759f3915c4595f40b7e,av2,2,spec566.tlsf,experiments/results-aurus-curves/aurus_lily11_seed02/accumulated/spec566.tlsf,1
lily11,d4d3be3b38c96d8d67c52c6366e2859d,av2,3,spec326.tlsf,experiments/results-aurus-curves/aurus_lily11_seed03/accumulated/spec326.tlsf,1
lily11,d6f0af38c0ccd6cc7a717086ea28f2c7,av3,22,spec422.tlsf,experiments/results-aurus-curves/aurus_lily11_seed22/accumulated/spec422.tlsf,1
lily11,d78af19df97b9364913535f6d61b0fa3,av3,29,spec251.tlsf,experiments/results-aurus-curves/aurus_lily11_seed29/accumulated/spec251.tlsf,1
lily11,d9dda025b5d7f7bfee2e9a2f1092c314,av3,23,spec17.tlsf,experiments/results-aurus-curves/aurus_lily11_seed23/accumulated/spec17.tlsf,1
lily11,e22723ddd10c285059a02be9e0adadba,av3,22,spec139.tlsf,experiments/results-aurus-curves/aurus_lily11_seed22/accumulated/spec139.tlsf,1
lily11,e284931a72c35e786604e3686f4ba62d,av2,13,spec622.tlsf,experiments/results-aurus-curves/aurus_lily11_seed13/accumulated/spec622.tlsf,1
lily11,e8e7dcabfc9a91f9aa63d0c6e841c268,av2,14,spec493.tlsf,experiments/results-aurus-curves/aurus_lily11_seed14/accumulated/spec493.tlsf,1
lily11,e9263686e3d643e22a458ec1ad57e3a3,av2,8,spec547.tlsf,experiments/results-aurus-curves/aurus_lily11_seed08/accumulated/spec547.tlsf,1
lily11,e998fa923b5604e2f39cebcbf7a85c34,av3,22,spec380.tlsf,experiments/results-aurus-curves/aurus_lily11_seed22/accumulated/spec380.tlsf,1
lily11,eb8a12779b439b8d861dac906e2dca8d,av2,1,spec362.tlsf,experiments/results-aurus-curves/aurus_lily11_seed01/accumulated/spec362.tlsf,1
lily11,ecf09790231436b95c3132467b756d30,av2,13,spec70.tlsf,experiments/results-aurus-curves/aurus_lily11_seed13/accumulated/spec70.tlsf,1
lily11,ecfcf4472234e72a1fa28757d2a1234c,av3,26,spec37.tlsf,experiments/results-aurus-curves/aurus_lily11_seed26/accumulated/spec37.tlsf,1
lily11,eea2c3d7ebf57a0fbae94e569c52284a,av3,28,spec407.tlsf,experiments/results-aurus-curves/aurus_lily11_seed28/accumulated/spec407.tlsf,1
lily11,f0c9cbaf2cd9f1493f84b9a3ef6152c8,av3,16,spec178.tlsf,experiments/results-aurus-curves/aurus_lily11_seed16/accumulated/spec178.tlsf,1
lily11,f1be7dc7cd15985e8afca29cac765b94,av3,16,spec194.tlsf,experiments/results-aurus-curves/aurus_lily11_seed16/accumulated/spec194.tlsf,1
lily11,f24d6533af2bb7e64e49724418bbd9cc,av2,4,spec59.tlsf,experiments/results-aurus-curves/aurus_lily11_seed04/accumulated/spec59.tlsf,1
lily11,f26ff8d094ddfcdc0c9a31b3a50ef047,av2,14,spec403.tlsf,experiments/results-aurus-curves/aurus_lily11_seed14/accumulated/spec403.tlsf,1
lily11,f29a4024fba8cac0d92e011075428859,av3,26,spec109.tlsf,experiments/results-aurus-curves/aurus_lily11_seed26/accumulated/spec109.tlsf,1
lily11,f2a18ee938cdc205f4a94c80dc4b36a2,av3,21,spec672.tlsf,experiments/results-aurus-curves/aurus_lily11_seed21/accumulated/spec672.tlsf,1
lily11,f455782bbe383348df73cec1e2125ddc,av2,4,spec91.tlsf,experiments/results-aurus-curves/aurus_lily11_seed04/accumulated/spec91.tlsf,1
lily11,f50170f34b431ccfa2f3d1293b2b4e65,av3,22,spec103.tlsf,experiments/results-aurus-curves/aurus_lily11_seed22/accumulated/spec103.tlsf,1
lily11,f5bf1c97e284cba1477c3211b08efd43,av3,16,spec110.tlsf,experiments/results-aurus-curves/aurus_lily11_seed16/accumulated/spec110.tlsf,1
lily11,f6714e129c7b61f1663fc3182eeea6c0,av3,22,spec400.tlsf,experiments/results-aurus-curves/aurus_lily11_seed22/accumulated/spec400.tlsf,1
lily11,f71ab2ba61a23af895b1e9b6b0945056,av3,24,spec625.tlsf,experiments/results-aurus-curves/aurus_lily11_seed24/accumulated/spec625.tlsf,1
lily11,f7fd272b9491b298636d017f207a87bc,av2,12,spec318.tlsf,experiments/results-aurus-curves/aurus_lily11_seed12/accumulated/spec318.tlsf,1
lily11,fc9823e2338aaa0a00a4195f0ef2ab79,av2,2,spec144.tlsf,experiments/results-aurus-curves/aurus_lily11_seed02/accumulated/spec144.tlsf,1
lily11,fd44635ff15bb8fb086eb9bd04f5d2e2,av2,9,spec448.tlsf,experiments/results-aurus-curves/aurus_lily11_seed09/accumulated/spec448.tlsf,1
lily11,fd8b150bee554e4b6c1f232b72b3920d,av3,25,spec157.tlsf,experiments/results-aurus-curves/aurus_lily11_seed25/accumulated/spec157.tlsf,1
lily15,00abbe39fc76fe3a7486821b8aea28b5,av3,22,spec222.tlsf,experiments/results-aurus-curves/aurus_lily15_seed22/accumulated/spec222.tlsf,1
lily15,0117cc1b977292870635482a8828fce7,av3,22,spec24.tlsf,experiments/results-aurus-curves/aurus_lily15_seed22/accumulated/spec24.tlsf,1
lily15,050c191fab6f901d144fcd6bdec0a6de,av2,11,spec152.tlsf,experiments/results-aurus-curves/aurus_lily15_seed11/accumulated/spec152.tlsf,1
lily15,08bbc37029f51005e7a75199395091d5,av3,29,spec313.tlsf,experiments/results-aurus-curves/aurus_lily15_seed29/accumulated/spec313.tlsf,1
lily15,09c951945b3afb67bc080e6d10432b64,av3,23,spec10.tlsf,experiments/results-aurus-curves/aurus_lily15_seed23/accumulated/spec10.tlsf,1
lily15,0bf6278a57ee0f2c9b9e1fcee9c31210,av2,12,spec74.tlsf,experiments/results-aurus-curves/aurus_lily15_seed12/accumulated/spec74.tlsf,3
lily15,116e8b5884c598245ecb303f037cdd22,av2,6,spec43.tlsf,experiments/results-aurus-curves/aurus_lily15_seed06/accumulated/spec43.tlsf,1
lily15,1198c56ac6879c0c49e4ebaaad132505,av2,3,spec219.tlsf,experiments/results-aurus-curves/aurus_lily15_seed03/accumulated/spec219.tlsf,1
lily15,128ed1655549ef4b1a2d014794dfcdfc,av3,19,spec58.tlsf,experiments/results-aurus-curves/aurus_lily15_seed19/accumulated/spec58.tlsf,1
lily15,160d4f83486f5f02c4587950bdf9efa2,av3,23,spec36.tlsf,experiments/results-aurus-curves/aurus_lily15_seed23/accumulated/spec36.tlsf,1
lily15,17dcb1a74c78a9936ad977b4d3f88940,av3,28,spec137.tlsf,experiments/results-aurus-curves/aurus_lily15_seed28/accumulated/spec137.tlsf,1
lily15,1a3dbf468c74984810d7c0a123610ddc,av2,14,spec62.tlsf,experiments/results-aurus-curves/aurus_lily15_seed14/accumulated/spec62.tlsf,1
lily15,1a9132090586cd1acc18033da9ff3659,av3,29,spec335.tlsf,experiments/results-aurus-curves/aurus_lily15_seed29/accumulated/spec335.tlsf,1
lily15,1d0c05bcb8ddbc3040c0349c4eb9e062,av2,2,spec370.tlsf,experiments/results-aurus-curves/aurus_lily15_seed02/accumulated/spec370.tlsf,1
lily15,1d460077ff603af7b66d0ef0af35535a,av3,26,spec362.tlsf,experiments/results-aurus-curves/aurus_lily15_seed26/accumulated/spec362.tlsf,1
lily15,1d99f0654ba237a4c61914ece7f16394,av2,0,spec88.tlsf,experiments/results-aurus-curves/aurus_lily15_seed00/accumulated/spec88.tlsf,1
lily15,1dd7454df08fecec5620edb6fa2c48ae,av3,16,spec422.tlsf,experiments/results-aurus-curves/aurus_lily15_seed16/accumulated/spec422.tlsf,1
lily15,1f572a9d95666a8ed90cc7f7466791b1,av3,22,spec240.tlsf,experiments/results-aurus-curves/aurus_lily15_seed22/accumulated/spec240.tlsf,1
lily15,200d42295dbe4636b00df7f3be10dbc2,av3,23,spec394.tlsf,experiments/results-aurus-curves/aurus_lily15_seed23/accumulated/spec394.tlsf,1
lily15,21420e2c277e4f1cdc099d8d29ee1ca9,av2,13,spec299.tlsf,experiments/results-aurus-curves/aurus_lily15_seed13/accumulated/spec299.tlsf,1
lily15,2164444353eb5492169abb88899edaa1,av2,1,spec132.tlsf,experiments/results-aurus-curves/aurus_lily15_seed01/accumulated/spec132.tlsf,1
lily15,227628982565a25ae5268d8d6d106536,av2,9,spec152.tlsf,experiments/results-aurus-curves/aurus_lily15_seed09/accumulated/spec152.tlsf,1
lily15,22c216137a68f1ef295ab60354947f92,av2,7,spec88.tlsf,experiments/results-aurus-curves/aurus_lily15_seed07/accumulated/spec88.tlsf,1
lily15,2430854f2ae68a540d79f9efd3ab1e4c,av3,19,spec137.tlsf,experiments/results-aurus-curves/aurus_lily15_seed19/accumulated/spec137.tlsf,1
lily15,2443ff45ff2e4ad2c254ff5e7049764e,av3,26,spec381.tlsf,experiments/results-aurus-curves/aurus_lily15_seed26/accumulated/spec381.tlsf,1
lily15,25112ec649e9384ea462c1407f056c9c,av3,15,spec37.tlsf,experiments/results-aurus-curves/aurus_lily15_seed15/accumulated/spec37.tlsf,1
lily15,263329bcf31db428918d95c8e86740ea,av3,25,spec386.tlsf,experiments/results-aurus-curves/aurus_lily15_seed25/accumulated/spec386.tlsf,1
lily15,26379b6e1b4743531e8b5b58c59a324e,av3,25,spec311.tlsf,experiments/results-aurus-curves/aurus_lily15_seed25/accumulated/spec311.tlsf,1
lily15,29bee90645c423523f41b40599bc32a4,av2,11,spec55.tlsf,experiments/results-aurus-curves/aurus_lily15_seed11/accumulated/spec55.tlsf,1
lily15,2ac17a34d249f8d0a2033644ba5c5d1e,av2,11,spec271.tlsf,experiments/results-aurus-curves/aurus_lily15_seed11/accumulated/spec271.tlsf,1
lily15,2ae952167bd83a553a6eb29fa5f97c23,av2,13,spec133.tlsf,experiments/results-aurus-curves/aurus_lily15_seed13/accumulated/spec133.tlsf,1
lily15,2b46eb32a56f4fdca3407d3c5430cbf6,av2,12,spec38.tlsf,experiments/results-aurus-curves/aurus_lily15_seed12/accumulated/spec38.tlsf,1
lily15,2b8e68d62697c676e122d5070b526d0f,av2,10,spec413.tlsf,experiments/results-aurus-curves/aurus_lily15_seed10/accumulated/spec413.tlsf,1
lily15,2d97eeb11d73d3415f21028cdcb1e364,av3,15,spec148.tlsf,experiments/results-aurus-curves/aurus_lily15_seed15/accumulated/spec148.tlsf,1
lily15,2f43327f1065b37c2aef3661acc685c7,av2,11,spec375.tlsf,experiments/results-aurus-curves/aurus_lily15_seed11/accumulated/spec375.tlsf,1
lily15,2fea2bce4f65e333daa2e5e923087640,av3,24,spec334.tlsf,experiments/results-aurus-curves/aurus_lily15_seed24/accumulated/spec334.tlsf,1
lily15,3059de389dc58c6ceb1c52dbc3c56c22,av2,5,spec132.tlsf,experiments/results-aurus-curves/aurus_lily15_seed05/accumulated/spec132.tlsf,1
lily15,31f86462b35aa17ddd15f274d6705c3f,av2,10,spec408.tlsf,experiments/results-aurus-curves/aurus_lily15_seed10/accumulated/spec408.tlsf,1
lily15,32625fa4275043530736c0afe610015b,av3,16,spec268.tlsf,experiments/results-aurus-curves/aurus_lily15_seed16/accumulated/spec268.tlsf,1
lily15,326400e176e5ccf78f3a1d391d10af74,av3,26,spec409.tlsf,experiments/results-aurus-curves/aurus_lily15_seed26/accumulated/spec409.tlsf,1
lily15,32d168e98a1a33064e8fcab0069ce5f1,av3,23,spec159.tlsf,experiments/results-aurus-curves/aurus_lily15_seed23/accumulated/spec159.tlsf,1
lily15,33e52c10b9e4873d097852355bb14f7b,av2,14,spec68.tlsf,experiments/results-aurus-curves/aurus_lily15_seed14/accumulated/spec68.tlsf,1
lily15,34fb653058d03b66f1818f53a40241e1,av3,28,spec19.tlsf,experiments/results-aurus-curves/aurus_lily15_seed28/accumulated/spec19.tlsf,1
lily15,353628adbb6cc4a042eaf0f8dfab93af,av2,0,spec306.tlsf,experiments/results-aurus-curves/aurus_lily15_seed00/accumulated/spec306.tlsf,1
lily15,3578c4ca388555ca441ff00e74613c75,av2,8,spec121.tlsf,experiments/results-aurus-curves/aurus_lily15_seed08/accumulated/spec121.tlsf,1
lily15,3667ae0f03f21e907e9eb14057cf2a5f,av3,15,spec160.tlsf,experiments/results-aurus-curves/aurus_lily15_seed15/accumulated/spec160.tlsf,1
lily15,371846c915f91dde29e4f223a8b53859,av2,1,spec253.tlsf,experiments/results-aurus-curves/aurus_lily15_seed01/accumulated/spec253.tlsf,1
lily15,37d5cef275538929c20244f479f5e300,av3,29,spec375.tlsf,experiments/results-aurus-curves/aurus_lily15_seed29/accumulated/spec375.tlsf,1
lily15,3850a779047f8b5d418a481b1338e896,av2,11,spec232.tlsf,experiments/results-aurus-curves/aurus_lily15_seed11/accumulated/spec232.tlsf,1
lily15,387267837b6ff440d518fe96082b6522,av2,5,spec253.tlsf,experiments/results-aurus-curves/aurus_lily15_seed05/accumulated/spec253.tlsf,1
lily15,3a8e0709964b721930d6c27e2f273650,av3,20,spec185.tlsf,experiments/results-aurus-curves/aurus_lily15_seed20/accumulated/spec185.tlsf,1
lily15,3c5257de385c4204f2ba7f5cc5531ffc,av3,18,spec404.tlsf,experiments/results-aurus-curves/aurus_lily15_seed18/accumulated/spec404.tlsf,1
lily15,3d9b1e54e116294d09a3a4324b79a8c5,av3,17,spec500.tlsf,experiments/results-aurus-curves/aurus_lily15_seed17/accumulated/spec500.tlsf,1
lily15,40b4975db603ac3c0215e664dd136838,av2,0,spec39.tlsf,experiments/results-aurus-curves/aurus_lily15_seed00/accumulated/spec39.tlsf,1
lily15,41081a9d6509924064342cab3943599d,av2,0,spec44.tlsf,experiments/results-aurus-curves/aurus_lily15_seed00/accumulated/spec44.tlsf,1
lily15,424ec9fdb01dd4c8f2f5499c3a291093,av3,19,spec177.tlsf,experiments/results-aurus-curves/aurus_lily15_seed19/accumulated/spec177.tlsf,1
lily15,42bdfa427e966efbcace325236e96929,av2,11,spec424.tlsf,experiments/results-aurus-curves/aurus_lily15_seed11/accumulated/spec424.tlsf,1
lily15,438d2fcd1958566ab28c30c22bbb6a44,av3,20,spec233.tlsf,experiments/results-aurus-curves/aurus_lily15_seed20/accumulated/spec233.tlsf,1
lily15,446477edb8797fbd33e20327acb78d29,av3,21,spec308.tlsf,experiments/results-aurus-curves/aurus_lily15_seed21/accumulated/spec308.tlsf,1
lily15,45c884a0dbdb95bebc19a6c07f95074a,av2,14,spec220.tlsf,experiments/results-aurus-curves/aurus_lily15_seed14/accumulated/spec220.tlsf,1
lily15,4648dd6eedd87610a7978f9343c56663,av3,23,spec69.tlsf,experiments/results-aurus-curves/aurus_lily15_seed23/accumulated/spec69.tlsf,1
lily15,466be2e648dfa9a10f458804fde6f68b,av3,19,spec264.tlsf,experiments/results-aurus-curves/aurus_lily15_seed19/accumulated/spec264.tlsf,1
lily15,481ba23493a423c93e604671141ea050,av2,8,spec352.tlsf,experiments/results-aurus-curves/aurus_lily15_seed08/accumulated/spec352.tlsf,1
lily15,48e421de27b973d0877302fa18b9fe41,av2,8,spec73.tlsf,experiments/results-aurus-curves/aurus_lily15_seed08/accumulated/spec73.tlsf,1
lily15,49f43cc34d6da8645235d78cabd8ac44,av2,5,spec167.tlsf,experiments/results-aurus-curves/aurus_lily15_seed05/accumulated/spec167.tlsf,1
lily15,49f7b7ca739fe890f2d9b1f8b9d688c8,av2,14,spec175.tlsf,experiments/results-aurus-curves/aurus_lily15_seed14/accumulated/spec175.tlsf,1
lily15,4a209fde8559ead39f1b5c75fbdc922b,av3,19,spec172.tlsf,experiments/results-aurus-curves/aurus_lily15_seed19/accumulated/spec172.tlsf,1
lily15,4a3d4928b6f9e4a542792fb70e04bb53,av3,16,spec94.tlsf,experiments/results-aurus-curves/aurus_lily15_seed16/accumulated/spec94.tlsf,1
lily15,4a5386417c6f8812b1c1e3cee65dfbb2,av2,1,spec226.tlsf,experiments/results-aurus-curves/aurus_lily15_seed01/accumulated/spec226.tlsf,1
lily15,4a8bbc0d822948d96f4f5c6e9dd55b27,av3,24,spec156.tlsf,experiments/results-aurus-curves/aurus_lily15_seed24/accumulated/spec156.tlsf,1
lily15,4ad953a133db21919e5d71f1a0c12a89,av2,14,spec256.tlsf,experiments/results-aurus-curves/aurus_lily15_seed14/accumulated/spec256.tlsf,1
lily15,4b1accdd987dc646d4dfde167a01f1ce,av3,26,spec379.tlsf,experiments/results-aurus-curves/aurus_lily15_seed26/accumulated/spec379.tlsf,1
lily15,4cc60164949265a6033226996b497b15,av2,14,spec328.tlsf,experiments/results-aurus-curves/aurus_lily15_seed14/accumulated/spec328.tlsf,1
lily15,4e8f4c20b1e8ba47b8d9f924c1445e94,av2,6,spec407.tlsf,experiments/results-aurus-curves/aurus_lily15_seed06/accumulated/spec407.tlsf,1
lily15,50335cb020e0cd8d7072a8b35f7d2d36,av2,6,spec129.tlsf,experiments/results-aurus-curves/aurus_lily15_seed06/accumulated/spec129.tlsf,1
lily15,50d8b9b4a2b56f20312993e6e03229d0,av2,2,spec146.tlsf,experiments/results-aurus-curves/aurus_lily15_seed02/accumulated/spec146.tlsf,1
lily15,512f953f320ff5a36cbd4fa7d7cfcf0a,av3,28,spec136.tlsf,experiments/results-aurus-curves/aurus_lily15_seed28/accumulated/spec136.tlsf,1
lily15,527763887f3bb04e4fcfb71ff8052633,av2,9,spec412.tlsf,experiments/results-aurus-curves/aurus_lily15_seed09/accumulated/spec412.tlsf,1
lily15,5291b3d2a8e8b2fc3e8990467da09fc6,av2,2,spec285.tlsf,experiments/results-aurus-curves/aurus_lily15_seed02/accumulated/spec285.tlsf,1
lily15,54ab9dc8d7c4b9db6fafcfd4693e7839,av3,26,spec328.tlsf,experiments/results-aurus-curves/aurus_lily15_seed26/accumulated/spec328.tlsf,1
lily15,550b570ec7bfa81e88f678be04796556,av3,22,spec245.tlsf,experiments/results-aurus-curves/aurus_lily15_seed22/accumulated/spec245.tlsf,1
lily15,5633cac922941eb57bfd1cbd40e238c7,av3,20,spec85.tlsf,experiments/results-aurus-curves/aurus_lily15_seed20/accumulated/spec85.tlsf,1
lily15,5646d0ff890eab6006af7c76b1718462,av2,7,spec259.tlsf,experiments/results-aurus-curves/aurus_lily15_seed07/accumulated/spec259.tlsf,1
lily15,56a7d4b49520d47d8fd9fe8c12882c45,av3,20,spec244.tlsf,experiments/results-aurus-curves/aurus_lily15_seed20/accumulated/spec244.tlsf,1
lily15,5799a6bc09b8ef335839fce1f2cc490e,av2,8,spec19.tlsf,experiments/results-aurus-curves/aurus_lily15_seed08/accumulated/spec19.tlsf,1
lily15,58df593675f7f67086aad9fb646fe3a4,av3,19,spec322.tlsf,experiments/results-aurus-curves/aurus_lily15_seed19/accumulated/spec322.tlsf,1
lily15,5909899f69eb0a87febe4f800296c10c,av3,16,spec117.tlsf,experiments/results-aurus-curves/aurus_lily15_seed16/accumulated/spec117.tlsf,1
lily15,591b30f9cd6bcd5dff1c39bb5c350011,av3,24,spec349.tlsf,experiments/results-aurus-curves/aurus_lily15_seed24/accumulated/spec349.tlsf,1
lily15,5a330756b8761dc74f122b004b92cbf2,av3,18,spec386.tlsf,experiments/results-aurus-curves/aurus_lily15_seed18/accumulated/spec386.tlsf,1
lily15,5b0b6989e4f3a086e0e9264b12484826,av3,26,spec412.tlsf,experiments/results-aurus-curves/aurus_lily15_seed26/accumulated/spec412.tlsf,1
lily15,5bdc48e6daf90dc92ca76aec19b6e39b,av2,14,spec312.tlsf,experiments/results-aurus-curves/aurus_lily15_seed14/accumulated/spec312.tlsf,1
lily15,5c7603947f9e092eb6cda24e7d5f7d9e,av2,0,spec172.tlsf,experiments/results-aurus-curves/aurus_lily15_seed00/accumulated/spec172.tlsf,1
lily15,5c7966ce639ab94203f61765902cb939,av2,2,spec327.tlsf,experiments/results-aurus-curves/aurus_lily15_seed02/accumulated/spec327.tlsf,1
lily15,5cc0cddd21a1c70a64757af56c569ebe,av2,0,spec105.tlsf,experiments/results-aurus-curves/aurus_lily15_seed00/accumulated/spec105.tlsf,1
lily15,5d2a1b36bce756e471a918ee79e4fe7e,av2,9,spec413.tlsf,experiments/results-aurus-curves/aurus_lily15_seed09/accumulated/spec413.tlsf,1
lily15,5d4779613d08bcfa678c3072acc1e85a,av3,22,spec15.tlsf,experiments/results-aurus-curves/aurus_lily15_seed22/accumulated/spec15.tlsf,1
lily15,5e2bc0176f63b77dc5125e944db9328d,av2,0,spec1.tlsf,experiments/results-aurus-curves/aurus_lily15_seed00/accumulated/spec1.tlsf,1
lily15,5e467cd974c4b040f88b81bcdce832ec,av2,8,spec167.tlsf,experiments/results-aurus-curves/aurus_lily15_seed08/accumulated/spec167.tlsf,1
lily15,5e898b671418a0261cd468ca4e8ffa81,av3,16,spec255.tlsf,experiments/results-aurus-curves/aurus_lily15_seed16/accumulated/spec255.tlsf,1
lily15,5ff425d2023640d2e34e70b6d545fd3e,av2,0,spec241.tlsf,experiments/results-aurus-curves/aurus_lily15_seed00/accumulated/spec241.tlsf,1
lily15,604d9ba7ae594b8b93453e3b0ea2447e,av3,28,spec245.tlsf,experiments/results-aurus-curves/aurus_lily15_seed28/accumulated/spec245.tlsf,1
lily15,60e268250813003e9c0a375be6f2dd51,av3,25,spec411.tlsf,experiments/results-aurus-curves/aurus_lily15_seed25/accumulated/spec411.tlsf,1
lily15,60e59011e2648c722bd720bc5934f769,av3,23,spec128.tlsf,experiments/results-aurus-curves/aurus_lily15_seed23/accumulated/spec128.tlsf,1
lily15,6226aa7315a01defa7979de12d80b84f,av2,1,spec11.tlsf,experiments/results-aurus-curves/aurus_lily15_seed01/accumulated/spec11.tlsf,1
lily15,627788e7b6b7658efab024f8539ca93b,av2,14,spec195.tlsf,experiments/results-aurus-curves/aurus_lily15_seed14/accumulated/spec195.tlsf,1
lily15,627ccacb693e9c6c16eec26b6cb129d3,av2,14,spec453.tlsf,experiments/results-aurus-curves/aurus_lily15_seed14/accumulated/spec453.tlsf,1
lily15,62d3d149bdc8108c3ffd5fe8b5952e80,av3,20,spec332.tlsf,experiments/results-aurus-curves/aurus_lily15_seed20/accumulated/spec332.tlsf,1
lily15,64f2232dd03ee55fa9dbe55e42e2235f,av3,25,spec366.tlsf,experiments/results-aurus-curves/aurus_lily15_seed25/accumulated/spec366.tlsf,1
lily15,69f56613103f16e970d14b6083b505bf,av2,1,spec82.tlsf,experiments/results-aurus-curves/aurus_lily15_seed01/accumulated/spec82.tlsf,1
lily15,6bd6b28ed3b93adfa10988f468bbb5f1,av3,22,spec257.tlsf,experiments/results-aurus-curves/aurus_lily15_seed22/accumulated/spec257.tlsf,1
lily15,6bee6893cf27ca789153c4179cbf012f,av2,9,spec194.tlsf,experiments/results-aurus-curves/aurus_lily15_seed09/accumulated/spec194.tlsf,1
lily15,6ea4a64aefa79235864fddff95a4f810,av2,9,spec342.tlsf,experiments/results-aurus-curves/aurus_lily15_seed09/accumulated/spec342.tlsf,1
lily15,6faf139d2a68ab81a158f4259a7914e6,av2,11,spec276.tlsf,experiments/results-aurus-curves/aurus_lily15_seed11/accumulated/spec276.tlsf,1
lily15,702de5241a542c15853f9b8271f460cd,av2,11,spec222.tlsf,experiments/results-aurus-curves/aurus_lily15_seed11/accumulated/spec222.tlsf,1
lily15,71f5738d78abf7d2fc8f54dcbf2808a2,av2,2,spec109.tlsf,experiments/results-aurus-curves/aurus_lily15_seed02/accumulated/spec109.tlsf,1
lily15,720360f037efc8a6814d9a8131c17f2c,av3,23,spec100.tlsf,experiments/results-aurus-curves/aurus_lily15_seed23/accumulated/spec100.tlsf,1
lily15,79426cefe9dc9756ea618d8bd353d763,av3,25,spec177.tlsf,experiments/results-aurus-curves/aurus_lily15_seed25/accumulated/spec177.tlsf,1
lily15,7a763514201deacb41562db37104be0d,av2,1,spec380.tlsf,experiments/results-aurus-curves/aurus_lily15_seed01/accumulated/spec380.tlsf,1
lily15,7c251091e50263c6fe60f6e7deba76a4,av2,10,spec139.tlsf,experiments/results-aurus-curves/aurus_lily15_seed10/accumulated/spec139.tlsf,1
lily15,7c5d6c07dd63d3b81a78a08d68ade7ff,av3,15,spec119.tlsf,experiments/results-aurus-curves/aurus_lily15_seed15/accumulated/spec119.tlsf,1
lily15,7ca1716e52b3d56893f3ba3602862cd7,av3,20,spec330.tlsf,experiments/results-aurus-curves/aurus_lily15_seed20/accumulated/spec330.tlsf,1
lily15,7d402c2f12f5fb2738a71df90b095a97,av2,10,spec179.tlsf,experiments/results-aurus-curves/aurus_lily15_seed10/accumulated/spec179.tlsf,1
lily15,7f6131b65932d52961732321b4e17720,av3,24,spec170.tlsf,experiments/results-aurus-curves/aurus_lily15_seed24/accumulated/spec170.tlsf,1
lily15,8188adcfdeccd2ba36fc88c107707430,av2,2,spec365.tlsf,experiments/results-aurus-curves/aurus_lily15_seed02/accumulated/spec365.tlsf,1
lily15,81d3e46ea25eb4532acb3cfac0279561,av3,20,spec384.tlsf,experiments/results-aurus-curves/aurus_lily15_seed20/accumulated/spec384.tlsf,1
lily15,83ba9caae3c6fbb3e2d05f5c406665c2,av3,24,spec260.tlsf,experiments/results-aurus-curves/aurus_lily15_seed24/accumulated/spec260.tlsf,1
lily15,843aca4d90213e2fa8fcebe028971ae6,av3,29,spec406.tlsf,experiments/results-aurus-curves/aurus_lily15_seed29/accumulated/spec406.tlsf,1
lily15,8572a475fc78e29f189db4b0b8400307,av2,1,spec18.tlsf,experiments/results-aurus-curves/aurus_lily15_seed01/accumulated/spec18.tlsf,1
lily15,8612e08fd8d4a472ad8b99852969e22f,av3,25,spec126.tlsf,experiments/results-aurus-curves/aurus_lily15_seed25/accumulated/spec126.tlsf,1
lily15,86bda092a90cb43f1689d0a36dbb51af,av2,2,spec154.tlsf,experiments/results-aurus-curves/aurus_lily15_seed02/accumulated/spec154.tlsf,1
lily15,86fecab4e409dff8a07aa0713ec9b119,av3,22,spec8.tlsf,experiments/results-aurus-curves/aurus_lily15_seed22/accumulated/spec8.tlsf,1
lily15,88dc281b1c1162f276f86b3548fa2e3d,av2,14,spec471.tlsf,experiments/results-aurus-curves/aurus_lily15_seed14/accumulated/spec471.tlsf,1
lily15,8a13db32521c80fdc7e136de487eeff4,av2,11,spec187.tlsf,experiments/results-aurus-curves/aurus_lily15_seed11/accumulated/spec187.tlsf,1
lily15,8af478ff3cba0cb0128a9be14482799b,av2,3,spec197.tlsf,experiments/results-aurus-curves/aurus_lily15_seed03/accumulated/spec197.tlsf,1
lily15,8c25600945ff102564e2f8de7321a5eb,av3,25,spec164.tlsf,experiments/results-aurus-curves/aurus_lily15_seed25/accumulated/spec164.tlsf,1
lily15,8d14c7ad906744e83d78d17457573707,av3,19,spec168.tlsf,experiments/results-aurus-curves/aurus_lily15_seed19/accumulated/spec168.tlsf,1
lily15,8ea056281ee8abc395478c0accf01e3f,av2,0,spec112.tlsf,experiments/results-aurus-curves/aurus_lily15_seed00/accumulated/spec112.tlsf,1
lily15,8f1dccb8b62754d092ac24e2eaccc6d3,av2,3,spec330.tlsf,experiments/results-aurus-curves/aurus_lily15_seed03/accumulated/spec330.tlsf,1
lily15,8f9e22ad6171a3a3e0a9d53f82483403,av3,29,spec328.tlsf,experiments/results-aurus-curves/aurus_lily15_seed29/accumulated/spec328.tlsf,1
lily15,9248c39141d939d9d104ec5637833aa4,av2,7,spec118.tlsf,experiments/results-aurus-curves/aurus_lily15_seed07/accumulated/spec118.tlsf,1
lily15,926a3d124f8400abaf70b0477d41ff54,av3,19,spec213.tlsf,experiments/results-aurus-curves/aurus_lily15_seed19/accumulated/spec213.tlsf,1
lily15,93b0ec5063dd3fba9931a75757131c54,av3,28,spec85.tlsf,experiments/results-aurus-curves/aurus_lily15_seed28/accumulated/spec85.tlsf,1
lily15,946fd586ef1f6cdad5870a0d37e09689,av3,19,spec228.tlsf,experiments/results-aurus-curves/aurus_lily15_seed19/accumulated/spec228.tlsf,1
lily15,94b7dbf260b67c6c224e134cc2e6b411,av3,28,spec341.tlsf,experiments/results-aurus-curves/aurus_lily15_seed28/accumulated/spec341.tlsf,1
lily15,96444b7c9efeb4334d0d91400bb0e770,av3,23,spec152.tlsf,experiments/results-aurus-curves/aurus_lily15_seed23/accumulated/spec152.tlsf,1
lily15,96c68bb5ddc06ec080c1e766caf4737d,av2,8,spec98.tlsf,experiments/results-aurus-curves/aurus_lily15_seed08/accumulated/spec98.tlsf,1
lily15,9700078d0276cc06092e4d8de3ac96e9,av2,9,spec13.tlsf,experiments/results-aurus-curves/aurus_lily15_seed09/accumulated/spec13.tlsf,1
lily15,988272d814c3126e6803aeec4d915304,av2,2,spec410.tlsf,experiments/results-aurus-curves/aurus_lily15_seed02/accumulated/spec410.tlsf,1
lily15,994bf73b5d097c55d1e82c25f110526a,av3,19,spec111.tlsf,experiments/results-aurus-curves/aurus_lily15_seed19/accumulated/spec111.tlsf,1
lily15,9c216f80ffe6475bfb559564623af13b,av2,9,spec449.tlsf,experiments/results-aurus-curves/aurus_lily15_seed09/accumulated/spec449.tlsf,1
lily15,9c287fe7aa5fcd879720139ae90bbd44,av3,28,spec32.tlsf,experiments/results-aurus-curves/aurus_lily15_seed28/accumulated/spec32.tlsf,1
lily15,9c358e76c6259553e937410ab475a294,av2,11,spec83.tlsf,experiments/results-aurus-curves/aurus_lily15_seed11/accumulated/spec83.tlsf,1
lily15,9d016a60e361ae12352d1c84468121bc,av3,19,spec24.tlsf,experiments/results-aurus-curves/aurus_lily15_seed19/accumulated/spec24.tlsf,1
lily15,9d744cf83c30d4911153bfaa36d7c1f0,av3,18,spec475.tlsf,experiments/results-aurus-curves/aurus_lily15_seed18/accumulated/spec475.tlsf,1
lily15,9dd97dc4077e56885cd6b5cc88e8e7d4,av3,23,spec331.tlsf,experiments/results-aurus-curves/aurus_lily15_seed23/accumulated/spec331.tlsf,1
lily15,9e6dd68b78245e0e35e84dbace41dec8,av2,1,spec251.tlsf,experiments/results-aurus-curves/aurus_lily15_seed01/accumulated/spec251.tlsf,1
lily15,9ebf6fb2c7eb6b4471db25ff3f4d7033,av2,3,spec271.tlsf,experiments/results-aurus-curves/aurus_lily15_seed03/accumulated/spec271.tlsf,1
lily15,a222b5428b0d02a683d2178ee328612a,av2,11,spec234.tlsf,experiments/results-aurus-curves/aurus_lily15_seed11/accumulated/spec234.tlsf,1
lily15,a2c750654639eb5af10e5a7b9b0031de,av3,25,spec365.tlsf,experiments/results-aurus-curves/aurus_lily15_seed25/accumulated/spec365.tlsf,1
lily15,a43642fb4a9571c351a50c1f18f7d582,av2,2,spec403.tlsf,experiments/results-aurus-curves/aurus_lily15_seed02/accumulated/spec403.tlsf,1
lily15,a64251acc1e2ab25fd95f2f804e08b21,av3,21,spec187.tlsf,experiments/results-aurus-curves/aurus_lily15_seed21/accumulated/spec187.tlsf,1
lily15,a75224aab9678f3fbf59e984ad6fdd45,av3,18,spec305.tlsf,experiments/results-aurus-curves/aurus_lily15_seed18/accumulated/spec305.tlsf,1
lily15,aad9bf795859072a1a8bea34333c8610,av3,21,spec106.tlsf,experiments/results-aurus-curves/aurus_lily15_seed21/accumulated/spec106.tlsf,1
lily15,ab2309d3a93831898d09b68208de8193,av2,12,spec57.tlsf,experiments/results-aurus-curves/aurus_lily15_seed12/accumulated/spec57.tlsf,1
lily15,acec8070756f1c1b1e82f02782854160,av3,22,spec182.tlsf,experiments/results-aurus-curves/aurus_lily15_seed22/accumulated/spec182.tlsf,1
lily15,ad10cba3d9e6fe2bdc3e7028b4f8191f,av2,12,spec278.tlsf,experiments/results-aurus-curves/aurus_lily15_seed12/accumulated/spec278.tlsf,1
lily15,ad8cdc456eaca481fe7e210885bf79fb,av3,20,spec146.tlsf,experiments/results-aurus-curves/aurus_lily15_seed20/accumulated/spec146.tlsf,1
lily15,adc91d1f2450724c23b0ae2aed399e8b,av2,11,spec164.tlsf,experiments/results-aurus-curves/aurus_lily15_seed11/accumulated/spec164.tlsf,1
lily15,ae10df64df02bca8b173f1ca0903fb08,av2,12,spec156.tlsf,experiments/results-aurus-curves/aurus_lily15_seed12/accumulated/spec156.tlsf,1
lily15,ae7b60cb64c93a3c548fd1d754abcc8d,av3,15,spec90.tlsf,experiments/results-aurus-curves/aurus_lily15_seed15/accumulated/spec90.tlsf,1
lily15,b0543efeaf0b8b00df4176bfbe7b1015,av2,8,spec137.tlsf,experiments/results-aurus-curves/aurus_lily15_seed08/accumulated/spec137.tlsf,1
lily15,b63877c1a80a15c82c87cc604539b4b8,av2,5,spec254.tlsf,experiments/results-aurus-curves/aurus_lily15_seed05/accumulated/spec254.tlsf,1
lily15,b748afc3360e9daecfbd71c9942bad4f,av3,19,spec310.tlsf,experiments/results-aurus-curves/aurus_lily15_seed19/accumulated/spec310.tlsf,1
lily15,b889c8085d441eaa17a1b10d9f536c59,av3,22,spec243.tlsf,experiments/results-aurus-curves/aurus_lily15_seed22/accumulated/spec243.tlsf,1
lily15,b94329757572ca222e3f973495a44d4e,av2,10,spec401.tlsf,experiments/results-aurus-curves/aurus_lily15_seed10/accumulated/spec401.tlsf,1
lily15,b9e6b3aecb438e7e9c42567f3fa0fa3d,av2,5,spec130.tlsf,experiments/results-aurus-curves/aurus_lily15_seed05/accumulated/spec130.tlsf,1
lily15,ba5e067262d65b9d1a37558a4cc5b5fe,av3,17,spec484.tlsf,experiments/results-aurus-curves/aurus_lily15_seed17/accumulated/spec484.tlsf,1
lily15,bd0745397398d028a20ad0c7f20dbea4,av3,28,spec182.tlsf,experiments/results-aurus-curves/aurus_lily15_seed28/accumulated/spec182.tlsf,1
lily15,bebf3c4d4fe7898bd9cd85f4b964b2d9,av2,11,spec22.tlsf,experiments/results-aurus-curves/aurus_lily15_seed11/accumulated/spec22.tlsf,1
lily15,bf5d53f26d0cf24de4943299ae97a2e4,av3,23,spec56.tlsf,experiments/results-aurus-curves/aurus_lily15_seed23/accumulated/spec56.tlsf,1
lily15,c0720f67d23afc3c427046f054eb5ecf,av3,19,spec39.tlsf,experiments/results-aurus-curves/aurus_lily15_seed19/accumulated/spec39.tlsf,1
lily15,c0ff9e7b6334b86831a2d94d46de2079,av3,25,spec325.tlsf,experiments/results-aurus-curves/aurus_lily15_seed25/accumulated/spec325.tlsf,1
lily15,c334eda83954661dee9702a53ca81be2,av2,2,spec34.tlsf,experiments/results-aurus-curves/aurus_lily15_seed02/accumulated/spec34.tlsf,1
lily15,c432dbbc29d2994a2d237cd4569b4c8a,av2,11,spec418.tlsf,experiments/results-aurus-curves/aurus_lily15_seed11/accumulated/spec418.tlsf,1
lily15,c5ac2db6f279af4dd21986a8a6791ca5,av3,25,spec225.tlsf,experiments/results-aurus-curves/aurus_lily15_seed25/accumulated/spec225.tlsf,1
lily15,c5c063565e6c96d631bb716ad056bea9,av3,26,spec29.tlsf,experiments/results-aurus-curves/aurus_lily15_seed26/accumulated/spec29.tlsf,1
lily15,c6a28b7c754750b3c81b17fc546c25ae,av2,9,spec132.tlsf,experiments/results-aurus-curves/aurus_lily15_seed09/accumulated/spec132.tlsf,1
lily15,c7601cd65d39dd8cd13fd88d8ff7b854,av2,11,spec467.tlsf,experiments/results-aurus-curves/aurus_lily15_seed11/accumulated/spec467.tlsf,1
lily15,c8c841ee7bf7ddc3396f8923ee69c700,av2,1,spec94.tlsf,experiments/results-aurus-curves/aurus_lily15_seed01/accumulated/spec94.tlsf,1
lily15,cb3000ce5bae5ee9ab9822eeb2febca6,av3,19,spec2.tlsf,experiments/results-aurus-curves/aurus_lily15_seed19/accumulated/spec2.tlsf,1
lily15,cbd9be6bb94449274f4da1ca772aceef,av2,0,spec173.tlsf,experiments/results-aurus-curves/aurus_lily15_seed00/accumulated/spec173.tlsf,1
lily15,cd1852b6ae9b22834217675e61b45fa1,av2,7,spec64.tlsf,experiments/results-aurus-curves/aurus_lily15_seed07/accumulated/spec64.tlsf,1
lily15,cdcdbebef185e747cedc237c96867cb2,av3,18,spec284.tlsf,experiments/results-aurus-curves/aurus_lily15_seed18/accumulated/spec284.tlsf,1
lily15,ce61f35fb8545388610fdc91dc53b634,av3,25,spec186.tlsf,experiments/results-aurus-curves/aurus_lily15_seed25/accumulated/spec186.tlsf,1
lily15,ceec286ab201c6b75c3ecb6660e88440,av3,20,spec291.tlsf,experiments/results-aurus-curves/aurus_lily15_seed20/accumulated/spec291.tlsf,1
lily15,cff3d173200aefc1fd73443f7a16e3b2,av2,0,spec278.tlsf,experiments/results-aurus-curves/aurus_lily15_seed00/accumulated/spec278.tlsf,1
lily15,d393874252b7e7e5b01b2d0d7350ef3a,av3,26,spec389.tlsf,experiments/results-aurus-curves/aurus_lily15_seed26/accumulated/spec389.tlsf,1
lily15,d6f9257a0dedec4b1629cf064fb004c0,av3,19,spec92.tlsf,experiments/results-aurus-curves/aurus_lily15_seed19/accumulated/spec92.tlsf,1
lily15,d72c2a667fe88fd257fbf23599a214d1,av2,3,spec285.tlsf,experiments/results-aurus-curves/aurus_lily15_seed03/accumulated/spec285.tlsf,1
lily15,d7a4e0fa7a2c354c152434577c557ecf,av2,5,spec406.tlsf,experiments/results-aurus-curves/aurus_lily15_seed05/accumulated/spec406.tlsf,1
lily15,d7e0c43b834a6e61a34b1e2b4a3907cf,av2,3,spec101.tlsf,experiments/results-aurus-curves/aurus_lily15_seed03/accumulated/spec101.tlsf,1
lily15,d843421a8bc364c0f86bf1ebc3962a86,av3,21,spec245.tlsf,experiments/results-aurus-curves/aurus_lily15_seed21/accumulated/spec245.tlsf,1
lily15,d8bf6ac62acc84792c2943e9f29df10d,av2,0,spec298.tlsf,experiments/results-aurus-curves/aurus_lily15_seed00/accumulated/spec298.tlsf,1
lily15,d93ac20627db144c74044b6d82a89d87,av3,24,spec330.tlsf,experiments/results-aurus-curves/aurus_lily15_seed24/accumulated/spec330.tlsf,1
lily15,dbbc3e6c87d1754351734c0c54bd7788,av2,3,spec25.tlsf,experiments/results-aurus-curves/aurus_lily15_seed03/accumulated/spec25.tlsf,1
lily15,dc843dde02b1a95fd29ab94c8f916911,av3,22,spec177.tlsf,experiments/results-aurus-curves/aurus_lily15_seed22/accumulated/spec177.tlsf,1
lily15,dca4d376ab5b86794c25ea6d9390606b,av3,23,spec34.tlsf,experiments/results-aurus-curves/aurus_lily15_seed23/accumulated/spec34.tlsf,1
lily15,dcb46f0ec2248275349977178c932a8d,av2,14,spec112.tlsf,experiments/results-aurus-curves/aurus_lily15_seed14/accumulated/spec112.tlsf,1
lily15,de38aa38848b5f6a44d84b2f14514c16,av3,23,spec127.tlsf,experiments/results-aurus-curves/aurus_lily15_seed23/accumulated/spec127.tlsf,1
lily15,df1f356dde21d963de854187ff56fd87,av3,26,spec123.tlsf,experiments/results-aurus-curves/aurus_lily15_seed26/accumulated/spec123.tlsf,1
lily15,e1d86561a3625f6c8dd3f73555ee4298,av2,10,spec149.tlsf,experiments/results-aurus-curves/aurus_lily15_seed10/accumulated/spec149.tlsf,1
lily15,e24513932c2f16123e62da094e84640a,av3,28,spec194.tlsf,experiments/results-aurus-curves/aurus_lily15_seed28/accumulated/spec194.tlsf,1
lily15,e27dd6b508837109a216732f4033241a,av3,17,spec460.tlsf,experiments/results-aurus-curves/aurus_lily15_seed17/accumulated/spec460.tlsf,1
lily15,e32d1f4511f985d96dd2180d2dbb56bb,av3,25,spec143.tlsf,experiments/results-aurus-curves/aurus_lily15_seed25/accumulated/spec143.tlsf,1
lily15,e43f42b3927f6aaaf4d7bfdd42b27d0e,av3,19,spec77.tlsf,experiments/results-aurus-curves/aurus_lily15_seed19/accumulated/spec77.tlsf,1
lily15,e584407ab77ff26d9bea0d149e325d03,av3,28,spec266.tlsf,experiments/results-aurus-curves/aurus_lily15_seed28/accumulated/spec266.tlsf,1
lily15,e61cd67b480e696641f96c568dcf3253,av3,23,spec1.tlsf,experiments/results-aurus-curves/aurus_lily15_seed23/accumulated/spec1.tlsf,1
lily15,e65b576052b19956ab5932cd35d7fb07,av2,0,spec186.tlsf,experiments/results-aurus-curves/aurus_lily15_seed00/accumulated/spec186.tlsf,1
lily15,e720bec8043f27e7bcca68ca1193f717,av2,8,spec146.tlsf,experiments/results-aurus-curves/aurus_lily15_seed08/accumulated/spec146.tlsf,1
lily15,eb2eee4e1519b63302d9d343fe9c4c36,av3,18,spec459.tlsf,experiments/results-aurus-curves/aurus_lily15_seed18/accumulated/spec459.tlsf,1
lily15,ebcd625ca5b3eb4fb6349d1e200e442d,av2,8,spec125.tlsf,experiments/results-aurus-curves/aurus_lily15_seed08/accumulated/spec125.tlsf,1
lily15,ec8ffdb2db842335e81d28416c2eab4a,av2,14,spec25.tlsf,experiments/results-aurus-curves/aurus_lily15_seed14/accumulated/spec25.tlsf,1
lily15,ecafebfce9ead2b98a067055e3477b02,av3,20,spec423.tlsf,experiments/results-aurus-curves/aurus_lily15_seed20/accumulated/spec423.tlsf,1
lily15,ee41b65e34a95ed6f633eba7fa46703c,av3,24,spec129.tlsf,experiments/results-aurus-curves/aurus_lily15_seed24/accumulated/spec129.tlsf,1
lily15,ef34ea5b7a35d6181c533141530f81ac,av3,29,spec183.tlsf,experiments/results-aurus-curves/aurus_lily15_seed29/accumulated/spec183.tlsf,1
lily15,f1e1f321ef00cf6e1e94f671d1e3e35d,av2,1,spec346.tlsf,experiments/results-aurus-curves/aurus_lily15_seed01/accumulated/spec346.tlsf,1
lily15,f30c6488262c2e2ffcc276d3bbd00c03,av3,29,spec242.tlsf,experiments/results-aurus-curves/aurus_lily15_seed29/accumulated/spec242.tlsf,1
lily15,f3a536ca214d39cbf816f9ac1ef5476f,av2,14,spec55.tlsf,experiments/results-aurus-curves/aurus_lily15_seed14/accumulated/spec55.tlsf,1
lily15,f5a8142bed3119d749e303a84f5b2352,av3,18,spec23.tlsf,experiments/results-aurus-curves/aurus_lily15_seed18/accumulated/spec23.tlsf,1
lily15,f5b60556a72d501940505846e010d8a3,av2,2,spec361.tlsf,experiments/results-aurus-curves/aurus_lily15_seed02/accumulated/spec361.tlsf,1
lily15,f7a3dff845f8ec6fe44c7a7d1951a832,av2,2,spec202.tlsf,experiments/results-aurus-curves/aurus_lily15_seed02/accumulated/spec202.tlsf,1
lily15,f7b7a1c7ee57d19da762bc41909fbf8f,av2,12,spec93.tlsf,experiments/results-aurus-curves/aurus_lily15_seed12/accumulated/spec93.tlsf,1
lily15,f84fbcf4bcc6513d7abf223ae66ab914,av3,20,spec338.tlsf,experiments/results-aurus-curves/aurus_lily15_seed20/accumulated/spec338.tlsf,1
lily15,f9f5d70c621ed3b9363dc845c825efbe,av3,28,spec7.tlsf,experiments/results-aurus-curves/aurus_lily15_seed28/accumulated/spec7.tlsf,1
lily15,fa47b32f56c36fefbd0350e0230cb473,av2,8,spec53.tlsf,experiments/results-aurus-curves/aurus_lily15_seed08/accumulated/spec53.tlsf,1
lily15,fb1e2277e7eb869497e99d313a251e27,av2,13,spec62.tlsf,experiments/results-aurus-curves/aurus_lily15_seed13/accumulated/spec62.tlsf,1
lily15,fc63d9c8f10d31565cc939ce0dde6590,av3,19,spec171.tlsf,experiments/results-aurus-curves/aurus_lily15_seed19/accumulated/spec171.tlsf,1
lily15,fd9858627c6c573666437c096ac4fb90,av2,9,spec228.tlsf,experiments/results-aurus-curves/aurus_lily15_seed09/accumulated/spec228.tlsf,1
lily16,00a5e163d4187d3b8b8b32a2018c7c6d,av2,11,spec48.tlsf,experiments/results-aurus-curves/aurus_lily16_seed11/accumulated/spec48.tlsf,1
lily16,14be6ddec8ae4f899e58104190306e66,av2,7,spec161.tlsf,experiments/results-aurus-curves/aurus_lily16_seed07/accumulated/spec161.tlsf,1
lily16,185908f4fefe582a6d1d163c44400495,av2,12,spec373.tlsf,experiments/results-aurus-curves/aurus_lily16_seed12/accumulated/spec373.tlsf,1
lily16,18f944feea6bbb0086507a61377c92c7,av3,20,spec177.tlsf,experiments/results-aurus-curves/aurus_lily16_seed20/accumulated/spec177.tlsf,1
lily16,1b3e3cf0e47de1ec911a23a1ea5fec60,av3,17,spec281.tlsf,experiments/results-aurus-curves/aurus_lily16_seed17/accumulated/spec281.tlsf,1
lily16,23b26d186bc27e846bd9be2ae9a238b0,av2,3,spec149.tlsf,experiments/results-aurus-curves/aurus_lily16_seed03/accumulated/spec149.tlsf,1
lily16,2536181b6e026f73b564604560850386,av2,6,spec134.tlsf,experiments/results-aurus-curves/aurus_lily16_seed06/accumulated/spec134.tlsf,1
lily16,2e80539170127780393183356b9d6634,av2,3,spec238.tlsf,experiments/results-aurus-curves/aurus_lily16_seed03/accumulated/spec238.tlsf,1
lily16,33ca6076a6485c1045f6f94f4ff498ad,av2,2,spec246.tlsf,experiments/results-aurus-curves/aurus_lily16_seed02/accumulated/spec246.tlsf,1
lily16,37d25f689173821746ac4e5705f13588,av3,21,spec310.tlsf,experiments/results-aurus-curves/aurus_lily16_seed21/accumulated/spec310.tlsf,1
lily16,4304beda38cc444eb0b02c584a24246f,av3,28,spec248.tlsf,experiments/results-aurus-curves/aurus_lily16_seed28/accumulated/spec248.tlsf,1
lily16,46b38be4979c154119e9ffd906a1ef70,av2,2,spec414.tlsf,experiments/results-aurus-curves/aurus_lily16_seed02/accumulated/spec414.tlsf,1
lily16,4ebf54170e02510f350a41d7e6d17fb4,av2,11,spec116.tlsf,experiments/results-aurus-curves/aurus_lily16_seed11/accumulated/spec116.tlsf,1
lily16,5181774e1063520fea9fb7ed2462992b,av3,15,spec33.tlsf,experiments/results-aurus-curves/aurus_lily16_seed15/accumulated/spec33.tlsf,1
lily16,5d3c9684550341baadd049f69b5083d3,av2,2,spec193.tlsf,experiments/results-aurus-curves/aurus_lily16_seed02/accumulated/spec193.tlsf,1
lily16,69542918d072c6995530a4a1ad712e16,av3,25,spec159.tlsf,experiments/results-aurus-curves/aurus_lily16_seed25/accumulated/spec159.tlsf,1
lily16,7173b6d78d0d740f42adca3eae794108,av2,2,spec282.tlsf,experiments/results-aurus-curves/aurus_lily16_seed02/accumulated/spec282.tlsf,1
lily16,79a72c8ebc1b3b9f35e148758b3db228,av3,25,spec297.tlsf,experiments/results-aurus-curves/aurus_lily16_seed25/accumulated/spec297.tlsf,1
lily16,7ac67d22194a488ebe97f2c399d66642,av2,2,spec343.tlsf,experiments/results-aurus-curves/aurus_lily16_seed02/accumulated/spec343.tlsf,1
lily16,806c57354aa0fc61b8cf9f632ef3500f,av2,7,spec249.tlsf,experiments/results-aurus-curves/aurus_lily16_seed07/accumulated/spec249.tlsf,1
lily16,82b0b736ce8b7cf83e04a0f5b250f6cf,av2,2,spec392.tlsf,experiments/results-aurus-curves/aurus_lily16_seed02/accumulated/spec392.tlsf,1
lily16,8683eab240f16b97264b5e369b3e3b1b,av3,21,spec85.tlsf,experiments/results-aurus-curves/aurus_lily16_seed21/accumulated/spec85.tlsf,1
lily16,8b72202ae87a01162cc617e8bc9b204c,av3,28,spec28.tlsf,experiments/results-aurus-curves/aurus_lily16_seed28/accumulated/spec28.tlsf,1
lily16,8fdddd30b3335f0e6bed837bd0f24af5,av3,17,spec68.tlsf,experiments/results-aurus-curves/aurus_lily16_seed17/accumulated/spec68.tlsf,1
lily16,90dd3aacb31d2f209ca52039440760d3,av2,1,spec43.tlsf,experiments/results-aurus-curves/aurus_lily16_seed01/accumulated/spec43.tlsf,1
lily16,944c0cc4435c94260cee330e65538c3c,av3,20,spec34.tlsf,experiments/results-aurus-curves/aurus_lily16_seed20/accumulated/spec34.tlsf,1
lily16,9521aa1f78b840145888eeca0997c8a4,av3,25,spec62.tlsf,experiments/results-aurus-curves/aurus_lily16_seed25/accumulated/spec62.tlsf,1
lily16,964eac3171fe76bb54115628e0fa1fd6,av2,4,spec35.tlsf,experiments/results-aurus-curves/aurus_lily16_seed04/accumulated/spec35.tlsf,1
lily16,9677d147f554bd276a16ace4ce011c88,av3,15,spec60.tlsf,experiments/results-aurus-curves/aurus_lily16_seed15/accumulated/spec60.tlsf,1
lily16,a8f32b5a88373b8e54142f241d488c77,av2,7,spec136.tlsf,experiments/results-aurus-curves/aurus_lily16_seed07/accumulated/spec136.tlsf,1
lily16,aaf05fd27d2cc541726bdc9f3e8f3d3c,av3,21,spec364.tlsf,experiments/results-aurus-curves/aurus_lily16_seed21/accumulated/spec364.tlsf,1
lily16,bac8046aed7317bbb74fb7a79a8b4371,av3,17,spec223.tlsf,experiments/results-aurus-curves/aurus_lily16_seed17/accumulated/spec223.tlsf,1
lily16,bf242f92f39be5f839feda9a871325cd,av2,4,spec441.tlsf,experiments/results-aurus-curves/aurus_lily16_seed04/accumulated/spec441.tlsf,1
lily16,c3498d9db8375aae036c7af852ba9e75,av3,20,spec82.tlsf,experiments/results-aurus-curves/aurus_lily16_seed20/accumulated/spec82.tlsf,1
lily16,c9e161dd7411ddef4780d3911539c00f,av3,17,spec175.tlsf,experiments/results-aurus-curves/aurus_lily16_seed17/accumulated/spec175.tlsf,1
lily16,ccc33f1e5303ebf01cddccbfe6be5634,av2,2,spec297.tlsf,experiments/results-aurus-curves/aurus_lily16_seed02/accumulated/spec297.tlsf,1
lily16,e329891e10dfc996ddec63536efc55f1,av3,25,spec141.tlsf,experiments/results-aurus-curves/aurus_lily16_seed25/accumulated/spec141.tlsf,1
lily16,e3345bbdea8a79cdc85c647800d53f0b,av3,17,spec235.tlsf,experiments/results-aurus-curves/aurus_lily16_seed17/accumulated/spec235.tlsf,1
lily16,eecd3962f4c8fab7a61372cf04a84442,av2,13,spec296.tlsf,experiments/results-aurus-curves/aurus_lily16_seed13/accumulated/spec296.tlsf,1
lily16,f6aee5c735ddf34284e549e9eb04da28,av3,20,spec183.tlsf,experiments/results-aurus-curves/aurus_lily16_seed20/accumulated/spec183.tlsf,1
lily16,fedcb41eb2f379e9e25a9afd4af3c7c2,av3,23,spec347.tlsf,experiments/results-aurus-curves/aurus_lily16_seed23/accumulated/spec347.tlsf,1
load-balancer-aurus,0033d4ecccc0fdbff7147c7705b1de01,av3,27,spec35.tlsf,experiments/results-aurus-curves/aurus_load-balancer-aurus_seed27/accumulated/spec35.tlsf,1
load-balancer-aurus,007a39f384c0c47187fdb685b46f005d,av3,19,spec118.tlsf,experiments/results-aurus-curves/aurus_load-balancer-aurus_seed19/accumulated/spec118.tlsf,1
load-balancer-aurus,02a0f84674d470cefd1d9629cdd6ee14,av2,7,spec425.tlsf,experiments/results-aurus-curves/aurus_load-balancer-aurus_seed07/accumulated/spec425.tlsf,1
load-balancer-aurus,06c27e2072d04efb69acd54c24737350,av3,23,spec139.tlsf,experiments/results-aurus-curves/aurus_load-balancer-aurus_seed23/accumulated/spec139.tlsf,1
load-balancer-aurus,0a0bae7a427c84f9a46f29dcf220435f,av2,2,spec112.tlsf,experiments/results-aurus-curves/aurus_load-balancer-aurus_seed02/accumulated/spec112.tlsf,1
load-balancer-aurus,0b4a08d9a75334cda01d649638da358d,av3,25,spec25.tlsf,experiments/results-aurus-curves/aurus_load-balancer-aurus_seed25/accumulated/spec25.tlsf,1
load-balancer-aurus,110c992ee2a4b0970e182845ae2a648a,av2,1,spec37.tlsf,experiments/results-aurus-curves/aurus_load-balancer-aurus_seed01/accumulated/spec37.tlsf,1
load-balancer-aurus,134ba93e1e8ade6f23117e8972dcbff8,av3,26,spec310.tlsf,experiments/results-aurus-curves/aurus_load-balancer-aurus_seed26/accumulated/spec310.tlsf,1
load-balancer-aurus,13d0dca4ab639eb13758283e52299916,av2,12,spec20.tlsf,experiments/results-aurus-curves/aurus_load-balancer-aurus_seed12/accumulated/spec20.tlsf,1
load-balancer-aurus,148addfee4640778cb26813b3d925670,av2,6,spec448.tlsf,experiments/results-aurus-curves/aurus_load-balancer-aurus_seed06/accumulated/spec448.tlsf,1
load-balancer-aurus,17af1979b00fbf1ed844be511190fbb9,av2,8,spec427.tlsf,experiments/results-aurus-curves/aurus_load-balancer-aurus_seed08/accumulated/spec427.tlsf,1
load-balancer-aurus,1b8aeae2c59323f75110098650c11032,av2,10,spec129.tlsf,experiments/results-aurus-curves/aurus_load-balancer-aurus_seed10/accumulated/spec129.tlsf,2
load-balancer-aurus,1de4b2e4c125fc7a75292eea44d74d93,av2,10,spec265.tlsf,experiments/results-aurus-curves/aurus_load-balancer-aurus_seed10/accumulated/spec265.tlsf,1
load-balancer-aurus,214d29ddb24277a263816ad27ed9ee55,av2,7,spec176.tlsf,experiments/results-aurus-curves/aurus_load-balancer-aurus_seed07/accumulated/spec176.tlsf,1
load-balancer-aurus,24a019dd3e96209e34710937635fdd4f,av2,7,spec78.tlsf,experiments/results-aurus-curves/aurus_load-balancer-aurus_seed07/accumulated/spec78.tlsf,1
load-balancer-aurus,253f2a7d06a1ed6b5c22c91938963d1e,av2,10,spec122.tlsf,experiments/results-aurus-curves/aurus_load-balancer-aurus_seed10/accumulated/spec122.tlsf,1
load-balancer-aurus,260b47119b2ba8ef28b8c532604af164,av3,20,spec101.tlsf,experiments/results-aurus-curves/aurus_load-balancer-aurus_seed20/accumulated/spec101.tlsf,1
load-balancer-aurus,28a70129e2fcedd3f1d4d15d120f29c3,av3,25,spec291.tlsf,experiments/results-aurus-curves/aurus_load-balancer-aurus_seed25/accumulated/spec291.tlsf,1
load-balancer-aurus,2b4cedbe13d2f3dcb613c97d1ffb2e7a,av3,29,spec105.tlsf,experiments/results-aurus-curves/aurus_load-balancer-aurus_seed29/accumulated/spec105.tlsf,1
load-balancer-aurus,2b4d2a44a327bb97631db916bf894167,av2,10,spec127.tlsf,experiments/results-aurus-curves/aurus_load-balancer-aurus_seed10/accumulated/spec127.tlsf,1
load-balancer-aurus,307e1a140f124c535dcbb8fbf0d35f79,av2,12,spec141.tlsf,experiments/results-aurus-curves/aurus_load-balancer-aurus_seed12/accumulated/spec141.tlsf,1
load-balancer-aurus,3117b554d2ef98224a7a97a56fe3a452,av3,29,spec412.tlsf,experiments/results-aurus-curves/aurus_load-balancer-aurus_seed29/accumulated/spec412.tlsf,1
load-balancer-aurus,319a264fa4f21fbcc924b3dd3839c138,av2,6,spec470.tlsf,experiments/results-aurus-curves/aurus_load-balancer-aurus_seed06/accumulated/spec470.tlsf,1
load-balancer-aurus,336a14ff22f6d9f2eea68277e94e0fe4,av3,26,spec449.tlsf,experiments/results-aurus-curves/aurus_load-balancer-aurus_seed26/accumulated/spec449.tlsf,1
load-balancer-aurus,340be92a1fee176ba15b4d71e165bd56,av2,3,spec337.tlsf,experiments/results-aurus-curves/aurus_load-balancer-aurus_seed03/accumulated/spec337.tlsf,1
load-balancer-aurus,34a187d1d7f5fe2244d5bd4cbbf8d982,av2,3,spec109.tlsf,experiments/results-aurus-curves/aurus_load-balancer-aurus_seed03/accumulated/spec109.tlsf,1
load-balancer-aurus,37885811d69143a446e6d0ffc68952ba,av2,2,spec444.tlsf,experiments/results-aurus-curves/aurus_load-balancer-aurus_seed02/accumulated/spec444.tlsf,1
load-balancer-aurus,3d48dd0060edd4b46220a35da861a2e5,av3,18,spec127.tlsf,experiments/results-aurus-curves/aurus_load-balancer-aurus_seed18/accumulated/spec127.tlsf,1
load-balancer-aurus,3fbd0e92e26eeb1434bed2dffe237afd,av2,4,spec337.tlsf,experiments/results-aurus-curves/aurus_load-balancer-aurus_seed04/accumulated/spec337.tlsf,1
load-balancer-aurus,400deb3abc8f49b1f96f5434e52b162e,av3,23,spec317.tlsf,experiments/results-aurus-curves/aurus_load-balancer-aurus_seed23/accumulated/spec317.tlsf,1
load-balancer-aurus,4109e5a8e65b3b6730e18fc415f8c437,av3,25,spec27.tlsf,experiments/results-aurus-curves/aurus_load-balancer-aurus_seed25/accumulated/spec27.tlsf,1
load-balancer-aurus,45a93579016763a83492a3551dae4bef,av2,11,spec270.tlsf,experiments/results-aurus-curves/aurus_load-balancer-aurus_seed11/accumulated/spec270.tlsf,1
load-balancer-aurus,47dc12686b94f56b852fd57061aa6d94,av3,27,spec43.tlsf,experiments/results-aurus-curves/aurus_load-balancer-aurus_seed27/accumulated/spec43.tlsf,1
load-balancer-aurus,489bc344981eede5ad887a9ac409d0f8,av2,6,spec511.tlsf,experiments/results-aurus-curves/aurus_load-balancer-aurus_seed06/accumulated/spec511.tlsf,1
load-balancer-aurus,4ed34b370b2270b324bf00ac3dd725a0,av2,6,spec339.tlsf,experiments/results-aurus-curves/aurus_load-balancer-aurus_seed06/accumulated/spec339.tlsf,1
load-balancer-aurus,4fc78ee9f312ae3ca9e751f600a77114,av3,17,spec528.tlsf,experiments/results-aurus-curves/aurus_load-balancer-aurus_seed17/accumulated/spec528.tlsf,1
load-balancer-aurus,523b5ae1c31b79759dc67b505ae63849,av2,1,spec286.tlsf,experiments/results-aurus-curves/aurus_load-balancer-aurus_seed01/accumulated/spec286.tlsf,1
load-balancer-aurus,55297a627d064feb7ed34e499b6f0211,av3,16,spec568.tlsf,experiments/results-aurus-curves/aurus_load-balancer-aurus_seed16/accumulated/spec568.tlsf,1
load-balancer-aurus,55d02589d9b346407b8692e69267f5d0,av3,20,spec295.tlsf,experiments/results-aurus-curves/aurus_load-balancer-aurus_seed20/accumulated/spec295.tlsf,1
load-balancer-aurus,56120a7632b9021f7a8d88abb2175fdb,av3,20,spec31.tlsf,experiments/results-aurus-curves/aurus_load-balancer-aurus_seed20/accumulated/spec31.tlsf,1
load-balancer-aurus,5c7f0eac5127f1551b874961dd37889b,av3,26,spec352.tlsf,experiments/results-aurus-curves/aurus_load-balancer-aurus_seed26/accumulated/spec352.tlsf,1
load-balancer-aurus,5d73ea09a8089ce6514e6700ff7e6728,av2,14,spec426.tlsf,experiments/results-aurus-curves/aurus_load-balancer-aurus_seed14/accumulated/spec426.tlsf,1
load-balancer-aurus,5e927a2da9d1613cc6fdfb03fd3f48aa,av2,14,spec508.tlsf,experiments/results-aurus-curves/aurus_load-balancer-aurus_seed14/accumulated/spec508.tlsf,1
load-balancer-aurus,5ecfdb8c6ce79d44f5adff02e4a8d989,av2,8,spec144.tlsf,experiments/results-aurus-curves/aurus_load-balancer-aurus_seed08/accumulated/spec144.tlsf,1
load-balancer-aurus,5f1a94a8231ba5683a003ab8694b8c58,av2,2,spec43.tlsf,experiments/results-aurus-curves/aurus_load-balancer-aurus_seed02/accumulated/spec43.tlsf,1
load-balancer-aurus,5f58a64d4de1ceb3ede6481afe56a72b,av2,6,spec508.tlsf,experiments/results-aurus-curves/aurus_load-balancer-aurus_seed06/accumulated/spec508.tlsf,1
load-balancer-aurus,60ac15c13f31019923171c7fa77a18b9,av2,11,spec446.tlsf,experiments/results-aurus-curves/aurus_load-balancer-aurus_seed11/accumulated/spec446.tlsf,1
load-balancer-aurus,60dfba59e486942dd7e4cdf16c79910e,av2,3,spec481.tlsf,experiments/results-aurus-curves/aurus_load-balancer-aurus_seed03/accumulated/spec481.tlsf,1
load-balancer-aurus,611cfc623a7c3658661c3b5057e2ceed,av3,29,spec380.tlsf,experiments/results-aurus-curves/aurus_load-balancer-aurus_seed29/accumulated/spec380.tlsf,1
load-balancer-aurus,61b25c7d1b732c303059ce5fdea30d4f,av3,29,spec239.tlsf,experiments/results-aurus-curves/aurus_load-balancer-aurus_seed29/accumulated/spec239.tlsf,1
load-balancer-aurus,635d02ac8ae1b009a1abb3281b0e0b7f,av3,17,spec377.tlsf,experiments/results-aurus-curves/aurus_load-balancer-aurus_seed17/accumulated/spec377.tlsf,1
load-balancer-aurus,65870bdd84f8f9409e8eac9db2d5824d,av3,25,spec318.tlsf,experiments/results-aurus-curves/aurus_load-balancer-aurus_seed25/accumulated/spec318.tlsf,1
load-balancer-aurus,688b5340aafe32ff6198df7c29c0270d,av2,5,spec184.tlsf,experiments/results-aurus-curves/aurus_load-balancer-aurus_seed05/accumulated/spec184.tlsf,1
load-balancer-aurus,68ecade438f90eb72e24cfecd5c42490,av2,1,spec122.tlsf,experiments/results-aurus-curves/aurus_load-balancer-aurus_seed01/accumulated/spec122.tlsf,1
load-balancer-aurus,6a2c8237eb2e7cc63692dfdb494a30a7,av2,0,spec432.tlsf,experiments/results-aurus-curves/aurus_load-balancer-aurus_seed00/accumulated/spec432.tlsf,1
load-balancer-aurus,6a6078caaedcabb5bfe8b414904d068e,av3,15,spec490.tlsf,experiments/results-aurus-curves/aurus_load-balancer-aurus_seed15/accumulated/spec490.tlsf,1
load-balancer-aurus,6d2c08d00c6bd3e59e8cb07f6ecec7eb,av3,17,spec475.tlsf,experiments/results-aurus-curves/aurus_load-balancer-aurus_seed17/accumulated/spec475.tlsf,1
load-balancer-aurus,6e533863df5e7f812c1d2e23bbc8384c,av3,18,spec331.tlsf,experiments/results-aurus-curves/aurus_load-balancer-aurus_seed18/accumulated/spec331.tlsf,1
load-balancer-aurus,71362d9036f2cbc3398a2bd4805e54b4,av2,8,spec52.tlsf,experiments/results-aurus-curves/aurus_load-balancer-aurus_seed08/accumulated/spec52.tlsf,1
load-balancer-aurus,7442efa6a5e7d82ef62fe8d2eb4cc9ce,av3,24,spec493.tlsf,experiments/results-aurus-curves/aurus_load-balancer-aurus_seed24/accumulated/spec493.tlsf,1
load-balancer-aurus,7993652d29bb4ac6f5a2ab054e42471f,av3,21,spec114.tlsf,experiments/results-aurus-curves/aurus_load-balancer-aurus_seed21/accumulated/spec114.tlsf,1
load-balancer-aurus,7d3ef2f4d02cd4100288e250085c7fe3,av3,17,spec432.tlsf,experiments/results-aurus-curves/aurus_load-balancer-aurus_seed17/accumulated/spec432.tlsf,1
load-balancer-aurus,80a53c9673cfd0d0d8aefc74d79da0f6,av3,16,spec380.tlsf,experiments/results-aurus-curves/aurus_load-balancer-aurus_seed16/accumulated/spec380.tlsf,1
load-balancer-aurus,8197e89b18e625ed5671d33d5509d3b8,av3,24,spec263.tlsf,experiments/results-aurus-curves/aurus_load-balancer-aurus_seed24/accumulated/spec263.tlsf,1
load-balancer-aurus,822cc3f6c2faf7f1df30e23fbdfaed41,av2,12,spec252.tlsf,experiments/results-aurus-curves/aurus_load-balancer-aurus_seed12/accumulated/spec252.tlsf,1
load-balancer-aurus,83e35d92e1fed1ffb01ccf6dd2869ccc,av3,18,spec174.tlsf,experiments/results-aurus-curves/aurus_load-balancer-aurus_seed18/accumulated/spec174.tlsf,1
load-balancer-aurus,84a0347886eb94fa70b5a4ad514de008,av2,3,spec37.tlsf,experiments/results-aurus-curves/aurus_load-balancer-aurus_seed03/accumulated/spec37.tlsf,1
load-balancer-aurus,84b57e209df282d1010c2b4e69a676b7,av3,26,spec486.tlsf,experiments/results-aurus-curves/aurus_load-balancer-aurus_seed26/accumulated/spec486.tlsf,1
load-balancer-aurus,87bd78dd640e54029756321dcba92616,av3,28,spec181.tlsf,experiments/results-aurus-curves/aurus_load-balancer-aurus_seed28/accumulated/spec181.tlsf,1
load-balancer-aurus,88513efb9eceeef9c5a2cdd1d53c63df,av3,29,spec89.tlsf,experiments/results-aurus-curves/aurus_load-balancer-aurus_seed29/accumulated/spec89.tlsf,1
load-balancer-aurus,891dd15ede2d071f001f8e21e295add9,av3,22,spec130.tlsf,experiments/results-aurus-curves/aurus_load-balancer-aurus_seed22/accumulated/spec130.tlsf,1
load-balancer-aurus,8b483ebfa595a05e450d62ae4a2f40db,av2,1,spec428.tlsf,experiments/results-aurus-curves/aurus_load-balancer-aurus_seed01/accumulated/spec428.tlsf,1
load-balancer-aurus,8dcf1fbf5e7fc9afdfdad4ff8e682a05,av3,28,spec383.tlsf,experiments/results-aurus-curves/aurus_load-balancer-aurus_seed28/accumulated/spec383.tlsf,1
load-balancer-aurus,8e33efc3d16f182ecfb32677aaaec9c5,av2,9,spec200.tlsf,experiments/results-aurus-curves/aurus_load-balancer-aurus_seed09/accumulated/spec200.tlsf,1
load-balancer-aurus,8e44edbecc07455d75f001184c5dfb16,av3,23,spec252.tlsf,experiments/results-aurus-curves/aurus_load-balancer-aurus_seed23/accumulated/spec252.tlsf,1
load-balancer-aurus,8fa266af6f401fc392853a7bd590d9b6,av3,19,spec85.tlsf,experiments/results-aurus-curves/aurus_load-balancer-aurus_seed19/accumulated/spec85.tlsf,1
load-balancer-aurus,907c984aa0e7b0cc86a5d52576e9f3b6,av2,14,spec397.tlsf,experiments/results-aurus-curves/aurus_load-balancer-aurus_seed14/accumulated/spec397.tlsf,1
load-balancer-aurus,936515d6688cbd927781ba020e67eaff,av3,20,spec11.tlsf,experiments/results-aurus-curves/aurus_load-balancer-aurus_seed20/accumulated/spec11.tlsf,2
load-balancer-aurus,943dd19be0e9f7123ffeef3a7aa1e8a8,av3,18,spec444.tlsf,experiments/results-aurus-curves/aurus_load-balancer-aurus_seed18/accumulated/spec444.tlsf,1
load-balancer-aurus,94ce34ddacd2bfbc846153e3885643eb,av3,29,spec122.tlsf,experiments/results-aurus-curves/aurus_load-balancer-aurus_seed29/accumulated/spec122.tlsf,1
load-balancer-aurus,98211a0c0361e140b6e5f703ee35b00c,av2,9,spec85.tlsf,experiments/results-aurus-curves/aurus_load-balancer-aurus_seed09/accumulated/spec85.tlsf,1
load-balancer-aurus,9ca178b6895349661818f51e402f8733,av2,10,spec313.tlsf,experiments/results-aurus-curves/aurus_load-balancer-aurus_seed10/accumulated/spec313.tlsf,1
load-balancer-aurus,9de182111db20306cb9ac44f400bb62a,av2,3,spec206.tlsf,experiments/results-aurus-curves/aurus_load-balancer-aurus_seed03/accumulated/spec206.tlsf,1
load-balancer-aurus,9fd297981977ff75532102c07b18bb52,av3,19,spec225.tlsf,experiments/results-aurus-curves/aurus_load-balancer-aurus_seed19/accumulated/spec225.tlsf,1
load-balancer-aurus,a2df21da2f5b36db2bf83927da8d6857,av3,16,spec373.tlsf,experiments/results-aurus-curves/aurus_load-balancer-aurus_seed16/accumulated/spec373.tlsf,1
load-balancer-aurus,a3cf91767088d8cf9c92cfe1f8a20da9,av3,26,spec204.tlsf,experiments/results-aurus-curves/aurus_load-balancer-aurus_seed26/accumulated/spec204.tlsf,1
load-balancer-aurus,a58b0025266465d7cedcedcaff61ba02,av2,1,spec353.tlsf,experiments/results-aurus-curves/aurus_load-balancer-aurus_seed01/accumulated/spec353.tlsf,1
load-balancer-aurus,a61bff17757b2d50f8c43db0d93c9ee1,av2,8,spec343.tlsf,experiments/results-aurus-curves/aurus_load-balancer-aurus_seed08/accumulated/spec343.tlsf,1
load-balancer-aurus,a8260881e4e48bde062f4a0c5238c84c,av2,1,spec411.tlsf,experiments/results-aurus-curves/aurus_load-balancer-aurus_seed01/accumulated/spec411.tlsf,1
load-balancer-aurus,ac9ad25dc5b6a9ab2391cf4741a2eb09,av3,24,spec57.tlsf,experiments/results-aurus-curves/aurus_load-balancer-aurus_seed24/accumulated/spec57.tlsf,1
load-balancer-aurus,ade3bcd96da7a8e788a28e5c54a92048,av2,10,spec76.tlsf,experiments/results-aurus-curves/aurus_load-balancer-aurus_seed10/accumulated/spec76.tlsf,1
load-balancer-aurus,af94c19a1719b69349c1ac805098b34d,av3,19,spec211.tlsf,experiments/results-aurus-curves/aurus_load-balancer-aurus_seed19/accumulated/spec211.tlsf,1
load-balancer-aurus,b0f2c49ffe9fe107bdf493539046214e,av3,28,spec60.tlsf,experiments/results-aurus-curves/aurus_load-balancer-aurus_seed28/accumulated/spec60.tlsf,1
load-balancer-aurus,b1abf75768c2448d4ef137fbfc47b3c4,av2,2,spec159.tlsf,experiments/results-aurus-curves/aurus_load-balancer-aurus_seed02/accumulated/spec159.tlsf,1
load-balancer-aurus,b3a6b3b4b19f37e73a425bd81694f76f,av3,15,spec288.tlsf,experiments/results-aurus-curves/aurus_load-balancer-aurus_seed15/accumulated/spec288.tlsf,1
load-balancer-aurus,bba118131f4ac301fc844f909e2c5ec9,av2,10,spec499.tlsf,experiments/results-aurus-curves/aurus_load-balancer-aurus_seed10/accumulated/spec499.tlsf,1
load-balancer-aurus,bba5407fa6b38f107f1feaa3b22e0945,av3,23,spec238.tlsf,experiments/results-aurus-curves/aurus_load-balancer-aurus_seed23/accumulated/spec238.tlsf,1
load-balancer-aurus,bc722574d9ecf67ce8480efe26e635df,av3,25,spec395.tlsf,experiments/results-aurus-curves/aurus_load-balancer-aurus_seed25/accumulated/spec395.tlsf,1
load-balancer-aurus,bd205c1eebcc3d6757a42289758b37ef,av2,12,spec258.tlsf,experiments/results-aurus-curves/aurus_load-balancer-aurus_seed12/accumulated/spec258.tlsf,1
load-balancer-aurus,c1e9d3d460ed50dcaed23fc4e20ed423,av2,4,spec348.tlsf,experiments/results-aurus-curves/aurus_load-balancer-aurus_seed04/accumulated/spec348.tlsf,2
load-balancer-aurus,c25386d72e82ef044a3816938fe2eabd,av3,29,spec468.tlsf,experiments/results-aurus-curves/aurus_load-balancer-aurus_seed29/accumulated/spec468.tlsf,1
load-balancer-aurus,c63928468bfa71fafa7f834d58bc355d,av2,1,spec20.tlsf,experiments/results-aurus-curves/aurus_load-balancer-aurus_seed01/accumulated/spec20.tlsf,1
load-balancer-aurus,c6f49765fd05d68036fad42c9b7cc812,av3,16,spec147.tlsf,experiments/results-aurus-curves/aurus_load-balancer-aurus_seed16/accumulated/spec147.tlsf,1
load-balancer-aurus,c74d9a5e8a5740374f7f86f85bf0825b,av3,15,spec232.tlsf,experiments/results-aurus-curves/aurus_load-balancer-aurus_seed15/accumulated/spec232.tlsf,1
load-balancer-aurus,c820cda3f2000a9ec7037fa9ca05f497,av3,19,spec131.tlsf,experiments/results-aurus-curves/aurus_load-balancer-aurus_seed19/accumulated/spec131.tlsf,1
load-balancer-aurus,c8f477375a7821c4a8bfc3b40a467556,av2,14,spec305.tlsf,experiments/results-aurus-curves/aurus_load-balancer-aurus_seed14/accumulated/spec305.tlsf,1
load-balancer-aurus,ceece95533b4fe86ec68240313dfeab2,av3,15,spec186.tlsf,experiments/results-aurus-curves/aurus_load-balancer-aurus_seed15/accumulated/spec186.tlsf,1
load-balancer-aurus,cf2037a10b86ce303630e39a1ad4176d,av2,2,spec117.tlsf,experiments/results-aurus-curves/aurus_load-balancer-aurus_seed02/accumulated/spec117.tlsf,1
load-balancer-aurus,cf30103e62d57d4c92575b4f53d38c46,av3,29,spec195.tlsf,experiments/results-aurus-curves/aurus_load-balancer-aurus_seed29/accumulated/spec195.tlsf,1
load-balancer-aurus,d6487bbbcf84a315237c4f3ad97696fb,av3,19,spec163.tlsf,experiments/results-aurus-curves/aurus_load-balancer-aurus_seed19/accumulated/spec163.tlsf,1
load-balancer-aurus,d7b8f2b13f977beb361cc89d25e63cde,av2,1,spec214.tlsf,experiments/results-aurus-curves/aurus_load-balancer-aurus_seed01/accumulated/spec214.tlsf,1
load-balancer-aurus,dc12231ac007ec57c7d0f99d7fa170c8,av3,23,spec254.tlsf,experiments/results-aurus-curves/aurus_load-balancer-aurus_seed23/accumulated/spec254.tlsf,1
load-balancer-aurus,def1f9c8aee41237fea5152a66fa74d5,av2,8,spec62.tlsf,experiments/results-aurus-curves/aurus_load-balancer-aurus_seed08/accumulated/spec62.tlsf,1
load-balancer-aurus,e0401a4426921b8de01c707c5af57447,av3,15,spec10.tlsf,experiments/results-aurus-curves/aurus_load-balancer-aurus_seed15/accumulated/spec10.tlsf,1
load-balancer-aurus,e280efb6f73be4d4d5b944b7ea9c0ff7,av3,29,spec92.tlsf,experiments/results-aurus-curves/aurus_load-balancer-aurus_seed29/accumulated/spec92.tlsf,1
load-balancer-aurus,e58f4ca75c36a1b9938eaeeb59e1b0f8,av3,23,spec296.tlsf,experiments/results-aurus-curves/aurus_load-balancer-aurus_seed23/accumulated/spec296.tlsf,1
load-balancer-aurus,e60bc4d9263d1bb77a18247b7aa21857,av2,9,spec186.tlsf,experiments/results-aurus-curves/aurus_load-balancer-aurus_seed09/accumulated/spec186.tlsf,1
load-balancer-aurus,e62f745014d2ca6bffdd63523af3cbc1,av3,29,spec273.tlsf,experiments/results-aurus-curves/aurus_load-balancer-aurus_seed29/accumulated/spec273.tlsf,1
load-balancer-aurus,e74bb82c29201a7340197781161f9358,av2,11,spec34.tlsf,experiments/results-aurus-curves/aurus_load-balancer-aurus_seed11/accumulated/spec34.tlsf,1
load-balancer-aurus,e796a7675cffd76e99d2c7e285a99adf,av2,1,spec348.tlsf,experiments/results-aurus-curves/aurus_load-balancer-aurus_seed01/accumulated/spec348.tlsf,1
load-balancer-aurus,eae85023ea533b78e89373894ee9e6f8,av2,7,spec211.tlsf,experiments/results-aurus-curves/aurus_load-balancer-aurus_seed07/accumulated/spec211.tlsf,1
load-balancer-aurus,f17f2154606c2e587286a04f21f033c5,av3,27,spec209.tlsf,experiments/results-aurus-curves/aurus_load-balancer-aurus_seed27/accumulated/spec209.tlsf,1
load-balancer-aurus,f93bc88c057d9e14031bdfa4ff2461db,av2,14,spec488.tlsf,experiments/results-aurus-curves/aurus_load-balancer-aurus_seed14/accumulated/spec488.tlsf,1
load-balancer-aurus,f93c82a2e9e65980ce665234e3d8e217,av3,28,spec510.tlsf,experiments/results-aurus-curves/aurus_load-balancer-aurus_seed28/accumulated/spec510.tlsf,1
load-balancer-aurus,fa75511a3ab5486ca3ab68097cee3faa,av2,12,spec205.tlsf,experiments/results-aurus-curves/aurus_load-balancer-aurus_seed12/accumulated/spec205.tlsf,1
load-balancer-aurus,faafa50379ed6bfc19309102f24b8d6b,av3,15,spec460.tlsf,experiments/results-aurus-curves/aurus_load-balancer-aurus_seed15/accumulated/spec460.tlsf,1
load-balancer-aurus,fdbbc4436f40c60c5dde0958ab951295,av3,29,spec141.tlsf,experiments/results-aurus-curves/aurus_load-balancer-aurus_seed29/accumulated/spec141.tlsf,1
ltl2dba-r-2,017acc83b2d44a9ca97b7595ebd3677b,av2,7,spec121.tlsf,experiments/results-aurus-curves/aurus_ltl2dba-r-2_seed07/accumulated/spec121.tlsf,1
ltl2dba-r-2,0257acd5e567b5627caae526bddc97cb,av3,28,spec484.tlsf,experiments/results-aurus-curves/aurus_ltl2dba-r-2_seed28/accumulated/spec484.tlsf,1
ltl2dba-r-2,0449091caed9ae69e797f80c368de608,av2,14,spec88.tlsf,experiments/results-aurus-curves/aurus_ltl2dba-r-2_seed14/accumulated/spec88.tlsf,1
ltl2dba-r-2,065753929e22fd0e52558b321ffe75fd,av3,19,spec343.tlsf,experiments/results-aurus-curves/aurus_ltl2dba-r-2_seed19/accumulated/spec343.tlsf,1
ltl2dba-r-2,077011ff08273e4e1bbdd730d8d71fc9,av3,18,spec523.tlsf,experiments/results-aurus-curves/aurus_ltl2dba-r-2_seed18/accumulated/spec523.tlsf,3
ltl2dba-r-2,082ed343300767ffdb19dcfe4ec0378f,av2,2,spec202.tlsf,experiments/results-aurus-curves/aurus_ltl2dba-r-2_seed02/accumulated/spec202.tlsf,1
ltl2dba-r-2,093c5aaacd7d673f5ba14aa1756ccd94,av3,26,spec517.tlsf,experiments/results-aurus-curves/aurus_ltl2dba-r-2_seed26/accumulated/spec517.tlsf,1
ltl2dba-r-2,0b0e46e8dce139dce6ba526ab37b5241,av3,20,spec15.tlsf,experiments/results-aurus-curves/aurus_ltl2dba-r-2_seed20/accumulated/spec15.tlsf,2
ltl2dba-r-2,0c18913dba1e22b8de19510b60c18578,av2,0,spec461.tlsf,experiments/results-aurus-curves/aurus_ltl2dba-r-2_seed00/accumulated/spec461.tlsf,2
ltl2dba-r-2,0d096c191b8974fc0ee7a0b298353c7e,av2,9,spec576.tlsf,experiments/results-aurus-curves/aurus_ltl2dba-r-2_seed09/accumulated/spec576.tlsf,1
ltl2dba-r-2,11ea745455336c97e75d496e85aac63a,av3,23,spec406.tlsf,experiments/results-aurus-curves/aurus_ltl2dba-r-2_seed23/accumulated/spec406.tlsf,1
ltl2dba-r-2,123600b4f6e3afdb0f8ca38972166884,av3,23,spec503.tlsf,experiments/results-aurus-curves/aurus_ltl2dba-r-2_seed23/accumulated/spec503.tlsf,1
ltl2dba-r-2,12458002ba403f056ee586f6b0b74840,av3,15,spec511.tlsf,experiments/results-aurus-curves/aurus_ltl2dba-r-2_seed15/accumulated/spec511.tlsf,1
ltl2dba-r-2,13f732d02e717ac1bf06adffd0daf0a8,av2,6,spec207.tlsf,experiments/results-aurus-curves/aurus_ltl2dba-r-2_seed06/accumulated/spec207.tlsf,1
ltl2dba-r-2,19a741adccdd22e18d473e874ff0383a,av2,10,spec508.tlsf,experiments/results-aurus-curves/aurus_ltl2dba-r-2_seed10/accumulated/spec508.tlsf,1
ltl2dba-r-2,1a8eaf579621998cbe61a77abf099277,av3,25,spec220.tlsf,experiments/results-aurus-curves/aurus_ltl2dba-r-2_seed25/accumulated/spec220.tlsf,1
ltl2dba-r-2,1bfbc33843329dd73b7271afbd5e2b3c,av3,28,spec251.tlsf,experiments/results-aurus-curves/aurus_ltl2dba-r-2_seed28/accumulated/spec251.tlsf,1
ltl2dba-r-2,1c55a1155860accbbbeba0a34ad4cc05,av2,3,spec109.tlsf,experiments/results-aurus-curves/aurus_ltl2dba-r-2_seed03/accumulated/spec109.tlsf,1
ltl2dba-r-2,1e84f998fbff2d42587ec2c2a860600d,av2,8,spec46.tlsf,experiments/results-aurus-curves/aurus_ltl2dba-r-2_seed08/accumulated/spec46.tlsf,1
ltl2dba-r-2,1ea3b91d1c85ef41b0c57f621d25800a,av2,7,spec548.tlsf,experiments/results-aurus-curves/aurus_ltl2dba-r-2_seed07/accumulated/spec548.tlsf,1
ltl2dba-r-2,1ede18a89e2f89018f1516dcbc0c7f9c,av3,25,spec150.tlsf,experiments/results-aurus-curves/aurus_ltl2dba-r-2_seed25/accumulated/spec150.tlsf,1
ltl2dba-r-2,1ee5a416894bb3d096d4c9dbc8508715,av2,1,spec80.tlsf,experiments/results-aurus-curves/aurus_ltl2dba-r-2_seed01/accumulated/spec80.tlsf,1
ltl2dba-r-2,21f0481134f2069a603c2b25a34c586f,av3,22,spec549.tlsf,experiments/results-aurus-curves/aurus_ltl2dba-r-2_seed22/accumulated/spec549.tlsf,1
ltl2dba-r-2,21f2496212e93b63ca58ecc0f3889d21,av2,2,spec428.tlsf,experiments/results-aurus-curves/aurus_ltl2dba-r-2_seed02/accumulated/spec428.tlsf,1
ltl2dba-r-2,243b53de84f37e9b545e5d334d5eb483,av2,10,spec286.tlsf,experiments/results-aurus-curves/aurus_ltl2dba-r-2_seed10/accumulated/spec286.tlsf,1
ltl2dba-r-2,2493dc065f5dd637fbf4af758262a54b,av3,29,spec104.tlsf,experiments/results-aurus-curves/aurus_ltl2dba-r-2_seed29/accumulated/spec104.tlsf,1
ltl2dba-r-2,257bd83fac028dba1f2e069435b2b431,av3,25,spec22.tlsf,experiments/results-aurus-curves/aurus_ltl2dba-r-2_seed25/accumulated/spec22.tlsf,1
ltl2dba-r-2,280eaee48799316261ae3721eb767b31,av2,2,spec33.tlsf,experiments/results-aurus-curves/aurus_ltl2dba-r-2_seed02/accumulated/spec33.tlsf,1
ltl2dba-r-2,29f44aed4b76f9a02e56b27c14dd5961,av3,19,spec293.tlsf,experiments/results-aurus-curves/aurus_ltl2dba-r-2_seed19/accumulated/spec293.tlsf,3
ltl2dba-r-2,2a7353725674861499a9061a120d69ca,av3,15,spec31.tlsf,experiments/results-aurus-curves/aurus_ltl2dba-r-2_seed15/accumulated/spec31.tlsf,1
ltl2dba-r-2,2b13a475dfa40a73e6883336dad7606c,av3,25,spec115.tlsf,experiments/results-aurus-curves/aurus_ltl2dba-r-2_seed25/accumulated/spec115.tlsf,1
ltl2dba-r-2,2c12da2652a199c42a891ab62a8b9449,av3,29,spec443.tlsf,experiments/results-aurus-curves/aurus_ltl2dba-r-2_seed29/accumulated/spec443.tlsf,1
ltl2dba-r-2,2e883009cbe07ee5af215b31555718b4,av2,4,spec61.tlsf,experiments/results-aurus-curves/aurus_ltl2dba-r-2_seed04/accumulated/spec61.tlsf,1
ltl2dba-r-2,2f5fbc9e582ba25e1a477ab74826eb8c,av2,3,spec497.tlsf,experiments/results-aurus-curves/aurus_ltl2dba-r-2_seed03/accumulated/spec497.tlsf,1
ltl2dba-r-2,2faf0e17ce77bc6bfda544ea4f3858da,av3,29,spec147.tlsf,experiments/results-aurus-curves/aurus_ltl2dba-r-2_seed29/accumulated/spec147.tlsf,1
ltl2dba-r-2,3264d5fbb2418ad64c85b1998392d320,av3,23,spec180.tlsf,experiments/results-aurus-curves/aurus_ltl2dba-r-2_seed23/accumulated/spec180.tlsf,1
ltl2dba-r-2,358f2c6c50dca261410783093ff92948,av3,17,spec266.tlsf,experiments/results-aurus-curves/aurus_ltl2dba-r-2_seed17/accumulated/spec266.tlsf,1
ltl2dba-r-2,3aaf4bea6126707161e7abc3191953ce,av3,28,spec433.tlsf,experiments/results-aurus-curves/aurus_ltl2dba-r-2_seed28/accumulated/spec433.tlsf,1
ltl2dba-r-2,3bb1dffce96113a232678fad1ea07c36,av3,16,spec587.tlsf,experiments/results-aurus-curves/aurus_ltl2dba-r-2_seed16/accumulated/spec587.tlsf,1
ltl2dba-r-2,3bc48840041d8ca21624509f044c6ccd,av2,4,spec632.tlsf,experiments/results-aurus-curves/aurus_ltl2dba-r-2_seed04/accumulated/spec632.tlsf,1
ltl2dba-r-2,3d9b9942c95290e4b6210431e6f3b053,av3,28,spec542.tlsf,experiments/results-aurus-curves/aurus_ltl2dba-r-2_seed28/accumulated/spec542.tlsf,1
ltl2dba-r-2,403c9c6cfc96eb9a217ce8d4406aa1c6,av2,3,spec355.tlsf,experiments/results-aurus-curves/aurus_ltl2dba-r-2_seed03/accumulated/spec355.tlsf,1
ltl2dba-r-2,43002b1ac1553b9938e4e78245e6ee62,av3,25,spec527.tlsf,experiments/results-aurus-curves/aurus_ltl2dba-r-2_seed25/accumulated/spec527.tlsf,1
ltl2dba-r-2,43443f94f089206ffe82e9d6befb68c2,av2,5,spec210.tlsf,experiments/results-aurus-curves/aurus_ltl2dba-r-2_seed05/accumulated/spec210.tlsf,1
ltl2dba-r-2,44d5c3e0ebafd437fbdf32779eadc64e,av2,0,spec211.tlsf,experiments/results-aurus-curves/aurus_ltl2dba-r-2_seed00/accumulated/spec211.tlsf,1
ltl2dba-r-2,490fae140318714eba72df32eed03131,av2,8,spec441.tlsf,experiments/results-aurus-curves/aurus_ltl2dba-r-2_seed08/accumulated/spec441.tlsf,1
ltl2dba-r-2,4c87c7038ff8dc81ffafe321a6e098a4,av2,1,spec405.tlsf,experiments/results-aurus-curves/aurus_ltl2dba-r-2_seed01/accumulated/spec405.tlsf,1
ltl2dba-r-2,4e7ecd3d41f6e9341b1fcb19e05bf6fe,av3,28,spec113.tlsf,experiments/results-aurus-curves/aurus_ltl2dba-r-2_seed28/accumulated/spec113.tlsf,1
ltl2dba-r-2,4e982aebe6db3f2e41d3d5b26c7c15df,av3,19,spec379.tlsf,experiments/results-aurus-curves/aurus_ltl2dba-r-2_seed19/accumulated/spec379.tlsf,1
ltl2dba-r-2,548973b8a5376ab3ca206ddd299c183e,av2,13,spec189.tlsf,experiments/results-aurus-curves/aurus_ltl2dba-r-2_seed13/accumulated/spec189.tlsf,1
ltl2dba-r-2,58dc3be8163255de57a320c3dbf3ea71,av3,19,spec449.tlsf,experiments/results-aurus-curves/aurus_ltl2dba-r-2_seed19/accumulated/spec449.tlsf,1
ltl2dba-r-2,5d922be2ad6519707cf4bc935c4316f2,av3,20,spec66.tlsf,experiments/results-aurus-curves/aurus_ltl2dba-r-2_seed20/accumulated/spec66.tlsf,1
ltl2dba-r-2,621441dd314f14fbbf1411d5cc7d2951,av3,28,spec130.tlsf,experiments/results-aurus-curves/aurus_ltl2dba-r-2_seed28/accumulated/spec130.tlsf,1
ltl2dba-r-2,68b21e8e2e760529fbb34ebc40227b2e,av2,8,spec280.tlsf,experiments/results-aurus-curves/aurus_ltl2dba-r-2_seed08/accumulated/spec280.tlsf,1
ltl2dba-r-2,69153ba3549c7cd08df2304d77e684d9,av2,12,spec141.tlsf,experiments/results-aurus-curves/aurus_ltl2dba-r-2_seed12/accumulated/spec141.tlsf,4
ltl2dba-r-2,6d299cfb7721be47bab59e0d9247a706,av3,25,spec419.tlsf,experiments/results-aurus-curves/aurus_ltl2dba-r-2_seed25/accumulated/spec419.tlsf,1
ltl2dba-r-2,6fedb5317859f9877afa7af26ef9b0aa,av2,7,spec184.tlsf,experiments/results-aurus-curves/aurus_ltl2dba-r-2_seed07/accumulated/spec184.tlsf,1
ltl2dba-r-2,70943ab4e90317e86457e2e63acf73f7,av3,18,spec32.tlsf,experiments/results-aurus-curves/aurus_ltl2dba-r-2_seed18/accumulated/spec32.tlsf,1
ltl2dba-r-2,755878995147a94483d17f367665d666,av3,20,spec185.tlsf,experiments/results-aurus-curves/aurus_ltl2dba-r-2_seed20/accumulated/spec185.tlsf,1
ltl2dba-r-2,773e3d19ebc6709eed35cd7e80e45186,av3,19,spec700.tlsf,experiments/results-aurus-curves/aurus_ltl2dba-r-2_seed19/accumulated/spec700.tlsf,1
ltl2dba-r-2,7856169c963dd75e24d5e01b4601fe3c,av2,11,spec590.tlsf,experiments/results-aurus-curves/aurus_ltl2dba-r-2_seed11/accumulated/spec590.tlsf,1
ltl2dba-r-2,791ee1e422f93cefcb04cc9231c42928,av3,22,spec401.tlsf,experiments/results-aurus-curves/aurus_ltl2dba-r-2_seed22/accumulated/spec401.tlsf,1
ltl2dba-r-2,796f173ab9d8e635a89afe222e1913b8,av2,2,spec544.tlsf,experiments/results-aurus-curves/aurus_ltl2dba-r-2_seed02/accumulated/spec544.tlsf,1
ltl2dba-r-2,7b2d57747f9cd7eb718ced13e1f7dd26,av3,28,spec22.tlsf,experiments/results-aurus-curves/aurus_ltl2dba-r-2_seed28/accumulated/spec22.tlsf,1
ltl2dba-r-2,7b936c32ac4d3cf60af5fdc6c65aed61,av3,16,spec221.tlsf,experiments/results-aurus-curves/aurus_ltl2dba-r-2_seed16/accumulated/spec221.tlsf,1
ltl2dba-r-2,7bcecc9601ffc37b8ce7754b6abc1ddb,av2,3,spec471.tlsf,experiments/results-aurus-curves/aurus_ltl2dba-r-2_seed03/accumulated/spec471.tlsf,1
ltl2dba-r-2,7c2e3d48e1d0b6428adca3d773dd7d3c,av3,16,spec91.tlsf,experiments/results-aurus-curves/aurus_ltl2dba-r-2_seed16/accumulated/spec91.tlsf,1
ltl2dba-r-2,804725e916405bb91c6999f68507af44,av2,5,spec572.tlsf,experiments/results-aurus-curves/aurus_ltl2dba-r-2_seed05/accumulated/spec572.tlsf,1
ltl2dba-r-2,847f4f8eaed23eb1751e945d93e242d0,av2,2,spec153.tlsf,experiments/results-aurus-curves/aurus_ltl2dba-r-2_seed02/accumulated/spec153.tlsf,1
ltl2dba-r-2,86114a33fcc298e1fc8adeb06bfdb927,av3,19,spec147.tlsf,experiments/results-aurus-curves/aurus_ltl2dba-r-2_seed19/accumulated/spec147.tlsf,1
ltl2dba-r-2,887f969de85a5fe313d2739419f47a6b,av2,4,spec405.tlsf,experiments/results-aurus-curves/aurus_ltl2dba-r-2_seed04/accumulated/spec405.tlsf,1
ltl2dba-r-2,8a7d5b03332005f97789de070565d1ea,av2,1,spec23.tlsf,experiments/results-aurus-curves/aurus_ltl2dba-r-2_seed01/accumulated/spec23.tlsf,1
ltl2dba-r-2,8af7483ec2ac5b015ae6c5124a0ccc2c,av3,25,spec400.tlsf,experiments/results-aurus-curves/aurus_ltl2dba-r-2_seed25/accumulated/spec400.tlsf,1
ltl2dba-r-2,8b4b9ba04b91a554b965a9eccb7259bc,av2,14,spec616.tlsf,experiments/results-aurus-curves/aurus_ltl2dba-r-2_seed14/accumulated/spec616.tlsf,1
ltl2dba-r-2,8b712de3a9d08f0406ce1631e04233a7,av3,19,spec292.tlsf,experiments/results-aurus-curves/aurus_ltl2dba-r-2_seed19/accumulated/spec292.tlsf,1
ltl2dba-r-2,906302016c18abbca17080ab87cb02c9,av3,19,spec595.tlsf,experiments/results-aurus-curves/aurus_ltl2dba-r-2_seed19/accumulated/spec595.tlsf,1
ltl2dba-r-2,92b00d7ce12586dc7bbf21116398d687,av2,10,spec542.tlsf,experiments/results-aurus-curves/aurus_ltl2dba-r-2_seed10/accumulated/spec542.tlsf,1
ltl2dba-r-2,938df45da7fbae3a7467e135284e99d1,av2,9,spec571.tlsf,experiments/results-aurus-curves/aurus_ltl2dba-r-2_seed09/accumulated/spec571.tlsf,1
ltl2dba-r-2,950d6e639665fbe67ff2183c0c7ed4de,av3,25,spec394.tlsf,experiments/results-aurus-curves/aurus_ltl2dba-r-2_seed25/accumulated/spec394.tlsf,1
ltl2dba-r-2,98a651652b25b333ffa2ce10a2101de5,av3,24,spec48.tlsf,experiments/results-aurus-curves/aurus_ltl2dba-r-2_seed24/accumulated/spec48.tlsf,1
ltl2dba-r-2,9a60ac698090c476311aff25e970614b,av3,23,spec78.tlsf,experiments/results-aurus-curves/aurus_ltl2dba-r-2_seed23/accumulated/spec78.tlsf,1
ltl2dba-r-2,9d87526a7647b1bc6941eb1d0d21ec21,av2,14,spec576.tlsf,experiments/results-aurus-curves/aurus_ltl2dba-r-2_seed14/accumulated/spec576.tlsf,2
ltl2dba-r-2,9e33075c00621561113a03dd31d52f12,av3,23,spec571.tlsf,experiments/results-aurus-curves/aurus_ltl2dba-r-2_seed23/accumulated/spec571.tlsf,1
ltl2dba-r-2,a126400163fe723d4b4a43837d1a1ec4,av2,6,spec370.tlsf,experiments/results-aurus-curves/aurus_ltl2dba-r-2_seed06/accumulated/spec370.tlsf,1
ltl2dba-r-2,a1f584b63f800ad9aa8f69930f4fb0db,av2,8,spec29.tlsf,experiments/results-aurus-curves/aurus_ltl2dba-r-2_seed08/accumulated/spec29.tlsf,1
ltl2dba-r-2,a44165759955d3689004158414dc6ac0,av3,21,spec395.tlsf,experiments/results-aurus-curves/aurus_ltl2dba-r-2_seed21/accumulated/spec395.tlsf,1
ltl2dba-r-2,a872928ed10f620850dc92ccc2273594,av2,8,spec133.tlsf,experiments/results-aurus-curves/aurus_ltl2dba-r-2_seed08/accumulated/spec133.tlsf,1
ltl2dba-r-2,ad3078419afbf705139cc8557be3e139,av3,29,spec48.tlsf,experiments/results-aurus-curves/aurus_ltl2dba-r-2_seed29/accumulated/spec48.tlsf,1
ltl2dba-r-2,ad7fa601daad4f11411b49bf9cf4f159,av3,24,spec281.tlsf,experiments/results-aurus-curves/aurus_ltl2dba-r-2_seed24/accumulated/spec281.tlsf,1
ltl2dba-r-2,b5b89710ebda0f0fa536200b5f8ca194,av3,20,spec605.tlsf,experiments/results-aurus-curves/aurus_ltl2dba-r-2_seed20/accumulated/spec605.tlsf,1
ltl2dba-r-2,b84f739b19f74fd6a28ba98e044ed845,av3,26,spec472.tlsf,experiments/results-aurus-curves/aurus_ltl2dba-r-2_seed26/accumulated/spec472.tlsf,1
ltl2dba-r-2,b99e3093ed75acc88786459282ef4baa,av3,22,spec83.tlsf,experiments/results-aurus-curves/aurus_ltl2dba-r-2_seed22/accumulated/spec83.tlsf,1
ltl2dba-r-2,ba6459c255a22134aa3f72da2f07e1a7,av3,29,spec408.tlsf,experiments/results-aurus-curves/aurus_ltl2dba-r-2_seed29/accumulated/spec408.tlsf,1
ltl2dba-r-2,ba798f43c4e1bf3ccdac1cba8c9f347f,av2,8,spec617.tlsf,experiments/results-aurus-curves/aurus_ltl2dba-r-2_seed08/accumulated/spec617.tlsf,1
ltl2dba-r-2,bf9c2a2df7b876af49259a8c86ceb7aa,av3,15,spec152.tlsf,experiments/results-aurus-curves/aurus_ltl2dba-r-2_seed15/accumulated/spec152.tlsf,1
ltl2dba-r-2,c0de68344caaa45b17c06d4b76ad8336,av2,7,spec321.tlsf,experiments/results-aurus-curves/aurus_ltl2dba-r-2_seed07/accumulated/spec321.tlsf,1
ltl2dba-r-2,c1231c52f175bb6c14701f6586f0f649,av3,17,spec549.tlsf,experiments/results-aurus-curves/aurus_ltl2dba-r-2_seed17/accumulated/spec549.tlsf,1
ltl2dba-r-2,c1ef59445ef3c8f16a635c07ad060c69,av3,24,spec75.tlsf,experiments/results-aurus-curves/aurus_ltl2dba-r-2_seed24/accumulated/spec75.tlsf,1
ltl2dba-r-2,c5083f41f7fafc219b7bf888d8611466,av3,25,spec412.tlsf,experiments/results-aurus-curves/aurus_ltl2dba-r-2_seed25/accumulated/spec412.tlsf,1
ltl2dba-r-2,c5b0a2ad043a9dd21ad04f9f2e9b2047,av3,26,spec175.tlsf,experiments/results-aurus-curves/aurus_ltl2dba-r-2_seed26/accumulated/spec175.tlsf,1
ltl2dba-r-2,c7e8a173fcfa48d372cb2585e590a63a,av2,0,spec300.tlsf,experiments/results-aurus-curves/aurus_ltl2dba-r-2_seed00/accumulated/spec300.tlsf,1
ltl2dba-r-2,c9214cb14a30fa53df636016b8e9237b,av3,25,spec73.tlsf,experiments/results-aurus-curves/aurus_ltl2dba-r-2_seed25/accumulated/spec73.tlsf,1
ltl2dba-r-2,c99a0b43ded099b8d20a8fe8eea37b19,av3,21,spec159.tlsf,experiments/results-aurus-curves/aurus_ltl2dba-r-2_seed21/accumulated/spec159.tlsf,1
ltl2dba-r-2,cbb97624afa840d2f239c084cec769d6,av3,18,spec577.tlsf,experiments/results-aurus-curves/aurus_ltl2dba-r-2_seed18/accumulated/spec577.tlsf,1
ltl2dba-r-2,cd36daff66869fffb2e6d035a0c97a4c,av3,15,spec559.tlsf,experiments/results-aurus-curves/aurus_ltl2dba-r-2_seed15/accumulated/spec559.tlsf,1
ltl2dba-r-2,d0ad8c366a23c3720a0325dde281677a,av2,10,spec290.tlsf,experiments/results-aurus-curves/aurus_ltl2dba-r-2_seed10/accumulated/spec290.tlsf,1
ltl2dba-r-2,d3a3a06e6983ba1b7be11f1566cd83f0,av2,0,spec100.tlsf,experiments/results-aurus-curves/aurus_ltl2dba-r-2_seed00/accumulated/spec100.tlsf,1
ltl2dba-r-2,d3c33fb610d6c9e23ac4d4c048df244b,av3,15,spec537.tlsf,experiments/results-aurus-curves/aurus_ltl2dba-r-2_seed15/accumulated/spec537.tlsf,1
ltl2dba-r-2,d4d790e76ffa5f9786876cbb8d7c197f,av2,12,spec276.tlsf,experiments/results-aurus-curves/aurus_ltl2dba-r-2_seed12/accumulated/spec276.tlsf,1
ltl2dba-r-2,d5d45fd90dad5cf9ad114e9291ea8c04,av2,8,spec338.tlsf,experiments/results-aurus-curves/aurus_ltl2dba-r-2_seed08/accumulated/spec338.tlsf,1
ltl2dba-r-2,d73c65cbe1be11ed63f724ebcd225d35,av3,26,spec184.tlsf,experiments/results-aurus-curves/aurus_ltl2dba-r-2_seed26/accumulated/spec184.tlsf,1
ltl2dba-r-2,d8b5596eff35da262aad890b4a8673ce,av3,19,spec553.tlsf,experiments/results-aurus-curves/aurus_ltl2dba-r-2_seed19/accumulated/spec553.tlsf,1
ltl2dba-r-2,da54598d48bf535d19606a9626372733,av3,16,spec181.tlsf,experiments/results-aurus-curves/aurus_ltl2dba-r-2_seed16/accumulated/spec181.tlsf,1
ltl2dba-r-2,db21f88ce88e728c2193ea32c7c5d17e,av3,15,spec62.tlsf,experiments/results-aurus-curves/aurus_ltl2dba-r-2_seed15/accumulated/spec62.tlsf,1
ltl2dba-r-2,dd3c6397102d481336092dbe41936067,av3,16,spec272.tlsf,experiments/results-aurus-curves/aurus_ltl2dba-r-2_seed16/accumulated/spec272.tlsf,1
ltl2dba-r-2,de0949a3c9247cee0061b5a1721a803a,av3,28,spec72.tlsf,experiments/results-aurus-curves/aurus_ltl2dba-r-2_seed28/accumulated/spec72.tlsf,1
ltl2dba-r-2,e1eadf970ba36ece020e4244a146f759,av3,19,spec347.tlsf,experiments/results-aurus-curves/aurus_ltl2dba-r-2_seed19/accumulated/spec347.tlsf,1
ltl2dba-r-2,e5886d5c4d1314390f76e2713509dd02,av2,14,spec382.tlsf,experiments/results-aurus-curves/aurus_ltl2dba-r-2_seed14/accumulated/spec382.tlsf,1
ltl2dba-r-2,e605143d0d4a7ab33a6323be4042be06,av2,12,spec342.tlsf,experiments/results-aurus-curves/aurus_ltl2dba-r-2_seed12/accumulated/spec342.tlsf,1
ltl2dba-r-2,e9b7b38cf4993f67faf7583b57bbccc6,av2,14,spec524.tlsf,experiments/results-aurus-curves/aurus_ltl2dba-r-2_seed14/accumulated/spec524.tlsf,1
ltl2dba-r-2,ea1192ad6b98f4261c666bb82fc4e94b,av2,8,spec400.tlsf,experiments/results-aurus-curves/aurus_ltl2dba-r-2_seed08/accumulated/spec400.tlsf,1
ltl2dba-r-2,ea2e87a59dc09375033c0e7bdf9363a1,av2,10,spec366.tlsf,experiments/results-aurus-curves/aurus_ltl2dba-r-2_seed10/accumulated/spec366.tlsf,1
ltl2dba-r-2,ea42039435de23d5029820a4769908b9,av3,25,spec539.tlsf,experiments/results-aurus-curves/aurus_ltl2dba-r-2_seed25/accumulated/spec539.tlsf,1
ltl2dba-r-2,ebfc890cd5bd62965773daa3317b9ff3,av2,8,spec85.tlsf,experiments/results-aurus-curves/aurus_ltl2dba-r-2_seed08/accumulated/spec85.tlsf,1
ltl2dba-r-2,ec6bce6f72ed25932f4b673e68ee672f,av3,25,spec531.tlsf,experiments/results-aurus-curves/aurus_ltl2dba-r-2_seed25/accumulated/spec531.tlsf,1
ltl2dba-r-2,ed99d15d9764cedc475ceace90a486b6,av2,14,spec234.tlsf,experiments/results-aurus-curves/aurus_ltl2dba-r-2_seed14/accumulated/spec234.tlsf,1
ltl2dba-r-2,f057f3b3c4cdf64df4c54d396e1239cc,av3,16,spec8.tlsf,experiments/results-aurus-curves/aurus_ltl2dba-r-2_seed16/accumulated/spec8.tlsf,1
ltl2dba-r-2,f28817bcff274ac59db51bda214c3771,av2,5,spec595.tlsf,experiments/results-aurus-curves/aurus_ltl2dba-r-2_seed05/accumulated/spec595.tlsf,1
ltl2dba-r-2,f3807299f4353c62d31c79c5ffe653a4,av2,13,spec348.tlsf,experiments/results-aurus-curves/aurus_ltl2dba-r-2_seed13/accumulated/spec348.tlsf,1
ltl2dba-r-2,f4654ec60956bf81084e030115971ed2,av3,29,spec406.tlsf,experiments/results-aurus-curves/aurus_ltl2dba-r-2_seed29/accumulated/spec406.tlsf,1
ltl2dba-r-2,f4b30fd3ffbcae3e027f91d568813d5d,av2,12,spec607.tlsf,experiments/results-aurus-curves/aurus_ltl2dba-r-2_seed12/accumulated/spec607.tlsf,1
ltl2dba-r-2,f5b89565db8a8ad02a8e27059dcbbf1b,av3,16,spec107.tlsf,experiments/results-aurus-curves/aurus_ltl2dba-r-2_seed16/accumulated/spec107.tlsf,1
ltl2dba-r-2,f72dbc4067a876e45c921d7294263672,av3,26,spec130.tlsf,experiments/results-aurus-curves/aurus_ltl2dba-r-2_seed26/accumulated/spec130.tlsf,1
ltl2dba-r-2,f733ff82dcd11f11b37ec565ba2ba832,av3,15,spec141.tlsf,experiments/results-aurus-curves/aurus_ltl2dba-r-2_seed15/accumulated/spec141.tlsf,1
ltl2dba-r-2,f74b0f4e7a2be6c55dd03ad3b50607f7,av3,25,spec545.tlsf,experiments/results-aurus-curves/aurus_ltl2dba-r-2_seed25/accumulated/spec545.tlsf,1
ltl2dba-r-2,f8d474210990283da174a65104b92ada,av3,23,spec195.tlsf,experiments/results-aurus-curves/aurus_ltl2dba-r-2_seed23/accumulated/spec195.tlsf,1
ltl2dba-r-2,f9e8285ff3c732f311f5bc07692adf80,av2,13,spec33.tlsf,experiments/results-aurus-curves/aurus_ltl2dba-r-2_seed13/accumulated/spec33.tlsf,1
ltl2dba-r-2,f9ed10c447001541b69feeeb9ef4bf9f,av3,18,spec413.tlsf,experiments/results-aurus-curves/aurus_ltl2dba-r-2_seed18/accumulated/spec413.tlsf,1
ltl2dba-r-2,fc2ef630fc5dedada50163b0ea7c3855,av2,11,spec110.tlsf,experiments/results-aurus-curves/aurus_ltl2dba-r-2_seed11/accumulated/spec110.tlsf,1
ltl2dba-r-2,fe39caec2eb029089c0cedba8245d815,av2,10,spec332.tlsf,experiments/results-aurus-curves/aurus_ltl2dba-r-2_seed10/accumulated/spec332.tlsf,1
ltl2dba-r-2,ffd830b23fa0af04b29825a7c6661f9d,av3,25,spec503.tlsf,experiments/results-aurus-curves/aurus_ltl2dba-r-2_seed25/accumulated/spec503.tlsf,1
ltl2dba-theta-2,00ef1ccbca5ed8972c6efac24c9beef0,av2,10,spec28.tlsf,experiments/results-aurus-curves/aurus_ltl2dba-theta-2_seed10/accumulated/spec28.tlsf,1
ltl2dba-theta-2,017e8fbc66590ffd00d4a65143e7b625,av3,23,spec268.tlsf,experiments/results-aurus-curves/aurus_ltl2dba-theta-2_seed23/accumulated/spec268.tlsf,1
ltl2dba-theta-2,025f1eeb52c048ca891fd607aa640230,av3,21,spec514.tlsf,experiments/results-aurus-curves/aurus_ltl2dba-theta-2_seed21/accumulated/spec514.tlsf,1
ltl2dba-theta-2,044b348478a30f5625144793be89bb7c,av3,23,spec571.tlsf,experiments/results-aurus-curves/aurus_ltl2dba-theta-2_seed23/accumulated/spec571.tlsf,1
ltl2dba-theta-2,07794d6e9438a037be188e61f2328dbd,av2,4,spec334.tlsf,experiments/results-aurus-curves/aurus_ltl2dba-theta-2_seed04/accumulated/spec334.tlsf,1
ltl2dba-theta-2,0de0bb6d2c455918eaae41b9a94b5ec3,av2,10,spec355.tlsf,experiments/results-aurus-curves/aurus_ltl2dba-theta-2_seed10/accumulated/spec355.tlsf,1
ltl2dba-theta-2,0e788e354edaf71def40c91b289b5ae8,av2,0,spec379.tlsf,experiments/results-aurus-curves/aurus_ltl2dba-theta-2_seed00/accumulated/spec379.tlsf,1
ltl2dba-theta-2,100aaae32bf709ade6524b0684b528f5,av3,28,spec30.tlsf,experiments/results-aurus-curves/aurus_ltl2dba-theta-2_seed28/accumulated/spec30.tlsf,1
ltl2dba-theta-2,14ad1a15c16cffb6f0e8447ff2c04cf2,av3,19,spec696.tlsf,experiments/results-aurus-curves/aurus_ltl2dba-theta-2_seed19/accumulated/spec696.tlsf,1
ltl2dba-theta-2,14d67edc5c07d789bbfdb0674044af01,av3,15,spec20.tlsf,experiments/results-aurus-curves/aurus_ltl2dba-theta-2_seed15/accumulated/spec20.tlsf,1
ltl2dba-theta-2,15ff2a8c36078fef0325ea1542248e07,av2,0,spec345.tlsf,experiments/results-aurus-curves/aurus_ltl2dba-theta-2_seed00/accumulated/spec345.tlsf,1
ltl2dba-theta-2,179dc5edfdd5877f0f87f48af578c679,av2,0,spec211.tlsf,experiments/results-aurus-curves/aurus_ltl2dba-theta-2_seed00/accumulated/spec211.tlsf,1
ltl2dba-theta-2,180d2ce13aed8f6ee03c4adb097acc0c,av3,24,spec225.tlsf,experiments/results-aurus-curves/aurus_ltl2dba-theta-2_seed24/accumulated/spec225.tlsf,1
ltl2dba-theta-2,191135c1e5f145d51bd3e87c98c53b47,av2,9,spec99.tlsf,experiments/results-aurus-curves/aurus_ltl2dba-theta-2_seed09/accumulated/spec99.tlsf,1
ltl2dba-theta-2,1b43e1e605bd5e3b2c1b2d30f19f253b,av2,1,spec375.tlsf,experiments/results-aurus-curves/aurus_ltl2dba-theta-2_seed01/accumulated/spec375.tlsf,1
ltl2dba-theta-2,1c2cc484c8f22e6650958aade76086db,av2,3,spec109.tlsf,experiments/results-aurus-curves/aurus_ltl2dba-theta-2_seed03/accumulated/spec109.tlsf,1
ltl2dba-theta-2,22693645a9e0e9ae007955f264082882,av2,0,spec270.tlsf,experiments/results-aurus-curves/aurus_ltl2dba-theta-2_seed00/accumulated/spec270.tlsf,1
ltl2dba-theta-2,22cd148a4b782dd7553ba4db1bb68b68,av3,21,spec407.tlsf,experiments/results-aurus-curves/aurus_ltl2dba-theta-2_seed21/accumulated/spec407.tlsf,1
ltl2dba-theta-2,243476e123fe3a02972d55bb597fea82,av3,23,spec411.tlsf,experiments/results-aurus-curves/aurus_ltl2dba-theta-2_seed23/accumulated/spec411.tlsf,1
ltl2dba-theta-2,24be68225751f28065f53ce780623c30,av3,22,spec190.tlsf,experiments/results-aurus-curves/aurus_ltl2dba-theta-2_seed22/accumulated/spec190.tlsf,1
ltl2dba-theta-2,24ef7306f0b829a90d0bc74cc3135085,av3,22,spec167.tlsf,experiments/results-aurus-curves/aurus_ltl2dba-theta-2_seed22/accumulated/spec167.tlsf,1
ltl2dba-theta-2,261a0f8dd5e0e03f5fc4f3625b66deb7,av3,24,spec160.tlsf,experiments/results-aurus-curves/aurus_ltl2dba-theta-2_seed24/accumulated/spec160.tlsf,1
ltl2dba-theta-2,264a85fb23b1036759a155b4cc3b7ae0,av3,16,spec72.tlsf,experiments/results-aurus-curves/aurus_ltl2dba-theta-2_seed16/accumulated/spec72.tlsf,1
ltl2dba-theta-2,26e66d94a1db17713d730229f194eeaa,av3,23,spec86.tlsf,experiments/results-aurus-curves/aurus_ltl2dba-theta-2_seed23/accumulated/spec86.tlsf,1
ltl2dba-theta-2,277e1ca43495afc9763c77ee44eb20a5,av3,23,spec437.tlsf,experiments/results-aurus-curves/aurus_ltl2dba-theta-2_seed23/accumulated/spec437.tlsf,1
ltl2dba-theta-2,29bf3ad35979a1d3f34456b4e4280f51,av3,23,spec497.tlsf,experiments/results-aurus-curves/aurus_ltl2dba-theta-2_seed23/accumulated/spec497.tlsf,1
ltl2dba-theta-2,29f72a5979af66c44e96cba15557b603,av2,8,spec366.tlsf,experiments/results-aurus-curves/aurus_ltl2dba-theta-2_seed08/accumulated/spec366.tlsf,1
ltl2dba-theta-2,2a87244a5d3f6739749ac79bc6660713,av3,26,spec498.tlsf,experiments/results-aurus-curves/aurus_ltl2dba-theta-2_seed26/accumulated/spec498.tlsf,1
ltl2dba-theta-2,2ce82d75e1748982803ddcc7950ab6a3,av2,10,spec364.tlsf,experiments/results-aurus-curves/aurus_ltl2dba-theta-2_seed10/accumulated/spec364.tlsf,1
ltl2dba-theta-2,2dc7452edd7f8b58f9ba499bc6d4dbd7,av2,6,spec478.tlsf,experiments/results-aurus-curves/aurus_ltl2dba-theta-2_seed06/accumulated/spec478.tlsf,4
ltl2dba-theta-2,2e9e2b6aab3705bab720f606d1447cb4,av2,11,spec380.tlsf,experiments/results-aurus-curves/aurus_ltl2dba-theta-2_seed11/accumulated/spec380.tlsf,1
ltl2dba-theta-2,340b30996043bdef1e7af4c0c404fb6a,av2,3,spec123.tlsf,experiments/results-aurus-curves/aurus_ltl2dba-theta-2_seed03/accumulated/spec123.tlsf,1
ltl2dba-theta-2,34c0491cf40ec0a3b0ec5b91abd84788,av3,17,spec212.tlsf,experiments/results-aurus-curves/aurus_ltl2dba-theta-2_seed17/accumulated/spec212.tlsf,1
ltl2dba-theta-2,393f65f7d676118a1a0c7f203c58e4b6,av2,12,spec1.tlsf,experiments/results-aurus-curves/aurus_ltl2dba-theta-2_seed12/accumulated/spec1.tlsf,1
ltl2dba-theta-2,3b0d2921bfb35b2f41c9227e6721a22c,av2,0,spec574.tlsf,experiments/results-aurus-curves/aurus_ltl2dba-theta-2_seed00/accumulated/spec574.tlsf,1
ltl2dba-theta-2,3b9c1a3d9137a67eda5fa1fab46a75d3,av3,26,spec68.tlsf,experiments/results-aurus-curves/aurus_ltl2dba-theta-2_seed26/accumulated/spec68.tlsf,1
ltl2dba-theta-2,3dbc57008a1b6b73eda1443f0c2fbc47,av2,2,spec80.tlsf,experiments/results-aurus-curves/aurus_ltl2dba-theta-2_seed02/accumulated/spec80.tlsf,1
ltl2dba-theta-2,3dc3734e5016c5b9484ca1503a2d19dc,av2,12,spec129.tlsf,experiments/results-aurus-curves/aurus_ltl2dba-theta-2_seed12/accumulated/spec129.tlsf,1
ltl2dba-theta-2,3f3f0c5ea34d672141354fd5b7daa27d,av2,10,spec421.tlsf,experiments/results-aurus-curves/aurus_ltl2dba-theta-2_seed10/accumulated/spec421.tlsf,1
ltl2dba-theta-2,411a21ad1640db51650d9572658f3fde,av2,12,spec558.tlsf,experiments/results-aurus-curves/aurus_ltl2dba-theta-2_seed12/accumulated/spec558.tlsf,1
ltl2dba-theta-2,43b35ebc73fe7b973f021ae3050938dc,av3,23,spec572.tlsf,experiments/results-aurus-curves/aurus_ltl2dba-theta-2_seed23/accumulated/spec572.tlsf,1
ltl2dba-theta-2,471eef65417c0f03e645c4cb2f235774,av2,0,spec399.tlsf,experiments/results-aurus-curves/aurus_ltl2dba-theta-2_seed00/accumulated/spec399.tlsf,1
ltl2dba-theta-2,4961d8237424c1993b9a73862e72b691,av3,22,spec341.tlsf,experiments/results-aurus-curves/aurus_ltl2dba-theta-2_seed22/accumulated/spec341.tlsf,1
ltl2dba-theta-2,4d7ce414685a6b978c5c04bca965a82f,av2,10,spec263.tlsf,experiments/results-aurus-curves/aurus_ltl2dba-theta-2_seed10/accumulated/spec263.tlsf,1
ltl2dba-theta-2,505695ab9440c312d4e2634e7eab359d,av2,1,spec493.tlsf,experiments/results-aurus-curves/aurus_ltl2dba-theta-2_seed01/accumulated/spec493.tlsf,1
ltl2dba-theta-2,56127f260b767950b6304ee5a3014013,av3,20,spec19.tlsf,experiments/results-aurus-curves/aurus_ltl2dba-theta-2_seed20/accumulated/spec19.tlsf,1
ltl2dba-theta-2,58676e71eaf79fac1eee36f978e5e49d,av2,12,spec52.tlsf,experiments/results-aurus-curves/aurus_ltl2dba-theta-2_seed12/accumulated/spec52.tlsf,1
ltl2dba-theta-2,5bde1d226e0d7a683a617a599373d7f0,av2,4,spec368.tlsf,experiments/results-aurus-curves/aurus_ltl2dba-theta-2_seed04/accumulated/spec368.tlsf,1
ltl2dba-theta-2,5c8377cf3b01b58477804e3dbd6c1b16,av2,2,spec178.tlsf,experiments/results-aurus-curves/aurus_ltl2dba-theta-2_seed02/accumulated/spec178.tlsf,1
ltl2dba-theta-2,5d54eb9b1f9e40e7f83f6b04a0634d5e,av3,17,spec557.tlsf,experiments/results-aurus-curves/aurus_ltl2dba-theta-2_seed17/accumulated/spec557.tlsf,2
ltl2dba-theta-2,5f7d3a0e05dafe0f60bf80b43bcdaaa1,av3,22,spec469.tlsf,experiments/results-aurus-curves/aurus_ltl2dba-theta-2_seed22/accumulated/spec469.tlsf,1
ltl2dba-theta-2,5ff6f3929c77eb5a37a71e6afa2065cb,av3,18,spec77.tlsf,experiments/results-aurus-curves/aurus_ltl2dba-theta-2_seed18/accumulated/spec77.tlsf,1
ltl2dba-theta-2,609a964458f7a0ee4f81b2ea551336b5,av2,10,spec78.tlsf,experiments/results-aurus-curves/aurus_ltl2dba-theta-2_seed10/accumulated/spec78.tlsf,1
ltl2dba-theta-2,60f4648fc0c379fff391d53020eba0a6,av2,3,spec353.tlsf,experiments/results-aurus-curves/aurus_ltl2dba-theta-2_seed03/accumulated/spec353.tlsf,1
ltl2dba-theta-2,657679a5ef6b8ad2112157ae41fad146,av3,20,spec168.tlsf,experiments/results-aurus-curves/aurus_ltl2dba-theta-2_seed20/accumulated/spec168.tlsf,1
ltl2dba-theta-2,66210b9587f617a843baafd63d0560fe,av3,26,spec147.tlsf,experiments/results-aurus-curves/aurus_ltl2dba-theta-2_seed26/accumulated/spec147.tlsf,1
ltl2dba-theta-2,6b7aa9c5fd738823013d6c1017b97bda,av2,0,spec246.tlsf,experiments/results-aurus-curves/aurus_ltl2dba-theta-2_seed00/accumulated/spec246.tlsf,1
ltl2dba-theta-2,6c0d5a0d319088fc097ccc60484b895c,av2,0,spec227.tlsf,experiments/results-aurus-curves/aurus_ltl2dba-theta-2_seed00/accumulated/spec227.tlsf,1
ltl2dba-theta-2,6c1d19584f6c19af0790b3e8c0fb325a,av3,21,spec301.tlsf,experiments/results-aurus-curves/aurus_ltl2dba-theta-2_seed21/accumulated/spec301.tlsf,1
ltl2dba-theta-2,6e735fc52ca5f953cdd9f75457c9b3cf,av3,25,spec421.tlsf,experiments/results-aurus-curves/aurus_ltl2dba-theta-2_seed25/accumulated/spec421.tlsf,1
ltl2dba-theta-2,70584e709247ab8159294b0d4354210a,av3,26,spec41.tlsf,experiments/results-aurus-curves/aurus_ltl2dba-theta-2_seed26/accumulated/spec41.tlsf,1
ltl2dba-theta-2,71a111fe03445e97a8a622a720299d86,av2,10,spec32.tlsf,experiments/results-aurus-curves/aurus_ltl2dba-theta-2_seed10/accumulated/spec32.tlsf,1
ltl2dba-theta-2,756c2e1da17fda92f10eedc5c5b99479,av3,21,spec472.tlsf,experiments/results-aurus-curves/aurus_ltl2dba-theta-2_seed21/accumulated/spec472.tlsf,1
ltl2dba-theta-2,7d0e687f94eb55beeaa3a5eba6958be2,av2,10,spec258.tlsf,experiments/results-aurus-curves/aurus_ltl2dba-theta-2_seed10/accumulated/spec258.tlsf,1
ltl2dba-theta-2,7d21b07051f4b3fca63dbb0211f4f54c,av3,24,spec177.tlsf,experiments/results-aurus-curves/aurus_ltl2dba-theta-2_seed24/accumulated/spec177.tlsf,1
ltl2dba-theta-2,7ecfd7d1d7d1fc0b772798b851d5a77b,av3,15,spec526.tlsf,experiments/results-aurus-curves/aurus_ltl2dba-theta-2_seed15/accumulated/spec526.tlsf,2
ltl2dba-theta-2,7f25aae50043926fd06b729e8467aa64,av2,2,spec571.tlsf,experiments/results-aurus-curves/aurus_ltl2dba-theta-2_seed02/accumulated/spec571.tlsf,1
ltl2dba-theta-2,7f726da47866805a8a0cb730197aff8e,av3,16,spec139.tlsf,experiments/results-aurus-curves/aurus_ltl2dba-theta-2_seed16/accumulated/spec139.tlsf,1
ltl2dba-theta-2,859a947b3e91884c2af0108bce632c69,av2,10,spec12.tlsf,experiments/results-aurus-curves/aurus_ltl2dba-theta-2_seed10/accumulated/spec12.tlsf,1
ltl2dba-theta-2,8650b508a53d59691bb5abffe9c5b468,av2,12,spec85.tlsf,experiments/results-aurus-curves/aurus_ltl2dba-theta-2_seed12/accumulated/spec85.tlsf,1
ltl2dba-theta-2,8764f1840df3dc9f6f1ff4471febd4b4,av2,13,spec174.tlsf,experiments/results-aurus-curves/aurus_ltl2dba-theta-2_seed13/accumulated/spec174.tlsf,1
ltl2dba-theta-2,87a4af77258062514e775d050d9f4bf7,av3,21,spec528.tlsf,experiments/results-aurus-curves/aurus_ltl2dba-theta-2_seed21/accumulated/spec528.tlsf,1
ltl2dba-theta-2,893cc8510be1eaa0dea6f9ba3f16af06,av3,16,spec380.tlsf,experiments/results-aurus-curves/aurus_ltl2dba-theta-2_seed16/accumulated/spec380.tlsf,1
ltl2dba-theta-2,8a466b045a7143ad765fe77455ff9fdc,av3,27,spec62.tlsf,experiments/results-aurus-curves/aurus_ltl2dba-theta-2_seed27/accumulated/spec62.tlsf,1
ltl2dba-theta-2,90589092534821fad149b54afa9b2b85,av2,11,spec104.tlsf,experiments/results-aurus-curves/aurus_ltl2dba-theta-2_seed11/accumulated/spec104.tlsf,1
ltl2dba-theta-2,906c778f86995a184099a1503d68100e,av3,24,spec47.tlsf,experiments/results-aurus-curves/aurus_ltl2dba-theta-2_seed24/accumulated/spec47.tlsf,1
ltl2dba-theta-2,91842ff6b10ad481d2477db542b8e880,av3,18,spec37.tlsf,experiments/results-aurus-curves/aurus_ltl2dba-theta-2_seed18/accumulated/spec37.tlsf,1
ltl2dba-theta-2,91c508207fc6c89eeaa1cfe5fd1d0ab0,av2,0,spec506.tlsf,experiments/results-aurus-curves/aurus_ltl2dba-theta-2_seed00/accumulated/spec506.tlsf,1
ltl2dba-theta-2,93bd49fefb4c545dad5737a56a947f98,av3,21,spec422.tlsf,experiments/results-aurus-curves/aurus_ltl2dba-theta-2_seed21/accumulated/spec422.tlsf,1
ltl2dba-theta-2,95fc6eca946b2132183b416004eb303f,av3,25,spec471.tlsf,experiments/results-aurus-curves/aurus_ltl2dba-theta-2_seed25/accumulated/spec471.tlsf,1
ltl2dba-theta-2,9799346a0504f849059aa6e05a6e6572,av3,26,spec375.tlsf,experiments/results-aurus-curves/aurus_ltl2dba-theta-2_seed26/accumulated/spec375.tlsf,1
ltl2dba-theta-2,9a26fd1ea236f3288f6584a9d7308567,av3,26,spec230.tlsf,experiments/results-aurus-curves/aurus_ltl2dba-theta-2_seed26/accumulated/spec230.tlsf,1
ltl2dba-theta-2,9a91db257f61fe7b6d69d6c7c9d4259c,av2,0,spec158.tlsf,experiments/results-aurus-curves/aurus_ltl2dba-theta-2_seed00/accumulated/spec158.tlsf,1
ltl2dba-theta-2,a0b72828dcc6c347b1e5d94d8c31c703,av2,13,spec409.tlsf,experiments/results-aurus-curves/aurus_ltl2dba-theta-2_seed13/accumulated/spec409.tlsf,1
ltl2dba-theta-2,a0ded48df7333dd30ff7c00a319d095c,av3,22,spec534.tlsf,experiments/results-aurus-curves/aurus_ltl2dba-theta-2_seed22/accumulated/spec534.tlsf,1
ltl2dba-theta-2,a0ebb8ee7a9d8d4f483db2f5d3ee6cf3,av3,29,spec187.tlsf,experiments/results-aurus-curves/aurus_ltl2dba-theta-2_seed29/accumulated/spec187.tlsf,1
ltl2dba-theta-2,a183236a0ee1ab9d6dc64fb8ac7ee07f,av3,28,spec527.tlsf,experiments/results-aurus-curves/aurus_ltl2dba-theta-2_seed28/accumulated/spec527.tlsf,1
ltl2dba-theta-2,a29d26482f71164ab2fd59c03de0bf46,av3,24,spec359.tlsf,experiments/results-aurus-curves/aurus_ltl2dba-theta-2_seed24/accumulated/spec359.tlsf,1
ltl2dba-theta-2,a29d747e9d3f74ab8112b57f44205d29,av2,2,spec511.tlsf,experiments/results-aurus-curves/aurus_ltl2dba-theta-2_seed02/accumulated/spec511.tlsf,1
ltl2dba-theta-2,a3b86fa9b71e691e7305a681f635df11,av2,3,spec511.tlsf,experiments/results-aurus-curves/aurus_ltl2dba-theta-2_seed03/accumulated/spec511.tlsf,1
ltl2dba-theta-2,a3c7b79ea39f34c5b6c426f0813407af,av2,10,spec219.tlsf,experiments/results-aurus-curves/aurus_ltl2dba-theta-2_seed10/accumulated/spec219.tlsf,1
ltl2dba-theta-2,a4999d79da15487cbbe7f166748e64ba,av3,26,spec283.tlsf,experiments/results-aurus-curves/aurus_ltl2dba-theta-2_seed26/accumulated/spec283.tlsf,1
ltl2dba-theta-2,a6851f0d2b63d4c0aa40e06280eb5ee2,av3,24,spec158.tlsf,experiments/results-aurus-curves/aurus_ltl2dba-theta-2_seed24/accumulated/spec158.tlsf,1
ltl2dba-theta-2,ac767a1596c5cd9612b76b4f2ffd94ad,av2,10,spec278.tlsf,experiments/results-aurus-curves/aurus_ltl2dba-theta-2_seed10/accumulated/spec278.tlsf,1
ltl2dba-theta-2,ad9929d550d9ff7e4b94bc241cc96927,av3,24,spec237.tlsf,experiments/results-aurus-curves/aurus_ltl2dba-theta-2_seed24/accumulated/spec237.tlsf,1
ltl2dba-theta-2,aed1b6ba0ea0f601f7796d2ae1fb3471,av3,26,spec117.tlsf,experiments/results-aurus-curves/aurus_ltl2dba-theta-2_seed26/accumulated/spec117.tlsf,1
ltl2dba-theta-2,b1a333cbaea7ab8e70ecb09db8d7c74a,av2,12,spec575.tlsf,experiments/results-aurus-curves/aurus_ltl2dba-theta-2_seed12/accumulated/spec575.tlsf,1
ltl2dba-theta-2,b1e3211782c50454d36bed7f571ad548,av3,27,spec143.tlsf,experiments/results-aurus-curves/aurus_ltl2dba-theta-2_seed27/accumulated/spec143.tlsf,1
ltl2dba-theta-2,b56110c562f7d1fc16c27ea2ec74f801,av3,28,spec29.tlsf,experiments/results-aurus-curves/aurus_ltl2dba-theta-2_seed28/accumulated/spec29.tlsf,1
ltl2dba-theta-2,b6798825fbe3e021299e57c71c34f573,av2,9,spec409.tlsf,experiments/results-aurus-curves/aurus_ltl2dba-theta-2_seed09/accumulated/spec409.tlsf,2
ltl2dba-theta-2,b82d74d5bfd282f2e734460615edf55e,av2,10,spec111.tlsf,experiments/results-aurus-curves/aurus_ltl2dba-theta-2_seed10/accumulated/spec111.tlsf,1
ltl2dba-theta-2,bddeee78b022e3f0eab97b869f51012f,av3,15,spec303.tlsf,experiments/results-aurus-curves/aurus_ltl2dba-theta-2_seed15/accumulated/spec303.tlsf,1
ltl2dba-theta-2,bf5f5248413e2d5379e0971294ef6ec6,av2,2,spec476.tlsf,experiments/results-aurus-curves/aurus_ltl2dba-theta-2_seed02/accumulated/spec476.tlsf,1
ltl2dba-theta-2,c1364549a5fe697c310fbdf6ca95f95d,av3,27,spec11.tlsf,experiments/results-aurus-curves/aurus_ltl2dba-theta-2_seed27/accumulated/spec11.tlsf,1
ltl2dba-theta-2,c40ec11a9929a71700b4818adb510f52,av3,23,spec356.tlsf,experiments/results-aurus-curves/aurus_ltl2dba-theta-2_seed23/accumulated/spec356.tlsf,1
ltl2dba-theta-2,c42880b441cbd8e13a4786ca5c8ae8f5,av2,0,spec75.tlsf,experiments/results-aurus-curves/aurus_ltl2dba-theta-2_seed00/accumulated/spec75.tlsf,1
ltl2dba-theta-2,c50c3359420a97e8d83c3c4de7a40d55,av3,25,spec540.tlsf,experiments/results-aurus-curves/aurus_ltl2dba-theta-2_seed25/accumulated/spec540.tlsf,1
ltl2dba-theta-2,c5d7a95e94ba4811636ab2ed04fd12ef,av3,27,spec137.tlsf,experiments/results-aurus-curves/aurus_ltl2dba-theta-2_seed27/accumulated/spec137.tlsf,1
ltl2dba-theta-2,c613c7855afb6695bd724d3efd1a150c,av2,13,spec456.tlsf,experiments/results-aurus-curves/aurus_ltl2dba-theta-2_seed13/accumulated/spec456.tlsf,1
ltl2dba-theta-2,c7f075795590317be534205a356d7e75,av3,24,spec300.tlsf,experiments/results-aurus-curves/aurus_ltl2dba-theta-2_seed24/accumulated/spec300.tlsf,1
ltl2dba-theta-2,c84d56cb1bb687782411ec81a78855b5,av2,3,spec494.tlsf,experiments/results-aurus-curves/aurus_ltl2dba-theta-2_seed03/accumulated/spec494.tlsf,1
ltl2dba-theta-2,cdceb6bceb7af061debc6a76d97995bc,av2,11,spec506.tlsf,experiments/results-aurus-curves/aurus_ltl2dba-theta-2_seed11/accumulated/spec506.tlsf,1
ltl2dba-theta-2,ce92fec77e464e9abbf1153544c9bbe7,av2,12,spec490.tlsf,experiments/results-aurus-curves/aurus_ltl2dba-theta-2_seed12/accumulated/spec490.tlsf,1
ltl2dba-theta-2,d203398160e192d99e773793f104048a,av3,23,spec379.tlsf,experiments/results-aurus-curves/aurus_ltl2dba-theta-2_seed23/accumulated/spec379.tlsf,1
ltl2dba-theta-2,d53faf3a870ebe323d897adfdd1ccd2b,av2,11,spec119.tlsf,experiments/results-aurus-curves/aurus_ltl2dba-theta-2_seed11/accumulated/spec119.tlsf,1
ltl2dba-theta-2,d5813fde0cd8882dbd32c93e71f1637c,av2,0,spec46.tlsf,experiments/results-aurus-curves/aurus_ltl2dba-theta-2_seed00/accumulated/spec46.tlsf,1
ltl2dba-theta-2,d7e31dab9d07acc0d92c83f815946022,av3,20,spec437.tlsf,experiments/results-aurus-curves/aurus_ltl2dba-theta-2_seed20/accumulated/spec437.tlsf,1
ltl2dba-theta-2,d829ad3f95054cf3b583d5b6ec28ad24,av3,29,spec335.tlsf,experiments/results-aurus-curves/aurus_ltl2dba-theta-2_seed29/accumulated/spec335.tlsf,1
ltl2dba-theta-2,d9e654291af49b52f0e7afffbc76d80f,av2,14,spec410.tlsf,experiments/results-aurus-curves/aurus_ltl2dba-theta-2_seed14/accumulated/spec410.tlsf,1
ltl2dba-theta-2,dc519c82ce007d59bf4fffececeef206,av3,26,spec35.tlsf,experiments/results-aurus-curves/aurus_ltl2dba-theta-2_seed26/accumulated/spec35.tlsf,1
ltl2dba-theta-2,ddc8c8d0302dc9406e2d52fa8d98bc15,av2,1,spec403.tlsf,experiments/results-aurus-curves/aurus_ltl2dba-theta-2_seed01/accumulated/spec403.tlsf,1
ltl2dba-theta-2,de12381258f6428cfa347248172a199c,av2,1,spec41.tlsf,experiments/results-aurus-curves/aurus_ltl2dba-theta-2_seed01/accumulated/spec41.tlsf,1
ltl2dba-theta-2,dfc898f92992bc976992ad3bfbd0b4b1,av3,27,spec145.tlsf,experiments/results-aurus-curves/aurus_ltl2dba-theta-2_seed27/accumulated/spec145.tlsf,1
ltl2dba-theta-2,e31f1d8c5d43d3dec957bcf5b9c4bb05,av3,24,spec305.tlsf,experiments/results-aurus-curves/aurus_ltl2dba-theta-2_seed24/accumulated/spec305.tlsf,1
ltl2dba-theta-2,e49c2f546b5c2e280c00e7025d27eea2,av3,21,spec495.tlsf,experiments/results-aurus-curves/aurus_ltl2dba-theta-2_seed21/accumulated/spec495.tlsf,1
ltl2dba-theta-2,e5903791c4c0fc5fd8797fe6420a3204,av2,11,spec576.tlsf,experiments/results-aurus-curves/aurus_ltl2dba-theta-2_seed11/accumulated/spec576.tlsf,1
ltl2dba-theta-2,e8eaa4381c631eeee14c9a32cedc2a37,av2,12,spec43.tlsf,experiments/results-aurus-curves/aurus_ltl2dba-theta-2_seed12/accumulated/spec43.tlsf,1
ltl2dba-theta-2,ebae98c03ea32961850c1f554b6a9c32,av3,21,spec620.tlsf,experiments/results-aurus-curves/aurus_ltl2dba-theta-2_seed21/accumulated/spec620.tlsf,1
ltl2dba-theta-2,f0c23da67160c2da70f079db74ba06cd,av3,26,spec181.tlsf,experiments/results-aurus-curves/aurus_ltl2dba-theta-2_seed26/accumulated/spec181.tlsf,1
ltl2dba-theta-2,f1df279e5247c06e1002c0b05cec824f,av3,26,spec78.tlsf,experiments/results-aurus-curves/aurus_ltl2dba-theta-2_seed26/accumulated/spec78.tlsf,1
ltl2dba-theta-2,f201edd18425df9d7c941129d7aa1902,av3,21,spec368.tlsf,experiments/results-aurus-curves/aurus_ltl2dba-theta-2_seed21/accumulated/spec368.tlsf,1
ltl2dba-theta-2,f2b62328eba987170485abf9fc6b53c9,av3,15,spec182.tlsf,experiments/results-aurus-curves/aurus_ltl2dba-theta-2_seed15/accumulated/spec182.tlsf,1
ltl2dba-theta-2,f4ab679fd276aa0a21628bcffef40f6f,av2,10,spec101.tlsf,experiments/results-aurus-curves/aurus_ltl2dba-theta-2_seed10/accumulated/spec101.tlsf,1
ltl2dba-theta-2,f6a0020d4ea4391583d7b6de25853ba3,av2,12,spec112.tlsf,experiments/results-aurus-curves/aurus_ltl2dba-theta-2_seed12/accumulated/spec112.tlsf,1
ltl2dba-theta-2,f79a0d231175b16c15bd6634ed620d05,av3,21,spec356.tlsf,experiments/results-aurus-curves/aurus_ltl2dba-theta-2_seed21/accumulated/spec356.tlsf,1
ltl2dba-theta-2,f7ac55fd341196314f4a94e090dfaf80,av3,24,spec175.tlsf,experiments/results-aurus-curves/aurus_ltl2dba-theta-2_seed24/accumulated/spec175.tlsf,1
ltl2dba-theta-2,fbaa64bc77c5688de1245d219a37a769,av3,21,spec541.tlsf,experiments/results-aurus-curves/aurus_ltl2dba-theta-2_seed21/accumulated/spec541.tlsf,1
ltl2dba-theta-2,fc31a474d0cb046764138fb6702f721e,av2,1,spec367.tlsf,experiments/results-aurus-curves/aurus_ltl2dba-theta-2_seed01/accumulated/spec367.tlsf,1
ltl2dba27,03288cc6031b7f2b2c96052344a73e9e,av3,22,spec380.tlsf,experiments/results-aurus-curves/aurus_ltl2dba27_seed22/accumulated/spec380.tlsf,3
ltl2dba27,0486f28dadcd9e4b3c4722ee25ebe39e,av2,7,spec452.tlsf,experiments/results-aurus-curves/aurus_ltl2dba27_seed07/accumulated/spec452.tlsf,1
ltl2dba27,08c1beab71debf14e36949366fcb9aba,av3,27,spec553.tlsf,experiments/results-aurus-curves/aurus_ltl2dba27_seed27/accumulated/spec553.tlsf,2
ltl2dba27,08cb6671ae4ff58ac11263699fd668f7,av2,3,spec144.tlsf,experiments/results-aurus-curves/aurus_ltl2dba27_seed03/accumulated/spec144.tlsf,1
ltl2dba27,0af2f867cc6529bb52543994e78d8f40,av3,21,spec434.tlsf,experiments/results-aurus-curves/aurus_ltl2dba27_seed21/accumulated/spec434.tlsf,2
ltl2dba27,1037788918f19e273484fda030ba75e2,av3,17,spec515.tlsf,experiments/results-aurus-curves/aurus_ltl2dba27_seed17/accumulated/spec515.tlsf,1
ltl2dba27,1093c6af074ef5c36f991fbca8dcfa6c,av3,26,spec137.tlsf,experiments/results-aurus-curves/aurus_ltl2dba27_seed26/accumulated/spec137.tlsf,2
ltl2dba27,11ffaae42529b81dd1285ab08c4e815f,av3,22,spec488.tlsf,experiments/results-aurus-curves/aurus_ltl2dba27_seed22/accumulated/spec488.tlsf,1
ltl2dba27,12bb40268798ecff3baa090d9802d5ca,av3,15,spec299.tlsf,experiments/results-aurus-curves/aurus_ltl2dba27_seed15/accumulated/spec299.tlsf,2
ltl2dba27,136a2a9ab9ad083d5d6b242cde1f65fb,av3,16,spec561.tlsf,experiments/results-aurus-curves/aurus_ltl2dba27_seed16/accumulated/spec561.tlsf,1
ltl2dba27,13bcb58bf34e47efed9806b14624e4fe,av3,15,spec99.tlsf,experiments/results-aurus-curves/aurus_ltl2dba27_seed15/accumulated/spec99.tlsf,1
ltl2dba27,174a0d5735f55de2c1fa1b421b75429f,av2,5,spec100.tlsf,experiments/results-aurus-curves/aurus_ltl2dba27_seed05/accumulated/spec100.tlsf,1
ltl2dba27,1bd8bbb53b2926513d0107bc4ffcc681,av3,24,spec23.tlsf,experiments/results-aurus-curves/aurus_ltl2dba27_seed24/accumulated/spec23.tlsf,1
ltl2dba27,1c3f7920a81a289bbc883cef7328b8f3,av2,6,spec3.tlsf,experiments/results-aurus-curves/aurus_ltl2dba27_seed06/accumulated/spec3.tlsf,1
ltl2dba27,21e3468b3586933027dd014444750de1,av3,24,spec361.tlsf,experiments/results-aurus-curves/aurus_ltl2dba27_seed24/accumulated/spec361.tlsf,1
ltl2dba27,228a4a7dd062cda7ffef53c8d10ec86a,av3,25,spec185.tlsf,experiments/results-aurus-curves/aurus_ltl2dba27_seed25/accumulated/spec185.tlsf,1
ltl2dba27,26dcfe58f3cbeea72ec0329ae47e8340,av3,18,spec38.tlsf,experiments/results-aurus-curves/aurus_ltl2dba27_seed18/accumulated/spec38.tlsf,3
ltl2dba27,2dfebf579a7afd08990b5181a63390aa,av2,10,spec597.tlsf,experiments/results-aurus-curves/aurus_ltl2dba27_seed10/accumulated/spec597.tlsf,1
ltl2dba27,315196539a7a2d887738e253b6d30801,av3,20,spec535.tlsf,experiments/results-aurus-curves/aurus_ltl2dba27_seed20/accumulated/spec535.tlsf,1
ltl2dba27,335ecacc3f80f81cb67d2b605f60d1a1,av2,4,spec4.tlsf,experiments/results-aurus-curves/aurus_ltl2dba27_seed04/accumulated/spec4.tlsf,1
ltl2dba27,339a09e9a12f9337e36152d9ae684d6a,av2,8,spec110.tlsf,experiments/results-aurus-curves/aurus_ltl2dba27_seed08/accumulated/spec110.tlsf,2
ltl2dba27,33a7b47e235496bd6e19b127a67aa272,av2,6,spec89.tlsf,experiments/results-aurus-curves/aurus_ltl2dba27_seed06/accumulated/spec89.tlsf,2
ltl2dba27,33d104a39094675bfd72566bb65a1706,av2,4,spec144.tlsf,experiments/results-aurus-curves/aurus_ltl2dba27_seed04/accumulated/spec144.tlsf,1
ltl2dba27,3a410988bce33a6c1dc9ce2ba1ae849e,av2,11,spec372.tlsf,experiments/results-aurus-curves/aurus_ltl2dba27_seed11/accumulated/spec372.tlsf,2
ltl2dba27,3fc08062df960d2afab38158e6f5059c,av2,5,spec570.tlsf,experiments/results-aurus-curves/aurus_ltl2dba27_seed05/accumulated/spec570.tlsf,1
ltl2dba27,48ee74879a5b29b91817040d47704d9c,av3,16,spec150.tlsf,experiments/results-aurus-curves/aurus_ltl2dba27_seed16/accumulated/spec150.tlsf,1
ltl2dba27,4dc8746d2769f1f2d3189cfa598c8add,av3,24,spec197.tlsf,experiments/results-aurus-curves/aurus_ltl2dba27_seed24/accumulated/spec197.tlsf,1
ltl2dba27,4f0b1cf5581b6dc680b36b5fdd92fa85,av3,15,spec96.tlsf,experiments/results-aurus-curves/aurus_ltl2dba27_seed15/accumulated/spec96.tlsf,1
ltl2dba27,53246af76a812ceeed125f31dde1ad60,av2,0,spec6.tlsf,experiments/results-aurus-curves/aurus_ltl2dba27_seed00/accumulated/spec6.tlsf,1
ltl2dba27,53433d82f78381688e33dd5ab9c4652f,av3,25,spec457.tlsf,experiments/results-aurus-curves/aurus_ltl2dba27_seed25/accumulated/spec457.tlsf,5
ltl2dba27,5e83c3be180bbe3be5881a26b9879c66,av3,18,spec513.tlsf,experiments/results-aurus-curves/aurus_ltl2dba27_seed18/accumulated/spec513.tlsf,2
ltl2dba27,6053d397295a9014a919e6ed8f1cb515,av2,7,spec515.tlsf,experiments/results-aurus-curves/aurus_ltl2dba27_seed07/accumulated/spec515.tlsf,1
ltl2dba27,6198222223cfd1173cfaf09f5cf7c9ad,av2,11,spec287.tlsf,experiments/results-aurus-curves/aurus_ltl2dba27_seed11/accumulated/spec287.tlsf,1
ltl2dba27,62728702412df700a363011e57d56365,av3,17,spec506.tlsf,experiments/results-aurus-curves/aurus_ltl2dba27_seed17/accumulated/spec506.tlsf,1
ltl2dba27,6e5d58cb4541f4157f0d77c5a25b17ff,av3,26,spec181.tlsf,experiments/results-aurus-curves/aurus_ltl2dba27_seed26/accumulated/spec181.tlsf,1
ltl2dba27,6f5b787084d1408ae94f350068b31a5d,av2,11,spec117.tlsf,experiments/results-aurus-curves/aurus_ltl2dba27_seed11/accumulated/spec117.tlsf,1
ltl2dba27,74c88a933b94ff670a60c0b2adbf6a99,av2,12,spec590.tlsf,experiments/results-aurus-curves/aurus_ltl2dba27_seed12/accumulated/spec590.tlsf,1
ltl2dba27,75adbf4d677c556341ab4f33da36beac,av3,23,spec526.tlsf,experiments/results-aurus-curves/aurus_ltl2dba27_seed23/accumulated/spec526.tlsf,1
ltl2dba27,76838275d0ca8a76b82b1434102aefcb,av2,12,spec234.tlsf,experiments/results-aurus-curves/aurus_ltl2dba27_seed12/accumulated/spec234.tlsf,1
ltl2dba27,76f71e258111b2353d7c3dc96ed0d1d1,av2,4,spec84.tlsf,experiments/results-aurus-curves/aurus_ltl2dba27_seed04/accumulated/spec84.tlsf,1
ltl2dba27,78422241b3d599ce45626dbc47e2e87f,av3,16,spec531.tlsf,experiments/results-aurus-curves/aurus_ltl2dba27_seed16/accumulated/spec531.tlsf,1
ltl2dba27,8ac92329d63929daf3924c062b61df34,av3,22,spec487.tlsf,experiments/results-aurus-curves/aurus_ltl2dba27_seed22/accumulated/spec487.tlsf,1
ltl2dba27,8fde5d0420caa1d0980149289f2bc8a2,av3,24,spec7.tlsf,experiments/results-aurus-curves/aurus_ltl2dba27_seed24/accumulated/spec7.tlsf,1
ltl2dba27,91077dd23158484445163a2c75c95339,av2,12,spec619.tlsf,experiments/results-aurus-curves/aurus_ltl2dba27_seed12/accumulated/spec619.tlsf,1
ltl2dba27,92974d6f85f31ebd3df7fa1f1097aa31,av3,22,spec58.tlsf,experiments/results-aurus-curves/aurus_ltl2dba27_seed22/accumulated/spec58.tlsf,1
ltl2dba27,9393073d4f93116e5ef6538c5cc70d0a,av2,12,spec417.tlsf,experiments/results-aurus-curves/aurus_ltl2dba27_seed12/accumulated/spec417.tlsf,1
ltl2dba27,a01e13cf7a91a63a9e67765434ad600c,av3,16,spec524.tlsf,experiments/results-aurus-curves/aurus_ltl2dba27_seed16/accumulated/spec524.tlsf,1
ltl2dba27,a02a348ba55a4d6fda0aebe194a09c3a,av3,24,spec333.tlsf,experiments/results-aurus-curves/aurus_ltl2dba27_seed24/accumulated/spec333.tlsf,1
ltl2dba27,a5ead7af9a2cb6c9577e8a6ed7519052,av2,10,spec549.tlsf,experiments/results-aurus-curves/aurus_ltl2dba27_seed10/accumulated/spec549.tlsf,1
ltl2dba27,aad6c1d1efa35a4c729bdc99e9d647bf,av2,6,spec599.tlsf,experiments/results-aurus-curves/aurus_ltl2dba27_seed06/accumulated/spec599.tlsf,2
ltl2dba27,aae4d33c161a9ae8470c3f678a17d4ed,av2,3,spec105.tlsf,experiments/results-aurus-curves/aurus_ltl2dba27_seed03/accumulated/spec105.tlsf,1
ltl2dba27,ac48a12d6fbd84c1723b26987c9d5023,av2,3,spec43.tlsf,experiments/results-aurus-curves/aurus_ltl2dba27_seed03/accumulated/spec43.tlsf,1
ltl2dba27,adc76a3735c26b62768eb9c563139c82,av2,1,spec532.tlsf,experiments/results-aurus-curves/aurus_ltl2dba27_seed01/accumulated/spec532.tlsf,2
ltl2dba27,aef56a9cc2361e04c7355a6dfe69752c,av3,21,spec326.tlsf,experiments/results-aurus-curves/aurus_ltl2dba27_seed21/accumulated/spec326.tlsf,1
ltl2dba27,b2b521c35a8e9ae2de51e76eacc11a14,av2,6,spec4.tlsf,experiments/results-aurus-curves/aurus_ltl2dba27_seed06/accumulated/spec4.tlsf,1
ltl2dba27,b5b4f80740245aa06152b672fcc4556e,av3,21,spec461.tlsf,experiments/results-aurus-curves/aurus_ltl2dba27_seed21/accumulated/spec461.tlsf,1
ltl2dba27,b757ac21eb3b9ac274ff46ac1e1942c5,av3,18,spec205.tlsf,experiments/results-aurus-curves/aurus_ltl2dba27_seed18/accumulated/spec205.tlsf,1
ltl2dba27,b959836c9c1efd61b65948a54505ed19,av3,18,spec507.tlsf,experiments/results-aurus-curves/aurus_ltl2dba27_seed18/accumulated/spec507.tlsf,1
ltl2dba27,b98cdd609f3c9f26aee55f2d515243ad,av2,12,spec137.tlsf,experiments/results-aurus-curves/aurus_ltl2dba27_seed12/accumulated/spec137.tlsf,1
ltl2dba27,bded548851929183d2f08f6225b5b704,av2,4,spec93.tlsf,experiments/results-aurus-curves/aurus_ltl2dba27_seed04/accumulated/spec93.tlsf,1
ltl2dba27,cc5e56e9a0f9beb6f991612b3f5dd7f7,av3,16,spec244.tlsf,experiments/results-aurus-curves/aurus_ltl2dba27_seed16/accumulated/spec244.tlsf,1
ltl2dba27,d3fb212b234805883a09bb178e53429c,av3,26,spec270.tlsf,experiments/results-aurus-curves/aurus_ltl2dba27_seed26/accumulated/spec270.tlsf,1
ltl2dba27,d4f619c6f2cc6921b2e8e8aaa2ac403f,av2,4,spec88.tlsf,experiments/results-aurus-curves/aurus_ltl2dba27_seed04/accumulated/spec88.tlsf,1
ltl2dba27,d63ad1393d228b3895a563d277bf2543,av2,4,spec581.tlsf,experiments/results-aurus-curves/aurus_ltl2dba27_seed04/accumulated/spec581.tlsf,1
ltl2dba27,df4789659ea5f020d26554cd1cf9a225,av2,12,spec171.tlsf,experiments/results-aurus-curves/aurus_ltl2dba27_seed12/accumulated/spec171.tlsf,1
ltl2dba27,dfaa90ec2a77b363fe936beb7ff0959e,av2,3,spec145.tlsf,experiments/results-aurus-curves/aurus_ltl2dba27_seed03/accumulated/spec145.tlsf,1
ltl2dba27,e1340efb56c9de119a15fd0ba7608a78,av3,21,spec500.tlsf,experiments/results-aurus-curves/aurus_ltl2dba27_seed21/accumulated/spec500.tlsf,1
ltl2dba27,e15c1ddbbbdc2383fd79d01591d9e172,av2,2,spec233.tlsf,experiments/results-aurus-curves/aurus_ltl2dba27_seed02/accumulated/spec233.tlsf,1
ltl2dba27,e4c8d7fe72a7318f9446c279117e7823,av3,26,spec167.tlsf,experiments/results-aurus-curves/aurus_ltl2dba27_seed26/accumulated/spec167.tlsf,1
ltl2dba27,e6ddd33ff5c794625c75a2aad7e4ecc9,av2,10,spec444.tlsf,experiments/results-aurus-curves/aurus_ltl2dba27_seed10/accumulated/spec444.tlsf,1
ltl2dba27,ea3a05ae19d390a2d40b756fbe2591e4,av2,0,spec317.tlsf,experiments/results-aurus-curves/aurus_ltl2dba27_seed00/accumulated/spec317.tlsf,1
ltl2dba27,f4b3a9ce2b91410f32e84e86a1ec25b7,av3,15,spec57.tlsf,experiments/results-aurus-curves/aurus_ltl2dba27_seed15/accumulated/spec57.tlsf,1
ltl2dba27,f6cb70dece0a973e5258093c7e3e5b6e,av3,26,spec11.tlsf,experiments/results-aurus-curves/aurus_ltl2dba27_seed26/accumulated/spec11.tlsf,1
ltl2dba27,f8374db0006d17e3076f3c3a21bf3357,av3,27,spec112.tlsf,experiments/results-aurus-curves/aurus_ltl2dba27_seed27/accumulated/spec112.tlsf,1
ltl2dba27,f9168c1a890e6c39f786a69c2d02bf0c,av3,27,spec352.tlsf,experiments/results-aurus-curves/aurus_ltl2dba27_seed27/accumulated/spec352.tlsf,1
minepump,010e3a05c847893ab91eb8166a7f2e75,av2,13,spec40.tlsf,experiments/results-aurus-curves/aurus_minepump_seed13/accumulated/spec40.tlsf,2
minepump,01fe87d0e1b6dd921e74f100393b9475,av3,25,spec342.tlsf,experiments/results-aurus-curves/aurus_minepump_seed25/accumulated/spec342.tlsf,1
minepump,038a328a940260ea6a07261d85576edd,av3,17,spec301.tlsf,experiments/results-aurus-curves/aurus_minepump_seed17/accumulated/spec301.tlsf,1
minepump,0713e130a6bf466a1cbe5c8ebb42ec82,av3,21,spec435.tlsf,experiments/results-aurus-curves/aurus_minepump_seed21/accumulated/spec435.tlsf,4
minepump,09d2978c133455543575a285dade252e,av2,3,spec151.tlsf,experiments/results-aurus-curves/aurus_minepump_seed03/accumulated/spec151.tlsf,10
minepump,0bfaded5ecac060ff1de998758dbaa1d,av2,6,spec39.tlsf,experiments/results-aurus-curves/aurus_minepump_seed06/accumulated/spec39.tlsf,1
minepump,0f1f9fef153f9b31fbb698997321b0c9,av2,0,spec145.tlsf,experiments/results-aurus-curves/aurus_minepump_seed00/accumulated/spec145.tlsf,1
minepump,11bd5a65ebacea9161d54a6931bfa43e,av3,16,spec145.tlsf,experiments/results-aurus-curves/aurus_minepump_seed16/accumulated/spec145.tlsf,1
minepump,123a208c428cddd33d7c023309dc583c,av2,0,spec36.tlsf,experiments/results-aurus-curves/aurus_minepump_seed00/accumulated/spec36.tlsf,1
minepump,125e66977a32997bc480e5847885bdc3,av3,22,spec440.tlsf,experiments/results-aurus-curves/aurus_minepump_seed22/accumulated/spec440.tlsf,1
minepump,148de07d79448c728eec26d5d77d1aed,av3,16,spec405.tlsf,experiments/results-aurus-curves/aurus_minepump_seed16/accumulated/spec405.tlsf,1
minepump,155e13314f22ba208bfaf3b78753ffed,av2,4,spec222.tlsf,experiments/results-aurus-curves/aurus_minepump_seed04/accumulated/spec222.tlsf,1
minepump,16c305d95758a923812375699eaee4d9,av3,20,spec298.tlsf,experiments/results-aurus-curves/aurus_minepump_seed20/accumulated/spec298.tlsf,1
minepump,16e5d557c1293ebc4e0c9722ed46ee68,av3,16,spec136.tlsf,experiments/results-aurus-curves/aurus_minepump_seed16/accumulated/spec136.tlsf,1
minepump,1aa438d23d5903babacf25c829180921,av3,16,spec287.tlsf,experiments/results-aurus-curves/aurus_minepump_seed16/accumulated/spec287.tlsf,1
minepump,1e5ddf7dcd2165b31d601c99a7f04656,av2,10,spec109.tlsf,experiments/results-aurus-curves/aurus_minepump_seed10/accumulated/spec109.tlsf,1
minepump,2069e0d36f026a756f716f7cf4884f8a,av3,16,spec143.tlsf,experiments/results-aurus-curves/aurus_minepump_seed16/accumulated/spec143.tlsf,1
minepump,218287d6daab10c333b517a0ed5d3bad,av3,23,spec125.tlsf,experiments/results-aurus-curves/aurus_minepump_seed23/accumulated/spec125.tlsf,1
minepump,21a0719b6437e533077ea8dd7e45556e,av3,19,spec232.tlsf,experiments/results-aurus-curves/aurus_minepump_seed19/accumulated/spec232.tlsf,1
minepump,23757b89a7afe96818f359b1ceb92c35,av2,4,spec392.tlsf,experiments/results-aurus-curves/aurus_minepump_seed04/accumulated/spec392.tlsf,1
minepump,24b35fb03312c87b2299a8526565033a,av2,8,spec202.tlsf,experiments/results-aurus-curves/aurus_minepump_seed08/accumulated/spec202.tlsf,1
minepump,2504edf87acaef6addc44ea6ccc8f55e,av2,13,spec302.tlsf,experiments/results-aurus-curves/aurus_minepump_seed13/accumulated/spec302.tlsf,1
minepump,25418c9cb889fc915660d9d0d026a74d,av2,4,spec48.tlsf,experiments/results-aurus-curves/aurus_minepump_seed04/accumulated/spec48.tlsf,1
minepump,25903f466d9918c5b355f7978c32806b,av3,23,spec270.tlsf,experiments/results-aurus-curves/aurus_minepump_seed23/accumulated/spec270.tlsf,1
minepump,2be4f8501bba877d8860a210722bf6cf,av3,20,spec386.tlsf,experiments/results-aurus-curves/aurus_minepump_seed20/accumulated/spec386.tlsf,1
minepump,3011e6677d290ff092a46842ad5604ca,av2,3,spec411.tlsf,experiments/results-aurus-curves/aurus_minepump_seed03/accumulated/spec411.tlsf,1
minepump,3011ff50ca0aaec59cbe8ac21175e7fc,av2,14,spec324.tlsf,experiments/results-aurus-curves/aurus_minepump_seed14/accumulated/spec324.tlsf,1
minepump,31234375df5dd6b4fbf48210d5b9e612,av2,14,spec283.tlsf,experiments/results-aurus-curves/aurus_minepump_seed14/accumulated/spec283.tlsf,1
minepump,317b837a82bc14d94dd253e4ebeaeb8a,av3,26,spec162.tlsf,experiments/results-aurus-curves/aurus_minepump_seed26/accumulated/spec162.tlsf,1
minepump,32d88ba0e6599097d2eaddb36abdaf51,av3,21,spec312.tlsf,experiments/results-aurus-curves/aurus_minepump_seed21/accumulated/spec312.tlsf,1
minepump,3339c75b788faa27fa8b1d0e9c8b0024,av2,12,spec399.tlsf,experiments/results-aurus-curves/aurus_minepump_seed12/accumulated/spec399.tlsf,1
minepump,369362f463037c7c870e85a8b2f17149,av2,8,spec142.tlsf,experiments/results-aurus-curves/aurus_minepump_seed08/accumulated/spec142.tlsf,6
minepump,3752789498b841d2c8939af68085a253,av2,0,spec53.tlsf,experiments/results-aurus-curves/aurus_minepump_seed00/accumulated/spec53.tlsf,1
minepump,37a426bbd533ef2ebf9c91202196527a,av2,14,spec71.tlsf,experiments/results-aurus-curves/aurus_minepump_seed14/accumulated/spec71.tlsf,1
minepump,37efb110cb0558511de5fe9603e25f03,av3,28,spec383.tlsf,experiments/results-aurus-curves/aurus_minepump_seed28/accumulated/spec383.tlsf,1
minepump,3d0b558b46d21ce1b72e049961e0057d,av3,28,spec403.tlsf,experiments/results-aurus-curves/aurus_minepump_seed28/accumulated/spec403.tlsf,1
minepump,40e6f081e4d0a004a952419a896cb4cf,av3,17,spec132.tlsf,experiments/results-aurus-curves/aurus_minepump_seed17/accumulated/spec132.tlsf,1
minepump,4154d3932889fb01d93d4c1fcb7b6631,av2,10,spec276.tlsf,experiments/results-aurus-curves/aurus_minepump_seed10/accumulated/spec276.tlsf,1
minepump,41cf88d57be09156c5ad63d68b275095,av2,0,spec138.tlsf,experiments/results-aurus-curves/aurus_minepump_seed00/accumulated/spec138.tlsf,1
minepump,45efacff7a5cabac63a9c50c2747564c,av3,20,spec277.tlsf,experiments/results-aurus-curves/aurus_minepump_seed20/accumulated/spec277.tlsf,2
minepump,4620911d0becca699ecce3fc4ad1846d,av3,18,spec103.tlsf,experiments/results-aurus-curves/aurus_minepump_seed18/accumulated/spec103.tlsf,1
minepump,475c07274c957ba8bbf72daa295c9241,av2,2,spec4.tlsf,experiments/results-aurus-curves/aurus_minepump_seed02/accumulated/spec4.tlsf,4
minepump,47fb6e101f69b8d275289d3fa03d76f4,av3,25,spec219.tlsf,experiments/results-aurus-curves/aurus_minepump_seed25/accumulated/spec219.tlsf,1
minepump,4be98be576025203f8e494b0004e3292,av2,0,spec222.tlsf,experiments/results-aurus-curves/aurus_minepump_seed00/accumulated/spec222.tlsf,1
minepump,4d8deba1cfffd42a41f508b84d3e2640,av2,10,spec228.tlsf,experiments/results-aurus-curves/aurus_minepump_seed10/accumulated/spec228.tlsf,1
minepump,4f4136c928823c53c2966883c4b211ed,av3,16,spec416.tlsf,experiments/results-aurus-curves/aurus_minepump_seed16/accumulated/spec416.tlsf,1
minepump,5883b2b84094cbc118323af1f0d1a76e,av3,24,spec46.tlsf,experiments/results-aurus-curves/aurus_minepump_seed24/accumulated/spec46.tlsf,1
minepump,5a92d85dda57d96ee8a22bdc91ede652,av2,9,spec32.tlsf,experiments/results-aurus-curves/aurus_minepump_seed09/accumulated/spec32.tlsf,1
minepump,5b9512de7049d35f35f4c74e1a0d0074,av3,18,spec71.tlsf,experiments/results-aurus-curves/aurus_minepump_seed18/accumulated/spec71.tlsf,1
minepump,5dc173c1256ff7f1d5a30d6602d8ec18,av3,26,spec156.tlsf,experiments/results-aurus-curves/aurus_minepump_seed26/accumulated/spec156.tlsf,1
minepump,5ea3dd65734242c48396af0da8dc2777,av3,25,spec271.tlsf,experiments/results-aurus-curves/aurus_minepump_seed25/accumulated/spec271.tlsf,1
minepump,5f4072ebde758c354fe68dacdf57c4ee,av3,22,spec195.tlsf,experiments/results-aurus-curves/aurus_minepump_seed22/accumulated/spec195.tlsf,1
minepump,5f9b1bd71c6ab22333c838ffa760d217,av2,0,spec221.tlsf,experiments/results-aurus-curves/aurus_minepump_seed00/accumulated/spec221.tlsf,1
minepump,5fec719680a080ef5ce6cce580773cd3,av2,14,spec143.tlsf,experiments/results-aurus-curves/aurus_minepump_seed14/accumulated/spec143.tlsf,1
minepump,603f3118266b991eaa72604fcea21612,av3,16,spec404.tlsf,experiments/results-aurus-curves/aurus_minepump_seed16/accumulated/spec404.tlsf,1
minepump,61d73e5c3521ce30c8bd7fe867072bb4,av2,11,spec339.tlsf,experiments/results-aurus-curves/aurus_minepump_seed11/accumulated/spec339.tlsf,1
minepump,64528efc411140ffc77e24fa9d8a92ce,av3,28,spec283.tlsf,experiments/results-aurus-curves/aurus_minepump_seed28/accumulated/spec283.tlsf,1
minepump,666f167ccdf273711e06024629c98605,av2,11,spec388.tlsf,experiments/results-aurus-curves/aurus_minepump_seed11/accumulated/spec388.tlsf,1
minepump,701e1764ccda56755ccd4831160570e1,av3,28,spec126.tlsf,experiments/results-aurus-curves/aurus_minepump_seed28/accumulated/spec126.tlsf,1
minepump,7941b647cfc657ae6341a22ebf95ba13,av3,16,spec164.tlsf,experiments/results-aurus-curves/aurus_minepump_seed16/accumulated/spec164.tlsf,1
minepump,7b27bec6db211496cc6d1165d370b56d,av3,27,spec104.tlsf,experiments/results-aurus-curves/aurus_minepump_seed27/accumulated/spec104.tlsf,1
minepump,7c19d035ae6e7abd42d0ece245ec0930,av3,21,spec205.tlsf,experiments/results-aurus-curves/aurus_minepump_seed21/accumulated/spec205.tlsf,1
minepump,7d8bb7052a9e7d48a940fcfd85116b03,av2,0,spec255.tlsf,experiments/results-aurus-curves/aurus_minepump_seed00/accumulated/spec255.tlsf,1
minepump,7f8cc01be0bc831217cd7ee3787f40be,av3,25,spec304.tlsf,experiments/results-aurus-curves/aurus_minepump_seed25/accumulated/spec304.tlsf,1
minepump,802fb9419079bb1846834ecd735f1630,av2,9,spec233.tlsf,experiments/results-aurus-curves/aurus_minepump_seed09/accumulated/spec233.tlsf,1
minepump,80e6f3dedc4bf28259d8c8f8100220f4,av3,22,spec241.tlsf,experiments/results-aurus-curves/aurus_minepump_seed22/accumulated/spec241.tlsf,1
minepump,814dd6dc2f6c78f6f76076a7e4721d77,av2,11,spec320.tlsf,experiments/results-aurus-curves/aurus_minepump_seed11/accumulated/spec320.tlsf,1
minepump,83d0be89d6fd8a95f61d047eb7aa7612,av2,13,spec254.tlsf,experiments/results-aurus-curves/aurus_minepump_seed13/accumulated/spec254.tlsf,1
minepump,8427ef14bf7a421c83e293b8942f896f,av2,1,spec342.tlsf,experiments/results-aurus-curves/aurus_minepump_seed01/accumulated/spec342.tlsf,1
minepump,89df7dd51b86eb5999c350337125f540,av3,19,spec391.tlsf,experiments/results-aurus-curves/aurus_minepump_seed19/accumulated/spec391.tlsf,1
minepump,8bb173aa93f4702afea3945ca5be23a5,av3,16,spec198.tlsf,experiments/results-aurus-curves/aurus_minepump_seed16/accumulated/spec198.tlsf,1
minepump,8bf8b2b877adb6d32ed553a4eddf8504,av3,25,spec125.tlsf,experiments/results-aurus-curves/aurus_minepump_seed25/accumulated/spec125.tlsf,1
minepump,8f8604a48573f8f8134bf75cf047f459,av2,11,spec275.tlsf,experiments/results-aurus-curves/aurus_minepump_seed11/accumulated/spec275.tlsf,1
minepump,8fd13151ca7597af8d577c25f8a3dd44,av2,4,spec328.tlsf,experiments/results-aurus-curves/aurus_minepump_seed04/accumulated/spec328.tlsf,1
minepump,93f4c7d3d659efd0f6c9e17b7c5f548b,av3,25,spec307.tlsf,experiments/results-aurus-curves/aurus_minepump_seed25/accumulated/spec307.tlsf,1
minepump,95fb7623e00a66444f7bb3356d176fd9,av3,26,spec224.tlsf,experiments/results-aurus-curves/aurus_minepump_seed26/accumulated/spec224.tlsf,2
minepump,969b743d3b76ba960fbaad74b9fe2664,av3,16,spec245.tlsf,experiments/results-aurus-curves/aurus_minepump_seed16/accumulated/spec245.tlsf,1
minepump,97cc82380edf25d5da0f7bad87bf9585,av2,9,spec461.tlsf,experiments/results-aurus-curves/aurus_minepump_seed09/accumulated/spec461.tlsf,1
minepump,982b71b172e940fe7459c9dac6b684c1,av3,26,spec109.tlsf,experiments/results-aurus-curves/aurus_minepump_seed26/accumulated/spec109.tlsf,1
minepump,99dc961b197338a77d344ccb140d7e3f,av2,0,spec32.tlsf,experiments/results-aurus-curves/aurus_minepump_seed00/accumulated/spec32.tlsf,1
minepump,9a2345ef7ce39f72e873eb500e469d26,av2,0,spec188.tlsf,experiments/results-aurus-curves/aurus_minepump_seed00/accumulated/spec188.tlsf,1
minepump,a4be0b9a6ef30ba0eaadf633db04bde0,av2,1,spec406.tlsf,experiments/results-aurus-curves/aurus_minepump_seed01/accumulated/spec406.tlsf,1
minepump,a50d86ff404cbe7b664a849bb9cc0519,av2,0,spec148.tlsf,experiments/results-aurus-curves/aurus_minepump_seed00/accumulated/spec148.tlsf,1
minepump,a5b6d1900504c14ea00164373785f8fd,av2,14,spec319.tlsf,experiments/results-aurus-curves/aurus_minepump_seed14/accumulated/spec319.tlsf,1
minepump,a7a23faa47b7e6813e0f17cf1382ac6a,av3,28,spec35.tlsf,experiments/results-aurus-curves/aurus_minepump_seed28/accumulated/spec35.tlsf,1
minepump,aa8189dfdf055fee79020968386c98ac,av2,6,spec381.tlsf,experiments/results-aurus-curves/aurus_minepump_seed06/accumulated/spec381.tlsf,1
minepump,ae7fee11621543845e7437c2bddb8548,av2,10,spec303.tlsf,experiments/results-aurus-curves/aurus_minepump_seed10/accumulated/spec303.tlsf,1
minepump,af987ee4b6f03e0d459f93a4085dd560,av3,24,spec439.tlsf,experiments/results-aurus-curves/aurus_minepump_seed24/accumulated/spec439.tlsf,1
minepump,b054656c835392a58cfc035121020c59,av2,11,spec154.tlsf,experiments/results-aurus-curves/aurus_minepump_seed11/accumulated/spec154.tlsf,1
minepump,b123363e906dbb3c89e15f4e70a81c2b,av3,16,spec342.tlsf,experiments/results-aurus-curves/aurus_minepump_seed16/accumulated/spec342.tlsf,1
minepump,b20c2aef03d0321fbf69ee7dc3fd7089,av2,6,spec279.tlsf,experiments/results-aurus-curves/aurus_minepump_seed06/accumulated/spec279.tlsf,1
minepump,b5fa544256b84a21eae56ed59800b97b,av3,28,spec17.tlsf,experiments/results-aurus-curves/aurus_minepump_seed28/accumulated/spec17.tlsf,1
minepump,b6290a8b560e8c5ecb2f35336e4a725d,av2,0,spec54.tlsf,experiments/results-aurus-curves/aurus_minepump_seed00/accumulated/spec54.tlsf,1
minepump,b640f0acaef93b640b019f9bdc412537,av2,13,spec127.tlsf,experiments/results-aurus-curves/aurus_minepump_seed13/accumulated/spec127.tlsf,1
minepump,b7cd78e8a53062b0dcdc212746107787,av3,22,spec355.tlsf,experiments/results-aurus-curves/aurus_minepump_seed22/accumulated/spec355.tlsf,1
minepump,b92b259fa434838976ae669890d9183b,av3,26,spec278.tlsf,experiments/results-aurus-curves/aurus_minepump_seed26/accumulated/spec278.tlsf,1
minepump,b9cf196305c1467f771a876fea18aaee,av2,2,spec438.tlsf,experiments/results-aurus-curves/aurus_minepump_seed02/accumulated/spec438.tlsf,1
minepump,bf0ab202b4378708ba731acdaaf4dded,av3,27,spec158.tlsf,experiments/results-aurus-curves/aurus_minepump_seed27/accumulated/spec158.tlsf,1
minepump,bf3457403f755377484716057068e465,av3,29,spec31.tlsf,experiments/results-aurus-curves/aurus_minepump_seed29/accumulated/spec31.tlsf,1
minepump,c20162a0712d825eeead6cedd54d22e9,av2,12,spec65.tlsf,experiments/results-aurus-curves/aurus_minepump_seed12/accumulated/spec65.tlsf,1
minepump,c243a3b17334a27f3c63ecc7f24ef313,av3,21,spec432.tlsf,experiments/results-aurus-curves/aurus_minepump_seed21/accumulated/spec432.tlsf,1
minepump,c2d7fff7c9ab62f6ecb7a4efb242ebb2,av2,4,spec170.tlsf,experiments/results-aurus-curves/aurus_minepump_seed04/accumulated/spec170.tlsf,1
minepump,c49e5270682f28a330c3fac74b34d0c4,av2,11,spec389.tlsf,experiments/results-aurus-curves/aurus_minepump_seed11/accumulated/spec389.tlsf,1
minepump,c5b3add194b7bc7fcf76b1818810d434,av2,12,spec421.tlsf,experiments/results-aurus-curves/aurus_minepump_seed12/accumulated/spec421.tlsf,1
minepump,c88057cd10c43f14e67e878fe342e42b,av2,10,spec102.tlsf,experiments/results-aurus-curves/aurus_minepump_seed10/accumulated/spec102.tlsf,1
minepump,cb0260068e8dd6aff4464a1d7f197311,av2,11,spec237.tlsf,experiments/results-aurus-curves/aurus_minepump_seed11/accumulated/spec237.tlsf,1
minepump,cc0852414b35dd337f922d602e7b622c,av2,1,spec341.tlsf,experiments/results-aurus-curves/aurus_minepump_seed01/accumulated/spec341.tlsf,1
minepump,cc6ee24c9be6425ce8330b7a1bb8b584,av2,2,spec378.tlsf,experiments/results-aurus-curves/aurus_minepump_seed02/accumulated/spec378.tlsf,1
minepump,d54914715a67e63649384e7be2e53f0d,av3,16,spec439.tlsf,experiments/results-aurus-curves/aurus_minepump_seed16/accumulated/spec439.tlsf,1
minepump,d6350fb9c8fca986f38c94206e0a79e3,av2,10,spec23.tlsf,experiments/results-aurus-curves/aurus_minepump_seed10/accumulated/spec23.tlsf,1
minepump,d76a9e9453112b3eba70493c21d5501e,av3,19,spec128.tlsf,experiments/results-aurus-curves/aurus_minepump_seed19/accumulated/spec128.tlsf,1
minepump,d83394928eac42eb1f7154bc1b58258b,av3,25,spec366.tlsf,experiments/results-aurus-curves/aurus_minepump_seed25/accumulated/spec366.tlsf,1
minepump,d8fb9a7c79fae7d017f0fc0cdb16a8fa,av3,25,spec214.tlsf,experiments/results-aurus-curves/aurus_minepump_seed25/accumulated/spec214.tlsf,1
minepump,db42ae0590a33143b196c0ceedfc820f,av2,2,spec283.tlsf,experiments/results-aurus-curves/aurus_minepump_seed02/accumulated/spec283.tlsf,1
minepump,dc1b63d6c9e37444f0b9380cfccb433f,av2,2,spec34.tlsf,experiments/results-aurus-curves/aurus_minepump_seed02/accumulated/spec34.tlsf,1
minepump,dfd77822531e1765a834ab50e0d2ade0,av3,22,spec80.tlsf,experiments/results-aurus-curves/aurus_minepump_seed22/accumulated/spec80.tlsf,2
minepump,e24f2e2ffb639accc318e7b8173eff8a,av2,5,spec124.tlsf,experiments/results-aurus-curves/aurus_minepump_seed05/accumulated/spec124.tlsf,1
minepump,e284b61908ebddf1190c0358c822f439,av3,28,spec40.tlsf,experiments/results-aurus-curves/aurus_minepump_seed28/accumulated/spec40.tlsf,1
minepump,e5ad438c3b5ab0cac34674733e833a44,av3,16,spec24.tlsf,experiments/results-aurus-curves/aurus_minepump_seed16/accumulated/spec24.tlsf,1
minepump,e8bb66a4986870c9776f4026ba18f01e,av3,21,spec430.tlsf,experiments/results-aurus-curves/aurus_minepump_seed21/accumulated/spec430.tlsf,1
minepump,e8f185605c2b04ad32772f2609172d8f,av3,20,spec270.tlsf,experiments/results-aurus-curves/aurus_minepump_seed20/accumulated/spec270.tlsf,1
minepump,e966690facf2fc3242c025d69942ff1b,av3,26,spec230.tlsf,experiments/results-aurus-curves/aurus_minepump_seed26/accumulated/spec230.tlsf,1
minepump,e99900e1ee4e7d05ad9ecc5fd88f7f68,av2,13,spec289.tlsf,experiments/results-aurus-curves/aurus_minepump_seed13/accumulated/spec289.tlsf,1
minepump,e9c7950cb6d7ce58dbdf2de5075945d2,av3,26,spec155.tlsf,experiments/results-aurus-curves/aurus_minepump_seed26/accumulated/spec155.tlsf,1
minepump,ed1d3ef4bd4270e700f2921f1c50eeb4,av3,24,spec441.tlsf,experiments/results-aurus-curves/aurus_minepump_seed24/accumulated/spec441.tlsf,1
minepump,eeacb2fdee448704597b125bad53c23b,av3,28,spec136.tlsf,experiments/results-aurus-curves/aurus_minepump_seed28/accumulated/spec136.tlsf,1
minepump,ef21f3cfd924f83fc79d9f4baca320da,av3,23,spec119.tlsf,experiments/results-aurus-curves/aurus_minepump_seed23/accumulated/spec119.tlsf,1
minepump,f0a6360245f2bc9a500ce83d42ecf906,av2,10,spec379.tlsf,experiments/results-aurus-curves/aurus_minepump_seed10/accumulated/spec379.tlsf,1
minepump,f478af971197a50b920c65b0802598b7,av3,18,spec88.tlsf,experiments/results-aurus-curves/aurus_minepump_seed18/accumulated/spec88.tlsf,1
minepump,f75eee789bb482962691b4ec59407c48,av3,26,spec293.tlsf,experiments/results-aurus-curves/aurus_minepump_seed26/accumulated/spec293.tlsf,1
minepump,f929cbbc33fe5191c18364d7f6135008,av3,16,spec344.tlsf,experiments/results-aurus-curves/aurus_minepump_seed16/accumulated/spec344.tlsf,1
minepump,fba104b77283e24cb6de5007ddcbc34d,av3,16,spec233.tlsf,experiments/results-aurus-curves/aurus_minepump_seed16/accumulated/spec233.tlsf,1
minepump,fd2433e44b61348c32e1d110b95ec332,av2,14,spec170.tlsf,experiments/results-aurus-curves/aurus_minepump_seed14/accumulated/spec170.tlsf,1
pcar-v2-888,1e3ab4406bb2dfda6bce0e7e64830233,av2,2,spec105.tlsf,experiments/results-aurus-curves/aurus_pcar-v2-888_seed02/accumulated/spec105.tlsf,2
pcar-v2-888,278c01bcecbd75f8826bb338952fcccc,av2,7,spec371.tlsf,experiments/results-aurus-curves/aurus_pcar-v2-888_seed07/accumulated/spec371.tlsf,1
pcar-v2-888,36db3f981c98276707838abffdff8b14,av2,6,spec248.tlsf,experiments/results-aurus-curves/aurus_pcar-v2-888_seed06/accumulated/spec248.tlsf,1
pcar-v2-888,447700cdd441ac73201aa79128eaee93,av2,4,spec226.tlsf,experiments/results-aurus-curves/aurus_pcar-v2-888_seed04/accumulated/spec226.tlsf,1
pcar-v2-888,51c5141c24ce0a246fe79802888d97c4,av2,4,spec397.tlsf,experiments/results-aurus-curves/aurus_pcar-v2-888_seed04/accumulated/spec397.tlsf,1
pcar-v2-888,5842a906c154910dd0593ed631aa960f,av2,2,spec106.tlsf,experiments/results-aurus-curves/aurus_pcar-v2-888_seed02/accumulated/spec106.tlsf,1
pcar-v2-888,6fbd29d8a8c1ac0c7c9d749c7dc88661,av2,2,spec149.tlsf,experiments/results-aurus-curves/aurus_pcar-v2-888_seed02/accumulated/spec149.tlsf,1
pcar-v2-888,7ad4748981eab70155d694a9ffb9ab50,av2,6,spec352.tlsf,experiments/results-aurus-curves/aurus_pcar-v2-888_seed06/accumulated/spec352.tlsf,1
pcar-v2-888,9748674ef5b09cdf0031b01526682510,av2,6,spec346.tlsf,experiments/results-aurus-curves/aurus_pcar-v2-888_seed06/accumulated/spec346.tlsf,1
pcar-v2-888,97bdd273e54a102132a1ba8445190b77,av2,2,spec163.tlsf,experiments/results-aurus-curves/aurus_pcar-v2-888_seed02/accumulated/spec163.tlsf,1
pcar-v2-888,c0b2a74f2eb914a97bbfc2208d8b344c,av2,2,spec44.tlsf,experiments/results-aurus-curves/aurus_pcar-v2-888_seed02/accumulated/spec44.tlsf,1
pcar-v2-888,c1d6945a20bff042dc1cd2bda52f99f9,av2,4,spec110.tlsf,experiments/results-aurus-curves/aurus_pcar-v2-888_seed04/accumulated/spec110.tlsf,1
pcar-v2-888,d170bc7331dcc113ee3b992a9b9387ad,av2,6,spec318.tlsf,experiments/results-aurus-curves/aurus_pcar-v2-888_seed06/accumulated/spec318.tlsf,1
pcar-v2-888,e233ffb5b3eba48a9ec3676d54eb292a,av3,25,spec143.tlsf,experiments/results-aurus-curves/aurus_pcar-v2-888_seed25/accumulated/spec143.tlsf,1
pcar-v2-888,e62fbe6aba0f4cb3bca28001af05db5d,av2,2,spec223.tlsf,experiments/results-aurus-curves/aurus_pcar-v2-888_seed02/accumulated/spec223.tlsf,1
rg1,001c9893da021c651c886a80ccb6a1b4,av2,14,spec16.tlsf,experiments/results-aurus-curves/aurus_rg1_seed14/accumulated/spec16.tlsf,2
rg1,00e60dbbe1bf3655274262fadfc953ba,av2,1,spec189.tlsf,experiments/results-aurus-curves/aurus_rg1_seed01/accumulated/spec189.tlsf,1
rg1,0170a864a42f6a2d3a2ed85291319037,av3,23,spec165.tlsf,experiments/results-aurus-curves/aurus_rg1_seed23/accumulated/spec165.tlsf,1
rg1,01d1f056888baa094232f88a6fdf4652,av2,11,spec125.tlsf,experiments/results-aurus-curves/aurus_rg1_seed11/accumulated/spec125.tlsf,1
rg1,01e1bafe9cc5ab93a3cf2ebda52d4a39,av2,6,spec66.tlsf,experiments/results-aurus-curves/aurus_rg1_seed06/accumulated/spec66.tlsf,1
rg1,022dad6129fe3d26c4e29e00d23cafd3,av3,22,spec71.tlsf,experiments/results-aurus-curves/aurus_rg1_seed22/accumulated/spec71.tlsf,1
rg1,0264e10ec45c8e06812097c337322b04,av3,21,spec231.tlsf,experiments/results-aurus-curves/aurus_rg1_seed21/accumulated/spec231.tlsf,1
rg1,037b2d111f915766a8072053ba0fd60a,av3,29,spec255.tlsf,experiments/results-aurus-curves/aurus_rg1_seed29/accumulated/spec255.tlsf,1
rg1,063b6071a73fb3f63bbb9cd00da458ca,av2,0,spec123.tlsf,experiments/results-aurus-curves/aurus_rg1_seed00/accumulated/spec123.tlsf,1
rg1,06ac1f8216005e96b75e24d6e770446d,av2,13,spec283.tlsf,experiments/results-aurus-curves/aurus_rg1_seed13/accumulated/spec283.tlsf,1
rg1,07c3693caa3543f9dfd1568d1bd09c47,av2,4,spec18.tlsf,experiments/results-aurus-curves/aurus_rg1_seed04/accumulated/spec18.tlsf,2
rg1,07c7e3b20fa667af8a8d0ab3cc6d8756,av3,23,spec126.tlsf,experiments/results-aurus-curves/aurus_rg1_seed23/accumulated/spec126.tlsf,1
rg1,0831b9dd0683ca0535ad66546c11480d,av3,18,spec11.tlsf,experiments/results-aurus-curves/aurus_rg1_seed18/accumulated/spec11.tlsf,1
rg1,085ed3833083f059d8525772815ab46d,av3,21,spec301.tlsf,experiments/results-aurus-curves/aurus_rg1_seed21/accumulated/spec301.tlsf,1
rg1,0928737ef2ae1d9be9d3962edf5d28a2,av2,8,spec13.tlsf,experiments/results-aurus-curves/aurus_rg1_seed08/accumulated/spec13.tlsf,1
rg1,0a2c0329fb49db46d6415971e6d3efa3,av2,9,spec234.tlsf,experiments/results-aurus-curves/aurus_rg1_seed09/accumulated/spec234.tlsf,1
rg1,0a7859ef7ba79328e02b216ff9d4e414,av3,27,spec281.tlsf,experiments/results-aurus-curves/aurus_rg1_seed27/accumulated/spec281.tlsf,1
rg1,0af0ba8bfb0218530eb8ff5388523ef1,av3,20,spec147.tlsf,experiments/results-aurus-curves/aurus_rg1_seed20/accumulated/spec147.tlsf,1
rg1,0b30dc992272f93f6f39c6ce2131ea7d,av3,26,spec160.tlsf,experiments/results-aurus-curves/aurus_rg1_seed26/accumulated/spec160.tlsf,1
rg1,0b41c27e80f89438f3d44485133674e2,av3,24,spec268.tlsf,experiments/results-aurus-curves/aurus_rg1_seed24/accumulated/spec268.tlsf,1
rg1,0b5b5c8fb8f9dc48527eee39d98fd6b7,av3,20,spec101.tlsf,experiments/results-aurus-curves/aurus_rg1_seed20/accumulated/spec101.tlsf,1
rg1,0c938f3ece65e2fef2e99c5f9ce99352,av3,23,spec202.tlsf,experiments/results-aurus-curves/aurus_rg1_seed23/accumulated/spec202.tlsf,1
rg1,0d252572b126acec97187c9b16b5eb35,av2,14,spec192.tlsf,experiments/results-aurus-curves/aurus_rg1_seed14/accumulated/spec192.tlsf,1
rg1,0dd85ad8e29748c418eafa2b3355b451,av3,22,spec146.tlsf,experiments/results-aurus-curves/aurus_rg1_seed22/accumulated/spec146.tlsf,1
rg1,0dde43fb559a5919e9e139fd6a3210f1,av3,15,spec83.tlsf,experiments/results-aurus-curves/aurus_rg1_seed15/accumulated/spec83.tlsf,1
rg1,0e7ed1c7e0d325c5e205e56df03ec591,av3,27,spec2.tlsf,experiments/results-aurus-curves/aurus_rg1_seed27/accumulated/spec2.tlsf,1
rg1,0e8fef634333cfff87c4cf973988c5d4,av3,29,spec82.tlsf,experiments/results-aurus-curves/aurus_rg1_seed29/accumulated/spec82.tlsf,1
rg1,128417662035210cf86e68909e1e7bd1,av3,22,spec200.tlsf,experiments/results-aurus-curves/aurus_rg1_seed22/accumulated/spec200.tlsf,1
rg1,12dc1c32ef92e77b06e507bf6785334c,av3,28,spec135.tlsf,experiments/results-aurus-curves/aurus_rg1_seed28/accumulated/spec135.tlsf,1
rg1,1431c0f5ca573656ef410bfca6300eea,av3,28,spec88.tlsf,experiments/results-aurus-curves/aurus_rg1_seed28/accumulated/spec88.tlsf,1
rg1,143f12e8b87326606a763b1616dbf708,av3,20,spec239.tlsf,experiments/results-aurus-curves/aurus_rg1_seed20/accumulated/spec239.tlsf,1
rg1,14fe029ad70eae38a0c1ade27928fc1a,av3,26,spec59.tlsf,experiments/results-aurus-curves/aurus_rg1_seed26/accumulated/spec59.tlsf,1
rg1,154ae11f9b1ad9bd5532ab98175c6352,av2,4,spec228.tlsf,experiments/results-aurus-curves/aurus_rg1_seed04/accumulated/spec228.tlsf,1
rg1,171b6d854f1a08e0efd9a4b835d97b23,av3,20,spec150.tlsf,experiments/results-aurus-curves/aurus_rg1_seed20/accumulated/spec150.tlsf,1
rg1,1808af05b59e8c0711f2e2fecbc8bc47,av3,18,spec246.tlsf,experiments/results-aurus-curves/aurus_rg1_seed18/accumulated/spec246.tlsf,1
rg1,1866e82c416a787f072876742e6e3259,av3,20,spec243.tlsf,experiments/results-aurus-curves/aurus_rg1_seed20/accumulated/spec243.tlsf,1
rg1,18e84d8aa967e124946cec88a7705203,av3,20,spec232.tlsf,experiments/results-aurus-curves/aurus_rg1_seed20/accumulated/spec232.tlsf,1
rg1,18ef2be8b103acb3552fc306bd7c01f7,av2,13,spec162.tlsf,experiments/results-aurus-curves/aurus_rg1_seed13/accumulated/spec162.tlsf,1
rg1,19d4e0d6b6835796ea57197b6ead7c23,av2,1,spec139.tlsf,experiments/results-aurus-curves/aurus_rg1_seed01/accumulated/spec139.tlsf,1
rg1,19e764c5f41ec01cc876057bb7b8e5ce,av3,25,spec275.tlsf,experiments/results-aurus-curves/aurus_rg1_seed25/accumulated/spec275.tlsf,1
rg1,1a18c9f717c9b36c15db7609682bb7ec,av2,8,spec167.tlsf,experiments/results-aurus-curves/aurus_rg1_seed08/accumulated/spec167.tlsf,1
rg1,1a43a6fc93ea5f6ad13d599ea83d01d9,av2,4,spec140.tlsf,experiments/results-aurus-curves/aurus_rg1_seed04/accumulated/spec140.tlsf,1
rg1,1a71a7703bf00d2e9b95d9ee880094a6,av2,4,spec252.tlsf,experiments/results-aurus-curves/aurus_rg1_seed04/accumulated/spec252.tlsf,1
rg1,1aa19093159e98e49996c7c38bb5da73,av3,21,spec125.tlsf,experiments/results-aurus-curves/aurus_rg1_seed21/accumulated/spec125.tlsf,1
rg1,1ae193763025d465b027729dd7935aab,av2,4,spec69.tlsf,experiments/results-aurus-curves/aurus_rg1_seed04/accumulated/spec69.tlsf,1
rg1,1b22a274039c13751fb1dbc89aa9eada,av2,5,spec86.tlsf,experiments/results-aurus-curves/aurus_rg1_seed05/accumulated/spec86.tlsf,1
rg1,1c88a420d0ab88f8a2fba01817040752,av3,20,spec28.tlsf,experiments/results-aurus-curves/aurus_rg1_seed20/accumulated/spec28.tlsf,1
rg1,1c8c2920ede5377839aea921b72cbb4c,av3,25,spec55.tlsf,experiments/results-aurus-curves/aurus_rg1_seed25/accumulated/spec55.tlsf,1
rg1,1cde77fcdc06feff957c0da327ccbef6,av2,5,spec158.tlsf,experiments/results-aurus-curves/aurus_rg1_seed05/accumulated/spec158.tlsf,1
rg1,1cf7e8d85fef229aa794da6cb7449747,av2,11,spec121.tlsf,experiments/results-aurus-curves/aurus_rg1_seed11/accumulated/spec121.tlsf,1
rg1,1e00d693c7ad040c5b947db199c908bc,av2,0,spec94.tlsf,experiments/results-aurus-curves/aurus_rg1_seed00/accumulated/spec94.tlsf,7
rg1,1e2addb271b644e62d662748a33f05f4,av3,26,spec56.tlsf,experiments/results-aurus-curves/aurus_rg1_seed26/accumulated/spec56.tlsf,1
rg1,1e3e319384a30390e58a4df25fb0e1cc,av2,14,spec170.tlsf,experiments/results-aurus-curves/aurus_rg1_seed14/accumulated/spec170.tlsf,1
rg1,1ea32ae219e8614ecf705810d0538bab,av2,10,spec20.tlsf,experiments/results-aurus-curves/aurus_rg1_seed10/accumulated/spec20.tlsf,1
rg1,1ee03f4033fb25289f15e419844e29d8,av3,18,spec87.tlsf,experiments/results-aurus-curves/aurus_rg1_seed18/accumulated/spec87.tlsf,1
rg1,1f3d86e7770d326abbf95a96878ceeae,av3,23,spec32.tlsf,experiments/results-aurus-curves/aurus_rg1_seed23/accumulated/spec32.tlsf,1
rg1,204bed80f949be70f56fa327824397da,av3,27,spec86.tlsf,experiments/results-aurus-curves/aurus_rg1_seed27/accumulated/spec86.tlsf,1
rg1,241e193fe71881f1e1e2c64d77f742c5,av3,25,spec199.tlsf,experiments/results-aurus-curves/aurus_rg1_seed25/accumulated/spec199.tlsf,1
rg1,249aa530b2aedc60b24ce9594b137547,av2,2,spec151.tlsf,experiments/results-aurus-curves/aurus_rg1_seed02/accumulated/spec151.tlsf,1
rg1,24cbbbeb8ca0836ac3526b25f98fc026,av2,14,spec72.tlsf,experiments/results-aurus-curves/aurus_rg1_seed14/accumulated/spec72.tlsf,1
rg1,25b8bf6b7d957e6b2f24ee31507de669,av3,29,spec177.tlsf,experiments/results-aurus-curves/aurus_rg1_seed29/accumulated/spec177.tlsf,1
rg1,25e1af7b2890acd55f23bab53c1fff83,av2,14,spec73.tlsf,experiments/results-aurus-curves/aurus_rg1_seed14/accumulated/spec73.tlsf,1
rg1,266cf4803d934abdedb5db880616033e,av2,9,spec143.tlsf,experiments/results-aurus-curves/aurus_rg1_seed09/accumulated/spec143.tlsf,1
rg1,27688999e7c26d548325183913316946,av3,20,spec237.tlsf,experiments/results-aurus-curves/aurus_rg1_seed20/accumulated/spec237.tlsf,1
rg1,27b705802ebe10f3a97287e393a67e37,av2,11,spec204.tlsf,experiments/results-aurus-curves/aurus_rg1_seed11/accumulated/spec204.tlsf,1
rg1,288237cf4151216b300527cd3f899b68,av3,26,spec63.tlsf,experiments/results-aurus-curves/aurus_rg1_seed26/accumulated/spec63.tlsf,1
rg1,28d6ea9ab6850d08f2f039291fdaa9c3,av2,13,spec274.tlsf,experiments/results-aurus-curves/aurus_rg1_seed13/accumulated/spec274.tlsf,1
rg1,2998664f3ea6af8d9e9d73b7b091b600,av2,6,spec52.tlsf,experiments/results-aurus-curves/aurus_rg1_seed06/accumulated/spec52.tlsf,1
rg1,2a49b535baeb7046eb38febac2bdd9b3,av3,21,spec98.tlsf,experiments/results-aurus-curves/aurus_rg1_seed21/accumulated/spec98.tlsf,1
rg1,2b633d7f5cbfd06e72202b5c4d8dbc97,av3,25,spec214.tlsf,experiments/results-aurus-curves/aurus_rg1_seed25/accumulated/spec214.tlsf,1
rg1,2b838f5d6dc4df06ccd0e7b8f88f00c6,av3,25,spec278.tlsf,experiments/results-aurus-curves/aurus_rg1_seed25/accumulated/spec278.tlsf,1
rg1,2c526435c00c04175ac6a93e1505a79f,av2,14,spec136.tlsf,experiments/results-aurus-curves/aurus_rg1_seed14/accumulated/spec136.tlsf,1
rg1,2d1e75b80f3472e7ef191e5a59a5d1b2,av2,14,spec75.tlsf,experiments/results-aurus-curves/aurus_rg1_seed14/accumulated/spec75.tlsf,1
rg1,2de1127200545f334261106e4f71e396,av3,18,spec73.tlsf,experiments/results-aurus-curves/aurus_rg1_seed18/accumulated/spec73.tlsf,1
rg1,2ed1a95c28285a00060c7bea8f2265b9,av3,20,spec196.tlsf,experiments/results-aurus-curves/aurus_rg1_seed20/accumulated/spec196.tlsf,1
rg1,2efdda2ec140498cf7f6ebf44ab5f433,av2,11,spec70.tlsf,experiments/results-aurus-curves/aurus_rg1_seed11/accumulated/spec70.tlsf,1
rg1,2f2ce951a3faefc944bebbd8608b7d87,av3,20,spec119.tlsf,experiments/results-aurus-curves/aurus_rg1_seed20/accumulated/spec119.tlsf,1
rg1,309c842407b50161f22655ab9bed7754,av3,15,spec177.tlsf,experiments/results-aurus-curves/aurus_rg1_seed15/accumulated/spec177.tlsf,1
rg1,310913ca8227d5825cfea55130538943,av2,6,spec59.tlsf,experiments/results-aurus-curves/aurus_rg1_seed06/accumulated/spec59.tlsf,1
rg1,319d779b5037948f8a3b8e23042afb79,av3,20,spec82.tlsf,experiments/results-aurus-curves/aurus_rg1_seed20/accumulated/spec82.tlsf,1
rg1,335f7bef321a04401f8ea3147fbaa956,av3,25,spec153.tlsf,experiments/results-aurus-curves/aurus_rg1_seed25/accumulated/spec153.tlsf,1
rg1,3418a24a9d43f520ff5e36a8b04eaf61,av2,3,spec67.tlsf,experiments/results-aurus-curves/aurus_rg1_seed03/accumulated/spec67.tlsf,1
rg1,3482ce25c18e9c6a4b2b13026d0fad1b,av3,24,spec63.tlsf,experiments/results-aurus-curves/aurus_rg1_seed24/accumulated/spec63.tlsf,1
rg1,34bac9a5e784bc0428d70b9f6532d028,av2,4,spec306.tlsf,experiments/results-aurus-curves/aurus_rg1_seed04/accumulated/spec306.tlsf,1
rg1,3632b617385ceced26826a8e583a7f81,av3,15,spec128.tlsf,experiments/results-aurus-curves/aurus_rg1_seed15/accumulated/spec128.tlsf,1
rg1,38b95c0a93448727ceecf8613098aed4,av2,1,spec240.tlsf,experiments/results-aurus-curves/aurus_rg1_seed01/accumulated/spec240.tlsf,1
rg1,39089a200d73b918a283dbd0b70fee07,av2,8,spec40.tlsf,experiments/results-aurus-curves/aurus_rg1_seed08/accumulated/spec40.tlsf,1
rg1,39eb54b3424fefe0a34ef20415de793a,av3,20,spec7.tlsf,experiments/results-aurus-curves/aurus_rg1_seed20/accumulated/spec7.tlsf,1
rg1,3b5cc647eecbc83cd324f98e93b5cc5b,av2,8,spec135.tlsf,experiments/results-aurus-curves/aurus_rg1_seed08/accumulated/spec135.tlsf,1
rg1,3b6a8b4c3dd29d0377cb8ad090642966,av2,11,spec60.tlsf,experiments/results-aurus-curves/aurus_rg1_seed11/accumulated/spec60.tlsf,1
rg1,3b99f9f8b6413f5f2aa7373eaf3f950c,av3,24,spec124.tlsf,experiments/results-aurus-curves/aurus_rg1_seed24/accumulated/spec124.tlsf,1
rg1,3cd5455d32a04c5a688898516b13218a,av2,2,spec173.tlsf,experiments/results-aurus-curves/aurus_rg1_seed02/accumulated/spec173.tlsf,1
rg1,3e1ca87a61202e2d6ce820d0a8ce4ec3,av2,0,spec95.tlsf,experiments/results-aurus-curves/aurus_rg1_seed00/accumulated/spec95.tlsf,1
rg1,3f1705ed54b226c90c8c8bbe00c761b2,av2,10,spec195.tlsf,experiments/results-aurus-curves/aurus_rg1_seed10/accumulated/spec195.tlsf,1
rg1,3f438242efc655af7fd640fe2cdbf3d1,av3,22,spec15.tlsf,experiments/results-aurus-curves/aurus_rg1_seed22/accumulated/spec15.tlsf,1
rg1,3f67581a879818ea1e22bb30ba59accc,av3,15,spec173.tlsf,experiments/results-aurus-curves/aurus_rg1_seed15/accumulated/spec173.tlsf,1
rg1,4013177c4e92fb393fd50a3bbaa180d9,av2,11,spec228.tlsf,experiments/results-aurus-curves/aurus_rg1_seed11/accumulated/spec228.tlsf,1
rg1,40281aa89e445528cb5d05fd1cf1112e,av2,4,spec109.tlsf,experiments/results-aurus-curves/aurus_rg1_seed04/accumulated/spec109.tlsf,1
rg1,403bd92b062507b9edf688519f14ab56,av3,28,spec187.tlsf,experiments/results-aurus-curves/aurus_rg1_seed28/accumulated/spec187.tlsf,1
rg1,43359bb83caea74082a373a6c612997b,av2,4,spec180.tlsf,experiments/results-aurus-curves/aurus_rg1_seed04/accumulated/spec180.tlsf,1
rg1,435e4dc9e367e237cdfb60de5afa7281,av2,11,spec187.tlsf,experiments/results-aurus-curves/aurus_rg1_seed11/accumulated/spec187.tlsf,1
rg1,437d67cbdb18b7d4982d37dcd197d621,av3,22,spec232.tlsf,experiments/results-aurus-curves/aurus_rg1_seed22/accumulated/spec232.tlsf,1
rg1,43a40ab3e606a7ec09e290a20f760893,av2,8,spec149.tlsf,experiments/results-aurus-curves/aurus_rg1_seed08/accumulated/spec149.tlsf,1
rg1,444a8336a59d8627a5b0e23aad0ffe39,av2,0,spec162.tlsf,experiments/results-aurus-curves/aurus_rg1_seed00/accumulated/spec162.tlsf,1
rg1,45b6f785ad5a092e0bdb08b00d0442fb,av2,13,spec159.tlsf,experiments/results-aurus-curves/aurus_rg1_seed13/accumulated/spec159.tlsf,1
rg1,4674dceb10d059adfa1c74d26d4ac50c,av3,17,spec159.tlsf,experiments/results-aurus-curves/aurus_rg1_seed17/accumulated/spec159.tlsf,1
rg1,4736da78ea47c4f72e04b5a4d5340804,av2,10,spec191.tlsf,experiments/results-aurus-curves/aurus_rg1_seed10/accumulated/spec191.tlsf,1
rg1,496851fe4965c42e78f4db94ea28e0ce,av3,24,spec25.tlsf,experiments/results-aurus-curves/aurus_rg1_seed24/accumulated/spec25.tlsf,2
rg1,4a1935ad73b8efe1a750b5e6e28fbc2c,av3,21,spec273.tlsf,experiments/results-aurus-curves/aurus_rg1_seed21/accumulated/spec273.tlsf,1
rg1,4a80fb6571e871a9cfdc08a2eb185646,av2,9,spec58.tlsf,experiments/results-aurus-curves/aurus_rg1_seed09/accumulated/spec58.tlsf,1
rg1,4a9084e0c94237a8872c46af3fd16cc5,av2,13,spec60.tlsf,experiments/results-aurus-curves/aurus_rg1_seed13/accumulated/spec60.tlsf,1
rg1,4e6f0e409b281b2d3e21cb522a786d54,av2,2,spec94.tlsf,experiments/results-aurus-curves/aurus_rg1_seed02/accumulated/spec94.tlsf,1
rg1,4f70d3e4a423297fe44de2599ac3cefb,av2,6,spec80.tlsf,experiments/results-aurus-curves/aurus_rg1_seed06/accumulated/spec80.tlsf,1
rg1,4f95b98534a2254e775e5face07a71bf,av2,4,spec105.tlsf,experiments/results-aurus-curves/aurus_rg1_seed04/accumulated/spec105.tlsf,1
rg1,501e608f3a96f70159bdd80b5ed6c98c,av3,27,spec265.tlsf,experiments/results-aurus-curves/aurus_rg1_seed27/accumulated/spec265.tlsf,1
rg1,50a0742dbd231efddee2bb7f67399397,av3,25,spec119.tlsf,experiments/results-aurus-curves/aurus_rg1_seed25/accumulated/spec119.tlsf,1
rg1,51ac9818987246ebc0e0a36956d8f0c0,av3,16,spec137.tlsf,experiments/results-aurus-curves/aurus_rg1_seed16/accumulated/spec137.tlsf,1
rg1,528175fbeb5162e3ab0f6ea2e62ca390,av3,28,spec6.tlsf,experiments/results-aurus-curves/aurus_rg1_seed28/accumulated/spec6.tlsf,1
rg1,52a921f897baa24249c4529ea0aa823e,av3,25,spec80.tlsf,experiments/results-aurus-curves/aurus_rg1_seed25/accumulated/spec80.tlsf,1
rg1,52b08a638bb5cc8609f47aa5596f5200,av3,28,spec180.tlsf,experiments/results-aurus-curves/aurus_rg1_seed28/accumulated/spec180.tlsf,1
rg1,52e599e1348a8e172aa4989ccaf965d4,av3,24,spec26.tlsf,experiments/results-aurus-curves/aurus_rg1_seed24/accumulated/spec26.tlsf,1
rg1,532bfa8e3242da895790008623479272,av3,26,spec24.tlsf,experiments/results-aurus-curves/aurus_rg1_seed26/accumulated/spec24.tlsf,1
rg1,5330ef71b775f8c6248ece651f60613d,av2,11,spec30.tlsf,experiments/results-aurus-curves/aurus_rg1_seed11/accumulated/spec30.tlsf,1
rg1,53cf85053d61e65b88f3999bb849aa32,av3,22,spec86.tlsf,experiments/results-aurus-curves/aurus_rg1_seed22/accumulated/spec86.tlsf,1
rg1,53f8f70c6c1597ef665364fba542ea3d,av3,18,spec267.tlsf,experiments/results-aurus-curves/aurus_rg1_seed18/accumulated/spec267.tlsf,1
rg1,5474f10587f5669127d7518afbcf4f8a,av3,16,spec187.tlsf,experiments/results-aurus-curves/aurus_rg1_seed16/accumulated/spec187.tlsf,1
rg1,549943c61723390f7b41ab3b4a956311,av2,14,spec125.tlsf,experiments/results-aurus-curves/aurus_rg1_seed14/accumulated/spec125.tlsf,1
rg1,552dfd61e13cd51568f781768f20014d,av3,15,spec144.tlsf,experiments/results-aurus-curves/aurus_rg1_seed15/accumulated/spec144.tlsf,1
rg1,55494aba096c90ec22018c5cbcfa18a1,av3,27,spec243.tlsf,experiments/results-aurus-curves/aurus_rg1_seed27/accumulated/spec243.tlsf,1
rg1,56305e9db3e8564a32542d3248bcd4a9,av3,20,spec149.tlsf,experiments/results-aurus-curves/aurus_rg1_seed20/accumulated/spec149.tlsf,1
rg1,5783fba28cbc1dd881e1566349c6d8c8,av2,11,spec189.tlsf,experiments/results-aurus-curves/aurus_rg1_seed11/accumulated/spec189.tlsf,1
rg1,5796db103c91495ddbfd8fc9fa5f40f9,av3,20,spec92.tlsf,experiments/results-aurus-curves/aurus_rg1_seed20/accumulated/spec92.tlsf,1
rg1,58257840baaf1c8e3511dcfa18affc89,av3,23,spec119.tlsf,experiments/results-aurus-curves/aurus_rg1_seed23/accumulated/spec119.tlsf,1
rg1,58643134c657c90e5390746a14678b61,av3,22,spec172.tlsf,experiments/results-aurus-curves/aurus_rg1_seed22/accumulated/spec172.tlsf,1
rg1,5aa8fdd3feed3e929bab16d95e97ff59,av3,24,spec115.tlsf,experiments/results-aurus-curves/aurus_rg1_seed24/accumulated/spec115.tlsf,1
rg1,5aaefe802c5cc7983272ca7ebf32a71f,av3,27,spec60.tlsf,experiments/results-aurus-curves/aurus_rg1_seed27/accumulated/spec60.tlsf,1
rg1,5c1768db70bbdfd8a298c81dac7e64e5,av2,11,spec238.tlsf,experiments/results-aurus-curves/aurus_rg1_seed11/accumulated/spec238.tlsf,1
rg1,5f19855f61462c1acbcd90de171dc564,av2,5,spec301.tlsf,experiments/results-aurus-curves/aurus_rg1_seed05/accumulated/spec301.tlsf,1
rg1,5f49a79909cdcc9ab3b5d8661d2b9464,av3,26,spec64.tlsf,experiments/results-aurus-curves/aurus_rg1_seed26/accumulated/spec64.tlsf,1
rg1,5fa1612bd922392d26ac609b35d26f9f,av3,15,spec223.tlsf,experiments/results-aurus-curves/aurus_rg1_seed15/accumulated/spec223.tlsf,1
rg1,5fa45969c82dd665a7fc572f859be115,av3,21,spec269.tlsf,experiments/results-aurus-curves/aurus_rg1_seed21/accumulated/spec269.tlsf,1
rg1,60114123e0a8cab97081b3d5634ca417,av3,27,spec39.tlsf,experiments/results-aurus-curves/aurus_rg1_seed27/accumulated/spec39.tlsf,1
rg1,609c7fb020edd9136e2cb662501e205a,av2,10,spec168.tlsf,experiments/results-aurus-curves/aurus_rg1_seed10/accumulated/spec168.tlsf,1
rg1,612a37ade58b63e692d91a795443a8f5,av3,23,spec242.tlsf,experiments/results-aurus-curves/aurus_rg1_seed23/accumulated/spec242.tlsf,1
rg1,6190e4d339cb658e7e2af6853413c890,av3,18,spec101.tlsf,experiments/results-aurus-curves/aurus_rg1_seed18/accumulated/spec101.tlsf,1
rg1,61b8bde4edf9d2e3ba05f2994dca277d,av3,26,spec137.tlsf,experiments/results-aurus-curves/aurus_rg1_seed26/accumulated/spec137.tlsf,1
rg1,61f4a780696e88dc634051c96107adaa,av2,10,spec77.tlsf,experiments/results-aurus-curves/aurus_rg1_seed10/accumulated/spec77.tlsf,1
rg1,626c27f20562d8374127533bc152fbb8,av2,1,spec138.tlsf,experiments/results-aurus-curves/aurus_rg1_seed01/accumulated/spec138.tlsf,1
rg1,6294c8db8da1f697510a6366fd961b5d,av2,4,spec297.tlsf,experiments/results-aurus-curves/aurus_rg1_seed04/accumulated/spec297.tlsf,1
rg1,62a4421ea58878e0574d2e5ff589bdc7,av2,2,spec39.tlsf,experiments/results-aurus-curves/aurus_rg1_seed02/accumulated/spec39.tlsf,1
rg1,64716aef4fb651b4d112220adfd76a08,av3,20,spec219.tlsf,experiments/results-aurus-curves/aurus_rg1_seed20/accumulated/spec219.tlsf,1
rg1,66365d1d68046875c2cea58a1163e166,av3,18,spec59.tlsf,experiments/results-aurus-curves/aurus_rg1_seed18/accumulated/spec59.tlsf,1
rg1,6753cae0bdad3ad336bdeef762da725d,av2,12,spec184.tlsf,experiments/results-aurus-curves/aurus_rg1_seed12/accumulated/spec184.tlsf,1
rg1,68169695ec311511d156d0e11c66dcdf,av2,4,spec244.tlsf,experiments/results-aurus-curves/aurus_rg1_seed04/accumulated/spec244.tlsf,1
rg1,69b43ae047c49693c6f26fe58eb9ebde,av2,5,spec298.tlsf,experiments/results-aurus-curves/aurus_rg1_seed05/accumulated/spec298.tlsf,1
rg1,6a73fb9db786c12a3fd2d63e73da9a6b,av3,19,spec29.tlsf,experiments/results-aurus-curves/aurus_rg1_seed19/accumulated/spec29.tlsf,1
rg1,6ab87258dc5f3486e7bb4f815c4d90b2,av2,5,spec157.tlsf,experiments/results-aurus-curves/aurus_rg1_seed05/accumulated/spec157.tlsf,1
rg1,6bca8ecbc51dcb9fbbbd469687564755,av3,21,spec235.tlsf,experiments/results-aurus-curves/aurus_rg1_seed21/accumulated/spec235.tlsf,1
rg1,6e218bae5c040b539b2fb7db37543a93,av2,0,spec221.tlsf,experiments/results-aurus-curves/aurus_rg1_seed00/accumulated/spec221.tlsf,1
rg1,6e38477ae88404ec7983f7329d87fa91,av3,22,spec26.tlsf,experiments/results-aurus-curves/aurus_rg1_seed22/accumulated/spec26.tlsf,1
rg1,6e92c20fd843d1c85b51e21c2f909e7c,av2,2,spec168.tlsf,experiments/results-aurus-curves/aurus_rg1_seed02/accumulated/spec168.tlsf,1
rg1,6f37e0f541aa163db2e6c985493ac13d,av2,4,spec133.tlsf,experiments/results-aurus-curves/aurus_rg1_seed04/accumulated/spec133.tlsf,1
rg1,6f4deb4d9c0295ec45cbc874361bec9e,av2,0,spec55.tlsf,experiments/results-aurus-curves/aurus_rg1_seed00/accumulated/spec55.tlsf,1
rg1,6fc009e34e3d81c57aa7d3108e1714e7,av2,9,spec184.tlsf,experiments/results-aurus-curves/aurus_rg1_seed09/accumulated/spec184.tlsf,1
rg1,7124f585785498c41929f42e6fc4c745,av3,26,spec164.tlsf,experiments/results-aurus-curves/aurus_rg1_seed26/accumulated/spec164.tlsf,1
rg1,722882276bf887116d7b383d96507ea0,av3,15,spec207.tlsf,experiments/results-aurus-curves/aurus_rg1_seed15/accumulated/spec207.tlsf,1
rg1,72d065f70f179d71e068a364aebe0ac3,av3,18,spec142.tlsf,experiments/results-aurus-curves/aurus_rg1_seed18/accumulated/spec142.tlsf,1
rg1,72d6f06a278b1d532ada3ebac2700b34,av2,1,spec116.tlsf,experiments/results-aurus-curves/aurus_rg1_seed01/accumulated/spec116.tlsf,1
rg1,7340902365ad1625da082bc569c24d26,av3,24,spec212.tlsf,experiments/results-aurus-curves/aurus_rg1_seed24/accumulated/spec212.tlsf,1
rg1,742ad0bebffafca1cc01f90293606817,av3,19,spec12.tlsf,experiments/results-aurus-curves/aurus_rg1_seed19/accumulated/spec12.tlsf,1
rg1,746cd4238c438dc305c2d8c818ff07bb,av2,0,spec10.tlsf,experiments/results-aurus-curves/aurus_rg1_seed00/accumulated/spec10.tlsf,1
rg1,750725e674d636e5903f4a0a9ec457bf,av2,1,spec128.tlsf,experiments/results-aurus-curves/aurus_rg1_seed01/accumulated/spec128.tlsf,1
rg1,75ff1d3ede758adb131bdeff331680e0,av2,8,spec54.tlsf,experiments/results-aurus-curves/aurus_rg1_seed08/accumulated/spec54.tlsf,1
rg1,7601c66a659fe8cda268649a0d0b933d,av3,23,spec146.tlsf,experiments/results-aurus-curves/aurus_rg1_seed23/accumulated/spec146.tlsf,1
rg1,770acc95406962b53e665af5859e197c,av3,26,spec145.tlsf,experiments/results-aurus-curves/aurus_rg1_seed26/accumulated/spec145.tlsf,1
rg1,77588e69791acd1abfcab3c9deff75db,av2,1,spec181.tlsf,experiments/results-aurus-curves/aurus_rg1_seed01/accumulated/spec181.tlsf,1
rg1,785bbcff5ba00e6642feca659759a992,av3,23,spec247.tlsf,experiments/results-aurus-curves/aurus_rg1_seed23/accumulated/spec247.tlsf,1
rg1,794c74e1e0ef4e0cf99ba874d0e3c2ec,av3,28,spec142.tlsf,experiments/results-aurus-curves/aurus_rg1_seed28/accumulated/spec142.tlsf,1
rg1,7ad6b18110cbc3170706848822530fc7,av3,20,spec273.tlsf,experiments/results-aurus-curves/aurus_rg1_seed20/accumulated/spec273.tlsf,1
rg1,7af08aa1d8a8d9b247079008c44b9960,av2,14,spec89.tlsf,experiments/results-aurus-curves/aurus_rg1_seed14/accumulated/spec89.tlsf,1
rg1,7b1d5d41d3f243c420860e291d7e739a,av2,12,spec114.tlsf,experiments/results-aurus-curves/aurus_rg1_seed12/accumulated/spec114.tlsf,1
rg1,7b67824ca03c883ea4b729a7f3cf3b29,av2,14,spec51.tlsf,experiments/results-aurus-curves/aurus_rg1_seed14/accumulated/spec51.tlsf,1
rg1,7ca54b7bfc6fb1fe5a206a9deb253cfb,av2,8,spec41.tlsf,experiments/results-aurus-curves/aurus_rg1_seed08/accumulated/spec41.tlsf,1
rg1,7ebedb0c00d75899b8f76d350af8fdd6,av2,8,spec66.tlsf,experiments/results-aurus-curves/aurus_rg1_seed08/accumulated/spec66.tlsf,1
rg1,7ec6499eb66c64578bc95d31375049d5,av3,25,spec140.tlsf,experiments/results-aurus-curves/aurus_rg1_seed25/accumulated/spec140.tlsf,1
rg1,7f689dfcd1dc1477e58e521af590d330,av2,10,spec127.tlsf,experiments/results-aurus-curves/aurus_rg1_seed10/accumulated/spec127.tlsf,1
rg1,7fe769d8f7fd2f9a4d1be01fadce7a4b,av3,17,spec78.tlsf,experiments/results-aurus-curves/aurus_rg1_seed17/accumulated/spec78.tlsf,1
rg1,805f75bcdb5a90c1e195a5baa20eee57,av3,20,spec194.tlsf,experiments/results-aurus-curves/aurus_rg1_seed20/accumulated/spec194.tlsf,1
rg1,807dae88e55ac9580fb58e824cfc2c73,av2,9,spec154.tlsf,experiments/results-aurus-curves/aurus_rg1_seed09/accumulated/spec154.tlsf,1
rg1,81b9ecd800170a17ff262df303f2b4e0,av3,16,spec62.tlsf,experiments/results-aurus-curves/aurus_rg1_seed16/accumulated/spec62.tlsf,1
rg1,8232f3599b59a44f95b9f003f93121a5,av2,9,spec75.tlsf,experiments/results-aurus-curves/aurus_rg1_seed09/accumulated/spec75.tlsf,1
rg1,82f69ca3117fadf51a659656210c877c,av2,0,spec108.tlsf,experiments/results-aurus-curves/aurus_rg1_seed00/accumulated/spec108.tlsf,1
rg1,83269ce842694e48776ba6b97c9fa674,av3,26,spec198.tlsf,experiments/results-aurus-curves/aurus_rg1_seed26/accumulated/spec198.tlsf,1
rg1,857a08e8d9b3ba484d113372995013fd,av3,16,spec120.tlsf,experiments/results-aurus-curves/aurus_rg1_seed16/accumulated/spec120.tlsf,1
rg1,8636704308f07304e6800f4af37dccf6,av3,21,spec75.tlsf,experiments/results-aurus-curves/aurus_rg1_seed21/accumulated/spec75.tlsf,1
rg1,86a0291877c275962ec6a67a36c3c7cb,av3,20,spec265.tlsf,experiments/results-aurus-curves/aurus_rg1_seed20/accumulated/spec265.tlsf,1
rg1,86b511feb975aa4979fa6022d338449a,av3,20,spec143.tlsf,experiments/results-aurus-curves/aurus_rg1_seed20/accumulated/spec143.tlsf,1
rg1,87aa7663a21260a0bb74d5033d57ba96,av3,24,spec216.tlsf,experiments/results-aurus-curves/aurus_rg1_seed24/accumulated/spec216.tlsf,1
rg1,87c8e00d6aa7acc79ed30e3e257bc6e7,av3,16,spec190.tlsf,experiments/results-aurus-curves/aurus_rg1_seed16/accumulated/spec190.tlsf,1
rg1,8822a744a880695e13367b603b0ff4cd,av2,8,spec57.tlsf,experiments/results-aurus-curves/aurus_rg1_seed08/accumulated/spec57.tlsf,1
rg1,885dd882390f256e490a1f0d9a322e2b,av2,8,spec101.tlsf,experiments/results-aurus-curves/aurus_rg1_seed08/accumulated/spec101.tlsf,1
rg1,88d3cee74ef38c7a8fb5f7d478747fa9,av3,20,spec157.tlsf,experiments/results-aurus-curves/aurus_rg1_seed20/accumulated/spec157.tlsf,1
rg1,88d8470c252fd172aaff0e0788404505,av2,10,spec201.tlsf,experiments/results-aurus-curves/aurus_rg1_seed10/accumulated/spec201.tlsf,1
rg1,8bfeb93db3ce5f0c6ff04125b189a02e,av3,18,spec81.tlsf,experiments/results-aurus-curves/aurus_rg1_seed18/accumulated/spec81.tlsf,1
rg1,8c7568f17fa023ec34e3af83c08943bb,av3,23,spec227.tlsf,experiments/results-aurus-curves/aurus_rg1_seed23/accumulated/spec227.tlsf,1
rg1,8c82c27e5a0b8e2d258e4d23483a5fb0,av3,21,spec94.tlsf,experiments/results-aurus-curves/aurus_rg1_seed21/accumulated/spec94.tlsf,1
rg1,8da68b1c32f847f42bd8ab21771d5446,av2,2,spec24.tlsf,experiments/results-aurus-curves/aurus_rg1_seed02/accumulated/spec24.tlsf,1
rg1,8eff29306b702f1ade83f91df5fe40d3,av3,26,spec18.tlsf,experiments/results-aurus-curves/aurus_rg1_seed26/accumulated/spec18.tlsf,1
rg1,9045bb6062524d3ac079adf3a54f9b42,av2,12,spec116.tlsf,experiments/results-aurus-curves/aurus_rg1_seed12/accumulated/spec116.tlsf,1
rg1,905afef6fab7c77e7ca2766c45c283a0,av2,4,spec287.tlsf,experiments/results-aurus-curves/aurus_rg1_seed04/accumulated/spec287.tlsf,1
rg1,91c99981a591172532d6c618033cf6da,av2,0,spec154.tlsf,experiments/results-aurus-curves/aurus_rg1_seed00/accumulated/spec154.tlsf,1
rg1,9223410b8958b0fe746aa36bcff0ca15,av3,27,spec77.tlsf,experiments/results-aurus-curves/aurus_rg1_seed27/accumulated/spec77.tlsf,1
rg1,93cb3690703706a657af82ca86cde45c,av3,18,spec224.tlsf,experiments/results-aurus-curves/aurus_rg1_seed18/accumulated/spec224.tlsf,1
rg1,948a6dbfa7ab3661d092a91f29f91ea8,av3,20,spec214.tlsf,experiments/results-aurus-curves/aurus_rg1_seed20/accumulated/spec214.tlsf,1
rg1,94c54028646eeb987b939aad8eb30cac,av3,27,spec195.tlsf,experiments/results-aurus-curves/aurus_rg1_seed27/accumulated/spec195.tlsf,1
rg1,94ee4b499fc1a6e5053b9b90383d0bf2,av2,13,spec87.tlsf,experiments/results-aurus-curves/aurus_rg1_seed13/accumulated/spec87.tlsf,1
rg1,96635abc8f8cc1b7e9434a0926e12349,av2,14,spec139.tlsf,experiments/results-aurus-curves/aurus_rg1_seed14/accumulated/spec139.tlsf,1
rg1,96ea7ea88dc9d48d81f8e4db68eb1140,av2,1,spec136.tlsf,experiments/results-aurus-curves/aurus_rg1_seed01/accumulated/spec136.tlsf,1
rg1,977762b4f0c899cd46b8048cc3d4fec1,av3,20,spec100.tlsf,experiments/results-aurus-curves/aurus_rg1_seed20/accumulated/spec100.tlsf,1
rg1,97f21a2912a6bd863219b8139db449f2,av3,25,spec160.tlsf,experiments/results-aurus-curves/aurus_rg1_seed25/accumulated/spec160.tlsf,1
rg1,98125c193559587c92d38fd710889ebb,av3,24,spec266.tlsf,experiments/results-aurus-curves/aurus_rg1_seed24/accumulated/spec266.tlsf,1
rg1,99e4985bb22e833301855cee70039723,av2,11,spec136.tlsf,experiments/results-aurus-curves/aurus_rg1_seed11/accumulated/spec136.tlsf,3
rg1,9a4f245bbbf2719f05efbbf10754db57,av2,14,spec53.tlsf,experiments/results-aurus-curves/aurus_rg1_seed14/accumulated/spec53.tlsf,1
rg1,9afc6e20a363250412040e6058a1173e,av3,25,spec166.tlsf,experiments/results-aurus-curves/aurus_rg1_seed25/accumulated/spec166.tlsf,1
rg1,9aff225579e5562dfe6cb11dbc4f6aae,av2,0,spec132.tlsf,experiments/results-aurus-curves/aurus_rg1_seed00/accumulated/spec132.tlsf,1
rg1,9b420f11783cc6465ebb48a5024722b0,av2,2,spec171.tlsf,experiments/results-aurus-curves/aurus_rg1_seed02/accumulated/spec171.tlsf,1
rg1,9ba6622a40f1dcbead05ffc355270d6f,av2,9,spec92.tlsf,experiments/results-aurus-curves/aurus_rg1_seed09/accumulated/spec92.tlsf,1
rg1,9c24fddb369f83701c6fe4f41ee976c7,av2,9,spec153.tlsf,experiments/results-aurus-curves/aurus_rg1_seed09/accumulated/spec153.tlsf,1
rg1,9c5e58fba86b1f5f986a123ce8708bc8,av2,8,spec83.tlsf,experiments/results-aurus-curves/aurus_rg1_seed08/accumulated/spec83.tlsf,1
rg1,9cebfb285183e4bc0bc13fac62468ccc,av3,24,spec92.tlsf,experiments/results-aurus-curves/aurus_rg1_seed24/accumulated/spec92.tlsf,1
rg1,9e7a496fb96ce49ac4937ba24dc5178c,av3,20,spec112.tlsf,experiments/results-aurus-curves/aurus_rg1_seed20/accumulated/spec112.tlsf,1
rg1,9e9b88a957c6f12ddd50e612208dc5cb,av2,9,spec140.tlsf,experiments/results-aurus-curves/aurus_rg1_seed09/accumulated/spec140.tlsf,1
rg1,9f2b096ee97d24851b69ae76b4d88167,av3,26,spec162.tlsf,experiments/results-aurus-curves/aurus_rg1_seed26/accumulated/spec162.tlsf,1
rg1,a19a229893d1376bea1720187a8b1016,av2,12,spec194.tlsf,experiments/results-aurus-curves/aurus_rg1_seed12/accumulated/spec194.tlsf,1
rg1,a2c5d8fabe76176863aa5007b3e6e700,av3,23,spec91.tlsf,experiments/results-aurus-curves/aurus_rg1_seed23/accumulated/spec91.tlsf,1
rg1,a3081592813b9dfe1fe9f9b718c1f50a,av3,21,spec157.tlsf,experiments/results-aurus-curves/aurus_rg1_seed21/accumulated/spec157.tlsf,1
rg1,a428893d9de93340750dca3e5bd2fe87,av2,8,spec39.tlsf,experiments/results-aurus-curves/aurus_rg1_seed08/accumulated/spec39.tlsf,1
rg1,a42d778f2e13033fec3e8a2ccff12d4b,av2,13,spec43.tlsf,experiments/results-aurus-curves/aurus_rg1_seed13/accumulated/spec43.tlsf,1
rg1,a4fa041eefe12298591c41c293b477f4,av2,6,spec30.tlsf,experiments/results-aurus-curves/aurus_rg1_seed06/accumulated/spec30.tlsf,1
rg1,a9cd179474b361453c49da30791f19a2,av3,18,spec145.tlsf,experiments/results-aurus-curves/aurus_rg1_seed18/accumulated/spec145.tlsf,1
rg1,aa35bc1988b1573c7bc362cebefcd1af,av3,19,spec73.tlsf,experiments/results-aurus-curves/aurus_rg1_seed19/accumulated/spec73.tlsf,1
rg1,ac5fa168b4af8580f1a664a2fec000cb,av3,27,spec100.tlsf,experiments/results-aurus-curves/aurus_rg1_seed27/accumulated/spec100.tlsf,1
rg1,ac6306b158a48ebd211835c074046ed9,av3,20,spec0.tlsf,experiments/results-aurus-curves/aurus_rg1_seed20/accumulated/spec0.tlsf,1
rg1,ac79308fc59e243f27438e2a42c9ad9a,av3,29,spec169.tlsf,experiments/results-aurus-curves/aurus_rg1_seed29/accumulated/spec169.tlsf,1
rg1,ad63e0d9249b821166abcae965447273,av3,27,spec279.tlsf,experiments/results-aurus-curves/aurus_rg1_seed27/accumulated/spec279.tlsf,1
rg1,add97eb306be3c79f276228258f561e0,av3,24,spec23.tlsf,experiments/results-aurus-curves/aurus_rg1_seed24/accumulated/spec23.tlsf,1
rg1,af4f943c659ff06601bdfdc15e33322f,av2,0,spec198.tlsf,experiments/results-aurus-curves/aurus_rg1_seed00/accumulated/spec198.tlsf,1
rg1,af78eb7a3028fe3c4b24d4f5d7f78172,av2,3,spec131.tlsf,experiments/results-aurus-curves/aurus_rg1_seed03/accumulated/spec131.tlsf,1
rg1,af9ceef0c3cf1b67a13eff449de5d537,av3,22,spec118.tlsf,experiments/results-aurus-curves/aurus_rg1_seed22/accumulated/spec118.tlsf,1
rg1,b02caf5e0ba9423d7d286b376d4db21d,av2,11,spec35.tlsf,experiments/results-aurus-curves/aurus_rg1_seed11/accumulated/spec35.tlsf,1
rg1,b040bd20fa5e15656bd4e32b26ba3356,av3,26,spec103.tlsf,experiments/results-aurus-curves/aurus_rg1_seed26/accumulated/spec103.tlsf,1
rg1,b0ace59ed017322c902392ced45e1e3d,av2,0,spec112.tlsf,experiments/results-aurus-curves/aurus_rg1_seed00/accumulated/spec112.tlsf,1
rg1,b1082ede0a7eccab7a7f317423669682,av2,8,spec198.tlsf,experiments/results-aurus-curves/aurus_rg1_seed08/accumulated/spec198.tlsf,1
rg1,b12c5a0e29c7615bbbeae3831bb1c984,av3,17,spec203.tlsf,experiments/results-aurus-curves/aurus_rg1_seed17/accumulated/spec203.tlsf,1
rg1,b2705f27bea19da7c72762b69e78cfdc,av3,20,spec199.tlsf,experiments/results-aurus-curves/aurus_rg1_seed20/accumulated/spec199.tlsf,1
rg1,b3a8057be40a3dc0a2f14c78bac26b7d,av3,27,spec259.tlsf,experiments/results-aurus-curves/aurus_rg1_seed27/accumulated/spec259.tlsf,1
rg1,b4100722733998e851788423f351d9d6,av2,9,spec79.tlsf,experiments/results-aurus-curves/aurus_rg1_seed09/accumulated/spec79.tlsf,1
rg1,b46dacec5cf469b3869b99b2f1dd0dfd,av2,9,spec190.tlsf,experiments/results-aurus-curves/aurus_rg1_seed09/accumulated/spec190.tlsf,1
rg1,b47aaa9b7a3beca390cbb70f1d881101,av2,12,spec111.tlsf,experiments/results-aurus-curves/aurus_rg1_seed12/accumulated/spec111.tlsf,1
rg1,b5e15d77aea79ecbd1bbd3c561720ea1,av3,20,spec160.tlsf,experiments/results-aurus-curves/aurus_rg1_seed20/accumulated/spec160.tlsf,1
rg1,b60d6c0d9f6902442307b5fcdccb8e63,av3,22,spec175.tlsf,experiments/results-aurus-curves/aurus_rg1_seed22/accumulated/spec175.tlsf,1
rg1,b6b7ba1dd2860f3a5b8ef305622b39b7,av3,15,spec96.tlsf,experiments/results-aurus-curves/aurus_rg1_seed15/accumulated/spec96.tlsf,1
rg1,b836e47360b6079c34f3e0bd05b7f053,av2,4,spec106.tlsf,experiments/results-aurus-curves/aurus_rg1_seed04/accumulated/spec106.tlsf,1
rg1,b89e7b14b1c90603e3360672ce8aedf1,av3,28,spec173.tlsf,experiments/results-aurus-curves/aurus_rg1_seed28/accumulated/spec173.tlsf,1
rg1,b9daf1a741f074c280d4a340c7eee32e,av3,22,spec131.tlsf,experiments/results-aurus-curves/aurus_rg1_seed22/accumulated/spec131.tlsf,1
rg1,bba006ed09c0acf53b5799f443a3ddcc,av2,13,spec275.tlsf,experiments/results-aurus-curves/aurus_rg1_seed13/accumulated/spec275.tlsf,1
rg1,bc71084a3de6317fc5c9ef13ba107fd9,av2,14,spec187.tlsf,experiments/results-aurus-curves/aurus_rg1_seed14/accumulated/spec187.tlsf,1
rg1,bcb94b3da91be7e1de7b82626920d6ee,av3,27,spec210.tlsf,experiments/results-aurus-curves/aurus_rg1_seed27/accumulated/spec210.tlsf,1
rg1,bdd197da8623167ecf62aa4405fb72c5,av2,0,spec68.tlsf,experiments/results-aurus-curves/aurus_rg1_seed00/accumulated/spec68.tlsf,1
rg1,be0474d9ae2c8f353743fcc59d7703ee,av3,19,spec67.tlsf,experiments/results-aurus-curves/aurus_rg1_seed19/accumulated/spec67.tlsf,1
rg1,c0085f55e633cec52d58bf1546059597,av2,11,spec86.tlsf,experiments/results-aurus-curves/aurus_rg1_seed11/accumulated/spec86.tlsf,1
rg1,c0ba3d65fc1e1423722f68b034e3016a,av2,13,spec26.tlsf,experiments/results-aurus-curves/aurus_rg1_seed13/accumulated/spec26.tlsf,1
rg1,c16d145271789e2d57790062a8f4cdf2,av3,26,spec124.tlsf,experiments/results-aurus-curves/aurus_rg1_seed26/accumulated/spec124.tlsf,1
rg1,c346ff34c00c93bd792761b26c9978f0,av2,0,spec151.tlsf,experiments/results-aurus-curves/aurus_rg1_seed00/accumulated/spec151.tlsf,1
rg1,c34efd9d4f836247ef7e1496d8b995b2,av2,14,spec189.tlsf,experiments/results-aurus-curves/aurus_rg1_seed14/accumulated/spec189.tlsf,1
rg1,c499e7318a0a4b8bcad346d38c9c8fe1,av2,12,spec191.tlsf,experiments/results-aurus-curves/aurus_rg1_seed12/accumulated/spec191.tlsf,1
rg1,c5b040d7c1aeeb95e878592f94cd2f21,av3,21,spec102.tlsf,experiments/results-aurus-curves/aurus_rg1_seed21/accumulated/spec102.tlsf,1
rg1,c5cb1bb21cbfcd2d2695473d7a88a5f5,av2,4,spec14.tlsf,experiments/results-aurus-curves/aurus_rg1_seed04/accumulated/spec14.tlsf,1
rg1,c658049ecb8eb0eaf2384561028875ba,av3,28,spec144.tlsf,experiments/results-aurus-curves/aurus_rg1_seed28/accumulated/spec144.tlsf,1
rg1,c6ed99298c6c2b1511c716a6a182ced2,av3,20,spec248.tlsf,experiments/results-aurus-curves/aurus_rg1_seed20/accumulated/spec248.tlsf,1
rg1,c83057165de8a5a5d4948b387d4c8a64,av3,20,spec123.tlsf,experiments/results-aurus-curves/aurus_rg1_seed20/accumulated/spec123.tlsf,1
rg1,cb6500476b5a73845ce77a9f36582121,av2,11,spec68.tlsf,experiments/results-aurus-curves/aurus_rg1_seed11/accumulated/spec68.tlsf,1
rg1,cb7bf54322e98dcb4475ea80b4ae6ab2,av3,21,spec160.tlsf,experiments/results-aurus-curves/aurus_rg1_seed21/accumulated/spec160.tlsf,1
rg1,cc5a377d54f1b28e53b573e0f726b031,av2,11,spec131.tlsf,experiments/results-aurus-curves/aurus_rg1_seed11/accumulated/spec131.tlsf,1
rg1,cc6f4f01bb05b2afcacaafe6c7f04a39,av3,16,spec74.tlsf,experiments/results-aurus-curves/aurus_rg1_seed16/accumulated/spec74.tlsf,1
rg1,ccad98354b2b165c1d2be71579a80fdc,av2,8,spec56.tlsf,experiments/results-aurus-curves/aurus_rg1_seed08/accumulated/spec56.tlsf,1
rg1,cdcb0c92e87eb0b254ee540e45b7debd,av3,17,spec137.tlsf,experiments/results-aurus-curves/aurus_rg1_seed17/accumulated/spec137.tlsf,1
rg1,ceb1af33f7268b2ac8acab9364ee9f88,av2,10,spec136.tlsf,experiments/results-aurus-curves/aurus_rg1_seed10/accumulated/spec136.tlsf,1
rg1,d1484e1189d44e1bf0d8c9b007302c20,av3,20,spec270.tlsf,experiments/results-aurus-curves/aurus_rg1_seed20/accumulated/spec270.tlsf,1
rg1,d2ac570b97f44895488cca649e6088d2,av2,4,spec227.tlsf,experiments/results-aurus-curves/aurus_rg1_seed04/accumulated/spec227.tlsf,1
rg1,d3388268ba6035e7c8fbe6617d5307f1,av3,24,spec24.tlsf,experiments/results-aurus-curves/aurus_rg1_seed24/accumulated/spec24.tlsf,1
rg1,d3a65bef008c7aac837fcc4f430664ba,av3,20,spec229.tlsf,experiments/results-aurus-curves/aurus_rg1_seed20/accumulated/spec229.tlsf,1
rg1,d3ebdd7891b4e69cb055f71b50a4987f,av3,16,spec100.tlsf,experiments/results-aurus-curves/aurus_rg1_seed16/accumulated/spec100.tlsf,1
rg1,d4152a876c266a531b249e8768771821,av2,5,spec159.tlsf,experiments/results-aurus-curves/aurus_rg1_seed05/accumulated/spec159.tlsf,1
rg1,d4642edcf00ef5858793c42e19500dee,av3,22,spec193.tlsf,experiments/results-aurus-curves/aurus_rg1_seed22/accumulated/spec193.tlsf,1
rg1,d5556630f67ccacdb0ffa2cfd5756ed8,av2,3,spec254.tlsf,experiments/results-aurus-curves/aurus_rg1_seed03/accumulated/spec254.tlsf,1
rg1,d65ba0775eb92be9b9819b3449500845,av2,0,spec130.tlsf,experiments/results-aurus-curves/aurus_rg1_seed00/accumulated/spec130.tlsf,1
rg1,da4e0b81e4387dfb042fae20b88851f6,av3,17,spec39.tlsf,experiments/results-aurus-curves/aurus_rg1_seed17/accumulated/spec39.tlsf,1
rg1,db1adda984c226099ced34eca9234e6a,av2,11,spec130.tlsf,experiments/results-aurus-curves/aurus_rg1_seed11/accumulated/spec130.tlsf,1
rg1,deba342788cb0f0167d2f4ceaab5593a,av2,3,spec11.tlsf,experiments/results-aurus-curves/aurus_rg1_seed03/accumulated/spec11.tlsf,1
rg1,df000111739c8ce8dea554733cc326d7,av2,12,spec118.tlsf,experiments/results-aurus-curves/aurus_rg1_seed12/accumulated/spec118.tlsf,1
rg1,df308ec932c63f7e303a021904dab2b0,av3,20,spec244.tlsf,experiments/results-aurus-curves/aurus_rg1_seed20/accumulated/spec244.tlsf,1
rg1,df66daa3d85adbb787d0088627a4878e,av2,0,spec264.tlsf,experiments/results-aurus-curves/aurus_rg1_seed00/accumulated/spec264.tlsf,1
rg1,e02cee67f961960f4efcbeef7b021735,av3,21,spec230.tlsf,experiments/results-aurus-curves/aurus_rg1_seed21/accumulated/spec230.tlsf,1
rg1,e0d4f8d0e04b5864da0ea2952d912c3c,av3,20,spec264.tlsf,experiments/results-aurus-curves/aurus_rg1_seed20/accumulated/spec264.tlsf,1
rg1,e37645671a9303e96a51519951bba7e4,av2,6,spec81.tlsf,experiments/results-aurus-curves/aurus_rg1_seed06/accumulated/spec81.tlsf,1
rg1,e41028f60a54e4b7c06c575d1be08afb,av2,5,spec299.tlsf,experiments/results-aurus-curves/aurus_rg1_seed05/accumulated/spec299.tlsf,1
rg1,e474d3438ded09ba88e190b9ea336872,av3,21,spec313.tlsf,experiments/results-aurus-curves/aurus_rg1_seed21/accumulated/spec313.tlsf,1
rg1,e559bef26c7a5183995f7f44f7bcbab5,av3,24,spec134.tlsf,experiments/results-aurus-curves/aurus_rg1_seed24/accumulated/spec134.tlsf,1
rg1,e73d0be6b10bf53d11a52fe1082c7a98,av2,12,spec27.tlsf,experiments/results-aurus-curves/aurus_rg1_seed12/accumulated/spec27.tlsf,1
rg1,e89abdc3789648d9655facd91966e7ce,av2,3,spec215.tlsf,experiments/results-aurus-curves/aurus_rg1_seed03/accumulated/spec215.tlsf,1
rg1,e92806b72233262d7ad48950ea7d6baa,av2,6,spec44.tlsf,experiments/results-aurus-curves/aurus_rg1_seed06/accumulated/spec44.tlsf,1
rg1,ea0219c7fe73ae029c13020450bc9567,av3,22,spec123.tlsf,experiments/results-aurus-curves/aurus_rg1_seed22/accumulated/spec123.tlsf,1
rg1,eaa3d2811ab1f4fb9f17d3d76bdc88d0,av3,17,spec27.tlsf,experiments/results-aurus-curves/aurus_rg1_seed17/accumulated/spec27.tlsf,1
rg1,eadd0d7975e0260a3ba93ea6d5b93fe2,av2,7,spec187.tlsf,experiments/results-aurus-curves/aurus_rg1_seed07/accumulated/spec187.tlsf,1
rg1,ed40931316c2a275362dcc4fb3e20352,av2,1,spec146.tlsf,experiments/results-aurus-curves/aurus_rg1_seed01/accumulated/spec146.tlsf,1
rg1,edee91d8fb1c5e23f85b6a4207e4703f,av2,14,spec135.tlsf,experiments/results-aurus-curves/aurus_rg1_seed14/accumulated/spec135.tlsf,1
rg1,ee02a91141195589af46c7a7e52aaa30,av2,9,spec68.tlsf,experiments/results-aurus-curves/aurus_rg1_seed09/accumulated/spec68.tlsf,1
rg1,ee0b4d70c4f0369913401c9f7243f917,av3,18,spec146.tlsf,experiments/results-aurus-curves/aurus_rg1_seed18/accumulated/spec146.tlsf,1
rg1,ee4be65278f542131f46aa4cc7a3ad09,av3,22,spec190.tlsf,experiments/results-aurus-curves/aurus_rg1_seed22/accumulated/spec190.tlsf,2
rg1,eebaa764019b291badd5f2bd2aae2b0a,av2,2,spec130.tlsf,experiments/results-aurus-curves/aurus_rg1_seed02/accumulated/spec130.tlsf,1
rg1,eecab0256d905a417a75201c29d3a003,av2,1,spec78.tlsf,experiments/results-aurus-curves/aurus_rg1_seed01/accumulated/spec78.tlsf,1
rg1,f0b2374ac961f512dc61ed6ca51324dd,av3,18,spec180.tlsf,experiments/results-aurus-curves/aurus_rg1_seed18/accumulated/spec180.tlsf,1
rg1,f106148ef54c231a20870d39693b039f,av3,24,spec167.tlsf,experiments/results-aurus-curves/aurus_rg1_seed24/accumulated/spec167.tlsf,1
rg1,f106b306a166aa75554a879a7d72b30b,av3,18,spec186.tlsf,experiments/results-aurus-curves/aurus_rg1_seed18/accumulated/spec186.tlsf,1
rg1,f25fa27fa274a420e9bbea174b4be52d,av2,4,spec280.tlsf,experiments/results-aurus-curves/aurus_rg1_seed04/accumulated/spec280.tlsf,1
rg1,f28a35fa1c516eedcbfa7845e4836e5a,av2,6,spec92.tlsf,experiments/results-aurus-curves/aurus_rg1_seed06/accumulated/spec92.tlsf,1
rg1,f2faae097533d36f5dff75c1438a858e,av2,0,spec190.tlsf,experiments/results-aurus-curves/aurus_rg1_seed00/accumulated/spec190.tlsf,1
rg1,f3b971067784ffe25d8c9d7743a79c1b,av2,11,spec89.tlsf,experiments/results-aurus-curves/aurus_rg1_seed11/accumulated/spec89.tlsf,1
rg1,f3e18c6986c6ef2de43e14efd6bec0e7,av3,18,spec179.tlsf,experiments/results-aurus-curves/aurus_rg1_seed18/accumulated/spec179.tlsf,1
rg1,f426882c128e3a9daa86b5ec39e65f5f,av3,28,spec210.tlsf,experiments/results-aurus-curves/aurus_rg1_seed28/accumulated/spec210.tlsf,1
rg1,f48fd12bbcd55fe7d7400bb082c44eb3,av3,21,spec232.tlsf,experiments/results-aurus-curves/aurus_rg1_seed21/accumulated/spec232.tlsf,1
rg1,f4affed0c5687f8e2a42018e53766e65,av2,4,spec186.tlsf,experiments/results-aurus-curves/aurus_rg1_seed04/accumulated/spec186.tlsf,1
rg1,f564b8c04f0fe1322e2ef23c6441e529,av3,17,spec69.tlsf,experiments/results-aurus-curves/aurus_rg1_seed17/accumulated/spec69.tlsf,1
rg1,f5a333ddc0eae29b47c19bb543941a0a,av2,8,spec30.tlsf,experiments/results-aurus-curves/aurus_rg1_seed08/accumulated/spec30.tlsf,1
rg1,f5c001d5e1055ccbd5f09be229751d49,av3,28,spec175.tlsf,experiments/results-aurus-curves/aurus_rg1_seed28/accumulated/spec175.tlsf,1
rg1,f65208d8cdd28f4464efd4132f669b0a,av3,28,spec43.tlsf,experiments/results-aurus-curves/aurus_rg1_seed28/accumulated/spec43.tlsf,1
rg1,f6f0b7f6573428a6c781ba9253bc3724,av3,16,spec96.tlsf,experiments/results-aurus-curves/aurus_rg1_seed16/accumulated/spec96.tlsf,1
rg1,f71ddd890724a7a16f61aa0c3beb9896,av2,2,spec68.tlsf,experiments/results-aurus-curves/aurus_rg1_seed02/accumulated/spec68.tlsf,1
rg1,f7563730fd35fa3ce67de45f5b138ad1,av3,27,spec78.tlsf,experiments/results-aurus-curves/aurus_rg1_seed27/accumulated/spec78.tlsf,1
rg1,f87bf80965c87bfb7441344e74d3a395,av3,29,spec198.tlsf,experiments/results-aurus-curves/aurus_rg1_seed29/accumulated/spec198.tlsf,1
rg1,f949b0de3185b523b4af40ed375588bc,av2,0,spec158.tlsf,experiments/results-aurus-curves/aurus_rg1_seed00/accumulated/spec158.tlsf,1
rg1,f982508090c8398b4587038a0cce28a6,av3,20,spec272.tlsf,experiments/results-aurus-curves/aurus_rg1_seed20/accumulated/spec272.tlsf,1
rg1,fa8401c6ab57a191b04bf451915d68db,av2,9,spec101.tlsf,experiments/results-aurus-curves/aurus_rg1_seed09/accumulated/spec101.tlsf,1
rg1,fb61745b54e03003f69a06bcabf253a2,av3,21,spec69.tlsf,experiments/results-aurus-curves/aurus_rg1_seed21/accumulated/spec69.tlsf,1
rg1,fbc256aa2c8f9f4cd1a8f5dde9573619,av3,25,spec26.tlsf,experiments/results-aurus-curves/aurus_rg1_seed25/accumulated/spec26.tlsf,1
rg1,fbfc777bcfcf7fd393345edeca9a6d42,av2,6,spec85.tlsf,experiments/results-aurus-curves/aurus_rg1_seed06/accumulated/spec85.tlsf,1
rg1,fc2f935c359a0efd62bcf46d4f85d085,av3,15,spec215.tlsf,experiments/results-aurus-curves/aurus_rg1_seed15/accumulated/spec215.tlsf,1
rg1,fc619a096de2521a2fb9025f5d20a7f9,av3,27,spec266.tlsf,experiments/results-aurus-curves/aurus_rg1_seed27/accumulated/spec266.tlsf,1
rg1,fd1b79f4cb9ec725977ee2277ec2ec88,av2,10,spec187.tlsf,experiments/results-aurus-curves/aurus_rg1_seed10/accumulated/spec187.tlsf,1
rg1,fd992ec5f0d17b91f874b7503ab0db6c,av3,26,spec204.tlsf,experiments/results-aurus-curves/aurus_rg1_seed26/accumulated/spec204.tlsf,1
rg1,fdd12a5e74e50799f620dbb650aecc08,av3,24,spec248.tlsf,experiments/results-aurus-curves/aurus_rg1_seed24/accumulated/spec248.tlsf,1
rg1,fe46b1ce92f17103b20fe3985b09c538,av2,0,spec136.tlsf,experiments/results-aurus-curves/aurus_rg1_seed00/accumulated/spec136.tlsf,1
rg1,fef7efb9f97edf2225f4bc6492233c9d,av3,24,spec162.tlsf,experiments/results-aurus-curves/aurus_rg1_seed24/accumulated/spec162.tlsf,1
rg1,ff31b6af5bdd1441acccdd8f30bb9420,av3,21,spec134.tlsf,experiments/results-aurus-curves/aurus_rg1_seed21/accumulated/spec134.tlsf,1
rg1,ffac792a6c27f31e514e2f12d9f1dcae,av2,0,spec44.tlsf,experiments/results-aurus-curves/aurus_rg1_seed00/accumulated/spec44.tlsf,1
rg2,004dbf0acba4fc0053465748ba836f92,av2,3,spec270.tlsf,experiments/results-aurus-curves/aurus_rg2_seed03/accumulated/spec270.tlsf,1
rg2,0605241e3a60a7195ca64660abc3e25a,av2,2,spec497.tlsf,experiments/results-aurus-curves/aurus_rg2_seed02/accumulated/spec497.tlsf,22
rg2,077d9c1cdd2526ddb202481b7d647b21,av3,17,spec211.tlsf,experiments/results-aurus-curves/aurus_rg2_seed17/accumulated/spec211.tlsf,1
rg2,0b9575cb18c10e63c8a650b9bc6c8293,av2,14,spec275.tlsf,experiments/results-aurus-curves/aurus_rg2_seed14/accumulated/spec275.tlsf,6
rg2,0cace72099f52f3f73f4b0996bb7ccf7,av3,19,spec142.tlsf,experiments/results-aurus-curves/aurus_rg2_seed19/accumulated/spec142.tlsf,1
rg2,0f28baec004722ceef069c0709edda08,av2,1,spec326.tlsf,experiments/results-aurus-curves/aurus_rg2_seed01/accumulated/spec326.tlsf,3
rg2,120d75175cdcb5ef74456cd5b45c9308,av2,8,spec84.tlsf,experiments/results-aurus-curves/aurus_rg2_seed08/accumulated/spec84.tlsf,1
rg2,12d03690d20bd3fd467a01efc9836f8e,av3,25,spec444.tlsf,experiments/results-aurus-curves/aurus_rg2_seed25/accumulated/spec444.tlsf,1
rg2,14ec70c893e1ca1e912786ffb42c960c,av2,1,spec284.tlsf,experiments/results-aurus-curves/aurus_rg2_seed01/accumulated/spec284.tlsf,1
rg2,1895eed44bf56ff6acffb06ff547bfe7,av3,24,spec121.tlsf,experiments/results-aurus-curves/aurus_rg2_seed24/accumulated/spec121.tlsf,1
rg2,1ccb11a4f74290cfc005e6ddfbc0f7b3,av3,16,spec282.tlsf,experiments/results-aurus-curves/aurus_rg2_seed16/accumulated/spec282.tlsf,1
rg2,1eeb33af3c72b133226c01a21fa0b45a,av2,14,spec28.tlsf,experiments/results-aurus-curves/aurus_rg2_seed14/accumulated/spec28.tlsf,1
rg2,215a1de158b6ee4bef1f5890861b5560,av2,3,spec389.tlsf,experiments/results-aurus-curves/aurus_rg2_seed03/accumulated/spec389.tlsf,1
rg2,226aedbc790283c3f29fd6c410ca1f36,av3,16,spec439.tlsf,experiments/results-aurus-curves/aurus_rg2_seed16/accumulated/spec439.tlsf,1
rg2,23b329bf3a7b618adcd7b70c16f95dcb,av2,5,spec8.tlsf,experiments/results-aurus-curves/aurus_rg2_seed05/accumulated/spec8.tlsf,1
rg2,2eae4de5d2ee95c3d05622179f5ac3e4,av2,9,spec126.tlsf,experiments/results-aurus-curves/aurus_rg2_seed09/accumulated/spec126.tlsf,2
rg2,30b0178ac4c84cf6cf909fec37427dd3,av2,5,spec227.tlsf,experiments/results-aurus-curves/aurus_rg2_seed05/accumulated/spec227.tlsf,2
rg2,312f050cc5e91ef0fec9d211dd46b379,av3,20,spec65.tlsf,experiments/results-aurus-curves/aurus_rg2_seed20/accumulated/spec65.tlsf,1
rg2,35e2875bf564f264113ed5d0479f18f6,av3,17,spec204.tlsf,experiments/results-aurus-curves/aurus_rg2_seed17/accumulated/spec204.tlsf,1
rg2,362dd86ee7a2f812ed011bf9b4b1569c,av3,24,spec299.tlsf,experiments/results-aurus-curves/aurus_rg2_seed24/accumulated/spec299.tlsf,1
rg2,3d4d1fd15f5d21920b57976d90bcd2a8,av2,12,spec357.tlsf,experiments/results-aurus-curves/aurus_rg2_seed12/accumulated/spec357.tlsf,1
rg2,3f5601f03ba4ba2281f95d31e9823d18,av3,28,spec102.tlsf,experiments/results-aurus-curves/aurus_rg2_seed28/accumulated/spec102.tlsf,1
rg2,44e4ff17862a21940d4f04cefa45c458,av3,19,spec137.tlsf,experiments/results-aurus-curves/aurus_rg2_seed19/accumulated/spec137.tlsf,1
rg2,4a54171d1906d0e42f02a2cff9619deb,av2,3,spec309.tlsf,experiments/results-aurus-curves/aurus_rg2_seed03/accumulated/spec309.tlsf,2
rg2,4c63235f33a122b37d46dfe7e9062fe7,av3,25,spec427.tlsf,experiments/results-aurus-curves/aurus_rg2_seed25/accumulated/spec427.tlsf,1
rg2,572a1b7a4c314d00ab2ac2ea25a772de,av2,7,spec8.tlsf,experiments/results-aurus-curves/aurus_rg2_seed07/accumulated/spec8.tlsf,1
rg2,57b42a39f4b4eff48f00e5614ef7f712,av3,17,spec53.tlsf,experiments/results-aurus-curves/aurus_rg2_seed17/accumulated/spec53.tlsf,1
rg2,5ba74c9796970398e8e5d247a8b93a5e,av2,0,spec110.tlsf,experiments/results-aurus-curves/aurus_rg2_seed00/accumulated/spec110.tlsf,1
rg2,5cae214bcdc152efe37c5abff3117db7,av2,11,spec292.tlsf,experiments/results-aurus-curves/aurus_rg2_seed11/accumulated/spec292.tlsf,1
rg2,5ef9a78a6210531f4595892274c43471,av2,3,spec101.tlsf,experiments/results-aurus-curves/aurus_rg2_seed03/accumulated/spec101.tlsf,1
rg2,5fec8a1f443267d7d788da86166ba5df,av2,3,spec151.tlsf,experiments/results-aurus-curves/aurus_rg2_seed03/accumulated/spec151.tlsf,1
rg2,649a4aa73260981ac47355c5a049c6c1,av2,8,spec367.tlsf,experiments/results-aurus-curves/aurus_rg2_seed08/accumulated/spec367.tlsf,1
rg2,669a43b499fadf9b36bde1e57cb17f3d,av3,26,spec131.tlsf,experiments/results-aurus-curves/aurus_rg2_seed26/accumulated/spec131.tlsf,1
rg2,6f459856738db87e50ea18c31c44e878,av3,28,spec171.tlsf,experiments/results-aurus-curves/aurus_rg2_seed28/accumulated/spec171.tlsf,1
rg2,715b1209f7d27ed08bdebcb008972863,av3,26,spec6.tlsf,experiments/results-aurus-curves/aurus_rg2_seed26/accumulated/spec6.tlsf,2
rg2,7386d94048d5d99d830b50bff6d032dd,av3,16,spec126.tlsf,experiments/results-aurus-curves/aurus_rg2_seed16/accumulated/spec126.tlsf,1
rg2,798c75dad6aa8766400140074bfc0a48,av2,2,spec190.tlsf,experiments/results-aurus-curves/aurus_rg2_seed02/accumulated/spec190.tlsf,1
rg2,7abf2a5f294cde31f081b7dcc0665309,av2,14,spec263.tlsf,experiments/results-aurus-curves/aurus_rg2_seed14/accumulated/spec263.tlsf,1
rg2,87317412f0d0188e47048586512e118e,av2,1,spec157.tlsf,experiments/results-aurus-curves/aurus_rg2_seed01/accumulated/spec157.tlsf,1
rg2,88f447fe65365ab788f0ce1cd7cce7cb,av2,11,spec70.tlsf,experiments/results-aurus-curves/aurus_rg2_seed11/accumulated/spec70.tlsf,1
rg2,8c161dab904c4ec822aa5753430c3fa7,av2,2,spec23.tlsf,experiments/results-aurus-curves/aurus_rg2_seed02/accumulated/spec23.tlsf,1
rg2,8c699164314321e979bbadfb952f1633,av3,16,spec471.tlsf,experiments/results-aurus-curves/aurus_rg2_seed16/accumulated/spec471.tlsf,1
rg2,8f8759db74eec1ecb4aabe435a49ab6c,av2,6,spec144.tlsf,experiments/results-aurus-curves/aurus_rg2_seed06/accumulated/spec144.tlsf,1
rg2,92a3c7eb142aea2400fb6f55612b0cfd,av2,3,spec206.tlsf,experiments/results-aurus-curves/aurus_rg2_seed03/accumulated/spec206.tlsf,1
rg2,96e109bb10769c1dd5c9b42ef2505117,av2,9,spec130.tlsf,experiments/results-aurus-curves/aurus_rg2_seed09/accumulated/spec130.tlsf,1
rg2,977a6eda4a59da3d8430e80868cb189f,av2,7,spec40.tlsf,experiments/results-aurus-curves/aurus_rg2_seed07/accumulated/spec40.tlsf,1
rg2,99fa887d47d491084ba77e7b2a71f2d1,av3,20,spec126.tlsf,experiments/results-aurus-curves/aurus_rg2_seed20/accumulated/spec126.tlsf,1
rg2,9bc87f5f7fa36593d2c584ed35e76c23,av3,19,spec31.tlsf,experiments/results-aurus-curves/aurus_rg2_seed19/accumulated/spec31.tlsf,1
rg2,9e5dd11affc750a304a187e555df7d4a,av2,12,spec385.tlsf,experiments/results-aurus-curves/aurus_rg2_seed12/accumulated/spec385.tlsf,1
rg2,a3fe1f4b9156e0fbdb633ad0c3084ebe,av2,14,spec227.tlsf,experiments/results-aurus-curves/aurus_rg2_seed14/accumulated/spec227.tlsf,1
rg2,a4e2fea7774aec9b6d37b6c28f80acc7,av2,4,spec54.tlsf,experiments/results-aurus-curves/aurus_rg2_seed04/accumulated/spec54.tlsf,1
rg2,a6cad8268b4f9c2afffd86376c6363a4,av2,7,spec14.tlsf,experiments/results-aurus-curves/aurus_rg2_seed07/accumulated/spec14.tlsf,1
rg2,a7481d7c55201ef4ecfab62731122dea,av3,23,spec81.tlsf,experiments/results-aurus-curves/aurus_rg2_seed23/accumulated/spec81.tlsf,1
rg2,aa4bc6b8772cf4659ed0ae64f599e95e,av2,11,spec163.tlsf,experiments/results-aurus-curves/aurus_rg2_seed11/accumulated/spec163.tlsf,1
rg2,ae0581a9d6b8a0c2cf6d9f446d0150ba,av2,6,spec34.tlsf,experiments/results-aurus-curves/aurus_rg2_seed06/accumulated/spec34.tlsf,1
rg2,aeee2e8dfe7f996300c8c67f7f55fe30,av3,27,spec217.tlsf,experiments/results-aurus-curves/aurus_rg2_seed27/accumulated/spec217.tlsf,1
rg2,bfebdade313df43d31e6b624a3e23912,av2,4,spec87.tlsf,experiments/results-aurus-curves/aurus_rg2_seed04/accumulated/spec87.tlsf,1
rg2,c1ced505b614a83513f70138474b5535,av2,11,spec402.tlsf,experiments/results-aurus-curves/aurus_rg2_seed11/accumulated/spec402.tlsf,1
rg2,c6b4b34d6327b2d211001ca16a370283,av3,29,spec32.tlsf,experiments/results-aurus-curves/aurus_rg2_seed29/accumulated/spec32.tlsf,1
rg2,c75be0c253e3daa097091ea0197df0ba,av3,28,spec103.tlsf,experiments/results-aurus-curves/aurus_rg2_seed28/accumulated/spec103.tlsf,1
rg2,ca904f9ff84b2ae1bfcca2a47b553375,av3,19,spec390.tlsf,experiments/results-aurus-curves/aurus_rg2_seed19/accumulated/spec390.tlsf,1
rg2,caaa86a8bb1d9b33c38793aeb1047f03,av3,24,spec47.tlsf,experiments/results-aurus-curves/aurus_rg2_seed24/accumulated/spec47.tlsf,1
rg2,d0c5c7ab14e7961daaace8e26c69633f,av3,20,spec97.tlsf,experiments/results-aurus-curves/aurus_rg2_seed20/accumulated/spec97.tlsf,1
rg2,d41edf503fd77bbc4fda796a8607c0b1,av2,1,spec70.tlsf,experiments/results-aurus-curves/aurus_rg2_seed01/accumulated/spec70.tlsf,1
rg2,d65fc04d54f58340a5775d93c2149392,av3,16,spec167.tlsf,experiments/results-aurus-curves/aurus_rg2_seed16/accumulated/spec167.tlsf,1
rg2,d677510f9077b1b736af0ae29829032a,av3,20,spec397.tlsf,experiments/results-aurus-curves/aurus_rg2_seed20/accumulated/spec397.tlsf,1
rg2,e18fd1a18c894fd39e5f50d38265d776,av3,24,spec206.tlsf,experiments/results-aurus-curves/aurus_rg2_seed24/accumulated/spec206.tlsf,1
rg2,e1d117d93c2c83bfd4bbbba308e261a6,av2,14,spec349.tlsf,experiments/results-aurus-curves/aurus_rg2_seed14/accumulated/spec349.tlsf,1
rg2,e26710b8e34be74c8ab825ef152a22f6,av2,6,spec324.tlsf,experiments/results-aurus-curves/aurus_rg2_seed06/accumulated/spec324.tlsf,1
rg2,e399c0f4ad6ca5ef3dd7d51c4da51817,av3,27,spec229.tlsf,experiments/results-aurus-curves/aurus_rg2_seed27/accumulated/spec229.tlsf,1
rg2,e565dae359e83d39d7df4acfb8411b9f,av2,4,spec115.tlsf,experiments/results-aurus-curves/aurus_rg2_seed04/accumulated/spec115.tlsf,1
rg2,ee495c9d0ba5190f556aed9b3ac4c67b,av2,6,spec199.tlsf,experiments/results-aurus-curves/aurus_rg2_seed06/accumulated/spec199.tlsf,1
rg2,f11a8da5b7381e32e4e2f6892ebbde9b,av2,4,spec33.tlsf,experiments/results-aurus-curves/aurus_rg2_seed04/accumulated/spec33.tlsf,1
rg2,fb236b850e6e5156e9037a6722ba57f2,av3,25,spec129.tlsf,experiments/results-aurus-curves/aurus_rg2_seed25/accumulated/spec129.tlsf,1
rg2,fd2b23a08cda2ed16db3359beda5cb68,av2,11,spec177.tlsf,experiments/results-aurus-curves/aurus_rg2_seed11/accumulated/spec177.tlsf,1
round-robin-arbiter-aurus,00128df3a564739eeb8103ac130cb8af,av3,24,spec93.tlsf,experiments/results-aurus-curves/aurus_round-robin-arbiter-aurus_seed24/accumulated/spec93.tlsf,1
round-robin-arbiter-aurus,00369a42c4ab0f40546a523021ed50fa,av2,1,spec519.tlsf,experiments/results-aurus-curves/aurus_round-robin-arbiter-aurus_seed01/accumulated/spec519.tlsf,1
round-robin-arbiter-aurus,006a5a5c371ff1db31394653b5d247e4,av2,2,spec320.tlsf,experiments/results-aurus-curves/aurus_round-robin-arbiter-aurus_seed02/accumulated/spec320.tlsf,1
round-robin-arbiter-aurus,006e3adbc240e458353e362ab70d6ba8,av3,22,spec648.tlsf,experiments/results-aurus-curves/aurus_round-robin-arbiter-aurus_seed22/accumulated/spec648.tlsf,1
round-robin-arbiter-aurus,007d3b0fe782279160d613c76f5598e0,av3,21,spec170.tlsf,experiments/results-aurus-curves/aurus_round-robin-arbiter-aurus_seed21/accumulated/spec170.tlsf,1
round-robin-arbiter-aurus,00c721ce025c11de64da76f988b0755d,av2,14,spec348.tlsf,experiments/results-aurus-curves/aurus_round-robin-arbiter-aurus_seed14/accumulated/spec348.tlsf,1
round-robin-arbiter-aurus,00dfa9d2077e6a9bf85a4132470884e2,av3,24,spec301.tlsf,experiments/results-aurus-curves/aurus_round-robin-arbiter-aurus_seed24/accumulated/spec301.tlsf,1
round-robin-arbiter-aurus,01488cee455b7bbafcc22ea7c8bcb626,av3,15,spec91.tlsf,experiments/results-aurus-curves/aurus_round-robin-arbiter-aurus_seed15/accumulated/spec91.tlsf,1
round-robin-arbiter-aurus,0184c373fa16fac72dbcf2c1ec73b5c5,av3,27,spec372.tlsf,experiments/results-aurus-curves/aurus_round-robin-arbiter-aurus_seed27/accumulated/spec372.tlsf,1
round-robin-arbiter-aurus,01ba81cfffcd2fd3c9339256adfba9fb,av3,16,spec421.tlsf,experiments/results-aurus-curves/aurus_round-robin-arbiter-aurus_seed16/accumulated/spec421.tlsf,1
round-robin-arbiter-aurus,01d3fe9449d51c28e4022abf814b6081,av2,0,spec316.tlsf,experiments/results-aurus-curves/aurus_round-robin-arbiter-aurus_seed00/accumulated/spec316.tlsf,1
round-robin-arbiter-aurus,02003cff330f063ff565a4e08d18b59f,av3,26,spec216.tlsf,experiments/results-aurus-curves/aurus_round-robin-arbiter-aurus_seed26/accumulated/spec216.tlsf,1
round-robin-arbiter-aurus,022901b738017ce37d364056b53f2a50,av2,0,spec546.tlsf,experiments/results-aurus-curves/aurus_round-robin-arbiter-aurus_seed00/accumulated/spec546.tlsf,1
round-robin-arbiter-aurus,023a5429efcc99f3cd3e147e62dab602,av2,8,spec328.tlsf,experiments/results-aurus-curves/aurus_round-robin-arbiter-aurus_seed08/accumulated/spec328.tlsf,1
round-robin-arbiter-aurus,0283ccc26d08223a5e7eae179ba4e661,av2,2,spec588.tlsf,experiments/results-aurus-curves/aurus_round-robin-arbiter-aurus_seed02/accumulated/spec588.tlsf,1
round-robin-arbiter-aurus,028906b3b7e01007aa24021d9f1fa7da,av2,9,spec429.tlsf,experiments/results-aurus-curves/aurus_round-robin-arbiter-aurus_seed09/accumulated/spec429.tlsf,1
round-robin-arbiter-aurus,0291eb42a750c265c003624bc5c520a4,av3,18,spec316.tlsf,experiments/results-aurus-curves/aurus_round-robin-arbiter-aurus_seed18/accumulated/spec316.tlsf,1
round-robin-arbiter-aurus,02c6d2d3633cb1f43762f02728d4d8a1,av3,19,spec495.tlsf,experiments/results-aurus-curves/aurus_round-robin-arbiter-aurus_seed19/accumulated/spec495.tlsf,1
round-robin-arbiter-aurus,02ca9d05d57c9517a6e1f3e857cdeb55,av3,28,spec75.tlsf,experiments/results-aurus-curves/aurus_round-robin-arbiter-aurus_seed28/accumulated/spec75.tlsf,1
round-robin-arbiter-aurus,02f4639283306b5e2ba815d141b00183,av3,26,spec376.tlsf,experiments/results-aurus-curves/aurus_round-robin-arbiter-aurus_seed26/accumulated/spec376.tlsf,1
round-robin-arbiter-aurus,0344bb83e90fafd067146997c8171b82,av3,22,spec463.tlsf,experiments/results-aurus-curves/aurus_round-robin-arbiter-aurus_seed22/accumulated/spec463.tlsf,1
round-robin-arbiter-aurus,034ee1e4d0529901e071ae51e0d2945c,av3,20,spec599.tlsf,experiments/results-aurus-curves/aurus_round-robin-arbiter-aurus_seed20/accumulated/spec599.tlsf,1
round-robin-arbiter-aurus,0364c795007694aa4c93d2becedf1d46,av3,29,spec224.tlsf,experiments/results-aurus-curves/aurus_round-robin-arbiter-aurus_seed29/accumulated/spec224.tlsf,1
round-robin-arbiter-aurus,03c0bd0b095e8e36f02e4511bec55fb0,av2,7,spec204.tlsf,experiments/results-aurus-curves/aurus_round-robin-arbiter-aurus_seed07/accumulated/spec204.tlsf,1
round-robin-arbiter-aurus,04a905ed0c0632c3be17abb77acde9a8,av3,15,spec172.tlsf,experiments/results-aurus-curves/aurus_round-robin-arbiter-aurus_seed15/accumulated/spec172.tlsf,1
round-robin-arbiter-aurus,04b2bb8ae51d8cf5834567387dabdc03,av2,3,spec540.tlsf,experiments/results-aurus-curves/aurus_round-robin-arbiter-aurus_seed03/accumulated/spec540.tlsf,1
round-robin-arbiter-aurus,052748494602dc477ece92aa3b636d3e,av3,25,spec167.tlsf,experiments/results-aurus-curves/aurus_round-robin-arbiter-aurus_seed25/accumulated/spec167.tlsf,1
round-robin-arbiter-aurus,057fac9db6ecc1365e0850761b56d31d,av2,11,spec139.tlsf,experiments/results-aurus-curves/aurus_round-robin-arbiter-aurus_seed11/accumulated/spec139.tlsf,1
round-robin-arbiter-aurus,0699c6ce886a0c293e19fd1ae1727891,av2,8,spec181.tlsf,experiments/results-aurus-curves/aurus_round-robin-arbiter-aurus_seed08/accumulated/spec181.tlsf,1
round-robin-arbiter-aurus,06cfc5cf55caa38d1ef4c5334f7a65ce,av2,10,spec108.tlsf,experiments/results-aurus-curves/aurus_round-robin-arbiter-aurus_seed10/accumulated/spec108.tlsf,1
round-robin-arbiter-aurus,06e551b594af3a812c28f1ff7b865f1b,av2,5,spec568.tlsf,experiments/results-aurus-curves/aurus_round-robin-arbiter-aurus_seed05/accumulated/spec568.tlsf,1
round-robin-arbiter-aurus,06fca35c50d8a9c0d846c1b453674f14,av2,0,spec111.tlsf,experiments/results-aurus-curves/aurus_round-robin-arbiter-aurus_seed00/accumulated/spec111.tlsf,1
round-robin-arbiter-aurus,0722b4e2aeb0871d55663ad25a833041,av2,3,spec611.tlsf,experiments/results-aurus-curves/aurus_round-robin-arbiter-aurus_seed03/accumulated/spec611.tlsf,1
round-robin-arbiter-aurus,07299c53149ce099a4589f284745b33f,av3,29,spec380.tlsf,experiments/results-aurus-curves/aurus_round-robin-arbiter-aurus_seed29/accumulated/spec380.tlsf,1
round-robin-arbiter-aurus,07901f0ac7da32982992b515d561fe6e,av2,5,spec552.tlsf,experiments/results-aurus-curves/aurus_round-robin-arbiter-aurus_seed05/accumulated/spec552.tlsf,1
round-robin-arbiter-aurus,07b60bb8e7f3559b133824d9f9f7f7da,av3,25,spec288.tlsf,experiments/results-aurus-curves/aurus_round-robin-arbiter-aurus_seed25/accumulated/spec288.tlsf,1
round-robin-arbiter-aurus,07eb0536a264c1c6f2e917c12bd45484,av3,17,spec565.tlsf,experiments/results-aurus-curves/aurus_round-robin-arbiter-aurus_seed17/accumulated/spec565.tlsf,1
round-robin-arbiter-aurus,0814e12c4f18cea4427f60d24cde48a4,av3,27,spec176.tlsf,experiments/results-aurus-curves/aurus_round-robin-arbiter-aurus_seed27/accumulated/spec176.tlsf,1
round-robin-arbiter-aurus,08452c9511d425023221bb6480d73f10,av2,10,spec233.tlsf,experiments/results-aurus-curves/aurus_round-robin-arbiter-aurus_seed10/accumulated/spec233.tlsf,1
round-robin-arbiter-aurus,08843d83e5b1e7a2bd2353339166f012,av3,17,spec593.tlsf,experiments/results-aurus-curves/aurus_round-robin-arbiter-aurus_seed17/accumulated/spec593.tlsf,1
round-robin-arbiter-aurus,08870be6aacac24f71e82bd72e2c0105,av2,12,spec77.tlsf,experiments/results-aurus-curves/aurus_round-robin-arbiter-aurus_seed12/accumulated/spec77.tlsf,1
round-robin-arbiter-aurus,08976ac221342016aa117b1788471544,av2,12,spec111.tlsf,experiments/results-aurus-curves/aurus_round-robin-arbiter-aurus_seed12/accumulated/spec111.tlsf,1
round-robin-arbiter-aurus,08b713261d36187d539c4dc29c4ffd0d,av2,6,spec418.tlsf,experiments/results-aurus-curves/aurus_round-robin-arbiter-aurus_seed06/accumulated/spec418.tlsf,1
round-robin-arbiter-aurus,09b7daaa089626834c60697e93700861,av2,8,spec208.tlsf,experiments/results-aurus-curves/aurus_round-robin-arbiter-aurus_seed08/accumulated/spec208.tlsf,1
round-robin-arbiter-aurus,0a10551bab492fc96ab0c40d5c15de36,av3,15,spec208.tlsf,experiments/results-aurus-curves/aurus_round-robin-arbiter-aurus_seed15/accumulated/spec208.tlsf,1
round-robin-arbiter-aurus,0a44da01e308e0c277573351c7f94273,av2,7,spec328.tlsf,experiments/results-aurus-curves/aurus_round-robin-arbiter-aurus_seed07/accumulated/spec328.tlsf,1
round-robin-arbiter-aurus,0b309f808caa2c330c4ad9ff8c2b3563,av3,18,spec588.tlsf,experiments/results-aurus-curves/aurus_round-robin-arbiter-aurus_seed18/accumulated/spec588.tlsf,1
round-robin-arbiter-aurus,0bc8defa4724fc14f5929412a4f6bc54,av3,21,spec176.tlsf,experiments/results-aurus-curves/aurus_round-robin-arbiter-aurus_seed21/accumulated/spec176.tlsf,1
round-robin-arbiter-aurus,0beb953651a838f8ab02f0ee474a282f,av3,27,spec119.tlsf,experiments/results-aurus-curves/aurus_round-robin-arbiter-aurus_seed27/accumulated/spec119.tlsf,1
round-robin-arbiter-aurus,0bf5c00d3588f67c3a5f8fda44e9b2b2,av3,15,spec246.tlsf,experiments/results-aurus-curves/aurus_round-robin-arbiter-aurus_seed15/accumulated/spec246.tlsf,1
round-robin-arbiter-aurus,0c4b44124684a80098a50fb076a51432,av2,13,spec506.tlsf,experiments/results-aurus-curves/aurus_round-robin-arbiter-aurus_seed13/accumulated/spec506.tlsf,1
round-robin-arbiter-aurus,0cc72b6bc80a56b390b7f8dcf7bba193,av2,0,spec401.tlsf,experiments/results-aurus-curves/aurus_round-robin-arbiter-aurus_seed00/accumulated/spec401.tlsf,1
round-robin-arbiter-aurus,0cd0b43aafedf2355f7853975fd39fc3,av3,22,spec397.tlsf,experiments/results-aurus-curves/aurus_round-robin-arbiter-aurus_seed22/accumulated/spec397.tlsf,1
round-robin-arbiter-aurus,0cf365bd5a82ad6917fe5b980cea012b,av3,21,spec402.tlsf,experiments/results-aurus-curves/aurus_round-robin-arbiter-aurus_seed21/accumulated/spec402.tlsf,1
round-robin-arbiter-aurus,0d828ba420a51f1a90bcbf831ae7bf74,av2,4,spec132.tlsf,experiments/results-aurus-curves/aurus_round-robin-arbiter-aurus_seed04/accumulated/spec132.tlsf,1
round-robin-arbiter-aurus,0dbebca27814b6e28807a9df33ac305b,av3,15,spec107.tlsf,experiments/results-aurus-curves/aurus_round-robin-arbiter-aurus_seed15/accumulated/spec107.tlsf,1
round-robin-arbiter-aurus,0dc0eb2fa35b3a3a47c2dfe05fe48ab8,av3,15,spec631.tlsf,experiments/results-aurus-curves/aurus_round-robin-arbiter-aurus_seed15/accumulated/spec631.tlsf,1
round-robin-arbiter-aurus,0de273ca8cd7017f9e6bdde451b62031,av2,6,spec112.tlsf,experiments/results-aurus-curves/aurus_round-robin-arbiter-aurus_seed06/accumulated/spec112.tlsf,1
round-robin-arbiter-aurus,0de9f2f5fdcbe8b04c487c65bc9a58f0,av3,24,spec176.tlsf,experiments/results-aurus-curves/aurus_round-robin-arbiter-aurus_seed24/accumulated/spec176.tlsf,1
round-robin-arbiter-aurus,0e112e6355b5c53191c4609eabbb05ed,av2,6,spec204.tlsf,experiments/results-aurus-curves/aurus_round-robin-arbiter-aurus_seed06/accumulated/spec204.tlsf,1
round-robin-arbiter-aurus,0e48949197d8155d421af82b3b0a31f6,av3,20,spec81.tlsf,experiments/results-aurus-curves/aurus_round-robin-arbiter-aurus_seed20/accumulated/spec81.tlsf,1
round-robin-arbiter-aurus,0e4c166243bb0e876b7252f5d84d9a97,av2,14,spec136.tlsf,experiments/results-aurus-curves/aurus_round-robin-arbiter-aurus_seed14/accumulated/spec136.tlsf,1
round-robin-arbiter-aurus,0ec5d3bb26f37f9b58c3e65627423628,av3,24,spec265.tlsf,experiments/results-aurus-curves/aurus_round-robin-arbiter-aurus_seed24/accumulated/spec265.tlsf,1
round-robin-arbiter-aurus,0efbdfdbaac41e83717c1ad7ed0b15db,av2,11,spec417.tlsf,experiments/results-aurus-curves/aurus_round-robin-arbiter-aurus_seed11/accumulated/spec417.tlsf,1
round-robin-arbiter-aurus,0fd5bd60eb8fc5c7e264e0cbc39df0e8,av2,9,spec453.tlsf,experiments/results-aurus-curves/aurus_round-robin-arbiter-aurus_seed09/accumulated/spec453.tlsf,1
round-robin-arbiter-aurus,100daf5feb062c52cc8abe3aea325a23,av2,5,spec432.tlsf,experiments/results-aurus-curves/aurus_round-robin-arbiter-aurus_seed05/accumulated/spec432.tlsf,1
round-robin-arbiter-aurus,108a7f2181e92fd25a1b72a46c53176e,av2,2,spec149.tlsf,experiments/results-aurus-curves/aurus_round-robin-arbiter-aurus_seed02/accumulated/spec149.tlsf,1
round-robin-arbiter-aurus,108ff839a0f20caaafc67bb45e6dde8a,av2,1,spec49.tlsf,experiments/results-aurus-curves/aurus_round-robin-arbiter-aurus_seed01/accumulated/spec49.tlsf,1
round-robin-arbiter-aurus,10dc1166b8ebe798cb5df9475700f212,av2,4,spec553.tlsf,experiments/results-aurus-curves/aurus_round-robin-arbiter-aurus_seed04/accumulated/spec553.tlsf,1
round-robin-arbiter-aurus,1137e6a648966e7dabfbd088aa584045,av2,9,spec527.tlsf,experiments/results-aurus-curves/aurus_round-robin-arbiter-aurus_seed09/accumulated/spec527.tlsf,1
round-robin-arbiter-aurus,115aa53c857025b6c5099b2b4134b075,av2,8,spec325.tlsf,experiments/results-aurus-curves/aurus_round-robin-arbiter-aurus_seed08/accumulated/spec325.tlsf,1
round-robin-arbiter-aurus,116b6cf1d4f86f9659049913c01ac713,av2,6,spec72.tlsf,experiments/results-aurus-curves/aurus_round-robin-arbiter-aurus_seed06/accumulated/spec72.tlsf,1
round-robin-arbiter-aurus,1242fbdd1555085993c08ab1ce4f2902,av2,4,spec199.tlsf,experiments/results-aurus-curves/aurus_round-robin-arbiter-aurus_seed04/accumulated/spec199.tlsf,1
round-robin-arbiter-aurus,128754af4964e2cfbfb5adc1dc7dc22b,av2,5,spec406.tlsf,experiments/results-aurus-curves/aurus_round-robin-arbiter-aurus_seed05/accumulated/spec406.tlsf,1
round-robin-arbiter-aurus,12e15205756ebcbb7f70f167ebb3a3e4,av3,16,spec497.tlsf,experiments/results-aurus-curves/aurus_round-robin-arbiter-aurus_seed16/accumulated/spec497.tlsf,1
round-robin-arbiter-aurus,12e3f0433de979bc00c8c239572d9d69,av2,1,spec301.tlsf,experiments/results-aurus-curves/aurus_round-robin-arbiter-aurus_seed01/accumulated/spec301.tlsf,1
round-robin-arbiter-aurus,12f9571cf56a5ef9c0da4fcd5b93caeb,av2,11,spec462.tlsf,experiments/results-aurus-curves/aurus_round-robin-arbiter-aurus_seed11/accumulated/spec462.tlsf,1
round-robin-arbiter-aurus,135a86f522d8abb3b4a77dcce55e1ed5,av2,6,spec67.tlsf,experiments/results-aurus-curves/aurus_round-robin-arbiter-aurus_seed06/accumulated/spec67.tlsf,1
round-robin-arbiter-aurus,135bd7b2db1d0d9a14dc41ede236942f,av3,26,spec491.tlsf,experiments/results-aurus-curves/aurus_round-robin-arbiter-aurus_seed26/accumulated/spec491.tlsf,1
round-robin-arbiter-aurus,136e6f3ea5ef49e49f098149eb16c259,av2,13,spec542.tlsf,experiments/results-aurus-curves/aurus_round-robin-arbiter-aurus_seed13/accumulated/spec542.tlsf,1
round-robin-arbiter-aurus,13813d66a4fd48230676c4d852a1aeb1,av3,21,spec301.tlsf,experiments/results-aurus-curves/aurus_round-robin-arbiter-aurus_seed21/accumulated/spec301.tlsf,1
round-robin-arbiter-aurus,13e180f6ec53815098c6387632643f9b,av3,25,spec132.tlsf,experiments/results-aurus-curves/aurus_round-robin-arbiter-aurus_seed25/accumulated/spec132.tlsf,1
round-robin-arbiter-aurus,143325242e4d52e80aeec9f669124801,av2,13,spec427.tlsf,experiments/results-aurus-curves/aurus_round-robin-arbiter-aurus_seed13/accumulated/spec427.tlsf,1
round-robin-arbiter-aurus,14595803e8a2e1519e8945fafdcc3619,av3,16,spec559.tlsf,experiments/results-aurus-curves/aurus_round-robin-arbiter-aurus_seed16/accumulated/spec559.tlsf,1
round-robin-arbiter-aurus,14b02de0e19ced236a8a841a685f17ac,av2,12,spec246.tlsf,experiments/results-aurus-curves/aurus_round-robin-arbiter-aurus_seed12/accumulated/spec246.tlsf,1
round-robin-arbiter-aurus,14b06bc04f35a4175c99a10838301f73,av3,25,spec289.tlsf,experiments/results-aurus-curves/aurus_round-robin-arbiter-aurus_seed25/accumulated/spec289.tlsf,2
round-robin-arbiter-aurus,14cb23c68dc8dac03a822f45e1cbd109,av3,22,spec387.tlsf,experiments/results-aurus-curves/aurus_round-robin-arbiter-aurus_seed22/accumulated/spec387.tlsf,1
round-robin-arbiter-aurus,14e114d458eec28c984e002590cc29e5,av2,6,spec198.tlsf,experiments/results-aurus-curves/aurus_round-robin-arbiter-aurus_seed06/accumulated/spec198.tlsf,1
round-robin-arbiter-aurus,1521a0a452083198adf2917d94089d25,av2,8,spec355.tlsf,experiments/results-aurus-curves/aurus_round-robin-arbiter-aurus_seed08/accumulated/spec355.tlsf,1
round-robin-arbiter-aurus,16533af2ee28dbae5f563e2ca8171080,av2,3,spec523.tlsf,experiments/results-aurus-curves/aurus_round-robin-arbiter-aurus_seed03/accumulated/spec523.tlsf,1
round-robin-arbiter-aurus,1670169cdf07aabb972eb8887402bc78,av2,4,spec207.tlsf,experiments/results-aurus-curves/aurus_round-robin-arbiter-aurus_seed04/accumulated/spec207.tlsf,1
round-robin-arbiter-aurus,1674c892b1d202f0c4dd81b9f4e88fe7,av3,29,spec299.tlsf,experiments/results-aurus-curves/aurus_round-robin-arbiter-aurus_seed29/accumulated/spec299.tlsf,1
round-robin-arbiter-aurus,16a4323db6f16882b9b0269a894e31a9,av3,27,spec498.tlsf,experiments/results-aurus-curves/aurus_round-robin-arbiter-aurus_seed27/accumulated/spec498.tlsf,1
round-robin-arbiter-aurus,16bcfe452555b4b991f8659c7420bd0f,av2,1,spec158.tlsf,experiments/results-aurus-curves/aurus_round-robin-arbiter-aurus_seed01/accumulated/spec158.tlsf,1
round-robin-arbiter-aurus,16d6bbec06029fa87dee3db279ce3c30,av2,6,spec623.tlsf,experiments/results-aurus-curves/aurus_round-robin-arbiter-aurus_seed06/accumulated/spec623.tlsf,1
round-robin-arbiter-aurus,16e5f1c4ab6656fddcd61350681f4657,av3,17,spec579.tlsf,experiments/results-aurus-curves/aurus_round-robin-arbiter-aurus_seed17/accumulated/spec579.tlsf,1
round-robin-arbiter-aurus,17358d63ca5bd1f5420f5d5e9ae961b8,av2,6,spec645.tlsf,experiments/results-aurus-curves/aurus_round-robin-arbiter-aurus_seed06/accumulated/spec645.tlsf,1
round-robin-arbiter-aurus,186da06ac1a414121ff1402f3521bfbe,av3,18,spec97.tlsf,experiments/results-aurus-curves/aurus_round-robin-arbiter-aurus_seed18/accumulated/spec97.tlsf,1
round-robin-arbiter-aurus,18765dda363a284f602f1f9cf25c1cad,av3,28,spec141.tlsf,experiments/results-aurus-curves/aurus_round-robin-arbiter-aurus_seed28/accumulated/spec141.tlsf,1
round-robin-arbiter-aurus,1886b0fd651319730a0db4eb64dacb43,av3,28,spec324.tlsf,experiments/results-aurus-curves/aurus_round-robin-arbiter-aurus_seed28/accumulated/spec324.tlsf,1
round-robin-arbiter-aurus,18ba90ec0d753709d61ee4148eb09f1d,av3,27,spec571.tlsf,experiments/results-aurus-curves/aurus_round-robin-arbiter-aurus_seed27/accumulated/spec571.tlsf,1
round-robin-arbiter-aurus,18c73aff660e21133f5b70994cd79f39,av3,16,spec261.tlsf,experiments/results-aurus-curves/aurus_round-robin-arbiter-aurus_seed16/accumulated/spec261.tlsf,1
round-robin-arbiter-aurus,197d4d04f4bd5019cbd0a6031ff57d96,av2,13,spec446.tlsf,experiments/results-aurus-curves/aurus_round-robin-arbiter-aurus_seed13/accumulated/spec446.tlsf,1
round-robin-arbiter-aurus,19a5fa0bbc89c2bcb69714f1a17533ad,av3,25,spec232.tlsf,experiments/results-aurus-curves/aurus_round-robin-arbiter-aurus_seed25/accumulated/spec232.tlsf,1
round-robin-arbiter-aurus,19d407cf5dfe1c8910de1758306c72b4,av3,25,spec100.tlsf,experiments/results-aurus-curves/aurus_round-robin-arbiter-aurus_seed25/accumulated/spec100.tlsf,1
round-robin-arbiter-aurus,19e76f3da9024981fa03ac8596aada3d,av3,16,spec515.tlsf,experiments/results-aurus-curves/aurus_round-robin-arbiter-aurus_seed16/accumulated/spec515.tlsf,1
round-robin-arbiter-aurus,1a1233aa5189f42042f0c3449936d84c,av3,25,spec375.tlsf,experiments/results-aurus-curves/aurus_round-robin-arbiter-aurus_seed25/accumulated/spec375.tlsf,1
round-robin-arbiter-aurus,1a3c1a9139711b5ee907dae17de8fe61,av3,24,spec26.tlsf,experiments/results-aurus-curves/aurus_round-robin-arbiter-aurus_seed24/accumulated/spec26.tlsf,1
round-robin-arbiter-aurus,1ae8397ecc817d212e7b0d9b458daad6,av3,19,spec489.tlsf,experiments/results-aurus-curves/aurus_round-robin-arbiter-aurus_seed19/accumulated/spec489.tlsf,1
round-robin-arbiter-aurus,1b3fcd3b639cd8a2844f25c38eacbe62,av3,23,spec114.tlsf,experiments/results-aurus-curves/aurus_round-robin-arbiter-aurus_seed23/accumulated/spec114.tlsf,1
round-robin-arbiter-aurus,1b428b713d4e9cc32903b695aa65b372,av3,22,spec562.tlsf,experiments/results-aurus-curves/aurus_round-robin-arbiter-aurus_seed22/accumulated/spec562.tlsf,1
round-robin-arbiter-aurus,1b6eb66ed25b5787ba6cc0918e44c72e,av3,16,spec323.tlsf,experiments/results-aurus-curves/aurus_round-robin-arbiter-aurus_seed16/accumulated/spec323.tlsf,1
round-robin-arbiter-aurus,1bc759a2afb580b422f537ecb823ccda,av3,16,spec402.tlsf,experiments/results-aurus-curves/aurus_round-robin-arbiter-aurus_seed16/accumulated/spec402.tlsf,1
round-robin-arbiter-aurus,1bcb04b184ea7a584ab2bcb7071529ea,av3,24,spec519.tlsf,experiments/results-aurus-curves/aurus_round-robin-arbiter-aurus_seed24/accumulated/spec519.tlsf,1
round-robin-arbiter-aurus,1bebf81b1564ac52cef28808355f1e52,av3,20,spec574.tlsf,experiments/results-aurus-curves/aurus_round-robin-arbiter-aurus_seed20/accumulated/spec574.tlsf,1
round-robin-arbiter-aurus,1c263d5c76e26e40eba2cd77124485e2,av3,28,spec492.tlsf,experiments/results-aurus-curves/aurus_round-robin-arbiter-aurus_seed28/accumulated/spec492.tlsf,1
round-robin-arbiter-aurus,1c2add6c2e3899d5707ed16578dee143,av3,21,spec329.tlsf,experiments/results-aurus-curves/aurus_round-robin-arbiter-aurus_seed21/accumulated/spec329.tlsf,1
round-robin-arbiter-aurus,1c4529e0ba0cf2d151f19c6583f8a162,av2,8,spec485.tlsf,experiments/results-aurus-curves/aurus_round-robin-arbiter-aurus_seed08/accumulated/spec485.tlsf,1
round-robin-arbiter-aurus,1cb8b415d664f46701c0ccf63e7dd778,av2,9,spec390.tlsf,experiments/results-aurus-curves/aurus_round-robin-arbiter-aurus_seed09/accumulated/spec390.tlsf,1
round-robin-arbiter-aurus,1cd94f2c27d345b4a895d1b32de17c53,av3,16,spec549.tlsf,experiments/results-aurus-curves/aurus_round-robin-arbiter-aurus_seed16/accumulated/spec549.tlsf,1
round-robin-arbiter-aurus,1ced9768178ef427ef37481e0e5a02a8,av2,6,spec473.tlsf,experiments/results-aurus-curves/aurus_round-robin-arbiter-aurus_seed06/accumulated/spec473.tlsf,1
round-robin-arbiter-aurus,1d71549267d79e5baa9bd5f289d6413b,av3,17,spec451.tlsf,experiments/results-aurus-curves/aurus_round-robin-arbiter-aurus_seed17/accumulated/spec451.tlsf,1
round-robin-arbiter-aurus,1e127fc1513d4742e2af8390a2f66269,av3,18,spec314.tlsf,experiments/results-aurus-curves/aurus_round-robin-arbiter-aurus_seed18/accumulated/spec314.tlsf,1
round-robin-arbiter-aurus,1e2e9598c73e400e062cda56ee271e21,av3,28,spec314.tlsf,experiments/results-aurus-curves/aurus_round-robin-arbiter-aurus_seed28/accumulated/spec314.tlsf,1
round-robin-arbiter-aurus,1e319136ceff5c336c2f8e797e7bedb7,av2,2,spec144.tlsf,experiments/results-aurus-curves/aurus_round-robin-arbiter-aurus_seed02/accumulated/spec144.tlsf,1
round-robin-arbiter-aurus,1e94dc14d8faa10113ea859ca7e8e191,av3,18,spec165.tlsf,experiments/results-aurus-curves/aurus_round-robin-arbiter-aurus_seed18/accumulated/spec165.tlsf,1
round-robin-arbiter-aurus,1eec4f24290610c286516457a1c0b5a1,av2,10,spec265.tlsf,experiments/results-aurus-curves/aurus_round-robin-arbiter-aurus_seed10/accumulated/spec265.tlsf,1
round-robin-arbiter-aurus,1f18a90589336a4709d8efc1f0457a20,av2,3,spec606.tlsf,experiments/results-aurus-curves/aurus_round-robin-arbiter-aurus_seed03/accumulated/spec606.tlsf,1
round-robin-arbiter-aurus,1f50d53c1ca3bd9947684fd485d8d070,av2,6,spec493.tlsf,experiments/results-aurus-curves/aurus_round-robin-arbiter-aurus_seed06/accumulated/spec493.tlsf,1
round-robin-arbiter-aurus,1f5c4d31439c273c8409b07247bd7899,av2,9,spec337.tlsf,experiments/results-aurus-curves/aurus_round-robin-arbiter-aurus_seed09/accumulated/spec337.tlsf,1
round-robin-arbiter-aurus,1fdfd623163789bcb269edb8e4d9a1cc,av3,26,spec118.tlsf,experiments/results-aurus-curves/aurus_round-robin-arbiter-aurus_seed26/accumulated/spec118.tlsf,1
round-robin-arbiter-aurus,202e1589aa582126eba958fa2a39360c,av3,21,spec317.tlsf,experiments/results-aurus-curves/aurus_round-robin-arbiter-aurus_seed21/accumulated/spec317.tlsf,1
round-robin-arbiter-aurus,20eb5d7ae2087e1e4424df0cfeba9300,av3,25,spec533.tlsf,experiments/results-aurus-curves/aurus_round-robin-arbiter-aurus_seed25/accumulated/spec533.tlsf,1
round-robin-arbiter-aurus,20ef8ba0c0ee4e9e5bae618074cf879c,av3,29,spec155.tlsf,experiments/results-aurus-curves/aurus_round-robin-arbiter-aurus_seed29/accumulated/spec155.tlsf,1
round-robin-arbiter-aurus,2102ec9c1002573270a2d02fca13f86e,av2,9,spec466.tlsf,experiments/results-aurus-curves/aurus_round-robin-arbiter-aurus_seed09/accumulated/spec466.tlsf,1
round-robin-arbiter-aurus,210c066ca76a45c1695e0ea165b2d6e7,av3,27,spec225.tlsf,experiments/results-aurus-curves/aurus_round-robin-arbiter-aurus_seed27/accumulated/spec225.tlsf,1
round-robin-arbiter-aurus,21df8ea2d9075ba0d122be3d99b6d8a5,av3,20,spec225.tlsf,experiments/results-aurus-curves/aurus_round-robin-arbiter-aurus_seed20/accumulated/spec225.tlsf,1
round-robin-arbiter-aurus,22de8e6d86cefa6cf223cd7af7dd4f07,av2,7,spec617.tlsf,experiments/results-aurus-curves/aurus_round-robin-arbiter-aurus_seed07/accumulated/spec617.tlsf,1
round-robin-arbiter-aurus,22df4efff5186ebdc81801ee4ff7613a,av2,9,spec452.tlsf,experiments/results-aurus-curves/aurus_round-robin-arbiter-aurus_seed09/accumulated/spec452.tlsf,1
round-robin-arbiter-aurus,22fde5b0830337434016ff80dff281d7,av3,19,spec530.tlsf,experiments/results-aurus-curves/aurus_round-robin-arbiter-aurus_seed19/accumulated/spec530.tlsf,1
round-robin-arbiter-aurus,2325e918e0efdb940a06dad88892332c,av2,12,spec411.tlsf,experiments/results-aurus-curves/aurus_round-robin-arbiter-aurus_seed12/accumulated/spec411.tlsf,1
round-robin-arbiter-aurus,23b89a181492dca3f607776d364aaf7a,av3,24,spec330.tlsf,experiments/results-aurus-curves/aurus_round-robin-arbiter-aurus_seed24/accumulated/spec330.tlsf,1
round-robin-arbiter-aurus,23ce7f8de100ec90821f38bd00e32bd2,av3,22,spec398.tlsf,experiments/results-aurus-curves/aurus_round-robin-arbiter-aurus_seed22/accumulated/spec398.tlsf,1
round-robin-arbiter-aurus,23e47d2892fc494422c4412b654414b0,av2,5,spec265.tlsf,experiments/results-aurus-curves/aurus_round-robin-arbiter-aurus_seed05/accumulated/spec265.tlsf,1
round-robin-arbiter-aurus,24011ccd2c6e241f84f3a3498de8fc10,av2,10,spec335.tlsf,experiments/results-aurus-curves/aurus_round-robin-arbiter-aurus_seed10/accumulated/spec335.tlsf,1
round-robin-arbiter-aurus,2428f4f301e6b0f13064b00bb8466315,av3,17,spec397.tlsf,experiments/results-aurus-curves/aurus_round-robin-arbiter-aurus_seed17/accumulated/spec397.tlsf,1
round-robin-arbiter-aurus,248a037d259bdfdc557e8fdd1b7d5f97,av2,8,spec231.tlsf,experiments/results-aurus-curves/aurus_round-robin-arbiter-aurus_seed08/accumulated/spec231.tlsf,1
round-robin-arbiter-aurus,248c9c01bbe6b190cccc793937a2fbf9,av3,16,spec575.tlsf,experiments/results-aurus-curves/aurus_round-robin-arbiter-aurus_seed16/accumulated/spec575.tlsf,1
round-robin-arbiter-aurus,249b9a35c134c8791822a17044627932,av2,9,spec523.tlsf,experiments/results-aurus-curves/aurus_round-robin-arbiter-aurus_seed09/accumulated/spec523.tlsf,1
round-robin-arbiter-aurus,249fa1a5ef5cf0e504a3be05cc2d726d,av3,17,spec94.tlsf,experiments/results-aurus-curves/aurus_round-robin-arbiter-aurus_seed17/accumulated/spec94.tlsf,1
round-robin-arbiter-aurus,253a83d28015d570f077b424838c0adb,av2,4,spec229.tlsf,experiments/results-aurus-curves/aurus_round-robin-arbiter-aurus_seed04/accumulated/spec229.tlsf,1
round-robin-arbiter-aurus,2568b872a21b96c34bebb073c46141ef,av3,23,spec155.tlsf,experiments/results-aurus-curves/aurus_round-robin-arbiter-aurus_seed23/accumulated/spec155.tlsf,1
round-robin-arbiter-aurus,25f7266c2c881d16ecaa1e30217e8f8e,av2,2,spec391.tlsf,experiments/results-aurus-curves/aurus_round-robin-arbiter-aurus_seed02/accumulated/spec391.tlsf,1
round-robin-arbiter-aurus,262430187aa7481a2943c9adcd964e32,av3,21,spec453.tlsf,experiments/results-aurus-curves/aurus_round-robin-arbiter-aurus_seed21/accumulated/spec453.tlsf,1
round-robin-arbiter-aurus,263d9000c3230b254056f6b6c58f3250,av3,21,spec151.tlsf,experiments/results-aurus-curves/aurus_round-robin-arbiter-aurus_seed21/accumulated/spec151.tlsf,1
round-robin-arbiter-aurus,2670ccc777fb77e990038ac9679fffed,av3,26,spec290.tlsf,experiments/results-aurus-curves/aurus_round-robin-arbiter-aurus_seed26/accumulated/spec290.tlsf,1
round-robin-arbiter-aurus,272840315e736db91f373d9af13bacf9,av2,9,spec383.tlsf,experiments/results-aurus-curves/aurus_round-robin-arbiter-aurus_seed09/accumulated/spec383.tlsf,1
round-robin-arbiter-aurus,27764e8a5473af4ad3f54b35fd1842f4,av3,23,spec223.tlsf,experiments/results-aurus-curves/aurus_round-robin-arbiter-aurus_seed23/accumulated/spec223.tlsf,1
round-robin-arbiter-aurus,27e26fd8f6474993912a5cda8c0fd110,av2,4,spec515.tlsf,experiments/results-aurus-curves/aurus_round-robin-arbiter-aurus_seed04/accumulated/spec515.tlsf,2
round-robin-arbiter-aurus,289dc807b9cf4d9ae4452cbb11a6e917,av3,26,spec176.tlsf,experiments/results-aurus-curves/aurus_round-robin-arbiter-aurus_seed26/accumulated/spec176.tlsf,1
round-robin-arbiter-aurus,28a6fac792f9386cd3f41913e4f59517,av3,15,spec339.tlsf,experiments/results-aurus-curves/aurus_round-robin-arbiter-aurus_seed15/accumulated/spec339.tlsf,1
round-robin-arbiter-aurus,28f45d63055de93ac610f051f33306d9,av2,4,spec277.tlsf,experiments/results-aurus-curves/aurus_round-robin-arbiter-aurus_seed04/accumulated/spec277.tlsf,1
round-robin-arbiter-aurus,297c022047c66f28def5a6cbe8d347f0,av2,9,spec492.tlsf,experiments/results-aurus-curves/aurus_round-robin-arbiter-aurus_seed09/accumulated/spec492.tlsf,1
round-robin-arbiter-aurus,29876f8654d539cf08e76be6b3e128ab,av3,29,spec319.tlsf,experiments/results-aurus-curves/aurus_round-robin-arbiter-aurus_seed29/accumulated/spec319.tlsf,1
round-robin-arbiter-aurus,29e16a629859c2b90a549aeb6701618d,av2,0,spec19.tlsf,experiments/results-aurus-curves/aurus_round-robin-arbiter-aurus_seed00/accumulated/spec19.tlsf,1
round-robin-arbiter-aurus,29f2cf6fd4f5702c493ed8d468470dab,av2,14,spec515.tlsf,experiments/results-aurus-curves/aurus_round-robin-arbiter-aurus_seed14/accumulated/spec515.tlsf,1
round-robin-arbiter-aurus,29fd206882d4e0da7ae98a23010505b9,av2,9,spec153.tlsf,experiments/results-aurus-curves/aurus_round-robin-arbiter-aurus_seed09/accumulated/spec153.tlsf,1
round-robin-arbiter-aurus,2a35bbc66cccc115db7a6015db082516,av3,22,spec638.tlsf,experiments/results-aurus-curves/aurus_round-robin-arbiter-aurus_seed22/accumulated/spec638.tlsf,1
round-robin-arbiter-aurus,2a3f0fb358b72aa74d3d10f57d18b741,av3,17,spec297.tlsf,experiments/results-aurus-curves/aurus_round-robin-arbiter-aurus_seed17/accumulated/spec297.tlsf,1
round-robin-arbiter-aurus,2aa5afe315a976f6a66d4e959140cb97,av2,0,spec102.tlsf,experiments/results-aurus-curves/aurus_round-robin-arbiter-aurus_seed00/accumulated/spec102.tlsf,1
round-robin-arbiter-aurus,2af2a8db37eae3b7a81b66bb2299928d,av3,21,spec181.tlsf,experiments/results-aurus-curves/aurus_round-robin-arbiter-aurus_seed21/accumulated/spec181.tlsf,1
round-robin-arbiter-aurus,2b24a1d5ac8b9107b427f263b4f165d3,av2,5,spec67.tlsf,experiments/results-aurus-curves/aurus_round-robin-arbiter-aurus_seed05/accumulated/spec67.tlsf,1
round-robin-arbiter-aurus,2b818d560fe113bbf77d5feea52f38b3,av3,27,spec64.tlsf,experiments/results-aurus-curves/aurus_round-robin-arbiter-aurus_seed27/accumulated/spec64.tlsf,1
round-robin-arbiter-aurus,2bc903c6e3c400ef24ff3611b75ca5d1,av2,0,spec505.tlsf,experiments/results-aurus-curves/aurus_round-robin-arbiter-aurus_seed00/accumulated/spec505.tlsf,1
round-robin-arbiter-aurus,2be274e2e57ddba3d1de91fa953f526f,av2,8,spec513.tlsf,experiments/results-aurus-curves/aurus_round-robin-arbiter-aurus_seed08/accumulated/spec513.tlsf,1
round-robin-arbiter-aurus,2c21d2e8ef00e556d7a020f8e5d63cbc,av2,9,spec93.tlsf,experiments/results-aurus-curves/aurus_round-robin-arbiter-aurus_seed09/accumulated/spec93.tlsf,1
round-robin-arbiter-aurus,2c3049210877ddfb5ce1ea4296bb8d8e,av2,1,spec131.tlsf,experiments/results-aurus-curves/aurus_round-robin-arbiter-aurus_seed01/accumulated/spec131.tlsf,1
round-robin-arbiter-aurus,2c54978ec17db9f04e85f276eadb2cdd,av2,5,spec420.tlsf,experiments/results-aurus-curves/aurus_round-robin-arbiter-aurus_seed05/accumulated/spec420.tlsf,1
round-robin-arbiter-aurus,2cb90531de8363b6d4fd6dfa042a6edf,av2,12,spec298.tlsf,experiments/results-aurus-curves/aurus_round-robin-arbiter-aurus_seed12/accumulated/spec298.tlsf,1
round-robin-arbiter-aurus,2cea99540d567e9bdbab5ee37b11b918,av3,15,spec416.tlsf,experiments/results-aurus-curves/aurus_round-robin-arbiter-aurus_seed15/accumulated/spec416.tlsf,1
round-robin-arbiter-aurus,2dbd0d3d955b4daa68f66c9f5875fa73,av2,6,spec466.tlsf,experiments/results-aurus-curves/aurus_round-robin-arbiter-aurus_seed06/accumulated/spec466.tlsf,1
round-robin-arbiter-aurus,2e73ab0901b964ff83f01b165c34d460,av2,11,spec44.tlsf,experiments/results-aurus-curves/aurus_round-robin-arbiter-aurus_seed11/accumulated/spec44.tlsf,1
round-robin-arbiter-aurus,2ea19ab40da1a3173286522be9120b1b,av2,8,spec318.tlsf,experiments/results-aurus-curves/aurus_round-robin-arbiter-aurus_seed08/accumulated/spec318.tlsf,1
round-robin-arbiter-aurus,2f22f57ad2741997fabaf86de11a883c,av2,1,spec552.tlsf,experiments/results-aurus-curves/aurus_round-robin-arbiter-aurus_seed01/accumulated/spec552.tlsf,1
round-robin-arbiter-aurus,2f5110a72a81b016e72f813907f8d574,av2,8,spec319.tlsf,experiments/results-aurus-curves/aurus_round-robin-arbiter-aurus_seed08/accumulated/spec319.tlsf,1
round-robin-arbiter-aurus,2ff905e674fa629b5e2f2e3848cfa740,av3,25,spec258.tlsf,experiments/results-aurus-curves/aurus_round-robin-arbiter-aurus_seed25/accumulated/spec258.tlsf,1
round-robin-arbiter-aurus,2fff4a09376945ba13d204ffde8b8512,av3,26,spec572.tlsf,experiments/results-aurus-curves/aurus_round-robin-arbiter-aurus_seed26/accumulated/spec572.tlsf,1
round-robin-arbiter-aurus,300509304d6eceb675487e01cde1d2da,av2,0,spec497.tlsf,experiments/results-aurus-curves/aurus_round-robin-arbiter-aurus_seed00/accumulated/spec497.tlsf,1
round-robin-arbiter-aurus,3024717d9ec885319552d3debcc94585,av3,25,spec315.tlsf,experiments/results-aurus-curves/aurus_round-robin-arbiter-aurus_seed25/accumulated/spec315.tlsf,1
round-robin-arbiter-aurus,30589f183e72746e13c59256122f20f4,av2,0,spec344.tlsf,experiments/results-aurus-curves/aurus_round-robin-arbiter-aurus_seed00/accumulated/spec344.tlsf,1
round-robin-arbiter-aurus,305be9abe71b0780f9f8b0984f05a69f,av3,27,spec215.tlsf,experiments/results-aurus-curves/aurus_round-robin-arbiter-aurus_seed27/accumulated/spec215.tlsf,1
round-robin-arbiter-aurus,307a87115b0166b3ee1f163e1c29a91c,av3,25,spec394.tlsf,experiments/results-aurus-curves/aurus_round-robin-arbiter-aurus_seed25/accumulated/spec394.tlsf,1
round-robin-arbiter-aurus,30980a4273b077518350cef7cb1e75ad,av3,29,spec557.tlsf,experiments/results-aurus-curves/aurus_round-robin-arbiter-aurus_seed29/accumulated/spec557.tlsf,1
round-robin-arbiter-aurus,31347c45a888f5352e7f0d8beac38c1d,av3,16,spec357.tlsf,experiments/results-aurus-curves/aurus_round-robin-arbiter-aurus_seed16/accumulated/spec357.tlsf,1
round-robin-arbiter-aurus,314695bd790527053672e7f99dcaec42,av2,0,spec533.tlsf,experiments/results-aurus-curves/aurus_round-robin-arbiter-aurus_seed00/accumulated/spec533.tlsf,1
round-robin-arbiter-aurus,316e3ff9e277a3ebf6d7535b238660ef,av3,16,spec295.tlsf,experiments/results-aurus-curves/aurus_round-robin-arbiter-aurus_seed16/accumulated/spec295.tlsf,1
round-robin-arbiter-aurus,31751e45842cd97b1d5ea5d4a0c7badf,av3,22,spec557.tlsf,experiments/results-aurus-curves/aurus_round-robin-arbiter-aurus_seed22/accumulated/spec557.tlsf,1
round-robin-arbiter-aurus,317aed9ac4444d58476e2627defff6b8,av2,7,spec155.tlsf,experiments/results-aurus-curves/aurus_round-robin-arbiter-aurus_seed07/accumulated/spec155.tlsf,1
round-robin-arbiter-aurus,31ca6cded66a84d5735eeeb11ed89cec,av3,16,spec115.tlsf,experiments/results-aurus-curves/aurus_round-robin-arbiter-aurus_seed16/accumulated/spec115.tlsf,1
round-robin-arbiter-aurus,31cbfa443f0e755b94b9201826262713,av3,16,spec553.tlsf,experiments/results-aurus-curves/aurus_round-robin-arbiter-aurus_seed16/accumulated/spec553.tlsf,1
round-robin-arbiter-aurus,32e104a6c833b2fef60a0892e333ef0e,av2,1,spec222.tlsf,experiments/results-aurus-curves/aurus_round-robin-arbiter-aurus_seed01/accumulated/spec222.tlsf,1
round-robin-arbiter-aurus,32f1b070a09e1d0f1f570c087584d7a7,av3,23,spec365.tlsf,experiments/results-aurus-curves/aurus_round-robin-arbiter-aurus_seed23/accumulated/spec365.tlsf,1
round-robin-arbiter-aurus,33d39b47ee1eb179add9b6f104ccf9d4,av3,21,spec380.tlsf,experiments/results-aurus-curves/aurus_round-robin-arbiter-aurus_seed21/accumulated/spec380.tlsf,1
round-robin-arbiter-aurus,33f0014718bd9de4f75487be89da6e82,av3,22,spec78.tlsf,experiments/results-aurus-curves/aurus_round-robin-arbiter-aurus_seed22/accumulated/spec78.tlsf,1
round-robin-arbiter-aurus,33f79750736e9569f5fe2bd5961ad102,av3,16,spec316.tlsf,experiments/results-aurus-curves/aurus_round-robin-arbiter-aurus_seed16/accumulated/spec316.tlsf,1
round-robin-arbiter-aurus,34043a8d2359707dca0da1e63538736f,av3,25,spec89.tlsf,experiments/results-aurus-curves/aurus_round-robin-arbiter-aurus_seed25/accumulated/spec89.tlsf,1
round-robin-arbiter-aurus,3424809c9d810d3415b8d5b2a53d5575,av3,27,spec248.tlsf,experiments/results-aurus-curves/aurus_round-robin-arbiter-aurus_seed27/accumulated/spec248.tlsf,1
round-robin-arbiter-aurus,34532ea89099cfeb10b7d5ba4c77bb69,av3,21,spec161.tlsf,experiments/results-aurus-curves/aurus_round-robin-arbiter-aurus_seed21/accumulated/spec161.tlsf,1
round-robin-arbiter-aurus,3493811b3c982c0724881ee52680b0f6,av3,26,spec527.tlsf,experiments/results-aurus-curves/aurus_round-robin-arbiter-aurus_seed26/accumulated/spec527.tlsf,1
round-robin-arbiter-aurus,3496b345982e9ba71e4c67eff46c0ed4,av3,27,spec166.tlsf,experiments/results-aurus-curves/aurus_round-robin-arbiter-aurus_seed27/accumulated/spec166.tlsf,1
round-robin-arbiter-aurus,349f6907d29eb3eab40f17fe9aeec072,av2,5,spec211.tlsf,experiments/results-aurus-curves/aurus_round-robin-arbiter-aurus_seed05/accumulated/spec211.tlsf,1
round-robin-arbiter-aurus,34c667930e416b08b62d1c5f7bca4afd,av2,6,spec196.tlsf,experiments/results-aurus-curves/aurus_round-robin-arbiter-aurus_seed06/accumulated/spec196.tlsf,1
round-robin-arbiter-aurus,35f269f6cbbc657c8fcd0920665eb90c,av3,25,spec309.tlsf,experiments/results-aurus-curves/aurus_round-robin-arbiter-aurus_seed25/accumulated/spec309.tlsf,1
round-robin-arbiter-aurus,36129e3d035ecda8ef0a30b8ebcbe349,av2,2,spec193.tlsf,experiments/results-aurus-curves/aurus_round-robin-arbiter-aurus_seed02/accumulated/spec193.tlsf,1
round-robin-arbiter-aurus,362025ce71f1c3d59247aa1c7ebf7599,av2,0,spec347.tlsf,experiments/results-aurus-curves/aurus_round-robin-arbiter-aurus_seed00/accumulated/spec347.tlsf,1
round-robin-arbiter-aurus,3629f67d6f07722d4fd9f257badbe613,av3,22,spec610.tlsf,experiments/results-aurus-curves/aurus_round-robin-arbiter-aurus_seed22/accumulated/spec610.tlsf,1
round-robin-arbiter-aurus,362c703a622ce71473c07eb3f76a3599,av3,19,spec127.tlsf,experiments/results-aurus-curves/aurus_round-robin-arbiter-aurus_seed19/accumulated/spec127.tlsf,1
round-robin-arbiter-aurus,362e0e03127f9203bf293281c9e365df,av2,11,spec543.tlsf,experiments/results-aurus-curves/aurus_round-robin-arbiter-aurus_seed11/accumulated/spec543.tlsf,1
round-robin-arbiter-aurus,364d05bc20a7bc8c9453776bff8c52d1,av3,22,spec310.tlsf,experiments/results-aurus-curves/aurus_round-robin-arbiter-aurus_seed22/accumulated/spec310.tlsf,1
round-robin-arbiter-aurus,366aec14722eeff8dfc3f76bd6fff90b,av2,1,spec364.tlsf,experiments/results-aurus-curves/aurus_round-robin-arbiter-aurus_seed01/accumulated/spec364.tlsf,1
round-robin-arbiter-aurus,36e88c3f026508bbedb622cc3a0596c2,av3,22,spec126.tlsf,experiments/results-aurus-curves/aurus_round-robin-arbiter-aurus_seed22/accumulated/spec126.tlsf,1
round-robin-arbiter-aurus,3703714c7f2607b9c961a7a4f5f9a15a,av2,10,spec537.tlsf,experiments/results-aurus-curves/aurus_round-robin-arbiter-aurus_seed10/accumulated/spec537.tlsf,1
round-robin-arbiter-aurus,37144d617dfe3540907757218a9f7e8a,av2,4,spec350.tlsf,experiments/results-aurus-curves/aurus_round-robin-arbiter-aurus_seed04/accumulated/spec350.tlsf,1
round-robin-arbiter-aurus,371c343e3eee45f8dcfc7162a5c23263,av3,27,spec530.tlsf,experiments/results-aurus-curves/aurus_round-robin-arbiter-aurus_seed27/accumulated/spec530.tlsf,1
round-robin-arbiter-aurus,37af8359e3228d768e48e99fc0ad78d8,av2,1,spec720.tlsf,experiments/results-aurus-curves/aurus_round-robin-arbiter-aurus_seed01/accumulated/spec720.tlsf,1
round-robin-arbiter-aurus,37bba251cb34848d9603b0e0c5a9d897,av3,25,spec149.tlsf,experiments/results-aurus-curves/aurus_round-robin-arbiter-aurus_seed25/accumulated/spec149.tlsf,1
round-robin-arbiter-aurus,388d791e0f73877657df8db0d1adc685,av3,22,spec511.tlsf,experiments/results-aurus-curves/aurus_round-robin-arbiter-aurus_seed22/accumulated/spec511.tlsf,1
round-robin-arbiter-aurus,389ff98e8e98d455faf48784b7ad15e5,av3,21,spec108.tlsf,experiments/results-aurus-curves/aurus_round-robin-arbiter-aurus_seed21/accumulated/spec108.tlsf,1
round-robin-arbiter-aurus,390899f54990413e0bfefa2bd85a61fe,av3,24,spec388.tlsf,experiments/results-aurus-curves/aurus_round-robin-arbiter-aurus_seed24/accumulated/spec388.tlsf,1
round-robin-arbiter-aurus,3926c61844bf815b95724b215e59a1d4,av3,15,spec641.tlsf,experiments/results-aurus-curves/aurus_round-robin-arbiter-aurus_seed15/accumulated/spec641.tlsf,1
round-robin-arbiter-aurus,398940aa5e4d342feed3c91ef26846ab,av3,28,spec68.tlsf,experiments/results-aurus-curves/aurus_round-robin-arbiter-aurus_seed28/accumulated/spec68.tlsf,1
round-robin-arbiter-aurus,3a11af52eb9d675eb1a5c236db31333b,av3,22,spec533.tlsf,experiments/results-aurus-curves/aurus_round-robin-arbiter-aurus_seed22/accumulated/spec533.tlsf,2
round-robin-arbiter-aurus,3a1f295a48f3ff928b8c58f51523b578,av3,21,spec526.tlsf,experiments/results-aurus-curves/aurus_round-robin-arbiter-aurus_seed21/accumulated/spec526.tlsf,1
round-robin-arbiter-aurus,3a6fede39a64a9486e137c8bffdaf8a8,av3,16,spec146.tlsf,experiments/results-aurus-curves/aurus_round-robin-arbiter-aurus_seed16/accumulated/spec146.tlsf,1
round-robin-arbiter-aurus,3a839f36f3f52f544efe9c0f7ec8512a,av2,0,spec591.tlsf,experiments/results-aurus-curves/aurus_round-robin-arbiter-aurus_seed00/accumulated/spec591.tlsf,1
round-robin-arbiter-aurus,3b0bbeb42e672322b7bf2cfd664ed747,av3,27,spec476.tlsf,experiments/results-aurus-curves/aurus_round-robin-arbiter-aurus_seed27/accumulated/spec476.tlsf,1
round-robin-arbiter-aurus,3b82a30a1c116a2379fdf7acefa08c28,av3,16,spec489.tlsf,experiments/results-aurus-curves/aurus_round-robin-arbiter-aurus_seed16/accumulated/spec489.tlsf,1
round-robin-arbiter-aurus,3bf5915e475e23973551efede027d3ab,av2,13,spec346.tlsf,experiments/results-aurus-curves/aurus_round-robin-arbiter-aurus_seed13/accumulated/spec346.tlsf,1
round-robin-arbiter-aurus,3c604cd9b8cb6eb6b22e072cf2326135,av2,10,spec62.tlsf,experiments/results-aurus-curves/aurus_round-robin-arbiter-aurus_seed10/accumulated/spec62.tlsf,1
round-robin-arbiter-aurus,3c783d04296b9d49b7cb17fde58b19b4,av3,26,spec225.tlsf,experiments/results-aurus-curves/aurus_round-robin-arbiter-aurus_seed26/accumulated/spec225.tlsf,1
round-robin-arbiter-aurus,3cd5fd0ca856ba61f3f4df139ebb9087,av3,18,spec95.tlsf,experiments/results-aurus-curves/aurus_round-robin-arbiter-aurus_seed18/accumulated/spec95.tlsf,1
round-robin-arbiter-aurus,3cea9269d63f0080c21723e586f3e0ff,av3,27,spec383.tlsf,experiments/results-aurus-curves/aurus_round-robin-arbiter-aurus_seed27/accumulated/spec383.tlsf,1
round-robin-arbiter-aurus,3d0c701b4b4e5f4f173390790ebf18d9,av3,24,spec77.tlsf,experiments/results-aurus-curves/aurus_round-robin-arbiter-aurus_seed24/accumulated/spec77.tlsf,1
round-robin-arbiter-aurus,3d47ebe449af0166d79567bc0d97224c,av2,3,spec553.tlsf,experiments/results-aurus-curves/aurus_round-robin-arbiter-aurus_seed03/accumulated/spec553.tlsf,1
round-robin-arbiter-aurus,3d5573dcb121e3f330460b88113201f5,av3,20,spec538.tlsf,experiments/results-aurus-curves/aurus_round-robin-arbiter-aurus_seed20/accumulated/spec538.tlsf,1
round-robin-arbiter-aurus,3d787c6b200726c7aee64d0782a0c67e,av2,1,spec164.tlsf,experiments/results-aurus-curves/aurus_round-robin-arbiter-aurus_seed01/accumulated/spec164.tlsf,1
round-robin-arbiter-aurus,3d86ef18f47c4be120c230613f09ffac,av3,27,spec370.tlsf,experiments/results-aurus-curves/aurus_round-robin-arbiter-aurus_seed27/accumulated/spec370.tlsf,1
round-robin-arbiter-aurus,3e1c025dbe116e3adecfd6f6ddf7e29c,av3,25,spec139.tlsf,experiments/results-aurus-curves/aurus_round-robin-arbiter-aurus_seed25/accumulated/spec139.tlsf,1
round-robin-arbiter-aurus,3e4717fab47e16b09def64fe6342858f,av3,23,spec476.tlsf,experiments/results-aurus-curves/aurus_round-robin-arbiter-aurus_seed23/accumulated/spec476.tlsf,1
round-robin-arbiter-aurus,3e7554f25ff243d52027ba1f2d628d79,av2,9,spec336.tlsf,experiments/results-aurus-curves/aurus_round-robin-arbiter-aurus_seed09/accumulated/spec336.tlsf,1
round-robin-arbiter-aurus,3e9d4ea6a69e002bfdccfcdfdf3e0b07,av2,9,spec168.tlsf,experiments/results-aurus-curves/aurus_round-robin-arbiter-aurus_seed09/accumulated/spec168.tlsf,1
round-robin-arbiter-aurus,3ebb042a60b60a2c84ded266f3841713,av3,15,spec608.tlsf,experiments/results-aurus-curves/aurus_round-robin-arbiter-aurus_seed15/accumulated/spec608.tlsf,1
round-robin-arbiter-aurus,3f3827bb8da2eae1b2129265c5fda283,av3,22,spec183.tlsf,experiments/results-aurus-curves/aurus_round-robin-arbiter-aurus_seed22/accumulated/spec183.tlsf,1
round-robin-arbiter-aurus,3fc884e85f8c4001d34f4b78022cde9f,av2,8,spec151.tlsf,experiments/results-aurus-curves/aurus_round-robin-arbiter-aurus_seed08/accumulated/spec151.tlsf,1
round-robin-arbiter-aurus,3ffee96fc12fd0841636ed835f86be3a,av3,16,spec206.tlsf,experiments/results-aurus-curves/aurus_round-robin-arbiter-aurus_seed16/accumulated/spec206.tlsf,1
round-robin-arbiter-aurus,406826da3d57d3d73b3e63d846f067b4,av3,22,spec399.tlsf,experiments/results-aurus-curves/aurus_round-robin-arbiter-aurus_seed22/accumulated/spec399.tlsf,1
round-robin-arbiter-aurus,40867fea79b37d807ae59cc96cba09cf,av2,2,spec512.tlsf,experiments/results-aurus-curves/aurus_round-robin-arbiter-aurus_seed02/accumulated/spec512.tlsf,1
round-robin-arbiter-aurus,4095f57c36c768fac92cd20f8872652a,av2,10,spec134.tlsf,experiments/results-aurus-curves/aurus_round-robin-arbiter-aurus_seed10/accumulated/spec134.tlsf,1
round-robin-arbiter-aurus,40b5911eba842ce9ae03f380f5f873b6,av3,23,spec569.tlsf,experiments/results-aurus-curves/aurus_round-robin-arbiter-aurus_seed23/accumulated/spec569.tlsf,1
round-robin-arbiter-aurus,40d203794620e9ef9e5b6f3dcdb6c0b3,av3,22,spec501.tlsf,experiments/results-aurus-curves/aurus_round-robin-arbiter-aurus_seed22/accumulated/spec501.tlsf,1
round-robin-arbiter-aurus,41e1c5f240f45bf3a457b64b7b1ea0b5,av3,25,spec64.tlsf,experiments/results-aurus-curves/aurus_round-robin-arbiter-aurus_seed25/accumulated/spec64.tlsf,1
round-robin-arbiter-aurus,4325a6154d997296e1d3f0ed88fe3cfa,av3,15,spec171.tlsf,experiments/results-aurus-curves/aurus_round-robin-arbiter-aurus_seed15/accumulated/spec171.tlsf,1
round-robin-arbiter-aurus,434008b63ad664829d81273ecf3a171b,av3,18,spec332.tlsf,experiments/results-aurus-curves/aurus_round-robin-arbiter-aurus_seed18/accumulated/spec332.tlsf,1
round-robin-arbiter-aurus,4364dc1c9df81631954d929e53e77d40,av3,17,spec279.tlsf,experiments/results-aurus-curves/aurus_round-robin-arbiter-aurus_seed17/accumulated/spec279.tlsf,1
round-robin-arbiter-aurus,4388e33bc2965ee6f762498b564d9839,av2,3,spec405.tlsf,experiments/results-aurus-curves/aurus_round-robin-arbiter-aurus_seed03/accumulated/spec405.tlsf,1
round-robin-arbiter-aurus,438ae9fd4b10d39b1f6c42902f5ce9be,av3,27,spec421.tlsf,experiments/results-aurus-curves/aurus_round-robin-arbiter-aurus_seed27/accumulated/spec421.tlsf,1
round-robin-arbiter-aurus,43926cd295cb9ea5fa3104438ebbbf2c,av3,25,spec20.tlsf,experiments/results-aurus-curves/aurus_round-robin-arbiter-aurus_seed25/accumulated/spec20.tlsf,1
round-robin-arbiter-aurus,43964479285f0c6063704e5aa8955a94,av3,27,spec233.tlsf,experiments/results-aurus-curves/aurus_round-robin-arbiter-aurus_seed27/accumulated/spec233.tlsf,1
round-robin-arbiter-aurus,44872a70748f3a5c8d94acd8f686d966,av2,12,spec534.tlsf,experiments/results-aurus-curves/aurus_round-robin-arbiter-aurus_seed12/accumulated/spec534.tlsf,1
round-robin-arbiter-aurus,45b7f6e2ae661fa73debfe82a7cb0645,av2,3,spec532.tlsf,experiments/results-aurus-curves/aurus_round-robin-arbiter-aurus_seed03/accumulated/spec532.tlsf,1
round-robin-arbiter-aurus,45e0ffbb15c3f91e71940512acb34dc5,av3,23,spec557.tlsf,experiments/results-aurus-curves/aurus_round-robin-arbiter-aurus_seed23/accumulated/spec557.tlsf,1
round-robin-arbiter-aurus,45f7f337262fa0599b5c4792eec5a074,av2,6,spec301.tlsf,experiments/results-aurus-curves/aurus_round-robin-arbiter-aurus_seed06/accumulated/spec301.tlsf,1
round-robin-arbiter-aurus,4614dc60293b5faa8c8d4364b1cd7e80,av2,0,spec322.tlsf,experiments/results-aurus-curves/aurus_round-robin-arbiter-aurus_seed00/accumulated/spec322.tlsf,1
round-robin-arbiter-aurus,4616d643c4ccc3c89b8cb53d9dd06c80,av3,23,spec354.tlsf,experiments/results-aurus-curves/aurus_round-robin-arbiter-aurus_seed23/accumulated/spec354.tlsf,1
round-robin-arbiter-aurus,461a8195a3e36daa351e9ecf79655d4b,av3,16,spec349.tlsf,experiments/results-aurus-curves/aurus_round-robin-arbiter-aurus_seed16/accumulated/spec349.tlsf,1
round-robin-arbiter-aurus,4663c9f539ccf2119c0544db8eb2a8bf,av3,28,spec36.tlsf,experiments/results-aurus-curves/aurus_round-robin-arbiter-aurus_seed28/accumulated/spec36.tlsf,1
round-robin-arbiter-aurus,4686ee71c099e81beb33f21486c8bbef,av3,16,spec430.tlsf,experiments/results-aurus-curves/aurus_round-robin-arbiter-aurus_seed16/accumulated/spec430.tlsf,1
round-robin-arbiter-aurus,46cd5784f5c48e160bec5e61e2a9929b,av3,21,spec166.tlsf,experiments/results-aurus-curves/aurus_round-robin-arbiter-aurus_seed21/accumulated/spec166.tlsf,1
round-robin-arbiter-aurus,46de16f7be52c6a30f28102d1a38f3c5,av3,26,spec524.tlsf,experiments/results-aurus-curves/aurus_round-robin-arbiter-aurus_seed26/accumulated/spec524.tlsf,1
round-robin-arbiter-aurus,47849206384dd354b402e4cf09975953,av2,2,spec562.tlsf,experiments/results-aurus-curves/aurus_round-robin-arbiter-aurus_seed02/accumulated/spec562.tlsf,1
round-robin-arbiter-aurus,478924347dc1580cb00dd8360e98b342,av2,13,spec131.tlsf,experiments/results-aurus-curves/aurus_round-robin-arbiter-aurus_seed13/accumulated/spec131.tlsf,1
round-robin-arbiter-aurus,4824022dbb0393e826afd7512d64e07f,av2,10,spec332.tlsf,experiments/results-aurus-curves/aurus_round-robin-arbiter-aurus_seed10/accumulated/spec332.tlsf,1
round-robin-arbiter-aurus,4836d8f4ee434b8e99bff19fb31dab43,av3,25,spec138.tlsf,experiments/results-aurus-curves/aurus_round-robin-arbiter-aurus_seed25/accumulated/spec138.tlsf,1
round-robin-arbiter-aurus,4840f9fb1ff0966d62b1f5f9f73f081b,av3,20,spec526.tlsf,experiments/results-aurus-curves/aurus_round-robin-arbiter-aurus_seed20/accumulated/spec526.tlsf,1
round-robin-arbiter-aurus,484564c02e93c30e92b01bb4cf8dcb76,av2,11,spec276.tlsf,experiments/results-aurus-curves/aurus_round-robin-arbiter-aurus_seed11/accumulated/spec276.tlsf,1
round-robin-arbiter-aurus,484c24f02665173a55644d7df9587861,av3,20,spec270.tlsf,experiments/results-aurus-curves/aurus_round-robin-arbiter-aurus_seed20/accumulated/spec270.tlsf,1
round-robin-arbiter-aurus,486b004a8179ae1a8b6a653fa0a56755,av2,14,spec235.tlsf,experiments/results-aurus-curves/aurus_round-robin-arbiter-aurus_seed14/accumulated/spec235.tlsf,1
round-robin-arbiter-aurus,48765b7f97884cc7f301df0d6c0578a0,av2,7,spec100.tlsf,experiments/results-aurus-curves/aurus_round-robin-arbiter-aurus_seed07/accumulated/spec100.tlsf,1
round-robin-arbiter-aurus,487b4d4c25fa10f991dbf47271bda02d,av3,15,spec118.tlsf,experiments/results-aurus-curves/aurus_round-robin-arbiter-aurus_seed15/accumulated/spec118.tlsf,1
round-robin-arbiter-aurus,49a97b3e5946069702a737169b2e7537,av3,26,spec588.tlsf,experiments/results-aurus-curves/aurus_round-robin-arbiter-aurus_seed26/accumulated/spec588.tlsf,1
round-robin-arbiter-aurus,49bcc46a6def15b0271ddf599d6ccf58,av3,17,spec404.tlsf,experiments/results-aurus-curves/aurus_round-robin-arbiter-aurus_seed17/accumulated/spec404.tlsf,1
round-robin-arbiter-aurus,49feb073d12a0e95c3f66e54eb68b7cc,av2,1,spec171.tlsf,experiments/results-aurus-curves/aurus_round-robin-arbiter-aurus_seed01/accumulated/spec171.tlsf,1
round-robin-arbiter-aurus,4a10271def02c2c895c70697ea68b4b3,av2,8,spec305.tlsf,experiments/results-aurus-curves/aurus_round-robin-arbiter-aurus_seed08/accumulated/spec305.tlsf,1
round-robin-arbiter-aurus,4a1e9039bb8675d229932e4e5e2abeb8,av2,9,spec313.tlsf,experiments/results-aurus-curves/aurus_round-robin-arbiter-aurus_seed09/accumulated/spec313.tlsf,1
round-robin-arbiter-aurus,4a1ecbfaedf81143597192b5b3ef1bd6,av2,0,spec148.tlsf,experiments/results-aurus-curves/aurus_round-robin-arbiter-aurus_seed00/accumulated/spec148.tlsf,1
round-robin-arbiter-aurus,4a227a63768794ab8ee1f778b9798b22,av2,5,spec115.tlsf,experiments/results-aurus-curves/aurus_round-robin-arbiter-aurus_seed05/accumulated/spec115.tlsf,1
round-robin-arbiter-aurus,4a2743ea5c4127573d3b2d590c4a54a8,av3,17,spec275.tlsf,experiments/results-aurus-curves/aurus_round-robin-arbiter-aurus_seed17/accumulated/spec275.tlsf,1
round-robin-arbiter-aurus,4a5ccc596cd6212a2efb2924c1b93990,av2,5,spec121.tlsf,experiments/results-aurus-curves/aurus_round-robin-arbiter-aurus_seed05/accumulated/spec121.tlsf,1
round-robin-arbiter-aurus,4a665b9d4f50bbaf7e07fd88ca8ff813,av3,28,spec303.tlsf,experiments/results-aurus-curves/aurus_round-robin-arbiter-aurus_seed28/accumulated/spec303.tlsf,1
round-robin-arbiter-aurus,4a831b8be86101f973c5cf13ec0ba821,av3,15,spec527.tlsf,experiments/results-aurus-curves/aurus_round-robin-arbiter-aurus_seed15/accumulated/spec527.tlsf,1
round-robin-arbiter-aurus,4aa87f29994d167bf2da57ea4acfad8d,av3,25,spec155.tlsf,experiments/results-aurus-curves/aurus_round-robin-arbiter-aurus_seed25/accumulated/spec155.tlsf,1
round-robin-arbiter-aurus,4c054156a13b813d046fa18f0fcbe6f8,av3,19,spec331.tlsf,experiments/results-aurus-curves/aurus_round-robin-arbiter-aurus_seed19/accumulated/spec331.tlsf,1
round-robin-arbiter-aurus,4c354df6c47d53dc49cc2ffa6b732928,av2,13,spec179.tlsf,experiments/results-aurus-curves/aurus_round-robin-arbiter-aurus_seed13/accumulated/spec179.tlsf,1
round-robin-arbiter-aurus,4c85b729febd23e2109ef9459352f914,av3,21,spec464.tlsf,experiments/results-aurus-curves/aurus_round-robin-arbiter-aurus_seed21/accumulated/spec464.tlsf,1
round-robin-arbiter-aurus,4ca0b70b4227ad359e86252e30000196,av3,21,spec350.tlsf,experiments/results-aurus-curves/aurus_round-robin-arbiter-aurus_seed21/accumulated/spec350.tlsf,1
round-robin-arbiter-aurus,4cd12a61e3536cff793085f8602e639e,av3,25,spec202.tlsf,experiments/results-aurus-curves/aurus_round-robin-arbiter-aurus_seed25/accumulated/spec202.tlsf,1
round-robin-arbiter-aurus,4d03666d340cb3942fbc5a1bd2d92173,av2,0,spec275.tlsf,experiments/results-aurus-curves/aurus_round-robin-arbiter-aurus_seed00/accumulated/spec275.tlsf,1
round-robin-arbiter-aurus,4d0eba2f76afc386eb4d36cb9b87fa76,av3,17,spec105.tlsf,experiments/results-aurus-curves/aurus_round-robin-arbiter-aurus_seed17/accumulated/spec105.tlsf,1
round-robin-arbiter-aurus,4d66f53c83db9cee37309eb175cafb76,av2,10,spec569.tlsf,experiments/results-aurus-curves/aurus_round-robin-arbiter-aurus_seed10/accumulated/spec569.tlsf,2
round-robin-arbiter-aurus,4e192a6f00e6c1ec208d13d998b81fe4,av3,20,spec360.tlsf,experiments/results-aurus-curves/aurus_round-robin-arbiter-aurus_seed20/accumulated/spec360.tlsf,1
round-robin-arbiter-aurus,4e21f4dc3f9760d00407dd56ef634fc6,av3,27,spec90.tlsf,experiments/results-aurus-curves/aurus_round-robin-arbiter-aurus_seed27/accumulated/spec90.tlsf,1
round-robin-arbiter-aurus,4e5a28348a0a0ef1549dfd30ff1a577a,av2,3,spec296.tlsf,experiments/results-aurus-curves/aurus_round-robin-arbiter-aurus_seed03/accumulated/spec296.tlsf,1
round-robin-arbiter-aurus,4eab094858b317a7e64017bfd3e00dcb,av3,20,spec148.tlsf,experiments/results-aurus-curves/aurus_round-robin-arbiter-aurus_seed20/accumulated/spec148.tlsf,1
round-robin-arbiter-aurus,4ee82f7f00cd39c4076cd23885e67e87,av3,15,spec341.tlsf,experiments/results-aurus-curves/aurus_round-robin-arbiter-aurus_seed15/accumulated/spec341.tlsf,1
round-robin-arbiter-aurus,4f13d92b6ef29955e6ac5154425de8f7,av3,17,spec457.tlsf,experiments/results-aurus-curves/aurus_round-robin-arbiter-aurus_seed17/accumulated/spec457.tlsf,1
round-robin-arbiter-aurus,4fae352c25abb6f8156f47c834417f26,av2,8,spec300.tlsf,experiments/results-aurus-curves/aurus_round-robin-arbiter-aurus_seed08/accumulated/spec300.tlsf,1
round-robin-arbiter-aurus,4fe3748f37ee134d09c336a11c3a2f72,av2,6,spec256.tlsf,experiments/results-aurus-curves/aurus_round-robin-arbiter-aurus_seed06/accumulated/spec256.tlsf,1
round-robin-arbiter-aurus,5026773cd4522d5b06b2c81ece5c54ce,av3,19,spec330.tlsf,experiments/results-aurus-curves/aurus_round-robin-arbiter-aurus_seed19/accumulated/spec330.tlsf,1
round-robin-arbiter-aurus,5030d5fea7723fc15ac64b73e4b212b7,av2,0,spec593.tlsf,experiments/results-aurus-curves/aurus_round-robin-arbiter-aurus_seed00/accumulated/spec593.tlsf,1
round-robin-arbiter-aurus,5090a61f22de5f5a7e560595baaa5516,av2,12,spec345.tlsf,experiments/results-aurus-curves/aurus_round-robin-arbiter-aurus_seed12/accumulated/spec345.tlsf,1
round-robin-arbiter-aurus,50a20e1f1a6c8e618deb1410632eae5c,av2,9,spec100.tlsf,experiments/results-aurus-curves/aurus_round-robin-arbiter-aurus_seed09/accumulated/spec100.tlsf,1
round-robin-arbiter-aurus,50b772d82f1192915550ddd649d5cd49,av2,1,spec559.tlsf,experiments/results-aurus-curves/aurus_round-robin-arbiter-aurus_seed01/accumulated/spec559.tlsf,1
round-robin-arbiter-aurus,50e86a77f0e2d05557128bb738933177,av2,13,spec85.tlsf,experiments/results-aurus-curves/aurus_round-robin-arbiter-aurus_seed13/accumulated/spec85.tlsf,1
round-robin-arbiter-aurus,51192329da2e70e926bf4792ce88e5d3,av2,4,spec326.tlsf,experiments/results-aurus-curves/aurus_round-robin-arbiter-aurus_seed04/accumulated/spec326.tlsf,1
round-robin-arbiter-aurus,521169ad91d7098a3add6d03b14cd812,av3,28,spec575.tlsf,experiments/results-aurus-curves/aurus_round-robin-arbiter-aurus_seed28/accumulated/spec575.tlsf,1
round-robin-arbiter-aurus,52b9717c2bcdb4ee9529a0b32c36336a,av3,28,spec123.tlsf,experiments/results-aurus-curves/aurus_round-robin-arbiter-aurus_seed28/accumulated/spec123.tlsf,1
round-robin-arbiter-aurus,52f4e9cd8d8b2405f8c2989e36d47a29,av2,14,spec190.tlsf,experiments/results-aurus-curves/aurus_round-robin-arbiter-aurus_seed14/accumulated/spec190.tlsf,1
round-robin-arbiter-aurus,5313699c31bcc771b6cced399aadeed4,av3,17,spec381.tlsf,experiments/results-aurus-curves/aurus_round-robin-arbiter-aurus_seed17/accumulated/spec381.tlsf,1
round-robin-arbiter-aurus,537288b3365131e36da929acef75a909,av3,29,spec183.tlsf,experiments/results-aurus-curves/aurus_round-robin-arbiter-aurus_seed29/accumulated/spec183.tlsf,1
round-robin-arbiter-aurus,53d475f3f4f29c1aa9d34ab5ed1757c5,av2,9,spec134.tlsf,experiments/results-aurus-curves/aurus_round-robin-arbiter-aurus_seed09/accumulated/spec134.tlsf,1
round-robin-arbiter-aurus,53ddf5820970e805e5de2f0a8fd09949,av3,25,spec528.tlsf,experiments/results-aurus-curves/aurus_round-robin-arbiter-aurus_seed25/accumulated/spec528.tlsf,1
round-robin-arbiter-aurus,54a7efe38ef5b19e33d1f1b0312c4ace,av2,10,spec358.tlsf,experiments/results-aurus-curves/aurus_round-robin-arbiter-aurus_seed10/accumulated/spec358.tlsf,1
round-robin-arbiter-aurus,550d60fb67332fa98e8d2187cca623e4,av3,18,spec420.tlsf,experiments/results-aurus-curves/aurus_round-robin-arbiter-aurus_seed18/accumulated/spec420.tlsf,1
round-robin-arbiter-aurus,557d1f028c0b0c693d0049b190f0e963,av3,23,spec515.tlsf,experiments/results-aurus-curves/aurus_round-robin-arbiter-aurus_seed23/accumulated/spec515.tlsf,1
round-robin-arbiter-aurus,5585ef9a800b6412e3d86c4abd196b82,av3,25,spec461.tlsf,experiments/results-aurus-curves/aurus_round-robin-arbiter-aurus_seed25/accumulated/spec461.tlsf,1
round-robin-arbiter-aurus,55b863ca6d0402cfcb7bcd5f07fb88a8,av3,17,spec253.tlsf,experiments/results-aurus-curves/aurus_round-robin-arbiter-aurus_seed17/accumulated/spec253.tlsf,1
round-robin-arbiter-aurus,56824c197dee566fc06e22107870b829,av3,29,spec170.tlsf,experiments/results-aurus-curves/aurus_round-robin-arbiter-aurus_seed29/accumulated/spec170.tlsf,1
round-robin-arbiter-aurus,568d4e9b33095f2cde1a369d3e6c6bbe,av3,28,spec87.tlsf,experiments/results-aurus-curves/aurus_round-robin-arbiter-aurus_seed28/accumulated/spec87.tlsf,1
round-robin-arbiter-aurus,578af1a401b3db6371559cb03fb6c807,av3,21,spec382.tlsf,experiments/results-aurus-curves/aurus_round-robin-arbiter-aurus_seed21/accumulated/spec382.tlsf,1
round-robin-arbiter-aurus,5799a2acfa81d231600d59b40673beed,av3,23,spec165.tlsf,experiments/results-aurus-curves/aurus_round-robin-arbiter-aurus_seed23/accumulated/spec165.tlsf,1
round-robin-arbiter-aurus,58cc8a2a0c007d9207921b6b1d462fa2,av2,7,spec199.tlsf,experiments/results-aurus-curves/aurus_round-robin-arbiter-aurus_seed07/accumulated/spec199.tlsf,1
round-robin-arbiter-aurus,58eb1e3515036d10e36ddb5e8ac25793,av3,17,spec518.tlsf,experiments/results-aurus-curves/aurus_round-robin-arbiter-aurus_seed17/accumulated/spec518.tlsf,1
round-robin-arbiter-aurus,58f305489fddc33d9ea2e008a163f51b,av3,21,spec33.tlsf,experiments/results-aurus-curves/aurus_round-robin-arbiter-aurus_seed21/accumulated/spec33.tlsf,1
round-robin-arbiter-aurus,58fa7455fa13c905cca828e61150cf27,av2,8,spec136.tlsf,experiments/results-aurus-curves/aurus_round-robin-arbiter-aurus_seed08/accumulated/spec136.tlsf,1
round-robin-arbiter-aurus,5a4b1cee5b8b4dc33e0445134cbabae3,av3,23,spec346.tlsf,experiments/results-aurus-curves/aurus_round-robin-arbiter-aurus_seed23/accumulated/spec346.tlsf,1
round-robin-arbiter-aurus,5a776ddebfe27e13ff0f644c9ce5acb4,av3,25,spec323.tlsf,experiments/results-aurus-curves/aurus_round-robin-arbiter-aurus_seed25/accumulated/spec323.tlsf,1
round-robin-arbiter-aurus,5a798539f6662a4a3bc87d2a3abc1505,av3,28,spec434.tlsf,experiments/results-aurus-curves/aurus_round-robin-arbiter-aurus_seed28/accumulated/spec434.tlsf,1
round-robin-arbiter-aurus,5aa44916cfa0e71baf7ab4968f516a14,av3,15,spec562.tlsf,experiments/results-aurus-curves/aurus_round-robin-arbiter-aurus_seed15/accumulated/spec562.tlsf,2
round-robin-arbiter-aurus,5ab4566498d11f4b4f17db75520dec77,av2,9,spec669.tlsf,experiments/results-aurus-curves/aurus_round-robin-arbiter-aurus_seed09/accumulated/spec669.tlsf,1
round-robin-arbiter-aurus,5b0f714738e355705772e50fd380c5d0,av2,4,spec622.tlsf,experiments/results-aurus-curves/aurus_round-robin-arbiter-aurus_seed04/accumulated/spec622.tlsf,1
round-robin-arbiter-aurus,5b4c02e438573b7703d31e9d0e09beb0,av2,13,spec569.tlsf,experiments/results-aurus-curves/aurus_round-robin-arbiter-aurus_seed13/accumulated/spec569.tlsf,1
round-robin-arbiter-aurus,5b9f95bb4606b2e2732739cad284805f,av2,10,spec270.tlsf,experiments/results-aurus-curves/aurus_round-robin-arbiter-aurus_seed10/accumulated/spec270.tlsf,1
round-robin-arbiter-aurus,5c45e1f23cab4a27eb0184ff560960e8,av2,2,spec222.tlsf,experiments/results-aurus-curves/aurus_round-robin-arbiter-aurus_seed02/accumulated/spec222.tlsf,1
round-robin-arbiter-aurus,5c7713d619d1c5456424f36d04f57a58,av3,26,spec128.tlsf,experiments/results-aurus-curves/aurus_round-robin-arbiter-aurus_seed26/accumulated/spec128.tlsf,1
round-robin-arbiter-aurus,5cdc9dced821361ad3c172a2b8817d59,av2,0,spec330.tlsf,experiments/results-aurus-curves/aurus_round-robin-arbiter-aurus_seed00/accumulated/spec330.tlsf,1
round-robin-arbiter-aurus,5d4464b65b2ae5157c79462fb12e704b,av3,15,spec542.tlsf,experiments/results-aurus-curves/aurus_round-robin-arbiter-aurus_seed15/accumulated/spec542.tlsf,1
round-robin-arbiter-aurus,5d45bf9a9f98a7220454d744bae5e22f,av3,20,spec354.tlsf,experiments/results-aurus-curves/aurus_round-robin-arbiter-aurus_seed20/accumulated/spec354.tlsf,1
round-robin-arbiter-aurus,5d8c92864bab9e70f4349d79625de1d2,av2,7,spec290.tlsf,experiments/results-aurus-curves/aurus_round-robin-arbiter-aurus_seed07/accumulated/spec290.tlsf,1
round-robin-arbiter-aurus,5dbbd641a675b91354c6ae5ab8d1298e,av3,20,spec527.tlsf,experiments/results-aurus-curves/aurus_round-robin-arbiter-aurus_seed20/accumulated/spec527.tlsf,1
round-robin-arbiter-aurus,5dc5f37f454189c17e44a0f64196fb18,av3,16,spec75.tlsf,experiments/results-aurus-curves/aurus_round-robin-arbiter-aurus_seed16/accumulated/spec75.tlsf,1
round-robin-arbiter-aurus,5e12d5c624e40b3fe8cfaf004352dd1d,av2,12,spec288.tlsf,experiments/results-aurus-curves/aurus_round-robin-arbiter-aurus_seed12/accumulated/spec288.tlsf,1
round-robin-arbiter-aurus,5e8e4f8840a37bbba2b1af9d041bc9c7,av2,14,spec497.tlsf,experiments/results-aurus-curves/aurus_round-robin-arbiter-aurus_seed14/accumulated/spec497.tlsf,1
round-robin-arbiter-aurus,5e8f8811e3eb1028da46e7a4faf2f406,av2,14,spec217.tlsf,experiments/results-aurus-curves/aurus_round-robin-arbiter-aurus_seed14/accumulated/spec217.tlsf,1
round-robin-arbiter-aurus,5ecf0a19512c78779bd19048f367fa56,av3,21,spec395.tlsf,experiments/results-aurus-curves/aurus_round-robin-arbiter-aurus_seed21/accumulated/spec395.tlsf,1
round-robin-arbiter-aurus,5fb3b7359aeab650f90a479daf01afd8,av2,11,spec514.tlsf,experiments/results-aurus-curves/aurus_round-robin-arbiter-aurus_seed11/accumulated/spec514.tlsf,1
round-robin-arbiter-aurus,5fcc34513b4b5ced80fba8c15cc18768,av2,4,spec466.tlsf,experiments/results-aurus-curves/aurus_round-robin-arbiter-aurus_seed04/accumulated/spec466.tlsf,1
round-robin-arbiter-aurus,60650d20d956407dc9a8744eecbfa83d,av3,19,spec109.tlsf,experiments/results-aurus-curves/aurus_round-robin-arbiter-aurus_seed19/accumulated/spec109.tlsf,1
round-robin-arbiter-aurus,609fbe1a9b9689c853b0f173ddf21e05,av2,13,spec589.tlsf,experiments/results-aurus-curves/aurus_round-robin-arbiter-aurus_seed13/accumulated/spec589.tlsf,1
round-robin-arbiter-aurus,60d4c7e72270d519e821eb8c420d6888,av3,28,spec539.tlsf,experiments/results-aurus-curves/aurus_round-robin-arbiter-aurus_seed28/accumulated/spec539.tlsf,1
round-robin-arbiter-aurus,60e46c44391ac006725dd98382fca923,av3,25,spec172.tlsf,experiments/results-aurus-curves/aurus_round-robin-arbiter-aurus_seed25/accumulated/spec172.tlsf,1
round-robin-arbiter-aurus,60fb7d1c27cb406457a3d87e4c9458a2,av3,15,spec155.tlsf,experiments/results-aurus-curves/aurus_round-robin-arbiter-aurus_seed15/accumulated/spec155.tlsf,1
round-robin-arbiter-aurus,610d80f5bc2d0e271e4320f8e995f81a,av2,0,spec423.tlsf,experiments/results-aurus-curves/aurus_round-robin-arbiter-aurus_seed00/accumulated/spec423.tlsf,1
round-robin-arbiter-aurus,611047aae11ca6ca08421f5738570fe0,av3,24,spec151.tlsf,experiments/results-aurus-curves/aurus_round-robin-arbiter-aurus_seed24/accumulated/spec151.tlsf,2
round-robin-arbiter-aurus,61fd787126a41347872af7e8cf3b9d9b,av3,28,spec420.tlsf,experiments/results-aurus-curves/aurus_round-robin-arbiter-aurus_seed28/accumulated/spec420.tlsf,1
round-robin-arbiter-aurus,62bf040486a078408a35d85954a010ee,av2,7,spec450.tlsf,experiments/results-aurus-curves/aurus_round-robin-arbiter-aurus_seed07/accumulated/spec450.tlsf,1
round-robin-arbiter-aurus,6324002d6e5dfa4e31a39701e364548d,av2,8,spec454.tlsf,experiments/results-aurus-curves/aurus_round-robin-arbiter-aurus_seed08/accumulated/spec454.tlsf,1
round-robin-arbiter-aurus,632e57fec3713dbafec530a2e7fbfea6,av3,22,spec467.tlsf,experiments/results-aurus-curves/aurus_round-robin-arbiter-aurus_seed22/accumulated/spec467.tlsf,1
round-robin-arbiter-aurus,6344cf923ba2e1581e3c37a0c1088864,av2,1,spec169.tlsf,experiments/results-aurus-curves/aurus_round-robin-arbiter-aurus_seed01/accumulated/spec169.tlsf,1
round-robin-arbiter-aurus,6386a54cbc50dc65d6a7dd178ba712ad,av2,5,spec124.tlsf,experiments/results-aurus-curves/aurus_round-robin-arbiter-aurus_seed05/accumulated/spec124.tlsf,1
round-robin-arbiter-aurus,63c5bc10c4ab19eea7212c3eac5a11ec,av3,18,spec651.tlsf,experiments/results-aurus-curves/aurus_round-robin-arbiter-aurus_seed18/accumulated/spec651.tlsf,1
round-robin-arbiter-aurus,63fa20115e857d76a696152975bc6012,av3,21,spec219.tlsf,experiments/results-aurus-curves/aurus_round-robin-arbiter-aurus_seed21/accumulated/spec219.tlsf,1
round-robin-arbiter-aurus,64631933ab3a9b7c2256e3929989a2a6,av2,8,spec198.tlsf,experiments/results-aurus-curves/aurus_round-robin-arbiter-aurus_seed08/accumulated/spec198.tlsf,1
round-robin-arbiter-aurus,646475ed43d0ec5eacd9457aca0e2ee5,av3,19,spec89.tlsf,experiments/results-aurus-curves/aurus_round-robin-arbiter-aurus_seed19/accumulated/spec89.tlsf,1
round-robin-arbiter-aurus,64aee28e8e998ce99d14b18496b3d69d,av3,21,spec287.tlsf,experiments/results-aurus-curves/aurus_round-robin-arbiter-aurus_seed21/accumulated/spec287.tlsf,1
round-robin-arbiter-aurus,64d60db74f62263cf5f4626f4bc50fb7,av3,21,spec563.tlsf,experiments/results-aurus-curves/aurus_round-robin-arbiter-aurus_seed21/accumulated/spec563.tlsf,1
round-robin-arbiter-aurus,650fd55d5a2d9c8e463a2858422a2ff2,av2,10,spec152.tlsf,experiments/results-aurus-curves/aurus_round-robin-arbiter-aurus_seed10/accumulated/spec152.tlsf,1
round-robin-arbiter-aurus,652ebc8ddbdc08ed0f5d0ec23ab0a21f,av3,21,spec294.tlsf,experiments/results-aurus-curves/aurus_round-robin-arbiter-aurus_seed21/accumulated/spec294.tlsf,1
round-robin-arbiter-aurus,654ed396bf59a22591e3c17a59769fc4,av2,13,spec255.tlsf,experiments/results-aurus-curves/aurus_round-robin-arbiter-aurus_seed13/accumulated/spec255.tlsf,1
round-robin-arbiter-aurus,6566e0f99f1ce4474d8709f93b83ce97,av2,11,spec540.tlsf,experiments/results-aurus-curves/aurus_round-robin-arbiter-aurus_seed11/accumulated/spec540.tlsf,1
round-robin-arbiter-aurus,65cdce404105d1d1ebad5a73f4c6e0d2,av2,3,spec69.tlsf,experiments/results-aurus-curves/aurus_round-robin-arbiter-aurus_seed03/accumulated/spec69.tlsf,1
round-robin-arbiter-aurus,65fe7655e023c24556d37a9f432790b7,av3,16,spec523.tlsf,experiments/results-aurus-curves/aurus_round-robin-arbiter-aurus_seed16/accumulated/spec523.tlsf,1
round-robin-arbiter-aurus,662e9a5c9382bcca93661e5710994970,av2,8,spec116.tlsf,experiments/results-aurus-curves/aurus_round-robin-arbiter-aurus_seed08/accumulated/spec116.tlsf,1
round-robin-arbiter-aurus,667bd87a9de6763dcb3b68db5a1ed8ee,av2,14,spec558.tlsf,experiments/results-aurus-curves/aurus_round-robin-arbiter-aurus_seed14/accumulated/spec558.tlsf,1
round-robin-arbiter-aurus,66e5472f5b3e4438fc00870ac52cc830,av2,5,spec551.tlsf,experiments/results-aurus-curves/aurus_round-robin-arbiter-aurus_seed05/accumulated/spec551.tlsf,1
round-robin-arbiter-aurus,6749ee961fca917588940605d7fff4c8,av2,0,spec463.tlsf,experiments/results-aurus-curves/aurus_round-robin-arbiter-aurus_seed00/accumulated/spec463.tlsf,1
round-robin-arbiter-aurus,674e47be4f53a8a033175ba32cc30f5d,av3,26,spec448.tlsf,experiments/results-aurus-curves/aurus_round-robin-arbiter-aurus_seed26/accumulated/spec448.tlsf,1
round-robin-arbiter-aurus,69129dbce3011d0b546e0e469d5a5125,av3,23,spec158.tlsf,experiments/results-aurus-curves/aurus_round-robin-arbiter-aurus_seed23/accumulated/spec158.tlsf,1
round-robin-arbiter-aurus,69584afa3ee9291d26b5fddc203c4619,av2,3,spec579.tlsf,experiments/results-aurus-curves/aurus_round-robin-arbiter-aurus_seed03/accumulated/spec579.tlsf,1
round-robin-arbiter-aurus,695d611a6b5e9e3d094166e85ff314b4,av3,16,spec301.tlsf,experiments/results-aurus-curves/aurus_round-robin-arbiter-aurus_seed16/accumulated/spec301.tlsf,1
round-robin-arbiter-aurus,695e423fae23a3b12ee348ea118f712d,av3,29,spec461.tlsf,experiments/results-aurus-curves/aurus_round-robin-arbiter-aurus_seed29/accumulated/spec461.tlsf,1
round-robin-arbiter-aurus,69ed5ff60070eacdaf85a99d18dc8727,av3,23,spec272.tlsf,experiments/results-aurus-curves/aurus_round-robin-arbiter-aurus_seed23/accumulated/spec272.tlsf,1
round-robin-arbiter-aurus,6a27c8149effb9106952778c8456d0ba,av3,24,spec472.tlsf,experiments/results-aurus-curves/aurus_round-robin-arbiter-aurus_seed24/accumulated/spec472.tlsf,1
round-robin-arbiter-aurus,6a7b375def8afce81a720ce6842a4009,av3,20,spec352.tlsf,experiments/results-aurus-curves/aurus_round-robin-arbiter-aurus_seed20/accumulated/spec352.tlsf,1
round-robin-arbiter-aurus,6a9b6be558d5183bc7a137297449cdf9,av2,6,spec234.tlsf,experiments/results-aurus-curves/aurus_round-robin-arbiter-aurus_seed06/accumulated/spec234.tlsf,1
round-robin-arbiter-aurus,6b1c5a3dc876295863723d061a976081,av3,27,spec174.tlsf,experiments/results-aurus-curves/aurus_round-robin-arbiter-aurus_seed27/accumulated/spec174.tlsf,1
round-robin-arbiter-aurus,6b912e143c2dffa973662e420b945871,av3,15,spec291.tlsf,experiments/results-aurus-curves/aurus_round-robin-arbiter-aurus_seed15/accumulated/spec291.tlsf,1
round-robin-arbiter-aurus,6bb9f6c291c85cf87ff67ae710fed3d3,av2,14,spec175.tlsf,experiments/results-aurus-curves/aurus_round-robin-arbiter-aurus_seed14/accumulated/spec175.tlsf,1
round-robin-arbiter-aurus,6be0217bfafe4891ada40117eff1ea48,av2,1,spec65.tlsf,experiments/results-aurus-curves/aurus_round-robin-arbiter-aurus_seed01/accumulated/spec65.tlsf,1
round-robin-arbiter-aurus,6be91ff7e2d4cf8086867965fa938f49,av2,3,spec70.tlsf,experiments/results-aurus-curves/aurus_round-robin-arbiter-aurus_seed03/accumulated/spec70.tlsf,1
round-robin-arbiter-aurus,6beafa276cc6c4a12435c08ca08ce02d,av3,18,spec375.tlsf,experiments/results-aurus-curves/aurus_round-robin-arbiter-aurus_seed18/accumulated/spec375.tlsf,1
round-robin-arbiter-aurus,6c345ec9fad6e2bbca44b0391ebcec6b,av3,19,spec391.tlsf,experiments/results-aurus-curves/aurus_round-robin-arbiter-aurus_seed19/accumulated/spec391.tlsf,1
round-robin-arbiter-aurus,6c3c850b05ce4269f7043c2757266b51,av3,23,spec181.tlsf,experiments/results-aurus-curves/aurus_round-robin-arbiter-aurus_seed23/accumulated/spec181.tlsf,1
round-robin-arbiter-aurus,6c47c8a5bcfbfa037e9a1e37c012aa47,av3,23,spec143.tlsf,experiments/results-aurus-curves/aurus_round-robin-arbiter-aurus_seed23/accumulated/spec143.tlsf,1
round-robin-arbiter-aurus,6d1819021f380ab0f349be49e29be6fb,av3,28,spec88.tlsf,experiments/results-aurus-curves/aurus_round-robin-arbiter-aurus_seed28/accumulated/spec88.tlsf,1
round-robin-arbiter-aurus,6d3e53c56a36b044bec0e9adb4e30296,av3,22,spec416.tlsf,experiments/results-aurus-curves/aurus_round-robin-arbiter-aurus_seed22/accumulated/spec416.tlsf,1
round-robin-arbiter-aurus,6da2a522f07b007185f9f0c160437618,av3,19,spec212.tlsf,experiments/results-aurus-curves/aurus_round-robin-arbiter-aurus_seed19/accumulated/spec212.tlsf,1
round-robin-arbiter-aurus,6dd0fe7358e7af6ba8c34540578fdb69,av2,13,spec239.tlsf,experiments/results-aurus-curves/aurus_round-robin-arbiter-aurus_seed13/accumulated/spec239.tlsf,1
round-robin-arbiter-aurus,6dd3df53a87728e4e67ed7f6fecbc1c5,av3,29,spec467.tlsf,experiments/results-aurus-curves/aurus_round-robin-arbiter-aurus_seed29/accumulated/spec467.tlsf,1
round-robin-arbiter-aurus,6e2d31a0b729c7469317761d59a5b542,av2,6,spec144.tlsf,experiments/results-aurus-curves/aurus_round-robin-arbiter-aurus_seed06/accumulated/spec144.tlsf,1
round-robin-arbiter-aurus,6e6feb2c32bfe861b64d95433f0e598f,av2,9,spec500.tlsf,experiments/results-aurus-curves/aurus_round-robin-arbiter-aurus_seed09/accumulated/spec500.tlsf,1
round-robin-arbiter-aurus,6e9335b4898081bd8109cd6519037ee5,av3,16,spec477.tlsf,experiments/results-aurus-curves/aurus_round-robin-arbiter-aurus_seed16/accumulated/spec477.tlsf,1
round-robin-arbiter-aurus,6ec8d04635cdd7756f37377809791bf2,av2,2,spec550.tlsf,experiments/results-aurus-curves/aurus_round-robin-arbiter-aurus_seed02/accumulated/spec550.tlsf,1
round-robin-arbiter-aurus,6ec96cf20f0903620fbdcca2d2d6837b,av2,3,spec72.tlsf,experiments/results-aurus-curves/aurus_round-robin-arbiter-aurus_seed03/accumulated/spec72.tlsf,1
round-robin-arbiter-aurus,6f73d178b00019d8cd365156060f7d98,av2,8,spec586.tlsf,experiments/results-aurus-curves/aurus_round-robin-arbiter-aurus_seed08/accumulated/spec586.tlsf,1
round-robin-arbiter-aurus,6f972ebd051076c0f1f28d87cabede80,av2,13,spec112.tlsf,experiments/results-aurus-curves/aurus_round-robin-arbiter-aurus_seed13/accumulated/spec112.tlsf,1
round-robin-arbiter-aurus,7011728a3bd6f9e0cf6c120e2f75c397,av2,2,spec467.tlsf,experiments/results-aurus-curves/aurus_round-robin-arbiter-aurus_seed02/accumulated/spec467.tlsf,1
round-robin-arbiter-aurus,70c32050478968bd5adf95cdab9c15f6,av2,6,spec87.tlsf,experiments/results-aurus-curves/aurus_round-robin-arbiter-aurus_seed06/accumulated/spec87.tlsf,1
round-robin-arbiter-aurus,70e1bf87d82e29386b246ce0d68c0729,av2,0,spec288.tlsf,experiments/results-aurus-curves/aurus_round-robin-arbiter-aurus_seed00/accumulated/spec288.tlsf,1
round-robin-arbiter-aurus,70e79c005aa74c87b34ab95a2c75b5dc,av2,10,spec547.tlsf,experiments/results-aurus-curves/aurus_round-robin-arbiter-aurus_seed10/accumulated/spec547.tlsf,1
round-robin-arbiter-aurus,715ac4527345cbb81b7ff5d17ba4d1b6,av2,2,spec112.tlsf,experiments/results-aurus-curves/aurus_round-robin-arbiter-aurus_seed02/accumulated/spec112.tlsf,1
round-robin-arbiter-aurus,719024c792c5e1ad1ffa98077d0d1166,av3,16,spec542.tlsf,experiments/results-aurus-curves/aurus_round-robin-arbiter-aurus_seed16/accumulated/spec542.tlsf,1
round-robin-arbiter-aurus,71aa5052b2259a245e8551c461772fa6,av2,7,spec47.tlsf,experiments/results-aurus-curves/aurus_round-robin-arbiter-aurus_seed07/accumulated/spec47.tlsf,1
round-robin-arbiter-aurus,71b3de6bb7f54f58e43e698f84df14fb,av2,8,spec137.tlsf,experiments/results-aurus-curves/aurus_round-robin-arbiter-aurus_seed08/accumulated/spec137.tlsf,1
round-robin-arbiter-aurus,71f85fcb00310a2a60d488e69e7038d0,av2,2,spec227.tlsf,experiments/results-aurus-curves/aurus_round-robin-arbiter-aurus_seed02/accumulated/spec227.tlsf,2
round-robin-arbiter-aurus,723aec6df6b73d7c13cc49444532584c,av3,28,spec409.tlsf,experiments/results-aurus-curves/aurus_round-robin-arbiter-aurus_seed28/accumulated/spec409.tlsf,1
round-robin-arbiter-aurus,723e65783a137215539f504183b27027,av3,27,spec586.tlsf,experiments/results-aurus-curves/aurus_round-robin-arbiter-aurus_seed27/accumulated/spec586.tlsf,1
round-robin-arbiter-aurus,7254249e681703b33f40d34e7dd4838f,av2,8,spec371.tlsf,experiments/results-aurus-curves/aurus_round-robin-arbiter-aurus_seed08/accumulated/spec371.tlsf,1
round-robin-arbiter-aurus,72dac3afb3b46d9adef2a0bfb9d7a4ab,av2,1,spec115.tlsf,experiments/results-aurus-curves/aurus_round-robin-arbiter-aurus_seed01/accumulated/spec115.tlsf,1
round-robin-arbiter-aurus,72f41d969c0a6cc95c2eab2ea39320c4,av3,15,spec396.tlsf,experiments/results-aurus-curves/aurus_round-robin-arbiter-aurus_seed15/accumulated/spec396.tlsf,1
round-robin-arbiter-aurus,736f69db5415b8c9b13e3d6ce980d9dc,av2,4,spec264.tlsf,experiments/results-aurus-curves/aurus_round-robin-arbiter-aurus_seed04/accumulated/spec264.tlsf,1
round-robin-arbiter-aurus,73ed43b949368373dcfa848a0408ce25,av3,24,spec105.tlsf,experiments/results-aurus-curves/aurus_round-robin-arbiter-aurus_seed24/accumulated/spec105.tlsf,1
round-robin-arbiter-aurus,740c97f991bf43e2cab3b05815e4ab6f,av3,22,spec558.tlsf,experiments/results-aurus-curves/aurus_round-robin-arbiter-aurus_seed22/accumulated/spec558.tlsf,1
round-robin-arbiter-aurus,74131dadf9d0f0fa6f35ac3ac3e1a523,av3,23,spec514.tlsf,experiments/results-aurus-curves/aurus_round-robin-arbiter-aurus_seed23/accumulated/spec514.tlsf,1
round-robin-arbiter-aurus,742e0d7830a104fe16523b7383c7684b,av3,25,spec161.tlsf,experiments/results-aurus-curves/aurus_round-robin-arbiter-aurus_seed25/accumulated/spec161.tlsf,1
round-robin-arbiter-aurus,74686fb1ea464e3d072f0e3a34ffd38b,av2,6,spec80.tlsf,experiments/results-aurus-curves/aurus_round-robin-arbiter-aurus_seed06/accumulated/spec80.tlsf,1
round-robin-arbiter-aurus,748d058633ab6968753659bf3f976349,av3,28,spec244.tlsf,experiments/results-aurus-curves/aurus_round-robin-arbiter-aurus_seed28/accumulated/spec244.tlsf,1
round-robin-arbiter-aurus,749fbec48f8ba6e9a309568ce7381a5e,av3,23,spec109.tlsf,experiments/results-aurus-curves/aurus_round-robin-arbiter-aurus_seed23/accumulated/spec109.tlsf,1
round-robin-arbiter-aurus,7544f50aebe63511c14774b3d5a48820,av3,27,spec181.tlsf,experiments/results-aurus-curves/aurus_round-robin-arbiter-aurus_seed27/accumulated/spec181.tlsf,1
round-robin-arbiter-aurus,756d410191194be4855af3a0d1b65777,av2,4,spec463.tlsf,experiments/results-aurus-curves/aurus_round-robin-arbiter-aurus_seed04/accumulated/spec463.tlsf,1
round-robin-arbiter-aurus,758c5d503b334ced748a0bc9d2f08a5b,av3,21,spec155.tlsf,experiments/results-aurus-curves/aurus_round-robin-arbiter-aurus_seed21/accumulated/spec155.tlsf,1
round-robin-arbiter-aurus,75e6adf48f26602ed78acea1957e6c6f,av2,0,spec540.tlsf,experiments/results-aurus-curves/aurus_round-robin-arbiter-aurus_seed00/accumulated/spec540.tlsf,1
round-robin-arbiter-aurus,75f1111a2aa4e704e93b3608cc33608e,av3,26,spec81.tlsf,experiments/results-aurus-curves/aurus_round-robin-arbiter-aurus_seed26/accumulated/spec81.tlsf,1
round-robin-arbiter-aurus,75f3a9d7cf59e5007cc591a3c9e814d1,av2,8,spec455.tlsf,experiments/results-aurus-curves/aurus_round-robin-arbiter-aurus_seed08/accumulated/spec455.tlsf,1
round-robin-arbiter-aurus,76123dd2de5a50ff4c92d88f21c53005,av2,0,spec355.tlsf,experiments/results-aurus-curves/aurus_round-robin-arbiter-aurus_seed00/accumulated/spec355.tlsf,1
round-robin-arbiter-aurus,7651726aec4a8cb52fa8fc0cfabefffe,av2,6,spec176.tlsf,experiments/results-aurus-curves/aurus_round-robin-arbiter-aurus_seed06/accumulated/spec176.tlsf,1
round-robin-arbiter-aurus,765aa771f2523a2658c2e53ab8558fb4,av3,29,spec74.tlsf,experiments/results-aurus-curves/aurus_round-robin-arbiter-aurus_seed29/accumulated/spec74.tlsf,1
round-robin-arbiter-aurus,765c3cbb7187a6de03015c3fe02638a1,av3,22,spec407.tlsf,experiments/results-aurus-curves/aurus_round-robin-arbiter-aurus_seed22/accumulated/spec407.tlsf,1
round-robin-arbiter-aurus,767b604dca4b54fcc91c154a9648452c,av2,9,spec208.tlsf,experiments/results-aurus-curves/aurus_round-robin-arbiter-aurus_seed09/accumulated/spec208.tlsf,1
round-robin-arbiter-aurus,7696be149145c2c772444396a92f4bfb,av2,12,spec240.tlsf,experiments/results-aurus-curves/aurus_round-robin-arbiter-aurus_seed12/accumulated/spec240.tlsf,1
round-robin-arbiter-aurus,76c022d7f9ce70d16f05e29a7ffa581f,av3,17,spec637.tlsf,experiments/results-aurus-curves/aurus_round-robin-arbiter-aurus_seed17/accumulated/spec637.tlsf,1
round-robin-arbiter-aurus,76f8ee23a9410c9d680e8831a44c82a7,av3,23,spec599.tlsf,experiments/results-aurus-curves/aurus_round-robin-arbiter-aurus_seed23/accumulated/spec599.tlsf,1
round-robin-arbiter-aurus,76f9207bc3e3302b87b270a477a16eb3,av3,22,spec125.tlsf,experiments/results-aurus-curves/aurus_round-robin-arbiter-aurus_seed22/accumulated/spec125.tlsf,1
round-robin-arbiter-aurus,7702e51abbfcdbad01fc4489e88c8ae1,av2,1,spec46.tlsf,experiments/results-aurus-curves/aurus_round-robin-arbiter-aurus_seed01/accumulated/spec46.tlsf,1
round-robin-arbiter-aurus,77b4d72f4da4b79644f93174e3a71dda,av2,10,spec223.tlsf,experiments/results-aurus-curves/aurus_round-robin-arbiter-aurus_seed10/accumulated/spec223.tlsf,1
round-robin-arbiter-aurus,77f02d59137e0e4242f4bbf719130fa1,av3,19,spec121.tlsf,experiments/results-aurus-curves/aurus_round-robin-arbiter-aurus_seed19/accumulated/spec121.tlsf,1
round-robin-arbiter-aurus,77f87729d661a2bbf2af29c0efa9ff75,av3,17,spec96.tlsf,experiments/results-aurus-curves/aurus_round-robin-arbiter-aurus_seed17/accumulated/spec96.tlsf,1
round-robin-arbiter-aurus,78665f81f90cef59fa95ef52fd01ecb1,av3,17,spec337.tlsf,experiments/results-aurus-curves/aurus_round-robin-arbiter-aurus_seed17/accumulated/spec337.tlsf,1
round-robin-arbiter-aurus,7891dab8dd58ea9c5345e6feed7a6386,av2,1,spec60.tlsf,experiments/results-aurus-curves/aurus_round-robin-arbiter-aurus_seed01/accumulated/spec60.tlsf,1
round-robin-arbiter-aurus,789cc175a9e8a533590ce9d9053d8009,av3,22,spec194.tlsf,experiments/results-aurus-curves/aurus_round-robin-arbiter-aurus_seed22/accumulated/spec194.tlsf,1
round-robin-arbiter-aurus,78e3ef203fd7b3938f0228337eb0c587,av2,9,spec604.tlsf,experiments/results-aurus-curves/aurus_round-robin-arbiter-aurus_seed09/accumulated/spec604.tlsf,1
round-robin-arbiter-aurus,79e535f2a3529f188b7ff14b3a6ae4ec,av3,22,spec180.tlsf,experiments/results-aurus-curves/aurus_round-robin-arbiter-aurus_seed22/accumulated/spec180.tlsf,1
round-robin-arbiter-aurus,7a123c5830e17a5bca0aaeb5e528a502,av3,27,spec178.tlsf,experiments/results-aurus-curves/aurus_round-robin-arbiter-aurus_seed27/accumulated/spec178.tlsf,1
round-robin-arbiter-aurus,7a380319903b9c72ff05a07a05caf697,av2,2,spec432.tlsf,experiments/results-aurus-curves/aurus_round-robin-arbiter-aurus_seed02/accumulated/spec432.tlsf,1
round-robin-arbiter-aurus,7a4517add093935835ad5c955ddc0ccc,av2,12,spec434.tlsf,experiments/results-aurus-curves/aurus_round-robin-arbiter-aurus_seed12/accumulated/spec434.tlsf,1
round-robin-arbiter-aurus,7a8253508dbff3e0b0a68b2c533c09e9,av2,1,spec537.tlsf,experiments/results-aurus-curves/aurus_round-robin-arbiter-aurus_seed01/accumulated/spec537.tlsf,1
round-robin-arbiter-aurus,7a993bd7208a75c5e3b63f259cb7546b,av3,27,spec137.tlsf,experiments/results-aurus-curves/aurus_round-robin-arbiter-aurus_seed27/accumulated/spec137.tlsf,1
round-robin-arbiter-aurus,7af0fa441d02c3c3f93954610a24109d,av3,29,spec159.tlsf,experiments/results-aurus-curves/aurus_round-robin-arbiter-aurus_seed29/accumulated/spec159.tlsf,1
round-robin-arbiter-aurus,7b135e59b9c84fd6e24165b5c6476453,av3,15,spec165.tlsf,experiments/results-aurus-curves/aurus_round-robin-arbiter-aurus_seed15/accumulated/spec165.tlsf,1
round-robin-arbiter-aurus,7b8a6a201019e0a6409e82a1c0e49e9d,av2,14,spec526.tlsf,experiments/results-aurus-curves/aurus_round-robin-arbiter-aurus_seed14/accumulated/spec526.tlsf,1
round-robin-arbiter-aurus,7bfaa7ca3bb43d6b1b85a73cbba50860,av2,2,spec332.tlsf,experiments/results-aurus-curves/aurus_round-robin-arbiter-aurus_seed02/accumulated/spec332.tlsf,1
round-robin-arbiter-aurus,7cc92484112c5ea07963c7e3ba209272,av3,20,spec103.tlsf,experiments/results-aurus-curves/aurus_round-robin-arbiter-aurus_seed20/accumulated/spec103.tlsf,1
round-robin-arbiter-aurus,7cce42fa1cd9a77fab2f9c57f588ffb9,av3,22,spec570.tlsf,experiments/results-aurus-curves/aurus_round-robin-arbiter-aurus_seed22/accumulated/spec570.tlsf,1
round-robin-arbiter-aurus,7cf89fbde043fba045d970e91f1402d0,av3,15,spec404.tlsf,experiments/results-aurus-curves/aurus_round-robin-arbiter-aurus_seed15/accumulated/spec404.tlsf,1
round-robin-arbiter-aurus,7d2e77bbea7dd00a86fc7e2608017f40,av2,9,spec552.tlsf,experiments/results-aurus-curves/aurus_round-robin-arbiter-aurus_seed09/accumulated/spec552.tlsf,1
round-robin-arbiter-aurus,7d7904a99ecfd1c9cc81988299533bfe,av3,25,spec216.tlsf,experiments/results-aurus-curves/aurus_round-robin-arbiter-aurus_seed25/accumulated/spec216.tlsf,1
round-robin-arbiter-aurus,7ddabc13cb1d3864637f49a05470c7a9,av2,3,spec54.tlsf,experiments/results-aurus-curves/aurus_round-robin-arbiter-aurus_seed03/accumulated/spec54.tlsf,1
round-robin-arbiter-aurus,7e2c66dcbb1b3806225f4312e4466f61,av2,0,spec337.tlsf,experiments/results-aurus-curves/aurus_round-robin-arbiter-aurus_seed00/accumulated/spec337.tlsf,1
round-robin-arbiter-aurus,7e636c5540748284289945e15d1381c7,av2,13,spec169.tlsf,experiments/results-aurus-curves/aurus_round-robin-arbiter-aurus_seed13/accumulated/spec169.tlsf,1
round-robin-arbiter-aurus,7ece36dfc0e5e140bc5926516aab64d4,av2,6,spec603.tlsf,experiments/results-aurus-curves/aurus_round-robin-arbiter-aurus_seed06/accumulated/spec603.tlsf,1
round-robin-arbiter-aurus,7ef159d92c20fde424f16518fbcab034,av2,10,spec613.tlsf,experiments/results-aurus-curves/aurus_round-robin-arbiter-aurus_seed10/accumulated/spec613.tlsf,1
round-robin-arbiter-aurus,7f170441bb2d3b81c4255b26f33d3091,av2,14,spec140.tlsf,experiments/results-aurus-curves/aurus_round-robin-arbiter-aurus_seed14/accumulated/spec140.tlsf,1
round-robin-arbiter-aurus,7f1949eec2568f64c854ce1397b8430b,av3,27,spec475.tlsf,experiments/results-aurus-curves/aurus_round-robin-arbiter-aurus_seed27/accumulated/spec475.tlsf,1
round-robin-arbiter-aurus,7f1a94249b6943dce675959feb2f3967,av3,20,spec291.tlsf,experiments/results-aurus-curves/aurus_round-robin-arbiter-aurus_seed20/accumulated/spec291.tlsf,1
round-robin-arbiter-aurus,7f1f6ec725a0f4ea9a98c4f9cd087b0e,av3,23,spec276.tlsf,experiments/results-aurus-curves/aurus_round-robin-arbiter-aurus_seed23/accumulated/spec276.tlsf,1
round-robin-arbiter-aurus,7f241eb6e86fe78e7ac6ea9f5f857a58,av3,15,spec382.tlsf,experiments/results-aurus-curves/aurus_round-robin-arbiter-aurus_seed15/accumulated/spec382.tlsf,1
round-robin-arbiter-aurus,7f3f5f1326fc222ee1d20862e5943e7e,av2,4,spec63.tlsf,experiments/results-aurus-curves/aurus_round-robin-arbiter-aurus_seed04/accumulated/spec63.tlsf,1
round-robin-arbiter-aurus,7faab27b1e5b78459b951de86eefe3fc,av3,21,spec600.tlsf,experiments/results-aurus-curves/aurus_round-robin-arbiter-aurus_seed21/accumulated/spec600.tlsf,1
round-robin-arbiter-aurus,7fd01abaafd2ce2fb6df2531d662b284,av3,15,spec676.tlsf,experiments/results-aurus-curves/aurus_round-robin-arbiter-aurus_seed15/accumulated/spec676.tlsf,1
round-robin-arbiter-aurus,8074bdd28386eaeea7768b495a978423,av3,27,spec218.tlsf,experiments/results-aurus-curves/aurus_round-robin-arbiter-aurus_seed27/accumulated/spec218.tlsf,1
round-robin-arbiter-aurus,80c2e969fdfdd96d4c11183aad57e6aa,av3,26,spec432.tlsf,experiments/results-aurus-curves/aurus_round-robin-arbiter-aurus_seed26/accumulated/spec432.tlsf,1
round-robin-arbiter-aurus,812f01f7fc514be77ae77e4c35284b98,av3,29,spec42.tlsf,experiments/results-aurus-curves/aurus_round-robin-arbiter-aurus_seed29/accumulated/spec42.tlsf,1
round-robin-arbiter-aurus,8136235f0ed98da42fb893b9c191a0b0,av3,22,spec423.tlsf,experiments/results-aurus-curves/aurus_round-robin-arbiter-aurus_seed22/accumulated/spec423.tlsf,1
round-robin-arbiter-aurus,8140516cd15a4213cb0b391b368ebc67,av3,15,spec305.tlsf,experiments/results-aurus-curves/aurus_round-robin-arbiter-aurus_seed15/accumulated/spec305.tlsf,1
round-robin-arbiter-aurus,81d6349c5f4a8f9d9ae51e9ef4b1e37d,av2,2,spec337.tlsf,experiments/results-aurus-curves/aurus_round-robin-arbiter-aurus_seed02/accumulated/spec337.tlsf,1
round-robin-arbiter-aurus,81ef4cd463fe56920fd159c0469c0444,av3,16,spec585.tlsf,experiments/results-aurus-curves/aurus_round-robin-arbiter-aurus_seed16/accumulated/spec585.tlsf,1
round-robin-arbiter-aurus,828047e4315835cc81e15c92fd6e0787,av3,16,spec358.tlsf,experiments/results-aurus-curves/aurus_round-robin-arbiter-aurus_seed16/accumulated/spec358.tlsf,1
round-robin-arbiter-aurus,82b8d976be1aac6dcdee3fde742bc920,av3,16,spec255.tlsf,experiments/results-aurus-curves/aurus_round-robin-arbiter-aurus_seed16/accumulated/spec255.tlsf,1
round-robin-arbiter-aurus,83275f300ed02950221a9bd861435706,av2,10,spec166.tlsf,experiments/results-aurus-curves/aurus_round-robin-arbiter-aurus_seed10/accumulated/spec166.tlsf,1
round-robin-arbiter-aurus,8373d33546ddadf6056b7631cc863306,av3,27,spec180.tlsf,experiments/results-aurus-curves/aurus_round-robin-arbiter-aurus_seed27/accumulated/spec180.tlsf,1
round-robin-arbiter-aurus,84590685cbebde626e1074dc62ee5d6c,av3,29,spec644.tlsf,experiments/results-aurus-curves/aurus_round-robin-arbiter-aurus_seed29/accumulated/spec644.tlsf,1
round-robin-arbiter-aurus,8472b62a21cfc0475a561312d1c24e3d,av2,9,spec510.tlsf,experiments/results-aurus-curves/aurus_round-robin-arbiter-aurus_seed09/accumulated/spec510.tlsf,1
round-robin-arbiter-aurus,84806ff1e84e2bcbd389bd6de148a3a9,av3,24,spec579.tlsf,experiments/results-aurus-curves/aurus_round-robin-arbiter-aurus_seed24/accumulated/spec579.tlsf,1
round-robin-arbiter-aurus,84f2c93669bee1a998a331884c9240f0,av3,24,spec361.tlsf,experiments/results-aurus-curves/aurus_round-robin-arbiter-aurus_seed24/accumulated/spec361.tlsf,1
round-robin-arbiter-aurus,8504f8ec871db7171bb07fd45b4721c2,av2,0,spec34.tlsf,experiments/results-aurus-curves/aurus_round-robin-arbiter-aurus_seed00/accumulated/spec34.tlsf,1
round-robin-arbiter-aurus,853aebd02316ff36fcf255f185dece7b,av2,1,spec88.tlsf,experiments/results-aurus-curves/aurus_round-robin-arbiter-aurus_seed01/accumulated/spec88.tlsf,1
round-robin-arbiter-aurus,8571aff9c89acac29751fbbdc9d89a4b,av2,10,spec459.tlsf,experiments/results-aurus-curves/aurus_round-robin-arbiter-aurus_seed10/accumulated/spec459.tlsf,1
round-robin-arbiter-aurus,857a17786ae373dc8543fc855f4159d1,av3,29,spec503.tlsf,experiments/results-aurus-curves/aurus_round-robin-arbiter-aurus_seed29/accumulated/spec503.tlsf,1
round-robin-arbiter-aurus,859cf9ebe6efbb6a5c7917569f367226,av3,27,spec165.tlsf,experiments/results-aurus-curves/aurus_round-robin-arbiter-aurus_seed27/accumulated/spec165.tlsf,1
round-robin-arbiter-aurus,85b535a6cdeebe9e2f422e71eaa2f95e,av2,8,spec393.tlsf,experiments/results-aurus-curves/aurus_round-robin-arbiter-aurus_seed08/accumulated/spec393.tlsf,1
round-robin-arbiter-aurus,85bd0c00601646e116623bab852b9ef6,av2,13,spec524.tlsf,experiments/results-aurus-curves/aurus_round-robin-arbiter-aurus_seed13/accumulated/spec524.tlsf,1
round-robin-arbiter-aurus,85f98a2dd18fcb49a822c0b8862dc042,av2,8,spec133.tlsf,experiments/results-aurus-curves/aurus_round-robin-arbiter-aurus_seed08/accumulated/spec133.tlsf,1
round-robin-arbiter-aurus,861634ab24aaaf462ed1243146bbc73b,av2,14,spec47.tlsf,experiments/results-aurus-curves/aurus_round-robin-arbiter-aurus_seed14/accumulated/spec47.tlsf,1
round-robin-arbiter-aurus,8626b6bb289c60b066c45313fdcc8a24,av2,8,spec552.tlsf,experiments/results-aurus-curves/aurus_round-robin-arbiter-aurus_seed08/accumulated/spec552.tlsf,1
round-robin-arbiter-aurus,86504aa1737e2eb39a3e0cccf071192e,av3,17,spec271.tlsf,experiments/results-aurus-curves/aurus_round-robin-arbiter-aurus_seed17/accumulated/spec271.tlsf,1
round-robin-arbiter-aurus,866bd7c7fd90d629ba103a39735d058a,av2,1,spec209.tlsf,experiments/results-aurus-curves/aurus_round-robin-arbiter-aurus_seed01/accumulated/spec209.tlsf,1
round-robin-arbiter-aurus,86a519fbca5f76de50cd74c8c6136b38,av3,25,spec45.tlsf,experiments/results-aurus-curves/aurus_round-robin-arbiter-aurus_seed25/accumulated/spec45.tlsf,1
round-robin-arbiter-aurus,86db525adebbb9051d947bb684dfbcd7,av2,2,spec342.tlsf,experiments/results-aurus-curves/aurus_round-robin-arbiter-aurus_seed02/accumulated/spec342.tlsf,1
round-robin-arbiter-aurus,86e10b16ebd591800e70d50e6809f158,av3,19,spec215.tlsf,experiments/results-aurus-curves/aurus_round-robin-arbiter-aurus_seed19/accumulated/spec215.tlsf,1
round-robin-arbiter-aurus,86f7284f744b19bfcf8daae552f9499b,av2,7,spec548.tlsf,experiments/results-aurus-curves/aurus_round-robin-arbiter-aurus_seed07/accumulated/spec548.tlsf,1
round-robin-arbiter-aurus,8717f9a2029240b9559e95820e9f239a,av3,29,spec615.tlsf,experiments/results-aurus-curves/aurus_round-robin-arbiter-aurus_seed29/accumulated/spec615.tlsf,1
round-robin-arbiter-aurus,8740f1a2e624940085e9c9f1c83d3881,av3,19,spec371.tlsf,experiments/results-aurus-curves/aurus_round-robin-arbiter-aurus_seed19/accumulated/spec371.tlsf,1
round-robin-arbiter-aurus,8769ced4dd0d3c73c89eab364088324d,av3,22,spec573.tlsf,experiments/results-aurus-curves/aurus_round-robin-arbiter-aurus_seed22/accumulated/spec573.tlsf,1
round-robin-arbiter-aurus,87e067c689d4a23ed8f71df96891dbac,av3,27,spec247.tlsf,experiments/results-aurus-curves/aurus_round-robin-arbiter-aurus_seed27/accumulated/spec247.tlsf,1
round-robin-arbiter-aurus,88595c1d5323a36abe65bffb80e52c5c,av3,17,spec414.tlsf,experiments/results-aurus-curves/aurus_round-robin-arbiter-aurus_seed17/accumulated/spec414.tlsf,1
round-robin-arbiter-aurus,88a64a5a6d862479be200b4fc41868ea,av3,17,spec633.tlsf,experiments/results-aurus-curves/aurus_round-robin-arbiter-aurus_seed17/accumulated/spec633.tlsf,1
round-robin-arbiter-aurus,88c935c5a39cb89905019bf5fbc8c159,av3,27,spec70.tlsf,experiments/results-aurus-curves/aurus_round-robin-arbiter-aurus_seed27/accumulated/spec70.tlsf,1
round-robin-arbiter-aurus,88cd32621f974f2af126f7236f601139,av3,17,spec462.tlsf,experiments/results-aurus-curves/aurus_round-robin-arbiter-aurus_seed17/accumulated/spec462.tlsf,1
round-robin-arbiter-aurus,88d4c9a936f0ff546d973bcf16d1a8a6,av2,7,spec415.tlsf,experiments/results-aurus-curves/aurus_round-robin-arbiter-aurus_seed07/accumulated/spec415.tlsf,1
round-robin-arbiter-aurus,89027b8dcce26455b57994de050a3b04,av2,12,spec312.tlsf,experiments/results-aurus-curves/aurus_round-robin-arbiter-aurus_seed12/accumulated/spec312.tlsf,1
round-robin-arbiter-aurus,892868161e246882dc8d3988cacc08e5,av3,27,spec625.tlsf,experiments/results-aurus-curves/aurus_round-robin-arbiter-aurus_seed27/accumulated/spec625.tlsf,1
round-robin-arbiter-aurus,893915579410219357acbdf2bfee8dd3,av2,14,spec410.tlsf,experiments/results-aurus-curves/aurus_round-robin-arbiter-aurus_seed14/accumulated/spec410.tlsf,1
round-robin-arbiter-aurus,894c6aac09a2981899991289d6b9a13a,av3,26,spec217.tlsf,experiments/results-aurus-curves/aurus_round-robin-arbiter-aurus_seed26/accumulated/spec217.tlsf,1
round-robin-arbiter-aurus,89681c857f32ef5afce2ac189a1e9454,av3,27,spec539.tlsf,experiments/results-aurus-curves/aurus_round-robin-arbiter-aurus_seed27/accumulated/spec539.tlsf,1
round-robin-arbiter-aurus,89682807c079ea49513b5aa5be51a7db,av2,6,spec421.tlsf,experiments/results-aurus-curves/aurus_round-robin-arbiter-aurus_seed06/accumulated/spec421.tlsf,1
round-robin-arbiter-aurus,898bf41c899259e5eae7b26e03ca49f0,av2,8,spec40.tlsf,experiments/results-aurus-curves/aurus_round-robin-arbiter-aurus_seed08/accumulated/spec40.tlsf,1
round-robin-arbiter-aurus,89d432f9868610127f1e10eaf51efb9f,av3,21,spec222.tlsf,experiments/results-aurus-curves/aurus_round-robin-arbiter-aurus_seed21/accumulated/spec222.tlsf,1
round-robin-arbiter-aurus,89e0e453b583f3b6386182be0f24107c,av2,7,spec591.tlsf,experiments/results-aurus-curves/aurus_round-robin-arbiter-aurus_seed07/accumulated/spec591.tlsf,1
round-robin-arbiter-aurus,8aebc69f1883412db149f40278236db9,av3,16,spec540.tlsf,experiments/results-aurus-curves/aurus_round-robin-arbiter-aurus_seed16/accumulated/spec540.tlsf,1
round-robin-arbiter-aurus,8b1d1d37805229bfa5614d42c462283b,av3,24,spec307.tlsf,experiments/results-aurus-curves/aurus_round-robin-arbiter-aurus_seed24/accumulated/spec307.tlsf,1
round-robin-arbiter-aurus,8b560a6f95d8fa93a2cc2f2cdacf46cb,av2,9,spec196.tlsf,experiments/results-aurus-curves/aurus_round-robin-arbiter-aurus_seed09/accumulated/spec196.tlsf,1
round-robin-arbiter-aurus,8c0eb89f02e027373196a0a33ff6dd9a,av3,27,spec294.tlsf,experiments/results-aurus-curves/aurus_round-robin-arbiter-aurus_seed27/accumulated/spec294.tlsf,1
round-robin-arbiter-aurus,8caa5ed50e5cc85a37daf31499891bfe,av3,21,spec281.tlsf,experiments/results-aurus-curves/aurus_round-robin-arbiter-aurus_seed21/accumulated/spec281.tlsf,1
round-robin-arbiter-aurus,8cb0575a731b00750f754eab5aa9991f,av2,13,spec164.tlsf,experiments/results-aurus-curves/aurus_round-robin-arbiter-aurus_seed13/accumulated/spec164.tlsf,1
round-robin-arbiter-aurus,8d21c04bf819a1957effb5729069b024,av3,21,spec503.tlsf,experiments/results-aurus-curves/aurus_round-robin-arbiter-aurus_seed21/accumulated/spec503.tlsf,1
round-robin-arbiter-aurus,8d592e372a512a62a3f6863db28a3bd5,av2,14,spec158.tlsf,experiments/results-aurus-curves/aurus_round-robin-arbiter-aurus_seed14/accumulated/spec158.tlsf,1
round-robin-arbiter-aurus,8d5e6dca15e53bb877d1024f012d986e,av2,8,spec524.tlsf,experiments/results-aurus-curves/aurus_round-robin-arbiter-aurus_seed08/accumulated/spec524.tlsf,1
round-robin-arbiter-aurus,8d70a673665152b6464f91fd5de7d585,av3,24,spec386.tlsf,experiments/results-aurus-curves/aurus_round-robin-arbiter-aurus_seed24/accumulated/spec386.tlsf,1
round-robin-arbiter-aurus,8d916351cf92b50857df35511b2e754d,av3,16,spec313.tlsf,experiments/results-aurus-curves/aurus_round-robin-arbiter-aurus_seed16/accumulated/spec313.tlsf,1
round-robin-arbiter-aurus,8dfed0f59da64e9deb2ecf113a81a8ac,av3,15,spec36.tlsf,experiments/results-aurus-curves/aurus_round-robin-arbiter-aurus_seed15/accumulated/spec36.tlsf,1
round-robin-arbiter-aurus,8e4f05fda6cf0a0639c657adddc73d31,av2,8,spec104.tlsf,experiments/results-aurus-curves/aurus_round-robin-arbiter-aurus_seed08/accumulated/spec104.tlsf,1
round-robin-arbiter-aurus,8eb1cac2c25214477740f24a82b4250e,av3,20,spec33.tlsf,experiments/results-aurus-curves/aurus_round-robin-arbiter-aurus_seed20/accumulated/spec33.tlsf,1
round-robin-arbiter-aurus,8ec9b456a3c2ea4ab2fcbd1f1f11cc2b,av3,18,spec628.tlsf,experiments/results-aurus-curves/aurus_round-robin-arbiter-aurus_seed18/accumulated/spec628.tlsf,1
round-robin-arbiter-aurus,8eeae970f6f839642b070877824cab45,av3,29,spec181.tlsf,experiments/results-aurus-curves/aurus_round-robin-arbiter-aurus_seed29/accumulated/spec181.tlsf,1
round-robin-arbiter-aurus,8eef7682f2dfe9db05b45902e1e35e3f,av2,4,spec155.tlsf,experiments/results-aurus-curves/aurus_round-robin-arbiter-aurus_seed04/accumulated/spec155.tlsf,1
round-robin-arbiter-aurus,8f37522146f5b5777fcf1e0842a77469,av3,27,spec50.tlsf,experiments/results-aurus-curves/aurus_round-robin-arbiter-aurus_seed27/accumulated/spec50.tlsf,1
round-robin-arbiter-aurus,8f7cd22d1bef7325098c695cbf5b5370,av3,27,spec316.tlsf,experiments/results-aurus-curves/aurus_round-robin-arbiter-aurus_seed27/accumulated/spec316.tlsf,1
round-robin-arbiter-aurus,8f95f7360739fc15bae6223a3705eb76,av3,21,spec588.tlsf,experiments/results-aurus-curves/aurus_round-robin-arbiter-aurus_seed21/accumulated/spec588.tlsf,1
round-robin-arbiter-aurus,8fa8a235cea4dde83a90c2b893739637,av2,0,spec145.tlsf,experiments/results-aurus-curves/aurus_round-robin-arbiter-aurus_seed00/accumulated/spec145.tlsf,1
round-robin-arbiter-aurus,9005204d102b56355293bfb3bde46d01,av3,22,spec283.tlsf,experiments/results-aurus-curves/aurus_round-robin-arbiter-aurus_seed22/accumulated/spec283.tlsf,1
round-robin-arbiter-aurus,900bddc59df67819d6fc3cac3943fb56,av2,10,spec258.tlsf,experiments/results-aurus-curves/aurus_round-robin-arbiter-aurus_seed10/accumulated/spec258.tlsf,1
round-robin-arbiter-aurus,9018fa2bbac4a58280806bc99e234dd6,av3,22,spec346.tlsf,experiments/results-aurus-curves/aurus_round-robin-arbiter-aurus_seed22/accumulated/spec346.tlsf,1
round-robin-arbiter-aurus,9046da2116417d9b8496a115667be029,av3,15,spec318.tlsf,experiments/results-aurus-curves/aurus_round-robin-arbiter-aurus_seed15/accumulated/spec318.tlsf,1
round-robin-arbiter-aurus,90bad1d8bd3726aa5f780ab85807a26e,av2,2,spec376.tlsf,experiments/results-aurus-curves/aurus_round-robin-arbiter-aurus_seed02/accumulated/spec376.tlsf,1
round-robin-arbiter-aurus,90e00f747d4941b2a52477f27cad0b2e,av2,7,spec101.tlsf,experiments/results-aurus-curves/aurus_round-robin-arbiter-aurus_seed07/accumulated/spec101.tlsf,1
round-robin-arbiter-aurus,90f63d104dde96a174e280b3ea639c5f,av2,9,spec164.tlsf,experiments/results-aurus-curves/aurus_round-robin-arbiter-aurus_seed09/accumulated/spec164.tlsf,1
round-robin-arbiter-aurus,914418681d769dc15eacbe91c984e517,av3,22,spec25.tlsf,experiments/results-aurus-curves/aurus_round-robin-arbiter-aurus_seed22/accumulated/spec25.tlsf,1
round-robin-arbiter-aurus,9165d6e78139a72e40c1b8d0a21209da,av3,18,spec521.tlsf,experiments/results-aurus-curves/aurus_round-robin-arbiter-aurus_seed18/accumulated/spec521.tlsf,1
round-robin-arbiter-aurus,9172de40466b24aea6957d1f15eb3a10,av3,25,spec324.tlsf,experiments/results-aurus-curves/aurus_round-robin-arbiter-aurus_seed25/accumulated/spec324.tlsf,1
round-robin-arbiter-aurus,917953e6d41dc13bb3dfce78b65cb525,av2,5,spec338.tlsf,experiments/results-aurus-curves/aurus_round-robin-arbiter-aurus_seed05/accumulated/spec338.tlsf,1
round-robin-arbiter-aurus,91fbf814a8f5d956865abb7ff0650f3e,av2,13,spec171.tlsf,experiments/results-aurus-curves/aurus_round-robin-arbiter-aurus_seed13/accumulated/spec171.tlsf,1
round-robin-arbiter-aurus,922fa35ca97a3ff495324fdfdce1900e,av2,5,spec541.tlsf,experiments/results-aurus-curves/aurus_round-robin-arbiter-aurus_seed05/accumulated/spec541.tlsf,1
round-robin-arbiter-aurus,92a533eeb14794d77913a912a8fa6556,av2,1,spec58.tlsf,experiments/results-aurus-curves/aurus_round-robin-arbiter-aurus_seed01/accumulated/spec58.tlsf,1
round-robin-arbiter-aurus,9314cea0a21167ff2750647a4e1c7c26,av3,27,spec526.tlsf,experiments/results-aurus-curves/aurus_round-robin-arbiter-aurus_seed27/accumulated/spec526.tlsf,1
round-robin-arbiter-aurus,935dfee68404bbf2d0e572976352ca0a,av2,11,spec283.tlsf,experiments/results-aurus-curves/aurus_round-robin-arbiter-aurus_seed11/accumulated/spec283.tlsf,1
round-robin-arbiter-aurus,9368975761a25b37e6db0e3d740e6159,av2,5,spec409.tlsf,experiments/results-aurus-curves/aurus_round-robin-arbiter-aurus_seed05/accumulated/spec409.tlsf,1
round-robin-arbiter-aurus,943a2ad57accbf75c8f589a9364fe4a0,av3,22,spec357.tlsf,experiments/results-aurus-curves/aurus_round-robin-arbiter-aurus_seed22/accumulated/spec357.tlsf,1
round-robin-arbiter-aurus,943df806d5d2be2734732e4b92d10c83,av2,11,spec225.tlsf,experiments/results-aurus-curves/aurus_round-robin-arbiter-aurus_seed11/accumulated/spec225.tlsf,1
round-robin-arbiter-aurus,94f4ace944ced688cc06881866809b69,av2,8,spec118.tlsf,experiments/results-aurus-curves/aurus_round-robin-arbiter-aurus_seed08/accumulated/spec118.tlsf,1
round-robin-arbiter-aurus,956e87f0ee94820b121c7eae6b840cd3,av3,19,spec216.tlsf,experiments/results-aurus-curves/aurus_round-robin-arbiter-aurus_seed19/accumulated/spec216.tlsf,1
round-robin-arbiter-aurus,957f15a5f9dc74f988c3b423581f234a,av2,14,spec296.tlsf,experiments/results-aurus-curves/aurus_round-robin-arbiter-aurus_seed14/accumulated/spec296.tlsf,1
round-robin-arbiter-aurus,95aaa47a640fce951dbecb2e38bc213d,av2,6,spec121.tlsf,experiments/results-aurus-curves/aurus_round-robin-arbiter-aurus_seed06/accumulated/spec121.tlsf,1
round-robin-arbiter-aurus,95cd3975c81dbf07c50d71304f83f9b2,av2,3,spec217.tlsf,experiments/results-aurus-curves/aurus_round-robin-arbiter-aurus_seed03/accumulated/spec217.tlsf,1
round-robin-arbiter-aurus,95f0fb9eadc1d2037e02c7517cc3664a,av2,14,spec31.tlsf,experiments/results-aurus-curves/aurus_round-robin-arbiter-aurus_seed14/accumulated/spec31.tlsf,1
round-robin-arbiter-aurus,96443e9899cbec892f11dd505e3aad5d,av3,26,spec82.tlsf,experiments/results-aurus-curves/aurus_round-robin-arbiter-aurus_seed26/accumulated/spec82.tlsf,1
round-robin-arbiter-aurus,96733c589fbfe682e02858463f7d4a08,av3,24,spec130.tlsf,experiments/results-aurus-curves/aurus_round-robin-arbiter-aurus_seed24/accumulated/spec130.tlsf,1
round-robin-arbiter-aurus,97115e90f3d2173b326cd1f9629d295c,av3,29,spec214.tlsf,experiments/results-aurus-curves/aurus_round-robin-arbiter-aurus_seed29/accumulated/spec214.tlsf,1
round-robin-arbiter-aurus,978443ce73cf4a2acc1fb6e3d62e6ee5,av2,4,spec444.tlsf,experiments/results-aurus-curves/aurus_round-robin-arbiter-aurus_seed04/accumulated/spec444.tlsf,1
round-robin-arbiter-aurus,978cb08a39d684403419847f7f19322d,av3,25,spec164.tlsf,experiments/results-aurus-curves/aurus_round-robin-arbiter-aurus_seed25/accumulated/spec164.tlsf,1
round-robin-arbiter-aurus,98019b1936a51b5661ee3d13750f0676,av2,5,spec571.tlsf,experiments/results-aurus-curves/aurus_round-robin-arbiter-aurus_seed05/accumulated/spec571.tlsf,1
round-robin-arbiter-aurus,9806bc067124745ffc02d60db7e9fce5,av3,28,spec440.tlsf,experiments/results-aurus-curves/aurus_round-robin-arbiter-aurus_seed28/accumulated/spec440.tlsf,1
round-robin-arbiter-aurus,98436943b68116cbfcfce11913c41c4d,av2,3,spec504.tlsf,experiments/results-aurus-curves/aurus_round-robin-arbiter-aurus_seed03/accumulated/spec504.tlsf,1
round-robin-arbiter-aurus,985a124df2b4baf474ae4569e2f7d271,av2,9,spec610.tlsf,experiments/results-aurus-curves/aurus_round-robin-arbiter-aurus_seed09/accumulated/spec610.tlsf,1
round-robin-arbiter-aurus,98f4583b2f1030ec0df97bb7a9682642,av2,3,spec548.tlsf,experiments/results-aurus-curves/aurus_round-robin-arbiter-aurus_seed03/accumulated/spec548.tlsf,1
round-robin-arbiter-aurus,993d26359c6335f2e0e4e749fc0091dc,av2,1,spec112.tlsf,experiments/results-aurus-curves/aurus_round-robin-arbiter-aurus_seed01/accumulated/spec112.tlsf,1
round-robin-arbiter-aurus,999d84c286a69a58eedfb7bada6fb0e5,av2,4,spec413.tlsf,experiments/results-aurus-curves/aurus_round-robin-arbiter-aurus_seed04/accumulated/spec413.tlsf,1
round-robin-arbiter-aurus,99e6ae14c4b7fee597e72cf4395efbdd,av3,28,spec222.tlsf,experiments/results-aurus-curves/aurus_round-robin-arbiter-aurus_seed28/accumulated/spec222.tlsf,1
round-robin-arbiter-aurus,9a224e0147cd46f1a3bdc5fe0982ce54,av3,29,spec366.tlsf,experiments/results-aurus-curves/aurus_round-robin-arbiter-aurus_seed29/accumulated/spec366.tlsf,1
round-robin-arbiter-aurus,9a34a00f5c59c30ff01df705c6a70eba,av2,7,spec219.tlsf,experiments/results-aurus-curves/aurus_round-robin-arbiter-aurus_seed07/accumulated/spec219.tlsf,1
round-robin-arbiter-aurus,9aafe06c548f349558800a558f1df5d2,av3,19,spec209.tlsf,experiments/results-aurus-curves/aurus_round-robin-arbiter-aurus_seed19/accumulated/spec209.tlsf,1
round-robin-arbiter-aurus,9af4c3c6cde6f0cdb08a7b979c30bb47,av3,29,spec434.tlsf,experiments/results-aurus-curves/aurus_round-robin-arbiter-aurus_seed29/accumulated/spec434.tlsf,1
round-robin-arbiter-aurus,9b4ac41f2a9966272d9a0e524527fe2f,av2,2,spec549.tlsf,experiments/results-aurus-curves/aurus_round-robin-arbiter-aurus_seed02/accumulated/spec549.tlsf,1
round-robin-arbiter-aurus,9b5169e0d6057292ca12e609e58c0db3,av3,18,spec310.tlsf,experiments/results-aurus-curves/aurus_round-robin-arbiter-aurus_seed18/accumulated/spec310.tlsf,1
round-robin-arbiter-aurus,9b7241e6bb8b63490fdeeebdcc621faf,av3,19,spec336.tlsf,experiments/results-aurus-curves/aurus_round-robin-arbiter-aurus_seed19/accumulated/spec336.tlsf,1
round-robin-arbiter-aurus,9c1bacda8939dbafaaafc3915e8490de,av2,14,spec222.tlsf,experiments/results-aurus-curves/aurus_round-robin-arbiter-aurus_seed14/accumulated/spec222.tlsf,1
round-robin-arbiter-aurus,9cc4fd0c9bdc051be045d867265dd35d,av3,24,spec125.tlsf,experiments/results-aurus-curves/aurus_round-robin-arbiter-aurus_seed24/accumulated/spec125.tlsf,1
round-robin-arbiter-aurus,9d1bdbe56ab7385b1dcf399a7c0f2f8d,av3,26,spec238.tlsf,experiments/results-aurus-curves/aurus_round-robin-arbiter-aurus_seed26/accumulated/spec238.tlsf,1
round-robin-arbiter-aurus,9d2f15aa26e0407c3fef2fb05c73cc5a,av3,21,spec460.tlsf,experiments/results-aurus-curves/aurus_round-robin-arbiter-aurus_seed21/accumulated/spec460.tlsf,1
round-robin-arbiter-aurus,9daa8bd4827f176916d8afab95df5646,av2,5,spec513.tlsf,experiments/results-aurus-curves/aurus_round-robin-arbiter-aurus_seed05/accumulated/spec513.tlsf,1
round-robin-arbiter-aurus,9ddc59dad82ad43b26317d78e1eb9ed8,av2,0,spec443.tlsf,experiments/results-aurus-curves/aurus_round-robin-arbiter-aurus_seed00/accumulated/spec443.tlsf,1
round-robin-arbiter-aurus,9e01d69e94437d8cd09b6b981e4b03ee,av2,3,spec450.tlsf,experiments/results-aurus-curves/aurus_round-robin-arbiter-aurus_seed03/accumulated/spec450.tlsf,1
round-robin-arbiter-aurus,9e1dbdf56c53a6c17470bee3f0b378a1,av2,4,spec84.tlsf,experiments/results-aurus-curves/aurus_round-robin-arbiter-aurus_seed04/accumulated/spec84.tlsf,1
round-robin-arbiter-aurus,9e6b75bcac2802181955e17f50fc0207,av2,9,spec368.tlsf,experiments/results-aurus-curves/aurus_round-robin-arbiter-aurus_seed09/accumulated/spec368.tlsf,1
round-robin-arbiter-aurus,9eb0ac9651bae147ad4a7a81225f7963,av2,8,spec47.tlsf,experiments/results-aurus-curves/aurus_round-robin-arbiter-aurus_seed08/accumulated/spec47.tlsf,1
round-robin-arbiter-aurus,9f5db6cecd103ef3838df3b4d0c08a01,av2,6,spec533.tlsf,experiments/results-aurus-curves/aurus_round-robin-arbiter-aurus_seed06/accumulated/spec533.tlsf,1
round-robin-arbiter-aurus,9f91ab7f4c4bc08c64f99b52e15a05a5,av3,26,spec380.tlsf,experiments/results-aurus-curves/aurus_round-robin-arbiter-aurus_seed26/accumulated/spec380.tlsf,1
round-robin-arbiter-aurus,9fd6b351e63d01856d8932e3383171f2,av3,28,spec375.tlsf,experiments/results-aurus-curves/aurus_round-robin-arbiter-aurus_seed28/accumulated/spec375.tlsf,1
round-robin-arbiter-aurus,a003b14aba2997a3afe4269370a6b1f2,av2,0,spec544.tlsf,experiments/results-aurus-curves/aurus_round-robin-arbiter-aurus_seed00/accumulated/spec544.tlsf,1
round-robin-arbiter-aurus,a049130200c0f75d260e264d2645b9cd,av3,21,spec348.tlsf,experiments/results-aurus-curves/aurus_round-robin-arbiter-aurus_seed21/accumulated/spec348.tlsf,1
round-robin-arbiter-aurus,a0560c955022d03f62f2fdc92a8ce5e6,av3,26,spec502.tlsf,experiments/results-aurus-curves/aurus_round-robin-arbiter-aurus_seed26/accumulated/spec502.tlsf,1
round-robin-arbiter-aurus,a0625d23f2ed0e9e5166bba86ad31afe,av3,15,spec348.tlsf,experiments/results-aurus-curves/aurus_round-robin-arbiter-aurus_seed15/accumulated/spec348.tlsf,1
round-robin-arbiter-aurus,a06a3e7237b6a64f68e6708872b211ab,av3,27,spec291.tlsf,experiments/results-aurus-curves/aurus_round-robin-arbiter-aurus_seed27/accumulated/spec291.tlsf,1
round-robin-arbiter-aurus,a072c267625c832961d92d3fe75f5705,av2,14,spec396.tlsf,experiments/results-aurus-curves/aurus_round-robin-arbiter-aurus_seed14/accumulated/spec396.tlsf,1
round-robin-arbiter-aurus,a0ccc1a138dfd6033916ff0aa4f9f93f,av3,23,spec284.tlsf,experiments/results-aurus-curves/aurus_round-robin-arbiter-aurus_seed23/accumulated/spec284.tlsf,1
round-robin-arbiter-aurus,a0f0ce2f70ab8f38a02f3e24c4c7a21d,av3,20,spec155.tlsf,experiments/results-aurus-curves/aurus_round-robin-arbiter-aurus_seed20/accumulated/spec155.tlsf,1
round-robin-arbiter-aurus,a0fdeba88f86f32de57d1ae8c6e1685a,av2,11,spec142.tlsf,experiments/results-aurus-curves/aurus_round-robin-arbiter-aurus_seed11/accumulated/spec142.tlsf,1
round-robin-arbiter-aurus,a1379ef62387eab7b43bb2451319bac0,av3,16,spec208.tlsf,experiments/results-aurus-curves/aurus_round-robin-arbiter-aurus_seed16/accumulated/spec208.tlsf,1
round-robin-arbiter-aurus,a14496057fb77b361171a5881eebbb0e,av2,6,spec205.tlsf,experiments/results-aurus-curves/aurus_round-robin-arbiter-aurus_seed06/accumulated/spec205.tlsf,1
round-robin-arbiter-aurus,a14f67e0033db4fb1b55725cd1414b56,av3,25,spec153.tlsf,experiments/results-aurus-curves/aurus_round-robin-arbiter-aurus_seed25/accumulated/spec153.tlsf,1
round-robin-arbiter-aurus,a1766353527d196871412f10d21b5d22,av2,12,spec141.tlsf,experiments/results-aurus-curves/aurus_round-robin-arbiter-aurus_seed12/accumulated/spec141.tlsf,1
round-robin-arbiter-aurus,a1a609a281552afb71e561a05466ae97,av3,27,spec241.tlsf,experiments/results-aurus-curves/aurus_round-robin-arbiter-aurus_seed27/accumulated/spec241.tlsf,1
round-robin-arbiter-aurus,a24a8809f3da3f7d97bf3e87d5f2af99,av2,3,spec339.tlsf,experiments/results-aurus-curves/aurus_round-robin-arbiter-aurus_seed03/accumulated/spec339.tlsf,1
round-robin-arbiter-aurus,a278244f0d8e8c7865ba36195fd4c9df,av2,8,spec253.tlsf,experiments/results-aurus-curves/aurus_round-robin-arbiter-aurus_seed08/accumulated/spec253.tlsf,1
round-robin-arbiter-aurus,a2bddc8c77e55dae971f337146c0c5e3,av3,23,spec342.tlsf,experiments/results-aurus-curves/aurus_round-robin-arbiter-aurus_seed23/accumulated/spec342.tlsf,1
round-robin-arbiter-aurus,a2c4199a8caa997d9963ad021cf68b66,av2,11,spec505.tlsf,experiments/results-aurus-curves/aurus_round-robin-arbiter-aurus_seed11/accumulated/spec505.tlsf,1
round-robin-arbiter-aurus,a2fc6fe5fabd0319944fb73645afa5f8,av2,6,spec123.tlsf,experiments/results-aurus-curves/aurus_round-robin-arbiter-aurus_seed06/accumulated/spec123.tlsf,1
round-robin-arbiter-aurus,a327a8a35b2b72504b9a050e1893cb14,av3,27,spec142.tlsf,experiments/results-aurus-curves/aurus_round-robin-arbiter-aurus_seed27/accumulated/spec142.tlsf,1
round-robin-arbiter-aurus,a3934589b9ad271af848b2f15b004f54,av3,16,spec616.tlsf,experiments/results-aurus-curves/aurus_round-robin-arbiter-aurus_seed16/accumulated/spec616.tlsf,1
round-robin-arbiter-aurus,a3e60ec1ce7dd8087808e3ec54f71f26,av3,23,spec479.tlsf,experiments/results-aurus-curves/aurus_round-robin-arbiter-aurus_seed23/accumulated/spec479.tlsf,1
round-robin-arbiter-aurus,a4367a8afcdf0c90fb46a5d6b42ca3b0,av3,25,spec31.tlsf,experiments/results-aurus-curves/aurus_round-robin-arbiter-aurus_seed25/accumulated/spec31.tlsf,1
round-robin-arbiter-aurus,a521659c943e0629d1d4993938467bab,av2,3,spec313.tlsf,experiments/results-aurus-curves/aurus_round-robin-arbiter-aurus_seed03/accumulated/spec313.tlsf,1
round-robin-arbiter-aurus,a5dc8cc627477f7a4a55597dd68fd61a,av2,4,spec496.tlsf,experiments/results-aurus-curves/aurus_round-robin-arbiter-aurus_seed04/accumulated/spec496.tlsf,1
round-robin-arbiter-aurus,a5de24fd1e8efa85f61e58a5dbd118db,av3,29,spec535.tlsf,experiments/results-aurus-curves/aurus_round-robin-arbiter-aurus_seed29/accumulated/spec535.tlsf,1
round-robin-arbiter-aurus,a60a2d4be5914baaa353ee4c7139c8ad,av2,10,spec355.tlsf,experiments/results-aurus-curves/aurus_round-robin-arbiter-aurus_seed10/accumulated/spec355.tlsf,1
round-robin-arbiter-aurus,a6bb0d145abd98eb38506404be509767,av3,24,spec440.tlsf,experiments/results-aurus-curves/aurus_round-robin-arbiter-aurus_seed24/accumulated/spec440.tlsf,1
round-robin-arbiter-aurus,a6ec40233d80c371eca31a3e599ac3f0,av2,0,spec120.tlsf,experiments/results-aurus-curves/aurus_round-robin-arbiter-aurus_seed00/accumulated/spec120.tlsf,1
round-robin-arbiter-aurus,a701cc05fe9432f39a6f458dffacb842,av2,9,spec476.tlsf,experiments/results-aurus-curves/aurus_round-robin-arbiter-aurus_seed09/accumulated/spec476.tlsf,1
round-robin-arbiter-aurus,a70efb7859f29302f7dbbfbcc1bd1a1e,av2,13,spec45.tlsf,experiments/results-aurus-curves/aurus_round-robin-arbiter-aurus_seed13/accumulated/spec45.tlsf,1
round-robin-arbiter-aurus,a71afe4f62b2ab0eb6a53ef1eb34c0b8,av3,21,spec433.tlsf,experiments/results-aurus-curves/aurus_round-robin-arbiter-aurus_seed21/accumulated/spec433.tlsf,2
round-robin-arbiter-aurus,a73783c455276da2143765087c50237f,av3,28,spec229.tlsf,experiments/results-aurus-curves/aurus_round-robin-arbiter-aurus_seed28/accumulated/spec229.tlsf,1
round-robin-arbiter-aurus,a74981043a01de561bd97c9ca4cf78b5,av3,18,spec565.tlsf,experiments/results-aurus-curves/aurus_round-robin-arbiter-aurus_seed18/accumulated/spec565.tlsf,1
round-robin-arbiter-aurus,a76f411e57fa7fc6533b2fa9a7f9d759,av2,12,spec348.tlsf,experiments/results-aurus-curves/aurus_round-robin-arbiter-aurus_seed12/accumulated/spec348.tlsf,1
round-robin-arbiter-aurus,a78861f92d19e000e7f81ad79e06ef09,av3,20,spec421.tlsf,experiments/results-aurus-curves/aurus_round-robin-arbiter-aurus_seed20/accumulated/spec421.tlsf,1
round-robin-arbiter-aurus,a7a837e15f7ee412c62d04222f000388,av3,24,spec23.tlsf,experiments/results-aurus-curves/aurus_round-robin-arbiter-aurus_seed24/accumulated/spec23.tlsf,1
round-robin-arbiter-aurus,a7c1188967650d6e3b2e20b16d173f82,av3,28,spec371.tlsf,experiments/results-aurus-curves/aurus_round-robin-arbiter-aurus_seed28/accumulated/spec371.tlsf,1
round-robin-arbiter-aurus,a7f7f090ec8d983e2758187ce0d46555,av3,22,spec176.tlsf,experiments/results-aurus-curves/aurus_round-robin-arbiter-aurus_seed22/accumulated/spec176.tlsf,1
round-robin-arbiter-aurus,a83a76a67c22e803294618002c4d354b,av2,1,spec561.tlsf,experiments/results-aurus-curves/aurus_round-robin-arbiter-aurus_seed01/accumulated/spec561.tlsf,1
round-robin-arbiter-aurus,a847c098b3b7fa5108cbeb6e1b0ed50d,av3,23,spec296.tlsf,experiments/results-aurus-curves/aurus_round-robin-arbiter-aurus_seed23/accumulated/spec296.tlsf,1
round-robin-arbiter-aurus,a8782277ab68a915f56e763e34645df9,av3,27,spec108.tlsf,experiments/results-aurus-curves/aurus_round-robin-arbiter-aurus_seed27/accumulated/spec108.tlsf,1
round-robin-arbiter-aurus,a908f1643335806ef4274af606de6240,av2,0,spec313.tlsf,experiments/results-aurus-curves/aurus_round-robin-arbiter-aurus_seed00/accumulated/spec313.tlsf,1
round-robin-arbiter-aurus,a93b1e8189812ce148f8a167a454ee2b,av2,10,spec162.tlsf,experiments/results-aurus-curves/aurus_round-robin-arbiter-aurus_seed10/accumulated/spec162.tlsf,1
round-robin-arbiter-aurus,a94424ca4f6dd5975f09ce59f2e98bfa,av2,13,spec515.tlsf,experiments/results-aurus-curves/aurus_round-robin-arbiter-aurus_seed13/accumulated/spec515.tlsf,1
round-robin-arbiter-aurus,a945282b4cac48631f81ec06ac8744cd,av2,14,spec292.tlsf,experiments/results-aurus-curves/aurus_round-robin-arbiter-aurus_seed14/accumulated/spec292.tlsf,1
round-robin-arbiter-aurus,a99fd04708e37fe92ebbb44087613499,av2,4,spec335.tlsf,experiments/results-aurus-curves/aurus_round-robin-arbiter-aurus_seed04/accumulated/spec335.tlsf,1
round-robin-arbiter-aurus,aa1af97ce112b6a29f47f8e5ecb46931,av2,13,spec89.tlsf,experiments/results-aurus-curves/aurus_round-robin-arbiter-aurus_seed13/accumulated/spec89.tlsf,1
round-robin-arbiter-aurus,aa25d75dd2867f5604388c1394389a8d,av3,21,spec276.tlsf,experiments/results-aurus-curves/aurus_round-robin-arbiter-aurus_seed21/accumulated/spec276.tlsf,1
round-robin-arbiter-aurus,aa2bd2f96978669f4d8aa671588d9149,av2,11,spec37.tlsf,experiments/results-aurus-curves/aurus_round-robin-arbiter-aurus_seed11/accumulated/spec37.tlsf,1
round-robin-arbiter-aurus,ab7fb01dcbb56bb8d47eddc00fe29d58,av3,22,spec215.tlsf,experiments/results-aurus-curves/aurus_round-robin-arbiter-aurus_seed22/accumulated/spec215.tlsf,1
round-robin-arbiter-aurus,ab805f70d819cfe88590e23376dc4731,av2,9,spec451.tlsf,experiments/results-aurus-curves/aurus_round-robin-arbiter-aurus_seed09/accumulated/spec451.tlsf,1
round-robin-arbiter-aurus,abf10808f12abcbe4933c765a71e4d8a,av3,29,spec549.tlsf,experiments/results-aurus-curves/aurus_round-robin-arbiter-aurus_seed29/accumulated/spec549.tlsf,1
round-robin-arbiter-aurus,ac152bf1ee1d046b5de8e635903b2e9a,av3,16,spec278.tlsf,experiments/results-aurus-curves/aurus_round-robin-arbiter-aurus_seed16/accumulated/spec278.tlsf,1
round-robin-arbiter-aurus,ac30931275071230b08e2680909d926e,av2,4,spec167.tlsf,experiments/results-aurus-curves/aurus_round-robin-arbiter-aurus_seed04/accumulated/spec167.tlsf,1
round-robin-arbiter-aurus,ac461ae073076497f204378eb51b99ce,av3,21,spec340.tlsf,experiments/results-aurus-curves/aurus_round-robin-arbiter-aurus_seed21/accumulated/spec340.tlsf,1
round-robin-arbiter-aurus,acac703b33586c38569b295a439f381a,av2,6,spec500.tlsf,experiments/results-aurus-curves/aurus_round-robin-arbiter-aurus_seed06/accumulated/spec500.tlsf,1
round-robin-arbiter-aurus,ace7821fa8b69b255872d73bb243ab6f,av3,17,spec52.tlsf,experiments/results-aurus-curves/aurus_round-robin-arbiter-aurus_seed17/accumulated/spec52.tlsf,1
round-robin-arbiter-aurus,acf445c0971603ef218b478452d144cd,av3,20,spec554.tlsf,experiments/results-aurus-curves/aurus_round-robin-arbiter-aurus_seed20/accumulated/spec554.tlsf,1
round-robin-arbiter-aurus,ad5862187931b9440f8eefaffb37340a,av2,8,spec258.tlsf,experiments/results-aurus-curves/aurus_round-robin-arbiter-aurus_seed08/accumulated/spec258.tlsf,1
round-robin-arbiter-aurus,adda5d9d21c636d3b9912054bd66de4d,av2,14,spec560.tlsf,experiments/results-aurus-curves/aurus_round-robin-arbiter-aurus_seed14/accumulated/spec560.tlsf,2
round-robin-arbiter-aurus,ae03afd831324d65e78308d8a04f8f42,av3,16,spec201.tlsf,experiments/results-aurus-curves/aurus_round-robin-arbiter-aurus_seed16/accumulated/spec201.tlsf,1
round-robin-arbiter-aurus,af287318507293e0c92aea11de892f7b,av3,24,spec146.tlsf,experiments/results-aurus-curves/aurus_round-robin-arbiter-aurus_seed24/accumulated/spec146.tlsf,1
round-robin-arbiter-aurus,afef54d9622a137f9cb3f9d8b62ffb75,av3,18,spec238.tlsf,experiments/results-aurus-curves/aurus_round-robin-arbiter-aurus_seed18/accumulated/spec238.tlsf,1
round-robin-arbiter-aurus,b0652990343c6bb4889726fcaa3ffba5,av2,2,spec601.tlsf,experiments/results-aurus-curves/aurus_round-robin-arbiter-aurus_seed02/accumulated/spec601.tlsf,1
round-robin-arbiter-aurus,b0dd58c6409ac95397f694753eb81099,av2,7,spec87.tlsf,experiments/results-aurus-curves/aurus_round-robin-arbiter-aurus_seed07/accumulated/spec87.tlsf,1
round-robin-arbiter-aurus,b0eac83099cee32f6341ee2ed690828f,av3,24,spec427.tlsf,experiments/results-aurus-curves/aurus_round-robin-arbiter-aurus_seed24/accumulated/spec427.tlsf,1
round-robin-arbiter-aurus,b11e084e064fde4aec3441f776d09b1b,av3,23,spec106.tlsf,experiments/results-aurus-curves/aurus_round-robin-arbiter-aurus_seed23/accumulated/spec106.tlsf,1
round-robin-arbiter-aurus,b12a0627e60eae423955b622e50577de,av2,5,spec279.tlsf,experiments/results-aurus-curves/aurus_round-robin-arbiter-aurus_seed05/accumulated/spec279.tlsf,1
round-robin-arbiter-aurus,b165e29ecdd56fe4ba841325bc776219,av3,21,spec598.tlsf,experiments/results-aurus-curves/aurus_round-robin-arbiter-aurus_seed21/accumulated/spec598.tlsf,1
round-robin-arbiter-aurus,b16b1eb722b0bde304ac9b6d822ff847,av3,29,spec647.tlsf,experiments/results-aurus-curves/aurus_round-robin-arbiter-aurus_seed29/accumulated/spec647.tlsf,1
round-robin-arbiter-aurus,b19dd00b32dbcc4ff7052d5a33b298b4,av3,20,spec104.tlsf,experiments/results-aurus-curves/aurus_round-robin-arbiter-aurus_seed20/accumulated/spec104.tlsf,1
round-robin-arbiter-aurus,b21ec033cdf5414051be856767af42af,av3,17,spec615.tlsf,experiments/results-aurus-curves/aurus_round-robin-arbiter-aurus_seed17/accumulated/spec615.tlsf,1
round-robin-arbiter-aurus,b2587b3370e94bd5e21a6127593df80e,av2,8,spec435.tlsf,experiments/results-aurus-curves/aurus_round-robin-arbiter-aurus_seed08/accumulated/spec435.tlsf,1
round-robin-arbiter-aurus,b325f8aa57af2a5b8e60981c55d643a3,av3,26,spec85.tlsf,experiments/results-aurus-curves/aurus_round-robin-arbiter-aurus_seed26/accumulated/spec85.tlsf,1
round-robin-arbiter-aurus,b346cb1e62ec522efa3095ae96e9ce15,av2,2,spec147.tlsf,experiments/results-aurus-curves/aurus_round-robin-arbiter-aurus_seed02/accumulated/spec147.tlsf,1
round-robin-arbiter-aurus,b37d926dd461983852b2717eb5b3e7d2,av2,14,spec288.tlsf,experiments/results-aurus-curves/aurus_round-robin-arbiter-aurus_seed14/accumulated/spec288.tlsf,1
round-robin-arbiter-aurus,b3a0b0721762a611fd745ff42ea77603,av2,11,spec187.tlsf,experiments/results-aurus-curves/aurus_round-robin-arbiter-aurus_seed11/accumulated/spec187.tlsf,1
round-robin-arbiter-aurus,b3b59e5291d7d9dcc914275bd00485d3,av3,19,spec323.tlsf,experiments/results-aurus-curves/aurus_round-robin-arbiter-aurus_seed19/accumulated/spec323.tlsf,1
round-robin-arbiter-aurus,b412a4de5a651e09f226387653c7acd0,av3,21,spec87.tlsf,experiments/results-aurus-curves/aurus_round-robin-arbiter-aurus_seed21/accumulated/spec87.tlsf,1
round-robin-arbiter-aurus,b44631a9120cec7a5a007b9fd0151a66,av2,7,spec126.tlsf,experiments/results-aurus-curves/aurus_round-robin-arbiter-aurus_seed07/accumulated/spec126.tlsf,1
round-robin-arbiter-aurus,b497be60bf84baaee4ba5f6a799bb2b4,av2,7,spec272.tlsf,experiments/results-aurus-curves/aurus_round-robin-arbiter-aurus_seed07/accumulated/spec272.tlsf,1
round-robin-arbiter-aurus,b4bff54da9e3875691625a4230a90179,av3,27,spec172.tlsf,experiments/results-aurus-curves/aurus_round-robin-arbiter-aurus_seed27/accumulated/spec172.tlsf,1
round-robin-arbiter-aurus,b4e8fbd825d72cb1e62aea032f9ac26d,av3,20,spec520.tlsf,experiments/results-aurus-curves/aurus_round-robin-arbiter-aurus_seed20/accumulated/spec520.tlsf,1
round-robin-arbiter-aurus,b4f30f8e4bddddc0472e0ffb722bc03f,av3,17,spec584.tlsf,experiments/results-aurus-curves/aurus_round-robin-arbiter-aurus_seed17/accumulated/spec584.tlsf,1
round-robin-arbiter-aurus,b4f41901af21401aa30f6c420d5be727,av2,5,spec191.tlsf,experiments/results-aurus-curves/aurus_round-robin-arbiter-aurus_seed05/accumulated/spec191.tlsf,1
round-robin-arbiter-aurus,b53c16499817793c8e911fe798fea2cd,av2,9,spec620.tlsf,experiments/results-aurus-curves/aurus_round-robin-arbiter-aurus_seed09/accumulated/spec620.tlsf,1
round-robin-arbiter-aurus,b5678131d3de4161642a8923175cdd91,av3,29,spec614.tlsf,experiments/results-aurus-curves/aurus_round-robin-arbiter-aurus_seed29/accumulated/spec614.tlsf,1
round-robin-arbiter-aurus,b579def78e8df682df13400f9e45ae26,av2,1,spec493.tlsf,experiments/results-aurus-curves/aurus_round-robin-arbiter-aurus_seed01/accumulated/spec493.tlsf,1
round-robin-arbiter-aurus,b5c6bcb823d394b31fa3774947853ee3,av2,8,spec187.tlsf,experiments/results-aurus-curves/aurus_round-robin-arbiter-aurus_seed08/accumulated/spec187.tlsf,1
round-robin-arbiter-aurus,b648a7f56789cc6801746e05a7a60e3e,av2,9,spec144.tlsf,experiments/results-aurus-curves/aurus_round-robin-arbiter-aurus_seed09/accumulated/spec144.tlsf,1
round-robin-arbiter-aurus,b6563e5e544f24e86de18760c96006a4,av3,20,spec494.tlsf,experiments/results-aurus-curves/aurus_round-robin-arbiter-aurus_seed20/accumulated/spec494.tlsf,1
round-robin-arbiter-aurus,b7889d2a657cf81342dcdd68eee96d1f,av3,19,spec274.tlsf,experiments/results-aurus-curves/aurus_round-robin-arbiter-aurus_seed19/accumulated/spec274.tlsf,1
round-robin-arbiter-aurus,b83094e5d2a04009e3903cc5e1f29f96,av3,20,spec107.tlsf,experiments/results-aurus-curves/aurus_round-robin-arbiter-aurus_seed20/accumulated/spec107.tlsf,1
round-robin-arbiter-aurus,b83ccab19309615a9cf5ed9e02e11e67,av3,15,spec350.tlsf,experiments/results-aurus-curves/aurus_round-robin-arbiter-aurus_seed15/accumulated/spec350.tlsf,1
round-robin-arbiter-aurus,b848d714bdfcdcea1908c8092dfed849,av2,0,spec475.tlsf,experiments/results-aurus-curves/aurus_round-robin-arbiter-aurus_seed00/accumulated/spec475.tlsf,1
round-robin-arbiter-aurus,b8625624f9e435f4d8e06c74d7404091,av2,9,spec449.tlsf,experiments/results-aurus-curves/aurus_round-robin-arbiter-aurus_seed09/accumulated/spec449.tlsf,1
round-robin-arbiter-aurus,b90132c32abf6d02d57a7cd575090516,av3,27,spec307.tlsf,experiments/results-aurus-curves/aurus_round-robin-arbiter-aurus_seed27/accumulated/spec307.tlsf,1
round-robin-arbiter-aurus,b9129de72c3cad482035e7d222dec193,av2,3,spec153.tlsf,experiments/results-aurus-curves/aurus_round-robin-arbiter-aurus_seed03/accumulated/spec153.tlsf,1
round-robin-arbiter-aurus,b98977dbd937db92f0d3dea1597088e5,av3,15,spec100.tlsf,experiments/results-aurus-curves/aurus_round-robin-arbiter-aurus_seed15/accumulated/spec100.tlsf,1
round-robin-arbiter-aurus,b9bd48a4007523f7511b1035675f06f4,av3,27,spec206.tlsf,experiments/results-aurus-curves/aurus_round-robin-arbiter-aurus_seed27/accumulated/spec206.tlsf,1
round-robin-arbiter-aurus,ba5c086b41b35d77502a7a947dbc020e,av2,3,spec73.tlsf,experiments/results-aurus-curves/aurus_round-robin-arbiter-aurus_seed03/accumulated/spec73.tlsf,1
round-robin-arbiter-aurus,bb4cf081ea4bc564b2d98df795f5a621,av3,15,spec176.tlsf,experiments/results-aurus-curves/aurus_round-robin-arbiter-aurus_seed15/accumulated/spec176.tlsf,1
round-robin-arbiter-aurus,bc75d3fc45e3c9d60e681d585bb10a2f,av3,16,spec307.tlsf,experiments/results-aurus-curves/aurus_round-robin-arbiter-aurus_seed16/accumulated/spec307.tlsf,1
round-robin-arbiter-aurus,bccd470588a53b8cac2214305f2635aa,av2,2,spec448.tlsf,experiments/results-aurus-curves/aurus_round-robin-arbiter-aurus_seed02/accumulated/spec448.tlsf,1
round-robin-arbiter-aurus,bcf7e4540ee720aa81666fabeee92481,av3,24,spec286.tlsf,experiments/results-aurus-curves/aurus_round-robin-arbiter-aurus_seed24/accumulated/spec286.tlsf,1
round-robin-arbiter-aurus,bd279c6f87d31a760336fee1259a98b9,av2,0,spec610.tlsf,experiments/results-aurus-curves/aurus_round-robin-arbiter-aurus_seed00/accumulated/spec610.tlsf,1
round-robin-arbiter-aurus,bd27f662b55f73a0212011128d0d4161,av3,21,spec398.tlsf,experiments/results-aurus-curves/aurus_round-robin-arbiter-aurus_seed21/accumulated/spec398.tlsf,1
round-robin-arbiter-aurus,bd339cf810b05661d876732394fa3715,av3,17,spec293.tlsf,experiments/results-aurus-curves/aurus_round-robin-arbiter-aurus_seed17/accumulated/spec293.tlsf,1
round-robin-arbiter-aurus,bd90d81b23ea37812adcde33698ad06b,av3,28,spec39.tlsf,experiments/results-aurus-curves/aurus_round-robin-arbiter-aurus_seed28/accumulated/spec39.tlsf,1
round-robin-arbiter-aurus,bdf7dcf6df3f69851f675055f36c25bc,av2,9,spec249.tlsf,experiments/results-aurus-curves/aurus_round-robin-arbiter-aurus_seed09/accumulated/spec249.tlsf,1
round-robin-arbiter-aurus,bead160a4936ac7bf4f5cbff21f84beb,av2,4,spec468.tlsf,experiments/results-aurus-curves/aurus_round-robin-arbiter-aurus_seed04/accumulated/spec468.tlsf,1
round-robin-arbiter-aurus,bf77607b3f0511e6e894897bf81d11ea,av2,13,spec262.tlsf,experiments/results-aurus-curves/aurus_round-robin-arbiter-aurus_seed13/accumulated/spec262.tlsf,1
round-robin-arbiter-aurus,bfb3377b6393097ab0798f5ff2188c79,av2,9,spec163.tlsf,experiments/results-aurus-curves/aurus_round-robin-arbiter-aurus_seed09/accumulated/spec163.tlsf,1
round-robin-arbiter-aurus,bfbcce3cf3c448c64299da66921c2b8c,av2,5,spec364.tlsf,experiments/results-aurus-curves/aurus_round-robin-arbiter-aurus_seed05/accumulated/spec364.tlsf,1
round-robin-arbiter-aurus,bfed54d5f53968b1e26d9fa05405bc86,av2,3,spec75.tlsf,experiments/results-aurus-curves/aurus_round-robin-arbiter-aurus_seed03/accumulated/spec75.tlsf,1
round-robin-arbiter-aurus,c02197a579a349c8d7ee17df1dcdc269,av2,2,spec275.tlsf,experiments/results-aurus-curves/aurus_round-robin-arbiter-aurus_seed02/accumulated/spec275.tlsf,1
round-robin-arbiter-aurus,c0584bc9411cc3dc9d1da0f77ede30f3,av2,9,spec127.tlsf,experiments/results-aurus-curves/aurus_round-robin-arbiter-aurus_seed09/accumulated/spec127.tlsf,1
round-robin-arbiter-aurus,c0f50c08d20d5a29e270210c8971cb43,av3,16,spec634.tlsf,experiments/results-aurus-curves/aurus_round-robin-arbiter-aurus_seed16/accumulated/spec634.tlsf,1
round-robin-arbiter-aurus,c13583406a2d780e162f31e21cbdb801,av2,13,spec30.tlsf,experiments/results-aurus-curves/aurus_round-robin-arbiter-aurus_seed13/accumulated/spec30.tlsf,1
round-robin-arbiter-aurus,c14f4a461660b61dd1127d1fcc7b2899,av2,2,spec235.tlsf,experiments/results-aurus-curves/aurus_round-robin-arbiter-aurus_seed02/accumulated/spec235.tlsf,1
round-robin-arbiter-aurus,c17c4e3e4ed411f80edfae25f3ce420d,av3,24,spec570.tlsf,experiments/results-aurus-curves/aurus_round-robin-arbiter-aurus_seed24/accumulated/spec570.tlsf,1
round-robin-arbiter-aurus,c2372a137572eb6df95f149838116866,av2,2,spec402.tlsf,experiments/results-aurus-curves/aurus_round-robin-arbiter-aurus_seed02/accumulated/spec402.tlsf,1
round-robin-arbiter-aurus,c2823066f14f47579af6d767b4932632,av2,11,spec175.tlsf,experiments/results-aurus-curves/aurus_round-robin-arbiter-aurus_seed11/accumulated/spec175.tlsf,1
round-robin-arbiter-aurus,c296506a95112b429223922b1e362aa8,av2,13,spec148.tlsf,experiments/results-aurus-curves/aurus_round-robin-arbiter-aurus_seed13/accumulated/spec148.tlsf,1
round-robin-arbiter-aurus,c2b393019dd97e276caef54a01f37bc2,av2,8,spec148.tlsf,experiments/results-aurus-curves/aurus_round-robin-arbiter-aurus_seed08/accumulated/spec148.tlsf,1
round-robin-arbiter-aurus,c2d369fc4d22d541fc6d81a368ab5ee9,av3,23,spec489.tlsf,experiments/results-aurus-curves/aurus_round-robin-arbiter-aurus_seed23/accumulated/spec489.tlsf,1
round-robin-arbiter-aurus,c3142ff30b818e6bb571018dd259a54e,av3,28,spec67.tlsf,experiments/results-aurus-curves/aurus_round-robin-arbiter-aurus_seed28/accumulated/spec67.tlsf,1
round-robin-arbiter-aurus,c379c1db1756d9c21ee5c7bc0aacf1ca,av3,29,spec43.tlsf,experiments/results-aurus-curves/aurus_round-robin-arbiter-aurus_seed29/accumulated/spec43.tlsf,1
round-robin-arbiter-aurus,c3c98defcb9b52d773900ce77100450b,av3,29,spec281.tlsf,experiments/results-aurus-curves/aurus_round-robin-arbiter-aurus_seed29/accumulated/spec281.tlsf,1
round-robin-arbiter-aurus,c48109658fba6bf5d03a6f6797a4b4aa,av3,17,spec212.tlsf,experiments/results-aurus-curves/aurus_round-robin-arbiter-aurus_seed17/accumulated/spec212.tlsf,1
round-robin-arbiter-aurus,c53e9e8df88affb89a906d1c517d949b,av2,9,spec430.tlsf,experiments/results-aurus-curves/aurus_round-robin-arbiter-aurus_seed09/accumulated/spec430.tlsf,1
round-robin-arbiter-aurus,c57da6c526964422a1c6d8a548decc5d,av2,1,spec101.tlsf,experiments/results-aurus-curves/aurus_round-robin-arbiter-aurus_seed01/accumulated/spec101.tlsf,1
round-robin-arbiter-aurus,c634bd2c90db5e3f611dd08b1a70545e,av3,17,spec101.tlsf,experiments/results-aurus-curves/aurus_round-robin-arbiter-aurus_seed17/accumulated/spec101.tlsf,1
round-robin-arbiter-aurus,c65b5ce03261c055500adfd3d664eff9,av3,19,spec222.tlsf,experiments/results-aurus-curves/aurus_round-robin-arbiter-aurus_seed19/accumulated/spec222.tlsf,1
round-robin-arbiter-aurus,c66b3102803fd7253c88cdd5d190028a,av2,9,spec399.tlsf,experiments/results-aurus-curves/aurus_round-robin-arbiter-aurus_seed09/accumulated/spec399.tlsf,1
round-robin-arbiter-aurus,c67652fe1af2fc011ef7ba2d6e158f0e,av3,27,spec635.tlsf,experiments/results-aurus-curves/aurus_round-robin-arbiter-aurus_seed27/accumulated/spec635.tlsf,1
round-robin-arbiter-aurus,c6aa30120cc4540327ed2bda22f33336,av3,27,spec609.tlsf,experiments/results-aurus-curves/aurus_round-robin-arbiter-aurus_seed27/accumulated/spec609.tlsf,1
round-robin-arbiter-aurus,c6c975f2161fcf6065cd35ab54368ed2,av2,2,spec328.tlsf,experiments/results-aurus-curves/aurus_round-robin-arbiter-aurus_seed02/accumulated/spec328.tlsf,1
round-robin-arbiter-aurus,c72cbe7fb3de320c9d58d562fdf247fd,av2,0,spec384.tlsf,experiments/results-aurus-curves/aurus_round-robin-arbiter-aurus_seed00/accumulated/spec384.tlsf,1
round-robin-arbiter-aurus,c7d3f2797e965eca7da726d25bb6743f,av2,3,spec484.tlsf,experiments/results-aurus-curves/aurus_round-robin-arbiter-aurus_seed03/accumulated/spec484.tlsf,1
round-robin-arbiter-aurus,c85ed98788be13230e9cda403f5768ba,av3,28,spec256.tlsf,experiments/results-aurus-curves/aurus_round-robin-arbiter-aurus_seed28/accumulated/spec256.tlsf,1
round-robin-arbiter-aurus,c8ac0162eeec21da85c5d1ce9d583539,av2,14,spec590.tlsf,experiments/results-aurus-curves/aurus_round-robin-arbiter-aurus_seed14/accumulated/spec590.tlsf,1
round-robin-arbiter-aurus,c8e8b64bef5bae11d55c08a2a8e1e75f,av3,16,spec524.tlsf,experiments/results-aurus-curves/aurus_round-robin-arbiter-aurus_seed16/accumulated/spec524.tlsf,1
round-robin-arbiter-aurus,c94666b7c5edef84719df56e4fda155c,av2,10,spec500.tlsf,experiments/results-aurus-curves/aurus_round-robin-arbiter-aurus_seed10/accumulated/spec500.tlsf,1
round-robin-arbiter-aurus,c99e87ad3400bb9024eeca315effb946,av3,21,spec609.tlsf,experiments/results-aurus-curves/aurus_round-robin-arbiter-aurus_seed21/accumulated/spec609.tlsf,1
round-robin-arbiter-aurus,c9ae2449baf4363d963b7504832471a4,av2,8,spec162.tlsf,experiments/results-aurus-curves/aurus_round-robin-arbiter-aurus_seed08/accumulated/spec162.tlsf,1
round-robin-arbiter-aurus,ca42ea76fe5aa8126f6e436b8b884af9,av3,29,spec352.tlsf,experiments/results-aurus-curves/aurus_round-robin-arbiter-aurus_seed29/accumulated/spec352.tlsf,1
round-robin-arbiter-aurus,cada9713bf93a286064e8e3132818a17,av3,21,spec550.tlsf,experiments/results-aurus-curves/aurus_round-robin-arbiter-aurus_seed21/accumulated/spec550.tlsf,1
round-robin-arbiter-aurus,cae1c08844848bd5fc0a862035b8ef40,av3,17,spec222.tlsf,experiments/results-aurus-curves/aurus_round-robin-arbiter-aurus_seed17/accumulated/spec222.tlsf,1
round-robin-arbiter-aurus,caea133d48f6cca031dfa2470bf8d925,av2,7,spec628.tlsf,experiments/results-aurus-curves/aurus_round-robin-arbiter-aurus_seed07/accumulated/spec628.tlsf,1
round-robin-arbiter-aurus,cb1e3e073bfff65d5f5ba0502d70efaf,av2,9,spec318.tlsf,experiments/results-aurus-curves/aurus_round-robin-arbiter-aurus_seed09/accumulated/spec318.tlsf,1
round-robin-arbiter-aurus,cb2a26d9ebfc80847b7d216c38b96074,av2,2,spec140.tlsf,experiments/results-aurus-curves/aurus_round-robin-arbiter-aurus_seed02/accumulated/spec140.tlsf,1
round-robin-arbiter-aurus,cb553340777944c6487fac56261e2f01,av2,13,spec492.tlsf,experiments/results-aurus-curves/aurus_round-robin-arbiter-aurus_seed13/accumulated/spec492.tlsf,1
round-robin-arbiter-aurus,cb558c76aecb681e6a587729b2d24627,av2,2,spec127.tlsf,experiments/results-aurus-curves/aurus_round-robin-arbiter-aurus_seed02/accumulated/spec127.tlsf,1
round-robin-arbiter-aurus,cb67c9a59d3136085f01402322463d87,av3,27,spec529.tlsf,experiments/results-aurus-curves/aurus_round-robin-arbiter-aurus_seed27/accumulated/spec529.tlsf,1
round-robin-arbiter-aurus,cbbd762ce1365c171cc2ded44f6b1fc7,av3,26,spec191.tlsf,experiments/results-aurus-curves/aurus_round-robin-arbiter-aurus_seed26/accumulated/spec191.tlsf,1
round-robin-arbiter-aurus,cbbe5008386e2fa89ae55debaeeb1fb1,av3,25,spec102.tlsf,experiments/results-aurus-curves/aurus_round-robin-arbiter-aurus_seed25/accumulated/spec102.tlsf,1
round-robin-arbiter-aurus,cbc3741f7bc22f2e8b0d056c2fd702f7,av3,26,spec476.tlsf,experiments/results-aurus-curves/aurus_round-robin-arbiter-aurus_seed26/accumulated/spec476.tlsf,1
round-robin-arbiter-aurus,cc4d9f7b81ee72dc23127f9e9a03c1b4,av2,10,spec384.tlsf,experiments/results-aurus-curves/aurus_round-robin-arbiter-aurus_seed10/accumulated/spec384.tlsf,1
round-robin-arbiter-aurus,cc635442296cf22459156e9e67d3c5f7,av2,2,spec243.tlsf,experiments/results-aurus-curves/aurus_round-robin-arbiter-aurus_seed02/accumulated/spec243.tlsf,1
round-robin-arbiter-aurus,cc99e0efe6ca0cdc7c788d204f7f0098,av3,17,spec521.tlsf,experiments/results-aurus-curves/aurus_round-robin-arbiter-aurus_seed17/accumulated/spec521.tlsf,1
round-robin-arbiter-aurus,ccb33a6bc2c4b236f4d55e5698a7286b,av3,22,spec64.tlsf,experiments/results-aurus-curves/aurus_round-robin-arbiter-aurus_seed22/accumulated/spec64.tlsf,1
round-robin-arbiter-aurus,ccd6e98893b981e7188c01b4d5a9c222,av3,24,spec221.tlsf,experiments/results-aurus-curves/aurus_round-robin-arbiter-aurus_seed24/accumulated/spec221.tlsf,1
round-robin-arbiter-aurus,cd0a188eb1c181f70349bf61fee8aa65,av3,27,spec95.tlsf,experiments/results-aurus-curves/aurus_round-robin-arbiter-aurus_seed27/accumulated/spec95.tlsf,1
round-robin-arbiter-aurus,cd251ada6faaff4f6ff8344c03d15a9a,av2,10,spec431.tlsf,experiments/results-aurus-curves/aurus_round-robin-arbiter-aurus_seed10/accumulated/spec431.tlsf,1
round-robin-arbiter-aurus,cd6c2b5e706d6f471159e0f714e37211,av2,12,spec445.tlsf,experiments/results-aurus-curves/aurus_round-robin-arbiter-aurus_seed12/accumulated/spec445.tlsf,1
round-robin-arbiter-aurus,cd77d253be9da32e51588d0e68c2a975,av2,3,spec242.tlsf,experiments/results-aurus-curves/aurus_round-robin-arbiter-aurus_seed03/accumulated/spec242.tlsf,1
round-robin-arbiter-aurus,ce502bab00818b1d0b67ef42e808f527,av3,23,spec103.tlsf,experiments/results-aurus-curves/aurus_round-robin-arbiter-aurus_seed23/accumulated/spec103.tlsf,1
round-robin-arbiter-aurus,ce522206fd95b2c47caf640022d29616,av2,2,spec190.tlsf,experiments/results-aurus-curves/aurus_round-robin-arbiter-aurus_seed02/accumulated/spec190.tlsf,1
round-robin-arbiter-aurus,ce8a9a0c522e733badabf7035461df11,av3,16,spec521.tlsf,experiments/results-aurus-curves/aurus_round-robin-arbiter-aurus_seed16/accumulated/spec521.tlsf,1
round-robin-arbiter-aurus,ceab098c26faefe221503108ff59913f,av3,27,spec494.tlsf,experiments/results-aurus-curves/aurus_round-robin-arbiter-aurus_seed27/accumulated/spec494.tlsf,1
round-robin-arbiter-aurus,cedde8112f996494453b96eaadaaa845,av2,8,spec307.tlsf,experiments/results-aurus-curves/aurus_round-robin-arbiter-aurus_seed08/accumulated/spec307.tlsf,1
round-robin-arbiter-aurus,cf17aa5982b654e06843d6b1afbb5f6d,av3,17,spec58.tlsf,experiments/results-aurus-curves/aurus_round-robin-arbiter-aurus_seed17/accumulated/spec58.tlsf,1
round-robin-arbiter-aurus,cf21a1bad2e533de89a8d02fd63c264d,av3,15,spec37.tlsf,experiments/results-aurus-curves/aurus_round-robin-arbiter-aurus_seed15/accumulated/spec37.tlsf,1
round-robin-arbiter-aurus,cf3d0dbe4b71e2a0e734057bd4442287,av2,3,spec99.tlsf,experiments/results-aurus-curves/aurus_round-robin-arbiter-aurus_seed03/accumulated/spec99.tlsf,1
round-robin-arbiter-aurus,cf3f13d08cb684e48d04e51dd315c128,av3,17,spec168.tlsf,experiments/results-aurus-curves/aurus_round-robin-arbiter-aurus_seed17/accumulated/spec168.tlsf,1
round-robin-arbiter-aurus,cf74b757b6838e6954226aeba91e49fe,av3,17,spec280.tlsf,experiments/results-aurus-curves/aurus_round-robin-arbiter-aurus_seed17/accumulated/spec280.tlsf,1
round-robin-arbiter-aurus,cfde2e900938594f3d82f8c4f1b9581b,av2,2,spec377.tlsf,experiments/results-aurus-curves/aurus_round-robin-arbiter-aurus_seed02/accumulated/spec377.tlsf,1
round-robin-arbiter-aurus,cfe3a940021939063571cdcf0a4b85e3,av2,8,spec172.tlsf,experiments/results-aurus-curves/aurus_round-robin-arbiter-aurus_seed08/accumulated/spec172.tlsf,1
round-robin-arbiter-aurus,d012c715a26dc068aaf319245d1cedb7,av3,19,spec599.tlsf,experiments/results-aurus-curves/aurus_round-robin-arbiter-aurus_seed19/accumulated/spec599.tlsf,1
round-robin-arbiter-aurus,d0a1b0213735fdf02746770c63fcbe43,av3,16,spec544.tlsf,experiments/results-aurus-curves/aurus_round-robin-arbiter-aurus_seed16/accumulated/spec544.tlsf,1
round-robin-arbiter-aurus,d0af2b6586dda064f84b4a2da7e59429,av2,6,spec117.tlsf,experiments/results-aurus-curves/aurus_round-robin-arbiter-aurus_seed06/accumulated/spec117.tlsf,1
round-robin-arbiter-aurus,d0b2188b70c00c1e212960d7145616ff,av2,14,spec127.tlsf,experiments/results-aurus-curves/aurus_round-robin-arbiter-aurus_seed14/accumulated/spec127.tlsf,1
round-robin-arbiter-aurus,d0ea71a1240c33f2282e00180aef2b50,av3,20,spec222.tlsf,experiments/results-aurus-curves/aurus_round-robin-arbiter-aurus_seed20/accumulated/spec222.tlsf,1
round-robin-arbiter-aurus,d10d25f5657a392b7bd282fbe66bb2ff,av2,13,spec439.tlsf,experiments/results-aurus-curves/aurus_round-robin-arbiter-aurus_seed13/accumulated/spec439.tlsf,1
round-robin-arbiter-aurus,d10fdf1b1563cca69b97b6f740db9984,av2,9,spec266.tlsf,experiments/results-aurus-curves/aurus_round-robin-arbiter-aurus_seed09/accumulated/spec266.tlsf,1
round-robin-arbiter-aurus,d1392aca926543ee313cd1a845800579,av3,15,spec263.tlsf,experiments/results-aurus-curves/aurus_round-robin-arbiter-aurus_seed15/accumulated/spec263.tlsf,1
round-robin-arbiter-aurus,d154ebe4e8cacdbc584bddd2155b7588,av2,11,spec354.tlsf,experiments/results-aurus-curves/aurus_round-robin-arbiter-aurus_seed11/accumulated/spec354.tlsf,1
round-robin-arbiter-aurus,d1636799e2d8ad17d2084e4823855e4c,av2,8,spec101.tlsf,experiments/results-aurus-curves/aurus_round-robin-arbiter-aurus_seed08/accumulated/spec101.tlsf,1
round-robin-arbiter-aurus,d1669f0082c118a10a4fd9ddf2821a87,av2,1,spec499.tlsf,experiments/results-aurus-curves/aurus_round-robin-arbiter-aurus_seed01/accumulated/spec499.tlsf,1
round-robin-arbiter-aurus,d1bab6eb3fb7f21eab6e87e7ffd897c8,av3,28,spec118.tlsf,experiments/results-aurus-curves/aurus_round-robin-arbiter-aurus_seed28/accumulated/spec118.tlsf,1
round-robin-arbiter-aurus,d274dd6258bdbdc0f38cfbdfc166a2f2,av2,4,spec25.tlsf,experiments/results-aurus-curves/aurus_round-robin-arbiter-aurus_seed04/accumulated/spec25.tlsf,1
round-robin-arbiter-aurus,d30218e78897e82d09558b71b0f6122c,av2,13,spec130.tlsf,experiments/results-aurus-curves/aurus_round-robin-arbiter-aurus_seed13/accumulated/spec130.tlsf,1
round-robin-arbiter-aurus,d342471198bde2a1e0885a901bc9c342,av2,10,spec130.tlsf,experiments/results-aurus-curves/aurus_round-robin-arbiter-aurus_seed10/accumulated/spec130.tlsf,1
round-robin-arbiter-aurus,d356c3de3f37e5336c7e9d3048a1f04c,av2,9,spec14.tlsf,experiments/results-aurus-curves/aurus_round-robin-arbiter-aurus_seed09/accumulated/spec14.tlsf,1
round-robin-arbiter-aurus,d36558daeba11f25a1ff1017dbdd2b43,av3,24,spec49.tlsf,experiments/results-aurus-curves/aurus_round-robin-arbiter-aurus_seed24/accumulated/spec49.tlsf,1
round-robin-arbiter-aurus,d3868bf745c8fa44658c285817a7ada1,av3,15,spec539.tlsf,experiments/results-aurus-curves/aurus_round-robin-arbiter-aurus_seed15/accumulated/spec539.tlsf,1
round-robin-arbiter-aurus,d42e6794c1ed5adbb396301c1322446e,av3,27,spec471.tlsf,experiments/results-aurus-curves/aurus_round-robin-arbiter-aurus_seed27/accumulated/spec471.tlsf,1
round-robin-arbiter-aurus,d447210a5886654d232be98b031c739c,av3,19,spec286.tlsf,experiments/results-aurus-curves/aurus_round-robin-arbiter-aurus_seed19/accumulated/spec286.tlsf,1
round-robin-arbiter-aurus,d487c9706ef51475af9ed453bf165ceb,av3,20,spec54.tlsf,experiments/results-aurus-curves/aurus_round-robin-arbiter-aurus_seed20/accumulated/spec54.tlsf,1
round-robin-arbiter-aurus,d4c90b4bf8bd184fc3d8d13cc1727e2b,av3,24,spec609.tlsf,experiments/results-aurus-curves/aurus_round-robin-arbiter-aurus_seed24/accumulated/spec609.tlsf,1
round-robin-arbiter-aurus,d5851764b95c863a625266ba1008f286,av3,24,spec166.tlsf,experiments/results-aurus-curves/aurus_round-robin-arbiter-aurus_seed24/accumulated/spec166.tlsf,1
round-robin-arbiter-aurus,d5ea0e4ba2ddff43bbea272f25913fd0,av3,25,spec444.tlsf,experiments/results-aurus-curves/aurus_round-robin-arbiter-aurus_seed25/accumulated/spec444.tlsf,1
round-robin-arbiter-aurus,d604a76289ece7c25b8dd1652566ce38,av3,26,spec121.tlsf,experiments/results-aurus-curves/aurus_round-robin-arbiter-aurus_seed26/accumulated/spec121.tlsf,1
round-robin-arbiter-aurus,d61d904e76a8233a6aac0effab206ee1,av2,5,spec514.tlsf,experiments/results-aurus-curves/aurus_round-robin-arbiter-aurus_seed05/accumulated/spec514.tlsf,1
round-robin-arbiter-aurus,d63072ca4f2351b1bf1d9f1fadec146a,av3,28,spec594.tlsf,experiments/results-aurus-curves/aurus_round-robin-arbiter-aurus_seed28/accumulated/spec594.tlsf,1
round-robin-arbiter-aurus,d6f6e63afb783877eec39f2939b54a6b,av3,28,spec266.tlsf,experiments/results-aurus-curves/aurus_round-robin-arbiter-aurus_seed28/accumulated/spec266.tlsf,1
round-robin-arbiter-aurus,d73c0395520744912218737889d7142b,av2,14,spec537.tlsf,experiments/results-aurus-curves/aurus_round-robin-arbiter-aurus_seed14/accumulated/spec537.tlsf,1
round-robin-arbiter-aurus,d78cc8f14398ed6cf349c08b6c1677d5,av2,3,spec306.tlsf,experiments/results-aurus-curves/aurus_round-robin-arbiter-aurus_seed03/accumulated/spec306.tlsf,1
round-robin-arbiter-aurus,d807e0636a44ce8b079761caf2cf29a6,av2,0,spec415.tlsf,experiments/results-aurus-curves/aurus_round-robin-arbiter-aurus_seed00/accumulated/spec415.tlsf,1
round-robin-arbiter-aurus,d82d4d2d5483a1b68f7d1cfdc108b7b7,av2,6,spec103.tlsf,experiments/results-aurus-curves/aurus_round-robin-arbiter-aurus_seed06/accumulated/spec103.tlsf,1
round-robin-arbiter-aurus,d85fa0972c0f394cb1390872559f5a12,av3,28,spec175.tlsf,experiments/results-aurus-curves/aurus_round-robin-arbiter-aurus_seed28/accumulated/spec175.tlsf,1
round-robin-arbiter-aurus,d86606c5c7693a4d9992f1ade8d74156,av2,8,spec320.tlsf,experiments/results-aurus-curves/aurus_round-robin-arbiter-aurus_seed08/accumulated/spec320.tlsf,1
round-robin-arbiter-aurus,d958f85b850adaf17e382c19f4fd5600,av2,3,spec154.tlsf,experiments/results-aurus-curves/aurus_round-robin-arbiter-aurus_seed03/accumulated/spec154.tlsf,1
round-robin-arbiter-aurus,d967f19e7dfa954ebdf10fd67ed0d9d6,av3,27,spec480.tlsf,experiments/results-aurus-curves/aurus_round-robin-arbiter-aurus_seed27/accumulated/spec480.tlsf,1
round-robin-arbiter-aurus,da05d57b7f5fa08acd1504ec80eab38d,av3,21,spec516.tlsf,experiments/results-aurus-curves/aurus_round-robin-arbiter-aurus_seed21/accumulated/spec516.tlsf,1
round-robin-arbiter-aurus,da30ce7025d6a30e1601a38615fb578c,av3,27,spec217.tlsf,experiments/results-aurus-curves/aurus_round-robin-arbiter-aurus_seed27/accumulated/spec217.tlsf,1
round-robin-arbiter-aurus,da434176b8a8159c517224e098009953,av2,3,spec120.tlsf,experiments/results-aurus-curves/aurus_round-robin-arbiter-aurus_seed03/accumulated/spec120.tlsf,1
round-robin-arbiter-aurus,da4f5c6286671232f35e59452055f36a,av2,1,spec174.tlsf,experiments/results-aurus-curves/aurus_round-robin-arbiter-aurus_seed01/accumulated/spec174.tlsf,1
round-robin-arbiter-aurus,da67fdf8c962eab48cecf477f05fd819,av2,5,spec291.tlsf,experiments/results-aurus-curves/aurus_round-robin-arbiter-aurus_seed05/accumulated/spec291.tlsf,1
round-robin-arbiter-aurus,db1dd107650bb0b44a2f0acbe9e0a1c2,av3,19,spec390.tlsf,experiments/results-aurus-curves/aurus_round-robin-arbiter-aurus_seed19/accumulated/spec390.tlsf,1
round-robin-arbiter-aurus,db62f3c7d40874068aba8969ffb6137c,av2,9,spec202.tlsf,experiments/results-aurus-curves/aurus_round-robin-arbiter-aurus_seed09/accumulated/spec202.tlsf,1
round-robin-arbiter-aurus,dc092c76bc1146aa237736a03247e256,av3,17,spec411.tlsf,experiments/results-aurus-curves/aurus_round-robin-arbiter-aurus_seed17/accumulated/spec411.tlsf,1
round-robin-arbiter-aurus,dc1dc3bf47d7c18aa9b3481fb96fbf07,av2,3,spec424.tlsf,experiments/results-aurus-curves/aurus_round-robin-arbiter-aurus_seed03/accumulated/spec424.tlsf,1
round-robin-arbiter-aurus,dc5bb899d736620443d220a2e2aad197,av3,24,spec296.tlsf,experiments/results-aurus-curves/aurus_round-robin-arbiter-aurus_seed24/accumulated/spec296.tlsf,1
round-robin-arbiter-aurus,dcc5df0f968c1d01cf6aa8b7bc7bc6dc,av2,2,spec348.tlsf,experiments/results-aurus-curves/aurus_round-robin-arbiter-aurus_seed02/accumulated/spec348.tlsf,1
round-robin-arbiter-aurus,dce65b5462d675426cd023e3ac4d18d4,av2,0,spec563.tlsf,experiments/results-aurus-curves/aurus_round-robin-arbiter-aurus_seed00/accumulated/spec563.tlsf,1
round-robin-arbiter-aurus,dd7258fd490086a868fdfb7f6d807040,av2,1,spec638.tlsf,experiments/results-aurus-curves/aurus_round-robin-arbiter-aurus_seed01/accumulated/spec638.tlsf,1
round-robin-arbiter-aurus,dd87a26f6b10dbfb773bbe1adc97cb1d,av2,10,spec181.tlsf,experiments/results-aurus-curves/aurus_round-robin-arbiter-aurus_seed10/accumulated/spec181.tlsf,1
round-robin-arbiter-aurus,df376d3ce8231b4b77194559f93de7fb,av2,0,spec152.tlsf,experiments/results-aurus-curves/aurus_round-robin-arbiter-aurus_seed00/accumulated/spec152.tlsf,1
round-robin-arbiter-aurus,df446b6615b901d2cbe0acdfa79ec951,av3,25,spec87.tlsf,experiments/results-aurus-curves/aurus_round-robin-arbiter-aurus_seed25/accumulated/spec87.tlsf,1
round-robin-arbiter-aurus,df4c42d9021143eb53588558e1e8d370,av2,9,spec263.tlsf,experiments/results-aurus-curves/aurus_round-robin-arbiter-aurus_seed09/accumulated/spec263.tlsf,1
round-robin-arbiter-aurus,df50266fa167a6f721bae31f22d2ea4f,av3,27,spec167.tlsf,experiments/results-aurus-curves/aurus_round-robin-arbiter-aurus_seed27/accumulated/spec167.tlsf,1
round-robin-arbiter-aurus,dfc0a512a587182a1a93772286c7e08d,av3,16,spec167.tlsf,experiments/results-aurus-curves/aurus_round-robin-arbiter-aurus_seed16/accumulated/spec167.tlsf,1
round-robin-arbiter-aurus,e010ebec8a8ae732d02f451e0d5b1072,av2,13,spec529.tlsf,experiments/results-aurus-curves/aurus_round-robin-arbiter-aurus_seed13/accumulated/spec529.tlsf,1
round-robin-arbiter-aurus,e048cbd670001ebb9e6816b00de16262,av2,8,spec380.tlsf,experiments/results-aurus-curves/aurus_round-robin-arbiter-aurus_seed08/accumulated/spec380.tlsf,1
round-robin-arbiter-aurus,e0912342deefb595b8920f2f1dfe2847,av2,14,spec114.tlsf,experiments/results-aurus-curves/aurus_round-robin-arbiter-aurus_seed14/accumulated/spec114.tlsf,1
round-robin-arbiter-aurus,e0a9e5ebeaed587bb881bd288001d3cd,av2,10,spec581.tlsf,experiments/results-aurus-curves/aurus_round-robin-arbiter-aurus_seed10/accumulated/spec581.tlsf,1
round-robin-arbiter-aurus,e0c64510b1eb8a4c8462a5407206ca4e,av3,26,spec234.tlsf,experiments/results-aurus-curves/aurus_round-robin-arbiter-aurus_seed26/accumulated/spec234.tlsf,1
round-robin-arbiter-aurus,e0da16de74132f2c47fab11c009ce9c0,av3,26,spec347.tlsf,experiments/results-aurus-curves/aurus_round-robin-arbiter-aurus_seed26/accumulated/spec347.tlsf,1
round-robin-arbiter-aurus,e0e5c1346ebba7e67d4517a71fe5e730,av3,23,spec408.tlsf,experiments/results-aurus-curves/aurus_round-robin-arbiter-aurus_seed23/accumulated/spec408.tlsf,1
round-robin-arbiter-aurus,e0ee0d82901187ff7e6a103e55d6d78f,av3,27,spec543.tlsf,experiments/results-aurus-curves/aurus_round-robin-arbiter-aurus_seed27/accumulated/spec543.tlsf,1
round-robin-arbiter-aurus,e135a69b4aa39e40439b8d48c743f65b,av2,7,spec325.tlsf,experiments/results-aurus-curves/aurus_round-robin-arbiter-aurus_seed07/accumulated/spec325.tlsf,1
round-robin-arbiter-aurus,e13b4391de2234bfe4be53cd597f4c3a,av2,8,spec296.tlsf,experiments/results-aurus-curves/aurus_round-robin-arbiter-aurus_seed08/accumulated/spec296.tlsf,1
round-robin-arbiter-aurus,e153925d067c2005d3d98192a1075db6,av2,9,spec246.tlsf,experiments/results-aurus-curves/aurus_round-robin-arbiter-aurus_seed09/accumulated/spec246.tlsf,1
round-robin-arbiter-aurus,e17cf4cac1433f69af8bfdba4be7c866,av2,3,spec104.tlsf,experiments/results-aurus-curves/aurus_round-robin-arbiter-aurus_seed03/accumulated/spec104.tlsf,1
round-robin-arbiter-aurus,e1910c3c7205fba0c99c05c93ad5fde9,av3,16,spec187.tlsf,experiments/results-aurus-curves/aurus_round-robin-arbiter-aurus_seed16/accumulated/spec187.tlsf,1
round-robin-arbiter-aurus,e26167f8d11f39ea399066e6f27bb33c,av2,2,spec73.tlsf,experiments/results-aurus-curves/aurus_round-robin-arbiter-aurus_seed02/accumulated/spec73.tlsf,1
round-robin-arbiter-aurus,e34f4082dbbfb2ac0c9ebfe8099f555f,av2,8,spec225.tlsf,experiments/results-aurus-curves/aurus_round-robin-arbiter-aurus_seed08/accumulated/spec225.tlsf,1
round-robin-arbiter-aurus,e38076c7361d4d3fa60f5663a40834cd,av2,13,spec196.tlsf,experiments/results-aurus-curves/aurus_round-robin-arbiter-aurus_seed13/accumulated/spec196.tlsf,1
round-robin-arbiter-aurus,e38e6259d2f4a9cc0c963afdf24309cc,av2,3,spec443.tlsf,experiments/results-aurus-curves/aurus_round-robin-arbiter-aurus_seed03/accumulated/spec443.tlsf,1
round-robin-arbiter-aurus,e3bcb66e909f5801eceef12e21239d9b,av3,29,spec543.tlsf,experiments/results-aurus-curves/aurus_round-robin-arbiter-aurus_seed29/accumulated/spec543.tlsf,1
round-robin-arbiter-aurus,e3d72c28f39ddc426b263e9356cd13ec,av2,8,spec113.tlsf,experiments/results-aurus-curves/aurus_round-robin-arbiter-aurus_seed08/accumulated/spec113.tlsf,1
round-robin-arbiter-aurus,e4484cbd27e69ec4da9da98862942bd9,av3,17,spec608.tlsf,experiments/results-aurus-curves/aurus_round-robin-arbiter-aurus_seed17/accumulated/spec608.tlsf,1
round-robin-arbiter-aurus,e46691b6b45aad7a734390963dff2499,av3,28,spec80.tlsf,experiments/results-aurus-curves/aurus_round-robin-arbiter-aurus_seed28/accumulated/spec80.tlsf,1
round-robin-arbiter-aurus,e4c162eeffbb8fae15f8a13b9fb48117,av2,9,spec128.tlsf,experiments/results-aurus-curves/aurus_round-robin-arbiter-aurus_seed09/accumulated/spec128.tlsf,1
round-robin-arbiter-aurus,e4d62f5d7cf841d63abb7cbe3d07aa2c,av3,23,spec281.tlsf,experiments/results-aurus-curves/aurus_round-robin-arbiter-aurus_seed23/accumulated/spec281.tlsf,1
round-robin-arbiter-aurus,e4ee749073c10ba3f09fd555d24395ab,av2,2,spec399.tlsf,experiments/results-aurus-curves/aurus_round-robin-arbiter-aurus_seed02/accumulated/spec399.tlsf,1
round-robin-arbiter-aurus,e52303559c57ee50cce9c809214485c2,av2,7,spec531.tlsf,experiments/results-aurus-curves/aurus_round-robin-arbiter-aurus_seed07/accumulated/spec531.tlsf,1
round-robin-arbiter-aurus,e54bc2f08535aa91a10e5ada90d13c3a,av3,20,spec217.tlsf,experiments/results-aurus-curves/aurus_round-robin-arbiter-aurus_seed20/accumulated/spec217.tlsf,1
round-robin-arbiter-aurus,e583bf5d1506f646c1142cd173414cb1,av2,0,spec319.tlsf,experiments/results-aurus-curves/aurus_round-robin-arbiter-aurus_seed00/accumulated/spec319.tlsf,1
round-robin-arbiter-aurus,e601e4f3594ec7c2a7db7aea6f888636,av3,25,spec108.tlsf,experiments/results-aurus-curves/aurus_round-robin-arbiter-aurus_seed25/accumulated/spec108.tlsf,1
round-robin-arbiter-aurus,e65c286d9a72cd318a30ecc56d548d7d,av2,3,spec178.tlsf,experiments/results-aurus-curves/aurus_round-robin-arbiter-aurus_seed03/accumulated/spec178.tlsf,1
round-robin-arbiter-aurus,e65c3ee835c3b1929909ff78cc425090,av2,7,spec455.tlsf,experiments/results-aurus-curves/aurus_round-robin-arbiter-aurus_seed07/accumulated/spec455.tlsf,1
round-robin-arbiter-aurus,e667dd65ea56ece60a6e2e60761f98a6,av2,1,spec292.tlsf,experiments/results-aurus-curves/aurus_round-robin-arbiter-aurus_seed01/accumulated/spec292.tlsf,1
round-robin-arbiter-aurus,e695d59d15ad23f349d1fcc182ca135b,av3,19,spec270.tlsf,experiments/results-aurus-curves/aurus_round-robin-arbiter-aurus_seed19/accumulated/spec270.tlsf,1
round-robin-arbiter-aurus,e6a350a37ed7eb91c53ded616a07b7d9,av3,28,spec307.tlsf,experiments/results-aurus-curves/aurus_round-robin-arbiter-aurus_seed28/accumulated/spec307.tlsf,1
round-robin-arbiter-aurus,e6c307eb12cb48ea82a01e83a8423429,av2,3,spec199.tlsf,experiments/results-aurus-curves/aurus_round-robin-arbiter-aurus_seed03/accumulated/spec199.tlsf,1
round-robin-arbiter-aurus,e799102a231d2b3831550c86148a88e5,av3,25,spec424.tlsf,experiments/results-aurus-curves/aurus_round-robin-arbiter-aurus_seed25/accumulated/spec424.tlsf,1
round-robin-arbiter-aurus,e7c62c99e05480901f94bb0e8b199bd3,av2,5,spec132.tlsf,experiments/results-aurus-curves/aurus_round-robin-arbiter-aurus_seed05/accumulated/spec132.tlsf,1
round-robin-arbiter-aurus,e7ffbca340e394803720f07d765ce668,av2,6,spec120.tlsf,experiments/results-aurus-curves/aurus_round-robin-arbiter-aurus_seed06/accumulated/spec120.tlsf,1
round-robin-arbiter-aurus,e835bb1cd29da8a52fd916246b1a53ad,av3,23,spec337.tlsf,experiments/results-aurus-curves/aurus_round-robin-arbiter-aurus_seed23/accumulated/spec337.tlsf,1
round-robin-arbiter-aurus,e92782f96b390fa5e579c07f512ce164,av2,9,spec621.tlsf,experiments/results-aurus-curves/aurus_round-robin-arbiter-aurus_seed09/accumulated/spec621.tlsf,1
round-robin-arbiter-aurus,e940efd0a738e362e292ad8cd5be4d67,av3,15,spec589.tlsf,experiments/results-aurus-curves/aurus_round-robin-arbiter-aurus_seed15/accumulated/spec589.tlsf,1
round-robin-arbiter-aurus,e9645e28265055ad3f58d4f063cb67bd,av2,4,spec58.tlsf,experiments/results-aurus-curves/aurus_round-robin-arbiter-aurus_seed04/accumulated/spec58.tlsf,1
round-robin-arbiter-aurus,e9d39c2a69abd56744d5e56f8bbc1fcc,av2,2,spec598.tlsf,experiments/results-aurus-curves/aurus_round-robin-arbiter-aurus_seed02/accumulated/spec598.tlsf,1
round-robin-arbiter-aurus,e9ed05d5347d4d8c16f276dee04de19f,av3,16,spec249.tlsf,experiments/results-aurus-curves/aurus_round-robin-arbiter-aurus_seed16/accumulated/spec249.tlsf,1
round-robin-arbiter-aurus,ea00e23955e49f536dc867ab82c8d9b1,av2,14,spec408.tlsf,experiments/results-aurus-curves/aurus_round-robin-arbiter-aurus_seed14/accumulated/spec408.tlsf,1
round-robin-arbiter-aurus,eaaa1f475637375ee700abdf4a4a1cbf,av2,8,spec23.tlsf,experiments/results-aurus-curves/aurus_round-robin-arbiter-aurus_seed08/accumulated/spec23.tlsf,1
round-robin-arbiter-aurus,eb131e2c2c7a51634c85241a85cd70ad,av3,23,spec592.tlsf,experiments/results-aurus-curves/aurus_round-robin-arbiter-aurus_seed23/accumulated/spec592.tlsf,1
round-robin-arbiter-aurus,eb13588f4751623be79175d1cb9bf096,av3,20,spec146.tlsf,experiments/results-aurus-curves/aurus_round-robin-arbiter-aurus_seed20/accumulated/spec146.tlsf,1
round-robin-arbiter-aurus,eb630bffa012282a2ac07a215935e069,av2,4,spec445.tlsf,experiments/results-aurus-curves/aurus_round-robin-arbiter-aurus_seed04/accumulated/spec445.tlsf,1
round-robin-arbiter-aurus,eb81a15ac85296bbc27fa32badc3f1f6,av2,3,spec109.tlsf,experiments/results-aurus-curves/aurus_round-robin-arbiter-aurus_seed03/accumulated/spec109.tlsf,1
round-robin-arbiter-aurus,ec4026df9e51486a59cd9b8de2a306fa,av3,23,spec154.tlsf,experiments/results-aurus-curves/aurus_round-robin-arbiter-aurus_seed23/accumulated/spec154.tlsf,1
round-robin-arbiter-aurus,ec5d54aa90130fb43e8ede7d25a7d094,av3,18,spec124.tlsf,experiments/results-aurus-curves/aurus_round-robin-arbiter-aurus_seed18/accumulated/spec124.tlsf,1
round-robin-arbiter-aurus,ec64837b145c6c11fc80afbe85fb0542,av2,8,spec447.tlsf,experiments/results-aurus-curves/aurus_round-robin-arbiter-aurus_seed08/accumulated/spec447.tlsf,1
round-robin-arbiter-aurus,ed1ebfc302900f3ebd846527478c8a2a,av3,27,spec183.tlsf,experiments/results-aurus-curves/aurus_round-robin-arbiter-aurus_seed27/accumulated/spec183.tlsf,1
round-robin-arbiter-aurus,ed6a4b7c596c4d908388eea7bdee7833,av3,22,spec172.tlsf,experiments/results-aurus-curves/aurus_round-robin-arbiter-aurus_seed22/accumulated/spec172.tlsf,1
round-robin-arbiter-aurus,ed860f37776e4a847ac5596a7e7fad74,av3,16,spec376.tlsf,experiments/results-aurus-curves/aurus_round-robin-arbiter-aurus_seed16/accumulated/spec376.tlsf,1
round-robin-arbiter-aurus,ee20d4de65fca65019aaa6b9786cc6fd,av3,16,spec233.tlsf,experiments/results-aurus-curves/aurus_round-robin-arbiter-aurus_seed16/accumulated/spec233.tlsf,1
round-robin-arbiter-aurus,ee712c74bae01b4148e6402175c6d1da,av2,14,spec415.tlsf,experiments/results-aurus-curves/aurus_round-robin-arbiter-aurus_seed14/accumulated/spec415.tlsf,1
round-robin-arbiter-aurus,ee9865c80e00d91398fa75a0a1241f5a,av3,21,spec120.tlsf,experiments/results-aurus-curves/aurus_round-robin-arbiter-aurus_seed21/accumulated/spec120.tlsf,1
round-robin-arbiter-aurus,eea5aa3066413d6d14ff772589a955de,av2,8,spec240.tlsf,experiments/results-aurus-curves/aurus_round-robin-arbiter-aurus_seed08/accumulated/spec240.tlsf,1
round-robin-arbiter-aurus,eef17679830c3d7bfae61f39f5e49fc8,av2,8,spec302.tlsf,experiments/results-aurus-curves/aurus_round-robin-arbiter-aurus_seed08/accumulated/spec302.tlsf,1
round-robin-arbiter-aurus,eef5d7d1df987164f11ce7571e631d08,av3,20,spec163.tlsf,experiments/results-aurus-curves/aurus_round-robin-arbiter-aurus_seed20/accumulated/spec163.tlsf,1
round-robin-arbiter-aurus,eef9f257e417704aa4d30a2de1637606,av3,20,spec175.tlsf,experiments/results-aurus-curves/aurus_round-robin-arbiter-aurus_seed20/accumulated/spec175.tlsf,1
round-robin-arbiter-aurus,effa401abab1406f7ec72cd3a699dd43,av3,23,spec182.tlsf,experiments/results-aurus-curves/aurus_round-robin-arbiter-aurus_seed23/accumulated/spec182.tlsf,1
round-robin-arbiter-aurus,f038e087ffd662ec459d6172e8c2efd6,av3,27,spec56.tlsf,experiments/results-aurus-curves/aurus_round-robin-arbiter-aurus_seed27/accumulated/spec56.tlsf,1
round-robin-arbiter-aurus,f07d04bd770aed1bbce8509c941d20fb,av2,6,spec124.tlsf,experiments/results-aurus-curves/aurus_round-robin-arbiter-aurus_seed06/accumulated/spec124.tlsf,1
round-robin-arbiter-aurus,f0bc4e03921ab1579de3aab047fb20ff,av3,22,spec161.tlsf,experiments/results-aurus-curves/aurus_round-robin-arbiter-aurus_seed22/accumulated/spec161.tlsf,1
round-robin-arbiter-aurus,f12e2d80a0354a0b940f6398b4977e60,av2,11,spec41.tlsf,experiments/results-aurus-curves/aurus_round-robin-arbiter-aurus_seed11/accumulated/spec41.tlsf,1
round-robin-arbiter-aurus,f138c723227cdf420a736861a15ebca8,av2,4,spec259.tlsf,experiments/results-aurus-curves/aurus_round-robin-arbiter-aurus_seed04/accumulated/spec259.tlsf,1
round-robin-arbiter-aurus,f13fdac4875641f478686f5c0342133c,av3,16,spec345.tlsf,experiments/results-aurus-curves/aurus_round-robin-arbiter-aurus_seed16/accumulated/spec345.tlsf,1
round-robin-arbiter-aurus,f14b5e2b875b88349e5bf5111cd25156,av2,7,spec605.tlsf,experiments/results-aurus-curves/aurus_round-robin-arbiter-aurus_seed07/accumulated/spec605.tlsf,1
round-robin-arbiter-aurus,f15983a214ae811b6e81db4a7b25ba7d,av3,21,spec241.tlsf,experiments/results-aurus-curves/aurus_round-robin-arbiter-aurus_seed21/accumulated/spec241.tlsf,1
round-robin-arbiter-aurus,f15fd01642aaa245ed8809fd193b6c65,av2,5,spec130.tlsf,experiments/results-aurus-curves/aurus_round-robin-arbiter-aurus_seed05/accumulated/spec130.tlsf,1
round-robin-arbiter-aurus,f1ebf2cf4efb5961c3b6b566876a4130,av3,27,spec179.tlsf,experiments/results-aurus-curves/aurus_round-robin-arbiter-aurus_seed27/accumulated/spec179.tlsf,1
round-robin-arbiter-aurus,f255d5a094fb712cdd333c7099c3a309,av2,0,spec306.tlsf,experiments/results-aurus-curves/aurus_round-robin-arbiter-aurus_seed00/accumulated/spec306.tlsf,1
round-robin-arbiter-aurus,f2b1919ca629a5960f5f658352b65a32,av2,7,spec543.tlsf,experiments/results-aurus-curves/aurus_round-robin-arbiter-aurus_seed07/accumulated/spec543.tlsf,1
round-robin-arbiter-aurus,f31a365a570ba093763cde05b5df3cda,av2,0,spec572.tlsf,experiments/results-aurus-curves/aurus_round-robin-arbiter-aurus_seed00/accumulated/spec572.tlsf,1
round-robin-arbiter-aurus,f320e62405b54e42c2a1677a365123f0,av3,29,spec337.tlsf,experiments/results-aurus-curves/aurus_round-robin-arbiter-aurus_seed29/accumulated/spec337.tlsf,1
round-robin-arbiter-aurus,f3427d0082ad0def076e276867770eb6,av2,5,spec160.tlsf,experiments/results-aurus-curves/aurus_round-robin-arbiter-aurus_seed05/accumulated/spec160.tlsf,1
round-robin-arbiter-aurus,f3938f367645b73de681b85fdf4cc9fd,av2,9,spec150.tlsf,experiments/results-aurus-curves/aurus_round-robin-arbiter-aurus_seed09/accumulated/spec150.tlsf,1
round-robin-arbiter-aurus,f3ca3f4522212814acc2ccdddadf539c,av2,8,spec236.tlsf,experiments/results-aurus-curves/aurus_round-robin-arbiter-aurus_seed08/accumulated/spec236.tlsf,1
round-robin-arbiter-aurus,f3d8bf520d6a09dd973ef20d54b66da0,av2,13,spec110.tlsf,experiments/results-aurus-curves/aurus_round-robin-arbiter-aurus_seed13/accumulated/spec110.tlsf,1
round-robin-arbiter-aurus,f3e9efaac07a5fd1518ca7b77e1a2d04,av3,24,spec362.tlsf,experiments/results-aurus-curves/aurus_round-robin-arbiter-aurus_seed24/accumulated/spec362.tlsf,1
round-robin-arbiter-aurus,f4106146cbdb92ae8bc2a7ba725ef2c1,av2,6,spec381.tlsf,experiments/results-aurus-curves/aurus_round-robin-arbiter-aurus_seed06/accumulated/spec381.tlsf,1
round-robin-arbiter-aurus,f43de0ab50b520818bc1f637476770cc,av2,3,spec148.tlsf,experiments/results-aurus-curves/aurus_round-robin-arbiter-aurus_seed03/accumulated/spec148.tlsf,1
round-robin-arbiter-aurus,f4b4c1e6c177d2eea387de1375f0c6e9,av3,15,spec397.tlsf,experiments/results-aurus-curves/aurus_round-robin-arbiter-aurus_seed15/accumulated/spec397.tlsf,1
round-robin-arbiter-aurus,f4c181546d558e6a567672dfe98b3bba,av3,16,spec235.tlsf,experiments/results-aurus-curves/aurus_round-robin-arbiter-aurus_seed16/accumulated/spec235.tlsf,1
round-robin-arbiter-aurus,f4c71dfaaf7190653c24f89646bc22e5,av2,2,spec547.tlsf,experiments/results-aurus-curves/aurus_round-robin-arbiter-aurus_seed02/accumulated/spec547.tlsf,1
round-robin-arbiter-aurus,f50f8ab8118c81cc89f46d6a699cf816,av2,8,spec184.tlsf,experiments/results-aurus-curves/aurus_round-robin-arbiter-aurus_seed08/accumulated/spec184.tlsf,1
round-robin-arbiter-aurus,f528bce1c5267a2aade49d42176e10b0,av3,27,spec123.tlsf,experiments/results-aurus-curves/aurus_round-robin-arbiter-aurus_seed27/accumulated/spec123.tlsf,1
round-robin-arbiter-aurus,f585356e3c586065823fcec063631aa5,av3,24,spec569.tlsf,experiments/results-aurus-curves/aurus_round-robin-arbiter-aurus_seed24/accumulated/spec569.tlsf,1
round-robin-arbiter-aurus,f5e6c8ac9b567e2d5b59849e6961f0eb,av2,9,spec212.tlsf,experiments/results-aurus-curves/aurus_round-robin-arbiter-aurus_seed09/accumulated/spec212.tlsf,1
round-robin-arbiter-aurus,f5f887f4e64053a14609d2079aea6738,av2,4,spec234.tlsf,experiments/results-aurus-curves/aurus_round-robin-arbiter-aurus_seed04/accumulated/spec234.tlsf,1
round-robin-arbiter-aurus,f6561deba2c45ad897999331c50f9400,av3,24,spec457.tlsf,experiments/results-aurus-curves/aurus_round-robin-arbiter-aurus_seed24/accumulated/spec457.tlsf,1
round-robin-arbiter-aurus,f657e9758f099fc45a80e0b83a8ad93c,av3,22,spec137.tlsf,experiments/results-aurus-curves/aurus_round-robin-arbiter-aurus_seed22/accumulated/spec137.tlsf,1
round-robin-arbiter-aurus,f67c8f1838a1c18ad5361f7533e2b224,av2,3,spec482.tlsf,experiments/results-aurus-curves/aurus_round-robin-arbiter-aurus_seed03/accumulated/spec482.tlsf,1
round-robin-arbiter-aurus,f67da028c17b08e043383b288921e345,av3,17,spec568.tlsf,experiments/results-aurus-curves/aurus_round-robin-arbiter-aurus_seed17/accumulated/spec568.tlsf,1
round-robin-arbiter-aurus,f6f03fea7720b69b2e2d626b71494e46,av2,11,spec130.tlsf,experiments/results-aurus-curves/aurus_round-robin-arbiter-aurus_seed11/accumulated/spec130.tlsf,1
round-robin-arbiter-aurus,f70f7df9285c5a1390814da404e4a92f,av2,8,spec507.tlsf,experiments/results-aurus-curves/aurus_round-robin-arbiter-aurus_seed08/accumulated/spec507.tlsf,1
round-robin-arbiter-aurus,f71330b626894091e8ce2102e77e85e2,av2,0,spec441.tlsf,experiments/results-aurus-curves/aurus_round-robin-arbiter-aurus_seed00/accumulated/spec441.tlsf,1
round-robin-arbiter-aurus,f735479c83a30a035d57eef8108a059f,av2,3,spec580.tlsf,experiments/results-aurus-curves/aurus_round-robin-arbiter-aurus_seed03/accumulated/spec580.tlsf,1
round-robin-arbiter-aurus,f7fd679097f9ec5a1a517c5f67ebc301,av3,17,spec51.tlsf,experiments/results-aurus-curves/aurus_round-robin-arbiter-aurus_seed17/accumulated/spec51.tlsf,1
round-robin-arbiter-aurus,f817a8f754430b09535b3d7e4816a306,av2,6,spec537.tlsf,experiments/results-aurus-curves/aurus_round-robin-arbiter-aurus_seed06/accumulated/spec537.tlsf,1
round-robin-arbiter-aurus,f8cd742d0cf818f5d812b56c4c559879,av2,7,spec99.tlsf,experiments/results-aurus-curves/aurus_round-robin-arbiter-aurus_seed07/accumulated/spec99.tlsf,1
round-robin-arbiter-aurus,f8d5588d7bfcc93d2ed8c1925cb110ae,av3,26,spec473.tlsf,experiments/results-aurus-curves/aurus_round-robin-arbiter-aurus_seed26/accumulated/spec473.tlsf,1
round-robin-arbiter-aurus,f91e4e50674955917cd10fa58cf9317a,av2,0,spec133.tlsf,experiments/results-aurus-curves/aurus_round-robin-arbiter-aurus_seed00/accumulated/spec133.tlsf,1
round-robin-arbiter-aurus,f95e468c4016443a85461fa0ef1784b6,av2,5,spec238.tlsf,experiments/results-aurus-curves/aurus_round-robin-arbiter-aurus_seed05/accumulated/spec238.tlsf,1
round-robin-arbiter-aurus,f97d5d3d74bf4bf4af30e9b390fed94c,av3,21,spec233.tlsf,experiments/results-aurus-curves/aurus_round-robin-arbiter-aurus_seed21/accumulated/spec233.tlsf,1
round-robin-arbiter-aurus,fa65a1830d531fd6ff0e69b7bef6f9a7,av2,2,spec434.tlsf,experiments/results-aurus-curves/aurus_round-robin-arbiter-aurus_seed02/accumulated/spec434.tlsf,1
round-robin-arbiter-aurus,fa71599c798249df35c0caaf855dc79f,av2,5,spec259.tlsf,experiments/results-aurus-curves/aurus_round-robin-arbiter-aurus_seed05/accumulated/spec259.tlsf,1
round-robin-arbiter-aurus,faa3d039225a68f916bcb29fbb0c707b,av2,5,spec419.tlsf,experiments/results-aurus-curves/aurus_round-robin-arbiter-aurus_seed05/accumulated/spec419.tlsf,1
round-robin-arbiter-aurus,fb707e8d88e7b9f50dc040a460168d87,av3,25,spec174.tlsf,experiments/results-aurus-curves/aurus_round-robin-arbiter-aurus_seed25/accumulated/spec174.tlsf,1
round-robin-arbiter-aurus,fbbd237f4287f8b29a4adab0ee2c1046,av3,15,spec358.tlsf,experiments/results-aurus-curves/aurus_round-robin-arbiter-aurus_seed15/accumulated/spec358.tlsf,1
round-robin-arbiter-aurus,fbe869414da7d0a0efc237575fb45339,av3,29,spec383.tlsf,experiments/results-aurus-curves/aurus_round-robin-arbiter-aurus_seed29/accumulated/spec383.tlsf,1
round-robin-arbiter-aurus,fc101c0f4c731eb4214173992885a64a,av3,19,spec271.tlsf,experiments/results-aurus-curves/aurus_round-robin-arbiter-aurus_seed19/accumulated/spec271.tlsf,1
round-robin-arbiter-aurus,fc9e4e7b551df4b6bb67886c7a0226c7,av3,20,spec343.tlsf,experiments/results-aurus-curves/aurus_round-robin-arbiter-aurus_seed20/accumulated/spec343.tlsf,1
round-robin-arbiter-aurus,fca57af4a1df063aa9e65b3842183886,av2,9,spec559.tlsf,experiments/results-aurus-curves/aurus_round-robin-arbiter-aurus_seed09/accumulated/spec559.tlsf,1
round-robin-arbiter-aurus,fcc237d0d785c41ff374bed09c7617fa,av2,0,spec348.tlsf,experiments/results-aurus-curves/aurus_round-robin-arbiter-aurus_seed00/accumulated/spec348.tlsf,1
round-robin-arbiter-aurus,fceae3aeb457ba55ba555c20d2b6e9b1,av2,0,spec134.tlsf,experiments/results-aurus-curves/aurus_round-robin-arbiter-aurus_seed00/accumulated/spec134.tlsf,1
round-robin-arbiter-aurus,fd1b6b60fd252ab3015d86f3ea9c8b35,av3,29,spec607.tlsf,experiments/results-aurus-curves/aurus_round-robin-arbiter-aurus_seed29/accumulated/spec607.tlsf,1
round-robin-arbiter-aurus,fd3f52145c67589034abe4b096de220c,av3,16,spec426.tlsf,experiments/results-aurus-curves/aurus_round-robin-arbiter-aurus_seed16/accumulated/spec426.tlsf,1
round-robin-arbiter-aurus,fd4194bb25ff566bb15fd540421d4e9e,av2,7,spec153.tlsf,experiments/results-aurus-curves/aurus_round-robin-arbiter-aurus_seed07/accumulated/spec153.tlsf,1
round-robin-arbiter-aurus,fd7c4d9fba7078af49dc53960a4de766,av2,8,spec310.tlsf,experiments/results-aurus-curves/aurus_round-robin-arbiter-aurus_seed08/accumulated/spec310.tlsf,1
round-robin-arbiter-aurus,fdf5324288a826e74f1b9f962092ff8e,av3,21,spec589.tlsf,experiments/results-aurus-curves/aurus_round-robin-arbiter-aurus_seed21/accumulated/spec589.tlsf,1
round-robin-arbiter-aurus,fdfea25d7c16c218a07b8e3b24ee0374,av2,2,spec327.tlsf,experiments/results-aurus-curves/aurus_round-robin-arbiter-aurus_seed02/accumulated/spec327.tlsf,1
round-robin-arbiter-aurus,fe2aaa24c268b27d99a440209593f531,av3,24,spec312.tlsf,experiments/results-aurus-curves/aurus_round-robin-arbiter-aurus_seed24/accumulated/spec312.tlsf,1
round-robin-arbiter-aurus,fe63a009dc98e8dddab2efe70107602a,av2,7,spec318.tlsf,experiments/results-aurus-curves/aurus_round-robin-arbiter-aurus_seed07/accumulated/spec318.tlsf,1
round-robin-arbiter-aurus,fe7b933b089976f94d7030e36a952bab,av2,8,spec135.tlsf,experiments/results-aurus-curves/aurus_round-robin-arbiter-aurus_seed08/accumulated/spec135.tlsf,1
round-robin-arbiter-aurus,ff33cc64722a7266dbdfb8c207251f8c,av3,18,spec113.tlsf,experiments/results-aurus-curves/aurus_round-robin-arbiter-aurus_seed18/accumulated/spec113.tlsf,1
round-robin-arbiter-aurus,ff5acebaaf0d72240d07aea71574663b,av3,19,spec261.tlsf,experiments/results-aurus-curves/aurus_round-robin-arbiter-aurus_seed19/accumulated/spec261.tlsf,1
round-robin-arbiter-aurus,ff8a9ea0644d3cda48ea888f9ca163c8,av2,10,spec281.tlsf,experiments/results-aurus-curves/aurus_round-robin-arbiter-aurus_seed10/accumulated/spec281.tlsf,1
round-robin-arbiter-aurus,ffd70689c8415b001cfd6f77ab8089f4,av2,2,spec513.tlsf,experiments/results-aurus-curves/aurus_round-robin-arbiter-aurus_seed02/accumulated/spec513.tlsf,1
simple-arbiter-aurus,007a16fea4c324275a1c8d2e51fcb58f,av3,17,spec178.tlsf,experiments/results-aurus-curves/aurus_simple-arbiter-aurus_seed17/accumulated/spec178.tlsf,1
simple-arbiter-aurus,055bbc1d3c8df0d96568d617b5f7ec1e,av2,13,spec50.tlsf,experiments/results-aurus-curves/aurus_simple-arbiter-aurus_seed13/accumulated/spec50.tlsf,1
simple-arbiter-aurus,0ae4709367ae05682bbf1c696d254017,av2,1,spec111.tlsf,experiments/results-aurus-curves/aurus_simple-arbiter-aurus_seed01/accumulated/spec111.tlsf,1
simple-arbiter-aurus,0b75eb6eec252f6b5d6adecd78cb289e,av3,16,spec85.tlsf,experiments/results-aurus-curves/aurus_simple-arbiter-aurus_seed16/accumulated/spec85.tlsf,1
simple-arbiter-aurus,0c67e56e6ee219c6e00749e27aaf8de5,av3,22,spec250.tlsf,experiments/results-aurus-curves/aurus_simple-arbiter-aurus_seed22/accumulated/spec250.tlsf,2
simple-arbiter-aurus,0e457ccaef6785f924d61f4984d87456,av2,10,spec13.tlsf,experiments/results-aurus-curves/aurus_simple-arbiter-aurus_seed10/accumulated/spec13.tlsf,1
simple-arbiter-aurus,0f36b8e99dddf34b95fe6980ca635b6c,av2,0,spec215.tlsf,experiments/results-aurus-curves/aurus_simple-arbiter-aurus_seed00/accumulated/spec215.tlsf,1
simple-arbiter-aurus,11e127d2521b1dc6eeb05ad878648ad5,av2,1,spec201.tlsf,experiments/results-aurus-curves/aurus_simple-arbiter-aurus_seed01/accumulated/spec201.tlsf,1
simple-arbiter-aurus,11ffa718d28d0a1bd206c3e89ebaef8b,av2,1,spec388.tlsf,experiments/results-aurus-curves/aurus_simple-arbiter-aurus_seed01/accumulated/spec388.tlsf,1
simple-arbiter-aurus,1417b15e5d5846585ecb28fe082bd583,av3,23,spec347.tlsf,experiments/results-aurus-curves/aurus_simple-arbiter-aurus_seed23/accumulated/spec347.tlsf,1
simple-arbiter-aurus,145ef0483472e8f86c960464be34fa6d,av3,25,spec352.tlsf,experiments/results-aurus-curves/aurus_simple-arbiter-aurus_seed25/accumulated/spec352.tlsf,1
simple-arbiter-aurus,1494f36e69d48baaf5b9a1c972b861bf,av2,13,spec386.tlsf,experiments/results-aurus-curves/aurus_simple-arbiter-aurus_seed13/accumulated/spec386.tlsf,1
simple-arbiter-aurus,16c62f2d698419cff12a806893cc2ba3,av3,29,spec91.tlsf,experiments/results-aurus-curves/aurus_simple-arbiter-aurus_seed29/accumulated/spec91.tlsf,1
simple-arbiter-aurus,1848439eb0f3b67c82373b859b7d30ea,av3,27,spec469.tlsf,experiments/results-aurus-curves/aurus_simple-arbiter-aurus_seed27/accumulated/spec469.tlsf,1
simple-arbiter-aurus,18904afe3a476d785149fa724b1f0b04,av3,26,spec175.tlsf,experiments/results-aurus-curves/aurus_simple-arbiter-aurus_seed26/accumulated/spec175.tlsf,1
simple-arbiter-aurus,193a00c8e6f31aacce4ac7e6184a4495,av3,23,spec76.tlsf,experiments/results-aurus-curves/aurus_simple-arbiter-aurus_seed23/accumulated/spec76.tlsf,1
simple-arbiter-aurus,19a9671b948f58d4368708f08e4fa38e,av3,27,spec180.tlsf,experiments/results-aurus-curves/aurus_simple-arbiter-aurus_seed27/accumulated/spec180.tlsf,1
simple-arbiter-aurus,1a410cacd50ed94220723b622db25885,av3,29,spec145.tlsf,experiments/results-aurus-curves/aurus_simple-arbiter-aurus_seed29/accumulated/spec145.tlsf,1
simple-arbiter-aurus,1eb5809d1590938ad17b4adc505c4a0f,av3,23,spec353.tlsf,experiments/results-aurus-curves/aurus_simple-arbiter-aurus_seed23/accumulated/spec353.tlsf,1
simple-arbiter-aurus,1f55d07e1da640a078b0084227764bee,av3,20,spec89.tlsf,experiments/results-aurus-curves/aurus_simple-arbiter-aurus_seed20/accumulated/spec89.tlsf,1
simple-arbiter-aurus,1f867762e5303b26b327b388f9404dfb,av2,0,spec377.tlsf,experiments/results-aurus-curves/aurus_simple-arbiter-aurus_seed00/accumulated/spec377.tlsf,1
simple-arbiter-aurus,20e20e7da3eba86fe8c30886a4fac04a,av3,18,spec237.tlsf,experiments/results-aurus-curves/aurus_simple-arbiter-aurus_seed18/accumulated/spec237.tlsf,1
simple-arbiter-aurus,21b8fc4089bd5dfe1eececbbf07097d5,av2,8,spec307.tlsf,experiments/results-aurus-curves/aurus_simple-arbiter-aurus_seed08/accumulated/spec307.tlsf,1
simple-arbiter-aurus,2474b65feea9a677d62f39d48bb32ccb,av3,22,spec70.tlsf,experiments/results-aurus-curves/aurus_simple-arbiter-aurus_seed22/accumulated/spec70.tlsf,1
simple-arbiter-aurus,25391b60bd0b28e7530e2440c5590adc,av2,10,spec339.tlsf,experiments/results-aurus-curves/aurus_simple-arbiter-aurus_seed10/accumulated/spec339.tlsf,1
simple-arbiter-aurus,2554e8f3f7d4cfb0535db7547a9d0913,av2,7,spec230.tlsf,experiments/results-aurus-curves/aurus_simple-arbiter-aurus_seed07/accumulated/spec230.tlsf,1
simple-arbiter-aurus,290ad8e90d7d3e72a45d741eaca752a0,av3,21,spec5.tlsf,experiments/results-aurus-curves/aurus_simple-arbiter-aurus_seed21/accumulated/spec5.tlsf,3
simple-arbiter-aurus,2983480a8ce26d7a4f85b9bfd5ef56a0,av3,20,spec340.tlsf,experiments/results-aurus-curves/aurus_simple-arbiter-aurus_seed20/accumulated/spec340.tlsf,1
simple-arbiter-aurus,2a974121c2ead5b90c0ea6738242bb0c,av2,0,spec299.tlsf,experiments/results-aurus-curves/aurus_simple-arbiter-aurus_seed00/accumulated/spec299.tlsf,1
simple-arbiter-aurus,2cbb52e7d736f4986c9a35805022ae6e,av2,13,spec284.tlsf,experiments/results-aurus-curves/aurus_simple-arbiter-aurus_seed13/accumulated/spec284.tlsf,1
simple-arbiter-aurus,2e44e9b3e85883de4b1ddd2c0cfd02b6,av3,27,spec163.tlsf,experiments/results-aurus-curves/aurus_simple-arbiter-aurus_seed27/accumulated/spec163.tlsf,1
simple-arbiter-aurus,2fc4396e03f382a1e155baec373213ff,av2,3,spec132.tlsf,experiments/results-aurus-curves/aurus_simple-arbiter-aurus_seed03/accumulated/spec132.tlsf,1
simple-arbiter-aurus,2ff89ef2bdd82fe406eaceb000994d7f,av3,20,spec63.tlsf,experiments/results-aurus-curves/aurus_simple-arbiter-aurus_seed20/accumulated/spec63.tlsf,1
simple-arbiter-aurus,316d54ccd2ab00425aecf42675979c49,av2,5,spec498.tlsf,experiments/results-aurus-curves/aurus_simple-arbiter-aurus_seed05/accumulated/spec498.tlsf,1
simple-arbiter-aurus,31c99db901acc2d62f818e5da8ac90cd,av3,20,spec62.tlsf,experiments/results-aurus-curves/aurus_simple-arbiter-aurus_seed20/accumulated/spec62.tlsf,1
simple-arbiter-aurus,33624889bf21f7ae7e45cbfd7a63fc8a,av3,18,spec46.tlsf,experiments/results-aurus-curves/aurus_simple-arbiter-aurus_seed18/accumulated/spec46.tlsf,1
simple-arbiter-aurus,3546e7fc8550e607db7bf5fc6cb1d8d9,av2,8,spec121.tlsf,experiments/results-aurus-curves/aurus_simple-arbiter-aurus_seed08/accumulated/spec121.tlsf,1
simple-arbiter-aurus,3637027e4280785b7ab70b67f973c151,av2,10,spec446.tlsf,experiments/results-aurus-curves/aurus_simple-arbiter-aurus_seed10/accumulated/spec446.tlsf,1
simple-arbiter-aurus,39be50a453a28e4e4b51e142138e6cb6,av3,24,spec96.tlsf,experiments/results-aurus-curves/aurus_simple-arbiter-aurus_seed24/accumulated/spec96.tlsf,1
simple-arbiter-aurus,3b3e955369f8db1a4dc856ba80afcdee,av2,7,spec10.tlsf,experiments/results-aurus-curves/aurus_simple-arbiter-aurus_seed07/accumulated/spec10.tlsf,1
simple-arbiter-aurus,3d1cacd78894a3b56312141b4ce005b9,av2,2,spec172.tlsf,experiments/results-aurus-curves/aurus_simple-arbiter-aurus_seed02/accumulated/spec172.tlsf,1
simple-arbiter-aurus,3dc593dc71535afbca257722a4626755,av2,6,spec254.tlsf,experiments/results-aurus-curves/aurus_simple-arbiter-aurus_seed06/accumulated/spec254.tlsf,1
simple-arbiter-aurus,3f36f281859dbead0501aa81c8329ec0,av2,6,spec71.tlsf,experiments/results-aurus-curves/aurus_simple-arbiter-aurus_seed06/accumulated/spec71.tlsf,1
simple-arbiter-aurus,3ff0ba1d847627502ce81bf3d9ed1bd9,av3,27,spec37.tlsf,experiments/results-aurus-curves/aurus_simple-arbiter-aurus_seed27/accumulated/spec37.tlsf,1
simple-arbiter-aurus,40106a974680bb17dd29fc3f2c64caab,av2,11,spec22.tlsf,experiments/results-aurus-curves/aurus_simple-arbiter-aurus_seed11/accumulated/spec22.tlsf,1
simple-arbiter-aurus,40290a8c0417b705e86e87c73c8f3cd4,av3,17,spec36.tlsf,experiments/results-aurus-curves/aurus_simple-arbiter-aurus_seed17/accumulated/spec36.tlsf,1
simple-arbiter-aurus,4164175db3f2b938ab0fd7d77b033a48,av3,20,spec305.tlsf,experiments/results-aurus-curves/aurus_simple-arbiter-aurus_seed20/accumulated/spec305.tlsf,1
simple-arbiter-aurus,420d2dea44b64ea1a547d9dc468b5cae,av2,10,spec27.tlsf,experiments/results-aurus-curves/aurus_simple-arbiter-aurus_seed10/accumulated/spec27.tlsf,2
simple-arbiter-aurus,43a47c4a81979466c09ea8c9eb366b2f,av3,28,spec10.tlsf,experiments/results-aurus-curves/aurus_simple-arbiter-aurus_seed28/accumulated/spec10.tlsf,1
simple-arbiter-aurus,4400408043384ff03eba5ecf872d2f3d,av2,14,spec29.tlsf,experiments/results-aurus-curves/aurus_simple-arbiter-aurus_seed14/accumulated/spec29.tlsf,1
simple-arbiter-aurus,441dd98470d805364c32e0ffc56cee58,av2,5,spec403.tlsf,experiments/results-aurus-curves/aurus_simple-arbiter-aurus_seed05/accumulated/spec403.tlsf,1
simple-arbiter-aurus,448af9ff7b331928681dd92511eb44c1,av2,7,spec124.tlsf,experiments/results-aurus-curves/aurus_simple-arbiter-aurus_seed07/accumulated/spec124.tlsf,1
simple-arbiter-aurus,462aa1ca338d06ae9c3dfee2fdd0f4b2,av2,12,spec235.tlsf,experiments/results-aurus-curves/aurus_simple-arbiter-aurus_seed12/accumulated/spec235.tlsf,1
simple-arbiter-aurus,463a2c87cc56e6735f82f9c7a9625836,av2,2,spec122.tlsf,experiments/results-aurus-curves/aurus_simple-arbiter-aurus_seed02/accumulated/spec122.tlsf,1
simple-arbiter-aurus,48f81814d5381bbdb8bb7d972d398bb3,av3,24,spec322.tlsf,experiments/results-aurus-curves/aurus_simple-arbiter-aurus_seed24/accumulated/spec322.tlsf,1
simple-arbiter-aurus,49876c53d51c0b944d040b9875441cf4,av2,11,spec160.tlsf,experiments/results-aurus-curves/aurus_simple-arbiter-aurus_seed11/accumulated/spec160.tlsf,1
simple-arbiter-aurus,4be32450a8006e9092c9a23091bfff3a,av3,27,spec277.tlsf,experiments/results-aurus-curves/aurus_simple-arbiter-aurus_seed27/accumulated/spec277.tlsf,1
simple-arbiter-aurus,4f73d555107d626d0c7003f7878fde81,av3,26,spec268.tlsf,experiments/results-aurus-curves/aurus_simple-arbiter-aurus_seed26/accumulated/spec268.tlsf,1
simple-arbiter-aurus,50d56e7ede346c0f6d795086706cf86d,av3,21,spec161.tlsf,experiments/results-aurus-curves/aurus_simple-arbiter-aurus_seed21/accumulated/spec161.tlsf,1
simple-arbiter-aurus,516ac97ef7e7dff25e40133c9403b113,av2,6,spec108.tlsf,experiments/results-aurus-curves/aurus_simple-arbiter-aurus_seed06/accumulated/spec108.tlsf,1
simple-arbiter-aurus,523e50ca89eaebbc8650782164d8563c,av3,20,spec132.tlsf,experiments/results-aurus-curves/aurus_simple-arbiter-aurus_seed20/accumulated/spec132.tlsf,1
simple-arbiter-aurus,5258c1bf61b70af1e969d1662a83bd5f,av3,25,spec1.tlsf,experiments/results-aurus-curves/aurus_simple-arbiter-aurus_seed25/accumulated/spec1.tlsf,1
simple-arbiter-aurus,52e19525ffa6c7d07472edb9a39bfcf0,av3,24,spec420.tlsf,experiments/results-aurus-curves/aurus_simple-arbiter-aurus_seed24/accumulated/spec420.tlsf,1
simple-arbiter-aurus,55b082cbacff08bf04a338ecf374175f,av2,2,spec355.tlsf,experiments/results-aurus-curves/aurus_simple-arbiter-aurus_seed02/accumulated/spec355.tlsf,1
simple-arbiter-aurus,55daac042f97cf29801d739170744ce2,av2,3,spec138.tlsf,experiments/results-aurus-curves/aurus_simple-arbiter-aurus_seed03/accumulated/spec138.tlsf,1
simple-arbiter-aurus,55f846d0cd06924ce7c13b5cf17d1ec5,av2,12,spec87.tlsf,experiments/results-aurus-curves/aurus_simple-arbiter-aurus_seed12/accumulated/spec87.tlsf,1
simple-arbiter-aurus,5aada0db17f535764380c2fcd1092201,av2,14,spec219.tlsf,experiments/results-aurus-curves/aurus_simple-arbiter-aurus_seed14/accumulated/spec219.tlsf,1
simple-arbiter-aurus,5c211a5abc33bd4a50f581ddb3d59594,av3,20,spec360.tlsf,experiments/results-aurus-curves/aurus_simple-arbiter-aurus_seed20/accumulated/spec360.tlsf,1
simple-arbiter-aurus,5e1123a17b17efb5581cd8a3489c4d73,av2,2,spec482.tlsf,experiments/results-aurus-curves/aurus_simple-arbiter-aurus_seed02/accumulated/spec482.tlsf,1
simple-arbiter-aurus,5e82afb144d92eb3213afe6807279cfb,av2,2,spec181.tlsf,experiments/results-aurus-curves/aurus_simple-arbiter-aurus_seed02/accumulated/spec181.tlsf,1
simple-arbiter-aurus,60511b85af39345119e1c1a0a98e9339,av2,6,spec197.tlsf,experiments/results-aurus-curves/aurus_simple-arbiter-aurus_seed06/accumulated/spec197.tlsf,1
simple-arbiter-aurus,607b91ba88b53e047eb3f7410f89f638,av2,3,spec96.tlsf,experiments/results-aurus-curves/aurus_simple-arbiter-aurus_seed03/accumulated/spec96.tlsf,1
simple-arbiter-aurus,608513cadf50c681a84ff3137e8bc7ba,av3,25,spec470.tlsf,experiments/results-aurus-curves/aurus_simple-arbiter-aurus_seed25/accumulated/spec470.tlsf,1
simple-arbiter-aurus,62953624f40a8b3a905d2b89b06bd445,av3,21,spec117.tlsf,experiments/results-aurus-curves/aurus_simple-arbiter-aurus_seed21/accumulated/spec117.tlsf,1
simple-arbiter-aurus,66c7842fc04f6189169a6015fed50c62,av3,23,spec219.tlsf,experiments/results-aurus-curves/aurus_simple-arbiter-aurus_seed23/accumulated/spec219.tlsf,1
simple-arbiter-aurus,66db5473bc2911a7de1eed7818be7871,av2,11,spec346.tlsf,experiments/results-aurus-curves/aurus_simple-arbiter-aurus_seed11/accumulated/spec346.tlsf,1
simple-arbiter-aurus,681b9b313f77d3954d8b028d1c1f7838,av3,28,spec307.tlsf,experiments/results-aurus-curves/aurus_simple-arbiter-aurus_seed28/accumulated/spec307.tlsf,1
simple-arbiter-aurus,6a29fa1d93c18bccbf45534989a89679,av2,5,spec408.tlsf,experiments/results-aurus-curves/aurus_simple-arbiter-aurus_seed05/accumulated/spec408.tlsf,1
simple-arbiter-aurus,6be4400d4b6704c4ccdf4959455437b9,av2,8,spec126.tlsf,experiments/results-aurus-curves/aurus_simple-arbiter-aurus_seed08/accumulated/spec126.tlsf,1
simple-arbiter-aurus,6ca5a42fd1414d863c14ea46408275e9,av2,4,spec130.tlsf,experiments/results-aurus-curves/aurus_simple-arbiter-aurus_seed04/accumulated/spec130.tlsf,1
simple-arbiter-aurus,6d716ef1faa3f459cc4979bbf473ab14,av2,11,spec114.tlsf,experiments/results-aurus-curves/aurus_simple-arbiter-aurus_seed11/accumulated/spec114.tlsf,1
simple-arbiter-aurus,6e338ea1bd2931f3874308bae0d24c15,av2,0,spec286.tlsf,experiments/results-aurus-curves/aurus_simple-arbiter-aurus_seed00/accumulated/spec286.tlsf,1
simple-arbiter-aurus,6e70fe1100d7e6ad347e77cadaa02445,av2,13,spec438.tlsf,experiments/results-aurus-curves/aurus_simple-arbiter-aurus_seed13/accumulated/spec438.tlsf,1
simple-arbiter-aurus,74c8c6e112a32ec89380216250f534cb,av2,8,spec385.tlsf,experiments/results-aurus-curves/aurus_simple-arbiter-aurus_seed08/accumulated/spec385.tlsf,1
simple-arbiter-aurus,7739f643fa6b6df5639ed23f0eed2dac,av3,23,spec9.tlsf,experiments/results-aurus-curves/aurus_simple-arbiter-aurus_seed23/accumulated/spec9.tlsf,3
simple-arbiter-aurus,77627d19d8da22b42a4374685f422462,av2,6,spec152.tlsf,experiments/results-aurus-curves/aurus_simple-arbiter-aurus_seed06/accumulated/spec152.tlsf,1
simple-arbiter-aurus,77f7f98d019d30770a58b8ca5af98970,av3,23,spec431.tlsf,experiments/results-aurus-curves/aurus_simple-arbiter-aurus_seed23/accumulated/spec431.tlsf,1
simple-arbiter-aurus,78237da9a79167506bdde24ac29c0b97,av3,23,spec116.tlsf,experiments/results-aurus-curves/aurus_simple-arbiter-aurus_seed23/accumulated/spec116.tlsf,1
simple-arbiter-aurus,78856eea467a7b00e36d854a4572d1f2,av3,22,spec242.tlsf,experiments/results-aurus-curves/aurus_simple-arbiter-aurus_seed22/accumulated/spec242.tlsf,1
simple-arbiter-aurus,7954fc331f05cfc4b857c35af50432dd,av2,7,spec190.tlsf,experiments/results-aurus-curves/aurus_simple-arbiter-aurus_seed07/accumulated/spec190.tlsf,1
simple-arbiter-aurus,7b21d59b6f74a927e9810fe00bcd1a32,av2,9,spec376.tlsf,experiments/results-aurus-curves/aurus_simple-arbiter-aurus_seed09/accumulated/spec376.tlsf,1
simple-arbiter-aurus,81bcfb1586f28214647ae5af6cb12bdf,av2,0,spec378.tlsf,experiments/results-aurus-curves/aurus_simple-arbiter-aurus_seed00/accumulated/spec378.tlsf,1
simple-arbiter-aurus,83952234343a8e1a080d4e4450aaf200,av3,25,spec476.tlsf,experiments/results-aurus-curves/aurus_simple-arbiter-aurus_seed25/accumulated/spec476.tlsf,1
simple-arbiter-aurus,847cdbab8b238369e4d68ace2bc58b0e,av3,22,spec470.tlsf,experiments/results-aurus-curves/aurus_simple-arbiter-aurus_seed22/accumulated/spec470.tlsf,2
simple-arbiter-aurus,84b95e1d2c36e792808a9cd95a9be352,av3,21,spec76.tlsf,experiments/results-aurus-curves/aurus_simple-arbiter-aurus_seed21/accumulated/spec76.tlsf,1
simple-arbiter-aurus,863c757e37ee4eb7960b8f85b5f753c1,av2,11,spec412.tlsf,experiments/results-aurus-curves/aurus_simple-arbiter-aurus_seed11/accumulated/spec412.tlsf,1
simple-arbiter-aurus,8727bcc8ad90ee044968a459fa6751a8,av2,0,spec101.tlsf,experiments/results-aurus-curves/aurus_simple-arbiter-aurus_seed00/accumulated/spec101.tlsf,1
simple-arbiter-aurus,89b30e0cd60a2a415eeea2c5c93fb783,av3,29,spec506.tlsf,experiments/results-aurus-curves/aurus_simple-arbiter-aurus_seed29/accumulated/spec506.tlsf,1
simple-arbiter-aurus,89c94d04dd990b3725b915a43c31cd54,av3,28,spec214.tlsf,experiments/results-aurus-curves/aurus_simple-arbiter-aurus_seed28/accumulated/spec214.tlsf,1
simple-arbiter-aurus,8a011dd202a9617344883cec3fb72e75,av3,23,spec430.tlsf,experiments/results-aurus-curves/aurus_simple-arbiter-aurus_seed23/accumulated/spec430.tlsf,1
simple-arbiter-aurus,8b8567bb6e9d8ad3e458241007990a6f,av3,23,spec49.tlsf,experiments/results-aurus-curves/aurus_simple-arbiter-aurus_seed23/accumulated/spec49.tlsf,1
simple-arbiter-aurus,8b99657c8191d7a7e084d1c52ee6181e,av2,11,spec140.tlsf,experiments/results-aurus-curves/aurus_simple-arbiter-aurus_seed11/accumulated/spec140.tlsf,1
simple-arbiter-aurus,8d12a44455e7572497764575db4bdbb1,av3,23,spec304.tlsf,experiments/results-aurus-curves/aurus_simple-arbiter-aurus_seed23/accumulated/spec304.tlsf,1
simple-arbiter-aurus,901c6af544b09aed63ab7b7fc51f1fe0,av3,18,spec156.tlsf,experiments/results-aurus-curves/aurus_simple-arbiter-aurus_seed18/accumulated/spec156.tlsf,1
simple-arbiter-aurus,903c9ff6dad0032a894d79fe065691a6,av3,26,spec219.tlsf,experiments/results-aurus-curves/aurus_simple-arbiter-aurus_seed26/accumulated/spec219.tlsf,1
simple-arbiter-aurus,95c21d1063ed5b64e0d1b37208eda0e2,av3,29,spec344.tlsf,experiments/results-aurus-curves/aurus_simple-arbiter-aurus_seed29/accumulated/spec344.tlsf,1
simple-arbiter-aurus,97288f3e57ddccf82dcb9921fc0a256f,av3,28,spec81.tlsf,experiments/results-aurus-curves/aurus_simple-arbiter-aurus_seed28/accumulated/spec81.tlsf,1
simple-arbiter-aurus,9852e7b39747ba2ddcb95689696a4624,av3,29,spec429.tlsf,experiments/results-aurus-curves/aurus_simple-arbiter-aurus_seed29/accumulated/spec429.tlsf,1
simple-arbiter-aurus,98800a8dd54fce0b190e2a4722cb738e,av2,13,spec317.tlsf,experiments/results-aurus-curves/aurus_simple-arbiter-aurus_seed13/accumulated/spec317.tlsf,1
simple-arbiter-aurus,9acc3179ece5aae6e9bcacae9bc896c4,av3,16,spec220.tlsf,experiments/results-aurus-curves/aurus_simple-arbiter-aurus_seed16/accumulated/spec220.tlsf,1
simple-arbiter-aurus,9e1c03c3c80ea5a5ad75b878d6d67ab8,av3,21,spec195.tlsf,experiments/results-aurus-curves/aurus_simple-arbiter-aurus_seed21/accumulated/spec195.tlsf,1
simple-arbiter-aurus,9f0d9503ba6c1270226cb8e429ac8902,av3,20,spec86.tlsf,experiments/results-aurus-curves/aurus_simple-arbiter-aurus_seed20/accumulated/spec86.tlsf,2
simple-arbiter-aurus,9f9dd0aac0a4b863c85511612a8555ea,av2,11,spec298.tlsf,experiments/results-aurus-curves/aurus_simple-arbiter-aurus_seed11/accumulated/spec298.tlsf,1
simple-arbiter-aurus,a16d27a3e9189bffb38432a76cc2be4e,av3,20,spec83.tlsf,experiments/results-aurus-curves/aurus_simple-arbiter-aurus_seed20/accumulated/spec83.tlsf,1
simple-arbiter-aurus,a194c701136707e07241fdc53ac1ced0,av2,10,spec92.tlsf,experiments/results-aurus-curves/aurus_simple-arbiter-aurus_seed10/accumulated/spec92.tlsf,1
simple-arbiter-aurus,a21c6658ae54eb3e0ac6c294ab65dfce,av2,3,spec69.tlsf,experiments/results-aurus-curves/aurus_simple-arbiter-aurus_seed03/accumulated/spec69.tlsf,1
simple-arbiter-aurus,a2c8c33cb6d2b4def01b6f645b54ee35,av3,21,spec140.tlsf,experiments/results-aurus-curves/aurus_simple-arbiter-aurus_seed21/accumulated/spec140.tlsf,1
simple-arbiter-aurus,a2e014aa09b4f4b96875064757fa45c2,av2,0,spec223.tlsf,experiments/results-aurus-curves/aurus_simple-arbiter-aurus_seed00/accumulated/spec223.tlsf,1
simple-arbiter-aurus,a43919046f695b0d6579e7a4198f6631,av2,7,spec89.tlsf,experiments/results-aurus-curves/aurus_simple-arbiter-aurus_seed07/accumulated/spec89.tlsf,1
simple-arbiter-aurus,a6947d8c2c7b1608956ff3f4f4357248,av3,16,spec172.tlsf,experiments/results-aurus-curves/aurus_simple-arbiter-aurus_seed16/accumulated/spec172.tlsf,1
simple-arbiter-aurus,a964e5f6853c19f18b2b6d8c0de6d244,av3,18,spec482.tlsf,experiments/results-aurus-curves/aurus_simple-arbiter-aurus_seed18/accumulated/spec482.tlsf,1
simple-arbiter-aurus,a9dd33cbf52c2169822fd57560d82d28,av2,6,spec255.tlsf,experiments/results-aurus-curves/aurus_simple-arbiter-aurus_seed06/accumulated/spec255.tlsf,1
simple-arbiter-aurus,ac3f94b4f6ef999076bb9a7b35ee6e62,av3,18,spec282.tlsf,experiments/results-aurus-curves/aurus_simple-arbiter-aurus_seed18/accumulated/spec282.tlsf,1
simple-arbiter-aurus,adcfc2d6de7904dc8423a707dfc7645b,av2,6,spec451.tlsf,experiments/results-aurus-curves/aurus_simple-arbiter-aurus_seed06/accumulated/spec451.tlsf,1
simple-arbiter-aurus,ae0d5a25924b7e7e1df17180e55773e2,av2,7,spec412.tlsf,experiments/results-aurus-curves/aurus_simple-arbiter-aurus_seed07/accumulated/spec412.tlsf,1
simple-arbiter-aurus,b0ee5d10c0d49b48ec299864f2f1c234,av2,11,spec250.tlsf,experiments/results-aurus-curves/aurus_simple-arbiter-aurus_seed11/accumulated/spec250.tlsf,1
simple-arbiter-aurus,b1836a154759f3c5b5256be3230a27f2,av3,29,spec287.tlsf,experiments/results-aurus-curves/aurus_simple-arbiter-aurus_seed29/accumulated/spec287.tlsf,1
simple-arbiter-aurus,b6788c58aa20eaca51dc5e426c7a95c9,av3,26,spec155.tlsf,experiments/results-aurus-curves/aurus_simple-arbiter-aurus_seed26/accumulated/spec155.tlsf,1
simple-arbiter-aurus,b7b3d0750712ca930777d446c7f7b75c,av3,23,spec360.tlsf,experiments/results-aurus-curves/aurus_simple-arbiter-aurus_seed23/accumulated/spec360.tlsf,1
simple-arbiter-aurus,b83c0f21000724495c9f3c583b6bc9f7,av3,26,spec225.tlsf,experiments/results-aurus-curves/aurus_simple-arbiter-aurus_seed26/accumulated/spec225.tlsf,1
simple-arbiter-aurus,bbfe992b87e3d6e596086094d8fbde66,av3,22,spec145.tlsf,experiments/results-aurus-curves/aurus_simple-arbiter-aurus_seed22/accumulated/spec145.tlsf,1
simple-arbiter-aurus,bc1bdcefffb5691fef5b1b584a074a4c,av2,7,spec91.tlsf,experiments/results-aurus-curves/aurus_simple-arbiter-aurus_seed07/accumulated/spec91.tlsf,1
simple-arbiter-aurus,bc73cc427fe312c69dcde8470e4091dc,av2,5,spec119.tlsf,experiments/results-aurus-curves/aurus_simple-arbiter-aurus_seed05/accumulated/spec119.tlsf,1
simple-arbiter-aurus,bd18727800464ddf13db5b6788e7a549,av3,23,spec216.tlsf,experiments/results-aurus-curves/aurus_simple-arbiter-aurus_seed23/accumulated/spec216.tlsf,1
simple-arbiter-aurus,be8236cf0ddf8fe8ee7cbbaaa0e3fab9,av2,10,spec141.tlsf,experiments/results-aurus-curves/aurus_simple-arbiter-aurus_seed10/accumulated/spec141.tlsf,1
simple-arbiter-aurus,bfd5d84e4c78376c20fbd315c1fa005a,av2,4,spec185.tlsf,experiments/results-aurus-curves/aurus_simple-arbiter-aurus_seed04/accumulated/spec185.tlsf,1
simple-arbiter-aurus,c17545d889c3a80e33b74a8a29b08fa2,av2,8,spec60.tlsf,experiments/results-aurus-curves/aurus_simple-arbiter-aurus_seed08/accumulated/spec60.tlsf,1
simple-arbiter-aurus,c1ff21cc762fca681986877872c6556c,av2,8,spec426.tlsf,experiments/results-aurus-curves/aurus_simple-arbiter-aurus_seed08/accumulated/spec426.tlsf,1
simple-arbiter-aurus,c46bb16d0d08738ba1408f9970591d3a,av3,20,spec223.tlsf,experiments/results-aurus-curves/aurus_simple-arbiter-aurus_seed20/accumulated/spec223.tlsf,1
simple-arbiter-aurus,c580560c63ce0acf2b8f42369e668149,av3,20,spec171.tlsf,experiments/results-aurus-curves/aurus_simple-arbiter-aurus_seed20/accumulated/spec171.tlsf,1
simple-arbiter-aurus,c593539fce9edc3ca3a13373e927f77a,av3,27,spec33.tlsf,experiments/results-aurus-curves/aurus_simple-arbiter-aurus_seed27/accumulated/spec33.tlsf,1
simple-arbiter-aurus,c63280531d77d02f07c9b4f66772164b,av3,16,spec156.tlsf,experiments/results-aurus-curves/aurus_simple-arbiter-aurus_seed16/accumulated/spec156.tlsf,1
simple-arbiter-aurus,c688b544ab2226cbfe5d7cfdbefbfb85,av2,6,spec257.tlsf,experiments/results-aurus-curves/aurus_simple-arbiter-aurus_seed06/accumulated/spec257.tlsf,1
simple-arbiter-aurus,c76deb5ce78bb21f43bb8a1dc3677348,av2,7,spec92.tlsf,experiments/results-aurus-curves/aurus_simple-arbiter-aurus_seed07/accumulated/spec92.tlsf,1
simple-arbiter-aurus,c78d188410e7321dd985149193c73e7c,av3,28,spec115.tlsf,experiments/results-aurus-curves/aurus_simple-arbiter-aurus_seed28/accumulated/spec115.tlsf,1
simple-arbiter-aurus,c7a39a6711221baa2068819165d134dd,av3,26,spec471.tlsf,experiments/results-aurus-curves/aurus_simple-arbiter-aurus_seed26/accumulated/spec471.tlsf,1
simple-arbiter-aurus,c7fc424610c1088d8752a566605ecea4,av2,0,spec174.tlsf,experiments/results-aurus-curves/aurus_simple-arbiter-aurus_seed00/accumulated/spec174.tlsf,1
simple-arbiter-aurus,c8565749d7ffb7420f6d26f5edae7874,av2,5,spec347.tlsf,experiments/results-aurus-curves/aurus_simple-arbiter-aurus_seed05/accumulated/spec347.tlsf,1
simple-arbiter-aurus,c8f1702379c37ff67740cc11d95b9c10,av2,12,spec173.tlsf,experiments/results-aurus-curves/aurus_simple-arbiter-aurus_seed12/accumulated/spec173.tlsf,1
simple-arbiter-aurus,c9b43a7ec06c4ffcf7e01c93ef6f15e9,av3,25,spec179.tlsf,experiments/results-aurus-curves/aurus_simple-arbiter-aurus_seed25/accumulated/spec179.tlsf,1
simple-arbiter-aurus,caf281492813113b4193a364932dc597,av2,5,spec492.tlsf,experiments/results-aurus-curves/aurus_simple-arbiter-aurus_seed05/accumulated/spec492.tlsf,1
simple-arbiter-aurus,cb2dbcadf4e414a795572143cdabe815,av2,1,spec35.tlsf,experiments/results-aurus-curves/aurus_simple-arbiter-aurus_seed01/accumulated/spec35.tlsf,1
simple-arbiter-aurus,cb4ca2fb2df5452b2f4a986e4873b1bd,av3,24,spec351.tlsf,experiments/results-aurus-curves/aurus_simple-arbiter-aurus_seed24/accumulated/spec351.tlsf,1
simple-arbiter-aurus,ceaa3457b745404a88d0e2cf3905629c,av2,2,spec96.tlsf,experiments/results-aurus-curves/aurus_simple-arbiter-aurus_seed02/accumulated/spec96.tlsf,1
simple-arbiter-aurus,cfd7c881bda16a7019a5311681911353,av3,21,spec192.tlsf,experiments/results-aurus-curves/aurus_simple-arbiter-aurus_seed21/accumulated/spec192.tlsf,1
simple-arbiter-aurus,d311e689720048bc86eab170e90780a7,av3,29,spec413.tlsf,experiments/results-aurus-curves/aurus_simple-arbiter-aurus_seed29/accumulated/spec413.tlsf,1
simple-arbiter-aurus,d314a5a80420ad8dc49b0b24da1adf14,av2,11,spec178.tlsf,experiments/results-aurus-curves/aurus_simple-arbiter-aurus_seed11/accumulated/spec178.tlsf,1
simple-arbiter-aurus,d9784e2e4302d4f74023f51b0dc1bb88,av2,10,spec385.tlsf,experiments/results-aurus-curves/aurus_simple-arbiter-aurus_seed10/accumulated/spec385.tlsf,1
simple-arbiter-aurus,d9837973322270ccdd70c06626e931a0,av3,28,spec398.tlsf,experiments/results-aurus-curves/aurus_simple-arbiter-aurus_seed28/accumulated/spec398.tlsf,1
simple-arbiter-aurus,dbfd9608879165ddcc0eec31bd7166e8,av3,24,spec380.tlsf,experiments/results-aurus-curves/aurus_simple-arbiter-aurus_seed24/accumulated/spec380.tlsf,1
simple-arbiter-aurus,dddfb661907eb0cb7f1ff50963b938b2,av2,0,spec233.tlsf,experiments/results-aurus-curves/aurus_simple-arbiter-aurus_seed00/accumulated/spec233.tlsf,1
simple-arbiter-aurus,defd0f9e5dda4b26dc82379ce2722335,av3,29,spec82.tlsf,experiments/results-aurus-curves/aurus_simple-arbiter-aurus_seed29/accumulated/spec82.tlsf,1
simple-arbiter-aurus,dfa3c8feb949e927a3bc1326699e9bcd,av2,6,spec42.tlsf,experiments/results-aurus-curves/aurus_simple-arbiter-aurus_seed06/accumulated/spec42.tlsf,1
simple-arbiter-aurus,e16edf42976f1cdcb3c99d735d403eb0,av2,7,spec85.tlsf,experiments/results-aurus-curves/aurus_simple-arbiter-aurus_seed07/accumulated/spec85.tlsf,1
simple-arbiter-aurus,e172015d5f564f3e5602c5fda5a12007,av2,3,spec55.tlsf,experiments/results-aurus-curves/aurus_simple-arbiter-aurus_seed03/accumulated/spec55.tlsf,1
simple-arbiter-aurus,e19d83ec6017bf8ec55950ff2b12063f,av2,4,spec389.tlsf,experiments/results-aurus-curves/aurus_simple-arbiter-aurus_seed04/accumulated/spec389.tlsf,1
simple-arbiter-aurus,e1f74372020c7b49d9791950e6e99d21,av2,0,spec26.tlsf,experiments/results-aurus-curves/aurus_simple-arbiter-aurus_seed00/accumulated/spec26.tlsf,1
simple-arbiter-aurus,e20442552c6ee06b39008019e2a1d3dc,av2,12,spec212.tlsf,experiments/results-aurus-curves/aurus_simple-arbiter-aurus_seed12/accumulated/spec212.tlsf,1
simple-arbiter-aurus,e7fe4806a8d7f348384d507aee530f9a,av2,5,spec273.tlsf,experiments/results-aurus-curves/aurus_simple-arbiter-aurus_seed05/accumulated/spec273.tlsf,1
simple-arbiter-aurus,e8a8a28b7419196ecc96fe78e6b01aa1,av3,19,spec15.tlsf,experiments/results-aurus-curves/aurus_simple-arbiter-aurus_seed19/accumulated/spec15.tlsf,1
simple-arbiter-aurus,e95436a2564a4a63ea74fb95089ddb06,av2,10,spec388.tlsf,experiments/results-aurus-curves/aurus_simple-arbiter-aurus_seed10/accumulated/spec388.tlsf,1
simple-arbiter-aurus,eb654b4e7283af1ad24c822637d4fbc0,av2,8,spec119.tlsf,experiments/results-aurus-curves/aurus_simple-arbiter-aurus_seed08/accumulated/spec119.tlsf,1
simple-arbiter-aurus,ef6c89ce13ef936ab263007e44d96eeb,av3,22,spec503.tlsf,experiments/results-aurus-curves/aurus_simple-arbiter-aurus_seed22/accumulated/spec503.tlsf,1
simple-arbiter-aurus,f2e67392002351e1ecd13dc8256159cf,av3,24,spec13.tlsf,experiments/results-aurus-curves/aurus_simple-arbiter-aurus_seed24/accumulated/spec13.tlsf,1
simple-arbiter-aurus,f59832a0ec845c9f51121ef687e3b4af,av3,23,spec277.tlsf,experiments/results-aurus-curves/aurus_simple-arbiter-aurus_seed23/accumulated/spec277.tlsf,1
simple-arbiter-aurus,f60a608d861ad125cbf6bc7a70e3a4ac,av2,6,spec383.tlsf,experiments/results-aurus-curves/aurus_simple-arbiter-aurus_seed06/accumulated/spec383.tlsf,1
simple-arbiter-aurus,f6105292a4e1a4ac2c612821c688d192,av2,13,spec60.tlsf,experiments/results-aurus-curves/aurus_simple-arbiter-aurus_seed13/accumulated/spec60.tlsf,1
simple-arbiter-aurus,f82052b2f7b6c3aa52c193e20589afe9,av2,6,spec94.tlsf,experiments/results-aurus-curves/aurus_simple-arbiter-aurus_seed06/accumulated/spec94.tlsf,1
simple-arbiter-aurus,f876bc4df846a1ec58518c890cd979b0,av3,25,spec245.tlsf,experiments/results-aurus-curves/aurus_simple-arbiter-aurus_seed25/accumulated/spec245.tlsf,1
simple-arbiter-aurus,f958a22d8b0c69d153890f5e8988d321,av3,24,spec109.tlsf,experiments/results-aurus-curves/aurus_simple-arbiter-aurus_seed24/accumulated/spec109.tlsf,1
simple-arbiter-aurus,fb675091d4a5834426be247ac0a3c40a,av2,2,spec314.tlsf,experiments/results-aurus-curves/aurus_simple-arbiter-aurus_seed02/accumulated/spec314.tlsf,1
simple-arbiter-aurus,fc915bea7c94e846eacf376a45c39772,av2,5,spec295.tlsf,experiments/results-aurus-curves/aurus_simple-arbiter-aurus_seed05/accumulated/spec295.tlsf,1
simple-arbiter-aurus,fdf7823a8d257110b88a426da3621cea,av2,8,spec271.tlsf,experiments/results-aurus-curves/aurus_simple-arbiter-aurus_seed08/accumulated/spec271.tlsf,1
simple-arbiter-aurus,fe43e924660fd62ffccf09263ec82e02,av2,10,spec434.tlsf,experiments/results-aurus-curves/aurus_simple-arbiter-aurus_seed10/accumulated/spec434.tlsf,1
simple-arbiter-aurus,fe4c5516033cb66b7d698335f2651971,av2,5,spec237.tlsf,experiments/results-aurus-curves/aurus_simple-arbiter-aurus_seed05/accumulated/spec237.tlsf,1
