mode,subject,seed,d_n,u_n,m_n,prec_du,prec_dm,prec_ud,prec_um,prec_md,prec_mu,cov_du,cov_dm,cov_ud,cov_um,cov_md,cov_mu
triple,fsm-combined,0,26,26,26,0.0769,0.3077,0.3462,0.4615,0.9231,0.7308,0.0769,0.2692,0.1538,0.1923,0.3846,0.2692
triple,fsm-combined,1,26,26,26,0.2308,0.5385,0.5,0.4231,0.4231,0.2692,0.1154,0.1154,0.1923,0.1923,0.1538,0.1154
triple,fsm-combined,2,18,18,18,0.3889,0.3889,0.6667,0.6111,0.2778,0.4444,0.3333,0.2222,0.1667,0.3889,0.2222,0.2778
triple,fsm-combined,3,26,26,26,0.2692,0.4615,0.6154,0.6538,0.3462,0.0,0.1154,0.2308,0.1538,0.1538,0.4231,0.0
triple,fsm-combined,4,25,25,25,0.64,0.2,0.2,0.36,0.72,0.36,0.16,0.04,0.12,0.12,0.24,0.08
triple,fsm-combined,5,11,11,11,0.1818,0.4545,0.4545,0.4545,0.6364,0.8182,0.1818,0.2727,0.0909,0.1818,0.4545,0.1818
triple,fsm-combined,6,29,29,29,0.2759,0.3103,0.1034,0.069,0.2414,0.3103,0.0345,0.0345,0.0345,0.0345,0.1034,0.069
triple,fsm-combined,7,20,20,20,0.5,0.0,0.5,0.4,0.05,0.05,0.35,0.0,0.25,0.15,0.05,0.05
triple,fsm-combined,8,24,24,24,0.4167,0.4583,0.5833,0.3333,0.2917,0.0,0.1667,0.25,0.0417,0.0417,0.2917,0.0
triple,fsm-combined,9,15,15,15,0.4667,0.2667,0.9333,0.3333,0.0,0.0667,0.2667,0.0667,0.2667,0.2,0.0,0.0667
triple,fsm-combined,10,17,17,17,0.0,0.3529,0.1765,0.3529,0.7647,0.1765,0.0,0.2941,0.1765,0.1765,0.5294,0.1176
triple,fsm-combined,11,18,18,18,0.6111,0.5,0.2778,0.5556,0.2778,0.6111,0.1667,0.2222,0.1111,0.1667,0.1111,0.2222
triple,fsm-combined,12,23,23,23,0.2174,0.6957,0.6087,0.5652,0.6957,0.2174,0.1304,0.3043,0.1304,0.1304,0.1739,0.087
triple,fsm-combined,13,19,19,19,0.2632,0.1579,0.3158,0.4211,0.5789,0.7368,0.2105,0.1579,0.2105,0.1579,0.3684,0.2632
triple,fsm-combined,14,26,26,26,0.3846,0.5,0.5,0.5769,0.6538,0.1923,0.1154,0.1154,0.1154,0.1538,0.3462,0.2308
xtriple,fsm-combined,0,26,26,26,0.1538,0.1923,0.2692,0.5385,0.2692,0.5769,0.1538,0.1538,0.0769,0.1538,0.2308,0.2308
xtriple,fsm-combined,1,18,18,18,0.5,0.1667,0.8333,0.8889,1.0,0.6111,0.2222,0.1667,0.2222,0.1111,0.3333,0.2222
xtriple,fsm-combined,2,26,26,26,0.3462,0.4231,0.0769,0.3077,0.3462,0.2308,0.1154,0.2308,0.1154,0.1154,0.0769,0.0769
xtriple,fsm-combined,3,11,11,11,0.0,0.1818,0.6364,0.8182,1.0,0.8182,0.0,0.2727,0.1818,0.1818,0.4545,0.1818
xtriple,fsm-combined,4,30,30,30,0.0667,0.1333,0.1333,0.5,0.1667,0.1667,0.0667,0.1333,0.0667,0.1,0.0333,0.2333
xtriple,fsm-combined,5,25,25,25,0.0,0.12,0.16,0.16,0.08,0.4,0.0,0.04,0.08,0.08,0.2,0.08
xtriple,fsm-combined,6,20,20,20,0.2,0.35,0.8,0.3,0.25,0.4,0.1,0.1,0.35,0.3,0.3,0.2
xtriple,fsm-combined,7,31,31,31,0.0323,0.1613,0.0645,0.3226,0.2903,0.1935,0.0323,0.0968,0.0645,0.0645,0.0968,0.0968
xtriple,fsm-combined,8,24,24,24,0.5,0.7917,0.0417,0.0,0.625,0.0833,0.2083,0.25,0.0417,0.0,0.125,0.0833
xtriple,fsm-combined,9,38,38,38,0.2368,0.3947,0.5,0.5,0.0789,0.4474,0.1053,0.2105,0.1053,0.1842,0.1842,0.1053
xtriple,fsm-combined,10,15,15,15,0.4,0.4,0.5333,0.3333,0.0667,0.3333,0.0667,0.1333,0.2,0.1333,0.0667,0.1333
xtriple,fsm-combined,11,24,24,24,0.4167,0.2083,0.125,0.1667,0.375,0.75,0.25,0.0417,0.1667,0.0417,0.0833,0.125
xtriple,fsm-combined,12,23,23,23,0.2174,0.087,0.4783,0.1304,0.5217,0.4348,0.2174,0.0435,0.1304,0.1304,0.1739,0.3043
xtriple,fsm-combined,13,19,19,19,0.2632,0.2632,0.2632,0.3158,0.7368,0.1579,0.1053,0.2632,0.1053,0.1579,0.2632,0.1053
xtriple,fsm-combined,14,26,26,26,0.1154,0.1538,0.6154,0.1923,0.6923,0.0769,0.1538,0.1154,0.1538,0.1154,0.2308,0.0385
null,fsm-combined@directed,0,27,27,27,0.3333,0.5556,0.3704,0.2593,0.6296,0.5556,0.2222,0.0741,0.1111,0.1481,0.1852,0.1852
null,fsm-combined@directed,1,26,26,26,0.3846,0.2692,0.0385,0.1154,0.0769,0.1538,0.2308,0.1923,0.0385,0.1538,0.0769,0.2692
null,fsm-combined@directed,2,29,29,29,0.2069,0.1034,0.1379,0.1724,0.6552,0.5172,0.1034,0.1724,0.1379,0.1379,0.2069,0.1724
null,fsm-combined@directed,3,17,17,17,0.3529,0.2353,0.4118,0.1176,0.3529,0.5294,0.2353,0.1176,0.2353,0.1176,0.2353,0.2353
null,fsm-combined@directed,4,19,19,19,0.6842,0.6316,0.2105,0.5789,0.5789,0.4211,0.3684,0.4211,0.1053,0.2105,0.2105,0.3158
null,fsm-combined@uniform,0,18,18,18,0.5,0.5,0.5,0.2222,0.6667,0.8333,0.3333,0.3333,0.3333,0.1111,0.1667,0.1111
null,fsm-combined@uniform,1,32,32,32,0.25,0.3125,0.2188,0.375,0.3125,0.2812,0.1875,0.1562,0.2188,0.2188,0.1562,0.1562
null,fsm-combined@uniform,2,20,20,20,0.2,0.15,0.6,0.25,0.1,0.05,0.1,0.05,0.25,0.1,0.05,0.05
null,fsm-combined@uniform,3,18,18,18,0.4444,0.3333,0.2778,0.4444,0.3889,0.5,0.2222,0.1667,0.1667,0.1111,0.0556,0.2222
null,fsm-combined@uniform,4,23,23,23,0.3478,0.3913,0.0,0.0,0.2174,0.1739,0.1304,0.1304,0.0,0.0,0.087,0.087
null,fsm-combined@mixed,0,29,29,29,0.7241,0.8276,0.4138,0.4138,0.5172,0.4483,0.2759,0.3103,0.2414,0.1034,0.2414,0.1034
null,fsm-combined@mixed,1,11,11,11,0.3636,0.3636,0.9091,0.6364,0.7273,0.9091,0.0909,0.4545,0.2727,0.2727,0.3636,0.2727
null,fsm-combined@mixed,2,24,24,24,0.25,0.25,0.4583,0.5833,0.2083,0.2083,0.125,0.3333,0.125,0.1667,0.125,0.125
null,fsm-combined@mixed,3,15,15,15,0.0667,0.4,0.3333,0.4,0.6667,0.2667,0.2,0.2,0.1333,0.1333,0.3333,0.2
null,fsm-combined@mixed,4,23,23,23,0.5652,0.0435,0.4348,0.3913,0.3913,0.6522,0.1739,0.0435,0.1739,0.1304,0.2174,0.1739
triple,fsm-timing,0,30,30,30,0.5,0.3333,0.4,0.4333,0.1667,0.5333,0.3667,0.4,0.3667,0.6,0.3,0.5
triple,fsm-timing,1,27,27,27,0.3333,0.3333,0.5926,0.7037,0.2593,0.4444,0.3333,0.2963,0.5556,0.4815,0.2963,0.4074
triple,fsm-timing,2,28,28,28,0.2857,0.3571,0.6429,0.5714,0.6071,0.5,0.25,0.4643,0.5714,0.6071,0.5714,0.3929
triple,fsm-timing,3,37,37,37,0.1351,0.0811,0.6216,0.3784,0.5946,0.2162,0.1081,0.0541,0.3243,0.4324,0.2432,0.3243
triple,fsm-timing,4,34,34,34,0.2941,0.5294,0.6765,0.4706,0.4706,0.5,0.1765,0.3824,0.4412,0.4118,0.5294,0.2647
triple,fsm-timing,5,28,28,28,0.4643,0.5357,0.6071,0.5714,0.7143,0.3929,0.3929,0.6429,0.5,0.4643,0.5357,0.2143
triple,fsm-timing,6,37,37,37,0.3514,0.5676,0.5676,0.4865,0.6216,0.4054,0.3514,0.4595,0.5405,0.4054,0.3784,0.1622
triple,fsm-timing,7,23,23,23,0.4783,0.4783,0.3913,0.7826,0.5217,0.5217,0.6522,0.7391,0.3478,0.6957,0.3478,0.3913
triple,fsm-timing,8,33,33,33,0.5455,0.303,0.5152,0.3333,0.6667,0.6364,0.3636,0.6061,0.697,0.4242,0.3636,0.303
triple,fsm-timing,9,44,44,44,0.25,0.3409,0.5682,0.4773,0.6591,0.4773,0.2273,0.3182,0.4545,0.3864,0.3864,0.5227
triple,fsm-timing,10,25,25,25,0.68,0.48,0.56,0.24,0.6,0.4,0.56,0.52,0.48,0.12,0.56,0.4
triple,fsm-timing,11,36,36,36,0.3611,0.4444,0.6389,0.6944,0.4167,0.6944,0.2222,0.3889,0.4167,0.4444,0.4167,0.3333
triple,fsm-timing,12,33,33,33,0.4848,0.6061,0.303,0.303,0.5152,0.5152,0.3636,0.2727,0.5152,0.4545,0.5152,0.303
triple,fsm-timing,13,41,41,41,0.4878,0.3902,0.2927,0.2683,0.4878,0.4634,0.3415,0.4146,0.3659,0.3171,0.4634,0.2927
triple,fsm-timing,14,28,28,28,0.2857,0.5357,0.6429,0.5357,0.75,0.4286,0.1786,0.6071,0.4286,0.5,0.6786,0.2857
xtriple,fsm-timing,0,39,39,39,0.3846,0.3846,0.7436,0.7692,0.6923,0.5641,0.1795,0.3846,0.5897,0.4359,0.4615,0.359
xtriple,fsm-timing,1,27,27,27,0.2593,0.4444,0.5185,0.6667,0.6296,0.3333,0.2593,0.4074,0.5926,0.5556,0.5556,0.3704
xtriple,fsm-timing,2,35,35,35,0.3429,0.2857,0.2857,0.4286,0.4571,0.5714,0.3714,0.4571,0.2857,0.5429,0.3143,0.5429
xtriple,fsm-timing,3,43,43,43,0.2791,0.4651,0.6279,0.5814,0.5116,0.4419,0.1163,0.2326,0.2791,0.5116,0.4186,0.2558
xtriple,fsm-timing,4,28,28,28,0.4643,0.2857,0.7143,0.4643,0.75,0.6429,0.2143,0.2143,0.4286,0.3214,0.3929,0.3214
xtriple,fsm-timing,5,34,34,34,0.3529,0.5882,0.7647,0.6471,0.5294,0.4412,0.2647,0.3235,0.5,0.4118,0.5588,0.5
xtriple,fsm-timing,6,23,23,23,0.2609,0.5217,0.5217,0.5652,0.6087,0.4348,0.3913,0.3913,0.3043,0.5217,0.3478,0.5652
xtriple,fsm-timing,7,36,36,36,0.4167,0.6667,0.3056,0.4167,0.3611,0.5556,0.25,0.5,0.3889,0.5,0.2222,0.25
xtriple,fsm-timing,8,35,35,35,0.4,0.3143,0.6857,0.3429,0.6,0.5429,0.2857,0.2571,0.5714,0.4,0.3143,0.3143
xtriple,fsm-timing,9,35,35,35,0.4286,0.4286,0.4571,0.4,0.5429,0.6571,0.2571,0.4571,0.3429,0.4286,0.2857,0.3429
xtriple,fsm-timing,10,25,25,25,0.56,0.36,0.72,0.44,0.8,0.36,0.52,0.28,0.4,0.28,0.56,0.32
xtriple,fsm-timing,11,37,37,37,0.2432,0.3243,0.7568,0.5135,0.7297,0.4595,0.1622,0.2703,0.4865,0.3243,0.4865,0.5676
xtriple,fsm-timing,12,31,31,31,0.5484,0.4194,0.3548,0.3226,0.7742,0.5161,0.3226,0.4516,0.3226,0.3226,0.6129,0.3871
xtriple,fsm-timing,13,33,33,33,0.4242,0.6364,0.5152,0.5758,0.3636,0.4545,0.303,0.3636,0.3939,0.4242,0.3939,0.1818
xtriple,fsm-timing,14,28,28,28,0.4286,0.6429,0.5357,0.2143,0.75,0.5714,0.2857,0.3214,0.5,0.2857,0.3214,0.3929
null,fsm-timing@directed,0,27,27,27,0.4444,0.4444,0.5556,0.4815,0.5556,0.5556,0.4444,0.3333,0.4074,0.3704,0.4444,0.4444
null,fsm-timing@directed,1,34,34,34,0.3235,0.6176,0.6765,0.6765,0.7353,0.5588,0.2941,0.3824,0.7059,0.4118,0.6471,0.5294
null,fsm-timing@directed,2,35,35,35,0.3714,0.3429,0.3714,0.6571,0.3714,0.4286,0.2286,0.3429,0.4571,0.6286,0.3714,0.2857
null,fsm-timing@directed,3,25,25,25,0.52,0.64,0.68,0.52,0.48,0.48,0.88,0.6,0.52,0.68,0.36,0.4
null,fsm-timing@directed,4,28,28,28,0.4643,0.6786,0.7143,0.7143,0.6786,0.5,0.3571,0.4643,0.5714,0.5714,0.5714,0.3571
null,fsm-timing@uniform,0,28,28,28,0.2857,0.2857,0.6429,0.5714,0.5,0.6071,0.1786,0.2143,0.5357,0.2857,0.6786,0.4643
null,fsm-timing@uniform,1,28,28,28,0.6429,0.6429,0.5714,0.6429,0.5,0.4643,0.5357,0.4286,0.5714,0.4286,0.4286,0.3929
null,fsm-timing@uniform,2,23,23,23,0.3478,0.4783,0.6522,0.5217,0.3478,0.1739,0.4348,0.4783,0.5217,0.3478,0.4348,0.3913
null,fsm-timing@uniform,3,35,35,35,0.6,0.4,0.6857,0.4571,0.4,0.6286,0.4857,0.4571,0.3714,0.4286,0.4857,0.6
null,fsm-timing@uniform,4,35,35,35,0.2857,0.2571,0.4286,0.2857,0.6,0.5143,0.5429,0.5143,0.2857,0.2286,0.3714,0.4286
null,fsm-timing@mixed,0,30,30,30,0.3,0.3333,0.4667,0.5,0.5667,0.4667,0.2667,0.4333,0.4333,0.6,0.4333,0.4667
null,fsm-timing@mixed,1,34,34,34,0.4412,0.4412,0.3824,0.3824,0.2941,0.2941,0.3235,0.2647,0.2941,0.4412,0.3235,0.2941
null,fsm-timing@mixed,2,33,33,33,0.1818,0.2727,0.3636,0.3939,0.6667,0.697,0.2121,0.3939,0.2424,0.3333,0.6061,0.4242
null,fsm-timing@mixed,3,36,36,36,0.5556,0.6389,0.3889,0.5833,0.4167,0.5,0.3333,0.3611,0.3056,0.6111,0.1667,0.1944
null,fsm-timing@mixed,4,31,31,31,0.3871,0.5484,0.4839,0.4516,0.5161,0.4839,0.4194,0.4194,0.1613,0.4194,0.3226,0.6452
triple,fsm,0,15,15,15,0.6,0.6667,0.2,0.4667,0.9333,0.8667,0.3333,0.6,0.1333,0.4,0.6,0.6667
triple,fsm,1,8,8,8,0.875,0.5,0.0,0.125,0.875,1.0,0.5,0.625,0.0,0.375,0.625,0.875
triple,fsm,2,14,14,14,0.5,0.9286,0.8571,0.9286,1.0,0.7857,0.5,0.6429,0.6429,0.7857,0.7857,0.5
triple,fsm,3,12,12,12,0.5,0.3333,0.3333,0.8333,0.75,0.8333,0.5833,0.3333,0.25,0.4167,0.5,0.75
triple,fsm,4,9,9,9,0.8889,0.6667,0.3333,0.4444,0.7778,0.8889,0.8889,0.7778,0.3333,0.5556,0.4444,0.8889
triple,fsm,5,17,17,17,0.5294,0.8235,0.7059,0.5294,0.4706,0.5294,0.4118,0.5294,0.6471,0.5294,0.3529,0.4118
triple,fsm,6,11,11,11,0.7273,0.9091,0.4545,0.1818,0.6364,0.4545,0.8182,0.6364,0.5455,0.2727,0.5455,0.4545
triple,fsm,7,10,10,10,0.8,0.9,0.5,0.9,0.3,0.5,0.7,0.9,0.6,0.5,0.4,0.7
triple,fsm,8,15,15,15,0.8667,0.8,0.6,0.7333,0.6667,0.5333,0.6,0.8,0.5333,0.6667,0.3333,0.4
triple,fsm,9,14,14,14,0.2857,0.5,0.7857,0.8571,0.5,0.6429,0.4286,0.2857,0.5,0.4286,0.3571,0.6429
triple,fsm,10,9,9,9,1.0,1.0,0.3333,0.8889,0.5556,0.8889,0.7778,0.8889,0.3333,0.8889,0.4444,0.4444
triple,fsm,11,18,18,18,0.6667,0.6111,0.1667,0.6111,0.5556,0.7222,0.2778,0.4444,0.2222,0.5,0.2778,0.3889
triple,fsm,12,13,13,13,0.7692,0.7692,0.2308,0.2308,0.5385,0.6154,0.5385,0.4615,0.2308,0.1538,0.7692,0.6154
triple,fsm,13,11,11,11,0.9091,0.7273,1.0,0.5455,0.2727,0.2727,0.6364,0.4545,0.6364,0.3636,0.1818,0.1818
triple,fsm,14,10,10,10,1.0,0.8,0.5,1.0,0.6,0.8,0.7,0.6,0.4,0.6,0.4,0.8
xtriple,fsm,0,15,15,15,0.9333,0.8,0.8,0.8667,0.7333,0.6667,0.4667,0.4667,0.2667,0.4667,0.3333,0.4667
xtriple,fsm,1,14,14,14,0.6429,0.5,0.5,0.6429,0.8571,0.8571,0.5714,0.3571,0.2857,0.5,0.6429,0.7857
xtriple,fsm,2,8,8,8,0.375,0.875,0.25,0.625,1.0,0.375,0.25,0.875,0.125,0.25,0.875,0.5
xtriple,fsm,3,15,15,15,0.4667,0.4667,0.6,0.8,0.5333,0.6,0.4667,0.6,0.4,0.5333,0.6,0.5333
xtriple,fsm,4,9,9,9,0.6667,0.8889,0.3333,0.4444,0.6667,0.7778,0.8889,0.6667,0.3333,0.5556,0.5556,0.4444
xtriple,fsm,5,13,13,13,0.6154,0.9231,0.7692,0.5385,0.9231,0.8462,0.4615,0.6154,0.3846,0.5385,0.6923,0.6154
xtriple,fsm,6,10,10,10,0.9,0.8,0.6,0.7,0.7,0.7,0.7,0.6,0.8,0.3,0.2,0.2
xtriple,fsm,7,11,11,11,0.8182,0.9091,0.7273,0.6364,0.6364,0.5455,0.5455,0.6364,0.8182,0.4545,0.6364,0.4545
xtriple,fsm,8,11,11,11,0.4545,0.7273,0.8182,0.9091,0.5455,0.1818,0.3636,0.7273,0.3636,0.5455,0.5455,0.1818
xtriple,fsm,9,15,15,15,0.6,0.8,0.6,0.8667,0.5333,0.5333,0.4667,0.6,0.5333,0.6,0.4,0.5333
xtriple,fsm,10,9,9,9,1.0,1.0,0.3333,0.4444,0.6667,0.6667,0.5556,0.7778,0.2222,0.2222,0.4444,0.3333
xtriple,fsm,11,13,13,13,0.4615,0.6923,0.9231,0.8462,0.6923,0.4615,0.6154,0.5385,0.6154,0.6154,0.6154,0.6154
xtriple,fsm,12,13,13,13,0.6154,0.7692,0.8462,0.7692,0.7692,0.7692,0.3077,0.5385,0.6154,0.6154,0.5385,0.3077
xtriple,fsm,13,11,11,11,0.8182,0.6364,0.5455,1.0,0.8182,0.9091,0.8182,0.5455,0.6364,0.6364,0.7273,0.9091
xtriple,fsm,14,10,10,10,0.8,0.7,0.2,0.3,0.2,0.5,0.5,0.4,0.2,0.3,0.1,0.4
null,fsm@directed,0,14,14,14,0.5714,0.7143,0.7857,0.7143,0.3571,0.7857,0.3571,0.4286,0.5,0.7857,0.2857,0.8571
null,fsm@directed,1,9,9,9,0.3333,0.5556,1.0,1.0,0.7778,0.5556,0.3333,0.4444,0.6667,0.6667,0.6667,0.5556
null,fsm@directed,2,11,11,11,1.0,0.6364,1.0,1.0,0.5455,0.5455,0.8182,0.6364,0.8182,0.6364,0.3636,0.7273
null,fsm@directed,3,9,9,9,0.6667,0.7778,0.8889,0.8889,0.8889,0.6667,0.6667,0.3333,1.0,0.8889,0.2222,0.2222
null,fsm@directed,4,10,10,10,0.4,0.4,0.7,0.8,0.9,0.9,0.5,0.4,0.5,0.7,0.6,0.6
null,fsm@uniform,0,16,16,16,0.375,0.625,0.875,0.875,0.8125,0.75,0.25,0.375,0.4375,0.5625,0.625,0.6875
null,fsm@uniform,1,15,15,15,0.6667,0.6667,0.6667,0.6667,0.8,0.7333,0.7333,0.6667,0.7333,0.5333,0.7333,0.6667
null,fsm@uniform,2,10,10,10,0.4,0.0,0.5,0.1,0.9,0.8,0.6,0.0,0.4,0.1,0.4,0.3
null,fsm@uniform,3,14,14,14,0.8571,0.9286,0.7143,0.8571,0.4286,0.5714,0.4286,0.5714,0.5714,0.5714,0.2857,0.2143
null,fsm@uniform,4,16,16,16,0.375,0.125,0.75,0.9375,0.75,0.75,0.5,0.125,0.625,0.4375,0.3125,0.3125
null,fsm@mixed,0,8,8,8,0.875,1.0,0.875,0.75,0.625,1.0,0.625,0.75,0.375,0.75,0.5,0.625
null,fsm@mixed,1,12,12,12,0.8333,0.9167,0.75,0.8333,0.25,0.5833,0.5,0.5833,0.4167,0.6667,0.3333,0.5833
null,fsm@mixed,2,11,11,11,0.7273,0.1818,0.6364,0.1818,0.7273,0.7273,0.4545,0.2727,0.5455,0.2727,0.1818,0.2727
null,fsm@mixed,3,13,13,13,0.5385,0.7692,0.3846,0.4615,0.4615,0.5385,0.3077,0.4615,0.3846,0.3077,0.3846,0.3846
null,fsm@mixed,4,14,14,14,0.9286,0.8571,0.3571,0.1429,0.5714,0.6429,0.7143,0.7143,0.2143,0.2857,0.3571,0.5
triple,mode-arbiter,0,33,33,33,0.1818,0.4545,0.6061,0.6061,0.8485,0.6061,0.2727,0.4545,0.3333,0.4848,0.5455,0.3636
triple,mode-arbiter,1,30,30,30,0.5,0.6,0.7333,0.7,0.8,0.6333,0.3,0.3,0.4333,0.4667,0.3667,0.2667
triple,mode-arbiter,2,32,32,32,0.2812,0.4375,0.6562,0.375,0.6562,0.5312,0.25,0.3438,0.375,0.4062,0.4375,0.3125
triple,mode-arbiter,3,15,15,15,0.4667,0.6,0.3333,0.6,0.8,0.6,0.4,0.5333,0.4667,0.5333,0.6,0.4
triple,mode-arbiter,4,19,19,19,0.3158,0.4211,0.4211,0.2105,0.8421,0.3684,0.4211,0.4737,0.3684,0.2105,0.5789,0.3684
triple,mode-arbiter,5,33,33,33,0.5152,0.3636,0.6667,0.6364,0.7273,0.6061,0.2727,0.4545,0.4242,0.2727,0.4545,0.1818
triple,mode-arbiter,6,31,31,31,0.3871,0.4839,0.5161,0.6129,0.4839,0.4194,0.2581,0.3871,0.4839,0.4194,0.4516,0.2903
triple,mode-arbiter,7,24,24,24,0.5833,0.5833,0.5833,0.625,0.75,0.6667,0.5417,0.3333,0.5833,0.4583,0.2917,0.3333
triple,mode-arbiter,8,26,26,26,0.3846,0.3462,0.5385,0.4615,0.6538,0.6538,0.3077,0.2692,0.4231,0.3077,0.6923,0.5
triple,mode-arbiter,9,29,29,29,0.5517,0.6207,0.6552,0.5517,0.5862,0.2414,0.5172,0.4828,0.6207,0.4828,0.5172,0.2759
triple,mode-arbiter,10,24,24,24,0.5417,0.5417,0.875,0.5,0.4167,0.3333,0.5417,0.3333,0.6667,0.375,0.5,0.25
triple,mode-arbiter,11,26,26,26,0.3846,0.3846,0.8462,0.8846,0.8846,0.6538,0.2692,0.2692,0.4615,0.5385,0.4231,0.3462
triple,mode-arbiter,12,34,34,34,0.5,0.5882,0.4412,0.6471,0.5882,0.3824,0.4118,0.5294,0.3824,0.4706,0.5,0.3235
triple,mode-arbiter,13,20,20,20,0.4,0.6,0.3,0.55,0.55,0.6,0.35,0.35,0.25,0.3,0.4,0.3
triple,mode-arbiter,14,24,24,24,0.375,0.7083,0.6667,0.625,0.625,0.3333,0.3333,0.5417,0.3333,0.375,0.5417,0.25
xtriple,mode-arbiter,0,30,30,30,0.2667,0.5333,0.7,0.7,0.4333,0.5667,0.3667,0.3,0.4333,0.4333,0.4,0.3333
xtriple,mode-arbiter,1,33,33,33,0.6364,0.4242,0.8182,0.4545,0.7879,0.6061,0.3333,0.3333,0.5152,0.2727,0.3636,0.303
xtriple,mode-arbiter,2,32,32,32,0.3438,0.5312,0.4688,0.5938,0.625,0.5938,0.2812,0.4688,0.375,0.4688,0.625,0.4375
xtriple,mode-arbiter,3,15,15,15,0.5333,0.5333,0.8667,0.7333,0.9333,0.9333,0.3333,0.4,0.4,0.2667,0.6,0.2667
xtriple,mode-arbiter,4,19,19,19,0.3158,0.2632,0.8947,0.7895,0.8947,0.4211,0.3684,0.5263,0.5263,0.2632,0.4737,0.3684
xtriple,mode-arbiter,5,26,26,26,0.6154,0.5769,0.5,0.3846,0.5,0.5385,0.3846,0.4231,0.3846,0.4615,0.3846,0.4231
xtriple,mode-arbiter,6,33,33,33,0.4242,0.2424,0.6061,0.5152,0.697,0.4848,0.3636,0.303,0.697,0.3939,0.5455,0.4848
xtriple,mode-arbiter,7,24,24,24,0.5417,0.875,0.5417,0.5417,0.5,0.4167,0.3333,0.75,0.5417,0.5,0.4167,0.3333
xtriple,mode-arbiter,8,33,33,33,0.3636,0.5152,0.5455,0.3939,0.6667,0.7273,0.3333,0.2727,0.4242,0.2727,0.3333,0.2727
xtriple,mode-arbiter,9,29,29,29,0.5862,0.5517,0.5862,0.5172,0.6897,0.5862,0.5517,0.7241,0.5517,0.4138,0.5172,0.3448
xtriple,mode-arbiter,10,24,24,24,0.3333,0.5417,0.7917,0.625,0.7083,0.3333,0.3333,0.4583,0.4583,0.375,0.6667,0.25
xtriple,mode-arbiter,11,26,26,26,0.2308,0.4615,0.7692,0.6923,0.9231,0.8077,0.1154,0.3462,0.3462,0.5385,0.5,0.3462
xtriple,mode-arbiter,12,35,35,35,0.6286,0.6286,0.7143,0.7714,0.4571,0.7143,0.3143,0.4286,0.3429,0.4857,0.5714,0.4571
xtriple,mode-arbiter,13,20,20,20,0.5,0.7,0.65,0.6,0.4,0.35,0.3,0.45,0.35,0.45,0.55,0.5
xtriple,mode-arbiter,14,24,24,24,0.4167,0.5,0.8333,0.6667,0.625,0.5417,0.3333,0.125,0.4167,0.2917,0.3333,0.2917
null,mode-arbiter@directed,0,32,32,32,0.5312,0.6875,0.5625,0.8125,0.625,0.8438,0.2812,0.3438,0.5938,0.6562,0.4062,0.6562
null,mode-arbiter@directed,1,15,15,15,0.6,0.6,0.4667,0.4,1.0,0.8,0.6667,0.8,0.5333,0.5333,0.8,0.6667
null,mode-arbiter@directed,2,24,24,24,0.375,0.5,0.6667,0.6667,0.6667,0.7917,0.4167,0.4167,0.5417,0.5833,0.4583,0.5417
null,mode-arbiter@directed,3,24,24,24,0.75,0.9167,0.6667,0.7917,0.4167,0.625,0.7917,0.625,0.5833,0.5417,0.2917,0.4583
null,mode-arbiter@directed,4,20,20,20,0.65,0.7,0.75,0.7,0.45,0.35,0.6,0.5,0.45,0.45,0.45,0.3
null,mode-arbiter@uniform,0,30,30,30,0.5,0.6333,0.7333,0.7667,0.4333,0.5667,0.4667,0.5333,0.3667,0.5333,0.4,0.4667
null,mode-arbiter@uniform,1,27,27,27,0.5926,0.3333,0.4074,0.3333,0.6296,0.6296,0.4444,0.2963,0.2222,0.4074,0.4074,0.3333
null,mode-arbiter@uniform,2,26,26,26,0.5769,0.6154,0.4615,0.5769,0.5,0.3077,0.4231,0.4615,0.4231,0.3846,0.3846,0.3462
null,mode-arbiter@uniform,3,31,31,31,0.3871,0.4516,0.3226,0.3548,0.4516,0.6452,0.3871,0.3226,0.2581,0.2903,0.2903,0.3226
null,mode-arbiter@uniform,4,40,40,40,0.625,0.45,0.625,0.775,0.575,0.475,0.4,0.35,0.475,0.45,0.35,0.475
null,mode-arbiter@mixed,0,33,33,33,0.7576,0.4848,0.8485,0.6061,0.4545,0.6061,0.4848,0.2424,0.5152,0.4848,0.303,0.4848
null,mode-arbiter@mixed,1,26,26,26,0.5769,0.6538,0.5,0.5385,0.6154,0.5385,0.4231,0.6154,0.4231,0.5385,0.5769,0.4615
null,mode-arbiter@mixed,2,31,31,31,0.3871,0.6129,0.8065,0.5161,0.871,0.6129,0.3226,0.3548,0.5161,0.3548,0.5806,0.2903
null,mode-arbiter@mixed,3,31,31,31,0.4516,0.3226,0.7742,0.6452,0.6129,0.5484,0.3871,0.4194,0.4516,0.4516,0.3548,0.3871
null,mode-arbiter@mixed,4,32,32,32,0.6562,0.625,0.7812,0.5312,0.3125,0.4375,0.375,0.4375,0.4375,0.3125,0.3438,0.2188
triple,rad-core-1-18,0,44,44,44,0.3636,0.3182,0.4091,0.1591,0.3864,0.1818,0.1591,0.1136,0.3409,0.1591,0.2955,0.2727
triple,rad-core-1-18,1,38,38,38,0.3421,0.4474,0.4737,0.7895,0.1842,0.1842,0.3684,0.5526,0.4737,0.5263,0.2105,0.1842
triple,rad-core-1-18,2,59,59,59,0.2712,0.339,0.4576,0.2542,0.4068,0.2712,0.2712,0.1695,0.3898,0.2373,0.5932,0.4746
triple,rad-core-1-18,3,49,49,49,0.3673,0.2857,0.3673,0.5714,0.3061,0.3673,0.1837,0.2653,0.2041,0.3469,0.2857,0.2041
triple,rad-core-1-18,4,55,55,55,0.2364,0.3273,0.2727,0.3091,0.5091,0.4545,0.3818,0.2182,0.1636,0.1273,0.2364,0.3273
triple,rad-core-1-18,5,57,57,57,0.5614,0.386,0.4912,0.6491,0.3158,0.3158,0.193,0.386,0.2982,0.2982,0.2982,0.1404
triple,rad-core-1-18,6,45,45,45,0.3333,0.2444,0.1556,0.3111,0.4,0.3556,0.5333,0.3111,0.1111,0.3333,0.3556,0.5333
triple,rad-core-1-18,7,54,54,54,0.6296,0.5741,0.5741,0.2593,0.3519,0.2407,0.2037,0.3704,0.3889,0.3333,0.3519,0.2037
triple,rad-core-1-18,8,38,38,38,0.3947,0.6842,0.6053,0.7105,0.5,0.6316,0.1842,0.2105,0.3421,0.2632,0.0789,0.1053
triple,rad-core-1-18,9,79,79,79,0.3544,0.2152,0.5823,0.5443,0.2911,0.2025,0.1392,0.1139,0.3038,0.2405,0.1392,0.1646
triple,rad-core-1-18,10,27,27,27,0.3333,0.4444,0.4815,0.4815,0.4444,0.2593,0.0741,0.1852,0.5185,0.5185,0.4074,0.1852
triple,rad-core-1-18,11,55,55,55,0.4545,0.3455,0.3818,0.3091,0.4182,0.4,0.1636,0.1455,0.1455,0.3455,0.2909,0.2545
triple,rad-core-1-18,12,57,57,57,0.4035,0.2807,0.4386,0.4737,0.3158,0.4561,0.3158,0.2281,0.2982,0.2281,0.2281,0.2105
triple,rad-core-1-18,13,52,52,52,0.25,0.2885,0.3462,0.1923,0.2692,0.3077,0.1154,0.3846,0.2308,0.2308,0.2308,0.1538
triple,rad-core-1-18,14,55,55,55,0.2545,0.3273,0.3273,0.4727,0.3636,0.3091,0.1455,0.3818,0.3091,0.3636,0.2364,0.2364
xtriple,rad-core-1-18,0,38,38,38,0.2368,0.2895,0.5789,0.4737,0.5,0.3158,0.2368,0.1579,0.4737,0.3158,0.5789,0.4474
xtriple,rad-core-1-18,1,61,61,61,0.2295,0.3443,0.541,0.2623,0.459,0.2131,0.1475,0.1803,0.3279,0.2295,0.3279,0.2131
xtriple,rad-core-1-18,2,58,58,58,0.4655,0.3276,0.1379,0.2586,0.2759,0.3103,0.1724,0.2069,0.1724,0.2241,0.2069,0.1379
xtriple,rad-core-1-18,3,55,55,55,0.2727,0.2545,0.1818,0.2909,0.1091,0.3455,0.3091,0.2727,0.0727,0.1636,0.1818,0.3818
xtriple,rad-core-1-18,4,62,62,62,0.2258,0.2581,0.5323,0.2903,0.3226,0.371,0.0806,0.1452,0.3387,0.2742,0.2258,0.2097
xtriple,rad-core-1-18,5,49,49,49,0.3673,0.3061,0.449,0.551,0.3469,0.2857,0.1633,0.0816,0.3061,0.2653,0.2653,0.2041
xtriple,rad-core-1-18,6,45,45,45,0.3778,0.5333,0.3111,0.5556,0.4222,0.3333,0.1778,0.4444,0.4,0.3778,0.1111,0.1778
xtriple,rad-core-1-18,7,65,65,65,0.2769,0.2308,0.5231,0.3231,0.3692,0.3231,0.1385,0.1846,0.3077,0.2615,0.2923,0.1077
xtriple,rad-core-1-18,8,38,38,38,0.3421,0.5,0.1842,0.3421,0.3158,0.2368,0.2368,0.3158,0.1316,0.2105,0.3158,0.4737
xtriple,rad-core-1-18,9,55,55,55,0.0727,0.1455,0.5455,0.4364,0.2909,0.1818,0.0909,0.2364,0.3273,0.3636,0.1636,0.1455
xtriple,rad-core-1-18,10,69,69,69,0.5217,0.3478,0.4783,0.3043,0.2174,0.2029,0.0725,0.058,0.2029,0.1594,0.1884,0.1014
xtriple,rad-core-1-18,11,27,27,27,0.1481,0.1481,0.3704,0.3704,0.4074,0.3704,0.1481,0.1481,0.4815,0.3704,0.3333,0.3704
xtriple,rad-core-1-18,12,52,52,52,0.1346,0.1923,0.3077,0.25,0.3269,0.4231,0.0962,0.1923,0.25,0.2115,0.25,0.2308
xtriple,rad-core-1-18,13,60,60,60,0.15,0.3333,0.5833,0.4167,0.2667,0.15,0.1167,0.1167,0.2333,0.3,0.15,0.0833
xtriple,rad-core-1-18,14,55,55,55,0.3455,0.4182,0.2182,0.3455,0.3455,0.4545,0.3636,0.3273,0.1636,0.3091,0.2364,0.1818
null,rad-core-1-18@directed,0,44,44,44,0.25,0.2727,0.4318,0.1818,0.5455,0.2273,0.1818,0.2273,0.6136,0.4773,0.4545,0.25
null,rad-core-1-18@directed,1,60,60,60,0.2667,0.2667,0.3,0.2333,0.1667,0.3667,0.2,0.1667,0.1833,0.2167,0.1833,0.2167
null,rad-core-1-18@directed,2,38,38,38,0.6579,0.4474,0.4211,0.3947,0.2632,0.6579,0.5263,0.3684,0.1316,0.1579,0.1842,0.3158
null,rad-core-1-18@directed,3,76,76,76,0.2237,0.3026,0.3421,0.3289,0.2895,0.0921,0.3158,0.2632,0.0921,0.1974,0.1579,0.1184
null,rad-core-1-18@directed,4,55,55,55,0.2545,0.2545,0.3455,0.3091,0.2545,0.2909,0.2364,0.2,0.2545,0.2,0.3091,0.2545
null,rad-core-1-18@uniform,0,38,38,38,0.2632,0.2895,0.5526,0.3158,0.4737,0.3947,0.2632,0.1579,0.4211,0.1579,0.2895,0.3158
null,rad-core-1-18@uniform,1,49,49,49,0.4286,0.3878,0.1633,0.2653,0.2857,0.4082,0.4286,0.3469,0.1429,0.1633,0.2653,0.449
null,rad-core-1-18@uniform,2,56,56,56,0.3571,0.25,0.4286,0.3214,0.3571,0.1429,0.2143,0.2679,0.375,0.2679,0.2857,0.125
null,rad-core-1-18@uniform,3,69,69,69,0.2174,0.4058,0.2609,0.4783,0.2029,0.3043,0.3043,0.3188,0.1739,0.2899,0.3623,0.3623
null,rad-core-1-18@uniform,4,52,52,52,0.3654,0.3846,0.2115,0.1538,0.6731,0.3846,0.1346,0.1538,0.2692,0.0962,0.3462,0.2885
null,rad-core-1-18@mixed,0,61,61,61,0.4098,0.2295,0.2459,0.1475,0.5246,0.5902,0.377,0.1311,0.1803,0.0984,0.3607,0.5738
null,rad-core-1-18@mixed,1,57,57,57,0.1404,0.3684,0.2632,0.2807,0.2456,0.2281,0.2105,0.3333,0.2456,0.2281,0.1754,0.1579
null,rad-core-1-18@mixed,2,54,54,54,0.3333,0.5185,0.2407,0.3333,0.2222,0.3519,0.2963,0.3519,0.3333,0.2778,0.1481,0.0926
null,rad-core-1-18@mixed,3,27,27,27,0.2963,0.1111,0.4444,0.4074,0.2593,0.3333,0.2963,0.0741,0.2593,0.3704,0.2593,0.2593
null,rad-core-1-18@mixed,4,60,60,60,0.2833,0.2167,0.5167,0.3167,0.45,0.4,0.1667,0.1167,0.1333,0.1833,0.1333,0.2833
triple,rad-core-10,2,4,4,4,0.0,0.75,0.75,0.25,0.75,0.0,0.0,0.25,1.0,0.25,0.5,0.0
triple,rad-core-10,13,1,1,1,,,,,,,,,,,,
xtriple,rad-core-10,2,4,4,4,0.25,0.0,0.75,0.5,0.75,0.25,0.25,0.0,1.0,1.0,1.0,0.25
xtriple,rad-core-10,13,1,1,1,,,,,,,,,,,,
null,rad-core-10@uniform,0,24,24,24,0.0,0.0,0.375,0.375,0.7917,0.5417,0.0,0.0,0.375,0.5,0.4167,0.375
null,rad-core-10@uniform,1,20,20,20,0.6,0.55,0.45,0.45,0.6,0.35,0.1,0.1,0.5,0.15,0.4,0.5
null,rad-core-10@uniform,2,33,33,33,0.0909,0.0,0.303,0.0909,0.8788,0.7879,0.0909,0.0,0.5455,0.0606,0.3939,0.3636
null,rad-core-10@uniform,3,11,11,11,0.3636,0.1818,0.6364,0.3636,0.8182,0.5455,0.3636,0.3636,0.3636,0.3636,0.6364,0.6364
null,rad-core-10@uniform,4,38,38,38,0.5789,0.0263,0.5526,0.0526,0.4737,0.2105,0.2368,0.0263,0.5,0.0526,0.3684,0.2632
null,rad-core-10@mixed,0,19,19,19,0.4737,0.2632,0.0526,0.2632,0.3684,0.5789,0.5789,0.5263,0.0526,0.3158,0.1053,0.2105
null,rad-core-10@mixed,1,27,27,27,0.5185,0.8519,0.5926,0.3333,0.6296,0.1111,0.1111,0.1852,0.1111,0.0741,0.0741,0.1111
null,rad-core-10@mixed,2,30,30,30,0.1667,0.0333,0.3,0.1333,0.5,0.2667,0.0667,0.0333,0.2333,0.1,0.6333,0.6333
null,rad-core-10@mixed,3,9,9,9,0.8889,0.2222,0.0,0.0,0.1111,0.6667,0.5556,0.4444,0.0,0.0,0.1111,0.7778
null,rad-core-10@mixed,4,26,26,26,0.6538,0.4231,0.5769,0.7308,0.5,0.1154,0.1154,0.4231,0.3462,0.6538,0.0385,0.0769
triple,rad-core-12-18,0,79,79,79,0.1139,0.0886,0.1899,0.3038,0.557,0.2785,0.1013,0.1139,0.2025,0.2278,0.2405,0.2405
triple,rad-core-12-18,1,51,51,51,0.549,0.3333,0.3725,0.2745,0.451,0.4314,0.3137,0.2745,0.2353,0.1961,0.3922,0.2941
triple,rad-core-12-18,2,56,56,56,0.3929,0.3393,0.3036,0.2321,0.2143,0.4286,0.3571,0.2321,0.1429,0.1964,0.125,0.4464
triple,rad-core-12-18,3,66,66,66,0.197,0.5,0.5455,0.2121,0.3788,0.2273,0.1667,0.2121,0.2727,0.2273,0.2576,0.3333
triple,rad-core-12-18,4,78,78,78,0.4103,0.6154,0.4231,0.2564,0.4359,0.2436,0.1282,0.2436,0.3718,0.3462,0.1538,0.1667
triple,rad-core-12-18,5,45,45,45,0.7333,0.5778,0.5556,0.6,0.0222,0.1111,0.1778,0.2667,0.2889,0.4,0.0222,0.0889
triple,rad-core-12-18,6,58,58,58,0.2414,0.1724,0.1897,0.2586,0.4138,0.3448,0.3793,0.2069,0.2759,0.1552,0.3276,0.3793
triple,rad-core-12-18,7,56,56,56,0.4464,0.2857,0.125,0.1071,0.1964,0.5536,0.2857,0.2321,0.1071,0.1429,0.3036,0.4107
triple,rad-core-12-18,8,63,63,63,0.2381,0.4127,0.4127,0.4921,0.4762,0.3175,0.254,0.127,0.1429,0.2063,0.3968,0.4444
triple,rad-core-12-18,9,80,80,80,0.2125,0.325,0.5375,0.3125,0.525,0.2875,0.1,0.1625,0.35,0.225,0.4375,0.3125
triple,rad-core-12-18,10,88,88,88,0.1136,0.1477,0.6136,0.3864,0.3864,0.2614,0.0568,0.1818,0.1591,0.3864,0.1477,0.125
triple,rad-core-12-18,11,58,58,58,0.3103,0.2586,0.3448,0.2069,0.2069,0.3448,0.2586,0.3103,0.2759,0.3621,0.2586,0.3448
triple,rad-core-12-18,12,52,52,52,0.3846,0.2885,0.4231,0.3077,0.1923,0.2692,0.3269,0.3654,0.2115,0.1731,0.1154,0.3654
triple,rad-core-12-18,13,49,49,49,0.2041,0.4286,0.4286,0.5714,0.5918,0.2653,0.2041,0.2449,0.2857,0.3673,0.2449,0.3878
triple,rad-core-12-18,14,49,49,49,0.5714,0.5306,0.4898,0.4898,0.449,0.2449,0.2245,0.3673,0.3265,0.4898,0.2653,0.2245
xtriple,rad-core-12-18,0,58,58,58,0.1897,0.1897,0.569,0.4828,0.2414,0.3793,0.1207,0.1552,0.2069,0.3103,0.2069,0.2241
xtriple,rad-core-12-18,1,51,51,51,0.5294,0.2745,0.3922,0.2941,0.451,0.7843,0.2941,0.1765,0.1373,0.2157,0.2745,0.3725
xtriple,rad-core-12-18,2,90,90,90,0.2,0.1667,0.1778,0.1778,0.1778,0.1667,0.1222,0.1333,0.1,0.1556,0.1222,0.2111
xtriple,rad-core-12-18,3,45,45,45,0.5333,0.5333,0.5333,0.6444,0.1111,0.2444,0.1333,0.2667,0.3111,0.3556,0.1333,0.0667
xtriple,rad-core-12-18,4,78,78,78,0.4744,0.5128,0.3462,0.4103,0.4872,0.2051,0.1667,0.1923,0.5641,0.5,0.3974,0.141
xtriple,rad-core-12-18,5,75,75,75,0.36,0.6267,0.44,0.3333,0.3867,0.2533,0.12,0.1867,0.2133,0.4133,0.1733,0.2
xtriple,rad-core-12-18,6,58,58,58,0.3103,0.3103,0.3793,0.2586,0.431,0.5172,0.1034,0.1207,0.2069,0.2069,0.3448,0.431
xtriple,rad-core-12-18,7,56,56,56,0.1607,0.2857,0.2321,0.3214,0.0893,0.2321,0.0536,0.1964,0.0893,0.1964,0.125,0.0893
xtriple,rad-core-12-18,8,63,63,63,0.4921,0.3651,0.1111,0.2063,0.3016,0.3175,0.254,0.127,0.1429,0.2063,0.3492,0.3651
xtriple,rad-core-12-18,9,58,58,58,0.2414,0.1379,0.6379,0.1379,0.4828,0.2759,0.1207,0.1552,0.3793,0.1897,0.3448,0.2931
xtriple,rad-core-12-18,10,80,80,80,0.175,0.1875,0.5,0.35,0.525,0.55,0.125,0.0875,0.2375,0.2625,0.3375,0.3
xtriple,rad-core-12-18,11,68,68,68,0.2941,0.3088,0.2059,0.3676,0.0882,0.1618,0.1765,0.2647,0.1471,0.3824,0.0735,0.0588
xtriple,rad-core-12-18,12,49,49,49,0.4898,0.4694,0.551,0.4898,0.3061,0.1633,0.1837,0.1633,0.2857,0.449,0.1429,0.1837
xtriple,rad-core-12-18,13,53,53,53,0.2642,0.1887,0.4528,0.4528,0.2264,0.1887,0.1132,0.2075,0.2642,0.3774,0.3208,0.2642
xtriple,rad-core-12-18,14,49,49,49,0.2857,0.5102,0.1224,0.2041,0.3673,0.4694,0.3061,0.2041,0.1429,0.1224,0.2857,0.2245
null,rad-core-12-18@directed,0,51,51,51,0.2745,0.3137,0.549,0.2745,0.3725,0.2353,0.1765,0.1176,0.2157,0.3529,0.2549,0.1961
null,rad-core-12-18@directed,1,66,66,66,0.2879,0.2273,0.4545,0.3182,0.3485,0.2879,0.303,0.1364,0.3788,0.2727,0.2727,0.2424
null,rad-core-12-18@directed,2,56,56,56,0.1071,0.1429,0.4643,0.5357,0.25,0.3036,0.125,0.1786,0.2857,0.1964,0.1607,0.1071
null,rad-core-12-18@directed,3,68,68,68,0.2647,0.2353,0.2059,0.2059,0.5147,0.4412,0.25,0.1029,0.2206,0.1176,0.2941,0.3088
null,rad-core-12-18@directed,4,53,53,53,0.3774,0.2075,0.1698,0.2075,0.1509,0.1132,0.1509,0.2264,0.0943,0.1509,0.1509,0.1132
null,rad-core-12-18@uniform,0,56,56,56,0.2679,0.5714,0.3571,0.6071,0.1429,0.3036,0.375,0.375,0.2679,0.4107,0.1607,0.2679
null,rad-core-12-18@uniform,1,80,80,80,0.325,0.3625,0.175,0.225,0.175,0.1875,0.1125,0.2125,0.2875,0.2875,0.3875,0.2
null,rad-core-12-18@uniform,2,72,72,72,0.3333,0.4028,0.3056,0.2778,0.5833,0.4583,0.0972,0.1528,0.2917,0.375,0.2083,0.1528
null,rad-core-12-18@uniform,3,95,95,95,0.2737,0.2842,0.3158,0.2842,0.2421,0.3158,0.2211,0.2,0.2211,0.2737,0.3263,0.2316
null,rad-core-12-18@uniform,4,52,52,52,0.3269,0.5,0.3462,0.5,0.4038,0.2885,0.2308,0.2115,0.2115,0.3846,0.2115,0.2885
null,rad-core-12-18@mixed,0,58,58,58,0.2069,0.3448,0.2241,0.431,0.2241,0.2241,0.1207,0.2759,0.3793,0.3448,0.1034,0.1379
null,rad-core-12-18@mixed,1,45,45,45,0.3111,0.4222,0.4,0.5333,0.2889,0.1778,0.4,0.2,0.2222,0.2222,0.1333,0.1778
null,rad-core-12-18@mixed,2,78,78,78,0.2179,0.2692,0.2564,0.3846,0.2821,0.2436,0.2051,0.2436,0.3462,0.3718,0.4487,0.141
null,rad-core-12-18@mixed,3,58,58,58,0.4483,0.2931,0.2241,0.1379,0.3621,0.5172,0.4828,0.3276,0.1207,0.1207,0.2931,0.3793
null,rad-core-12-18@mixed,4,49,49,49,0.3061,0.1633,0.4898,0.2857,0.3673,0.2245,0.2245,0.1429,0.3061,0.2041,0.4694,0.3673
triple,rad-core-17-18,0,70,70,70,0.2857,0.2714,0.2571,0.2143,0.4571,0.2857,0.1286,0.2286,0.1857,0.2,0.2571,0.2429
triple,rad-core-17-18,1,71,71,71,0.0986,0.169,0.6056,0.3944,0.4366,0.338,0.1127,0.1549,0.2113,0.2254,0.2676,0.2394
triple,rad-core-17-18,2,61,61,61,0.2951,0.3115,0.2295,0.3279,0.2623,0.5082,0.3115,0.2623,0.1639,0.4098,0.1639,0.3279
triple,rad-core-17-18,3,80,80,80,0.25,0.3875,0.475,0.3125,0.5,0.375,0.075,0.1125,0.1625,0.2,0.2375,0.4125
triple,rad-core-17-18,4,68,68,68,0.5,0.5294,0.4412,0.3235,0.2647,0.2353,0.1912,0.25,0.4265,0.3971,0.1471,0.1912
triple,rad-core-17-18,5,50,50,50,0.22,0.34,0.26,0.38,0.34,0.22,0.24,0.24,0.2,0.24,0.16,0.22
triple,rad-core-17-18,6,60,60,60,0.2833,0.3167,0.3333,0.2167,0.2833,0.1833,0.2667,0.2167,0.3833,0.2833,0.2833,0.25
triple,rad-core-17-18,7,62,62,62,0.2742,0.2097,0.3065,0.2258,0.3065,0.5968,0.129,0.0645,0.1613,0.129,0.3065,0.2258
triple,rad-core-17-18,8,68,68,68,0.25,0.2941,0.2941,0.4412,0.3088,0.4265,0.25,0.3088,0.1618,0.25,0.2059,0.3971
triple,rad-core-17-18,9,95,95,95,0.5684,0.3895,0.5368,0.2526,0.4211,0.1368,0.0737,0.1053,0.1789,0.2737,0.2211,0.0947
triple,rad-core-17-18,10,89,89,89,0.1461,0.0674,0.6742,0.2472,0.4944,0.2472,0.1011,0.1348,0.191,0.3371,0.2247,0.1348
triple,rad-core-17-18,11,51,51,51,0.4118,0.3333,0.1961,0.3333,0.2353,0.3137,0.3333,0.2157,0.2549,0.2353,0.2157,0.2353
triple,rad-core-17-18,12,52,52,52,0.25,0.3269,0.3462,0.2115,0.25,0.3654,0.2885,0.2692,0.1154,0.1538,0.3077,0.3077
triple,rad-core-17-18,13,49,49,49,0.2653,0.4286,0.3469,0.4898,0.5918,0.3673,0.2449,0.1837,0.2449,0.449,0.3265,0.4694
triple,rad-core-17-18,14,48,48,48,0.375,0.3333,0.4792,0.5625,0.3958,0.3125,0.375,0.3542,0.2917,0.4167,0.2708,0.2917
xtriple,rad-core-17-18,0,73,73,73,0.0959,0.1918,0.5479,0.4521,0.5068,0.3151,0.0685,0.1644,0.1644,0.1644,0.274,0.1781
xtriple,rad-core-17-18,1,61,61,61,0.1803,0.1148,0.1475,0.1967,0.2787,0.541,0.1803,0.1311,0.1311,0.1803,0.2295,0.3115
xtriple,rad-core-17-18,2,72,72,72,0.1806,0.1389,0.1806,0.1667,0.3056,0.2083,0.1806,0.0972,0.125,0.125,0.2778,0.3056
xtriple,rad-core-17-18,3,50,50,50,0.54,0.42,0.48,0.56,0.14,0.36,0.14,0.22,0.22,0.32,0.08,0.16
xtriple,rad-core-17-18,4,75,75,75,0.4267,0.36,0.2133,0.2667,0.3867,0.3733,0.16,0.0933,0.3067,0.3067,0.2133,0.16
xtriple,rad-core-17-18,5,87,87,87,0.2759,0.5862,0.3563,0.2069,0.3678,0.3448,0.1264,0.2184,0.2989,0.2989,0.3908,0.1494
xtriple,rad-core-17-18,6,60,60,60,0.3167,0.3667,0.3667,0.2667,0.4667,0.3667,0.1,0.1333,0.3,0.3167,0.35,0.2167
xtriple,rad-core-17-18,7,62,62,62,0.2903,0.3548,0.2258,0.2742,0.0645,0.129,0.0968,0.2258,0.1774,0.1935,0.0484,0.1935
xtriple,rad-core-17-18,8,79,79,79,0.3418,0.2532,0.1646,0.1519,0.3038,0.481,0.4177,0.3038,0.1392,0.1266,0.2532,0.4051
xtriple,rad-core-17-18,9,51,51,51,0.0196,0.098,0.5882,0.1765,0.5098,0.2157,0.0196,0.0588,0.2157,0.3333,0.2941,0.1569
xtriple,rad-core-17-18,10,82,82,82,0.1341,0.1463,0.4878,0.3171,0.5488,0.2073,0.1098,0.0976,0.2073,0.1951,0.2073,0.1829
xtriple,rad-core-17-18,11,72,72,72,0.5,0.3889,0.1944,0.1667,0.0556,0.25,0.2083,0.2639,0.0972,0.3472,0.0833,0.1944
xtriple,rad-core-17-18,12,48,48,48,0.3542,0.3333,0.2708,0.4375,0.375,0.2292,0.1458,0.1667,0.1875,0.4375,0.2083,0.2708
xtriple,rad-core-17-18,13,53,53,53,0.3019,0.2075,0.2453,0.4151,0.0755,0.1698,0.2075,0.0755,0.2075,0.3962,0.1509,0.2453
xtriple,rad-core-17-18,14,49,49,49,0.3469,0.3061,0.3469,0.551,0.3673,0.5714,0.3265,0.1837,0.1429,0.1633,0.3265,0.3061
null,rad-core-17-18@directed,0,71,71,71,0.2254,0.2535,0.4366,0.1549,0.338,0.1972,0.1268,0.1127,0.2254,0.1268,0.1831,0.1268
null,rad-core-17-18@directed,1,75,75,75,0.2933,0.2667,0.4533,0.3467,0.2267,0.2,0.1733,0.1733,0.2267,0.2667,0.1467,0.1467
null,rad-core-17-18@directed,2,60,60,60,0.1,0.15,0.3667,0.2333,0.3333,0.2,0.1167,0.0667,0.2167,0.1333,0.35,0.3333
null,rad-core-17-18@directed,3,72,72,72,0.5,0.1944,0.1944,0.0972,0.5139,0.5972,0.1389,0.1111,0.1667,0.0972,0.2639,0.2361
null,rad-core-17-18@directed,4,53,53,53,0.1321,0.0943,0.3208,0.1887,0.3774,0.3396,0.0943,0.1321,0.2453,0.1509,0.3585,0.2453
null,rad-core-17-18@uniform,0,61,61,61,0.3443,0.377,0.3934,0.5246,0.2951,0.2295,0.2295,0.4098,0.2951,0.2459,0.2951,0.1967
null,rad-core-17-18@uniform,1,68,68,68,0.2794,0.2353,0.6176,0.2353,0.2794,0.3235,0.1765,0.2647,0.4265,0.3088,0.4118,0.25
null,rad-core-17-18@uniform,2,68,68,68,0.2647,0.3529,0.4118,0.1765,0.4706,0.4265,0.1765,0.25,0.2059,0.3088,0.2059,0.1471
null,rad-core-17-18@uniform,3,82,82,82,0.1829,0.2439,0.2561,0.3049,0.3415,0.4146,0.1341,0.1585,0.2805,0.2073,0.2439,0.2317
null,rad-core-17-18@uniform,4,52,52,52,0.3654,0.4808,0.3462,0.3654,0.3462,0.3077,0.2308,0.25,0.2308,0.3654,0.1154,0.2308
null,rad-core-17-18@mixed,0,70,70,70,0.2571,0.4,0.2143,0.3571,0.2714,0.3,0.2286,0.3429,0.1143,0.3,0.2,0.2143
null,rad-core-17-18@mixed,1,50,50,50,0.44,0.66,0.32,0.58,0.38,0.34,0.48,0.2,0.26,0.26,0.16,0.22
null,rad-core-17-18@mixed,2,77,77,77,0.1429,0.3506,0.2338,0.5065,0.2468,0.3377,0.0649,0.1169,0.3506,0.3247,0.2597,0.2208
null,rad-core-17-18@mixed,3,51,51,51,0.3529,0.3333,0.4314,0.3333,0.4902,0.3137,0.2157,0.1961,0.2941,0.1961,0.3333,0.3333
null,rad-core-17-18@mixed,4,48,48,48,0.3542,0.4375,0.5208,0.4583,0.4167,0.1875,0.2708,0.25,0.3542,0.375,0.2917,0.2083
triple,rad-core-33,0,117,117,117,0.4103,0.3504,0.1453,0.2735,0.1197,0.2393,0.4615,0.4957,0.0769,0.4359,0.0427,0.4615
triple,rad-core-33,1,65,65,65,0.2308,0.3077,0.2154,0.2615,0.1538,0.3385,0.5385,0.5692,0.0923,0.5077,0.1692,0.6154
triple,rad-core-33,2,110,110,110,0.1455,0.1,0.0818,0.2545,0.0364,0.1273,0.2818,0.2818,0.0455,0.4091,0.0545,0.1
triple,rad-core-33,3,112,112,112,0.25,0.0804,0.2232,0.1696,0.1875,0.2946,0.5357,0.5446,0.0804,0.4107,0.0804,0.4643
triple,rad-core-33,4,72,72,72,0.5,0.125,0.1806,0.2222,0.2083,0.5,0.5139,0.5556,0.0972,0.5417,0.1389,0.4444
triple,rad-core-33,5,115,115,115,0.513,0.2,0.287,0.313,0.0609,0.2435,0.4522,0.4957,0.0783,0.513,0.0522,0.3304
triple,rad-core-33,6,48,48,48,0.5625,0.2917,0.1875,0.2708,0.1042,0.5208,0.6667,0.6458,0.1042,0.6458,0.125,0.6875
triple,rad-core-33,7,73,73,73,0.4384,0.3151,0.0959,0.1781,0.0411,0.3425,0.5068,0.4932,0.1096,0.5616,0.0411,0.5479
triple,rad-core-33,8,68,68,68,0.5294,0.1471,0.3235,0.3382,0.3235,0.6618,0.6912,0.2647,0.1176,0.1029,0.3824,0.5147
triple,rad-core-33,9,106,106,106,0.7358,0.1132,0.1132,0.1226,0.2736,0.7453,0.4057,0.0472,0.0472,0.1038,0.4434,0.4717
triple,rad-core-33,10,101,101,101,0.6139,0.4455,0.1287,0.198,0.1584,0.505,0.4653,0.495,0.0792,0.4851,0.0396,0.5149
triple,rad-core-33,11,134,134,134,0.4179,0.6642,0.4776,0.6418,0.1493,0.3358,0.3582,0.3582,0.0896,0.4701,0.0821,0.7164
triple,rad-core-33,12,70,70,70,0.6714,0.2286,0.1,0.4,0.2,0.6286,0.7286,0.7286,0.0714,0.6714,0.0857,0.5571
triple,rad-core-33,13,71,71,71,0.7746,0.4648,0.0986,0.3803,0.0423,0.4789,0.5352,0.5493,0.0423,0.5775,0.0423,0.3944
triple,rad-core-33,14,110,110,110,0.5909,0.2273,0.0727,0.1818,0.0727,0.4364,0.5091,0.5273,0.0273,0.5,0.0455,0.3545
xtriple,rad-core-33,0,65,65,65,0.2615,0.1538,0.0769,0.2154,0.2923,0.2923,0.4,0.4308,0.1231,0.4,0.1538,0.5692
xtriple,rad-core-33,1,116,116,116,0.1638,0.319,0.0948,0.1121,0.069,0.1207,0.4483,0.5086,0.0517,0.3966,0.0345,0.4224
xtriple,rad-core-33,2,116,116,116,0.3276,0.2155,0.1034,0.2155,0.0517,0.2931,0.3362,0.3276,0.0776,0.3879,0.0603,0.431
xtriple,rad-core-33,3,107,107,107,0.4112,0.1215,0.3925,0.4019,0.0187,0.215,0.5327,0.5701,0.0467,0.4766,0.028,0.3738
xtriple,rad-core-33,4,118,118,118,0.4746,0.1441,0.3136,0.1271,0.2119,0.4322,0.4492,0.4492,0.0847,0.4831,0.0763,0.4576
xtriple,rad-core-33,5,72,72,72,0.25,0.1111,0.1806,0.1806,0.5833,0.3333,0.5139,0.6111,0.0417,0.4583,0.125,0.4583
xtriple,rad-core-33,6,73,73,73,0.3288,0.1644,0.0822,0.3288,0.1096,0.5479,0.5205,0.5479,0.1096,0.2466,0.1233,0.5479
xtriple,rad-core-33,7,68,68,68,0.5882,0.3235,0.0882,0.3382,0.0588,0.3529,0.5441,0.5882,0.0735,0.5735,0.0588,0.6618
xtriple,rad-core-33,8,48,48,48,0.5,0.2708,0.1875,0.0833,0.1042,0.4375,0.7083,0.75,0.0833,0.625,0.0833,0.6458
xtriple,rad-core-33,9,101,101,101,0.7426,0.7129,0.1683,0.5743,0.1683,0.5149,0.4356,0.4653,0.0792,0.4752,0.0594,0.7723
xtriple,rad-core-33,10,106,106,106,0.4057,0.0566,0.2075,0.1509,0.3396,0.5,0.4528,0.0283,0.0755,0.1038,0.3962,0.4717
xtriple,rad-core-33,11,146,146,146,0.7123,0.4521,0.1438,0.2192,0.0959,0.5479,0.2945,0.3288,0.0411,0.637,0.089,0.4863
xtriple,rad-core-33,12,71,71,71,0.6761,0.1268,0.1831,0.0986,0.1127,0.5915,0.7324,0.7465,0.0423,0.1127,0.0563,0.4789
xtriple,rad-core-33,13,78,78,78,0.4872,0.3205,0.1026,0.5641,0.1154,0.4359,0.5385,0.5641,0.0513,0.5897,0.0897,0.5256
xtriple,rad-core-33,14,70,70,70,0.6714,0.4286,0.1571,0.4143,0.0571,0.4714,0.6286,0.6714,0.0857,0.6,0.0571,0.4571
null,rad-core-33@directed,0,127,127,127,0.1102,0.189,0.1654,0.2047,0.0945,0.1339,0.3307,0.3307,0.063,0.3701,0.0394,0.1024
null,rad-core-33@directed,1,142,142,142,0.1127,0.1197,0.2746,0.1056,0.2887,0.1549,0.0493,0.0775,0.3732,0.0775,0.4577,0.4014
null,rad-core-33@directed,2,117,117,117,0.1111,0.1197,0.1453,0.1709,0.0598,0.0513,0.2564,0.4701,0.2564,0.3675,0.0855,0.0684
null,rad-core-33@directed,3,145,145,145,0.2414,0.1793,0.1448,0.1103,0.2345,0.1241,0.2276,0.1172,0.131,0.0552,0.2759,0.2414
null,rad-core-33@directed,4,156,156,156,0.1731,0.0833,0.1026,0.0641,0.0833,0.1026,0.0705,0.2949,0.3141,0.3397,0.1538,0.0833
null,rad-core-33@uniform,0,65,65,65,0.3692,0.2308,0.4154,0.2,0.3846,0.2308,0.5231,0.1692,0.5077,0.1692,0.4923,0.4769
null,rad-core-33@uniform,1,107,107,107,0.3925,0.4206,0.271,0.4299,0.2617,0.3458,0.4393,0.4112,0.5421,0.5421,0.486,0.5607
null,rad-core-33@uniform,2,48,48,48,0.2917,0.5,0.6875,0.4167,0.625,0.3125,0.6667,0.75,0.5417,0.5625,0.5,0.625
null,rad-core-33@uniform,3,101,101,101,0.5248,0.3069,0.604,0.4356,0.6832,0.5941,0.6535,0.5842,0.5842,0.4653,0.5446,0.6832
null,rad-core-33@uniform,4,70,70,70,0.4571,0.3714,0.5571,0.3429,0.5429,0.5286,0.6571,0.6286,0.6143,0.5429,0.6429,0.6714
null,rad-core-33@mixed,0,110,110,110,0.1455,0.1545,0.1455,0.1545,0.1818,0.1818,0.4727,0.4727,0.4,0.4364,0.3818,0.3727
null,rad-core-33@mixed,1,72,72,72,0.25,0.2083,0.375,0.3056,0.125,0.0972,0.5833,0.5556,0.25,0.5417,0.0972,0.4167
null,rad-core-33@mixed,2,109,109,109,0.1376,0.1376,0.2385,0.211,0.3211,0.2018,0.4862,0.0734,0.5688,0.1743,0.4037,0.3853
null,rad-core-33@mixed,3,106,106,106,0.5,0.717,0.1226,0.566,0.1698,0.2547,0.5,0.4906,0.0566,0.4906,0.0755,0.7453
null,rad-core-33@mixed,4,78,78,78,0.5,0.2564,0.3718,0.1923,0.2436,0.3077,0.5897,0.5,0.3974,0.3718,0.4359,0.5256
triple,rad-core-45,0,42,42,42,0.2143,0.1905,0.3571,0.3095,0.5238,0.5,0.5,0.1429,0.1667,0.2381,0.5476,0.619
triple,rad-core-45,1,58,58,58,0.2759,0.6552,0.5862,0.4828,0.2241,0.2586,0.1724,0.1552,0.4138,0.1897,0.3966,0.3276
triple,rad-core-45,2,42,42,42,0.2857,0.1905,0.3571,0.2857,0.3333,0.2619,0.2857,0.4286,0.4286,0.381,0.0952,0.0714
triple,rad-core-45,3,54,54,54,0.3148,0.4259,0.1852,0.1667,0.0741,0.0741,0.4815,0.2222,0.1296,0.0926,0.3704,0.463
triple,rad-core-45,4,49,49,49,0.1837,0.3673,0.2857,0.4898,0.3265,0.2653,0.6327,0.5918,0.2041,0.3469,0.2041,0.7347
triple,rad-core-45,5,57,57,57,0.1053,0.2456,0.3333,0.5088,0.4912,0.4386,0.2807,0.1404,0.1228,0.0702,0.3333,0.386
triple,rad-core-45,6,52,52,52,0.3077,0.1731,0.5962,0.3462,0.5192,0.1923,0.0577,0.0962,0.4423,0.4615,0.5962,0.0769
triple,rad-core-45,7,45,45,45,0.2889,0.2222,0.3111,0.4,0.2444,0.1778,0.2222,0.3111,0.3778,0.5778,0.0889,0.1111
triple,rad-core-45,8,46,46,46,0.1739,0.1522,0.2391,0.1739,0.6522,0.5435,0.587,0.1087,0.1739,0.1957,0.5,0.5652
triple,rad-core-45,9,58,58,58,0.2759,0.1724,0.3448,0.3966,0.1552,0.2069,0.1379,0.2414,0.5172,0.4138,0.2241,0.0862
triple,rad-core-45,10,50,50,50,0.52,0.32,0.22,0.16,0.24,0.3,0.52,0.4,0.22,0.06,0.22,0.6
triple,rad-core-45,11,40,40,40,0.25,0.3,0.375,0.35,0.375,0.225,0.4,0.425,0.2,0.125,0.325,0.5
triple,rad-core-45,12,46,46,46,0.3696,0.4348,0.2391,0.2826,0.1087,0.1522,0.4348,0.5435,0.2391,0.4783,0.1087,0.1304
triple,rad-core-45,13,59,59,59,0.1186,0.1864,0.3051,0.4237,0.5593,0.3051,0.4576,0.1356,0.1525,0.1356,0.4746,0.5424
triple,rad-core-45,14,42,42,42,0.2857,0.0952,0.1429,0.1429,0.6905,0.5238,0.7143,0.0952,0.2143,0.1905,0.7619,0.7381
xtriple,rad-core-45,0,52,52,52,0.0962,0.2885,0.4615,0.2885,0.3654,0.4038,0.2885,0.4231,0.2308,0.3462,0.1731,0.2115
xtriple,rad-core-45,1,46,46,46,0.3478,0.413,0.5,0.3696,0.6304,0.2826,0.1739,0.087,0.4565,0.3043,0.4783,0.5652
xtriple,rad-core-45,2,42,42,42,0.3333,0.2857,0.3571,0.5238,0.381,0.2619,0.5,0.3333,0.1667,0.1667,0.2619,0.5238
xtriple,rad-core-45,3,56,56,56,0.3571,0.3214,0.25,0.1786,0.3571,0.3929,0.4464,0.2321,0.2143,0.1964,0.4643,0.4464
xtriple,rad-core-45,4,49,49,49,0.2857,0.3673,0.3673,0.2857,0.2449,0.1429,0.4694,0.4898,0.0816,0.3265,0.102,0.1224
xtriple,rad-core-45,5,54,54,54,0.2037,0.3333,0.2963,0.2407,0.2222,0.1111,0.5741,0.3519,0.1296,0.1481,0.1667,0.6481
xtriple,rad-core-45,6,55,55,55,0.4545,0.1636,0.2182,0.2182,0.2545,0.2364,0.1273,0.1455,0.4727,0.2,0.4727,0.2727
xtriple,rad-core-45,7,45,45,45,0.3111,0.3333,0.3778,0.3111,0.2222,0.2,0.4667,0.2222,0.2444,0.1333,0.4667,0.5778
xtriple,rad-core-45,8,46,46,46,0.1087,0.3261,0.4348,0.6304,0.0435,0.0652,0.0652,0.4348,0.3913,0.3478,0.0435,0.0652
xtriple,rad-core-45,9,45,45,45,0.4667,0.3778,0.2,0.1333,0.4667,0.3111,0.4889,0.1333,0.1556,0.0667,0.4889,0.6667
xtriple,rad-core-45,10,66,66,66,0.3333,0.1364,0.3182,0.2273,0.3788,0.2576,0.2121,0.0909,0.4848,0.4242,0.3939,0.1364
xtriple,rad-core-45,11,40,40,40,0.2,0.325,0.35,0.45,0.4,0.225,0.4,0.325,0.2,0.15,0.175,0.625
xtriple,rad-core-45,12,42,42,42,0.2857,0.4524,0.4524,0.3571,0.5238,0.3333,0.5476,0.2619,0.119,0.1429,0.6667,0.6429
xtriple,rad-core-45,13,46,46,46,0.5217,0.3696,0.087,0.1957,0.1087,0.3043,0.6522,0.6087,0.0652,0.413,0.1304,0.1739
xtriple,rad-core-45,14,52,52,52,0.2115,0.1731,0.3462,0.2308,0.5577,0.25,0.1538,0.0962,0.5192,0.3269,0.4231,0.3654
null,rad-core-45@directed,0,42,42,42,0.4762,0.0952,0.4048,0.2619,0.4286,0.2381,0.119,0.119,0.4286,0.1667,0.4524,0.2857
null,rad-core-45@directed,1,49,49,49,0.3673,0.4694,0.2449,0.4286,0.2245,0.2245,0.3878,0.449,0.1837,0.551,0.1633,0.1429
null,rad-core-45@directed,2,45,45,45,0.2444,0.2,0.2889,0.2444,0.2,0.5556,0.1333,0.0889,0.3778,0.4222,0.5333,0.3333
null,rad-core-45@directed,3,40,40,40,0.2,0.35,0.65,0.6,0.3,0.3,0.4,0.175,0.275,0.225,0.4,0.35
null,rad-core-45@directed,4,46,46,46,0.2826,0.4783,0.1957,0.2391,0.3913,0.1087,0.413,0.413,0.087,0.3696,0.0217,0.1522
null,rad-core-45@uniform,0,42,42,42,0.3571,0.3333,0.2857,0.1667,0.4286,0.2619,0.1667,0.1429,0.4048,0.119,0.5,0.5238
null,rad-core-45@uniform,1,54,54,54,0.2037,0.0556,0.2222,0.0926,0.3148,0.3333,0.1296,0.0741,0.4259,0.1481,0.6667,0.6481
null,rad-core-45@uniform,2,52,52,52,0.3846,0.4231,0.2308,0.25,0.1538,0.1923,0.4808,0.5962,0.0962,0.5769,0.1923,0.1923
null,rad-core-45@uniform,3,50,50,50,0.32,0.28,0.1,0.1,0.26,0.38,0.26,0.16,0.48,0.1,0.74,0.72
null,rad-core-45@uniform,4,46,46,46,0.2174,0.1522,0.4565,0.6087,0.1522,0.087,0.3261,0.5652,0.3043,0.6957,0.1522,0.0652
null,rad-core-45@mixed,0,60,60,60,0.3167,0.3333,0.1333,0.1,0.5833,0.6,0.4667,0.4,0.1,0.3333,0.1,0.1167
null,rad-core-45@mixed,1,57,57,57,0.2105,0.1579,0.4035,0.1404,0.386,0.5088,0.4035,0.0526,0.2632,0.1579,0.386,0.4386
null,rad-core-45@mixed,2,94,94,94,0.4149,0.234,0.0851,0.1596,0.2234,0.4043,0.4362,0.3191,0.0532,0.0638,0.1915,0.4468
null,rad-core-45@mixed,3,45,45,45,0.2,0.1778,0.1333,0.4222,0.1778,0.3778,0.4667,0.0444,0.0889,0.0889,0.4444,0.5111
null,rad-core-45@mixed,4,42,42,42,0.381,0.2619,0.3333,0.4048,0.4524,0.3095,0.1667,0.1429,0.5476,0.2619,0.7143,0.5
triple,rad-core-55,0,79,79,79,0.1139,0.1266,0.3797,0.3671,0.1772,0.2278,0.1139,0.1519,0.5443,0.5696,0.3038,0.1139
triple,rad-core-55,1,42,42,42,0.119,0.0952,0.4286,0.5238,0.3095,0.4048,0.119,0.0238,0.4524,0.4286,0.4286,0.2619
triple,rad-core-55,2,49,49,49,0.102,0.1429,0.4286,0.2653,0.3878,0.1837,0.0816,0.1429,0.4082,0.4694,0.6735,0.1429
triple,rad-core-55,3,61,61,61,0.3115,0.1967,0.1639,0.2295,0.4098,0.5902,0.3279,0.1967,0.0656,0.1475,0.3607,0.3279
triple,rad-core-55,4,61,61,61,0.2459,0.3607,0.4426,0.2295,0.3607,0.082,0.1148,0.1475,0.5246,0.4754,0.3934,0.0656
triple,rad-core-55,5,70,70,70,0.1143,0.3429,0.5571,0.4286,0.2,0.1571,0.0286,0.0714,0.3429,0.2857,0.2714,0.0286
triple,rad-core-55,6,39,39,39,0.1026,0.1282,0.359,0.3077,0.3846,0.359,0.0769,0.6154,0.6923,0.7692,0.1795,0.3077
triple,rad-core-55,7,39,39,39,0.2308,0.3333,0.3333,0.3077,0.5128,0.4103,0.2564,0.1538,0.5385,0.1795,0.5641,0.5385
triple,rad-core-55,8,32,32,32,0.1875,0.25,0.4062,0.3438,0.4688,0.2812,0.5625,0.4062,0.25,0.3125,0.625,0.7812
triple,rad-core-55,9,54,54,54,0.0741,0.0556,0.4444,0.2778,0.463,0.3704,0.4074,0.037,0.2037,0.2407,0.3889,0.5556
triple,rad-core-55,10,64,64,64,0.1875,0.2031,0.4531,0.4062,0.2344,0.1719,0.1094,0.5469,0.4375,0.5469,0.0938,0.1875
triple,rad-core-55,11,41,41,41,0.1463,0.1707,0.4878,0.439,0.2439,0.1707,0.122,0.2927,0.561,0.6341,0.3659,0.122
triple,rad-core-55,12,48,48,48,0.1042,0.125,0.6042,0.625,0.4375,0.4375,0.3333,0.2083,0.2083,0.2917,0.3958,0.4583
triple,rad-core-55,13,46,46,46,0.0435,0.1522,0.6739,0.6304,0.3261,0.0435,0.0435,0.087,0.6522,0.6522,0.6304,0.0652
triple,rad-core-55,14,97,97,97,0.3093,0.0619,0.5361,0.1237,0.2887,0.4227,0.0928,0.0619,0.3711,0.3402,0.3608,0.1134
xtriple,rad-core-55,0,42,42,42,0.2143,0.1429,0.4762,0.5,0.381,0.2857,0.0952,0.0714,0.5476,0.7857,0.7143,0.119
xtriple,rad-core-55,1,79,79,79,0.2785,0.1646,0.4177,0.481,0.3038,0.2405,0.0759,0.1646,0.4557,0.443,0.2911,0.0886
xtriple,rad-core-55,2,44,44,44,0.1136,0.2955,0.5227,0.3409,0.5455,0.2045,0.0682,0.0909,0.5909,0.1591,0.5455,0.25
xtriple,rad-core-55,3,61,61,61,0.1475,0.1148,0.3279,0.5738,0.2951,0.1803,0.0984,0.082,0.541,0.4098,0.3934,0.0328
xtriple,rad-core-55,4,61,61,61,0.2295,0.2623,0.2459,0.2131,0.377,0.2295,0.0492,0.2131,0.4918,0.2131,0.3934,0.2623
xtriple,rad-core-55,5,68,68,68,0.3529,0.1176,0.1029,0.1912,0.5147,0.3971,0.5294,0.0882,0.0588,0.1324,0.3971,0.4265
xtriple,rad-core-55,6,39,39,39,0.1538,0.4103,0.2821,0.3846,0.359,0.3333,0.4103,0.3333,0.2051,0.4103,0.359,0.5641
xtriple,rad-core-55,7,32,32,32,0.2188,0.2188,0.1875,0.1875,0.4375,0.4375,0.4375,0.375,0.1562,0.4062,0.3438,0.5
xtriple,rad-core-55,8,42,42,42,0.1429,0.3333,0.3571,0.2857,0.6429,0.381,0.1429,0.1429,0.7143,0.1429,0.6429,0.4524
xtriple,rad-core-55,9,64,64,64,0.1562,0.2031,0.6562,0.2188,0.7344,0.4219,0.0312,0.0938,0.4688,0.1875,0.5469,0.5312
xtriple,rad-core-55,10,41,41,41,0.122,0.122,0.6341,0.3902,0.3171,0.3171,0.0488,0.0976,0.6829,0.561,0.3415,0.0976
xtriple,rad-core-55,11,54,54,54,0.4444,0.2407,0.2407,0.3148,0.1111,0.2593,0.5556,0.537,0.1667,0.2037,0.0556,0.5926
xtriple,rad-core-55,12,79,79,79,0.0127,0.0,0.7722,0.6835,0.3418,0.1772,0.0127,0.0,0.4177,0.4304,0.4304,0.0633
xtriple,rad-core-55,13,48,48,48,0.0833,0.1042,0.3125,0.1667,0.4375,0.5833,0.0833,0.2083,0.3958,0.3125,0.4167,0.2083
xtriple,rad-core-55,14,46,46,46,0.0652,0.0435,0.6957,0.413,0.413,0.2826,0.4565,0.0435,0.1739,0.2609,0.5217,0.5435
null,rad-core-55@directed,0,79,79,79,0.2025,0.2405,0.1772,0.3165,0.2658,0.2532,0.1899,0.3544,0.3291,0.3544,0.1519,0.1266
null,rad-core-55@directed,1,61,61,61,0.2459,0.2623,0.3934,0.459,0.082,0.1311,0.1803,0.1475,0.459,0.4262,0.3443,0.1475
null,rad-core-55@directed,2,50,50,50,0.26,0.26,0.48,0.3,0.26,0.28,0.34,0.08,0.34,0.28,0.3,0.4
null,rad-core-55@directed,3,100,100,100,0.06,0.11,0.27,0.15,0.44,0.27,0.03,0.06,0.45,0.08,0.51,0.44
null,rad-core-55@directed,4,97,97,97,0.2165,0.1134,0.268,0.2371,0.268,0.2784,0.1443,0.1237,0.4227,0.2887,0.3711,0.2474
null,rad-core-55@uniform,0,42,42,42,0.3571,0.119,0.2619,0.1429,0.5,0.3333,0.1905,0.0952,0.3571,0.2619,0.381,0.4048
null,rad-core-55@uniform,1,64,64,64,0.1094,0.0625,0.5469,0.3438,0.5312,0.1562,0.125,0.0469,0.5312,0.5156,0.375,0.125
null,rad-core-55@uniform,2,32,32,32,0.3438,0.1875,0.4062,0.2812,0.125,0.4375,0.625,0.7188,0.3125,0.75,0.1562,0.3125
null,rad-core-55@uniform,3,41,41,41,0.2195,0.2439,0.5366,0.4146,0.439,0.4878,0.1951,0.1951,0.7073,0.2439,0.7561,0.6829
null,rad-core-55@uniform,4,50,50,50,0.3,0.58,0.4,0.46,0.16,0.08,0.16,0.22,0.58,0.5,0.66,0.04
null,rad-core-55@mixed,0,44,44,44,0.2045,0.1818,0.4318,0.3409,0.25,0.2727,0.0682,0.0909,0.5,0.5682,0.6364,0.1818
null,rad-core-55@mixed,1,62,62,62,0.3548,0.5645,0.2742,0.371,0.2097,0.1613,0.2903,0.2097,0.1935,0.2742,0.0484,0.0323
null,rad-core-55@mixed,2,39,39,39,0.4359,0.5128,0.3077,0.4359,0.5385,0.4615,0.3333,0.4615,0.5641,0.4615,0.6154,0.2051
null,rad-core-55@mixed,3,66,66,66,0.2727,0.1818,0.2273,0.1061,0.4394,0.3788,0.5303,0.0909,0.2273,0.1212,0.3788,0.3788
null,rad-core-55@mixed,4,46,46,46,0.413,0.1522,0.3696,0.1522,0.3261,0.2391,0.2174,0.1522,0.5652,0.4565,0.4783,0.1087
triple,rad-core-61,0,101,101,101,0.0198,0.1782,0.7822,0.505,0.2673,0.0693,0.0198,0.1287,0.297,0.2475,0.2178,0.0396
triple,rad-core-61,1,84,84,84,0.1548,0.0833,0.5952,0.2024,0.5119,0.0119,0.0357,0.0595,0.2976,0.2024,0.1905,0.0119
triple,rad-core-61,2,95,95,95,0.2737,0.1368,0.5474,0.2526,0.3474,0.2842,0.1263,0.1053,0.2842,0.2211,0.2316,0.2
triple,rad-core-61,3,104,104,104,0.2885,0.3269,0.0769,0.1731,0.5192,0.1346,0.2981,0.0673,0.0769,0.1635,0.1058,0.2404
triple,rad-core-61,4,107,107,107,0.1963,0.2056,0.5607,0.4579,0.2897,0.1402,0.1215,0.4393,0.3925,0.514,0.2336,0.1215
triple,rad-core-61,5,86,86,86,0.1512,0.1628,0.2093,0.093,0.1628,0.1744,0.2558,0.1512,0.0814,0.0581,0.1512,0.4419
triple,rad-core-61,6,97,97,97,0.0928,0.3918,0.4227,0.6082,0.1443,0.0,0.0722,0.2165,0.3093,0.3608,0.0412,0.0
triple,rad-core-61,7,105,105,105,0.1714,0.2667,0.7048,0.4381,0.2571,0.1143,0.1905,0.1714,0.2571,0.2286,0.2095,0.0762
triple,rad-core-61,8,112,112,112,0.1607,0.2589,0.5179,0.4643,0.1429,0.0893,0.1339,0.2946,0.2679,0.375,0.1161,0.1161
triple,rad-core-61,9,83,83,83,0.0723,0.1687,0.2651,0.5783,0.0241,0.1446,0.241,0.2289,0.0964,0.1928,0.0241,0.1205
triple,rad-core-61,10,109,109,109,0.1651,0.1651,0.1743,0.1651,0.2202,0.2477,0.3028,0.2661,0.1009,0.1468,0.1284,0.2569
triple,rad-core-61,11,86,86,86,0.186,0.1395,0.5116,0.3372,0.3372,0.1279,0.314,0.1047,0.3953,0.1512,0.2093,0.314
triple,rad-core-61,12,87,87,87,0.2644,0.023,0.4368,0.2184,0.3333,0.2069,0.1954,0.0115,0.3333,0.1494,0.2874,0.3793
triple,rad-core-61,13,99,99,99,0.0303,0.1212,0.6162,0.3434,0.6364,0.1313,0.0202,0.0707,0.3939,0.3333,0.2727,0.1616
triple,rad-core-61,14,114,114,114,0.114,0.2018,0.0877,0.3684,0.3246,0.1228,0.2632,0.0965,0.0614,0.1316,0.1404,0.2719
xtriple,rad-core-61,0,84,84,84,0.0476,0.1548,0.5595,0.381,0.5,0.1786,0.0238,0.0595,0.2738,0.1667,0.2381,0.1071
xtriple,rad-core-61,1,95,95,95,0.4421,0.3263,0.4632,0.2421,0.3789,0.0842,0.0842,0.0632,0.2105,0.2105,0.2,0.0947
xtriple,rad-core-61,2,117,117,117,0.0342,0.0598,0.4701,0.6325,0.6752,0.2821,0.0342,0.0513,0.188,0.1966,0.1538,0.1368
xtriple,rad-core-61,3,86,86,86,0.0814,0.2674,0.5233,0.4186,0.1628,0.0581,0.0349,0.2558,0.3256,0.3721,0.2093,0.0349
xtriple,rad-core-61,4,111,111,111,0.1802,0.0991,0.1622,0.036,0.3333,0.1892,0.3874,0.0901,0.0901,0.027,0.1171,0.2613
xtriple,rad-core-61,5,107,107,107,0.2336,0.2336,0.0935,0.1589,0.1869,0.0748,0.2897,0.3084,0.1215,0.1308,0.0935,0.2804
xtriple,rad-core-61,6,100,100,100,0.05,0.26,0.36,0.24,0.06,0.05,0.06,0.15,0.19,0.21,0.08,0.03
xtriple,rad-core-61,7,97,97,97,0.0412,0.3505,0.3196,0.1649,0.0722,0.0515,0.1134,0.299,0.2062,0.3402,0.0412,0.0619
xtriple,rad-core-61,8,112,112,112,0.0268,0.1607,0.6964,0.4554,0.2857,0.0357,0.0179,0.0536,0.2946,0.2946,0.2143,0.0268
xtriple,rad-core-61,9,109,109,109,0.0917,0.055,0.0734,0.0826,0.3945,0.4312,0.2294,0.0642,0.055,0.0642,0.2018,0.3303
xtriple,rad-core-61,10,86,86,86,0.1512,0.2907,0.6279,0.5814,0.093,0.0465,0.1628,0.3721,0.1977,0.2209,0.0814,0.0581
xtriple,rad-core-61,11,83,83,83,0.0602,0.241,0.1807,0.2048,0.2651,0.1687,0.2651,0.1687,0.1325,0.0964,0.1084,0.1446
xtriple,rad-core-61,12,114,114,114,0.0614,0.1404,0.386,0.5088,0.2368,0.0877,0.0439,0.0789,0.5526,0.1491,0.114,0.0526
xtriple,rad-core-61,13,107,107,107,0.1121,0.0561,0.1121,0.0374,0.215,0.1963,0.2523,0.028,0.0748,0.0187,0.2617,0.4206
xtriple,rad-core-61,14,87,87,87,0.0575,0.1839,0.092,0.069,0.2759,0.092,0.1379,0.092,0.1034,0.0805,0.1379,0.2069
null,rad-core-61@directed,0,118,118,118,0.2712,0.161,0.161,0.161,0.1271,0.2119,0.1695,0.0932,0.1356,0.1102,0.1186,0.0763
null,rad-core-61@directed,1,104,104,104,0.3846,0.3173,0.2212,0.3269,0.0962,0.2308,0.1346,0.1731,0.1731,0.3558,0.0288,0.1923
null,rad-core-61@directed,2,100,100,100,0.33,0.59,0.31,0.26,0.13,0.2,0.06,0.14,0.17,0.23,0.06,0.11
null,rad-core-61@directed,3,112,112,112,0.1875,0.0804,0.2589,0.4018,0.125,0.3125,0.1607,0.0893,0.1429,0.2321,0.0714,0.0893
null,rad-core-61@directed,4,114,114,114,0.0965,0.1491,0.0439,0.0175,0.2018,0.2544,0.1491,0.0965,0.0526,0.0175,0.1316,0.1316
null,rad-core-61@uniform,0,84,84,84,0.0476,0.3452,0.25,0.4286,0.1548,0.0833,0.0952,0.1786,0.119,0.25,0.131,0.0952
null,rad-core-61@uniform,1,108,108,108,0.0185,0.1204,0.2407,0.2778,0.1296,0.1019,0.0278,0.3889,0.4444,0.537,0.037,0.0556
null,rad-core-61@uniform,2,105,105,105,0.1238,0.2286,0.1905,0.219,0.2286,0.2476,0.1619,0.2381,0.1048,0.1429,0.0571,0.1429
null,rad-core-61@uniform,3,83,83,83,0.0723,0.0602,0.0723,0.0602,0.1807,0.3012,0.3012,0.0723,0.0723,0.012,0.2169,0.3133
null,rad-core-61@uniform,4,87,87,87,0.1954,0.2989,0.2529,0.3103,0.0575,0.1034,0.2184,0.5862,0.4828,0.7011,0.046,0.0805
null,rad-core-61@mixed,0,101,101,101,0.0495,0.1584,0.2376,0.3861,0.2475,0.297,0.0495,0.1782,0.1584,0.1089,0.1287,0.1089
null,rad-core-61@mixed,1,86,86,86,0.3023,0.314,0.0698,0.0698,0.1512,0.093,0.2907,0.1512,0.0581,0.0465,0.0814,0.3488
null,rad-core-61@mixed,2,97,97,97,0.0619,0.0619,0.2887,0.0825,0.0722,0.0722,0.0206,0.1546,0.2371,0.2165,0.1031,0.0412
null,rad-core-61@mixed,3,101,101,101,0.1386,0.1782,0.1485,0.1881,0.5446,0.5644,0.1683,0.0396,0.198,0.0693,0.2673,0.2871
null,rad-core-61@mixed,4,99,99,99,0.303,0.4646,0.3535,0.2222,0.0808,0.0505,0.202,0.1313,0.1414,0.0808,0.0505,0.0606
triple,rad-core-65,0,84,84,84,0.1548,0.3452,0.3333,0.4048,0.0952,0.1667,0.1905,0.2738,0.2381,0.1786,0.0952,0.1786
triple,rad-core-65,1,99,99,99,0.0505,0.0808,0.1111,0.0808,0.3333,0.2323,0.3131,0.0909,0.0707,0.0707,0.2626,0.3737
triple,rad-core-65,2,72,72,72,0.125,0.125,0.3889,0.3056,0.2361,0.0694,0.1111,0.2083,0.3333,0.3472,0.0972,0.0694
triple,rad-core-65,3,59,59,59,0.0847,0.0678,0.7458,0.4237,0.322,0.1186,0.0508,0.0169,0.4068,0.3898,0.2373,0.0847
triple,rad-core-65,4,91,91,91,0.2088,0.4286,0.022,0.1868,0.2418,0.3297,0.5385,0.2088,0.0769,0.0769,0.1978,0.4286
triple,rad-core-65,5,62,62,62,0.0161,0.1774,0.3226,0.2258,0.1774,0.1774,0.0323,0.1452,0.1935,0.1129,0.2419,0.1935
triple,rad-core-65,6,60,60,60,0.1667,0.1833,0.1833,0.1833,0.6333,0.5,0.1667,0.1667,0.2,0.2,0.45,0.2833
triple,rad-core-65,7,81,81,81,0.2346,0.3457,0.7407,0.4691,0.1605,0.0247,0.1358,0.2346,0.4444,0.2593,0.1111,0.037
triple,rad-core-65,8,80,80,80,0.3875,0.175,0.5375,0.3375,0.275,0.2375,0.175,0.1875,0.3625,0.4625,0.35,0.2125
triple,rad-core-65,9,93,93,93,0.172,0.172,0.0645,0.086,0.5806,0.1505,0.3333,0.1075,0.0968,0.0753,0.2688,0.4086
triple,rad-core-65,10,94,94,94,0.1383,0.117,0.4255,0.2979,0.2553,0.3404,0.1489,0.1809,0.2128,0.1383,0.2553,0.117
triple,rad-core-65,11,95,95,95,0.2632,0.1895,0.1684,0.4421,0.3579,0.0842,0.5053,0.2316,0.1263,0.3158,0.1895,0.4842
triple,rad-core-65,12,81,81,81,0.2716,0.2963,0.1975,0.0494,0.1728,0.0617,0.7037,0.642,0.1235,0.0247,0.0494,0.3827
triple,rad-core-65,13,105,105,105,0.1238,0.1333,0.7143,0.3714,0.5048,0.2571,0.0857,0.0571,0.2762,0.1905,0.2095,0.2095
triple,rad-core-65,14,100,100,100,0.04,0.1,0.52,0.26,0.21,0.05,0.03,0.04,0.24,0.17,0.2,0.07
xtriple,rad-core-65,0,100,100,100,0.28,0.25,0.14,0.11,0.17,0.13,0.5,0.32,0.16,0.11,0.11,0.33
xtriple,rad-core-65,1,72,72,72,0.0556,0.0278,0.375,0.4306,0.2639,0.0278,0.0278,0.0417,0.25,0.1389,0.1944,0.1111
xtriple,rad-core-65,2,84,84,84,0.131,0.1548,0.4762,0.3333,0.3929,0.1071,0.1667,0.0952,0.3571,0.1905,0.2381,0.1905
xtriple,rad-core-65,3,62,62,62,0.1774,0.0323,0.0323,0.0484,0.5161,0.2097,0.2903,0.0645,0.0323,0.0484,0.2097,0.4032
xtriple,rad-core-65,4,88,88,88,0.1591,0.1136,0.1477,0.0909,0.1477,0.0909,0.1591,0.1591,0.125,0.0909,0.1364,0.1023
xtriple,rad-core-65,5,59,59,59,0.0,0.0169,0.339,0.4746,0.4746,0.1695,0.0,0.0169,0.3729,0.2881,0.1695,0.1017
xtriple,rad-core-65,6,80,80,80,0.05,0.175,0.5375,0.3625,0.3375,0.275,0.0375,0.2625,0.4,0.3625,0.2625,0.1125
xtriple,rad-core-65,7,81,81,81,0.1975,0.1605,0.284,0.3457,0.4938,0.3827,0.1852,0.1235,0.3086,0.1605,0.2716,0.2963
xtriple,rad-core-65,8,60,60,60,0.2333,0.1167,0.5,0.4,0.2667,0.1333,0.1833,0.3,0.3,0.2833,0.2667,0.2333
xtriple,rad-core-65,9,94,94,94,0.4043,0.2128,0.5106,0.383,0.383,0.266,0.1809,0.1489,0.1596,0.1915,0.1596,0.1809
xtriple,rad-core-65,10,93,93,93,0.2043,0.172,0.1505,0.129,0.2796,0.1398,0.5161,0.1505,0.1398,0.086,0.2043,0.3978
xtriple,rad-core-65,11,95,95,95,0.1053,0.1789,0.1158,0.1158,0.2421,0.1579,0.5053,0.2,0.0526,0.0526,0.1684,0.4105
xtriple,rad-core-65,12,81,81,81,0.2346,0.2716,0.4074,0.3333,0.284,0.2593,0.2222,0.3086,0.1728,0.1975,0.2346,0.3333
xtriple,rad-core-65,13,86,86,86,0.0116,0.1395,0.3953,0.4884,0.0,0.0116,0.0116,0.3372,0.1977,0.4535,0.0,0.0116
xtriple,rad-core-65,14,95,95,95,0.2737,0.0842,0.0737,0.0947,0.2421,0.3263,0.3895,0.0632,0.0737,0.0737,0.1684,0.4211
null,rad-core-65@directed,0,87,87,87,0.3563,0.3908,0.1839,0.2874,0.2414,0.2299,0.4368,0.5172,0.1379,0.1724,0.1724,0.1379
null,rad-core-65@directed,1,78,78,78,0.1154,0.1154,0.3077,0.1667,0.1154,0.0769,0.0641,0.1282,0.2692,0.141,0.1282,0.0513
null,rad-core-65@directed,2,81,81,81,0.2346,0.5062,0.3951,0.5185,0.3086,0.1975,0.2593,0.321,0.284,0.2346,0.2222,0.1358
null,rad-core-65@directed,3,95,95,95,0.3053,0.2526,0.3789,0.1895,0.3368,0.2737,0.2421,0.1579,0.2105,0.1158,0.1368,0.3158
null,rad-core-65@directed,4,81,81,81,0.3333,0.2346,0.1728,0.4198,0.0864,0.037,0.2593,0.2593,0.0864,0.0617,0.0864,0.0494
null,rad-core-65@uniform,0,72,72,72,0.25,0.1389,0.2083,0.1389,0.1667,0.2083,0.5417,0.1528,0.125,0.125,0.25,0.4167
null,rad-core-65@uniform,1,59,59,59,0.322,0.3729,0.1525,0.1525,0.0508,0.1695,0.6271,0.339,0.0847,0.1525,0.0508,0.322
null,rad-core-65@uniform,2,60,60,60,0.0667,0.1167,0.2833,0.25,0.3667,0.1833,0.05,0.2,0.2833,0.2667,0.2667,0.1167
null,rad-core-65@uniform,3,94,94,94,0.1383,0.0957,0.1383,0.1809,0.1596,0.1064,0.0319,0.266,0.3298,0.3617,0.3617,0.0957
null,rad-core-65@uniform,4,95,95,95,0.1158,0.0526,0.4,0.4316,0.2421,0.1684,0.1053,0.0632,0.6737,0.1263,0.4842,0.2211
null,rad-core-65@mixed,0,86,86,86,0.1977,0.1279,0.2442,0.2326,0.1163,0.0814,0.2093,0.2093,0.3023,0.2442,0.0581,0.0698
null,rad-core-65@mixed,1,62,62,62,0.2419,0.1452,0.2097,0.1774,0.1935,0.3226,0.2581,0.1935,0.1613,0.2258,0.1774,0.1129
null,rad-core-65@mixed,2,80,80,80,0.325,0.3125,0.125,0.2125,0.1875,0.1625,0.3,0.3,0.1125,0.175,0.1625,0.225
null,rad-core-65@mixed,3,93,93,93,0.172,0.2796,0.2258,0.2581,0.3978,0.2903,0.172,0.172,0.129,0.172,0.2151,0.3441
null,rad-core-65@mixed,4,86,86,86,0.0349,0.0233,0.5581,0.2442,0.3256,0.1744,0.0465,0.0233,0.3256,0.2326,0.5465,0.1395
triple,rad-core-68,0,36,36,36,0.3611,0.5278,0.0556,0.2222,0.6389,0.3611,0.7222,0.2778,0.0556,0.1667,0.3889,0.5833
triple,rad-core-68,1,37,37,37,0.2973,0.4595,0.5135,0.6216,0.4595,0.3514,0.3784,0.5135,0.5676,0.5946,0.3243,0.2973
triple,rad-core-68,2,56,56,56,0.2143,0.1429,0.2321,0.25,0.3393,0.4107,0.1964,0.1071,0.3571,0.3214,0.4643,0.4821
triple,rad-core-68,3,43,43,43,0.3256,0.3023,0.2791,0.2326,0.4186,0.4186,0.7209,0.5349,0.1628,0.1628,0.3721,0.7209
triple,rad-core-68,4,20,20,20,0.4,0.55,0.15,0.15,0.6,0.35,0.5,0.5,0.1,0.15,0.3,0.65
triple,rad-core-68,5,51,51,51,0.2157,0.1961,0.3529,0.3137,0.4314,0.3333,0.4118,0.5686,0.3529,0.6667,0.1373,0.1373
triple,rad-core-68,6,48,48,48,0.2292,0.4375,0.3125,0.4792,0.1458,0.125,0.3333,0.3542,0.25,0.4792,0.1458,0.1667
triple,rad-core-68,7,47,47,47,0.1915,0.234,0.1915,0.1702,0.2553,0.234,0.5957,0.4681,0.1702,0.2128,0.1915,0.4681
triple,rad-core-68,8,43,43,43,0.2791,0.6744,0.3721,0.7674,0.3256,0.2791,0.4884,0.6744,0.3953,0.5349,0.1395,0.1395
triple,rad-core-68,9,28,28,28,0.5,0.5,0.5,0.4286,0.2143,0.2857,0.2857,0.4286,0.3571,0.5,0.25,0.3214
triple,rad-core-68,10,27,27,27,0.5926,0.4444,0.1852,0.2593,0.4074,0.4815,0.7407,0.5556,0.2222,0.3333,0.4815,0.6296
triple,rad-core-68,11,33,33,33,0.3939,0.303,0.1212,0.1818,0.4242,0.5455,0.5758,0.6061,0.0909,0.1818,0.2424,0.5758
triple,rad-core-68,12,33,33,33,0.3333,0.2727,0.3333,0.3333,0.5455,0.5152,0.6364,0.2121,0.2424,0.2424,0.6364,0.6667
triple,rad-core-68,13,40,40,40,0.4,0.25,0.65,0.25,0.425,0.325,0.6,0.45,0.4,0.525,0.2,0.175
triple,rad-core-68,14,41,41,41,0.5122,0.6829,0.2683,0.4146,0.4146,0.3171,0.7805,0.7805,0.1951,0.3902,0.1707,0.6098
xtriple,rad-core-68,0,36,36,36,0.3611,0.3333,0.2778,0.4167,0.3889,0.5556,0.2222,0.2222,0.3611,0.3333,0.6944,0.6944
xtriple,rad-core-68,1,37,37,37,0.3514,0.1892,0.3243,0.3243,0.5135,0.4324,0.3514,0.2973,0.2973,0.4595,0.3784,0.4054
xtriple,rad-core-68,2,39,39,39,0.4359,0.4615,0.2821,0.4103,0.1795,0.1795,0.3333,0.3846,0.2564,0.5641,0.2051,0.2564
xtriple,rad-core-68,3,45,45,45,0.2889,0.1556,0.2667,0.0,0.6222,0.4889,0.4444,0.0667,0.1778,0.0,0.5333,0.5333
xtriple,rad-core-68,4,20,20,20,0.25,0.55,0.55,0.45,0.45,0.35,0.4,0.7,0.25,0.55,0.45,0.25
xtriple,rad-core-68,5,51,51,51,0.3333,0.3922,0.2549,0.2157,0.1961,0.3529,0.6078,0.5294,0.1569,0.2745,0.2353,0.7255
xtriple,rad-core-68,6,48,48,48,0.1875,0.5833,0.2708,0.4583,0.1458,0.1458,0.25,0.5417,0.1042,0.6042,0.1042,0.1042
xtriple,rad-core-68,7,47,47,47,0.2553,0.3617,0.383,0.4255,0.2128,0.1702,0.3617,0.5745,0.4468,0.5532,0.1064,0.2128
xtriple,rad-core-68,8,43,43,43,0.2791,0.3721,0.2558,0.4186,0.186,0.1163,0.3256,0.4884,0.1628,0.4419,0.1628,0.2093
xtriple,rad-core-68,9,28,28,28,0.4286,0.3571,0.4286,0.2143,0.5357,0.5,0.4643,0.3571,0.2143,0.6429,0.4643,0.4286
xtriple,rad-core-68,10,27,27,27,0.4444,0.4074,0.1481,0.1852,0.1852,0.4444,0.4815,0.4444,0.1481,0.1111,0.1481,0.5926
xtriple,rad-core-68,11,33,33,33,0.4242,0.4848,0.303,0.3636,0.2424,0.3333,0.6667,0.7879,0.1515,0.5455,0.2727,0.2424
xtriple,rad-core-68,12,33,33,33,0.303,0.5455,0.3939,0.6061,0.3939,0.3333,0.5152,0.5455,0.3939,0.4848,0.303,0.3636
xtriple,rad-core-68,13,40,40,40,0.5,0.25,0.375,0.225,0.4,0.525,0.625,0.25,0.275,0.125,0.5,0.5
xtriple,rad-core-68,14,49,49,49,0.449,0.449,0.1837,0.4286,0.3878,0.2653,0.6122,0.5714,0.102,0.2041,0.1429,0.5714
null,rad-core-68@directed,0,36,36,36,0.6389,0.5833,0.1389,0.3056,0.25,0.3611,0.3889,0.3889,0.1389,0.4722,0.3056,0.3333
null,rad-core-68@directed,1,20,20,20,0.25,0.15,0.45,0.45,0.4,0.7,0.25,0.35,0.8,0.55,0.55,0.45
null,rad-core-68@directed,2,43,43,43,0.1628,0.3256,0.3488,0.3023,0.6279,0.3721,0.2326,0.1628,0.4186,0.3721,0.4884,0.4419
null,rad-core-68@directed,3,27,27,27,0.2593,0.3333,0.5556,0.6296,0.5556,0.5926,0.4074,0.3704,0.5926,0.4074,0.6296,0.7778
null,rad-core-68@directed,4,33,33,33,0.4545,0.3333,0.3333,0.2424,0.697,0.5758,0.4242,0.3636,0.5455,0.2727,0.697,0.5152
null,rad-core-68@uniform,0,56,56,56,0.2679,0.2857,0.3929,0.4286,0.2679,0.1607,0.1964,0.2321,0.3929,0.5536,0.5179,0.1607
null,rad-core-68@uniform,1,51,51,51,0.1176,0.1373,0.3333,0.1765,0.3922,0.1961,0.0784,0.1569,0.5686,0.1176,0.6667,0.549
null,rad-core-68@uniform,2,47,47,47,0.3617,0.2979,0.1277,0.234,0.3617,0.3617,0.3404,0.234,0.1064,0.1277,0.4255,0.4043
null,rad-core-68@uniform,3,53,53,53,0.3585,0.3774,0.1887,0.3774,0.1132,0.0943,0.3585,0.6792,0.4151,0.8302,0.0755,0.2075
null,rad-core-68@uniform,4,52,52,52,0.2308,0.4423,0.5192,0.5962,0.3846,0.1538,0.3846,0.5769,0.3846,0.5962,0.2692,0.1731
null,rad-core-68@mixed,0,39,39,39,0.5641,0.3077,0.1795,0.2051,0.1795,0.4103,0.5641,0.2308,0.1795,0.2821,0.4103,0.5641
null,rad-core-68@mixed,1,43,43,43,0.3256,0.2326,0.5349,0.2093,0.186,0.2558,0.3023,0.1163,0.4419,0.3256,0.6512,0.1628
null,rad-core-68@mixed,2,49,49,49,0.1837,0.3878,0.1837,0.4694,0.2857,0.1837,0.1429,0.5102,0.3878,0.4898,0.1429,0.1633
null,rad-core-68@mixed,3,39,39,39,0.2821,0.3077,0.3077,0.2564,0.2308,0.3077,0.5641,0.5385,0.1795,0.4103,0.2051,0.3333
null,rad-core-68@mixed,4,41,41,41,0.5122,0.7561,0.1707,0.439,0.439,0.2683,0.4878,0.5366,0.1707,0.7561,0.1707,0.2439
triple,takeoff,0,19,19,19,1.0,1.0,1.0,1.0,1.0,1.0,0.4211,0.5789,0.6842,0.8421,0.8421,0.4737
triple,takeoff,1,15,15,15,1.0,1.0,1.0,1.0,1.0,1.0,0.8,0.6667,0.8,0.6667,0.9333,0.9333
triple,takeoff,2,23,23,23,1.0,1.0,1.0,1.0,1.0,1.0,0.6087,0.7391,0.7826,0.6957,0.7826,0.6522
triple,takeoff,3,16,16,16,1.0,1.0,1.0,1.0,1.0,1.0,0.875,0.875,0.75,0.8125,0.8125,0.8125
triple,takeoff,4,20,20,20,1.0,1.0,1.0,1.0,0.55,0.65,0.55,0.65,0.55,0.65,0.5,0.75
triple,takeoff,5,29,29,29,1.0,1.0,1.0,1.0,0.6897,0.5862,0.4483,0.4828,0.5862,0.5172,0.6207,0.4138
triple,takeoff,6,20,20,20,1.0,1.0,1.0,1.0,1.0,1.0,0.35,0.65,0.6,0.6,0.5,0.55
triple,takeoff,7,19,19,19,1.0,1.0,1.0,1.0,1.0,1.0,0.5789,0.5789,0.4737,0.5789,0.5263,0.5789
triple,takeoff,8,24,24,24,1.0,1.0,1.0,1.0,1.0,1.0,0.4583,0.5,0.5,0.5417,0.5833,0.3333
triple,takeoff,9,19,19,19,1.0,1.0,1.0,1.0,0.6842,0.5263,0.4211,0.6842,0.5263,0.6316,0.6842,0.4737
triple,takeoff,10,26,26,26,1.0,1.0,1.0,1.0,1.0,1.0,0.6923,0.6154,0.6923,0.7308,0.5385,0.5
triple,takeoff,11,20,20,20,0.7,0.75,1.0,1.0,1.0,1.0,0.55,0.65,0.65,0.65,0.55,0.6
triple,takeoff,12,23,23,23,1.0,1.0,1.0,1.0,1.0,1.0,0.8261,0.6957,0.7391,0.7826,0.5652,0.7826
triple,takeoff,13,24,24,24,0.5,0.5417,1.0,1.0,1.0,1.0,0.4583,0.625,0.5,0.5417,0.625,0.4583
triple,takeoff,14,20,20,20,1.0,1.0,1.0,1.0,1.0,1.0,0.5,0.45,0.4,0.8,0.6,0.9
xtriple,takeoff,0,15,15,15,1.0,1.0,1.0,1.0,1.0,1.0,0.6667,0.6,0.6667,0.4667,0.7333,0.5333
xtriple,takeoff,1,20,20,20,1.0,1.0,1.0,1.0,1.0,1.0,0.65,0.6,0.7,0.6,0.65,0.45
xtriple,takeoff,2,23,23,23,1.0,1.0,1.0,1.0,1.0,1.0,0.3043,0.6087,0.5652,0.5652,0.7391,0.6087
xtriple,takeoff,3,20,20,20,1.0,1.0,1.0,1.0,1.0,1.0,0.6,0.6,0.7,0.65,0.6,0.65
xtriple,takeoff,4,22,22,22,1.0,1.0,1.0,1.0,1.0,1.0,0.4091,0.7727,0.5455,0.4545,0.7273,0.4091
xtriple,takeoff,5,16,16,16,1.0,1.0,1.0,1.0,1.0,1.0,0.4375,0.4375,0.6875,0.75,0.5625,0.625
xtriple,takeoff,6,19,19,19,1.0,1.0,1.0,1.0,1.0,1.0,0.5263,0.5263,0.5789,0.5789,0.5789,0.6316
xtriple,takeoff,7,20,20,20,0.4,0.8,0.65,0.65,1.0,1.0,0.45,0.7,0.55,0.65,0.5,0.65
xtriple,takeoff,8,28,28,28,1.0,1.0,1.0,1.0,1.0,1.0,0.5357,0.6071,0.5714,0.5714,0.8571,0.5357
xtriple,takeoff,9,19,19,19,1.0,1.0,1.0,1.0,1.0,1.0,0.5263,0.5263,0.4737,0.5789,0.5789,0.6316
xtriple,takeoff,10,20,20,20,1.0,1.0,1.0,1.0,0.4,0.5,0.35,0.6,0.45,0.55,0.5,0.4
xtriple,takeoff,11,25,25,25,0.48,0.64,1.0,1.0,1.0,1.0,0.36,0.44,0.64,0.48,0.6,0.48
xtriple,takeoff,12,28,28,28,1.0,1.0,1.0,1.0,0.4643,0.75,0.6071,0.6071,0.5714,0.6071,0.4643,0.3929
xtriple,takeoff,13,20,20,20,1.0,1.0,1.0,1.0,1.0,1.0,0.55,0.5,0.5,0.5,0.5,0.65
xtriple,takeoff,14,24,24,24,1.0,1.0,1.0,1.0,1.0,1.0,0.5,0.3333,0.5,0.5417,0.5833,0.5417
null,takeoff@directed,0,19,19,19,1.0,1.0,1.0,1.0,1.0,1.0,0.8421,0.7895,0.9474,0.7368,0.7895,0.6842
null,takeoff@directed,1,22,22,22,1.0,1.0,0.7727,0.7273,1.0,1.0,0.7273,0.6818,0.6818,0.4545,0.7727,0.4091
null,takeoff@directed,2,28,28,28,1.0,1.0,0.7857,0.75,1.0,1.0,0.5,0.6786,0.6071,0.6786,0.6786,0.6429
null,takeoff@directed,3,19,19,19,1.0,1.0,1.0,1.0,0.7368,0.5263,0.6316,0.6842,0.6316,0.5263,0.6316,0.4737
null,takeoff@directed,4,25,25,25,1.0,1.0,0.56,0.6,1.0,1.0,0.76,0.52,0.48,0.64,0.36,0.64
null,takeoff@uniform,0,15,15,15,1.0,1.0,1.0,1.0,0.2667,0.6667,0.6667,0.6667,0.4667,0.6667,0.2,0.8
null,takeoff@uniform,1,16,16,16,1.0,1.0,1.0,1.0,1.0,1.0,0.6875,0.6875,0.875,0.75,0.5625,0.625
null,takeoff@uniform,2,19,19,19,1.0,1.0,1.0,1.0,1.0,1.0,0.4211,0.4737,0.4737,0.5789,0.6842,0.5789
null,takeoff@uniform,3,20,20,20,1.0,1.0,1.0,1.0,1.0,1.0,0.65,0.6,0.75,0.6,0.55,0.75
null,takeoff@uniform,4,20,20,20,1.0,1.0,1.0,1.0,1.0,1.0,0.45,0.5,0.5,0.65,0.6,0.55
null,takeoff@mixed,0,20,20,20,1.0,1.0,1.0,1.0,1.0,1.0,0.55,0.8,0.65,0.7,0.85,0.7
null,takeoff@mixed,1,22,22,22,1.0,1.0,0.6364,0.5909,0.6818,0.7727,0.5909,0.5909,0.9091,0.5,0.5909,0.5909
null,takeoff@mixed,2,20,20,20,1.0,1.0,1.0,1.0,1.0,1.0,0.65,0.65,0.65,0.7,0.7,0.6
null,takeoff@mixed,3,21,21,21,0.3333,0.5714,1.0,1.0,1.0,1.0,0.2857,0.5238,0.5714,0.4762,0.5238,0.381
null,takeoff@mixed,4,23,23,23,1.0,1.0,1.0,1.0,1.0,1.0,0.6087,0.5652,0.6522,0.3913,0.3913,0.2609
triple,fsm-combined,15,23,23,23,0.1304,0.4348,0.3913,0.4783,0.3043,0.7391,0.0435,0.1739,0.087,0.0435,0.1739,0.087
triple,fsm-combined,16,20,20,20,0.05,0.25,0.5,0.3,0.75,0.25,0.05,0.1,0.2,0.35,0.15,0.1
triple,fsm-combined,17,18,18,18,0.7222,0.4444,0.4444,0.2778,0.4444,0.2778,0.2778,0.1111,0.2778,0.2222,0.1667,0.1667
triple,fsm-combined,18,30,30,30,0.2333,0.2,0.1,0.0333,0.5333,0.6667,0.0333,0.2,0.0667,0.0333,0.2667,0.1
triple,fsm-combined,19,17,17,17,0.2353,0.2353,0.9412,0.4706,1.0,0.7647,0.1765,0.1176,0.2941,0.2941,0.3529,0.4118
triple,fsm-combined,20,17,17,17,0.2353,0.7647,0.4118,0.5882,0.7647,0.4706,0.4118,0.4706,0.3529,0.2353,0.3529,0.2353
triple,fsm-combined,21,12,12,12,0.5833,0.5,0.75,0.6667,0.0,0.1667,0.5,0.4167,0.5,0.5833,0.0,0.3333
triple,fsm-combined,22,19,19,19,0.3684,0.1579,0.6842,0.5789,0.1579,0.2105,0.3684,0.2632,0.3158,0.3158,0.1053,0.1579
triple,fsm-combined,23,27,27,27,0.4074,0.2222,0.0741,0.2222,0.2222,0.2593,0.1111,0.2222,0.1111,0.2222,0.1481,0.1111
triple,fsm-combined,24,36,36,36,0.0278,0.2222,0.1944,0.3889,0.6111,0.0,0.0278,0.0833,0.0556,0.1111,0.1111,0.0
triple,fsm-combined,25,25,25,25,0.8,0.4,0.52,0.08,0.6,0.16,0.24,0.12,0.28,0.04,0.08,0.12
triple,fsm-combined,26,18,18,18,0.7222,0.7778,0.2222,0.5556,0.2778,0.1111,0.1667,0.2222,0.1667,0.3889,0.2222,0.1667
triple,fsm-combined,27,25,25,25,0.32,0.36,0.48,0.4,0.28,0.32,0.32,0.2,0.4,0.24,0.24,0.2
triple,fsm-combined,28,22,22,22,0.2273,0.6364,0.0455,0.1818,0.3636,0.3182,0.0455,0.2273,0.0909,0.1364,0.2727,0.0909
triple,fsm-combined,29,33,33,33,0.2727,0.1212,0.9091,0.4545,0.0909,0.0303,0.1818,0.0909,0.303,0.1515,0.1212,0.0303
xtriple,fsm-combined,0,24,24,24,0.2083,0.2083,0.4583,0.75,0.4583,0.25,0.125,0.125,0.125,0.25,0.2083,0.125
xtriple,fsm-combined,1,18,18,18,0.2778,0.4444,0.6111,0.2778,0.6111,0.1667,0.2222,0.3889,0.2222,0.1667,0.3889,0.2222
xtriple,fsm-combined,2,23,23,23,0.3913,0.3913,0.2609,0.3913,0.4348,0.8696,0.087,0.2609,0.1304,0.1304,0.2174,0.0435
xtriple,fsm-combined,3,18,18,18,0.1667,0.6111,0.2778,0.2778,0.5,0.2222,0.2222,0.5556,0.2222,0.2778,0.2222,0.1667
xtriple,fsm-combined,4,17,17,17,0.3529,0.1765,0.5294,0.6471,0.8235,0.7059,0.3529,0.1765,0.3529,0.1176,0.4706,0.4706
xtriple,fsm-combined,5,25,25,25,0.28,0.68,0.28,0.44,0.52,0.48,0.2,0.16,0.16,0.12,0.28,0.16
xtriple,fsm-combined,6,25,25,25,0.44,0.24,0.36,0.48,0.4,0.32,0.32,0.12,0.12,0.4,0.16,0.24
xtriple,fsm-combined,7,12,12,12,0.25,0.5833,0.5,0.4167,0.1667,0.25,0.1667,0.25,0.1667,0.25,0.3333,0.25
xtriple,fsm-combined,8,19,19,19,0.3158,0.1053,0.3158,0.6316,0.4211,0.4737,0.1053,0.1579,0.1053,0.3684,0.1053,0.1579
xtriple,fsm-combined,9,33,33,33,0.0606,0.1515,0.2727,0.2424,0.4242,0.7576,0.0606,0.0303,0.0909,0.1818,0.2727,0.1818
xtriple,fsm-combined,10,18,18,18,0.3889,0.2778,0.1111,0.2778,0.2778,0.0,0.1111,0.4444,0.1111,0.0556,0.1111,0.0
xtriple,fsm-combined,11,33,33,33,0.0606,0.0909,0.6061,0.2121,0.303,0.0606,0.0606,0.0606,0.0909,0.0606,0.1212,0.0303
xtriple,fsm-combined,12,25,25,25,0.0,0.04,0.32,0.16,0.08,0.28,0.0,0.04,0.16,0.08,0.08,0.16
xtriple,fsm-combined,13,23,23,23,0.3478,0.6522,0.4348,0.2174,0.1304,0.2174,0.2174,0.1304,0.2174,0.3043,0.1304,0.2174
xtriple,fsm-combined,14,22,22,22,0.4091,0.5909,0.6818,0.3636,0.6364,0.5909,0.0909,0.1818,0.2273,0.2727,0.2727,0.3182
null,fsm-combined@directed,0,20,20,20,0.05,0.35,0.3,0.4,0.6,0.9,0.1,0.15,0.15,0.2,0.15,0.1
null,fsm-combined@directed,1,17,17,17,0.4706,0.8235,0.3529,0.7647,0.2941,0.2353,0.1765,0.4118,0.2941,0.4118,0.1765,0.2353
null,fsm-combined@directed,2,23,23,23,0.3043,0.1739,0.3478,0.2609,0.1739,0.0435,0.1739,0.0435,0.1304,0.087,0.087,0.1304
null,fsm-combined@directed,3,25,25,25,0.08,0.2,0.48,0.64,0.6,0.52,0.12,0.32,0.08,0.48,0.28,0.44
null,fsm-combined@directed,4,23,23,23,0.5652,0.5217,0.5217,0.8696,0.4348,0.1304,0.1739,0.2174,0.1304,0.1739,0.2609,0.1304
null,fsm-combined@uniform,0,18,18,18,0.6667,0.7222,0.0,0.1667,0.7222,0.0,0.0556,0.1667,0.0,0.0556,0.1111,0.0
null,fsm-combined@uniform,1,17,17,17,0.0588,0.1176,0.4706,0.5882,0.4118,0.4118,0.0588,0.1765,0.1176,0.2941,0.1176,0.1176
null,fsm-combined@uniform,2,24,24,24,0.5,0.5,0.375,0.0417,0.2083,0.2083,0.4167,0.2083,0.2917,0.0833,0.25,0.0833
null,fsm-combined@uniform,3,18,18,18,0.5556,0.8333,0.6111,0.2222,0.0556,0.2222,0.2222,0.1111,0.0556,0.1667,0.0556,0.1667
null,fsm-combined@uniform,4,27,27,27,0.4074,0.7778,0.2222,0.3333,0.3333,0.4074,0.2222,0.2222,0.1481,0.1111,0.2222,0.1481
null,fsm-combined@mixed,0,24,24,24,0.25,0.5417,0.4167,0.5417,0.4167,0.25,0.2917,0.3333,0.125,0.1667,0.2083,0.125
null,fsm-combined@mixed,1,18,18,18,0.3333,0.7222,0.7778,0.7778,0.1667,0.5556,0.1111,0.2778,0.1111,0.1111,0.1111,0.1111
null,fsm-combined@mixed,2,12,12,12,0.6667,0.25,0.0833,0.1667,0.5,0.1667,0.3333,0.25,0.0833,0.0833,0.5,0.3333
null,fsm-combined@mixed,3,33,33,33,0.5455,0.6667,0.1818,0.303,0.1515,0.0303,0.1212,0.0606,0.303,0.303,0.1212,0.0303
null,fsm-combined@mixed,4,22,22,22,0.4545,0.1818,0.3636,0.3636,0.1818,0.0455,0.3636,0.1364,0.3182,0.2727,0.2273,0.0455
triple,fsm-timing,15,39,39,39,0.359,0.4103,0.4103,0.5897,0.5385,0.5128,0.2821,0.359,0.3846,0.5641,0.3333,0.359
triple,fsm-timing,16,25,25,25,0.72,0.52,0.56,0.44,0.56,0.36,0.68,0.6,0.36,0.28,0.44,0.36
triple,fsm-timing,17,49,49,49,0.5102,0.4694,0.2857,0.2653,0.5918,0.5306,0.4898,0.5918,0.3061,0.3469,0.4694,0.4898
triple,fsm-timing,18,26,26,26,0.2692,0.3846,0.5385,0.4615,0.5769,0.3462,0.2308,0.4615,0.5385,0.3077,0.5385,0.3846
triple,fsm-timing,19,24,24,24,0.5,0.7917,0.5417,0.5417,0.5,0.4167,0.5,0.6667,0.5833,0.6667,0.2917,0.3333
triple,fsm-timing,20,36,36,36,0.5833,0.6944,0.3889,0.3611,0.4444,0.4722,0.4722,0.6389,0.4167,0.3889,0.3889,0.5
triple,fsm-timing,21,33,33,33,0.6061,0.5152,0.6061,0.4848,0.5455,0.4242,0.2121,0.5758,0.303,0.303,0.3636,0.2424
triple,fsm-timing,22,34,34,34,0.5588,0.3235,0.5588,0.4706,0.3824,0.6176,0.4412,0.2647,0.4118,0.4118,0.4118,0.3235
triple,fsm-timing,23,36,36,36,0.6667,0.5278,0.5278,0.5,0.4444,0.4167,0.6111,0.3889,0.5,0.4444,0.4167,0.3889
triple,fsm-timing,24,35,35,35,0.3429,0.4,0.6857,0.6,0.3143,0.3429,0.3714,0.3143,0.4,0.4286,0.3143,0.2286
triple,fsm-timing,25,33,33,33,0.5455,0.6667,0.4545,0.4545,0.6364,0.5758,0.2727,0.4848,0.3333,0.2727,0.6061,0.5152
triple,fsm-timing,26,35,35,35,0.5714,0.4857,0.5714,0.4571,0.5429,0.6571,0.5714,0.3714,0.6571,0.5714,0.6,0.4857
triple,fsm-timing,27,32,32,32,0.5312,0.375,0.6562,0.5312,0.3438,0.4375,0.375,0.5,0.4375,0.3438,0.5938,0.3438
triple,fsm-timing,28,33,33,33,0.5455,0.5455,0.1818,0.3333,0.697,0.7273,0.3333,0.4545,0.2121,0.1818,0.5152,0.303
triple,fsm-timing,29,34,34,34,0.1765,0.4118,0.5588,0.5588,0.2059,0.3824,0.0882,0.2647,0.4706,0.5294,0.5294,0.4706
xtriple,fsm-timing,0,33,33,33,0.5455,0.4242,0.3939,0.3333,0.4242,0.5455,0.3636,0.3939,0.4848,0.3636,0.5152,0.3636
xtriple,fsm-timing,1,28,28,28,0.1786,0.5357,0.4286,0.2143,0.5714,0.5,0.4286,0.3929,0.2143,0.25,0.3929,0.6071
xtriple,fsm-timing,2,25,25,25,0.36,0.52,0.4,0.44,0.44,0.2,0.36,0.56,0.24,0.36,0.48,0.32
xtriple,fsm-timing,3,26,26,26,0.4615,0.2692,0.5385,0.3077,0.5385,0.4231,0.3462,0.1923,0.4615,0.4615,0.5769,0.4231
xtriple,fsm-timing,4,24,24,24,0.625,0.7083,0.5833,0.7917,0.5,0.4167,0.2917,0.4583,0.4583,0.375,0.4583,0.2917
xtriple,fsm-timing,5,30,30,30,0.7333,0.7333,0.4,0.5333,0.4,0.3667,0.6333,0.9333,0.1667,0.5667,0.2333,0.3
xtriple,fsm-timing,6,33,33,33,0.6667,0.6364,0.4242,0.4545,0.697,0.5152,0.6061,0.303,0.3636,0.2727,0.2424,0.4848
xtriple,fsm-timing,7,33,33,33,0.5152,0.3636,0.3939,0.3939,0.6061,0.303,0.303,0.3333,0.5152,0.3939,0.5152,0.3939
xtriple,fsm-timing,8,44,44,44,0.5455,0.4773,0.4545,0.3864,0.3636,0.5455,0.2273,0.3409,0.2727,0.3864,0.2727,0.2045
xtriple,fsm-timing,9,35,35,35,0.5143,0.4571,0.2286,0.1714,0.4,0.4571,0.3143,0.3429,0.2,0.1714,0.4,0.3429
xtriple,fsm-timing,10,37,37,37,0.3514,0.2973,0.3784,0.4595,0.4865,0.5676,0.3784,0.2432,0.5405,0.5676,0.5405,0.2703
xtriple,fsm-timing,11,33,33,33,0.3333,0.3636,0.6061,0.5455,0.697,0.4848,0.2727,0.2121,0.5152,0.4242,0.5152,0.3333
xtriple,fsm-timing,12,35,35,35,0.2286,0.4571,0.4,0.2571,0.7429,0.5429,0.2286,0.2857,0.3429,0.1714,0.6,0.4857
xtriple,fsm-timing,13,32,32,32,0.3438,0.5312,0.6875,0.6562,0.3125,0.1562,0.2812,0.5625,0.625,0.625,0.5312,0.0625
xtriple,fsm-timing,14,33,33,33,0.2121,0.2727,0.4242,0.5152,0.7273,0.4545,0.2121,0.2424,0.3636,0.3636,0.3939,0.4242
null,fsm-timing@directed,0,28,28,28,0.1786,0.3571,0.4643,0.4286,0.5,0.6429,0.2857,0.25,0.5357,0.5714,0.5714,0.4643
null,fsm-timing@directed,1,24,24,24,0.4167,0.4583,0.5833,0.4583,0.625,0.6667,0.5,0.2083,0.5833,0.4167,0.6667,0.8333
null,fsm-timing@directed,2,33,33,33,0.697,0.5758,0.2727,0.303,0.5152,0.6364,0.697,0.4242,0.3636,0.2424,0.4545,0.3333
null,fsm-timing@directed,3,35,35,35,0.6857,0.6571,0.4,0.5429,0.4571,0.4857,0.4857,0.4286,0.3429,0.5143,0.2857,0.5143
null,fsm-timing@directed,4,39,39,39,0.359,0.3077,0.4615,0.2564,0.5897,0.5385,0.5897,0.3333,0.4615,0.1795,0.4615,0.4615
null,fsm-timing@uniform,0,33,33,33,0.4848,0.3333,0.4545,0.5152,0.2727,0.303,0.5455,0.5152,0.3939,0.5455,0.303,0.3636
null,fsm-timing@uniform,1,36,36,36,0.3611,0.3889,0.2778,0.3056,0.5,0.4444,0.3056,0.2778,0.5556,0.25,0.5,0.4167
null,fsm-timing@uniform,2,34,34,34,0.4412,0.3235,0.3235,0.3529,0.3824,0.4118,0.4412,0.2941,0.1765,0.2941,0.3235,0.5588
null,fsm-timing@uniform,3,37,37,37,0.4595,0.4865,0.4054,0.4865,0.4324,0.2703,0.5135,0.3784,0.3514,0.2703,0.2973,0.3514
null,fsm-timing@uniform,4,34,34,34,0.4706,0.3235,0.3529,0.2059,0.5882,0.6176,0.2059,0.3529,0.3529,0.2059,0.7059,0.5882
null,fsm-timing@mixed,0,25,25,25,0.36,0.52,0.28,0.36,0.44,0.44,0.4,0.4,0.28,0.36,0.36,0.4
null,fsm-timing@mixed,1,30,30,30,0.7,0.4667,0.4333,0.2667,0.6,0.4,0.6667,0.5,0.3,0.1667,0.5,0.6
null,fsm-timing@mixed,2,33,33,33,0.3333,0.3333,0.1818,0.303,0.5758,0.5152,0.1818,0.3333,0.4545,0.303,0.4545,0.5152
null,fsm-timing@mixed,3,33,33,33,0.303,0.3636,0.4242,0.7273,0.3636,0.3939,0.3636,0.4545,0.303,0.5758,0.2121,0.3636
null,fsm-timing@mixed,4,32,32,32,0.375,0.25,0.7812,0.625,0.5312,0.6562,0.3438,0.25,0.4688,0.4375,0.5938,0.3125
triple,fsm,15,10,10,10,0.4,0.1,0.9,0.9,0.5,0.8,0.6,0.1,0.5,0.6,0.1,0.3
triple,fsm,16,11,11,11,1.0,0.7273,0.4545,0.7273,0.6364,1.0,0.9091,0.8182,0.1818,0.5455,0.3636,0.4545
triple,fsm,17,9,9,9,1.0,0.6667,0.3333,0.6667,1.0,1.0,0.6667,0.4444,0.2222,0.5556,0.6667,0.5556
triple,fsm,18,14,14,14,0.6429,0.6429,0.7143,0.7857,0.4286,0.6429,0.5,0.5714,0.5,0.5714,0.3571,0.5714
triple,fsm,19,14,14,14,0.5714,0.4286,0.6429,0.6429,0.6429,0.9286,0.2143,0.5,0.5714,0.4286,0.6429,0.5
triple,fsm,20,15,15,15,0.4,0.6,0.6,0.7333,0.6,0.7333,0.1333,0.4667,0.2,0.5333,0.2667,0.5333
triple,fsm,21,14,14,14,0.6429,0.5,0.4286,0.3571,0.0714,0.5,0.4286,0.2857,0.1429,0.4286,0.0714,0.5714
triple,fsm,22,12,12,12,0.8333,0.9167,0.8333,0.9167,0.75,0.6667,0.8333,0.4167,0.9167,0.6667,0.3333,0.25
triple,fsm,23,9,9,9,0.6667,0.6667,0.4444,0.8889,0.8889,1.0,0.3333,0.5556,0.3333,0.5556,0.5556,0.6667
triple,fsm,24,18,18,18,0.6667,0.8889,0.8333,0.7222,0.7222,0.6667,0.6111,0.7778,0.3889,0.5,0.7222,0.6111
triple,fsm,25,12,12,12,0.9167,0.9167,0.6667,0.9167,0.4167,0.25,0.5833,0.6667,0.5833,0.6667,0.3333,0.3333
triple,fsm,26,17,17,17,0.3529,0.5882,0.5294,0.6471,0.5294,0.4118,0.2941,0.4706,0.3529,0.5294,0.2353,0.3529
triple,fsm,27,15,15,15,0.7333,0.5333,0.6,0.8667,0.9333,0.9333,0.2667,0.2667,0.6,0.5333,0.6,0.6
triple,fsm,28,12,12,12,0.75,0.75,0.75,0.6667,0.8333,0.6667,0.5833,0.5,0.4167,0.5,0.6667,0.5833
triple,fsm,29,14,14,14,0.8571,0.2857,0.6429,0.4286,0.7857,1.0,0.6429,0.2857,0.7857,0.2857,0.4286,0.6429
xtriple,fsm,0,13,13,13,0.5385,0.5385,0.4615,0.4615,0.6154,0.8462,0.6923,0.5385,0.3846,0.3846,0.3846,0.3846
xtriple,fsm,1,11,11,11,0.9091,0.9091,0.5455,0.5455,0.5455,0.8182,0.9091,0.6364,0.2727,0.2727,0.3636,0.4545
xtriple,fsm,2,9,9,9,0.8889,0.6667,1.0,1.0,1.0,0.7778,0.5556,0.6667,0.6667,0.4444,0.6667,0.3333
xtriple,fsm,3,16,16,16,0.5,0.75,0.5625,0.3125,0.8125,0.6875,0.5625,0.625,0.4375,0.5,0.625,0.625
xtriple,fsm,4,14,14,14,0.0714,0.2857,0.7857,0.6429,0.5,0.3571,0.0714,0.1429,0.2857,0.5714,0.3571,0.2857
xtriple,fsm,5,14,14,14,0.5714,0.4286,0.8571,0.8571,0.7857,0.6429,0.4286,0.3571,0.5714,0.6429,0.2857,0.2857
xtriple,fsm,6,9,9,9,0.3333,0.2222,0.8889,1.0,0.6667,0.5556,0.3333,0.2222,0.8889,0.5556,0.4444,0.4444
xtriple,fsm,7,12,12,12,0.75,0.8333,0.25,0.8333,0.0833,0.4167,0.6667,0.4167,0.3333,0.6667,0.25,0.25
xtriple,fsm,8,11,11,11,1.0,0.5455,0.5455,0.7273,0.5455,0.6364,0.5455,0.3636,0.3636,0.6364,0.2727,0.5455
xtriple,fsm,9,17,17,17,0.5882,0.9412,0.4118,0.8824,0.5882,0.5882,0.4706,0.6471,0.2353,0.5294,0.2353,0.6471
xtriple,fsm,10,12,12,12,0.9167,0.9167,0.6667,0.8333,0.4167,0.5833,0.75,0.6667,0.6667,0.6667,0.5,0.5833
xtriple,fsm,11,14,14,14,0.6429,0.7857,0.3571,0.3571,0.5,0.3571,0.3571,0.5,0.2857,0.2857,0.4286,0.3571
xtriple,fsm,12,12,12,12,0.5833,0.4167,0.8333,0.5833,1.0,0.8333,0.4167,0.3333,0.5,0.4167,0.5,0.5833
xtriple,fsm,13,12,12,12,0.6667,0.5,0.5,0.5,0.6667,0.5833,0.5833,0.4167,0.4167,0.3333,0.4167,0.3333
xtriple,fsm,14,16,16,16,0.5625,0.625,0.6875,0.8125,0.75,0.875,0.4375,0.5625,0.5,0.5,0.6875,0.5625
null,fsm@directed,0,9,9,9,0.3333,0.4444,1.0,0.7778,0.7778,0.7778,0.3333,0.4444,0.6667,0.6667,0.6667,0.3333
null,fsm@directed,1,16,16,16,0.6875,0.5,0.3125,0.4375,0.6875,0.6875,0.5,0.3125,0.25,0.3125,0.4375,0.5
null,fsm@directed,2,11,11,11,0.8182,0.7273,0.9091,0.8182,0.4545,0.0909,0.6364,0.4545,0.8182,0.4545,0.3636,0.0909
null,fsm@directed,3,12,12,12,0.75,0.8333,0.6667,0.9167,0.6667,0.8333,0.5833,0.8333,0.75,0.75,0.6667,0.6667
null,fsm@directed,4,12,12,12,0.6667,0.5833,1.0,0.5833,0.5833,0.4167,0.4167,0.3333,0.75,0.6667,0.3333,0.3333
null,fsm@uniform,0,10,10,10,0.8,1.0,0.6,0.7,0.5,0.6,0.5,0.6,0.6,0.6,0.2,0.4
null,fsm@uniform,1,15,15,15,0.7333,0.4,0.1333,0.1333,0.4,0.7333,0.2,0.2667,0.0667,0.1333,0.4,0.2667
null,fsm@uniform,2,16,16,16,0.5625,0.8125,0.9375,0.9375,0.8125,0.5,0.25,0.625,0.5,0.4375,0.6875,0.375
null,fsm@uniform,3,19,19,19,0.8947,0.8421,0.4737,0.6316,0.6842,0.7368,0.6842,0.5263,0.4211,0.4737,0.5789,0.5263
null,fsm@uniform,4,12,12,12,0.25,0.4167,0.8333,0.75,0.5,0.3333,0.1667,0.5,0.4167,0.4167,0.5833,0.3333
null,fsm@mixed,0,11,11,11,0.5455,0.4545,0.6364,0.4545,1.0,1.0,0.2727,0.2727,0.3636,0.2727,0.7273,0.7273
null,fsm@mixed,1,14,14,14,0.2857,0.2857,0.5714,0.9286,0.5714,0.3571,0.2857,0.2857,0.6429,0.6429,0.4286,0.2857
null,fsm@mixed,2,9,9,9,0.6667,0.4444,0.6667,0.2222,1.0,0.8889,0.5556,0.3333,0.3333,0.2222,0.7778,0.7778
null,fsm@mixed,3,14,14,14,0.6429,0.7143,0.4286,0.5,0.6429,0.6429,0.5,0.7143,0.4286,0.3571,0.5714,0.4286
null,fsm@mixed,4,14,14,14,0.7143,0.6429,0.5,0.7143,0.9286,0.9286,0.6429,0.2143,0.5714,0.4286,0.5714,0.7143
triple,mode-arbiter,15,23,23,23,0.3043,0.2174,0.7826,0.6957,0.6522,0.5217,0.3043,0.1739,0.3913,0.6522,0.5217,0.3913
triple,mode-arbiter,16,30,30,30,0.3667,0.3333,0.7667,0.8,0.6333,0.5667,0.3,0.4,0.5,0.5333,0.4667,0.4667
triple,mode-arbiter,17,21,21,21,0.381,0.5714,0.6667,0.5714,0.5714,0.4286,0.4286,0.4286,0.619,0.6667,0.5238,0.381
triple,mode-arbiter,18,23,23,23,0.5652,0.6087,0.3043,0.3478,0.4348,0.3043,0.2174,0.4348,0.3043,0.3478,0.3913,0.2609
triple,mode-arbiter,19,18,18,18,0.5,0.5,0.8333,0.7222,0.6667,0.4444,0.5,0.3333,0.5,0.5556,0.5556,0.6667
triple,mode-arbiter,20,32,32,32,0.2812,0.4062,0.7188,0.5312,0.5938,0.5,0.25,0.25,0.4062,0.375,0.3125,0.4062
triple,mode-arbiter,21,25,25,25,0.48,0.72,0.72,0.48,0.44,0.44,0.28,0.6,0.24,0.32,0.4,0.28
triple,mode-arbiter,22,24,24,24,0.5833,0.6667,0.7083,0.75,0.8333,0.6667,0.375,0.6667,0.4167,0.5833,0.5833,0.4583
triple,mode-arbiter,23,21,21,21,0.4286,0.4286,0.619,0.4286,0.619,0.4286,0.2857,0.4286,0.5238,0.4286,0.5238,0.381
triple,mode-arbiter,24,29,29,29,0.3793,0.3448,0.5862,0.5172,0.6207,0.6207,0.2759,0.3103,0.5172,0.3448,0.4483,0.3103
triple,mode-arbiter,25,23,23,23,0.5217,0.7391,0.7391,0.5652,0.6957,0.4783,0.4783,0.6087,0.6087,0.5217,0.6087,0.3913
triple,mode-arbiter,26,29,29,29,0.4138,0.2414,0.8276,0.5862,0.5862,0.5862,0.4138,0.3448,0.4138,0.5517,0.3103,0.5172
triple,mode-arbiter,27,32,32,32,0.5312,0.4062,0.4375,0.5938,0.5625,0.5,0.4375,0.4062,0.4375,0.4688,0.3125,0.3438
triple,mode-arbiter,28,12,12,12,0.25,0.75,0.75,0.5833,0.9167,0.6667,0.3333,0.5,0.4167,0.5,0.5833,0.5833
triple,mode-arbiter,29,27,27,27,0.4815,0.6296,0.8148,0.7037,0.8148,0.5185,0.4815,0.4074,0.6296,0.4444,0.5185,0.4815
xtriple,mode-arbiter,0,33,33,33,0.5152,0.6364,0.8788,0.8485,0.7879,0.4545,0.4242,0.5152,0.697,0.6061,0.6061,0.3939
xtriple,mode-arbiter,1,23,23,23,0.4783,0.5652,0.6087,0.3913,0.7391,0.6087,0.3478,0.5652,0.5217,0.5217,0.6522,0.3478
xtriple,mode-arbiter,2,21,21,21,0.5238,0.5238,0.8095,0.381,0.7619,0.619,0.381,0.3333,0.5714,0.381,0.4286,0.3333
xtriple,mode-arbiter,3,23,23,23,0.3913,0.4783,0.7826,0.8261,0.3913,0.4348,0.3913,0.4783,0.4348,0.5217,0.4783,0.4783
xtriple,mode-arbiter,4,18,18,18,0.4444,0.5556,0.6111,0.5,0.7778,0.3333,0.2778,0.3889,0.5,0.4444,0.4444,0.2222
xtriple,mode-arbiter,5,25,25,25,0.48,0.48,0.64,0.56,0.48,0.52,0.2,0.56,0.44,0.36,0.56,0.44
xtriple,mode-arbiter,6,25,25,25,0.56,0.68,0.16,0.32,0.4,0.6,0.16,0.44,0.08,0.24,0.44,0.28
xtriple,mode-arbiter,7,35,35,35,0.7714,0.7143,0.7143,0.5714,0.6,0.5429,0.4857,0.5143,0.4571,0.3714,0.4286,0.3714
xtriple,mode-arbiter,8,21,21,21,0.2857,0.5714,0.8571,0.7619,0.8095,0.5714,0.5238,0.6667,0.6667,0.5714,0.619,0.4286
xtriple,mode-arbiter,9,29,29,29,0.2414,0.4828,0.3793,0.3793,0.6552,0.5172,0.1724,0.3448,0.3103,0.2759,0.4138,0.4483
xtriple,mode-arbiter,10,23,23,23,0.4783,0.6087,0.7391,0.6957,0.6087,0.6087,0.4783,0.4348,0.5217,0.4783,0.6522,0.7391
xtriple,mode-arbiter,11,29,29,29,0.4138,0.2414,0.7586,0.4138,0.5517,0.5517,0.4138,0.3103,0.5172,0.3793,0.2759,0.5172
xtriple,mode-arbiter,12,28,28,28,0.25,0.6429,0.75,0.6786,0.6429,0.4286,0.3571,0.4286,0.3929,0.3929,0.5357,0.4643
xtriple,mode-arbiter,13,12,12,12,0.8333,0.4167,0.75,0.6667,0.75,0.8333,0.3333,0.3333,0.5833,0.5833,0.3333,0.6667
xtriple,mode-arbiter,14,27,27,27,0.6296,0.6667,0.5926,0.4815,0.6296,0.5556,0.5556,0.5926,0.5556,0.4074,0.5926,0.3704
null,mode-arbiter@directed,0,21,21,21,0.5714,0.7143,0.7143,0.6667,0.5714,0.619,0.5238,0.4286,0.7143,0.5714,0.6667,0.6667
null,mode-arbiter@directed,1,18,18,18,0.6111,0.3889,0.5556,0.5556,0.2222,0.4444,0.5556,0.2778,0.3333,0.4444,0.2222,0.3333
null,mode-arbiter@directed,2,21,21,21,0.619,0.7143,0.6667,0.7143,0.5238,0.6667,0.619,0.5714,0.381,0.4762,0.4762,0.5238
null,mode-arbiter@directed,3,23,23,23,0.5652,0.3913,0.8696,0.8696,0.6957,0.6957,0.4348,0.3913,0.5652,0.6087,0.5217,0.6087
null,mode-arbiter@directed,4,12,12,12,0.75,0.8333,0.6667,0.5,0.6667,0.8333,0.5833,0.75,0.4167,0.4167,0.5833,0.75
null,mode-arbiter@uniform,0,34,34,34,0.5882,0.5882,0.6176,0.5294,0.8529,0.6765,0.3824,0.4118,0.5,0.4412,0.5,0.4706
null,mode-arbiter@uniform,1,42,42,42,0.3095,0.2857,0.5,0.4286,0.6429,0.5238,0.3333,0.3571,0.3095,0.3571,0.4286,0.381
null,mode-arbiter@uniform,2,35,35,35,0.7714,0.8857,0.6,0.5143,0.4857,0.7143,0.5714,0.5143,0.4857,0.3429,0.3429,0.4286
null,mode-arbiter@uniform,3,36,36,36,0.4722,0.6667,0.3056,0.3611,0.6667,0.3889,0.3056,0.4722,0.3056,0.3611,0.5,0.4167
null,mode-arbiter@uniform,4,32,32,32,0.375,0.4375,0.5625,0.5625,0.7812,0.4688,0.4062,0.4062,0.3125,0.3125,0.4062,0.4062
null,mode-arbiter@mixed,0,23,23,23,0.6522,0.6957,0.6087,0.8261,0.4783,0.5217,0.4348,0.7391,0.4783,0.5652,0.3478,0.4783
null,mode-arbiter@mixed,1,25,25,25,0.56,0.28,0.56,0.4,0.64,0.6,0.44,0.44,0.56,0.44,0.32,0.4
null,mode-arbiter@mixed,2,24,24,24,0.6667,0.5417,0.5417,0.6667,0.7917,0.6667,0.5417,0.4167,0.5,0.5417,0.5,0.5833
null,mode-arbiter@mixed,3,33,33,33,0.5152,0.6061,0.7576,0.5758,0.5455,0.5455,0.4848,0.5152,0.4545,0.4848,0.4242,0.3636
null,mode-arbiter@mixed,4,28,28,28,0.25,0.3571,0.4286,0.5,0.5357,0.6786,0.2857,0.3571,0.2857,0.4643,0.3214,0.5714
triple,rad-core-1-18,15,48,48,48,0.3958,0.4792,0.4375,0.1875,0.5,0.5417,0.0833,0.2292,0.1667,0.1458,0.2917,0.2917
triple,rad-core-1-18,16,58,58,58,0.1724,0.2414,0.4483,0.3276,0.5345,0.2931,0.2069,0.1207,0.3276,0.2241,0.3103,0.3448
triple,rad-core-1-18,17,58,58,58,0.2759,0.1897,0.431,0.3103,0.2069,0.3793,0.2759,0.1897,0.2759,0.2759,0.2931,0.3966
triple,rad-core-1-18,18,54,54,54,0.5,0.537,0.2037,0.2963,0.2407,0.3333,0.2778,0.2963,0.1296,0.1667,0.3148,0.3519
triple,rad-core-1-18,19,35,35,35,0.3429,0.3429,0.4857,0.5714,0.3714,0.4286,0.2286,0.1714,0.4571,0.5143,0.3714,0.4571
triple,rad-core-1-18,20,62,62,62,0.2742,0.3226,0.2742,0.4839,0.2742,0.3387,0.3387,0.2742,0.2097,0.3548,0.2419,0.371
triple,rad-core-1-18,21,39,39,39,0.359,0.5128,0.5128,0.4872,0.6154,0.5128,0.1795,0.1538,0.5128,0.2564,0.3077,0.3077
triple,rad-core-1-18,22,61,61,61,0.2951,0.1311,0.1639,0.2951,0.2951,0.1803,0.1639,0.2295,0.1967,0.3279,0.1803,0.1967
triple,rad-core-1-18,23,54,54,54,0.1481,0.3889,0.2593,0.3519,0.2037,0.3333,0.2222,0.4259,0.1111,0.2593,0.0926,0.2963
triple,rad-core-1-18,24,43,43,43,0.3721,0.2791,0.4651,0.2791,0.5349,0.4651,0.3256,0.2558,0.2791,0.1163,0.3488,0.3488
triple,rad-core-1-18,25,37,37,37,0.6486,0.4324,0.1351,0.1351,0.5676,0.6216,0.3784,0.1081,0.1351,0.1081,0.4054,0.4324
triple,rad-core-1-18,26,44,44,44,0.3182,0.25,0.2727,0.3636,0.2955,0.1818,0.2273,0.25,0.2273,0.2045,0.3409,0.2955
triple,rad-core-1-18,27,54,54,54,0.2963,0.3333,0.2778,0.2222,0.2407,0.2963,0.3148,0.1852,0.3704,0.2963,0.3519,0.2037
triple,rad-core-1-18,28,54,54,54,0.3704,0.2037,0.2407,0.2222,0.5741,0.4444,0.4444,0.1852,0.0926,0.2778,0.2407,0.2963
triple,rad-core-1-18,29,70,70,70,0.3,0.2571,0.2571,0.2286,0.3,0.2857,0.3143,0.1857,0.3571,0.2571,0.3,0.3143
xtriple,rad-core-1-18,0,58,58,58,0.2586,0.1552,0.4483,0.431,0.431,0.3793,0.2069,0.069,0.3103,0.2586,0.3793,0.3103
xtriple,rad-core-1-18,1,48,48,48,0.25,0.2292,0.4375,0.375,0.3958,0.3958,0.25,0.1667,0.3958,0.2708,0.3333,0.3958
xtriple,rad-core-1-18,2,56,56,56,0.3571,0.2321,0.1786,0.1786,0.2321,0.2857,0.0714,0.1071,0.1607,0.2143,0.2321,0.3571
xtriple,rad-core-1-18,3,35,35,35,0.4,0.5714,0.2571,0.5714,0.1143,0.4286,0.2857,0.4571,0.2571,0.3714,0.1143,0.3714
xtriple,rad-core-1-18,4,64,64,64,0.125,0.3594,0.375,0.5312,0.375,0.3906,0.1094,0.0625,0.3438,0.2812,0.4375,0.3594
xtriple,rad-core-1-18,5,58,58,58,0.2241,0.2931,0.1379,0.2759,0.3966,0.3103,0.3276,0.3276,0.1379,0.1897,0.1552,0.2241
xtriple,rad-core-1-18,6,54,54,54,0.1111,0.1296,0.2593,0.2593,0.2778,0.2963,0.1667,0.2037,0.1481,0.2593,0.2037,0.2407
xtriple,rad-core-1-18,7,39,39,39,0.359,0.2821,0.359,0.3077,0.1795,0.3846,0.2821,0.2821,0.0256,0.1538,0.2564,0.359
xtriple,rad-core-1-18,8,61,61,61,0.1475,0.2623,0.377,0.2623,0.1475,0.1475,0.1639,0.377,0.2951,0.4918,0.0656,0.1148
xtriple,rad-core-1-18,9,65,65,65,0.4615,0.2462,0.1077,0.0923,0.2615,0.3385,0.2923,0.2769,0.1231,0.2,0.2,0.2
xtriple,rad-core-1-18,10,37,37,37,0.5405,0.3243,0.4054,0.2703,0.5676,0.4054,0.1081,0.1081,0.2432,0.2432,0.4054,0.2973
xtriple,rad-core-1-18,11,44,44,44,0.2273,0.3636,0.4091,0.2955,0.4318,0.2727,0.1364,0.25,0.2727,0.25,0.3636,0.3636
xtriple,rad-core-1-18,12,54,54,54,0.2407,0.2963,0.1852,0.2222,0.3148,0.4815,0.4074,0.3333,0.1111,0.2778,0.2778,0.2778
xtriple,rad-core-1-18,13,54,54,54,0.3704,0.2222,0.2407,0.2037,0.2407,0.4444,0.3519,0.1296,0.037,0.1296,0.1667,0.2778
xtriple,rad-core-1-18,14,61,61,61,0.1803,0.1967,0.4098,0.1148,0.6557,0.4262,0.1803,0.1475,0.3279,0.1803,0.1639,0.2295
null,rad-core-1-18@directed,0,58,58,58,0.3103,0.1897,0.2931,0.2241,0.2759,0.3103,0.3448,0.2586,0.2414,0.3448,0.1552,0.2069
null,rad-core-1-18@directed,1,54,54,54,0.5185,0.463,0.2037,0.1296,0.2222,0.3333,0.3333,0.037,0.1296,0.037,0.2963,0.2407
null,rad-core-1-18@directed,2,61,61,61,0.1803,0.1311,0.2459,0.082,0.3115,0.3443,0.1803,0.0656,0.1148,0.0492,0.2951,0.1967
null,rad-core-1-18@directed,3,37,37,37,0.2703,0.3514,0.5405,0.3784,0.2162,0.2703,0.2432,0.3514,0.3784,0.3514,0.3243,0.2432
null,rad-core-1-18@directed,4,54,54,54,0.3889,0.4074,0.2222,0.4074,0.2593,0.0741,0.2037,0.3333,0.2222,0.2778,0.2037,0.0556
null,rad-core-1-18@uniform,0,56,56,56,0.1607,0.1964,0.2679,0.3036,0.1607,0.1786,0.1786,0.1607,0.2679,0.375,0.1429,0.1964
null,rad-core-1-18@uniform,1,35,35,35,0.1714,0.3429,0.4,0.4857,0.4286,0.4571,0.2286,0.3714,0.3714,0.4857,0.2857,0.3714
null,rad-core-1-18@uniform,2,62,62,62,0.5,0.2903,0.1774,0.2903,0.1935,0.3065,0.3226,0.3387,0.1452,0.2581,0.1129,0.1774
null,rad-core-1-18@uniform,3,51,51,51,0.3333,0.2353,0.1176,0.1961,0.2941,0.4314,0.2353,0.2157,0.1176,0.0784,0.2549,0.3922
null,rad-core-1-18@uniform,4,63,63,63,0.1746,0.2857,0.2381,0.3968,0.3175,0.3333,0.2698,0.2857,0.1905,0.3175,0.3175,0.2698
null,rad-core-1-18@mixed,0,48,48,48,0.3542,0.5,0.4792,0.4167,0.5417,0.2083,0.25,0.3125,0.3333,0.2917,0.1875,0.0833
null,rad-core-1-18@mixed,1,58,58,58,0.2414,0.431,0.2586,0.3966,0.4828,0.4828,0.4655,0.2586,0.0862,0.1724,0.3448,0.3621
null,rad-core-1-18@mixed,2,39,39,39,0.4615,0.4103,0.3077,0.3333,0.1795,0.1795,0.3077,0.3846,0.1282,0.3077,0.2308,0.1795
null,rad-core-1-18@mixed,3,43,43,43,0.3953,0.5814,0.3023,0.3721,0.2791,0.2791,0.3256,0.3256,0.186,0.3023,0.2093,0.3023
null,rad-core-1-18@mixed,4,61,61,61,0.1148,0.2295,0.4754,0.3934,0.5082,0.3443,0.1148,0.2951,0.2623,0.2131,0.2131,0.1803
triple,rad-core-10,17,17,17,17,0.0,0.0,0.9412,0.2353,1.0,0.3529,0.0,0.0,0.9412,0.1176,0.6471,0.5882
triple,rad-core-10,18,3,3,3,0.0,0.0,0.6667,0.0,1.0,0.6667,0.0,0.0,1.0,0.0,1.0,1.0
triple,rad-core-10,19,9,9,9,0.0,0.0,1.0,0.6667,1.0,0.2222,0.0,0.0,0.6667,0.6667,0.5556,0.1111
triple,rad-core-10,22,1,1,1,,,,,,,,,,,,
triple,rad-core-10,24,6,6,6,0.0,0.0,1.0,0.3333,1.0,0.1667,0.0,0.0,1.0,0.8333,0.5,0.1667
triple,rad-core-10,26,1,1,1,,,,,,,,,,,,
triple,rad-core-10,29,12,12,12,0.0,0.0,0.6667,0.3333,0.6667,0.4167,0.0,0.0,0.75,0.0833,0.8333,0.6667
xtriple,rad-core-10,2,17,17,17,0.0,0.0,1.0,0.9412,0.6471,0.0,0.0,0.0,0.7059,0.5882,0.5882,0.0
xtriple,rad-core-10,3,3,3,3,0.0,0.0,1.0,0.6667,0.6667,0.0,0.0,0.0,1.0,0.6667,0.6667,0.0
xtriple,rad-core-10,4,9,9,9,0.0,0.0,1.0,0.2222,1.0,0.3333,0.0,0.0,1.0,0.2222,0.6667,0.6667
xtriple,rad-core-10,7,1,1,1,,,,,,,,,,,,
xtriple,rad-core-10,9,6,6,6,0.0,0.0,1.0,0.1667,1.0,1.0,0.0,0.0,0.6667,0.1667,0.8333,0.8333
xtriple,rad-core-10,11,1,1,1,,,,,,,,,,,,
xtriple,rad-core-10,14,12,12,12,0.0,0.0,1.0,0.4167,1.0,0.25,0.0,0.0,0.6667,0.5,0.5,0.25
null,rad-core-10@uniform,0,28,28,28,0.6429,0.5714,0.1429,0.4286,0.0357,0.2857,0.4643,0.4286,0.0714,0.1429,0.0357,0.5357
null,rad-core-10@uniform,1,60,60,60,0.4,0.5667,0.3833,0.6167,0.1,0.2333,0.0833,0.1333,0.4,0.4,0.7,0.1333
null,rad-core-10@uniform,2,14,14,14,0.0,0.0,0.1429,0.0,0.6429,0.7857,0.0,0.0,0.2857,0.0,0.5,0.4286
null,rad-core-10@uniform,3,12,12,12,0.1667,0.1667,0.1667,0.0833,0.5,0.5,0.0833,0.1667,0.6667,0.0833,0.5833,0.4167
null,rad-core-10@uniform,4,33,33,33,0.303,0.6061,0.1515,0.2121,0.2121,0.4848,0.5152,0.4242,0.1818,0.1212,0.1515,0.5455
null,rad-core-10@mixed,0,52,52,52,0.5769,0.2308,0.5769,0.1154,0.5,0.3654,0.0385,0.0577,0.2885,0.1923,0.4231,0.1154
null,rad-core-10@mixed,1,26,26,26,0.6154,0.5385,0.3846,0.3462,0.2692,0.5,0.3462,0.3077,0.1538,0.0769,0.0769,0.3462
null,rad-core-10@mixed,2,47,47,47,0.5745,0.5319,0.2128,0.234,0.0638,0.4255,0.7234,0.5106,0.1277,0.2553,0.0426,0.4255
null,rad-core-10@mixed,3,32,32,32,0.75,0.1875,0.4688,0.0625,0.5938,0.5,0.0625,0.0625,0.375,0.0312,0.3438,0.375
null,rad-core-10@mixed,4,32,32,32,0.375,0.375,0.2188,0.6875,0.125,0.375,0.1562,0.2812,0.0938,0.1875,0.125,0.3125
triple,rad-core-12-18,15,88,88,88,0.1591,0.1818,0.5909,0.375,0.2159,0.1705,0.1705,0.1818,0.1364,0.2727,0.1705,0.1591
triple,rad-core-12-18,16,57,57,57,0.5789,0.3158,0.5088,0.1404,0.4561,0.5789,0.193,0.1404,0.2105,0.1754,0.2456,0.2456
triple,rad-core-12-18,17,75,75,75,0.2,0.1867,0.68,0.48,0.6,0.3467,0.1867,0.1333,0.2133,0.44,0.2933,0.24
triple,rad-core-12-18,18,72,72,72,0.5139,0.5556,0.2639,0.375,0.3472,0.3333,0.1389,0.125,0.3056,0.4167,0.3889,0.2917
triple,rad-core-12-18,19,71,71,71,0.3099,0.2113,0.4789,0.2113,0.4789,0.4085,0.2817,0.2254,0.4366,0.1972,0.4507,0.4085
triple,rad-core-12-18,20,98,98,98,0.1327,0.1633,0.1837,0.1633,0.4796,0.2653,0.3367,0.2041,0.102,0.1429,0.2551,0.3878
triple,rad-core-12-18,21,68,68,68,0.3382,0.2206,0.5882,0.3971,0.5588,0.2206,0.2206,0.1618,0.3382,0.3235,0.3529,0.1912
triple,rad-core-12-18,22,63,63,63,0.3651,0.1746,0.2857,0.3651,0.3651,0.5873,0.3175,0.2381,0.2698,0.1429,0.2222,0.4444
triple,rad-core-12-18,23,71,71,71,0.5915,0.6761,0.507,0.4648,0.4085,0.2817,0.1549,0.1831,0.2676,0.2676,0.2958,0.3239
triple,rad-core-12-18,24,72,72,72,0.4028,0.5833,0.375,0.3333,0.5278,0.2639,0.0417,0.0694,0.0833,0.3333,0.2083,0.1667
triple,rad-core-12-18,25,68,68,68,0.3824,0.2941,0.2353,0.3382,0.25,0.2059,0.4265,0.2059,0.2206,0.2059,0.4265,0.3382
triple,rad-core-12-18,26,53,53,53,0.2642,0.3774,0.3774,0.3208,0.1887,0.2453,0.1698,0.1509,0.3019,0.2075,0.1509,0.1887
triple,rad-core-12-18,27,62,62,62,0.2097,0.1452,0.6129,0.3065,0.5484,0.2258,0.1613,0.0968,0.3226,0.3226,0.2581,0.2258
triple,rad-core-12-18,28,40,40,40,0.425,0.25,0.125,0.275,0.5,0.4,0.325,0.075,0.15,0.25,0.175,0.25
triple,rad-core-12-18,29,43,43,43,0.4884,0.2791,0.2791,0.2791,0.2558,0.1628,0.1628,0.1628,0.1395,0.1395,0.2093,0.1395
xtriple,rad-core-12-18,0,80,80,80,0.425,0.35,0.25,0.225,0.375,0.325,0.2,0.175,0.175,0.225,0.375,0.3625
xtriple,rad-core-12-18,1,75,75,75,0.4267,0.3733,0.5467,0.4267,0.2533,0.3333,0.12,0.24,0.24,0.3733,0.2667,0.1333
xtriple,rad-core-12-18,2,57,57,57,0.2105,0.1579,0.614,0.3158,0.5965,0.386,0.1404,0.1404,0.1404,0.1579,0.2456,0.2281
xtriple,rad-core-12-18,3,77,77,77,0.2727,0.2078,0.2338,0.2338,0.4156,0.5455,0.3117,0.1688,0.2987,0.1818,0.2987,0.3247
xtriple,rad-core-12-18,4,72,72,72,0.3333,0.375,0.1944,0.4028,0.375,0.1528,0.25,0.2083,0.1667,0.2222,0.2083,0.3889
xtriple,rad-core-12-18,5,71,71,71,0.5775,0.3803,0.2394,0.1408,0.3803,0.4507,0.1549,0.3099,0.1549,0.2676,0.3099,0.1831
xtriple,rad-core-12-18,6,68,68,68,0.25,0.5735,0.4706,0.4265,0.4706,0.3676,0.0735,0.2647,0.1618,0.2059,0.25,0.3676
xtriple,rad-core-12-18,7,71,71,71,0.338,0.2535,0.2676,0.4085,0.2254,0.5211,0.1549,0.2113,0.3099,0.2535,0.1549,0.1549
xtriple,rad-core-12-18,8,63,63,63,0.2698,0.2381,0.4603,0.1746,0.2857,0.4921,0.127,0.1111,0.2063,0.127,0.3492,0.2222
xtriple,rad-core-12-18,9,72,72,72,0.25,0.4583,0.1667,0.2917,0.5556,0.3611,0.2361,0.1389,0.1111,0.2222,0.1389,0.2222
xtriple,rad-core-12-18,10,68,68,68,0.3824,0.7059,0.2794,0.25,0.4853,0.3529,0.1471,0.1029,0.3529,0.1618,0.3382,0.1176
xtriple,rad-core-12-18,11,53,53,53,0.3585,0.2075,0.5094,0.434,0.3208,0.3774,0.1321,0.1698,0.283,0.2075,0.3019,0.2075
xtriple,rad-core-12-18,12,67,67,67,0.194,0.1343,0.3582,0.3433,0.5075,0.3582,0.1791,0.1343,0.2239,0.2537,0.2687,0.2537
xtriple,rad-core-12-18,13,66,66,66,0.5152,0.3182,0.2879,0.2121,0.3788,0.197,0.1667,0.1061,0.1364,0.1364,0.2273,0.2424
xtriple,rad-core-12-18,14,40,40,40,0.3,0.475,0.375,0.45,0.525,0.425,0.3,0.2,0.35,0.3,0.2,0.275
null,rad-core-12-18@directed,0,75,75,75,0.2133,0.3733,0.28,0.3333,0.1467,0.2267,0.3733,0.2533,0.2,0.24,0.1467,0.24
null,rad-core-12-18@directed,1,75,75,75,0.3467,0.1867,0.2667,0.2267,0.3333,0.6133,0.3467,0.2,0.2133,0.2,0.2267,0.3467
null,rad-core-12-18@directed,2,68,68,68,0.3235,0.2206,0.3971,0.3971,0.3971,0.25,0.1618,0.2206,0.2353,0.2353,0.3382,0.1176
null,rad-core-12-18@directed,3,53,53,53,0.1509,0.1132,0.5472,0.1887,0.3962,0.3208,0.1698,0.0566,0.3396,0.2075,0.3019,0.3019
null,rad-core-12-18@directed,4,43,43,43,0.093,0.0698,0.4651,0.2558,0.6279,0.3953,0.1163,0.0698,0.3721,0.1395,0.3023,0.2791
null,rad-core-12-18@uniform,0,75,75,75,0.4667,0.2267,0.1467,0.1333,0.3333,0.6267,0.3067,0.2,0.2133,0.0933,0.2933,0.2933
null,rad-core-12-18@uniform,1,77,77,77,0.3506,0.1429,0.3766,0.2727,0.4026,0.4935,0.3377,0.2987,0.2078,0.2078,0.2338,0.3377
null,rad-core-12-18@uniform,2,71,71,71,0.3239,0.4085,0.3099,0.4366,0.2535,0.2817,0.2254,0.2535,0.1549,0.2535,0.1831,0.2254
null,rad-core-12-18@uniform,3,72,72,72,0.25,0.3194,0.2778,0.1806,0.3194,0.2361,0.1806,0.1667,0.1389,0.0972,0.2222,0.2639
null,rad-core-12-18@uniform,4,62,62,62,0.4194,0.6613,0.2581,0.371,0.2742,0.5323,0.3065,0.3065,0.1935,0.2742,0.1774,0.1613
null,rad-core-12-18@mixed,0,57,57,57,0.3333,0.4035,0.2982,0.4035,0.4561,0.2982,0.2105,0.2281,0.2456,0.2632,0.5088,0.2982
null,rad-core-12-18@mixed,1,71,71,71,0.1831,0.2958,0.4507,0.2535,0.4507,0.2958,0.1549,0.2535,0.1831,0.169,0.2394,0.3099
null,rad-core-12-18@mixed,2,63,63,63,0.2857,0.5238,0.2698,0.6349,0.254,0.1429,0.2222,0.2857,0.1746,0.2698,0.2381,0.254
null,rad-core-12-18@mixed,3,83,83,83,0.3253,0.3012,0.1928,0.3614,0.3735,0.1687,0.1325,0.1566,0.1205,0.2169,0.1807,0.1566
null,rad-core-12-18@mixed,4,40,40,40,0.425,0.325,0.4,0.375,0.325,0.35,0.2,0.4,0.3,0.25,0.2,0.1
triple,rad-core-17-18,15,73,73,73,0.3151,0.1918,0.5205,0.3836,0.2192,0.4932,0.1781,0.1918,0.1507,0.2192,0.2603,0.3699
triple,rad-core-17-18,16,63,63,63,0.6667,0.2381,0.4603,0.1429,0.5238,0.5873,0.2698,0.0635,0.3016,0.1746,0.254,0.3016
triple,rad-core-17-18,17,76,76,76,0.2368,0.1579,0.4211,0.3553,0.6316,0.3158,0.1447,0.1447,0.2105,0.4474,0.3816,0.3684
triple,rad-core-17-18,18,72,72,72,0.3333,0.2778,0.2778,0.5,0.2778,0.25,0.0833,0.1528,0.2222,0.4722,0.2917,0.2083
triple,rad-core-17-18,19,69,69,69,0.3913,0.1449,0.4203,0.2174,0.4493,0.4348,0.3333,0.1449,0.3043,0.1884,0.3913,0.4348
triple,rad-core-17-18,20,98,98,98,0.1224,0.1122,0.2755,0.2347,0.4898,0.3571,0.398,0.1122,0.1122,0.1531,0.2245,0.3367
triple,rad-core-17-18,21,68,68,68,0.3676,0.3971,0.3088,0.3235,0.5,0.3824,0.3088,0.1471,0.3088,0.2794,0.2794,0.2794
triple,rad-core-17-18,22,79,79,79,0.2532,0.1899,0.3418,0.2658,0.3165,0.3544,0.2911,0.1266,0.2278,0.2532,0.1899,0.2025
triple,rad-core-17-18,23,79,79,79,0.3671,0.4051,0.3924,0.1646,0.2785,0.2405,0.1772,0.1013,0.2025,0.2405,0.1772,0.2658
triple,rad-core-17-18,24,72,72,72,0.3611,0.5417,0.375,0.2917,0.4583,0.2778,0.0278,0.0694,0.125,0.3194,0.2361,0.1667
triple,rad-core-17-18,25,72,72,72,0.4306,0.2917,0.5139,0.3611,0.4444,0.4028,0.4306,0.1806,0.3194,0.2917,0.3889,0.4167
triple,rad-core-17-18,26,50,50,50,0.14,0.2,0.14,0.28,0.36,0.22,0.22,0.24,0.16,0.34,0.14,0.24
triple,rad-core-17-18,27,62,62,62,0.2742,0.129,0.4516,0.3226,0.6129,0.3065,0.2258,0.1613,0.3226,0.2742,0.2258,0.2903
triple,rad-core-17-18,28,58,58,58,0.4828,0.2931,0.3103,0.2931,0.2241,0.4483,0.3793,0.2069,0.2414,0.3103,0.2069,0.3448
triple,rad-core-17-18,29,42,42,42,0.7619,0.5,0.8333,0.4286,0.4286,0.2143,0.2143,0.1429,0.119,0.0952,0.3095,0.2857
xtriple,rad-core-17-18,0,84,84,84,0.4286,0.25,0.5476,0.1905,0.5595,0.369,0.1667,0.131,0.2024,0.2143,0.3214,0.3214
xtriple,rad-core-17-18,1,77,77,77,0.0649,0.1169,0.3377,0.3247,0.3377,0.4026,0.039,0.1169,0.2208,0.3247,0.2468,0.2468
xtriple,rad-core-17-18,2,63,63,63,0.1746,0.2857,0.4286,0.1429,0.5714,0.6349,0.1429,0.1429,0.1746,0.1111,0.3333,0.2698
xtriple,rad-core-17-18,3,74,74,74,0.2432,0.2973,0.2297,0.1892,0.4324,0.5,0.1892,0.1757,0.2703,0.1757,0.3243,0.2973
xtriple,rad-core-17-18,4,69,69,69,0.4203,0.4928,0.3913,0.2754,0.3333,0.1739,0.1594,0.1014,0.1014,0.2754,0.2899,0.2319
xtriple,rad-core-17-18,5,71,71,71,0.169,0.1831,0.3239,0.2394,0.4366,0.5211,0.1268,0.1831,0.2113,0.2958,0.3944,0.169
xtriple,rad-core-17-18,6,68,68,68,0.3382,0.5,0.5735,0.3235,0.5,0.2206,0.1618,0.25,0.25,0.1912,0.25,0.3676
xtriple,rad-core-17-18,7,71,71,71,0.338,0.3662,0.1831,0.3521,0.169,0.2394,0.2113,0.2394,0.169,0.1972,0.169,0.2676
xtriple,rad-core-17-18,8,74,74,74,0.2162,0.1622,0.2162,0.1081,0.3243,0.3243,0.1351,0.1081,0.1622,0.1081,0.2568,0.1892
xtriple,rad-core-17-18,9,72,72,72,0.2222,0.375,0.4028,0.375,0.3611,0.1944,0.25,0.0972,0.1528,0.2222,0.2222,0.2361
xtriple,rad-core-17-18,10,60,60,60,0.4333,0.7,0.2667,0.25,0.3833,0.3,0.1667,0.1333,0.3667,0.15,0.4,0.2167
xtriple,rad-core-17-18,11,50,50,50,0.04,0.04,0.66,0.46,0.22,0.3,0.06,0.12,0.16,0.22,0.18,0.2
xtriple,rad-core-17-18,12,74,74,74,0.2568,0.527,0.2297,0.527,0.3243,0.1622,0.1351,0.1486,0.1757,0.1486,0.2432,0.2027
xtriple,rad-core-17-18,13,58,58,58,0.6207,0.2241,0.569,0.4655,0.3103,0.569,0.1724,0.1379,0.1724,0.1379,0.2759,0.2586
xtriple,rad-core-17-18,14,42,42,42,0.4048,0.3333,0.4524,0.2619,0.381,0.4286,0.4524,0.1429,0.2381,0.2143,0.2143,0.4286
null,rad-core-17-18@directed,0,76,76,76,0.2368,0.3553,0.1842,0.3026,0.1711,0.2895,0.2368,0.3026,0.2632,0.25,0.2105,0.2237
null,rad-core-17-18@directed,1,69,69,69,0.3913,0.1884,0.2754,0.2174,0.2464,0.3188,0.2174,0.1594,0.2609,0.1449,0.3768,0.2754
null,rad-core-17-18@directed,2,68,68,68,0.2794,0.2794,0.3088,0.3382,0.2059,0.2794,0.1912,0.2059,0.1912,0.1912,0.1618,0.1765
null,rad-core-17-18@directed,3,50,50,50,0.16,0.12,0.44,0.26,0.32,0.28,0.12,0.06,0.34,0.2,0.22,0.26
null,rad-core-17-18@directed,4,42,42,42,0.2619,0.119,0.6667,0.381,0.6667,0.3333,0.1667,0.1429,0.4048,0.2857,0.3571,0.2857
null,rad-core-17-18@uniform,0,73,73,73,0.3973,0.2329,0.1096,0.0822,0.4795,0.5342,0.2055,0.2055,0.3014,0.1918,0.3699,0.3562
null,rad-core-17-18@uniform,1,78,78,78,0.4359,0.3333,0.3462,0.2821,0.3846,0.6026,0.359,0.3974,0.1538,0.2692,0.2179,0.3077
null,rad-core-17-18@uniform,2,74,74,74,0.2162,0.2432,0.3649,0.4595,0.3919,0.2568,0.3243,0.2432,0.1486,0.3108,0.2027,0.3514
null,rad-core-17-18@uniform,3,60,60,60,0.3333,0.3,0.2833,0.3333,0.3167,0.2667,0.15,0.15,0.1833,0.1333,0.2167,0.3
null,rad-core-17-18@uniform,4,62,62,62,0.4355,0.6613,0.3226,0.3065,0.5323,0.5968,0.3226,0.2742,0.2097,0.2742,0.0484,0.129
null,rad-core-17-18@mixed,0,63,63,63,0.3492,0.3175,0.3968,0.4603,0.3968,0.3651,0.1746,0.3016,0.3651,0.2698,0.3651,0.2222
null,rad-core-17-18@mixed,1,71,71,71,0.1831,0.3662,0.4648,0.2958,0.5493,0.338,0.1831,0.2394,0.2113,0.169,0.2535,0.3099
null,rad-core-17-18@mixed,2,71,71,71,0.1972,0.3662,0.493,0.6056,0.4225,0.2958,0.1127,0.2535,0.2535,0.1268,0.2958,0.169
null,rad-core-17-18@mixed,3,74,74,74,0.3784,0.4595,0.4324,0.3243,0.2432,0.2162,0.2027,0.1892,0.1622,0.3649,0.1486,0.1892
null,rad-core-17-18@mixed,4,74,74,74,0.3108,0.4324,0.3784,0.3108,0.3514,0.2297,0.2568,0.2297,0.1081,0.2297,0.0946,0.1892
triple,rad-core-33,15,89,89,89,0.5506,0.3371,0.1011,0.1798,0.1798,0.3483,0.3483,0.3708,0.0449,0.4607,0.0899,0.5843
triple,rad-core-33,16,137,137,137,0.7956,0.3139,0.3066,0.2701,0.1898,0.6496,0.3869,0.4234,0.0803,0.7007,0.0876,0.4818
triple,rad-core-33,17,94,94,94,0.4255,0.117,0.234,0.2234,0.117,0.4894,0.4574,0.4574,0.0851,0.1064,0.117,0.4787
triple,rad-core-33,18,117,117,117,0.453,0.4957,0.1709,0.3419,0.0855,0.3504,0.3932,0.4444,0.0684,0.4872,0.1368,0.5385
triple,rad-core-33,19,113,113,113,0.115,0.0708,0.2832,0.1239,0.3009,0.2124,0.3186,0.2832,0.1239,0.115,0.1504,0.4956
triple,rad-core-33,20,88,88,88,0.6023,0.2045,0.1477,0.1364,0.1023,0.6477,0.5568,0.5682,0.0795,0.4318,0.1023,0.5114
triple,rad-core-33,21,111,111,111,0.1351,0.0811,0.3153,0.1802,0.1712,0.1261,0.4955,0.4955,0.1441,0.4234,0.0991,0.4234
triple,rad-core-33,22,105,105,105,0.5524,0.5143,0.1048,0.4857,0.0952,0.4762,0.4952,0.5619,0.0857,0.4476,0.0857,0.5238
triple,rad-core-33,23,78,78,78,0.2821,0.2821,0.141,0.4231,0.141,0.2692,0.6795,0.6795,0.1667,0.5128,0.0385,0.4231
triple,rad-core-33,24,96,96,96,0.7396,0.3438,0.1771,0.3021,0.0312,0.3958,0.375,0.4375,0.0729,0.5208,0.0208,0.4688
triple,rad-core-33,25,88,88,88,0.5,0.1023,0.5682,0.3182,0.2614,0.3864,0.4318,0.4318,0.1932,0.625,0.1364,0.5682
triple,rad-core-33,26,121,121,121,0.6033,0.1322,0.2149,0.1736,0.314,0.4215,0.3719,0.3802,0.0992,0.0992,0.1157,0.4959
triple,rad-core-33,27,125,125,125,0.296,0.264,0.232,0.144,0.264,0.424,0.424,0.4,0.056,0.088,0.144,0.416
triple,rad-core-33,28,99,99,99,0.4141,0.0909,0.1414,0.1616,0.0606,0.4343,0.5152,0.5253,0.0606,0.1818,0.0505,0.5455
triple,rad-core-33,29,107,107,107,0.3645,0.1495,0.1682,0.2523,0.1215,0.243,0.5327,0.5421,0.0748,0.4486,0.1121,0.4393
xtriple,rad-core-33,0,138,138,138,0.7899,0.0217,0.3188,0.3478,0.2609,0.8116,0.2826,0.2826,0.087,0.087,0.1304,0.4203
xtriple,rad-core-33,1,94,94,94,0.3936,0.3191,0.3511,0.3511,0.2128,0.0851,0.4894,0.4681,0.0745,0.4468,0.0957,0.5106
xtriple,rad-core-33,2,89,89,89,0.5393,0.2697,0.0337,0.2135,0.1685,0.5056,0.3933,0.4157,0.0112,0.5506,0.0562,0.5843
xtriple,rad-core-33,3,113,113,113,0.1593,0.2035,0.177,0.1947,0.0973,0.1416,0.4071,0.4159,0.115,0.4513,0.1416,0.1327
xtriple,rad-core-33,4,88,88,88,0.5568,0.4091,0.125,0.2614,0.125,0.2614,0.4091,0.4318,0.0682,0.4318,0.0682,0.6023
xtriple,rad-core-33,5,126,126,126,0.4127,0.0794,0.1825,0.1111,0.2222,0.4683,0.4603,0.4841,0.0476,0.0635,0.1032,0.4048
xtriple,rad-core-33,6,78,78,78,0.5641,0.2949,0.2051,0.3205,0.1795,0.5641,0.4615,0.5,0.0641,0.5128,0.0385,0.4231
xtriple,rad-core-33,7,98,98,98,0.2857,0.0816,0.1735,0.2653,0.0612,0.2755,0.449,0.4694,0.1327,0.449,0.051,0.4898
xtriple,rad-core-33,8,111,111,111,0.1351,0.5586,0.1171,0.4955,0.0901,0.1802,0.5135,0.5135,0.0991,0.3604,0.0811,0.4955
xtriple,rad-core-33,9,88,88,88,0.5568,0.1932,0.3068,0.1477,0.0909,0.4773,0.4318,0.4545,0.1136,0.2045,0.0795,0.4886
xtriple,rad-core-33,10,121,121,121,0.5785,0.2066,0.281,0.2231,0.1157,0.2645,0.3802,0.3884,0.0496,0.4463,0.1405,0.4463
xtriple,rad-core-33,11,96,96,96,0.6979,0.2083,0.0833,0.1771,0.0833,0.5,0.4167,0.4583,0.0312,0.4479,0.0833,0.5938
xtriple,rad-core-33,12,99,99,99,0.3838,0.1313,0.1111,0.1616,0.1515,0.2727,0.4545,0.4646,0.0707,0.3939,0.1111,0.4848
xtriple,rad-core-33,13,107,107,107,0.3551,0.1308,0.1589,0.3178,0.1402,0.5327,0.4766,0.4766,0.0841,0.1495,0.0841,0.4953
xtriple,rad-core-33,14,128,128,128,0.2969,0.1016,0.1484,0.1562,0.1719,0.4531,0.4922,0.5703,0.0703,0.1562,0.1328,0.3828
null,rad-core-33@directed,0,138,138,138,0.1594,0.1159,0.2029,0.0942,0.2029,0.1304,0.1449,0.058,0.3841,0.3261,0.3333,0.1014
null,rad-core-33@directed,1,139,139,139,0.223,0.1727,0.0791,0.0504,0.1583,0.1871,0.295,0.2374,0.0576,0.0576,0.0719,0.4101
null,rad-core-33@directed,2,151,151,151,0.1457,0.1921,0.2517,0.2848,0.1921,0.1126,0.106,0.298,0.3709,0.4437,0.1126,0.0596
null,rad-core-33@directed,3,126,126,126,0.373,0.1508,0.0159,0.0873,0.0952,0.3175,0.3095,0.2698,0.0159,0.2302,0.0635,0.1429
null,rad-core-33@directed,4,151,151,151,0.106,0.1523,0.2583,0.1258,0.245,0.0861,0.351,0.3775,0.1126,0.1325,0.1722,0.3377
null,rad-core-33@uniform,0,89,89,89,0.5618,0.2247,0.4719,0.191,0.5618,0.6629,0.4494,0.5169,0.6854,0.6854,0.5506,0.4831
null,rad-core-33@uniform,1,88,88,88,0.1705,0.6591,0.375,0.6023,0.2159,0.125,0.1023,0.5,0.4773,0.4432,0.4318,0.1023
null,rad-core-33@uniform,2,98,98,98,0.6429,0.3571,0.1837,0.2755,0.1939,0.6531,0.4184,0.4898,0.4898,0.5306,0.3776,0.5306
null,rad-core-33@uniform,3,88,88,88,0.5114,0.3864,0.5114,0.4318,0.5341,0.4432,0.6136,0.6477,0.625,0.6705,0.4886,0.5795
null,rad-core-33@uniform,4,99,99,99,0.3131,0.3131,0.1818,0.3535,0.3939,0.3232,0.4242,0.4646,0.3737,0.3838,0.5051,0.4949
null,rad-core-33@mixed,0,137,137,137,0.2336,0.1022,0.2482,0.3139,0.3942,0.3504,0.5474,0.0511,0.4891,0.0584,0.4818,0.5109
null,rad-core-33@mixed,1,117,117,117,0.0855,0.1282,0.5726,0.2393,0.3077,0.0513,0.0855,0.5299,0.5214,0.547,0.4786,0.0598
null,rad-core-33@mixed,2,78,78,78,0.2436,0.3205,0.141,0.2308,0.2179,0.4103,0.5,0.4872,0.5128,0.5513,0.3718,0.4231
null,rad-core-33@mixed,3,141,141,141,0.0567,0.0922,0.2482,0.1489,0.2908,0.1277,0.4468,0.0496,0.4752,0.1135,0.4752,0.4823
null,rad-core-33@mixed,4,125,125,125,0.144,0.2,0.176,0.192,0.048,0.088,0.464,0.456,0.088,0.496,0.032,0.064
triple,rad-core-45,15,40,40,40,0.4,0.3,0.65,0.55,0.45,0.45,0.125,0.15,0.5,0.525,0.475,0.325
triple,rad-core-45,16,64,64,64,0.4531,0.3594,0.1406,0.0938,0.2031,0.4062,0.75,0.8125,0.125,0.5,0.1406,0.1719
triple,rad-core-45,17,54,54,54,0.2963,0.2963,0.3704,0.2778,0.463,0.3333,0.2037,0.3519,0.2963,0.3333,0.3333,0.2222
triple,rad-core-45,18,58,58,58,0.3276,0.4483,0.2241,0.4483,0.2241,0.2241,0.4655,0.4828,0.1207,0.7414,0.1034,0.2586
triple,rad-core-45,19,88,88,88,0.1023,0.1818,0.1932,0.3636,0.1818,0.2386,0.4886,0.1023,0.0909,0.1818,0.375,0.5682
triple,rad-core-45,20,49,49,49,0.2857,0.3673,0.2653,0.2653,0.4898,0.5714,0.6939,0.3265,0.2245,0.2245,0.6939,0.6531
triple,rad-core-45,21,51,51,51,0.2549,0.2549,0.6863,0.6275,0.2941,0.5882,0.1961,0.1961,0.5098,0.4902,0.4314,0.1569
triple,rad-core-45,22,29,29,29,0.4828,0.4138,0.2069,0.3103,0.4828,0.6207,0.3793,0.1724,0.4828,0.2069,0.5172,0.7241
triple,rad-core-45,23,43,43,43,0.2791,0.2791,0.3023,0.3953,0.3953,0.2558,0.3256,0.4186,0.2326,0.4419,0.186,0.1628
triple,rad-core-45,24,54,54,54,0.3519,0.4444,0.3519,0.1667,0.1296,0.2963,0.7037,0.5,0.1296,0.0926,0.1296,0.5556
triple,rad-core-45,25,35,35,35,0.4286,0.4857,0.5143,0.6571,0.2571,0.3143,0.4286,0.7714,0.6,0.6286,0.1714,0.2286
triple,rad-core-45,26,59,59,59,0.3051,0.2881,0.2712,0.3898,0.2542,0.4576,0.5085,0.2373,0.1356,0.2203,0.4746,0.3898
triple,rad-core-45,27,44,44,44,0.5227,0.3409,0.25,0.2955,0.2273,0.25,0.4773,0.3182,0.1818,0.5455,0.0909,0.1591
triple,rad-core-45,28,58,58,58,0.4828,0.2759,0.1724,0.1379,0.2586,0.5,0.6897,0.0862,0.1724,0.1207,0.431,0.6034
triple,rad-core-45,29,71,71,71,0.2394,0.4085,0.338,0.6056,0.2254,0.1549,0.4366,0.4085,0.1408,0.4789,0.1127,0.1127
xtriple,rad-core-45,0,54,54,54,0.3704,0.3148,0.1852,0.2407,0.537,0.4444,0.5926,0.1667,0.1296,0.1296,0.2593,0.463
xtriple,rad-core-45,1,40,40,40,0.3,0.3,0.575,0.35,0.35,0.3,0.125,0.075,0.425,0.375,0.475,0.15
xtriple,rad-core-45,2,52,52,52,0.2692,0.2308,0.5,0.4423,0.2308,0.2308,0.2115,0.4808,0.4423,0.5,0.1538,0.1346
xtriple,rad-core-45,3,49,49,49,0.2449,0.2857,0.2449,0.1429,0.551,0.3265,0.5306,0.1224,0.102,0.0816,0.5102,0.5306
xtriple,rad-core-45,4,85,85,85,0.1765,0.3647,0.0824,0.2824,0.2471,0.2353,0.5059,0.5412,0.0941,0.3765,0.1765,0.1765
xtriple,rad-core-45,5,54,54,54,0.2222,0.2593,0.1296,0.1667,0.2222,0.2593,0.1667,0.1296,0.3519,0.1296,0.5185,0.537
xtriple,rad-core-45,6,59,59,59,0.322,0.3898,0.1356,0.2373,0.339,0.1695,0.4746,0.2881,0.1186,0.1525,0.3898,0.5424
xtriple,rad-core-45,7,47,47,47,0.3191,0.2553,0.3617,0.2766,0.234,0.2553,0.2128,0.1915,0.383,0.3617,0.4468,0.1064
xtriple,rad-core-45,8,29,29,29,0.2414,0.2414,0.7241,0.4828,0.3103,0.2414,0.2069,0.1724,0.6207,0.6207,0.4828,0.2759
xtriple,rad-core-45,9,35,35,35,0.4286,0.2857,0.4286,0.5429,0.2857,0.3429,0.1429,0.2286,0.6,0.5143,0.5429,0.1143
xtriple,rad-core-45,10,44,44,44,0.3636,0.2273,0.2273,0.1818,0.2273,0.4091,0.5227,0.3409,0.1364,0.1136,0.1818,0.5227
xtriple,rad-core-45,11,41,41,41,0.1951,0.4878,0.3415,0.5854,0.122,0.2195,0.7073,0.7073,0.1463,0.6585,0.0976,0.1707
xtriple,rad-core-45,12,44,44,44,0.4773,0.5455,0.4773,0.1591,0.5227,0.5682,0.4773,0.3182,0.1364,0.1364,0.1136,0.7045
xtriple,rad-core-45,13,75,75,75,0.1867,0.24,0.2133,0.32,0.1733,0.2267,0.1333,0.3867,0.3333,0.4533,0.16,0.1067
xtriple,rad-core-45,14,60,60,60,0.4167,0.2333,0.3167,0.2,0.2667,0.5833,0.45,0.3,0.2,0.2667,0.1833,0.3833
null,rad-core-45@directed,0,60,60,60,0.45,0.35,0.1833,0.3833,0.25,0.3,0.4333,0.1833,0.1167,0.1333,0.3,0.4667
null,rad-core-45@directed,1,54,54,54,0.2778,0.4074,0.1111,0.1481,0.1852,0.2222,0.3889,0.3889,0.0556,0.4815,0.1111,0.2593
null,rad-core-45@directed,2,43,43,43,0.3721,0.3488,0.3488,0.4419,0.3488,0.3953,0.3023,0.2558,0.3953,0.186,0.3953,0.4884
null,rad-core-45@directed,3,44,44,44,0.4545,0.2955,0.2045,0.2273,0.1591,0.2727,0.2045,0.6364,0.4318,0.4545,0.2045,0.2045
null,rad-core-45@directed,4,44,44,44,0.5682,0.5682,0.7045,0.2727,0.4545,0.3182,0.2955,0.3409,0.2045,0.1818,0.1591,0.5227
null,rad-core-45@uniform,0,52,52,52,0.4423,0.4038,0.25,0.2115,0.2308,0.4423,0.5769,0.4038,0.2115,0.1346,0.2692,0.5192
null,rad-core-45@uniform,1,71,71,71,0.0986,0.169,0.1972,0.169,0.169,0.2113,0.5775,0.5634,0.1408,0.2535,0.1268,0.3239
null,rad-core-45@uniform,2,51,51,51,0.7451,0.5098,0.2941,0.2353,0.098,0.2941,0.4902,0.4314,0.098,0.0588,0.0392,0.4314
null,rad-core-45@uniform,3,35,35,35,0.5143,0.2857,0.5143,0.4571,0.2857,0.2857,0.2286,0.0571,0.6,0.5143,0.6286,0.0857
null,rad-core-45@uniform,4,58,58,58,0.3793,0.1552,0.3966,0.1552,0.5172,0.4655,0.6034,0.3448,0.2069,0.0862,0.2069,0.6207
null,rad-core-45@mixed,0,40,40,40,0.475,0.325,0.2,0.175,0.225,0.275,0.625,0.3,0.125,0.125,0.2,0.475
null,rad-core-45@mixed,1,49,49,49,0.3265,0.102,0.449,0.2245,0.5918,0.6327,0.1837,0.1224,0.6531,0.1837,0.6122,0.5918
null,rad-core-45@mixed,2,29,29,29,0.3448,0.2414,0.4483,0.3793,0.3448,0.3448,0.1379,0.1379,0.7931,0.5517,0.4828,0.1379
null,rad-core-45@mixed,3,41,41,41,0.5854,0.3659,0.0732,0.2439,0.2195,0.3171,0.4146,0.3415,0.1707,0.2195,0.1463,0.5854
null,rad-core-45@mixed,4,67,67,67,0.2687,0.3284,0.2388,0.4627,0.1642,0.1194,0.1493,0.6269,0.4328,0.4925,0.0896,0.1045
triple,rad-core-55,15,54,54,54,0.0926,0.1667,0.6296,0.3889,0.5185,0.2407,0.1481,0.2407,0.5926,0.5556,0.5556,0.2593
triple,rad-core-55,16,58,58,58,0.1552,0.0862,0.431,0.3448,0.4828,0.3276,0.069,0.569,0.3621,0.3793,0.1379,0.0862
triple,rad-core-55,17,44,44,44,0.2045,0.1136,0.7045,0.5227,0.6591,0.5227,0.7273,0.1136,0.2045,0.3409,0.5227,0.6136
triple,rad-core-55,18,37,37,37,0.1351,0.2973,0.2432,0.3514,0.1892,0.1081,0.6216,0.5676,0.1351,0.7027,0.0541,0.0811
triple,rad-core-55,19,50,50,50,0.18,0.34,0.26,0.2,0.58,0.48,0.34,0.2,0.14,0.16,0.62,0.62
triple,rad-core-55,20,69,69,69,0.1449,0.2319,0.1884,0.3188,0.4203,0.3043,0.087,0.3623,0.3188,0.4638,0.3043,0.2174
triple,rad-core-55,21,33,33,33,0.2121,0.0606,0.6061,0.3636,0.697,0.2727,0.1515,0.0303,0.4545,0.3636,0.5758,0.2121
triple,rad-core-55,22,63,63,63,0.381,0.2857,0.3175,0.3968,0.381,0.4603,0.1905,0.0794,0.3651,0.1111,0.4762,0.4444
triple,rad-core-55,23,83,83,83,0.1928,0.1807,0.3614,0.2771,0.1566,0.2169,0.4699,0.3133,0.1566,0.1928,0.2169,0.4337
triple,rad-core-55,24,70,70,70,0.3857,0.3571,0.3429,0.2286,0.1857,0.4286,0.4143,0.4286,0.1429,0.1143,0.1429,0.5571
triple,rad-core-55,25,45,45,45,0.0889,0.2222,0.3333,0.5556,0.4444,0.2,0.1111,0.3333,0.5556,0.5333,0.3333,0.3556
triple,rad-core-55,26,105,105,105,0.1143,0.2,0.5238,0.1143,0.3429,0.1905,0.3429,0.0476,0.0857,0.0667,0.3905,0.4571
triple,rad-core-55,27,57,57,57,0.1754,0.2105,0.2632,0.2807,0.6491,0.386,0.1404,0.1053,0.5088,0.2105,0.4211,0.3684
triple,rad-core-55,28,71,71,71,0.2113,0.0704,0.5915,0.338,0.5211,0.2394,0.5211,0.0986,0.1549,0.2113,0.4366,0.5493
triple,rad-core-55,29,72,72,72,0.1528,0.3194,0.2361,0.3472,0.125,0.2361,0.1944,0.3194,0.3889,0.5139,0.0417,0.0972
xtriple,rad-core-55,0,50,50,50,0.12,0.2,0.5,0.28,0.6,0.38,0.1,0.22,0.36,0.22,0.5,0.34
xtriple,rad-core-55,1,44,44,44,0.2727,0.2045,0.8864,0.4773,0.5227,0.2727,0.5909,0.1591,0.2045,0.1818,0.5227,0.6136
xtriple,rad-core-55,2,92,92,92,0.0543,0.1522,0.5217,0.4565,0.2391,0.1522,0.4565,0.4783,0.1848,0.2283,0.0761,0.4457
xtriple,rad-core-55,3,37,37,37,0.2162,0.1081,0.2703,0.2703,0.5135,0.2973,0.6757,0.1081,0.1892,0.1622,0.4595,0.4865
xtriple,rad-core-55,4,75,75,75,0.1867,0.16,0.3867,0.24,0.1333,0.1067,0.1467,0.3733,0.4533,0.4267,0.0933,0.0533
xtriple,rad-core-55,5,50,50,50,0.22,0.32,0.22,0.28,0.48,0.2,0.38,0.16,0.18,0.18,0.5,0.58
xtriple,rad-core-55,6,83,83,83,0.0241,0.1807,0.2651,0.1928,0.3253,0.1807,0.0241,0.2771,0.3253,0.3494,0.2169,0.0602
xtriple,rad-core-55,7,48,48,48,0.3125,0.3125,0.3125,0.3958,0.375,0.4792,0.4792,0.1667,0.1458,0.1458,0.5625,0.5208
xtriple,rad-core-55,8,33,33,33,0.0909,0.0606,0.5758,0.4242,0.5152,0.4242,0.0606,0.0303,0.5758,0.4545,0.6061,0.1818
xtriple,rad-core-55,9,45,45,45,0.2889,0.3556,0.3111,0.4222,0.1111,0.2222,0.3556,0.3778,0.2222,0.3556,0.0889,0.1556
xtriple,rad-core-55,10,88,88,88,0.0795,0.1364,0.5,0.375,0.1705,0.3977,0.4091,0.3295,0.0909,0.0909,0.1477,0.5114
xtriple,rad-core-55,11,66,66,66,0.4545,0.2727,0.0758,0.3788,0.3939,0.4697,0.5303,0.0758,0.0606,0.1515,0.2424,0.4697
xtriple,rad-core-55,12,78,78,78,0.2308,0.3718,0.3205,0.5385,0.1282,0.1026,0.4359,0.2692,0.1026,0.1538,0.0897,0.4231
xtriple,rad-core-55,13,61,61,61,0.1475,0.0656,0.4918,0.2131,0.6885,0.1803,0.0656,0.0164,0.4918,0.5082,0.4426,0.1311
xtriple,rad-core-55,14,57,57,57,0.1754,0.1754,0.1754,0.2281,0.3684,0.4561,0.3509,0.2105,0.1228,0.2281,0.4211,0.5789
null,rad-core-55@directed,0,54,54,54,0.1296,0.2778,0.2593,0.2963,0.2037,0.0741,0.1852,0.4444,0.3889,0.5556,0.1481,0.0741
null,rad-core-55@directed,1,37,37,37,0.2703,0.0541,0.1351,0.4054,0.2703,0.4324,0.6216,0.4595,0.1892,0.1351,0.2703,0.4324
null,rad-core-55@directed,2,65,65,65,0.2308,0.2,0.4769,0.2308,0.3538,0.1538,0.4615,0.2769,0.3692,0.2308,0.3538,0.4
null,rad-core-55@directed,3,70,70,70,0.5429,0.6143,0.2429,0.5571,0.2143,0.2,0.1143,0.3714,0.4143,0.4429,0.1,0.1143
null,rad-core-55@directed,4,72,72,72,0.6944,0.1667,0.2083,0.1528,0.2917,0.5833,0.3194,0.0972,0.0694,0.0833,0.3472,0.3472
null,rad-core-55@uniform,0,44,44,44,0.25,0.1818,0.3409,0.3409,0.3636,0.3409,0.3636,0.5682,0.2727,0.5227,0.1591,0.1818
null,rad-core-55@uniform,1,75,75,75,0.3067,0.2933,0.1867,0.2267,0.1867,0.3067,0.5067,0.16,0.1867,0.12,0.5067,0.48
null,rad-core-55@uniform,2,33,33,33,0.6061,0.6667,0.0606,0.0909,0.0909,0.303,0.3939,0.3939,0.0606,0.0909,0.0606,0.5455
null,rad-core-55@uniform,3,45,45,45,0.3333,0.2222,0.3778,0.4222,0.3778,0.2,0.1556,0.0667,0.6,0.2889,0.6667,0.3778
null,rad-core-55@uniform,4,57,57,57,0.2105,0.2105,0.2632,0.2456,0.3158,0.2456,0.6316,0.1228,0.0702,0.1579,0.5263,0.5789
null,rad-core-55@mixed,0,50,50,50,0.44,0.34,0.3,0.34,0.34,0.6,0.26,0.28,0.46,0.14,0.46,0.48
null,rad-core-55@mixed,1,50,50,50,0.22,0.24,0.54,0.32,0.22,0.34,0.1,0.14,0.58,0.6,0.46,0.18
null,rad-core-55@mixed,2,48,48,48,0.2708,0.2708,0.2083,0.3333,0.1458,0.1667,0.3542,0.5417,0.1458,0.5833,0.0417,0.0833
null,rad-core-55@mixed,3,66,66,66,0.3182,0.2424,0.1667,0.2121,0.2576,0.3485,0.1364,0.1515,0.3788,0.2424,0.5606,0.5
null,rad-core-55@mixed,4,61,61,61,0.4918,0.377,0.3279,0.4098,0.2295,0.2623,0.4262,0.4098,0.3115,0.5246,0.1311,0.1311
triple,rad-core-61,15,91,91,91,0.2637,0.0989,0.1538,0.033,0.2747,0.0989,0.4066,0.0769,0.1538,0.022,0.1978,0.3187
triple,rad-core-61,16,105,105,105,0.0667,0.2667,0.1429,0.1714,0.1143,0.0952,0.1238,0.1524,0.1333,0.2762,0.0762,0.0857
triple,rad-core-61,17,91,91,91,0.0879,0.0769,0.7582,0.3846,0.2308,0.0879,0.0659,0.2637,0.5385,0.3736,0.1209,0.0549
triple,rad-core-61,18,113,113,113,0.115,0.2035,0.4602,0.354,0.4867,0.2655,0.115,0.1239,0.2389,0.2478,0.2743,0.2389
triple,rad-core-61,19,101,101,101,0.0495,0.1584,0.703,0.505,0.495,0.0891,0.0396,0.099,0.4851,0.2574,0.2178,0.1287
triple,rad-core-61,20,92,92,92,0.0,0.1087,0.5,0.413,0.2283,0.0217,0.0,0.413,0.3478,0.4783,0.1304,0.0435
triple,rad-core-61,21,103,103,103,0.165,0.1748,0.2718,0.5146,0.2233,0.1942,0.2621,0.2427,0.1748,0.4854,0.1165,0.2136
triple,rad-core-61,22,100,100,100,0.18,0.09,0.36,0.48,0.21,0.21,0.09,0.02,0.44,0.14,0.28,0.17
triple,rad-core-61,23,91,91,91,0.022,0.033,0.4835,0.4396,0.4945,0.1868,0.022,0.033,0.3297,0.3736,0.3626,0.1868
triple,rad-core-61,24,94,94,94,0.1702,0.1809,0.1064,0.0319,0.2128,0.1702,0.3404,0.1277,0.0638,0.0426,0.1277,0.2234
triple,rad-core-61,25,113,113,113,0.0531,0.1681,0.469,0.531,0.2566,0.1681,0.0885,0.1504,0.2301,0.3805,0.1593,0.1681
triple,rad-core-61,26,101,101,101,0.1089,0.3069,0.0792,0.1584,0.396,0.1287,0.2772,0.198,0.0495,0.0792,0.2475,0.4653
triple,rad-core-61,27,111,111,111,0.2703,0.2613,0.2793,0.1892,0.2613,0.1532,0.4054,0.1802,0.2703,0.1441,0.2162,0.3964
triple,rad-core-61,28,90,90,90,0.1667,0.2111,0.2556,0.1333,0.1889,0.2556,0.1556,0.1444,0.1889,0.1333,0.1778,0.3111
triple,rad-core-61,29,92,92,92,0.0978,0.1522,0.1522,0.413,0.1087,0.1304,0.1413,0.163,0.0761,0.1413,0.0435,0.1304
xtriple,rad-core-61,0,106,106,106,0.0283,0.1132,0.2453,0.0755,0.2264,0.0755,0.0566,0.1792,0.283,0.1509,0.3491,0.2075
xtriple,rad-core-61,1,91,91,91,0.0,0.0989,0.7033,0.8462,0.2967,0.1319,0.0,0.044,0.3846,0.5604,0.1319,0.0769
xtriple,rad-core-61,2,105,105,105,0.1143,0.1524,0.1714,0.1143,0.0762,0.0952,0.3238,0.1714,0.1048,0.0571,0.0571,0.4476
xtriple,rad-core-61,3,101,101,101,0.0594,0.1188,0.7525,0.4653,0.1287,0.0495,0.0297,0.3069,0.4554,0.4851,0.0792,0.0198
xtriple,rad-core-61,4,92,92,92,0.0543,0.0543,0.4891,0.587,0.6087,0.163,0.0435,0.0326,0.4239,0.1848,0.2283,0.0652
xtriple,rad-core-61,5,104,104,104,0.1154,0.2019,0.2788,0.2981,0.3173,0.0865,0.0673,0.0962,0.1923,0.1827,0.1827,0.0673
xtriple,rad-core-61,6,106,106,106,0.1226,0.1038,0.2075,0.3019,0.3491,0.2547,0.1604,0.2075,0.0849,0.1698,0.1792,0.3302
xtriple,rad-core-61,7,91,91,91,0.0769,0.0769,0.5055,0.5495,0.044,0.033,0.0659,0.022,0.4835,0.3297,0.2527,0.011
xtriple,rad-core-61,8,100,100,100,0.03,0.1,0.25,0.18,0.1,0.04,0.12,0.07,0.11,0.08,0.15,0.12
xtriple,rad-core-61,9,101,101,101,0.0594,0.3168,0.4653,0.3069,0.2772,0.1386,0.0792,0.1188,0.2277,0.2376,0.1782,0.2079
xtriple,rad-core-61,10,94,94,94,0.0426,0.117,0.0532,0.0638,0.234,0.1064,0.3404,0.0851,0.0426,0.0638,0.117,0.2553
xtriple,rad-core-61,11,105,105,105,0.181,0.1524,0.0857,0.0952,0.219,0.2286,0.3429,0.1238,0.0667,0.0762,0.1429,0.3905
xtriple,rad-core-61,12,90,90,90,0.0667,0.2,0.0667,0.1,0.0556,0.0889,0.2556,0.2556,0.0778,0.2222,0.0333,0.0444
xtriple,rad-core-61,13,102,102,102,0.2157,0.5196,0.1275,0.1275,0.1176,0.0686,0.1569,0.0882,0.0882,0.0784,0.0784,0.1176
xtriple,rad-core-61,14,107,107,107,0.1215,0.1963,0.0935,0.0561,0.2897,0.1308,0.3364,0.1682,0.0654,0.028,0.2523,0.4486
null,rad-core-61@directed,0,121,121,121,0.0661,0.0661,0.1405,0.0661,0.2479,0.2562,0.0744,0.0413,0.124,0.0496,0.1901,0.1901
null,rad-core-61@directed,1,129,129,129,0.155,0.093,0.1008,0.2403,0.1163,0.155,0.1318,0.2093,0.093,0.1008,0.0775,0.1473
null,rad-core-61@directed,2,123,123,123,0.0569,0.0894,0.0488,0.1057,0.122,0.0813,0.1951,0.1301,0.0407,0.0407,0.0813,0.2602
null,rad-core-61@directed,3,124,124,124,0.2419,0.2419,0.2258,0.0806,0.3548,0.1935,0.0565,0.1532,0.1048,0.1048,0.1532,0.1371
null,rad-core-61@directed,4,110,110,110,0.1545,0.3909,0.3364,0.2,0.1091,0.1091,0.1,0.2273,0.0909,0.1364,0.1273,0.1182
null,rad-core-61@uniform,0,91,91,91,0.1319,0.033,0.3846,0.0549,0.5165,0.4615,0.1209,0.044,0.5055,0.0549,0.6374,0.4505
null,rad-core-61@uniform,1,92,92,92,0.0978,0.1196,0.3043,0.2283,0.2391,0.1522,0.0761,0.1087,0.4457,0.2283,0.337,0.1848
null,rad-core-61@uniform,2,91,91,91,0.2418,0.0659,0.022,0.1099,0.1758,0.4725,0.1868,0.044,0.1868,0.0879,0.3407,0.3736
null,rad-core-61@uniform,3,105,105,105,0.0571,0.0571,0.2857,0.2571,0.1905,0.0476,0.0762,0.1714,0.6095,0.619,0.3524,0.0476
null,rad-core-61@uniform,4,90,90,90,0.0778,0.2889,0.1222,0.1667,0.3111,0.1111,0.0556,0.1444,0.3667,0.1889,0.4778,0.1778
null,rad-core-61@mixed,0,91,91,91,0.2308,0.1209,0.1209,0.0659,0.1648,0.2308,0.2308,0.1429,0.0989,0.1099,0.1538,0.2747
null,rad-core-61@mixed,1,104,104,104,0.2212,0.2981,0.2019,0.1923,0.1635,0.0288,0.1442,0.3942,0.1346,0.4231,0.0673,0.0288
null,rad-core-61@mixed,2,100,100,100,0.1,0.11,0.15,0.09,0.12,0.16,0.04,0.17,0.11,0.13,0.11,0.11
null,rad-core-61@mixed,3,94,94,94,0.234,0.1702,0.3191,0.2553,0.0745,0.0745,0.117,0.1277,0.1596,0.1915,0.0745,0.1064
null,rad-core-61@mixed,4,92,92,92,0.2065,0.1848,0.1739,0.337,0.0217,0.0761,0.1304,0.163,0.2283,0.3587,0.0217,0.0435
triple,rad-core-65,15,101,101,101,0.1386,0.0297,0.3663,0.297,0.2376,0.099,0.1188,0.0297,0.3267,0.2079,0.1683,0.1188
triple,rad-core-65,16,89,89,89,0.0899,0.1236,0.0225,0.1124,0.1124,0.2022,0.3371,0.0674,0.0225,0.0562,0.0449,0.3258
triple,rad-core-65,17,58,58,58,0.2241,0.2931,0.431,0.3448,0.5345,0.3276,0.2759,0.2931,0.3621,0.3966,0.4655,0.2586
triple,rad-core-65,18,91,91,91,0.0659,0.2857,0.7363,0.4396,0.7363,0.1319,0.0659,0.1099,0.3736,0.2088,0.2198,0.1319
triple,rad-core-65,19,83,83,83,0.1807,0.1807,0.3373,0.2289,0.1446,0.0843,0.4819,0.2651,0.1566,0.1325,0.1446,0.5181
triple,rad-core-65,20,81,81,81,0.1358,0.1975,0.0494,0.1235,0.2099,0.2963,0.5679,0.1605,0.0988,0.1235,0.2222,0.4815
triple,rad-core-65,21,75,75,75,0.2267,0.1467,0.5067,0.3733,0.44,0.1467,0.1733,0.0933,0.3467,0.3333,0.2267,0.24
triple,rad-core-65,22,76,76,76,0.1053,0.1579,0.3158,0.3553,0.3684,0.2368,0.0921,0.1579,0.2632,0.4079,0.3947,0.2632
triple,rad-core-65,23,95,95,95,0.1053,0.1474,0.2105,0.3789,0.2842,0.1895,0.3053,0.0947,0.2,0.1684,0.0947,0.2947
triple,rad-core-65,24,102,102,102,0.3039,0.2059,0.1176,0.2353,0.2451,0.2941,0.4412,0.2647,0.0882,0.1667,0.2255,0.5784
triple,rad-core-65,25,91,91,91,0.2198,0.4066,0.4615,0.5275,0.2967,0.1868,0.1319,0.1758,0.5165,0.4286,0.3187,0.2308
triple,rad-core-65,26,82,82,82,0.2561,0.1829,0.4024,0.2561,0.0976,0.1463,0.3415,0.1463,0.3049,0.1707,0.2195,0.2439
triple,rad-core-65,27,99,99,99,0.1515,0.0606,0.596,0.2929,0.2323,0.1212,0.0707,0.0606,0.5152,0.4141,0.2222,0.0909
triple,rad-core-65,28,83,83,83,0.0843,0.0602,0.1446,0.1446,0.3855,0.3012,0.3614,0.0241,0.0843,0.1687,0.3012,0.494
triple,rad-core-65,29,92,92,92,0.1957,0.2935,0.2065,0.3478,0.163,0.2065,0.4565,0.2935,0.1957,0.163,0.2065,0.4565
xtriple,rad-core-65,0,77,77,77,0.1169,0.2078,0.0649,0.0779,0.2987,0.1948,0.4156,0.1818,0.039,0.0649,0.3636,0.4805
xtriple,rad-core-65,1,58,58,58,0.1379,0.2586,0.6897,0.4138,0.3621,0.069,0.069,0.0517,0.4138,0.2414,0.2414,0.1724
xtriple,rad-core-65,2,63,63,63,0.127,0.1111,0.4127,0.2698,0.3492,0.2698,0.1429,0.1746,0.3968,0.2857,0.1587,0.1746
xtriple,rad-core-65,3,103,103,103,0.0874,0.1165,0.2816,0.1359,0.2233,0.3592,0.3301,0.1068,0.1359,0.1068,0.2524,0.3786
xtriple,rad-core-65,4,91,91,91,0.033,0.0549,0.1209,0.0879,0.4835,0.2967,0.4176,0.033,0.0989,0.0549,0.2308,0.2967
xtriple,rad-core-65,5,81,81,81,0.0741,0.2222,0.321,0.321,0.2222,0.1111,0.0247,0.2469,0.358,0.358,0.1852,0.0617
xtriple,rad-core-65,6,81,81,81,0.1111,0.358,0.3827,0.4691,0.3951,0.1358,0.0617,0.0988,0.2593,0.2469,0.1728,0.1358
xtriple,rad-core-65,7,92,92,92,0.087,0.1196,0.2174,0.0326,0.3913,0.0652,0.3913,0.0761,0.0978,0.0543,0.1522,0.337
xtriple,rad-core-65,8,75,75,75,0.08,0.1467,0.3867,0.3733,0.4667,0.3333,0.0533,0.0933,0.24,0.2133,0.2533,0.3867
xtriple,rad-core-65,9,90,90,90,0.2,0.2889,0.3333,0.5,0.0333,0.1,0.1444,0.2889,0.2778,0.5222,0.0333,0.1111
xtriple,rad-core-65,10,95,95,95,0.2737,0.2211,0.4526,0.2105,0.3579,0.3158,0.2105,0.1368,0.3263,0.1895,0.4105,0.4
xtriple,rad-core-65,11,82,82,82,0.1951,0.1463,0.0854,0.061,0.2927,0.1951,0.4634,0.1463,0.0488,0.0244,0.3415,0.3902
xtriple,rad-core-65,12,83,83,83,0.0843,0.0964,0.1687,0.253,0.2771,0.1928,0.4217,0.0602,0.1807,0.1325,0.3855,0.494
xtriple,rad-core-65,13,92,92,92,0.0761,0.0326,0.413,0.2609,0.4457,0.1522,0.3696,0.0217,0.0652,0.0435,0.2174,0.3478
xtriple,rad-core-65,14,93,93,93,0.0538,0.129,0.2581,0.3226,0.172,0.043,0.0538,0.1075,0.4409,0.3441,0.2903,0.0645
null,rad-core-65@directed,0,63,63,63,0.2698,0.254,0.3175,0.2063,0.3492,0.2381,0.1587,0.2381,0.1746,0.1746,0.3016,0.254
null,rad-core-65@directed,1,81,81,81,0.2346,0.0494,0.1111,0.0988,0.3086,0.3827,0.2099,0.1358,0.2963,0.2099,0.2222,0.321
null,rad-core-65@directed,2,95,95,95,0.1474,0.1053,0.3263,0.2842,0.3158,0.2211,0.1263,0.0737,0.3263,0.1579,0.1158,0.0526
null,rad-core-65@directed,3,82,82,82,0.2561,0.1951,0.0976,0.2317,0.061,0.1585,0.3415,0.3171,0.0488,0.1585,0.0488,0.3293
null,rad-core-65@directed,4,93,93,93,0.0968,0.0108,0.3226,0.129,0.2151,0.1935,0.0645,0.0215,0.2796,0.1183,0.3333,0.1398
null,rad-core-65@uniform,0,58,58,58,0.1724,0.2931,0.0517,0.1207,0.3103,0.2069,0.569,0.2069,0.0345,0.0862,0.2241,0.4655
null,rad-core-65@uniform,1,96,96,96,0.2188,0.3646,0.1458,0.2292,0.0833,0.1354,0.2292,0.5,0.125,0.3542,0.0521,0.0938
null,rad-core-65@uniform,2,75,75,75,0.2133,0.1067,0.3867,0.2533,0.1867,0.1067,0.1467,0.3867,0.2933,0.52,0.12,0.08
null,rad-core-65@uniform,3,95,95,95,0.1368,0.2421,0.3263,0.2632,0.3474,0.2316,0.0842,0.0737,0.4842,0.4947,0.4316,0.1158
null,rad-core-65@uniform,4,83,83,83,0.3735,0.1807,0.1325,0.0964,0.0602,0.1566,0.5181,0.4699,0.1446,0.1687,0.1205,0.3855
null,rad-core-65@mixed,0,77,77,77,0.2468,0.2208,0.2987,0.2208,0.2727,0.3117,0.1429,0.1818,0.1169,0.1299,0.2078,0.2468
null,rad-core-65@mixed,1,83,83,83,0.3373,0.241,0.0843,0.1205,0.4096,0.2651,0.241,0.1687,0.1084,0.0964,0.1084,0.2892
null,rad-core-65@mixed,2,76,76,76,0.2368,0.2105,0.4474,0.1711,0.0658,0.1842,0.1447,0.1316,0.2368,0.2368,0.0526,0.1184
null,rad-core-65@mixed,3,90,90,90,0.3222,0.4556,0.2333,0.3111,0.1333,0.0667,0.1889,0.4444,0.2778,0.3111,0.1778,0.0778
null,rad-core-65@mixed,4,100,100,100,0.19,0.26,0.28,0.34,0.06,0.2,0.15,0.2,0.2,0.35,0.07,0.12
triple,rad-core-68,15,54,54,54,0.3148,0.3333,0.1296,0.2407,0.1481,0.3704,0.2963,0.2222,0.0926,0.1481,0.2222,0.6111
triple,rad-core-68,16,47,47,47,0.234,0.3191,0.1702,0.2128,0.0638,0.1064,0.5745,0.4681,0.0638,0.1489,0.0851,0.4468
triple,rad-core-68,17,47,47,47,0.5745,0.5319,0.1915,0.2128,0.1702,0.234,0.5532,0.5319,0.1277,0.4043,0.1064,0.3404
triple,rad-core-68,18,45,45,45,0.4667,0.2889,0.1556,0.0667,0.2222,0.2667,0.5556,0.3556,0.1111,0.0444,0.2,0.4444
triple,rad-core-68,19,23,23,23,0.4348,0.8261,0.5652,0.5652,0.5652,0.3478,0.5652,0.8696,0.3478,0.6957,0.1739,0.1739
triple,rad-core-68,20,47,47,47,0.2553,0.4255,0.383,0.4681,0.383,0.2979,0.3617,0.6383,0.1915,0.5532,0.1915,0.1915
triple,rad-core-68,21,32,32,32,0.2812,0.1562,0.4688,0.3438,0.4688,0.1875,0.2188,0.375,0.2188,0.5625,0.1562,0.1562
triple,rad-core-68,22,28,28,28,0.3929,0.4643,0.3214,0.1429,0.3214,0.4286,0.6071,0.5357,0.2143,0.1071,0.3929,0.6429
triple,rad-core-68,23,34,34,34,0.1176,0.2647,0.4412,0.4118,0.5294,0.3529,0.1471,0.1176,0.4118,0.1765,0.5882,0.3529
triple,rad-core-68,24,30,30,30,0.4333,0.2667,0.1333,0.1,0.4,0.4333,0.8667,0.5333,0.1,0.0667,0.1667,0.5
triple,rad-core-68,25,26,26,26,0.3077,0.3462,0.4231,0.4615,0.2308,0.3846,0.2308,0.3846,0.3077,0.3077,0.4231,0.6538
triple,rad-core-68,26,34,34,34,0.1176,0.2353,0.6176,0.5,0.5588,0.2647,0.1765,0.2059,0.6471,0.5882,0.7059,0.2353
triple,rad-core-68,27,52,52,52,0.4808,0.2308,0.5,0.3077,0.5,0.5192,0.6346,0.25,0.1923,0.1731,0.25,0.6538
triple,rad-core-68,28,36,36,36,0.5278,0.1389,0.4167,0.1111,0.4444,0.3611,0.2222,0.1944,0.3056,0.2222,0.1111,0.1389
triple,rad-core-68,29,39,39,39,0.2308,0.2564,0.3077,0.3077,0.3846,0.3333,0.4103,0.2308,0.2308,0.2308,0.359,0.3846
xtriple,rad-core-68,0,57,57,57,0.1228,0.2281,0.1053,0.2632,0.2456,0.0877,0.2105,0.2982,0.0877,0.2982,0.1579,0.0175
xtriple,rad-core-68,1,47,47,47,0.4894,0.383,0.2766,0.1064,0.2979,0.3404,0.4468,0.383,0.2553,0.1064,0.3404,0.5532
xtriple,rad-core-68,2,53,53,53,0.3774,0.4528,0.1887,0.283,0.3208,0.283,0.5472,0.5094,0.0943,0.566,0.1321,0.1698
xtriple,rad-core-68,3,45,45,45,0.3778,0.3556,0.4,0.4,0.3333,0.3556,0.4889,0.5556,0.2222,0.8,0.1556,0.2444
xtriple,rad-core-68,4,23,23,23,0.6957,0.3478,0.2609,0.1739,0.2609,0.087,0.4783,0.6957,0.1304,0.4783,0.087,0.0435
xtriple,rad-core-68,5,58,58,58,0.3966,0.4138,0.1724,0.3276,0.0517,0.1379,0.4483,0.5517,0.1724,0.431,0.0517,0.1034
xtriple,rad-core-68,6,32,32,32,0.3438,0.3125,0.375,0.375,0.5,0.4062,0.2812,0.2812,0.2188,0.25,0.3125,0.5625
xtriple,rad-core-68,7,28,28,28,0.2143,0.4286,0.3929,0.5714,0.1429,0.1071,0.5714,0.5357,0.1786,0.1429,0.1786,0.4643
xtriple,rad-core-68,8,34,34,34,0.1765,0.2647,0.4706,0.5588,0.3529,0.3529,0.1176,0.1765,0.6176,0.4118,0.7647,0.4706
xtriple,rad-core-68,9,34,34,34,0.3529,0.4118,0.3529,0.3529,0.3529,0.2059,0.3529,0.2353,0.1471,0.1765,0.4412,0.5882
xtriple,rad-core-68,10,26,26,26,0.1923,0.2308,0.5385,0.3077,0.1923,0.2692,0.3077,0.1538,0.3077,0.2692,0.2692,0.4231
xtriple,rad-core-68,11,30,30,30,0.3667,0.3333,0.2,0.4,0.4,0.4333,0.6,0.3333,0.2,0.3667,0.7333,0.5333
xtriple,rad-core-68,12,48,48,48,0.6667,0.2917,0.125,0.1458,0.2083,0.5208,0.4167,0.2708,0.1458,0.1042,0.1458,0.5833
xtriple,rad-core-68,13,36,36,36,0.3056,0.0556,0.6944,0.2778,0.6667,0.4167,0.2222,0.0556,0.4167,0.1944,0.5833,0.3889
xtriple,rad-core-68,14,39,39,39,0.4103,0.4615,0.2308,0.2308,0.2564,0.1282,0.5128,0.5128,0.2821,0.2308,0.1538,0.4359
null,rad-core-68@directed,0,47,47,47,0.2979,0.2128,0.3191,0.3404,0.4468,0.5106,0.2128,0.1277,0.1702,0.1702,0.4894,0.617
null,rad-core-68@directed,1,23,23,23,0.3478,0.5652,0.1739,0.6087,0.3043,0.4348,0.3478,0.6087,0.2609,0.8261,0.2174,0.1739
null,rad-core-68@directed,2,28,28,28,0.6071,0.5,0.3214,0.5,0.1786,0.2857,0.3214,0.5,0.2143,0.5,0.1071,0.25
null,rad-core-68@directed,3,26,26,26,0.3846,0.4231,0.2308,0.3846,0.5,0.3462,0.3462,0.1154,0.3846,0.1923,0.5,0.5769
null,rad-core-68@directed,4,36,36,36,0.7778,0.4444,0.4722,0.4444,0.3611,0.7222,0.4444,0.6111,0.25,0.25,0.2778,0.4444
null,rad-core-68@uniform,0,47,47,47,0.1277,0.2128,0.5532,0.5532,0.1915,0.0426,0.4043,0.4681,0.2979,0.3617,0.2766,0.0638
null,rad-core-68@uniform,1,62,62,62,0.0968,0.129,0.3387,0.3387,0.2742,0.1935,0.1774,0.1129,0.3226,0.1935,0.3871,0.4516
null,rad-core-68@uniform,2,63,63,63,0.3333,0.1587,0.1746,0.1111,0.254,0.3175,0.5556,0.5714,0.2698,0.6032,0.1111,0.1111
null,rad-core-68@uniform,3,30,30,30,0.1,0.1667,0.4667,0.3,0.4333,0.2667,0.1333,0.1667,0.8333,0.2,0.5333,0.4
null,rad-core-68@uniform,4,51,51,51,0.2941,0.1961,0.1765,0.1373,0.4118,0.5686,0.1373,0.1373,0.3725,0.2745,0.6275,0.3137
null,rad-core-68@mixed,0,57,57,57,0.386,0.3333,0.1228,0.1404,0.2982,0.3158,0.5263,0.4386,0.1053,0.0877,0.1754,0.5614
null,rad-core-68@mixed,1,47,47,47,0.4255,0.3617,0.0638,0.2128,0.0851,0.2553,0.7021,0.7234,0.0213,0.1489,0.0851,0.6809
null,rad-core-68@mixed,2,34,34,34,0.1471,0.2353,0.2059,0.1765,0.1471,0.3235,0.1765,0.1471,0.5294,0.1471,0.5,0.4412
null,rad-core-68@mixed,3,34,34,34,0.5,0.4118,0.2647,0.2941,0.4118,0.3824,0.5,0.5588,0.4118,0.2647,0.4706,0.5294
null,rad-core-68@mixed,4,48,48,48,0.6458,0.2917,0.0625,0.1875,0.1458,0.4583,0.5,0.3333,0.0417,0.125,0.1875,0.4792
triple,takeoff,15,16,16,16,1.0,1.0,1.0,1.0,1.0,1.0,0.8125,0.5625,0.6875,0.5,0.6875,0.375
triple,takeoff,16,23,23,23,1.0,1.0,1.0,1.0,1.0,1.0,0.6957,0.4783,0.7391,0.6087,0.6957,0.4348
triple,takeoff,17,18,18,18,1.0,1.0,1.0,1.0,1.0,1.0,0.5556,0.5,0.4444,0.6111,0.6111,0.5556
triple,takeoff,18,21,21,21,1.0,1.0,1.0,1.0,1.0,1.0,0.4762,0.619,0.6667,0.5714,0.5238,0.4286
triple,takeoff,19,19,19,19,1.0,1.0,1.0,1.0,1.0,1.0,0.6842,0.7895,0.6842,0.4737,0.7368,0.5789
triple,takeoff,20,22,22,22,1.0,1.0,1.0,1.0,0.4545,0.5909,0.6818,0.5909,0.7273,0.6818,0.5455,0.5455
triple,takeoff,21,22,22,22,1.0,1.0,1.0,1.0,1.0,1.0,0.4545,0.5909,0.5909,0.6364,0.7273,0.5455
triple,takeoff,22,13,13,13,1.0,1.0,1.0,1.0,1.0,1.0,0.3077,0.6154,0.9231,0.6923,0.8462,0.6154
triple,takeoff,23,22,22,22,0.5455,0.7273,1.0,1.0,1.0,1.0,0.5,0.5909,0.6818,0.7727,0.6364,0.6818
triple,takeoff,24,23,23,23,1.0,1.0,1.0,1.0,1.0,1.0,0.3913,0.5217,0.6522,0.6522,0.5652,0.3478
triple,takeoff,25,22,22,22,1.0,1.0,1.0,1.0,1.0,1.0,0.3636,0.6364,0.4545,0.5455,0.7273,0.4091
triple,takeoff,26,25,25,25,0.64,0.64,0.76,0.64,1.0,1.0,0.52,0.6,0.68,0.68,0.64,0.56
triple,takeoff,27,24,24,24,1.0,1.0,1.0,1.0,0.6667,0.5833,0.5,0.7917,0.5,0.5,0.625,0.25
triple,takeoff,28,19,19,19,1.0,1.0,1.0,1.0,1.0,1.0,0.2632,0.5263,0.6316,0.6842,0.5789,0.5789
triple,takeoff,29,18,18,18,1.0,1.0,1.0,1.0,1.0,1.0,0.4444,0.5,0.4444,0.6111,0.5,0.7222
xtriple,takeoff,0,18,18,18,1.0,1.0,0.6111,0.5556,1.0,1.0,0.3889,0.7222,0.6111,0.5556,0.8333,0.5
xtriple,takeoff,1,19,19,19,1.0,1.0,1.0,1.0,1.0,1.0,0.6842,0.5263,0.6316,0.4737,0.3684,0.5263
xtriple,takeoff,2,16,16,16,1.0,1.0,1.0,1.0,1.0,1.0,0.5,0.5,0.6875,0.5,0.6875,0.625
xtriple,takeoff,3,19,19,19,0.3158,0.6842,1.0,1.0,0.4211,0.3158,0.5263,0.5789,0.5789,0.6842,0.5263,0.3684
xtriple,takeoff,4,22,22,22,1.0,1.0,1.0,1.0,1.0,1.0,0.5455,0.5,0.6818,0.5909,0.5455,0.6818
xtriple,takeoff,5,21,21,21,0.619,0.5238,1.0,1.0,1.0,1.0,0.4762,0.4762,0.619,0.5238,0.4762,0.4762
xtriple,takeoff,6,19,19,19,1.0,1.0,1.0,1.0,1.0,1.0,0.4737,0.5263,0.6842,0.7895,0.6842,0.5789
xtriple,takeoff,7,22,22,22,1.0,1.0,1.0,1.0,1.0,1.0,0.4545,0.7273,0.7727,0.7727,0.7727,0.6364
xtriple,takeoff,8,13,13,13,1.0,1.0,0.4615,0.5385,1.0,1.0,0.3846,0.4615,0.3846,0.6923,0.6923,0.6154
xtriple,takeoff,9,22,22,22,1.0,1.0,1.0,1.0,1.0,1.0,0.4091,0.6364,0.3182,0.5455,0.4091,0.5455
xtriple,takeoff,10,25,25,25,1.0,1.0,0.84,0.72,1.0,1.0,0.52,0.44,0.68,0.76,0.6,0.56
xtriple,takeoff,11,25,25,25,0.72,0.8,1.0,1.0,1.0,1.0,0.52,0.64,0.52,0.56,0.6,0.36
xtriple,takeoff,12,18,18,18,1.0,1.0,1.0,1.0,1.0,1.0,0.3889,0.7222,0.6667,0.7778,0.5556,0.5
xtriple,takeoff,13,23,23,23,1.0,1.0,1.0,1.0,1.0,1.0,0.4783,0.4783,0.6957,0.5217,0.4348,0.4348
xtriple,takeoff,14,22,22,22,1.0,1.0,1.0,1.0,1.0,1.0,0.3636,0.7727,0.4545,0.6818,0.5455,0.4091
null,takeoff@directed,0,23,23,23,0.6957,0.6957,1.0,1.0,1.0,1.0,0.6522,0.5652,0.7826,0.5652,0.6957,0.6087
null,takeoff@directed,1,24,24,24,1.0,1.0,0.5417,0.5833,1.0,1.0,0.5,0.4167,0.5417,0.625,0.6667,0.7083
null,takeoff@directed,2,23,23,23,1.0,1.0,1.0,1.0,0.913,0.7826,0.7391,0.7826,0.8261,0.8696,0.8696,0.8696
null,takeoff@directed,3,23,23,23,1.0,1.0,1.0,1.0,1.0,1.0,0.6087,0.6957,0.3478,0.6087,0.6957,0.6087
null,takeoff@directed,4,24,24,24,1.0,1.0,0.6667,0.4167,1.0,1.0,0.7083,0.625,0.7083,0.4583,0.4583,0.5833
null,takeoff@uniform,0,16,16,16,1.0,1.0,1.0,1.0,1.0,1.0,0.6875,0.75,0.8125,0.9375,0.75,0.4375
null,takeoff@uniform,1,19,19,19,1.0,1.0,1.0,1.0,1.0,1.0,0.5263,0.6842,0.6842,0.7895,0.6316,0.5789
null,takeoff@uniform,2,19,19,19,1.0,1.0,1.0,1.0,1.0,1.0,0.4211,0.4211,0.6842,0.7895,0.7895,0.6842
null,takeoff@uniform,3,22,22,22,1.0,1.0,1.0,1.0,0.7273,0.5909,0.5455,0.5,0.4545,0.5455,0.5455,0.6818
null,takeoff@uniform,4,19,19,19,1.0,1.0,1.0,1.0,1.0,1.0,0.7368,0.5789,0.5789,0.7368,0.5263,0.4211
null,takeoff@mixed,0,18,18,18,1.0,1.0,1.0,1.0,1.0,1.0,0.5556,0.5556,0.6667,0.5556,0.4444,0.3889
null,takeoff@mixed,1,24,24,24,1.0,1.0,1.0,1.0,0.5417,0.4167,0.5833,0.625,0.625,0.5833,0.4167,0.5417
null,takeoff@mixed,2,13,13,13,1.0,1.0,1.0,1.0,1.0,1.0,0.7692,0.8462,0.6154,0.7692,0.7692,0.6923
null,takeoff@mixed,3,25,25,25,1.0,1.0,1.0,1.0,1.0,1.0,0.64,0.4,0.52,0.72,0.48,0.72
null,takeoff@mixed,4,18,18,18,0.5556,0.6667,1.0,1.0,1.0,1.0,0.4444,0.4444,0.5556,0.3889,0.7222,0.6111
