mode,subject,seed,d_n,u_n,m_n,prec_du,prec_dm,prec_ud,prec_um,prec_md,prec_mu,cov_du,cov_dm,cov_ud,cov_um,cov_md,cov_mu
triple,fsm-combined,0,44,26,32,0.7692,0.875,0.7955,0.875,0.9545,0.8846,0.3409,0.4545,0.7692,0.8846,0.5938,0.4375
triple,fsm-combined,1,46,26,34,0.3846,0.8235,0.8043,0.7647,0.5435,0.3462,0.2391,0.3261,0.7308,0.8077,0.2941,0.2353
triple,fsm-combined,2,27,18,29,0.7778,0.4828,0.8519,0.931,0.6296,0.7222,0.4444,0.5185,0.1667,0.7222,0.3103,0.4483
triple,fsm-combined,3,26,52,30,0.9038,0.6667,0.6538,0.8667,0.5769,0.3462,0.3462,0.3846,0.3077,0.2885,0.6333,0.2
triple,fsm-combined,4,38,32,25,0.625,0.24,0.8684,0.44,0.7632,0.8125,0.1579,0.1579,0.5312,0.2188,0.28,0.08
triple,fsm-combined,5,48,41,11,0.1951,0.8182,0.7292,0.8182,1.0,0.9756,0.2083,0.25,0.1707,0.2439,0.7273,1.0
triple,fsm-combined,6,29,31,31,0.3548,0.3226,0.1379,0.0645,0.5862,0.4516,0.069,0.1034,0.0645,0.0323,0.2903,0.1935
triple,fsm-combined,7,31,20,24,0.8,0.2917,0.871,0.5,0.7742,0.65,0.6774,0.2258,0.8,0.25,0.25,0.3333
triple,fsm-combined,8,33,43,24,0.9767,0.8333,0.7576,0.7917,0.8182,0.6512,0.3636,0.5455,0.2093,0.2791,0.875,0.4583
triple,fsm-combined,9,45,24,15,0.5,0.5333,0.9111,0.5333,0.9111,0.7083,0.2667,0.2,0.9583,0.3333,0.4667,0.5333
triple,fsm-combined,10,17,43,47,0.7907,0.6596,0.8235,0.5745,0.8824,0.8372,0.8824,0.9412,0.3256,0.3488,0.5532,0.4681
triple,fsm-combined,11,35,18,38,0.8333,0.8158,0.3429,0.8421,0.6571,0.7222,0.2286,0.3429,0.2778,0.9444,0.3421,0.3158
triple,fsm-combined,12,28,34,23,0.3824,0.7391,0.8214,0.7826,0.8929,0.3529,0.1429,0.2857,0.1471,0.2059,0.6957,0.2609
triple,fsm-combined,13,19,23,31,0.6957,0.4839,0.6842,0.6452,0.6842,1.0,0.6842,0.6842,0.3913,0.4348,0.5484,0.3226
triple,fsm-combined,14,26,29,34,0.6552,0.7353,0.9231,0.7059,0.8462,0.4138,0.1923,0.3462,0.4483,0.3103,0.4412,0.3824
xtriple,fsm-combined,0,44,26,29,0.5769,0.5517,0.7045,0.7586,0.6818,0.9231,0.2955,0.2727,0.6538,0.6923,0.3448,0.3448
xtriple,fsm-combined,1,46,18,32,0.5556,0.8438,0.9565,0.9375,0.9565,0.9444,0.1739,0.3043,0.3333,0.4444,0.625,0.3438
xtriple,fsm-combined,2,27,26,34,0.5769,0.7353,0.6667,0.8235,0.4444,0.4231,0.2963,0.3333,0.6538,0.7692,0.2353,0.2059
xtriple,fsm-combined,3,26,32,11,0.7812,0.7273,0.6154,0.8182,0.9615,0.9688,0.2692,0.3462,0.3438,0.3438,1.0,1.0
xtriple,fsm-combined,4,38,41,30,0.0976,0.7333,0.7105,0.7333,0.3684,0.122,0.1842,0.2368,0.1951,0.1707,0.1667,0.4667
xtriple,fsm-combined,5,48,52,25,0.75,0.36,0.6458,0.36,0.4583,0.7692,0.3125,0.1667,0.2885,0.25,0.32,0.4
xtriple,fsm-combined,6,29,20,24,0.55,0.4583,0.931,0.7917,0.8276,0.7,0.4828,0.4483,0.6,0.8,0.7083,0.7083
xtriple,fsm-combined,7,31,43,31,0.3023,0.4194,0.6129,0.3871,0.4516,0.6047,0.3226,0.3871,0.2093,0.186,0.2581,0.3871
xtriple,fsm-combined,8,33,31,24,0.8387,0.9583,0.0909,0.0833,0.8182,0.3871,0.2727,0.3333,0.0968,0.0645,0.3333,0.2917
xtriple,fsm-combined,9,45,43,38,0.4186,0.5,0.8222,0.7368,0.6889,0.5814,0.2889,0.4444,0.1628,0.3256,0.4211,0.3684
xtriple,fsm-combined,10,17,18,15,0.4444,0.6,0.8235,0.3333,0.4118,0.8333,0.2941,0.2941,0.1667,0.3333,0.4667,0.4667
xtriple,fsm-combined,11,35,24,47,0.7083,0.6383,0.6,0.3191,0.5143,0.8333,0.3714,0.4571,0.75,0.375,0.2128,0.1489
xtriple,fsm-combined,12,28,23,34,0.5652,0.6471,0.8571,0.2647,0.75,0.7391,0.6429,0.2143,0.2174,0.3478,0.3235,0.4118
xtriple,fsm-combined,13,19,29,23,0.3793,0.4783,0.7368,0.8261,1.0,0.7931,0.2105,0.6842,0.2759,0.3103,0.5217,0.3043
xtriple,fsm-combined,14,26,34,31,0.3235,0.4516,0.8077,0.6774,0.8462,0.2059,0.2308,0.4231,0.2059,0.2353,0.3548,0.129
null,fsm-combined@directed,0,44,46,27,0.6522,0.7778,0.7045,0.5185,0.7045,0.6957,0.5682,0.3409,0.3261,0.1739,0.3704,0.2963
null,fsm-combined@directed,1,26,38,48,0.9737,0.75,0.6154,0.3333,0.6538,0.8421,0.3462,0.3077,0.3421,0.3421,0.1667,0.25
null,fsm-combined@directed,2,29,31,33,0.3548,0.6364,0.3793,0.7273,0.8276,0.871,0.4828,0.3448,0.5484,0.5806,0.3636,0.5152
null,fsm-combined@directed,3,45,17,35,0.3529,0.3429,0.8889,0.4857,0.8222,0.5882,0.3556,0.2,0.5294,0.4706,0.4286,0.2286
null,fsm-combined@directed,4,28,19,26,0.7895,0.6538,0.6786,0.7692,0.8214,0.6316,0.2857,0.4286,0.5263,0.7368,0.5,0.3846
null,fsm-combined@uniform,0,26,26,18,0.6923,0.7778,0.5769,0.3889,0.8462,0.9615,0.5385,0.5,0.6538,0.4615,0.5,0.2222
null,fsm-combined@uniform,1,52,32,41,0.6875,0.4634,0.8846,0.3902,0.8077,0.5312,0.25,0.1731,0.5625,0.375,0.2683,0.2683
null,fsm-combined@uniform,2,31,20,43,0.25,0.1628,0.9355,0.7674,0.3226,0.6,0.0968,0.129,0.3,0.25,0.1395,0.1395
null,fsm-combined@uniform,3,24,43,18,0.6279,0.3333,0.625,0.8889,0.5,0.6279,0.7917,0.25,0.2558,0.093,0.2222,0.6111
null,fsm-combined@uniform,4,34,23,29,0.6522,0.6897,0.3529,0.4828,0.4412,0.4783,0.2059,0.2647,0.1739,0.1304,0.3793,0.2759
null,fsm-combined@mixed,0,32,34,29,0.9118,0.9655,0.5,0.5862,0.8125,0.9118,0.375,0.4688,0.3824,0.2647,0.3448,0.4828
null,fsm-combined@mixed,1,30,25,11,0.4,0.3636,0.8,0.6364,0.9667,1.0,0.1,0.5,0.44,0.36,0.9091,0.5455
null,fsm-combined@mixed,2,31,24,24,0.5,0.375,0.5806,0.7083,0.7742,0.4167,0.3226,0.6129,0.2917,0.5833,0.4583,0.375
null,fsm-combined@mixed,3,15,47,38,0.7021,0.9474,0.8,0.9211,0.9333,0.3617,0.5333,0.7333,0.1702,0.2128,0.3158,0.2105
null,fsm-combined@mixed,4,23,31,34,0.8387,0.3235,0.4348,0.4118,0.5652,0.9355,0.3913,0.4348,0.4194,0.2581,0.3824,0.4118
triple,fsm-timing,0,40,35,30,0.8,0.7333,0.575,0.7,0.85,0.8857,0.775,0.825,0.8,0.7429,0.8,0.9
triple,fsm-timing,1,27,39,48,0.8205,0.75,0.8519,0.9583,0.5185,0.641,0.8519,0.8519,0.9231,0.9231,0.6667,0.6042
triple,fsm-timing,2,43,28,40,0.7143,0.575,0.8837,0.8,0.8605,0.7857,0.4651,0.7674,0.9643,1.0,0.975,0.65
triple,fsm-timing,3,52,37,52,0.6757,0.7692,0.9423,0.8077,0.9423,0.7297,0.3077,0.3077,0.8378,0.8919,0.7885,0.8846
triple,fsm-timing,4,43,60,34,0.7167,0.7941,0.7907,0.7647,0.7674,0.7,0.7209,0.6047,0.5,0.4667,0.9706,0.9412
triple,fsm-timing,5,34,28,43,0.6429,0.6512,0.9706,0.7907,0.7647,0.5,0.4412,0.8235,0.8571,1.0,0.6279,0.3023
triple,fsm-timing,6,42,47,37,0.6596,0.8649,0.8333,0.8108,0.7619,0.766,0.5952,0.7857,0.7234,0.5106,0.5946,0.3243
triple,fsm-timing,7,53,23,51,0.7391,0.7647,0.8868,0.8235,0.9057,0.6522,0.8302,0.8679,1.0,1.0,0.7647,0.6078
triple,fsm-timing,8,35,36,33,0.6389,0.5152,0.6,0.4545,0.8571,0.8889,0.7143,0.8286,0.9722,0.5278,0.8182,0.4848
triple,fsm-timing,9,44,44,45,0.5227,0.6,0.75,0.6889,0.9091,0.7045,0.7273,0.5455,0.5909,0.75,0.7111,0.9556
triple,fsm-timing,10,25,35,37,0.8857,0.8378,0.84,0.7027,0.96,0.9143,0.88,0.96,0.6571,0.2857,0.8378,0.9189
triple,fsm-timing,11,52,46,36,0.4348,0.5,0.7308,0.8056,0.75,0.8261,0.3269,0.4231,0.7609,0.8043,0.7778,0.8611
triple,fsm-timing,12,40,39,33,0.641,0.8182,0.675,0.4545,0.85,0.8718,0.625,0.425,0.8718,0.7179,0.8788,0.7879
triple,fsm-timing,13,54,48,41,0.75,0.6341,0.4259,0.4146,0.8333,0.75,0.7037,0.8333,0.625,0.5208,0.878,0.8049
triple,fsm-timing,14,28,35,31,0.6,0.7097,0.8571,0.6452,0.9286,0.7429,0.3214,0.8929,0.6571,0.8,0.9677,0.7742
xtriple,fsm-timing,0,40,39,40,0.7436,0.725,0.95,0.95,0.875,0.8462,0.8,0.85,0.9231,0.9487,0.925,0.6
xtriple,fsm-timing,1,27,28,30,0.5357,0.8333,0.7037,0.7667,0.8519,0.7857,0.6667,0.963,0.9643,0.8571,0.9667,0.6
xtriple,fsm-timing,2,43,35,48,0.5143,0.6667,0.6512,0.7083,0.6977,0.7714,0.7907,0.8837,0.8,0.7714,0.8125,0.8333
xtriple,fsm-timing,3,52,60,43,0.5833,0.6047,0.7885,0.7209,0.5769,0.5833,0.3269,0.3269,0.4,0.7667,0.7209,0.5349
xtriple,fsm-timing,4,43,28,52,0.6429,0.6346,0.8605,0.7885,0.9302,0.6786,0.4884,0.4651,0.8214,0.9286,0.6923,0.5962
xtriple,fsm-timing,5,34,37,34,0.5946,0.8235,0.8824,0.8824,0.9118,0.7297,0.7059,0.7353,0.6757,0.8649,0.9412,0.9412
xtriple,fsm-timing,6,42,23,33,0.6522,0.6061,0.9286,0.8485,0.9048,0.913,0.5714,0.5238,1.0,0.8261,0.7879,0.8485
xtriple,fsm-timing,7,53,36,37,0.75,0.8649,0.5849,0.8649,0.5472,0.7222,0.4528,0.7736,0.6111,0.6944,0.5676,0.4865
xtriple,fsm-timing,8,35,47,51,0.5957,0.6667,0.7429,0.6078,0.9143,0.8085,0.5143,0.8286,0.8085,0.7234,0.7255,0.6667
xtriple,fsm-timing,9,44,35,36,0.7714,0.6667,0.6364,0.7222,0.75,0.8286,0.6818,0.7955,0.6,0.6,0.7222,0.6111
xtriple,fsm-timing,10,25,46,45,0.8696,0.7111,0.8,0.4889,0.84,0.8043,0.92,0.6,0.7174,0.6522,0.6222,0.6444
xtriple,fsm-timing,11,52,44,37,0.3864,0.4865,0.9231,0.6486,0.8846,0.8864,0.2692,0.3462,0.7727,0.7273,0.8649,0.8378
xtriple,fsm-timing,12,40,48,31,0.5833,0.6774,0.6,0.5484,0.875,0.7292,0.675,0.775,0.5,0.5833,1.0,0.9032
xtriple,fsm-timing,13,54,35,33,0.7429,0.8788,0.7593,0.7576,0.7222,0.7143,0.6481,0.5556,0.8571,0.6857,0.8788,0.8485
xtriple,fsm-timing,14,28,39,41,0.6667,0.8537,0.8571,0.4878,0.8929,0.8462,0.5,0.9643,0.6667,0.7692,0.5854,0.8049
null,fsm-timing@directed,0,40,27,43,0.7407,0.907,0.9,0.7442,0.725,0.7037,0.825,0.8,1.0,0.9259,0.8372,0.7674
null,fsm-timing@directed,1,52,43,34,0.6977,0.7941,0.8462,0.8529,0.8077,0.8372,0.4808,0.5,0.8837,0.8372,1.0,0.8824
null,fsm-timing@directed,2,42,53,35,0.717,0.7429,0.7381,0.8857,0.7381,0.717,0.6905,0.8095,0.8868,0.8679,0.9714,0.6857
null,fsm-timing@directed,3,44,25,52,0.72,0.7115,0.8409,0.9038,0.5,0.68,0.8864,0.8636,1.0,1.0,0.4038,0.3654
null,fsm-timing@directed,4,40,54,28,0.7037,0.9643,0.9,0.8571,0.875,0.7222,0.875,0.8,0.9074,0.7407,1.0,0.6786
null,fsm-timing@uniform,0,35,39,28,0.5385,0.5,1.0,0.9286,0.8286,0.8205,0.6286,0.6571,0.9487,0.8974,0.9643,0.9286
null,fsm-timing@uniform,1,37,60,28,0.8,0.75,0.7297,0.6786,0.8649,0.7333,0.9189,0.7838,0.7167,0.4667,0.8929,0.8929
null,fsm-timing@uniform,2,47,23,36,0.6087,0.8333,0.8511,0.9167,0.5106,0.4348,0.5106,0.7234,0.9565,0.9565,0.7778,0.6667
null,fsm-timing@uniform,3,44,35,46,0.8,0.7609,0.8409,0.7391,0.6136,0.8286,0.8182,0.9091,0.8857,0.6571,0.7826,0.8696
null,fsm-timing@uniform,4,39,48,35,0.4792,0.5429,0.5897,0.5714,0.8974,0.6875,0.8974,0.8974,0.5,0.5833,0.7714,0.8286
null,fsm-timing@mixed,0,30,48,40,0.8333,0.75,0.7333,0.725,0.9333,0.7708,0.9667,0.7667,0.7083,0.8542,0.825,1.0
null,fsm-timing@mixed,1,52,34,43,0.7941,0.7442,0.75,0.8837,0.5385,0.4412,0.75,0.6923,0.6471,0.9706,0.4884,0.3721
null,fsm-timing@mixed,2,37,51,33,0.6275,0.4848,0.8919,0.7273,0.9459,0.8627,0.7297,0.7297,0.5294,0.5098,0.8485,0.7879
null,fsm-timing@mixed,3,45,37,36,0.7297,0.8611,0.8222,0.9444,0.6667,0.7568,0.6444,0.7556,0.7297,1.0,0.3333,0.4722
null,fsm-timing@mixed,4,33,41,31,0.7317,0.8387,0.8788,0.7742,0.8788,0.8293,0.9394,0.9394,0.5854,0.8293,0.7419,1.0
triple,fsm,0,15,17,18,0.8235,0.9444,0.8667,0.8333,0.9333,0.9412,0.7333,0.8667,0.3529,0.5882,0.8889,0.8333
triple,fsm,1,14,19,8,0.9474,0.875,1.0,1.0,1.0,1.0,1.0,0.8571,0.5789,0.5789,1.0,1.0
triple,fsm,2,14,16,15,0.8125,0.9333,1.0,1.0,1.0,1.0,0.9286,1.0,0.625,1.0,1.0,0.9333
triple,fsm,3,17,17,12,0.8824,0.8333,1.0,1.0,0.8824,0.9412,0.8824,0.6471,0.5882,0.8235,0.6667,1.0
triple,fsm,4,9,15,13,1.0,1.0,0.7778,0.9231,0.7778,0.9333,1.0,1.0,0.7333,0.9333,0.5385,1.0
triple,fsm,5,17,17,23,1.0,1.0,0.8235,1.0,0.7059,0.7647,0.9412,0.8235,1.0,1.0,0.6087,0.8261
triple,fsm,6,11,19,15,1.0,1.0,0.9091,0.9333,1.0,0.9474,1.0,1.0,0.8421,0.8421,0.8667,1.0
triple,fsm,7,11,10,11,1.0,1.0,1.0,1.0,0.9091,0.9,1.0,1.0,1.0,1.0,0.6364,0.9091
triple,fsm,8,15,21,20,1.0,0.95,0.8667,0.9,0.9333,0.8095,0.8667,0.9333,0.8095,0.9524,0.5,0.7
triple,fsm,9,22,14,18,0.7857,0.8889,0.9091,1.0,0.9091,0.9286,0.8182,0.6364,1.0,0.9286,0.7778,0.8889
triple,fsm,10,9,15,13,1.0,1.0,0.8889,1.0,0.6667,1.0,1.0,1.0,0.5333,0.9333,0.6923,0.6923
triple,fsm,11,19,21,18,0.9524,0.9444,0.9474,1.0,0.9474,0.9524,0.6842,0.8947,0.5714,0.8571,0.5556,0.8889
triple,fsm,12,13,21,24,0.8095,0.9167,0.5385,0.5833,1.0,0.9048,0.8462,1.0,0.2857,0.5714,0.9583,0.8333
triple,fsm,13,11,16,14,1.0,1.0,1.0,1.0,0.5455,0.8125,1.0,1.0,0.625,0.6875,0.5714,0.5
triple,fsm,14,10,23,18,1.0,1.0,0.8,1.0,0.8,0.9565,1.0,1.0,0.3478,0.7391,0.4444,0.9444
xtriple,fsm,0,15,19,15,1.0,1.0,0.9333,1.0,0.9333,1.0,1.0,1.0,0.3684,0.6316,0.6,0.8667
xtriple,fsm,1,14,16,18,0.9375,0.6667,0.8571,0.8889,1.0,1.0,1.0,0.8571,0.6875,0.6875,0.8889,1.0
xtriple,fsm,2,14,17,8,0.8235,1.0,0.9286,0.875,1.0,0.9412,0.9286,1.0,0.7059,0.5882,1.0,1.0
xtriple,fsm,3,17,15,23,0.8,0.913,0.9412,0.9565,0.7647,0.7333,0.8235,0.7647,1.0,1.0,0.5652,0.6087
xtriple,fsm,4,9,17,12,1.0,1.0,0.7778,0.8333,0.7778,0.9412,1.0,1.0,0.6471,0.7647,0.9167,0.6667
xtriple,fsm,5,17,17,13,0.9412,1.0,1.0,1.0,1.0,0.9412,0.9412,0.8824,0.7647,0.9412,1.0,1.0
xtriple,fsm,6,11,10,20,1.0,1.0,0.9091,0.95,0.9091,1.0,1.0,1.0,1.0,1.0,0.4,0.6
xtriple,fsm,7,11,21,15,0.9524,1.0,0.9091,0.9333,1.0,0.9524,1.0,1.0,0.7619,0.5714,0.7333,0.6667
xtriple,fsm,8,15,19,11,0.8947,0.9091,1.0,0.9091,1.0,0.8421,1.0,0.8667,0.8421,0.8421,0.5455,1.0
xtriple,fsm,9,22,15,18,0.8,0.9444,0.9545,1.0,0.9545,0.9333,0.6364,0.8636,0.9333,0.8,0.9444,0.7222
xtriple,fsm,10,9,21,18,1.0,1.0,0.7778,1.0,0.7778,1.0,1.0,1.0,0.381,0.4762,0.5556,0.8889
xtriple,fsm,11,19,14,13,1.0,1.0,0.8947,0.9231,0.8947,1.0,0.8421,0.7895,0.6429,1.0,0.9231,1.0
xtriple,fsm,12,13,16,18,0.875,0.8889,1.0,0.9444,0.8462,0.8125,0.6154,0.9231,0.875,0.875,0.6667,0.3889
xtriple,fsm,13,11,23,24,1.0,1.0,0.8182,0.9583,0.8182,1.0,1.0,1.0,0.4783,0.6522,0.5833,0.9167
xtriple,fsm,14,10,21,14,1.0,1.0,0.5,0.6429,0.6,0.9048,1.0,1.0,0.3333,0.4762,0.2143,0.8571
null,fsm@directed,0,15,14,14,1.0,1.0,0.8667,1.0,0.6667,0.9286,0.9333,0.9333,0.7857,1.0,0.7857,1.0
null,fsm@directed,1,17,9,17,0.7778,1.0,1.0,1.0,1.0,0.7778,0.5294,1.0,1.0,1.0,1.0,0.7059
null,fsm@directed,2,11,11,15,1.0,0.9333,1.0,1.0,0.9091,0.9091,1.0,1.0,1.0,1.0,0.8,0.9333
null,fsm@directed,3,22,9,19,0.5556,0.6316,1.0,1.0,0.9091,0.7778,0.5909,0.5909,1.0,1.0,0.7368,0.5263
null,fsm@directed,4,13,11,10,0.7273,0.8,1.0,0.9,1.0,1.0,0.9231,0.9231,1.0,0.9091,1.0,1.0
null,fsm@uniform,0,17,19,16,0.9474,1.0,0.9412,0.9375,0.9412,0.8947,0.9412,1.0,0.6316,0.8421,0.9375,1.0
null,fsm@uniform,1,17,15,17,1.0,0.9412,0.8824,0.9412,0.8824,0.9333,1.0,1.0,1.0,0.9333,0.8824,0.9412
null,fsm@uniform,2,19,10,21,1.0,0.9524,1.0,0.9524,0.9474,0.8,0.8947,0.8947,1.0,1.0,0.7619,0.619
null,fsm@uniform,3,14,15,21,1.0,1.0,0.8571,1.0,0.9286,1.0,0.5714,1.0,0.7333,0.8667,0.8095,0.5238
null,fsm@uniform,4,21,16,23,0.375,0.5217,1.0,1.0,0.9048,0.875,0.6667,0.5714,0.75,1.0,0.6087,0.5217
null,fsm@mixed,0,18,8,15,1.0,1.0,0.9444,0.9333,0.9444,1.0,0.8333,1.0,1.0,1.0,0.6667,0.9333
null,fsm@mixed,1,12,13,23,1.0,1.0,0.9167,1.0,0.6667,0.9231,0.75,0.9167,0.8462,1.0,0.4783,0.7391
null,fsm@mixed,2,15,11,20,1.0,1.0,0.8,1.0,1.0,1.0,0.9333,0.9333,1.0,0.9091,0.3,0.5
null,fsm@mixed,3,18,13,18,0.9231,0.9444,0.8889,0.8889,0.8333,1.0,0.8333,0.9444,0.8462,0.9231,0.8889,0.8889
null,fsm@mixed,4,24,14,18,0.9286,1.0,0.75,0.7222,0.9167,0.7143,0.7917,0.9583,0.7143,0.7857,0.6667,0.8333
triple,mode-arbiter,0,35,36,33,0.6111,0.8485,0.9429,0.8485,0.9429,0.8611,0.5714,0.7429,0.5833,0.8611,0.9091,0.6061
triple,mode-arbiter,1,37,30,34,0.6667,0.7647,0.9459,0.9412,0.9459,0.9,0.4324,0.6216,0.8667,0.9333,0.9706,0.6765
triple,mode-arbiter,2,32,51,42,0.6863,0.7143,0.9375,0.6667,0.8125,0.8824,0.9062,0.875,0.5294,0.5882,0.7381,0.7143
triple,mode-arbiter,3,15,27,37,0.8889,0.8649,1.0,0.8108,1.0,0.8519,0.8,1.0,0.8148,0.8148,0.9189,0.6216
triple,mode-arbiter,4,19,32,26,0.5938,0.7692,0.9474,0.7308,1.0,0.9688,0.7368,0.8947,0.625,0.6562,0.9231,0.7308
triple,mode-arbiter,5,33,64,33,0.7812,0.697,1.0,0.8788,0.9697,0.8438,0.8182,0.9394,0.6406,0.4531,0.6667,0.4848
triple,mode-arbiter,6,33,39,31,0.7692,0.871,0.8788,0.9677,0.697,0.6667,0.5152,0.6364,0.7436,0.6154,0.9355,0.8065
triple,mode-arbiter,7,24,37,41,0.8919,0.9268,0.75,0.8537,0.9583,0.9189,0.875,0.8333,0.6757,0.6486,0.561,0.6585
triple,mode-arbiter,8,33,26,39,0.6923,0.6154,0.8788,0.8718,0.8788,0.8077,0.6364,0.8485,1.0,0.8846,0.6923,0.5641
triple,mode-arbiter,9,29,42,43,0.9286,0.907,1.0,0.9767,0.8276,0.6429,0.9655,1.0,0.7857,0.6905,0.7209,0.6279
triple,mode-arbiter,10,24,31,31,0.6774,0.7097,0.9583,0.8387,1.0,0.9032,0.9583,0.8333,0.8065,0.7742,0.8387,0.9355
triple,mode-arbiter,11,26,32,41,0.5938,0.5854,1.0,0.9512,1.0,1.0,0.7692,0.7692,0.6562,0.9375,0.6098,0.8293
triple,mode-arbiter,12,35,47,34,0.766,0.9706,0.8571,0.8235,0.9714,0.7447,0.8286,0.9714,0.5745,0.5745,0.8824,0.8824
triple,mode-arbiter,13,20,41,32,0.9756,0.9375,0.8,0.875,0.95,0.9512,0.8,0.65,0.439,0.5122,0.5625,0.625
triple,mode-arbiter,14,24,40,43,0.65,0.7907,0.8333,0.9302,0.875,0.775,0.625,0.875,0.55,0.8,0.814,0.5814
xtriple,mode-arbiter,0,35,30,42,0.7,0.7619,0.8857,0.7381,0.7429,0.8,0.4571,0.3714,0.8333,0.8,0.619,0.5
xtriple,mode-arbiter,1,37,51,33,0.8431,0.9091,0.9189,0.6364,0.9459,0.8627,0.6486,0.7838,0.7059,0.4902,0.697,0.6364
xtriple,mode-arbiter,2,32,36,34,0.6111,0.8235,0.9062,0.8824,0.9062,0.8889,0.6875,0.8438,0.5278,0.6667,0.9118,0.5882
xtriple,mode-arbiter,3,15,32,33,0.8438,0.8485,1.0,0.7576,1.0,0.8438,1.0,1.0,0.7812,0.6875,0.7273,0.697
xtriple,mode-arbiter,4,19,64,37,0.5,0.7027,1.0,0.8919,1.0,0.7188,1.0,0.8947,0.5469,0.5,0.6216,0.7838
xtriple,mode-arbiter,5,33,27,26,0.8519,0.7308,0.8788,0.7692,1.0,0.963,0.7576,0.8182,0.963,0.8148,0.9231,0.8077
xtriple,mode-arbiter,6,33,37,39,0.8378,0.6923,0.8485,0.9231,0.9394,0.9459,0.6061,0.8485,0.8649,0.8108,0.7692,0.7436
xtriple,mode-arbiter,7,24,26,31,0.9231,0.9677,0.875,0.9355,0.8333,0.7692,0.9167,0.9167,0.8846,0.9615,0.9032,0.6774
xtriple,mode-arbiter,8,33,39,41,0.7692,0.7073,0.8182,0.7561,0.9394,0.8974,0.6667,0.4242,0.6667,0.6667,0.7073,0.6585
xtriple,mode-arbiter,9,29,31,41,0.8065,0.8293,0.8276,0.6829,0.8966,0.8387,0.9655,1.0,0.8387,0.8065,0.7561,0.7317
xtriple,mode-arbiter,10,24,32,43,0.6562,0.9535,0.9167,0.7907,0.8333,0.7812,0.9167,0.875,0.7188,0.625,0.7907,0.5814
xtriple,mode-arbiter,11,26,42,31,0.7143,0.7419,0.8846,0.8387,1.0,0.9524,0.8077,0.8462,0.5714,0.8333,0.8387,0.8387
xtriple,mode-arbiter,12,35,41,43,0.9512,0.8605,0.8571,0.907,0.8857,0.9512,0.8,0.8571,0.5854,0.8537,0.8372,0.8605
xtriple,mode-arbiter,13,20,40,34,0.875,0.9706,0.95,0.9412,0.85,0.775,0.9,0.85,0.675,0.925,0.7941,0.7353
xtriple,mode-arbiter,14,24,47,32,0.766,0.6875,0.9167,0.7188,0.9167,0.8723,0.875,0.4583,0.5319,0.6809,0.7188,0.5625
null,mode-arbiter@directed,0,35,37,32,1.0,0.9688,0.9429,1.0,0.8286,0.9189,0.5714,0.4571,0.7568,0.8649,0.8438,0.9375
null,mode-arbiter@directed,1,15,19,33,0.9474,1.0,0.8,0.8182,1.0,0.8947,1.0,1.0,0.7895,1.0,0.8485,0.8788
null,mode-arbiter@directed,2,33,24,33,0.7917,0.9394,0.9697,0.9697,0.8485,0.7917,0.697,0.8182,0.875,1.0,0.8485,0.7879
null,mode-arbiter@directed,3,29,24,26,1.0,1.0,0.8966,0.9231,0.7931,0.875,1.0,0.9655,1.0,1.0,1.0,0.9615
null,mode-arbiter@directed,4,35,20,24,0.9,0.9583,0.9714,1.0,0.8286,0.55,0.7143,0.8286,0.75,0.75,1.0,0.7083
null,mode-arbiter@uniform,0,36,30,51,0.8,0.8235,0.8889,0.902,0.5833,0.7,0.8333,0.8056,0.9,1.0,0.5294,0.6078
null,mode-arbiter@uniform,1,27,32,64,0.8438,0.6719,0.7037,0.7188,0.8519,0.9688,0.7778,0.9259,0.625,0.9375,0.5156,0.5156
null,mode-arbiter@uniform,2,39,37,26,0.8378,0.8846,0.6923,0.8077,0.8205,0.7027,0.6923,0.6154,0.6757,0.6216,1.0,0.8846
null,mode-arbiter@uniform,3,42,31,32,0.8065,0.8438,0.7143,0.6562,0.7381,0.8065,0.7381,0.619,0.9032,0.8065,0.5312,0.5312
null,mode-arbiter@uniform,4,47,41,40,0.878,0.7,0.766,0.825,0.8298,0.9268,0.6383,0.6383,0.8537,0.6098,0.675,0.775
null,mode-arbiter@mixed,0,33,34,42,0.9706,0.8571,0.9697,0.881,0.9394,0.8824,0.8788,0.6364,0.7941,0.9118,0.619,0.9048
null,mode-arbiter@mixed,1,37,26,33,0.8846,0.9091,0.9189,0.8788,0.8649,0.8846,0.5946,0.9189,0.8462,0.8846,0.8182,0.6061
null,mode-arbiter@mixed,2,31,41,39,0.6585,0.8974,0.9677,0.8462,1.0,0.878,0.7419,0.8387,0.6585,0.5854,0.7436,0.6154
null,mode-arbiter@mixed,3,43,31,41,0.7097,0.7073,0.9767,0.8537,0.7442,0.8387,0.6977,0.6744,0.8387,0.9032,0.7317,0.7561
null,mode-arbiter@mixed,4,34,32,43,0.8438,0.8372,0.9412,0.8605,0.9118,0.8125,0.7647,0.9706,0.6875,0.5625,0.814,0.6512
triple,rad-core-1-18,0,44,58,61,0.6897,0.623,0.5455,0.4426,0.6818,0.5345,0.3636,0.4545,0.6207,0.3793,0.6885,0.7213
triple,rad-core-1-18,1,69,38,73,0.6053,0.6986,0.7246,0.9315,0.4928,0.5263,0.6812,0.7971,0.7895,0.8158,0.4521,0.3836
triple,rad-core-1-18,2,59,68,81,0.5147,0.5926,0.6271,0.5432,0.7288,0.5882,0.5085,0.3559,0.6029,0.5588,0.8765,0.8025
triple,rad-core-1-18,3,65,49,65,0.5306,0.4154,0.5846,0.8154,0.4769,0.6735,0.3538,0.5538,0.7755,0.8163,0.5846,0.4154
triple,rad-core-1-18,4,62,55,62,0.4182,0.4194,0.7258,0.7742,0.6452,0.6,0.6774,0.4839,0.7636,0.5818,0.5,0.6452
triple,rad-core-1-18,5,60,64,57,0.75,0.6316,0.7333,0.8947,0.5167,0.6406,0.3667,0.8333,0.5156,0.4844,0.5614,0.2982
triple,rad-core-1-18,6,45,91,84,0.7692,0.6548,0.4222,0.3929,0.4889,0.5385,0.7111,0.7333,0.2088,0.4835,0.5,0.7857
triple,rad-core-1-18,7,78,56,54,0.6786,0.6296,0.7564,0.7222,0.5513,0.4643,0.2692,0.359,0.6964,0.5893,0.537,0.2963
triple,rad-core-1-18,8,38,65,81,0.8154,0.7654,0.7105,0.7531,0.4737,0.4308,0.6842,0.5789,0.4462,0.7385,0.1605,0.2716
triple,rad-core-1-18,9,79,80,84,0.45,0.3452,0.7595,0.7262,0.6582,0.4,0.3038,0.3671,0.575,0.5375,0.3333,0.3452
triple,rad-core-1-18,10,84,74,27,0.6622,0.8519,0.6071,0.6667,0.8095,0.5946,0.1905,0.1667,0.5135,0.5946,0.8519,0.963
triple,rad-core-1-18,11,76,69,55,0.6667,0.5273,0.8026,0.7091,0.6842,0.8696,0.25,0.2895,0.5362,0.5362,0.8364,0.6909
triple,rad-core-1-18,12,71,57,60,0.5789,0.5833,0.6479,0.7333,0.5493,0.6842,0.6761,0.4789,0.7018,0.4737,0.7,0.5
triple,rad-core-1-18,13,88,52,73,0.3846,0.589,0.6477,0.7123,0.4091,0.5769,0.1705,0.6932,0.6538,0.6346,0.5068,0.3151
triple,rad-core-1-18,14,55,75,71,0.48,0.5915,0.7273,0.7746,0.5455,0.48,0.6182,0.8727,0.5333,0.5733,0.4507,0.4085
xtriple,rad-core-1-18,0,44,38,81,0.5789,0.5062,0.8409,0.6296,0.7955,0.5789,0.4091,0.3409,0.7895,0.6053,0.679,0.6296
xtriple,rad-core-1-18,1,69,68,61,0.4118,0.5082,0.7246,0.5082,0.6377,0.3971,0.6812,0.5652,0.6176,0.5735,0.7213,0.7541
xtriple,rad-core-1-18,2,59,58,73,0.6724,0.6301,0.4746,0.6712,0.4407,0.4483,0.3559,0.5085,0.6897,0.5172,0.4247,0.2877
xtriple,rad-core-1-18,3,65,55,57,0.5091,0.5263,0.6308,0.7368,0.4462,0.6,0.6615,0.5077,0.4545,0.4727,0.3158,0.7018
xtriple,rad-core-1-18,4,62,64,65,0.375,0.4308,0.7258,0.6154,0.7258,0.5,0.2903,0.3387,0.7812,0.5625,0.6154,0.4
xtriple,rad-core-1-18,5,60,49,62,0.5714,0.4677,0.7,0.7742,0.5667,0.5714,0.3,0.4667,0.6122,0.6735,0.5,0.2258
xtriple,rad-core-1-18,6,45,56,81,0.6429,0.8148,0.6667,0.8395,0.4667,0.3571,0.5556,0.7111,0.6429,0.6964,0.1852,0.2099
xtriple,rad-core-1-18,7,78,65,84,0.5077,0.4643,0.6795,0.5714,0.5385,0.4308,0.2179,0.3846,0.6769,0.8308,0.5952,0.25
xtriple,rad-core-1-18,8,38,91,54,0.6923,0.7222,0.2895,0.2778,0.6053,0.5165,0.6316,0.7632,0.1978,0.2527,0.5556,0.7593
xtriple,rad-core-1-18,9,79,74,55,0.2838,0.4545,0.7468,0.5455,0.6456,0.4865,0.2785,0.481,0.5946,0.5811,0.6909,0.5091
xtriple,rad-core-1-18,10,84,69,84,0.7681,0.5833,0.7619,0.6786,0.4167,0.5507,0.1786,0.1786,0.4638,0.6667,0.4762,0.3095
xtriple,rad-core-1-18,11,76,80,27,0.3,0.5185,0.5658,0.5926,0.6974,0.625,0.2105,0.1579,0.525,0.4625,0.8519,0.9259
xtriple,rad-core-1-18,12,71,52,71,0.5192,0.4225,0.6479,0.6479,0.4366,0.4615,0.3239,0.4789,0.6346,0.6154,0.6197,0.3662
xtriple,rad-core-1-18,13,88,75,60,0.28,0.45,0.8068,0.7167,0.5341,0.4267,0.2045,0.2045,0.5333,0.52,0.5167,0.5167
xtriple,rad-core-1-18,14,55,57,73,0.6667,0.6027,0.5455,0.726,0.5091,0.5088,0.8182,0.8364,0.386,0.7368,0.3699,0.3562
null,rad-core-1-18@directed,0,44,69,59,0.4203,0.4576,0.7045,0.5085,0.6818,0.5072,0.3864,0.4545,0.8261,0.7246,0.5763,0.4237
null,rad-core-1-18@directed,1,65,62,60,0.5968,0.5333,0.4923,0.4167,0.4308,0.5,0.5692,0.6462,0.5,0.5484,0.4333,0.5833
null,rad-core-1-18@directed,2,45,78,38,0.7564,0.7368,0.5333,0.6053,0.6889,0.7821,0.6889,0.5778,0.2308,0.1667,0.6579,0.6316
null,rad-core-1-18@directed,3,79,84,76,0.4524,0.4868,0.4937,0.5,0.519,0.2619,0.5443,0.4937,0.2381,0.4524,0.3289,0.25
null,rad-core-1-18@directed,4,71,88,55,0.375,0.4909,0.5211,0.4182,0.493,0.5795,0.6479,0.3944,0.4886,0.2386,0.8182,0.6727
null,rad-core-1-18@uniform,0,58,38,68,0.3947,0.4118,0.7069,0.6471,0.5,0.4737,0.5517,0.5,0.7105,0.7632,0.4559,0.5
null,rad-core-1-18@uniform,1,49,55,64,0.6364,0.6094,0.551,0.6406,0.6122,0.5455,0.7959,0.7551,0.4909,0.5273,0.625,0.8125
null,rad-core-1-18@uniform,2,91,56,65,0.4107,0.2308,0.6154,0.6462,0.5934,0.4643,0.2967,0.2857,0.8036,0.6786,0.7538,0.5385
null,rad-core-1-18@uniform,3,80,74,69,0.3243,0.4928,0.4375,0.7246,0.4625,0.5135,0.575,0.525,0.6216,0.6486,0.7391,0.6957
null,rad-core-1-18@uniform,4,57,52,75,0.6731,0.64,0.6842,0.5467,0.8421,0.6346,0.2632,0.386,0.5962,0.25,0.5333,0.56
null,rad-core-1-18@mixed,0,61,73,81,0.6986,0.5185,0.459,0.2346,0.623,0.7808,0.7377,0.6393,0.3151,0.2329,0.642,0.8025
null,rad-core-1-18@mixed,1,65,62,57,0.5968,0.5614,0.5385,0.5614,0.5231,0.6129,0.6462,0.6154,0.371,0.5645,0.3158,0.3333
null,rad-core-1-18@mixed,2,84,54,81,0.5,0.6296,0.5119,0.6543,0.3929,0.4259,0.5476,0.6667,0.7222,0.5185,0.284,0.1605
null,rad-core-1-18@mixed,3,84,27,55,0.7037,0.6909,0.7619,0.8182,0.7381,0.6667,0.3095,0.4286,0.963,0.963,0.6,0.4364
null,rad-core-1-18@mixed,4,60,73,71,0.5616,0.5493,0.5333,0.4648,0.5833,0.6575,0.45,0.5,0.274,0.3288,0.3944,0.5915
triple,rad-core-10,2,4,24,19,0.8333,0.7368,0.75,0.7895,1.0,0.8333,1.0,1.0,0.5,0.5,0.2105,0.2105
triple,rad-core-10,13,1,38,45,,,,0.5333,,0.5789,,,,0.2368,,0.6889
xtriple,rad-core-10,2,4,52,63,0.8462,0.9365,0.75,0.5873,0.0,0.4038,1.0,1.0,0.0577,0.6731,0.0,0.3175
xtriple,rad-core-10,13,1,59,26,,,,0.6538,,0.0678,,,,0.4746,,0.1538
null,rad-core-10@uniform,0,52,42,24,0.5714,0.7917,0.6731,0.7083,0.8462,0.7381,0.1154,0.0962,0.4762,0.619,0.5417,0.75
null,rad-core-10@uniform,1,20,32,46,0.75,0.6087,0.7,0.5435,0.6,0.5,0.5,0.65,0.75,1.0,0.1087,0.2826
null,rad-core-10@uniform,2,55,72,33,0.3889,0.0606,0.6,0.0909,0.9273,0.8333,0.4,0.0364,0.625,0.0278,0.6667,0.4545
null,rad-core-10@uniform,3,55,16,11,0.4375,0.0,0.5818,0.3636,1.0,0.9375,0.0909,0.0,0.875,0.5,1.0,1.0
null,rad-core-10@uniform,4,42,38,59,0.6053,0.0339,0.8095,0.2034,0.7857,0.4737,0.3571,0.0476,0.7895,0.4737,0.5424,0.5254
null,rad-core-10@mixed,0,41,63,19,0.6984,0.3158,0.2439,0.2632,0.3171,0.6825,0.6585,0.5122,0.3175,0.2381,0.7368,0.6316
null,rad-core-10@mixed,1,29,59,27,0.7288,0.8519,0.8276,0.8519,0.8276,0.322,0.2414,0.2759,0.1017,0.1017,0.2593,0.3333
null,rad-core-10@mixed,2,40,30,35,0.2,0.0571,0.7,0.2,0.825,0.7,0.075,0.05,0.9,0.3,0.7714,0.7429
null,rad-core-10@mixed,3,9,45,47,0.8889,0.7447,0.1111,0.1277,0.4444,0.6444,1.0,1.0,0.0222,0.7556,0.0638,0.5532
null,rad-core-10@mixed,4,26,45,63,0.6,0.5238,0.6154,0.8889,0.5769,0.4,0.1538,0.6923,0.5556,0.8444,0.1905,0.1746
triple,rad-core-12-18,0,79,90,85,0.4333,0.4235,0.6076,0.6,0.7468,0.4889,0.3671,0.2532,0.4333,0.4667,0.4353,0.5176
triple,rad-core-12-18,1,51,67,94,0.7313,0.5213,0.8235,0.5,0.6275,0.5672,0.902,0.7647,0.5821,0.7313,0.5851,0.7553
triple,rad-core-12-18,2,94,56,58,0.625,0.5172,0.4362,0.5862,0.5426,0.6964,0.6064,0.5,0.4643,0.5893,0.5345,0.8448
triple,rad-core-12-18,3,66,80,88,0.425,0.7045,0.8788,0.8182,0.6818,0.3625,0.3485,0.5758,0.525,0.525,0.3864,0.6136
triple,rad-core-12-18,4,78,85,87,0.6471,0.7011,0.7564,0.4598,0.6923,0.4706,0.3077,0.6154,0.6941,0.6706,0.3908,0.3448
triple,rad-core-12-18,5,75,91,45,0.7802,0.8,0.52,0.6667,0.5867,0.5275,0.4,0.4667,0.4396,0.5275,0.5556,0.5556
triple,rad-core-12-18,6,58,90,108,0.5,0.4352,0.4483,0.4259,0.4138,0.5111,0.7759,0.6034,0.5333,0.4444,0.6111,0.6667
triple,rad-core-12-18,7,56,78,78,0.6282,0.5,0.6071,0.4231,0.4464,0.8846,0.5357,0.5179,0.2564,0.3333,0.4872,0.6667
triple,rad-core-12-18,8,63,72,82,0.4444,0.6829,0.619,0.7561,0.5397,0.5972,0.381,0.3651,0.6111,0.4861,0.5732,0.7195
triple,rad-core-12-18,9,94,120,80,0.475,0.6,0.6809,0.675,0.6915,0.5417,0.3298,0.3085,0.65,0.5083,0.7375,0.6625
triple,rad-core-12-18,10,98,97,88,0.2371,0.3068,0.7347,0.6023,0.5306,0.4227,0.1735,0.4286,0.3711,0.6186,0.4205,0.4318
triple,rad-core-12-18,11,68,95,58,0.7579,0.5517,0.4559,0.3621,0.5735,0.7474,0.7059,0.6912,0.4632,0.6316,0.7069,0.7586
triple,rad-core-12-18,12,68,52,82,0.5769,0.622,0.6324,0.5488,0.4265,0.4423,0.5294,0.75,0.3269,0.5192,0.4512,0.5732
triple,rad-core-12-18,13,53,58,49,0.3793,0.6735,0.7925,0.7959,0.7547,0.4483,0.4151,0.4528,0.5,0.7586,0.5918,0.7143
triple,rad-core-12-18,14,69,82,49,0.7439,0.6327,0.6667,0.6531,0.6522,0.6951,0.5942,0.5072,0.5488,0.6829,0.5714,0.7347
xtriple,rad-core-12-18,0,79,67,58,0.5224,0.5,0.6456,0.5862,0.5316,0.6567,0.6582,0.4684,0.3582,0.597,0.7414,0.8966
xtriple,rad-core-12-18,1,51,56,85,0.6607,0.5647,0.5098,0.4941,0.5882,0.7679,0.5686,0.549,0.3393,0.5536,0.4353,0.6824
xtriple,rad-core-12-18,2,94,90,94,0.3556,0.4362,0.4681,0.6064,0.2979,0.3444,0.4362,0.4894,0.3889,0.5667,0.4894,0.617
xtriple,rad-core-12-18,3,66,85,45,0.6706,0.6444,0.7121,0.8444,0.8333,0.5647,0.4091,0.4394,0.4353,0.4588,0.6889,0.4444
xtriple,rad-core-12-18,4,78,91,88,0.6593,0.5909,0.4744,0.5341,0.641,0.3297,0.4359,0.4872,0.8681,0.8571,0.6136,0.3182
xtriple,rad-core-12-18,5,75,80,87,0.55,0.8621,0.7067,0.5632,0.52,0.3625,0.32,0.5333,0.425,0.775,0.3908,0.6207
xtriple,rad-core-12-18,6,58,78,82,0.7564,0.622,0.5,0.5488,0.6034,0.6923,0.2931,0.3621,0.5256,0.5769,0.561,0.5854
xtriple,rad-core-12-18,7,56,72,108,0.4583,0.6759,0.6071,0.537,0.4643,0.3333,0.3929,0.6071,0.1806,0.5417,0.2685,0.3611
xtriple,rad-core-12-18,8,63,90,78,0.6444,0.6154,0.2381,0.4231,0.5079,0.7111,0.5238,0.3651,0.3667,0.4222,0.5897,0.7308
xtriple,rad-core-12-18,9,94,97,58,0.5052,0.2931,0.8298,0.5,0.8191,0.6598,0.2979,0.2234,0.567,0.3814,0.8448,0.7069
xtriple,rad-core-12-18,10,98,95,80,0.3158,0.3625,0.6735,0.5375,0.7653,0.6526,0.2143,0.2143,0.4526,0.6947,0.625,0.6875
xtriple,rad-core-12-18,11,68,120,88,0.6667,0.7045,0.3382,0.5568,0.3529,0.325,0.5735,0.6471,0.3083,0.625,0.2614,0.375
xtriple,rad-core-12-18,12,68,58,49,0.7069,0.6327,0.7059,0.7755,0.6029,0.4655,0.5588,0.3971,0.7241,0.7069,0.7755,0.5102
xtriple,rad-core-12-18,13,53,82,82,0.4512,0.5122,0.6792,0.6098,0.3208,0.3049,0.5094,0.5283,0.3537,0.7073,0.4268,0.4634
xtriple,rad-core-12-18,14,69,52,49,0.5,0.6735,0.6087,0.7551,0.5797,0.7115,0.5652,0.2899,0.3269,0.3846,0.6327,0.3878
null,rad-core-12-18@directed,0,79,51,94,0.3137,0.4362,0.6582,0.4681,0.5823,0.4118,0.2911,0.2532,0.5686,0.549,0.4468,0.3936
null,rad-core-12-18@directed,1,66,78,75,0.6026,0.4933,0.697,0.44,0.6667,0.5769,0.5758,0.4848,0.6538,0.5256,0.52,0.52
null,rad-core-12-18@directed,2,58,56,63,0.5,0.3333,0.7069,0.746,0.6897,0.7143,0.2931,0.5862,0.5714,0.5179,0.4444,0.2063
null,rad-core-12-18@directed,3,94,98,68,0.5918,0.3382,0.3191,0.3088,0.8617,0.898,0.5213,0.2021,0.3469,0.1837,0.6618,0.7941
null,rad-core-12-18@directed,4,68,53,69,0.6226,0.4783,0.4265,0.4348,0.4412,0.566,0.4412,0.5441,0.4906,0.5094,0.4493,0.4638
null,rad-core-12-18@uniform,0,90,67,56,0.6418,0.8571,0.5333,0.7679,0.4222,0.5075,0.6889,0.7,0.5821,0.7761,0.5536,0.625
null,rad-core-12-18@uniform,1,80,85,91,0.6353,0.6044,0.3875,0.4066,0.3375,0.4941,0.275,0.575,0.5882,0.5765,0.7473,0.5385
null,rad-core-12-18@uniform,2,90,78,72,0.7051,0.6528,0.5667,0.5417,0.7333,0.8462,0.3111,0.3333,0.5513,0.5897,0.3889,0.5694
null,rad-core-12-18@uniform,3,120,97,95,0.5361,0.5263,0.5,0.6737,0.4167,0.4845,0.5167,0.4417,0.567,0.5979,0.6947,0.6632
null,rad-core-12-18@uniform,4,52,58,82,0.6897,0.7683,0.5192,0.6829,0.5962,0.5,0.3846,0.4423,0.5172,0.7414,0.4512,0.4634
null,rad-core-12-18@mixed,0,85,94,58,0.4468,0.6034,0.4235,0.5,0.4824,0.4681,0.6235,0.5294,0.383,0.6596,0.3793,0.5172
null,rad-core-12-18@mixed,1,88,87,45,0.5402,0.6444,0.4318,0.7111,0.6136,0.6322,0.6932,0.3295,0.4138,0.3793,0.6,0.7778
null,rad-core-12-18@mixed,2,108,78,82,0.3333,0.4878,0.5648,0.6341,0.4815,0.4872,0.5185,0.5278,0.6538,0.641,0.7683,0.5122
null,rad-core-12-18@mixed,3,80,88,58,0.6023,0.4828,0.375,0.2414,0.775,0.7386,0.7625,0.525,0.4205,0.2273,0.7586,0.8103
null,rad-core-12-18@mixed,4,82,49,49,0.4898,0.4082,0.7317,0.5714,0.7683,0.7347,0.3171,0.2439,0.7551,0.6531,0.7959,0.7143
triple,rad-core-17-18,0,80,72,70,0.4444,0.4429,0.7,0.6,0.65,0.5694,0.25,0.325,0.6111,0.5833,0.6429,0.6571
triple,rad-core-17-18,1,71,88,86,0.5568,0.3837,0.831,0.5581,0.6056,0.6136,0.4085,0.5211,0.4659,0.4091,0.3721,0.4767
triple,rad-core-17-18,2,94,61,73,0.5574,0.4521,0.4574,0.589,0.5,0.6721,0.5851,0.5638,0.541,0.7541,0.5479,0.7397
triple,rad-core-17-18,3,92,90,80,0.4,0.525,0.5326,0.6375,0.6739,0.6889,0.1739,0.1739,0.5556,0.4778,0.4625,0.775
triple,rad-core-17-18,4,75,68,87,0.75,0.7126,0.7067,0.4828,0.68,0.4853,0.52,0.5733,0.7941,0.8088,0.3563,0.4138
triple,rad-core-17-18,5,91,86,50,0.7093,0.58,0.6593,0.62,0.5714,0.3605,0.3956,0.4066,0.7674,0.407,0.62,0.54
triple,rad-core-17-18,6,60,83,106,0.506,0.4623,0.6,0.434,0.4833,0.4699,0.6333,0.7,0.8313,0.8554,0.434,0.5094
triple,rad-core-17-18,7,62,91,93,0.7143,0.4839,0.5806,0.4194,0.5161,0.7253,0.4516,0.4677,0.3846,0.4066,0.6129,0.5376
triple,rad-core-17-18,8,79,68,77,0.4118,0.5325,0.6076,0.7273,0.5696,0.5735,0.5949,0.7722,0.6029,0.5882,0.5455,0.6883
triple,rad-core-17-18,9,100,124,95,0.6935,0.6632,0.76,0.6421,0.72,0.4597,0.26,0.27,0.3871,0.6855,0.4421,0.5368
triple,rad-core-17-18,10,98,93,89,0.2903,0.3371,0.7857,0.4831,0.6327,0.4946,0.2347,0.3673,0.4301,0.7312,0.573,0.4719
triple,rad-core-17-18,11,72,82,51,0.6585,0.6863,0.3194,0.3529,0.5278,0.5976,0.625,0.5833,0.5,0.5122,0.7255,0.7843
triple,rad-core-17-18,12,105,52,77,0.6154,0.4416,0.6857,0.5325,0.5048,0.5577,0.4095,0.3048,0.5385,0.4038,0.5455,0.4935
triple,rad-core-17-18,13,53,58,49,0.4138,0.7347,0.717,0.7755,0.7736,0.4828,0.4151,0.4151,0.5,0.7931,0.551,0.7755
triple,rad-core-17-18,14,69,87,48,0.7471,0.6458,0.7101,0.6875,0.6667,0.6552,0.6087,0.4638,0.5402,0.6437,0.5625,0.6458
xtriple,rad-core-17-18,0,80,88,73,0.5114,0.4384,0.7625,0.7123,0.65,0.5909,0.2,0.3375,0.3636,0.6591,0.7945,0.4795
xtriple,rad-core-17-18,1,71,61,70,0.4754,0.3571,0.507,0.5286,0.6056,0.7049,0.4789,0.4085,0.459,0.541,0.5429,0.5714
xtriple,rad-core-17-18,2,94,72,86,0.3472,0.4186,0.5319,0.5698,0.3404,0.4583,0.4574,0.4681,0.5694,0.7083,0.5349,0.6163
xtriple,rad-core-17-18,3,92,68,50,0.6176,0.48,0.7174,0.76,0.3696,0.5735,0.1522,0.3152,0.4559,0.5441,0.58,0.36
xtriple,rad-core-17-18,4,75,86,80,0.7209,0.525,0.5733,0.5625,0.6933,0.4651,0.4,0.4133,0.686,0.6512,0.65,0.4
xtriple,rad-core-17-18,5,91,90,87,0.4111,0.7816,0.7033,0.5977,0.6484,0.6778,0.3077,0.5385,0.6778,0.7444,0.8046,0.7356
xtriple,rad-core-17-18,6,60,91,77,0.6593,0.6104,0.45,0.5584,0.6167,0.6154,0.2167,0.3333,0.4725,0.5714,0.4805,0.4416
xtriple,rad-core-17-18,7,62,68,106,0.6618,0.6509,0.5484,0.5472,0.4677,0.3676,0.4032,0.5,0.3529,0.5441,0.2264,0.3962
xtriple,rad-core-17-18,8,79,83,93,0.6145,0.4624,0.4051,0.4301,0.4177,0.6506,0.7848,0.557,0.3855,0.5422,0.6667,0.7312
xtriple,rad-core-17-18,9,100,93,51,0.6237,0.5294,0.7,0.4118,0.75,0.6774,0.25,0.16,0.3871,0.5914,0.7451,0.902
xtriple,rad-core-17-18,10,98,82,95,0.2805,0.3579,0.6633,0.5789,0.7959,0.4634,0.2347,0.2551,0.561,0.5122,0.4421,0.4211
xtriple,rad-core-17-18,11,72,124,89,0.7581,0.6404,0.4722,0.4382,0.4722,0.3468,0.5556,0.6667,0.3306,0.6129,0.3933,0.5618
xtriple,rad-core-17-18,12,105,58,48,0.6034,0.5,0.619,0.6875,0.6571,0.4655,0.2381,0.2,0.4655,0.7069,0.5208,0.5208
xtriple,rad-core-17-18,13,53,87,77,0.5057,0.5844,0.6226,0.6234,0.283,0.5057,0.5094,0.5094,0.3678,0.6782,0.3636,0.5065
xtriple,rad-core-17-18,14,69,52,49,0.5577,0.7551,0.6087,0.8367,0.6667,0.7308,0.5362,0.2754,0.3269,0.4038,0.6531,0.4082
null,rad-core-17-18@directed,0,80,71,94,0.4507,0.3404,0.5875,0.2872,0.5375,0.4085,0.2625,0.2,0.5352,0.493,0.5106,0.3936
null,rad-core-17-18@directed,1,92,75,91,0.4533,0.4176,0.6304,0.5934,0.3913,0.48,0.2826,0.3261,0.6,0.6,0.3626,0.4286
null,rad-core-17-18@directed,2,60,62,79,0.3548,0.3291,0.65,0.5949,0.5667,0.5484,0.3667,0.3,0.5484,0.5,0.6962,0.6329
null,rad-core-17-18@directed,3,100,98,72,0.6735,0.3889,0.37,0.2917,0.83,0.8878,0.33,0.2,0.3878,0.2041,0.6389,0.7222
null,rad-core-17-18@directed,4,105,53,69,0.3396,0.2609,0.6,0.4928,0.5429,0.566,0.1619,0.2857,0.5283,0.5094,0.6522,0.4783
null,rad-core-17-18@uniform,0,72,88,61,0.6136,0.7377,0.6528,0.8033,0.4167,0.5909,0.5972,0.7639,0.4432,0.4659,0.8689,0.5082
null,rad-core-17-18@uniform,1,90,68,86,0.5882,0.5,0.6667,0.5465,0.6,0.6471,0.4222,0.6444,0.8235,0.6618,0.7791,0.5814
null,rad-core-17-18@uniform,2,83,91,68,0.5604,0.7794,0.6506,0.3971,0.7952,0.8352,0.4337,0.4819,0.4505,0.5934,0.4118,0.5
null,rad-core-17-18@uniform,3,124,93,82,0.5054,0.5854,0.4839,0.4878,0.5323,0.6559,0.4677,0.371,0.6882,0.4624,0.622,0.4512
null,rad-core-17-18@uniform,4,52,58,87,0.7069,0.7126,0.5385,0.6667,0.5962,0.5862,0.4231,0.4231,0.5172,0.7414,0.4368,0.4368
null,rad-core-17-18@mixed,0,70,86,73,0.4419,0.6164,0.4,0.6164,0.5286,0.4884,0.6,0.7,0.4302,0.6977,0.5205,0.5205
null,rad-core-17-18@mixed,1,80,87,50,0.6437,0.86,0.425,0.78,0.55,0.5517,0.8125,0.4875,0.4483,0.3678,0.36,0.7
null,rad-core-17-18@mixed,2,106,93,77,0.2473,0.5844,0.5377,0.8312,0.5094,0.5914,0.3019,0.3962,0.6559,0.6989,0.7143,0.4935
null,rad-core-17-18@mixed,3,95,89,51,0.5056,0.4706,0.5579,0.451,0.6421,0.6292,0.5474,0.3053,0.5955,0.3371,0.8824,0.8235
null,rad-core-17-18@mixed,4,77,49,48,0.449,0.5417,0.8052,0.625,0.7662,0.7143,0.3377,0.3247,0.7347,0.7143,0.8125,0.7083
triple,rad-core-33,0,150,117,127,0.4188,0.4724,0.4,0.4488,0.18,0.453,0.64,0.7,0.1709,0.7778,0.1181,0.7244
triple,rad-core-33,1,136,65,116,0.3077,0.5,0.3088,0.5517,0.2794,0.4,0.7353,0.7794,0.2923,0.8769,0.2672,0.7845
triple,rad-core-33,2,127,116,110,0.1897,0.1636,0.1654,0.4818,0.1496,0.319,0.5512,0.6063,0.1207,0.7414,0.1364,0.6091
triple,rad-core-33,3,142,112,118,0.25,0.2288,0.3592,0.3898,0.3803,0.4286,0.7676,0.7958,0.1339,0.75,0.2373,0.7966
triple,rad-core-33,4,145,107,72,0.4393,0.1389,0.4138,0.3889,0.4138,0.514,0.7034,0.731,0.1308,0.7009,0.25,0.7917
triple,rad-core-33,5,158,139,115,0.6259,0.287,0.443,0.3478,0.2785,0.4892,0.7278,0.8165,0.1655,0.705,0.1826,0.6609
triple,rad-core-33,6,140,48,118,0.5625,0.3644,0.2786,0.5932,0.1357,0.5208,0.7643,0.7929,0.1667,0.7917,0.1695,0.7797
triple,rad-core-33,7,117,73,132,0.5342,0.3939,0.1795,0.3561,0.1282,0.5068,0.7009,0.7179,0.2329,0.9452,0.1439,0.8561
triple,rad-core-33,8,147,68,109,0.5588,0.211,0.4422,0.5963,0.415,0.7647,0.7687,0.8299,0.2647,0.2941,0.2661,0.7064
triple,rad-core-33,9,145,159,106,0.7862,0.2453,0.3448,0.3774,0.4483,0.8239,0.6759,0.1586,0.0755,0.1509,0.8679,0.8208
triple,rad-core-33,10,146,101,146,0.6733,0.4932,0.226,0.4247,0.3767,0.6931,0.7671,0.774,0.1386,0.7525,0.1438,0.7397
triple,rad-core-33,11,160,134,141,0.4403,0.6809,0.5375,0.7021,0.2062,0.6194,0.6312,0.6375,0.1194,0.7687,0.1206,0.9433
triple,rad-core-33,12,167,70,78,0.6857,0.3205,0.3293,0.6795,0.503,0.8571,0.7904,0.8204,0.1714,0.9286,0.2308,0.7821
triple,rad-core-33,13,156,71,80,0.7887,0.65,0.1987,0.7,0.0833,0.5352,0.6795,0.7372,0.1408,0.8028,0.25,0.6875
triple,rad-core-33,14,173,148,110,0.5473,0.3818,0.1792,0.3455,0.2254,0.4932,0.7514,0.7861,0.0676,0.75,0.2182,0.7091
xtriple,rad-core-33,0,150,65,110,0.2615,0.1818,0.2933,0.3182,0.3067,0.5385,0.5867,0.6267,0.2,0.8462,0.2455,0.6273
xtriple,rad-core-33,1,136,116,127,0.2155,0.4409,0.2059,0.3465,0.1765,0.3017,0.7279,0.7868,0.1034,0.75,0.1181,0.7087
xtriple,rad-core-33,2,127,117,116,0.3419,0.3103,0.2047,0.4655,0.1339,0.453,0.5906,0.5906,0.1282,0.7265,0.1638,0.7931
xtriple,rad-core-33,3,142,107,115,0.4112,0.2261,0.6268,0.5913,0.0915,0.5047,0.7676,0.7887,0.1215,0.7196,0.113,0.6609
xtriple,rad-core-33,4,145,139,118,0.5036,0.2119,0.4483,0.3136,0.2828,0.5899,0.7241,0.731,0.1655,0.6978,0.1864,0.7966
xtriple,rad-core-33,5,158,112,72,0.3304,0.2917,0.3101,0.3611,0.6266,0.4464,0.6962,0.7975,0.1071,0.7143,0.2917,0.8194
xtriple,rad-core-33,6,140,73,109,0.3562,0.2661,0.1786,0.4679,0.1714,0.6301,0.7643,0.8,0.1918,0.3973,0.1743,0.6514
xtriple,rad-core-33,7,117,68,118,0.6029,0.5254,0.1538,0.4746,0.1453,0.4706,0.6838,0.735,0.1471,0.8971,0.1356,0.8644
xtriple,rad-core-33,8,147,48,132,0.4375,0.3182,0.3878,0.4621,0.1905,0.4792,0.7483,0.7755,0.1458,0.7292,0.1212,0.7197
xtriple,rad-core-33,9,145,101,141,0.8416,0.7518,0.2966,0.6667,0.3172,0.7426,0.7034,0.7448,0.1386,0.6931,0.1064,0.9504
xtriple,rad-core-33,10,146,134,106,0.4478,0.1604,0.2466,0.2264,0.4315,0.5522,0.7397,0.089,0.1269,0.0896,0.8774,0.8019
xtriple,rad-core-33,11,160,159,146,0.6981,0.4726,0.225,0.4658,0.2437,0.7233,0.6,0.6125,0.0881,0.8176,0.1575,0.7466
xtriple,rad-core-33,12,167,71,110,0.6901,0.2182,0.3413,0.4091,0.2036,0.7042,0.7904,0.8144,0.1268,0.8169,0.1364,0.6636
xtriple,rad-core-33,13,156,148,78,0.5338,0.5128,0.1346,0.6282,0.4295,0.6216,0.6859,0.7115,0.1081,0.7297,0.2308,0.7692
xtriple,rad-core-33,14,173,70,80,0.6714,0.4625,0.1908,0.7,0.0751,0.6286,0.7457,0.7746,0.1571,0.8857,0.2,0.6875
null,rad-core-33@directed,0,150,136,127,0.2132,0.3386,0.3267,0.3543,0.2,0.2206,0.58,0.58,0.125,0.6765,0.1102,0.2598
null,rad-core-33@directed,1,142,145,158,0.331,0.3544,0.4577,0.2342,0.5,0.2966,0.1197,0.1127,0.6966,0.2414,0.8291,0.7468
null,rad-core-33@directed,2,140,117,147,0.2308,0.3129,0.2786,0.3265,0.1643,0.1197,0.6214,0.6786,0.6581,0.7265,0.1973,0.2041
null,rad-core-33@directed,3,145,146,160,0.4178,0.2625,0.3172,0.3125,0.3172,0.363,0.6759,0.4345,0.5959,0.3973,0.4938,0.5
null,rad-core-33@directed,4,167,156,173,0.2564,0.341,0.2335,0.1503,0.3353,0.2244,0.6228,0.7605,0.5897,0.6218,0.6936,0.6127
null,rad-core-33@uniform,0,117,65,116,0.4615,0.2931,0.5385,0.319,0.453,0.4462,0.7521,0.7521,0.9231,0.8615,0.8103,0.7845
null,rad-core-33@uniform,1,112,107,139,0.5981,0.5683,0.5089,0.6259,0.4375,0.4673,0.875,0.8661,0.8037,0.8879,0.7338,0.8921
null,rad-core-33@uniform,2,48,73,68,0.6164,0.7059,0.7083,0.5735,0.7292,0.5342,0.7708,0.8542,0.8082,0.9315,0.6618,0.8382
null,rad-core-33@uniform,3,159,101,134,0.7129,0.5597,0.6604,0.5522,0.7736,0.6733,0.8239,0.805,0.8614,0.7525,0.8134,0.8582
null,rad-core-33@uniform,4,70,71,148,0.7324,0.4595,0.6714,0.5068,0.6857,0.7606,0.9429,0.9429,0.8592,0.9155,0.7635,0.8041
null,rad-core-33@mixed,0,127,116,110,0.3793,0.2545,0.3386,0.2182,0.4488,0.4052,0.7402,0.7559,0.8276,0.7845,0.7545,0.7182
null,rad-core-33@mixed,1,118,72,115,0.3889,0.3565,0.4407,0.4174,0.2288,0.2083,0.8559,0.8305,0.7778,0.8333,0.6609,0.6609
null,rad-core-33@mixed,2,118,132,109,0.2576,0.3028,0.3814,0.3028,0.3983,0.3409,0.8051,0.1356,0.7652,0.2955,0.6239,0.6606
null,rad-core-33@mixed,3,106,146,141,0.6027,0.7589,0.3208,0.7021,0.3208,0.4384,0.8491,0.8679,0.1301,0.7055,0.0993,0.9504
null,rad-core-33@mixed,4,78,80,110,0.65,0.4364,0.4359,0.2273,0.3462,0.5375,0.859,0.7436,0.6875,0.6875,0.7,0.7545
triple,rad-core-45,0,52,42,60,0.381,0.3333,0.5962,0.6167,0.6538,0.619,0.7885,0.3077,0.7619,0.4286,0.8167,0.8833
triple,rad-core-45,1,87,58,79,0.3793,0.8228,0.7356,0.7468,0.4713,0.3621,0.4713,0.2414,0.6207,0.6207,0.6329,0.4937
triple,rad-core-45,2,42,46,94,0.3696,0.3617,0.881,0.5638,0.5952,0.5217,0.7857,0.8095,0.8043,0.8696,0.1702,0.0851
triple,rad-core-45,3,66,54,70,0.6852,0.7714,0.5455,0.5,0.4091,0.4074,0.7727,0.6818,0.6852,0.5185,0.6571,0.8857
triple,rad-core-45,4,49,56,57,0.375,0.5439,0.6735,0.7368,0.449,0.5179,0.9184,0.9592,0.5,0.7679,0.3158,0.9649
triple,rad-core-45,5,57,92,68,0.25,0.5588,0.4912,0.7794,0.7193,0.7391,0.6667,0.3509,0.5761,0.1739,0.6765,0.6618
triple,rad-core-45,6,87,52,94,0.4038,0.3936,0.7931,0.5426,0.6782,0.4038,0.1149,0.1839,0.8462,0.8462,0.734,0.1383
triple,rad-core-45,7,45,55,96,0.5091,0.5208,0.5556,0.6771,0.4444,0.4364,0.8444,0.9333,0.8727,0.8727,0.1562,0.1875
triple,rad-core-45,8,46,70,98,0.3714,0.2755,0.6739,0.2959,0.7174,0.6,0.8478,0.3261,0.6143,0.4714,0.7959,0.8469
triple,rad-core-45,9,58,80,82,0.5125,0.3049,0.569,0.561,0.5517,0.6625,0.7414,0.569,0.725,0.6,0.4268,0.878
triple,rad-core-45,10,66,50,90,0.6,0.5889,0.4242,0.3889,0.2879,0.4,0.7879,0.7879,0.72,0.8,0.2889,0.8
triple,rad-core-45,11,40,86,45,0.5465,0.6667,0.625,0.5111,0.725,0.6163,0.925,0.85,0.2326,0.2674,0.6667,0.8444
triple,rad-core-45,12,46,52,76,0.5769,0.6842,0.5,0.5,0.413,0.4231,0.9783,0.913,0.5962,0.8846,0.1447,0.2105
triple,rad-core-45,13,83,64,59,0.2031,0.4746,0.5422,0.7119,0.759,0.4531,0.7108,0.2169,0.625,0.4531,0.8136,0.8475
triple,rad-core-45,14,67,46,42,0.5435,0.5714,0.5821,0.4048,0.791,0.8043,0.8955,0.1343,0.6739,0.3478,0.9762,1.0
xtriple,rad-core-45,0,52,58,94,0.1897,0.3936,0.6923,0.5745,0.6538,0.4655,0.6731,0.75,0.6552,0.6724,0.3617,0.5213
xtriple,rad-core-45,1,87,46,60,0.6304,0.65,0.7586,0.5667,0.7241,0.6087,0.1379,0.1609,0.8261,0.8261,0.7,0.9167
xtriple,rad-core-45,2,42,42,79,0.5476,0.6203,0.6429,0.7468,0.381,0.3571,0.7143,0.7619,0.5952,0.5952,0.2785,0.6203
xtriple,rad-core-45,3,66,56,68,0.625,0.7941,0.5303,0.4853,0.4848,0.5,0.7727,0.6364,0.7857,0.6071,0.6471,0.6618
xtriple,rad-core-45,4,49,92,70,0.5543,0.7286,0.6939,0.5429,0.3673,0.2609,0.9592,0.8367,0.1848,0.5978,0.1143,0.6143
xtriple,rad-core-45,5,57,54,57,0.4074,0.6316,0.5614,0.6667,0.5263,0.463,0.8421,0.8421,0.5741,0.6481,0.6842,0.9298
xtriple,rad-core-45,6,87,55,98,0.5636,0.2449,0.6667,0.4796,0.6552,0.5818,0.1494,0.1494,0.8909,0.8182,0.7755,0.6531
xtriple,rad-core-45,7,45,70,94,0.4571,0.5,0.7111,0.3723,0.6222,0.3857,0.9333,0.6,0.5857,0.4143,0.7021,0.734
xtriple,rad-core-45,8,46,52,96,0.2308,0.4479,0.6087,0.7708,0.4783,0.2885,0.1957,0.7391,0.7692,0.7885,0.2396,0.1562
xtriple,rad-core-45,9,58,50,45,0.62,0.6889,0.4828,0.5778,0.6897,0.66,0.8276,0.2069,0.68,0.28,0.9111,0.9556
xtriple,rad-core-45,10,66,86,82,0.5349,0.2805,0.4545,0.378,0.5,0.3488,0.5,0.6212,0.7558,0.7558,0.7317,0.2073
xtriple,rad-core-45,11,40,80,90,0.425,0.6222,0.525,0.7667,0.575,0.3875,0.9,0.775,0.5875,0.625,0.1667,0.7889
xtriple,rad-core-45,12,46,64,42,0.4688,0.5714,0.6957,0.6905,0.8261,0.5,0.8696,0.7174,0.3125,0.2188,0.9524,1.0
xtriple,rad-core-45,13,83,46,76,0.587,0.4342,0.4699,0.4737,0.3494,0.5217,0.7831,0.747,0.587,0.8478,0.2368,0.2632
xtriple,rad-core-45,14,67,52,59,0.3654,0.4407,0.5672,0.4746,0.7164,0.6346,0.209,0.1194,0.8654,0.7885,0.8136,0.8814
null,rad-core-45@directed,0,52,87,42,0.6437,0.5714,0.6346,0.5714,0.5769,0.6092,0.8077,0.2885,0.5402,0.1954,0.7857,0.8333
null,rad-core-45@directed,1,66,49,57,0.7551,0.7544,0.3939,0.6316,0.4091,0.4898,0.5455,0.6818,0.8367,0.9388,0.807,0.3509
null,rad-core-45@directed,2,87,45,46,0.4889,0.5,0.6207,0.3913,0.4828,0.6889,0.1494,0.1379,0.8889,0.8444,0.7826,0.6957
null,rad-core-45@directed,3,58,66,40,0.4091,0.675,0.6724,0.85,0.569,0.5152,0.6207,0.2586,0.5152,0.303,0.95,0.925
null,rad-core-45@directed,4,46,83,67,0.6988,0.6866,0.413,0.4179,0.587,0.2771,0.913,0.8913,0.1325,0.5783,0.1194,0.4179
null,rad-core-45@uniform,0,42,58,46,0.4483,0.587,0.6429,0.4783,0.619,0.4828,0.7143,0.4762,0.7069,0.5517,0.8261,0.8696
null,rad-core-45@uniform,1,54,56,92,0.5357,0.2826,0.5556,0.5,0.6111,0.7321,0.6667,0.5741,0.6786,0.5536,0.7065,0.7174
null,rad-core-45@uniform,2,52,55,70,0.6727,0.7,0.4231,0.4,0.3846,0.4727,0.8077,0.9231,0.5091,0.9273,0.3,0.4714
null,rad-core-45@uniform,3,80,50,86,0.48,0.5233,0.3125,0.2907,0.5625,0.6,0.675,0.675,0.88,0.38,0.8605,0.8488
null,rad-core-45@uniform,4,52,64,46,0.25,0.5435,0.6538,0.7174,0.5385,0.375,0.8462,0.8846,0.3594,0.75,0.6304,0.8043
null,rad-core-45@mixed,0,60,79,94,0.7595,0.5,0.3667,0.266,0.7,0.6962,0.8833,0.7667,0.1772,0.5696,0.1809,0.1277
null,rad-core-45@mixed,1,70,57,68,0.4561,0.6029,0.6571,0.5441,0.6429,0.6491,0.7571,0.1,0.7719,0.3684,0.6471,0.6765
null,rad-core-45@mixed,2,94,96,98,0.5521,0.3673,0.1596,0.2041,0.3936,0.5,0.7021,0.6277,0.1146,0.1875,0.551,0.7755
null,rad-core-45@mixed,3,82,90,45,0.5778,0.4889,0.1829,0.6,0.5244,0.6778,0.7927,0.1951,0.1222,0.1333,0.8889,0.8667
null,rad-core-45@mixed,4,76,59,42,0.5932,0.4762,0.5658,0.5714,0.6842,0.5424,0.1842,0.2105,0.8475,0.6271,1.0,0.9524
triple,rad-core-55,0,93,79,81,0.2405,0.284,0.5484,0.5802,0.3871,0.3797,0.2043,0.3333,0.9114,0.9367,0.642,0.1728
triple,rad-core-55,1,79,42,44,0.5952,0.3864,0.5823,0.75,0.5316,0.6905,0.1646,0.1646,0.8333,0.7619,0.8182,0.4318
triple,rad-core-55,2,84,92,49,0.25,0.4898,0.7024,0.5306,0.631,0.4457,0.1786,0.2381,0.6848,0.8043,0.9796,0.3061
triple,rad-core-55,3,61,71,62,0.507,0.371,0.3443,0.3548,0.623,0.7324,0.7541,0.4754,0.2113,0.1831,0.9194,0.8065
triple,rad-core-55,4,61,64,68,0.4219,0.5441,0.5738,0.6176,0.5902,0.4219,0.1639,0.2295,0.8125,0.7969,0.8824,0.2794
triple,rad-core-55,5,80,70,125,0.2143,0.352,0.5875,0.64,0.475,0.3571,0.0625,0.2125,0.8857,0.7571,0.544,0.048
triple,rad-core-55,6,104,69,39,0.2609,0.5385,0.6538,0.7692,0.8462,0.6522,0.1154,0.7692,0.9275,0.8841,0.7692,0.8462
triple,rad-core-55,7,50,39,42,0.359,0.5714,0.5,0.619,0.7,0.641,0.72,0.24,0.8462,0.3077,0.8333,0.9048
triple,rad-core-55,8,51,32,45,0.375,0.5778,0.7059,0.8222,0.6078,0.5938,0.7451,0.7843,0.875,0.9375,0.8,0.8444
triple,rad-core-55,9,141,54,67,0.2407,0.2537,0.5745,0.6418,0.5887,0.6667,0.6738,0.0709,0.4074,0.3519,0.6716,0.7313
triple,rad-core-55,10,114,64,66,0.3438,0.2727,0.693,0.6818,0.4386,0.4531,0.1579,0.7982,0.9375,0.9531,0.7424,0.6061
triple,rad-core-55,11,100,41,83,0.4146,0.2651,0.87,0.7711,0.5,0.3902,0.11,0.3,0.9024,0.9512,0.8434,0.3373
triple,rad-core-55,12,128,50,48,0.28,0.2083,0.875,0.75,0.5781,0.5,0.6016,0.1562,0.78,0.78,0.8958,0.8542
triple,rad-core-55,13,97,79,46,0.2278,0.5435,0.8247,0.8043,0.6392,0.2025,0.134,0.1546,0.8987,0.8101,0.913,0.4348
triple,rad-core-55,14,97,122,107,0.5328,0.1215,0.5979,0.2523,0.6186,0.7131,0.1753,0.1031,0.5574,0.582,0.6729,0.3832
xtriple,rad-core-55,0,93,42,49,0.4524,0.3265,0.6667,0.7347,0.5591,0.5238,0.0968,0.1613,0.8333,0.9762,1.0,0.3673
xtriple,rad-core-55,1,79,92,81,0.337,0.3457,0.5316,0.5926,0.4937,0.2935,0.1646,0.5823,0.663,0.6304,0.6667,0.1235
xtriple,rad-core-55,2,84,79,44,0.443,0.4545,0.6429,0.4773,0.631,0.4304,0.1667,0.1429,0.8354,0.443,0.9091,0.6364
xtriple,rad-core-55,3,61,64,125,0.25,0.352,0.4426,0.696,0.3443,0.2812,0.2459,0.6885,0.8125,0.7812,0.584,0.04
xtriple,rad-core-55,4,61,70,62,0.4286,0.4516,0.5738,0.4355,0.6066,0.7429,0.082,0.2459,0.9,0.6286,0.8548,0.7419
xtriple,rad-core-55,5,80,71,68,0.4085,0.2941,0.1875,0.3971,0.6875,0.6197,0.8,0.1375,0.1549,0.1972,0.9118,0.8382
xtriple,rad-core-55,6,104,39,45,0.2821,0.4889,0.5096,0.7111,0.6731,0.4103,0.2404,0.1442,0.8205,0.7692,0.6444,0.8222
xtriple,rad-core-55,7,50,32,39,0.5312,0.6923,0.58,0.8462,0.66,0.5625,0.66,0.72,0.8438,1.0,0.8718,0.9231
xtriple,rad-core-55,8,51,69,42,0.3623,0.4048,0.549,0.5714,0.8431,0.5797,0.5098,0.1765,0.9275,0.2029,0.8333,0.7857
xtriple,rad-core-55,9,141,64,83,0.2031,0.253,0.7872,0.6024,0.7589,0.5312,0.0496,0.0638,0.9219,0.8125,0.8072,0.6988
xtriple,rad-core-55,10,114,41,67,0.2683,0.3134,0.7719,0.806,0.3684,0.4634,0.0614,0.1404,0.878,0.8293,0.6269,0.1343
xtriple,rad-core-55,11,100,54,66,0.5741,0.4545,0.41,0.4848,0.35,0.5741,0.78,0.78,0.4444,0.3519,0.697,0.8485
xtriple,rad-core-55,12,128,79,107,0.1266,0.0561,0.8516,0.757,0.5469,0.481,0.0703,0.0547,0.8861,0.8861,0.7383,0.1028
xtriple,rad-core-55,13,97,122,48,0.4836,0.2708,0.5361,0.5833,0.4948,0.6311,0.1959,0.4433,0.623,0.5574,0.8125,0.7083
xtriple,rad-core-55,14,97,50,46,0.42,0.6304,0.7835,0.6957,0.8041,0.48,0.6186,0.1443,0.74,0.68,0.8043,0.8696
null,rad-core-55@directed,0,93,79,84,0.4937,0.4881,0.3978,0.4643,0.3871,0.443,0.3978,0.6344,0.6962,0.6582,0.4167,0.2976
null,rad-core-55@directed,1,61,61,80,0.4918,0.5375,0.6066,0.7625,0.2295,0.377,0.7377,0.7213,0.7869,0.7377,0.7,0.2875
null,rad-core-55@directed,2,104,50,51,0.36,0.3922,0.6154,0.7255,0.625,0.54,0.6346,0.2596,0.88,0.86,0.902,0.902
null,rad-core-55@directed,3,141,114,100,0.2281,0.19,0.3759,0.34,0.6383,0.4123,0.1064,0.1418,0.7719,0.1316,0.84,0.75
null,rad-core-55@directed,4,128,97,97,0.2887,0.2268,0.3906,0.4742,0.2812,0.4742,0.2031,0.2188,0.7423,0.6598,0.6701,0.4742
null,rad-core-55@uniform,0,79,42,92,0.619,0.3587,0.6329,0.5326,0.4557,0.5,0.3924,0.3291,0.7857,0.8333,0.5435,0.4783
null,rad-core-55@uniform,1,71,64,70,0.25,0.2714,0.6761,0.6,0.6901,0.4219,0.2113,0.1549,0.7812,0.8281,0.7857,0.4857
null,rad-core-55@uniform,2,69,39,32,0.5385,0.5938,0.5362,0.5312,0.6232,0.641,0.8696,0.8406,0.4872,0.9231,0.8125,0.875
null,rad-core-55@uniform,3,54,64,41,0.5312,0.4634,0.6296,0.5854,0.5556,0.7188,0.4444,0.3333,0.9219,0.5,1.0,0.9756
null,rad-core-55@uniform,4,50,79,122,0.4557,0.7869,0.78,0.8525,0.42,0.3165,0.5,0.74,0.9367,0.8734,0.7787,0.123
null,rad-core-55@mixed,0,81,44,49,0.4318,0.551,0.6173,0.5306,0.5309,0.4773,0.1111,0.1605,0.8636,0.8864,1.0,0.5102
null,rad-core-55@mixed,1,62,68,125,0.4559,0.8,0.5806,0.712,0.3387,0.3824,0.8226,0.7742,0.5147,0.7941,0.048,0.032
null,rad-core-55@mixed,2,39,42,45,0.6667,0.8,0.7179,0.8222,0.6154,0.5,0.8718,0.9744,0.7619,0.9048,0.7778,0.3778
null,rad-core-55@mixed,3,67,66,83,0.4394,0.2169,0.6269,0.3012,0.5672,0.5,0.7015,0.1791,0.7121,0.4394,0.6988,0.6988
null,rad-core-55@mixed,4,48,46,107,0.7174,0.2523,0.5417,0.5327,0.6875,0.7609,0.4583,0.7708,0.7826,0.8261,0.6168,0.1121
triple,rad-core-61,0,133,123,101,0.1301,0.3168,0.8045,0.5743,0.391,0.2195,0.0602,0.3383,0.5528,0.4715,0.5644,0.2376
triple,rad-core-61,1,118,84,117,0.2143,0.1624,0.7542,0.5983,0.5339,0.0833,0.0678,0.2712,0.7738,0.6548,0.2821,0.094
triple,rad-core-61,2,128,95,116,0.3895,0.3103,0.7656,0.5345,0.6094,0.4,0.2031,0.3359,0.6632,0.6105,0.5259,0.2586
triple,rad-core-61,3,104,108,111,0.3148,0.4234,0.6058,0.5045,0.5673,0.2315,0.4423,0.125,0.4537,0.4537,0.4144,0.5676
triple,rad-core-61,4,132,109,107,0.4587,0.4486,0.6667,0.5234,0.5985,0.3578,0.2121,0.7273,0.7615,0.6881,0.6355,0.2056
triple,rad-core-61,5,121,127,86,0.1969,0.2558,0.2645,0.1163,0.6033,0.3386,0.4959,0.2975,0.1024,0.0709,0.5,0.7326
triple,rad-core-61,6,100,127,97,0.1496,0.4124,0.69,0.701,0.55,0.1654,0.15,0.48,0.6299,0.6614,0.1237,0.0412
triple,rad-core-61,7,112,105,112,0.2476,0.4196,0.7589,0.5,0.5446,0.2286,0.2946,0.3929,0.5714,0.4381,0.5625,0.2232
triple,rad-core-61,8,140,113,112,0.2743,0.4375,0.7786,0.6607,0.5357,0.2124,0.1857,0.5214,0.5929,0.6018,0.375,0.3661
triple,rad-core-61,9,112,83,101,0.1446,0.2871,0.5893,0.6337,0.1339,0.1807,0.4911,0.4821,0.4699,0.7229,0.1188,0.3366
triple,rad-core-61,10,159,109,125,0.4862,0.648,0.6855,0.264,0.6415,0.367,0.4906,0.4906,0.1835,0.3119,0.264,0.624
triple,rad-core-61,11,118,86,109,0.2558,0.211,0.6525,0.4312,0.5254,0.186,0.4068,0.1525,0.7326,0.314,0.5413,0.5321
triple,rad-core-61,12,128,87,107,0.4023,0.2056,0.7812,0.6168,0.4688,0.2529,0.5156,0.125,0.7816,0.3448,0.6075,0.6822
triple,rad-core-61,13,114,120,99,0.0917,0.4646,0.7368,0.6162,0.7368,0.1833,0.0526,0.1404,0.7333,0.65,0.5657,0.4747
triple,rad-core-61,14,122,133,114,0.2105,0.2456,0.1311,0.3772,0.5574,0.1504,0.4344,0.1803,0.1053,0.1429,0.4035,0.5351
xtriple,rad-core-61,0,133,84,116,0.0476,0.1897,0.7444,0.5259,0.6316,0.2143,0.0226,0.218,0.7262,0.8333,0.4828,0.1724
xtriple,rad-core-61,1,118,95,101,0.4737,0.4356,0.7203,0.5644,0.5085,0.1789,0.1695,0.3644,0.5684,0.5684,0.5743,0.3267
xtriple,rad-core-61,2,128,123,117,0.065,0.1282,0.6719,0.735,0.6953,0.3252,0.125,0.0781,0.5122,0.3902,0.2393,0.265
xtriple,rad-core-61,3,104,109,86,0.1927,0.3837,0.5385,0.4535,0.3654,0.1927,0.125,0.4712,0.6055,0.6422,0.5581,0.1744
xtriple,rad-core-61,4,132,127,111,0.3228,0.2162,0.1742,0.1441,0.5152,0.4724,0.7273,0.1439,0.1102,0.0866,0.3784,0.6577
xtriple,rad-core-61,5,121,108,107,0.2685,0.2804,0.6777,0.4766,0.6116,0.1111,0.4463,0.4463,0.6296,0.6667,0.3925,0.514
xtriple,rad-core-61,6,100,105,112,0.0762,0.2857,0.5,0.3304,0.5,0.0762,0.18,0.33,0.3333,0.419,0.2589,0.1071
xtriple,rad-core-61,7,112,113,97,0.1062,0.4433,0.7857,0.5773,0.3304,0.0708,0.1696,0.5,0.5398,0.5929,0.1959,0.268
xtriple,rad-core-61,8,140,127,112,0.2441,0.3929,0.7214,0.5179,0.5857,0.1575,0.1,0.1286,0.5827,0.5827,0.4821,0.1607
xtriple,rad-core-61,9,112,109,109,0.1376,0.1651,0.3929,0.3303,0.5357,0.5413,0.5536,0.2768,0.1284,0.1193,0.5046,0.6514
xtriple,rad-core-61,10,159,86,101,0.314,0.396,0.6792,0.6337,0.1635,0.1047,0.2579,0.4654,0.5349,0.3605,0.1683,0.0792
xtriple,rad-core-61,11,118,83,125,0.1566,0.432,0.6102,0.528,0.5424,0.253,0.322,0.3305,0.5663,0.6506,0.352,0.304
xtriple,rad-core-61,12,128,120,114,0.1417,0.307,0.5781,0.5965,0.4531,0.1417,0.1406,0.2109,0.875,0.4083,0.3596,0.1579
xtriple,rad-core-61,13,114,133,107,0.1203,0.2336,0.1316,0.0467,0.5614,0.2331,0.3596,0.0614,0.0902,0.0226,0.5701,0.6449
xtriple,rad-core-61,14,122,87,99,0.0805,0.2828,0.623,0.4444,0.4836,0.1839,0.3279,0.1721,0.5402,0.4253,0.3434,0.5253
null,rad-core-61@directed,0,133,118,128,0.5169,0.3672,0.3534,0.5156,0.3083,0.3136,0.3835,0.3609,0.4068,0.4492,0.2734,0.2656
null,rad-core-61@directed,1,104,132,121,0.5379,0.5207,0.4904,0.4959,0.2212,0.3864,0.3269,0.3365,0.3333,0.553,0.2314,0.4298
null,rad-core-61@directed,2,100,112,140,0.3929,0.6643,0.47,0.5857,0.51,0.6161,0.14,0.25,0.3214,0.5,0.1429,0.2357
null,rad-core-61@directed,3,112,159,118,0.4403,0.2881,0.4107,0.4831,0.4018,0.6289,0.4554,0.4464,0.2516,0.3648,0.2627,0.2288
null,rad-core-61@directed,4,128,114,122,0.3246,0.3607,0.1641,0.3033,0.3203,0.6404,0.4453,0.2578,0.2105,0.1754,0.3443,0.3197
null,rad-core-61@uniform,0,123,84,95,0.119,0.4526,0.4065,0.6421,0.3089,0.1071,0.252,0.4309,0.6548,0.881,0.3579,0.2947
null,rad-core-61@uniform,1,108,109,127,0.2569,0.5118,0.2963,0.4409,0.1759,0.1651,0.25,0.7593,0.6972,0.7156,0.063,0.1024
null,rad-core-61@uniform,2,127,105,113,0.2095,0.292,0.252,0.2743,0.3465,0.3333,0.5039,0.5354,0.2667,0.3429,0.2743,0.354
null,rad-core-61@uniform,3,83,109,86,0.2202,0.4419,0.1566,0.2791,0.2169,0.4954,0.6867,0.506,0.2936,0.055,0.3605,0.5
null,rad-core-61@uniform,4,87,120,133,0.2583,0.3684,0.3563,0.3308,0.1609,0.1667,0.5287,0.8046,0.7167,0.9167,0.0602,0.1128
null,rad-core-61@mixed,0,101,117,116,0.1197,0.2586,0.3366,0.4224,0.495,0.5983,0.1386,0.4158,0.2479,0.2222,0.3276,0.1724
null,rad-core-61@mixed,1,111,107,86,0.3925,0.4767,0.3333,0.4651,0.3874,0.2897,0.5676,0.4324,0.2523,0.3738,0.3721,0.6744
null,rad-core-61@mixed,2,97,112,112,0.2054,0.2232,0.4227,0.2857,0.433,0.4018,0.1546,0.4124,0.625,0.5982,0.4821,0.2679
null,rad-core-61@mixed,3,101,125,109,0.32,0.2661,0.3564,0.4679,0.5842,0.624,0.3366,0.0891,0.488,0.216,0.5872,0.5872
null,rad-core-61@mixed,4,107,99,114,0.404,0.5351,0.486,0.5439,0.3738,0.3636,0.3925,0.3178,0.303,0.2121,0.1754,0.193
triple,rad-core-65,0,114,84,86,0.2024,0.4419,0.4561,0.5116,0.2018,0.1905,0.2807,0.4211,0.5714,0.5595,0.3605,0.3023
triple,rad-core-65,1,111,104,99,0.2115,0.2121,0.4865,0.3737,0.3964,0.3365,0.5856,0.2613,0.2404,0.2308,0.596,0.7273
triple,rad-core-65,2,87,72,100,0.1389,0.14,0.5402,0.38,0.4598,0.1944,0.2414,0.4253,0.7222,0.75,0.42,0.22
triple,rad-core-65,3,110,59,125,0.0847,0.104,0.8909,0.704,0.5455,0.3051,0.0364,0.1182,0.8305,0.8305,0.432,0.12
triple,rad-core-65,4,118,91,109,0.3297,0.5138,0.0593,0.2202,0.3644,0.4286,0.7288,0.3814,0.1319,0.0989,0.3394,0.6606
triple,rad-core-65,5,78,88,62,0.0909,0.2419,0.4615,0.371,0.5256,0.3182,0.2051,0.3333,0.4318,0.375,0.6774,0.629
triple,rad-core-65,6,84,60,89,0.2667,0.2584,0.4762,0.2247,0.7024,0.6167,0.3333,0.3333,0.65,0.4333,0.6629,0.5169
triple,rad-core-65,7,81,95,100,0.2947,0.46,0.8765,0.55,0.4691,0.1263,0.2593,0.4074,0.5263,0.4842,0.4,0.18
triple,rad-core-65,8,94,85,80,0.4471,0.3,0.7021,0.5375,0.5851,0.3765,0.234,0.4681,0.8,0.7412,0.6125,0.3125
triple,rad-core-65,9,140,128,93,0.4297,0.4624,0.6,0.5161,0.6286,0.1953,0.5786,0.2357,0.3906,0.25,0.5054,0.7419
triple,rad-core-65,10,112,94,117,0.3404,0.2051,0.5,0.3675,0.4018,0.383,0.3036,0.2768,0.5319,0.383,0.4957,0.2821
triple,rad-core-65,11,95,102,108,0.3137,0.4444,0.5263,0.6296,0.4842,0.4216,0.7053,0.4526,0.3627,0.6275,0.3611,0.7593
triple,rad-core-65,12,81,95,86,0.3579,0.4884,0.2099,0.1047,0.2963,0.1684,0.9136,0.8642,0.1053,0.1579,0.1628,0.6628
triple,rad-core-65,13,127,105,105,0.2667,0.2095,0.8898,0.5333,0.5591,0.3524,0.1575,0.1417,0.5905,0.3524,0.4667,0.381
triple,rad-core-65,14,133,108,100,0.1111,0.23,0.5564,0.42,0.5113,0.2685,0.1128,0.1579,0.5556,0.4352,0.59,0.31
xtriple,rad-core-65,0,114,104,100,0.3558,0.32,0.3947,0.31,0.4123,0.3462,0.7105,0.5965,0.3846,0.3462,0.34,0.64
xtriple,rad-core-65,1,111,72,86,0.0694,0.1163,0.4414,0.4302,0.4955,0.0972,0.1261,0.2162,0.6667,0.5556,0.407,0.2558
xtriple,rad-core-65,2,87,84,99,0.2024,0.1919,0.6322,0.5051,0.4368,0.1667,0.3908,0.1839,0.7143,0.4405,0.6364,0.404
xtriple,rad-core-65,3,110,91,62,0.2088,0.0968,0.2,0.1452,0.6545,0.5275,0.3909,0.1091,0.1209,0.1099,0.629,0.7258
xtriple,rad-core-65,4,118,88,125,0.2727,0.2,0.2966,0.296,0.339,0.2386,0.3051,0.322,0.5227,0.5114,0.464,0.32
xtriple,rad-core-65,5,78,59,109,0.0678,0.3211,0.8974,0.7156,0.5641,0.1864,0.0641,0.0769,0.7966,0.7797,0.2844,0.1376
xtriple,rad-core-65,6,84,95,80,0.0947,0.2875,0.6905,0.4875,0.5952,0.2632,0.1786,0.5357,0.6105,0.4632,0.5625,0.2375
xtriple,rad-core-65,7,81,85,89,0.4353,0.2022,0.7531,0.5056,0.7407,0.5529,0.3457,0.2222,0.6471,0.4706,0.5169,0.4944
xtriple,rad-core-65,8,94,60,100,0.2667,0.24,0.617,0.35,0.4362,0.2833,0.2234,0.4149,0.55,0.5333,0.52,0.36
xtriple,rad-core-65,9,140,94,108,0.5745,0.3056,0.5571,0.6019,0.5429,0.4149,0.2643,0.2714,0.4149,0.4362,0.3796,0.3889
xtriple,rad-core-65,10,112,102,93,0.2941,0.3011,0.5357,0.4194,0.4107,0.2941,0.8304,0.2857,0.5588,0.3529,0.5484,0.6882
xtriple,rad-core-65,11,95,128,117,0.1875,0.2564,0.4842,0.359,0.4,0.1797,0.6842,0.5474,0.2266,0.2891,0.4359,0.7009
xtriple,rad-core-65,12,81,105,100,0.2476,0.32,0.5309,0.44,0.4198,0.381,0.3951,0.5926,0.3238,0.4095,0.47,0.56
xtriple,rad-core-65,13,127,108,86,0.0278,0.186,0.5276,0.6047,0.1339,0.1389,0.0157,0.4173,0.5185,0.75,0.1512,0.1163
xtriple,rad-core-65,14,133,95,105,0.3474,0.2,0.1053,0.1619,0.3233,0.4,0.5113,0.0977,0.1474,0.1368,0.4571,0.6571
null,rad-core-65@directed,0,114,111,87,0.4685,0.4253,0.2193,0.3563,0.2807,0.3063,0.7456,0.6842,0.2703,0.3694,0.2759,0.3908
null,rad-core-65@directed,1,110,118,78,0.1864,0.2051,0.6,0.3718,0.6091,0.2119,0.2182,0.2091,0.5,0.3983,0.3718,0.359
null,rad-core-65@directed,2,84,81,94,0.4815,0.6064,0.5714,0.5745,0.5595,0.284,0.5357,0.5595,0.4321,0.5062,0.4787,0.2766
null,rad-core-65@directed,3,140,112,95,0.4375,0.4632,0.5357,0.2632,0.5929,0.4286,0.4357,0.2571,0.3125,0.3036,0.4737,0.5368
null,rad-core-65@directed,4,81,127,133,0.4724,0.4361,0.2346,0.4511,0.4198,0.4331,0.6667,0.6049,0.1339,0.1811,0.1278,0.1579
null,rad-core-65@uniform,0,84,104,72,0.3942,0.25,0.25,0.25,0.1905,0.4904,0.8333,0.4762,0.3269,0.2885,0.6389,0.8472
null,rad-core-65@uniform,1,59,91,88,0.7253,0.7386,0.2203,0.1364,0.1186,0.3077,0.9153,0.7797,0.0659,0.1209,0.1023,0.6818
null,rad-core-65@uniform,2,60,95,85,0.1579,0.3412,0.4833,0.4588,0.55,0.2526,0.2,0.3667,0.4421,0.4316,0.6,0.4824
null,rad-core-65@uniform,3,128,94,102,0.383,0.3824,0.2188,0.3922,0.1875,0.383,0.2188,0.5469,0.6915,0.6809,0.8137,0.4216
null,rad-core-65@uniform,4,95,105,108,0.1905,0.0926,0.4842,0.5463,0.4737,0.3524,0.1579,0.0947,0.8667,0.3143,0.7407,0.5741
null,rad-core-65@mixed,0,86,99,100,0.3232,0.25,0.314,0.32,0.5349,0.3535,0.4302,0.3953,0.6869,0.596,0.23,0.22
null,rad-core-65@mixed,1,125,109,62,0.3394,0.2742,0.28,0.4032,0.336,0.4037,0.376,0.352,0.3394,0.2477,0.6129,0.4839
null,rad-core-65@mixed,2,89,100,80,0.45,0.4625,0.236,0.3,0.2697,0.39,0.6629,0.6517,0.26,0.45,0.425,0.575
null,rad-core-65@mixed,3,93,117,108,0.2564,0.3519,0.3763,0.4444,0.4409,0.3248,0.3441,0.3656,0.3504,0.3846,0.3241,0.6667
null,rad-core-65@mixed,4,86,105,100,0.2476,0.13,0.686,0.43,0.686,0.3429,0.1977,0.1512,0.6571,0.4476,0.68,0.35
triple,rad-core-68,0,36,57,42,0.4912,0.6905,0.3056,0.3095,0.6944,0.5965,0.9444,0.5833,0.386,0.5789,0.6905,0.8333
triple,rad-core-68,1,37,62,39,0.4355,0.6667,0.7297,0.7692,0.8378,0.5,0.7297,0.973,0.5968,0.7097,0.6154,0.4359
triple,rad-core-68,2,63,56,58,0.5179,0.3621,0.4921,0.3276,0.5079,0.5893,0.5873,0.3968,0.8036,0.75,0.9138,0.8966
triple,rad-core-68,3,45,51,43,0.5098,0.6047,0.4222,0.4419,0.6222,0.5882,0.8,0.7556,0.3333,0.2941,0.814,0.9767
triple,rad-core-68,4,20,63,59,0.5873,0.8475,0.55,0.5593,0.65,0.3492,1.0,1.0,0.1587,0.4762,0.2712,0.8305
triple,rad-core-68,5,51,63,74,0.254,0.3919,0.6863,0.5541,0.8431,0.4286,0.7451,0.8235,0.6667,0.9524,0.2838,0.2027
triple,rad-core-68,6,48,66,78,0.3636,0.6282,0.7708,0.7051,0.375,0.2879,0.75,0.9167,0.5303,0.8939,0.3205,0.4615
triple,rad-core-68,7,47,84,49,0.5,0.5306,0.4468,0.3673,0.4681,0.5357,0.9149,0.8723,0.3452,0.3214,0.7347,0.7959
triple,rad-core-68,8,43,47,64,0.6596,0.8125,0.8372,0.875,0.5814,0.4894,0.7907,0.8605,0.7234,0.8298,0.2344,0.2344
triple,rad-core-68,9,28,81,50,0.6173,0.64,0.7143,0.6,0.6429,0.5679,0.7143,0.9643,0.358,0.3704,0.5,0.86
triple,rad-core-68,10,27,53,39,0.6604,0.641,0.6667,0.4103,0.5556,0.5283,1.0,1.0,0.3208,0.8868,0.641,0.8718
triple,rad-core-68,11,33,90,60,0.5667,0.4667,0.3636,0.3167,0.6061,0.5444,1.0,1.0,0.1333,0.5111,0.3667,0.9167
triple,rad-core-68,12,33,56,51,0.625,0.451,0.697,0.549,0.8788,0.6071,0.9091,0.7576,0.7857,0.5357,0.8235,0.8431
triple,rad-core-68,13,40,52,76,0.5,0.5789,0.8,0.5658,0.65,0.4038,0.95,0.975,0.6731,0.8654,0.3553,0.3158
triple,rad-core-68,14,49,59,41,0.678,0.7561,0.4898,0.6341,0.6327,0.7797,0.9184,0.9592,0.2881,0.8644,0.4634,0.9512
xtriple,rad-core-68,0,36,62,58,0.4839,0.4483,0.6667,0.5172,0.5833,0.5323,0.3611,0.5556,0.4677,0.6774,0.7069,0.6552
xtriple,rad-core-68,1,37,56,42,0.5,0.381,0.5405,0.4762,0.8108,0.625,0.7297,0.6757,0.6071,0.75,0.8571,0.881
xtriple,rad-core-68,2,63,57,39,0.5088,0.4872,0.4921,0.5128,0.5714,0.5088,0.7778,0.6667,0.6667,0.7719,0.7436,0.8974
xtriple,rad-core-68,3,45,63,74,0.5079,0.4459,0.5111,0.2162,0.8667,0.4444,0.7556,0.7333,0.3016,0.8571,0.2568,0.7703
xtriple,rad-core-68,4,20,63,43,0.4921,0.6977,0.6,0.5814,0.6,0.5079,1.0,1.0,0.4444,0.9048,0.5581,0.6512
xtriple,rad-core-68,5,51,51,59,0.4706,0.5254,0.4902,0.4915,0.451,0.5686,0.8235,0.7647,0.2353,0.3333,0.4746,0.9661
xtriple,rad-core-68,6,48,84,64,0.4167,0.8125,0.3542,0.625,0.25,0.3571,0.9167,0.9167,0.2738,0.8095,0.1406,0.5
xtriple,rad-core-68,7,47,47,78,0.383,0.7051,0.6809,0.7436,0.5319,0.3191,0.7447,0.9574,0.8085,0.8298,0.2436,0.2949
xtriple,rad-core-68,8,43,66,49,0.5152,0.8163,0.5814,0.6122,0.6279,0.3788,0.7907,0.8372,0.3636,0.8333,0.2857,0.9184
xtriple,rad-core-68,9,28,53,60,0.6226,0.5,0.7143,0.5,0.6071,0.4528,0.8929,0.75,0.434,1.0,0.4,0.7333
xtriple,rad-core-68,10,27,90,50,0.7778,0.62,0.4815,0.38,0.7037,0.6444,1.0,1.0,0.1556,0.2667,0.36,0.86
xtriple,rad-core-68,11,33,81,39,0.5926,0.4615,0.4545,0.6154,0.6061,0.5802,0.9697,1.0,0.2099,0.6914,0.6667,0.9231
xtriple,rad-core-68,12,33,52,41,0.4615,0.7073,0.697,0.8537,0.5758,0.4808,0.9394,0.9697,0.8077,0.8654,0.5366,0.6585
xtriple,rad-core-68,13,40,59,51,0.6271,0.5882,0.5,0.451,0.675,0.7797,0.825,0.775,0.3898,0.339,0.8235,0.8235
xtriple,rad-core-68,14,49,56,76,0.6429,0.5,0.5918,0.5658,0.551,0.4821,0.9184,0.9184,0.6607,0.875,0.1711,0.8421
null,rad-core-68@directed,0,36,37,63,0.7297,0.7143,0.3611,0.5397,0.5,0.7297,0.7778,0.8611,0.5135,0.9459,0.5397,0.5556
null,rad-core-68@directed,1,45,20,51,0.7,0.6667,0.7778,0.9216,0.4889,0.7,0.5556,0.6222,1.0,1.0,0.8039,0.451
null,rad-core-68@directed,2,48,47,43,0.5532,0.6047,0.7083,0.6279,0.7917,0.6596,0.5625,0.3542,0.766,0.7872,0.814,0.7907
null,rad-core-68@directed,3,28,27,33,0.6296,0.6364,0.8929,0.8485,0.6429,0.6667,0.75,0.8571,0.963,0.963,0.7576,0.9091
null,rad-core-68@directed,4,33,40,49,0.55,0.6531,0.7879,0.7143,0.697,0.625,0.7879,0.8182,0.725,0.775,0.9388,0.7143
null,rad-core-68@uniform,0,57,62,56,0.5,0.5714,0.614,0.6607,0.4211,0.5161,0.4737,0.7018,0.7742,0.7581,0.7857,0.6786
null,rad-core-68@uniform,1,51,63,63,0.3175,0.254,0.451,0.2698,0.5686,0.5238,0.3529,0.3529,0.9524,0.3175,0.8889,0.8413
null,rad-core-68@uniform,2,66,84,47,0.619,0.5319,0.303,0.2766,0.6364,0.6905,0.9091,0.5152,0.2976,0.2381,0.8085,0.8085
null,rad-core-68@uniform,3,81,53,90,0.566,0.6444,0.3827,0.6111,0.321,0.3774,0.4938,0.8395,0.9434,1.0,0.4111,0.2667
null,rad-core-68@uniform,4,56,52,59,0.5192,0.7797,0.7143,0.7966,0.5357,0.3462,0.7321,0.9643,0.8654,0.8654,0.6949,0.4746
null,rad-core-68@mixed,0,42,39,58,0.6923,0.7414,0.4286,0.4138,0.5238,0.641,0.8333,0.8333,0.4359,0.4103,0.7586,0.8276
null,rad-core-68@mixed,1,43,59,74,0.6441,0.5541,0.5581,0.2432,0.6279,0.7288,0.8372,0.9302,0.7627,0.9322,0.7703,0.2432
null,rad-core-68@mixed,2,78,49,64,0.2857,0.5625,0.6282,0.7969,0.5513,0.3265,0.3077,0.7436,0.9184,0.8163,0.2969,0.2031
null,rad-core-68@mixed,3,50,39,60,0.5128,0.5333,0.5,0.4167,0.48,0.4103,0.8,0.82,0.7949,0.9744,0.55,0.8
null,rad-core-68@mixed,4,51,76,41,0.6184,0.8293,0.4314,0.6341,0.6078,0.4079,0.8039,0.8235,0.2632,0.9605,0.3171,0.7317
triple,takeoff,0,19,26,20,1.0,1.0,1.0,1.0,1.0,1.0,1.0,0.9474,0.8462,0.9231,1.0,1.0
triple,takeoff,1,21,15,25,1.0,1.0,1.0,1.0,1.0,1.0,0.9048,0.9048,0.9333,0.9333,1.0,1.0
triple,takeoff,2,23,36,24,1.0,1.0,1.0,1.0,1.0,1.0,1.0,1.0,0.9722,0.8056,1.0,1.0
triple,takeoff,3,22,16,22,1.0,1.0,1.0,1.0,1.0,1.0,0.9545,0.9545,1.0,1.0,1.0,0.8636
triple,takeoff,4,37,20,26,1.0,1.0,1.0,1.0,1.0,1.0,0.8649,0.8919,1.0,1.0,0.8462,0.8462
triple,takeoff,5,30,29,32,1.0,1.0,1.0,1.0,1.0,1.0,0.7333,0.9,0.931,0.8621,1.0,0.8438
triple,takeoff,6,33,30,20,1.0,1.0,1.0,1.0,1.0,1.0,0.9394,0.9697,0.8667,0.7667,1.0,1.0
triple,takeoff,7,29,19,29,1.0,1.0,1.0,1.0,1.0,1.0,0.9655,0.9655,0.9474,0.7895,0.8621,0.7241
triple,takeoff,8,28,34,24,1.0,1.0,1.0,1.0,1.0,1.0,0.75,0.75,0.9118,0.7647,0.9167,0.875
triple,takeoff,9,19,25,21,1.0,1.0,1.0,1.0,1.0,1.0,0.9474,1.0,0.84,0.88,1.0,0.9524
triple,takeoff,10,26,26,29,1.0,1.0,1.0,1.0,1.0,1.0,1.0,1.0,0.9231,0.9615,0.931,0.8966
triple,takeoff,11,31,20,37,1.0,1.0,1.0,1.0,1.0,1.0,0.8065,1.0,1.0,1.0,1.0,0.8649
triple,takeoff,12,28,26,23,1.0,1.0,1.0,1.0,1.0,1.0,1.0,1.0,0.8846,1.0,0.9565,1.0
triple,takeoff,13,27,28,24,1.0,1.0,1.0,1.0,1.0,1.0,0.9259,0.963,0.9286,0.8929,0.875,1.0
triple,takeoff,14,25,20,31,1.0,1.0,1.0,1.0,1.0,1.0,0.84,0.92,0.95,1.0,0.7097,0.9677
xtriple,takeoff,0,19,15,24,1.0,1.0,1.0,1.0,1.0,1.0,0.8947,0.9474,0.9333,0.9333,0.9583,0.75
xtriple,takeoff,1,21,36,20,1.0,1.0,1.0,1.0,1.0,1.0,1.0,0.7619,1.0,0.6944,1.0,1.0
xtriple,takeoff,2,23,26,25,1.0,1.0,1.0,1.0,1.0,1.0,0.9565,0.9565,0.7692,1.0,1.0,0.96
xtriple,takeoff,3,22,20,32,1.0,1.0,1.0,1.0,1.0,1.0,0.9545,0.9545,0.9,1.0,1.0,0.9375
xtriple,takeoff,4,37,29,22,1.0,1.0,1.0,1.0,1.0,1.0,0.7297,0.973,0.9655,0.8276,0.9545,0.5455
xtriple,takeoff,5,30,16,26,1.0,1.0,1.0,1.0,1.0,1.0,0.8,1.0,1.0,1.0,0.9615,0.8077
xtriple,takeoff,6,33,19,24,1.0,1.0,1.0,1.0,1.0,1.0,0.7576,0.8788,0.8947,0.7895,1.0,0.9583
xtriple,takeoff,7,29,34,20,1.0,1.0,1.0,1.0,1.0,1.0,0.931,0.931,0.7353,0.9706,0.95,1.0
xtriple,takeoff,8,28,30,29,1.0,1.0,1.0,1.0,1.0,1.0,0.9286,1.0,0.7667,0.8667,1.0,0.8276
xtriple,takeoff,9,19,26,37,1.0,1.0,1.0,1.0,1.0,1.0,0.8421,1.0,0.6154,0.9615,0.7838,0.9459
xtriple,takeoff,10,26,20,21,1.0,1.0,1.0,1.0,1.0,1.0,0.9615,0.9231,1.0,0.95,0.9048,0.7143
xtriple,takeoff,11,31,25,29,1.0,1.0,1.0,1.0,1.0,1.0,0.7419,0.871,0.88,0.88,0.931,0.8966
xtriple,takeoff,12,28,28,31,1.0,1.0,1.0,1.0,1.0,1.0,0.9643,0.9643,0.8929,1.0,0.6774,0.8387
xtriple,takeoff,13,27,20,23,1.0,1.0,1.0,1.0,1.0,1.0,1.0,1.0,1.0,1.0,0.913,0.913
xtriple,takeoff,14,25,26,24,1.0,1.0,1.0,1.0,1.0,1.0,1.0,0.88,0.8462,0.8462,0.8333,0.9583
null,takeoff@directed,0,19,21,23,1.0,1.0,1.0,1.0,1.0,1.0,1.0,1.0,1.0,1.0,1.0,1.0
null,takeoff@directed,1,22,37,30,1.0,1.0,1.0,1.0,1.0,1.0,1.0,1.0,0.973,0.9189,1.0,0.9667
null,takeoff@directed,2,33,29,28,1.0,1.0,1.0,1.0,1.0,1.0,0.9697,0.9394,1.0,0.9655,1.0,1.0
null,takeoff@directed,3,19,26,31,1.0,1.0,1.0,1.0,1.0,1.0,0.8947,1.0,1.0,1.0,0.8387,0.871
null,takeoff@directed,4,28,27,25,1.0,1.0,1.0,1.0,1.0,1.0,1.0,0.8929,0.8889,0.8889,0.96,0.88
null,takeoff@uniform,0,26,15,36,1.0,1.0,1.0,1.0,1.0,1.0,0.8462,1.0,0.8667,1.0,0.7222,0.6944
null,takeoff@uniform,1,16,20,29,1.0,1.0,1.0,1.0,1.0,1.0,1.0,1.0,1.0,0.95,0.8276,0.9655
null,takeoff@uniform,2,30,19,34,1.0,1.0,1.0,1.0,1.0,1.0,0.5667,0.9667,0.8421,0.9474,0.8824,0.8529
null,takeoff@uniform,3,25,26,20,1.0,1.0,1.0,1.0,1.0,1.0,0.8,0.88,1.0,0.8846,0.9,0.95
null,takeoff@uniform,4,26,28,20,1.0,1.0,1.0,1.0,1.0,1.0,0.8846,0.8846,0.8571,0.9286,0.9,0.95
null,takeoff@mixed,0,20,25,24,1.0,1.0,1.0,1.0,1.0,1.0,1.0,1.0,0.92,0.96,0.9583,0.8333
null,takeoff@mixed,1,22,26,32,1.0,1.0,1.0,1.0,1.0,1.0,1.0,1.0,0.9615,1.0,0.9375,0.9375
null,takeoff@mixed,2,20,29,24,1.0,1.0,1.0,1.0,1.0,1.0,1.0,0.9,0.8621,0.8621,1.0,1.0
null,takeoff@mixed,3,21,29,37,1.0,1.0,1.0,1.0,1.0,1.0,1.0,0.9048,1.0,0.8966,0.8919,0.9189
null,takeoff@mixed,4,23,24,31,1.0,1.0,1.0,1.0,1.0,1.0,0.913,0.913,1.0,0.9583,0.8065,0.7097
triple,fsm-combined,15,24,23,34,0.6522,0.8824,0.8333,0.8824,0.4583,0.8261,0.2917,0.375,0.3043,0.2609,0.2353,0.0588
triple,fsm-combined,16,20,33,24,0.3636,0.4167,0.8,0.5417,0.8,0.4545,0.4,0.4,0.303,0.3333,0.375,0.4167
triple,fsm-combined,17,23,18,41,0.7778,0.561,0.5652,0.4878,0.913,0.8889,0.3043,0.5652,0.5,0.5556,0.2439,0.3415
triple,fsm-combined,18,30,30,31,0.2667,0.4194,0.2,0.129,1.0,0.9667,0.0667,0.4333,0.1333,0.1667,0.6452,0.129
triple,fsm-combined,19,17,31,53,0.6774,0.3208,1.0,0.4151,0.9412,0.6452,0.4118,0.6471,0.4194,0.2581,0.2642,0.3019
triple,fsm-combined,20,25,17,18,0.5882,0.8889,0.48,0.6667,0.84,0.6471,0.72,0.88,0.7647,0.7647,0.8333,0.8333
triple,fsm-combined,21,51,24,12,0.4167,0.25,0.8627,0.8333,0.549,0.75,0.3922,0.1569,0.7917,0.5417,0.9167,0.9167
triple,fsm-combined,22,23,25,19,0.88,0.6316,0.7826,0.5789,0.3478,0.28,0.5652,0.3043,0.76,0.52,0.1579,0.1579
triple,fsm-combined,23,39,36,27,0.8611,0.2963,0.7692,0.6296,0.5897,0.75,0.2051,0.3333,0.4167,0.3333,0.3704,0.4444
triple,fsm-combined,24,36,38,55,0.1053,0.4727,0.8056,0.8909,0.6667,0.6053,0.0833,0.1944,0.1579,0.3684,0.2,0.0727
triple,fsm-combined,25,25,33,33,0.8182,0.4545,0.68,0.2727,0.72,0.3333,0.4,0.24,0.4242,0.0606,0.2121,0.303
triple,fsm-combined,26,37,18,34,0.8889,0.7941,0.8108,0.7941,0.5135,0.3333,0.4595,0.5135,0.7778,1.0,0.5,0.4412
triple,fsm-combined,27,25,46,28,0.5217,0.6071,0.72,0.75,0.52,0.8043,0.8,0.72,0.5217,0.5217,0.5357,0.5714
triple,fsm-combined,28,23,27,22,0.7778,0.7727,0.2174,0.4545,0.7391,0.4815,0.2609,0.3478,0.1852,0.2222,0.4545,0.2273
triple,fsm-combined,29,33,42,34,0.7143,0.3235,0.9091,0.5294,0.6061,0.2619,0.3636,0.2727,0.5,0.3095,0.4412,0.2353
xtriple,fsm-combined,0,24,33,41,0.3636,0.5854,0.625,0.8293,0.5417,0.6061,0.5417,0.5833,0.2424,0.4545,0.2683,0.3415
xtriple,fsm-combined,1,20,18,34,0.7778,0.7647,0.8,0.5,0.7,0.6111,0.55,0.95,0.5,0.4444,0.4118,0.2059
xtriple,fsm-combined,2,23,23,24,0.3913,0.7917,0.6957,0.9583,0.5652,1.0,0.087,0.6087,0.3478,0.3043,0.3333,0.125
xtriple,fsm-combined,3,30,31,18,0.4839,0.6667,0.8,0.5,0.9333,0.6129,0.7,0.5,0.4194,0.2903,0.9444,0.8889
xtriple,fsm-combined,4,17,17,31,0.4118,0.7419,0.8235,0.6774,0.8235,0.7059,0.5882,0.2941,0.6471,0.4118,0.6774,0.5484
xtriple,fsm-combined,5,25,30,53,0.5667,0.8679,0.4,0.717,0.88,0.7,0.48,0.88,0.1333,0.3667,0.2453,0.2264
xtriple,fsm-combined,6,51,25,27,0.48,0.2222,0.549,0.8148,0.6275,0.48,0.3529,0.098,0.6,0.72,0.3333,0.8519
xtriple,fsm-combined,7,23,36,12,0.8889,0.75,0.3913,0.5833,0.5652,0.3889,0.4348,0.3043,0.4444,0.3056,0.75,0.8333
xtriple,fsm-combined,8,39,24,19,0.375,0.8421,0.9744,0.7895,0.7949,0.7083,0.1282,0.359,0.5,0.5,0.2105,0.2105
xtriple,fsm-combined,9,36,33,34,0.4242,0.3235,0.4444,0.6176,0.6389,0.8485,0.2222,0.2778,0.1818,0.5758,0.5588,0.3824
xtriple,fsm-combined,10,25,18,55,0.5,0.8,0.76,0.6909,0.64,0.6667,0.12,0.68,0.3889,0.8333,0.2545,0.0727
xtriple,fsm-combined,11,37,38,33,0.2632,0.5455,0.9189,0.5758,0.7838,0.1053,0.2703,0.2973,0.1579,0.1579,0.4242,0.1818
xtriple,fsm-combined,12,25,27,34,0.3333,0.5,0.48,0.3824,0.32,0.7407,0.24,0.28,0.1852,0.2222,0.2353,0.3235
xtriple,fsm-combined,13,23,42,28,0.5476,0.8929,0.4783,0.5714,0.5652,0.3333,0.3913,0.3478,0.3571,0.4048,0.3571,0.5714
xtriple,fsm-combined,14,33,46,22,0.5652,0.8182,0.9091,0.8182,0.8485,0.6739,0.3636,0.4545,0.4348,0.5217,0.6818,0.7727
null,fsm-combined@directed,0,24,20,23,0.85,0.6522,0.625,0.7391,0.6667,0.95,0.25,0.4583,0.45,0.45,0.3913,0.2609
null,fsm-combined@directed,1,30,17,25,0.6471,0.76,0.8667,0.72,0.9667,0.6471,0.2667,0.5333,0.5882,0.6471,0.68,0.72
null,fsm-combined@directed,2,51,23,39,0.4348,0.3846,0.8039,0.8462,0.451,0.2609,0.3529,0.1569,0.5652,0.5217,0.1538,0.3077
null,fsm-combined@directed,3,36,25,37,0.76,0.7027,0.6944,0.6486,0.9167,1.0,0.1944,0.5833,0.2,0.64,0.4595,0.7838
null,fsm-combined@directed,4,25,23,33,0.8696,0.7879,0.68,0.9091,0.76,0.6522,0.48,0.76,0.3478,0.3478,0.5152,0.303
null,fsm-combined@uniform,0,23,33,18,0.9091,0.8889,0.9565,0.8889,0.7391,0.3333,0.2609,0.3478,0.0909,0.2424,0.1667,0.4444
null,fsm-combined@uniform,1,30,31,17,0.0323,0.1176,0.4667,0.7059,0.7667,0.8387,0.0667,0.1667,0.0645,0.3871,0.4118,0.5294
null,fsm-combined@uniform,2,24,25,36,0.76,1.0,0.7083,0.3056,0.7083,0.68,0.625,0.5417,0.72,0.6,0.5556,0.3333
null,fsm-combined@uniform,3,38,33,18,0.7576,0.8889,0.6053,0.3333,0.2105,0.4545,0.3158,0.1316,0.1212,0.2121,0.2222,0.7222
null,fsm-combined@uniform,4,46,27,42,0.4815,0.7857,0.6739,0.5,0.5652,0.8148,0.1957,0.3913,0.3704,0.2593,0.3095,0.2857
null,fsm-combined@mixed,0,34,24,41,0.2083,0.7317,0.9118,0.7317,0.8824,0.7083,0.5,0.4706,0.5,0.7083,0.3171,0.2195
null,fsm-combined@mixed,1,31,53,18,0.9057,0.8889,0.7419,0.9444,0.4839,0.8113,0.2258,0.5806,0.1132,0.2642,0.7778,0.5556
null,fsm-combined@mixed,2,12,19,27,0.6842,0.5926,0.6667,0.4444,0.6667,0.3684,0.9167,0.75,0.2105,0.1053,0.4444,0.3333
null,fsm-combined@mixed,3,55,33,34,0.6364,0.7353,0.6364,0.7353,0.4364,0.1818,0.1455,0.1091,0.6061,0.4242,0.5,0.0882
null,fsm-combined@mixed,4,28,22,34,0.7273,0.7353,0.5714,0.6176,0.6786,0.5455,0.4643,0.3214,0.6818,0.3636,0.4412,0.3529
triple,fsm-timing,15,45,42,39,0.6667,0.7692,0.6667,0.7692,0.8889,0.8571,0.8667,0.9333,0.9048,0.9524,0.7179,0.7949
triple,fsm-timing,16,28,33,25,0.7273,0.6,0.7857,0.56,0.8929,0.6667,0.9286,0.9643,0.7273,0.7576,0.8,0.8
triple,fsm-timing,17,51,49,51,0.7959,0.6471,0.7255,0.6275,0.7059,0.8163,0.7843,0.8824,0.8367,0.7143,0.8235,0.7843
triple,fsm-timing,18,26,41,48,0.6341,0.6667,0.7308,0.6667,0.9231,0.7561,0.7692,1.0,0.6829,0.6829,0.75,0.75
triple,fsm-timing,19,24,36,30,0.9444,0.9667,0.75,0.8667,0.6667,0.6944,1.0,1.0,0.8056,0.9167,0.8667,0.9667
triple,fsm-timing,20,43,44,36,0.7727,0.9167,0.6977,0.6667,0.6744,0.5909,0.8372,0.8837,0.6591,0.6136,0.9167,0.9444
triple,fsm-timing,21,33,46,33,0.7826,0.8788,0.697,0.6364,0.7879,0.6957,0.303,0.9091,0.3696,0.5,0.5758,0.5455
triple,fsm-timing,22,52,34,44,0.7353,0.5682,0.7692,0.7045,0.6538,0.7941,0.9231,0.6731,0.7059,0.6765,0.6136,0.6818
triple,fsm-timing,23,50,36,43,0.9167,0.8372,0.68,0.6744,0.92,0.9722,0.9,0.78,1.0,0.8611,0.9535,0.8605
triple,fsm-timing,24,35,45,46,0.7556,0.7609,0.8857,0.8043,0.6571,0.6667,0.8571,0.9714,0.5556,0.8222,0.587,0.7174
triple,fsm-timing,25,37,43,33,0.6977,0.7879,0.7297,0.7273,0.7568,0.814,0.5405,0.6757,0.5814,0.4186,0.9697,0.9091
triple,fsm-timing,26,35,37,46,0.7297,0.5652,0.6857,0.6087,0.7143,0.8108,0.8571,0.8286,1.0,0.8649,0.8696,0.8043
triple,fsm-timing,27,39,41,32,0.7317,0.5312,0.7692,0.7812,0.7692,0.7073,0.641,0.8718,0.6585,0.5854,1.0,0.875
triple,fsm-timing,28,43,35,33,0.8,0.8485,0.5814,0.5758,0.907,0.9429,0.6047,0.5349,1.0,0.4571,0.9091,0.6667
triple,fsm-timing,29,44,34,46,0.6176,0.7174,0.6818,0.8043,0.5455,0.7353,0.25,0.6591,0.7647,0.9412,0.8261,0.7826
xtriple,fsm-timing,0,45,33,51,0.7273,0.6667,0.6444,0.549,0.5333,0.7576,0.8444,0.9111,0.9091,0.7879,0.6863,0.6078
xtriple,fsm-timing,1,28,49,39,0.5918,0.6154,0.6786,0.6923,0.8929,0.8776,0.8571,1.0,0.4082,0.6122,0.7436,0.8462
xtriple,fsm-timing,2,51,42,25,0.5476,0.64,0.7059,0.72,0.8627,0.5952,0.6667,0.5882,0.8095,0.7381,0.88,0.8
xtriple,fsm-timing,3,26,36,36,0.8333,0.6944,0.7692,0.5556,0.8077,0.7778,0.9615,0.8462,0.7222,0.75,0.75,0.8333
xtriple,fsm-timing,4,24,44,48,0.7273,0.8333,0.7083,0.625,0.7917,0.6364,0.9167,0.9583,0.6591,0.7273,0.625,0.5
xtriple,fsm-timing,5,43,41,30,0.8049,0.9,0.5116,0.6,0.5814,0.6098,0.7907,0.9767,0.4146,0.9512,0.7667,0.8333
xtriple,fsm-timing,6,33,34,43,0.7647,0.7907,0.6667,0.6977,0.8485,0.7941,0.9697,0.7273,0.6471,0.7647,0.6047,0.9535
xtriple,fsm-timing,7,52,36,33,0.6944,0.7273,0.6538,0.6364,0.6538,0.6111,0.6923,0.6731,0.8611,0.8056,0.9091,0.9091
xtriple,fsm-timing,8,50,46,44,0.7391,0.7273,0.66,0.7045,0.66,0.7391,0.38,0.78,0.4783,0.6304,0.6818,0.4318
xtriple,fsm-timing,9,35,43,46,0.814,0.9565,0.6286,0.587,0.8857,0.8605,0.8571,0.9143,0.3256,0.4651,0.7826,0.7391
xtriple,fsm-timing,10,37,37,46,0.6216,0.4783,0.5405,0.6304,0.7568,0.8108,0.7838,0.8919,0.8919,0.973,0.8261,0.8261
xtriple,fsm-timing,11,35,45,33,0.5333,0.6061,0.8,0.7879,0.8857,0.7111,0.4571,0.6571,0.7778,0.7111,0.9697,0.9091
xtriple,fsm-timing,12,39,35,46,0.8,0.8043,0.5897,0.5217,0.8718,0.6857,0.4615,0.6667,0.8,0.8286,0.8696,0.8043
xtriple,fsm-timing,13,43,34,32,0.5882,0.7812,0.7907,0.8125,0.7674,0.5,0.4419,0.814,0.9118,0.9118,0.9688,0.4688
xtriple,fsm-timing,14,44,41,33,0.7805,0.7273,0.75,0.7576,1.0,0.7317,0.6136,0.3636,0.5854,0.7317,0.5758,0.7879
null,fsm-timing@directed,0,45,28,51,0.7143,0.7647,0.5556,0.7451,0.6667,0.8571,0.5778,0.8222,0.9643,0.9286,0.8235,0.6471
null,fsm-timing@directed,1,26,24,43,0.7083,0.6512,1.0,0.8605,0.8462,0.9583,0.8462,0.6923,1.0,0.8333,0.907,0.9302
null,fsm-timing@directed,2,33,52,50,0.8077,0.82,0.5758,0.62,0.8182,0.7692,1.0,0.9697,0.6346,0.7885,0.76,0.86
null,fsm-timing@directed,3,35,37,35,0.9459,0.9714,0.6,0.7429,0.5714,0.7027,0.9429,0.9714,0.5405,0.7838,0.5429,0.9429
null,fsm-timing@directed,4,39,43,44,0.7209,0.4545,0.7692,0.5227,0.8462,0.8837,1.0,0.5128,0.907,0.6977,0.8409,0.9091
null,fsm-timing@uniform,0,42,33,49,0.8182,0.6939,0.5476,0.6122,0.5952,0.6061,0.881,0.7857,0.8182,0.9091,0.7347,0.6735
null,fsm-timing@uniform,1,41,36,44,0.6667,0.7045,0.561,0.3864,0.8049,0.8611,0.9024,0.7805,0.8611,0.7778,0.75,0.7727
null,fsm-timing@uniform,2,46,34,36,0.7647,0.6944,0.7174,0.6944,0.6304,0.6176,0.8261,0.5217,0.5882,0.8235,0.5556,0.9167
null,fsm-timing@uniform,3,45,43,37,0.814,0.8378,0.7556,0.6757,0.6889,0.7907,0.8444,0.6889,0.7442,0.5116,0.7027,0.7568
null,fsm-timing@uniform,4,41,35,34,0.8286,0.6471,0.4878,0.5,0.7073,0.7429,0.6585,0.6341,0.9143,0.7429,1.0,0.9412
null,fsm-timing@mixed,0,39,25,51,0.84,0.7059,0.7436,0.5882,0.8205,0.6,0.7179,0.7949,0.84,0.76,0.6863,0.5098
null,fsm-timing@mixed,1,48,30,36,0.9667,0.8333,0.5417,0.5,0.6875,0.7,0.7292,0.6875,0.9333,0.8333,0.8889,0.8056
null,fsm-timing@mixed,2,33,44,43,0.7273,0.6744,0.4545,0.6279,0.8788,0.75,0.7879,0.8182,0.6818,0.6818,0.8605,0.9302
null,fsm-timing@mixed,3,46,33,46,0.5152,0.587,0.6957,0.8478,0.7174,0.7273,0.587,0.6739,0.8182,0.8788,0.7391,0.7174
null,fsm-timing@mixed,4,32,33,46,0.8788,0.6087,0.875,0.8696,0.75,0.8182,0.5938,0.5312,0.6364,0.9091,0.8478,0.4565
triple,fsm,15,13,10,17,0.9,0.8235,1.0,1.0,0.9231,1.0,1.0,0.8462,1.0,1.0,0.5882,0.7647
triple,fsm,16,11,13,11,1.0,1.0,0.9091,1.0,0.9091,1.0,1.0,0.9091,0.5385,0.9231,0.6364,0.9091
triple,fsm,17,9,13,21,1.0,0.9524,0.5556,0.8571,1.0,1.0,0.8889,0.8889,0.5385,0.9231,0.4762,0.8095
triple,fsm,18,16,18,14,0.9444,1.0,0.9375,1.0,0.875,1.0,0.875,1.0,1.0,1.0,1.0,1.0
triple,fsm,19,19,27,14,0.8519,0.7857,0.7895,0.8571,0.8421,0.963,1.0,0.5789,0.7037,0.4444,1.0,1.0
triple,fsm,20,16,15,18,0.8,0.8889,0.875,0.9444,0.875,0.8667,0.6875,0.875,0.6,0.9333,0.5,0.6111
triple,fsm,21,14,18,19,0.9444,0.8421,0.8571,0.8947,0.6429,0.6667,0.6429,0.8571,0.2222,0.7778,0.3684,0.8947
triple,fsm,22,12,16,17,0.875,0.9412,1.0,1.0,0.8333,0.6875,1.0,0.9167,1.0,1.0,0.5294,0.3529
triple,fsm,23,11,18,9,1.0,1.0,0.9091,1.0,1.0,1.0,1.0,1.0,0.7222,0.8333,1.0,1.0
triple,fsm,24,18,19,21,0.7895,0.9048,0.9444,0.9524,0.8889,0.7895,0.8889,1.0,0.6316,0.8947,0.7143,1.0
triple,fsm,25,12,22,14,1.0,1.0,0.75,0.8571,0.5833,0.7727,1.0,0.9167,0.5,0.8182,0.6429,0.9286
triple,fsm,26,22,23,17,0.7391,1.0,0.7273,0.9412,0.7273,0.7391,0.5909,0.7727,0.5652,0.6957,0.4706,0.5882
triple,fsm,27,15,20,23,1.0,0.8261,0.8667,0.8696,1.0,0.95,0.4667,0.4667,0.7,0.85,0.5217,0.6957
triple,fsm,28,12,12,16,0.9167,1.0,0.9167,0.9375,1.0,0.75,1.0,1.0,0.8333,1.0,1.0,0.6875
triple,fsm,29,17,28,14,0.8929,0.8571,0.8235,0.5,1.0,0.9643,1.0,0.5294,0.9643,0.3571,1.0,0.8571
xtriple,fsm,0,13,13,21,0.8462,0.9048,0.8462,0.9048,1.0,0.9231,0.9231,1.0,0.8462,0.9231,0.619,0.5714
xtriple,fsm,1,11,13,17,1.0,1.0,0.6364,0.7647,0.8182,1.0,1.0,0.9091,0.3077,0.5385,0.5294,0.7059
xtriple,fsm,2,9,10,11,0.9,1.0,1.0,1.0,1.0,0.9,1.0,1.0,0.8,0.8,0.9091,0.8182
xtriple,fsm,3,16,27,18,0.9259,1.0,0.875,0.9444,0.9375,0.8889,1.0,1.0,0.4074,0.6667,0.5556,0.8333
xtriple,fsm,4,19,15,14,0.8,0.8571,0.8421,0.8571,1.0,0.8,0.7368,0.8421,0.8667,0.8667,1.0,1.0
xtriple,fsm,5,16,18,14,0.8333,0.8571,0.9375,1.0,0.9375,0.8889,0.8125,0.75,0.7778,0.7778,0.8571,0.9286
xtriple,fsm,6,14,16,9,0.8125,1.0,0.9286,1.0,1.0,0.875,0.7857,0.5714,0.875,1.0,0.7778,0.8889
xtriple,fsm,7,12,18,19,1.0,0.9474,0.4167,0.8947,0.4167,0.8333,0.8333,0.8333,0.3889,1.0,0.4737,0.7368
xtriple,fsm,8,11,18,17,1.0,0.9412,0.8182,0.9412,0.7273,0.9444,1.0,1.0,0.5556,0.8889,0.2941,0.7647
xtriple,fsm,9,18,22,17,0.9545,1.0,0.7222,0.9412,0.7778,0.8636,1.0,0.8889,0.5455,0.8182,0.4706,0.8824
xtriple,fsm,10,12,23,21,1.0,1.0,0.6667,0.8095,0.9167,0.913,1.0,1.0,0.3478,0.913,0.6667,0.8571
xtriple,fsm,11,22,19,14,0.7895,0.9286,1.0,0.9286,0.6364,0.6316,0.6364,0.5909,0.6316,0.8421,0.7857,0.9286
xtriple,fsm,12,15,12,14,0.8333,0.9286,0.9333,0.8571,1.0,0.9167,0.4,0.3333,0.8333,0.75,0.9286,0.9286
xtriple,fsm,13,12,28,23,0.9286,0.913,0.8333,0.7826,0.9167,0.9643,1.0,0.9167,0.8571,0.8929,0.5652,0.5652
xtriple,fsm,14,17,20,16,0.85,0.9375,0.8235,1.0,0.9412,1.0,1.0,0.9412,0.8,0.8,0.9375,1.0
null,fsm@directed,0,13,11,9,0.8182,0.7778,1.0,1.0,1.0,0.9091,0.9231,0.8462,1.0,0.9091,1.0,1.0
null,fsm@directed,1,16,19,16,1.0,0.9375,0.875,0.8125,0.9375,0.9474,0.9375,0.6875,0.6842,0.7368,0.75,0.8125
null,fsm@directed,2,14,12,11,1.0,0.9091,0.9286,0.9091,1.0,1.0,0.9286,0.5,1.0,0.75,1.0,0.9091
null,fsm@directed,3,18,12,22,0.8333,0.9091,0.9444,1.0,0.8333,0.9167,0.8889,0.9444,1.0,1.0,0.7273,0.5909
null,fsm@directed,4,15,12,17,1.0,1.0,1.0,0.9412,0.9333,0.9167,0.4667,0.4667,1.0,1.0,0.8824,1.0
null,fsm@uniform,0,10,13,13,1.0,1.0,1.0,1.0,0.8,0.8462,0.9,1.0,1.0,1.0,0.6923,1.0
null,fsm@uniform,1,18,27,15,0.963,0.9333,0.8333,0.8667,0.8333,0.963,0.7778,0.6667,0.4444,0.4074,0.8,0.7333
null,fsm@uniform,2,18,16,18,0.625,0.9444,1.0,1.0,0.8889,0.5625,0.4444,0.7778,0.9375,0.9375,1.0,0.4444
null,fsm@uniform,3,19,22,23,1.0,1.0,0.5789,0.913,0.6842,0.9545,1.0,0.9474,0.6364,1.0,0.6087,0.7391
null,fsm@uniform,4,20,12,28,0.8333,0.8929,1.0,1.0,0.8,0.6667,0.55,0.95,1.0,0.9167,0.8929,0.5
null,fsm@mixed,0,17,11,21,0.9091,1.0,0.7059,0.9524,0.9412,1.0,0.5294,0.7647,0.9091,0.9091,0.619,0.6667
null,fsm@mixed,1,14,14,18,1.0,0.9444,0.8571,0.9444,1.0,0.8571,0.7857,1.0,1.0,0.9286,0.8333,0.5556
null,fsm@mixed,2,19,17,9,0.8235,0.8889,0.8421,0.8889,0.9474,0.9412,0.7895,0.6316,0.7647,0.6471,1.0,1.0
null,fsm@mixed,3,21,14,17,1.0,1.0,0.8095,0.8824,0.8095,0.7857,0.9524,1.0,1.0,0.8571,0.8824,0.6471
null,fsm@mixed,4,23,16,14,0.875,0.9286,0.913,0.9286,1.0,1.0,0.8696,0.3913,0.9375,0.5625,1.0,0.9286
triple,mode-arbiter,15,33,34,23,0.8235,0.913,0.9697,0.9565,1.0,0.9118,0.6667,0.6667,0.9706,0.8529,1.0,0.9565
triple,mode-arbiter,16,30,51,54,0.7255,0.8519,0.9667,0.963,0.9333,0.8039,0.8667,0.8,0.7647,0.9804,0.7037,0.8889
triple,mode-arbiter,17,21,40,34,0.7,0.9118,0.9524,0.9118,0.9048,0.7,0.7619,0.9524,0.8,0.775,0.7941,0.7941
triple,mode-arbiter,18,23,42,48,0.7619,0.9375,0.6087,0.75,0.8696,0.5952,0.7391,0.913,0.5238,0.5714,0.8333,0.5625
triple,mode-arbiter,19,18,46,25,0.7609,0.8,0.8889,0.96,0.8889,0.8478,0.9444,0.6667,0.4783,0.7609,0.96,1.0
triple,mode-arbiter,20,32,51,34,0.5686,0.6471,0.875,0.7059,0.9375,0.8824,0.6875,0.625,0.5882,0.6471,0.7059,0.7647
triple,mode-arbiter,21,25,55,35,0.5455,0.8286,0.84,0.9429,0.92,0.7818,0.48,0.76,0.4545,0.6727,0.7143,0.7429
triple,mode-arbiter,22,38,35,24,0.7429,0.7917,0.9211,0.9583,0.9211,0.9714,0.6053,0.8947,0.7429,0.8286,0.875,1.0
triple,mode-arbiter,23,21,49,32,0.8776,0.8438,0.9524,0.875,0.9524,0.8776,0.9524,0.9524,0.6122,0.6122,0.75,0.875
triple,mode-arbiter,24,29,36,38,0.6667,0.7632,0.931,0.8947,0.9655,0.8889,0.6207,0.7586,0.8333,0.8889,0.7632,0.7368
triple,mode-arbiter,25,23,39,44,0.8718,0.9091,0.8261,0.7273,0.913,0.6923,0.9565,1.0,0.6667,0.7179,0.7727,0.6818
triple,mode-arbiter,26,29,41,33,0.6585,0.3939,1.0,0.8485,0.8966,0.878,0.9655,0.5862,0.7805,0.9512,0.4848,0.8485
triple,mode-arbiter,27,37,32,34,0.875,0.8235,0.7568,0.7647,0.8649,0.6875,0.7838,0.8108,0.8125,0.75,0.8235,0.5882
triple,mode-arbiter,28,12,38,38,0.9211,1.0,1.0,0.9474,1.0,0.6842,0.9167,1.0,0.4737,0.8421,0.7105,0.6842
triple,mode-arbiter,29,27,53,28,0.9057,0.8929,1.0,0.9286,0.9259,0.8491,1.0,0.8519,0.6981,0.6226,0.7857,0.7857
xtriple,mode-arbiter,0,33,51,34,0.7843,0.8824,0.9697,0.9118,0.9697,0.8039,0.8485,0.9394,0.8039,0.7843,0.9118,0.8824
xtriple,mode-arbiter,1,30,40,23,0.675,0.7826,1.0,0.8696,0.9667,0.9,0.7333,0.7667,0.775,0.75,0.9565,1.0
xtriple,mode-arbiter,2,21,34,54,0.7941,0.7963,0.9524,0.9259,0.9524,0.8824,0.7619,0.9048,0.7941,1.0,0.5926,0.7407
xtriple,mode-arbiter,3,23,46,34,0.6957,0.7059,0.8696,0.9118,0.9565,0.7826,0.7391,0.8261,0.6087,0.8478,0.6471,0.8824
xtriple,mode-arbiter,4,18,51,48,0.7843,0.8958,0.8333,0.8125,0.8889,0.7255,0.6667,0.8889,0.4902,0.7451,0.6042,0.625
xtriple,mode-arbiter,5,32,42,25,0.5714,0.88,0.7188,0.8,0.9375,0.8333,0.5938,0.7812,0.5476,0.5,0.96,1.0
xtriple,mode-arbiter,6,25,35,32,0.7143,0.8438,0.56,0.9062,0.76,0.7429,0.28,0.72,0.4286,0.8,0.625,0.7188
xtriple,mode-arbiter,7,38,49,35,0.8776,0.8286,0.9474,0.8857,0.8684,0.9388,0.7105,0.6579,0.7347,0.6122,0.8857,0.7429
xtriple,mode-arbiter,8,21,55,24,0.6909,0.7917,1.0,0.9583,0.9524,0.9091,0.9048,1.0,0.6,0.6364,0.7917,1.0
xtriple,mode-arbiter,9,29,39,33,0.4615,0.7273,0.8966,0.7879,0.9655,0.7692,0.5517,0.6552,0.6154,0.6667,0.8788,0.9091
xtriple,mode-arbiter,10,23,41,38,0.9024,0.9737,0.9565,0.9474,0.8696,0.8537,1.0,0.7826,0.7805,0.9268,0.7632,0.9211
xtriple,mode-arbiter,11,29,36,44,0.5278,0.5909,0.8966,0.75,0.931,0.8333,0.8621,0.8621,0.6667,0.8611,0.5682,0.8636
xtriple,mode-arbiter,12,37,38,28,0.6053,0.8571,0.8919,0.9643,0.9189,0.7105,0.8108,0.9189,0.6842,0.7105,0.8571,0.7857
xtriple,mode-arbiter,13,12,53,34,0.9434,1.0,0.8333,0.8529,0.5,0.8679,1.0,0.5833,0.3962,0.6981,0.3824,0.8235
xtriple,mode-arbiter,14,27,32,38,0.875,0.9211,0.8519,0.8421,0.8519,0.6875,0.8889,1.0,0.875,0.8125,0.7895,0.7632
null,mode-arbiter@directed,0,33,30,21,1.0,0.9524,0.9394,0.9524,0.9091,0.8333,0.8485,0.6061,0.9,0.6667,1.0,0.9524
null,mode-arbiter@directed,1,23,18,32,0.8333,0.8438,0.913,0.9062,0.6522,0.7222,0.8261,0.6957,0.8889,0.7778,0.5938,0.5
null,mode-arbiter@directed,2,25,38,21,0.7895,0.9048,0.8,0.9048,0.72,0.8947,0.76,0.72,0.6579,0.7895,0.9524,1.0
null,mode-arbiter@directed,3,29,23,29,0.6957,0.6552,1.0,1.0,0.7931,0.7826,0.8276,0.6207,0.8696,1.0,0.7586,0.8966
null,mode-arbiter@directed,4,37,12,27,0.8333,1.0,0.8919,1.0,1.0,0.8333,0.5405,0.8919,0.9167,1.0,1.0,0.8519
null,mode-arbiter@uniform,0,34,51,40,0.8824,0.925,0.9118,0.775,1.0,0.9608,0.9118,0.9118,0.6667,0.7255,0.85,0.85
null,mode-arbiter@uniform,1,42,46,51,0.587,0.6863,0.9048,0.902,0.9286,0.913,0.7619,0.7381,0.6739,0.8478,0.7451,0.7451
null,mode-arbiter@uniform,2,55,35,49,0.9429,0.898,0.7273,0.8163,0.8182,0.9143,0.6545,0.6909,0.8286,0.8571,0.6735,0.6735
null,mode-arbiter@uniform,3,36,39,41,0.6923,0.9268,0.8889,0.9268,0.9444,0.6923,0.75,0.8889,0.641,0.6667,0.8049,0.7805
null,mode-arbiter@uniform,4,32,38,53,0.6579,0.8491,0.9062,0.9057,0.9375,0.7895,0.8438,0.875,0.7895,0.8158,0.6604,0.7547
null,mode-arbiter@mixed,0,23,54,34,0.8704,0.9706,0.8261,0.9118,0.9565,0.8148,1.0,1.0,0.5926,0.7222,0.6471,0.8529
null,mode-arbiter@mixed,1,48,25,34,0.84,0.6765,0.8333,0.7353,0.9583,0.8,0.6667,0.6458,1.0,0.92,0.7941,0.5882
null,mode-arbiter@mixed,2,35,24,32,0.8333,0.8125,0.9143,0.9375,0.9143,0.9583,0.7714,0.8571,0.9583,0.9167,0.8125,0.7812
null,mode-arbiter@mixed,3,38,44,33,0.8409,0.9091,0.9737,0.9091,0.8421,0.8182,0.8158,0.8158,0.9091,0.7045,0.7879,0.8788
null,mode-arbiter@mixed,4,34,38,28,0.7105,0.75,0.7059,0.7857,0.8529,0.9211,0.6176,0.6765,0.5526,0.6842,0.6429,0.8929
triple,rad-core-1-18,15,75,56,48,0.5179,0.5625,0.6,0.3333,0.8,0.6964,0.2133,0.28,0.4464,0.375,0.625,0.7083
triple,rad-core-1-18,16,70,58,59,0.3966,0.3898,0.8,0.7458,0.7,0.5345,0.3714,0.2429,0.6897,0.569,0.7627,0.7797
triple,rad-core-1-18,17,58,65,68,0.5846,0.5147,0.6897,0.6471,0.6379,0.6154,0.7759,0.431,0.6154,0.5385,0.3824,0.5882
triple,rad-core-1-18,18,54,80,75,0.675,0.6267,0.5,0.44,0.3519,0.525,0.8704,0.8148,0.4,0.4625,0.5733,0.6533
triple,rad-core-1-18,19,71,35,58,0.5143,0.5,0.7465,0.7759,0.5634,0.7429,0.338,0.5775,0.8286,0.9714,0.6724,0.5345
triple,rad-core-1-18,20,62,64,85,0.5312,0.6824,0.5,0.8235,0.371,0.75,0.6613,0.6452,0.75,0.7812,0.4235,0.5882
triple,rad-core-1-18,21,67,92,39,0.4457,0.6923,0.6866,0.7179,0.8358,0.7065,0.3881,0.2537,0.7065,0.3587,0.7692,0.7692
triple,rad-core-1-18,22,61,74,70,0.5676,0.4143,0.5738,0.4571,0.5902,0.6892,0.5738,0.5082,0.5541,0.6892,0.4429,0.4714
triple,rad-core-1-18,23,61,62,54,0.371,0.4815,0.4262,0.4444,0.3934,0.5484,0.459,0.6721,0.1935,0.4355,0.4259,0.6296
triple,rad-core-1-18,24,67,51,43,0.5294,0.5116,0.7463,0.7442,0.806,0.5882,0.4627,0.2388,0.6471,0.451,0.7442,0.6512
triple,rad-core-1-18,25,37,65,74,0.8,0.5405,0.1892,0.3243,0.5405,0.5692,0.8649,0.7838,0.2462,0.3538,0.4595,0.6216
triple,rad-core-1-18,26,44,65,65,0.5692,0.5231,0.6591,0.5846,0.3864,0.4,0.6818,0.6591,0.3846,0.6462,0.5538,0.4308
triple,rad-core-1-18,27,54,63,73,0.5873,0.4795,0.5556,0.5342,0.537,0.4921,0.8333,0.7963,0.6508,0.6349,0.6438,0.6575
triple,rad-core-1-18,28,54,63,61,0.5556,0.4098,0.4815,0.3279,0.8333,0.7937,0.7963,0.3519,0.4444,0.5079,0.5082,0.6066
triple,rad-core-1-18,29,70,74,70,0.527,0.4714,0.5143,0.3571,0.7143,0.6216,0.6857,0.6,0.6081,0.7297,0.6857,0.7143
xtriple,rad-core-1-18,0,75,58,68,0.3621,0.3971,0.8133,0.6765,0.48,0.5,0.2267,0.2667,0.6379,0.6724,0.5441,0.3971
xtriple,rad-core-1-18,1,70,65,48,0.5538,0.5208,0.5857,0.5417,0.7,0.6615,0.4857,0.2857,0.6923,0.6,0.625,0.8125
xtriple,rad-core-1-18,2,58,56,59,0.4286,0.3898,0.4828,0.4915,0.569,0.5536,0.2069,0.2931,0.4643,0.3929,0.6102,0.5763
xtriple,rad-core-1-18,3,54,35,85,0.6286,0.7176,0.6296,0.8471,0.2963,0.5429,0.6111,0.7778,0.7429,0.8286,0.5176,0.4588
xtriple,rad-core-1-18,4,71,64,75,0.3281,0.3867,0.6197,0.64,0.4789,0.5469,0.493,0.507,0.8281,0.8281,0.68,0.6
xtriple,rad-core-1-18,5,62,80,58,0.575,0.6207,0.371,0.5862,0.629,0.4625,0.6452,0.5968,0.4,0.525,0.5,0.5862
xtriple,rad-core-1-18,6,67,74,54,0.7162,0.5741,0.4925,0.537,0.5075,0.5405,0.4179,0.4328,0.4865,0.6216,0.5556,0.7037
xtriple,rad-core-1-18,7,61,62,39,0.4355,0.3333,0.5738,0.4359,0.3607,0.5645,0.3279,0.3115,0.2419,0.1774,0.6923,0.6667
xtriple,rad-core-1-18,8,61,92,70,0.337,0.4286,0.459,0.4143,0.4098,0.5217,0.3279,0.8197,0.5,0.6739,0.3143,0.3429
xtriple,rad-core-1-18,9,67,65,65,0.5538,0.4308,0.2388,0.2769,0.5224,0.4769,0.597,0.597,0.3846,0.6154,0.6,0.6308
xtriple,rad-core-1-18,10,37,65,43,0.7692,0.5814,0.5676,0.4419,0.7568,0.6923,0.8108,0.1622,0.3077,0.4154,0.5349,0.6744
xtriple,rad-core-1-18,11,44,51,74,0.4902,0.5541,0.7727,0.6622,0.5682,0.4314,0.5,0.7045,0.5098,0.7647,0.527,0.5946
xtriple,rad-core-1-18,12,54,63,70,0.5238,0.4286,0.4259,0.4286,0.5926,0.6984,0.7778,0.7407,0.5556,0.7619,0.6571,0.6857
xtriple,rad-core-1-18,13,54,74,73,0.5946,0.6849,0.3519,0.3973,0.4444,0.5405,0.8148,0.4259,0.1757,0.3514,0.3836,0.6164
xtriple,rad-core-1-18,14,70,63,61,0.5556,0.3934,0.6714,0.3279,0.8571,0.7143,0.4714,0.2429,0.7302,0.4286,0.5738,0.6066
null,rad-core-1-18@directed,0,75,70,58,0.4429,0.3621,0.4533,0.3793,0.6133,0.5429,0.5867,0.5067,0.5714,0.4714,0.5,0.4655
null,rad-core-1-18@directed,1,54,71,62,0.662,0.6129,0.3519,0.2097,0.4259,0.5493,0.8519,0.7778,0.2958,0.2817,0.5968,0.629
null,rad-core-1-18@directed,2,67,61,61,0.5574,0.377,0.4627,0.3607,0.4627,0.4754,0.3433,0.194,0.3279,0.2459,0.623,0.541
null,rad-core-1-18@directed,3,67,37,44,0.4054,0.5682,0.7463,0.7273,0.7612,0.4324,0.194,0.5522,0.7838,0.8108,0.7727,0.5682
null,rad-core-1-18@directed,4,54,54,70,0.537,0.5857,0.4815,0.4714,0.4074,0.3889,0.6111,0.8148,0.6481,0.7037,0.4571,0.3143
null,rad-core-1-18@uniform,0,56,58,65,0.3793,0.3385,0.5714,0.6308,0.375,0.4138,0.4821,0.4643,0.6379,0.7414,0.4,0.5538
null,rad-core-1-18@uniform,1,80,35,64,0.3714,0.5156,0.725,0.6406,0.6875,0.6286,0.3625,0.5875,0.8286,0.8,0.8594,0.7188
null,rad-core-1-18@uniform,2,92,74,62,0.5676,0.4355,0.3152,0.4032,0.2609,0.3919,0.4783,0.5761,0.6757,0.6081,0.3548,0.2903
null,rad-core-1-18@uniform,3,51,65,65,0.7231,0.5846,0.3137,0.4,0.451,0.6308,0.6471,0.5882,0.2462,0.2615,0.5538,0.6769
null,rad-core-1-18@uniform,4,63,63,74,0.4921,0.5676,0.4286,0.4865,0.4603,0.4286,0.6032,0.6349,0.619,0.7778,0.6216,0.6081
null,rad-core-1-18@mixed,0,48,59,68,0.6949,0.7647,0.7292,0.6176,0.6042,0.4746,0.6875,0.75,0.6271,0.678,0.3824,0.2941
null,rad-core-1-18@mixed,1,75,58,85,0.4483,0.5529,0.4933,0.6,0.6,0.6034,0.6533,0.4933,0.4138,0.3793,0.5647,0.6471
null,rad-core-1-18@mixed,2,39,70,54,0.6429,0.6667,0.359,0.5926,0.4359,0.3571,0.8462,0.7692,0.1714,0.5429,0.3889,0.7407
null,rad-core-1-18@mixed,3,43,74,65,0.7703,0.8769,0.3953,0.5077,0.3488,0.3649,0.6977,0.7442,0.1892,0.6216,0.2154,0.4308
null,rad-core-1-18@mixed,4,73,61,70,0.2787,0.4286,0.7808,0.6143,0.7534,0.459,0.3562,0.6575,0.541,0.541,0.6571,0.3857
triple,rad-core-10,17,17,63,65,0.0,0.0,1.0,0.5385,0.9412,0.4921,0.0,0.0,0.8254,0.6032,0.8,0.6615
triple,rad-core-10,18,3,60,26,,,,0.6154,,0.7167,,,,0.1,,0.9615
triple,rad-core-10,19,9,61,32,0.0,0.0,1.0,0.875,1.0,0.2951,0.0,0.0,0.6557,0.7049,0.8125,0.2812
triple,rad-core-10,22,1,24,63,,,,0.746,,0.5833,,,,0.9583,,0.1905
triple,rad-core-10,24,6,12,32,0.0,0.0,1.0,0.7188,1.0,0.3333,0.0,0.0,1.0,1.0,0.6875,0.375
triple,rad-core-10,26,1,24,87,,,,0.4368,,0.125,,,,0.8333,,0.1264
triple,rad-core-10,29,12,33,87,0.0,0.0,0.75,0.7471,0.75,0.4545,0.0,0.0,0.7273,0.2727,0.6322,0.5517
xtriple,rad-core-10,2,17,28,65,0.0,0.0,1.0,0.9692,0.7647,0.0714,0.0,0.0,0.8929,0.8571,0.6462,0.0615
xtriple,rad-core-10,3,3,61,63,,,,0.7619,,0.3607,,,,0.5738,,0.1111
xtriple,rad-core-10,4,9,71,26,0.0,0.0,1.0,0.4231,1.0,0.8028,0.0,0.0,0.7746,0.1268,0.9231,0.9231
xtriple,rad-core-10,7,1,14,47,,,,0.5745,,0.2143,,,,0.7857,,0.0426
xtriple,rad-core-10,9,6,47,87,0.0,0.023,1.0,0.1839,1.0,0.5106,0.0,0.5,0.6383,0.766,0.2759,0.2644
xtriple,rad-core-10,11,1,12,35,,,,0.7714,,0.25,,,,1.0,,0.7143
xtriple,rad-core-10,14,12,40,32,0.0,0.0,1.0,0.6875,0.75,0.325,0.0,0.0,0.825,0.825,0.7812,0.0625
null,rad-core-10@uniform,0,28,57,63,0.8596,0.7302,0.1786,0.5873,0.0714,0.4211,0.8929,0.8571,0.0526,0.4737,0.0635,0.6032
null,rad-core-10@uniform,1,60,61,71,0.3934,0.5915,0.8333,0.831,0.1833,0.3115,0.1,0.3667,0.6393,0.8033,0.9155,0.2113
null,rad-core-10@uniform,2,35,24,14,0.7083,0.3571,0.6857,0.2143,0.9143,0.875,0.4,0.1143,0.5833,0.1667,0.7857,0.7857
null,rad-core-10@uniform,3,12,47,24,0.7447,0.75,0.3333,0.0833,0.5833,0.7447,1.0,0.9167,0.3617,0.0638,0.5833,0.625
null,rad-core-10@uniform,4,40,40,33,0.575,0.7576,0.325,0.6667,0.325,0.5,0.85,0.85,0.2,0.475,0.1515,0.9091
null,rad-core-10@mixed,0,52,65,65,0.7077,0.3385,0.6923,0.3077,0.6923,0.5692,0.0577,0.0962,0.5692,0.3538,0.7538,0.3692
null,rad-core-10@mixed,1,26,32,63,0.75,0.6508,0.3846,0.3333,0.3462,0.5312,0.8846,0.9231,0.1562,0.25,0.127,0.3651
null,rad-core-10@mixed,2,47,63,58,0.7143,0.6552,0.383,0.6034,0.1915,0.6825,0.9574,0.9362,0.2698,0.5714,0.1897,0.6379
null,rad-core-10@mixed,3,32,35,87,0.7714,0.1494,0.5,0.4483,0.5938,0.6857,0.1562,0.75,0.6286,0.8,0.2299,0.2759
null,rad-core-10@mixed,4,38,32,87,0.4375,0.7586,0.2632,0.7471,0.3158,0.4062,0.5263,0.7895,0.125,0.4688,0.2069,0.4253
triple,rad-core-12-18,15,127,88,93,0.4432,0.3441,0.7087,0.6129,0.4724,0.4545,0.2835,0.3622,0.5341,0.6705,0.4516,0.4516
triple,rad-core-12-18,16,75,103,57,0.7864,0.4386,0.64,0.2105,0.6933,0.7282,0.44,0.4667,0.3786,0.2913,0.6491,0.6842
triple,rad-core-12-18,17,76,75,80,0.6667,0.7125,0.8289,0.7875,0.8026,0.5067,0.25,0.3289,0.4533,0.76,0.4625,0.5375
triple,rad-core-12-18,18,99,78,72,0.7179,0.75,0.4343,0.75,0.4949,0.6282,0.2424,0.202,0.7179,0.8462,0.8056,0.6667
triple,rad-core-12-18,19,75,77,71,0.5455,0.4366,0.6933,0.4648,0.72,0.6623,0.64,0.4933,0.6494,0.4286,0.7746,0.831
triple,rad-core-12-18,20,98,111,104,0.6667,0.5481,0.5102,0.4615,0.6531,0.4955,0.8571,0.449,0.3423,0.3063,0.5288,0.6827
triple,rad-core-12-18,21,68,75,79,0.4933,0.3924,0.7647,0.7342,0.7206,0.56,0.4412,0.3529,0.56,0.6533,0.6582,0.4937
triple,rad-core-12-18,22,85,84,63,0.6429,0.381,0.5176,0.4603,0.6,0.7857,0.7647,0.4235,0.619,0.4524,0.5556,0.7302
triple,rad-core-12-18,23,92,71,78,0.7324,0.7308,0.663,0.6282,0.5761,0.5493,0.2826,0.2826,0.5211,0.5775,0.4103,0.6282
triple,rad-core-12-18,24,72,100,91,0.58,0.6593,0.8056,0.6593,0.6944,0.45,0.3194,0.3056,0.3,0.62,0.3516,0.4176
triple,rad-core-12-18,25,68,87,83,0.5287,0.4699,0.6471,0.5663,0.6324,0.6552,0.5588,0.4706,0.7356,0.5172,0.5904,0.6867
triple,rad-core-12-18,26,53,72,90,0.75,0.6889,0.566,0.5222,0.717,0.4306,0.5283,0.4151,0.3472,0.4444,0.4667,0.4
triple,rad-core-12-18,27,77,62,87,0.5806,0.5517,0.7792,0.6322,0.7403,0.6774,0.3377,0.3636,0.7419,0.8387,0.5402,0.4598
triple,rad-core-12-18,28,66,88,40,0.6932,0.6,0.5303,0.475,0.7273,0.6023,0.697,0.1515,0.5341,0.3409,0.5,0.7
triple,rad-core-12-18,29,43,93,67,0.8495,0.5373,0.6279,0.5075,0.4884,0.7527,0.5814,0.7674,0.1935,0.3011,0.3881,0.3881
xtriple,rad-core-12-18,0,127,103,80,0.466,0.525,0.3622,0.4375,0.5512,0.5728,0.3543,0.2362,0.3107,0.4175,0.8375,0.7125
xtriple,rad-core-12-18,1,75,75,93,0.6933,0.6989,0.7333,0.5161,0.44,0.5467,0.28,0.6133,0.48,0.6667,0.3656,0.3441
xtriple,rad-core-12-18,2,76,88,57,0.8409,0.4737,0.7632,0.5088,0.8684,0.6705,0.1974,0.25,0.2955,0.2386,0.6842,0.5789
xtriple,rad-core-12-18,3,99,77,104,0.4935,0.4808,0.3232,0.4038,0.5354,0.7143,0.7374,0.3737,0.4935,0.5584,0.7212,0.6827
xtriple,rad-core-12-18,4,75,111,72,0.5495,0.625,0.5067,0.6667,0.8133,0.3153,0.5067,0.3333,0.5495,0.3964,0.6528,0.9028
xtriple,rad-core-12-18,5,98,78,71,0.8462,0.507,0.4796,0.4085,0.5408,0.7692,0.2755,0.3673,0.3974,0.6282,0.6338,0.4085
xtriple,rad-core-12-18,6,68,84,78,0.5119,0.7308,0.6912,0.7308,0.7206,0.5119,0.3676,0.4559,0.4048,0.5595,0.4615,0.7692
xtriple,rad-core-12-18,7,85,71,79,0.6056,0.557,0.4588,0.519,0.4235,0.5915,0.5176,0.5647,0.7042,0.4225,0.4304,0.3544
xtriple,rad-core-12-18,8,92,75,63,0.4933,0.3333,0.6413,0.5714,0.75,0.6533,0.2391,0.2283,0.5333,0.4133,0.8254,0.4921
xtriple,rad-core-12-18,9,72,87,90,0.4943,0.5889,0.7222,0.6556,0.6667,0.5747,0.6111,0.3194,0.4368,0.3793,0.4111,0.6222
xtriple,rad-core-12-18,10,68,72,91,0.6944,0.8462,0.4559,0.5604,0.6912,0.5278,0.3676,0.25,0.5278,0.2778,0.6813,0.3077
xtriple,rad-core-12-18,11,53,100,83,0.77,0.4458,0.7358,0.5542,0.6604,0.71,0.3019,0.5283,0.26,0.26,0.5301,0.3012
xtriple,rad-core-12-18,12,77,88,67,0.4659,0.4328,0.6623,0.5672,0.7792,0.6364,0.4545,0.3636,0.5682,0.5682,0.6567,0.5373
xtriple,rad-core-12-18,13,66,93,87,0.7849,0.6207,0.6515,0.6092,0.6515,0.6022,0.303,0.3182,0.3333,0.3011,0.5172,0.4483
xtriple,rad-core-12-18,14,43,62,40,0.7581,0.825,0.5814,0.7,0.7907,0.6935,0.6744,0.5116,0.5484,0.5323,0.45,0.775
null,rad-core-12-18@directed,0,127,75,76,0.32,0.5,0.5906,0.7368,0.3543,0.4133,0.4409,0.3386,0.6933,0.76,0.3816,0.5132
null,rad-core-12-18@directed,1,99,75,98,0.6533,0.5102,0.3737,0.3469,0.4848,0.6933,0.7475,0.5758,0.64,0.4533,0.6327,0.7143
null,rad-core-12-18@directed,2,68,85,92,0.4471,0.4783,0.6176,0.587,0.6176,0.5529,0.3088,0.5294,0.5059,0.5412,0.6196,0.3043
null,rad-core-12-18@directed,3,72,68,53,0.3382,0.4151,0.7083,0.6415,0.7222,0.6471,0.6389,0.3056,0.5294,0.4265,0.6981,0.6415
null,rad-core-12-18@directed,4,77,66,43,0.4848,0.3488,0.6364,0.4419,0.7922,0.6818,0.4416,0.1688,0.7424,0.2727,0.7907,0.7674
null,rad-core-12-18@uniform,0,88,103,75,0.6117,0.4,0.3295,0.2933,0.5227,0.7476,0.6818,0.4318,0.5146,0.2233,0.6267,0.6
null,rad-core-12-18@uniform,1,78,77,111,0.5974,0.3964,0.6282,0.4955,0.6282,0.6104,0.7051,0.8333,0.3377,0.5974,0.3243,0.5676
null,rad-core-12-18@uniform,2,75,84,71,0.631,0.7324,0.4933,0.7042,0.4267,0.5238,0.6667,0.5067,0.4048,0.5476,0.5915,0.6901
null,rad-core-12-18@uniform,3,100,87,72,0.5632,0.5,0.59,0.6667,0.51,0.4253,0.29,0.28,0.3908,0.4253,0.4167,0.5417
null,rad-core-12-18@uniform,4,62,88,93,0.7045,0.8172,0.6129,0.5806,0.6452,0.6477,0.7258,0.5484,0.5114,0.5227,0.3333,0.3118
null,rad-core-12-18@mixed,0,93,57,80,0.3509,0.575,0.5699,0.75,0.5914,0.3684,0.3441,0.4731,0.7544,0.7544,0.725,0.45
null,rad-core-12-18@mixed,1,72,71,104,0.5915,0.5481,0.6389,0.5,0.7361,0.6479,0.5417,0.5694,0.493,0.5775,0.6154,0.6442
null,rad-core-12-18@mixed,2,79,63,78,0.4286,0.6538,0.6709,0.8462,0.4684,0.3175,0.557,0.6076,0.6508,0.619,0.4231,0.3333
null,rad-core-12-18@mixed,3,91,83,90,0.6024,0.5778,0.5934,0.6,0.5714,0.3976,0.3626,0.3956,0.3373,0.3976,0.4778,0.4667
null,rad-core-12-18@mixed,4,87,40,67,0.525,0.4925,0.7471,0.5224,0.5862,0.6,0.2759,0.5402,0.9,0.8,0.5373,0.2985
triple,rad-core-17-18,15,89,73,77,0.6849,0.5974,0.7978,0.5325,0.382,0.7397,0.236,0.3708,0.3288,0.411,0.7273,0.6494
triple,rad-core-17-18,16,78,104,63,0.7981,0.5079,0.5769,0.1746,0.8333,0.75,0.4103,0.1795,0.4423,0.3269,0.4762,0.619
triple,rad-core-17-18,17,76,86,84,0.6628,0.6548,0.8158,0.6548,0.8158,0.5465,0.2632,0.3026,0.4535,0.814,0.5833,0.6667
triple,rad-core-17-18,18,74,94,72,0.7766,0.7083,0.4595,0.625,0.5946,0.6489,0.4189,0.3784,0.4362,0.766,0.5972,0.7222
triple,rad-core-17-18,19,69,78,71,0.6154,0.4648,0.6812,0.507,0.7101,0.6538,0.5072,0.4058,0.4872,0.4231,0.7465,0.8169
triple,rad-core-17-18,20,98,121,104,0.8017,0.5288,0.398,0.4712,0.6837,0.595,0.9184,0.4286,0.2727,0.281,0.5288,0.7596
triple,rad-core-17-18,21,68,74,71,0.6216,0.6479,0.7059,0.7746,0.6912,0.6216,0.4559,0.3088,0.6351,0.6351,0.493,0.6197
triple,rad-core-17-18,22,85,90,79,0.5333,0.4051,0.5647,0.5063,0.5647,0.6556,0.7059,0.4,0.5556,0.4444,0.3671,0.519
triple,rad-core-17-18,23,86,103,79,0.5922,0.7089,0.593,0.4557,0.5233,0.4757,0.5698,0.3721,0.3592,0.4757,0.443,0.8481
triple,rad-core-17-18,24,72,100,91,0.58,0.6703,0.7778,0.6154,0.7222,0.49,0.3194,0.3194,0.28,0.6,0.3516,0.4396
triple,rad-core-17-18,25,72,79,74,0.5316,0.4595,0.6667,0.527,0.6667,0.6709,0.5417,0.3889,0.7975,0.5949,0.5811,0.7027
triple,rad-core-17-18,26,50,60,81,0.7,0.7284,0.28,0.4444,0.64,0.4,0.54,0.58,0.3167,0.5333,0.2593,0.3951
triple,rad-core-17-18,27,75,62,88,0.5968,0.3636,0.7467,0.5341,0.7333,0.6935,0.3733,0.2533,0.7581,0.6774,0.5455,0.375
triple,rad-core-17-18,28,58,94,80,0.766,0.6125,0.3793,0.425,0.3103,0.5638,0.6207,0.569,0.3298,0.5532,0.35,0.575
triple,rad-core-17-18,29,42,103,74,0.835,0.7162,0.6905,0.5541,0.6429,0.4466,0.5714,0.7143,0.1359,0.2233,0.3378,0.5
xtriple,rad-core-17-18,0,89,104,84,0.6923,0.5952,0.6517,0.369,0.7753,0.6346,0.236,0.2135,0.3365,0.3942,0.5952,0.7738
xtriple,rad-core-17-18,1,78,86,77,0.686,0.6623,0.7692,0.5195,0.6795,0.5698,0.2179,0.3974,0.4651,0.8023,0.5455,0.5325
xtriple,rad-core-17-18,2,76,73,63,0.7397,0.4762,0.8289,0.4762,0.8684,0.8356,0.2632,0.2237,0.3014,0.3151,0.6984,0.6349
xtriple,rad-core-17-18,3,74,78,104,0.6923,0.5962,0.3784,0.3846,0.6622,0.7436,0.8108,0.3919,0.5,0.5385,0.6635,0.6923
xtriple,rad-core-17-18,4,69,121,72,0.595,0.7083,0.4783,0.4167,0.7826,0.5207,0.4928,0.3188,0.1818,0.3802,0.6389,0.875
xtriple,rad-core-17-18,5,98,94,71,0.8298,0.493,0.5102,0.3662,0.5408,0.7766,0.2959,0.4184,0.3936,0.5638,0.6338,0.507
xtriple,rad-core-17-18,6,68,90,79,0.4,0.7342,0.6912,0.6709,0.6618,0.4333,0.3088,0.4118,0.4556,0.5444,0.4051,0.8354
xtriple,rad-core-17-18,7,85,103,71,0.5437,0.5915,0.3176,0.5634,0.4,0.6019,0.6706,0.6118,0.5146,0.4757,0.5352,0.5211
xtriple,rad-core-17-18,8,86,74,79,0.5,0.2785,0.593,0.443,0.6512,0.6486,0.3721,0.2558,0.473,0.3784,0.6329,0.6076
xtriple,rad-core-17-18,9,72,79,81,0.557,0.4815,0.75,0.5926,0.5972,0.4051,0.5556,0.3194,0.443,0.5443,0.4938,0.679
xtriple,rad-core-17-18,10,72,60,91,0.7,0.8571,0.4583,0.5275,0.6806,0.6333,0.2639,0.2222,0.5667,0.3333,0.6593,0.3077
xtriple,rad-core-17-18,11,50,100,74,0.74,0.4054,0.72,0.5405,0.64,0.72,0.48,0.54,0.23,0.29,0.4459,0.3784
xtriple,rad-core-17-18,12,75,94,74,0.4255,0.7027,0.5067,0.6081,0.68,0.4255,0.32,0.3067,0.5,0.5532,0.4324,0.4324
xtriple,rad-core-17-18,13,58,103,88,0.8932,0.5568,0.6207,0.5455,0.6552,0.6796,0.431,0.4483,0.2621,0.2039,0.2955,0.3068
xtriple,rad-core-17-18,14,42,62,80,0.7581,0.725,0.619,0.5,0.4048,0.4677,0.6905,0.6667,0.5484,0.7581,0.1875,0.475
null,rad-core-17-18@directed,0,89,78,76,0.5,0.5921,0.5056,0.6842,0.3371,0.4872,0.5618,0.573,0.5769,0.6538,0.4737,0.5
null,rad-core-17-18@directed,1,74,69,98,0.7536,0.5306,0.3784,0.3163,0.4459,0.6957,0.5811,0.7162,0.4928,0.3478,0.7857,0.5714
null,rad-core-17-18@directed,2,68,85,86,0.4353,0.5233,0.6471,0.5233,0.5441,0.4588,0.3382,0.4559,0.5294,0.5176,0.5233,0.314
null,rad-core-17-18@directed,3,72,72,50,0.3611,0.42,0.6944,0.5,0.7083,0.5972,0.625,0.2639,0.5417,0.2778,0.64,0.62
null,rad-core-17-18@directed,4,75,58,42,0.5,0.381,0.8,0.5476,0.7733,0.7069,0.2933,0.16,0.6207,0.4138,0.7857,0.8571
null,rad-core-17-18@uniform,0,73,104,86,0.5865,0.5233,0.3836,0.2907,0.726,0.6923,0.6164,0.411,0.5481,0.3654,0.7674,0.7791
null,rad-core-17-18@uniform,1,94,78,121,0.5385,0.595,0.6489,0.5868,0.4255,0.4744,0.6915,0.7553,0.3718,0.641,0.2562,0.4876
null,rad-core-17-18@uniform,2,74,90,103,0.4556,0.6602,0.6486,0.7379,0.5135,0.4778,0.5946,0.5676,0.5111,0.6333,0.3786,0.6311
null,rad-core-17-18@uniform,3,100,79,60,0.557,0.5667,0.49,0.6833,0.43,0.4304,0.3,0.33,0.443,0.443,0.4167,0.4833
null,rad-core-17-18@uniform,4,62,94,103,0.6809,0.8058,0.5323,0.6019,0.6774,0.7447,0.7581,0.5,0.3936,0.4362,0.233,0.2233
null,rad-core-17-18@mixed,0,77,63,84,0.4762,0.5595,0.6234,0.75,0.5455,0.4921,0.3766,0.5584,0.7619,0.7619,0.7024,0.4762
null,rad-core-17-18@mixed,1,72,71,104,0.5775,0.6058,0.6389,0.4712,0.7778,0.6197,0.5417,0.5694,0.5211,0.5493,0.6346,0.6635
null,rad-core-17-18@mixed,2,71,79,79,0.3797,0.6203,0.7746,0.8228,0.7042,0.481,0.3521,0.5915,0.6329,0.4557,0.7468,0.3418
null,rad-core-17-18@mixed,3,91,74,81,0.5946,0.5926,0.7692,0.7778,0.5165,0.3919,0.4286,0.3736,0.3784,0.5676,0.4938,0.4815
null,rad-core-17-18@mixed,4,88,80,74,0.4875,0.6757,0.5341,0.5811,0.5795,0.4125,0.4205,0.4318,0.4375,0.5875,0.3514,0.5
triple,rad-core-33,15,138,89,152,0.5843,0.4868,0.2681,0.375,0.3768,0.5281,0.5797,0.6087,0.1573,0.764,0.1513,0.7961
triple,rad-core-33,16,141,138,137,0.8116,0.3869,0.4894,0.4088,0.3546,0.7609,0.7021,0.7801,0.087,0.8478,0.1241,0.7956
triple,rad-core-33,17,164,94,149,0.5319,0.2416,0.372,0.5034,0.1951,0.5213,0.7317,0.7805,0.2234,0.2234,0.651,0.7181
triple,rad-core-33,18,142,126,117,0.5317,0.641,0.2606,0.5214,0.162,0.4603,0.6901,0.7183,0.1429,0.746,0.188,0.8205
triple,rad-core-33,19,170,113,138,0.1681,0.1232,0.3412,0.1812,0.5588,0.354,0.5941,0.5529,0.2212,0.2478,0.6594,0.7536
triple,rad-core-33,20,139,88,135,0.6477,0.2444,0.2014,0.2815,0.1871,0.7386,0.7986,0.8058,0.125,0.6477,0.1704,0.7037
triple,rad-core-33,21,154,111,124,0.1622,0.1613,0.461,0.4032,0.2597,0.1892,0.7208,0.7273,0.2432,0.8378,0.1694,0.6855
triple,rad-core-33,22,151,105,140,0.5905,0.55,0.2583,0.6,0.2053,0.6286,0.7417,0.8013,0.1714,0.7143,0.1429,0.7714
triple,rad-core-33,23,175,98,78,0.3469,0.4487,0.3086,0.4744,0.2286,0.551,0.7714,0.7657,0.2959,0.6429,0.141,0.8718
triple,rad-core-33,24,148,96,144,0.7708,0.4931,0.4122,0.4514,0.1149,0.4896,0.5473,0.6351,0.0938,0.7188,0.0694,0.6736
triple,rad-core-33,25,126,88,178,0.5341,0.191,0.7143,0.4831,0.4444,0.5227,0.6667,0.6746,0.25,0.8636,0.1685,0.7809
triple,rad-core-33,26,127,121,141,0.6198,0.1702,0.3543,0.2695,0.4646,0.6612,0.6614,0.685,0.157,0.2397,0.156,0.7518
triple,rad-core-33,27,151,128,125,0.3203,0.424,0.4305,0.44,0.4238,0.6797,0.5695,0.6026,0.1641,0.1406,0.368,0.664
triple,rad-core-33,28,177,99,147,0.4646,0.3265,0.2429,0.2857,0.2373,0.6061,0.7345,0.7797,0.1818,0.3535,0.4762,0.7483
triple,rad-core-33,29,169,107,144,0.3832,0.2222,0.5148,0.3611,0.3136,0.514,0.7574,0.8935,0.1682,0.757,0.1944,0.6875
xtriple,rad-core-33,0,138,138,149,0.7971,0.1409,0.4203,0.4966,0.413,0.8333,0.558,0.5942,0.0942,0.1087,0.6711,0.7315
xtriple,rad-core-33,1,141,94,152,0.4362,0.4276,0.5745,0.6118,0.3121,0.2447,0.7234,0.7376,0.1383,0.7553,0.1776,0.7895
xtriple,rad-core-33,2,164,89,137,0.7753,0.4234,0.0732,0.3504,0.3537,0.7753,0.7134,0.7805,0.1124,0.809,0.1241,0.7737
xtriple,rad-core-33,3,142,113,135,0.3186,0.363,0.2394,0.3556,0.1972,0.3097,0.7183,0.7042,0.2124,0.8673,0.2,0.6741
xtriple,rad-core-33,4,170,88,117,0.5795,0.4359,0.2353,0.3932,0.2294,0.4773,0.5118,0.5294,0.1591,0.6818,0.1795,0.8205
xtriple,rad-core-33,5,139,126,138,0.4286,0.0942,0.3165,0.2101,0.4532,0.5635,0.7914,0.8058,0.127,0.1587,0.6304,0.7536
xtriple,rad-core-33,6,154,105,78,0.619,0.3077,0.3571,0.3974,0.2987,0.8,0.6948,0.6883,0.1333,0.6857,0.1154,0.8718
xtriple,rad-core-33,7,151,98,124,0.3367,0.2016,0.351,0.371,0.1523,0.5,0.7881,0.7881,0.2551,0.6633,0.1613,0.7339
xtriple,rad-core-33,8,175,111,140,0.1261,0.5357,0.1943,0.6357,0.1829,0.2703,0.7429,0.7714,0.1712,0.7838,0.15,0.7714
xtriple,rad-core-33,9,148,88,141,0.6136,0.3262,0.4122,0.2908,0.223,0.5341,0.5473,0.5541,0.1705,0.3636,0.0993,0.7376
xtriple,rad-core-33,10,126,121,144,0.5785,0.2986,0.4048,0.375,0.3095,0.3388,0.6429,0.6984,0.124,0.7355,0.1667,0.6875
xtriple,rad-core-33,11,127,96,178,0.7083,0.2416,0.3543,0.4101,0.1811,0.6458,0.6299,0.7165,0.0729,0.7083,0.1236,0.7697
xtriple,rad-core-33,12,151,99,144,0.4545,0.2569,0.3179,0.2917,0.298,0.5455,0.5695,0.702,0.1616,0.7071,0.1944,0.7292
xtriple,rad-core-33,13,177,107,125,0.3738,0.2,0.2486,0.44,0.1751,0.5981,0.7175,0.7627,0.1776,0.2617,0.592,0.672
xtriple,rad-core-33,14,169,128,147,0.2969,0.1769,0.3018,0.2993,0.432,0.5234,0.7574,0.929,0.125,0.3203,0.483,0.7347
null,rad-core-33@directed,0,138,141,164,0.2908,0.1585,0.3551,0.189,0.3696,0.3121,0.2464,0.3623,0.766,0.766,0.7195,0.1829
null,rad-core-33@directed,1,142,170,139,0.3706,0.3022,0.1901,0.2014,0.2676,0.3647,0.6338,0.5423,0.1471,0.1353,0.3669,0.777
null,rad-core-33@directed,2,154,151,175,0.2583,0.32,0.3442,0.3771,0.2013,0.1192,0.1753,0.6818,0.8013,0.7815,0.12,0.0857
null,rad-core-33@directed,3,148,126,127,0.5714,0.4331,0.0811,0.2992,0.2703,0.4603,0.6284,0.5811,0.3968,0.619,0.1417,0.4961
null,rad-core-33@directed,4,151,177,169,0.1638,0.3432,0.4503,0.3432,0.4172,0.209,0.649,0.6755,0.6271,0.7006,0.5148,0.7278
null,rad-core-33@uniform,0,89,138,94,0.6739,0.4681,0.6742,0.4043,0.764,0.7971,0.764,0.7191,0.8623,0.8623,0.766,0.734
null,rad-core-33@uniform,1,126,113,88,0.354,0.7955,0.5397,0.7841,0.4524,0.2655,0.1984,0.7619,0.8319,0.8142,0.7159,0.2386
null,rad-core-33@uniform,2,111,105,98,0.6952,0.5102,0.2883,0.449,0.2613,0.7714,0.8378,0.8378,0.7143,0.8476,0.6429,0.7347
null,rad-core-33@uniform,3,96,88,121,0.6477,0.5702,0.6875,0.686,0.6667,0.5227,0.7604,0.8021,0.9205,0.9545,0.7934,0.8264
null,rad-core-33@uniform,4,128,99,107,0.5455,0.5047,0.375,0.5047,0.5703,0.6263,0.7812,0.7422,0.7172,0.7778,0.7944,0.785
null,rad-core-33@mixed,0,152,137,149,0.3577,0.2215,0.4803,0.5168,0.4803,0.4672,0.8289,0.1579,0.7956,0.1387,0.7718,0.7718
null,rad-core-33@mixed,1,117,138,135,0.1522,0.237,0.6752,0.3852,0.5128,0.1812,0.1966,0.8205,0.8043,0.7754,0.763,0.2
null,rad-core-33@mixed,2,124,140,78,0.55,0.641,0.2903,0.3846,0.3387,0.6571,0.7903,0.7016,0.7857,0.7571,0.7179,0.9103
null,rad-core-33@mixed,3,144,178,141,0.118,0.1348,0.4236,0.2766,0.4167,0.264,0.7083,0.0903,0.8202,0.2247,0.7376,0.8085
null,rad-core-33@mixed,4,125,147,144,0.2721,0.2986,0.416,0.2847,0.336,0.2109,0.76,0.76,0.4898,0.7959,0.1736,0.2083
triple,rad-core-45,15,85,52,40,0.5962,0.4,0.8471,0.6,0.7176,0.6154,0.2235,0.1647,0.7885,0.7885,0.975,0.95
triple,rad-core-45,16,74,69,64,0.6522,0.7031,0.4054,0.1719,0.5676,0.4783,0.9459,0.9054,0.2464,0.7246,0.6562,0.875
triple,rad-core-45,17,60,56,54,0.4286,0.7037,0.7667,0.7963,0.6667,0.5357,0.5333,0.7333,0.75,0.7857,0.6296,0.4815
triple,rad-core-45,18,58,71,85,0.4366,0.7529,0.4138,0.6,0.3276,0.3662,0.9138,0.9138,0.4366,0.9296,0.1647,0.3412
triple,rad-core-45,19,88,108,88,0.1574,0.2841,0.6705,0.75,0.3523,0.4167,0.8864,0.4545,0.6296,0.6296,0.8068,0.8864
triple,rad-core-45,20,54,114,49,0.6842,0.6122,0.2778,0.449,0.8148,0.8772,1.0,0.4074,0.193,0.193,0.9184,0.9184
triple,rad-core-45,21,65,51,86,0.7059,0.4884,0.7692,0.7558,0.3385,0.6863,0.2308,0.4154,0.7451,0.7255,0.7093,0.1628
triple,rad-core-45,22,47,61,29,0.6066,0.7241,0.5106,0.5862,0.5106,0.6721,0.8723,0.3404,0.5082,0.1803,0.931,0.9655
triple,rad-core-45,23,43,68,59,0.5294,0.3729,0.4884,0.6441,0.6977,0.5882,0.7907,0.8372,0.3382,0.6912,0.4576,0.7797
triple,rad-core-45,24,79,54,73,0.5,0.6301,0.557,0.6575,0.3291,0.3704,0.8987,0.6835,0.6296,0.5185,0.5342,0.7808
triple,rad-core-45,25,44,35,41,0.6,0.6341,0.6818,0.8537,0.4773,0.5143,0.5455,0.9773,1.0,0.9714,0.2927,0.2683
triple,rad-core-45,26,62,99,59,0.5657,0.5593,0.4032,0.678,0.5,0.596,0.8871,0.4032,0.2323,0.2727,0.7119,0.6949
triple,rad-core-45,27,44,60,104,0.7,0.6154,0.6136,0.4519,0.7273,0.7,0.8182,0.6818,0.2833,0.8833,0.125,0.3077
triple,rad-core-45,28,94,58,67,0.7931,0.4776,0.4149,0.2388,0.5106,0.8103,0.8617,0.1383,0.7241,0.3621,0.8806,0.9552
triple,rad-core-45,29,71,75,89,0.4,0.5955,0.4507,0.7978,0.4225,0.3467,0.8592,0.8169,0.1867,0.8,0.191,0.2022
xtriple,rad-core-45,0,85,69,54,0.6667,0.5926,0.4471,0.3704,0.6706,0.6667,0.8353,0.2471,0.2174,0.1884,0.7037,0.8333
xtriple,rad-core-45,1,74,56,40,0.5179,0.525,0.8243,0.65,0.6351,0.4643,0.2432,0.3108,0.7679,0.7143,0.975,1.0
xtriple,rad-core-45,2,60,52,64,0.5962,0.5156,0.7167,0.5469,0.3167,0.4423,0.4,0.9,0.8077,0.8462,0.2812,0.2344
xtriple,rad-core-45,3,58,108,49,0.3704,0.4286,0.431,0.449,0.7241,0.6111,0.9138,0.1552,0.5833,0.1944,0.7959,0.898
xtriple,rad-core-45,4,88,114,85,0.2544,0.5647,0.2273,0.5647,0.3636,0.5088,0.8864,0.8977,0.1579,0.7018,0.3294,0.6941
xtriple,rad-core-45,5,54,71,88,0.493,0.5227,0.2778,0.3864,0.3889,0.4085,0.8889,0.7407,0.8451,0.493,0.7955,0.8636
xtriple,rad-core-45,6,65,61,59,0.6885,0.5763,0.3538,0.4576,0.5846,0.541,0.6462,0.3692,0.5082,0.4754,0.8305,0.8136
xtriple,rad-core-45,7,47,68,86,0.5735,0.4767,0.5319,0.4767,0.6383,0.5882,0.5319,0.8298,0.6912,0.6765,0.4767,0.314
xtriple,rad-core-45,8,43,51,29,0.2941,0.4828,0.8372,0.7241,0.6047,0.4902,0.2791,0.3023,0.6471,0.7255,0.8621,0.8621
xtriple,rad-core-45,9,79,35,59,0.6286,0.6441,0.519,0.7119,0.4304,0.6,0.1646,0.7595,1.0,0.9429,0.6949,0.2712
xtriple,rad-core-45,10,44,99,73,0.6263,0.6575,0.4318,0.4658,0.5,0.5051,0.8636,0.9318,0.1717,0.202,0.2877,0.7534
xtriple,rad-core-45,11,62,54,41,0.3889,0.7073,0.6774,0.7317,0.3226,0.4259,0.8548,0.8548,0.5556,1.0,0.2683,0.2927
xtriple,rad-core-45,12,44,58,89,0.7241,0.764,0.5227,0.4157,0.7045,0.7759,0.8182,0.75,0.1552,0.7069,0.1348,0.7528
xtriple,rad-core-45,13,94,75,104,0.32,0.4038,0.3936,0.3654,0.4362,0.28,0.1809,0.7766,0.7733,0.7733,0.6346,0.2788
xtriple,rad-core-45,14,71,60,67,0.6,0.403,0.4648,0.3582,0.4789,0.75,0.8592,0.6479,0.4,0.5333,0.5522,0.8358
null,rad-core-45@directed,0,85,74,60,0.5541,0.5667,0.5882,0.55,0.5882,0.5811,0.7765,0.2941,0.7297,0.4459,0.7833,0.8167
null,rad-core-45@directed,1,58,88,54,0.5455,0.6296,0.1897,0.2593,0.4655,0.4886,0.8448,0.8793,0.375,0.7159,0.6852,0.9074
null,rad-core-45@directed,2,65,47,43,0.6596,0.7209,0.6462,0.7674,0.4462,0.5532,0.3538,0.3077,0.7447,0.383,0.7209,0.7907
null,rad-core-45@directed,3,79,44,62,0.6136,0.5,0.5949,0.6129,0.3797,0.5455,0.6076,0.8354,0.8864,0.9091,0.3548,0.3065
null,rad-core-45@directed,4,44,94,71,0.8085,0.7887,0.7727,0.3521,0.7045,0.4255,0.8409,0.8864,0.1383,0.1489,0.1972,0.8169
null,rad-core-45@uniform,0,52,69,56,0.6957,0.5357,0.3077,0.3214,0.5962,0.8551,0.9231,0.8462,0.1884,0.2319,0.7321,0.8036
null,rad-core-45@uniform,1,71,108,114,0.2685,0.4035,0.3944,0.6316,0.3099,0.2778,0.9296,0.9296,0.6296,0.787,0.2018,0.5088
null,rad-core-45@uniform,2,51,61,68,0.9016,0.8088,0.6275,0.4706,0.5098,0.6066,0.7059,0.6471,0.1475,0.2295,0.1324,0.6912
null,rad-core-45@uniform,3,54,35,99,0.7429,0.5152,0.6296,0.7374,0.4444,0.4571,0.2963,0.5926,0.9429,0.9429,0.8889,0.1515
null,rad-core-45@uniform,4,60,58,75,0.569,0.3467,0.55,0.2933,0.7333,0.6379,0.9833,0.7833,0.5517,0.5345,0.4,0.8533
null,rad-core-45@mixed,0,40,64,54,0.5938,0.4259,0.375,0.3519,0.55,0.5,1.0,1.0,0.1719,0.4531,0.463,0.7407
null,rad-core-45@mixed,1,85,88,49,0.4318,0.3673,0.6588,0.3673,0.7765,0.7841,0.2471,0.1294,0.9205,0.1818,0.9184,0.8776
null,rad-core-45@mixed,2,86,29,59,0.5517,0.5593,0.5349,0.5424,0.5233,0.4828,0.1977,0.4302,0.931,0.9655,0.8644,0.2373
null,rad-core-45@mixed,3,73,41,59,0.6829,0.5254,0.3014,0.4746,0.6301,0.7561,0.7534,0.6438,0.2683,0.3171,0.7288,0.7458
null,rad-core-45@mixed,4,104,67,89,0.403,0.5843,0.4423,0.6742,0.3942,0.3731,0.2212,0.8173,0.8955,0.8806,0.3371,0.191
triple,rad-core-55,15,54,99,81,0.2626,0.3086,0.7037,0.6173,0.6852,0.4646,0.8148,0.3889,0.7071,0.7576,0.8519,0.7901
triple,rad-core-55,16,75,58,92,0.3276,0.1957,0.7333,0.5435,0.5867,0.5172,0.1067,0.76,0.8793,0.8621,0.4565,0.1413
triple,rad-core-55,17,120,44,50,0.3636,0.36,0.7917,0.74,0.7833,0.7273,0.65,0.1333,0.9091,0.8182,0.94,0.94
triple,rad-core-55,18,37,82,137,0.3171,0.4818,0.4054,0.3504,0.4865,0.2561,0.973,1.0,0.2439,0.8415,0.0949,0.6131
triple,rad-core-55,19,75,86,50,0.3605,0.44,0.4667,0.36,0.7733,0.6512,0.8133,0.3467,0.6512,0.314,0.98,0.96
triple,rad-core-55,20,94,75,69,0.4,0.5507,0.2979,0.4348,0.5957,0.4533,0.5106,0.6489,0.7067,0.8133,0.6667,0.4348
triple,rad-core-55,21,86,33,48,0.5152,0.3958,0.8023,0.6667,0.814,0.5455,0.1744,0.2209,1.0,0.9091,0.9375,0.375
triple,rad-core-55,22,65,125,63,0.504,0.4444,0.4308,0.4603,0.5231,0.656,0.6769,0.3231,0.632,0.176,0.8413,0.8254
triple,rad-core-55,23,96,96,83,0.3646,0.253,0.4583,0.4096,0.3958,0.4583,0.6979,0.5729,0.4583,0.5104,0.5301,0.6747
triple,rad-core-55,24,70,103,107,0.5534,0.5981,0.4286,0.3178,0.4857,0.4854,0.7143,0.7143,0.165,0.1942,0.5234,0.785
triple,rad-core-55,25,88,45,66,0.2667,0.303,0.4886,0.6364,0.5227,0.4667,0.2955,0.5568,0.8667,0.8889,0.6818,0.3939
triple,rad-core-55,26,105,111,112,0.2162,0.2679,0.6952,0.3125,0.5048,0.4955,0.7714,0.2095,0.5495,0.5495,0.75,0.8393
triple,rad-core-55,27,101,57,61,0.3684,0.4754,0.505,0.6066,0.8218,0.5965,0.198,0.1485,0.807,0.5789,0.7705,0.8525
triple,rad-core-55,28,136,78,71,0.2949,0.2817,0.7721,0.5634,0.7059,0.4231,0.6765,0.125,0.7051,0.7308,0.831,0.9014
triple,rad-core-55,29,72,88,128,0.2273,0.4844,0.5,0.5938,0.3333,0.3409,0.5278,0.6667,0.7273,0.8409,0.1016,0.1406
xtriple,rad-core-55,0,54,58,50,0.3276,0.48,0.6667,0.62,0.7407,0.5862,0.2593,0.2963,0.8966,0.5345,0.96,0.8
xtriple,rad-core-55,1,75,44,81,0.4318,0.3457,0.9333,0.679,0.5333,0.5682,0.76,0.32,0.8182,0.8636,0.8272,0.8765
xtriple,rad-core-55,2,120,99,92,0.1515,0.2065,0.7917,0.663,0.4333,0.3838,0.6333,0.65,0.7273,0.798,0.5,0.8152
xtriple,rad-core-55,3,37,86,69,0.3721,0.3043,0.4054,0.4203,0.5676,0.3256,0.973,0.9459,0.5,0.5581,0.4928,0.7826
xtriple,rad-core-55,4,75,75,137,0.4533,0.3723,0.6133,0.3723,0.32,0.2667,0.28,0.8667,0.8267,0.8533,0.1314,0.0949
xtriple,rad-core-55,5,94,82,50,0.3415,0.4,0.3085,0.4,0.6809,0.622,0.5851,0.234,0.2317,0.1829,0.94,0.98
xtriple,rad-core-55,6,86,125,83,0.232,0.4458,0.5698,0.5422,0.5465,0.568,0.3023,0.7209,0.728,0.72,0.5904,0.4217
xtriple,rad-core-55,7,65,96,48,0.3854,0.3333,0.5231,0.4375,0.6154,0.6354,0.7692,0.2308,0.4375,0.1979,0.8542,0.875
xtriple,rad-core-55,8,96,33,63,0.1818,0.2381,0.7188,0.7143,0.625,0.5152,0.0729,0.0833,0.8788,0.8182,0.8254,0.1429
xtriple,rad-core-55,9,70,45,112,0.5111,0.5536,0.4857,0.6518,0.4,0.4444,0.5286,0.6857,0.8222,0.8667,0.2321,0.1518
xtriple,rad-core-55,10,88,111,107,0.2432,0.3738,0.625,0.486,0.4318,0.4505,0.625,0.6477,0.5135,0.5676,0.6449,0.8411
xtriple,rad-core-55,11,105,103,66,0.4272,0.4242,0.2476,0.5,0.6476,0.466,0.7333,0.2381,0.1845,0.2039,0.7424,0.8182
xtriple,rad-core-55,12,101,78,128,0.4103,0.4062,0.5941,0.75,0.4851,0.3974,0.6733,0.3663,0.7051,0.6923,0.3047,0.6797
xtriple,rad-core-55,13,136,88,61,0.1932,0.2459,0.6765,0.4754,0.8382,0.3295,0.0809,0.0735,0.8182,0.6818,0.7705,0.6066
xtriple,rad-core-55,14,72,57,71,0.2632,0.4789,0.4028,0.5493,0.4583,0.5088,0.5833,0.4444,0.6491,0.614,0.7465,0.7042
null,rad-core-55@directed,0,54,75,120,0.4,0.4583,0.4815,0.375,0.4815,0.32,0.7593,0.8333,0.64,0.72,0.3833,0.325
null,rad-core-55@directed,1,37,75,94,0.4667,0.234,0.3514,0.6809,0.4865,0.52,0.973,0.9189,0.28,0.4133,0.4787,0.6596
null,rad-core-55@directed,2,86,65,96,0.3846,0.2917,0.6047,0.3438,0.5814,0.4,0.7558,0.7326,0.8615,0.8615,0.6458,0.6771
null,rad-core-55@directed,3,70,88,105,0.7614,0.8286,0.4286,0.7238,0.2286,0.4432,0.7143,0.6714,0.6023,0.625,0.1143,0.3905
null,rad-core-55@directed,4,101,136,72,0.6765,0.2778,0.4455,0.2639,0.5743,0.6838,0.604,0.1584,0.2059,0.1029,0.6667,0.6806
null,rad-core-55@uniform,0,99,58,44,0.5172,0.5455,0.4444,0.6136,0.4444,0.6552,0.4949,0.7475,0.8276,0.9138,0.7955,0.6818
null,rad-core-55@uniform,1,82,86,75,0.4535,0.3733,0.3537,0.4133,0.4146,0.4651,0.6585,0.2439,0.7326,0.5465,0.8667,0.84
null,rad-core-55@uniform,2,33,125,96,0.88,0.875,0.5152,0.4688,0.4242,0.424,0.697,0.8182,0.064,0.744,0.1354,0.4375
null,rad-core-55@uniform,3,103,45,111,0.4889,0.3514,0.6699,0.6757,0.466,0.3778,0.165,0.2136,0.9556,0.9333,0.7928,0.1802
null,rad-core-55@uniform,4,57,78,88,0.4359,0.3864,0.5088,0.4886,0.4912,0.4744,0.8596,0.614,0.6923,0.7179,0.8068,0.8864
null,rad-core-55@mixed,0,81,92,50,0.4239,0.58,0.4198,0.52,0.5679,0.7391,0.8272,0.4074,0.4348,0.1522,0.9,0.9
null,rad-core-55@mixed,1,137,50,69,0.32,0.3043,0.7445,0.6667,0.4745,0.5,0.073,0.0949,0.98,0.96,0.7826,0.2754
null,rad-core-55@mixed,2,48,63,83,0.6349,0.6988,0.5417,0.5663,0.3333,0.3651,0.7917,0.8125,0.4603,0.8571,0.2892,0.4217
null,rad-core-55@mixed,3,107,66,112,0.5758,0.2768,0.3645,0.3661,0.5047,0.6212,0.5888,0.5607,0.7879,0.5758,0.7143,0.5982
null,rad-core-55@mixed,4,61,71,128,0.662,0.4766,0.4262,0.5391,0.3934,0.4366,0.8361,0.7869,0.5493,0.8592,0.1094,0.1562
triple,rad-core-61,15,128,106,91,0.3208,0.1648,0.6797,0.4725,0.5391,0.1981,0.6094,0.0938,0.4906,0.2925,0.6484,0.7912
triple,rad-core-61,16,121,106,105,0.1509,0.7048,0.4711,0.7048,0.6942,0.1792,0.1983,0.1983,0.5189,0.6792,0.3238,0.3143
triple,rad-core-61,17,136,91,107,0.1758,0.1776,0.8824,0.5047,0.625,0.2967,0.1176,0.4779,0.7582,0.6264,0.514,0.1121
triple,rad-core-61,18,129,117,113,0.2564,0.3717,0.6279,0.646,0.5504,0.4444,0.2791,0.2868,0.4615,0.3846,0.6726,0.469
triple,rad-core-61,19,164,101,104,0.0594,0.1442,0.8171,0.5962,0.6707,0.099,0.0305,0.0671,0.8317,0.703,0.5673,0.1923
triple,rad-core-61,20,133,92,123,0.0543,0.252,0.5789,0.4797,0.3684,0.0326,0.0451,0.6165,0.5761,0.663,0.2358,0.0488
triple,rad-core-61,21,152,103,121,0.2136,0.2479,0.7105,0.7273,0.3947,0.2427,0.4408,0.4276,0.5728,0.9126,0.2066,0.3967
triple,rad-core-61,22,127,106,100,0.3396,0.34,0.5591,0.61,0.4331,0.4528,0.3228,0.2126,0.7736,0.2453,0.53,0.43
triple,rad-core-61,23,123,91,124,0.0989,0.2097,0.6504,0.6532,0.5528,0.2308,0.0569,0.2033,0.7033,0.8022,0.5323,0.2581
triple,rad-core-61,24,129,105,94,0.1905,0.3191,0.186,0.0851,0.4496,0.3048,0.5116,0.155,0.1143,0.1048,0.2872,0.4787
triple,rad-core-61,25,160,116,113,0.1466,0.4867,0.6687,0.7257,0.5625,0.319,0.25,0.4,0.6552,0.7586,0.6195,0.4425
triple,rad-core-61,26,124,112,101,0.1964,0.4158,0.5726,0.4752,0.6613,0.2679,0.4677,0.3468,0.4107,0.3571,0.4158,0.7327
triple,rad-core-61,27,147,111,116,0.3333,0.5259,0.4354,0.3017,0.4558,0.2072,0.6531,0.4218,0.4234,0.1892,0.5259,0.5431
triple,rad-core-61,28,110,90,107,0.2667,0.3832,0.6273,0.3645,0.6727,0.4778,0.4,0.4,0.4667,0.3333,0.5047,0.6262
triple,rad-core-61,29,116,102,92,0.2843,0.3913,0.3448,0.5217,0.2069,0.2941,0.3621,0.3879,0.2745,0.4902,0.1957,0.4022
xtriple,rad-core-61,0,128,106,107,0.0472,0.1215,0.6016,0.3271,0.5469,0.3208,0.1953,0.2969,0.6321,0.6038,0.785,0.6822
xtriple,rad-core-61,1,121,91,91,0.022,0.4396,0.8595,0.956,0.5537,0.1538,0.0248,0.1653,0.6484,0.7912,0.4945,0.1319
xtriple,rad-core-61,2,136,106,105,0.217,0.3524,0.4926,0.419,0.3235,0.1415,0.5956,0.4485,0.3868,0.3868,0.2381,0.6571
xtriple,rad-core-61,3,129,101,123,0.1485,0.1951,0.8605,0.5366,0.1938,0.1089,0.0775,0.5814,0.802,0.8317,0.1301,0.0732
xtriple,rad-core-61,4,164,92,113,0.1304,0.1239,0.6037,0.6549,0.6829,0.2826,0.0732,0.0732,0.5978,0.3478,0.4956,0.115
xtriple,rad-core-61,5,133,117,104,0.1624,0.2308,0.5414,0.4327,0.5338,0.2479,0.2105,0.203,0.4359,0.265,0.5288,0.4519
xtriple,rad-core-61,6,152,106,124,0.1698,0.2581,0.5,0.3952,0.5,0.3585,0.3553,0.4474,0.3491,0.5189,0.5323,0.5403
xtriple,rad-core-61,7,127,91,121,0.1538,0.2066,0.7008,0.7603,0.2598,0.1429,0.126,0.2598,0.8571,0.7802,0.5041,0.0661
xtriple,rad-core-61,8,123,103,100,0.068,0.26,0.6423,0.63,0.4634,0.0971,0.2602,0.1382,0.4563,0.3786,0.46,0.38
xtriple,rad-core-61,9,129,116,101,0.1293,0.3861,0.7519,0.5446,0.6512,0.2328,0.1395,0.186,0.6207,0.6724,0.396,0.4059
xtriple,rad-core-61,10,160,112,94,0.1696,0.3404,0.5,0.4149,0.4938,0.2679,0.6,0.2,0.375,0.2857,0.4574,0.4894
xtriple,rad-core-61,11,124,105,113,0.181,0.2389,0.1371,0.115,0.4839,0.4857,0.4758,0.2258,0.0952,0.1048,0.469,0.7611
xtriple,rad-core-61,12,147,90,92,0.0778,0.2609,0.585,0.4891,0.1837,0.1889,0.4286,0.4082,0.2222,0.4333,0.2174,0.2609
xtriple,rad-core-61,13,110,102,116,0.2745,0.5862,0.1818,0.4655,0.3545,0.1176,0.3273,0.2364,0.2451,0.2941,0.1983,0.3448
xtriple,rad-core-61,14,116,111,107,0.1802,0.3084,0.1293,0.1028,0.5517,0.2432,0.6207,0.3103,0.1351,0.0811,0.6168,0.8411
null,rad-core-61@directed,0,128,121,136,0.1074,0.1471,0.3359,0.3971,0.3906,0.3388,0.1484,0.1172,0.2231,0.2479,0.4706,0.4338
null,rad-core-61@directed,1,129,164,133,0.3171,0.1579,0.3178,0.3684,0.2326,0.2683,0.4884,0.5736,0.2195,0.2195,0.3534,0.4211
null,rad-core-61@directed,2,152,127,123,0.2441,0.252,0.2895,0.3089,0.2434,0.1969,0.5395,0.4342,0.2677,0.3307,0.1707,0.6341
null,rad-core-61@directed,3,129,160,124,0.5062,0.5484,0.3488,0.2742,0.5736,0.3312,0.2171,0.3178,0.2562,0.3875,0.3065,0.3145
null,rad-core-61@directed,4,147,110,116,0.2818,0.4569,0.4354,0.319,0.4218,0.2545,0.2449,0.4218,0.3364,0.2909,0.4397,0.2931
null,rad-core-61@uniform,0,106,106,91,0.3868,0.3187,0.4528,0.1429,0.6226,0.6321,0.3679,0.1415,0.7925,0.0755,0.8242,0.7033
null,rad-core-61@uniform,1,117,101,92,0.099,0.25,0.4786,0.4022,0.3077,0.2079,0.1624,0.2393,0.7525,0.7129,0.5543,0.3261
null,rad-core-61@uniform,2,103,106,91,0.3774,0.1868,0.0971,0.2308,0.2718,0.5094,0.4951,0.2913,0.4717,0.1981,0.7692,0.7473
null,rad-core-61@uniform,3,105,116,112,0.0776,0.125,0.3714,0.4107,0.3429,0.1638,0.1238,0.4381,0.9052,0.8966,0.6696,0.3036
null,rad-core-61@uniform,4,111,90,102,0.1,0.3627,0.2162,0.3333,0.3874,0.1556,0.0811,0.1802,0.6667,0.3778,0.6961,0.4608
null,rad-core-61@mixed,0,91,105,107,0.4857,0.3178,0.4286,0.1682,0.7473,0.7143,0.6813,0.5385,0.2476,0.3238,0.514,0.729
null,rad-core-61@mixed,1,113,104,123,0.3173,0.374,0.3717,0.3089,0.2301,0.0962,0.2832,0.6283,0.3365,0.5962,0.2033,0.065
null,rad-core-61@mixed,2,121,100,124,0.31,0.3145,0.281,0.2016,0.3884,0.4,0.1157,0.3884,0.36,0.46,0.5161,0.379
null,rad-core-61@mixed,3,94,113,101,0.3805,0.3762,0.617,0.396,0.3511,0.3097,0.3511,0.3298,0.3628,0.5044,0.2277,0.4059
null,rad-core-61@mixed,4,116,107,92,0.3178,0.337,0.5603,0.5543,0.1379,0.1682,0.3017,0.3966,0.5421,0.7196,0.1957,0.163
triple,rad-core-65,15,101,111,109,0.2162,0.2202,0.4554,0.422,0.297,0.3063,0.2475,0.2475,0.5225,0.3784,0.4404,0.3303
triple,rad-core-65,16,119,111,89,0.1892,0.2247,0.0924,0.236,0.5798,0.3153,0.5966,0.1092,0.0811,0.1171,0.2472,0.7416
triple,rad-core-65,17,63,58,77,0.3103,0.5455,0.6508,0.6494,0.6667,0.4655,0.3492,0.6349,0.8276,0.931,0.7143,0.4545
triple,rad-core-65,18,103,107,91,0.1869,0.4505,0.835,0.5604,0.7573,0.2243,0.1942,0.1553,0.7196,0.5421,0.4945,0.2857
triple,rad-core-65,19,136,120,83,0.3167,0.241,0.6397,0.506,0.4338,0.275,0.6324,0.4191,0.65,0.4917,0.5542,0.8554
triple,rad-core-65,20,81,96,106,0.3021,0.3019,0.3951,0.4434,0.4321,0.3646,0.8148,0.4074,0.4896,0.4479,0.4434,0.6604
triple,rad-core-65,21,114,75,92,0.4267,0.163,0.5088,0.663,0.5702,0.5067,0.2456,0.1404,0.6133,0.6533,0.4348,0.4239
triple,rad-core-65,22,154,81,76,0.3086,0.3947,0.5195,0.5789,0.526,0.4691,0.1494,0.2403,0.7407,0.7407,0.8158,0.6974
triple,rad-core-65,23,95,105,97,0.2286,0.5876,0.6526,0.7216,0.4737,0.2476,0.6737,0.2526,0.5333,0.619,0.3196,0.5464
triple,rad-core-65,24,102,115,105,0.3739,0.3524,0.2451,0.2571,0.402,0.4087,0.7451,0.5392,0.1652,0.1826,0.6095,0.9524
triple,rad-core-65,25,112,118,91,0.3136,0.4945,0.625,0.6154,0.6875,0.3559,0.2232,0.25,0.822,0.7797,0.6374,0.5385
triple,rad-core-65,26,82,95,90,0.3158,0.2667,0.5732,0.4889,0.3537,0.2526,0.6463,0.5122,0.6211,0.5053,0.5556,0.5222
triple,rad-core-65,27,127,99,101,0.3131,0.3069,0.6457,0.396,0.6299,0.2323,0.1102,0.1575,0.8384,0.7677,0.6634,0.2475
triple,rad-core-65,28,112,83,100,0.1084,0.13,0.4464,0.31,0.4018,0.4096,0.6429,0.0625,0.5904,0.5904,0.68,0.79
triple,rad-core-65,29,93,92,104,0.3587,0.5192,0.4731,0.5096,0.2366,0.3804,0.6774,0.6667,0.5978,0.6087,0.4038,0.6731
xtriple,rad-core-65,0,101,111,77,0.1622,0.3506,0.2871,0.2727,0.4455,0.2703,0.7624,0.3762,0.1441,0.0991,0.7792,0.9351
xtriple,rad-core-65,1,119,58,109,0.1724,0.2936,0.7647,0.5413,0.5126,0.1897,0.0672,0.1261,0.8621,0.8448,0.3945,0.1468
xtriple,rad-core-65,2,63,111,89,0.2432,0.236,0.5714,0.3596,0.6508,0.4595,0.4444,0.5079,0.5045,0.3964,0.3708,0.2472
xtriple,rad-core-65,3,103,120,106,0.125,0.1792,0.6408,0.3962,0.4175,0.525,0.5922,0.2233,0.4583,0.4083,0.5283,0.6415
xtriple,rad-core-65,4,136,96,91,0.1458,0.2308,0.4706,0.4176,0.5441,0.3021,0.6103,0.0882,0.5312,0.1875,0.3736,0.5055
xtriple,rad-core-65,5,81,107,83,0.1495,0.4337,0.4444,0.3494,0.4938,0.1869,0.1728,0.5802,0.6449,0.7103,0.5422,0.253
xtriple,rad-core-65,6,114,81,97,0.2346,0.4021,0.4474,0.5876,0.5789,0.2593,0.0965,0.1754,0.6543,0.6296,0.3196,0.3196
xtriple,rad-core-65,7,154,105,92,0.1524,0.5217,0.5,0.5326,0.4156,0.219,0.6234,0.2662,0.5905,0.3524,0.5217,0.6413
xtriple,rad-core-65,8,95,75,76,0.2667,0.2632,0.5789,0.4868,0.6632,0.5067,0.2947,0.2737,0.6,0.5733,0.6974,0.6974
xtriple,rad-core-65,9,102,118,90,0.2627,0.3667,0.4412,0.6667,0.2059,0.2034,0.3431,0.549,0.6271,0.7881,0.2667,0.3111
xtriple,rad-core-65,10,112,95,105,0.4632,0.2476,0.5089,0.2762,0.4554,0.3895,0.3036,0.1607,0.6211,0.5053,0.8476,0.8667
xtriple,rad-core-65,11,82,115,91,0.2348,0.2527,0.1463,0.0989,0.5,0.3043,0.7317,0.378,0.0783,0.0696,0.6264,0.6484
xtriple,rad-core-65,12,127,83,104,0.1807,0.2212,0.5906,0.4423,0.4016,0.3494,0.6457,0.3071,0.7349,0.6386,0.5577,0.6923
xtriple,rad-core-65,13,112,92,101,0.1739,0.099,0.5446,0.4752,0.5893,0.2283,0.6429,0.0982,0.4348,0.4891,0.5743,0.7129
xtriple,rad-core-65,14,93,99,100,0.1414,0.35,0.3763,0.38,0.3333,0.1616,0.3226,0.3656,0.6566,0.5354,0.67,0.36
null,rad-core-65@directed,0,101,119,63,0.3782,0.4603,0.4059,0.3333,0.4059,0.3866,0.396,0.3861,0.2941,0.2689,0.7778,0.5238
null,rad-core-65@directed,1,103,136,81,0.3603,0.1358,0.2233,0.1728,0.5534,0.4779,0.5049,0.2913,0.4853,0.2794,0.6173,0.642
null,rad-core-65@directed,2,114,154,95,0.1883,0.1579,0.4298,0.4316,0.4035,0.3506,0.2456,0.1754,0.5584,0.2857,0.4,0.4632
null,rad-core-65@directed,3,102,112,82,0.3214,0.2439,0.3431,0.3415,0.1961,0.4107,0.5784,0.6275,0.2054,0.2857,0.4756,0.6829
null,rad-core-65@directed,4,127,112,93,0.375,0.1075,0.4488,0.129,0.5354,0.4643,0.2598,0.2205,0.5536,0.3571,0.6559,0.5591
null,rad-core-65@uniform,0,111,111,58,0.2613,0.3621,0.1892,0.2759,0.3604,0.3423,0.6757,0.2523,0.1081,0.1171,0.7586,0.9828
null,rad-core-65@uniform,1,107,120,96,0.3833,0.4271,0.1776,0.3229,0.271,0.4,0.8037,0.8131,0.2167,0.6083,0.2292,0.6771
null,rad-core-65@uniform,2,75,81,105,0.2716,0.2476,0.6133,0.4476,0.4933,0.2593,0.4667,0.7733,0.5432,0.8025,0.5333,0.3714
null,rad-core-65@uniform,3,115,118,95,0.1695,0.3053,0.3739,0.4,0.4087,0.3644,0.1391,0.1217,0.8814,0.7373,0.7684,0.3895
null,rad-core-65@uniform,4,99,83,92,0.494,0.2717,0.2222,0.2065,0.303,0.4578,0.7576,0.7172,0.494,0.7108,0.4674,0.7283
null,rad-core-65@mixed,0,109,89,77,0.3034,0.3117,0.633,0.4675,0.5596,0.3596,0.2844,0.2936,0.3596,0.3708,0.5714,0.5844
null,rad-core-65@mixed,1,91,83,106,0.3855,0.3585,0.3956,0.3019,0.4835,0.3494,0.3626,0.2418,0.1807,0.4458,0.2264,0.5472
null,rad-core-65@mixed,2,92,76,97,0.3816,0.4536,0.5435,0.433,0.1522,0.3684,0.3261,0.3043,0.5789,0.5789,0.134,0.3196
null,rad-core-65@mixed,3,105,91,90,0.5275,0.5778,0.3048,0.4333,0.219,0.3407,0.6571,0.8095,0.5495,0.6593,0.4556,0.2889
null,rad-core-65@mixed,4,101,100,104,0.34,0.4038,0.396,0.5673,0.1881,0.36,0.4059,0.5842,0.56,0.71,0.2212,0.2308
triple,rad-core-68,15,57,54,67,0.5,0.5373,0.614,0.6716,0.4737,0.5556,0.5614,0.5614,0.3889,0.7963,0.5373,0.8358
triple,rad-core-68,16,47,84,72,0.3333,0.7083,0.6596,0.7778,0.4681,0.2381,0.9574,0.8936,0.25,0.5833,0.1944,0.8333
triple,rad-core-68,17,53,47,57,0.7021,0.6491,0.3396,0.2982,0.3774,0.5106,0.9245,0.9057,0.3404,0.8085,0.2281,0.807
triple,rad-core-68,18,45,62,107,0.629,0.4579,0.5111,0.3178,0.4,0.5323,0.8667,0.9333,0.2581,0.8065,0.3364,0.6636
triple,rad-core-68,19,23,86,75,0.6047,0.8133,0.6522,0.64,0.5652,0.3372,1.0,1.0,0.3605,0.9535,0.12,0.2267
triple,rad-core-68,20,58,77,47,0.6753,0.617,0.5345,0.5532,0.6207,0.6883,0.7759,0.931,0.3377,0.6753,0.4255,0.4468
triple,rad-core-68,21,32,65,34,0.7077,0.6471,0.6875,0.6176,0.6562,0.6154,1.0,0.9062,0.4154,0.8154,0.5588,0.8235
triple,rad-core-68,22,28,63,61,0.5556,0.623,0.5,0.4754,0.6071,0.5714,0.9643,0.9643,0.3333,0.8413,0.2787,0.7869
triple,rad-core-68,23,34,86,51,0.3372,0.6078,0.7647,0.9216,0.6765,0.4535,0.9118,0.4118,0.593,0.2791,0.8431,0.8627
triple,rad-core-68,24,62,30,49,0.6333,0.4082,0.3871,0.3673,0.7742,0.7667,0.9516,0.7581,0.8667,0.7333,0.6327,0.7959
triple,rad-core-68,25,26,56,51,0.5893,0.6275,0.5769,0.6078,0.6538,0.625,0.9231,0.9615,0.375,0.4821,0.8039,0.9804
triple,rad-core-68,26,52,70,34,0.2714,0.4118,0.6923,0.6471,0.6154,0.5,0.6346,0.4423,0.7714,0.6286,1.0,0.9412
triple,rad-core-68,27,52,73,67,0.726,0.4627,0.5769,0.4328,0.6731,0.7397,0.8269,0.75,0.3014,0.3288,0.4776,0.9552
triple,rad-core-68,28,36,56,94,0.7143,0.383,0.5833,0.3298,0.7778,0.625,0.7222,0.6389,0.5536,0.625,0.234,0.2872
triple,rad-core-68,29,39,51,48,0.4902,0.3542,0.6154,0.5625,0.5385,0.5882,0.8974,0.641,0.6863,0.5686,0.6875,0.7292
xtriple,rad-core-68,0,57,84,57,0.2857,0.5263,0.7018,0.5439,0.6316,0.2143,0.6842,0.6491,0.2262,0.4881,0.5439,0.8947
xtriple,rad-core-68,1,47,47,67,0.5957,0.7313,0.3191,0.3582,0.383,0.5319,0.8936,0.8936,0.5106,0.4255,0.6716,0.8209
xtriple,rad-core-68,2,53,54,72,0.5926,0.7917,0.5094,0.7917,0.434,0.5185,0.8868,0.9434,0.2778,0.963,0.1806,0.4028
xtriple,rad-core-68,3,45,86,47,0.4302,0.617,0.5778,0.6596,0.5333,0.407,0.9556,0.8667,0.4302,0.9419,0.3617,0.7872
xtriple,rad-core-68,4,23,77,107,0.8961,0.6636,0.3913,0.3178,0.5652,0.4935,0.9565,1.0,0.0909,0.6364,0.1308,0.5794
xtriple,rad-core-68,5,58,62,75,0.5968,0.6933,0.3448,0.5733,0.2414,0.4677,0.8793,0.9138,0.2742,0.8548,0.12,0.2533
xtriple,rad-core-68,6,32,63,51,0.5556,0.7255,0.5,0.5294,0.5938,0.5238,0.9688,0.9688,0.254,0.3175,0.4118,0.8235
xtriple,rad-core-68,7,28,86,34,0.3837,0.5294,0.7857,0.7647,0.5714,0.6163,0.7143,0.8571,0.2558,0.5465,0.7353,0.7941
xtriple,rad-core-68,8,34,65,61,0.5846,0.377,0.7353,0.5246,0.4412,0.5846,0.5882,0.7353,0.8615,0.8615,0.7705,0.6721
xtriple,rad-core-68,9,62,56,34,0.3929,0.6765,0.5,0.5588,0.5323,0.5179,0.5484,0.371,0.7143,0.2857,0.9412,1.0
xtriple,rad-core-68,10,26,70,49,0.4429,0.3878,0.5385,0.4898,0.7308,0.5429,1.0,1.0,0.5429,0.7143,0.5306,0.6939
xtriple,rad-core-68,11,52,30,51,0.5333,0.5098,0.4615,0.5882,0.6731,0.6667,0.8077,0.4423,0.8333,0.8,0.8824,0.7451
xtriple,rad-core-68,12,52,56,48,0.75,0.5417,0.3077,0.3125,0.4038,0.8571,0.8077,0.6731,0.2143,0.2679,0.4792,0.875
xtriple,rad-core-68,13,36,51,67,0.451,0.2836,0.8056,0.5075,0.8889,0.6863,0.75,0.25,0.8039,0.6471,0.7761,0.8507
xtriple,rad-core-68,14,39,73,94,0.5205,0.5106,0.5641,0.3404,0.5897,0.3836,0.9744,0.8974,0.3699,0.6164,0.2128,0.8191
null,rad-core-68@directed,0,57,47,53,0.5106,0.5094,0.8246,0.6038,0.9298,0.6383,0.4912,0.2632,0.7234,0.5532,0.7925,0.9057
null,rad-core-68@directed,1,45,23,58,0.6522,0.5862,0.7111,0.7069,0.4889,0.6522,0.4889,0.9111,1.0,1.0,0.6552,0.2069
null,rad-core-68@directed,2,32,28,34,0.7857,0.8235,0.5312,0.6471,0.5312,0.5357,0.9062,0.9688,0.5714,0.9286,0.2059,0.4118
null,rad-core-68@directed,3,62,26,52,0.5385,0.7885,0.6774,0.75,0.5484,0.3846,0.4032,0.8226,0.7692,1.0,0.6538,0.4231
null,rad-core-68@directed,4,52,36,39,0.9722,0.6154,0.6154,0.7692,0.6154,0.8889,0.9038,0.8462,0.4167,0.4444,0.7692,0.7692
null,rad-core-68@uniform,0,54,84,47,0.2738,0.617,0.6852,0.5745,0.3704,0.2024,0.9444,0.9259,0.5,0.4405,0.6809,0.9787
null,rad-core-68@uniform,1,62,86,77,0.3372,0.4416,0.4839,0.6104,0.4516,0.3721,0.7097,0.5484,0.814,0.7209,0.6364,0.6234
null,rad-core-68@uniform,2,65,63,86,0.5079,0.3372,0.4154,0.2558,0.6923,0.6032,0.9231,0.9385,0.5714,0.8889,0.314,0.7558
null,rad-core-68@uniform,3,30,56,70,0.375,0.3857,0.6,0.3857,0.7333,0.5179,0.7,0.7,0.8036,0.6964,0.7714,0.6286
null,rad-core-68@uniform,4,73,56,51,0.5714,0.4314,0.411,0.2549,0.6575,0.7679,0.6301,0.5342,0.7679,0.5893,0.902,0.8431
null,rad-core-68@mixed,0,67,72,57,0.4861,0.4912,0.4627,0.2982,0.4478,0.6389,0.806,0.7612,0.1944,0.5,0.6667,0.9825
null,rad-core-68@mixed,1,107,75,47,0.56,0.4681,0.1869,0.3191,0.3645,0.6267,0.7664,0.6729,0.36,0.2267,0.8723,0.9787
null,rad-core-68@mixed,2,34,61,51,0.7049,0.7255,0.3824,0.549,0.5,0.5574,0.8824,0.7941,0.7213,0.2951,0.7647,0.8431
null,rad-core-68@mixed,3,49,51,34,0.7255,0.7647,0.5714,0.7647,0.6122,0.5882,0.6122,0.7143,0.9216,0.6275,0.9706,1.0
null,rad-core-68@mixed,4,67,94,48,0.6702,0.5625,0.2687,0.3542,0.4179,0.6489,0.9104,0.6119,0.1702,0.1383,0.625,0.7917
triple,takeoff,15,27,16,22,1.0,1.0,1.0,1.0,1.0,1.0,0.963,1.0,1.0,0.8125,0.9091,0.8182
triple,takeoff,16,26,30,23,1.0,1.0,1.0,1.0,1.0,1.0,1.0,0.9615,0.9333,0.9,0.913,0.9565
triple,takeoff,17,23,19,18,1.0,1.0,1.0,1.0,1.0,1.0,0.9565,0.8696,0.6842,0.9474,1.0,1.0
triple,takeoff,18,29,21,36,1.0,1.0,1.0,1.0,1.0,1.0,0.7241,0.7241,0.9524,0.9048,0.7778,0.5556
triple,takeoff,19,24,19,29,1.0,1.0,1.0,1.0,1.0,1.0,1.0,0.9583,1.0,0.8421,1.0,0.7586
triple,takeoff,20,27,22,24,1.0,1.0,1.0,1.0,1.0,1.0,0.8889,0.8148,0.9091,0.9545,1.0,0.9167
triple,takeoff,21,25,22,26,1.0,1.0,1.0,1.0,1.0,1.0,0.76,0.92,0.9545,1.0,0.9615,0.8462
triple,takeoff,22,23,19,13,1.0,1.0,1.0,1.0,1.0,1.0,0.8261,1.0,1.0,1.0,1.0,1.0
triple,takeoff,23,29,22,26,1.0,1.0,1.0,1.0,1.0,1.0,0.7586,1.0,1.0,1.0,1.0,1.0
triple,takeoff,24,23,34,28,1.0,1.0,1.0,1.0,1.0,1.0,0.9565,0.8696,0.7941,0.9118,0.75,0.75
triple,takeoff,25,25,22,25,1.0,1.0,1.0,1.0,1.0,1.0,1.0,1.0,0.8636,0.9545,1.0,1.0
triple,takeoff,26,25,34,27,1.0,1.0,0.8,0.7407,1.0,1.0,0.92,0.96,0.9118,0.8529,0.963,0.963
triple,takeoff,27,33,29,24,1.0,1.0,1.0,1.0,1.0,1.0,0.7576,0.9697,0.9655,0.6897,1.0,0.9167
triple,takeoff,28,24,19,22,1.0,1.0,1.0,1.0,1.0,1.0,0.5417,0.9167,1.0,1.0,0.9545,0.8636
triple,takeoff,29,33,23,18,1.0,1.0,1.0,1.0,1.0,1.0,0.8485,0.8788,0.7391,1.0,1.0,1.0
xtriple,takeoff,0,27,30,18,1.0,1.0,1.0,1.0,1.0,1.0,1.0,0.8148,0.9333,0.9333,1.0,1.0
xtriple,takeoff,1,26,19,22,1.0,1.0,1.0,1.0,1.0,1.0,1.0,0.9615,0.8947,0.7895,0.9545,0.8182
xtriple,takeoff,2,23,16,23,1.0,1.0,1.0,1.0,1.0,1.0,1.0,0.8261,0.875,0.8125,0.9565,0.7826
xtriple,takeoff,3,29,19,24,1.0,1.0,1.0,1.0,1.0,1.0,0.8966,0.931,1.0,0.7895,1.0,0.7083
xtriple,takeoff,4,24,22,36,1.0,1.0,1.0,1.0,1.0,1.0,0.9167,0.9583,1.0,0.9545,0.6667,0.9167
xtriple,takeoff,5,27,21,29,1.0,1.0,1.0,1.0,1.0,1.0,0.8519,1.0,0.9524,0.9524,0.7931,0.8966
xtriple,takeoff,6,25,19,26,1.0,1.0,1.0,1.0,1.0,1.0,0.84,0.92,1.0,1.0,0.9615,0.8462
xtriple,takeoff,7,23,22,26,1.0,1.0,1.0,1.0,1.0,1.0,0.8261,1.0,1.0,1.0,1.0,0.8462
xtriple,takeoff,8,29,22,13,1.0,1.0,1.0,1.0,1.0,1.0,0.6552,0.7931,1.0,0.9545,1.0,1.0
xtriple,takeoff,9,23,22,27,1.0,1.0,1.0,1.0,1.0,1.0,0.6087,0.7826,0.7727,0.9545,0.963,0.963
xtriple,takeoff,10,25,34,28,1.0,1.0,0.84,0.7857,1.0,1.0,1.0,1.0,0.9118,0.9706,0.8571,0.75
xtriple,takeoff,11,25,34,25,1.0,1.0,1.0,1.0,1.0,1.0,0.88,1.0,0.9412,0.9118,1.0,1.0
xtriple,takeoff,12,33,19,18,1.0,1.0,1.0,1.0,1.0,1.0,0.5758,0.9091,1.0,1.0,1.0,0.8889
xtriple,takeoff,13,24,23,24,1.0,1.0,1.0,1.0,1.0,1.0,0.7917,0.875,0.913,1.0,0.9583,0.8333
xtriple,takeoff,14,33,29,22,1.0,1.0,1.0,1.0,1.0,1.0,0.6667,0.8788,0.7241,0.7586,1.0,0.9545
null,takeoff@directed,0,27,26,23,1.0,1.0,1.0,1.0,1.0,1.0,1.0,0.9259,1.0,0.9231,0.913,0.9565
null,takeoff@directed,1,29,24,27,1.0,1.0,1.0,1.0,1.0,1.0,0.6897,0.8276,1.0,1.0,1.0,0.963
null,takeoff@directed,2,25,23,29,1.0,1.0,1.0,1.0,1.0,1.0,0.92,1.0,1.0,1.0,1.0,0.8621
null,takeoff@directed,3,23,25,25,1.0,1.0,1.0,1.0,1.0,1.0,1.0,1.0,0.88,1.0,0.96,0.88
null,takeoff@directed,4,33,24,33,1.0,1.0,1.0,1.0,1.0,1.0,0.9394,0.8788,1.0,0.9583,1.0,0.8485
null,takeoff@uniform,0,16,30,19,1.0,1.0,1.0,1.0,1.0,1.0,1.0,0.9375,0.8333,0.8667,1.0,1.0
null,takeoff@uniform,1,21,19,22,1.0,1.0,1.0,1.0,1.0,1.0,0.9524,0.9524,0.9474,0.9474,0.8636,0.8182
null,takeoff@uniform,2,22,19,22,1.0,1.0,1.0,1.0,1.0,1.0,0.9545,1.0,1.0,1.0,1.0,0.9545
null,takeoff@uniform,3,34,22,34,1.0,1.0,1.0,1.0,0.8529,0.9091,0.6765,0.7353,0.8182,0.9545,0.7941,0.9412
null,takeoff@uniform,4,29,19,23,1.0,1.0,1.0,1.0,1.0,1.0,0.931,0.7931,0.8947,1.0,0.7826,0.8696
null,takeoff@mixed,0,22,23,18,1.0,1.0,1.0,1.0,1.0,1.0,0.9091,0.6818,1.0,0.7826,0.7778,0.7778
null,takeoff@mixed,1,36,29,24,1.0,1.0,1.0,1.0,1.0,1.0,0.8333,0.8056,0.7931,0.7931,0.8333,0.9583
null,takeoff@mixed,2,26,13,26,1.0,1.0,1.0,1.0,1.0,1.0,0.9615,1.0,1.0,1.0,0.9615,0.8462
null,takeoff@mixed,3,28,25,27,1.0,1.0,1.0,1.0,1.0,1.0,0.8214,0.75,1.0,1.0,0.8889,0.963
null,takeoff@mixed,4,24,22,18,1.0,1.0,1.0,1.0,1.0,1.0,0.9583,0.9167,1.0,0.9545,1.0,1.0
