mode,subject,seed,d_n,u_n,m_n,prec_du,prec_dm,prec_ud,prec_um,prec_md,prec_mu,cov_du,cov_dm,cov_ud,cov_um,cov_md,cov_mu
triple,fsm-combined,0,26,26,26,0.5385,0.9231,0.8077,0.9231,1.0,0.9231,0.2692,0.5,0.6923,0.8846,0.5769,0.4231
triple,fsm-combined,1,26,26,26,0.6538,0.8846,0.7692,0.8077,0.5769,0.4615,0.4231,0.5385,0.6923,0.7692,0.1923,0.3077
triple,fsm-combined,2,18,18,18,0.8333,0.5556,0.7778,1.0,1.0,0.7778,0.5556,0.4444,0.1667,0.6667,0.2778,0.5556
triple,fsm-combined,3,26,26,26,0.9231,0.6923,0.6538,0.9615,0.5769,0.4615,0.2308,0.3846,0.5385,0.6154,0.7692,0.3077
triple,fsm-combined,4,25,25,25,0.64,0.36,0.88,0.44,0.92,0.8,0.16,0.28,0.56,0.24,0.28,0.08
triple,fsm-combined,5,11,11,11,1.0,0.8182,1.0,1.0,1.0,1.0,0.9091,0.9091,0.5455,0.6364,0.5455,0.8182
triple,fsm-combined,6,29,29,29,0.3103,0.3448,0.1379,0.069,0.7241,0.4828,0.069,0.1034,0.069,0.0345,0.3448,0.2414
triple,fsm-combined,7,20,20,20,0.7,0.2,0.85,0.5,0.5,0.6,0.7,0.05,0.75,0.2,0.15,0.25
triple,fsm-combined,8,24,24,24,0.875,0.8333,0.9583,0.7917,0.875,0.5833,0.2917,0.4583,0.4167,0.4583,0.7083,0.4583
triple,fsm-combined,9,15,15,15,0.6,0.3333,1.0,0.6667,0.9333,0.7333,0.4667,0.1333,0.4,0.4667,0.3333,0.4
triple,fsm-combined,10,17,17,17,0.5882,0.8235,0.2353,0.5294,0.9412,0.3529,0.4118,0.6471,0.3529,0.1765,0.8824,0.4118
triple,fsm-combined,11,18,18,18,0.9444,1.0,0.3333,0.9444,0.2778,0.9444,0.5556,0.5556,0.2778,0.6111,0.2778,0.4444
triple,fsm-combined,12,23,23,23,0.3043,0.8696,0.8261,0.8696,0.913,0.3913,0.1304,0.3043,0.1739,0.2609,0.6522,0.2174
triple,fsm-combined,13,19,19,19,0.7368,0.4737,0.7895,0.8421,0.8947,0.8947,0.6316,0.6842,0.4211,0.3684,0.7368,0.5263
triple,fsm-combined,14,26,26,26,0.6538,0.7692,0.9231,0.7692,0.8462,0.4615,0.1923,0.3462,0.5,0.3462,0.5,0.3462
xtriple,fsm-combined,0,26,26,26,0.8462,0.6923,0.6538,0.7692,0.8077,0.9231,0.4615,0.5,0.5769,0.6538,0.3462,0.3462
xtriple,fsm-combined,1,18,18,18,0.6111,1.0,0.9444,1.0,1.0,1.0,0.6667,0.5556,0.3333,0.2222,0.7222,0.2222
xtriple,fsm-combined,2,26,26,26,0.5769,0.6923,0.6538,0.8077,0.4231,0.4231,0.3077,0.3462,0.6538,0.7308,0.4615,0.4231
xtriple,fsm-combined,3,11,11,11,1.0,0.7273,0.6364,0.8182,1.0,1.0,0.4545,0.8182,0.5455,0.2727,1.0,0.8182
xtriple,fsm-combined,4,30,30,30,0.1667,0.7,0.3667,0.6,0.3,0.1667,0.1667,0.3,0.1333,0.1667,0.1333,0.4667
xtriple,fsm-combined,5,25,25,25,0.72,0.84,0.72,0.36,0.4,0.8,0.28,0.36,0.4,0.4,0.32,0.12
xtriple,fsm-combined,6,20,20,20,0.55,0.55,0.9,0.8,0.8,0.7,0.55,0.5,0.6,0.65,0.85,0.8
xtriple,fsm-combined,7,31,31,31,0.2581,0.4194,0.5806,0.6129,0.4516,0.6452,0.1613,0.3871,0.2581,0.1935,0.2581,0.2903
xtriple,fsm-combined,8,24,24,24,1.0,0.9583,0.0833,0.0417,0.7917,0.375,0.3333,0.3333,0.0417,0.0417,0.3333,0.25
xtriple,fsm-combined,9,38,38,38,0.3947,0.5,0.7895,0.7368,0.7105,0.6053,0.3158,0.4737,0.1579,0.3158,0.4211,0.3684
xtriple,fsm-combined,10,15,15,15,0.6,0.6667,0.8,0.3333,0.3333,0.9333,0.3333,0.3333,0.2,0.3333,0.4667,0.4667
xtriple,fsm-combined,11,24,24,24,0.8333,0.7083,0.5417,0.2917,0.5,0.75,0.4167,0.3333,0.7083,0.1667,0.2083,0.25
xtriple,fsm-combined,12,23,23,23,0.2609,0.5652,0.8261,0.2609,0.8261,0.5217,0.7391,0.3043,0.2174,0.3043,0.3478,0.5217
xtriple,fsm-combined,13,19,19,19,0.3684,0.5789,0.7368,0.6316,0.9474,0.5789,0.1579,0.6842,0.3684,0.4211,0.5789,0.3158
xtriple,fsm-combined,14,26,26,26,0.4231,0.4615,0.9231,0.6538,0.8462,0.2692,0.2308,0.4231,0.3077,0.3077,0.3846,0.1154
null,fsm-combined@directed,0,27,27,27,0.8148,0.7407,0.8519,0.7037,0.8148,0.6296,0.7778,0.4815,0.4074,0.2963,0.3333,0.2593
null,fsm-combined@directed,1,26,26,26,0.9615,0.7692,0.6538,0.3846,0.4615,0.3077,0.3462,0.3077,0.5,0.3462,0.2308,0.3077
null,fsm-combined@directed,2,29,29,29,0.3793,0.6207,0.3793,0.7586,0.8276,0.8966,0.4828,0.3103,0.5862,0.5517,0.3793,0.5172
null,fsm-combined@directed,3,17,17,17,0.5294,0.4706,0.8824,0.4706,0.8824,1.0,0.7059,0.2353,0.3529,0.4706,0.7059,0.5882
null,fsm-combined@directed,4,19,19,19,0.7895,1.0,0.7895,0.7895,0.8947,0.4737,0.4737,0.5263,0.4737,0.5263,0.4737,0.5263
null,fsm-combined@uniform,0,18,18,18,0.8333,0.7778,0.8333,0.6111,0.8889,0.9444,0.8333,0.7778,0.8889,0.4444,0.5,0.2222
null,fsm-combined@uniform,1,32,32,32,0.75,0.4688,0.875,0.4062,0.7188,0.7812,0.4375,0.2812,0.5312,0.375,0.3125,0.375
null,fsm-combined@uniform,2,20,20,20,0.2,0.15,0.9,0.85,0.45,0.1,0.15,0.05,0.3,0.15,0.25,0.2
null,fsm-combined@uniform,3,18,18,18,0.8889,0.6111,0.8333,0.8333,0.5,0.7222,0.5556,0.3889,0.6667,0.5556,0.2222,0.5556
null,fsm-combined@uniform,4,23,23,23,0.8696,0.7826,0.3043,0.5217,0.4783,0.4783,0.3478,0.4783,0.1739,0.1304,0.3478,0.3478
null,fsm-combined@mixed,0,29,29,29,0.8276,1.0,0.5517,0.6897,0.8276,0.8966,0.3103,0.4138,0.5517,0.5517,0.2759,0.4828
null,fsm-combined@mixed,1,11,11,11,0.4545,0.6364,0.9091,0.8182,0.9091,1.0,0.4545,1.0,0.6364,0.3636,0.9091,0.5455
null,fsm-combined@mixed,2,24,24,24,0.5,0.4583,0.5833,0.7083,0.7917,0.4167,0.3333,0.6667,0.2917,0.5833,0.4583,0.375
null,fsm-combined@mixed,3,15,15,15,0.8,1.0,0.6667,0.7333,0.6667,0.6,0.4667,0.7333,0.3333,0.6,0.5333,0.6
null,fsm-combined@mixed,4,23,23,23,0.8696,0.3043,0.4783,0.4783,0.6087,0.8696,0.3478,0.3043,0.4783,0.2174,0.3478,0.4348
triple,fsm-timing,0,30,30,30,0.8333,0.5667,0.5,0.6667,0.8333,0.9667,0.8667,0.8667,0.6,0.7667,0.6333,0.9
triple,fsm-timing,1,27,27,27,0.8148,0.7778,0.8148,1.0,0.4074,0.6296,0.8519,0.7407,1.0,1.0,0.7407,0.5185
triple,fsm-timing,2,28,28,28,0.5,0.5714,0.9286,0.75,0.7857,0.6786,0.5,0.8214,0.9286,0.8214,0.9643,0.6071
triple,fsm-timing,3,37,37,37,0.5946,0.5676,0.973,0.8108,0.7838,0.4054,0.6486,0.2162,0.5405,0.8649,0.5135,0.8649
triple,fsm-timing,4,34,34,34,0.6765,0.7353,0.7941,0.7059,0.7647,0.6765,0.3235,0.6765,0.6765,0.7059,0.9706,0.3824
triple,fsm-timing,5,28,28,28,0.6429,0.6786,1.0,0.8214,0.8571,0.5,0.5357,0.8571,0.8571,0.8929,0.8214,0.3571
triple,fsm-timing,6,37,37,37,0.5946,0.8649,0.8108,0.7568,0.7838,0.7297,0.6216,0.8378,0.7838,0.5946,0.5946,0.3243
triple,fsm-timing,7,23,23,23,0.5217,0.6957,0.9565,0.8696,1.0,0.913,1.0,1.0,0.9565,1.0,0.8696,0.8696
triple,fsm-timing,8,33,33,33,0.6667,0.4848,0.6061,0.4545,0.8485,0.9091,0.697,0.8485,1.0,0.5455,0.7879,0.4848
triple,fsm-timing,9,44,44,44,0.5227,0.5909,0.75,0.6818,0.9091,0.7045,0.7273,0.5455,0.5909,0.75,0.7045,0.9545
triple,fsm-timing,10,25,25,25,0.88,0.88,0.8,0.4,0.84,0.88,0.88,0.96,0.76,0.32,0.92,0.84
triple,fsm-timing,11,36,36,36,0.5833,0.4722,0.8889,0.8611,0.7222,0.8333,0.3056,0.5,0.8611,0.9167,0.75,0.75
triple,fsm-timing,12,33,33,33,0.697,0.8788,0.4848,0.4848,0.8485,0.8788,0.7576,0.6364,0.8485,0.7879,0.8788,0.7879
triple,fsm-timing,13,41,41,41,0.7805,0.5854,0.439,0.4146,0.8049,0.7561,0.7805,0.8537,0.6585,0.5854,0.8537,0.7805
triple,fsm-timing,14,28,28,28,0.5714,0.75,0.6786,0.6071,0.9286,0.8214,0.25,0.8929,0.75,0.8929,1.0,0.6071
xtriple,fsm-timing,0,39,39,39,0.7949,0.7436,0.9744,0.9487,0.8718,0.8462,0.7949,0.8462,0.9231,0.9487,0.9231,0.6154
xtriple,fsm-timing,1,27,27,27,0.5556,0.8889,0.7037,0.7778,0.8519,0.7778,0.6667,0.8519,1.0,0.7778,0.963,0.6296
xtriple,fsm-timing,2,35,35,35,0.5429,0.6571,0.6571,0.7143,0.6571,0.7714,0.7714,0.8286,0.7429,0.7143,0.9143,0.9714
xtriple,fsm-timing,3,43,43,43,0.4419,0.6977,0.907,0.7674,0.5814,0.5349,0.2791,0.4186,0.3488,0.7674,0.7209,0.5116
xtriple,fsm-timing,4,28,28,28,0.75,0.6786,0.8929,0.7143,0.9643,0.8571,0.6429,0.3929,0.8214,0.8214,0.6786,0.7143
xtriple,fsm-timing,5,34,34,34,0.5882,0.8235,0.8824,0.9118,0.9118,0.7353,0.7059,0.7353,0.7353,0.8529,0.9412,0.9412
xtriple,fsm-timing,6,23,23,23,0.7391,0.6087,0.8696,0.8261,0.8696,0.913,0.6957,0.6087,1.0,0.8261,0.8696,0.9565
xtriple,fsm-timing,7,36,36,36,0.6944,0.8889,0.5833,0.8611,0.5833,0.7222,0.6667,0.7778,0.5833,0.6667,0.5278,0.5
xtriple,fsm-timing,8,35,35,35,0.5714,0.6286,0.7429,0.5714,0.9429,0.9143,0.4,0.4,0.9143,0.8,0.8286,0.7714
xtriple,fsm-timing,9,35,35,35,0.6857,0.5429,0.6571,0.7143,0.7143,0.8,0.6571,0.8,0.6,0.6,0.6,0.6
xtriple,fsm-timing,10,25,25,25,0.88,0.68,0.84,0.64,0.8,0.6,0.88,0.52,0.76,0.56,0.76,0.6
xtriple,fsm-timing,11,37,37,37,0.5405,0.5405,0.973,0.7027,0.8919,0.8919,0.2973,0.4324,0.7568,0.7297,0.7568,0.8378
xtriple,fsm-timing,12,31,31,31,0.7742,0.7097,0.5806,0.5161,0.871,0.871,0.7097,0.871,0.4516,0.5806,1.0,0.8065
xtriple,fsm-timing,13,33,33,33,0.7879,0.8485,0.7576,0.7273,0.7273,0.697,0.6667,0.6667,0.697,0.6667,0.7879,0.5455
xtriple,fsm-timing,14,28,28,28,0.6429,0.8214,0.8214,0.5,0.9286,0.8571,0.3929,0.3929,0.8571,0.5714,0.7143,0.8214
null,fsm-timing@directed,0,27,27,27,0.5556,0.7407,0.8889,0.7407,0.7037,0.7037,0.9259,0.8519,0.963,0.8519,0.8519,0.8148
null,fsm-timing@directed,1,34,34,34,0.7059,0.7647,0.8824,0.8529,0.8529,0.7941,0.5588,0.5294,0.9412,0.9412,0.9706,0.8529
null,fsm-timing@directed,2,35,35,35,0.5714,0.6286,0.7714,0.8286,0.7429,0.6857,0.6571,0.8,0.9143,0.8571,0.9714,0.6286
null,fsm-timing@directed,3,25,25,25,0.68,0.84,0.88,0.88,0.56,0.64,1.0,0.84,1.0,0.96,0.44,0.44
null,fsm-timing@directed,4,28,28,28,0.75,0.9286,0.9643,0.8929,0.8929,0.75,0.9286,0.7143,0.9286,0.8929,1.0,0.5714
null,fsm-timing@uniform,0,28,28,28,0.6071,0.6429,0.8214,0.9286,0.8214,0.8571,0.6071,0.7143,1.0,0.8571,0.9643,0.8214
null,fsm-timing@uniform,1,28,28,28,0.8929,0.75,0.6786,0.6786,0.8571,0.6786,0.8929,0.8214,0.9286,0.7143,0.8571,0.75
null,fsm-timing@uniform,2,23,23,23,0.5217,0.8696,0.913,0.913,0.6087,0.3478,0.7826,0.8696,0.8696,0.913,0.8261,0.913
null,fsm-timing@uniform,3,35,35,35,0.8286,0.7714,0.9143,0.7429,0.6,0.8286,0.8286,0.8571,0.5714,0.6286,0.7714,0.8571
null,fsm-timing@uniform,4,35,35,35,0.4,0.6,0.7429,0.6857,0.8857,0.6571,0.9429,0.9714,0.6571,0.6286,0.7714,0.8
null,fsm-timing@mixed,0,30,30,30,0.8333,0.7,0.6667,0.7,0.8333,0.8,0.5667,0.7333,0.8667,0.9667,0.7667,0.9
null,fsm-timing@mixed,1,34,34,34,0.9412,0.7941,0.6765,0.8824,0.3529,0.3235,0.8235,0.8824,0.6471,0.9706,0.4706,0.4118
null,fsm-timing@mixed,2,33,33,33,0.6061,0.4242,0.9091,0.7879,0.9697,0.7879,0.7273,0.697,0.6364,0.6364,0.8485,0.7879
null,fsm-timing@mixed,3,36,36,36,0.6667,0.6944,0.8611,0.9444,0.6944,0.75,0.6389,0.75,0.7222,1.0,0.3056,0.4444
null,fsm-timing@mixed,4,31,31,31,0.7097,0.8387,0.8065,0.8065,0.871,0.8387,0.9677,1.0,0.5806,0.8065,0.7419,0.9677
triple,fsm,0,15,15,15,0.8,0.9333,0.4667,0.7333,1.0,0.9333,0.6,0.8667,0.3333,0.5333,0.8667,0.9333
triple,fsm,1,8,8,8,1.0,0.875,0.375,0.25,1.0,1.0,0.875,1.0,0.375,0.75,1.0,1.0
triple,fsm,2,14,14,14,0.7857,0.9286,1.0,1.0,1.0,1.0,0.9286,1.0,0.8571,1.0,1.0,0.8571
triple,fsm,3,12,12,12,0.9167,0.8333,0.6667,0.9167,0.8333,1.0,0.75,0.75,0.5,0.75,0.6667,1.0
triple,fsm,4,9,9,9,1.0,1.0,0.6667,0.7778,0.7778,1.0,1.0,1.0,0.8889,1.0,0.8889,1.0
triple,fsm,5,17,17,17,1.0,1.0,0.8235,1.0,0.6471,0.7647,0.9412,0.8235,1.0,1.0,0.6471,0.9412
triple,fsm,6,11,11,11,1.0,1.0,0.6364,0.6364,1.0,0.9091,1.0,1.0,1.0,0.9091,0.9091,1.0
triple,fsm,7,10,10,10,1.0,1.0,1.0,1.0,0.9,0.8,1.0,1.0,1.0,1.0,0.6,0.9
triple,fsm,8,15,15,15,1.0,0.9333,0.8667,0.9333,0.9333,1.0,0.8667,0.9333,0.7333,0.9333,0.4667,0.6
triple,fsm,9,14,14,14,0.7143,0.7143,0.8571,1.0,1.0,0.9286,1.0,0.7143,0.9286,0.7857,0.9286,1.0
triple,fsm,10,9,9,9,1.0,1.0,0.5556,1.0,0.8889,1.0,1.0,1.0,0.7778,1.0,0.7778,0.8889
triple,fsm,11,18,18,18,0.9444,0.9444,0.8333,0.9444,0.9444,1.0,0.6667,0.9444,0.6111,0.8333,0.5556,0.8889
triple,fsm,12,13,13,13,0.8462,1.0,0.8462,0.7692,0.8462,0.8462,0.8462,0.9231,0.6154,0.6923,1.0,1.0
triple,fsm,13,11,11,11,1.0,1.0,1.0,1.0,0.6364,0.7273,1.0,1.0,1.0,0.8182,0.6364,0.4545
triple,fsm,14,10,10,10,1.0,1.0,0.7,1.0,0.8,1.0,1.0,0.9,1.0,0.9,0.4,0.9
xtriple,fsm,0,15,15,15,1.0,1.0,0.9333,1.0,0.9333,1.0,1.0,1.0,0.4,0.8,0.6,0.8667
xtriple,fsm,1,14,14,14,0.9286,0.6429,0.7857,1.0,1.0,1.0,0.7857,0.7143,0.8571,0.7143,0.9286,1.0
xtriple,fsm,2,8,8,8,0.75,1.0,0.875,0.875,1.0,0.875,0.875,1.0,0.875,0.875,1.0,1.0
xtriple,fsm,3,15,15,15,0.8,0.8667,0.9333,0.9333,0.7333,0.8,0.8,0.7333,1.0,1.0,0.8,0.8
xtriple,fsm,4,9,9,9,1.0,1.0,0.6667,1.0,0.6667,1.0,1.0,1.0,0.8889,1.0,0.8889,1.0
xtriple,fsm,5,13,13,13,0.9231,1.0,0.8462,0.9231,1.0,0.9231,0.9231,1.0,0.6923,0.9231,1.0,1.0
xtriple,fsm,6,10,10,10,1.0,1.0,0.9,0.9,0.9,1.0,1.0,1.0,1.0,1.0,0.4,0.8
xtriple,fsm,7,11,11,11,1.0,1.0,0.9091,0.9091,1.0,1.0,0.8182,1.0,1.0,0.5455,1.0,0.9091
xtriple,fsm,8,11,11,11,0.7273,1.0,1.0,0.9091,1.0,0.7273,0.7273,1.0,0.9091,0.9091,0.5455,0.8182
xtriple,fsm,9,15,15,15,0.8,0.8667,0.9333,1.0,0.9333,0.9333,0.8667,0.9333,0.8,0.8,0.9333,0.6667
xtriple,fsm,10,9,9,9,1.0,1.0,0.5556,0.6667,0.8889,1.0,0.8889,1.0,0.2222,0.3333,0.8889,0.8889
xtriple,fsm,11,13,13,13,1.0,1.0,0.9231,0.9231,0.9231,1.0,0.8462,0.9231,0.7692,1.0,0.8462,1.0
xtriple,fsm,12,13,13,13,0.8462,0.8462,1.0,1.0,0.8462,0.7692,0.5385,0.9231,0.9231,1.0,0.8462,0.4615
xtriple,fsm,13,11,11,11,1.0,1.0,1.0,1.0,0.8182,1.0,1.0,1.0,1.0,1.0,0.8182,1.0
xtriple,fsm,14,10,10,10,1.0,1.0,0.8,1.0,0.2,0.5,0.9,0.8,0.8,1.0,0.1,0.7
null,fsm@directed,0,14,14,14,1.0,1.0,0.8571,1.0,0.6429,0.9286,0.9286,0.9286,0.7143,1.0,0.7857,1.0
null,fsm@directed,1,9,9,9,0.7778,0.7778,1.0,1.0,1.0,0.8889,0.8889,1.0,1.0,1.0,1.0,1.0
null,fsm@directed,2,11,11,11,1.0,0.9091,1.0,1.0,0.8182,0.7273,1.0,1.0,1.0,0.9091,0.7273,0.9091
null,fsm@directed,3,9,9,9,0.7778,1.0,1.0,1.0,1.0,0.6667,1.0,1.0,1.0,1.0,0.4444,0.3333
null,fsm@directed,4,10,10,10,0.6,0.7,1.0,0.9,1.0,1.0,0.8,0.9,1.0,0.9,1.0,1.0
null,fsm@uniform,0,16,16,16,1.0,1.0,0.9375,0.9375,0.9375,0.875,0.8125,1.0,0.6875,0.9375,0.9375,1.0
null,fsm@uniform,1,15,15,15,0.9333,0.8667,0.8667,0.9333,0.9333,0.9333,1.0,1.0,1.0,0.9333,0.8667,0.9333
null,fsm@uniform,2,10,10,10,0.7,0.7,1.0,0.9,1.0,0.8,0.9,0.7,1.0,1.0,0.9,0.9
null,fsm@uniform,3,14,14,14,1.0,1.0,0.9286,1.0,1.0,1.0,0.5714,0.9286,0.7143,0.7857,0.9286,0.6429
null,fsm@uniform,4,16,16,16,0.5625,0.875,1.0,1.0,0.8125,0.75,0.75,0.4375,0.6875,0.8125,0.6875,0.375
null,fsm@mixed,0,8,8,8,1.0,1.0,0.875,0.875,0.75,1.0,1.0,1.0,0.875,1.0,0.5,1.0
null,fsm@mixed,1,12,12,12,1.0,1.0,0.9167,1.0,0.6667,0.9167,0.75,0.8333,0.9167,1.0,0.8333,0.75
null,fsm@mixed,2,11,11,11,1.0,1.0,0.9091,1.0,0.7273,0.8182,1.0,0.9091,1.0,0.8182,0.3636,0.6364
null,fsm@mixed,3,13,13,13,0.8462,0.9231,0.9231,0.9231,0.8462,1.0,0.8462,1.0,0.8462,0.9231,1.0,0.8462
null,fsm@mixed,4,14,14,14,0.9286,0.9286,0.9286,0.7857,1.0,0.8571,1.0,1.0,0.6429,0.7857,0.5714,0.9286
triple,mode-arbiter,0,33,33,33,0.6364,0.8485,0.9394,0.8788,0.9394,0.8788,0.6364,0.7576,0.5758,0.8485,0.9091,0.6061
triple,mode-arbiter,1,30,30,30,0.7333,0.8,0.9333,0.9333,0.9333,0.9,0.6,0.6333,0.7,0.9333,0.9667,0.7667
triple,mode-arbiter,2,32,32,32,0.5938,0.6875,0.9688,0.7188,0.9688,0.875,0.75,0.8438,0.7812,0.8125,0.8125,0.75
triple,mode-arbiter,3,15,15,15,0.9333,0.8,1.0,0.8,1.0,0.9333,0.8,0.7333,0.9333,0.9333,1.0,0.8
triple,mode-arbiter,4,19,19,19,0.5789,0.7895,0.8421,0.5263,1.0,0.9474,0.6842,0.8947,0.6842,0.5263,1.0,0.7895
triple,mode-arbiter,5,33,33,33,0.8485,0.697,0.9394,0.9394,0.9697,0.8182,0.6667,0.9394,0.8485,0.7273,0.6667,0.4545
triple,mode-arbiter,6,31,31,31,0.8065,0.9032,0.7097,1.0,0.6774,0.6774,0.5161,0.6452,0.7097,0.7419,0.9355,0.7419
triple,mode-arbiter,7,24,24,24,0.875,0.9167,0.75,0.8333,0.875,0.875,0.875,0.625,0.9167,0.875,0.75,0.7083
triple,mode-arbiter,8,26,26,26,0.8077,0.7308,0.8462,0.8846,0.8462,0.7692,0.6538,0.8846,0.9231,0.8077,0.7308,0.6538
triple,mode-arbiter,9,29,29,29,0.931,0.8966,0.931,0.931,0.8621,0.8276,0.8966,0.9655,0.8276,0.6897,0.7931,0.5862
triple,mode-arbiter,10,24,24,24,0.6667,0.75,0.9583,0.7083,0.9583,0.75,0.9583,0.75,0.75,0.7083,0.8333,0.875
triple,mode-arbiter,11,26,26,26,0.6154,0.4615,1.0,0.9615,1.0,0.9615,0.6923,0.4231,0.7692,0.8846,0.6538,0.9231
triple,mode-arbiter,12,34,34,34,0.7941,0.9706,0.9412,0.9412,0.9706,0.7941,0.7941,0.9706,0.8235,0.8235,0.8824,0.8824
triple,mode-arbiter,13,20,20,20,0.95,0.9,0.6,0.8,1.0,0.95,0.75,0.65,0.45,0.4,0.65,0.7
triple,mode-arbiter,14,24,24,24,0.625,0.875,1.0,1.0,0.875,0.7083,0.625,0.8333,0.7917,0.8333,0.9167,0.7083
xtriple,mode-arbiter,0,30,30,30,0.7,0.7333,0.8667,0.7333,0.8,0.8333,0.4333,0.4,0.8333,0.6667,0.6667,0.6333
xtriple,mode-arbiter,1,33,33,33,0.9697,0.9394,0.9394,0.8182,0.9697,0.8788,0.5758,0.8788,0.8182,0.697,0.697,0.6364
xtriple,mode-arbiter,2,32,32,32,0.5938,0.8125,0.9062,0.9062,0.9062,0.9062,0.6875,0.8438,0.5938,0.6875,0.9375,0.5938
xtriple,mode-arbiter,3,15,15,15,1.0,0.9333,1.0,1.0,1.0,1.0,0.6667,0.9333,0.9333,0.6667,0.9333,0.6
xtriple,mode-arbiter,4,19,19,19,0.6316,0.6316,1.0,0.8947,0.8947,0.7368,0.7895,0.7368,1.0,0.8947,0.7368,0.6316
xtriple,mode-arbiter,5,26,26,26,1.0,0.9231,0.8846,0.7308,1.0,0.9615,0.7308,0.9231,0.8077,0.8077,0.8846,0.7692
xtriple,mode-arbiter,6,33,33,33,0.8485,0.7273,0.8788,0.9091,0.9394,0.9394,0.6061,0.7273,0.8788,0.8182,0.8485,0.8788
xtriple,mode-arbiter,7,24,24,24,0.9167,0.9583,0.875,0.9167,0.8333,0.7083,0.9167,0.9167,0.9583,0.9167,0.9583,0.7083
xtriple,mode-arbiter,8,33,33,33,0.7879,0.7273,0.8485,0.8182,1.0,0.9091,0.6364,0.4242,0.7576,0.697,0.697,0.6061
xtriple,mode-arbiter,9,29,29,29,0.7931,0.8276,0.8276,0.6897,0.8966,0.8621,0.9655,0.9655,0.8276,0.8276,0.7931,0.8276
xtriple,mode-arbiter,10,24,24,24,0.625,0.9583,0.9167,0.7917,0.9583,0.75,0.75,0.8333,0.7083,0.5417,0.8333,0.5417
xtriple,mode-arbiter,11,26,26,26,0.7692,0.7692,0.9231,0.8077,1.0,0.8846,0.6538,0.8462,0.6154,0.9231,0.8846,0.8462
xtriple,mode-arbiter,12,35,35,35,0.9429,0.8571,0.8857,0.9429,0.8286,0.9429,0.8,0.8,0.6571,0.7143,0.9143,0.8857
xtriple,mode-arbiter,13,20,20,20,0.9,0.95,0.95,0.95,0.95,0.95,0.85,0.75,0.85,1.0,0.95,0.95
xtriple,mode-arbiter,14,24,24,24,0.6667,0.7083,1.0,0.8333,0.875,0.7917,0.6667,0.4167,0.8333,0.5833,0.75,0.5417
null,mode-arbiter@directed,0,32,32,32,0.9688,0.9375,0.9688,1.0,0.8125,0.9375,0.5625,0.4375,0.7812,1.0,0.8438,0.9375
null,mode-arbiter@directed,1,15,15,15,0.9333,1.0,1.0,0.8667,1.0,0.8667,1.0,1.0,0.7333,0.8,1.0,1.0
null,mode-arbiter@directed,2,24,24,24,0.7917,1.0,0.9583,0.9583,0.8333,0.875,0.9167,0.9167,0.8333,1.0,0.75,0.8333
null,mode-arbiter@directed,3,24,24,24,0.9583,1.0,0.875,0.9167,0.7917,0.875,1.0,1.0,0.9167,0.9583,1.0,0.9583
null,mode-arbiter@directed,4,20,20,20,1.0,1.0,0.95,1.0,0.7,0.6,0.85,0.8,0.7,0.7,0.75,0.7
null,mode-arbiter@uniform,0,30,30,30,0.8,0.8,0.9,0.9,0.6333,0.7667,0.9,0.8,0.9,1.0,0.7667,0.8
null,mode-arbiter@uniform,1,27,27,27,0.8519,0.6296,0.8148,0.8519,0.7778,0.8519,0.7778,0.8519,0.7037,0.8889,0.7037,0.7407
null,mode-arbiter@uniform,2,26,26,26,0.8462,0.8846,0.7308,0.8077,0.8077,0.7692,0.7692,0.7308,0.6923,0.6154,1.0,0.8846
null,mode-arbiter@uniform,3,31,31,31,0.7097,0.8065,0.6452,0.6774,0.6774,0.8065,0.8065,0.7419,0.6452,0.8065,0.4839,0.5161
null,mode-arbiter@uniform,4,40,40,40,0.85,0.65,0.775,0.825,0.825,0.925,0.7,0.625,0.825,0.6,0.675,0.775
null,mode-arbiter@mixed,0,33,33,33,0.9697,0.8182,0.9697,0.8788,0.9697,0.8788,0.8788,0.6061,0.7879,0.9091,0.5758,0.9091
null,mode-arbiter@mixed,1,26,26,26,0.8846,0.8846,0.8846,0.8462,0.8846,0.9231,0.8846,1.0,0.8462,0.8462,0.8077,0.8462
null,mode-arbiter@mixed,2,31,31,31,0.6129,0.9032,0.9677,0.9677,1.0,0.871,0.6774,0.7097,0.9032,0.8065,0.871,0.7742
null,mode-arbiter@mixed,3,31,31,31,0.7742,0.6452,1.0,0.8065,0.9355,0.871,0.8065,0.8387,0.8065,0.871,0.7097,0.8387
null,mode-arbiter@mixed,4,32,32,32,0.8438,0.8438,0.9375,0.8438,0.875,0.8125,0.8125,0.9062,0.6875,0.5,0.8438,0.6875
triple,rad-core-1-18,0,44,44,44,0.6818,0.6364,0.7045,0.6364,0.7727,0.4318,0.3182,0.3864,0.6136,0.4773,0.7273,0.7045
triple,rad-core-1-18,1,38,38,38,0.7368,0.7632,0.6316,0.9211,0.2895,0.3421,0.9474,1.0,0.7105,0.7105,0.5526,0.6579
triple,rad-core-1-18,2,59,59,59,0.5085,0.5932,0.678,0.6102,0.7458,0.6102,0.5085,0.3051,0.661,0.4576,0.8983,0.8136
triple,rad-core-1-18,3,49,49,49,0.4694,0.4082,0.5306,0.7755,0.5102,0.6939,0.3061,0.5918,0.5102,0.7959,0.6327,0.5102
triple,rad-core-1-18,4,55,55,55,0.4,0.4727,0.7273,0.7818,0.6727,0.6364,0.7091,0.4727,0.7636,0.5091,0.6364,0.6182
triple,rad-core-1-18,5,57,57,57,0.7193,0.6491,0.7193,0.8421,0.5263,0.6491,0.3158,0.8246,0.5263,0.5439,0.5614,0.2632
triple,rad-core-1-18,6,45,45,45,0.7556,0.7333,0.5556,0.5333,0.5333,0.6,0.6889,0.7333,0.4,0.6222,0.8222,0.9111
triple,rad-core-1-18,7,54,54,54,0.6667,0.7222,0.7593,0.6852,0.5556,0.4444,0.2222,0.4815,0.6481,0.5926,0.5185,0.2778
triple,rad-core-1-18,8,38,38,38,0.7368,0.7632,0.7368,0.8684,0.5789,0.7105,0.6579,0.4211,0.6842,0.7105,0.2368,0.2895
triple,rad-core-1-18,9,79,79,79,0.4557,0.3418,0.7595,0.7215,0.6835,0.4557,0.3038,0.3671,0.5696,0.5443,0.3544,0.3544
triple,rad-core-1-18,10,27,27,27,0.5185,0.5556,0.7407,0.8519,0.7778,0.6296,0.1852,0.3704,0.8519,0.8519,0.8519,0.6667
triple,rad-core-1-18,11,55,55,55,0.5091,0.4545,0.7818,0.8182,0.6909,0.8364,0.2545,0.2727,0.4727,0.6545,0.7455,0.6727
triple,rad-core-1-18,12,57,57,57,0.5439,0.5439,0.6667,0.7193,0.5439,0.7018,0.6842,0.5263,0.6491,0.4737,0.6842,0.5088
triple,rad-core-1-18,13,52,52,52,0.3269,0.5962,0.6923,0.7115,0.4423,0.5577,0.1923,0.6923,0.5962,0.5962,0.4808,0.3462
triple,rad-core-1-18,14,55,55,55,0.4909,0.5636,0.5818,0.6727,0.6,0.4909,0.4909,0.7636,0.6727,0.6909,0.5636,0.3636
xtriple,rad-core-1-18,0,38,38,38,0.5789,0.5526,0.8158,0.6842,0.8684,0.6053,0.5,0.4211,0.7368,0.5526,0.9737,0.9737
xtriple,rad-core-1-18,1,61,61,61,0.5082,0.5902,0.7541,0.5902,0.6721,0.4098,0.4426,0.6393,0.7213,0.6885,0.7213,0.6393
xtriple,rad-core-1-18,2,58,58,58,0.6724,0.6379,0.4828,0.6552,0.4655,0.4483,0.3448,0.5,0.6897,0.4828,0.4483,0.3966
xtriple,rad-core-1-18,3,55,55,55,0.5091,0.5455,0.6182,0.7455,0.4909,0.6,0.7091,0.5273,0.4182,0.4727,0.3091,0.6909
xtriple,rad-core-1-18,4,62,62,62,0.3871,0.4194,0.7258,0.629,0.7258,0.5161,0.2903,0.3387,0.7903,0.5806,0.6452,0.4355
xtriple,rad-core-1-18,5,49,49,49,0.5918,0.6122,0.6735,0.7347,0.5102,0.551,0.3878,0.6531,0.6122,0.6735,0.5102,0.2653
xtriple,rad-core-1-18,6,45,45,45,0.6889,0.7111,0.6889,0.7778,0.7111,0.5111,0.5556,0.6667,0.7333,0.6667,0.3333,0.2667
xtriple,rad-core-1-18,7,65,65,65,0.5077,0.4,0.6769,0.5538,0.5692,0.4308,0.2462,0.3231,0.6154,0.7231,0.7231,0.3077
xtriple,rad-core-1-18,8,38,38,38,0.7105,0.6842,0.5526,0.7105,0.5263,0.3684,0.4737,0.7105,0.4211,0.6842,0.5789,0.6842
xtriple,rad-core-1-18,9,55,55,55,0.2182,0.4,0.7636,0.6545,0.6364,0.5273,0.3455,0.6909,0.6182,0.6364,0.5455,0.3455
xtriple,rad-core-1-18,10,69,69,69,0.8116,0.5652,0.7681,0.6957,0.4638,0.5652,0.1739,0.1739,0.4348,0.4348,0.5942,0.3623
xtriple,rad-core-1-18,11,27,27,27,0.2963,0.4444,0.6667,0.6296,0.7037,0.5926,0.5926,0.7407,0.7407,0.7778,0.7407,0.8148
xtriple,rad-core-1-18,12,52,52,52,0.5385,0.4423,0.6731,0.6731,0.4038,0.5192,0.4615,0.5577,0.6346,0.5962,0.6346,0.4231
xtriple,rad-core-1-18,13,60,60,60,0.5167,0.65,0.8167,0.7667,0.5167,0.4167,0.15,0.2167,0.4833,0.5833,0.4333,0.4667
xtriple,rad-core-1-18,14,55,55,55,0.6727,0.6182,0.5455,0.7636,0.4364,0.5455,0.8182,0.8364,0.3818,0.7636,0.3636,0.4727
null,rad-core-1-18@directed,0,44,44,44,0.3636,0.5,0.6136,0.4773,0.7955,0.6591,0.3182,0.4545,0.8864,0.8409,0.6818,0.5455
null,rad-core-1-18@directed,1,60,60,60,0.6,0.5333,0.4833,0.4167,0.4167,0.5,0.6167,0.6667,0.4667,0.5667,0.4333,0.5833
null,rad-core-1-18@directed,2,38,38,38,0.8684,0.7895,0.5526,0.6316,0.6842,0.8684,0.6579,0.6842,0.3158,0.2895,0.6053,0.5789
null,rad-core-1-18@directed,3,76,76,76,0.4737,0.4737,0.6447,0.5789,0.5395,0.25,0.5526,0.4868,0.2368,0.5,0.3289,0.25
null,rad-core-1-18@directed,4,55,55,55,0.3818,0.4909,0.5273,0.4545,0.4545,0.5455,0.6,0.5091,0.6,0.4727,0.8,0.6364
null,rad-core-1-18@uniform,0,38,38,38,0.4737,0.5263,0.7368,0.6316,0.5789,0.5789,0.7105,0.3421,0.6316,0.5,0.7105,0.6316
null,rad-core-1-18@uniform,1,49,49,49,0.6122,0.6327,0.5918,0.6327,0.6122,0.6327,0.7959,0.7143,0.6122,0.6735,0.8163,0.9184
null,rad-core-1-18@uniform,2,56,56,56,0.5,0.3929,0.625,0.6429,0.5893,0.4643,0.3571,0.3571,0.75,0.6786,0.75,0.625
null,rad-core-1-18@uniform,3,69,69,69,0.4783,0.5072,0.4348,0.7246,0.4493,0.5217,0.6232,0.5652,0.6087,0.6667,0.7391,0.6957
null,rad-core-1-18@uniform,4,52,52,52,0.6731,0.75,0.6923,0.5769,0.9038,0.6923,0.2885,0.3462,0.5962,0.2308,0.7692,0.7308
null,rad-core-1-18@mixed,0,61,61,61,0.6885,0.5082,0.4754,0.2131,0.6885,0.8033,0.7377,0.5246,0.3934,0.2295,0.6066,0.8197
null,rad-core-1-18@mixed,1,57,57,57,0.614,0.5965,0.4561,0.4912,0.4912,0.5789,0.6667,0.6316,0.4737,0.6316,0.3158,0.3333
null,rad-core-1-18@mixed,2,54,54,54,0.5556,0.7407,0.4259,0.6667,0.3704,0.537,0.7222,0.7593,0.7222,0.5,0.2778,0.1852
null,rad-core-1-18@mixed,3,27,27,27,0.5185,0.5556,0.7778,0.7407,0.4444,0.6667,0.7037,0.5556,0.7778,0.8148,0.6296,0.6667
null,rad-core-1-18@mixed,4,60,60,60,0.5333,0.5333,0.6,0.5,0.7333,0.6833,0.4333,0.4667,0.3,0.2833,0.4333,0.65
triple,rad-core-10,2,4,4,4,1.0,0.75,0.75,0.75,1.0,1.0,0.75,1.0,1.0,1.0,1.0,1.0
triple,rad-core-10,13,1,1,1,,,,,,,,,,,,
xtriple,rad-core-10,2,4,4,4,0.5,1.0,1.0,1.0,0.75,0.5,1.0,1.0,1.0,1.0,1.0,1.0
xtriple,rad-core-10,13,1,1,1,,,,,,,,,,,,
null,rad-core-10@uniform,0,24,24,24,0.0417,0.0833,0.625,0.6667,0.8333,0.8333,0.125,0.25,0.7083,0.7083,0.5417,0.625
null,rad-core-10@uniform,1,20,20,20,0.6,0.55,0.6,0.75,0.6,0.6,0.25,0.1,0.75,0.65,0.8,1.0
null,rad-core-10@uniform,2,33,33,33,0.303,0.0606,0.6667,0.1212,0.8788,0.8485,0.3333,0.0606,0.9697,0.303,0.6667,0.4242
null,rad-core-10@uniform,3,11,11,11,0.7273,0.2727,0.6364,0.3636,1.0,0.9091,1.0,1.0,0.5455,0.8182,1.0,1.0
null,rad-core-10@uniform,4,38,38,38,0.6053,0.0263,0.7895,0.2105,0.5789,0.2105,0.3684,0.0263,0.7895,0.4474,0.6579,0.6579
null,rad-core-10@mixed,0,19,19,19,0.6842,0.6316,0.1053,0.2632,0.3684,0.6316,0.8421,0.7368,0.3158,0.8947,0.1579,0.5789
null,rad-core-10@mixed,1,27,27,27,0.7407,0.8519,0.5926,0.9259,0.8148,0.4444,0.2222,0.2963,0.1852,0.2593,0.2593,0.3333
null,rad-core-10@mixed,2,30,30,30,0.1667,0.0333,0.6333,0.2333,0.8,0.7,0.1667,0.0333,0.5333,0.3,0.8667,0.9
null,rad-core-10@mixed,3,9,9,9,0.8889,0.6667,0.1111,0.1111,0.1111,0.6667,1.0,1.0,0.1111,0.8889,0.5556,1.0
null,rad-core-10@mixed,4,26,26,26,0.6538,0.4231,0.8077,0.8846,0.5769,0.3846,0.1154,0.6923,0.8077,0.9231,0.4615,0.3462
triple,rad-core-12-18,0,79,79,79,0.4051,0.4051,0.6329,0.6329,0.7468,0.4557,0.3671,0.2532,0.481,0.4684,0.4684,0.5443
triple,rad-core-12-18,1,51,51,51,0.7255,0.4902,0.7255,0.5686,0.6275,0.5882,0.8431,0.6275,0.6471,0.6667,0.7843,0.549
triple,rad-core-12-18,2,56,56,56,0.6607,0.625,0.4107,0.5714,0.5357,0.6964,0.7321,0.5893,0.2857,0.5179,0.3393,0.875
triple,rad-core-12-18,3,66,66,66,0.4697,0.697,0.8939,0.8182,0.7879,0.3485,0.3333,0.5758,0.5606,0.4545,0.5,0.7121
triple,rad-core-12-18,4,78,78,78,0.641,0.7308,0.6795,0.4231,0.7692,0.4872,0.3077,0.6154,0.7051,0.6667,0.4615,0.3974
triple,rad-core-12-18,5,45,45,45,0.8222,0.8444,0.7111,0.7556,0.5556,0.4889,0.4444,0.6222,0.4,0.6667,0.4889,0.3333
triple,rad-core-12-18,6,58,58,58,0.5517,0.3621,0.5345,0.431,0.6207,0.6552,0.7586,0.5172,0.8103,0.569,0.7586,0.8448
triple,rad-core-12-18,7,56,56,56,0.6429,0.5,0.4643,0.3036,0.6607,0.875,0.5179,0.4643,0.3571,0.4643,0.6964,0.8393
triple,rad-core-12-18,8,63,63,63,0.4603,0.6825,0.619,0.746,0.6984,0.6984,0.381,0.3492,0.6508,0.5556,0.6508,0.8254
triple,rad-core-12-18,9,80,80,80,0.4875,0.7125,0.7625,0.6875,0.6875,0.475,0.4,0.3875,0.6625,0.55,0.725,0.5875
triple,rad-core-12-18,10,88,88,88,0.3068,0.3977,0.7386,0.5909,0.5114,0.4318,0.1705,0.4432,0.3636,0.6705,0.4205,0.4318
triple,rad-core-12-18,11,58,58,58,0.7586,0.6034,0.5172,0.4655,0.5345,0.7414,0.7586,0.8103,0.569,0.8793,0.6897,0.7414
triple,rad-core-12-18,12,52,52,52,0.4423,0.5577,0.6731,0.5385,0.4423,0.4423,0.6154,0.8077,0.3269,0.4615,0.6154,0.6923
triple,rad-core-12-18,13,49,49,49,0.4898,0.6939,0.8367,0.8163,0.7551,0.4286,0.4082,0.449,0.5714,0.7959,0.5714,0.7143
triple,rad-core-12-18,14,49,49,49,0.8571,0.7551,0.7143,0.7959,0.7347,0.7347,0.3265,0.5918,0.6735,0.9184,0.5714,0.6531
xtriple,rad-core-12-18,0,58,58,58,0.4483,0.3621,0.6897,0.6207,0.5172,0.6379,0.2586,0.6379,0.3448,0.7414,0.5517,0.4655
xtriple,rad-core-12-18,1,51,51,51,0.6667,0.5098,0.5294,0.451,0.6667,0.8235,0.4706,0.4706,0.3137,0.3922,0.5098,0.7059
xtriple,rad-core-12-18,2,90,90,90,0.3556,0.4333,0.4556,0.6,0.2889,0.3,0.4333,0.4889,0.3889,0.5556,0.5,0.6111
xtriple,rad-core-12-18,3,45,45,45,0.7333,0.6667,0.8444,0.8222,0.8889,0.6444,0.3333,0.5333,0.6667,0.8222,0.6667,0.4222
xtriple,rad-core-12-18,4,78,78,78,0.6282,0.6026,0.5513,0.6795,0.641,0.3205,0.4359,0.4872,0.9615,0.9615,0.6667,0.3462
xtriple,rad-core-12-18,5,75,75,75,0.56,0.84,0.72,0.52,0.5733,0.3467,0.32,0.5333,0.4533,0.84,0.44,0.64
xtriple,rad-core-12-18,6,58,58,58,0.6897,0.6207,0.5517,0.7069,0.6379,0.7069,0.2759,0.2759,0.569,0.6379,0.7069,0.6724
xtriple,rad-core-12-18,7,56,56,56,0.4286,0.6964,0.5893,0.5714,0.5893,0.5714,0.2679,0.5,0.2143,0.6429,0.4464,0.4643
xtriple,rad-core-12-18,8,63,63,63,0.619,0.6032,0.3968,0.4603,0.5238,0.619,0.5238,0.3492,0.6667,0.381,0.6032,0.7143
xtriple,rad-core-12-18,9,58,58,58,0.6379,0.3621,0.8793,0.7759,0.8621,0.7241,0.3793,0.3621,0.569,0.3966,0.8448,0.7069
xtriple,rad-core-12-18,10,80,80,80,0.35,0.4,0.775,0.6375,0.75,0.6625,0.2375,0.275,0.5125,0.75,0.6125,0.6625
xtriple,rad-core-12-18,11,68,68,68,0.6912,0.6765,0.5588,0.5588,0.3824,0.4265,0.5294,0.6471,0.4265,0.8676,0.2647,0.4412
xtriple,rad-core-12-18,12,49,49,49,0.6122,0.5102,0.6939,0.6735,0.6327,0.4694,0.449,0.449,0.4694,0.8367,0.4898,0.4694
xtriple,rad-core-12-18,13,53,53,53,0.4717,0.4717,0.717,0.6981,0.4151,0.4151,0.4906,0.5283,0.5283,0.7547,0.6226,0.6981
xtriple,rad-core-12-18,14,49,49,49,0.5306,0.7551,0.551,0.5918,0.5714,0.7143,0.6122,0.3469,0.3061,0.3673,0.5918,0.3673
null,rad-core-12-18@directed,0,51,51,51,0.3725,0.4118,0.6078,0.3922,0.6275,0.6667,0.5294,0.3725,0.5294,0.4902,0.6275,0.6471
null,rad-core-12-18@directed,1,66,66,66,0.5909,0.4848,0.7121,0.4697,0.5606,0.5303,0.5758,0.4697,0.6818,0.5758,0.5758,0.5455
null,rad-core-12-18@directed,2,56,56,56,0.5,0.3214,0.7143,0.7679,0.375,0.4107,0.3036,0.5893,0.5714,0.5179,0.4107,0.1964
null,rad-core-12-18@directed,3,68,68,68,0.6618,0.5,0.3529,0.3088,0.8235,0.8971,0.6176,0.2941,0.4559,0.2206,0.6471,0.7353
null,rad-core-12-18@directed,4,53,53,53,0.717,0.5283,0.3962,0.4528,0.566,0.6604,0.4717,0.6415,0.4151,0.5094,0.434,0.5283
null,rad-core-12-18@uniform,0,56,56,56,0.6786,0.8571,0.6607,0.7679,0.4107,0.5179,0.8036,0.8036,0.7321,0.7857,0.5357,0.6071
null,rad-core-12-18@uniform,1,80,80,80,0.6375,0.6,0.3625,0.4125,0.325,0.4625,0.275,0.575,0.5875,0.6,0.775,0.5625
null,rad-core-12-18@uniform,2,72,72,72,0.7639,0.7083,0.5972,0.5417,0.75,0.8472,0.3472,0.4444,0.5694,0.6528,0.3889,0.5694
null,rad-core-12-18@uniform,3,95,95,95,0.5579,0.6,0.4632,0.6421,0.4526,0.4842,0.6105,0.5368,0.5579,0.5895,0.6842,0.6632
null,rad-core-12-18@uniform,4,52,52,52,0.6923,0.8077,0.5577,0.7308,0.6731,0.6923,0.3846,0.4231,0.5385,0.8269,0.5385,0.5
null,rad-core-12-18@mixed,0,58,58,58,0.5172,0.6379,0.5172,0.569,0.5517,0.5,0.569,0.6724,0.8621,0.8966,0.3276,0.3621
null,rad-core-12-18@mixed,1,45,45,45,0.5333,0.7111,0.5333,0.8444,0.6444,0.6222,0.7778,0.5556,0.5333,0.4667,0.4,0.3778
null,rad-core-12-18@mixed,2,78,78,78,0.4231,0.5385,0.5128,0.6154,0.4231,0.5,0.6154,0.5897,0.6154,0.641,0.7436,0.5513
null,rad-core-12-18@mixed,3,58,58,58,0.6552,0.5,0.431,0.3621,0.7586,0.7414,0.7586,0.5517,0.5172,0.2759,0.7414,0.7759
null,rad-core-12-18@mixed,4,49,49,49,0.551,0.4286,0.7347,0.5714,0.8163,0.7347,0.4898,0.3878,0.7551,0.6531,0.7551,0.7143
triple,rad-core-17-18,0,70,70,70,0.4571,0.4714,0.7,0.6,0.6286,0.5714,0.3286,0.3714,0.6429,0.6286,0.6143,0.6571
triple,rad-core-17-18,1,71,71,71,0.507,0.3944,0.831,0.5775,0.7042,0.5493,0.2958,0.5211,0.507,0.5352,0.493,0.507
triple,rad-core-17-18,2,61,61,61,0.6393,0.623,0.4754,0.5574,0.541,0.7049,0.6557,0.6066,0.5246,0.7377,0.5246,0.7869
triple,rad-core-17-18,3,80,80,80,0.375,0.5125,0.65,0.6875,0.6875,0.6875,0.1875,0.175,0.55,0.5,0.45,0.7625
triple,rad-core-17-18,4,68,68,68,0.7647,0.6765,0.6912,0.5,0.6176,0.4853,0.5882,0.5441,0.7941,0.75,0.4118,0.4853
triple,rad-core-17-18,5,50,50,50,0.66,0.8,0.62,0.62,0.5,0.36,0.6,0.54,0.44,0.58,0.36,0.48
triple,rad-core-17-18,6,60,60,60,0.55,0.5333,0.6167,0.5,0.4,0.5167,0.5333,0.4833,0.9,0.8333,0.6333,0.65
triple,rad-core-17-18,7,62,62,62,0.7581,0.4677,0.5323,0.4355,0.6774,0.8065,0.4194,0.4032,0.3387,0.3226,0.6774,0.5806
triple,rad-core-17-18,8,68,68,68,0.4265,0.5882,0.5735,0.7059,0.5735,0.5735,0.6029,0.7647,0.5588,0.5882,0.5735,0.6912
triple,rad-core-17-18,9,95,95,95,0.7053,0.6632,0.8105,0.7263,0.7263,0.4526,0.2105,0.2842,0.3895,0.7789,0.4421,0.4421
triple,rad-core-17-18,10,89,89,89,0.2921,0.3034,0.8202,0.4831,0.6517,0.4944,0.236,0.3483,0.4157,0.7303,0.573,0.4607
triple,rad-core-17-18,11,51,51,51,0.6667,0.6275,0.5686,0.5294,0.549,0.549,0.6078,0.6667,0.6078,0.6275,0.6275,0.6078
triple,rad-core-17-18,12,52,52,52,0.6731,0.5192,0.6538,0.5,0.6154,0.6346,0.5962,0.4231,0.5192,0.3462,0.6923,0.6731
triple,rad-core-17-18,13,49,49,49,0.449,0.7347,0.6327,0.8163,0.7551,0.5306,0.4694,0.4286,0.4898,0.9184,0.551,0.7755
triple,rad-core-17-18,14,48,48,48,0.875,0.7917,0.6458,0.8125,0.7083,0.7083,0.6458,0.7292,0.625,0.8125,0.5625,0.6458
xtriple,rad-core-17-18,0,73,73,73,0.5205,0.4384,0.6986,0.6575,0.6712,0.6301,0.1781,0.3562,0.3425,0.6575,0.7671,0.4521
xtriple,rad-core-17-18,1,61,61,61,0.541,0.3443,0.4918,0.541,0.623,0.7377,0.4754,0.3607,0.4426,0.459,0.6885,0.6393
xtriple,rad-core-17-18,2,72,72,72,0.3611,0.4306,0.5139,0.5833,0.4306,0.4722,0.5556,0.5,0.5556,0.6389,0.5833,0.6806
xtriple,rad-core-17-18,3,50,50,50,0.66,0.46,0.7,0.7,0.38,0.6,0.28,0.5,0.46,0.66,0.3,0.34
xtriple,rad-core-17-18,4,75,75,75,0.7333,0.52,0.2667,0.4267,0.6933,0.4933,0.36,0.4133,0.6667,0.6533,0.6667,0.3867
xtriple,rad-core-17-18,5,87,87,87,0.4023,0.7701,0.7241,0.5977,0.6667,0.6897,0.2989,0.5402,0.6782,0.7471,0.8046,0.7356
xtriple,rad-core-17-18,6,60,60,60,0.6,0.6333,0.4833,0.6833,0.7667,0.7,0.2,0.3333,0.55,0.6333,0.5,0.55
xtriple,rad-core-17-18,7,62,62,62,0.6935,0.6613,0.5484,0.5806,0.3387,0.5645,0.4032,0.4839,0.3871,0.5645,0.4032,0.5968
xtriple,rad-core-17-18,8,79,79,79,0.6329,0.4937,0.4051,0.4304,0.4177,0.7342,0.7848,0.557,0.4177,0.481,0.7468,0.7468
xtriple,rad-core-17-18,9,51,51,51,0.7255,0.6275,0.8235,0.6863,0.7647,0.6667,0.2353,0.2353,0.4118,0.8627,0.6275,0.8235
xtriple,rad-core-17-18,10,82,82,82,0.2439,0.3902,0.6463,0.561,0.8415,0.561,0.2439,0.2805,0.5366,0.4268,0.4756,0.5488
xtriple,rad-core-17-18,11,72,72,72,0.75,0.625,0.5,0.5694,0.4167,0.3889,0.5278,0.5833,0.4167,0.8056,0.4444,0.6389
xtriple,rad-core-17-18,12,48,48,48,0.6042,0.5625,0.6667,0.7083,0.75,0.5208,0.2708,0.2917,0.4792,0.7708,0.5,0.5
xtriple,rad-core-17-18,13,53,53,53,0.5094,0.5472,0.8491,0.7736,0.4528,0.4717,0.5094,0.4906,0.5472,0.8491,0.4717,0.6415
xtriple,rad-core-17-18,14,49,49,49,0.6939,0.8163,0.5714,0.8163,0.6122,0.7143,0.6327,0.3673,0.3061,0.4082,0.6531,0.3878
null,rad-core-17-18@directed,0,71,71,71,0.4366,0.3521,0.5915,0.3099,0.5634,0.5211,0.2535,0.2254,0.5211,0.4085,0.6479,0.6056
null,rad-core-17-18@directed,1,75,75,75,0.5333,0.52,0.6533,0.5867,0.36,0.5067,0.36,0.3867,0.5867,0.6,0.4133,0.4667
null,rad-core-17-18@directed,2,60,60,60,0.3667,0.35,0.65,0.5833,0.5333,0.6167,0.3667,0.2667,0.5833,0.5,0.65,0.6
null,rad-core-17-18@directed,3,72,72,72,0.6944,0.4861,0.3889,0.2361,0.8333,0.8889,0.375,0.1806,0.4028,0.2361,0.625,0.6806
null,rad-core-17-18@directed,4,53,53,53,0.434,0.3774,0.5849,0.4717,0.6415,0.717,0.3208,0.4906,0.5283,0.3962,0.6415,0.4906
null,rad-core-17-18@uniform,0,61,61,61,0.6393,0.8197,0.6066,0.7377,0.3934,0.6066,0.6557,0.8525,0.4262,0.5246,0.5902,0.4918
null,rad-core-17-18@uniform,1,68,68,68,0.5882,0.5882,0.75,0.5588,0.5735,0.5735,0.5147,0.6765,0.7794,0.6618,0.7794,0.6324
null,rad-core-17-18@uniform,2,68,68,68,0.5882,0.8088,0.6912,0.4118,0.7941,0.8088,0.4118,0.5588,0.5441,0.6618,0.4118,0.4559
null,rad-core-17-18@uniform,3,82,82,82,0.4756,0.6341,0.4024,0.4756,0.5488,0.6585,0.5732,0.3659,0.6829,0.4756,0.5488,0.4512
null,rad-core-17-18@uniform,4,52,52,52,0.7308,0.75,0.5192,0.5962,0.7308,0.6346,0.4231,0.4038,0.5385,0.7885,0.5962,0.5192
null,rad-core-17-18@mixed,0,70,70,70,0.4,0.6,0.5429,0.6286,0.5286,0.4571,0.5714,0.7,0.5,0.7429,0.5286,0.5143
null,rad-core-17-18@mixed,1,50,50,50,0.62,0.78,0.64,0.7,0.58,0.5,0.58,0.56,0.8,0.46,0.36,0.32
null,rad-core-17-18@mixed,2,77,77,77,0.2468,0.5455,0.5714,0.8182,0.4805,0.5455,0.3766,0.4286,0.7273,0.7532,0.6364,0.4156
null,rad-core-17-18@mixed,3,51,51,51,0.8039,0.6275,0.7059,0.5686,0.7059,0.6667,0.4902,0.3922,0.5294,0.6863,0.7843,0.7255
null,rad-core-17-18@mixed,4,48,48,48,0.5625,0.5833,0.8125,0.6458,0.7917,0.7083,0.4583,0.4375,0.7083,0.7083,0.5833,0.5208
triple,rad-core-33,0,117,117,117,0.4188,0.4957,0.4188,0.453,0.1624,0.4274,0.6923,0.7521,0.1624,0.7607,0.1197,0.7265
triple,rad-core-33,1,65,65,65,0.4923,0.5385,0.3231,0.5692,0.2462,0.4615,0.8462,0.8923,0.1846,0.8615,0.1846,0.8923
triple,rad-core-33,2,110,110,110,0.1909,0.1636,0.1545,0.4909,0.1364,0.3273,0.6636,0.7273,0.1091,0.7273,0.1273,0.1818
triple,rad-core-33,3,112,112,112,0.25,0.0982,0.3571,0.3839,0.5714,0.5625,0.8304,0.8304,0.1161,0.7143,0.2232,0.8036
triple,rad-core-33,4,72,72,72,0.5278,0.1389,0.25,0.2917,0.4444,0.5833,0.8194,0.8472,0.1111,0.7222,0.2361,0.7778
triple,rad-core-33,5,115,115,115,0.5391,0.287,0.4348,0.3565,0.2696,0.487,0.7739,0.8783,0.1565,0.7478,0.1304,0.6348
triple,rad-core-33,6,48,48,48,0.5625,0.4167,0.3542,0.5417,0.1458,0.625,0.9583,0.9375,0.1458,0.7708,0.125,0.8333
triple,rad-core-33,7,73,73,73,0.4795,0.4521,0.1781,0.3836,0.0959,0.6438,0.7808,0.8082,0.2192,0.9315,0.1233,0.9315
triple,rad-core-33,8,68,68,68,0.5294,0.1618,0.4412,0.6176,0.7059,0.7206,0.9559,0.7647,0.2353,0.1618,0.6324,0.7941
triple,rad-core-33,9,106,106,106,0.783,0.283,0.2642,0.2642,0.4811,0.7736,0.6792,0.1792,0.0755,0.1604,0.8679,0.7925
triple,rad-core-33,10,101,101,101,0.6535,0.495,0.2376,0.4356,0.3366,0.703,0.8812,0.8713,0.1188,0.7228,0.1386,0.8416
triple,rad-core-33,11,134,134,134,0.4328,0.6716,0.5448,0.694,0.209,0.6567,0.6418,0.6567,0.1194,0.7687,0.1269,0.9552
triple,rad-core-33,12,70,70,70,0.6714,0.2429,0.2714,0.6857,0.5714,0.8714,1.0,1.0,0.1,0.9286,0.1429,0.8429
triple,rad-core-33,13,71,71,71,0.8592,0.7042,0.2254,0.6901,0.0986,0.6056,0.7887,0.8592,0.1127,0.8028,0.1972,0.662
triple,rad-core-33,14,110,110,110,0.6,0.2818,0.1455,0.3182,0.2091,0.5273,0.8091,0.8364,0.0545,0.8,0.1636,0.7091
xtriple,rad-core-33,0,65,65,65,0.2769,0.1692,0.3077,0.3846,0.5846,0.6462,0.7538,0.8308,0.1846,0.7846,0.2462,0.8308
xtriple,rad-core-33,1,116,116,116,0.2328,0.4397,0.2155,0.3621,0.181,0.3103,0.7414,0.8103,0.1034,0.7414,0.1293,0.7069
xtriple,rad-core-33,2,116,116,116,0.3448,0.3103,0.2069,0.4655,0.1466,0.4569,0.6293,0.6293,0.1207,0.7241,0.1638,0.7931
xtriple,rad-core-33,3,107,107,107,0.4112,0.1682,0.6636,0.5888,0.0748,0.5047,0.8505,0.8598,0.1121,0.7196,0.0467,0.6729
xtriple,rad-core-33,4,118,118,118,0.5169,0.1949,0.4407,0.3051,0.2797,0.6017,0.7966,0.7966,0.1525,0.7288,0.1525,0.7966
xtriple,rad-core-33,5,72,72,72,0.2639,0.125,0.3611,0.3056,0.6944,0.4722,0.8056,0.9306,0.0833,0.8611,0.2083,0.7917
xtriple,rad-core-33,6,73,73,73,0.3699,0.2603,0.2192,0.4521,0.3699,0.7397,0.8082,0.8219,0.1918,0.3973,0.4658,0.8082
xtriple,rad-core-33,7,68,68,68,0.6029,0.5294,0.1471,0.4412,0.0735,0.3971,0.7941,0.8382,0.1471,0.8676,0.0882,0.9265
xtriple,rad-core-33,8,48,48,48,0.5,0.2917,0.4583,0.375,0.2292,0.4583,1.0,1.0,0.1458,0.7292,0.1667,0.9375
xtriple,rad-core-33,9,101,101,101,0.7822,0.7525,0.297,0.6733,0.3069,0.6139,0.7426,0.7525,0.1287,0.6634,0.1089,0.9703
xtriple,rad-core-33,10,106,106,106,0.4623,0.1509,0.2453,0.2642,0.4528,0.5755,0.8019,0.1321,0.1226,0.1038,0.8491,0.7925
xtriple,rad-core-33,11,146,146,146,0.7123,0.4726,0.274,0.5342,0.2534,0.7055,0.6164,0.6301,0.0822,0.8288,0.1575,0.7329
xtriple,rad-core-33,12,71,71,71,0.6901,0.2113,0.4085,0.3662,0.3099,0.7465,0.9014,0.9014,0.1268,0.2113,0.1549,0.8451
xtriple,rad-core-33,13,78,78,78,0.5385,0.5513,0.1923,0.6282,0.3333,0.5769,0.9615,0.9615,0.1154,0.8718,0.1282,0.7436
xtriple,rad-core-33,14,70,70,70,0.6714,0.4714,0.2,0.7,0.1,0.6286,0.9,0.9286,0.1429,0.8857,0.1571,0.7286
null,rad-core-33@directed,0,127,127,127,0.2126,0.3071,0.315,0.3543,0.1811,0.2362,0.6693,0.6378,0.0945,0.6929,0.0945,0.2598
null,rad-core-33@directed,1,142,142,142,0.338,0.3521,0.4577,0.2324,0.5352,0.3099,0.1197,0.1056,0.7042,0.2254,0.8592,0.8169
null,rad-core-33@directed,2,117,117,117,0.2735,0.3761,0.2821,0.3077,0.1111,0.1197,0.6325,0.7094,0.6496,0.7009,0.1966,0.2479
null,rad-core-33@directed,3,145,145,145,0.4207,0.269,0.3103,0.3241,0.3034,0.3379,0.6759,0.4345,0.5931,0.3931,0.4897,0.4966
null,rad-core-33@directed,4,156,156,156,0.2244,0.3333,0.2244,0.1282,0.2949,0.1923,0.6346,0.7756,0.5897,0.6218,0.6923,0.6282
null,rad-core-33@uniform,0,65,65,65,0.5231,0.4,0.6308,0.2923,0.4923,0.3538,0.8615,0.2923,0.8308,0.4,0.9231,0.8923
null,rad-core-33@uniform,1,107,107,107,0.6168,0.5514,0.514,0.6168,0.4486,0.514,0.8785,0.8692,0.8037,0.8879,0.7383,0.9065
null,rad-core-33@uniform,2,48,48,48,0.6458,0.75,0.7083,0.5417,0.7292,0.625,0.7708,0.8542,0.8125,0.9583,0.8125,0.9375
null,rad-core-33@uniform,3,101,101,101,0.7525,0.5842,0.6931,0.5446,0.7723,0.7228,0.9208,0.8416,0.8317,0.7525,0.8515,0.9208
null,rad-core-33@uniform,4,70,70,70,0.7429,0.5143,0.6714,0.4714,0.7571,0.7857,0.9429,0.8714,0.8571,0.8286,0.9429,0.9714
null,rad-core-33@mixed,0,110,110,110,0.3545,0.2273,0.2909,0.2364,0.4273,0.4,0.7545,0.7636,0.8273,0.8,0.7455,0.7182
null,rad-core-33@mixed,1,72,72,72,0.3611,0.3194,0.4583,0.3889,0.3472,0.2917,0.9306,0.9028,0.7222,0.8194,0.6667,0.875
null,rad-core-33@mixed,2,109,109,109,0.2202,0.2844,0.367,0.3303,0.3853,0.3394,0.8073,0.1468,0.8349,0.3303,0.6147,0.6422
null,rad-core-33@mixed,3,106,106,106,0.5755,0.7736,0.2925,0.6792,0.2736,0.3774,0.8491,0.8396,0.1226,0.7547,0.1226,0.9528
null,rad-core-33@mixed,4,78,78,78,0.6667,0.4615,0.4359,0.2821,0.3077,0.4615,0.859,0.7308,0.6923,0.6667,0.7949,0.859
triple,rad-core-45,0,42,42,42,0.4048,0.3333,0.5714,0.5952,0.7857,0.6905,0.8571,0.3095,0.7143,0.3095,0.881,0.9286
triple,rad-core-45,1,58,58,58,0.4138,0.7414,0.7586,0.8103,0.6034,0.3966,0.5,0.1552,0.6034,0.6034,0.6207,0.6207
triple,rad-core-45,2,42,42,42,0.381,0.3571,0.9048,0.5238,0.5476,0.4048,0.7857,0.6667,0.8333,0.7381,0.1905,0.0714
triple,rad-core-45,3,54,54,54,0.6667,0.8333,0.537,0.5185,0.1852,0.3333,0.7778,0.5926,0.6852,0.4815,0.7593,0.9815
triple,rad-core-45,4,49,49,49,0.3673,0.5102,0.7551,0.7551,0.4694,0.5306,0.9184,0.9184,0.551,0.7551,0.3878,1.0
triple,rad-core-45,5,57,57,57,0.2632,0.5439,0.4737,0.6316,0.6491,0.6316,0.6491,0.3333,0.5789,0.2456,0.6667,0.6667
triple,rad-core-45,6,52,52,52,0.4423,0.3269,0.8077,0.5385,0.7115,0.2692,0.1346,0.1538,0.7692,0.8077,0.8077,0.1346
triple,rad-core-45,7,45,45,45,0.5111,0.5333,0.5333,0.6889,0.5333,0.6667,0.8444,0.8444,0.9111,0.8444,0.2222,0.2222
triple,rad-core-45,8,46,46,46,0.3913,0.3261,0.6087,0.413,0.7609,0.7174,0.8043,0.2391,0.8043,0.413,0.8913,0.9348
triple,rad-core-45,9,58,58,58,0.5,0.2759,0.6207,0.6379,0.3621,0.3966,0.2069,0.4655,0.7931,0.6207,0.5,0.1207
triple,rad-core-45,10,50,50,50,0.64,0.54,0.42,0.4,0.26,0.46,0.78,0.76,0.7,0.74,0.38,0.82
triple,rad-core-45,11,40,40,40,0.525,0.65,0.7,0.575,0.75,0.5,0.825,0.85,0.425,0.725,0.65,0.825
triple,rad-core-45,12,46,46,46,0.587,0.6739,0.5217,0.5,0.4348,0.4348,0.9783,0.8478,0.6087,0.8478,0.2174,0.3913
triple,rad-core-45,13,59,59,59,0.2712,0.4068,0.5763,0.6949,0.7966,0.4915,0.7458,0.2034,0.6102,0.4576,0.8136,0.8475
triple,rad-core-45,14,42,42,42,0.7143,0.619,0.6429,0.4048,0.7857,0.8333,1.0,0.1667,0.6429,0.3333,0.9286,0.9762
xtriple,rad-core-45,0,52,52,52,0.1923,0.4423,0.6538,0.4615,0.5962,0.4615,0.6731,0.75,0.6923,0.6731,0.5577,0.5962
xtriple,rad-core-45,1,46,46,46,0.6522,0.587,0.8043,0.587,0.8261,0.6522,0.2609,0.1739,0.7826,0.8261,0.6304,0.9565
xtriple,rad-core-45,2,42,42,42,0.5476,0.619,0.6429,0.7143,0.5238,0.5,0.7143,0.7381,0.5952,0.5238,0.5952,0.6905
xtriple,rad-core-45,3,56,56,56,0.6964,0.7857,0.5,0.4107,0.5714,0.5714,0.7679,0.6071,0.75,0.5357,0.625,0.6429
xtriple,rad-core-45,4,49,49,49,0.4694,0.7347,0.8163,0.5102,0.4286,0.2653,0.8367,0.8367,0.3265,0.6939,0.102,0.4898
xtriple,rad-core-45,5,54,54,54,0.5,0.6481,0.537,0.6667,0.5185,0.463,0.8889,0.8333,0.537,0.6481,0.6667,0.963
xtriple,rad-core-45,6,55,55,55,0.5455,0.1818,0.6364,0.5273,0.6364,0.5636,0.1818,0.1455,0.8545,0.7818,0.9273,0.7273
xtriple,rad-core-45,7,45,45,45,0.5111,0.4889,0.7333,0.4444,0.5778,0.4222,0.9111,0.4667,0.8,0.5111,0.8,0.8889
xtriple,rad-core-45,8,46,46,46,0.2391,0.4348,0.6957,0.8261,0.2391,0.3261,0.1087,0.7174,0.8478,0.7391,0.2609,0.1739
xtriple,rad-core-45,9,45,45,45,0.6667,0.6667,0.6,0.5778,0.7111,0.7111,0.8667,0.2889,0.7556,0.3333,0.8667,0.9556
xtriple,rad-core-45,10,66,66,66,0.4545,0.2576,0.4545,0.4545,0.5606,0.4242,0.4697,0.5909,0.8636,0.8636,0.7727,0.197
xtriple,rad-core-45,11,40,40,40,0.5,0.65,0.85,0.8,0.45,0.3,0.875,0.725,0.625,0.625,0.35,0.975
xtriple,rad-core-45,12,42,42,42,0.4762,0.5714,0.6429,0.5714,0.8333,0.5238,0.8333,0.7381,0.3571,0.2143,0.9524,0.9762
xtriple,rad-core-45,13,46,46,46,0.6957,0.5217,0.5435,0.4565,0.2826,0.413,0.8913,0.8478,0.587,0.7826,0.2174,0.7826
xtriple,rad-core-45,14,52,52,52,0.5192,0.5962,0.6154,0.5,0.7885,0.6154,0.2308,0.1538,0.8462,0.7885,0.8077,0.9038
null,rad-core-45@directed,0,42,42,42,0.5714,0.5714,0.6905,0.5,0.5714,0.619,0.2619,0.2619,0.7619,0.4762,0.7143,0.8333
null,rad-core-45@directed,1,49,49,49,0.6531,0.6531,0.3469,0.6327,0.4898,0.5306,0.6531,0.7755,0.6531,0.8776,0.4286,0.4286
null,rad-core-45@directed,2,45,45,45,0.3778,0.4444,0.6444,0.4,0.4222,0.6889,0.2222,0.2222,0.8667,0.8444,0.7556,0.6889
null,rad-core-45@directed,3,40,40,40,0.45,0.575,0.75,0.65,0.6,0.525,0.7,0.35,0.575,0.25,0.9,0.7
null,rad-core-45@directed,4,46,46,46,0.7174,0.6957,0.5,0.5217,0.5,0.2391,0.8913,0.8478,0.2174,0.7826,0.0652,0.8261
null,rad-core-45@uniform,0,42,42,42,0.5,0.619,0.5714,0.381,0.6667,0.5952,0.6905,0.4762,0.7857,0.6429,0.881,0.8571
null,rad-core-45@uniform,1,54,54,54,0.537,0.2407,0.6296,0.5185,0.5926,0.5,0.6667,0.3704,0.7037,0.463,0.7963,0.8519
null,rad-core-45@uniform,2,52,52,52,0.6538,0.75,0.4423,0.3846,0.3462,0.3654,0.7885,0.9231,0.5385,0.9423,0.3654,0.7692
null,rad-core-45@uniform,3,50,50,50,0.48,0.64,0.28,0.32,0.54,0.6,0.82,0.8,0.88,0.22,0.94,0.92
null,rad-core-45@uniform,4,46,46,46,0.2826,0.5652,0.6739,0.7391,0.587,0.413,0.7609,0.9565,0.7174,0.913,0.6304,0.5
null,rad-core-45@mixed,0,60,60,60,0.7833,0.5333,0.4833,0.2667,0.65,0.75,0.8667,0.7167,0.2,0.6333,0.1333,0.1167
null,rad-core-45@mixed,1,57,57,57,0.386,0.4737,0.6842,0.5263,0.5965,0.614,0.7895,0.0702,0.7544,0.3509,0.6491,0.6842
null,rad-core-45@mixed,2,94,94,94,0.5532,0.383,0.1596,0.2021,0.4255,0.5106,0.7021,0.6277,0.117,0.1915,0.5638,0.7766
null,rad-core-45@mixed,3,45,45,45,0.5333,0.5111,0.1778,0.4667,0.5333,0.7333,0.8667,0.1778,0.1556,0.1556,0.8444,0.8444
null,rad-core-45@mixed,4,42,42,42,0.619,0.5238,0.6667,0.6905,0.6667,0.4524,0.2143,0.2619,0.881,0.8571,0.9762,0.9048
triple,rad-core-55,0,79,79,79,0.3418,0.3291,0.5696,0.5823,0.4937,0.4684,0.2025,0.3671,0.9114,0.9367,0.6329,0.1772
triple,rad-core-55,1,42,42,42,0.1667,0.1667,0.5476,0.7381,0.5,0.619,0.1905,0.119,0.5476,0.7619,0.7619,0.4286
triple,rad-core-55,2,49,49,49,0.1633,0.2857,0.7959,0.5306,0.6327,0.4694,0.1837,0.2653,0.8776,0.9388,0.9592,0.2653
triple,rad-core-55,3,61,61,61,0.4754,0.377,0.3607,0.3934,0.623,0.7541,0.7541,0.4754,0.2131,0.1803,0.918,0.7869
triple,rad-core-55,4,61,61,61,0.4262,0.5246,0.5574,0.4754,0.5902,0.3934,0.1639,0.2295,0.8033,0.7869,0.9016,0.2787
triple,rad-core-55,5,70,70,70,0.2143,0.3857,0.6,0.6429,0.4714,0.2143,0.0714,0.1714,0.8857,0.6857,0.6286,0.0286
triple,rad-core-55,6,39,39,39,0.2308,0.2564,0.7949,0.5897,0.7692,0.5641,0.0769,0.9231,0.9744,0.8974,0.5641,0.6923
triple,rad-core-55,7,39,39,39,0.359,0.5641,0.5128,0.5897,0.6667,0.641,0.8718,0.2051,0.8205,0.3077,0.7949,0.9231
triple,rad-core-55,8,32,32,32,0.2812,0.4688,0.7188,0.8438,0.625,0.5312,0.8125,0.8125,0.8125,0.9375,0.9062,1.0
triple,rad-core-55,9,54,54,54,0.3889,0.3704,0.5556,0.6296,0.6481,0.6481,0.8333,0.2963,0.3333,0.3148,0.6481,0.7963
triple,rad-core-55,10,64,64,64,0.4531,0.25,0.6875,0.6719,0.4062,0.4531,0.1875,0.875,0.875,0.9531,0.6719,0.625
triple,rad-core-55,11,41,41,41,0.3415,0.439,0.878,0.7317,0.561,0.3415,0.3415,0.7561,0.9024,0.9024,1.0,0.7073
triple,rad-core-55,12,48,48,48,0.1667,0.1667,0.875,0.75,0.5833,0.4792,0.6875,0.4583,0.7083,0.7917,0.875,0.8542
triple,rad-core-55,13,46,46,46,0.1522,0.6087,0.7826,0.7609,0.5652,0.1739,0.1304,0.1522,0.913,0.913,0.8913,0.1957
triple,rad-core-55,14,97,97,97,0.5361,0.1134,0.701,0.2577,0.6186,0.7423,0.1649,0.1031,0.5979,0.6186,0.7113,0.3814
xtriple,rad-core-55,0,42,42,42,0.4286,0.2857,0.6667,0.7143,0.5476,0.619,0.0952,0.6905,0.8095,0.9524,0.9762,0.3571
xtriple,rad-core-55,1,79,79,79,0.3418,0.3544,0.5316,0.6203,0.4937,0.3038,0.1646,0.5823,0.6709,0.6456,0.6835,0.1139
xtriple,rad-core-55,2,44,44,44,0.2955,0.3409,0.5909,0.5455,0.6591,0.3636,0.0909,0.1591,0.8864,0.5455,0.8864,0.5455
xtriple,rad-core-55,3,61,61,61,0.2295,0.377,0.4754,0.7705,0.4426,0.2951,0.2459,0.5738,0.8361,0.7541,0.7541,0.0328
xtriple,rad-core-55,4,61,61,61,0.4262,0.459,0.5902,0.459,0.6066,0.7049,0.082,0.2459,0.9016,0.7377,0.8525,0.7377
xtriple,rad-core-55,5,68,68,68,0.4265,0.3235,0.1471,0.3971,0.6912,0.6176,0.7941,0.1618,0.1324,0.2059,0.8971,0.8382
xtriple,rad-core-55,6,39,39,39,0.359,0.5897,0.4615,0.6923,0.7179,0.4872,0.8718,0.8974,0.7179,0.7436,0.641,0.8205
xtriple,rad-core-55,7,32,32,32,0.4375,0.5,0.625,0.8125,0.6562,0.5625,0.8125,0.8438,0.7812,0.9062,0.7188,1.0
xtriple,rad-core-55,8,42,42,42,0.4286,0.4524,0.6905,0.4524,0.8571,0.5238,0.5,0.1667,0.9762,0.2381,0.8333,0.6905
xtriple,rad-core-55,9,64,64,64,0.25,0.3438,0.7969,0.5469,0.875,0.5625,0.1406,0.1562,0.8594,0.6875,0.8594,0.7969
xtriple,rad-core-55,10,41,41,41,0.122,0.2927,0.7805,0.8293,0.4634,0.439,0.0976,0.3659,0.878,0.7561,0.6341,0.0976
xtriple,rad-core-55,11,54,54,54,0.6852,0.6667,0.4444,0.4815,0.3148,0.6296,0.8148,0.8519,0.3148,0.3333,0.5741,0.8704
xtriple,rad-core-55,12,79,79,79,0.0886,0.0633,0.8608,0.8101,0.5696,0.443,0.038,0.0506,0.8354,0.8861,0.7975,0.1392
xtriple,rad-core-55,13,48,48,48,0.2292,0.1875,0.6042,0.5625,0.5208,0.6458,0.1667,0.6042,0.625,0.6458,0.7708,0.6875
xtriple,rad-core-55,14,46,46,46,0.1087,0.2391,0.8261,0.7174,0.8043,0.4783,0.7609,0.087,0.6522,0.6957,0.7609,0.8696
null,rad-core-55@directed,0,79,79,79,0.4684,0.481,0.3797,0.4684,0.4051,0.4557,0.4177,0.6835,0.6962,0.6582,0.5696,0.4304
null,rad-core-55@directed,1,61,61,61,0.4918,0.5574,0.6066,0.7377,0.3115,0.3934,0.7377,0.7213,0.7869,0.7377,0.8525,0.2787
null,rad-core-55@directed,2,50,50,50,0.42,0.5,0.64,0.72,0.58,0.54,0.76,0.56,0.78,0.86,0.9,0.92
null,rad-core-55@directed,3,100,100,100,0.13,0.29,0.43,0.37,0.67,0.39,0.12,0.16,0.84,0.22,0.84,0.74
null,rad-core-55@directed,4,97,97,97,0.3093,0.2268,0.4021,0.4742,0.3196,0.4742,0.268,0.2577,0.7423,0.6598,0.6701,0.4742
null,rad-core-55@uniform,0,42,42,42,0.5714,0.4048,0.6667,0.5238,0.5952,0.4286,0.5952,0.2381,0.7381,0.7619,0.6905,0.7381
null,rad-core-55@uniform,1,64,64,64,0.25,0.2812,0.7031,0.6094,0.7344,0.4375,0.2188,0.1406,0.7812,0.8281,0.7812,0.5156
null,rad-core-55@uniform,2,32,32,32,0.4375,0.3438,0.5625,0.5938,0.5938,0.6562,0.9062,0.9062,0.7188,0.9062,0.7188,0.875
null,rad-core-55@uniform,3,41,41,41,0.439,0.439,0.6341,0.5854,0.5854,0.7805,0.4146,0.3171,1.0,0.7805,0.9756,0.878
null,rad-core-55@uniform,4,50,50,50,0.44,0.82,0.6,0.84,0.34,0.22,0.24,0.64,1.0,0.88,0.92,0.06
null,rad-core-55@mixed,0,44,44,44,0.3409,0.4773,0.5227,0.5455,0.5,0.5455,0.1364,0.1818,0.8182,0.8864,0.9545,0.5227
null,rad-core-55@mixed,1,62,62,62,0.4677,0.8226,0.5645,0.8387,0.3065,0.2903,0.7419,0.7742,0.629,0.7581,0.0806,0.0806
null,rad-core-55@mixed,2,39,39,39,0.641,0.7692,0.6154,0.7949,0.641,0.5641,0.6667,0.9744,0.7436,0.8205,0.7436,0.5897
null,rad-core-55@mixed,3,66,66,66,0.4394,0.2121,0.6364,0.303,0.7576,0.5,0.697,0.1515,0.7121,0.4242,0.6818,0.697
null,rad-core-55@mixed,4,46,46,46,0.7174,0.2826,0.5652,0.5217,0.6522,0.6957,0.4348,0.6522,0.7826,0.7609,0.7609,0.3913
triple,rad-core-61,0,101,101,101,0.1386,0.3267,0.8515,0.5743,0.396,0.2079,0.0594,0.4059,0.5842,0.5248,0.5545,0.2178
triple,rad-core-61,1,84,84,84,0.1667,0.1905,0.8095,0.619,0.6548,0.0833,0.0595,0.3333,0.75,0.6548,0.369,0.119
triple,rad-core-61,2,95,95,95,0.3789,0.2105,0.7368,0.5474,0.5474,0.4,0.2105,0.3158,0.6421,0.6105,0.5158,0.3263
triple,rad-core-61,3,104,104,104,0.3077,0.4231,0.6058,0.4904,0.5769,0.2788,0.4423,0.125,0.4808,0.4423,0.5096,0.6346
triple,rad-core-61,4,107,107,107,0.2897,0.3832,0.6355,0.5234,0.5888,0.3645,0.2243,0.8037,0.7009,0.6822,0.5047,0.2056
triple,rad-core-61,5,86,86,86,0.2209,0.2674,0.2791,0.1395,0.6163,0.3023,0.4767,0.3605,0.1279,0.093,0.4651,0.7326
triple,rad-core-61,6,97,97,97,0.1443,0.4124,0.6804,0.7113,0.5567,0.1546,0.1443,0.5155,0.6804,0.7526,0.1237,0.0412
triple,rad-core-61,7,105,105,105,0.2476,0.4095,0.781,0.4857,0.5714,0.219,0.2952,0.3714,0.5714,0.4381,0.6286,0.2476
triple,rad-core-61,8,112,112,112,0.2589,0.4554,0.7768,0.6607,0.5,0.2143,0.2232,0.5536,0.5804,0.5982,0.375,0.3661
triple,rad-core-61,9,83,83,83,0.1687,0.4096,0.5904,0.6506,0.0964,0.1687,0.6386,0.6506,0.4458,0.7229,0.0723,0.3494
triple,rad-core-61,10,109,109,109,0.211,0.2661,0.7339,0.2661,0.6881,0.3211,0.5321,0.5321,0.1468,0.3028,0.2569,0.6422
triple,rad-core-61,11,86,86,86,0.2442,0.3023,0.6279,0.4535,0.5814,0.3023,0.5581,0.2093,0.6395,0.2442,0.4651,0.593
triple,rad-core-61,12,87,87,87,0.3448,0.2759,0.7701,0.6092,0.4368,0.2759,0.6667,0.1954,0.7816,0.3448,0.6782,0.7586
triple,rad-core-61,13,99,99,99,0.0808,0.4444,0.7273,0.5253,0.7273,0.1717,0.0606,0.1414,0.8182,0.7172,0.5455,0.3838
triple,rad-core-61,14,114,114,114,0.193,0.2456,0.1228,0.386,0.5702,0.1491,0.4298,0.1842,0.0877,0.1579,0.4035,0.5351
xtriple,rad-core-61,0,84,84,84,0.0714,0.2381,0.75,0.5595,0.619,0.2381,0.0714,0.1667,0.7262,0.7857,0.5238,0.2024
xtriple,rad-core-61,1,95,95,95,0.4526,0.4421,0.7368,0.5789,0.4947,0.1895,0.1895,0.4,0.5158,0.5684,0.5263,0.3474
xtriple,rad-core-61,2,117,117,117,0.0598,0.2906,0.7009,0.735,0.6923,0.3248,0.1368,0.1111,0.5726,0.4188,0.2393,0.265
xtriple,rad-core-61,3,86,86,86,0.186,0.4302,0.5581,0.4651,0.3605,0.1977,0.1279,0.5349,0.6163,0.6628,0.5581,0.1744
xtriple,rad-core-61,4,111,111,111,0.3063,0.2432,0.1802,0.1171,0.5495,0.4685,0.7748,0.1802,0.1081,0.0811,0.3694,0.6306
xtriple,rad-core-61,5,107,107,107,0.2617,0.3178,0.6636,0.4766,0.6075,0.1121,0.4673,0.4673,0.6075,0.6729,0.3925,0.514
xtriple,rad-core-61,6,100,100,100,0.08,0.28,0.51,0.33,0.5,0.08,0.18,0.33,0.34,0.42,0.29,0.12
xtriple,rad-core-61,7,97,97,97,0.1649,0.5052,0.7629,0.5773,0.3299,0.0619,0.2165,0.5876,0.5155,0.6289,0.1856,0.268
xtriple,rad-core-61,8,112,112,112,0.2054,0.3929,0.7232,0.5179,0.6161,0.1429,0.1161,0.1607,0.6696,0.6339,0.4375,0.1071
xtriple,rad-core-61,9,109,109,109,0.1376,0.1835,0.3945,0.3303,0.5229,0.5413,0.5872,0.3028,0.1193,0.1193,0.5046,0.6514
xtriple,rad-core-61,10,86,86,86,0.1977,0.3488,0.686,0.6279,0.2209,0.1047,0.3256,0.6512,0.3605,0.3605,0.1163,0.1279
xtriple,rad-core-61,11,83,83,83,0.1566,0.4337,0.6024,0.5542,0.5542,0.2771,0.494,0.5181,0.5663,0.6506,0.4699,0.4699
xtriple,rad-core-61,12,114,114,114,0.1228,0.2982,0.5789,0.5965,0.4825,0.1404,0.1404,0.2456,0.886,0.4386,0.3596,0.1228
xtriple,rad-core-61,13,107,107,107,0.1308,0.2523,0.1402,0.0374,0.5607,0.2056,0.3645,0.0748,0.1121,0.0187,0.5701,0.6449
xtriple,rad-core-61,14,87,87,87,0.0805,0.3218,0.6667,0.4483,0.5172,0.1954,0.4023,0.2414,0.5287,0.4253,0.3218,0.5402
null,rad-core-61@directed,0,118,118,118,0.5339,0.4407,0.3475,0.5339,0.3644,0.3898,0.4153,0.3644,0.3898,0.4068,0.2542,0.2712
null,rad-core-61@directed,1,104,104,104,0.4808,0.5288,0.5,0.5288,0.2115,0.4135,0.2885,0.3269,0.4423,0.7019,0.2885,0.4615
null,rad-core-61@directed,2,100,100,100,0.37,0.65,0.53,0.64,0.51,0.57,0.12,0.25,0.33,0.46,0.21,0.29
null,rad-core-61@directed,3,112,112,112,0.4286,0.2857,0.3929,0.5179,0.4018,0.6607,0.3482,0.4464,0.3304,0.4643,0.2679,0.1786
null,rad-core-61@directed,4,114,114,114,0.3684,0.3947,0.1754,0.307,0.3596,0.5175,0.5,0.2982,0.2018,0.1579,0.3421,0.3333
null,rad-core-61@uniform,0,84,84,84,0.1071,0.5119,0.4048,0.6429,0.3452,0.119,0.3095,0.6071,0.631,0.8095,0.4048,0.3095
null,rad-core-61@uniform,1,108,108,108,0.2593,0.537,0.2963,0.4537,0.1852,0.1296,0.25,0.7593,0.7037,0.713,0.0926,0.0833
null,rad-core-61@uniform,2,105,105,105,0.2,0.3048,0.2381,0.2762,0.2952,0.3143,0.5714,0.6,0.2381,0.3429,0.3048,0.3524
null,rad-core-61@uniform,3,83,83,83,0.2048,0.4217,0.2169,0.4337,0.2169,0.494,0.6867,0.506,0.4578,0.3253,0.3735,0.5663
null,rad-core-61@uniform,4,87,87,87,0.3103,0.4023,0.3563,0.3908,0.1034,0.1379,0.5287,0.8046,0.7816,0.9655,0.069,0.1034
null,rad-core-61@mixed,0,101,101,101,0.1287,0.2673,0.3366,0.4455,0.4554,0.5347,0.1386,0.4158,0.2574,0.2475,0.3069,0.1782
null,rad-core-61@mixed,1,86,86,86,0.3953,0.5,0.3256,0.4767,0.3837,0.2907,0.7209,0.5465,0.3256,0.4535,0.3605,0.6744
null,rad-core-61@mixed,2,97,97,97,0.1959,0.2268,0.4124,0.2577,0.4742,0.4124,0.1134,0.4124,0.6495,0.5979,0.5155,0.2784
null,rad-core-61@mixed,3,101,101,101,0.3168,0.2772,0.4455,0.495,0.5941,0.604,0.3366,0.0891,0.5743,0.198,0.5842,0.5941
null,rad-core-61@mixed,4,99,99,99,0.4343,0.5354,0.4646,0.5455,0.3434,0.3838,0.4343,0.3838,0.303,0.1919,0.202,0.2525
triple,rad-core-65,0,84,84,84,0.2381,0.4405,0.4286,0.5,0.1905,0.1905,0.2976,0.4762,0.5595,0.5595,0.2857,0.3095
triple,rad-core-65,1,99,99,99,0.1717,0.1515,0.4646,0.3737,0.404,0.3333,0.6162,0.2424,0.2424,0.2525,0.596,0.7273
triple,rad-core-65,2,72,72,72,0.1944,0.2361,0.5417,0.375,0.4444,0.1806,0.3472,0.5139,0.7083,0.7361,0.4583,0.25
triple,rad-core-65,3,59,59,59,0.0847,0.1186,0.9492,0.7119,0.4915,0.2712,0.0847,0.1864,0.8136,0.8136,0.678,0.1186
triple,rad-core-65,4,91,91,91,0.3187,0.5275,0.0659,0.2198,0.3846,0.4615,0.8022,0.4066,0.1209,0.0879,0.3516,0.7033
triple,rad-core-65,5,62,62,62,0.0968,0.2581,0.4032,0.4194,0.4839,0.3226,0.1774,0.371,0.5,0.4516,0.6774,0.5161
triple,rad-core-65,6,60,60,60,0.2333,0.3167,0.4333,0.2167,0.7333,0.6,0.3333,0.3833,0.6167,0.4167,0.8167,0.6333
triple,rad-core-65,7,81,81,81,0.2963,0.4198,0.8889,0.5556,0.4938,0.2099,0.2593,0.4074,0.7037,0.6296,0.3951,0.1728
triple,rad-core-65,8,80,80,80,0.45,0.3,0.675,0.5375,0.575,0.3875,0.25,0.5625,0.7875,0.725,0.6125,0.3125
triple,rad-core-65,9,93,93,93,0.4516,0.6022,0.6022,0.4301,0.6237,0.2043,0.6129,0.3118,0.3763,0.3656,0.4516,0.7312
triple,rad-core-65,10,94,94,94,0.2979,0.2447,0.5,0.3617,0.383,0.3723,0.3617,0.3404,0.5213,0.383,0.5213,0.2979
triple,rad-core-65,11,95,95,95,0.3053,0.4421,0.5263,0.6105,0.4211,0.2947,0.7053,0.4526,0.3579,0.6316,0.3789,0.7789
triple,rad-core-65,12,81,81,81,0.3827,0.4938,0.2099,0.0988,0.2963,0.1605,0.9136,0.8642,0.1235,0.1605,0.1605,0.679
triple,rad-core-65,13,105,105,105,0.2762,0.2286,0.8857,0.5333,0.5619,0.3524,0.2095,0.1714,0.5905,0.3524,0.4667,0.381
triple,rad-core-65,14,100,100,100,0.09,0.25,0.58,0.42,0.53,0.25,0.12,0.17,0.56,0.45,0.54,0.31
xtriple,rad-core-65,0,100,100,100,0.34,0.33,0.41,0.31,0.41,0.34,0.7,0.66,0.42,0.39,0.34,0.64
xtriple,rad-core-65,1,72,72,72,0.0694,0.125,0.4167,0.4722,0.4722,0.0694,0.2222,0.4028,0.6667,0.5556,0.3611,0.2361
xtriple,rad-core-65,2,84,84,84,0.2024,0.1905,0.6548,0.5357,0.4286,0.131,0.4048,0.1667,0.7143,0.4286,0.6786,0.4167
xtriple,rad-core-65,3,62,62,62,0.2419,0.0968,0.0968,0.1452,0.5968,0.4516,0.4355,0.2419,0.1129,0.1129,0.629,0.6935
xtriple,rad-core-65,4,88,88,88,0.2841,0.3068,0.25,0.2955,0.2273,0.2273,0.4318,0.375,0.4545,0.5,0.5341,0.4545
xtriple,rad-core-65,5,59,59,59,0.0678,0.3898,0.8983,0.7627,0.5593,0.2542,0.1356,0.0847,0.7627,0.7458,0.4068,0.2034
xtriple,rad-core-65,6,80,80,80,0.1,0.275,0.75,0.5375,0.5875,0.275,0.15,0.5625,0.775,0.6625,0.5625,0.2375
xtriple,rad-core-65,7,81,81,81,0.4074,0.1852,0.7531,0.5432,0.7654,0.5309,0.3457,0.2099,0.6667,0.4815,0.5556,0.5556
xtriple,rad-core-65,8,60,60,60,0.2667,0.2833,0.6333,0.4333,0.3833,0.2833,0.3667,0.55,0.55,0.4833,0.65,0.4
xtriple,rad-core-65,9,94,94,94,0.6383,0.3936,0.5638,0.6064,0.4894,0.4043,0.2979,0.3404,0.383,0.4362,0.383,0.4149
xtriple,rad-core-65,10,93,93,93,0.3871,0.3226,0.5161,0.4086,0.3978,0.2903,0.8387,0.3978,0.4731,0.3656,0.4301,0.6882
xtriple,rad-core-65,11,95,95,95,0.1684,0.2421,0.5263,0.3579,0.4105,0.1789,0.6842,0.5368,0.3263,0.3789,0.5053,0.7474
xtriple,rad-core-65,12,81,81,81,0.2469,0.3457,0.4568,0.4198,0.4198,0.358,0.3951,0.5926,0.3704,0.4321,0.5185,0.6296
xtriple,rad-core-65,13,86,86,86,0.0465,0.2093,0.5116,0.6395,0.1163,0.1395,0.0349,0.5465,0.6279,0.7791,0.1512,0.1163
xtriple,rad-core-65,14,95,95,95,0.3158,0.2105,0.0842,0.1474,0.3368,0.4211,0.5263,0.2105,0.0947,0.1158,0.3263,0.6316
null,rad-core-65@directed,0,87,87,87,0.4253,0.4138,0.1839,0.3218,0.2874,0.2759,0.7241,0.7931,0.3103,0.4253,0.2759,0.2644
null,rad-core-65@directed,1,78,78,78,0.1667,0.1795,0.5256,0.2692,0.5641,0.2436,0.2949,0.3205,0.641,0.4872,0.359,0.3077
null,rad-core-65@directed,2,81,81,81,0.4815,0.6049,0.5679,0.5802,0.5679,0.2963,0.5556,0.5556,0.4321,0.5062,0.5432,0.321
null,rad-core-65@directed,3,95,95,95,0.4,0.4421,0.5895,0.3053,0.6211,0.3789,0.5684,0.3158,0.4105,0.3368,0.4526,0.4842
null,rad-core-65@directed,4,81,81,81,0.4568,0.3951,0.2593,0.4321,0.2963,0.4198,0.5679,0.4691,0.2222,0.2716,0.1481,0.1852
null,rad-core-65@uniform,0,72,72,72,0.375,0.2639,0.3472,0.2639,0.2083,0.4861,0.9167,0.6111,0.4861,0.4028,0.6389,0.8472
null,rad-core-65@uniform,1,59,59,59,0.661,0.7797,0.3051,0.1695,0.2373,0.339,0.9153,0.7627,0.0847,0.1525,0.1186,0.7627
null,rad-core-65@uniform,2,60,60,60,0.1667,0.3,0.5167,0.4667,0.8167,0.4167,0.1667,0.3167,0.65,0.6167,0.75,0.55
null,rad-core-65@uniform,3,94,94,94,0.383,0.3404,0.234,0.4043,0.1915,0.4149,0.266,0.5957,0.6915,0.6809,0.8298,0.4149
null,rad-core-65@uniform,4,95,95,95,0.1895,0.0947,0.4842,0.5368,0.4737,0.3368,0.1368,0.0947,0.8632,0.4211,0.7474,0.5895
null,rad-core-65@mixed,0,86,86,86,0.314,0.2558,0.314,0.2674,0.2209,0.2209,0.407,0.3953,0.7326,0.6395,0.2326,0.1977
null,rad-core-65@mixed,1,62,62,62,0.4839,0.3226,0.3387,0.4194,0.371,0.4355,0.5161,0.629,0.4194,0.371,0.6129,0.4839
null,rad-core-65@mixed,2,80,80,80,0.4375,0.45,0.2875,0.3625,0.275,0.3625,0.6625,0.65,0.2625,0.475,0.425,0.4875
null,rad-core-65@mixed,3,93,93,93,0.2473,0.3548,0.3763,0.4731,0.4409,0.3333,0.3441,0.3118,0.4194,0.3871,0.3441,0.6344
null,rad-core-65@mixed,4,86,86,86,0.2442,0.1163,0.6512,0.407,0.6744,0.2907,0.186,0.1512,0.6744,0.4535,0.7442,0.3837
triple,rad-core-68,0,36,36,36,0.4722,0.7222,0.4167,0.4444,0.8889,0.5556,0.9444,0.4444,0.5278,0.3056,0.6667,0.8333
triple,rad-core-68,1,37,37,37,0.4324,0.6486,0.9189,0.7568,0.8378,0.4595,0.7297,0.973,0.8378,0.8378,0.6486,0.4054
triple,rad-core-68,2,56,56,56,0.5179,0.2857,0.4821,0.3393,0.5,0.625,0.5357,0.375,0.8036,0.75,0.9107,0.8929
triple,rad-core-68,3,43,43,43,0.5116,0.6047,0.4186,0.4884,0.6279,0.6047,0.814,0.7674,0.3488,0.3953,0.7907,0.9767
triple,rad-core-68,4,20,20,20,0.6,0.85,0.5,0.7,0.75,0.55,0.8,0.95,0.7,0.85,0.85,1.0
triple,rad-core-68,5,51,51,51,0.2549,0.3333,0.6863,0.4902,0.7647,0.5294,0.7255,0.8039,0.7255,0.902,0.6078,0.5686
triple,rad-core-68,6,48,48,48,0.3958,0.6042,0.7917,0.6458,0.375,0.2292,0.7292,0.75,0.625,0.9167,0.3542,0.6042
triple,rad-core-68,7,47,47,47,0.4894,0.5106,0.4894,0.2979,0.4681,0.5319,0.9149,0.8723,0.4468,0.4894,0.7234,0.7872
triple,rad-core-68,8,43,43,43,0.6744,0.7674,0.8605,0.814,0.7209,0.4651,0.7907,0.8605,0.7442,0.8372,0.2093,0.1628
triple,rad-core-68,9,28,28,28,0.7857,0.6786,0.7143,0.7143,0.75,0.6071,0.6429,0.75,0.75,0.9643,0.6429,0.7857
triple,rad-core-68,10,27,27,27,0.7407,0.6296,0.7778,0.4815,0.8519,0.7778,0.963,0.9259,0.5185,0.5556,0.9259,0.963
triple,rad-core-68,11,33,33,33,0.5455,0.5152,0.4545,0.3333,0.7879,0.6061,0.7879,0.9091,0.3636,0.4848,0.7576,0.8182
triple,rad-core-68,12,33,33,33,0.6364,0.4848,0.7879,0.697,0.8485,0.7576,0.9091,0.6061,0.9091,0.5455,0.8788,0.9091
triple,rad-core-68,13,40,40,40,0.55,0.45,0.775,0.5,0.625,0.675,0.95,0.75,0.775,0.85,0.25,0.4
triple,rad-core-68,14,41,41,41,0.7317,0.878,0.4634,0.6341,0.6098,0.7805,0.9756,0.9756,0.439,0.9756,0.439,0.9512
xtriple,rad-core-68,0,36,36,36,0.5556,0.4167,0.7222,0.6111,0.75,0.6389,0.3611,0.5278,0.5833,0.6389,0.9167,0.9444
xtriple,rad-core-68,1,37,37,37,0.4054,0.4324,0.5676,0.6216,0.8108,0.5946,0.6757,0.6757,0.7027,0.8378,0.9189,0.8919
xtriple,rad-core-68,2,39,39,39,0.641,0.6667,0.5897,0.6923,0.5385,0.5641,0.6154,0.7179,0.5641,0.8974,0.4103,0.5128
xtriple,rad-core-68,3,45,45,45,0.5333,0.3778,0.5333,0.1556,0.8889,0.6444,0.7556,0.3556,0.4889,0.1778,0.8444,0.8444
xtriple,rad-core-68,4,20,20,20,0.45,0.65,0.9,0.65,0.7,0.7,0.75,0.95,0.6,0.85,0.8,0.85
xtriple,rad-core-68,5,51,51,51,0.4706,0.4902,0.4902,0.5294,0.5882,0.6078,0.8235,0.7647,0.2353,0.3333,0.6667,0.9608
xtriple,rad-core-68,6,48,48,48,0.3958,0.8125,0.5625,0.7292,0.2708,0.3125,0.7083,0.9167,0.6875,0.9167,0.1875,0.2083
xtriple,rad-core-68,7,47,47,47,0.383,0.7234,0.6809,0.766,0.4681,0.3404,0.7447,0.9574,0.8085,0.8298,0.4681,0.4255
xtriple,rad-core-68,8,43,43,43,0.4419,0.7907,0.6279,0.7907,0.6279,0.3023,0.6977,0.8372,0.7209,0.9767,0.3488,0.6977
xtriple,rad-core-68,9,28,28,28,0.6786,0.4643,0.75,0.3929,0.8214,0.6071,0.8929,0.75,0.4286,0.9286,0.5714,0.9286
xtriple,rad-core-68,10,27,27,27,0.7407,0.6667,0.4815,0.5556,0.6667,0.6296,0.8519,0.963,0.2222,0.2963,0.5185,0.8519
xtriple,rad-core-68,11,33,33,33,0.6061,0.5152,0.5758,0.6061,0.5758,0.5758,0.9091,1.0,0.3333,0.8788,0.6364,0.9091
xtriple,rad-core-68,12,33,33,33,0.5152,0.7273,0.7273,0.8788,0.5758,0.6061,0.9394,0.9091,0.9091,0.9091,0.8788,0.9394
xtriple,rad-core-68,13,40,40,40,0.675,0.525,0.5,0.5,0.7,0.85,0.825,0.65,0.4,0.275,0.85,0.825
xtriple,rad-core-68,14,49,49,49,0.6735,0.5918,0.5918,0.6327,0.5918,0.449,0.9184,0.9184,0.7347,0.898,0.2041,0.8367
null,rad-core-68@directed,0,36,36,36,0.75,0.7222,0.3611,0.5833,0.5,0.6667,0.7778,0.8333,0.5278,0.9167,0.7778,0.7778
null,rad-core-68@directed,1,20,20,20,0.75,0.5,0.75,0.85,0.8,0.9,0.75,0.8,1.0,0.95,0.95,0.95
null,rad-core-68@directed,2,43,43,43,0.4884,0.5349,0.7209,0.6279,0.7674,0.6512,0.5349,0.3256,0.8372,0.7907,0.814,0.7907
null,rad-core-68@directed,3,27,27,27,0.6296,0.5556,0.8889,0.8148,0.7778,0.6667,0.7407,0.7778,0.8889,0.7037,0.8889,0.963
null,rad-core-68@directed,4,33,33,33,0.6061,0.6667,0.7576,0.6364,0.7273,0.7576,0.7879,0.7879,0.8485,0.8485,0.9697,0.9091
null,rad-core-68@uniform,0,56,56,56,0.5179,0.625,0.6607,0.6786,0.4286,0.4821,0.4643,0.6964,0.8214,0.75,0.7857,0.6786
null,rad-core-68@uniform,1,51,51,51,0.3137,0.2353,0.6667,0.4706,0.5686,0.4118,0.3137,0.3333,0.9608,0.5686,0.902,0.7843
null,rad-core-68@uniform,2,47,47,47,0.6596,0.5745,0.3617,0.3404,0.617,0.7021,0.9149,0.5532,0.617,0.4043,0.7447,0.7872
null,rad-core-68@uniform,3,53,53,53,0.6038,0.7358,0.4151,0.6038,0.3962,0.3962,0.717,0.9057,0.9057,1.0,0.3396,0.4151
null,rad-core-68@uniform,4,52,52,52,0.6154,0.7885,0.7115,0.8077,0.5192,0.3462,0.8269,0.9615,0.6923,0.8654,0.4423,0.5769
null,rad-core-68@mixed,0,39,39,39,0.7436,0.7949,0.4103,0.3846,0.5897,0.7179,0.8718,0.8462,0.4359,0.359,0.9487,0.9744
null,rad-core-68@mixed,1,43,43,43,0.6047,0.5581,0.6279,0.3023,0.3256,0.3953,0.6512,0.5349,0.8605,0.7442,1.0,0.3721
null,rad-core-68@mixed,2,49,49,49,0.3265,0.6531,0.551,0.7755,0.4286,0.3061,0.551,0.7755,0.8776,0.8163,0.2653,0.2245
null,rad-core-68@mixed,3,39,39,39,0.5385,0.4615,0.5385,0.4103,0.5641,0.4359,0.8462,0.8718,0.7179,0.9744,0.5897,0.8718
null,rad-core-68@mixed,4,41,41,41,0.6585,0.9024,0.6585,0.7317,0.5854,0.3415,0.9268,0.9024,0.2439,1.0,0.3171,0.7073
triple,takeoff,0,19,19,19,1.0,1.0,1.0,1.0,1.0,1.0,0.9474,0.9474,0.8947,0.8947,1.0,0.8947
triple,takeoff,1,15,15,15,1.0,1.0,1.0,1.0,1.0,1.0,0.9333,1.0,0.9333,0.8667,1.0,1.0
triple,takeoff,2,23,23,23,1.0,1.0,1.0,1.0,1.0,1.0,1.0,1.0,1.0,0.9565,1.0,1.0
triple,takeoff,3,16,16,16,1.0,1.0,1.0,1.0,1.0,1.0,1.0,1.0,1.0,1.0,1.0,0.875
triple,takeoff,4,20,20,20,1.0,1.0,1.0,1.0,1.0,1.0,1.0,0.9,0.9,0.95,0.85,1.0
triple,takeoff,5,29,29,29,1.0,1.0,1.0,1.0,1.0,1.0,0.7241,0.8966,0.931,0.8621,1.0,0.8966
triple,takeoff,6,20,20,20,1.0,1.0,1.0,1.0,1.0,1.0,0.9,1.0,0.9,0.8,1.0,1.0
triple,takeoff,7,19,19,19,1.0,1.0,1.0,1.0,1.0,1.0,1.0,1.0,0.8421,0.7895,0.7368,1.0
triple,takeoff,8,24,24,24,1.0,1.0,1.0,1.0,1.0,1.0,0.75,0.75,1.0,0.7917,0.9167,0.5417
triple,takeoff,9,19,19,19,1.0,1.0,1.0,1.0,1.0,1.0,0.8947,0.9474,0.8421,0.8947,1.0,0.8421
triple,takeoff,10,26,26,26,1.0,1.0,1.0,1.0,1.0,1.0,1.0,1.0,0.9231,0.9231,0.9231,0.8846
triple,takeoff,11,20,20,20,1.0,1.0,1.0,1.0,1.0,1.0,0.95,1.0,0.95,1.0,0.9,0.85
triple,takeoff,12,23,23,23,1.0,1.0,1.0,1.0,1.0,1.0,1.0,1.0,1.0,1.0,0.9565,1.0
triple,takeoff,13,24,24,24,1.0,1.0,1.0,1.0,1.0,1.0,0.9167,0.9583,0.8333,0.875,0.875,0.9583
triple,takeoff,14,20,20,20,1.0,1.0,1.0,1.0,1.0,1.0,0.85,0.85,0.8,1.0,0.85,1.0
xtriple,takeoff,0,15,15,15,1.0,1.0,1.0,1.0,1.0,1.0,1.0,0.9333,0.9333,0.9333,1.0,1.0
xtriple,takeoff,1,20,20,20,1.0,1.0,1.0,1.0,1.0,1.0,1.0,0.75,0.95,0.65,0.95,0.95
xtriple,takeoff,2,23,23,23,1.0,1.0,1.0,1.0,1.0,1.0,0.913,0.9565,0.8261,1.0,1.0,0.913
xtriple,takeoff,3,20,20,20,1.0,1.0,1.0,1.0,1.0,1.0,0.95,0.95,0.9,1.0,0.9,1.0
xtriple,takeoff,4,22,22,22,1.0,1.0,1.0,1.0,1.0,1.0,0.7727,0.9545,0.8182,0.9091,0.9545,0.5455
xtriple,takeoff,5,16,16,16,1.0,1.0,1.0,1.0,1.0,1.0,1.0,1.0,1.0,1.0,0.9375,0.75
xtriple,takeoff,6,19,19,19,1.0,1.0,1.0,1.0,1.0,1.0,0.8947,0.8947,0.6842,0.7895,0.8421,1.0
xtriple,takeoff,7,20,20,20,1.0,1.0,1.0,1.0,1.0,1.0,1.0,1.0,0.95,1.0,0.95,0.9
xtriple,takeoff,8,28,28,28,1.0,1.0,1.0,1.0,1.0,1.0,0.9286,1.0,0.75,0.8571,1.0,0.8571
xtriple,takeoff,9,19,19,19,1.0,1.0,1.0,1.0,1.0,1.0,0.7895,0.9474,0.8947,0.9474,1.0,0.9474
xtriple,takeoff,10,20,20,20,1.0,1.0,1.0,1.0,1.0,1.0,0.95,0.9,0.9,0.95,0.9,0.9
xtriple,takeoff,11,25,25,25,1.0,1.0,1.0,1.0,1.0,1.0,0.8,0.88,0.88,0.8,0.96,0.88
xtriple,takeoff,12,28,28,28,1.0,1.0,1.0,1.0,1.0,1.0,0.9643,0.9643,0.8929,1.0,0.6429,0.8214
xtriple,takeoff,13,20,20,20,1.0,1.0,1.0,1.0,1.0,1.0,1.0,1.0,0.95,0.95,0.7,0.9
xtriple,takeoff,14,24,24,24,1.0,1.0,1.0,1.0,1.0,1.0,1.0,0.875,1.0,0.875,0.7917,0.9583
null,takeoff@directed,0,19,19,19,1.0,1.0,1.0,1.0,1.0,1.0,1.0,1.0,1.0,1.0,1.0,1.0
null,takeoff@directed,1,22,22,22,1.0,1.0,1.0,1.0,1.0,1.0,1.0,1.0,0.9545,0.9091,1.0,0.9091
null,takeoff@directed,2,28,28,28,1.0,1.0,1.0,1.0,1.0,1.0,0.9643,0.9286,0.8571,0.9643,1.0,1.0
null,takeoff@directed,3,19,19,19,1.0,1.0,1.0,1.0,1.0,1.0,0.7895,1.0,1.0,1.0,0.7895,0.6316
null,takeoff@directed,4,25,25,25,1.0,1.0,1.0,1.0,1.0,1.0,1.0,0.92,0.88,0.92,0.92,0.88
null,takeoff@uniform,0,15,15,15,1.0,1.0,1.0,1.0,1.0,1.0,0.8,1.0,0.8667,1.0,1.0,0.9333
null,takeoff@uniform,1,16,16,16,1.0,1.0,1.0,1.0,1.0,1.0,1.0,1.0,1.0,0.9375,0.9375,1.0
null,takeoff@uniform,2,19,19,19,1.0,1.0,1.0,1.0,1.0,1.0,0.5789,0.7368,0.7368,0.8947,1.0,1.0
null,takeoff@uniform,3,20,20,20,1.0,1.0,1.0,1.0,1.0,1.0,0.85,0.9,1.0,1.0,0.9,0.9
null,takeoff@uniform,4,20,20,20,1.0,1.0,1.0,1.0,1.0,1.0,0.9,0.85,0.9,0.95,0.8,0.85
null,takeoff@mixed,0,20,20,20,1.0,1.0,1.0,1.0,1.0,1.0,0.95,1.0,0.95,1.0,1.0,0.95
null,takeoff@mixed,1,22,22,22,1.0,1.0,1.0,1.0,1.0,1.0,1.0,1.0,0.9545,0.8636,0.9545,0.9545
null,takeoff@mixed,2,20,20,20,1.0,1.0,1.0,1.0,1.0,1.0,1.0,0.9,0.95,1.0,1.0,1.0
null,takeoff@mixed,3,21,21,21,1.0,1.0,1.0,1.0,1.0,1.0,0.9524,0.9048,1.0,1.0,0.9524,0.9524
null,takeoff@mixed,4,23,23,23,1.0,1.0,1.0,1.0,1.0,1.0,0.913,0.913,1.0,0.8696,0.7826,0.7391
triple,fsm-combined,15,23,23,23,0.7826,0.913,0.8261,0.8261,0.5652,0.8696,0.2609,0.4783,0.3043,0.2609,0.3043,0.087
triple,fsm-combined,16,20,20,20,0.35,0.45,0.8,0.4,0.8,0.4,0.35,0.4,0.4,0.35,0.45,0.25
triple,fsm-combined,17,18,18,18,1.0,0.6667,0.5,0.5556,0.8333,0.8333,0.5,0.6667,0.5,0.3889,0.3889,0.3333
triple,fsm-combined,18,30,30,30,0.2667,0.4333,0.2,0.1333,1.0,0.9667,0.0667,0.4333,0.1333,0.1667,0.7,0.1333
triple,fsm-combined,19,17,17,17,0.7059,0.4706,1.0,0.5882,1.0,0.8824,0.3529,0.5882,0.4118,0.2941,0.4118,0.5294
triple,fsm-combined,20,17,17,17,0.5294,0.8824,0.4118,0.7059,0.9412,0.6471,0.7059,0.8824,0.6471,0.7647,0.7647,0.8235
triple,fsm-combined,21,12,12,12,0.9167,0.6667,0.9167,0.9167,0.5,0.8333,1.0,0.6667,0.75,0.6667,0.75,0.8333
triple,fsm-combined,22,19,19,19,1.0,0.8947,0.8947,0.8947,0.4211,0.3158,0.6842,0.4737,0.9474,0.6316,0.1579,0.1579
triple,fsm-combined,23,27,27,27,0.9259,0.3333,0.7407,0.7778,0.6667,0.7778,0.1111,0.4444,0.4074,0.2593,0.3333,0.2593
triple,fsm-combined,24,36,36,36,0.1111,0.5,0.8889,0.9167,0.6111,0.0556,0.0833,0.1389,0.1389,0.1944,0.1944,0.0833
triple,fsm-combined,25,25,25,25,0.92,0.48,0.68,0.36,0.76,0.4,0.4,0.2,0.6,0.12,0.4,0.4
triple,fsm-combined,26,18,18,18,1.0,1.0,0.7778,0.8889,0.3889,0.2778,0.5,0.5556,0.7778,0.8889,0.2778,0.5
triple,fsm-combined,27,25,25,25,0.52,0.56,0.8,0.76,0.56,0.8,0.72,0.44,0.68,0.6,0.56,0.56
triple,fsm-combined,28,22,22,22,0.8182,0.7727,0.1818,0.3182,0.7273,0.5,0.2727,0.3636,0.1818,0.1364,0.4545,0.1818
triple,fsm-combined,29,33,33,33,0.7273,0.3333,0.9394,0.697,0.6061,0.303,0.3636,0.2727,0.5758,0.3939,0.4545,0.2424
xtriple,fsm-combined,0,24,24,24,0.375,0.625,0.6667,0.9583,0.6667,0.5833,0.4167,0.5,0.2083,0.5417,0.3333,0.375
xtriple,fsm-combined,1,18,18,18,0.7778,0.9444,0.8333,0.3889,0.8333,0.5,0.5,0.7222,0.5,0.3889,0.6667,0.3889
xtriple,fsm-combined,2,23,23,23,0.3913,0.7826,0.6957,0.9565,0.5652,1.0,0.087,0.6087,0.3478,0.3043,0.3478,0.1304
xtriple,fsm-combined,3,18,18,18,0.5556,0.8333,0.6111,0.5556,0.8889,0.6111,0.6111,0.9444,0.4444,0.5,0.9444,0.6111
xtriple,fsm-combined,4,17,17,17,0.4118,0.7059,0.8235,0.6471,0.9412,0.9412,0.5882,0.2941,0.6471,0.3529,0.7647,0.7647
xtriple,fsm-combined,5,25,25,25,0.56,0.84,0.4,0.64,0.56,0.56,0.48,0.72,0.16,0.28,0.36,0.24
xtriple,fsm-combined,6,25,25,25,0.56,0.56,0.56,0.8,0.8,0.48,0.56,0.44,0.44,0.72,0.36,0.92
xtriple,fsm-combined,7,12,12,12,0.4167,0.6667,0.5833,0.9167,0.5833,0.5,0.25,0.6667,0.25,0.4167,0.75,0.6667
xtriple,fsm-combined,8,19,19,19,0.5789,0.6842,1.0,0.7895,0.7368,0.7368,0.4211,0.5789,0.5263,0.5263,0.1579,0.2105
xtriple,fsm-combined,9,33,33,33,0.3939,0.3939,0.4242,0.6364,0.6364,0.8485,0.2121,0.3636,0.1818,0.5758,0.5455,0.3636
xtriple,fsm-combined,10,18,18,18,0.4444,0.7778,0.7778,0.6111,0.7778,0.7778,0.1111,0.6667,0.3889,0.3333,0.3333,0.2222
xtriple,fsm-combined,11,33,33,33,0.7879,0.4848,0.9394,0.5758,0.8182,0.1212,0.2727,0.3636,0.1818,0.1818,0.3333,0.1818
xtriple,fsm-combined,12,25,25,25,0.32,0.4,0.48,0.4,0.28,0.76,0.24,0.16,0.2,0.24,0.4,0.44
xtriple,fsm-combined,13,23,23,23,0.4783,0.8696,0.5217,0.8261,0.2609,0.2609,0.3043,0.2609,0.5652,0.6087,0.3478,0.5652
xtriple,fsm-combined,14,22,22,22,0.8182,0.7273,1.0,0.8636,0.8182,0.7273,0.5,0.5455,0.4091,0.7273,0.6364,0.6818
null,fsm-combined@directed,0,20,20,20,0.8,0.65,0.65,0.8,0.95,1.0,0.2,0.45,0.45,0.45,0.55,0.4
null,fsm-combined@directed,1,17,17,17,0.5882,0.9412,0.8824,0.9412,0.9412,0.8824,0.4706,0.7059,0.4118,0.6471,0.8235,0.7647
null,fsm-combined@directed,2,23,23,23,0.6522,0.913,0.6957,0.7826,0.4348,0.2609,0.7391,0.3913,0.5652,0.3478,0.1304,0.3913
null,fsm-combined@directed,3,25,25,25,0.44,0.6,0.68,0.68,0.88,0.96,0.28,0.8,0.2,0.56,0.48,0.8
null,fsm-combined@directed,4,23,23,23,0.913,0.8261,0.6957,0.913,0.6087,0.1739,0.5217,0.6957,0.3478,0.2609,0.4348,0.3478
null,fsm-combined@uniform,0,18,18,18,0.9444,0.8333,0.0,0.6111,0.7222,0.2222,0.2222,0.3333,0.0,0.3889,0.1667,0.2222
null,fsm-combined@uniform,1,17,17,17,0.2941,0.4118,0.4706,0.7059,0.8235,0.7059,0.4706,0.7059,0.1765,0.5294,0.4118,0.2941
null,fsm-combined@uniform,2,24,24,24,0.75,1.0,0.7083,0.25,0.9167,0.7917,0.625,0.4583,0.7083,0.375,0.625,0.2917
null,fsm-combined@uniform,3,18,18,18,0.6667,0.8889,0.7222,0.4444,0.1667,0.5,0.7222,0.1667,0.1111,0.3333,0.0556,0.6667
null,fsm-combined@uniform,4,27,27,27,0.8889,0.8519,0.7037,0.4444,0.963,0.963,0.4074,0.5926,0.3704,0.2593,0.5185,0.5185
null,fsm-combined@mixed,0,24,24,24,0.25,0.7917,0.9167,0.7917,0.75,0.4167,0.7083,0.7083,0.5,0.7083,0.375,0.2083
null,fsm-combined@mixed,1,18,18,18,0.8889,0.9444,0.8889,0.8889,0.5,0.6667,0.2778,0.7778,0.1667,0.2778,0.5556,0.2222
null,fsm-combined@mixed,2,12,12,12,0.6667,0.5833,0.6667,0.4167,0.5833,0.5,0.8333,0.75,0.4167,0.4167,1.0,0.4167
null,fsm-combined@mixed,3,33,33,33,0.5758,0.7879,0.5758,0.7576,0.3333,0.1818,0.2727,0.2121,0.5758,0.4242,0.3939,0.0909
null,fsm-combined@mixed,4,22,22,22,0.7273,0.7727,0.4545,0.5909,0.9545,0.9545,0.6364,0.3182,0.6364,0.3636,0.8636,0.7727
triple,fsm-timing,15,39,39,39,0.641,0.7692,0.6667,0.7692,0.8718,0.8718,0.8462,0.9487,0.8718,1.0,0.6923,0.7949
triple,fsm-timing,16,25,25,25,0.84,0.64,0.8,0.68,0.88,0.68,0.92,0.96,0.64,0.84,0.72,0.8
triple,fsm-timing,17,49,49,49,0.8163,0.6939,0.7143,0.6327,0.7551,0.8367,0.7755,0.8776,0.8367,0.6939,0.898,0.8571
triple,fsm-timing,18,26,26,26,0.5769,0.7692,0.6154,0.7692,0.9231,0.6923,0.7308,0.8846,0.8077,0.8462,0.8846,0.7692
triple,fsm-timing,19,24,24,24,0.9167,0.9583,0.7083,0.8333,0.75,0.7917,1.0,1.0,0.9167,0.9583,0.8333,0.9167
triple,fsm-timing,20,36,36,36,0.8611,0.9444,0.8333,0.75,0.6111,0.6111,0.8611,0.8889,0.75,0.8333,0.7222,0.9444
triple,fsm-timing,21,33,33,33,0.7879,0.8788,0.697,0.5758,0.7879,0.7273,0.303,0.9091,0.4242,0.6061,0.5758,0.4848
triple,fsm-timing,22,34,34,34,0.7647,0.4118,0.7353,0.7353,0.5882,0.7353,0.9412,0.6471,0.6471,0.6176,0.7059,0.6765
triple,fsm-timing,23,36,36,36,0.9167,0.7778,0.7222,0.6667,0.9167,0.9167,0.8889,0.7222,1.0,0.8611,0.9444,0.9444
triple,fsm-timing,24,35,35,35,0.6857,0.7714,0.9714,0.9143,0.5429,0.5143,0.7714,0.8857,0.6857,0.9143,0.6,0.5143
triple,fsm-timing,25,33,33,33,0.7273,0.7879,0.7576,0.7273,0.7576,0.8485,0.697,0.7576,0.697,0.5455,0.9697,0.9091
triple,fsm-timing,26,35,35,35,0.7429,0.6571,0.6857,0.6,0.8286,0.8571,0.8571,0.8286,1.0,0.8571,1.0,0.8
triple,fsm-timing,27,32,32,32,0.75,0.5625,0.8125,0.7188,0.75,0.7188,0.5938,0.8438,0.75,0.625,1.0,0.875
triple,fsm-timing,28,33,33,33,0.7576,0.7576,0.5758,0.5758,0.9091,0.9394,0.8788,0.6061,0.7273,0.4545,0.9091,0.6667
triple,fsm-timing,29,34,34,34,0.5882,0.7647,0.6765,0.7647,0.5588,0.7647,0.3235,0.5882,0.7647,0.7941,0.9118,0.8235
xtriple,fsm-timing,0,33,33,33,0.7576,0.6364,0.5758,0.5455,0.697,0.8182,0.9394,0.8485,0.8788,0.6667,0.8788,0.7273
xtriple,fsm-timing,1,28,28,28,0.5,0.5714,0.8929,0.75,0.8571,0.7857,0.8571,0.75,0.5357,0.75,0.75,0.7857
xtriple,fsm-timing,2,25,25,25,0.52,0.76,0.68,0.64,0.84,0.56,0.8,0.92,0.76,0.84,0.8,0.68
xtriple,fsm-timing,3,26,26,26,0.8077,0.7692,0.8077,0.5385,0.8077,0.7692,0.6923,0.8462,0.7692,0.7692,0.8846,0.8077
xtriple,fsm-timing,4,24,24,24,0.75,0.875,0.8333,0.9167,0.875,0.75,0.7917,0.9583,0.9167,0.9167,0.7083,0.5833
xtriple,fsm-timing,5,30,30,30,0.8333,0.8667,0.7,0.7333,0.5667,0.6333,0.8333,1.0,0.3333,0.9333,0.5333,0.5667
xtriple,fsm-timing,6,33,33,33,0.7576,0.7879,0.6667,0.6667,0.8485,0.7879,0.9697,0.3333,0.6667,0.5758,0.6061,0.9697
xtriple,fsm-timing,7,33,33,33,0.6364,0.6061,0.697,0.6667,0.697,0.6667,0.7879,0.7273,0.9091,0.9091,0.8788,0.9091
xtriple,fsm-timing,8,44,44,44,0.75,0.75,0.6364,0.7045,0.6818,0.7273,0.4091,0.8182,0.5,0.7045,0.6818,0.4318
xtriple,fsm-timing,9,35,35,35,0.7714,0.9429,0.6286,0.4571,0.8857,0.8571,0.8571,0.9143,0.5143,0.4857,0.8286,0.8
xtriple,fsm-timing,10,37,37,37,0.6216,0.4595,0.5405,0.6486,0.7027,0.8378,0.7838,0.7838,0.8919,0.973,0.8378,0.8378
xtriple,fsm-timing,11,33,33,33,0.5152,0.6061,0.8182,0.7576,0.8788,0.7273,0.4242,0.7273,0.7576,0.7576,0.9697,0.7879
xtriple,fsm-timing,12,35,35,35,0.5429,0.5714,0.6286,0.5429,0.8286,0.8571,0.4286,0.5714,0.8,0.7714,0.8286,0.8571
xtriple,fsm-timing,13,32,32,32,0.5,0.7188,0.8438,0.8125,0.7188,0.5,0.7188,0.7812,0.9062,0.9062,0.9688,0.4688
xtriple,fsm-timing,14,33,33,33,0.303,0.3333,0.7273,0.8485,1.0,0.7273,0.5455,0.5758,0.5758,0.8182,0.5758,0.6667
null,fsm-timing@directed,0,28,28,28,0.5,0.6429,0.5714,0.75,0.6429,0.75,0.5714,0.8214,0.9643,0.9286,1.0,0.75
null,fsm-timing@directed,1,24,24,24,0.6667,0.6667,1.0,0.875,0.8333,0.8333,0.8333,0.5417,1.0,0.7917,0.9583,1.0
null,fsm-timing@directed,2,33,33,33,0.7879,0.7879,0.5758,0.697,0.7879,0.7273,1.0,0.8788,0.6061,0.5152,0.7576,0.7879
null,fsm-timing@directed,3,35,35,35,0.9429,0.9714,0.6286,0.8286,0.5714,0.7429,0.9429,0.9714,0.5143,0.8571,0.5429,0.9429
null,fsm-timing@directed,4,39,39,39,0.7179,0.4615,0.7179,0.4872,0.8718,0.8974,1.0,0.4359,0.8974,0.6667,0.8462,0.8974
null,fsm-timing@uniform,0,33,33,33,0.8788,0.697,0.5152,0.6364,0.697,0.7273,0.8788,0.8182,0.8182,0.9091,0.7576,0.8182
null,fsm-timing@uniform,1,36,36,36,0.6667,0.75,0.5278,0.3889,0.7778,0.9444,0.9444,0.8333,0.8333,0.7222,0.8611,0.8611
null,fsm-timing@uniform,2,34,34,34,0.6765,0.5294,0.7353,0.6765,0.5588,0.6471,0.7941,0.6471,0.5588,0.7941,0.5588,0.9118
null,fsm-timing@uniform,3,37,37,37,0.8378,0.7568,0.7027,0.6757,0.7027,0.7568,0.9189,0.7027,0.6486,0.5405,0.6486,0.7568
null,fsm-timing@uniform,4,34,34,34,0.8529,0.6471,0.5294,0.5,0.6765,0.7353,0.7941,0.6765,0.9118,0.7941,1.0,0.9412
null,fsm-timing@mixed,0,25,25,25,0.72,0.84,0.68,0.72,0.76,0.68,0.84,0.8,0.6,0.76,0.76,0.96
null,fsm-timing@mixed,1,30,30,30,0.9667,0.8667,0.6333,0.5,0.8,0.8,0.9667,0.8,0.9,0.6667,0.9,0.8667
null,fsm-timing@mixed,2,33,33,33,0.6667,0.6667,0.3636,0.6667,0.8788,0.6667,0.7576,0.7879,0.7273,0.7273,0.9697,0.9697
null,fsm-timing@mixed,3,33,33,33,0.5152,0.4848,0.6364,0.7879,0.697,0.7879,0.7576,0.6364,0.7273,0.8788,0.6667,0.8788
null,fsm-timing@mixed,4,32,32,32,0.875,0.5312,0.875,0.8438,0.7812,0.8438,0.5938,0.5,0.6562,0.8125,0.9062,0.4688
triple,fsm,15,10,10,10,0.9,0.9,1.0,1.0,1.0,1.0,1.0,0.8,1.0,0.8,0.8,0.9
triple,fsm,16,11,11,11,1.0,1.0,1.0,1.0,0.9091,1.0,1.0,0.9091,0.6364,1.0,0.6364,0.9091
triple,fsm,17,9,9,9,1.0,0.8889,0.6667,0.7778,1.0,1.0,0.7778,0.7778,0.4444,1.0,0.7778,0.8889
triple,fsm,18,14,14,14,0.9286,1.0,1.0,1.0,0.8571,1.0,0.8571,1.0,0.9286,1.0,1.0,1.0
triple,fsm,19,14,14,14,0.9286,0.7857,0.7143,0.8571,0.7857,1.0,0.9286,1.0,0.7857,0.5714,0.8571,1.0
triple,fsm,20,15,15,15,0.8,0.8667,0.8667,1.0,0.8,0.8,0.6667,0.8667,0.5333,0.9333,0.5333,0.6667
triple,fsm,21,14,14,14,1.0,0.7857,0.5714,0.6429,0.6429,0.7143,0.6429,0.7143,0.2143,0.7857,0.7143,0.9286
triple,fsm,22,12,12,12,0.9167,0.9167,1.0,1.0,0.75,0.8333,1.0,0.6667,1.0,0.9167,0.4167,0.25
triple,fsm,23,9,9,9,0.8889,0.8889,0.7778,0.8889,1.0,1.0,1.0,1.0,0.6667,0.8889,1.0,1.0
triple,fsm,24,18,18,18,0.8333,0.8889,0.9444,0.9444,0.8889,0.7778,0.8889,1.0,0.6111,0.7778,0.7222,1.0
triple,fsm,25,12,12,12,1.0,1.0,0.6667,0.9167,0.6667,0.75,1.0,0.8333,0.75,0.9167,0.75,1.0
triple,fsm,26,17,17,17,0.8235,0.9412,0.5882,0.9412,0.6471,0.7059,0.6471,0.8824,0.4706,0.6471,0.4118,0.5882
triple,fsm,27,15,15,15,1.0,0.8667,1.0,0.8667,0.9333,0.9333,0.4667,0.4,0.9333,0.6667,0.6667,0.9333
triple,fsm,28,12,12,12,0.9167,1.0,0.9167,0.9167,1.0,0.9167,1.0,0.8333,0.8333,0.9167,1.0,1.0
triple,fsm,29,14,14,14,0.9286,0.7857,0.8571,0.5714,1.0,1.0,1.0,0.5714,1.0,0.6429,1.0,0.8571
xtriple,fsm,0,13,13,13,0.8462,0.9231,0.8462,0.9231,1.0,0.9231,0.9231,1.0,0.8462,0.9231,0.7692,1.0
xtriple,fsm,1,11,11,11,1.0,1.0,0.6364,0.8182,0.9091,1.0,1.0,0.9091,0.4545,1.0,0.5455,0.9091
xtriple,fsm,2,9,9,9,0.8889,1.0,1.0,1.0,1.0,0.8889,1.0,1.0,1.0,0.7778,1.0,0.8889
xtriple,fsm,3,16,16,16,0.875,1.0,0.8125,0.9375,0.9375,0.8125,0.9375,1.0,0.625,0.875,0.75,0.875
xtriple,fsm,4,14,14,14,0.7143,0.6429,0.9286,0.8571,1.0,0.8571,0.7143,0.7857,0.5714,0.8571,0.8571,1.0
xtriple,fsm,5,14,14,14,0.9286,0.9286,1.0,0.9286,0.9286,0.9286,0.7143,0.9286,0.7857,0.8571,0.6429,0.7143
xtriple,fsm,6,9,9,9,0.5556,0.6667,1.0,1.0,1.0,0.7778,0.6667,0.5556,1.0,1.0,0.6667,0.6667
xtriple,fsm,7,12,12,12,1.0,1.0,0.75,0.9167,0.25,0.6667,0.8333,0.75,0.6667,0.9167,0.4167,0.8333
xtriple,fsm,8,11,11,11,1.0,0.9091,0.8182,0.8182,0.8182,0.7273,1.0,1.0,0.8182,1.0,0.7273,0.9091
xtriple,fsm,9,17,17,17,0.9412,1.0,0.8235,0.9412,0.7647,0.8235,1.0,0.8824,0.6471,0.8824,0.4118,0.7647
xtriple,fsm,10,12,12,12,1.0,1.0,0.75,0.9167,0.5833,0.9167,1.0,0.9167,0.8333,1.0,0.75,1.0
xtriple,fsm,11,14,14,14,0.9286,1.0,0.7857,0.8571,0.5714,0.7143,0.7857,0.6429,0.5,0.7857,0.7857,0.9286
xtriple,fsm,12,12,12,12,0.9167,0.9167,0.9167,0.9167,1.0,0.9167,0.5,0.3333,0.8333,0.75,0.9167,0.9167
xtriple,fsm,13,12,12,12,0.8333,0.9167,0.75,0.75,0.9167,0.9167,1.0,0.8333,0.8333,0.8333,0.9167,0.5833
xtriple,fsm,14,16,16,16,0.75,0.875,0.9375,1.0,1.0,1.0,1.0,0.9375,0.8125,1.0,0.9375,0.875
null,fsm@directed,0,9,9,9,0.5556,0.7778,1.0,1.0,1.0,0.8889,0.8889,1.0,0.8889,1.0,1.0,0.8889
null,fsm@directed,1,16,16,16,1.0,0.9375,0.9375,0.8125,0.9375,0.9375,0.9375,0.6875,0.8125,0.8125,0.75,0.8125
null,fsm@directed,2,11,11,11,1.0,1.0,0.9091,0.9091,1.0,1.0,1.0,0.4545,1.0,0.7273,1.0,0.5455
null,fsm@directed,3,12,12,12,0.8333,0.8333,0.9167,1.0,1.0,1.0,0.8333,1.0,0.9167,0.9167,0.9167,0.8333
null,fsm@directed,4,12,12,12,1.0,0.8333,1.0,1.0,0.9167,0.8333,0.4167,0.4167,1.0,0.9167,1.0,1.0
null,fsm@uniform,0,10,10,10,1.0,1.0,0.8,0.9,0.8,0.9,0.9,0.9,1.0,1.0,0.8,1.0
null,fsm@uniform,1,15,15,15,1.0,0.8667,0.2,0.3333,0.8667,1.0,0.6667,0.6667,0.1333,0.2,0.8,0.5333
null,fsm@uniform,2,16,16,16,0.6875,0.9375,1.0,1.0,0.875,0.5625,0.4375,0.875,0.9375,0.9375,1.0,0.5
null,fsm@uniform,3,19,19,19,1.0,1.0,0.5789,0.9474,0.7368,0.9474,1.0,0.9474,0.6316,1.0,0.6316,0.7368
null,fsm@uniform,4,12,12,12,0.6667,0.6667,1.0,1.0,0.75,0.5833,0.8333,1.0,0.9167,0.9167,1.0,0.8333
null,fsm@mixed,0,11,11,11,0.7273,0.7273,0.7273,0.9091,1.0,1.0,0.5455,0.6364,0.9091,0.6364,0.9091,1.0
null,fsm@mixed,1,14,14,14,1.0,0.9286,0.8571,1.0,0.8571,0.7143,0.7857,0.9286,1.0,0.9286,0.8571,0.5
null,fsm@mixed,2,9,9,9,0.6667,0.7778,1.0,0.6667,1.0,1.0,1.0,1.0,1.0,0.6667,1.0,1.0
null,fsm@mixed,3,14,14,14,1.0,0.9286,0.8571,0.8571,0.8571,0.7857,0.9286,1.0,0.9286,0.8571,0.9286,0.7857
null,fsm@mixed,4,14,14,14,0.9286,0.8571,0.7857,0.9286,1.0,1.0,1.0,0.7143,0.9286,0.5714,1.0,0.9286
triple,mode-arbiter,15,23,23,23,0.6522,0.6522,1.0,1.0,1.0,0.913,0.6957,0.6957,0.913,0.9565,0.9565,0.8261
triple,mode-arbiter,16,30,30,30,0.7333,0.8667,0.9667,1.0,0.8667,0.7,0.7667,0.7,1.0,0.9667,0.8667,0.8
triple,mode-arbiter,17,21,21,21,0.5714,0.8571,0.9524,1.0,0.9524,0.8095,0.7143,0.7619,0.8571,1.0,1.0,0.8571
triple,mode-arbiter,18,23,23,23,0.8696,0.8696,0.6087,0.7391,0.9565,0.8696,0.5652,0.8696,0.6522,0.6087,0.913,0.5217
triple,mode-arbiter,19,18,18,18,0.8333,0.7778,0.8333,0.9444,0.8889,0.9444,0.8889,0.6667,0.8889,1.0,1.0,1.0
triple,mode-arbiter,20,32,32,32,0.5625,0.6562,0.9062,0.8125,0.9688,0.9062,0.625,0.625,0.8125,0.9062,0.7812,0.7188
triple,mode-arbiter,21,25,25,25,0.6,0.8,0.96,0.96,0.92,1.0,0.48,0.76,0.64,0.76,0.88,0.72
triple,mode-arbiter,22,24,24,24,0.8333,0.7917,0.875,0.8333,0.9167,1.0,0.7917,0.875,0.8333,1.0,0.8333,0.8333
triple,mode-arbiter,23,21,21,21,0.8571,0.8571,0.8571,0.8571,0.9524,0.9048,0.7143,0.9048,0.8095,0.5714,0.7143,0.7143
triple,mode-arbiter,24,29,29,29,0.7931,0.7586,0.8966,0.8621,1.0,0.7931,0.6207,0.7241,1.0,0.7931,0.7241,0.7931
triple,mode-arbiter,25,23,23,23,0.913,0.9565,1.0,0.7826,0.9565,0.8696,0.9565,0.8261,1.0,0.913,0.8261,0.7391
triple,mode-arbiter,26,29,29,29,0.6897,0.3793,1.0,0.8621,0.931,0.8966,0.8621,0.5517,0.7931,0.9655,0.5862,0.8621
triple,mode-arbiter,27,32,32,32,1.0,0.875,0.7188,0.7812,0.8438,0.6875,0.8125,0.8125,0.6562,0.7188,0.6875,0.625
triple,mode-arbiter,28,12,12,12,1.0,1.0,1.0,0.9167,1.0,0.8333,0.9167,0.5833,1.0,1.0,1.0,1.0
triple,mode-arbiter,29,27,27,27,0.8889,0.8889,1.0,0.963,0.9259,0.9259,0.8519,0.8519,0.9259,0.9259,0.7778,0.7778
xtriple,mode-arbiter,0,33,33,33,0.8485,0.8788,0.9697,1.0,0.9697,0.7879,0.697,0.9394,0.9394,0.9394,0.9091,0.8182
xtriple,mode-arbiter,1,23,23,23,0.8261,0.8696,0.913,0.7391,0.9565,0.9565,0.6522,0.8261,0.9565,0.6957,0.9565,0.7391
xtriple,mode-arbiter,2,21,21,21,0.9048,0.7143,0.9048,0.7619,0.9048,0.9524,0.6667,0.6667,0.9524,0.9524,0.8571,0.8095
xtriple,mode-arbiter,3,23,23,23,0.6522,0.7826,1.0,1.0,0.8696,0.7826,0.5652,0.7391,0.8696,0.9565,0.7826,0.913
xtriple,mode-arbiter,4,18,18,18,0.7778,0.9444,0.8333,0.8333,0.9444,0.8333,0.6667,0.7778,0.7778,0.8333,0.6111,0.5556
xtriple,mode-arbiter,5,25,25,25,0.68,0.92,0.72,0.8,0.96,0.84,0.56,0.8,0.52,0.56,0.96,0.84
xtriple,mode-arbiter,6,25,25,25,0.68,0.8,0.52,0.8,0.76,0.84,0.24,0.48,0.4,0.72,0.64,0.72
xtriple,mode-arbiter,7,35,35,35,0.9143,0.8286,0.9714,0.9143,0.8857,0.9143,0.6857,0.6857,0.8571,0.6857,0.8857,0.6857
xtriple,mode-arbiter,8,21,21,21,0.6667,0.7619,1.0,0.8571,0.9524,0.7619,0.7619,1.0,0.9048,0.8571,0.7619,0.8095
xtriple,mode-arbiter,9,29,29,29,0.4483,0.7241,0.7931,0.6552,0.9655,0.7931,0.4483,0.6552,0.6207,0.6552,0.931,0.7241
xtriple,mode-arbiter,10,23,23,23,0.8696,1.0,0.8696,0.913,0.9565,0.8696,0.8261,0.7826,0.7391,0.913,0.8696,1.0
xtriple,mode-arbiter,11,29,29,29,0.5517,0.5517,0.8966,0.6897,0.9655,0.7586,0.7586,0.6897,0.6897,0.8276,0.6897,0.8621
xtriple,mode-arbiter,12,28,28,28,0.7857,0.8929,0.8929,0.9643,0.9286,0.6786,0.8929,1.0,0.7143,0.8571,0.8571,0.7143
xtriple,mode-arbiter,13,12,12,12,1.0,1.0,0.8333,0.9167,0.9167,1.0,0.5833,0.5833,0.6667,0.75,0.9167,0.9167
xtriple,mode-arbiter,14,27,27,27,0.8519,0.9259,0.8519,0.8889,0.8889,0.8519,0.8889,1.0,0.8519,0.8519,0.8889,0.8519
null,mode-arbiter@directed,0,21,21,21,0.9048,0.8095,0.9048,0.9048,0.8571,0.7619,0.9524,0.6667,1.0,0.7143,1.0,0.9524
null,mode-arbiter@directed,1,18,18,18,0.9444,1.0,0.8889,0.9444,0.5,0.6111,0.8333,0.6111,0.8889,0.7222,0.7778,0.6667
null,mode-arbiter@directed,2,21,21,21,0.7143,0.9048,0.9048,1.0,0.6667,0.9524,0.7143,0.7143,0.7143,0.9048,0.9524,0.9524
null,mode-arbiter@directed,3,23,23,23,0.7391,0.8261,1.0,1.0,0.8696,0.7826,0.8261,0.6087,0.8696,1.0,0.7391,0.9565
null,mode-arbiter@directed,4,12,12,12,0.9167,1.0,1.0,1.0,1.0,1.0,0.8333,0.8333,0.8333,0.9167,1.0,1.0
null,mode-arbiter@uniform,0,34,34,34,0.8824,0.9412,0.9706,0.9118,1.0,0.9706,0.8824,0.9118,0.8529,0.7353,0.8824,0.8824
null,mode-arbiter@uniform,1,42,42,42,0.619,0.6667,0.9048,0.881,0.9286,0.7857,0.7619,0.7143,0.7381,0.7619,0.8333,0.7143
null,mode-arbiter@uniform,2,35,35,35,0.9714,1.0,0.7429,0.8857,0.8286,0.9143,0.8,0.8286,0.7143,0.8571,0.8,0.7714
null,mode-arbiter@uniform,3,36,36,36,0.6667,0.9167,0.75,0.8611,0.9444,0.75,0.6944,0.8889,0.6667,0.7222,0.8333,0.8056
null,mode-arbiter@uniform,4,32,32,32,0.625,0.8125,0.9062,0.875,1.0,0.8125,0.75,0.8438,0.75,0.75,0.8125,0.8438
null,mode-arbiter@mixed,0,23,23,23,0.8696,0.9565,1.0,1.0,0.913,0.8696,1.0,0.9565,0.8696,0.9565,0.6087,0.913
null,mode-arbiter@mixed,1,25,25,25,1.0,0.84,0.84,0.68,0.92,0.84,0.88,0.96,1.0,0.92,0.76,0.72
null,mode-arbiter@mixed,2,24,24,24,0.9583,0.8333,0.9167,0.9167,0.9583,0.9167,0.9583,1.0,0.9167,0.875,0.8333,0.875
null,mode-arbiter@mixed,3,33,33,33,0.8182,0.9091,0.9697,0.9091,0.8485,0.7879,0.8788,0.8182,0.9697,0.8788,0.7273,0.8182
null,mode-arbiter@mixed,4,28,28,28,0.6071,0.75,0.8929,0.8929,0.8214,0.8929,0.7143,0.75,0.5714,0.8571,0.6429,0.8571
triple,rad-core-1-18,15,48,48,48,0.4583,0.5833,0.6042,0.3333,0.875,0.6875,0.25,0.375,0.2708,0.3958,0.5625,0.6042
triple,rad-core-1-18,16,58,58,58,0.431,0.4828,0.7931,0.7414,0.7069,0.5345,0.3793,0.2241,0.6897,0.569,0.6897,0.7759
triple,rad-core-1-18,17,58,58,58,0.569,0.5345,0.6897,0.6724,0.3966,0.5345,0.7759,0.3966,0.6897,0.6724,0.431,0.6379
triple,rad-core-1-18,18,54,54,54,0.6667,0.6852,0.5,0.5556,0.3519,0.537,0.8519,0.8148,0.4259,0.5,0.6852,0.6296
triple,rad-core-1-18,19,35,35,35,0.6,0.7429,0.7143,0.8,0.5429,0.7429,0.3429,0.5714,0.7714,0.9429,0.7429,0.6286
triple,rad-core-1-18,20,62,62,62,0.5484,0.6774,0.5,0.9032,0.371,0.7097,0.6613,0.6452,0.7419,0.7742,0.5645,0.6613
triple,rad-core-1-18,21,39,39,39,0.5641,0.9231,0.641,0.7436,0.7949,0.7179,0.4872,0.3077,0.8718,0.5128,0.7692,0.6923
triple,rad-core-1-18,22,61,61,61,0.5082,0.4426,0.2459,0.3934,0.6066,0.6721,0.3934,0.5082,0.5902,0.7377,0.5246,0.4098
triple,rad-core-1-18,23,54,54,54,0.3519,0.5556,0.4074,0.4259,0.3889,0.5556,0.6111,0.7222,0.2593,0.5926,0.4259,0.6296
triple,rad-core-1-18,24,43,43,43,0.6047,0.5581,0.7907,0.7442,0.7674,0.5814,0.6512,0.3256,0.6744,0.4419,0.7209,0.6279
triple,rad-core-1-18,25,37,37,37,0.7838,0.4865,0.3243,0.2973,0.6486,0.7297,0.8108,0.1892,0.3243,0.4054,0.8108,0.8378
triple,rad-core-1-18,26,44,44,44,0.5455,0.4773,0.6591,0.6591,0.5455,0.4773,0.6818,0.5909,0.4773,0.6591,0.8182,0.75
triple,rad-core-1-18,27,54,54,54,0.5926,0.463,0.5926,0.537,0.5741,0.6111,0.8333,0.7963,0.7037,0.5926,0.7593,0.537
triple,rad-core-1-18,28,54,54,54,0.6296,0.4259,0.4815,0.3333,0.8333,0.8333,0.7963,0.3519,0.4259,0.5926,0.537,0.5926
triple,rad-core-1-18,29,70,70,70,0.5286,0.4714,0.5143,0.3714,0.7143,0.6286,0.6857,0.6,0.6143,0.7286,0.6857,0.7143
xtriple,rad-core-1-18,0,58,58,58,0.3621,0.431,0.7759,0.6724,0.5172,0.5172,0.2759,0.2414,0.6379,0.6724,0.6897,0.5517
xtriple,rad-core-1-18,1,48,48,48,0.625,0.4583,0.6667,0.5625,0.6458,0.6667,0.6042,0.375,0.7292,0.75,0.625,0.8125
xtriple,rad-core-1-18,2,56,56,56,0.4286,0.4107,0.5,0.5179,0.5714,0.5357,0.1964,0.2679,0.4643,0.3929,0.5714,0.5714
xtriple,rad-core-1-18,3,35,35,35,0.7429,0.8571,0.6857,0.8286,0.2857,0.6,0.8,0.9143,0.6286,0.7429,0.2857,0.5429
xtriple,rad-core-1-18,4,64,64,64,0.3125,0.5625,0.6094,0.6875,0.5156,0.625,0.5,0.5156,0.8281,0.8281,0.7188,0.625
xtriple,rad-core-1-18,5,58,58,58,0.569,0.6207,0.3621,0.6379,0.6207,0.4138,0.6552,0.6034,0.6034,0.7414,0.5,0.5862
xtriple,rad-core-1-18,6,54,54,54,0.7037,0.6481,0.5,0.5741,0.5,0.5,0.4259,0.4444,0.4815,0.8148,0.463,0.6852
xtriple,rad-core-1-18,7,39,39,39,0.5641,0.4615,0.5897,0.5128,0.359,0.4872,0.4359,0.3846,0.3333,0.2308,0.6154,0.6667
xtriple,rad-core-1-18,8,61,61,61,0.3115,0.4426,0.5246,0.5738,0.3934,0.5082,0.3115,0.8197,0.7213,0.8852,0.3115,0.3443
xtriple,rad-core-1-18,9,65,65,65,0.5538,0.4308,0.2462,0.2769,0.5231,0.4769,0.6154,0.6,0.3846,0.6154,0.6,0.6308
xtriple,rad-core-1-18,10,37,37,37,0.7568,0.5676,0.5946,0.4595,0.7838,0.7838,0.2703,0.1622,0.4595,0.5405,0.6757,0.6757
xtriple,rad-core-1-18,11,44,44,44,0.4773,0.5455,0.8182,0.6364,0.6591,0.4773,0.4773,0.5455,0.5227,0.6364,0.7045,0.7045
xtriple,rad-core-1-18,12,54,54,54,0.5741,0.4444,0.463,0.463,0.5741,0.6852,0.7778,0.7407,0.5556,0.7778,0.6667,0.7593
xtriple,rad-core-1-18,13,54,54,54,0.6296,0.6852,0.4074,0.463,0.4259,0.6481,0.8148,0.3889,0.2778,0.3889,0.5,0.6296
xtriple,rad-core-1-18,14,61,61,61,0.5574,0.3934,0.6721,0.3115,0.8361,0.7213,0.5082,0.2623,0.6557,0.4098,0.5246,0.6066
null,rad-core-1-18@directed,0,58,58,58,0.5172,0.3966,0.5,0.5862,0.6034,0.5172,0.6034,0.6379,0.6552,0.5172,0.5,0.4655
null,rad-core-1-18@directed,1,54,54,54,0.6667,0.5926,0.3704,0.2407,0.5556,0.6296,0.8519,0.5185,0.4444,0.1481,0.6852,0.7037
null,rad-core-1-18@directed,2,61,61,61,0.5574,0.377,0.4426,0.3607,0.4754,0.4754,0.377,0.1967,0.2951,0.2459,0.623,0.541
null,rad-core-1-18@directed,3,37,37,37,0.4054,0.5946,0.7027,0.7568,0.7027,0.4324,0.4595,0.7297,0.7838,0.7838,0.6757,0.6216
null,rad-core-1-18@directed,4,54,54,54,0.537,0.5741,0.4815,0.5185,0.4444,0.3148,0.6111,0.7963,0.6481,0.7037,0.4815,0.3333
null,rad-core-1-18@uniform,0,56,56,56,0.3571,0.3929,0.4643,0.6071,0.3393,0.3393,0.4821,0.4643,0.6607,0.7321,0.4464,0.5357
null,rad-core-1-18@uniform,1,35,35,35,0.5429,0.5429,0.6286,0.7143,0.6,0.6,0.6571,0.8571,0.8,0.8,0.8571,0.7429
null,rad-core-1-18@uniform,2,62,62,62,0.629,0.4516,0.3226,0.3871,0.2581,0.4032,0.6452,0.7097,0.5,0.6129,0.2581,0.2903
null,rad-core-1-18@uniform,3,51,51,51,0.7059,0.5882,0.4314,0.4118,0.5294,0.6078,0.6471,0.5686,0.3922,0.3529,0.6275,0.6275
null,rad-core-1-18@uniform,4,63,63,63,0.4921,0.5556,0.4286,0.5079,0.4603,0.4762,0.6032,0.6349,0.619,0.7778,0.6349,0.6825
null,rad-core-1-18@mixed,0,48,48,48,0.6667,0.7917,0.7292,0.6667,0.6042,0.4167,0.6458,0.6875,0.6458,0.6458,0.3958,0.25
null,rad-core-1-18@mixed,1,58,58,58,0.5172,0.5517,0.4828,0.6207,0.6724,0.7069,0.6897,0.4828,0.3966,0.3448,0.6207,0.7241
null,rad-core-1-18@mixed,2,39,39,39,0.6923,0.7179,0.6154,0.641,0.4359,0.4359,0.6923,0.7692,0.3077,0.641,0.4615,0.8718
null,rad-core-1-18@mixed,3,43,43,43,0.7674,0.8605,0.5349,0.5581,0.4884,0.4186,0.6977,0.7209,0.3721,0.814,0.3023,0.5814
null,rad-core-1-18@mixed,4,61,61,61,0.2787,0.3934,0.7869,0.5738,0.7541,0.4754,0.377,0.623,0.541,0.5246,0.623,0.377
triple,rad-core-10,17,17,17,17,0.0,0.0,1.0,0.2941,1.0,0.5882,0.0,0.0,1.0,0.4118,1.0,1.0
triple,rad-core-10,18,3,3,3,,,,,,,,,,,,
triple,rad-core-10,19,9,9,9,0.0,0.0,1.0,0.6667,1.0,0.3333,0.0,0.0,1.0,0.8889,0.8889,0.1111
triple,rad-core-10,22,1,1,1,,,,,,,,,,,,
triple,rad-core-10,24,6,6,6,0.0,0.0,1.0,0.6667,1.0,0.5,0.0,0.0,1.0,1.0,1.0,0.6667
triple,rad-core-10,26,1,1,1,,,,,,,,,,,,
triple,rad-core-10,29,12,12,12,0.0,0.0,0.9167,0.5,1.0,0.5,0.0,0.0,1.0,0.0833,1.0,1.0
xtriple,rad-core-10,2,17,17,17,0.0,0.0,1.0,0.9412,0.7059,0.0,0.0,0.0,0.9412,1.0,0.8824,0.0
xtriple,rad-core-10,3,3,3,3,,,,,,,,,,,,
xtriple,rad-core-10,4,9,9,9,0.0,0.0,1.0,0.4444,1.0,0.7778,0.0,0.0,1.0,0.8889,1.0,1.0
xtriple,rad-core-10,7,1,1,1,,,,,,,,,,,,
xtriple,rad-core-10,9,6,6,6,0.0,0.0,1.0,0.8333,1.0,1.0,0.0,0.0,1.0,0.6667,1.0,1.0
xtriple,rad-core-10,11,1,1,1,,,,,,,,,,,,
xtriple,rad-core-10,14,12,12,12,0.0,0.0,1.0,0.8333,1.0,0.25,0.0,0.0,1.0,1.0,1.0,0.3333
null,rad-core-10@uniform,0,28,28,28,0.9643,0.7143,0.1786,0.4286,0.4286,0.75,0.8929,0.8571,0.1071,0.5714,0.4643,0.7857
null,rad-core-10@uniform,1,60,60,60,0.4,0.6333,0.8333,0.8167,0.2,0.3,0.1,0.3667,0.6333,0.8167,0.9167,0.1833
null,rad-core-10@uniform,2,14,14,14,0.2143,0.2143,0.3571,0.2143,0.7857,0.8571,0.4286,0.1429,0.7143,0.5714,0.7857,0.7857
null,rad-core-10@uniform,3,12,12,12,0.75,0.8333,0.25,0.0833,0.5,0.8333,0.75,0.9167,0.8333,0.3333,1.0,0.9167
null,rad-core-10@uniform,4,33,33,33,0.4545,0.7273,0.2424,0.7273,0.3333,0.5152,0.9697,0.9697,0.3333,0.5455,0.1515,0.9091
null,rad-core-10@mixed,0,52,52,52,0.6923,0.3269,0.6923,0.3077,0.6923,0.5385,0.0577,0.0962,0.6346,0.4423,0.8077,0.3846
null,rad-core-10@mixed,1,26,26,26,0.7692,0.5769,0.3846,0.3846,0.3462,0.6538,0.8846,0.8846,0.1538,0.1538,0.1923,0.4231
null,rad-core-10@mixed,2,47,47,47,0.7021,0.7234,0.383,0.766,0.1915,0.6809,0.9574,0.9362,0.383,0.617,0.234,0.7234
null,rad-core-10@mixed,3,32,32,32,0.75,0.1875,0.5,0.375,0.75,0.6562,0.125,0.0625,0.625,0.125,0.625,0.6562
null,rad-core-10@mixed,4,32,32,32,0.375,0.8125,0.2188,0.8125,0.4688,0.375,0.5625,0.75,0.125,0.4062,0.4375,0.7812
triple,rad-core-12-18,15,88,88,88,0.2727,0.3182,0.6705,0.6477,0.4432,0.4886,0.3295,0.4432,0.5,0.6705,0.4091,0.4659
triple,rad-core-12-18,16,57,57,57,0.8421,0.5088,0.7368,0.4912,0.6491,0.7193,0.4386,0.5439,0.4211,0.386,0.6491,0.6491
triple,rad-core-12-18,17,75,75,75,0.6667,0.7067,0.8267,0.7867,0.8133,0.5067,0.2533,0.3067,0.4533,0.76,0.4533,0.5867
triple,rad-core-12-18,18,72,72,72,0.7361,0.7639,0.5,0.7639,0.5278,0.625,0.3056,0.2222,0.7222,0.8472,0.8056,0.6389
triple,rad-core-12-18,19,71,71,71,0.493,0.4507,0.7042,0.4789,0.7183,0.6479,0.6197,0.493,0.6901,0.4225,0.7746,0.8169
triple,rad-core-12-18,20,98,98,98,0.6633,0.551,0.5102,0.3673,0.6531,0.5408,0.8469,0.449,0.3776,0.3673,0.5306,0.6939
triple,rad-core-12-18,21,68,68,68,0.4706,0.3529,0.7794,0.7206,0.75,0.5441,0.4412,0.3235,0.5735,0.6029,0.6765,0.4559
triple,rad-core-12-18,22,63,63,63,0.7619,0.4921,0.5873,0.6349,0.6508,0.7937,0.8413,0.5397,0.6667,0.5556,0.5556,0.7302
triple,rad-core-12-18,23,71,71,71,0.7183,0.7746,0.6479,0.6197,0.6197,0.5634,0.2958,0.2958,0.4366,0.5775,0.3944,0.6761
triple,rad-core-12-18,24,72,72,72,0.5694,0.7222,0.625,0.625,0.7222,0.4306,0.2639,0.2778,0.3056,0.6528,0.3333,0.3333
triple,rad-core-12-18,25,68,68,68,0.4853,0.4853,0.7059,0.6765,0.6324,0.6176,0.5294,0.4559,0.7206,0.6176,0.6324,0.6912
triple,rad-core-12-18,26,53,53,53,0.7736,0.6981,0.6226,0.5094,0.6038,0.4151,0.5283,0.3774,0.3774,0.5283,0.5283,0.5283
triple,rad-core-12-18,27,62,62,62,0.5161,0.5645,0.8065,0.5645,0.7581,0.6774,0.4355,0.3387,0.5645,0.8065,0.629,0.5968
triple,rad-core-12-18,28,40,40,40,0.85,0.6,0.55,0.5,0.75,0.675,0.825,0.15,0.475,0.6,0.475,0.675
triple,rad-core-12-18,29,43,43,43,0.9302,0.5349,0.6512,0.4651,0.6047,0.3953,0.4419,0.6977,0.3023,0.5349,0.5349,0.3256
xtriple,rad-core-12-18,0,80,80,80,0.5625,0.625,0.45,0.4875,0.5625,0.5875,0.3125,0.275,0.35,0.4875,0.8125,0.7
xtriple,rad-core-12-18,1,75,75,75,0.6933,0.72,0.7333,0.5333,0.4667,0.5067,0.28,0.6133,0.48,0.64,0.4267,0.36
xtriple,rad-core-12-18,2,57,57,57,0.807,0.4912,0.9123,0.6667,0.8596,0.6842,0.193,0.3158,0.3333,0.386,0.6316,0.5439
xtriple,rad-core-12-18,3,77,77,77,0.5195,0.4935,0.3636,0.4286,0.6753,0.7662,0.8052,0.3896,0.4805,0.4805,0.8052,0.7922
xtriple,rad-core-12-18,4,72,72,72,0.5556,0.6111,0.4583,0.7361,0.8056,0.3056,0.4583,0.3333,0.6111,0.5139,0.6389,0.6389
xtriple,rad-core-12-18,5,71,71,71,0.831,0.5775,0.4366,0.4366,0.5352,0.7606,0.4366,0.7746,0.4085,0.7042,0.5493,0.3803
xtriple,rad-core-12-18,6,68,68,68,0.4853,0.75,0.6912,0.7059,0.7353,0.5147,0.3235,0.4559,0.3824,0.6176,0.4412,0.75
xtriple,rad-core-12-18,7,71,71,71,0.6056,0.6197,0.4507,0.507,0.4648,0.6197,0.6197,0.5634,0.6761,0.4085,0.4366,0.4366
xtriple,rad-core-12-18,8,63,63,63,0.5397,0.3651,0.6349,0.5556,0.7302,0.6984,0.3175,0.5238,0.5714,0.4762,0.7302,0.4762
xtriple,rad-core-12-18,9,72,72,72,0.5556,0.5972,0.6667,0.6111,0.7222,0.6667,0.5972,0.3194,0.5139,0.4583,0.4583,0.7083
xtriple,rad-core-12-18,10,68,68,68,0.7059,0.8382,0.4559,0.5441,0.7353,0.4853,0.3676,0.2353,0.5294,0.2941,0.6912,0.3382
xtriple,rad-core-12-18,11,53,53,53,0.7736,0.4717,0.8302,0.6981,0.717,0.717,0.2642,0.4528,0.3208,0.3208,0.6792,0.4906
xtriple,rad-core-12-18,12,67,67,67,0.5075,0.403,0.6866,0.5672,0.7463,0.6567,0.5373,0.4179,0.4776,0.6119,0.6269,0.5373
xtriple,rad-core-12-18,13,66,66,66,0.7727,0.6515,0.5455,0.5152,0.6667,0.6364,0.2879,0.3182,0.303,0.3182,0.5758,0.5303
xtriple,rad-core-12-18,14,40,40,40,0.775,0.875,0.625,0.75,0.8,0.65,0.65,0.55,0.65,0.575,0.45,0.75
null,rad-core-12-18@directed,0,75,75,75,0.4267,0.5733,0.64,0.7333,0.4267,0.4133,0.6533,0.5733,0.6267,0.76,0.3467,0.52
null,rad-core-12-18@directed,1,75,75,75,0.72,0.5067,0.3733,0.3333,0.5467,0.7867,0.8133,0.6667,0.4533,0.44,0.5867,0.76
null,rad-core-12-18@directed,2,68,68,68,0.4265,0.4265,0.6324,0.6176,0.6029,0.6029,0.3088,0.4559,0.6029,0.5294,0.6324,0.3382
null,rad-core-12-18@directed,3,53,53,53,0.434,0.4906,0.6415,0.5283,0.717,0.6604,0.717,0.4528,0.6226,0.3962,0.6604,0.6226
null,rad-core-12-18@directed,4,43,43,43,0.4884,0.5581,0.7907,0.4884,0.7907,0.6512,0.6279,0.2326,0.8605,0.4186,0.7209,0.6977
null,rad-core-12-18@uniform,0,75,75,75,0.72,0.4267,0.3733,0.3467,0.5333,0.7333,0.6933,0.4667,0.5733,0.2667,0.6133,0.5867
null,rad-core-12-18@uniform,1,77,77,77,0.6104,0.3896,0.6234,0.5065,0.6623,0.6753,0.7013,0.6753,0.3377,0.4026,0.5195,0.6234
null,rad-core-12-18@uniform,2,71,71,71,0.6056,0.7183,0.5634,0.7324,0.4225,0.507,0.6479,0.5775,0.4648,0.5775,0.5352,0.6901
null,rad-core-12-18@uniform,3,72,72,72,0.5556,0.4583,0.6806,0.6806,0.5694,0.4028,0.3194,0.2917,0.3889,0.4167,0.4028,0.5139
null,rad-core-12-18@uniform,4,62,62,62,0.7419,0.8065,0.6774,0.5968,0.7097,0.7419,0.7258,0.5323,0.5161,0.5645,0.371,0.4032
null,rad-core-12-18@mixed,0,57,57,57,0.5263,0.614,0.5263,0.6667,0.5965,0.4211,0.5965,0.5614,0.7193,0.7368,0.7018,0.4561
null,rad-core-12-18@mixed,1,71,71,71,0.5915,0.507,0.6479,0.493,0.8169,0.7324,0.5352,0.507,0.493,0.5211,0.7746,0.8028
null,rad-core-12-18@mixed,2,63,63,63,0.4444,0.7143,0.6667,0.8413,0.5397,0.3651,0.6825,0.7302,0.619,0.619,0.4286,0.3492
null,rad-core-12-18@mixed,3,83,83,83,0.6024,0.6386,0.5904,0.6265,0.5542,0.4217,0.3855,0.4096,0.3253,0.3976,0.4578,0.4699
null,rad-core-12-18@mixed,4,40,40,40,0.5,0.5,0.65,0.5,0.775,0.7,0.425,0.725,0.625,0.65,0.475,0.575
triple,rad-core-17-18,15,73,73,73,0.7397,0.5342,0.7808,0.5205,0.4658,0.7534,0.2877,0.5205,0.3288,0.3973,0.6575,0.6438
triple,rad-core-17-18,16,63,63,63,0.8095,0.3968,0.619,0.1587,0.8413,0.7619,0.381,0.1746,0.4762,0.3175,0.4603,0.6032
triple,rad-core-17-18,17,76,76,76,0.6842,0.6579,0.8158,0.6711,0.8158,0.6053,0.25,0.3026,0.4474,0.8158,0.6184,0.7763
triple,rad-core-17-18,18,72,72,72,0.7361,0.7083,0.625,0.6389,0.5833,0.625,0.3333,0.3611,0.4861,0.8333,0.5972,0.625
triple,rad-core-17-18,19,69,69,69,0.6232,0.4783,0.6812,0.4928,0.7246,0.6667,0.5072,0.4058,0.5362,0.4348,0.7681,0.8261
triple,rad-core-17-18,20,98,98,98,0.8061,0.5102,0.6939,0.5918,0.6327,0.6224,0.9082,0.3878,0.3673,0.4796,0.5306,0.7041
triple,rad-core-17-18,21,68,68,68,0.6176,0.6471,0.6618,0.7206,0.6912,0.6324,0.4559,0.3088,0.6765,0.6471,0.5147,0.6176
triple,rad-core-17-18,22,79,79,79,0.5443,0.519,0.5949,0.5063,0.5696,0.6329,0.7342,0.4177,0.5696,0.481,0.3671,0.519
triple,rad-core-17-18,23,79,79,79,0.7342,0.7848,0.5949,0.4937,0.519,0.481,0.5696,0.3418,0.3544,0.5696,0.4304,0.7595
triple,rad-core-17-18,24,72,72,72,0.5417,0.6806,0.7222,0.6389,0.7361,0.4306,0.1806,0.3194,0.2778,0.6528,0.3889,0.4028
triple,rad-core-17-18,25,72,72,72,0.5278,0.4444,0.7361,0.5417,0.6667,0.6806,0.5417,0.3889,0.8333,0.5417,0.5972,0.6944
triple,rad-core-17-18,26,50,50,50,0.7,0.72,0.26,0.54,0.62,0.6,0.54,0.58,0.38,0.54,0.36,0.62
triple,rad-core-17-18,27,62,62,62,0.4677,0.3226,0.7581,0.5323,0.8226,0.8387,0.3871,0.2097,0.6129,0.5968,0.5968,0.4032
triple,rad-core-17-18,28,58,58,58,0.7586,0.6724,0.5172,0.5,0.3966,0.6207,0.6207,0.4655,0.5345,0.5517,0.5,0.6379
triple,rad-core-17-18,29,42,42,42,0.8333,0.6905,0.8571,0.6667,0.881,0.381,0.4762,0.4524,0.1429,0.2619,0.5476,0.7143
xtriple,rad-core-17-18,0,84,84,84,0.7024,0.5952,0.7024,0.4524,0.7738,0.6071,0.2381,0.2143,0.369,0.4524,0.5833,0.7619
xtriple,rad-core-17-18,1,77,77,77,0.7013,0.6623,0.7922,0.5714,0.6883,0.5974,0.2208,0.4026,0.4935,0.8571,0.5455,0.5325
xtriple,rad-core-17-18,2,63,63,63,0.746,0.5397,0.7778,0.4603,0.8413,0.8571,0.3175,0.2857,0.3016,0.3333,0.6984,0.6349
xtriple,rad-core-17-18,3,74,74,74,0.6892,0.5811,0.4054,0.4054,0.6622,0.7432,0.7432,0.3784,0.527,0.5135,0.8243,0.7568
xtriple,rad-core-17-18,4,69,69,69,0.6377,0.7246,0.7101,0.5072,0.6522,0.4638,0.4493,0.2029,0.2754,0.5797,0.6232,0.5942
xtriple,rad-core-17-18,5,71,71,71,0.8169,0.507,0.5634,0.5775,0.6056,0.7606,0.2676,0.4225,0.3662,0.5634,0.6197,0.4648
xtriple,rad-core-17-18,6,68,68,68,0.4706,0.7353,0.7206,0.6765,0.7059,0.5147,0.2941,0.3971,0.5735,0.6765,0.4853,0.7941
xtriple,rad-core-17-18,7,71,71,71,0.7042,0.6761,0.4366,0.6338,0.3803,0.5915,0.7324,0.7042,0.3521,0.5352,0.4789,0.5211
xtriple,rad-core-17-18,8,74,74,74,0.5541,0.2838,0.5811,0.4459,0.6216,0.6486,0.4459,0.4054,0.4324,0.3784,0.6486,0.6486
xtriple,rad-core-17-18,9,72,72,72,0.5278,0.5,0.6806,0.5694,0.5972,0.4861,0.5278,0.3194,0.4444,0.5556,0.5556,0.7361
xtriple,rad-core-17-18,10,60,60,60,0.7167,0.8333,0.4667,0.45,0.7,0.6667,0.3167,0.2333,0.5667,0.2833,0.7667,0.5167
xtriple,rad-core-17-18,11,50,50,50,0.68,0.44,0.84,0.6,0.56,0.76,0.44,0.44,0.22,0.24,0.44,0.38
xtriple,rad-core-17-18,12,74,74,74,0.4595,0.7027,0.5,0.7297,0.6757,0.4324,0.3514,0.3243,0.5135,0.5946,0.4324,0.4189
xtriple,rad-core-17-18,13,58,58,58,0.8966,0.5862,0.6897,0.5862,0.6897,0.7931,0.3621,0.4138,0.2414,0.2069,0.3966,0.2931
xtriple,rad-core-17-18,14,42,42,42,0.7857,0.7143,0.7143,0.619,0.619,0.6905,0.6905,0.5,0.7381,0.6429,0.5476,0.8095
null,rad-core-17-18@directed,0,76,76,76,0.5921,0.6053,0.5132,0.6711,0.3421,0.4737,0.5658,0.6184,0.6184,0.6842,0.4605,0.4868
null,rad-core-17-18@directed,1,69,69,69,0.7536,0.5507,0.3623,0.3333,0.5217,0.7971,0.6232,0.7101,0.4928,0.3333,0.8406,0.6522
null,rad-core-17-18@directed,2,68,68,68,0.4412,0.5588,0.6471,0.5882,0.6324,0.6471,0.3382,0.4412,0.6029,0.6471,0.6618,0.3971
null,rad-core-17-18@directed,3,50,50,50,0.4,0.44,0.66,0.54,0.72,0.52,0.74,0.36,0.56,0.3,0.58,0.6
null,rad-core-17-18@directed,4,42,42,42,0.6429,0.3333,0.9048,0.619,0.8095,0.7619,0.4048,0.2143,0.7619,0.5476,0.7857,0.6905
null,rad-core-17-18@uniform,0,73,73,73,0.6027,0.5342,0.3288,0.2329,0.7397,0.8082,0.6027,0.3973,0.6712,0.411,0.7671,0.7534
null,rad-core-17-18@uniform,1,78,78,78,0.5769,0.5641,0.641,0.6154,0.6923,0.7692,0.7564,0.7564,0.3462,0.5,0.4487,0.5769
null,rad-core-17-18@uniform,2,74,74,74,0.4324,0.6351,0.6757,0.7297,0.527,0.527,0.5676,0.527,0.5405,0.6081,0.5135,0.7027
null,rad-core-17-18@uniform,3,60,60,60,0.75,0.6667,0.5333,0.7667,0.4667,0.45,0.4,0.3667,0.4333,0.65,0.3833,0.4833
null,rad-core-17-18@uniform,4,62,62,62,0.7097,0.8226,0.6613,0.7581,0.7097,0.7742,0.7581,0.4677,0.5484,0.4677,0.2258,0.2581
null,rad-core-17-18@mixed,0,63,63,63,0.4603,0.5873,0.6349,0.7302,0.6349,0.5079,0.3968,0.5714,0.6667,0.7619,0.8571,0.6032
null,rad-core-17-18@mixed,1,71,71,71,0.5775,0.6901,0.6479,0.507,0.831,0.6197,0.5493,0.5211,0.5211,0.5211,0.7042,0.7042
null,rad-core-17-18@mixed,2,71,71,71,0.3662,0.6338,0.7887,0.8873,0.7324,0.4648,0.338,0.5915,0.6479,0.507,0.7606,0.3239
null,rad-core-17-18@mixed,3,74,74,74,0.6486,0.7162,0.7432,0.7838,0.5405,0.3649,0.527,0.527,0.3243,0.5676,0.5,0.4865
null,rad-core-17-18@mixed,4,74,74,74,0.5946,0.6892,0.5541,0.5946,0.6081,0.4054,0.4459,0.4865,0.4459,0.6351,0.3514,0.473
triple,rad-core-33,15,89,89,89,0.5843,0.382,0.2809,0.3596,0.2809,0.4382,0.7416,0.7191,0.1461,0.6517,0.1461,0.8989
triple,rad-core-33,16,137,137,137,0.8175,0.3869,0.4818,0.4161,0.3504,0.7664,0.7007,0.781,0.0876,0.8613,0.1241,0.7956
triple,rad-core-33,17,94,94,94,0.4468,0.2553,0.3617,0.5319,0.2234,0.5851,0.8617,0.8617,0.1596,0.2021,0.7766,0.883
triple,rad-core-33,18,117,117,117,0.547,0.6325,0.2821,0.5214,0.1709,0.4615,0.7521,0.7692,0.1453,0.7436,0.188,0.8205
triple,rad-core-33,19,113,113,113,0.1858,0.1327,0.3894,0.1947,0.6195,0.354,0.7168,0.6637,0.1858,0.2478,0.6814,0.8319
triple,rad-core-33,20,88,88,88,0.6591,0.3068,0.2386,0.3182,0.1591,0.7273,0.8523,0.8636,0.125,0.6477,0.1932,0.75
triple,rad-core-33,21,111,111,111,0.1982,0.1712,0.4775,0.3964,0.3333,0.2793,0.7928,0.7838,0.2162,0.8378,0.1802,0.7297
triple,rad-core-33,22,105,105,105,0.6095,0.5905,0.219,0.6,0.1524,0.6286,0.8762,0.9143,0.1714,0.7048,0.1524,0.8286
triple,rad-core-33,23,78,78,78,0.3462,0.3205,0.2564,0.5,0.2692,0.5769,0.9103,0.9103,0.3077,0.7308,0.1026,0.859
triple,rad-core-33,24,96,96,96,0.7708,0.5208,0.3542,0.4792,0.1354,0.4167,0.7083,0.8021,0.0938,0.7083,0.0625,0.7396
triple,rad-core-33,25,88,88,88,0.5227,0.2045,0.6818,0.4773,0.3977,0.5455,0.7273,0.7386,0.25,0.8523,0.1818,0.9091
triple,rad-core-33,26,121,121,121,0.6198,0.1488,0.3554,0.2727,0.4959,0.6612,0.6529,0.6777,0.157,0.1983,0.1818,0.8512
triple,rad-core-33,27,125,125,125,0.328,0.424,0.424,0.44,0.424,0.688,0.6,0.624,0.152,0.144,0.344,0.664
triple,rad-core-33,28,99,99,99,0.4646,0.2525,0.2525,0.2828,0.202,0.6364,0.9192,0.9394,0.1616,0.3434,0.5758,0.8384
triple,rad-core-33,29,107,107,107,0.3832,0.1869,0.514,0.3645,0.3178,0.5327,0.8505,0.972,0.1495,0.729,0.2243,0.7757
xtriple,rad-core-33,0,138,138,138,0.7971,0.1449,0.4203,0.4855,0.413,0.8478,0.558,0.5942,0.0942,0.1087,0.7029,0.7391
xtriple,rad-core-33,1,94,94,94,0.4043,0.4362,0.5319,0.5213,0.3617,0.1064,0.766,0.7766,0.1277,0.734,0.1489,0.8298
xtriple,rad-core-33,2,89,89,89,0.573,0.3708,0.1124,0.3371,0.3034,0.6404,0.764,0.8315,0.0899,0.764,0.0899,0.8876
xtriple,rad-core-33,3,113,113,113,0.2832,0.354,0.2566,0.354,0.2301,0.2832,0.8142,0.8142,0.2124,0.8496,0.2301,0.6903
xtriple,rad-core-33,4,88,88,88,0.6023,0.5,0.2273,0.3977,0.2273,0.5114,0.6477,0.6705,0.1477,0.6705,0.1477,0.9205
xtriple,rad-core-33,5,126,126,126,0.4444,0.1111,0.3175,0.2143,0.4603,0.5397,0.8254,0.8254,0.127,0.1587,0.6111,0.7381
xtriple,rad-core-33,6,78,78,78,0.6026,0.3205,0.3077,0.4487,0.3333,0.8077,0.7308,0.7949,0.1154,0.7308,0.1026,0.8718
xtriple,rad-core-33,7,98,98,98,0.3367,0.2653,0.3367,0.3878,0.1837,0.5408,0.8367,0.8367,0.2347,0.6633,0.1224,0.8469
xtriple,rad-core-33,8,111,111,111,0.1532,0.5766,0.1712,0.6396,0.1622,0.3063,0.8288,0.8288,0.1712,0.7748,0.1171,0.8108
xtriple,rad-core-33,9,88,88,88,0.6023,0.2841,0.3977,0.2614,0.25,0.5341,0.7045,0.75,0.1477,0.3182,0.0909,0.8409
xtriple,rad-core-33,10,121,121,121,0.5785,0.2314,0.3967,0.3636,0.2893,0.3636,0.6612,0.6777,0.124,0.7355,0.1736,0.7273
xtriple,rad-core-33,11,96,96,96,0.6979,0.3021,0.3646,0.4583,0.2917,0.5833,0.7188,0.7917,0.0521,0.6458,0.125,0.8333
xtriple,rad-core-33,12,99,99,99,0.4343,0.2323,0.3333,0.3232,0.3333,0.6162,0.6566,0.7172,0.1414,0.697,0.202,0.8687
xtriple,rad-core-33,13,107,107,107,0.3738,0.1963,0.243,0.4393,0.1963,0.6355,0.8224,0.8318,0.1682,0.2523,0.6075,0.6729
xtriple,rad-core-33,14,128,128,128,0.2969,0.1875,0.3125,0.3125,0.4297,0.5234,0.7734,0.9609,0.125,0.3125,0.4688,0.75
null,rad-core-33@directed,0,138,138,138,0.2899,0.1667,0.3551,0.1739,0.4058,0.2971,0.2464,0.3623,0.7754,0.7609,0.7319,0.1739
null,rad-core-33@directed,1,139,139,139,0.3957,0.3237,0.1942,0.1727,0.2734,0.3885,0.6331,0.5396,0.1655,0.1439,0.3669,0.777
null,rad-core-33@directed,2,151,151,151,0.2583,0.2914,0.351,0.3709,0.2384,0.1325,0.1722,0.649,0.8013,0.7748,0.1325,0.0927
null,rad-core-33@directed,3,126,126,126,0.5635,0.4365,0.0873,0.3016,0.2778,0.4603,0.6746,0.6349,0.3968,0.619,0.1429,0.5
null,rad-core-33@directed,4,151,151,151,0.1656,0.351,0.4437,0.3046,0.4238,0.1987,0.6291,0.6755,0.6623,0.7351,0.5364,0.7219
null,rad-core-33@uniform,0,89,89,89,0.7079,0.4719,0.6966,0.4157,0.809,0.7978,0.7416,0.7191,0.9438,0.9101,0.7753,0.7416
null,rad-core-33@uniform,1,88,88,88,0.3295,0.7841,0.5341,0.8409,0.375,0.2841,0.25,0.8068,0.8068,0.9205,0.6136,0.2386
null,rad-core-33@uniform,2,98,98,98,0.6939,0.5102,0.2653,0.449,0.2653,0.7551,0.8265,0.8469,0.7041,0.8367,0.6327,0.7347
null,rad-core-33@uniform,3,88,88,88,0.6477,0.5682,0.7159,0.7159,0.6705,0.5227,0.8636,0.8864,0.9205,0.9545,0.8182,0.875
null,rad-core-33@uniform,4,99,99,99,0.5051,0.4848,0.3434,0.5354,0.5455,0.596,0.8081,0.8182,0.697,0.7778,0.7778,0.7879
null,rad-core-33@mixed,0,137,137,137,0.3066,0.2044,0.4964,0.5255,0.4672,0.3942,0.8467,0.1533,0.7956,0.1314,0.781,0.781
null,rad-core-33@mixed,1,117,117,117,0.1453,0.2393,0.6838,0.3761,0.4188,0.1453,0.1795,0.7863,0.8205,0.7863,0.7778,0.1966
null,rad-core-33@mixed,2,78,78,78,0.5,0.5513,0.4359,0.3462,0.3333,0.6538,0.8462,0.8205,0.8462,0.8718,0.6923,0.8718
null,rad-core-33@mixed,3,141,141,141,0.1064,0.1348,0.4113,0.2979,0.4184,0.2411,0.7163,0.0922,0.8723,0.2482,0.7376,0.8014
null,rad-core-33@mixed,4,125,125,125,0.248,0.272,0.488,0.272,0.368,0.24,0.752,0.76,0.736,0.808,0.176,0.208
triple,rad-core-45,15,40,40,40,0.475,0.45,0.8,0.65,0.575,0.55,0.15,0.4,0.875,0.95,0.95,0.925
triple,rad-core-45,16,64,64,64,0.6562,0.5781,0.4219,0.1875,0.5938,0.4531,0.9688,0.9219,0.4219,0.7656,0.6562,0.875
triple,rad-core-45,17,54,54,54,0.4815,0.7407,0.7963,0.7963,0.6667,0.5556,0.5556,0.7407,0.7407,0.7778,0.5926,0.4815
triple,rad-core-45,18,58,58,58,0.4138,0.7586,0.2759,0.5862,0.2586,0.3448,0.9138,0.9138,0.4483,0.931,0.1379,0.3621
triple,rad-core-45,19,88,88,88,0.1591,0.2841,0.6477,0.7159,0.3523,0.4318,0.8864,0.4545,0.6705,0.6818,0.8068,0.875
triple,rad-core-45,20,49,49,49,0.5918,0.6122,0.6122,0.6939,0.7959,0.8163,1.0,0.449,0.7959,0.3061,0.9184,0.8571
triple,rad-core-45,21,51,51,51,0.7647,0.4314,0.7843,0.7451,0.451,0.8039,0.2353,0.3725,0.7451,0.7255,0.8431,0.1961
triple,rad-core-45,22,29,29,29,0.7586,0.4828,0.3793,0.6897,0.5517,0.7241,0.7586,0.2759,0.8621,0.2069,0.6552,0.9655
triple,rad-core-45,23,43,43,43,0.4884,0.3721,0.5581,0.6047,0.6977,0.5349,0.7674,0.7674,0.5116,0.6977,0.4651,0.7209
triple,rad-core-45,24,54,54,54,0.4815,0.6111,0.5741,0.6667,0.3519,0.4074,0.9259,0.8704,0.4259,0.4815,0.1667,0.8519
triple,rad-core-45,25,35,35,35,0.5143,0.6571,0.6286,0.8571,0.4571,0.4571,0.8286,1.0,1.0,0.9714,0.3143,0.2571
triple,rad-core-45,26,59,59,59,0.5763,0.5593,0.4068,0.7288,0.5085,0.6949,0.8305,0.4068,0.2542,0.322,0.7119,0.6271
triple,rad-core-45,27,44,44,44,0.7045,0.5909,0.5909,0.5227,0.4545,0.5,0.7955,0.6136,0.2955,0.9318,0.1591,0.8636
triple,rad-core-45,28,58,58,58,0.7069,0.5,0.4138,0.2586,0.3621,0.6897,0.9138,0.3621,0.6207,0.3448,0.8966,1.0
triple,rad-core-45,29,71,71,71,0.3944,0.5775,0.493,0.8169,0.3662,0.3099,0.8592,0.8169,0.3521,0.8028,0.1972,0.2817
xtriple,rad-core-45,0,54,54,54,0.6667,0.6111,0.5741,0.4074,0.6852,0.6852,0.9074,0.4444,0.2222,0.2778,0.6667,0.8333
xtriple,rad-core-45,1,40,40,40,0.425,0.425,0.725,0.55,0.55,0.5,0.2,0.5,0.825,0.825,0.9,0.475
xtriple,rad-core-45,2,52,52,52,0.4615,0.5577,0.75,0.5769,0.3269,0.3269,0.4038,0.9423,0.8077,0.8269,0.2692,0.2308
xtriple,rad-core-45,3,49,49,49,0.3265,0.3673,0.3673,0.2449,0.7347,0.5714,0.9388,0.1837,0.7551,0.1429,0.7551,0.8163
xtriple,rad-core-45,4,85,85,85,0.2824,0.5647,0.2824,0.5765,0.3529,0.5176,0.8941,0.9176,0.2706,0.7294,0.3294,0.6824
xtriple,rad-core-45,5,54,54,54,0.5,0.5926,0.4074,0.4444,0.4815,0.4444,0.8889,0.6852,0.9074,0.5,0.8889,0.9074
xtriple,rad-core-45,6,59,59,59,0.6441,0.5932,0.322,0.4407,0.5424,0.5424,0.7288,0.5254,0.4576,0.4746,0.7797,0.8136
xtriple,rad-core-45,7,47,47,47,0.617,0.4468,0.5532,0.5106,0.6809,0.5745,0.5319,0.7021,0.7021,0.7021,0.8723,0.617
xtriple,rad-core-45,8,29,29,29,0.2759,0.4483,0.7931,0.7586,0.4828,0.4828,0.3103,0.3793,0.6552,0.9655,0.6897,0.5172
xtriple,rad-core-45,9,35,35,35,0.5714,0.7429,0.6286,0.6857,0.7143,0.5714,0.3143,0.9143,1.0,0.9143,0.8,0.2286
xtriple,rad-core-45,10,44,44,44,0.5455,0.6136,0.3636,0.2273,0.6818,0.6136,0.8182,0.9091,0.1818,0.1818,0.4545,0.7955
xtriple,rad-core-45,11,41,41,41,0.2927,0.6585,0.6585,0.7073,0.2927,0.439,0.8537,0.8537,0.8049,1.0,0.2439,0.2927
xtriple,rad-core-45,12,44,44,44,0.7273,0.7273,0.5909,0.3409,0.6591,0.7955,0.8182,0.6136,0.1818,0.6818,0.1591,0.9545
xtriple,rad-core-45,13,75,75,75,0.3333,0.3867,0.4133,0.4,0.5067,0.3733,0.5067,0.8267,0.6667,0.7467,0.7733,0.6667
xtriple,rad-core-45,14,60,60,60,0.5,0.3167,0.5167,0.3833,0.5167,0.75,0.9,0.7333,0.3833,0.5333,0.5,0.8333
null,rad-core-45@directed,0,60,60,60,0.6167,0.4833,0.55,0.5833,0.5667,0.6167,0.85,0.45,0.7,0.4667,0.7333,0.8167
null,rad-core-45@directed,1,54,54,54,0.6111,0.6111,0.2407,0.2593,0.463,0.5556,0.8148,0.8889,0.5,0.7037,0.6667,0.9074
null,rad-core-45@directed,2,43,43,43,0.6279,0.5116,0.6977,0.7209,0.4186,0.5581,0.3721,0.3256,0.7907,0.4651,0.6744,0.7907
null,rad-core-45@directed,3,44,44,44,0.6591,0.4773,0.6364,0.5682,0.4318,0.6364,0.7955,0.9545,0.8864,0.8182,0.3409,0.3636
null,rad-core-45@directed,4,44,44,44,0.7955,0.7955,0.7727,0.3636,0.75,0.5227,0.5909,0.7273,0.2045,0.25,0.2273,0.8864
null,rad-core-45@uniform,0,52,52,52,0.6731,0.5577,0.2692,0.25,0.5962,0.8846,0.9231,0.8462,0.25,0.2308,0.7885,0.8654
null,rad-core-45@uniform,1,71,71,71,0.1972,0.3239,0.493,0.5493,0.4085,0.2817,0.9296,0.9296,0.8028,0.831,0.5915,0.6761
null,rad-core-45@uniform,2,51,51,51,0.9216,0.7843,0.4902,0.4314,0.3922,0.6667,0.6471,0.6078,0.1176,0.1176,0.1373,0.7451
null,rad-core-45@uniform,3,35,35,35,0.7714,0.4571,0.6857,0.6286,0.4,0.5429,0.4286,0.8,0.9429,0.8286,0.9143,0.1143
null,rad-core-45@uniform,4,58,58,58,0.6207,0.3276,0.5517,0.2586,0.6897,0.6207,0.9828,0.7414,0.5517,0.4483,0.6034,0.8793
null,rad-core-45@mixed,0,40,40,40,0.625,0.425,0.325,0.475,0.35,0.4,1.0,0.95,0.2,0.3,0.65,0.8
null,rad-core-45@mixed,1,49,49,49,0.4082,0.3061,0.6122,0.3265,0.7347,0.7755,0.2245,0.1224,0.9388,0.2245,0.8571,0.8571
null,rad-core-45@mixed,2,29,29,29,0.7586,0.6207,0.5172,0.5172,0.5862,0.4828,0.2759,0.7931,0.931,0.6897,0.8621,0.2069
null,rad-core-45@mixed,3,41,41,41,0.7561,0.7073,0.2927,0.5366,0.5366,0.4878,0.8293,0.7805,0.1951,0.2927,0.8293,0.8049
null,rad-core-45@mixed,4,67,67,67,0.3433,0.4627,0.3881,0.6567,0.2687,0.3731,0.403,0.8806,0.8806,0.8806,0.3582,0.194
triple,rad-core-55,15,54,54,54,0.2778,0.3704,0.7222,0.6481,0.6481,0.463,0.2778,0.3333,0.8519,0.8889,0.8519,0.4259
triple,rad-core-55,16,58,58,58,0.3103,0.1207,0.6897,0.5345,0.5862,0.5,0.0862,0.7586,0.8621,0.8103,0.7069,0.1207
triple,rad-core-55,17,44,44,44,0.4545,0.2955,0.7727,0.7273,0.7727,0.75,0.9318,0.1136,0.8182,0.8182,0.8864,0.9773
triple,rad-core-55,18,37,37,37,0.3784,0.5135,0.4595,0.7568,0.4595,0.3243,0.973,0.9459,0.8378,0.8919,0.0541,0.8108
triple,rad-core-55,19,50,50,50,0.26,0.44,0.48,0.38,0.78,0.64,0.76,0.34,0.78,0.46,0.98,0.94
triple,rad-core-55,20,69,69,69,0.4203,0.5507,0.3478,0.4638,0.6377,0.4493,0.6522,0.7246,0.6667,0.8406,0.6377,0.4203
triple,rad-core-55,21,33,33,33,0.2727,0.3939,0.8485,0.6364,0.9091,0.5455,0.2727,0.2424,0.6667,0.9091,0.9697,0.3939
triple,rad-core-55,22,63,63,63,0.5556,0.4444,0.4603,0.5873,0.5397,0.6825,0.6667,0.3333,0.8095,0.1905,0.8413,0.8254
triple,rad-core-55,23,83,83,83,0.4096,0.3012,0.4458,0.4217,0.4096,0.4337,0.6867,0.6627,0.506,0.5301,0.5301,0.6747
triple,rad-core-55,24,70,70,70,0.5571,0.5857,0.4571,0.2714,0.3143,0.5,0.7143,0.6429,0.2286,0.2143,0.6143,0.8143
triple,rad-core-55,25,45,45,45,0.2889,0.4444,0.5111,0.6889,0.4889,0.4667,0.6,0.7556,0.8667,0.8889,0.6667,0.4222
triple,rad-core-55,26,105,105,105,0.2,0.2667,0.7238,0.3238,0.5048,0.4571,0.7714,0.2095,0.5524,0.5619,0.7619,0.8286
triple,rad-core-55,27,57,57,57,0.3509,0.3684,0.5088,0.614,0.807,0.5965,0.2281,0.1754,0.7895,0.5789,0.7544,0.9298
triple,rad-core-55,28,71,71,71,0.2817,0.2958,0.7606,0.5634,0.6761,0.4507,0.8873,0.1268,0.7324,0.7746,0.7746,0.9014
triple,rad-core-55,29,72,72,72,0.2083,0.5417,0.5,0.5,0.4444,0.2778,0.5278,0.6667,0.7917,0.8472,0.0972,0.1389
xtriple,rad-core-55,0,50,50,50,0.34,0.48,0.6,0.6,0.74,0.62,0.26,0.32,0.9,0.52,0.96,0.8
xtriple,rad-core-55,1,44,44,44,0.3636,0.2727,0.9545,0.7273,0.7955,0.6818,0.8636,0.4318,0.6818,0.7273,0.8864,0.9773
xtriple,rad-core-55,2,92,92,92,0.1304,0.2391,0.7717,0.6413,0.413,0.3696,0.7174,0.7283,0.75,0.8261,0.4674,0.7935
xtriple,rad-core-55,3,37,37,37,0.4054,0.2973,0.3784,0.4865,0.5946,0.4324,0.973,0.2703,0.7297,0.3784,0.8649,0.8919
xtriple,rad-core-55,4,75,75,75,0.4533,0.3733,0.6133,0.36,0.3733,0.2667,0.28,0.76,0.8267,0.8133,0.48,0.1333
xtriple,rad-core-55,5,50,50,50,0.42,0.44,0.6,0.5,0.66,0.6,0.7,0.54,0.6,0.54,0.88,0.98
xtriple,rad-core-55,6,83,83,83,0.2651,0.4578,0.6024,0.4819,0.5301,0.5301,0.2892,0.7108,0.8795,0.8313,0.5904,0.4096
xtriple,rad-core-55,7,48,48,48,0.5,0.3958,0.5833,0.6875,0.625,0.6875,0.6875,0.3542,0.3333,0.2083,0.8542,0.75
xtriple,rad-core-55,8,33,33,33,0.2121,0.1818,0.7273,0.6667,0.697,0.5758,0.0909,0.7576,0.8788,0.7879,0.8182,0.303
xtriple,rad-core-55,9,45,45,45,0.5778,0.6222,0.4889,0.6222,0.1333,0.3556,0.6222,0.6667,0.6667,0.7778,0.1333,0.2222
xtriple,rad-core-55,10,88,88,88,0.2727,0.3409,0.6477,0.4659,0.4318,0.4773,0.625,0.6023,0.5568,0.5909,0.7273,0.8636
xtriple,rad-core-55,11,66,66,66,0.5758,0.5152,0.2121,0.5152,0.6364,0.5,0.7879,0.5303,0.2273,0.2576,0.6818,0.8182
xtriple,rad-core-55,12,78,78,78,0.3333,0.4231,0.5641,0.7179,0.2692,0.2179,0.6923,0.5,0.6667,0.6667,0.1667,0.7436
xtriple,rad-core-55,13,61,61,61,0.1967,0.2951,0.5738,0.2459,0.8689,0.3607,0.1311,0.1311,0.9016,0.8033,0.7705,0.3115
xtriple,rad-core-55,14,57,57,57,0.2456,0.4561,0.4737,0.5263,0.5088,0.5789,0.6667,0.4386,0.6491,0.5614,0.807,0.8596
null,rad-core-55@directed,0,54,54,54,0.3519,0.4815,0.4815,0.4259,0.5556,0.3148,0.537,0.8148,0.6296,0.7037,0.7593,0.5741
null,rad-core-55@directed,1,37,37,37,0.4595,0.1622,0.3514,0.5135,0.6216,0.6757,0.9459,0.8919,0.3784,0.3243,0.7568,0.8108
null,rad-core-55@directed,2,65,65,65,0.4,0.3231,0.6154,0.3692,0.5692,0.3538,0.8308,0.7846,0.8615,0.7231,0.6615,0.7231
null,rad-core-55@directed,3,70,70,70,0.7571,0.8,0.4143,0.7143,0.3714,0.4857,0.6286,0.6571,0.6714,0.6143,0.1429,0.1429
null,rad-core-55@directed,4,72,72,72,0.7778,0.25,0.375,0.2778,0.5417,0.7639,0.625,0.1806,0.2222,0.1528,0.6667,0.6806
null,rad-core-55@uniform,0,44,44,44,0.4545,0.4545,0.5909,0.6364,0.4545,0.5909,0.8409,0.9318,0.5682,0.9773,0.7045,0.6818
null,rad-core-55@uniform,1,75,75,75,0.5733,0.5067,0.32,0.3733,0.4,0.44,0.7867,0.6133,0.68,0.5067,0.8667,0.84
null,rad-core-55@uniform,2,33,33,33,0.8182,0.8788,0.1515,0.4545,0.1515,0.3333,0.6364,0.6667,0.0606,0.6061,0.1818,0.7576
null,rad-core-55@uniform,3,45,45,45,0.4444,0.4222,0.5556,0.6667,0.5333,0.5778,0.2,0.2,0.9111,0.7333,0.9111,0.8889
null,rad-core-55@uniform,4,57,57,57,0.4561,0.3509,0.5789,0.4561,0.4386,0.3333,0.8596,0.614,0.6842,0.7193,0.8947,0.9474
null,rad-core-55@mixed,0,50,50,50,0.66,0.74,0.44,0.6,0.54,0.76,0.82,0.54,0.94,0.28,0.88,0.88
null,rad-core-55@mixed,1,50,50,50,0.34,0.38,0.74,0.62,0.58,0.54,0.14,0.2,0.96,0.94,0.74,0.3
null,rad-core-55@mixed,2,48,48,48,0.6458,0.7708,0.5,0.5625,0.4792,0.4792,0.7708,0.7292,0.4167,0.8125,0.4583,0.6042
null,rad-core-55@mixed,3,66,66,66,0.6667,0.3485,0.2879,0.3788,0.5152,0.6212,0.7879,0.803,0.7576,0.5303,0.8636,0.8636
null,rad-core-55@mixed,4,61,61,61,0.6721,0.4426,0.459,0.5246,0.2951,0.3607,0.8361,0.7705,0.6557,0.9016,0.1967,0.1803
triple,rad-core-61,15,91,91,91,0.3187,0.1429,0.6374,0.4615,0.4945,0.2088,0.7582,0.1209,0.5165,0.3077,0.6484,0.7912
triple,rad-core-61,16,105,105,105,0.1524,0.7048,0.4762,0.7143,0.7048,0.181,0.219,0.2286,0.5143,0.6762,0.3238,0.3143
triple,rad-core-61,17,91,91,91,0.1868,0.2088,0.8462,0.4725,0.6044,0.3407,0.1758,0.7473,0.7033,0.6264,0.5495,0.1099
triple,rad-core-61,18,113,113,113,0.2832,0.3894,0.6372,0.646,0.5841,0.4336,0.3805,0.3274,0.4513,0.3805,0.6372,0.469
triple,rad-core-61,19,101,101,101,0.0594,0.3168,0.8119,0.5941,0.6733,0.099,0.1089,0.198,0.7921,0.703,0.5446,0.2079
triple,rad-core-61,20,92,92,92,0.0543,0.2609,0.5652,0.4783,0.2826,0.0217,0.0543,0.7065,0.5652,0.6522,0.1739,0.087
triple,rad-core-61,21,103,103,103,0.1845,0.2816,0.7087,0.7379,0.4175,0.2427,0.5922,0.5922,0.5631,0.9126,0.2136,0.4369
triple,rad-core-61,22,100,100,100,0.33,0.38,0.58,0.61,0.46,0.46,0.37,0.26,0.77,0.26,0.53,0.43
triple,rad-core-61,23,91,91,91,0.0989,0.1648,0.6264,0.6484,0.5714,0.2527,0.0989,0.1758,0.6923,0.7473,0.6923,0.3956
triple,rad-core-61,24,94,94,94,0.2128,0.3191,0.1809,0.0851,0.4787,0.3085,0.5851,0.1915,0.0851,0.1064,0.2872,0.4787
triple,rad-core-61,25,113,113,113,0.0885,0.3894,0.708,0.7345,0.5929,0.3186,0.3097,0.4513,0.6283,0.7788,0.531,0.4425
triple,rad-core-61,26,101,101,101,0.2079,0.4356,0.5644,0.4752,0.703,0.2871,0.495,0.3861,0.4059,0.3663,0.4158,0.7327
triple,rad-core-61,27,111,111,111,0.3423,0.5766,0.4414,0.3063,0.4775,0.2072,0.7297,0.4955,0.4144,0.1892,0.5225,0.5766
triple,rad-core-61,28,90,90,90,0.2,0.4111,0.6111,0.3778,0.5222,0.2778,0.4889,0.4333,0.4222,0.3,0.6,0.7222
triple,rad-core-61,29,92,92,92,0.2826,0.4239,0.3696,0.5109,0.2174,0.2935,0.4457,0.4674,0.3043,0.5543,0.1848,0.3913
xtriple,rad-core-61,0,106,106,106,0.0472,0.1604,0.6038,0.3208,0.5755,0.3208,0.2736,0.3774,0.6321,0.6038,0.783,0.6792
xtriple,rad-core-61,1,91,91,91,0.022,0.4396,0.8571,0.956,0.5824,0.1538,0.022,0.2198,0.6484,0.7912,0.4945,0.1319
xtriple,rad-core-61,2,105,105,105,0.2095,0.3333,0.5905,0.5524,0.3429,0.1333,0.7333,0.5905,0.5429,0.581,0.1905,0.6571
xtriple,rad-core-61,3,101,101,101,0.0693,0.2376,0.8713,0.5644,0.1287,0.1089,0.1089,0.6139,0.7525,0.8317,0.1386,0.0792
xtriple,rad-core-61,4,92,92,92,0.087,0.1413,0.6087,0.6522,0.6522,0.3043,0.0652,0.1196,0.5652,0.3261,0.5543,0.1848
xtriple,rad-core-61,5,104,104,104,0.1731,0.3077,0.5673,0.4904,0.5288,0.2212,0.1635,0.3077,0.3942,0.3173,0.4423,0.2885
xtriple,rad-core-61,6,106,106,106,0.1509,0.2453,0.5377,0.3962,0.5189,0.3585,0.4434,0.5755,0.2736,0.5,0.5943,0.5943
xtriple,rad-core-61,7,91,91,91,0.1648,0.2857,0.6703,0.7802,0.2418,0.0769,0.2198,0.3297,0.8242,0.7143,0.5275,0.0549
xtriple,rad-core-61,8,100,100,100,0.15,0.47,0.67,0.65,0.47,0.08,0.45,0.27,0.44,0.39,0.42,0.38
xtriple,rad-core-61,9,101,101,101,0.1287,0.3861,0.7525,0.5446,0.6337,0.2475,0.1584,0.2178,0.6535,0.7228,0.3861,0.4059
xtriple,rad-core-61,10,94,94,94,0.1915,0.3404,0.5213,0.4255,0.4468,0.2766,0.766,0.4255,0.3511,0.2979,0.3298,0.4894
xtriple,rad-core-61,11,105,105,105,0.181,0.2476,0.1619,0.1238,0.5048,0.4857,0.5238,0.2762,0.0952,0.1048,0.4952,0.7714
xtriple,rad-core-61,12,90,90,90,0.1,0.3556,0.6,0.5,0.2,0.1889,0.5111,0.5,0.1889,0.4333,0.1111,0.2667
xtriple,rad-core-61,13,102,102,102,0.2353,0.5784,0.1961,0.4608,0.3529,0.1275,0.3333,0.2451,0.2451,0.2941,0.1765,0.3529
xtriple,rad-core-61,14,107,107,107,0.1869,0.3178,0.1215,0.0935,0.5421,0.243,0.6168,0.3364,0.1215,0.0748,0.6168,0.8411
null,rad-core-61@directed,0,121,121,121,0.1074,0.1322,0.3306,0.3802,0.4132,0.3802,0.1653,0.1157,0.2231,0.2314,0.5207,0.5124
null,rad-core-61@directed,1,129,129,129,0.3178,0.155,0.3256,0.3643,0.2636,0.2868,0.4651,0.5736,0.2636,0.2326,0.3566,0.4341
null,rad-core-61@directed,2,123,123,123,0.2276,0.2602,0.3333,0.3171,0.2602,0.2033,0.5528,0.4553,0.2439,0.3333,0.1707,0.6341
null,rad-core-61@directed,3,124,124,124,0.5,0.5484,0.5323,0.4113,0.5887,0.3387,0.1855,0.3387,0.2903,0.4839,0.3065,0.2984
null,rad-core-61@directed,4,110,110,110,0.3364,0.4909,0.4182,0.3273,0.4,0.2182,0.3727,0.4909,0.3091,0.2909,0.4364,0.3
null,rad-core-61@uniform,0,91,91,91,0.4176,0.3297,0.4835,0.1758,0.6044,0.6264,0.2308,0.1538,0.7692,0.0879,0.8242,0.6703
null,rad-core-61@uniform,1,92,92,92,0.1304,0.2935,0.4783,0.4022,0.3043,0.2174,0.2174,0.2935,0.7717,0.7391,0.5543,0.3261
null,rad-core-61@uniform,2,91,91,91,0.4505,0.1978,0.0879,0.2308,0.2747,0.5275,0.4945,0.3077,0.5055,0.1868,0.7363,0.7473
null,rad-core-61@uniform,3,105,105,105,0.0857,0.1143,0.4476,0.4857,0.2476,0.1429,0.1238,0.4095,0.8952,0.8857,0.6667,0.3143
null,rad-core-61@uniform,4,90,90,90,0.0889,0.3333,0.2111,0.3444,0.3889,0.1667,0.0889,0.1778,0.6667,0.3778,0.7444,0.5222
null,rad-core-61@mixed,0,91,91,91,0.4945,0.3077,0.4066,0.1648,0.7363,0.7143,0.6813,0.5385,0.2637,0.3516,0.5165,0.7692
null,rad-core-61@mixed,1,104,104,104,0.3269,0.3558,0.4038,0.3077,0.2115,0.0865,0.2885,0.6538,0.3365,0.5962,0.1731,0.0673
null,rad-core-61@mixed,2,100,100,100,0.39,0.32,0.29,0.2,0.39,0.42,0.17,0.52,0.34,0.45,0.56,0.45
null,rad-core-61@mixed,3,94,94,94,0.3617,0.3511,0.7021,0.4362,0.3617,0.266,0.2766,0.3191,0.5213,0.5957,0.2553,0.3404
null,rad-core-61@mixed,4,92,92,92,0.3043,0.3261,0.5326,0.5978,0.1304,0.163,0.3043,0.3913,0.587,0.8261,0.1739,0.1522
triple,rad-core-65,15,101,101,101,0.2178,0.198,0.4554,0.4752,0.3168,0.3168,0.2376,0.2376,0.5545,0.396,0.495,0.3762
triple,rad-core-65,16,89,89,89,0.1573,0.1685,0.2022,0.2809,0.573,0.2809,0.6854,0.1124,0.0562,0.0899,0.2247,0.7303
triple,rad-core-65,17,58,58,58,0.2931,0.5,0.6552,0.6034,0.7069,0.4138,0.3448,0.6034,0.8276,0.9138,0.7586,0.431
triple,rad-core-65,18,91,91,91,0.1429,0.4176,0.8681,0.5604,0.8022,0.2198,0.1648,0.1648,0.7253,0.5934,0.3956,0.2637
triple,rad-core-65,19,83,83,83,0.3133,0.241,0.5904,0.5181,0.3976,0.2892,0.6627,0.5663,0.6265,0.5542,0.5422,0.8313
triple,rad-core-65,20,81,81,81,0.284,0.2963,0.3086,0.4074,0.3086,0.4444,0.7901,0.3951,0.4938,0.4321,0.5432,0.7778
triple,rad-core-65,21,75,75,75,0.3467,0.1733,0.5333,0.68,0.56,0.4667,0.4133,0.2533,0.6133,0.6133,0.4267,0.48
triple,rad-core-65,22,76,76,76,0.3553,0.3421,0.4474,0.5658,0.4474,0.4868,0.25,0.4342,0.6842,0.7368,0.7368,0.6974
triple,rad-core-65,23,95,95,95,0.2211,0.6,0.6421,0.7263,0.4737,0.2526,0.6737,0.2526,0.5263,0.6316,0.3263,0.5579
triple,rad-core-65,24,102,102,102,0.3529,0.3529,0.1961,0.2549,0.402,0.4118,0.7157,0.5392,0.1569,0.1863,0.6078,0.951
triple,rad-core-65,25,91,91,91,0.3736,0.5055,0.5934,0.6484,0.6923,0.3187,0.2308,0.2637,0.8571,0.8242,0.6374,0.4725
triple,rad-core-65,26,82,82,82,0.3537,0.2683,0.5488,0.4268,0.3537,0.2439,0.6463,0.5122,0.6707,0.561,0.5366,0.5366
triple,rad-core-65,27,99,99,99,0.3333,0.2929,0.6667,0.3939,0.6667,0.2424,0.1414,0.1717,0.8384,0.7677,0.6667,0.2424
triple,rad-core-65,28,83,83,83,0.1205,0.0964,0.4819,0.2771,0.4578,0.4458,0.6506,0.0602,0.5904,0.5301,0.6988,0.7831
triple,rad-core-65,29,92,92,92,0.3587,0.5109,0.4674,0.5217,0.1957,0.2826,0.7391,0.7283,0.5978,0.6087,0.4348,0.7065
xtriple,rad-core-65,0,77,77,77,0.1558,0.3377,0.3636,0.4026,0.4286,0.2727,0.7922,0.4286,0.3636,0.2338,0.7792,0.9221
xtriple,rad-core-65,1,58,58,58,0.1897,0.3621,0.8276,0.5,0.5345,0.1379,0.0862,0.1897,0.8621,0.8103,0.5862,0.2414
xtriple,rad-core-65,2,63,63,63,0.2222,0.2063,0.5397,0.3016,0.7143,0.4921,0.3651,0.4921,0.6825,0.4921,0.4444,0.254
xtriple,rad-core-65,3,103,103,103,0.1262,0.1748,0.6408,0.4078,0.4175,0.5631,0.5922,0.2233,0.5049,0.4175,0.5437,0.6408
xtriple,rad-core-65,4,91,91,91,0.2088,0.2747,0.4066,0.4176,0.5055,0.2967,0.7582,0.1209,0.5165,0.1978,0.3736,0.5055
xtriple,rad-core-65,5,81,81,81,0.1728,0.4321,0.6049,0.3951,0.5062,0.2222,0.1358,0.5802,0.7284,0.7901,0.5556,0.1605
xtriple,rad-core-65,6,81,81,81,0.2963,0.3951,0.4691,0.5556,0.5309,0.2099,0.1358,0.2099,0.6049,0.6173,0.3457,0.284
xtriple,rad-core-65,7,92,92,92,0.1957,0.5326,0.4783,0.5217,0.4457,0.2065,0.6957,0.3478,0.587,0.3913,0.4457,0.6413
xtriple,rad-core-65,8,75,75,75,0.2933,0.2933,0.5867,0.4933,0.64,0.5067,0.3467,0.3467,0.5733,0.5733,0.6933,0.6933
xtriple,rad-core-65,9,90,90,90,0.3,0.3889,0.4444,0.6667,0.2,0.1778,0.3667,0.6333,0.7556,0.8222,0.2333,0.2778
xtriple,rad-core-65,10,95,95,95,0.4842,0.2632,0.5053,0.3053,0.4632,0.4526,0.3368,0.1895,0.6211,0.5053,0.8947,0.8842
xtriple,rad-core-65,11,82,82,82,0.2317,0.2195,0.122,0.0854,0.4878,0.2927,0.7317,0.3293,0.061,0.0488,0.622,0.6463
xtriple,rad-core-65,12,83,83,83,0.1807,0.1687,0.6024,0.4578,0.4337,0.3614,0.7831,0.506,0.7349,0.6386,0.5663,0.7108
xtriple,rad-core-65,13,92,92,92,0.1196,0.1413,0.5217,0.4891,0.6087,0.25,0.7065,0.1413,0.4239,0.4891,0.5978,0.7283
xtriple,rad-core-65,14,93,93,93,0.129,0.3656,0.3978,0.3978,0.3763,0.172,0.1828,0.3656,0.7204,0.5591,0.7204,0.2903
null,rad-core-65@directed,0,63,63,63,0.4603,0.381,0.3651,0.2857,0.4127,0.4127,0.4603,0.5238,0.4286,0.4762,0.7302,0.4127
null,rad-core-65@directed,1,81,81,81,0.358,0.2716,0.3457,0.3457,0.5556,0.4691,0.5802,0.358,0.7037,0.5309,0.6173,0.642
null,rad-core-65@directed,2,95,95,95,0.2,0.1368,0.4526,0.4632,0.3895,0.3579,0.2421,0.1684,0.6737,0.4737,0.4,0.3158
null,rad-core-65@directed,3,82,82,82,0.3293,0.2805,0.2073,0.3049,0.2073,0.4024,0.6707,0.7195,0.1829,0.3415,0.439,0.6829
null,rad-core-65@directed,4,93,93,93,0.3763,0.1075,0.4731,0.129,0.5269,0.4624,0.4194,0.2581,0.6344,0.4301,0.6559,0.5484
null,rad-core-65@uniform,0,58,58,58,0.2414,0.3448,0.2241,0.1724,0.3966,0.3103,0.8966,0.3103,0.2586,0.2759,0.7241,0.8966
null,rad-core-65@uniform,1,96,96,96,0.4271,0.4375,0.1979,0.3229,0.25,0.3958,0.6354,0.8438,0.3229,0.7292,0.1667,0.25
null,rad-core-65@uniform,2,75,75,75,0.28,0.24,0.6,0.4267,0.6133,0.3467,0.4533,0.76,0.5467,0.8133,0.5733,0.3733
null,rad-core-65@uniform,3,95,95,95,0.2105,0.3158,0.3579,0.4105,0.4105,0.3579,0.1158,0.1263,0.8526,0.7684,0.7474,0.3474
null,rad-core-65@uniform,4,83,83,83,0.5181,0.3012,0.2289,0.2169,0.3012,0.4699,0.8072,0.759,0.4096,0.7108,0.4096,0.747
null,rad-core-65@mixed,0,77,77,77,0.3117,0.3247,0.6234,0.4675,0.5584,0.3766,0.4675,0.4156,0.3506,0.3896,0.5714,0.5844
null,rad-core-65@mixed,1,83,83,83,0.3855,0.2771,0.3855,0.2651,0.4819,0.3614,0.4096,0.253,0.1807,0.3614,0.253,0.6024
null,rad-core-65@mixed,2,76,76,76,0.3158,0.4605,0.5263,0.4605,0.1579,0.3816,0.3816,0.3421,0.5658,0.5658,0.1579,0.3947
null,rad-core-65@mixed,3,90,90,90,0.5222,0.5889,0.2889,0.4444,0.2222,0.3333,0.7,0.8778,0.5667,0.6778,0.4556,0.2889
null,rad-core-65@mixed,4,100,100,100,0.34,0.4,0.39,0.56,0.19,0.35,0.41,0.59,0.56,0.71,0.24,0.22
triple,rad-core-68,15,54,54,54,0.5,0.5185,0.6296,0.6852,0.5185,0.5556,0.5741,0.4444,0.3889,0.6481,0.6667,0.9259
triple,rad-core-68,16,47,47,47,0.3617,0.7021,0.5745,0.7234,0.3191,0.2128,0.9574,0.8936,0.3404,0.5745,0.3191,0.8511
triple,rad-core-68,17,47,47,47,0.7234,0.6596,0.3617,0.2979,0.4255,0.4894,0.9362,0.8936,0.3404,0.7872,0.2553,0.8723
triple,rad-core-68,18,45,45,45,0.6444,0.4667,0.4444,0.3778,0.5111,0.7333,0.8667,0.8,0.4222,0.4667,0.7556,0.8667
triple,rad-core-68,19,23,23,23,0.5217,0.8696,0.7826,0.913,0.6522,0.3913,0.9565,1.0,0.7391,1.0,0.3043,0.3913
triple,rad-core-68,20,47,47,47,0.6596,0.5745,0.6596,0.5957,0.5957,0.617,0.7234,0.9149,0.4681,0.8511,0.4043,0.4255
triple,rad-core-68,21,32,32,32,0.75,0.625,0.7188,0.6562,0.6562,0.7188,0.9688,0.9062,0.4375,0.9062,0.5938,0.625
triple,rad-core-68,22,28,28,28,0.6429,0.6429,0.75,0.4643,0.6429,0.7857,0.8929,0.9643,0.3214,0.2857,0.8214,1.0
triple,rad-core-68,23,34,34,34,0.2941,0.5588,0.7941,0.8529,0.7353,0.6471,0.5882,0.3824,0.8235,0.3235,0.9118,0.6471
triple,rad-core-68,24,30,30,30,0.7,0.3667,0.4,0.4,0.7,0.7667,0.9667,0.7333,0.7,0.7,0.6333,0.8667
triple,rad-core-68,25,26,26,26,0.6923,0.6923,0.6923,0.8462,0.5769,0.7308,0.9231,0.9615,0.6154,0.9231,0.9231,1.0
triple,rad-core-68,26,34,34,34,0.3235,0.4118,0.8235,0.8235,0.6471,0.4412,0.4706,0.7647,0.9412,0.9412,1.0,0.7941
triple,rad-core-68,27,52,52,52,0.7308,0.4808,0.6538,0.4615,0.6346,0.75,0.8077,0.7308,0.4231,0.3846,0.5192,0.9808
triple,rad-core-68,28,36,36,36,0.7778,0.3333,0.6944,0.2778,0.4722,0.5,0.7222,0.3333,0.6944,0.6389,0.3056,0.4167
triple,rad-core-68,29,39,39,39,0.5128,0.3333,0.5897,0.5641,0.6154,0.7179,0.7949,0.5641,0.7436,0.641,0.6667,0.7436
xtriple,rad-core-68,0,57,57,57,0.2632,0.5263,0.5263,0.6491,0.6316,0.2281,0.4561,0.6491,0.3509,0.6316,0.5439,0.4912
xtriple,rad-core-68,1,47,47,47,0.5957,0.7021,0.3191,0.3404,0.4681,0.5532,0.8936,0.8511,0.5106,0.4255,0.7872,0.8723
xtriple,rad-core-68,2,53,53,53,0.6038,0.7736,0.5094,0.7925,0.5094,0.3962,0.8868,0.9434,0.283,0.9057,0.1509,0.5094
xtriple,rad-core-68,3,45,45,45,0.5778,0.6,0.5778,0.5333,0.5333,0.5333,0.9111,0.8667,0.6889,0.9556,0.3778,0.7556
xtriple,rad-core-68,4,23,23,23,0.9565,0.6087,0.2609,0.2174,0.3478,0.6522,0.913,0.8696,0.1304,0.5217,0.2609,0.6957
xtriple,rad-core-68,5,58,58,58,0.6034,0.7069,0.3621,0.5345,0.1552,0.2931,0.8793,0.8448,0.2759,0.7759,0.1034,0.4655
xtriple,rad-core-68,6,32,32,32,0.5938,0.7812,0.625,0.7188,0.6562,0.5938,0.9062,0.75,0.2812,0.4688,0.5625,0.7812
xtriple,rad-core-68,7,28,28,28,0.3929,0.6071,0.8571,0.7143,0.3929,0.6071,0.7143,0.8214,0.6429,0.8929,0.7143,0.75
xtriple,rad-core-68,8,34,34,34,0.5882,0.5588,0.7353,0.6765,0.6176,0.7353,0.5882,0.6471,0.9412,0.8529,0.9412,0.7941
xtriple,rad-core-68,9,34,34,34,0.5,0.7059,0.7353,0.7059,0.4706,0.5,0.8235,0.6176,0.7941,0.7647,0.8824,0.9706
xtriple,rad-core-68,10,26,26,26,0.4231,0.3462,0.7308,0.5769,0.8462,0.5769,0.8462,0.3462,0.8462,0.5769,0.6923,0.7308
xtriple,rad-core-68,11,30,30,30,0.5333,0.6,0.5333,0.6333,0.9,0.7,0.8667,0.7667,0.7,0.7333,1.0,0.8333
xtriple,rad-core-68,12,48,48,48,0.8125,0.5208,0.2917,0.2917,0.4167,0.875,0.7917,0.7083,0.25,0.2708,0.4375,0.875
xtriple,rad-core-68,13,36,36,36,0.4167,0.2222,0.9167,0.5,0.7778,0.5833,0.3889,0.1667,0.8611,0.6389,0.9167,0.8056
xtriple,rad-core-68,14,39,39,39,0.4872,0.4872,0.5385,0.4615,0.641,0.4872,0.9487,0.8974,0.3846,0.7436,0.2821,0.7179
null,rad-core-68@directed,0,47,47,47,0.5532,0.4681,0.8298,0.617,0.9574,0.6809,0.5106,0.3191,0.7021,0.5532,0.8085,0.9362
null,rad-core-68@directed,1,23,23,23,0.7826,0.7391,0.6087,0.6957,0.6087,0.7826,0.7391,1.0,0.8696,1.0,0.4783,0.4348
null,rad-core-68@directed,2,28,28,28,0.8571,0.8929,0.5,0.6429,0.5,0.5357,0.9286,1.0,0.5,0.8929,0.25,0.6429
null,rad-core-68@directed,3,26,26,26,0.6923,0.8077,0.5769,0.8077,0.6923,0.5769,0.8077,0.6923,0.7692,0.6923,0.6923,0.7692
null,rad-core-68@directed,4,36,36,36,1.0,0.6667,0.5833,0.75,0.6111,0.8889,0.8889,0.9444,0.3611,0.4444,0.6944,0.8333
null,rad-core-68@uniform,0,47,47,47,0.2553,0.5532,0.7872,0.7234,0.3617,0.1489,0.7447,0.9574,0.6383,0.5745,0.6809,0.2766
null,rad-core-68@uniform,1,62,62,62,0.3226,0.4355,0.5161,0.6613,0.5,0.4032,0.6452,0.371,0.9355,0.6129,0.7097,0.6774
null,rad-core-68@uniform,2,63,63,63,0.5079,0.3175,0.4127,0.2063,0.4603,0.5238,0.9206,0.8571,0.5714,0.8413,0.2698,0.7937
null,rad-core-68@uniform,3,30,30,30,0.3333,0.4,0.8,0.7,0.7667,0.6333,0.6667,0.3667,0.9333,0.5333,0.9,1.0
null,rad-core-68@uniform,4,51,51,51,0.6863,0.4902,0.4314,0.2353,0.7059,0.7843,0.8431,0.8627,0.6863,0.6275,0.8824,0.7843
null,rad-core-68@mixed,0,57,57,57,0.5088,0.5088,0.3333,0.2281,0.4737,0.6316,0.7895,0.7719,0.1754,0.4912,0.6316,0.9649
null,rad-core-68@mixed,1,47,47,47,0.6809,0.5957,0.1702,0.4894,0.2766,0.5745,0.9149,0.9362,0.0851,0.9149,0.2766,0.9574
null,rad-core-68@mixed,2,34,34,34,0.7353,0.6765,0.5588,0.5294,0.7059,0.7353,0.7941,0.6471,0.8824,0.3235,0.9412,0.7941
null,rad-core-68@mixed,3,34,34,34,0.7941,0.7647,0.5,0.7353,0.6471,0.6176,0.6765,0.7059,0.8824,0.7647,0.8529,0.9706
null,rad-core-68@mixed,4,48,48,48,0.75,0.5625,0.3125,0.375,0.4167,0.75,0.9792,0.8333,0.1875,0.1875,0.4792,0.7917
triple,takeoff,15,16,16,16,1.0,1.0,1.0,1.0,1.0,1.0,1.0,0.9375,1.0,0.75,0.9375,0.875
triple,takeoff,16,23,23,23,1.0,1.0,1.0,1.0,1.0,1.0,1.0,0.9565,1.0,0.913,0.913,0.9565
triple,takeoff,17,18,18,18,1.0,1.0,1.0,1.0,1.0,1.0,0.9444,0.8889,0.6111,0.9444,1.0,1.0
triple,takeoff,18,21,21,21,1.0,1.0,1.0,1.0,1.0,1.0,0.8095,0.8095,0.9524,0.9048,1.0,0.6667
triple,takeoff,19,19,19,19,1.0,1.0,1.0,1.0,1.0,1.0,1.0,1.0,1.0,0.7368,1.0,0.7368
triple,takeoff,20,22,22,22,1.0,1.0,1.0,1.0,1.0,1.0,0.9545,0.9091,0.9091,0.9545,1.0,0.9091
triple,takeoff,21,22,22,22,1.0,1.0,1.0,1.0,1.0,1.0,0.9091,0.9091,0.9091,1.0,1.0,0.9545
triple,takeoff,22,13,13,13,1.0,1.0,1.0,1.0,1.0,1.0,0.7692,1.0,1.0,1.0,1.0,1.0
triple,takeoff,23,22,22,22,1.0,1.0,1.0,1.0,1.0,1.0,0.9091,1.0,1.0,1.0,1.0,1.0
triple,takeoff,24,23,23,23,1.0,1.0,1.0,1.0,1.0,1.0,0.8696,0.8261,0.913,1.0,0.8696,0.6087
triple,takeoff,25,22,22,22,1.0,1.0,1.0,1.0,1.0,1.0,1.0,1.0,0.7727,0.9545,0.9545,1.0
triple,takeoff,26,25,25,25,1.0,1.0,1.0,1.0,1.0,1.0,0.92,0.96,0.96,0.96,0.96,0.96
triple,takeoff,27,24,24,24,1.0,1.0,1.0,1.0,1.0,1.0,0.875,1.0,1.0,0.7083,1.0,0.8333
triple,takeoff,28,19,19,19,1.0,1.0,1.0,1.0,1.0,1.0,0.7895,0.9474,0.9474,0.9474,0.8421,1.0
triple,takeoff,29,18,18,18,1.0,1.0,1.0,1.0,1.0,1.0,0.8333,0.8889,0.6667,1.0,0.9444,0.9444
xtriple,takeoff,0,18,18,18,1.0,1.0,1.0,1.0,1.0,1.0,1.0,0.8889,1.0,1.0,1.0,0.8333
xtriple,takeoff,1,19,19,19,1.0,1.0,1.0,1.0,1.0,1.0,1.0,0.9474,0.8421,0.7368,0.7895,0.9474
xtriple,takeoff,2,16,16,16,1.0,1.0,1.0,1.0,1.0,1.0,1.0,1.0,0.875,0.8125,1.0,0.8125
xtriple,takeoff,3,19,19,19,0.5789,0.8421,1.0,1.0,1.0,1.0,0.8947,0.9474,0.8421,0.7895,1.0,1.0
xtriple,takeoff,4,22,22,22,1.0,1.0,1.0,1.0,1.0,1.0,0.9091,0.9091,1.0,0.9091,0.7727,0.9545
xtriple,takeoff,5,21,21,21,1.0,1.0,1.0,1.0,1.0,1.0,0.9524,0.8571,0.9524,0.7619,0.7619,0.9524
xtriple,takeoff,6,19,19,19,1.0,1.0,1.0,1.0,1.0,1.0,0.8421,0.9474,1.0,1.0,0.9474,0.8947
xtriple,takeoff,7,22,22,22,1.0,1.0,1.0,1.0,1.0,1.0,0.8182,1.0,1.0,1.0,1.0,1.0
xtriple,takeoff,8,13,13,13,1.0,1.0,1.0,1.0,1.0,1.0,0.7692,1.0,1.0,1.0,1.0,1.0
xtriple,takeoff,9,22,22,22,1.0,1.0,1.0,1.0,1.0,1.0,0.7273,0.7727,0.7727,0.8636,1.0,0.9545
xtriple,takeoff,10,25,25,25,1.0,1.0,1.0,1.0,1.0,1.0,0.96,1.0,0.88,1.0,0.96,0.92
xtriple,takeoff,11,25,25,25,1.0,1.0,1.0,1.0,1.0,1.0,0.84,1.0,0.92,1.0,1.0,0.92
xtriple,takeoff,12,18,18,18,1.0,1.0,1.0,1.0,1.0,1.0,0.7778,1.0,1.0,1.0,0.9444,0.8889
xtriple,takeoff,13,23,23,23,1.0,1.0,1.0,1.0,1.0,1.0,0.7826,0.8696,0.913,1.0,1.0,0.8261
xtriple,takeoff,14,22,22,22,1.0,1.0,1.0,1.0,1.0,1.0,0.8182,0.9545,0.6818,0.7727,1.0,0.8182
null,takeoff@directed,0,23,23,23,1.0,1.0,1.0,1.0,1.0,1.0,1.0,1.0,1.0,0.9565,0.913,0.9565
null,takeoff@directed,1,24,24,24,1.0,1.0,1.0,1.0,1.0,1.0,0.7083,0.7917,0.9583,1.0,1.0,1.0
null,takeoff@directed,2,23,23,23,1.0,1.0,1.0,1.0,1.0,1.0,0.913,1.0,1.0,1.0,1.0,1.0
null,takeoff@directed,3,23,23,23,1.0,1.0,1.0,1.0,1.0,1.0,1.0,1.0,0.913,1.0,0.9565,0.8696
null,takeoff@directed,4,24,24,24,1.0,1.0,1.0,1.0,1.0,1.0,0.9167,0.9167,1.0,0.9167,1.0,0.9583
null,takeoff@uniform,0,16,16,16,1.0,1.0,1.0,1.0,1.0,1.0,0.75,0.9375,1.0,1.0,1.0,0.8125
null,takeoff@uniform,1,19,19,19,1.0,1.0,1.0,1.0,1.0,1.0,0.9474,0.9474,0.9474,0.8947,0.8421,0.8421
null,takeoff@uniform,2,19,19,19,1.0,1.0,1.0,1.0,1.0,1.0,0.9474,0.7368,1.0,1.0,1.0,0.9474
null,takeoff@uniform,3,22,22,22,1.0,1.0,1.0,1.0,1.0,1.0,0.8182,0.6818,0.7273,0.8182,0.8636,1.0
null,takeoff@uniform,4,19,19,19,1.0,1.0,1.0,1.0,1.0,1.0,1.0,0.9474,0.8947,1.0,0.6842,0.8421
null,takeoff@mixed,0,18,18,18,1.0,1.0,1.0,1.0,1.0,1.0,0.8889,0.7222,1.0,0.7778,0.7778,0.6667
null,takeoff@mixed,1,24,24,24,1.0,1.0,1.0,1.0,1.0,1.0,0.8333,0.9583,0.8333,0.8333,0.8333,0.9583
null,takeoff@mixed,2,13,13,13,1.0,1.0,1.0,1.0,1.0,1.0,1.0,1.0,1.0,1.0,1.0,1.0
null,takeoff@mixed,3,25,25,25,1.0,1.0,1.0,1.0,1.0,1.0,0.84,0.8,1.0,1.0,0.92,1.0
null,takeoff@mixed,4,18,18,18,1.0,1.0,1.0,1.0,1.0,1.0,1.0,0.9444,1.0,0.9444,1.0,0.9444
