comparison,kind,spec,seed,n,prec_y_in_x,prec_x_in_y,cov_x_by_y,cov_y_by_x
mrs-nsga2-apportion|aurus,cross,arbiter-aurus,0,20,0.9,0.95,0.7,0.75
mrs-nsga2-apportion|aurus,cross,arbiter-aurus,1,20,0.3,0.55,0.5,0.4
mrs-nsga2-apportion|aurus,ctrl_x,arbiter-aurus,0,20,0.8,0.8,0.85,0.9
mrs-nsga2-apportion|aurus,ctrl_y,arbiter-aurus,0,20,0.55,1.0,0.45,0.95
mrs-nsga2-apportion|aurus,cross,arbiter-aurus,2,20,0.65,0.65,0.35,0.2
mrs-nsga2-apportion|aurus,cross,arbiter-aurus,3,20,0.25,1.0,0.2,0.9
mrs-nsga2-apportion|aurus,ctrl_x,arbiter-aurus,2,20,0.9,0.6,1.0,0.6
mrs-nsga2-apportion|aurus,ctrl_y,arbiter-aurus,2,20,0.9,0.85,0.5,0.5
mrs-nsga2-apportion|aurus,cross,arbiter-aurus,4,20,0.7,0.75,0.4,0.6
mrs-nsga2-apportion|aurus,cross,arbiter-aurus,5,20,0.7,0.9,0.45,0.4
mrs-nsga2-apportion|aurus,ctrl_x,arbiter-aurus,4,20,0.6,0.75,0.8,0.9
mrs-nsga2-apportion|aurus,ctrl_y,arbiter-aurus,4,20,0.85,0.75,0.7,0.75
mrs-nsga2-apportion|aurus,cross,arbiter-aurus,6,20,0.7,0.5,0.7,0.3
mrs-nsga2-apportion|aurus,cross,arbiter-aurus,7,20,0.45,0.85,0.4,0.75
mrs-nsga2-apportion|aurus,ctrl_x,arbiter-aurus,6,20,0.7,0.7,0.8,0.7
mrs-nsga2-apportion|aurus,ctrl_y,arbiter-aurus,6,20,0.75,0.45,0.75,0.55
mrs-nsga2-apportion|aurus,cross,arbiter-aurus,8,20,0.95,0.2,0.55,0.35
mrs-nsga2-apportion|aurus,cross,arbiter-aurus,9,20,0.8,0.65,0.55,0.4
mrs-nsga2-apportion|aurus,ctrl_x,arbiter-aurus,8,20,0.9,0.95,1.0,0.7
mrs-nsga2-apportion|aurus,ctrl_y,arbiter-aurus,8,20,0.5,0.9,0.45,0.7
mrs-nsga2-apportion|aurus,cross,arbiter-aurus,10,20,0.75,0.7,0.65,0.45
mrs-nsga2-apportion|aurus,cross,arbiter-aurus,11,20,0.7,0.95,0.75,0.4
mrs-nsga2-apportion|aurus,ctrl_x,arbiter-aurus,10,20,0.9,0.65,1.0,0.8
mrs-nsga2-apportion|aurus,ctrl_y,arbiter-aurus,10,20,0.7,0.85,0.75,0.65
mrs-nsga2-apportion|aurus,cross,arbiter-aurus,12,20,0.7,0.5,0.7,0.25
mrs-nsga2-apportion|aurus,cross,arbiter-aurus,13,20,0.85,0.8,0.6,0.25
mrs-nsga2-apportion|aurus,ctrl_x,arbiter-aurus,12,20,0.85,0.8,0.6,0.6
mrs-nsga2-apportion|aurus,ctrl_y,arbiter-aurus,12,20,0.85,0.6,0.95,0.65
mrs-nsga2-apportion|aurus,cross,arbiter-aurus,14,20,1.0,0.2,0.55,0.25
mrs-nsga2-apportion|aurus,cross,arbiter-aurus,15,20,0.9,0.6,0.45,0.35
mrs-nsga2-apportion|aurus,ctrl_x,arbiter-aurus,14,20,0.5,1.0,0.8,0.85
mrs-nsga2-apportion|aurus,ctrl_y,arbiter-aurus,14,20,0.95,0.65,0.75,0.8
mrs-nsga2-apportion|aurus,cross,arbiter-aurus,16,20,0.75,0.7,0.85,0.45
mrs-nsga2-apportion|aurus,cross,arbiter-aurus,17,20,0.9,0.55,0.35,0.45
mrs-nsga2-apportion|aurus,ctrl_x,arbiter-aurus,16,20,0.9,0.8,0.8,0.8
mrs-nsga2-apportion|aurus,ctrl_y,arbiter-aurus,16,20,0.55,0.5,0.75,0.7
mrs-nsga2-apportion|aurus,cross,arbiter-aurus,18,20,0.8,0.6,0.45,0.2
mrs-nsga2-apportion|aurus,cross,arbiter-aurus,19,20,0.9,0.45,0.55,0.6
mrs-nsga2-apportion|aurus,ctrl_x,arbiter-aurus,18,20,0.9,0.9,1.0,0.85
mrs-nsga2-apportion|aurus,ctrl_y,arbiter-aurus,18,20,0.9,0.95,0.75,0.95
mrs-nsga2-apportion|aurus,cross,arbiter-aurus,20,20,0.8,0.45,0.45,0.2
mrs-nsga2-apportion|aurus,cross,arbiter-aurus,21,20,0.45,0.65,0.55,0.45
mrs-nsga2-apportion|aurus,ctrl_x,arbiter-aurus,20,20,0.95,0.2,0.65,0.3
mrs-nsga2-apportion|aurus,ctrl_y,arbiter-aurus,20,20,0.65,0.9,0.7,0.85
mrs-nsga2-apportion|aurus,cross,arbiter-aurus,22,20,1.0,0.85,0.6,0.5
mrs-nsga2-apportion|aurus,cross,arbiter-aurus,23,20,0.95,0.55,0.9,0.5
mrs-nsga2-apportion|aurus,ctrl_x,arbiter-aurus,22,20,0.8,0.75,0.65,0.85
mrs-nsga2-apportion|aurus,ctrl_y,arbiter-aurus,22,20,0.8,0.55,0.8,0.6
mrs-nsga2-apportion|aurus,cross,arbiter-aurus,24,20,0.6,0.45,0.8,0.2
mrs-nsga2-apportion|aurus,cross,arbiter-aurus,25,20,0.95,0.15,0.6,0.25
mrs-nsga2-apportion|aurus,ctrl_x,arbiter-aurus,24,20,0.8,0.9,0.9,0.8
mrs-nsga2-apportion|aurus,ctrl_y,arbiter-aurus,24,20,0.7,0.85,0.95,0.9
mrs-nsga2-apportion|aurus,cross,arbiter-aurus,26,20,1.0,0.25,0.75,0.35
mrs-nsga2-apportion|aurus,cross,arbiter-aurus,27,20,0.75,0.75,0.9,0.65
mrs-nsga2-apportion|aurus,ctrl_x,arbiter-aurus,26,20,0.8,0.7,0.75,0.75
mrs-nsga2-apportion|aurus,ctrl_y,arbiter-aurus,26,20,0.9,0.75,0.6,0.65
mrs-nsga2-apportion|aurus,cross,arbiter-aurus,28,20,0.6,0.5,0.3,0.35
mrs-nsga2-apportion|aurus,cross,arbiter-aurus,29,20,0.85,0.9,0.35,0.65
mrs-nsga2-apportion|aurus,ctrl_x,arbiter-aurus,28,20,0.8,0.7,0.85,0.65
mrs-nsga2-apportion|aurus,ctrl_y,arbiter-aurus,28,20,0.65,0.7,0.85,0.45
mrs-nsga2-apportion|aurus-nsga2-apportion,cross,arbiter-aurus,2,20,0.55,0.85,0.65,0.45
mrs-nsga2-apportion|aurus-nsga2-apportion,cross,arbiter-aurus,3,20,0.55,0.6,0.65,0.65
mrs-nsga2-apportion|aurus-nsga2-apportion,ctrl_x,arbiter-aurus,2,20,0.9,0.6,1.0,0.6
mrs-nsga2-apportion|aurus-nsga2-apportion,ctrl_y,arbiter-aurus,2,20,0.9,0.75,0.7,0.95
mrs-nsga2-apportion|aurus-nsga2-apportion,cross,arbiter-aurus,4,20,0.55,0.8,0.5,0.6
mrs-nsga2-apportion|aurus-nsga2-apportion,cross,arbiter-aurus,5,20,0.8,0.8,0.65,0.8
mrs-nsga2-apportion|aurus-nsga2-apportion,ctrl_x,arbiter-aurus,4,20,0.6,0.75,0.8,0.9
mrs-nsga2-apportion|aurus-nsga2-apportion,ctrl_y,arbiter-aurus,4,20,0.8,0.85,0.8,1.0
mrs-nsga2-apportion|aurus-nsga2-apportion,cross,arbiter-aurus,6,20,0.9,0.85,1.0,0.8
mrs-nsga2-apportion|aurus-nsga2-apportion,cross,arbiter-aurus,7,20,0.8,1.0,0.8,0.65
mrs-nsga2-apportion|aurus-nsga2-apportion,ctrl_x,arbiter-aurus,6,20,0.7,0.7,0.8,0.7
mrs-nsga2-apportion|aurus-nsga2-apportion,ctrl_y,arbiter-aurus,6,20,1.0,0.85,0.95,0.75
mrs-nsga2-apportion|aurus-nsga2-apportion,cross,arbiter-aurus,8,20,0.95,0.8,0.6,0.7
mrs-nsga2-apportion|aurus-nsga2-apportion,cross,arbiter-aurus,9,20,0.9,1.0,0.8,0.85
mrs-nsga2-apportion|aurus-nsga2-apportion,ctrl_x,arbiter-aurus,8,20,0.9,0.95,1.0,0.7
mrs-nsga2-apportion|aurus-nsga2-apportion,ctrl_y,arbiter-aurus,8,20,0.75,0.7,0.45,0.5
mrs-nsga2-apportion|aurus-nsga2-apportion,cross,arbiter-aurus,10,20,0.8,0.8,0.8,0.6
mrs-nsga2-apportion|aurus-nsga2-apportion,cross,arbiter-aurus,11,20,0.75,0.75,0.7,0.7
mrs-nsga2-apportion|aurus-nsga2-apportion,ctrl_x,arbiter-aurus,10,20,0.9,0.65,1.0,0.8
mrs-nsga2-apportion|aurus-nsga2-apportion,ctrl_y,arbiter-aurus,10,20,0.9,0.85,1.0,0.6
mrs-nsga2-apportion|aurus-nsga2-apportion,cross,arbiter-aurus,12,20,0.75,0.9,0.85,0.9
mrs-nsga2-apportion|aurus-nsga2-apportion,cross,arbiter-aurus,13,20,1.0,1.0,0.9,0.85
mrs-nsga2-apportion|aurus-nsga2-apportion,ctrl_x,arbiter-aurus,12,20,0.85,0.8,0.6,0.6
mrs-nsga2-apportion|aurus-nsga2-apportion,ctrl_y,arbiter-aurus,12,20,0.7,0.95,0.95,0.85
mrs-nsga2-apportion|aurus-nsga2-apportion,cross,arbiter-aurus,14,20,1.0,1.0,0.6,0.65
mrs-nsga2-apportion|aurus-nsga2-apportion,cross,arbiter-aurus,15,20,1.0,0.3,0.4,0.35
mrs-nsga2-apportion|aurus-nsga2-apportion,ctrl_x,arbiter-aurus,14,20,0.5,1.0,0.8,0.85
mrs-nsga2-apportion|aurus-nsga2-apportion,ctrl_y,arbiter-aurus,14,20,0.9,1.0,0.4,0.75
mrs-nsga2-apportion|aurus-nsga2-apportion,cross,arbiter-aurus,16,20,0.65,0.65,0.6,0.65
mrs-nsga2-apportion|aurus-nsga2-apportion,cross,arbiter-aurus,17,20,0.85,0.85,0.65,0.8
mrs-nsga2-apportion|aurus-nsga2-apportion,ctrl_x,arbiter-aurus,16,20,0.9,0.8,0.8,0.8
mrs-nsga2-apportion|aurus-nsga2-apportion,ctrl_y,arbiter-aurus,16,20,0.85,0.6,0.9,0.85
mrs-nsga2-apportion|aurus-nsga2-apportion,cross,arbiter-aurus,20,20,1.0,0.9,0.8,0.7
mrs-nsga2-apportion|aurus-nsga2-apportion,cross,arbiter-aurus,21,20,0.7,0.8,0.6,0.7
mrs-nsga2-apportion|aurus-nsga2-apportion,ctrl_x,arbiter-aurus,20,20,0.95,0.2,0.65,0.3
mrs-nsga2-apportion|aurus-nsga2-apportion,ctrl_y,arbiter-aurus,20,20,0.8,0.85,0.9,0.65
mrs-nsga2-apportion|aurus-nsga2-apportion,cross,arbiter-aurus,22,20,0.9,0.85,0.9,0.9
mrs-nsga2-apportion|aurus-nsga2-apportion,cross,arbiter-aurus,23,20,1.0,0.75,0.95,0.9
mrs-nsga2-apportion|aurus-nsga2-apportion,ctrl_x,arbiter-aurus,22,20,0.8,0.75,0.65,0.85
mrs-nsga2-apportion|aurus-nsga2-apportion,ctrl_y,arbiter-aurus,22,20,0.85,0.8,0.9,0.65
mrs-nsga2-apportion|aurus-nsga2-apportion,cross,arbiter-aurus,24,20,0.9,0.6,0.9,0.65
mrs-nsga2-apportion|aurus-nsga2-apportion,cross,arbiter-aurus,25,20,1.0,0.55,0.85,0.8
mrs-nsga2-apportion|aurus-nsga2-apportion,ctrl_x,arbiter-aurus,24,20,0.8,0.9,0.9,0.8
mrs-nsga2-apportion|aurus-nsga2-apportion,ctrl_y,arbiter-aurus,24,20,0.9,0.75,1.0,0.55
mrs-nsga2-apportion|aurus-nsga2-apportion,cross,arbiter-aurus,26,20,1.0,0.55,0.75,0.5
mrs-nsga2-apportion|aurus-nsga2-apportion,cross,arbiter-aurus,27,20,0.75,0.85,0.85,0.85
mrs-nsga2-apportion|aurus-nsga2-apportion,ctrl_x,arbiter-aurus,26,20,0.8,0.7,0.75,0.75
mrs-nsga2-apportion|aurus-nsga2-apportion,ctrl_y,arbiter-aurus,26,20,0.85,0.6,1.0,0.65
mrs-nsga2-apportion|aurus-nsga2-apportion,cross,arbiter-aurus,28,20,0.8,0.95,0.85,1.0
mrs-nsga2-apportion|aurus-nsga2-apportion,cross,arbiter-aurus,29,20,0.95,0.75,0.6,0.9
mrs-nsga2-apportion|aurus-nsga2-apportion,ctrl_x,arbiter-aurus,28,20,0.8,0.7,0.85,0.65
mrs-nsga2-apportion|aurus-nsga2-apportion,ctrl_y,arbiter-aurus,28,20,0.4,1.0,0.6,0.9
mrs-nsga2-apportion|mrs-weighted,cross,arbiter-aurus,0,20,0.85,0.9,0.5,0.85
mrs-nsga2-apportion|mrs-weighted,cross,arbiter-aurus,1,20,0.5,1.0,0.35,0.8
mrs-nsga2-apportion|mrs-weighted,ctrl_x,arbiter-aurus,0,20,0.8,0.8,0.85,0.9
mrs-nsga2-apportion|mrs-weighted,ctrl_y,arbiter-aurus,0,20,0.95,0.75,0.7,0.8
mrs-nsga2-apportion|mrs-weighted,cross,arbiter-aurus,2,20,0.45,0.95,0.4,0.95
mrs-nsga2-apportion|mrs-weighted,cross,arbiter-aurus,3,20,0.6,0.95,0.5,0.8
mrs-nsga2-apportion|mrs-weighted,ctrl_x,arbiter-aurus,2,20,0.9,0.6,1.0,0.6
mrs-nsga2-apportion|mrs-weighted,ctrl_y,arbiter-aurus,2,20,0.8,0.8,0.55,0.65
mrs-nsga2-apportion|mrs-weighted,cross,arbiter-aurus,4,20,0.85,0.9,0.4,0.5
mrs-nsga2-apportion|mrs-weighted,cross,arbiter-aurus,5,20,0.85,0.8,0.5,0.75
mrs-nsga2-apportion|mrs-weighted,ctrl_x,arbiter-aurus,4,20,0.6,0.75,0.8,0.9
mrs-nsga2-apportion|mrs-weighted,ctrl_y,arbiter-aurus,4,20,0.5,0.95,0.65,0.5
mrs-nsga2-apportion|mrs-weighted,cross,arbiter-aurus,6,20,0.85,0.85,0.45,0.75
mrs-nsga2-apportion|mrs-weighted,cross,arbiter-aurus,7,20,0.8,0.9,0.5,0.7
mrs-nsga2-apportion|mrs-weighted,ctrl_x,arbiter-aurus,6,20,0.7,0.7,0.8,0.7
mrs-nsga2-apportion|mrs-weighted,ctrl_y,arbiter-aurus,6,20,0.8,1.0,0.5,0.8
mrs-nsga2-apportion|mrs-weighted,cross,arbiter-aurus,8,20,0.95,0.6,0.8,0.6
mrs-nsga2-apportion|mrs-weighted,cross,arbiter-aurus,9,20,0.75,0.75,0.7,0.65
mrs-nsga2-apportion|mrs-weighted,ctrl_x,arbiter-aurus,8,20,0.9,0.95,1.0,0.7
mrs-nsga2-apportion|mrs-weighted,ctrl_y,arbiter-aurus,8,20,0.85,1.0,0.5,0.85
mrs-nsga2-apportion|mrs-weighted,cross,arbiter-aurus,10,20,0.75,0.8,0.6,0.85
mrs-nsga2-apportion|mrs-weighted,cross,arbiter-aurus,11,20,0.65,0.95,0.55,0.6
mrs-nsga2-apportion|mrs-weighted,ctrl_x,arbiter-aurus,10,20,0.9,0.65,1.0,0.8
mrs-nsga2-apportion|mrs-weighted,ctrl_y,arbiter-aurus,10,20,0.95,0.6,0.65,0.35
mrs-nsga2-apportion|mrs-weighted,cross,arbiter-aurus,12,20,0.9,0.9,0.85,0.65
mrs-nsga2-apportion|mrs-weighted,cross,arbiter-aurus,13,20,1.0,0.5,0.65,0.2
mrs-nsga2-apportion|mrs-weighted,ctrl_x,arbiter-aurus,12,20,0.85,0.8,0.6,0.6
mrs-nsga2-apportion|mrs-weighted,ctrl_y,arbiter-aurus,12,20,0.65,1.0,0.7,0.65
mrs-nsga2-apportion|mrs-weighted,cross,arbiter-aurus,14,20,0.75,0.7,0.35,0.65
mrs-nsga2-apportion|mrs-weighted,cross,arbiter-aurus,15,20,0.7,0.95,0.7,0.3
mrs-nsga2-apportion|mrs-weighted,ctrl_x,arbiter-aurus,14,20,0.5,1.0,0.8,0.85
mrs-nsga2-apportion|mrs-weighted,ctrl_y,arbiter-aurus,14,20,0.85,0.95,0.7,0.85
mrs-nsga2-apportion|mrs-weighted,cross,arbiter-aurus,16,20,0.6,0.6,0.75,0.7
mrs-nsga2-apportion|mrs-weighted,cross,arbiter-aurus,17,20,0.55,0.7,0.25,0.85
mrs-nsga2-apportion|mrs-weighted,ctrl_x,arbiter-aurus,16,20,0.9,0.8,0.8,0.8
mrs-nsga2-apportion|mrs-weighted,ctrl_y,arbiter-aurus,16,20,0.9,0.7,0.5,0.7
mrs-nsga2-apportion|mrs-weighted,cross,arbiter-aurus,18,20,0.4,0.95,0.5,0.65
mrs-nsga2-apportion|mrs-weighted,cross,arbiter-aurus,19,20,0.8,1.0,0.35,0.75
mrs-nsga2-apportion|mrs-weighted,ctrl_x,arbiter-aurus,18,20,0.9,0.9,1.0,0.85
mrs-nsga2-apportion|mrs-weighted,ctrl_y,arbiter-aurus,18,20,0.85,0.65,0.6,0.3
mrs-nsga2-apportion|mrs-weighted,cross,arbiter-aurus,20,20,0.85,0.55,0.6,0.5
mrs-nsga2-apportion|mrs-weighted,cross,arbiter-aurus,21,20,0.25,0.65,0.3,0.35
mrs-nsga2-apportion|mrs-weighted,ctrl_x,arbiter-aurus,20,20,0.95,0.2,0.65,0.3
mrs-nsga2-apportion|mrs-weighted,ctrl_y,arbiter-aurus,20,20,1.0,0.5,0.7,0.5
mrs-nsga2-apportion|mrs-weighted,cross,arbiter-aurus,22,20,0.95,0.8,0.8,0.5
mrs-nsga2-apportion|mrs-weighted,cross,arbiter-aurus,23,20,0.9,0.75,0.95,0.6
mrs-nsga2-apportion|mrs-weighted,ctrl_x,arbiter-aurus,22,20,0.8,0.75,0.65,0.85
mrs-nsga2-apportion|mrs-weighted,ctrl_y,arbiter-aurus,22,20,1.0,0.9,0.6,0.4
mrs-nsga2-apportion|mrs-weighted,cross,arbiter-aurus,24,20,0.7,0.45,0.9,0.75
mrs-nsga2-apportion|mrs-weighted,cross,arbiter-aurus,25,20,0.9,0.85,0.65,0.9
mrs-nsga2-apportion|mrs-weighted,ctrl_x,arbiter-aurus,24,20,0.8,0.9,0.9,0.8
mrs-nsga2-apportion|mrs-weighted,ctrl_y,arbiter-aurus,24,20,0.9,0.85,1.0,0.5
mrs-nsga2-apportion|mrs-weighted,cross,arbiter-aurus,26,20,1.0,0.7,0.7,0.25
mrs-nsga2-apportion|mrs-weighted,cross,arbiter-aurus,27,20,0.55,1.0,0.25,0.4
mrs-nsga2-apportion|mrs-weighted,ctrl_x,arbiter-aurus,26,20,0.8,0.7,0.75,0.75
mrs-nsga2-apportion|mrs-weighted,ctrl_y,arbiter-aurus,26,20,0.85,0.75,0.55,0.6
mrs-nsga2-apportion|mrs-weighted,cross,arbiter-aurus,28,20,0.8,0.95,0.65,0.9
mrs-nsga2-apportion|mrs-weighted,cross,arbiter-aurus,29,20,0.85,0.9,0.3,0.75
mrs-nsga2-apportion|mrs-weighted,ctrl_x,arbiter-aurus,28,20,0.8,0.7,0.85,0.65
mrs-nsga2-apportion|mrs-weighted,ctrl_y,arbiter-aurus,28,20,0.6,1.0,0.4,0.9
aurus-nsga2-apportion|aurus,cross,arbiter-aurus,2,20,0.45,0.95,0.6,0.25
aurus-nsga2-apportion|aurus,cross,arbiter-aurus,3,20,0.6,1.0,0.7,0.85
aurus-nsga2-apportion|aurus,ctrl_x,arbiter-aurus,2,20,0.9,0.7,0.8,0.85
aurus-nsga2-apportion|aurus,ctrl_y,arbiter-aurus,2,20,0.9,0.85,0.5,0.5
aurus-nsga2-apportion|aurus,cross,arbiter-aurus,4,20,0.75,0.95,0.55,0.65
aurus-nsga2-apportion|aurus,cross,arbiter-aurus,5,20,0.7,0.9,0.4,0.4
aurus-nsga2-apportion|aurus,ctrl_x,arbiter-aurus,4,20,0.8,0.85,0.8,0.65
aurus-nsga2-apportion|aurus,ctrl_y,arbiter-aurus,4,20,0.85,0.75,0.7,0.75
aurus-nsga2-apportion|aurus,cross,arbiter-aurus,6,20,0.95,0.65,0.4,0.3
aurus-nsga2-apportion|aurus,cross,arbiter-aurus,7,20,0.75,0.65,0.4,0.6
aurus-nsga2-apportion|aurus,ctrl_x,arbiter-aurus,6,20,0.95,0.8,0.6,0.85
aurus-nsga2-apportion|aurus,ctrl_y,arbiter-aurus,6,20,0.75,0.45,0.75,0.55
aurus-nsga2-apportion|aurus,cross,arbiter-aurus,8,20,1.0,0.05,0.45,0.1
aurus-nsga2-apportion|aurus,cross,arbiter-aurus,9,20,0.9,0.55,0.75,0.4
aurus-nsga2-apportion|aurus,ctrl_x,arbiter-aurus,8,20,0.9,0.65,0.5,0.6
aurus-nsga2-apportion|aurus,ctrl_y,arbiter-aurus,8,20,0.5,0.9,0.45,0.7
aurus-nsga2-apportion|aurus,cross,arbiter-aurus,10,20,0.8,0.8,0.65,0.55
aurus-nsga2-apportion|aurus,cross,arbiter-aurus,11,20,0.9,1.0,0.7,0.75
aurus-nsga2-apportion|aurus,ctrl_x,arbiter-aurus,10,20,0.85,0.8,0.55,0.6
aurus-nsga2-apportion|aurus,ctrl_y,arbiter-aurus,10,20,0.7,0.85,0.75,0.65
aurus-nsga2-apportion|aurus,cross,arbiter-aurus,12,20,0.95,0.3,0.65,0.2
aurus-nsga2-apportion|aurus,cross,arbiter-aurus,13,20,0.8,0.5,0.6,0.35
aurus-nsga2-apportion|aurus,ctrl_x,arbiter-aurus,12,20,0.9,0.95,0.75,0.6
aurus-nsga2-apportion|aurus,ctrl_y,arbiter-aurus,12,20,0.85,0.6,0.95,0.65
aurus-nsga2-apportion|aurus,cross,arbiter-aurus,14,20,0.75,0.65,0.45,0.6
aurus-nsga2-apportion|aurus,cross,arbiter-aurus,15,20,1.0,0.85,0.65,0.75
aurus-nsga2-apportion|aurus,ctrl_x,arbiter-aurus,14,20,0.95,1.0,0.35,0.6
aurus-nsga2-apportion|aurus,ctrl_y,arbiter-aurus,14,20,0.95,0.65,0.75,0.8
aurus-nsga2-apportion|aurus,cross,arbiter-aurus,16,20,0.75,0.85,0.8,0.6
aurus-nsga2-apportion|aurus,cross,arbiter-aurus,17,20,0.55,0.75,0.85,0.25
aurus-nsga2-apportion|aurus,ctrl_x,arbiter-aurus,16,20,0.75,0.75,0.85,0.8
aurus-nsga2-apportion|aurus,ctrl_y,arbiter-aurus,16,20,0.55,0.5,0.75,0.7
aurus-nsga2-apportion|aurus,cross,arbiter-aurus,20,20,0.65,0.35,0.25,0.3
aurus-nsga2-apportion|aurus,cross,arbiter-aurus,21,20,0.55,0.65,0.65,0.6
aurus-nsga2-apportion|aurus,ctrl_x,arbiter-aurus,20,20,0.8,0.85,0.7,0.6
aurus-nsga2-apportion|aurus,ctrl_y,arbiter-aurus,20,20,0.65,0.9,0.7,0.85
aurus-nsga2-apportion|aurus,cross,arbiter-aurus,22,20,0.85,0.85,0.45,0.45
aurus-nsga2-apportion|aurus,cross,arbiter-aurus,23,20,0.9,0.6,0.45,0.45
aurus-nsga2-apportion|aurus,ctrl_x,arbiter-aurus,22,20,0.9,0.95,0.65,0.6
aurus-nsga2-apportion|aurus,ctrl_y,arbiter-aurus,22,20,0.8,0.55,0.8,0.6
aurus-nsga2-apportion|aurus,cross,arbiter-aurus,24,20,0.9,0.4,0.75,0.2
aurus-nsga2-apportion|aurus,cross,arbiter-aurus,25,20,0.95,0.2,0.45,0.4
aurus-nsga2-apportion|aurus,ctrl_x,arbiter-aurus,24,20,0.8,0.65,1.0,0.7
aurus-nsga2-apportion|aurus,ctrl_y,arbiter-aurus,24,20,0.7,0.85,0.95,0.9
aurus-nsga2-apportion|aurus,cross,arbiter-aurus,26,20,0.7,0.4,0.55,0.45
aurus-nsga2-apportion|aurus,cross,arbiter-aurus,27,20,0.8,0.75,0.9,0.8
aurus-nsga2-apportion|aurus,ctrl_x,arbiter-aurus,26,20,0.65,0.75,0.95,0.5
aurus-nsga2-apportion|aurus,ctrl_y,arbiter-aurus,26,20,0.9,0.75,0.6,0.65
aurus-nsga2-apportion|aurus,cross,arbiter-aurus,28,20,0.4,0.85,0.3,0.4
aurus-nsga2-apportion|aurus,cross,arbiter-aurus,29,20,0.9,0.85,0.65,0.4
aurus-nsga2-apportion|aurus,ctrl_x,arbiter-aurus,28,20,0.35,1.0,0.55,0.75
aurus-nsga2-apportion|aurus,ctrl_y,arbiter-aurus,28,20,0.65,0.7,0.85,0.45
mrs-nsga2-apportion|aurus,cross,detector-aurus,6,20,0.8,0.9,0.45,0.8
mrs-nsga2-apportion|aurus,cross,detector-aurus,7,20,0.9,0.7,0.7,1.0
mrs-nsga2-apportion|aurus,ctrl_x,detector-aurus,6,20,0.9,0.9,0.9,1.0
mrs-nsga2-apportion|aurus,ctrl_y,detector-aurus,6,20,0.8,0.85,1.0,0.9
mrs-nsga2-apportion|aurus-nsga2-apportion,cross,detector-aurus,16,20,0.65,0.75,0.7,0.65
mrs-nsga2-apportion|aurus-nsga2-apportion,cross,detector-aurus,17,20,1.0,0.75,0.85,0.5
mrs-nsga2-apportion|aurus-nsga2-apportion,ctrl_x,detector-aurus,16,20,0.85,0.7,0.75,0.75
mrs-nsga2-apportion|aurus-nsga2-apportion,ctrl_y,detector-aurus,16,20,0.6,0.95,0.65,0.75
mrs-nsga2-apportion|mrs-weighted,cross,detector-aurus,6,20,0.3,0.75,0.2,0.4
mrs-nsga2-apportion|mrs-weighted,cross,detector-aurus,7,20,0.8,0.9,0.8,0.9
mrs-nsga2-apportion|mrs-weighted,ctrl_x,detector-aurus,6,20,0.9,0.9,0.9,1.0
mrs-nsga2-apportion|mrs-weighted,ctrl_y,detector-aurus,6,20,0.75,0.35,0.5,0.55
mrs-nsga2-apportion|mrs-weighted,cross,detector-aurus,16,20,0.75,0.85,0.7,0.9
mrs-nsga2-apportion|mrs-weighted,cross,detector-aurus,17,20,1.0,0.85,0.8,0.55
mrs-nsga2-apportion|mrs-weighted,ctrl_x,detector-aurus,16,20,0.85,0.7,0.75,0.75
mrs-nsga2-apportion|mrs-weighted,ctrl_y,detector-aurus,16,20,0.35,0.85,0.65,0.6
mrs-nsga2-apportion|aurus,cross,gyro-var1,0,20,0.95,0.65,0.6,0.2
mrs-nsga2-apportion|aurus,cross,gyro-var1,1,20,0.9,0.3,0.65,0.55
mrs-nsga2-apportion|aurus,ctrl_x,gyro-var1,0,20,0.75,0.7,0.8,0.6
mrs-nsga2-apportion|aurus,ctrl_y,gyro-var1,0,20,1.0,1.0,1.0,1.0
mrs-nsga2-apportion|aurus,cross,gyro-var1,2,20,0.1,0.5,0.1,0.1
mrs-nsga2-apportion|aurus,cross,gyro-var1,3,20,1.0,0.9,0.6,0.45
mrs-nsga2-apportion|aurus,ctrl_x,gyro-var1,2,20,0.9,0.55,0.8,1.0
mrs-nsga2-apportion|aurus,ctrl_y,gyro-var1,2,20,0.95,0.95,1.0,0.8
mrs-nsga2-apportion|aurus,cross,gyro-var1,4,20,1.0,0.5,0.7,0.25
mrs-nsga2-apportion|aurus,cross,gyro-var1,5,20,1.0,0.8,0.8,0.3
mrs-nsga2-apportion|aurus,ctrl_x,gyro-var1,4,20,0.85,0.75,0.85,1.0
mrs-nsga2-apportion|aurus,ctrl_y,gyro-var1,4,20,0.85,0.75,0.85,0.7
mrs-nsga2-apportion|aurus,cross,gyro-var1,8,20,0.85,0.45,0.65,0.65
mrs-nsga2-apportion|aurus,cross,gyro-var1,9,20,0.95,0.75,0.8,0.7
mrs-nsga2-apportion|aurus,ctrl_x,gyro-var1,8,20,0.7,0.9,1.0,1.0
mrs-nsga2-apportion|aurus,ctrl_y,gyro-var1,8,20,0.9,0.75,0.8,0.75
mrs-nsga2-apportion|aurus,cross,gyro-var1,10,20,1.0,0.6,0.6,0.4
mrs-nsga2-apportion|aurus,cross,gyro-var1,11,20,1.0,0.8,0.85,0.5
mrs-nsga2-apportion|aurus,ctrl_x,gyro-var1,10,20,0.95,0.7,0.95,0.55
mrs-nsga2-apportion|aurus,ctrl_y,gyro-var1,10,20,1.0,0.65,0.75,1.0
mrs-nsga2-apportion|aurus,cross,gyro-var1,14,20,1.0,0.5,0.3,0.05
mrs-nsga2-apportion|aurus,cross,gyro-var1,15,20,0.9,0.4,0.9,0.3
mrs-nsga2-apportion|aurus,ctrl_x,gyro-var1,14,20,0.6,0.9,0.9,0.9
mrs-nsga2-apportion|aurus,ctrl_y,gyro-var1,14,20,0.7,0.85,0.8,1.0
mrs-nsga2-apportion|aurus,cross,gyro-var1,16,20,0.9,0.25,0.8,0.65
mrs-nsga2-apportion|aurus,cross,gyro-var1,17,20,0.9,0.75,1.0,0.6
mrs-nsga2-apportion|aurus,ctrl_x,gyro-var1,16,20,1.0,0.85,0.9,0.9
mrs-nsga2-apportion|aurus,ctrl_y,gyro-var1,16,20,0.7,0.75,1.0,0.8
mrs-nsga2-apportion|aurus,cross,gyro-var1,18,20,0.85,0.8,0.7,0.15
mrs-nsga2-apportion|aurus,cross,gyro-var1,19,20,1.0,0.8,0.3,0.25
mrs-nsga2-apportion|aurus,ctrl_x,gyro-var1,18,20,0.9,0.65,1.0,1.0
mrs-nsga2-apportion|aurus,ctrl_y,gyro-var1,18,20,0.9,0.75,1.0,1.0
mrs-nsga2-apportion|aurus,cross,gyro-var1,20,20,0.95,0.65,0.2,0.25
mrs-nsga2-apportion|aurus,cross,gyro-var1,21,20,0.95,0.5,0.55,0.1
mrs-nsga2-apportion|aurus,ctrl_x,gyro-var1,20,20,0.8,0.55,0.8,1.0
mrs-nsga2-apportion|aurus,ctrl_y,gyro-var1,20,20,0.95,1.0,1.0,1.0
mrs-nsga2-apportion|aurus-nsga2-apportion,cross,gyro-var1,16,20,0.8,0.8,0.85,1.0
mrs-nsga2-apportion|aurus-nsga2-apportion,cross,gyro-var1,17,20,1.0,0.9,0.75,1.0
mrs-nsga2-apportion|aurus-nsga2-apportion,ctrl_x,gyro-var1,16,20,1.0,0.9,1.0,1.0
mrs-nsga2-apportion|aurus-nsga2-apportion,ctrl_y,gyro-var1,16,20,0.85,0.75,0.95,0.65
mrs-nsga2-apportion|mrs-weighted,cross,gyro-var1,0,20,0.55,0.75,0.8,0.5
mrs-nsga2-apportion|mrs-weighted,cross,gyro-var1,1,20,0.85,0.85,0.6,0.9
mrs-nsga2-apportion|mrs-weighted,ctrl_x,gyro-var1,0,20,0.75,0.7,0.8,0.6
mrs-nsga2-apportion|mrs-weighted,ctrl_y,gyro-var1,0,20,0.85,0.8,0.9,0.4
mrs-nsga2-apportion|mrs-weighted,cross,gyro-var1,2,20,0.55,0.7,0.7,1.0
mrs-nsga2-apportion|mrs-weighted,cross,gyro-var1,3,20,0.5,1.0,0.9,0.9
mrs-nsga2-apportion|mrs-weighted,ctrl_x,gyro-var1,2,20,0.9,0.55,0.8,1.0
mrs-nsga2-apportion|mrs-weighted,ctrl_y,gyro-var1,2,20,0.6,0.9,1.0,0.9
mrs-nsga2-apportion|mrs-weighted,cross,gyro-var1,4,20,0.65,0.95,0.95,0.95
mrs-nsga2-apportion|mrs-weighted,cross,gyro-var1,5,20,0.75,0.95,0.8,0.9
mrs-nsga2-apportion|mrs-weighted,ctrl_x,gyro-var1,4,20,0.85,0.75,0.85,1.0
mrs-nsga2-apportion|mrs-weighted,ctrl_y,gyro-var1,4,20,0.95,0.8,0.9,0.95
mrs-nsga2-apportion|mrs-weighted,cross,gyro-var1,8,20,0.85,0.55,0.35,0.4
mrs-nsga2-apportion|mrs-weighted,cross,gyro-var1,9,20,0.7,0.8,0.8,1.0
mrs-nsga2-apportion|mrs-weighted,ctrl_x,gyro-var1,8,20,0.7,0.9,1.0,1.0
mrs-nsga2-apportion|mrs-weighted,ctrl_y,gyro-var1,8,20,0.7,1.0,0.5,0.5
mrs-nsga2-apportion|mrs-weighted,cross,gyro-var1,10,20,0.7,0.85,0.8,0.95
mrs-nsga2-apportion|mrs-weighted,cross,gyro-var1,11,20,0.65,0.9,0.7,0.85
mrs-nsga2-apportion|mrs-weighted,ctrl_x,gyro-var1,10,20,0.95,0.7,0.95,0.55
mrs-nsga2-apportion|mrs-weighted,ctrl_y,gyro-var1,10,20,0.95,0.8,1.0,0.8
mrs-nsga2-apportion|mrs-weighted,cross,gyro-var1,14,20,0.5,0.45,0.8,0.35
mrs-nsga2-apportion|mrs-weighted,cross,gyro-var1,15,20,0.75,0.9,0.35,0.5
mrs-nsga2-apportion|mrs-weighted,ctrl_x,gyro-var1,14,20,0.6,0.9,0.9,0.9
mrs-nsga2-apportion|mrs-weighted,ctrl_y,gyro-var1,14,20,0.9,0.8,0.4,0.4
mrs-nsga2-apportion|mrs-weighted,cross,gyro-var1,16,20,0.6,1.0,0.8,0.5
mrs-nsga2-apportion|mrs-weighted,cross,gyro-var1,17,20,0.6,0.95,0.65,0.75
mrs-nsga2-apportion|mrs-weighted,ctrl_x,gyro-var1,16,20,1.0,0.85,0.9,0.9
mrs-nsga2-apportion|mrs-weighted,ctrl_y,gyro-var1,16,20,0.75,0.95,0.9,0.85
mrs-nsga2-apportion|mrs-weighted,cross,gyro-var1,18,20,0.75,0.8,0.95,0.55
mrs-nsga2-apportion|mrs-weighted,cross,gyro-var1,19,20,0.4,0.9,1.0,0.85
mrs-nsga2-apportion|mrs-weighted,ctrl_x,gyro-var1,18,20,0.9,0.65,1.0,1.0
mrs-nsga2-apportion|mrs-weighted,ctrl_y,gyro-var1,18,20,0.55,0.85,0.85,0.8
mrs-nsga2-apportion|mrs-weighted,cross,gyro-var1,20,20,0.55,0.8,0.9,0.95
mrs-nsga2-apportion|mrs-weighted,cross,gyro-var1,21,20,0.3,1.0,0.65,0.8
mrs-nsga2-apportion|mrs-weighted,ctrl_x,gyro-var1,20,20,0.8,0.55,0.8,1.0
mrs-nsga2-apportion|mrs-weighted,ctrl_y,gyro-var1,20,20,0.85,0.85,0.75,1.0
mrs-nsga2-apportion|mrs-weighted,cross,gyro-var1,22,20,0.4,1.0,0.35,0.55
mrs-nsga2-apportion|mrs-weighted,cross,gyro-var1,23,20,0.6,0.75,0.9,0.45
mrs-nsga2-apportion|mrs-weighted,ctrl_x,gyro-var1,22,20,1.0,0.8,0.75,0.95
mrs-nsga2-apportion|mrs-weighted,ctrl_y,gyro-var1,22,20,0.8,0.95,0.95,0.95
aurus-nsga2-apportion|aurus,cross,gyro-var1,16,20,0.9,0.6,0.7,0.65
aurus-nsga2-apportion|aurus,cross,gyro-var1,17,20,0.85,0.75,0.6,0.35
aurus-nsga2-apportion|aurus,ctrl_x,gyro-var1,16,20,0.85,0.8,0.95,0.85
aurus-nsga2-apportion|aurus,ctrl_y,gyro-var1,16,20,0.85,0.85,0.95,1.0
mrs-nsga2-apportion|aurus,cross,gyro-var2,0,20,0.85,0.85,0.85,1.0
mrs-nsga2-apportion|aurus,cross,gyro-var2,1,20,0.7,0.6,1.0,0.75
mrs-nsga2-apportion|aurus,ctrl_x,gyro-var2,0,20,0.7,0.95,0.75,0.85
mrs-nsga2-apportion|aurus,ctrl_y,gyro-var2,0,20,1.0,0.55,0.8,1.0
mrs-nsga2-apportion|aurus,cross,gyro-var2,2,20,0.65,0.85,0.8,0.45
mrs-nsga2-apportion|aurus,cross,gyro-var2,3,20,0.35,0.65,0.55,0.55
mrs-nsga2-apportion|aurus,ctrl_x,gyro-var2,2,20,0.5,0.75,0.85,0.85
mrs-nsga2-apportion|aurus,ctrl_y,gyro-var2,2,20,0.95,1.0,1.0,1.0
mrs-nsga2-apportion|aurus,cross,gyro-var2,6,20,0.55,0.65,1.0,0.75
mrs-nsga2-apportion|aurus,cross,gyro-var2,7,20,0.95,0.75,0.7,0.7
mrs-nsga2-apportion|aurus,ctrl_x,gyro-var2,6,20,0.75,0.8,0.9,1.0
mrs-nsga2-apportion|aurus,ctrl_y,gyro-var2,6,20,0.6,0.85,1.0,0.9
mrs-nsga2-apportion|aurus,cross,gyro-var2,8,20,0.7,0.45,0.65,0.7
mrs-nsga2-apportion|aurus,cross,gyro-var2,9,20,1.0,0.6,0.85,0.65
mrs-nsga2-apportion|aurus,ctrl_x,gyro-var2,8,20,0.9,0.85,0.75,0.95
mrs-nsga2-apportion|aurus,ctrl_y,gyro-var2,8,20,1.0,0.8,1.0,0.85
mrs-nsga2-apportion|aurus,cross,gyro-var2,10,20,1.0,0.8,1.0,0.75
mrs-nsga2-apportion|aurus,cross,gyro-var2,11,20,0.9,0.45,0.7,0.8
mrs-nsga2-apportion|aurus,ctrl_x,gyro-var2,10,20,0.95,0.8,1.0,0.85
mrs-nsga2-apportion|aurus,ctrl_y,gyro-var2,10,20,0.95,0.8,1.0,1.0
mrs-nsga2-apportion|aurus,cross,gyro-var2,12,20,0.9,0.9,1.0,0.85
mrs-nsga2-apportion|aurus,cross,gyro-var2,13,20,0.9,0.6,1.0,0.85
mrs-nsga2-apportion|aurus,ctrl_x,gyro-var2,12,20,0.7,0.85,0.85,0.9
mrs-nsga2-apportion|aurus,ctrl_y,gyro-var2,12,20,1.0,0.8,1.0,0.75
mrs-nsga2-apportion|aurus,cross,gyro-var2,14,20,0.9,0.95,1.0,0.85
mrs-nsga2-apportion|aurus,cross,gyro-var2,15,20,0.8,0.85,0.9,0.9
mrs-nsga2-apportion|aurus,ctrl_x,gyro-var2,14,20,0.95,0.7,1.0,0.9
mrs-nsga2-apportion|aurus,ctrl_y,gyro-var2,14,20,1.0,0.95,0.85,1.0
mrs-nsga2-apportion|aurus,cross,gyro-var2,18,20,0.6,0.7,1.0,0.35
mrs-nsga2-apportion|aurus,cross,gyro-var2,19,20,0.5,0.55,0.6,0.55
mrs-nsga2-apportion|aurus,ctrl_x,gyro-var2,18,20,0.75,0.75,1.0,0.7
mrs-nsga2-apportion|aurus,ctrl_y,gyro-var2,18,20,0.8,0.75,0.8,0.9
mrs-nsga2-apportion|aurus,cross,gyro-var2,26,20,0.6,0.6,0.7,1.0
mrs-nsga2-apportion|aurus,cross,gyro-var2,27,20,0.7,0.7,0.95,1.0
mrs-nsga2-apportion|aurus,ctrl_x,gyro-var2,26,20,0.85,0.75,0.5,1.0
mrs-nsga2-apportion|aurus,ctrl_y,gyro-var2,26,20,0.85,0.85,1.0,0.9
mrs-nsga2-apportion|aurus,cross,gyro-var2,28,20,1.0,0.7,1.0,0.65
mrs-nsga2-apportion|aurus,cross,gyro-var2,29,20,0.7,0.65,1.0,0.7
mrs-nsga2-apportion|aurus,ctrl_x,gyro-var2,28,20,0.95,0.8,1.0,1.0
mrs-nsga2-apportion|aurus,ctrl_y,gyro-var2,28,20,0.85,0.95,0.95,1.0
mrs-nsga2-apportion|mrs-weighted,cross,gyro-var2,0,20,0.55,1.0,0.85,1.0
mrs-nsga2-apportion|mrs-weighted,cross,gyro-var2,1,20,0.55,0.8,0.55,0.9
mrs-nsga2-apportion|mrs-weighted,ctrl_x,gyro-var2,0,20,0.7,0.95,0.75,0.85
mrs-nsga2-apportion|mrs-weighted,ctrl_y,gyro-var2,0,20,0.9,0.7,0.95,0.25
mrs-nsga2-apportion|mrs-weighted,cross,gyro-var2,2,20,0.5,1.0,0.8,0.95
mrs-nsga2-apportion|mrs-weighted,cross,gyro-var2,3,20,0.15,0.7,0.35,0.25
mrs-nsga2-apportion|mrs-weighted,ctrl_x,gyro-var2,2,20,0.5,0.75,0.85,0.85
mrs-nsga2-apportion|mrs-weighted,ctrl_y,gyro-var2,2,20,0.25,0.75,0.35,0.6
mrs-nsga2-apportion|mrs-weighted,cross,gyro-var2,6,20,0.45,1.0,0.95,0.9
mrs-nsga2-apportion|mrs-weighted,cross,gyro-var2,7,20,0.65,0.9,0.75,1.0
mrs-nsga2-apportion|mrs-weighted,ctrl_x,gyro-var2,6,20,0.75,0.8,0.9,1.0
mrs-nsga2-apportion|mrs-weighted,ctrl_y,gyro-var2,6,20,0.7,1.0,0.95,1.0
mrs-nsga2-apportion|mrs-weighted,cross,gyro-var2,8,20,0.5,0.8,0.65,0.9
mrs-nsga2-apportion|mrs-weighted,cross,gyro-var2,9,20,0.7,1.0,0.8,0.55
mrs-nsga2-apportion|mrs-weighted,ctrl_x,gyro-var2,8,20,0.9,0.85,0.75,0.95
mrs-nsga2-apportion|mrs-weighted,ctrl_y,gyro-var2,8,20,0.75,0.8,0.55,0.6
mrs-nsga2-apportion|mrs-weighted,cross,gyro-var2,10,20,0.65,0.95,0.95,1.0
mrs-nsga2-apportion|mrs-weighted,cross,gyro-var2,11,20,0.7,1.0,0.8,1.0
mrs-nsga2-apportion|mrs-weighted,ctrl_x,gyro-var2,10,20,0.95,0.8,1.0,0.85
mrs-nsga2-apportion|mrs-weighted,ctrl_y,gyro-var2,10,20,0.45,1.0,0.95,0.9
mrs-nsga2-apportion|mrs-weighted,cross,gyro-var2,12,20,0.6,1.0,0.95,0.95
mrs-nsga2-apportion|mrs-weighted,cross,gyro-var2,13,20,0.85,0.9,1.0,1.0
mrs-nsga2-apportion|mrs-weighted,ctrl_x,gyro-var2,12,20,0.7,0.85,0.85,0.9
mrs-nsga2-apportion|mrs-weighted,ctrl_y,gyro-var2,12,20,0.6,0.7,0.95,0.65
mrs-nsga2-apportion|mrs-weighted,cross,gyro-var2,14,20,0.85,0.9,1.0,0.8
mrs-nsga2-apportion|mrs-weighted,cross,gyro-var2,15,20,0.65,0.75,0.7,0.95
mrs-nsga2-apportion|mrs-weighted,ctrl_x,gyro-var2,14,20,0.95,0.7,1.0,0.9
mrs-nsga2-apportion|mrs-weighted,ctrl_y,gyro-var2,14,20,0.95,0.8,1.0,1.0
mrs-nsga2-apportion|mrs-weighted,cross,gyro-var2,18,20,0.75,1.0,1.0,0.2
mrs-nsga2-apportion|mrs-weighted,cross,gyro-var2,19,20,0.4,0.95,0.9,1.0
mrs-nsga2-apportion|mrs-weighted,ctrl_x,gyro-var2,18,20,0.75,0.75,1.0,0.7
mrs-nsga2-apportion|mrs-weighted,ctrl_y,gyro-var2,18,20,0.85,0.85,1.0,0.8
mrs-nsga2-apportion|mrs-weighted,cross,gyro-var2,26,20,0.6,0.95,0.75,1.0
mrs-nsga2-apportion|mrs-weighted,cross,gyro-var2,27,20,0.3,1.0,0.65,0.45
mrs-nsga2-apportion|mrs-weighted,ctrl_x,gyro-var2,26,20,0.85,0.75,0.5,1.0
mrs-nsga2-apportion|mrs-weighted,ctrl_y,gyro-var2,26,20,0.8,0.85,0.4,0.6
mrs-nsga2-apportion|mrs-weighted,cross,gyro-var2,28,20,0.55,0.8,0.95,0.95
mrs-nsga2-apportion|mrs-weighted,cross,gyro-var2,29,20,0.6,0.95,1.0,1.0
mrs-nsga2-apportion|mrs-weighted,ctrl_x,gyro-var2,28,20,0.95,0.8,1.0,1.0
mrs-nsga2-apportion|mrs-weighted,ctrl_y,gyro-var2,28,20,0.9,0.65,0.95,1.0
mrs-nsga2-apportion|aurus,cross,humanoid-458,14,20,1.0,0.2,0.8,0.45
mrs-nsga2-apportion|aurus,cross,humanoid-458,15,20,0.9,0.45,0.7,0.75
mrs-nsga2-apportion|aurus,ctrl_x,humanoid-458,14,20,0.6,0.85,1.0,0.75
mrs-nsga2-apportion|aurus,ctrl_y,humanoid-458,14,20,0.85,0.45,0.75,0.6
mrs-nsga2-apportion|mrs-weighted,cross,humanoid-458,2,20,0.7,0.9,0.7,0.95
mrs-nsga2-apportion|mrs-weighted,cross,humanoid-458,3,20,0.45,0.95,1.0,0.8
mrs-nsga2-apportion|mrs-weighted,ctrl_x,humanoid-458,2,20,0.8,0.8,0.3,1.0
mrs-nsga2-apportion|mrs-weighted,ctrl_y,humanoid-458,2,20,0.55,0.7,0.85,0.95
mrs-nsga2-apportion|mrs-weighted,cross,humanoid-458,6,20,0.85,0.9,0.9,0.7
mrs-nsga2-apportion|mrs-weighted,cross,humanoid-458,7,20,0.7,0.55,0.65,0.7
mrs-nsga2-apportion|mrs-weighted,ctrl_x,humanoid-458,6,20,0.85,0.8,1.0,0.7
mrs-nsga2-apportion|mrs-weighted,ctrl_y,humanoid-458,6,20,0.65,0.85,0.45,0.85
mrs-nsga2-apportion|mrs-weighted,cross,humanoid-458,12,20,0.6,0.8,0.75,1.0
mrs-nsga2-apportion|mrs-weighted,cross,humanoid-458,13,20,0.95,0.4,0.6,0.9
mrs-nsga2-apportion|mrs-weighted,ctrl_x,humanoid-458,12,20,0.7,0.45,0.75,0.7
mrs-nsga2-apportion|mrs-weighted,ctrl_y,humanoid-458,12,20,0.55,0.95,0.9,1.0
mrs-nsga2-apportion|mrs-weighted,cross,humanoid-458,14,20,0.65,0.8,0.2,0.4
mrs-nsga2-apportion|mrs-weighted,cross,humanoid-458,15,20,0.8,0.85,0.75,0.95
mrs-nsga2-apportion|mrs-weighted,ctrl_x,humanoid-458,14,20,0.6,0.85,1.0,0.75
mrs-nsga2-apportion|mrs-weighted,ctrl_y,humanoid-458,14,20,0.5,0.95,0.85,0.8
mrs-nsga2-apportion|mrs-weighted,cross,humanoid-458,18,20,0.55,0.9,0.7,1.0
mrs-nsga2-apportion|mrs-weighted,cross,humanoid-458,19,20,0.7,0.95,0.65,0.95
mrs-nsga2-apportion|mrs-weighted,ctrl_x,humanoid-458,18,20,0.6,0.65,0.7,1.0
mrs-nsga2-apportion|mrs-weighted,ctrl_y,humanoid-458,18,20,0.8,0.6,0.9,0.85
mrs-nsga2-apportion|mrs-weighted,cross,humanoid-458,26,20,0.85,0.5,0.6,0.2
mrs-nsga2-apportion|mrs-weighted,cross,humanoid-458,27,20,0.55,0.6,0.65,0.6
mrs-nsga2-apportion|mrs-weighted,ctrl_x,humanoid-458,26,20,0.7,0.9,1.0,0.75
mrs-nsga2-apportion|mrs-weighted,ctrl_y,humanoid-458,26,20,0.85,0.85,0.7,0.25
mrs-nsga2-apportion|mrs-weighted,cross,humanoid-458,28,20,0.7,0.8,0.75,1.0
mrs-nsga2-apportion|mrs-weighted,cross,humanoid-458,29,20,0.75,0.7,0.7,0.45
mrs-nsga2-apportion|mrs-weighted,ctrl_x,humanoid-458,28,20,0.85,0.7,0.45,0.85
mrs-nsga2-apportion|mrs-weighted,ctrl_y,humanoid-458,28,20,0.8,0.7,0.75,0.75
mrs-nsga2-apportion|aurus,cross,humanoid-742,4,20,1.0,0.2,0.3,0.25
mrs-nsga2-apportion|aurus,cross,humanoid-742,5,20,0.55,0.4,0.4,0.5
mrs-nsga2-apportion|aurus,ctrl_x,humanoid-742,4,20,0.8,0.7,0.85,0.75
mrs-nsga2-apportion|aurus,ctrl_y,humanoid-742,4,20,1.0,1.0,0.95,0.95
mrs-nsga2-apportion|aurus,cross,humanoid-742,6,20,0.9,0.25,0.45,0.8
mrs-nsga2-apportion|aurus,cross,humanoid-742,7,20,1.0,0.05,0.3,0.35
mrs-nsga2-apportion|aurus,ctrl_x,humanoid-742,6,20,0.3,0.7,0.45,0.6
mrs-nsga2-apportion|aurus,ctrl_y,humanoid-742,6,20,1.0,0.9,0.85,0.75
mrs-nsga2-apportion|aurus,cross,humanoid-742,12,20,0.75,0.4,0.5,0.55
mrs-nsga2-apportion|aurus,cross,humanoid-742,13,20,1.0,0.15,0.15,0.45
mrs-nsga2-apportion|aurus,ctrl_x,humanoid-742,12,20,0.4,0.75,0.95,0.7
mrs-nsga2-apportion|aurus,ctrl_y,humanoid-742,12,20,0.95,0.9,0.75,1.0
mrs-nsga2-apportion|aurus,cross,humanoid-742,14,20,1.0,0.1,0.2,0.4
mrs-nsga2-apportion|aurus,cross,humanoid-742,15,20,0.9,0.4,0.5,0.75
mrs-nsga2-apportion|aurus,ctrl_x,humanoid-742,14,20,0.45,0.9,0.15,0.4
mrs-nsga2-apportion|aurus,ctrl_y,humanoid-742,14,20,0.95,0.95,0.6,0.9
mrs-nsga2-apportion|aurus,cross,humanoid-742,16,20,1.0,0.15,0.3,0.35
mrs-nsga2-apportion|aurus,cross,humanoid-742,17,20,0.95,0.25,0.4,0.5
mrs-nsga2-apportion|aurus,ctrl_x,humanoid-742,16,20,0.5,0.75,0.8,0.95
mrs-nsga2-apportion|aurus,ctrl_y,humanoid-742,16,20,0.8,1.0,0.55,0.85
mrs-nsga2-apportion|aurus,cross,humanoid-742,18,20,1.0,0.1,0.1,0.45
mrs-nsga2-apportion|aurus,cross,humanoid-742,19,20,0.25,0.5,0.5,0.4
mrs-nsga2-apportion|aurus,ctrl_x,humanoid-742,18,20,0.8,0.7,0.75,0.7
mrs-nsga2-apportion|aurus,ctrl_y,humanoid-742,18,20,1.0,1.0,0.9,0.8
mrs-nsga2-apportion|aurus,cross,humanoid-742,20,20,0.2,0.25,0.45,0.25
mrs-nsga2-apportion|aurus,cross,humanoid-742,21,20,0.95,0.55,0.6,0.85
mrs-nsga2-apportion|aurus,ctrl_x,humanoid-742,20,20,0.75,0.55,0.5,0.15
mrs-nsga2-apportion|aurus,ctrl_y,humanoid-742,20,20,0.9,0.8,0.95,0.7
mrs-nsga2-apportion|aurus,cross,humanoid-742,22,20,0.6,0.4,0.35,0.6
mrs-nsga2-apportion|aurus,cross,humanoid-742,23,20,0.85,0.45,0.4,0.45
mrs-nsga2-apportion|aurus,ctrl_x,humanoid-742,22,20,0.65,0.95,0.8,0.7
mrs-nsga2-apportion|aurus,ctrl_y,humanoid-742,22,20,1.0,0.65,0.8,0.5
mrs-nsga2-apportion|aurus,cross,humanoid-742,24,20,0.95,0.35,0.4,0.6
mrs-nsga2-apportion|aurus,cross,humanoid-742,25,20,0.9,0.2,0.4,0.35
mrs-nsga2-apportion|aurus,ctrl_x,humanoid-742,24,20,0.65,0.7,0.5,0.7
mrs-nsga2-apportion|aurus,ctrl_y,humanoid-742,24,20,0.95,1.0,0.7,0.9
mrs-nsga2-apportion|aurus,cross,humanoid-742,26,20,0.55,0.45,0.55,0.45
mrs-nsga2-apportion|aurus,cross,humanoid-742,27,20,0.35,0.4,0.1,0.55
mrs-nsga2-apportion|aurus,ctrl_x,humanoid-742,26,20,0.95,0.65,0.9,0.55
mrs-nsga2-apportion|aurus,ctrl_y,humanoid-742,26,20,0.9,0.9,0.65,0.85
mrs-nsga2-apportion|aurus,cross,humanoid-742,28,20,0.8,0.45,0.55,0.5
mrs-nsga2-apportion|aurus,cross,humanoid-742,29,20,1.0,0.15,0.2,0.5
mrs-nsga2-apportion|aurus,ctrl_x,humanoid-742,28,20,0.35,0.95,0.75,0.8
mrs-nsga2-apportion|aurus,ctrl_y,humanoid-742,28,20,0.95,0.95,0.8,0.85
mrs-nsga2-apportion|aurus-nsga2-apportion,cross,humanoid-742,0,20,0.3,0.95,0.6,0.7
mrs-nsga2-apportion|aurus-nsga2-apportion,cross,humanoid-742,1,20,1.0,0.95,0.75,0.7
mrs-nsga2-apportion|aurus-nsga2-apportion,ctrl_x,humanoid-742,0,20,0.55,1.0,0.65,0.85
mrs-nsga2-apportion|aurus-nsga2-apportion,ctrl_y,humanoid-742,0,20,0.75,1.0,1.0,0.85
mrs-nsga2-apportion|aurus-nsga2-apportion,cross,humanoid-742,2,20,0.8,0.85,0.45,0.65
mrs-nsga2-apportion|aurus-nsga2-apportion,cross,humanoid-742,3,20,0.55,1.0,0.7,0.8
mrs-nsga2-apportion|aurus-nsga2-apportion,ctrl_x,humanoid-742,2,20,0.55,0.8,0.8,0.9
mrs-nsga2-apportion|aurus-nsga2-apportion,ctrl_y,humanoid-742,2,20,1.0,0.7,0.5,0.8
mrs-nsga2-apportion|aurus-nsga2-apportion,cross,humanoid-742,4,20,1.0,0.6,0.8,0.85
mrs-nsga2-apportion|aurus-nsga2-apportion,cross,humanoid-742,5,20,0.55,1.0,0.95,0.7
mrs-nsga2-apportion|aurus-nsga2-apportion,ctrl_x,humanoid-742,4,20,0.8,0.7,0.85,0.75
mrs-nsga2-apportion|aurus-nsga2-apportion,ctrl_y,humanoid-742,4,20,0.8,0.6,0.85,0.9
mrs-nsga2-apportion|aurus-nsga2-apportion,cross,humanoid-742,6,20,0.65,0.7,0.85,0.75
mrs-nsga2-apportion|aurus-nsga2-apportion,cross,humanoid-742,7,20,0.85,0.15,0.7,0.2
mrs-nsga2-apportion|aurus-nsga2-apportion,ctrl_x,humanoid-742,6,20,0.3,0.7,0.45,0.6
mrs-nsga2-apportion|aurus-nsga2-apportion,ctrl_y,humanoid-742,6,20,0.85,0.9,0.65,0.7
mrs-nsga2-apportion|aurus-nsga2-apportion,cross,humanoid-742,8,20,0.65,0.7,0.95,1.0
mrs-nsga2-apportion|aurus-nsga2-apportion,cross,humanoid-742,9,20,0.4,1.0,0.7,0.75
mrs-nsga2-apportion|aurus-nsga2-apportion,ctrl_x,humanoid-742,8,20,0.7,0.55,0.9,0.8
mrs-nsga2-apportion|aurus-nsga2-apportion,ctrl_y,humanoid-742,8,20,0.9,1.0,0.55,0.9
mrs-nsga2-apportion|aurus-nsga2-apportion,cross,humanoid-742,10,20,0.8,0.55,0.75,0.8
mrs-nsga2-apportion|aurus-nsga2-apportion,cross,humanoid-742,11,20,0.55,0.7,0.6,0.75
mrs-nsga2-apportion|aurus-nsga2-apportion,ctrl_x,humanoid-742,10,20,0.75,0.55,0.9,0.75
mrs-nsga2-apportion|aurus-nsga2-apportion,ctrl_y,humanoid-742,10,20,0.9,0.75,0.9,0.95
mrs-nsga2-apportion|aurus-nsga2-apportion,cross,humanoid-742,12,20,0.35,0.9,0.5,0.75
mrs-nsga2-apportion|aurus-nsga2-apportion,cross,humanoid-742,13,20,0.85,0.35,0.75,0.45
mrs-nsga2-apportion|aurus-nsga2-apportion,ctrl_x,humanoid-742,12,20,0.4,0.75,0.95,0.7
mrs-nsga2-apportion|aurus-nsga2-apportion,ctrl_y,humanoid-742,12,20,0.45,0.85,0.35,0.95
mrs-nsga2-apportion|aurus-nsga2-apportion,cross,humanoid-742,14,20,0.45,0.65,0.75,0.8
mrs-nsga2-apportion|aurus-nsga2-apportion,cross,humanoid-742,15,20,0.6,0.6,1.0,0.6
mrs-nsga2-apportion|aurus-nsga2-apportion,ctrl_x,humanoid-742,14,20,0.45,0.9,0.15,0.4
mrs-nsga2-apportion|aurus-nsga2-apportion,ctrl_y,humanoid-742,14,20,0.8,0.55,0.4,0.75
mrs-nsga2-apportion|aurus-nsga2-apportion,cross,humanoid-742,16,20,0.75,0.65,1.0,0.75
mrs-nsga2-apportion|aurus-nsga2-apportion,cross,humanoid-742,17,20,0.85,0.6,0.7,0.55
mrs-nsga2-apportion|aurus-nsga2-apportion,ctrl_x,humanoid-742,16,20,0.5,0.75,0.8,0.95
mrs-nsga2-apportion|aurus-nsga2-apportion,ctrl_y,humanoid-742,16,20,0.95,0.85,0.8,0.5
mrs-nsga2-apportion|aurus-nsga2-apportion,cross,humanoid-742,18,20,0.45,1.0,0.35,1.0
mrs-nsga2-apportion|aurus-nsga2-apportion,cross,humanoid-742,19,20,0.35,0.2,0.15,0.1
mrs-nsga2-apportion|aurus-nsga2-apportion,ctrl_x,humanoid-742,18,20,0.8,0.7,0.75,0.7
mrs-nsga2-apportion|aurus-nsga2-apportion,ctrl_y,humanoid-742,18,20,0.4,0.6,0.4,0.6
mrs-nsga2-apportion|aurus-nsga2-apportion,cross,humanoid-742,20,20,0.55,0.6,0.7,0.55
mrs-nsga2-apportion|aurus-nsga2-apportion,cross,humanoid-742,21,20,0.7,0.85,0.65,0.9
mrs-nsga2-apportion|aurus-nsga2-apportion,ctrl_x,humanoid-742,20,20,0.75,0.55,0.5,0.15
mrs-nsga2-apportion|aurus-nsga2-apportion,ctrl_y,humanoid-742,20,20,0.8,0.7,0.55,0.5
mrs-nsga2-apportion|aurus-nsga2-apportion,cross,humanoid-742,22,20,0.6,0.6,0.95,0.55
mrs-nsga2-apportion|aurus-nsga2-apportion,cross,humanoid-742,23,20,0.65,0.85,0.8,0.8
mrs-nsga2-apportion|aurus-nsga2-apportion,ctrl_x,humanoid-742,22,20,0.65,0.95,0.8,0.7
mrs-nsga2-apportion|aurus-nsga2-apportion,ctrl_y,humanoid-742,22,20,0.9,0.8,1.0,1.0
mrs-nsga2-apportion|aurus-nsga2-apportion,cross,humanoid-742,26,20,0.75,1.0,0.8,0.45
mrs-nsga2-apportion|aurus-nsga2-apportion,cross,humanoid-742,27,20,0.65,0.95,0.3,0.75
mrs-nsga2-apportion|aurus-nsga2-apportion,ctrl_x,humanoid-742,26,20,0.95,0.65,0.9,0.55
mrs-nsga2-apportion|aurus-nsga2-apportion,ctrl_y,humanoid-742,26,20,0.75,1.0,0.5,0.35
mrs-nsga2-apportion|aurus-nsga2-apportion,cross,humanoid-742,28,20,0.45,0.8,0.65,0.75
mrs-nsga2-apportion|aurus-nsga2-apportion,cross,humanoid-742,29,20,0.85,0.5,1.0,0.7
mrs-nsga2-apportion|aurus-nsga2-apportion,ctrl_x,humanoid-742,28,20,0.55,0.9,0.6,0.85
mrs-nsga2-apportion|aurus-nsga2-apportion,ctrl_y,humanoid-742,28,20,0.75,0.35,0.55,0.55
mrs-nsga2-apportion|mrs-weighted,cross,humanoid-742,0,20,0.05,1.0,0.25,0.45
mrs-nsga2-apportion|mrs-weighted,cross,humanoid-742,1,20,1.0,0.55,1.0,0.8
mrs-nsga2-apportion|mrs-weighted,ctrl_x,humanoid-742,0,20,0.55,1.0,0.65,0.85
mrs-nsga2-apportion|mrs-weighted,ctrl_y,humanoid-742,0,20,0.6,1.0,0.75,0.9
mrs-nsga2-apportion|mrs-weighted,cross,humanoid-742,2,20,0.7,0.95,0.6,0.8
mrs-nsga2-apportion|mrs-weighted,cross,humanoid-742,3,20,0.55,0.25,0.75,0.55
mrs-nsga2-apportion|mrs-weighted,ctrl_x,humanoid-742,2,20,0.55,0.8,0.8,0.9
mrs-nsga2-apportion|mrs-weighted,ctrl_y,humanoid-742,2,20,0.85,0.65,0.3,0.65
mrs-nsga2-apportion|mrs-weighted,cross,humanoid-742,4,20,1.0,0.65,0.85,0.75
mrs-nsga2-apportion|mrs-weighted,cross,humanoid-742,5,20,0.75,0.6,0.75,0.9
mrs-nsga2-apportion|mrs-weighted,ctrl_x,humanoid-742,4,20,0.8,0.7,0.85,0.75
mrs-nsga2-apportion|mrs-weighted,ctrl_y,humanoid-742,4,20,1.0,0.75,1.0,0.6
mrs-nsga2-apportion|mrs-weighted,cross,humanoid-742,6,20,0.85,0.75,0.95,0.6
mrs-nsga2-apportion|mrs-weighted,cross,humanoid-742,7,20,0.6,0.65,0.9,0.75
mrs-nsga2-apportion|mrs-weighted,ctrl_x,humanoid-742,6,20,0.3,0.7,0.45,0.6
mrs-nsga2-apportion|mrs-weighted,ctrl_y,humanoid-742,6,20,0.85,0.4,0.6,0.6
mrs-nsga2-apportion|mrs-weighted,cross,humanoid-742,8,20,0.4,0.8,1.0,0.7
mrs-nsga2-apportion|mrs-weighted,cross,humanoid-742,9,20,0.65,1.0,0.45,0.65
mrs-nsga2-apportion|mrs-weighted,ctrl_x,humanoid-742,8,20,0.7,0.55,0.9,0.8
mrs-nsga2-apportion|mrs-weighted,ctrl_y,humanoid-742,8,20,0.6,0.65,0.95,0.45
mrs-nsga2-apportion|mrs-weighted,cross,humanoid-742,10,20,0.8,0.45,0.6,0.55
mrs-nsga2-apportion|mrs-weighted,cross,humanoid-742,11,20,0.3,0.65,0.45,0.45
mrs-nsga2-apportion|mrs-weighted,ctrl_x,humanoid-742,10,20,0.75,0.55,0.9,0.75
mrs-nsga2-apportion|mrs-weighted,ctrl_y,humanoid-742,10,20,0.15,0.35,0.25,0.3
mrs-nsga2-apportion|mrs-weighted,cross,humanoid-742,12,20,0.45,0.65,0.7,0.5
mrs-nsga2-apportion|mrs-weighted,cross,humanoid-742,13,20,0.8,0.55,0.75,0.7
mrs-nsga2-apportion|mrs-weighted,ctrl_x,humanoid-742,12,20,0.4,0.75,0.95,0.7
mrs-nsga2-apportion|mrs-weighted,ctrl_y,humanoid-742,12,20,0.4,0.85,0.55,0.65
mrs-nsga2-apportion|mrs-weighted,cross,humanoid-742,14,20,0.75,0.65,0.3,0.7
mrs-nsga2-apportion|mrs-weighted,cross,humanoid-742,15,20,0.4,0.85,0.75,0.8
mrs-nsga2-apportion|mrs-weighted,ctrl_x,humanoid-742,14,20,0.45,0.9,0.15,0.4
mrs-nsga2-apportion|mrs-weighted,ctrl_y,humanoid-742,14,20,0.75,0.55,0.85,0.75
mrs-nsga2-apportion|mrs-weighted,cross,humanoid-742,16,20,0.55,0.5,0.65,0.9
mrs-nsga2-apportion|mrs-weighted,cross,humanoid-742,17,20,0.85,0.6,0.65,0.75
mrs-nsga2-apportion|mrs-weighted,ctrl_x,humanoid-742,16,20,0.5,0.75,0.8,0.95
mrs-nsga2-apportion|mrs-weighted,ctrl_y,humanoid-742,16,20,0.55,1.0,0.35,0.55
mrs-nsga2-apportion|mrs-weighted,cross,humanoid-742,18,20,0.5,0.85,0.4,0.75
mrs-nsga2-apportion|mrs-weighted,cross,humanoid-742,19,20,0.45,0.85,0.7,0.85
mrs-nsga2-apportion|mrs-weighted,ctrl_x,humanoid-742,18,20,0.8,0.7,0.75,0.7
mrs-nsga2-apportion|mrs-weighted,ctrl_y,humanoid-742,18,20,0.65,0.5,1.0,0.85
mrs-nsga2-apportion|mrs-weighted,cross,humanoid-742,20,20,0.35,1.0,0.75,0.85
mrs-nsga2-apportion|mrs-weighted,cross,humanoid-742,21,20,0.6,0.85,0.6,0.5
mrs-nsga2-apportion|mrs-weighted,ctrl_x,humanoid-742,20,20,0.75,0.55,0.5,0.15
mrs-nsga2-apportion|mrs-weighted,ctrl_y,humanoid-742,20,20,0.5,1.0,0.5,1.0
mrs-nsga2-apportion|mrs-weighted,cross,humanoid-742,22,20,0.7,0.6,0.55,0.5
mrs-nsga2-apportion|mrs-weighted,cross,humanoid-742,23,20,0.85,0.45,0.65,0.55
mrs-nsga2-apportion|mrs-weighted,ctrl_x,humanoid-742,22,20,0.65,0.95,0.8,0.7
mrs-nsga2-apportion|mrs-weighted,ctrl_y,humanoid-742,22,20,0.8,0.75,0.75,0.75
mrs-nsga2-apportion|mrs-weighted,cross,humanoid-742,24,20,0.85,0.6,0.55,0.35
mrs-nsga2-apportion|mrs-weighted,cross,humanoid-742,25,20,0.7,1.0,0.65,0.7
mrs-nsga2-apportion|mrs-weighted,ctrl_x,humanoid-742,24,20,0.65,0.7,0.5,0.7
mrs-nsga2-apportion|mrs-weighted,ctrl_y,humanoid-742,24,20,0.7,0.55,0.65,0.45
mrs-nsga2-apportion|mrs-weighted,cross,humanoid-742,26,20,0.8,0.5,0.8,0.6
mrs-nsga2-apportion|mrs-weighted,cross,humanoid-742,27,20,0.55,0.8,0.5,0.65
mrs-nsga2-apportion|mrs-weighted,ctrl_x,humanoid-742,26,20,0.95,0.65,0.9,0.55
mrs-nsga2-apportion|mrs-weighted,ctrl_y,humanoid-742,26,20,0.9,0.85,0.9,0.75
mrs-nsga2-apportion|mrs-weighted,cross,humanoid-742,28,20,0.3,0.95,0.3,0.85
mrs-nsga2-apportion|mrs-weighted,cross,humanoid-742,29,20,0.95,0.9,0.95,0.6
mrs-nsga2-apportion|mrs-weighted,ctrl_x,humanoid-742,28,20,0.55,0.9,0.6,0.85
mrs-nsga2-apportion|mrs-weighted,ctrl_y,humanoid-742,28,20,0.45,0.9,0.75,0.9
aurus-nsga2-apportion|aurus,cross,humanoid-742,4,20,0.95,0.3,0.45,0.5
aurus-nsga2-apportion|aurus,cross,humanoid-742,5,20,1.0,0.25,0.5,0.45
aurus-nsga2-apportion|aurus,ctrl_x,humanoid-742,4,20,1.0,0.7,0.7,0.9
aurus-nsga2-apportion|aurus,ctrl_y,humanoid-742,4,20,1.0,1.0,0.95,0.95
aurus-nsga2-apportion|aurus,cross,humanoid-742,6,20,0.8,0.4,0.35,0.5
aurus-nsga2-apportion|aurus,cross,humanoid-742,7,20,1.0,0.1,0.15,0.4
aurus-nsga2-apportion|aurus,ctrl_x,humanoid-742,6,20,0.45,1.0,0.45,0.5
aurus-nsga2-apportion|aurus,ctrl_y,humanoid-742,6,20,1.0,0.9,0.85,0.75
aurus-nsga2-apportion|aurus,cross,humanoid-742,12,20,0.9,0.3,0.4,0.45
aurus-nsga2-apportion|aurus,cross,humanoid-742,13,20,0.4,0.3,0.3,0.55
aurus-nsga2-apportion|aurus,ctrl_x,humanoid-742,12,20,0.6,0.9,0.5,0.95
aurus-nsga2-apportion|aurus,ctrl_y,humanoid-742,12,20,0.95,0.9,0.75,1.0
aurus-nsga2-apportion|aurus,cross,humanoid-742,14,20,0.6,0.35,0.45,0.45
aurus-nsga2-apportion|aurus,cross,humanoid-742,15,20,0.65,0.4,0.35,0.7
aurus-nsga2-apportion|aurus,ctrl_x,humanoid-742,14,20,0.4,0.85,0.2,0.55
aurus-nsga2-apportion|aurus,ctrl_y,humanoid-742,14,20,0.95,0.95,0.6,0.9
aurus-nsga2-apportion|aurus,cross,humanoid-742,16,20,0.7,0.45,0.2,0.45
aurus-nsga2-apportion|aurus,cross,humanoid-742,17,20,0.6,0.25,0.05,0.25
aurus-nsga2-apportion|aurus,ctrl_x,humanoid-742,16,20,0.85,0.95,0.95,0.8
aurus-nsga2-apportion|aurus,ctrl_y,humanoid-742,16,20,0.8,1.0,0.55,0.85
aurus-nsga2-apportion|aurus,cross,humanoid-742,18,20,1.0,0.1,0.2,0.45
aurus-nsga2-apportion|aurus,cross,humanoid-742,19,20,0.45,0.35,0.55,0.4
aurus-nsga2-apportion|aurus,ctrl_x,humanoid-742,18,20,0.7,0.8,0.4,0.6
aurus-nsga2-apportion|aurus,ctrl_y,humanoid-742,18,20,1.0,1.0,0.9,0.8
aurus-nsga2-apportion|aurus,cross,humanoid-742,20,20,0.4,0.3,0.4,0.45
aurus-nsga2-apportion|aurus,cross,humanoid-742,21,20,0.65,0.6,0.35,0.55
aurus-nsga2-apportion|aurus,ctrl_x,humanoid-742,20,20,0.95,0.55,0.9,0.5
aurus-nsga2-apportion|aurus,ctrl_y,humanoid-742,20,20,0.9,0.8,0.95,0.7
aurus-nsga2-apportion|aurus,cross,humanoid-742,22,20,0.5,0.2,0.25,0.4
aurus-nsga2-apportion|aurus,cross,humanoid-742,23,20,0.85,0.45,0.65,0.55
aurus-nsga2-apportion|aurus,ctrl_x,humanoid-742,22,20,0.85,0.95,0.85,0.85
aurus-nsga2-apportion|aurus,ctrl_y,humanoid-742,22,20,1.0,0.65,0.8,0.5
aurus-nsga2-apportion|aurus,cross,humanoid-742,26,20,0.75,0.35,0.25,0.3
aurus-nsga2-apportion|aurus,cross,humanoid-742,27,20,0.4,0.3,0.1,0.3
aurus-nsga2-apportion|aurus,ctrl_x,humanoid-742,26,20,0.9,0.35,0.5,0.25
aurus-nsga2-apportion|aurus,ctrl_y,humanoid-742,26,20,0.9,0.9,0.65,0.85
aurus-nsga2-apportion|aurus,cross,humanoid-742,28,20,0.9,0.4,0.2,0.5
aurus-nsga2-apportion|aurus,cross,humanoid-742,29,20,1.0,0.25,0.45,0.65
aurus-nsga2-apportion|aurus,ctrl_x,humanoid-742,28,20,0.75,1.0,0.45,0.75
aurus-nsga2-apportion|aurus,ctrl_y,humanoid-742,28,20,0.95,0.95,0.8,0.85
mrs-nsga2-apportion|aurus-nsga2-apportion,cross,lily02,14,20,1.0,1.0,0.7,0.7
mrs-nsga2-apportion|aurus-nsga2-apportion,cross,lily02,15,20,0.65,0.8,0.8,0.85
mrs-nsga2-apportion|aurus-nsga2-apportion,ctrl_x,lily02,14,20,0.9,0.8,0.7,0.8
mrs-nsga2-apportion|aurus-nsga2-apportion,ctrl_y,lily02,14,20,0.95,1.0,0.9,0.8
mrs-nsga2-apportion|mrs-weighted,cross,lily02,0,20,0.9,1.0,0.5,0.9
mrs-nsga2-apportion|mrs-weighted,cross,lily02,1,20,0.95,0.8,0.75,0.55
mrs-nsga2-apportion|mrs-weighted,ctrl_x,lily02,0,20,0.9,0.95,0.8,1.0
mrs-nsga2-apportion|mrs-weighted,ctrl_y,lily02,0,20,1.0,0.9,0.7,0.8
mrs-nsga2-apportion|mrs-weighted,cross,lily02,2,20,0.7,0.95,0.8,0.85
mrs-nsga2-apportion|mrs-weighted,cross,lily02,3,20,0.8,1.0,0.8,0.65
mrs-nsga2-apportion|mrs-weighted,ctrl_x,lily02,2,20,0.8,0.9,0.8,1.0
mrs-nsga2-apportion|mrs-weighted,ctrl_y,lily02,2,20,0.75,0.95,0.95,0.95
mrs-nsga2-apportion|mrs-weighted,cross,lily02,4,20,0.7,0.8,0.8,0.35
mrs-nsga2-apportion|mrs-weighted,cross,lily02,5,20,0.65,1.0,0.5,1.0
mrs-nsga2-apportion|mrs-weighted,ctrl_x,lily02,4,20,0.9,0.95,0.9,0.65
mrs-nsga2-apportion|mrs-weighted,ctrl_y,lily02,4,20,0.9,0.85,0.95,0.95
mrs-nsga2-apportion|mrs-weighted,cross,lily02,14,20,0.75,1.0,0.6,0.65
mrs-nsga2-apportion|mrs-weighted,cross,lily02,15,20,0.65,0.75,0.4,0.65
mrs-nsga2-apportion|mrs-weighted,ctrl_x,lily02,14,20,0.9,0.8,0.7,0.8
mrs-nsga2-apportion|mrs-weighted,ctrl_y,lily02,14,20,0.45,0.85,0.6,0.4
mrs-nsga2-apportion|aurus,cross,lily11,0,20,0.7,0.75,0.45,0.8
mrs-nsga2-apportion|aurus,cross,lily11,1,20,0.6,0.65,0.4,0.75
mrs-nsga2-apportion|aurus,ctrl_x,lily11,0,20,0.65,0.7,0.95,0.95
mrs-nsga2-apportion|aurus,ctrl_y,lily11,0,20,0.45,0.9,0.7,0.95
mrs-nsga2-apportion|aurus,cross,lily11,4,20,0.85,0.85,0.85,0.75
mrs-nsga2-apportion|aurus,cross,lily11,5,20,0.85,0.8,0.9,0.45
mrs-nsga2-apportion|aurus,ctrl_x,lily11,4,20,0.5,0.75,0.85,0.95
mrs-nsga2-apportion|aurus,ctrl_y,lily11,4,20,0.65,0.7,0.55,0.8
mrs-nsga2-apportion|aurus,cross,lily11,8,20,0.9,0.4,0.95,0.8
mrs-nsga2-apportion|aurus,cross,lily11,9,20,0.85,0.8,0.2,0.5
mrs-nsga2-apportion|aurus,ctrl_x,lily11,8,20,0.8,0.7,0.8,0.5
mrs-nsga2-apportion|aurus,ctrl_y,lily11,8,20,0.85,0.95,1.0,0.65
mrs-nsga2-apportion|aurus,cross,lily11,10,20,0.8,0.7,1.0,0.95
mrs-nsga2-apportion|aurus,cross,lily11,11,20,0.8,0.6,0.75,0.8
mrs-nsga2-apportion|aurus,ctrl_x,lily11,10,20,0.65,0.7,1.0,0.95
mrs-nsga2-apportion|aurus,ctrl_y,lily11,10,20,0.55,0.9,0.75,0.95
mrs-nsga2-apportion|aurus,cross,lily11,12,20,0.8,0.8,0.4,0.45
mrs-nsga2-apportion|aurus,cross,lily11,13,20,0.8,0.65,0.6,0.65
mrs-nsga2-apportion|aurus,ctrl_x,lily11,12,20,0.7,0.8,1.0,0.75
mrs-nsga2-apportion|aurus,ctrl_y,lily11,12,20,0.85,0.8,0.9,1.0
mrs-nsga2-apportion|aurus,cross,lily11,14,20,0.9,0.8,0.85,0.4
mrs-nsga2-apportion|aurus,cross,lily11,15,20,0.85,0.75,0.7,0.7
mrs-nsga2-apportion|aurus,ctrl_x,lily11,14,20,0.7,0.6,0.75,0.9
mrs-nsga2-apportion|aurus,ctrl_y,lily11,14,20,0.95,0.7,0.95,1.0
mrs-nsga2-apportion|aurus,cross,lily11,18,20,0.85,0.5,0.9,0.85
mrs-nsga2-apportion|aurus,cross,lily11,19,20,0.85,0.5,0.75,0.9
mrs-nsga2-apportion|aurus,ctrl_x,lily11,18,20,0.65,0.75,1.0,0.8
mrs-nsga2-apportion|aurus,ctrl_y,lily11,18,20,0.55,0.95,0.95,1.0
mrs-nsga2-apportion|aurus,cross,lily11,20,20,0.8,0.65,0.55,0.5
mrs-nsga2-apportion|aurus,cross,lily11,21,20,1.0,0.25,0.95,0.45
mrs-nsga2-apportion|aurus,ctrl_x,lily11,20,20,0.3,1.0,0.4,1.0
mrs-nsga2-apportion|aurus,ctrl_y,lily11,20,20,0.7,1.0,0.65,0.9
mrs-nsga2-apportion|aurus,cross,lily11,22,20,0.75,0.85,0.55,0.9
mrs-nsga2-apportion|aurus,cross,lily11,23,20,0.9,0.5,0.9,0.85
mrs-nsga2-apportion|aurus,ctrl_x,lily11,22,20,0.65,0.85,1.0,0.8
mrs-nsga2-apportion|aurus,ctrl_y,lily11,22,20,0.8,0.75,0.65,0.95
mrs-nsga2-apportion|aurus,cross,lily11,24,20,0.85,0.45,0.8,0.95
mrs-nsga2-apportion|aurus,cross,lily11,25,20,1.0,0.8,0.65,0.5
mrs-nsga2-apportion|aurus,ctrl_x,lily11,24,20,0.75,0.85,0.8,0.65
mrs-nsga2-apportion|aurus,ctrl_y,lily11,24,20,0.9,0.65,0.95,1.0
mrs-nsga2-apportion|aurus,cross,lily11,26,20,0.95,0.65,0.65,0.5
mrs-nsga2-apportion|aurus,cross,lily11,27,20,0.9,0.7,0.9,0.65
mrs-nsga2-apportion|aurus,ctrl_x,lily11,26,20,0.9,0.45,0.75,0.5
mrs-nsga2-apportion|aurus,ctrl_y,lily11,26,20,0.85,1.0,0.85,0.9
mrs-nsga2-apportion|aurus,cross,lily11,28,20,0.75,0.5,0.3,0.65
mrs-nsga2-apportion|aurus,cross,lily11,29,20,0.85,0.55,1.0,0.55
mrs-nsga2-apportion|aurus,ctrl_x,lily11,28,20,0.8,0.8,0.75,1.0
mrs-nsga2-apportion|aurus,ctrl_y,lily11,28,20,0.8,0.9,0.5,0.95
mrs-nsga2-apportion|aurus-nsga2-apportion,cross,lily11,0,20,0.8,0.75,1.0,0.9
mrs-nsga2-apportion|aurus-nsga2-apportion,cross,lily11,1,20,0.7,0.8,0.85,1.0
mrs-nsga2-apportion|aurus-nsga2-apportion,ctrl_x,lily11,0,20,0.65,0.7,0.95,0.95
mrs-nsga2-apportion|aurus-nsga2-apportion,ctrl_y,lily11,0,20,0.85,0.75,0.95,0.7
mrs-nsga2-apportion|aurus-nsga2-apportion,cross,lily11,4,20,0.8,0.65,0.9,0.85
mrs-nsga2-apportion|aurus-nsga2-apportion,cross,lily11,5,20,0.9,0.6,0.95,0.9
mrs-nsga2-apportion|aurus-nsga2-apportion,ctrl_x,lily11,4,20,0.5,0.75,0.85,0.95
mrs-nsga2-apportion|aurus-nsga2-apportion,ctrl_y,lily11,4,20,0.7,0.85,0.95,0.95
mrs-nsga2-apportion|aurus-nsga2-apportion,cross,lily11,6,20,0.85,0.8,0.95,0.95
mrs-nsga2-apportion|aurus-nsga2-apportion,cross,lily11,7,20,0.7,0.65,0.85,0.85
mrs-nsga2-apportion|aurus-nsga2-apportion,ctrl_x,lily11,6,20,0.5,0.6,0.35,0.75
mrs-nsga2-apportion|aurus-nsga2-apportion,ctrl_y,lily11,6,20,0.7,0.75,0.85,0.65
mrs-nsga2-apportion|aurus-nsga2-apportion,cross,lily11,8,20,0.95,0.7,0.9,0.7
mrs-nsga2-apportion|aurus-nsga2-apportion,cross,lily11,9,20,0.65,1.0,0.3,0.9
mrs-nsga2-apportion|aurus-nsga2-apportion,ctrl_x,lily11,8,20,0.8,0.7,0.8,0.5
mrs-nsga2-apportion|aurus-nsga2-apportion,ctrl_y,lily11,8,20,0.8,0.65,0.85,0.4
mrs-nsga2-apportion|aurus-nsga2-apportion,cross,lily11,10,20,0.85,0.8,0.8,0.9
mrs-nsga2-apportion|aurus-nsga2-apportion,cross,lily11,11,20,0.85,0.7,0.85,0.95
mrs-nsga2-apportion|aurus-nsga2-apportion,ctrl_x,lily11,10,20,0.65,0.7,1.0,0.95
mrs-nsga2-apportion|aurus-nsga2-apportion,ctrl_y,lily11,10,20,0.85,0.8,1.0,0.9
mrs-nsga2-apportion|aurus-nsga2-apportion,cross,lily11,12,20,0.6,0.8,0.9,0.9
mrs-nsga2-apportion|aurus-nsga2-apportion,cross,lily11,13,20,0.9,0.85,0.8,0.95
mrs-nsga2-apportion|aurus-nsga2-apportion,ctrl_x,lily11,12,20,0.7,0.8,1.0,0.75
mrs-nsga2-apportion|aurus-nsga2-apportion,ctrl_y,lily11,12,20,0.9,0.75,0.8,0.85
mrs-nsga2-apportion|aurus-nsga2-apportion,cross,lily11,14,20,0.85,0.45,1.0,0.8
mrs-nsga2-apportion|aurus-nsga2-apportion,cross,lily11,15,20,0.65,0.7,0.95,0.8
mrs-nsga2-apportion|aurus-nsga2-apportion,ctrl_x,lily11,14,20,0.7,0.6,0.75,0.9
mrs-nsga2-apportion|aurus-nsga2-apportion,ctrl_y,lily11,14,20,0.8,0.7,0.9,0.95
mrs-nsga2-apportion|aurus-nsga2-apportion,cross,lily11,16,20,0.7,0.85,0.65,0.45
mrs-nsga2-apportion|aurus-nsga2-apportion,cross,lily11,17,20,0.75,0.8,1.0,0.65
mrs-nsga2-apportion|aurus-nsga2-apportion,ctrl_x,lily11,16,20,0.65,0.65,0.8,1.0
mrs-nsga2-apportion|aurus-nsga2-apportion,ctrl_y,lily11,16,20,0.65,0.65,0.9,0.55
mrs-nsga2-apportion|aurus-nsga2-apportion,cross,lily11,18,20,0.75,0.7,1.0,1.0
mrs-nsga2-apportion|aurus-nsga2-apportion,cross,lily11,19,20,0.55,0.75,0.55,1.0
mrs-nsga2-apportion|aurus-nsga2-apportion,ctrl_x,lily11,18,20,0.65,0.75,1.0,0.8
mrs-nsga2-apportion|aurus-nsga2-apportion,ctrl_y,lily11,18,20,0.55,0.95,0.7,1.0
mrs-nsga2-apportion|aurus-nsga2-apportion,cross,lily11,20,20,0.75,0.9,0.75,1.0
mrs-nsga2-apportion|aurus-nsga2-apportion,cross,lily11,21,20,0.95,0.4,0.9,0.4
mrs-nsga2-apportion|aurus-nsga2-apportion,ctrl_x,lily11,20,20,0.3,1.0,0.4,1.0
mrs-nsga2-apportion|aurus-nsga2-apportion,ctrl_y,lily11,20,20,0.55,0.9,0.5,1.0
mrs-nsga2-apportion|aurus-nsga2-apportion,cross,lily11,22,20,0.8,0.7,0.95,0.75
mrs-nsga2-apportion|aurus-nsga2-apportion,cross,lily11,23,20,0.95,0.6,1.0,0.7
mrs-nsga2-apportion|aurus-nsga2-apportion,ctrl_x,lily11,22,20,0.65,0.85,1.0,0.8
mrs-nsga2-apportion|aurus-nsga2-apportion,ctrl_y,lily11,22,20,0.75,0.9,0.95,0.9
mrs-nsga2-apportion|aurus-nsga2-apportion,cross,lily11,24,20,0.95,0.75,0.75,0.7
mrs-nsga2-apportion|aurus-nsga2-apportion,cross,lily11,25,20,0.9,0.55,0.7,0.75
mrs-nsga2-apportion|aurus-nsga2-apportion,ctrl_x,lily11,24,20,0.75,0.85,0.8,0.65
mrs-nsga2-apportion|aurus-nsga2-apportion,ctrl_y,lily11,24,20,0.6,0.5,0.75,1.0
mrs-nsga2-apportion|aurus-nsga2-apportion,cross,lily11,26,20,0.85,0.7,0.9,0.75
mrs-nsga2-apportion|aurus-nsga2-apportion,cross,lily11,27,20,0.85,0.9,0.7,0.8
mrs-nsga2-apportion|aurus-nsga2-apportion,ctrl_x,lily11,26,20,0.9,0.45,0.75,0.5
mrs-nsga2-apportion|aurus-nsga2-apportion,ctrl_y,lily11,26,20,0.9,0.9,1.0,1.0
mrs-nsga2-apportion|aurus-nsga2-apportion,cross,lily11,28,20,0.4,0.9,0.65,0.95
mrs-nsga2-apportion|aurus-nsga2-apportion,cross,lily11,29,20,0.95,0.95,1.0,0.9
mrs-nsga2-apportion|aurus-nsga2-apportion,ctrl_x,lily11,28,20,0.8,0.8,0.75,1.0
mrs-nsga2-apportion|aurus-nsga2-apportion,ctrl_y,lily11,28,20,0.55,0.9,0.85,1.0
mrs-nsga2-apportion|mrs-weighted,cross,lily11,0,20,0.65,1.0,0.45,0.9
mrs-nsga2-apportion|mrs-weighted,cross,lily11,1,20,0.7,1.0,0.55,1.0
mrs-nsga2-apportion|mrs-weighted,ctrl_x,lily11,0,20,0.65,0.7,0.95,0.95
mrs-nsga2-apportion|mrs-weighted,ctrl_y,lily11,0,20,0.6,1.0,0.5,0.95
mrs-nsga2-apportion|mrs-weighted,cross,lily11,4,20,0.75,1.0,0.35,0.8
mrs-nsga2-apportion|mrs-weighted,cross,lily11,5,20,0.4,1.0,0.65,0.9
mrs-nsga2-apportion|mrs-weighted,ctrl_x,lily11,4,20,0.5,0.75,0.85,0.95
mrs-nsga2-apportion|mrs-weighted,ctrl_y,lily11,4,20,0.95,0.65,0.95,0.7
mrs-nsga2-apportion|mrs-weighted,cross,lily11,6,20,0.85,1.0,0.95,1.0
mrs-nsga2-apportion|mrs-weighted,cross,lily11,7,20,0.2,0.65,0.5,1.0
mrs-nsga2-apportion|mrs-weighted,ctrl_x,lily11,6,20,0.5,0.6,0.35,0.75
mrs-nsga2-apportion|mrs-weighted,ctrl_y,lily11,6,20,0.7,1.0,1.0,1.0
mrs-nsga2-apportion|mrs-weighted,cross,lily11,8,20,0.7,0.85,0.95,1.0
mrs-nsga2-apportion|mrs-weighted,cross,lily11,9,20,0.65,1.0,0.25,0.9
mrs-nsga2-apportion|mrs-weighted,ctrl_x,lily11,8,20,0.8,0.7,0.8,0.5
mrs-nsga2-apportion|mrs-weighted,ctrl_y,lily11,8,20,0.8,0.65,0.9,0.85
mrs-nsga2-apportion|mrs-weighted,cross,lily11,10,20,0.8,1.0,0.65,1.0
mrs-nsga2-apportion|mrs-weighted,cross,lily11,11,20,0.75,1.0,0.4,0.9
mrs-nsga2-apportion|mrs-weighted,ctrl_x,lily11,10,20,0.65,0.7,1.0,0.95
mrs-nsga2-apportion|mrs-weighted,ctrl_y,lily11,10,20,0.8,0.95,1.0,1.0
mrs-nsga2-apportion|mrs-weighted,cross,lily11,12,20,0.75,0.85,0.85,0.9
mrs-nsga2-apportion|mrs-weighted,cross,lily11,13,20,0.95,0.8,0.75,0.95
mrs-nsga2-apportion|mrs-weighted,ctrl_x,lily11,12,20,0.7,0.8,1.0,0.75
mrs-nsga2-apportion|mrs-weighted,ctrl_y,lily11,12,20,0.9,0.45,0.95,0.65
mrs-nsga2-apportion|mrs-weighted,cross,lily11,14,20,0.8,0.75,0.75,0.75
mrs-nsga2-apportion|mrs-weighted,cross,lily11,15,20,0.7,0.85,0.35,0.75
mrs-nsga2-apportion|mrs-weighted,ctrl_x,lily11,14,20,0.7,0.6,0.75,0.9
mrs-nsga2-apportion|mrs-weighted,ctrl_y,lily11,14,20,0.65,0.9,0.9,1.0
mrs-nsga2-apportion|mrs-weighted,cross,lily11,16,20,0.7,0.7,0.9,0.8
mrs-nsga2-apportion|mrs-weighted,cross,lily11,17,20,0.65,0.65,0.95,0.9
mrs-nsga2-apportion|mrs-weighted,ctrl_x,lily11,16,20,0.65,0.65,0.8,1.0
mrs-nsga2-apportion|mrs-weighted,ctrl_y,lily11,16,20,0.85,0.8,0.95,0.85
mrs-nsga2-apportion|mrs-weighted,cross,lily11,18,20,0.55,0.95,0.6,0.95
mrs-nsga2-apportion|mrs-weighted,cross,lily11,19,20,0.85,1.0,0.45,0.85
mrs-nsga2-apportion|mrs-weighted,ctrl_x,lily11,18,20,0.65,0.75,1.0,0.8
mrs-nsga2-apportion|mrs-weighted,ctrl_y,lily11,18,20,0.9,0.9,0.95,0.75
mrs-nsga2-apportion|mrs-weighted,cross,lily11,20,20,0.55,1.0,0.45,0.75
mrs-nsga2-apportion|mrs-weighted,cross,lily11,21,20,0.6,0.6,0.9,0.9
mrs-nsga2-apportion|mrs-weighted,ctrl_x,lily11,20,20,0.3,1.0,0.4,1.0
mrs-nsga2-apportion|mrs-weighted,ctrl_y,lily11,20,20,0.6,1.0,0.5,0.7
mrs-nsga2-apportion|mrs-weighted,cross,lily11,22,20,0.5,0.9,0.9,0.8
mrs-nsga2-apportion|mrs-weighted,cross,lily11,23,20,0.95,0.7,0.8,0.9
mrs-nsga2-apportion|mrs-weighted,ctrl_x,lily11,22,20,0.65,0.85,1.0,0.8
mrs-nsga2-apportion|mrs-weighted,ctrl_y,lily11,22,20,0.6,0.75,0.8,0.8
mrs-nsga2-apportion|mrs-weighted,cross,lily11,24,20,0.35,1.0,0.6,0.85
mrs-nsga2-apportion|mrs-weighted,cross,lily11,25,20,0.8,0.65,0.65,0.95
mrs-nsga2-apportion|mrs-weighted,ctrl_x,lily11,24,20,0.75,0.85,0.8,0.65
mrs-nsga2-apportion|mrs-weighted,ctrl_y,lily11,24,20,0.8,0.9,1.0,0.9
mrs-nsga2-apportion|mrs-weighted,cross,lily11,26,20,0.7,0.75,0.85,0.8
mrs-nsga2-apportion|mrs-weighted,cross,lily11,27,20,0.75,1.0,0.75,1.0
mrs-nsga2-apportion|mrs-weighted,ctrl_x,lily11,26,20,0.9,0.45,0.75,0.5
mrs-nsga2-apportion|mrs-weighted,ctrl_y,lily11,26,20,0.95,0.65,0.95,0.85
mrs-nsga2-apportion|mrs-weighted,cross,lily11,28,20,0.45,0.95,0.5,0.95
mrs-nsga2-apportion|mrs-weighted,cross,lily11,29,20,0.85,0.7,1.0,0.75
mrs-nsga2-apportion|mrs-weighted,ctrl_x,lily11,28,20,0.8,0.8,0.75,1.0
mrs-nsga2-apportion|mrs-weighted,ctrl_y,lily11,28,20,0.75,0.9,0.6,0.95
aurus-nsga2-apportion|aurus,cross,lily11,0,20,0.65,0.65,0.45,0.8
aurus-nsga2-apportion|aurus,cross,lily11,1,20,0.85,0.75,0.3,0.95
aurus-nsga2-apportion|aurus,ctrl_x,lily11,0,20,0.55,0.7,0.95,0.95
aurus-nsga2-apportion|aurus,ctrl_y,lily11,0,20,0.45,0.9,0.7,0.95
aurus-nsga2-apportion|aurus,cross,lily11,2,20,0.85,0.65,0.9,0.7
aurus-nsga2-apportion|aurus,cross,lily11,3,20,0.9,0.35,0.95,0.25
aurus-nsga2-apportion|aurus,ctrl_x,lily11,2,20,0.85,0.8,0.95,0.9
aurus-nsga2-apportion|aurus,ctrl_y,lily11,2,20,0.35,0.8,0.45,0.75
aurus-nsga2-apportion|aurus,cross,lily11,4,20,0.8,0.8,1.0,0.85
aurus-nsga2-apportion|aurus,cross,lily11,5,20,0.85,0.75,0.7,0.8
aurus-nsga2-apportion|aurus,ctrl_x,lily11,4,20,0.55,0.9,0.8,1.0
aurus-nsga2-apportion|aurus,ctrl_y,lily11,4,20,0.65,0.7,0.55,0.8
aurus-nsga2-apportion|aurus,cross,lily11,8,20,0.9,0.75,1.0,0.85
aurus-nsga2-apportion|aurus,cross,lily11,9,20,0.65,0.65,0.3,0.45
aurus-nsga2-apportion|aurus,ctrl_x,lily11,8,20,0.75,0.6,0.85,0.55
aurus-nsga2-apportion|aurus,ctrl_y,lily11,8,20,0.85,0.95,1.0,0.65
aurus-nsga2-apportion|aurus,cross,lily11,10,20,0.95,0.8,0.65,0.7
aurus-nsga2-apportion|aurus,cross,lily11,11,20,0.9,0.6,1.0,0.8
aurus-nsga2-apportion|aurus,ctrl_x,lily11,10,20,0.75,0.95,0.9,0.9
aurus-nsga2-apportion|aurus,ctrl_y,lily11,10,20,0.55,0.9,0.75,0.95
aurus-nsga2-apportion|aurus,cross,lily11,12,20,0.95,0.75,0.55,0.3
aurus-nsga2-apportion|aurus,cross,lily11,13,20,0.65,0.7,0.45,0.85
aurus-nsga2-apportion|aurus,ctrl_x,lily11,12,20,0.75,0.85,0.95,0.9
aurus-nsga2-apportion|aurus,ctrl_y,lily11,12,20,0.85,0.8,0.9,1.0
aurus-nsga2-apportion|aurus,cross,lily11,14,20,0.85,0.8,0.3,0.55
aurus-nsga2-apportion|aurus,cross,lily11,15,20,0.7,0.7,0.65,0.95
aurus-nsga2-apportion|aurus,ctrl_x,lily11,14,20,0.75,0.6,0.95,0.85
aurus-nsga2-apportion|aurus,ctrl_y,lily11,14,20,0.95,0.7,0.95,1.0
aurus-nsga2-apportion|aurus,cross,lily11,18,20,0.85,0.6,1.0,0.8
aurus-nsga2-apportion|aurus,cross,lily11,19,20,0.95,0.2,0.9,0.45
aurus-nsga2-apportion|aurus,ctrl_x,lily11,18,20,0.6,1.0,0.85,1.0
aurus-nsga2-apportion|aurus,ctrl_y,lily11,18,20,0.55,0.95,0.95,1.0
aurus-nsga2-apportion|aurus,cross,lily11,20,20,0.5,0.75,0.6,0.6
aurus-nsga2-apportion|aurus,cross,lily11,21,20,1.0,0.35,1.0,0.8
aurus-nsga2-apportion|aurus,ctrl_x,lily11,20,20,0.45,0.7,0.7,1.0
aurus-nsga2-apportion|aurus,ctrl_y,lily11,20,20,0.7,1.0,0.65,0.9
aurus-nsga2-apportion|aurus,cross,lily11,22,20,0.65,0.75,0.6,0.95
aurus-nsga2-apportion|aurus,cross,lily11,23,20,0.8,0.6,0.65,0.8
aurus-nsga2-apportion|aurus,ctrl_x,lily11,22,20,0.6,0.8,0.85,1.0
aurus-nsga2-apportion|aurus,ctrl_y,lily11,22,20,0.8,0.75,0.65,0.95
aurus-nsga2-apportion|aurus,cross,lily11,24,20,0.7,0.6,0.6,0.85
aurus-nsga2-apportion|aurus,cross,lily11,25,20,0.95,0.7,0.85,0.4
aurus-nsga2-apportion|aurus,ctrl_x,lily11,24,20,0.5,0.8,0.8,0.95
aurus-nsga2-apportion|aurus,ctrl_y,lily11,24,20,0.9,0.65,0.95,1.0
aurus-nsga2-apportion|aurus,cross,lily11,26,20,0.9,0.6,0.55,0.6
aurus-nsga2-apportion|aurus,cross,lily11,27,20,0.7,0.55,0.85,0.8
aurus-nsga2-apportion|aurus,ctrl_x,lily11,26,20,0.65,0.65,0.95,0.9
aurus-nsga2-apportion|aurus,ctrl_y,lily11,26,20,0.85,1.0,0.85,0.9
aurus-nsga2-apportion|aurus,cross,lily11,28,20,0.8,0.5,0.4,0.5
aurus-nsga2-apportion|aurus,cross,lily11,29,20,0.95,0.45,0.95,0.35
aurus-nsga2-apportion|aurus,ctrl_x,lily11,28,20,0.65,0.8,0.95,0.65
aurus-nsga2-apportion|aurus,ctrl_y,lily11,28,20,0.8,0.9,0.5,0.95
mrs-nsga2-apportion|aurus,cross,lily15,24,20,1.0,0.35,0.7,0.3
mrs-nsga2-apportion|aurus,cross,lily15,25,20,1.0,0.1,0.25,0.05
mrs-nsga2-apportion|aurus,ctrl_x,lily15,24,20,1.0,1.0,0.65,0.35
mrs-nsga2-apportion|aurus,ctrl_y,lily15,24,20,0.85,0.85,0.8,0.95
mrs-nsga2-apportion|mrs-weighted,cross,lily15,12,20,0.9,0.9,0.45,0.65
mrs-nsga2-apportion|mrs-weighted,cross,lily15,13,20,0.8,0.75,0.6,0.8
mrs-nsga2-apportion|mrs-weighted,ctrl_x,lily15,12,20,1.0,0.95,0.55,0.65
mrs-nsga2-apportion|mrs-weighted,ctrl_y,lily15,12,20,0.85,0.6,0.9,0.65
mrs-nsga2-apportion|mrs-weighted,cross,load-balancer-aurus,0,20,0.75,0.5,0.45,0.2
mrs-nsga2-apportion|mrs-weighted,cross,load-balancer-aurus,1,20,0.8,0.6,0.8,0.55
mrs-nsga2-apportion|mrs-weighted,ctrl_x,load-balancer-aurus,0,20,0.7,0.7,0.55,0.8
mrs-nsga2-apportion|mrs-weighted,ctrl_y,load-balancer-aurus,0,20,0.75,0.8,0.65,0.7
mrs-nsga2-apportion|mrs-weighted,cross,load-balancer-aurus,2,20,0.65,0.95,0.55,0.35
mrs-nsga2-apportion|mrs-weighted,cross,load-balancer-aurus,3,20,0.65,1.0,0.9,0.85
mrs-nsga2-apportion|mrs-weighted,ctrl_x,load-balancer-aurus,2,20,0.7,0.95,0.9,0.95
mrs-nsga2-apportion|mrs-weighted,ctrl_y,load-balancer-aurus,2,20,0.6,0.9,0.4,0.2
mrs-nsga2-apportion|mrs-weighted,cross,load-balancer-aurus,4,20,0.6,1.0,0.75,0.75
mrs-nsga2-apportion|mrs-weighted,cross,load-balancer-aurus,5,20,0.7,0.8,0.7,0.45
mrs-nsga2-apportion|mrs-weighted,ctrl_x,load-balancer-aurus,4,20,0.85,0.65,0.7,0.55
mrs-nsga2-apportion|mrs-weighted,ctrl_y,load-balancer-aurus,4,20,0.9,0.75,0.85,0.95
mrs-nsga2-apportion|mrs-weighted,cross,load-balancer-aurus,6,20,0.2,0.65,0.1,0.2
mrs-nsga2-apportion|mrs-weighted,cross,load-balancer-aurus,7,20,0.95,0.95,0.45,0.45
mrs-nsga2-apportion|mrs-weighted,ctrl_x,load-balancer-aurus,6,20,0.55,0.95,0.55,0.4
mrs-nsga2-apportion|mrs-weighted,ctrl_y,load-balancer-aurus,6,20,0.8,0.3,0.35,0.15
mrs-nsga2-apportion|mrs-weighted,cross,load-balancer-aurus,8,20,0.55,0.75,0.55,0.4
mrs-nsga2-apportion|mrs-weighted,cross,load-balancer-aurus,9,20,1.0,0.7,0.5,0.15
mrs-nsga2-apportion|mrs-weighted,ctrl_x,load-balancer-aurus,8,20,0.75,0.75,0.75,0.85
mrs-nsga2-apportion|mrs-weighted,ctrl_y,load-balancer-aurus,8,20,0.55,1.0,0.2,0.55
mrs-nsga2-apportion|mrs-weighted,cross,load-balancer-aurus,10,20,0.7,1.0,0.75,0.85
mrs-nsga2-apportion|mrs-weighted,cross,load-balancer-aurus,11,20,0.8,0.9,0.4,0.45
mrs-nsga2-apportion|mrs-weighted,ctrl_x,load-balancer-aurus,10,20,0.7,0.95,0.4,0.65
mrs-nsga2-apportion|mrs-weighted,ctrl_y,load-balancer-aurus,10,20,0.6,0.9,0.45,0.85
mrs-nsga2-apportion|mrs-weighted,cross,load-balancer-aurus,12,20,0.5,0.95,0.3,0.85
mrs-nsga2-apportion|mrs-weighted,cross,load-balancer-aurus,13,20,0.75,0.45,0.6,0.3
mrs-nsga2-apportion|mrs-weighted,ctrl_x,load-balancer-aurus,12,20,1.0,0.75,0.65,0.85
mrs-nsga2-apportion|mrs-weighted,ctrl_y,load-balancer-aurus,12,20,0.85,0.65,0.35,0.8
mrs-nsga2-apportion|mrs-weighted,cross,load-balancer-aurus,14,20,0.8,0.75,1.0,0.75
mrs-nsga2-apportion|mrs-weighted,cross,load-balancer-aurus,15,20,0.6,0.8,0.8,0.75
mrs-nsga2-apportion|mrs-weighted,ctrl_x,load-balancer-aurus,14,20,0.7,0.95,0.65,0.65
mrs-nsga2-apportion|mrs-weighted,ctrl_y,load-balancer-aurus,14,20,0.8,0.85,0.8,0.8
mrs-nsga2-apportion|mrs-weighted,cross,load-balancer-aurus,16,20,0.65,0.7,0.5,0.9
mrs-nsga2-apportion|mrs-weighted,cross,load-balancer-aurus,17,20,0.85,0.5,0.35,0.55
mrs-nsga2-apportion|mrs-weighted,ctrl_x,load-balancer-aurus,16,20,0.3,0.75,0.35,0.2
mrs-nsga2-apportion|mrs-weighted,ctrl_y,load-balancer-aurus,16,20,0.8,0.75,0.55,0.5
mrs-nsga2-apportion|mrs-weighted,cross,load-balancer-aurus,18,20,0.7,0.95,0.3,0.25
mrs-nsga2-apportion|mrs-weighted,cross,load-balancer-aurus,19,20,0.85,0.65,0.25,0.1
mrs-nsga2-apportion|mrs-weighted,ctrl_x,load-balancer-aurus,18,20,0.5,0.8,0.35,0.15
mrs-nsga2-apportion|mrs-weighted,ctrl_y,load-balancer-aurus,18,20,0.25,0.75,0.35,0.2
mrs-nsga2-apportion|mrs-weighted,cross,load-balancer-aurus,20,20,0.85,0.85,0.95,0.65
mrs-nsga2-apportion|mrs-weighted,cross,load-balancer-aurus,21,20,0.75,1.0,0.45,0.6
mrs-nsga2-apportion|mrs-weighted,ctrl_x,load-balancer-aurus,20,20,0.95,0.35,0.75,0.75
mrs-nsga2-apportion|mrs-weighted,ctrl_y,load-balancer-aurus,20,20,0.75,0.7,0.6,1.0
mrs-nsga2-apportion|mrs-weighted,cross,load-balancer-aurus,24,20,0.7,0.6,0.55,0.25
mrs-nsga2-apportion|mrs-weighted,cross,load-balancer-aurus,25,20,0.4,1.0,0.45,1.0
mrs-nsga2-apportion|mrs-weighted,ctrl_x,load-balancer-aurus,24,20,0.95,0.55,0.65,0.4
mrs-nsga2-apportion|mrs-weighted,ctrl_y,load-balancer-aurus,24,20,0.9,0.25,0.8,0.35
mrs-nsga2-apportion|mrs-weighted,cross,load-balancer-aurus,26,20,0.45,0.4,0.35,0.3
mrs-nsga2-apportion|mrs-weighted,cross,load-balancer-aurus,27,20,0.7,0.95,0.2,0.5
mrs-nsga2-apportion|mrs-weighted,ctrl_x,load-balancer-aurus,26,20,0.9,0.85,0.45,0.45
mrs-nsga2-apportion|mrs-weighted,ctrl_y,load-balancer-aurus,26,20,0.75,0.9,0.3,0.6
mrs-nsga2-apportion|mrs-weighted,cross,load-balancer-aurus,28,20,0.3,0.45,0.3,0.15
mrs-nsga2-apportion|mrs-weighted,cross,load-balancer-aurus,29,20,0.3,0.9,0.75,0.25
mrs-nsga2-apportion|mrs-weighted,ctrl_x,load-balancer-aurus,28,20,0.5,0.6,0.25,0.65
mrs-nsga2-apportion|mrs-weighted,ctrl_y,load-balancer-aurus,28,20,0.85,0.25,0.35,0.2
mrs-nsga2-apportion|aurus,cross,ltl2dba-r-2,4,20,0.85,0.55,0.85,0.9
mrs-nsga2-apportion|aurus,cross,ltl2dba-r-2,5,20,1.0,0.5,0.85,0.55
mrs-nsga2-apportion|aurus,ctrl_x,ltl2dba-r-2,4,20,0.95,0.9,0.7,0.95
mrs-nsga2-apportion|aurus,ctrl_y,ltl2dba-r-2,4,20,0.8,0.95,1.0,0.95
mrs-nsga2-apportion|aurus,cross,ltl2dba-r-2,6,20,0.9,0.65,0.65,0.95
mrs-nsga2-apportion|aurus,cross,ltl2dba-r-2,7,20,0.95,0.55,0.8,0.95
mrs-nsga2-apportion|aurus,ctrl_x,ltl2dba-r-2,6,20,0.8,1.0,0.95,1.0
mrs-nsga2-apportion|aurus,ctrl_y,ltl2dba-r-2,6,20,0.9,0.85,0.85,0.95
mrs-nsga2-apportion|aurus,cross,ltl2dba-r-2,10,20,0.95,0.6,0.95,0.9
mrs-nsga2-apportion|aurus,cross,ltl2dba-r-2,11,20,0.8,0.75,0.95,0.7
mrs-nsga2-apportion|aurus,ctrl_x,ltl2dba-r-2,10,20,0.95,0.9,0.95,0.95
mrs-nsga2-apportion|aurus,ctrl_y,ltl2dba-r-2,10,20,0.85,0.95,0.85,0.85
mrs-nsga2-apportion|aurus,cross,ltl2dba-r-2,14,20,1.0,0.6,0.95,0.55
mrs-nsga2-apportion|aurus,cross,ltl2dba-r-2,15,20,0.95,0.55,0.75,0.75
mrs-nsga2-apportion|aurus,ctrl_x,ltl2dba-r-2,14,20,0.75,0.9,0.95,0.75
mrs-nsga2-apportion|aurus,ctrl_y,ltl2dba-r-2,14,20,0.85,0.9,0.75,0.8
mrs-nsga2-apportion|aurus,cross,ltl2dba-r-2,16,20,0.95,0.65,0.95,0.95
mrs-nsga2-apportion|aurus,cross,ltl2dba-r-2,17,20,0.85,0.6,0.45,0.65
mrs-nsga2-apportion|aurus,ctrl_x,ltl2dba-r-2,16,20,0.9,0.9,0.9,0.9
mrs-nsga2-apportion|aurus,ctrl_y,ltl2dba-r-2,16,20,0.85,0.9,0.55,0.7
mrs-nsga2-apportion|aurus,cross,ltl2dba-r-2,20,20,0.9,0.55,0.85,0.55
mrs-nsga2-apportion|aurus,cross,ltl2dba-r-2,21,20,0.9,0.7,0.9,0.75
mrs-nsga2-apportion|aurus,ctrl_x,ltl2dba-r-2,20,20,0.8,0.9,0.8,0.9
mrs-nsga2-apportion|aurus,ctrl_y,ltl2dba-r-2,20,20,1.0,0.75,0.65,0.9
mrs-nsga2-apportion|aurus,cross,ltl2dba-r-2,22,20,0.8,0.85,0.75,0.75
mrs-nsga2-apportion|aurus,cross,ltl2dba-r-2,23,20,1.0,0.75,1.0,0.7
mrs-nsga2-apportion|aurus,ctrl_x,ltl2dba-r-2,22,20,0.8,0.95,0.85,0.95
mrs-nsga2-apportion|aurus,ctrl_y,ltl2dba-r-2,22,20,0.9,0.9,0.95,1.0
mrs-nsga2-apportion|aurus,cross,ltl2dba-r-2,24,20,1.0,0.55,0.95,0.7
mrs-nsga2-apportion|aurus,cross,ltl2dba-r-2,25,20,0.8,0.9,0.7,0.95
mrs-nsga2-apportion|aurus,ctrl_x,ltl2dba-r-2,24,20,1.0,0.4,0.9,0.4
mrs-nsga2-apportion|aurus,ctrl_y,ltl2dba-r-2,24,20,0.85,0.8,0.8,0.75
mrs-nsga2-apportion|aurus-nsga2-apportion,cross,ltl2dba-r-2,2,20,0.85,0.95,0.7,0.95
mrs-nsga2-apportion|aurus-nsga2-apportion,cross,ltl2dba-r-2,3,20,0.7,0.55,0.95,0.95
mrs-nsga2-apportion|aurus-nsga2-apportion,ctrl_x,ltl2dba-r-2,2,20,0.8,0.85,0.7,0.9
mrs-nsga2-apportion|aurus-nsga2-apportion,ctrl_y,ltl2dba-r-2,2,20,0.55,0.85,0.8,1.0
mrs-nsga2-apportion|aurus-nsga2-apportion,cross,ltl2dba-r-2,4,20,0.95,0.9,0.95,0.75
mrs-nsga2-apportion|aurus-nsga2-apportion,cross,ltl2dba-r-2,5,20,0.9,0.95,0.9,1.0
mrs-nsga2-apportion|aurus-nsga2-apportion,ctrl_x,ltl2dba-r-2,4,20,0.95,0.9,0.7,0.95
mrs-nsga2-apportion|aurus-nsga2-apportion,ctrl_y,ltl2dba-r-2,4,20,0.95,0.75,0.9,0.65
mrs-nsga2-apportion|aurus-nsga2-apportion,cross,ltl2dba-r-2,6,20,0.65,0.8,0.85,0.9
mrs-nsga2-apportion|aurus-nsga2-apportion,cross,ltl2dba-r-2,7,20,0.8,0.9,0.95,1.0
mrs-nsga2-apportion|aurus-nsga2-apportion,ctrl_x,ltl2dba-r-2,6,20,0.6,1.0,1.0,1.0
mrs-nsga2-apportion|aurus-nsga2-apportion,ctrl_y,ltl2dba-r-2,6,20,0.8,0.9,1.0,1.0
mrs-nsga2-apportion|aurus-nsga2-apportion,cross,ltl2dba-r-2,10,20,1.0,0.85,1.0,0.9
mrs-nsga2-apportion|aurus-nsga2-apportion,cross,ltl2dba-r-2,11,20,0.7,0.8,0.85,0.85
mrs-nsga2-apportion|aurus-nsga2-apportion,ctrl_x,ltl2dba-r-2,10,20,0.95,0.8,0.85,0.8
mrs-nsga2-apportion|aurus-nsga2-apportion,ctrl_y,ltl2dba-r-2,10,20,0.9,0.6,0.9,0.9
mrs-nsga2-apportion|aurus-nsga2-apportion,cross,ltl2dba-r-2,14,20,0.75,0.7,0.85,0.9
mrs-nsga2-apportion|aurus-nsga2-apportion,cross,ltl2dba-r-2,15,20,0.9,0.75,0.95,0.8
mrs-nsga2-apportion|aurus-nsga2-apportion,ctrl_x,ltl2dba-r-2,14,20,0.75,0.9,0.95,0.75
mrs-nsga2-apportion|aurus-nsga2-apportion,ctrl_y,ltl2dba-r-2,14,20,0.8,0.9,0.75,0.95
mrs-nsga2-apportion|aurus-nsga2-apportion,cross,ltl2dba-r-2,20,20,0.8,0.65,0.9,0.9
mrs-nsga2-apportion|aurus-nsga2-apportion,cross,ltl2dba-r-2,21,20,0.8,0.9,0.85,0.9
mrs-nsga2-apportion|aurus-nsga2-apportion,ctrl_x,ltl2dba-r-2,20,20,0.8,0.9,0.9,0.9
mrs-nsga2-apportion|aurus-nsga2-apportion,ctrl_y,ltl2dba-r-2,20,20,0.85,0.7,0.85,0.8
mrs-nsga2-apportion|aurus-nsga2-apportion,cross,ltl2dba-r-2,22,20,0.85,0.8,1.0,1.0
mrs-nsga2-apportion|aurus-nsga2-apportion,cross,ltl2dba-r-2,23,20,0.95,0.8,0.9,0.95
mrs-nsga2-apportion|aurus-nsga2-apportion,ctrl_x,ltl2dba-r-2,22,20,0.8,0.95,0.85,0.95
mrs-nsga2-apportion|aurus-nsga2-apportion,ctrl_y,ltl2dba-r-2,22,20,0.85,0.85,0.95,1.0
mrs-nsga2-apportion|aurus-nsga2-apportion,cross,ltl2dba-r-2,26,20,0.95,0.7,0.65,0.8
mrs-nsga2-apportion|aurus-nsga2-apportion,cross,ltl2dba-r-2,27,20,0.65,0.85,0.75,1.0
mrs-nsga2-apportion|aurus-nsga2-apportion,ctrl_x,ltl2dba-r-2,26,20,0.9,0.8,1.0,0.7
mrs-nsga2-apportion|aurus-nsga2-apportion,ctrl_y,ltl2dba-r-2,26,20,0.95,0.9,1.0,0.9
mrs-nsga2-apportion|mrs-weighted,cross,ltl2dba-r-2,2,20,0.75,1.0,0.65,1.0
mrs-nsga2-apportion|mrs-weighted,cross,ltl2dba-r-2,3,20,0.55,0.95,0.8,0.95
mrs-nsga2-apportion|mrs-weighted,ctrl_x,ltl2dba-r-2,2,20,0.8,0.85,0.7,0.9
mrs-nsga2-apportion|mrs-weighted,ctrl_y,ltl2dba-r-2,2,20,0.95,0.75,1.0,0.95
mrs-nsga2-apportion|mrs-weighted,cross,ltl2dba-r-2,4,20,0.9,0.8,0.95,0.9
mrs-nsga2-apportion|mrs-weighted,cross,ltl2dba-r-2,5,20,0.95,0.65,0.9,0.9
mrs-nsga2-apportion|mrs-weighted,ctrl_x,ltl2dba-r-2,4,20,0.95,0.9,0.7,0.95
mrs-nsga2-apportion|mrs-weighted,ctrl_y,ltl2dba-r-2,4,20,0.95,0.85,0.85,0.6
mrs-nsga2-apportion|mrs-weighted,cross,ltl2dba-r-2,6,20,0.65,1.0,0.6,1.0
mrs-nsga2-apportion|mrs-weighted,cross,ltl2dba-r-2,7,20,0.4,1.0,0.55,1.0
mrs-nsga2-apportion|mrs-weighted,ctrl_x,ltl2dba-r-2,6,20,0.6,1.0,1.0,1.0
mrs-nsga2-apportion|mrs-weighted,ctrl_y,ltl2dba-r-2,6,20,0.95,0.9,0.8,0.95
mrs-nsga2-apportion|mrs-weighted,cross,ltl2dba-r-2,10,20,0.9,1.0,0.9,0.95
mrs-nsga2-apportion|mrs-weighted,cross,ltl2dba-r-2,11,20,0.6,0.95,0.8,1.0
mrs-nsga2-apportion|mrs-weighted,ctrl_x,ltl2dba-r-2,10,20,0.95,0.8,0.85,0.8
mrs-nsga2-apportion|mrs-weighted,ctrl_y,ltl2dba-r-2,10,20,0.8,0.8,0.95,0.85
mrs-nsga2-apportion|mrs-weighted,cross,ltl2dba-r-2,14,20,0.65,1.0,0.65,0.95
mrs-nsga2-apportion|mrs-weighted,cross,ltl2dba-r-2,15,20,0.95,0.65,0.85,0.95
mrs-nsga2-apportion|mrs-weighted,ctrl_x,ltl2dba-r-2,14,20,0.75,0.9,0.95,0.75
mrs-nsga2-apportion|mrs-weighted,ctrl_y,ltl2dba-r-2,14,20,0.75,0.9,0.6,0.95
mrs-nsga2-apportion|mrs-weighted,cross,ltl2dba-r-2,16,20,0.8,0.95,0.95,1.0
mrs-nsga2-apportion|mrs-weighted,cross,ltl2dba-r-2,17,20,0.85,0.95,0.6,0.9
mrs-nsga2-apportion|mrs-weighted,ctrl_x,ltl2dba-r-2,16,20,0.9,0.9,0.9,0.9
mrs-nsga2-apportion|mrs-weighted,ctrl_y,ltl2dba-r-2,16,20,0.85,0.95,0.5,0.9
mrs-nsga2-apportion|mrs-weighted,cross,ltl2dba-r-2,20,20,0.85,0.85,0.6,1.0
mrs-nsga2-apportion|mrs-weighted,cross,ltl2dba-r-2,21,20,0.5,0.95,0.45,1.0
mrs-nsga2-apportion|mrs-weighted,ctrl_x,ltl2dba-r-2,20,20,0.8,0.9,0.9,0.9
mrs-nsga2-apportion|mrs-weighted,ctrl_y,ltl2dba-r-2,20,20,0.9,0.75,0.95,0.9
mrs-nsga2-apportion|mrs-weighted,cross,ltl2dba-r-2,22,20,0.8,0.9,1.0,0.9
mrs-nsga2-apportion|mrs-weighted,cross,ltl2dba-r-2,23,20,0.8,0.95,0.65,1.0
mrs-nsga2-apportion|mrs-weighted,ctrl_x,ltl2dba-r-2,22,20,0.8,0.95,0.85,0.95
mrs-nsga2-apportion|mrs-weighted,ctrl_y,ltl2dba-r-2,22,20,0.85,0.95,1.0,0.75
mrs-nsga2-apportion|mrs-weighted,cross,ltl2dba-r-2,24,20,0.7,0.75,0.95,0.95
mrs-nsga2-apportion|mrs-weighted,cross,ltl2dba-r-2,25,20,0.55,1.0,0.3,1.0
mrs-nsga2-apportion|mrs-weighted,ctrl_x,ltl2dba-r-2,24,20,1.0,0.4,0.9,0.4
mrs-nsga2-apportion|mrs-weighted,ctrl_y,ltl2dba-r-2,24,20,0.8,0.75,0.95,0.6
mrs-nsga2-apportion|mrs-weighted,cross,ltl2dba-r-2,26,20,0.55,0.95,0.55,0.85
mrs-nsga2-apportion|mrs-weighted,cross,ltl2dba-r-2,27,20,0.7,0.9,0.45,0.85
mrs-nsga2-apportion|mrs-weighted,ctrl_x,ltl2dba-r-2,26,20,0.9,0.8,1.0,0.7
mrs-nsga2-apportion|mrs-weighted,ctrl_y,ltl2dba-r-2,26,20,0.8,0.65,0.85,0.85
aurus-nsga2-apportion|aurus,cross,ltl2dba-r-2,0,20,0.95,0.6,0.9,0.9
aurus-nsga2-apportion|aurus,cross,ltl2dba-r-2,1,20,1.0,0.65,0.7,0.85
aurus-nsga2-apportion|aurus,ctrl_x,ltl2dba-r-2,0,20,1.0,0.75,1.0,0.8
aurus-nsga2-apportion|aurus,ctrl_y,ltl2dba-r-2,0,20,0.8,0.95,0.85,0.95
aurus-nsga2-apportion|aurus,cross,ltl2dba-r-2,4,20,1.0,0.5,0.75,0.65
aurus-nsga2-apportion|aurus,cross,ltl2dba-r-2,5,20,0.9,0.6,1.0,0.75
aurus-nsga2-apportion|aurus,ctrl_x,ltl2dba-r-2,4,20,0.95,0.8,1.0,0.9
aurus-nsga2-apportion|aurus,ctrl_y,ltl2dba-r-2,4,20,0.8,0.95,1.0,1.0
aurus-nsga2-apportion|aurus,cross,ltl2dba-r-2,6,20,0.95,0.7,0.85,0.95
aurus-nsga2-apportion|aurus,cross,ltl2dba-r-2,7,20,1.0,0.6,1.0,0.9
aurus-nsga2-apportion|aurus,ctrl_x,ltl2dba-r-2,6,20,0.75,0.9,1.0,0.95
aurus-nsga2-apportion|aurus,ctrl_y,ltl2dba-r-2,6,20,0.9,0.85,0.85,0.95
aurus-nsga2-apportion|aurus,cross,ltl2dba-r-2,8,20,0.6,0.45,0.7,0.85
aurus-nsga2-apportion|aurus,cross,ltl2dba-r-2,9,20,0.95,0.5,0.85,0.75
aurus-nsga2-apportion|aurus,ctrl_x,ltl2dba-r-2,8,20,0.8,0.95,0.9,1.0
aurus-nsga2-apportion|aurus,ctrl_y,ltl2dba-r-2,8,20,0.65,0.95,0.65,1.0
aurus-nsga2-apportion|aurus,cross,ltl2dba-r-2,10,20,0.95,0.5,0.95,0.75
aurus-nsga2-apportion|aurus,cross,ltl2dba-r-2,11,20,0.9,0.65,1.0,0.85
aurus-nsga2-apportion|aurus,ctrl_x,ltl2dba-r-2,10,20,0.95,0.75,0.9,0.95
aurus-nsga2-apportion|aurus,ctrl_y,ltl2dba-r-2,10,20,0.85,0.95,0.85,0.85
aurus-nsga2-apportion|aurus,cross,ltl2dba-r-2,14,20,1.0,0.7,1.0,0.95
aurus-nsga2-apportion|aurus,cross,ltl2dba-r-2,15,20,0.85,0.55,0.95,0.6
aurus-nsga2-apportion|aurus,ctrl_x,ltl2dba-r-2,14,20,0.85,0.85,0.85,1.0
aurus-nsga2-apportion|aurus,ctrl_y,ltl2dba-r-2,14,20,0.85,0.9,0.75,0.8
aurus-nsga2-apportion|aurus,cross,ltl2dba-r-2,20,20,0.9,0.55,0.8,0.45
aurus-nsga2-apportion|aurus,cross,ltl2dba-r-2,21,20,0.35,0.65,0.8,0.5
aurus-nsga2-apportion|aurus,ctrl_x,ltl2dba-r-2,20,20,0.9,0.65,0.8,0.85
aurus-nsga2-apportion|aurus,ctrl_y,ltl2dba-r-2,20,20,1.0,0.75,0.65,0.9
aurus-nsga2-apportion|aurus,cross,ltl2dba-r-2,22,20,0.75,0.65,0.9,0.9
aurus-nsga2-apportion|aurus,cross,ltl2dba-r-2,23,20,1.0,0.65,1.0,0.7
aurus-nsga2-apportion|aurus,ctrl_x,ltl2dba-r-2,22,20,0.9,0.9,1.0,1.0
aurus-nsga2-apportion|aurus,ctrl_y,ltl2dba-r-2,22,20,0.7,0.95,0.9,1.0
mrs-nsga2-apportion|aurus,cross,minepump,0,20,1.0,0.9,1.0,0.4
mrs-nsga2-apportion|aurus,cross,minepump,1,20,0.9,0.75,0.95,0.5
mrs-nsga2-apportion|aurus,ctrl_x,minepump,0,20,0.85,0.8,0.75,0.85
mrs-nsga2-apportion|aurus,ctrl_y,minepump,0,20,0.95,0.65,1.0,0.85
mrs-nsga2-apportion|aurus,cross,minepump,2,20,0.65,0.75,0.7,0.65
mrs-nsga2-apportion|aurus,cross,minepump,3,20,0.95,0.85,0.85,0.45
mrs-nsga2-apportion|aurus,ctrl_x,minepump,2,20,0.8,0.85,0.85,0.8
mrs-nsga2-apportion|aurus,ctrl_y,minepump,2,20,0.95,0.95,0.5,0.95
mrs-nsga2-apportion|aurus,cross,minepump,4,20,0.95,0.75,0.9,0.5
mrs-nsga2-apportion|aurus,cross,minepump,5,20,0.75,0.8,0.8,0.55
mrs-nsga2-apportion|aurus,ctrl_x,minepump,4,20,0.9,0.95,0.7,0.9
mrs-nsga2-apportion|aurus,ctrl_y,minepump,4,20,0.95,0.75,0.95,1.0
mrs-nsga2-apportion|aurus,cross,minepump,12,20,1.0,0.75,0.6,0.8
mrs-nsga2-apportion|aurus,cross,minepump,13,20,0.9,0.8,0.85,0.65
mrs-nsga2-apportion|aurus,ctrl_x,minepump,12,20,0.9,0.6,0.75,0.55
mrs-nsga2-apportion|aurus,ctrl_y,minepump,12,20,0.85,1.0,0.75,0.95
mrs-nsga2-apportion|aurus,cross,minepump,14,20,0.85,0.45,0.95,0.45
mrs-nsga2-apportion|aurus,cross,minepump,15,20,0.9,0.6,0.4,0.8
mrs-nsga2-apportion|aurus,ctrl_x,minepump,14,20,0.95,0.85,0.65,0.6
mrs-nsga2-apportion|aurus,ctrl_y,minepump,14,20,0.9,0.8,0.65,0.95
mrs-nsga2-apportion|aurus,cross,minepump,16,20,0.7,0.8,0.5,0.45
mrs-nsga2-apportion|aurus,cross,minepump,17,20,0.8,0.85,0.7,0.65
mrs-nsga2-apportion|aurus,ctrl_x,minepump,16,20,0.9,0.85,0.95,0.8
mrs-nsga2-apportion|aurus,ctrl_y,minepump,16,20,0.85,0.9,0.9,1.0
mrs-nsga2-apportion|aurus,cross,minepump,20,20,0.6,1.0,0.75,0.65
mrs-nsga2-apportion|aurus,cross,minepump,21,20,0.75,1.0,0.75,0.55
mrs-nsga2-apportion|aurus,ctrl_x,minepump,20,20,0.65,0.9,0.65,0.65
mrs-nsga2-apportion|aurus,ctrl_y,minepump,20,20,1.0,0.85,0.85,0.75
mrs-nsga2-apportion|aurus,cross,minepump,22,20,0.65,0.75,0.7,0.7
mrs-nsga2-apportion|aurus,cross,minepump,23,20,0.85,0.65,0.8,0.9
mrs-nsga2-apportion|aurus,ctrl_x,minepump,22,20,0.7,0.85,0.35,0.6
mrs-nsga2-apportion|aurus,ctrl_y,minepump,22,20,0.75,1.0,0.75,0.7
mrs-nsga2-apportion|aurus,cross,minepump,24,20,0.85,0.85,0.75,0.95
mrs-nsga2-apportion|aurus,cross,minepump,25,20,0.95,0.9,0.65,0.45
mrs-nsga2-apportion|aurus,ctrl_x,minepump,24,20,0.9,0.85,0.85,0.8
mrs-nsga2-apportion|aurus,ctrl_y,minepump,24,20,0.9,0.9,1.0,0.85
mrs-nsga2-apportion|aurus,cross,minepump,26,20,0.95,0.65,0.85,0.7
mrs-nsga2-apportion|aurus,cross,minepump,27,20,0.5,0.5,0.7,0.4
mrs-nsga2-apportion|aurus,ctrl_x,minepump,26,20,0.7,0.8,0.85,1.0
mrs-nsga2-apportion|aurus,ctrl_y,minepump,26,20,0.95,0.9,0.95,0.85
mrs-nsga2-apportion|aurus,cross,minepump,28,20,0.7,0.35,0.8,0.35
mrs-nsga2-apportion|aurus,cross,minepump,29,20,0.7,1.0,0.65,0.55
mrs-nsga2-apportion|aurus,ctrl_x,minepump,28,20,0.9,0.95,1.0,0.9
mrs-nsga2-apportion|aurus,ctrl_y,minepump,28,20,0.95,0.85,1.0,0.85
mrs-nsga2-apportion|aurus-nsga2-apportion,cross,minepump,0,20,0.95,0.45,0.75,0.4
mrs-nsga2-apportion|aurus-nsga2-apportion,cross,minepump,1,20,1.0,0.85,1.0,1.0
mrs-nsga2-apportion|aurus-nsga2-apportion,ctrl_x,minepump,0,20,0.85,0.8,0.75,0.85
mrs-nsga2-apportion|aurus-nsga2-apportion,ctrl_y,minepump,0,20,0.9,0.3,0.9,0.65
mrs-nsga2-apportion|aurus-nsga2-apportion,cross,minepump,4,20,0.9,0.95,0.85,1.0
mrs-nsga2-apportion|aurus-nsga2-apportion,cross,minepump,5,20,0.9,0.8,1.0,0.5
mrs-nsga2-apportion|aurus-nsga2-apportion,ctrl_x,minepump,4,20,0.9,1.0,0.7,0.95
mrs-nsga2-apportion|aurus-nsga2-apportion,ctrl_y,minepump,4,20,0.75,0.8,0.85,0.5
mrs-nsga2-apportion|aurus-nsga2-apportion,cross,minepump,8,20,0.9,0.9,0.8,0.95
mrs-nsga2-apportion|aurus-nsga2-apportion,cross,minepump,9,20,1.0,0.9,0.65,0.65
mrs-nsga2-apportion|aurus-nsga2-apportion,ctrl_x,minepump,8,20,0.75,0.95,0.9,0.55
mrs-nsga2-apportion|aurus-nsga2-apportion,ctrl_y,minepump,8,20,0.95,1.0,0.85,0.9
mrs-nsga2-apportion|aurus-nsga2-apportion,cross,minepump,12,20,0.95,0.9,0.8,0.95
mrs-nsga2-apportion|aurus-nsga2-apportion,cross,minepump,13,20,0.85,0.9,0.95,0.85
mrs-nsga2-apportion|aurus-nsga2-apportion,ctrl_x,minepump,12,20,0.9,0.6,0.75,0.55
mrs-nsga2-apportion|aurus-nsga2-apportion,ctrl_y,minepump,12,20,0.85,0.9,1.0,0.95
mrs-nsga2-apportion|aurus-nsga2-apportion,cross,minepump,14,20,0.95,0.9,0.6,0.8
mrs-nsga2-apportion|aurus-nsga2-apportion,cross,minepump,15,20,0.9,0.95,0.65,1.0
mrs-nsga2-apportion|aurus-nsga2-apportion,ctrl_x,minepump,14,20,0.95,0.85,0.65,0.6
mrs-nsga2-apportion|aurus-nsga2-apportion,ctrl_y,minepump,14,20,0.9,0.85,0.9,0.8
mrs-nsga2-apportion|aurus-nsga2-apportion,cross,minepump,16,20,1.0,0.8,0.75,0.85
mrs-nsga2-apportion|aurus-nsga2-apportion,cross,minepump,17,20,0.9,0.95,0.85,1.0
mrs-nsga2-apportion|aurus-nsga2-apportion,ctrl_x,minepump,16,20,0.9,0.85,0.95,0.8
mrs-nsga2-apportion|aurus-nsga2-apportion,ctrl_y,minepump,16,20,0.95,0.8,0.65,0.6
mrs-nsga2-apportion|aurus-nsga2-apportion,cross,minepump,18,20,0.75,1.0,0.6,1.0
mrs-nsga2-apportion|aurus-nsga2-apportion,cross,minepump,19,20,0.85,0.7,0.7,0.55
mrs-nsga2-apportion|aurus-nsga2-apportion,ctrl_x,minepump,18,20,0.9,0.95,0.9,0.95
mrs-nsga2-apportion|aurus-nsga2-apportion,ctrl_y,minepump,18,20,0.9,1.0,0.4,0.7
mrs-nsga2-apportion|aurus-nsga2-apportion,cross,minepump,20,20,0.7,1.0,0.9,1.0
mrs-nsga2-apportion|aurus-nsga2-apportion,cross,minepump,21,20,0.85,0.85,0.95,0.75
mrs-nsga2-apportion|aurus-nsga2-apportion,ctrl_x,minepump,20,20,0.75,0.8,0.5,0.95
mrs-nsga2-apportion|aurus-nsga2-apportion,ctrl_y,minepump,20,20,0.85,0.9,0.85,1.0
mrs-nsga2-apportion|aurus-nsga2-apportion,cross,minepump,26,20,0.85,0.55,0.75,0.8
mrs-nsga2-apportion|aurus-nsga2-apportion,cross,minepump,27,20,0.55,0.7,0.75,0.7
mrs-nsga2-apportion|aurus-nsga2-apportion,ctrl_x,minepump,26,20,0.7,0.8,0.85,1.0
mrs-nsga2-apportion|aurus-nsga2-apportion,ctrl_y,minepump,26,20,0.8,0.75,0.7,0.85
mrs-nsga2-apportion|mrs-weighted,cross,minepump,0,20,0.8,1.0,1.0,0.9
mrs-nsga2-apportion|mrs-weighted,cross,minepump,1,20,0.95,0.85,1.0,1.0
mrs-nsga2-apportion|mrs-weighted,ctrl_x,minepump,0,20,0.85,0.8,0.75,0.85
mrs-nsga2-apportion|mrs-weighted,ctrl_y,minepump,0,20,0.9,0.9,0.75,0.4
mrs-nsga2-apportion|mrs-weighted,cross,minepump,2,20,0.8,0.8,0.6,0.6
mrs-nsga2-apportion|mrs-weighted,cross,minepump,3,20,0.75,0.85,0.4,0.55
mrs-nsga2-apportion|mrs-weighted,ctrl_x,minepump,2,20,0.8,0.85,0.85,0.8
mrs-nsga2-apportion|mrs-weighted,ctrl_y,minepump,2,20,0.85,0.6,0.65,0.6
mrs-nsga2-apportion|mrs-weighted,cross,minepump,4,20,0.65,0.9,0.9,0.75
mrs-nsga2-apportion|mrs-weighted,cross,minepump,5,20,0.85,0.8,0.75,0.35
mrs-nsga2-apportion|mrs-weighted,ctrl_x,minepump,4,20,0.9,0.95,0.7,0.9
mrs-nsga2-apportion|mrs-weighted,ctrl_y,minepump,4,20,0.85,1.0,0.7,0.8
mrs-nsga2-apportion|mrs-weighted,cross,minepump,6,20,0.8,0.95,0.5,0.65
mrs-nsga2-apportion|mrs-weighted,cross,minepump,7,20,0.6,0.9,0.85,0.75
mrs-nsga2-apportion|mrs-weighted,ctrl_x,minepump,6,20,0.75,0.8,0.65,0.85
mrs-nsga2-apportion|mrs-weighted,ctrl_y,minepump,6,20,0.7,0.65,0.65,0.85
mrs-nsga2-apportion|mrs-weighted,cross,minepump,8,20,1.0,0.55,0.85,0.8
mrs-nsga2-apportion|mrs-weighted,cross,minepump,9,20,0.4,0.6,0.25,0.65
mrs-nsga2-apportion|mrs-weighted,ctrl_x,minepump,8,20,0.75,0.95,0.9,0.55
mrs-nsga2-apportion|mrs-weighted,ctrl_y,minepump,8,20,0.8,0.55,0.75,0.6
mrs-nsga2-apportion|mrs-weighted,cross,minepump,10,20,0.6,0.7,0.45,0.8
mrs-nsga2-apportion|mrs-weighted,cross,minepump,11,20,0.6,1.0,0.9,0.9
mrs-nsga2-apportion|mrs-weighted,ctrl_x,minepump,10,20,0.9,0.75,0.8,0.85
mrs-nsga2-apportion|mrs-weighted,ctrl_y,minepump,10,20,0.75,0.9,0.75,0.95
mrs-nsga2-apportion|mrs-weighted,cross,minepump,12,20,1.0,0.85,0.6,0.55
mrs-nsga2-apportion|mrs-weighted,cross,minepump,13,20,0.55,0.95,0.6,0.95
mrs-nsga2-apportion|mrs-weighted,ctrl_x,minepump,12,20,0.9,0.6,0.75,0.55
mrs-nsga2-apportion|mrs-weighted,ctrl_y,minepump,12,20,0.95,0.45,0.8,0.7
mrs-nsga2-apportion|mrs-weighted,cross,minepump,14,20,0.85,0.8,0.85,0.4
mrs-nsga2-apportion|mrs-weighted,cross,minepump,15,20,0.85,0.9,0.55,0.75
mrs-nsga2-apportion|mrs-weighted,ctrl_x,minepump,14,20,0.95,0.85,0.65,0.6
mrs-nsga2-apportion|mrs-weighted,ctrl_y,minepump,14,20,0.9,0.55,0.55,0.2
mrs-nsga2-apportion|mrs-weighted,cross,minepump,16,20,1.0,0.55,0.65,0.7
mrs-nsga2-apportion|mrs-weighted,cross,minepump,17,20,0.95,1.0,0.9,0.95
mrs-nsga2-apportion|mrs-weighted,ctrl_x,minepump,16,20,0.9,0.85,0.95,0.8
mrs-nsga2-apportion|mrs-weighted,ctrl_y,minepump,16,20,1.0,0.75,1.0,0.8
mrs-nsga2-apportion|mrs-weighted,cross,minepump,18,20,0.7,0.7,0.65,0.95
mrs-nsga2-apportion|mrs-weighted,cross,minepump,19,20,0.7,0.85,0.65,0.65
mrs-nsga2-apportion|mrs-weighted,ctrl_x,minepump,18,20,0.9,0.95,0.9,0.95
mrs-nsga2-apportion|mrs-weighted,ctrl_y,minepump,18,20,0.85,0.25,0.85,0.6
mrs-nsga2-apportion|mrs-weighted,cross,minepump,20,20,0.75,0.85,0.5,0.45
mrs-nsga2-apportion|mrs-weighted,cross,minepump,21,20,0.85,0.9,0.45,0.65
mrs-nsga2-apportion|mrs-weighted,ctrl_x,minepump,20,20,0.65,0.9,0.65,0.65
mrs-nsga2-apportion|mrs-weighted,ctrl_y,minepump,20,20,1.0,0.6,0.75,0.85
mrs-nsga2-apportion|mrs-weighted,cross,minepump,22,20,0.8,0.8,0.65,0.75
mrs-nsga2-apportion|mrs-weighted,cross,minepump,23,20,0.7,0.75,0.65,0.75
mrs-nsga2-apportion|mrs-weighted,ctrl_x,minepump,22,20,0.7,0.85,0.35,0.6
mrs-nsga2-apportion|mrs-weighted,ctrl_y,minepump,22,20,0.85,0.85,0.95,0.65
mrs-nsga2-apportion|mrs-weighted,cross,minepump,24,20,0.6,0.7,0.45,1.0
mrs-nsga2-apportion|mrs-weighted,cross,minepump,25,20,0.8,0.95,0.9,0.9
mrs-nsga2-apportion|mrs-weighted,ctrl_x,minepump,24,20,0.75,0.9,0.75,0.95
mrs-nsga2-apportion|mrs-weighted,ctrl_y,minepump,24,20,0.65,0.8,0.95,1.0
mrs-nsga2-apportion|mrs-weighted,cross,minepump,26,20,0.9,0.65,0.25,0.75
mrs-nsga2-apportion|mrs-weighted,cross,minepump,27,20,0.75,0.9,0.75,0.4
mrs-nsga2-apportion|mrs-weighted,ctrl_x,minepump,26,20,0.7,0.8,0.85,1.0
mrs-nsga2-apportion|mrs-weighted,ctrl_y,minepump,26,20,0.7,0.75,0.6,1.0
mrs-nsga2-apportion|mrs-weighted,cross,minepump,28,20,0.8,0.8,0.8,0.5
mrs-nsga2-apportion|mrs-weighted,cross,minepump,29,20,0.65,0.9,0.6,0.95
mrs-nsga2-apportion|mrs-weighted,ctrl_x,minepump,28,20,0.9,0.95,1.0,0.9
mrs-nsga2-apportion|mrs-weighted,ctrl_y,minepump,28,20,0.75,0.8,0.95,0.95
aurus-nsga2-apportion|aurus,cross,minepump,0,20,1.0,0.75,1.0,0.45
aurus-nsga2-apportion|aurus,cross,minepump,1,20,0.55,0.95,0.7,0.8
aurus-nsga2-apportion|aurus,ctrl_x,minepump,0,20,0.9,0.5,0.8,0.6
aurus-nsga2-apportion|aurus,ctrl_y,minepump,0,20,0.95,0.65,1.0,0.85
aurus-nsga2-apportion|aurus,cross,minepump,4,20,0.95,0.85,0.85,0.45
aurus-nsga2-apportion|aurus,cross,minepump,5,20,0.95,0.75,0.9,0.6
aurus-nsga2-apportion|aurus,ctrl_x,minepump,4,20,0.85,0.85,1.0,0.7
aurus-nsga2-apportion|aurus,ctrl_y,minepump,4,20,0.95,0.8,0.85,1.0
aurus-nsga2-apportion|aurus,cross,minepump,12,20,0.7,0.85,0.55,0.75
aurus-nsga2-apportion|aurus,cross,minepump,13,20,1.0,0.8,1.0,0.85
aurus-nsga2-apportion|aurus,ctrl_x,minepump,12,20,0.85,0.95,0.7,0.85
aurus-nsga2-apportion|aurus,ctrl_y,minepump,12,20,0.85,1.0,0.75,0.95
aurus-nsga2-apportion|aurus,cross,minepump,14,20,0.9,0.6,1.0,0.55
aurus-nsga2-apportion|aurus,cross,minepump,15,20,0.9,0.6,0.6,0.6
aurus-nsga2-apportion|aurus,ctrl_x,minepump,14,20,0.8,0.95,0.8,0.75
aurus-nsga2-apportion|aurus,ctrl_y,minepump,14,20,0.9,0.8,0.65,0.95
aurus-nsga2-apportion|aurus,cross,minepump,16,20,0.9,0.9,0.55,0.7
aurus-nsga2-apportion|aurus,cross,minepump,17,20,0.55,0.9,0.75,0.65
aurus-nsga2-apportion|aurus,ctrl_x,minepump,16,20,0.8,0.9,0.95,1.0
aurus-nsga2-apportion|aurus,ctrl_y,minepump,16,20,0.85,0.9,0.9,1.0
aurus-nsga2-apportion|aurus,cross,minepump,20,20,0.75,0.9,0.85,0.8
aurus-nsga2-apportion|aurus,cross,minepump,21,20,0.95,0.7,0.8,0.5
aurus-nsga2-apportion|aurus,ctrl_x,minepump,20,20,0.7,0.9,0.8,1.0
aurus-nsga2-apportion|aurus,ctrl_y,minepump,20,20,0.9,1.0,0.85,0.75
aurus-nsga2-apportion|aurus,cross,minepump,26,20,1.0,0.75,0.7,0.5
aurus-nsga2-apportion|aurus,cross,minepump,27,20,0.7,0.45,0.8,0.5
aurus-nsga2-apportion|aurus,ctrl_x,minepump,26,20,0.8,0.75,0.95,0.95
aurus-nsga2-apportion|aurus,ctrl_y,minepump,26,20,0.95,0.9,0.95,0.85
mrs-nsga2-apportion|mrs-weighted,cross,pcar-v2-888,2,20,0.65,0.95,0.4,0.45
mrs-nsga2-apportion|mrs-weighted,cross,pcar-v2-888,3,20,0.85,0.75,0.3,0.2
mrs-nsga2-apportion|mrs-weighted,ctrl_x,pcar-v2-888,2,20,0.9,0.9,0.35,0.35
mrs-nsga2-apportion|mrs-weighted,ctrl_y,pcar-v2-888,2,20,0.5,0.75,0.1,0.4
mrs-nsga2-apportion|mrs-weighted,cross,pcar-v2-888,6,20,0.85,0.95,0.1,0.15
mrs-nsga2-apportion|mrs-weighted,cross,pcar-v2-888,7,20,0.9,0.85,0.35,0.45
mrs-nsga2-apportion|mrs-weighted,ctrl_x,pcar-v2-888,6,20,0.5,0.75,0.25,0.2
mrs-nsga2-apportion|mrs-weighted,ctrl_y,pcar-v2-888,6,20,0.95,0.9,0.3,0.2
mrs-nsga2-apportion|mrs-weighted,cross,pcar-v2-888,8,20,0.95,0.95,0.5,0.4
mrs-nsga2-apportion|mrs-weighted,cross,pcar-v2-888,9,20,0.35,0.85,0.25,0.4
mrs-nsga2-apportion|mrs-weighted,ctrl_x,pcar-v2-888,8,20,0.9,0.8,0.3,0.2
mrs-nsga2-apportion|mrs-weighted,ctrl_y,pcar-v2-888,8,20,0.95,0.25,0.35,0.3
mrs-nsga2-apportion|mrs-weighted,cross,pcar-v2-888,10,20,0.55,0.95,0.15,0.35
mrs-nsga2-apportion|mrs-weighted,cross,pcar-v2-888,11,20,0.4,0.75,0.45,0.4
mrs-nsga2-apportion|mrs-weighted,ctrl_x,pcar-v2-888,10,20,0.75,0.9,0.5,0.3
mrs-nsga2-apportion|mrs-weighted,ctrl_y,pcar-v2-888,10,20,1.0,0.85,0.5,0.65
mrs-nsga2-apportion|mrs-weighted,cross,pcar-v2-888,12,20,0.25,0.85,0.3,0.25
mrs-nsga2-apportion|mrs-weighted,cross,pcar-v2-888,13,20,0.7,0.15,0.2,0.1
mrs-nsga2-apportion|mrs-weighted,ctrl_x,pcar-v2-888,12,20,0.4,0.85,0.55,0.4
mrs-nsga2-apportion|mrs-weighted,ctrl_y,pcar-v2-888,12,20,0.35,0.7,0.35,0.4
mrs-nsga2-apportion|mrs-weighted,cross,pcar-v2-888,16,20,0.05,0.85,0.05,0.45
mrs-nsga2-apportion|mrs-weighted,cross,pcar-v2-888,17,20,0.75,0.95,0.3,0.3
mrs-nsga2-apportion|mrs-weighted,ctrl_x,pcar-v2-888,16,20,0.1,0.85,0.1,0.4
mrs-nsga2-apportion|mrs-weighted,ctrl_y,pcar-v2-888,16,20,0.9,0.85,0.4,0.6
mrs-nsga2-apportion|mrs-weighted,cross,pcar-v2-888,18,20,0.85,0.95,0.75,0.7
mrs-nsga2-apportion|mrs-weighted,cross,pcar-v2-888,19,20,0.65,0.95,0.3,0.5
mrs-nsga2-apportion|mrs-weighted,ctrl_x,pcar-v2-888,18,20,0.65,0.65,0.45,0.35
mrs-nsga2-apportion|mrs-weighted,ctrl_y,pcar-v2-888,18,20,0.7,0.95,0.55,0.3
mrs-nsga2-apportion|mrs-weighted,cross,pcar-v2-888,22,20,0.15,0.85,0.15,0.1
mrs-nsga2-apportion|mrs-weighted,cross,pcar-v2-888,23,20,0.85,1.0,0.4,0.3
mrs-nsga2-apportion|mrs-weighted,ctrl_x,pcar-v2-888,22,20,0.55,0.95,0.45,0.25
mrs-nsga2-apportion|mrs-weighted,ctrl_y,pcar-v2-888,22,20,0.8,0.1,0.2,0.15
mrs-nsga2-apportion|mrs-weighted,cross,pcar-v2-888,26,20,0.55,0.55,0.4,0.85
mrs-nsga2-apportion|mrs-weighted,cross,pcar-v2-888,27,20,0.5,0.55,0.4,0.45
mrs-nsga2-apportion|mrs-weighted,ctrl_x,pcar-v2-888,26,20,0.4,0.3,0.25,0.2
mrs-nsga2-apportion|mrs-weighted,ctrl_y,pcar-v2-888,26,20,0.85,0.7,0.9,0.5
mrs-nsga2-apportion|aurus,cross,rg1,0,20,1.0,0.4,0.45,0.2
mrs-nsga2-apportion|aurus,cross,rg1,1,20,0.8,0.5,0.6,0.6
mrs-nsga2-apportion|aurus,ctrl_x,rg1,0,20,0.9,0.95,0.55,0.7
mrs-nsga2-apportion|aurus,ctrl_y,rg1,0,20,0.65,0.9,0.55,0.75
mrs-nsga2-apportion|aurus,cross,rg1,2,20,0.85,0.95,0.5,0.25
mrs-nsga2-apportion|aurus,cross,rg1,3,20,1.0,0.95,0.75,0.5
mrs-nsga2-apportion|aurus,ctrl_x,rg1,2,20,0.65,0.9,0.6,0.85
mrs-nsga2-apportion|aurus,ctrl_y,rg1,2,20,0.85,0.95,0.55,0.7
mrs-nsga2-apportion|aurus,cross,rg1,4,20,0.95,0.8,0.35,0.45
mrs-nsga2-apportion|aurus,cross,rg1,5,20,0.9,1.0,0.55,0.45
mrs-nsga2-apportion|aurus,ctrl_x,rg1,4,20,0.95,0.85,1.0,1.0
mrs-nsga2-apportion|aurus,ctrl_y,rg1,4,20,0.7,0.85,0.75,1.0
mrs-nsga2-apportion|aurus,cross,rg1,8,20,0.9,0.9,0.55,0.45
mrs-nsga2-apportion|aurus,cross,rg1,9,20,0.9,0.65,0.85,0.5
mrs-nsga2-apportion|aurus,ctrl_x,rg1,8,20,0.95,0.9,0.95,0.65
mrs-nsga2-apportion|aurus,ctrl_y,rg1,8,20,0.9,0.85,0.9,0.3
mrs-nsga2-apportion|aurus,cross,rg1,10,20,0.9,0.85,0.75,0.65
mrs-nsga2-apportion|aurus,cross,rg1,11,20,0.65,0.85,0.85,0.7
mrs-nsga2-apportion|aurus,ctrl_x,rg1,10,20,0.9,0.85,0.9,0.95
mrs-nsga2-apportion|aurus,ctrl_y,rg1,10,20,0.9,0.7,0.9,0.5
mrs-nsga2-apportion|aurus,cross,rg1,14,20,0.4,0.85,0.45,0.5
mrs-nsga2-apportion|aurus,cross,rg1,15,20,0.8,0.85,0.9,0.55
mrs-nsga2-apportion|aurus,ctrl_x,rg1,14,20,0.85,0.95,0.8,1.0
mrs-nsga2-apportion|aurus,ctrl_y,rg1,14,20,0.7,0.9,0.9,0.7
mrs-nsga2-apportion|aurus,cross,rg1,18,20,0.7,0.9,0.1,0.25
mrs-nsga2-apportion|aurus,cross,rg1,19,20,0.65,0.95,0.55,0.7
mrs-nsga2-apportion|aurus,ctrl_x,rg1,18,20,0.75,0.95,0.65,0.85
mrs-nsga2-apportion|aurus,ctrl_y,rg1,18,20,1.0,0.65,0.85,0.55
mrs-nsga2-apportion|aurus,cross,rg1,20,20,0.9,0.6,0.55,0.35
mrs-nsga2-apportion|aurus,cross,rg1,21,20,0.9,0.7,0.45,0.35
mrs-nsga2-apportion|aurus,ctrl_x,rg1,20,20,0.8,0.8,0.85,0.9
mrs-nsga2-apportion|aurus,ctrl_y,rg1,20,20,1.0,0.6,0.8,0.65
mrs-nsga2-apportion|aurus,cross,rg1,22,20,1.0,0.8,0.2,0.3
mrs-nsga2-apportion|aurus,cross,rg1,23,20,0.6,0.9,0.3,0.65
mrs-nsga2-apportion|aurus,ctrl_x,rg1,22,20,0.95,0.9,0.9,0.8
mrs-nsga2-apportion|aurus,ctrl_y,rg1,22,20,0.7,0.95,0.75,0.9
mrs-nsga2-apportion|aurus,cross,rg1,24,20,0.95,0.85,0.4,0.25
mrs-nsga2-apportion|aurus,cross,rg1,25,20,0.65,0.8,0.1,0.25
mrs-nsga2-apportion|aurus,ctrl_x,rg1,24,20,0.7,0.85,0.85,0.7
mrs-nsga2-apportion|aurus,ctrl_y,rg1,24,20,0.95,0.75,0.95,0.6
mrs-nsga2-apportion|aurus,cross,rg1,26,20,0.9,1.0,0.75,0.65
mrs-nsga2-apportion|aurus,cross,rg1,27,20,0.25,0.9,0.1,0.25
mrs-nsga2-apportion|aurus,ctrl_x,rg1,26,20,0.85,0.8,0.8,0.65
mrs-nsga2-apportion|aurus,ctrl_y,rg1,26,20,0.6,0.85,0.45,0.9
mrs-nsga2-apportion|aurus,cross,rg1,28,20,0.9,0.9,0.7,0.55
mrs-nsga2-apportion|aurus,cross,rg1,29,20,0.7,0.9,0.7,0.95
mrs-nsga2-apportion|aurus,ctrl_x,rg1,28,20,1.0,0.85,0.85,0.95
mrs-nsga2-apportion|aurus,ctrl_y,rg1,28,20,0.95,0.85,1.0,1.0
mrs-nsga2-apportion|mrs-weighted,cross,rg1,0,20,0.8,0.9,0.65,0.95
mrs-nsga2-apportion|mrs-weighted,cross,rg1,1,20,0.65,0.6,0.7,0.6
mrs-nsga2-apportion|mrs-weighted,ctrl_x,rg1,0,20,0.9,0.95,0.55,0.7
mrs-nsga2-apportion|mrs-weighted,ctrl_y,rg1,0,20,0.85,0.85,0.75,0.9
mrs-nsga2-apportion|mrs-weighted,cross,rg1,2,20,0.4,0.9,0.6,0.75
mrs-nsga2-apportion|mrs-weighted,cross,rg1,3,20,0.8,0.8,0.7,0.9
mrs-nsga2-apportion|mrs-weighted,ctrl_x,rg1,2,20,0.65,0.9,0.6,0.85
mrs-nsga2-apportion|mrs-weighted,ctrl_y,rg1,2,20,0.7,1.0,0.75,0.65
mrs-nsga2-apportion|mrs-weighted,cross,rg1,4,20,0.7,0.95,0.55,0.85
mrs-nsga2-apportion|mrs-weighted,cross,rg1,5,20,0.35,0.9,0.35,0.55
mrs-nsga2-apportion|mrs-weighted,ctrl_x,rg1,4,20,0.95,0.85,1.0,1.0
mrs-nsga2-apportion|mrs-weighted,ctrl_y,rg1,4,20,0.35,0.7,0.7,0.6
mrs-nsga2-apportion|mrs-weighted,cross,rg1,8,20,0.75,1.0,0.55,0.9
mrs-nsga2-apportion|mrs-weighted,cross,rg1,9,20,0.85,0.95,0.65,0.5
mrs-nsga2-apportion|mrs-weighted,ctrl_x,rg1,8,20,0.95,0.9,0.95,0.65
mrs-nsga2-apportion|mrs-weighted,ctrl_y,rg1,8,20,0.75,0.9,0.55,0.8
mrs-nsga2-apportion|mrs-weighted,cross,rg1,10,20,0.9,0.95,0.55,0.7
mrs-nsga2-apportion|mrs-weighted,cross,rg1,11,20,0.6,0.9,0.65,0.6
mrs-nsga2-apportion|mrs-weighted,ctrl_x,rg1,10,20,0.9,0.85,0.9,0.95
mrs-nsga2-apportion|mrs-weighted,ctrl_y,rg1,10,20,0.6,0.9,0.4,0.75
mrs-nsga2-apportion|mrs-weighted,cross,rg1,14,20,0.3,0.95,0.7,0.65
mrs-nsga2-apportion|mrs-weighted,cross,rg1,15,20,0.9,0.7,0.75,0.8
mrs-nsga2-apportion|mrs-weighted,ctrl_x,rg1,14,20,0.85,0.95,0.8,1.0
mrs-nsga2-apportion|mrs-weighted,ctrl_y,rg1,14,20,0.55,0.9,0.85,0.9
mrs-nsga2-apportion|mrs-weighted,cross,rg1,18,20,0.8,0.9,0.35,0.3
mrs-nsga2-apportion|mrs-weighted,cross,rg1,19,20,0.95,0.9,0.55,0.65
mrs-nsga2-apportion|mrs-weighted,ctrl_x,rg1,18,20,0.75,0.95,0.65,0.85
mrs-nsga2-apportion|mrs-weighted,ctrl_y,rg1,18,20,0.9,1.0,0.4,0.6
mrs-nsga2-apportion|mrs-weighted,cross,rg1,20,20,0.7,0.9,0.45,0.85
mrs-nsga2-apportion|mrs-weighted,cross,rg1,21,20,0.8,0.95,1.0,0.9
mrs-nsga2-apportion|mrs-weighted,ctrl_x,rg1,20,20,0.8,0.8,0.85,0.9
mrs-nsga2-apportion|mrs-weighted,ctrl_y,rg1,20,20,0.9,0.9,0.95,0.65
mrs-nsga2-apportion|mrs-weighted,cross,rg1,22,20,0.85,0.9,0.65,0.5
mrs-nsga2-apportion|mrs-weighted,cross,rg1,23,20,0.5,0.9,0.4,0.75
mrs-nsga2-apportion|mrs-weighted,ctrl_x,rg1,22,20,0.95,0.9,0.9,0.8
mrs-nsga2-apportion|mrs-weighted,ctrl_y,rg1,22,20,0.85,0.85,0.4,0.65
mrs-nsga2-apportion|mrs-weighted,cross,rg1,24,20,0.6,0.95,0.75,0.85
mrs-nsga2-apportion|mrs-weighted,cross,rg1,25,20,0.95,0.85,0.65,0.35
mrs-nsga2-apportion|mrs-weighted,ctrl_x,rg1,24,20,0.7,0.85,0.85,0.7
mrs-nsga2-apportion|mrs-weighted,ctrl_y,rg1,24,20,0.95,0.9,0.4,0.55
mrs-nsga2-apportion|mrs-weighted,cross,rg1,26,20,0.8,0.9,0.6,0.35
mrs-nsga2-apportion|mrs-weighted,cross,rg1,27,20,0.5,0.85,0.1,0.15
mrs-nsga2-apportion|mrs-weighted,ctrl_x,rg1,26,20,0.85,0.8,0.8,0.65
mrs-nsga2-apportion|mrs-weighted,ctrl_y,rg1,26,20,0.8,0.35,0.2,0.3
mrs-nsga2-apportion|mrs-weighted,cross,rg1,28,20,0.75,0.95,0.15,0.35
mrs-nsga2-apportion|mrs-weighted,cross,rg1,29,20,0.3,1.0,0.6,0.5
mrs-nsga2-apportion|mrs-weighted,ctrl_x,rg1,28,20,1.0,0.85,0.85,0.95
mrs-nsga2-apportion|mrs-weighted,ctrl_y,rg1,28,20,0.4,0.85,0.45,0.4
mrs-nsga2-apportion|aurus,cross,rg2,20,20,0.85,1.0,0.85,0.5
mrs-nsga2-apportion|aurus,cross,rg2,21,20,0.95,0.95,0.5,0.8
mrs-nsga2-apportion|aurus,ctrl_x,rg2,20,20,0.95,0.95,1.0,0.95
mrs-nsga2-apportion|aurus,ctrl_y,rg2,20,20,1.0,0.95,1.0,0.95
mrs-nsga2-apportion|aurus-nsga2-apportion,cross,rg2,6,20,0.95,0.9,0.65,0.6
mrs-nsga2-apportion|aurus-nsga2-apportion,cross,rg2,7,20,1.0,0.9,0.6,0.75
mrs-nsga2-apportion|aurus-nsga2-apportion,ctrl_x,rg2,6,20,0.9,1.0,0.95,0.7
mrs-nsga2-apportion|aurus-nsga2-apportion,ctrl_y,rg2,6,20,0.9,0.95,0.5,0.55
mrs-nsga2-apportion|aurus-nsga2-apportion,cross,rg2,22,20,1.0,0.9,0.95,0.85
mrs-nsga2-apportion|aurus-nsga2-apportion,cross,rg2,23,20,0.9,0.85,0.75,0.8
mrs-nsga2-apportion|aurus-nsga2-apportion,ctrl_x,rg2,22,20,1.0,0.8,0.95,0.7
mrs-nsga2-apportion|aurus-nsga2-apportion,ctrl_y,rg2,22,20,0.75,0.9,0.8,0.95
mrs-nsga2-apportion|aurus-nsga2-apportion,cross,rg2,26,20,0.9,0.85,1.0,0.9
mrs-nsga2-apportion|aurus-nsga2-apportion,cross,rg2,27,20,1.0,0.95,0.8,1.0
mrs-nsga2-apportion|aurus-nsga2-apportion,ctrl_x,rg2,26,20,0.85,0.95,0.95,0.95
mrs-nsga2-apportion|aurus-nsga2-apportion,ctrl_y,rg2,26,20,0.85,0.95,0.65,0.9
mrs-nsga2-apportion|mrs-weighted,cross,rg2,6,20,0.8,1.0,0.75,0.8
mrs-nsga2-apportion|mrs-weighted,cross,rg2,7,20,0.9,1.0,0.45,0.95
mrs-nsga2-apportion|mrs-weighted,ctrl_x,rg2,6,20,0.9,1.0,0.95,0.7
mrs-nsga2-apportion|mrs-weighted,ctrl_y,rg2,6,20,0.9,1.0,0.85,0.75
mrs-nsga2-apportion|mrs-weighted,cross,rg2,12,20,0.85,0.95,0.8,0.9
mrs-nsga2-apportion|mrs-weighted,cross,rg2,13,20,0.95,0.8,0.95,0.9
mrs-nsga2-apportion|mrs-weighted,ctrl_x,rg2,12,20,0.9,0.95,1.0,0.95
mrs-nsga2-apportion|mrs-weighted,ctrl_y,rg2,12,20,0.95,0.95,0.95,0.95
mrs-nsga2-apportion|mrs-weighted,cross,rg2,20,20,0.85,0.95,0.75,0.65
mrs-nsga2-apportion|mrs-weighted,cross,rg2,21,20,1.0,1.0,0.9,0.95
mrs-nsga2-apportion|mrs-weighted,ctrl_x,rg2,20,20,0.95,0.95,1.0,0.95
mrs-nsga2-apportion|mrs-weighted,ctrl_y,rg2,20,20,0.95,1.0,0.85,0.7
mrs-nsga2-apportion|mrs-weighted,cross,rg2,22,20,1.0,0.65,0.75,0.45
mrs-nsga2-apportion|mrs-weighted,cross,rg2,23,20,0.8,0.85,0.5,0.5
mrs-nsga2-apportion|mrs-weighted,ctrl_x,rg2,22,20,1.0,0.8,0.95,0.7
mrs-nsga2-apportion|mrs-weighted,ctrl_y,rg2,22,20,0.75,0.75,0.7,0.4
mrs-nsga2-apportion|mrs-weighted,cross,rg2,26,20,0.9,0.75,0.9,0.75
mrs-nsga2-apportion|mrs-weighted,cross,rg2,27,20,0.85,0.95,1.0,1.0
mrs-nsga2-apportion|mrs-weighted,ctrl_x,rg2,26,20,0.85,0.95,0.95,0.95
mrs-nsga2-apportion|mrs-weighted,ctrl_y,rg2,26,20,0.9,0.85,1.0,0.75
aurus-nsga2-apportion|aurus,cross,rg2,8,20,1.0,0.95,0.55,0.6
aurus-nsga2-apportion|aurus,cross,rg2,9,20,0.95,0.75,0.9,0.75
aurus-nsga2-apportion|aurus,ctrl_x,rg2,8,20,1.0,0.8,0.85,1.0
aurus-nsga2-apportion|aurus,ctrl_y,rg2,8,20,0.9,1.0,0.9,1.0
aurus-nsga2-apportion|aurus,cross,rg2,10,20,0.7,0.85,0.85,0.75
aurus-nsga2-apportion|aurus,cross,rg2,11,20,0.9,0.8,0.7,0.6
aurus-nsga2-apportion|aurus,ctrl_x,rg2,10,20,0.7,0.9,0.9,1.0
aurus-nsga2-apportion|aurus,ctrl_y,rg2,10,20,0.75,1.0,0.9,0.9
mrs-nsga2-apportion|aurus,cross,round-robin-arbiter-aurus,0,20,0.45,0.85,0.55,0.9
mrs-nsga2-apportion|aurus,cross,round-robin-arbiter-aurus,1,20,0.3,0.8,0.25,0.8
mrs-nsga2-apportion|aurus,ctrl_x,round-robin-arbiter-aurus,0,20,0.85,0.85,0.8,0.9
mrs-nsga2-apportion|aurus,ctrl_y,round-robin-arbiter-aurus,0,20,0.8,0.9,0.9,0.8
mrs-nsga2-apportion|aurus,cross,round-robin-arbiter-aurus,2,20,0.4,1.0,0.35,0.75
mrs-nsga2-apportion|aurus,cross,round-robin-arbiter-aurus,3,20,0.45,0.7,0.6,0.75
mrs-nsga2-apportion|aurus,ctrl_x,round-robin-arbiter-aurus,2,20,0.75,0.9,0.85,0.95
mrs-nsga2-apportion|aurus,ctrl_y,round-robin-arbiter-aurus,2,20,1.0,0.6,1.0,0.6
mrs-nsga2-apportion|aurus,cross,round-robin-arbiter-aurus,4,20,0.4,0.85,0.4,0.95
mrs-nsga2-apportion|aurus,cross,round-robin-arbiter-aurus,5,20,0.25,0.85,0.3,0.95
mrs-nsga2-apportion|aurus,ctrl_x,round-robin-arbiter-aurus,4,20,0.75,0.75,0.8,0.6
mrs-nsga2-apportion|aurus,ctrl_y,round-robin-arbiter-aurus,4,20,0.55,0.95,0.85,0.85
mrs-nsga2-apportion|aurus,cross,round-robin-arbiter-aurus,6,20,0.45,0.95,0.45,0.75
mrs-nsga2-apportion|aurus,cross,round-robin-arbiter-aurus,7,20,0.45,0.5,0.55,0.85
mrs-nsga2-apportion|aurus,ctrl_x,round-robin-arbiter-aurus,6,20,0.5,0.8,0.8,0.9
mrs-nsga2-apportion|aurus,ctrl_y,round-robin-arbiter-aurus,6,20,0.9,0.7,1.0,0.85
mrs-nsga2-apportion|aurus,cross,round-robin-arbiter-aurus,8,20,0.9,0.55,0.7,0.85
mrs-nsga2-apportion|aurus,cross,round-robin-arbiter-aurus,9,20,0.35,0.8,0.4,1.0
mrs-nsga2-apportion|aurus,ctrl_x,round-robin-arbiter-aurus,8,20,0.95,0.65,0.95,0.75
mrs-nsga2-apportion|aurus,ctrl_y,round-robin-arbiter-aurus,8,20,0.8,0.8,0.7,0.9
mrs-nsga2-apportion|aurus,cross,round-robin-arbiter-aurus,10,20,0.65,0.8,0.7,0.75
mrs-nsga2-apportion|aurus,cross,round-robin-arbiter-aurus,11,20,0.75,0.45,0.5,0.45
mrs-nsga2-apportion|aurus,ctrl_x,round-robin-arbiter-aurus,10,20,0.55,0.9,1.0,1.0
mrs-nsga2-apportion|aurus,ctrl_y,round-robin-arbiter-aurus,10,20,0.5,0.85,0.6,0.9
mrs-nsga2-apportion|aurus,cross,round-robin-arbiter-aurus,12,20,0.45,0.65,0.3,0.75
mrs-nsga2-apportion|aurus,cross,round-robin-arbiter-aurus,13,20,0.65,0.95,0.5,0.9
mrs-nsga2-apportion|aurus,ctrl_x,round-robin-arbiter-aurus,12,20,0.9,0.7,0.9,0.55
mrs-nsga2-apportion|aurus,ctrl_y,round-robin-arbiter-aurus,12,20,0.8,0.75,0.85,1.0
mrs-nsga2-apportion|aurus,cross,round-robin-arbiter-aurus,14,20,0.45,0.9,0.8,0.95
mrs-nsga2-apportion|aurus,cross,round-robin-arbiter-aurus,15,20,0.75,0.85,0.4,0.85
mrs-nsga2-apportion|aurus,ctrl_x,round-robin-arbiter-aurus,14,20,0.95,0.45,0.7,0.35
mrs-nsga2-apportion|aurus,ctrl_y,round-robin-arbiter-aurus,14,20,0.8,0.9,1.0,0.85
mrs-nsga2-apportion|aurus,cross,round-robin-arbiter-aurus,16,20,0.7,0.85,0.4,0.65
mrs-nsga2-apportion|aurus,cross,round-robin-arbiter-aurus,17,20,0.25,0.95,0.35,0.8
mrs-nsga2-apportion|aurus,ctrl_x,round-robin-arbiter-aurus,16,20,0.75,0.7,0.9,0.9
mrs-nsga2-apportion|aurus,ctrl_y,round-robin-arbiter-aurus,16,20,0.8,0.35,0.75,0.85
mrs-nsga2-apportion|aurus,cross,round-robin-arbiter-aurus,18,20,0.4,0.85,0.4,0.7
mrs-nsga2-apportion|aurus,cross,round-robin-arbiter-aurus,19,20,0.95,0.7,0.5,0.45
mrs-nsga2-apportion|aurus,ctrl_x,round-robin-arbiter-aurus,18,20,0.75,0.75,0.6,0.95
mrs-nsga2-apportion|aurus,ctrl_y,round-robin-arbiter-aurus,18,20,0.9,0.55,1.0,0.9
mrs-nsga2-apportion|aurus,cross,round-robin-arbiter-aurus,20,20,0.45,0.85,0.5,0.8
mrs-nsga2-apportion|aurus,cross,round-robin-arbiter-aurus,21,20,0.7,0.85,0.4,0.8
mrs-nsga2-apportion|aurus,ctrl_x,round-robin-arbiter-aurus,20,20,0.9,0.55,0.95,0.55
mrs-nsga2-apportion|aurus,ctrl_y,round-robin-arbiter-aurus,20,20,0.35,0.75,0.3,0.8
mrs-nsga2-apportion|aurus,cross,round-robin-arbiter-aurus,22,20,0.65,0.85,0.5,0.9
mrs-nsga2-apportion|aurus,cross,round-robin-arbiter-aurus,23,20,0.65,0.95,0.45,0.65
mrs-nsga2-apportion|aurus,ctrl_x,round-robin-arbiter-aurus,22,20,0.8,0.75,1.0,1.0
mrs-nsga2-apportion|aurus,ctrl_y,round-robin-arbiter-aurus,22,20,0.95,0.7,0.7,0.9
mrs-nsga2-apportion|aurus,cross,round-robin-arbiter-aurus,24,20,0.3,1.0,0.35,0.9
mrs-nsga2-apportion|aurus,cross,round-robin-arbiter-aurus,25,20,0.85,0.65,0.55,0.75
mrs-nsga2-apportion|aurus,ctrl_x,round-robin-arbiter-aurus,24,20,0.85,1.0,0.75,0.9
mrs-nsga2-apportion|aurus,ctrl_y,round-robin-arbiter-aurus,24,20,0.7,0.9,0.55,0.85
mrs-nsga2-apportion|aurus,cross,round-robin-arbiter-aurus,26,20,0.65,0.9,0.3,0.85
mrs-nsga2-apportion|aurus,cross,round-robin-arbiter-aurus,27,20,0.55,0.75,0.45,0.45
mrs-nsga2-apportion|aurus,ctrl_x,round-robin-arbiter-aurus,26,20,0.95,0.45,1.0,0.65
mrs-nsga2-apportion|aurus,ctrl_y,round-robin-arbiter-aurus,26,20,0.9,0.95,0.8,0.8
mrs-nsga2-apportion|aurus,cross,round-robin-arbiter-aurus,28,20,0.75,0.8,0.65,0.95
mrs-nsga2-apportion|aurus,cross,round-robin-arbiter-aurus,29,20,0.45,0.65,0.55,0.7
mrs-nsga2-apportion|aurus,ctrl_x,round-robin-arbiter-aurus,28,20,0.7,0.7,0.7,0.8
mrs-nsga2-apportion|aurus,ctrl_y,round-robin-arbiter-aurus,28,20,0.65,0.75,0.65,0.7
mrs-nsga2-apportion|aurus-nsga2-apportion,cross,round-robin-arbiter-aurus,0,20,0.9,0.75,0.8,0.65
mrs-nsga2-apportion|aurus-nsga2-apportion,cross,round-robin-arbiter-aurus,1,20,0.8,0.95,0.95,0.85
mrs-nsga2-apportion|aurus-nsga2-apportion,ctrl_x,round-robin-arbiter-aurus,0,20,0.85,0.85,0.8,0.9
mrs-nsga2-apportion|aurus-nsga2-apportion,ctrl_y,round-robin-arbiter-aurus,0,20,0.8,0.8,0.7,0.55
mrs-nsga2-apportion|aurus-nsga2-apportion,cross,round-robin-arbiter-aurus,2,20,0.5,1.0,0.95,0.8
mrs-nsga2-apportion|aurus-nsga2-apportion,cross,round-robin-arbiter-aurus,3,20,0.6,0.85,1.0,1.0
mrs-nsga2-apportion|aurus-nsga2-apportion,ctrl_x,round-robin-arbiter-aurus,2,20,0.75,0.9,0.85,0.95
mrs-nsga2-apportion|aurus-nsga2-apportion,ctrl_y,round-robin-arbiter-aurus,2,20,0.7,0.9,0.9,0.85
mrs-nsga2-apportion|aurus-nsga2-apportion,cross,round-robin-arbiter-aurus,4,20,0.8,0.85,1.0,0.95
mrs-nsga2-apportion|aurus-nsga2-apportion,cross,round-robin-arbiter-aurus,5,20,0.5,1.0,0.5,0.75
mrs-nsga2-apportion|aurus-nsga2-apportion,ctrl_x,round-robin-arbiter-aurus,4,20,0.75,0.75,0.8,0.6
mrs-nsga2-apportion|aurus-nsga2-apportion,ctrl_y,round-robin-arbiter-aurus,4,20,0.85,0.8,0.7,0.6
mrs-nsga2-apportion|aurus-nsga2-apportion,cross,round-robin-arbiter-aurus,6,20,0.75,0.85,0.85,0.9
mrs-nsga2-apportion|aurus-nsga2-apportion,cross,round-robin-arbiter-aurus,7,20,0.95,0.4,0.6,0.55
mrs-nsga2-apportion|aurus-nsga2-apportion,ctrl_x,round-robin-arbiter-aurus,6,20,0.5,0.8,0.8,0.9
mrs-nsga2-apportion|aurus-nsga2-apportion,ctrl_y,round-robin-arbiter-aurus,6,20,0.65,0.8,0.5,0.7
mrs-nsga2-apportion|aurus-nsga2-apportion,cross,round-robin-arbiter-aurus,8,20,1.0,0.5,0.95,0.85
mrs-nsga2-apportion|aurus-nsga2-apportion,cross,round-robin-arbiter-aurus,9,20,0.8,0.8,0.75,0.8
mrs-nsga2-apportion|aurus-nsga2-apportion,ctrl_x,round-robin-arbiter-aurus,8,20,0.95,0.65,0.95,0.75
mrs-nsga2-apportion|aurus-nsga2-apportion,ctrl_y,round-robin-arbiter-aurus,8,20,0.75,0.75,1.0,1.0
mrs-nsga2-apportion|aurus-nsga2-apportion,cross,round-robin-arbiter-aurus,10,20,0.9,0.7,0.95,0.85
mrs-nsga2-apportion|aurus-nsga2-apportion,cross,round-robin-arbiter-aurus,11,20,0.65,0.55,0.75,0.7
mrs-nsga2-apportion|aurus-nsga2-apportion,ctrl_x,round-robin-arbiter-aurus,10,20,0.55,0.9,1.0,1.0
mrs-nsga2-apportion|aurus-nsga2-apportion,ctrl_y,round-robin-arbiter-aurus,10,20,0.9,0.75,0.75,0.8
mrs-nsga2-apportion|aurus-nsga2-apportion,cross,round-robin-arbiter-aurus,12,20,0.95,0.85,0.9,0.85
mrs-nsga2-apportion|aurus-nsga2-apportion,cross,round-robin-arbiter-aurus,13,20,0.6,0.85,0.8,0.9
mrs-nsga2-apportion|aurus-nsga2-apportion,ctrl_x,round-robin-arbiter-aurus,12,20,0.9,0.7,0.9,0.55
mrs-nsga2-apportion|aurus-nsga2-apportion,ctrl_y,round-robin-arbiter-aurus,12,20,0.85,0.55,0.75,0.7
mrs-nsga2-apportion|aurus-nsga2-apportion,cross,round-robin-arbiter-aurus,16,20,0.8,0.9,1.0,0.8
mrs-nsga2-apportion|aurus-nsga2-apportion,cross,round-robin-arbiter-aurus,17,20,0.65,0.95,0.95,0.8
mrs-nsga2-apportion|aurus-nsga2-apportion,ctrl_x,round-robin-arbiter-aurus,16,20,0.75,0.7,0.9,0.9
mrs-nsga2-apportion|aurus-nsga2-apportion,ctrl_y,round-robin-arbiter-aurus,16,20,0.85,0.75,0.75,0.95
mrs-nsga2-apportion|aurus-nsga2-apportion,cross,round-robin-arbiter-aurus,18,20,0.45,0.8,0.35,0.7
mrs-nsga2-apportion|aurus-nsga2-apportion,cross,round-robin-arbiter-aurus,19,20,0.9,0.55,0.85,0.7
mrs-nsga2-apportion|aurus-nsga2-apportion,ctrl_x,round-robin-arbiter-aurus,18,20,0.75,0.75,0.6,0.95
mrs-nsga2-apportion|aurus-nsga2-apportion,ctrl_y,round-robin-arbiter-aurus,18,20,0.7,0.85,0.95,0.8
mrs-nsga2-apportion|aurus-nsga2-apportion,cross,round-robin-arbiter-aurus,20,20,0.7,0.8,1.0,0.75
mrs-nsga2-apportion|aurus-nsga2-apportion,cross,round-robin-arbiter-aurus,21,20,0.6,0.9,0.55,0.85
mrs-nsga2-apportion|aurus-nsga2-apportion,ctrl_x,round-robin-arbiter-aurus,20,20,0.9,0.55,0.95,0.55
mrs-nsga2-apportion|aurus-nsga2-apportion,ctrl_y,round-robin-arbiter-aurus,20,20,0.65,0.65,0.85,0.75
mrs-nsga2-apportion|aurus-nsga2-apportion,cross,round-robin-arbiter-aurus,22,20,0.85,0.85,0.75,0.7
mrs-nsga2-apportion|aurus-nsga2-apportion,cross,round-robin-arbiter-aurus,23,20,0.5,0.9,0.5,0.9
mrs-nsga2-apportion|aurus-nsga2-apportion,ctrl_x,round-robin-arbiter-aurus,22,20,0.8,0.75,1.0,1.0
mrs-nsga2-apportion|aurus-nsga2-apportion,ctrl_y,round-robin-arbiter-aurus,22,20,0.7,0.75,0.7,0.75
mrs-nsga2-apportion|aurus-nsga2-apportion,cross,round-robin-arbiter-aurus,24,20,0.45,1.0,0.85,0.75
mrs-nsga2-apportion|aurus-nsga2-apportion,cross,round-robin-arbiter-aurus,25,20,0.85,0.75,0.95,0.75
mrs-nsga2-apportion|aurus-nsga2-apportion,ctrl_x,round-robin-arbiter-aurus,24,20,0.85,1.0,0.75,0.9
mrs-nsga2-apportion|aurus-nsga2-apportion,ctrl_y,round-robin-arbiter-aurus,24,20,0.85,0.85,0.85,0.8
mrs-nsga2-apportion|aurus-nsga2-apportion,cross,round-robin-arbiter-aurus,26,20,1.0,0.75,0.9,0.7
mrs-nsga2-apportion|aurus-nsga2-apportion,cross,round-robin-arbiter-aurus,27,20,0.9,0.5,0.75,0.9
mrs-nsga2-apportion|aurus-nsga2-apportion,ctrl_x,round-robin-arbiter-aurus,26,20,0.95,0.45,1.0,0.65
mrs-nsga2-apportion|aurus-nsga2-apportion,ctrl_y,round-robin-arbiter-aurus,26,20,0.55,1.0,0.7,0.8
mrs-nsga2-apportion|aurus-nsga2-apportion,cross,round-robin-arbiter-aurus,28,20,0.8,0.7,0.9,0.95
mrs-nsga2-apportion|aurus-nsga2-apportion,cross,round-robin-arbiter-aurus,29,20,0.8,0.7,0.65,0.65
mrs-nsga2-apportion|aurus-nsga2-apportion,ctrl_x,round-robin-arbiter-aurus,28,20,0.7,0.7,0.7,0.8
mrs-nsga2-apportion|aurus-nsga2-apportion,ctrl_y,round-robin-arbiter-aurus,28,20,0.55,0.9,0.75,0.85
mrs-nsga2-apportion|mrs-weighted,cross,round-robin-arbiter-aurus,0,20,0.65,0.8,0.7,0.95
mrs-nsga2-apportion|mrs-weighted,cross,round-robin-arbiter-aurus,1,20,0.65,1.0,0.45,0.65
mrs-nsga2-apportion|mrs-weighted,ctrl_x,round-robin-arbiter-aurus,0,20,0.85,0.85,0.8,0.9
mrs-nsga2-apportion|mrs-weighted,ctrl_y,round-robin-arbiter-aurus,0,20,0.8,0.65,0.6,0.8
mrs-nsga2-apportion|mrs-weighted,cross,round-robin-arbiter-aurus,2,20,0.45,1.0,0.25,0.85
mrs-nsga2-apportion|mrs-weighted,cross,round-robin-arbiter-aurus,3,20,0.4,0.9,0.85,0.9
mrs-nsga2-apportion|mrs-weighted,ctrl_x,round-robin-arbiter-aurus,2,20,0.75,0.9,0.85,0.95
mrs-nsga2-apportion|mrs-weighted,ctrl_y,round-robin-arbiter-aurus,2,20,0.8,0.85,0.6,0.75
mrs-nsga2-apportion|mrs-weighted,cross,round-robin-arbiter-aurus,4,20,0.7,1.0,0.75,0.95
mrs-nsga2-apportion|mrs-weighted,cross,round-robin-arbiter-aurus,5,20,0.5,0.95,0.45,0.8
mrs-nsga2-apportion|mrs-weighted,ctrl_x,round-robin-arbiter-aurus,4,20,0.75,0.75,0.8,0.6
mrs-nsga2-apportion|mrs-weighted,ctrl_y,round-robin-arbiter-aurus,4,20,0.65,0.75,0.7,0.85
mrs-nsga2-apportion|mrs-weighted,cross,round-robin-arbiter-aurus,6,20,0.35,0.95,0.35,0.8
mrs-nsga2-apportion|mrs-weighted,cross,round-robin-arbiter-aurus,7,20,0.85,0.45,0.8,0.4
mrs-nsga2-apportion|mrs-weighted,ctrl_x,round-robin-arbiter-aurus,6,20,0.5,0.8,0.8,0.9
mrs-nsga2-apportion|mrs-weighted,ctrl_y,round-robin-arbiter-aurus,6,20,0.2,0.8,0.1,0.65
mrs-nsga2-apportion|mrs-weighted,cross,round-robin-arbiter-aurus,8,20,0.75,0.7,0.75,1.0
mrs-nsga2-apportion|mrs-weighted,cross,round-robin-arbiter-aurus,9,20,0.6,0.6,0.85,0.85
mrs-nsga2-apportion|mrs-weighted,ctrl_x,round-robin-arbiter-aurus,8,20,0.95,0.65,0.95,0.75
mrs-nsga2-apportion|mrs-weighted,ctrl_y,round-robin-arbiter-aurus,8,20,0.7,0.7,0.55,0.75
mrs-nsga2-apportion|mrs-weighted,cross,round-robin-arbiter-aurus,10,20,0.7,0.8,0.75,0.85
mrs-nsga2-apportion|mrs-weighted,cross,round-robin-arbiter-aurus,11,20,0.65,0.65,0.85,0.8
mrs-nsga2-apportion|mrs-weighted,ctrl_x,round-robin-arbiter-aurus,10,20,0.55,0.9,1.0,1.0
mrs-nsga2-apportion|mrs-weighted,ctrl_y,round-robin-arbiter-aurus,10,20,0.8,0.7,0.5,0.45
mrs-nsga2-apportion|mrs-weighted,cross,round-robin-arbiter-aurus,12,20,0.7,0.8,0.65,0.6
mrs-nsga2-apportion|mrs-weighted,cross,round-robin-arbiter-aurus,13,20,0.5,0.8,0.55,0.9
mrs-nsga2-apportion|mrs-weighted,ctrl_x,round-robin-arbiter-aurus,12,20,0.9,0.7,0.9,0.55
mrs-nsga2-apportion|mrs-weighted,ctrl_y,round-robin-arbiter-aurus,12,20,0.6,0.6,0.6,0.15
mrs-nsga2-apportion|mrs-weighted,cross,round-robin-arbiter-aurus,14,20,0.5,0.95,0.75,0.85
mrs-nsga2-apportion|mrs-weighted,cross,round-robin-arbiter-aurus,15,20,0.6,0.7,0.55,0.85
mrs-nsga2-apportion|mrs-weighted,ctrl_x,round-robin-arbiter-aurus,14,20,0.95,0.45,0.7,0.35
mrs-nsga2-apportion|mrs-weighted,ctrl_y,round-robin-arbiter-aurus,14,20,0.95,0.45,0.65,0.55
mrs-nsga2-apportion|mrs-weighted,cross,round-robin-arbiter-aurus,16,20,0.5,0.85,0.5,0.65
mrs-nsga2-apportion|mrs-weighted,cross,round-robin-arbiter-aurus,17,20,0.45,0.9,0.65,0.8
mrs-nsga2-apportion|mrs-weighted,ctrl_x,round-robin-arbiter-aurus,16,20,0.75,0.7,0.9,0.9
mrs-nsga2-apportion|mrs-weighted,ctrl_y,round-robin-arbiter-aurus,16,20,0.6,0.8,0.4,0.9
mrs-nsga2-apportion|mrs-weighted,cross,round-robin-arbiter-aurus,18,20,0.35,0.95,0.5,0.85
mrs-nsga2-apportion|mrs-weighted,cross,round-robin-arbiter-aurus,19,20,0.75,0.95,0.6,0.75
mrs-nsga2-apportion|mrs-weighted,ctrl_x,round-robin-arbiter-aurus,18,20,0.75,0.75,0.6,0.95
mrs-nsga2-apportion|mrs-weighted,ctrl_y,round-robin-arbiter-aurus,18,20,0.85,0.9,0.75,0.95
mrs-nsga2-apportion|mrs-weighted,cross,round-robin-arbiter-aurus,20,20,0.55,0.8,0.6,0.9
mrs-nsga2-apportion|mrs-weighted,cross,round-robin-arbiter-aurus,21,20,0.35,0.85,0.45,0.8
mrs-nsga2-apportion|mrs-weighted,ctrl_x,round-robin-arbiter-aurus,20,20,0.9,0.55,0.95,0.55
mrs-nsga2-apportion|mrs-weighted,ctrl_y,round-robin-arbiter-aurus,20,20,0.85,0.65,0.9,0.95
mrs-nsga2-apportion|mrs-weighted,cross,round-robin-arbiter-aurus,22,20,0.55,0.85,0.6,0.9
mrs-nsga2-apportion|mrs-weighted,cross,round-robin-arbiter-aurus,23,20,0.45,0.85,0.65,0.4
mrs-nsga2-apportion|mrs-weighted,ctrl_x,round-robin-arbiter-aurus,22,20,0.8,0.75,1.0,1.0
mrs-nsga2-apportion|mrs-weighted,ctrl_y,round-robin-arbiter-aurus,22,20,0.55,0.9,0.7,0.95
mrs-nsga2-apportion|mrs-weighted,cross,round-robin-arbiter-aurus,24,20,0.05,0.95,0.1,0.35
mrs-nsga2-apportion|mrs-weighted,cross,round-robin-arbiter-aurus,25,20,0.65,0.8,0.9,0.9
mrs-nsga2-apportion|mrs-weighted,ctrl_x,round-robin-arbiter-aurus,24,20,0.85,1.0,0.75,0.9
mrs-nsga2-apportion|mrs-weighted,ctrl_y,round-robin-arbiter-aurus,24,20,0.55,0.85,0.9,0.7
mrs-nsga2-apportion|mrs-weighted,cross,round-robin-arbiter-aurus,26,20,0.8,0.85,0.25,0.35
mrs-nsga2-apportion|mrs-weighted,cross,round-robin-arbiter-aurus,27,20,0.65,0.8,0.75,0.95
mrs-nsga2-apportion|mrs-weighted,ctrl_x,round-robin-arbiter-aurus,26,20,0.95,0.45,1.0,0.65
mrs-nsga2-apportion|mrs-weighted,ctrl_y,round-robin-arbiter-aurus,26,20,0.85,0.65,0.75,0.45
mrs-nsga2-apportion|mrs-weighted,cross,round-robin-arbiter-aurus,28,20,0.4,0.85,0.6,0.6
mrs-nsga2-apportion|mrs-weighted,cross,round-robin-arbiter-aurus,29,20,0.5,0.7,0.45,0.8
mrs-nsga2-apportion|mrs-weighted,ctrl_x,round-robin-arbiter-aurus,28,20,0.7,0.7,0.7,0.8
mrs-nsga2-apportion|mrs-weighted,ctrl_y,round-robin-arbiter-aurus,28,20,0.65,0.85,0.75,0.75
aurus-nsga2-apportion|aurus,cross,round-robin-arbiter-aurus,0,20,0.45,0.95,0.5,0.9
aurus-nsga2-apportion|aurus,cross,round-robin-arbiter-aurus,1,20,0.25,0.75,0.2,0.85
aurus-nsga2-apportion|aurus,ctrl_x,round-robin-arbiter-aurus,0,20,0.85,0.7,0.7,0.65
aurus-nsga2-apportion|aurus,ctrl_y,round-robin-arbiter-aurus,0,20,0.8,0.9,0.9,0.8
aurus-nsga2-apportion|aurus,cross,round-robin-arbiter-aurus,2,20,0.5,0.8,0.5,0.8
aurus-nsga2-apportion|aurus,cross,round-robin-arbiter-aurus,3,20,0.3,0.85,0.35,0.9
aurus-nsga2-apportion|aurus,ctrl_x,round-robin-arbiter-aurus,2,20,0.8,0.85,0.85,0.9
aurus-nsga2-apportion|aurus,ctrl_y,round-robin-arbiter-aurus,2,20,1.0,0.6,1.0,0.6
aurus-nsga2-apportion|aurus,cross,round-robin-arbiter-aurus,4,20,0.35,0.9,0.4,0.95
aurus-nsga2-apportion|aurus,cross,round-robin-arbiter-aurus,5,20,0.75,0.75,0.35,0.75
aurus-nsga2-apportion|aurus,ctrl_x,round-robin-arbiter-aurus,4,20,0.9,0.8,0.9,0.95
aurus-nsga2-apportion|aurus,ctrl_y,round-robin-arbiter-aurus,4,20,0.55,0.95,0.85,0.85
aurus-nsga2-apportion|aurus,cross,round-robin-arbiter-aurus,6,20,0.45,1.0,0.35,1.0
aurus-nsga2-apportion|aurus,cross,round-robin-arbiter-aurus,7,20,0.4,0.65,0.45,0.85
aurus-nsga2-apportion|aurus,ctrl_x,round-robin-arbiter-aurus,6,20,0.7,0.85,0.7,0.6
aurus-nsga2-apportion|aurus,ctrl_y,round-robin-arbiter-aurus,6,20,0.9,0.7,1.0,0.85
aurus-nsga2-apportion|aurus,cross,round-robin-arbiter-aurus,8,20,0.75,0.85,0.75,0.85
aurus-nsga2-apportion|aurus,cross,round-robin-arbiter-aurus,9,20,0.2,0.85,0.05,0.85
aurus-nsga2-apportion|aurus,ctrl_x,round-robin-arbiter-aurus,8,20,0.75,0.75,0.8,1.0
aurus-nsga2-apportion|aurus,ctrl_y,round-robin-arbiter-aurus,8,20,0.8,0.8,0.7,0.9
aurus-nsga2-apportion|aurus,cross,round-robin-arbiter-aurus,10,20,0.85,0.85,0.7,0.8
aurus-nsga2-apportion|aurus,cross,round-robin-arbiter-aurus,11,20,0.65,0.7,0.25,0.35
aurus-nsga2-apportion|aurus,ctrl_x,round-robin-arbiter-aurus,10,20,0.7,0.8,0.7,0.95
aurus-nsga2-apportion|aurus,ctrl_y,round-robin-arbiter-aurus,10,20,0.5,0.85,0.6,0.9
aurus-nsga2-apportion|aurus,cross,round-robin-arbiter-aurus,12,20,0.65,0.65,0.4,0.8
aurus-nsga2-apportion|aurus,cross,round-robin-arbiter-aurus,13,20,0.4,0.9,0.4,0.9
aurus-nsga2-apportion|aurus,ctrl_x,round-robin-arbiter-aurus,12,20,0.8,0.65,0.9,0.8
aurus-nsga2-apportion|aurus,ctrl_y,round-robin-arbiter-aurus,12,20,0.8,0.75,0.85,1.0
aurus-nsga2-apportion|aurus,cross,round-robin-arbiter-aurus,16,20,0.6,0.7,0.4,0.7
aurus-nsga2-apportion|aurus,cross,round-robin-arbiter-aurus,17,20,0.4,0.8,0.5,0.8
aurus-nsga2-apportion|aurus,ctrl_x,round-robin-arbiter-aurus,16,20,0.85,0.8,0.95,0.85
aurus-nsga2-apportion|aurus,ctrl_y,round-robin-arbiter-aurus,16,20,0.8,0.35,0.75,0.85
aurus-nsga2-apportion|aurus,cross,round-robin-arbiter-aurus,18,20,0.5,0.95,0.15,0.7
aurus-nsga2-apportion|aurus,cross,round-robin-arbiter-aurus,19,20,0.35,1.0,0.4,0.6
aurus-nsga2-apportion|aurus,ctrl_x,round-robin-arbiter-aurus,18,20,0.75,0.8,0.95,0.75
aurus-nsga2-apportion|aurus,ctrl_y,round-robin-arbiter-aurus,18,20,0.9,0.55,1.0,0.9
aurus-nsga2-apportion|aurus,cross,round-robin-arbiter-aurus,20,20,0.35,0.9,0.9,0.85
aurus-nsga2-apportion|aurus,cross,round-robin-arbiter-aurus,21,20,0.65,0.95,0.7,0.7
aurus-nsga2-apportion|aurus,ctrl_x,round-robin-arbiter-aurus,20,20,0.9,0.85,0.8,0.95
aurus-nsga2-apportion|aurus,ctrl_y,round-robin-arbiter-aurus,20,20,0.35,0.75,0.3,0.8
aurus-nsga2-apportion|aurus,cross,round-robin-arbiter-aurus,22,20,0.55,0.7,0.45,0.6
aurus-nsga2-apportion|aurus,cross,round-robin-arbiter-aurus,23,20,0.55,0.85,0.25,0.6
aurus-nsga2-apportion|aurus,ctrl_x,round-robin-arbiter-aurus,22,20,0.9,0.75,0.95,0.65
aurus-nsga2-apportion|aurus,ctrl_y,round-robin-arbiter-aurus,22,20,0.95,0.7,0.7,0.9
aurus-nsga2-apportion|aurus,cross,round-robin-arbiter-aurus,24,20,0.65,0.95,0.7,0.8
aurus-nsga2-apportion|aurus,cross,round-robin-arbiter-aurus,25,20,0.85,0.65,0.85,0.95
aurus-nsga2-apportion|aurus,ctrl_x,round-robin-arbiter-aurus,24,20,0.75,0.8,0.7,0.7
aurus-nsga2-apportion|aurus,ctrl_y,round-robin-arbiter-aurus,24,20,0.7,0.9,0.55,0.85
aurus-nsga2-apportion|aurus,cross,round-robin-arbiter-aurus,26,20,0.3,1.0,0.2,0.9
aurus-nsga2-apportion|aurus,cross,round-robin-arbiter-aurus,27,20,0.65,0.85,0.2,0.25
aurus-nsga2-apportion|aurus,ctrl_x,round-robin-arbiter-aurus,26,20,0.45,0.9,0.65,0.8
aurus-nsga2-apportion|aurus,ctrl_y,round-robin-arbiter-aurus,26,20,0.9,0.95,0.8,0.8
aurus-nsga2-apportion|aurus,cross,round-robin-arbiter-aurus,28,20,0.5,0.85,0.3,0.65
aurus-nsga2-apportion|aurus,cross,round-robin-arbiter-aurus,29,20,0.4,0.65,0.35,0.75
aurus-nsga2-apportion|aurus,ctrl_x,round-robin-arbiter-aurus,28,20,0.65,0.7,0.7,0.65
aurus-nsga2-apportion|aurus,ctrl_y,round-robin-arbiter-aurus,28,20,0.65,0.75,0.65,0.7
mrs-nsga2-apportion|aurus,cross,simple-arbiter-aurus,2,20,0.75,0.5,0.25,0.25
mrs-nsga2-apportion|aurus,cross,simple-arbiter-aurus,3,20,1.0,0.45,0.7,0.3
mrs-nsga2-apportion|aurus,ctrl_x,simple-arbiter-aurus,2,20,0.6,0.95,0.85,0.9
mrs-nsga2-apportion|aurus,ctrl_y,simple-arbiter-aurus,2,20,0.75,0.85,0.85,0.85
mrs-nsga2-apportion|aurus,cross,simple-arbiter-aurus,6,20,0.9,0.5,0.45,0.4
mrs-nsga2-apportion|aurus,cross,simple-arbiter-aurus,7,20,1.0,0.6,0.55,0.3
mrs-nsga2-apportion|aurus,ctrl_x,simple-arbiter-aurus,6,20,0.7,1.0,0.65,0.95
mrs-nsga2-apportion|aurus,ctrl_y,simple-arbiter-aurus,6,20,0.8,0.8,0.7,1.0
mrs-nsga2-apportion|aurus,cross,simple-arbiter-aurus,22,20,1.0,0.65,0.65,0.2
mrs-nsga2-apportion|aurus,cross,simple-arbiter-aurus,23,20,0.95,0.7,0.8,0.35
mrs-nsga2-apportion|aurus,ctrl_x,simple-arbiter-aurus,22,20,0.6,0.9,0.3,0.65
mrs-nsga2-apportion|aurus,ctrl_y,simple-arbiter-aurus,22,20,0.75,0.95,0.75,0.85
mrs-nsga2-apportion|aurus,cross,simple-arbiter-aurus,26,20,0.6,0.5,0.65,0.35
mrs-nsga2-apportion|aurus,cross,simple-arbiter-aurus,27,20,0.95,0.6,0.75,0.35
mrs-nsga2-apportion|aurus,ctrl_x,simple-arbiter-aurus,26,20,0.8,0.9,0.8,0.75
mrs-nsga2-apportion|aurus,ctrl_y,simple-arbiter-aurus,26,20,0.55,0.8,1.0,0.75
mrs-nsga2-apportion|aurus,cross,simple-arbiter-aurus,28,20,0.75,0.95,0.7,0.65
mrs-nsga2-apportion|aurus,cross,simple-arbiter-aurus,29,20,0.9,0.55,0.55,0.7
mrs-nsga2-apportion|aurus,ctrl_x,simple-arbiter-aurus,28,20,0.95,1.0,0.9,0.8
mrs-nsga2-apportion|aurus,ctrl_y,simple-arbiter-aurus,28,20,1.0,0.95,0.65,0.45
mrs-nsga2-apportion|aurus-nsga2-apportion,cross,simple-arbiter-aurus,0,20,0.95,0.75,0.8,0.85
mrs-nsga2-apportion|aurus-nsga2-apportion,cross,simple-arbiter-aurus,1,20,0.95,0.85,0.85,0.85
mrs-nsga2-apportion|aurus-nsga2-apportion,ctrl_x,simple-arbiter-aurus,0,20,0.95,0.7,0.9,0.8
mrs-nsga2-apportion|aurus-nsga2-apportion,ctrl_y,simple-arbiter-aurus,0,20,0.95,0.7,0.9,0.7
mrs-nsga2-apportion|aurus-nsga2-apportion,cross,simple-arbiter-aurus,2,20,0.8,0.95,0.95,0.95
mrs-nsga2-apportion|aurus-nsga2-apportion,cross,simple-arbiter-aurus,3,20,1.0,0.6,0.95,0.85
mrs-nsga2-apportion|aurus-nsga2-apportion,ctrl_x,simple-arbiter-aurus,2,20,0.6,0.95,0.85,0.9
mrs-nsga2-apportion|aurus-nsga2-apportion,ctrl_y,simple-arbiter-aurus,2,20,0.95,0.85,1.0,0.65
mrs-nsga2-apportion|aurus-nsga2-apportion,cross,simple-arbiter-aurus,4,20,0.8,0.95,0.55,0.7
mrs-nsga2-apportion|aurus-nsga2-apportion,cross,simple-arbiter-aurus,5,20,0.95,1.0,1.0,0.75
mrs-nsga2-apportion|aurus-nsga2-apportion,ctrl_x,simple-arbiter-aurus,4,20,0.75,1.0,0.8,0.95
mrs-nsga2-apportion|aurus-nsga2-apportion,ctrl_y,simple-arbiter-aurus,4,20,1.0,0.9,0.8,0.55
mrs-nsga2-apportion|aurus-nsga2-apportion,cross,simple-arbiter-aurus,6,20,0.85,0.95,0.7,1.0
mrs-nsga2-apportion|aurus-nsga2-apportion,cross,simple-arbiter-aurus,7,20,1.0,0.7,1.0,0.95
mrs-nsga2-apportion|aurus-nsga2-apportion,ctrl_x,simple-arbiter-aurus,6,20,0.7,1.0,0.65,0.95
mrs-nsga2-apportion|aurus-nsga2-apportion,ctrl_y,simple-arbiter-aurus,6,20,0.85,0.85,0.95,0.95
mrs-nsga2-apportion|aurus-nsga2-apportion,cross,simple-arbiter-aurus,8,20,0.65,0.75,0.3,0.8
mrs-nsga2-apportion|aurus-nsga2-apportion,cross,simple-arbiter-aurus,9,20,1.0,0.25,0.8,0.35
mrs-nsga2-apportion|aurus-nsga2-apportion,ctrl_x,simple-arbiter-aurus,8,20,0.45,1.0,0.75,0.7
mrs-nsga2-apportion|aurus-nsga2-apportion,ctrl_y,simple-arbiter-aurus,8,20,0.55,0.85,0.25,0.75
mrs-nsga2-apportion|aurus-nsga2-apportion,cross,simple-arbiter-aurus,10,20,0.75,0.85,0.55,0.9
mrs-nsga2-apportion|aurus-nsga2-apportion,cross,simple-arbiter-aurus,11,20,0.75,0.8,0.95,1.0
mrs-nsga2-apportion|aurus-nsga2-apportion,ctrl_x,simple-arbiter-aurus,10,20,0.95,0.9,0.9,0.9
mrs-nsga2-apportion|aurus-nsga2-apportion,ctrl_y,simple-arbiter-aurus,10,20,0.75,0.85,1.0,0.9
mrs-nsga2-apportion|aurus-nsga2-apportion,cross,simple-arbiter-aurus,12,20,1.0,0.7,0.8,0.55
mrs-nsga2-apportion|aurus-nsga2-apportion,cross,simple-arbiter-aurus,13,20,0.95,0.8,0.95,0.85
mrs-nsga2-apportion|aurus-nsga2-apportion,ctrl_x,simple-arbiter-aurus,12,20,0.8,0.95,0.6,0.6
mrs-nsga2-apportion|aurus-nsga2-apportion,ctrl_y,simple-arbiter-aurus,12,20,0.8,0.95,0.8,0.7
mrs-nsga2-apportion|aurus-nsga2-apportion,cross,simple-arbiter-aurus,16,20,0.8,0.55,0.95,0.9
mrs-nsga2-apportion|aurus-nsga2-apportion,cross,simple-arbiter-aurus,17,20,0.95,0.9,1.0,1.0
mrs-nsga2-apportion|aurus-nsga2-apportion,ctrl_x,simple-arbiter-aurus,16,20,0.75,0.7,0.85,0.95
mrs-nsga2-apportion|aurus-nsga2-apportion,ctrl_y,simple-arbiter-aurus,16,20,0.8,1.0,0.85,1.0
mrs-nsga2-apportion|aurus-nsga2-apportion,cross,simple-arbiter-aurus,18,20,0.95,0.8,0.75,0.9
mrs-nsga2-apportion|aurus-nsga2-apportion,cross,simple-arbiter-aurus,19,20,0.9,0.65,0.8,0.9
mrs-nsga2-apportion|aurus-nsga2-apportion,ctrl_x,simple-arbiter-aurus,18,20,0.95,0.85,0.8,0.7
mrs-nsga2-apportion|aurus-nsga2-apportion,ctrl_y,simple-arbiter-aurus,18,20,0.45,0.9,0.7,0.75
mrs-nsga2-apportion|aurus-nsga2-apportion,cross,simple-arbiter-aurus,20,20,0.9,0.9,0.95,0.9
mrs-nsga2-apportion|aurus-nsga2-apportion,cross,simple-arbiter-aurus,21,20,0.85,0.45,0.9,0.7
mrs-nsga2-apportion|aurus-nsga2-apportion,ctrl_x,simple-arbiter-aurus,20,20,0.95,0.9,0.9,1.0
mrs-nsga2-apportion|aurus-nsga2-apportion,ctrl_y,simple-arbiter-aurus,20,20,0.9,0.9,0.65,0.85
mrs-nsga2-apportion|aurus-nsga2-apportion,cross,simple-arbiter-aurus,22,20,1.0,0.75,0.65,0.4
mrs-nsga2-apportion|aurus-nsga2-apportion,cross,simple-arbiter-aurus,23,20,0.8,0.9,0.7,0.7
mrs-nsga2-apportion|aurus-nsga2-apportion,ctrl_x,simple-arbiter-aurus,22,20,0.6,0.9,0.3,0.65
mrs-nsga2-apportion|aurus-nsga2-apportion,ctrl_y,simple-arbiter-aurus,22,20,0.85,0.95,0.75,0.75
mrs-nsga2-apportion|aurus-nsga2-apportion,cross,simple-arbiter-aurus,24,20,1.0,0.9,0.85,0.9
mrs-nsga2-apportion|aurus-nsga2-apportion,cross,simple-arbiter-aurus,25,20,0.85,0.9,0.45,0.85
mrs-nsga2-apportion|aurus-nsga2-apportion,ctrl_x,simple-arbiter-aurus,24,20,0.8,0.8,0.95,0.55
mrs-nsga2-apportion|aurus-nsga2-apportion,ctrl_y,simple-arbiter-aurus,24,20,0.8,0.95,0.95,0.95
mrs-nsga2-apportion|aurus-nsga2-apportion,cross,simple-arbiter-aurus,26,20,0.75,1.0,0.8,0.6
mrs-nsga2-apportion|aurus-nsga2-apportion,cross,simple-arbiter-aurus,27,20,0.9,0.8,0.85,0.55
mrs-nsga2-apportion|aurus-nsga2-apportion,ctrl_x,simple-arbiter-aurus,26,20,0.8,0.9,0.8,0.75
mrs-nsga2-apportion|aurus-nsga2-apportion,ctrl_y,simple-arbiter-aurus,26,20,0.9,0.9,0.6,0.8
mrs-nsga2-apportion|aurus-nsga2-apportion,cross,simple-arbiter-aurus,28,20,0.95,0.9,0.45,0.4
mrs-nsga2-apportion|aurus-nsga2-apportion,cross,simple-arbiter-aurus,29,20,0.95,0.95,0.95,1.0
mrs-nsga2-apportion|aurus-nsga2-apportion,ctrl_x,simple-arbiter-aurus,28,20,0.95,1.0,0.9,0.8
mrs-nsga2-apportion|aurus-nsga2-apportion,ctrl_y,simple-arbiter-aurus,28,20,0.8,0.8,0.7,0.6
mrs-nsga2-apportion|mrs-weighted,cross,simple-arbiter-aurus,0,20,0.8,1.0,0.55,0.9
mrs-nsga2-apportion|mrs-weighted,cross,simple-arbiter-aurus,1,20,0.9,0.95,0.7,0.7
mrs-nsga2-apportion|mrs-weighted,ctrl_x,simple-arbiter-aurus,0,20,0.95,0.7,0.9,0.8
mrs-nsga2-apportion|mrs-weighted,ctrl_y,simple-arbiter-aurus,0,20,0.9,0.75,0.7,0.55
mrs-nsga2-apportion|mrs-weighted,cross,simple-arbiter-aurus,2,20,0.65,0.95,0.85,0.9
mrs-nsga2-apportion|mrs-weighted,cross,simple-arbiter-aurus,3,20,0.85,1.0,0.6,0.75
mrs-nsga2-apportion|mrs-weighted,ctrl_x,simple-arbiter-aurus,2,20,0.6,0.95,0.85,0.9
mrs-nsga2-apportion|mrs-weighted,ctrl_y,simple-arbiter-aurus,2,20,1.0,0.75,0.9,0.9
mrs-nsga2-apportion|mrs-weighted,cross,simple-arbiter-aurus,4,20,0.95,0.5,0.5,0.8
mrs-nsga2-apportion|mrs-weighted,cross,simple-arbiter-aurus,5,20,0.85,0.85,0.55,0.9
mrs-nsga2-apportion|mrs-weighted,ctrl_x,simple-arbiter-aurus,4,20,0.75,1.0,0.8,0.95
mrs-nsga2-apportion|mrs-weighted,ctrl_y,simple-arbiter-aurus,4,20,0.95,0.95,0.95,0.85
mrs-nsga2-apportion|mrs-weighted,cross,simple-arbiter-aurus,6,20,1.0,0.9,0.5,0.95
mrs-nsga2-apportion|mrs-weighted,cross,simple-arbiter-aurus,7,20,1.0,0.9,0.7,0.35
mrs-nsga2-apportion|mrs-weighted,ctrl_x,simple-arbiter-aurus,6,20,0.7,1.0,0.65,0.95
mrs-nsga2-apportion|mrs-weighted,ctrl_y,simple-arbiter-aurus,6,20,1.0,0.9,0.5,0.4
mrs-nsga2-apportion|mrs-weighted,cross,simple-arbiter-aurus,8,20,0.8,0.95,0.45,0.75
mrs-nsga2-apportion|mrs-weighted,cross,simple-arbiter-aurus,9,20,0.9,0.9,0.55,0.65
mrs-nsga2-apportion|mrs-weighted,ctrl_x,simple-arbiter-aurus,8,20,0.45,1.0,0.75,0.7
mrs-nsga2-apportion|mrs-weighted,ctrl_y,simple-arbiter-aurus,8,20,0.35,0.8,0.35,0.4
mrs-nsga2-apportion|mrs-weighted,cross,simple-arbiter-aurus,10,20,0.9,0.95,0.8,0.85
mrs-nsga2-apportion|mrs-weighted,cross,simple-arbiter-aurus,11,20,0.85,1.0,0.5,0.95
mrs-nsga2-apportion|mrs-weighted,ctrl_x,simple-arbiter-aurus,10,20,0.8,0.85,0.85,0.95
mrs-nsga2-apportion|mrs-weighted,ctrl_y,simple-arbiter-aurus,10,20,1.0,0.95,0.85,0.9
mrs-nsga2-apportion|mrs-weighted,cross,simple-arbiter-aurus,12,20,0.9,1.0,0.4,1.0
mrs-nsga2-apportion|mrs-weighted,cross,simple-arbiter-aurus,13,20,0.95,0.9,0.55,0.45
mrs-nsga2-apportion|mrs-weighted,ctrl_x,simple-arbiter-aurus,12,20,0.8,0.95,0.6,0.6
mrs-nsga2-apportion|mrs-weighted,ctrl_y,simple-arbiter-aurus,12,20,1.0,1.0,0.85,0.5
mrs-nsga2-apportion|mrs-weighted,cross,simple-arbiter-aurus,14,20,1.0,0.75,0.85,0.5
mrs-nsga2-apportion|mrs-weighted,cross,simple-arbiter-aurus,15,20,0.85,0.9,0.75,0.8
mrs-nsga2-apportion|mrs-weighted,ctrl_x,simple-arbiter-aurus,14,20,1.0,0.8,0.75,0.9
mrs-nsga2-apportion|mrs-weighted,ctrl_y,simple-arbiter-aurus,14,20,0.95,0.9,0.95,0.75
mrs-nsga2-apportion|mrs-weighted,cross,simple-arbiter-aurus,16,20,0.6,0.9,0.75,0.85
mrs-nsga2-apportion|mrs-weighted,cross,simple-arbiter-aurus,17,20,0.85,0.85,0.9,0.65
mrs-nsga2-apportion|mrs-weighted,ctrl_x,simple-arbiter-aurus,16,20,0.75,0.7,0.85,0.95
mrs-nsga2-apportion|mrs-weighted,ctrl_y,simple-arbiter-aurus,16,20,0.9,0.65,0.75,0.9
mrs-nsga2-apportion|mrs-weighted,cross,simple-arbiter-aurus,18,20,0.9,0.85,0.95,0.95
mrs-nsga2-apportion|mrs-weighted,cross,simple-arbiter-aurus,19,20,0.75,1.0,0.8,0.75
mrs-nsga2-apportion|mrs-weighted,ctrl_x,simple-arbiter-aurus,18,20,0.95,0.85,0.8,0.7
mrs-nsga2-apportion|mrs-weighted,ctrl_y,simple-arbiter-aurus,18,20,0.95,0.95,0.65,0.95
mrs-nsga2-apportion|mrs-weighted,cross,simple-arbiter-aurus,20,20,0.85,0.85,0.45,0.6
mrs-nsga2-apportion|mrs-weighted,cross,simple-arbiter-aurus,21,20,0.65,0.95,1.0,0.9
mrs-nsga2-apportion|mrs-weighted,ctrl_x,simple-arbiter-aurus,20,20,0.95,0.9,0.9,1.0
mrs-nsga2-apportion|mrs-weighted,ctrl_y,simple-arbiter-aurus,20,20,0.9,0.8,0.65,0.55
mrs-nsga2-apportion|mrs-weighted,cross,simple-arbiter-aurus,22,20,1.0,0.7,0.35,0.65
mrs-nsga2-apportion|mrs-weighted,cross,simple-arbiter-aurus,23,20,0.75,0.85,0.3,0.5
mrs-nsga2-apportion|mrs-weighted,ctrl_x,simple-arbiter-aurus,22,20,0.6,0.9,0.3,0.65
mrs-nsga2-apportion|mrs-weighted,ctrl_y,simple-arbiter-aurus,22,20,0.9,0.75,1.0,0.65
mrs-nsga2-apportion|mrs-weighted,cross,simple-arbiter-aurus,24,20,0.75,1.0,1.0,0.9
mrs-nsga2-apportion|mrs-weighted,cross,simple-arbiter-aurus,25,20,0.85,0.95,0.3,0.9
mrs-nsga2-apportion|mrs-weighted,ctrl_x,simple-arbiter-aurus,24,20,0.8,0.8,0.95,0.55
mrs-nsga2-apportion|mrs-weighted,ctrl_y,simple-arbiter-aurus,24,20,0.7,0.55,0.3,0.75
mrs-nsga2-apportion|mrs-weighted,cross,simple-arbiter-aurus,26,20,0.75,0.9,0.35,0.75
mrs-nsga2-apportion|mrs-weighted,cross,simple-arbiter-aurus,27,20,0.75,0.95,0.4,0.85
mrs-nsga2-apportion|mrs-weighted,ctrl_x,simple-arbiter-aurus,26,20,0.8,0.9,0.8,0.75
mrs-nsga2-apportion|mrs-weighted,ctrl_y,simple-arbiter-aurus,26,20,0.9,1.0,0.7,0.85
mrs-nsga2-apportion|mrs-weighted,cross,simple-arbiter-aurus,28,20,0.8,0.85,0.7,0.6
mrs-nsga2-apportion|mrs-weighted,cross,simple-arbiter-aurus,29,20,0.65,0.9,0.9,0.75
mrs-nsga2-apportion|mrs-weighted,ctrl_x,simple-arbiter-aurus,28,20,0.95,1.0,0.9,0.8
mrs-nsga2-apportion|mrs-weighted,ctrl_y,simple-arbiter-aurus,28,20,0.85,0.95,0.9,1.0
aurus-nsga2-apportion|aurus,cross,simple-arbiter-aurus,2,20,0.55,0.4,0.3,0.15
aurus-nsga2-apportion|aurus,cross,simple-arbiter-aurus,3,20,0.95,0.55,0.55,0.3
aurus-nsga2-apportion|aurus,ctrl_x,simple-arbiter-aurus,2,20,0.9,0.9,1.0,0.6
aurus-nsga2-apportion|aurus,ctrl_y,simple-arbiter-aurus,2,20,0.75,0.85,0.85,0.85
aurus-nsga2-apportion|aurus,cross,simple-arbiter-aurus,6,20,0.95,0.55,0.7,0.45
aurus-nsga2-apportion|aurus,cross,simple-arbiter-aurus,7,20,0.5,0.6,0.75,0.45
aurus-nsga2-apportion|aurus,ctrl_x,simple-arbiter-aurus,6,20,0.75,0.9,0.95,1.0
aurus-nsga2-apportion|aurus,ctrl_y,simple-arbiter-aurus,6,20,0.8,0.8,0.7,1.0
aurus-nsga2-apportion|aurus,cross,simple-arbiter-aurus,22,20,0.9,0.55,0.35,0.35
aurus-nsga2-apportion|aurus,cross,simple-arbiter-aurus,23,20,0.35,0.4,0.5,0.35
aurus-nsga2-apportion|aurus,ctrl_x,simple-arbiter-aurus,22,20,0.85,0.95,0.4,0.95
aurus-nsga2-apportion|aurus,ctrl_y,simple-arbiter-aurus,22,20,0.75,0.95,0.75,0.85
aurus-nsga2-apportion|aurus,cross,simple-arbiter-aurus,26,20,0.8,0.05,0.25,0.1
aurus-nsga2-apportion|aurus,cross,simple-arbiter-aurus,27,20,0.9,0.5,0.65,0.4
aurus-nsga2-apportion|aurus,ctrl_x,simple-arbiter-aurus,26,20,0.9,0.8,0.65,0.6
aurus-nsga2-apportion|aurus,ctrl_y,simple-arbiter-aurus,26,20,0.55,0.8,1.0,0.75
aurus-nsga2-apportion|aurus,cross,simple-arbiter-aurus,28,20,0.7,0.9,0.9,0.65
aurus-nsga2-apportion|aurus,cross,simple-arbiter-aurus,29,20,0.9,0.65,0.35,0.35
aurus-nsga2-apportion|aurus,ctrl_x,simple-arbiter-aurus,28,20,0.75,0.9,0.8,0.9
aurus-nsga2-apportion|aurus,ctrl_y,simple-arbiter-aurus,28,20,1.0,0.95,0.65,0.45
